reference_date,target,horizon,target_end_date,location,output_type,output_type_id,value
2025-02-01,wk inc flu hosp,0,2025-02-01,01,quantile,0.01,158.61
2025-02-01,wk inc flu hosp,0,2025-02-01,01,quantile,0.025,178.162
2025-02-01,wk inc flu hosp,0,2025-02-01,01,quantile,0.05,198.839
2025-02-01,wk inc flu hosp,0,2025-02-01,01,quantile,0.1,226.702
2025-02-01,wk inc flu hosp,0,2025-02-01,01,quantile,0.15,242.139
2025-02-01,wk inc flu hosp,0,2025-02-01,01,quantile,0.2,253.994
2025-02-01,wk inc flu hosp,0,2025-02-01,01,quantile,0.25,265.809
2025-02-01,wk inc flu hosp,0,2025-02-01,01,quantile,0.3,278.528
2025-02-01,wk inc flu hosp,0,2025-02-01,01,quantile,0.35,286.286
2025-02-01,wk inc flu hosp,0,2025-02-01,01,quantile,0.4,294.708
2025-02-01,wk inc flu hosp,0,2025-02-01,01,quantile,0.45,305.0
2025-02-01,wk inc flu hosp,0,2025-02-01,01,quantile,0.5,316.419
2025-02-01,wk inc flu hosp,0,2025-02-01,01,quantile,0.55,328.525
2025-02-01,wk inc flu hosp,0,2025-02-01,01,quantile,0.6,341.769
2025-02-01,wk inc flu hosp,0,2025-02-01,01,quantile,0.65,352.707
2025-02-01,wk inc flu hosp,0,2025-02-01,01,quantile,0.7,365.586
2025-02-01,wk inc flu hosp,0,2025-02-01,01,quantile,0.75,378.629
2025-02-01,wk inc flu hosp,0,2025-02-01,01,quantile,0.8,392.046
2025-02-01,wk inc flu hosp,0,2025-02-01,01,quantile,0.85,407.16
2025-02-01,wk inc flu hosp,0,2025-02-01,01,quantile,0.9,448.253
2025-02-01,wk inc flu hosp,0,2025-02-01,01,quantile,0.95,504.39
2025-02-01,wk inc flu hosp,0,2025-02-01,01,quantile,0.975,552.744
2025-02-01,wk inc flu hosp,0,2025-02-01,01,quantile,0.99,619.831
2025-02-01,wk inc flu hosp,1,2025-02-08,01,quantile,0.01,58.507
2025-02-01,wk inc flu hosp,1,2025-02-08,01,quantile,0.025,82.757
2025-02-01,wk inc flu hosp,1,2025-02-08,01,quantile,0.05,96.69
2025-02-01,wk inc flu hosp,1,2025-02-08,01,quantile,0.1,115.611
2025-02-01,wk inc flu hosp,1,2025-02-08,01,quantile,0.15,124.882
2025-02-01,wk inc flu hosp,1,2025-02-08,01,quantile,0.2,136.644
2025-02-01,wk inc flu hosp,1,2025-02-08,01,quantile,0.25,145.521
2025-02-01,wk inc flu hosp,1,2025-02-08,01,quantile,0.3,155.462
2025-02-01,wk inc flu hosp,1,2025-02-08,01,quantile,0.35,162.897
2025-02-01,wk inc flu hosp,1,2025-02-08,01,quantile,0.4,171.35
2025-02-01,wk inc flu hosp,1,2025-02-08,01,quantile,0.45,178.8
2025-02-01,wk inc flu hosp,1,2025-02-08,01,quantile,0.5,186.182
2025-02-01,wk inc flu hosp,1,2025-02-08,01,quantile,0.55,197.787
2025-02-01,wk inc flu hosp,1,2025-02-08,01,quantile,0.6,207.628
2025-02-01,wk inc flu hosp,1,2025-02-08,01,quantile,0.65,217.228
2025-02-01,wk inc flu hosp,1,2025-02-08,01,quantile,0.7,223.481
2025-02-01,wk inc flu hosp,1,2025-02-08,01,quantile,0.75,236.195
2025-02-01,wk inc flu hosp,1,2025-02-08,01,quantile,0.8,250.362
2025-02-01,wk inc flu hosp,1,2025-02-08,01,quantile,0.85,269.066
2025-02-01,wk inc flu hosp,1,2025-02-08,01,quantile,0.9,293.941
2025-02-01,wk inc flu hosp,1,2025-02-08,01,quantile,0.95,348.46
2025-02-01,wk inc flu hosp,1,2025-02-08,01,quantile,0.975,427.768
2025-02-01,wk inc flu hosp,1,2025-02-08,01,quantile,0.99,544.137
2025-02-01,wk inc flu hosp,2,2025-02-15,01,quantile,0.01,19.749
2025-02-01,wk inc flu hosp,2,2025-02-15,01,quantile,0.025,34.246
2025-02-01,wk inc flu hosp,2,2025-02-15,01,quantile,0.05,40.53
2025-02-01,wk inc flu hosp,2,2025-02-15,01,quantile,0.1,51.289
2025-02-01,wk inc flu hosp,2,2025-02-15,01,quantile,0.15,59.159
2025-02-01,wk inc flu hosp,2,2025-02-15,01,quantile,0.2,65.509
2025-02-01,wk inc flu hosp,2,2025-02-15,01,quantile,0.25,70.767
2025-02-01,wk inc flu hosp,2,2025-02-15,01,quantile,0.3,77.398
2025-02-01,wk inc flu hosp,2,2025-02-15,01,quantile,0.35,82.497
2025-02-01,wk inc flu hosp,2,2025-02-15,01,quantile,0.4,86.254
2025-02-01,wk inc flu hosp,2,2025-02-15,01,quantile,0.45,92.691
2025-02-01,wk inc flu hosp,2,2025-02-15,01,quantile,0.5,98.128
2025-02-01,wk inc flu hosp,2,2025-02-15,01,quantile,0.55,104.337
2025-02-01,wk inc flu hosp,2,2025-02-15,01,quantile,0.6,112.115
2025-02-01,wk inc flu hosp,2,2025-02-15,01,quantile,0.65,119.656
2025-02-01,wk inc flu hosp,2,2025-02-15,01,quantile,0.7,124.681
2025-02-01,wk inc flu hosp,2,2025-02-15,01,quantile,0.75,134.663
2025-02-01,wk inc flu hosp,2,2025-02-15,01,quantile,0.8,144.898
2025-02-01,wk inc flu hosp,2,2025-02-15,01,quantile,0.85,156.859
2025-02-01,wk inc flu hosp,2,2025-02-15,01,quantile,0.9,172.066
2025-02-01,wk inc flu hosp,2,2025-02-15,01,quantile,0.95,220.465
2025-02-01,wk inc flu hosp,2,2025-02-15,01,quantile,0.975,272.609
2025-02-01,wk inc flu hosp,2,2025-02-15,01,quantile,0.99,366.857
2025-02-01,wk inc flu hosp,3,2025-02-22,01,quantile,0.01,6.358
2025-02-01,wk inc flu hosp,3,2025-02-22,01,quantile,0.025,12.747
2025-02-01,wk inc flu hosp,3,2025-02-22,01,quantile,0.05,15.858
2025-02-01,wk inc flu hosp,3,2025-02-22,01,quantile,0.1,21.57
2025-02-01,wk inc flu hosp,3,2025-02-22,01,quantile,0.15,26.173
2025-02-01,wk inc flu hosp,3,2025-02-22,01,quantile,0.2,29.471
2025-02-01,wk inc flu hosp,3,2025-02-22,01,quantile,0.25,32.477
2025-02-01,wk inc flu hosp,3,2025-02-22,01,quantile,0.3,35.361
2025-02-01,wk inc flu hosp,3,2025-02-22,01,quantile,0.35,38.757
2025-02-01,wk inc flu hosp,3,2025-02-22,01,quantile,0.4,41.19
2025-02-01,wk inc flu hosp,3,2025-02-22,01,quantile,0.45,44.686
2025-02-01,wk inc flu hosp,3,2025-02-22,01,quantile,0.5,48.933
2025-02-01,wk inc flu hosp,3,2025-02-22,01,quantile,0.55,53.164
2025-02-01,wk inc flu hosp,3,2025-02-22,01,quantile,0.6,57.385
2025-02-01,wk inc flu hosp,3,2025-02-22,01,quantile,0.65,61.808
2025-02-01,wk inc flu hosp,3,2025-02-22,01,quantile,0.7,67.158
2025-02-01,wk inc flu hosp,3,2025-02-22,01,quantile,0.75,73.584
2025-02-01,wk inc flu hosp,3,2025-02-22,01,quantile,0.8,80.431
2025-02-01,wk inc flu hosp,3,2025-02-22,01,quantile,0.85,89.351
2025-02-01,wk inc flu hosp,3,2025-02-22,01,quantile,0.9,104.11
2025-02-01,wk inc flu hosp,3,2025-02-22,01,quantile,0.95,143.592
2025-02-01,wk inc flu hosp,3,2025-02-22,01,quantile,0.975,215.698
2025-02-01,wk inc flu hosp,3,2025-02-22,01,quantile,0.99,315.739
2025-02-01,wk inc flu hosp,0,2025-02-01,02,quantile,0.01,1.363
2025-02-01,wk inc flu hosp,0,2025-02-01,02,quantile,0.025,2.778
2025-02-01,wk inc flu hosp,0,2025-02-01,02,quantile,0.05,4.575
2025-02-01,wk inc flu hosp,0,2025-02-01,02,quantile,0.1,6.333
2025-02-01,wk inc flu hosp,0,2025-02-01,02,quantile,0.15,7.917
2025-02-01,wk inc flu hosp,0,2025-02-01,02,quantile,0.2,9.382
2025-02-01,wk inc flu hosp,0,2025-02-01,02,quantile,0.25,10.438
2025-02-01,wk inc flu hosp,0,2025-02-01,02,quantile,0.3,11.536
2025-02-01,wk inc flu hosp,0,2025-02-01,02,quantile,0.35,12.78
2025-02-01,wk inc flu hosp,0,2025-02-01,02,quantile,0.4,13.853
2025-02-01,wk inc flu hosp,0,2025-02-01,02,quantile,0.45,14.837
2025-02-01,wk inc flu hosp,0,2025-02-01,02,quantile,0.5,15.899
2025-02-01,wk inc flu hosp,0,2025-02-01,02,quantile,0.55,16.989
2025-02-01,wk inc flu hosp,0,2025-02-01,02,quantile,0.6,18.853
2025-02-01,wk inc flu hosp,0,2025-02-01,02,quantile,0.65,19.599
2025-02-01,wk inc flu hosp,0,2025-02-01,02,quantile,0.7,21.25
2025-02-01,wk inc flu hosp,0,2025-02-01,02,quantile,0.75,22.973
2025-02-01,wk inc flu hosp,0,2025-02-01,02,quantile,0.8,24.651
2025-02-01,wk inc flu hosp,0,2025-02-01,02,quantile,0.85,27.086
2025-02-01,wk inc flu hosp,0,2025-02-01,02,quantile,0.9,30.469
2025-02-01,wk inc flu hosp,0,2025-02-01,02,quantile,0.95,35.633
2025-02-01,wk inc flu hosp,0,2025-02-01,02,quantile,0.975,41.905
2025-02-01,wk inc flu hosp,0,2025-02-01,02,quantile,0.99,54.967
2025-02-01,wk inc flu hosp,1,2025-02-08,02,quantile,0.01,0.599
2025-02-01,wk inc flu hosp,1,2025-02-08,02,quantile,0.025,1.024
2025-02-01,wk inc flu hosp,1,2025-02-08,02,quantile,0.05,1.661
2025-02-01,wk inc flu hosp,1,2025-02-08,02,quantile,0.1,2.988
2025-02-01,wk inc flu hosp,1,2025-02-08,02,quantile,0.15,4.041
2025-02-01,wk inc flu hosp,1,2025-02-08,02,quantile,0.2,5.018
2025-02-01,wk inc flu hosp,1,2025-02-08,02,quantile,0.25,5.94
2025-02-01,wk inc flu hosp,1,2025-02-08,02,quantile,0.3,6.79
2025-02-01,wk inc flu hosp,1,2025-02-08,02,quantile,0.35,7.519
2025-02-01,wk inc flu hosp,1,2025-02-08,02,quantile,0.4,8.346
2025-02-01,wk inc flu hosp,1,2025-02-08,02,quantile,0.45,9.291
2025-02-01,wk inc flu hosp,1,2025-02-08,02,quantile,0.5,10.231
2025-02-01,wk inc flu hosp,1,2025-02-08,02,quantile,0.55,11.398
2025-02-01,wk inc flu hosp,1,2025-02-08,02,quantile,0.6,12.306
2025-02-01,wk inc flu hosp,1,2025-02-08,02,quantile,0.65,13.568
2025-02-01,wk inc flu hosp,1,2025-02-08,02,quantile,0.7,15.221
2025-02-01,wk inc flu hosp,1,2025-02-08,02,quantile,0.75,16.294
2025-02-01,wk inc flu hosp,1,2025-02-08,02,quantile,0.8,17.925
2025-02-01,wk inc flu hosp,1,2025-02-08,02,quantile,0.85,20.286
2025-02-01,wk inc flu hosp,1,2025-02-08,02,quantile,0.9,22.844
2025-02-01,wk inc flu hosp,1,2025-02-08,02,quantile,0.95,28.338
2025-02-01,wk inc flu hosp,1,2025-02-08,02,quantile,0.975,34.632
2025-02-01,wk inc flu hosp,1,2025-02-08,02,quantile,0.99,46.106
2025-02-01,wk inc flu hosp,2,2025-02-15,02,quantile,0.01,0.177
2025-02-01,wk inc flu hosp,2,2025-02-15,02,quantile,0.025,0.308
2025-02-01,wk inc flu hosp,2,2025-02-15,02,quantile,0.05,0.626
2025-02-01,wk inc flu hosp,2,2025-02-15,02,quantile,0.1,1.342
2025-02-01,wk inc flu hosp,2,2025-02-15,02,quantile,0.15,2.008
2025-02-01,wk inc flu hosp,2,2025-02-15,02,quantile,0.2,2.641
2025-02-01,wk inc flu hosp,2,2025-02-15,02,quantile,0.25,3.221
2025-02-01,wk inc flu hosp,2,2025-02-15,02,quantile,0.3,3.838
2025-02-01,wk inc flu hosp,2,2025-02-15,02,quantile,0.35,4.473
2025-02-01,wk inc flu hosp,2,2025-02-15,02,quantile,0.4,5.009
2025-02-01,wk inc flu hosp,2,2025-02-15,02,quantile,0.45,5.733
2025-02-01,wk inc flu hosp,2,2025-02-15,02,quantile,0.5,6.579
2025-02-01,wk inc flu hosp,2,2025-02-15,02,quantile,0.55,7.241
2025-02-01,wk inc flu hosp,2,2025-02-15,02,quantile,0.6,8.127
2025-02-01,wk inc flu hosp,2,2025-02-15,02,quantile,0.65,8.93
2025-02-01,wk inc flu hosp,2,2025-02-15,02,quantile,0.7,10.258
2025-02-01,wk inc flu hosp,2,2025-02-15,02,quantile,0.75,11.601
2025-02-01,wk inc flu hosp,2,2025-02-15,02,quantile,0.8,13.257
2025-02-01,wk inc flu hosp,2,2025-02-15,02,quantile,0.85,14.694
2025-02-01,wk inc flu hosp,2,2025-02-15,02,quantile,0.9,16.925
2025-02-01,wk inc flu hosp,2,2025-02-15,02,quantile,0.95,21.758
2025-02-01,wk inc flu hosp,2,2025-02-15,02,quantile,0.975,30.486
2025-02-01,wk inc flu hosp,2,2025-02-15,02,quantile,0.99,55.154
2025-02-01,wk inc flu hosp,3,2025-02-22,02,quantile,0.01,0.048
2025-02-01,wk inc flu hosp,3,2025-02-22,02,quantile,0.025,0.108
2025-02-01,wk inc flu hosp,3,2025-02-22,02,quantile,0.05,0.232
2025-02-01,wk inc flu hosp,3,2025-02-22,02,quantile,0.1,0.599
2025-02-01,wk inc flu hosp,3,2025-02-22,02,quantile,0.15,0.94
2025-02-01,wk inc flu hosp,3,2025-02-22,02,quantile,0.2,1.369
2025-02-01,wk inc flu hosp,3,2025-02-22,02,quantile,0.25,1.759
2025-02-01,wk inc flu hosp,3,2025-02-22,02,quantile,0.3,2.163
2025-02-01,wk inc flu hosp,3,2025-02-22,02,quantile,0.35,2.677
2025-02-01,wk inc flu hosp,3,2025-02-22,02,quantile,0.4,2.998
2025-02-01,wk inc flu hosp,3,2025-02-22,02,quantile,0.45,3.521
2025-02-01,wk inc flu hosp,3,2025-02-22,02,quantile,0.5,4.053
2025-02-01,wk inc flu hosp,3,2025-02-22,02,quantile,0.55,4.611
2025-02-01,wk inc flu hosp,3,2025-02-22,02,quantile,0.6,5.227
2025-02-01,wk inc flu hosp,3,2025-02-22,02,quantile,0.65,6.064
2025-02-01,wk inc flu hosp,3,2025-02-22,02,quantile,0.7,6.804
2025-02-01,wk inc flu hosp,3,2025-02-22,02,quantile,0.75,7.846
2025-02-01,wk inc flu hosp,3,2025-02-22,02,quantile,0.8,9.227
2025-02-01,wk inc flu hosp,3,2025-02-22,02,quantile,0.85,10.471
2025-02-01,wk inc flu hosp,3,2025-02-22,02,quantile,0.9,12.28
2025-02-01,wk inc flu hosp,3,2025-02-22,02,quantile,0.95,16.138
2025-02-01,wk inc flu hosp,3,2025-02-22,02,quantile,0.975,22.745
2025-02-01,wk inc flu hosp,3,2025-02-22,02,quantile,0.99,55.79
2025-02-01,wk inc flu hosp,0,2025-02-01,04,quantile,0.01,101.685
2025-02-01,wk inc flu hosp,0,2025-02-01,04,quantile,0.025,139.343
2025-02-01,wk inc flu hosp,0,2025-02-01,04,quantile,0.05,166.138
2025-02-01,wk inc flu hosp,0,2025-02-01,04,quantile,0.1,200.209
2025-02-01,wk inc flu hosp,0,2025-02-01,04,quantile,0.15,225.183
2025-02-01,wk inc flu hosp,0,2025-02-01,04,quantile,0.2,244.013
2025-02-01,wk inc flu hosp,0,2025-02-01,04,quantile,0.25,259.451
2025-02-01,wk inc flu hosp,0,2025-02-01,04,quantile,0.3,273.481
2025-02-01,wk inc flu hosp,0,2025-02-01,04,quantile,0.35,289.914
2025-02-01,wk inc flu hosp,0,2025-02-01,04,quantile,0.4,300.36
2025-02-01,wk inc flu hosp,0,2025-02-01,04,quantile,0.45,312.27
2025-02-01,wk inc flu hosp,0,2025-02-01,04,quantile,0.5,323.982
2025-02-01,wk inc flu hosp,0,2025-02-01,04,quantile,0.55,338.176
2025-02-01,wk inc flu hosp,0,2025-02-01,04,quantile,0.6,350.081
2025-02-01,wk inc flu hosp,0,2025-02-01,04,quantile,0.65,363.911
2025-02-01,wk inc flu hosp,0,2025-02-01,04,quantile,0.7,376.188
2025-02-01,wk inc flu hosp,0,2025-02-01,04,quantile,0.75,393.118
2025-02-01,wk inc flu hosp,0,2025-02-01,04,quantile,0.8,412.671
2025-02-01,wk inc flu hosp,0,2025-02-01,04,quantile,0.85,433.106
2025-02-01,wk inc flu hosp,0,2025-02-01,04,quantile,0.9,461.752
2025-02-01,wk inc flu hosp,0,2025-02-01,04,quantile,0.95,526.436
2025-02-01,wk inc flu hosp,0,2025-02-01,04,quantile,0.975,674.383
2025-02-01,wk inc flu hosp,0,2025-02-01,04,quantile,0.99,863.234
2025-02-01,wk inc flu hosp,1,2025-02-08,04,quantile,0.01,41.539
2025-02-01,wk inc flu hosp,1,2025-02-08,04,quantile,0.025,57.024
2025-02-01,wk inc flu hosp,1,2025-02-08,04,quantile,0.05,73.269
2025-02-01,wk inc flu hosp,1,2025-02-08,04,quantile,0.1,93.566
2025-02-01,wk inc flu hosp,1,2025-02-08,04,quantile,0.15,106.336
2025-02-01,wk inc flu hosp,1,2025-02-08,04,quantile,0.2,119.36
2025-02-01,wk inc flu hosp,1,2025-02-08,04,quantile,0.25,130.71
2025-02-01,wk inc flu hosp,1,2025-02-08,04,quantile,0.3,142.352
2025-02-01,wk inc flu hosp,1,2025-02-08,04,quantile,0.35,150.787
2025-02-01,wk inc flu hosp,1,2025-02-08,04,quantile,0.4,160.661
2025-02-01,wk inc flu hosp,1,2025-02-08,04,quantile,0.45,168.912
2025-02-01,wk inc flu hosp,1,2025-02-08,04,quantile,0.5,178.412
2025-02-01,wk inc flu hosp,1,2025-02-08,04,quantile,0.55,189.14
2025-02-01,wk inc flu hosp,1,2025-02-08,04,quantile,0.6,197.763
2025-02-01,wk inc flu hosp,1,2025-02-08,04,quantile,0.65,209.36
2025-02-01,wk inc flu hosp,1,2025-02-08,04,quantile,0.7,220.168
2025-02-01,wk inc flu hosp,1,2025-02-08,04,quantile,0.75,226.271
2025-02-01,wk inc flu hosp,1,2025-02-08,04,quantile,0.8,240.568
2025-02-01,wk inc flu hosp,1,2025-02-08,04,quantile,0.85,258.048
2025-02-01,wk inc flu hosp,1,2025-02-08,04,quantile,0.9,276.438
2025-02-01,wk inc flu hosp,1,2025-02-08,04,quantile,0.95,321.654
2025-02-01,wk inc flu hosp,1,2025-02-08,04,quantile,0.975,412.799
2025-02-01,wk inc flu hosp,1,2025-02-08,04,quantile,0.99,802.203
2025-02-01,wk inc flu hosp,2,2025-02-15,04,quantile,0.01,13.99
2025-02-01,wk inc flu hosp,2,2025-02-15,04,quantile,0.025,21.396
2025-02-01,wk inc flu hosp,2,2025-02-15,04,quantile,0.05,29.108
2025-02-01,wk inc flu hosp,2,2025-02-15,04,quantile,0.1,40.7
2025-02-01,wk inc flu hosp,2,2025-02-15,04,quantile,0.15,47.9
2025-02-01,wk inc flu hosp,2,2025-02-15,04,quantile,0.2,55.202
2025-02-01,wk inc flu hosp,2,2025-02-15,04,quantile,0.25,63.141
2025-02-01,wk inc flu hosp,2,2025-02-15,04,quantile,0.3,69.074
2025-02-01,wk inc flu hosp,2,2025-02-15,04,quantile,0.35,74.996
2025-02-01,wk inc flu hosp,2,2025-02-15,04,quantile,0.4,80.942
2025-02-01,wk inc flu hosp,2,2025-02-15,04,quantile,0.45,87.719
2025-02-01,wk inc flu hosp,2,2025-02-15,04,quantile,0.5,94.176
2025-02-01,wk inc flu hosp,2,2025-02-15,04,quantile,0.55,101.06
2025-02-01,wk inc flu hosp,2,2025-02-15,04,quantile,0.6,106.05
2025-02-01,wk inc flu hosp,2,2025-02-15,04,quantile,0.65,114.101
2025-02-01,wk inc flu hosp,2,2025-02-15,04,quantile,0.7,122.645
2025-02-01,wk inc flu hosp,2,2025-02-15,04,quantile,0.75,128.848
2025-02-01,wk inc flu hosp,2,2025-02-15,04,quantile,0.8,139.015
2025-02-01,wk inc flu hosp,2,2025-02-15,04,quantile,0.85,147.276
2025-02-01,wk inc flu hosp,2,2025-02-15,04,quantile,0.9,166.364
2025-02-01,wk inc flu hosp,2,2025-02-15,04,quantile,0.95,204.484
2025-02-01,wk inc flu hosp,2,2025-02-15,04,quantile,0.975,251.351
2025-02-01,wk inc flu hosp,2,2025-02-15,04,quantile,0.99,797.137
2025-02-01,wk inc flu hosp,3,2025-02-22,04,quantile,0.01,4.431
2025-02-01,wk inc flu hosp,3,2025-02-22,04,quantile,0.025,8.164
2025-02-01,wk inc flu hosp,3,2025-02-22,04,quantile,0.05,12.086
2025-02-01,wk inc flu hosp,3,2025-02-22,04,quantile,0.1,17.366
2025-02-01,wk inc flu hosp,3,2025-02-22,04,quantile,0.15,21.283
2025-02-01,wk inc flu hosp,3,2025-02-22,04,quantile,0.2,25.898
2025-02-01,wk inc flu hosp,3,2025-02-22,04,quantile,0.25,30.049
2025-02-01,wk inc flu hosp,3,2025-02-22,04,quantile,0.3,33.953
2025-02-01,wk inc flu hosp,3,2025-02-22,04,quantile,0.35,37.405
2025-02-01,wk inc flu hosp,3,2025-02-22,04,quantile,0.4,41.353
2025-02-01,wk inc flu hosp,3,2025-02-22,04,quantile,0.45,44.883
2025-02-01,wk inc flu hosp,3,2025-02-22,04,quantile,0.5,49.274
2025-02-01,wk inc flu hosp,3,2025-02-22,04,quantile,0.55,53.565
2025-02-01,wk inc flu hosp,3,2025-02-22,04,quantile,0.6,57.163
2025-02-01,wk inc flu hosp,3,2025-02-22,04,quantile,0.65,62.439
2025-02-01,wk inc flu hosp,3,2025-02-22,04,quantile,0.7,67.335
2025-02-01,wk inc flu hosp,3,2025-02-22,04,quantile,0.75,73.399
2025-02-01,wk inc flu hosp,3,2025-02-22,04,quantile,0.8,79.798
2025-02-01,wk inc flu hosp,3,2025-02-22,04,quantile,0.85,85.023
2025-02-01,wk inc flu hosp,3,2025-02-22,04,quantile,0.9,98.884
2025-02-01,wk inc flu hosp,3,2025-02-22,04,quantile,0.95,128.498
2025-02-01,wk inc flu hosp,3,2025-02-22,04,quantile,0.975,178.484
2025-02-01,wk inc flu hosp,3,2025-02-22,04,quantile,0.99,533.59
2025-02-01,wk inc flu hosp,0,2025-02-01,05,quantile,0.01,78.265
2025-02-01,wk inc flu hosp,0,2025-02-01,05,quantile,0.025,97.716
2025-02-01,wk inc flu hosp,0,2025-02-01,05,quantile,0.05,112.299
2025-02-01,wk inc flu hosp,0,2025-02-01,05,quantile,0.1,131.724
2025-02-01,wk inc flu hosp,0,2025-02-01,05,quantile,0.15,148.604
2025-02-01,wk inc flu hosp,0,2025-02-01,05,quantile,0.2,160.227
2025-02-01,wk inc flu hosp,0,2025-02-01,05,quantile,0.25,171.981
2025-02-01,wk inc flu hosp,0,2025-02-01,05,quantile,0.3,180.397
2025-02-01,wk inc flu hosp,0,2025-02-01,05,quantile,0.35,190.039
2025-02-01,wk inc flu hosp,0,2025-02-01,05,quantile,0.4,200.932
2025-02-01,wk inc flu hosp,0,2025-02-01,05,quantile,0.45,209.307
2025-02-01,wk inc flu hosp,0,2025-02-01,05,quantile,0.5,220.094
2025-02-01,wk inc flu hosp,0,2025-02-01,05,quantile,0.55,232.783
2025-02-01,wk inc flu hosp,0,2025-02-01,05,quantile,0.6,241.514
2025-02-01,wk inc flu hosp,0,2025-02-01,05,quantile,0.65,250.168
2025-02-01,wk inc flu hosp,0,2025-02-01,05,quantile,0.7,260.72
2025-02-01,wk inc flu hosp,0,2025-02-01,05,quantile,0.75,272.231
2025-02-01,wk inc flu hosp,0,2025-02-01,05,quantile,0.8,290.89
2025-02-01,wk inc flu hosp,0,2025-02-01,05,quantile,0.85,314.431
2025-02-01,wk inc flu hosp,0,2025-02-01,05,quantile,0.9,342.6
2025-02-01,wk inc flu hosp,0,2025-02-01,05,quantile,0.95,391.862
2025-02-01,wk inc flu hosp,0,2025-02-01,05,quantile,0.975,451.449
2025-02-01,wk inc flu hosp,0,2025-02-01,05,quantile,0.99,556.449
2025-02-01,wk inc flu hosp,1,2025-02-08,05,quantile,0.01,40.329
2025-02-01,wk inc flu hosp,1,2025-02-08,05,quantile,0.025,52.179
2025-02-01,wk inc flu hosp,1,2025-02-08,05,quantile,0.05,64.012
2025-02-01,wk inc flu hosp,1,2025-02-08,05,quantile,0.1,82.051
2025-02-01,wk inc flu hosp,1,2025-02-08,05,quantile,0.15,95.453
2025-02-01,wk inc flu hosp,1,2025-02-08,05,quantile,0.2,106.111
2025-02-01,wk inc flu hosp,1,2025-02-08,05,quantile,0.25,117.068
2025-02-01,wk inc flu hosp,1,2025-02-08,05,quantile,0.3,127.479
2025-02-01,wk inc flu hosp,1,2025-02-08,05,quantile,0.35,137.306
2025-02-01,wk inc flu hosp,1,2025-02-08,05,quantile,0.4,147.698
2025-02-01,wk inc flu hosp,1,2025-02-08,05,quantile,0.45,158.776
2025-02-01,wk inc flu hosp,1,2025-02-08,05,quantile,0.5,170.103
2025-02-01,wk inc flu hosp,1,2025-02-08,05,quantile,0.55,179.294
2025-02-01,wk inc flu hosp,1,2025-02-08,05,quantile,0.6,189.951
2025-02-01,wk inc flu hosp,1,2025-02-08,05,quantile,0.65,197.232
2025-02-01,wk inc flu hosp,1,2025-02-08,05,quantile,0.7,210.519
2025-02-01,wk inc flu hosp,1,2025-02-08,05,quantile,0.75,220.977
2025-02-01,wk inc flu hosp,1,2025-02-08,05,quantile,0.8,236.645
2025-02-01,wk inc flu hosp,1,2025-02-08,05,quantile,0.85,261.945
2025-02-01,wk inc flu hosp,1,2025-02-08,05,quantile,0.9,297.757
2025-02-01,wk inc flu hosp,1,2025-02-08,05,quantile,0.95,348.851
2025-02-01,wk inc flu hosp,1,2025-02-08,05,quantile,0.975,401.041
2025-02-01,wk inc flu hosp,1,2025-02-08,05,quantile,0.99,526.968
2025-02-01,wk inc flu hosp,2,2025-02-15,05,quantile,0.01,16.432
2025-02-01,wk inc flu hosp,2,2025-02-15,05,quantile,0.025,24.269
2025-02-01,wk inc flu hosp,2,2025-02-15,05,quantile,0.05,33.933
2025-02-01,wk inc flu hosp,2,2025-02-15,05,quantile,0.1,45.371
2025-02-01,wk inc flu hosp,2,2025-02-15,05,quantile,0.15,55.641
2025-02-01,wk inc flu hosp,2,2025-02-15,05,quantile,0.2,65.422
2025-02-01,wk inc flu hosp,2,2025-02-15,05,quantile,0.25,73.453
2025-02-01,wk inc flu hosp,2,2025-02-15,05,quantile,0.3,79.739
2025-02-01,wk inc flu hosp,2,2025-02-15,05,quantile,0.35,87.537
2025-02-01,wk inc flu hosp,2,2025-02-15,05,quantile,0.4,96.989
2025-02-01,wk inc flu hosp,2,2025-02-15,05,quantile,0.45,107.871
2025-02-01,wk inc flu hosp,2,2025-02-15,05,quantile,0.5,117.464
2025-02-01,wk inc flu hosp,2,2025-02-15,05,quantile,0.55,125.569
2025-02-01,wk inc flu hosp,2,2025-02-15,05,quantile,0.6,133.361
2025-02-01,wk inc flu hosp,2,2025-02-15,05,quantile,0.65,143.874
2025-02-01,wk inc flu hosp,2,2025-02-15,05,quantile,0.7,148.8
2025-02-01,wk inc flu hosp,2,2025-02-15,05,quantile,0.75,162.648
2025-02-01,wk inc flu hosp,2,2025-02-15,05,quantile,0.8,176.335
2025-02-01,wk inc flu hosp,2,2025-02-15,05,quantile,0.85,197.83
2025-02-01,wk inc flu hosp,2,2025-02-15,05,quantile,0.9,223.577
2025-02-01,wk inc flu hosp,2,2025-02-15,05,quantile,0.95,277.178
2025-02-01,wk inc flu hosp,2,2025-02-15,05,quantile,0.975,333.855
2025-02-01,wk inc flu hosp,2,2025-02-15,05,quantile,0.99,417.991
2025-02-01,wk inc flu hosp,3,2025-02-22,05,quantile,0.01,6.408
2025-02-01,wk inc flu hosp,3,2025-02-22,05,quantile,0.025,11.101
2025-02-01,wk inc flu hosp,3,2025-02-22,05,quantile,0.05,15.975
2025-02-01,wk inc flu hosp,3,2025-02-22,05,quantile,0.1,24.364
2025-02-01,wk inc flu hosp,3,2025-02-22,05,quantile,0.15,30.742
2025-02-01,wk inc flu hosp,3,2025-02-22,05,quantile,0.2,36.355
2025-02-01,wk inc flu hosp,3,2025-02-22,05,quantile,0.25,41.207
2025-02-01,wk inc flu hosp,3,2025-02-22,05,quantile,0.3,47.118
2025-02-01,wk inc flu hosp,3,2025-02-22,05,quantile,0.35,52.594
2025-02-01,wk inc flu hosp,3,2025-02-22,05,quantile,0.4,59.298
2025-02-01,wk inc flu hosp,3,2025-02-22,05,quantile,0.45,66.146
2025-02-01,wk inc flu hosp,3,2025-02-22,05,quantile,0.5,71.871
2025-02-01,wk inc flu hosp,3,2025-02-22,05,quantile,0.55,79.074
2025-02-01,wk inc flu hosp,3,2025-02-22,05,quantile,0.6,86.587
2025-02-01,wk inc flu hosp,3,2025-02-22,05,quantile,0.65,94.064
2025-02-01,wk inc flu hosp,3,2025-02-22,05,quantile,0.7,100.176
2025-02-01,wk inc flu hosp,3,2025-02-22,05,quantile,0.75,111.038
2025-02-01,wk inc flu hosp,3,2025-02-22,05,quantile,0.8,121.682
2025-02-01,wk inc flu hosp,3,2025-02-22,05,quantile,0.85,135.039
2025-02-01,wk inc flu hosp,3,2025-02-22,05,quantile,0.9,158.806
2025-02-01,wk inc flu hosp,3,2025-02-22,05,quantile,0.95,206.978
2025-02-01,wk inc flu hosp,3,2025-02-22,05,quantile,0.975,258.115
2025-02-01,wk inc flu hosp,3,2025-02-22,05,quantile,0.99,313.914
2025-02-01,wk inc flu hosp,0,2025-02-01,06,quantile,0.01,970.092
2025-02-01,wk inc flu hosp,0,2025-02-01,06,quantile,0.025,1141.317
2025-02-01,wk inc flu hosp,0,2025-02-01,06,quantile,0.05,1296.539
2025-02-01,wk inc flu hosp,0,2025-02-01,06,quantile,0.1,1514.951
2025-02-01,wk inc flu hosp,0,2025-02-01,06,quantile,0.15,1690.013
2025-02-01,wk inc flu hosp,0,2025-02-01,06,quantile,0.2,1841.134
2025-02-01,wk inc flu hosp,0,2025-02-01,06,quantile,0.25,1964.9
2025-02-01,wk inc flu hosp,0,2025-02-01,06,quantile,0.3,2055.997
2025-02-01,wk inc flu hosp,0,2025-02-01,06,quantile,0.35,2149.972
2025-02-01,wk inc flu hosp,0,2025-02-01,06,quantile,0.4,2254.529
2025-02-01,wk inc flu hosp,0,2025-02-01,06,quantile,0.45,2337.67
2025-02-01,wk inc flu hosp,0,2025-02-01,06,quantile,0.5,2431.275
2025-02-01,wk inc flu hosp,0,2025-02-01,06,quantile,0.55,2531.266
2025-02-01,wk inc flu hosp,0,2025-02-01,06,quantile,0.6,2622.96
2025-02-01,wk inc flu hosp,0,2025-02-01,06,quantile,0.65,2701.03
2025-02-01,wk inc flu hosp,0,2025-02-01,06,quantile,0.7,2853.014
2025-02-01,wk inc flu hosp,0,2025-02-01,06,quantile,0.75,2962.552
2025-02-01,wk inc flu hosp,0,2025-02-01,06,quantile,0.8,3117.719
2025-02-01,wk inc flu hosp,0,2025-02-01,06,quantile,0.85,3322.45
2025-02-01,wk inc flu hosp,0,2025-02-01,06,quantile,0.9,3588.272
2025-02-01,wk inc flu hosp,0,2025-02-01,06,quantile,0.95,4238.197
2025-02-01,wk inc flu hosp,0,2025-02-01,06,quantile,0.975,5556.235
2025-02-01,wk inc flu hosp,0,2025-02-01,06,quantile,0.99,7018.955
2025-02-01,wk inc flu hosp,1,2025-02-08,06,quantile,0.01,426.311
2025-02-01,wk inc flu hosp,1,2025-02-08,06,quantile,0.025,511.297
2025-02-01,wk inc flu hosp,1,2025-02-08,06,quantile,0.05,670.373
2025-02-01,wk inc flu hosp,1,2025-02-08,06,quantile,0.1,874.604
2025-02-01,wk inc flu hosp,1,2025-02-08,06,quantile,0.15,988.547
2025-02-01,wk inc flu hosp,1,2025-02-08,06,quantile,0.2,1115.115
2025-02-01,wk inc flu hosp,1,2025-02-08,06,quantile,0.25,1206.186
2025-02-01,wk inc flu hosp,1,2025-02-08,06,quantile,0.3,1315.292
2025-02-01,wk inc flu hosp,1,2025-02-08,06,quantile,0.35,1397.707
2025-02-01,wk inc flu hosp,1,2025-02-08,06,quantile,0.4,1482.054
2025-02-01,wk inc flu hosp,1,2025-02-08,06,quantile,0.45,1555.445
2025-02-01,wk inc flu hosp,1,2025-02-08,06,quantile,0.5,1609.852
2025-02-01,wk inc flu hosp,1,2025-02-08,06,quantile,0.55,1700.148
2025-02-01,wk inc flu hosp,1,2025-02-08,06,quantile,0.6,1807.865
2025-02-01,wk inc flu hosp,1,2025-02-08,06,quantile,0.65,1907.831
2025-02-01,wk inc flu hosp,1,2025-02-08,06,quantile,0.7,1966.78
2025-02-01,wk inc flu hosp,1,2025-02-08,06,quantile,0.75,2089.457
2025-02-01,wk inc flu hosp,1,2025-02-08,06,quantile,0.8,2199.365
2025-02-01,wk inc flu hosp,1,2025-02-08,06,quantile,0.85,2363.316
2025-02-01,wk inc flu hosp,1,2025-02-08,06,quantile,0.9,2585.779
2025-02-01,wk inc flu hosp,1,2025-02-08,06,quantile,0.95,3054.335
2025-02-01,wk inc flu hosp,1,2025-02-08,06,quantile,0.975,3809.371
2025-02-01,wk inc flu hosp,1,2025-02-08,06,quantile,0.99,6366.343
2025-02-01,wk inc flu hosp,2,2025-02-15,06,quantile,0.01,156.721
2025-02-01,wk inc flu hosp,2,2025-02-15,06,quantile,0.025,227.765
2025-02-01,wk inc flu hosp,2,2025-02-15,06,quantile,0.05,321.433
2025-02-01,wk inc flu hosp,2,2025-02-15,06,quantile,0.1,442.974
2025-02-01,wk inc flu hosp,2,2025-02-15,06,quantile,0.15,536.847
2025-02-01,wk inc flu hosp,2,2025-02-15,06,quantile,0.2,610.688
2025-02-01,wk inc flu hosp,2,2025-02-15,06,quantile,0.25,696.671
2025-02-01,wk inc flu hosp,2,2025-02-15,06,quantile,0.3,754.444
2025-02-01,wk inc flu hosp,2,2025-02-15,06,quantile,0.35,824.312
2025-02-01,wk inc flu hosp,2,2025-02-15,06,quantile,0.4,881.516
2025-02-01,wk inc flu hosp,2,2025-02-15,06,quantile,0.45,929.535
2025-02-01,wk inc flu hosp,2,2025-02-15,06,quantile,0.5,977.768
2025-02-01,wk inc flu hosp,2,2025-02-15,06,quantile,0.55,1038.988
2025-02-01,wk inc flu hosp,2,2025-02-15,06,quantile,0.6,1116.518
2025-02-01,wk inc flu hosp,2,2025-02-15,06,quantile,0.65,1181.44
2025-02-01,wk inc flu hosp,2,2025-02-15,06,quantile,0.7,1262.719
2025-02-01,wk inc flu hosp,2,2025-02-15,06,quantile,0.75,1324.114
2025-02-01,wk inc flu hosp,2,2025-02-15,06,quantile,0.8,1420.11
2025-02-01,wk inc flu hosp,2,2025-02-15,06,quantile,0.85,1543.107
2025-02-01,wk inc flu hosp,2,2025-02-15,06,quantile,0.9,1774.314
2025-02-01,wk inc flu hosp,2,2025-02-15,06,quantile,0.95,2159.978
2025-02-01,wk inc flu hosp,2,2025-02-15,06,quantile,0.975,3089.763
2025-02-01,wk inc flu hosp,2,2025-02-15,06,quantile,0.99,6006.729
2025-02-01,wk inc flu hosp,3,2025-02-22,06,quantile,0.01,57.65
2025-02-01,wk inc flu hosp,3,2025-02-22,06,quantile,0.025,89.518
2025-02-01,wk inc flu hosp,3,2025-02-22,06,quantile,0.05,155.589
2025-02-01,wk inc flu hosp,3,2025-02-22,06,quantile,0.1,217.013
2025-02-01,wk inc flu hosp,3,2025-02-22,06,quantile,0.15,285.935
2025-02-01,wk inc flu hosp,3,2025-02-22,06,quantile,0.2,332.665
2025-02-01,wk inc flu hosp,3,2025-02-22,06,quantile,0.25,382.534
2025-02-01,wk inc flu hosp,3,2025-02-22,06,quantile,0.3,429.143
2025-02-01,wk inc flu hosp,3,2025-02-22,06,quantile,0.35,470.986
2025-02-01,wk inc flu hosp,3,2025-02-22,06,quantile,0.4,507.093
2025-02-01,wk inc flu hosp,3,2025-02-22,06,quantile,0.45,543.817
2025-02-01,wk inc flu hosp,3,2025-02-22,06,quantile,0.5,584.228
2025-02-01,wk inc flu hosp,3,2025-02-22,06,quantile,0.55,623.793
2025-02-01,wk inc flu hosp,3,2025-02-22,06,quantile,0.6,667.106
2025-02-01,wk inc flu hosp,3,2025-02-22,06,quantile,0.65,709.923
2025-02-01,wk inc flu hosp,3,2025-02-22,06,quantile,0.7,773.986
2025-02-01,wk inc flu hosp,3,2025-02-22,06,quantile,0.75,811.73
2025-02-01,wk inc flu hosp,3,2025-02-22,06,quantile,0.8,881.744
2025-02-01,wk inc flu hosp,3,2025-02-22,06,quantile,0.85,988.095
2025-02-01,wk inc flu hosp,3,2025-02-22,06,quantile,0.9,1137.432
2025-02-01,wk inc flu hosp,3,2025-02-22,06,quantile,0.95,1462.974
2025-02-01,wk inc flu hosp,3,2025-02-22,06,quantile,0.975,2076.153
2025-02-01,wk inc flu hosp,3,2025-02-22,06,quantile,0.99,3028.764
2025-02-01,wk inc flu hosp,0,2025-02-01,08,quantile,0.01,32.876
2025-02-01,wk inc flu hosp,0,2025-02-01,08,quantile,0.025,61.234
2025-02-01,wk inc flu hosp,0,2025-02-01,08,quantile,0.05,84.352
2025-02-01,wk inc flu hosp,0,2025-02-01,08,quantile,0.1,116.984
2025-02-01,wk inc flu hosp,0,2025-02-01,08,quantile,0.15,140.134
2025-02-01,wk inc flu hosp,0,2025-02-01,08,quantile,0.2,155.709
2025-02-01,wk inc flu hosp,0,2025-02-01,08,quantile,0.25,171.017
2025-02-01,wk inc flu hosp,0,2025-02-01,08,quantile,0.3,186.72
2025-02-01,wk inc flu hosp,0,2025-02-01,08,quantile,0.35,199.112
2025-02-01,wk inc flu hosp,0,2025-02-01,08,quantile,0.4,211.583
2025-02-01,wk inc flu hosp,0,2025-02-01,08,quantile,0.45,225.674
2025-02-01,wk inc flu hosp,0,2025-02-01,08,quantile,0.5,239.941
2025-02-01,wk inc flu hosp,0,2025-02-01,08,quantile,0.55,251.542
2025-02-01,wk inc flu hosp,0,2025-02-01,08,quantile,0.6,264.407
2025-02-01,wk inc flu hosp,0,2025-02-01,08,quantile,0.65,272.637
2025-02-01,wk inc flu hosp,0,2025-02-01,08,quantile,0.7,287.692
2025-02-01,wk inc flu hosp,0,2025-02-01,08,quantile,0.75,304.771
2025-02-01,wk inc flu hosp,0,2025-02-01,08,quantile,0.8,330.386
2025-02-01,wk inc flu hosp,0,2025-02-01,08,quantile,0.85,359.808
2025-02-01,wk inc flu hosp,0,2025-02-01,08,quantile,0.9,394.485
2025-02-01,wk inc flu hosp,0,2025-02-01,08,quantile,0.95,483.728
2025-02-01,wk inc flu hosp,0,2025-02-01,08,quantile,0.975,548.936
2025-02-01,wk inc flu hosp,0,2025-02-01,08,quantile,0.99,771.497
2025-02-01,wk inc flu hosp,1,2025-02-08,08,quantile,0.01,11.505
2025-02-01,wk inc flu hosp,1,2025-02-08,08,quantile,0.025,23.492
2025-02-01,wk inc flu hosp,1,2025-02-08,08,quantile,0.05,36.545
2025-02-01,wk inc flu hosp,1,2025-02-08,08,quantile,0.1,54.84
2025-02-01,wk inc flu hosp,1,2025-02-08,08,quantile,0.15,69.685
2025-02-01,wk inc flu hosp,1,2025-02-08,08,quantile,0.2,83.433
2025-02-01,wk inc flu hosp,1,2025-02-08,08,quantile,0.25,93.365
2025-02-01,wk inc flu hosp,1,2025-02-08,08,quantile,0.3,102.208
2025-02-01,wk inc flu hosp,1,2025-02-08,08,quantile,0.35,111.811
2025-02-01,wk inc flu hosp,1,2025-02-08,08,quantile,0.4,122.437
2025-02-01,wk inc flu hosp,1,2025-02-08,08,quantile,0.45,132.588
2025-02-01,wk inc flu hosp,1,2025-02-08,08,quantile,0.5,142.369
2025-02-01,wk inc flu hosp,1,2025-02-08,08,quantile,0.55,150.549
2025-02-01,wk inc flu hosp,1,2025-02-08,08,quantile,0.6,161.694
2025-02-01,wk inc flu hosp,1,2025-02-08,08,quantile,0.65,172.512
2025-02-01,wk inc flu hosp,1,2025-02-08,08,quantile,0.7,186.111
2025-02-01,wk inc flu hosp,1,2025-02-08,08,quantile,0.75,199.502
2025-02-01,wk inc flu hosp,1,2025-02-08,08,quantile,0.8,219.606
2025-02-01,wk inc flu hosp,1,2025-02-08,08,quantile,0.85,243.684
2025-02-01,wk inc flu hosp,1,2025-02-08,08,quantile,0.9,272.911
2025-02-01,wk inc flu hosp,1,2025-02-08,08,quantile,0.95,349.722
2025-02-01,wk inc flu hosp,1,2025-02-08,08,quantile,0.975,418.764
2025-02-01,wk inc flu hosp,1,2025-02-08,08,quantile,0.99,580.844
2025-02-01,wk inc flu hosp,2,2025-02-15,08,quantile,0.01,4.572
2025-02-01,wk inc flu hosp,2,2025-02-15,08,quantile,0.025,8.671
2025-02-01,wk inc flu hosp,2,2025-02-15,08,quantile,0.05,15.228
2025-02-01,wk inc flu hosp,2,2025-02-15,08,quantile,0.1,24.275
2025-02-01,wk inc flu hosp,2,2025-02-15,08,quantile,0.15,32.631
2025-02-01,wk inc flu hosp,2,2025-02-15,08,quantile,0.2,41.045
2025-02-01,wk inc flu hosp,2,2025-02-15,08,quantile,0.25,47.807
2025-02-01,wk inc flu hosp,2,2025-02-15,08,quantile,0.3,53.074
2025-02-01,wk inc flu hosp,2,2025-02-15,08,quantile,0.35,59.829
2025-02-01,wk inc flu hosp,2,2025-02-15,08,quantile,0.4,66.305
2025-02-01,wk inc flu hosp,2,2025-02-15,08,quantile,0.45,72.75
2025-02-01,wk inc flu hosp,2,2025-02-15,08,quantile,0.5,78.469
2025-02-01,wk inc flu hosp,2,2025-02-15,08,quantile,0.55,84.889
2025-02-01,wk inc flu hosp,2,2025-02-15,08,quantile,0.6,92.992
2025-02-01,wk inc flu hosp,2,2025-02-15,08,quantile,0.65,103.25
2025-02-01,wk inc flu hosp,2,2025-02-15,08,quantile,0.7,114.093
2025-02-01,wk inc flu hosp,2,2025-02-15,08,quantile,0.75,125.996
2025-02-01,wk inc flu hosp,2,2025-02-15,08,quantile,0.8,135.759
2025-02-01,wk inc flu hosp,2,2025-02-15,08,quantile,0.85,154.184
2025-02-01,wk inc flu hosp,2,2025-02-15,08,quantile,0.9,183.619
2025-02-01,wk inc flu hosp,2,2025-02-15,08,quantile,0.95,252.715
2025-02-01,wk inc flu hosp,2,2025-02-15,08,quantile,0.975,330.47
2025-02-01,wk inc flu hosp,2,2025-02-15,08,quantile,0.99,499.731
2025-02-01,wk inc flu hosp,3,2025-02-22,08,quantile,0.01,1.515
2025-02-01,wk inc flu hosp,3,2025-02-22,08,quantile,0.025,2.833
2025-02-01,wk inc flu hosp,3,2025-02-22,08,quantile,0.05,5.721
2025-02-01,wk inc flu hosp,3,2025-02-22,08,quantile,0.1,10.807
2025-02-01,wk inc flu hosp,3,2025-02-22,08,quantile,0.15,14.46
2025-02-01,wk inc flu hosp,3,2025-02-22,08,quantile,0.2,18.992
2025-02-01,wk inc flu hosp,3,2025-02-22,08,quantile,0.25,23.005
2025-02-01,wk inc flu hosp,3,2025-02-22,08,quantile,0.3,26.433
2025-02-01,wk inc flu hosp,3,2025-02-22,08,quantile,0.35,30.227
2025-02-01,wk inc flu hosp,3,2025-02-22,08,quantile,0.4,33.89
2025-02-01,wk inc flu hosp,3,2025-02-22,08,quantile,0.45,37.249
2025-02-01,wk inc flu hosp,3,2025-02-22,08,quantile,0.5,41.566
2025-02-01,wk inc flu hosp,3,2025-02-22,08,quantile,0.55,46.183
2025-02-01,wk inc flu hosp,3,2025-02-22,08,quantile,0.6,52.14
2025-02-01,wk inc flu hosp,3,2025-02-22,08,quantile,0.65,57.892
2025-02-01,wk inc flu hosp,3,2025-02-22,08,quantile,0.7,65.342
2025-02-01,wk inc flu hosp,3,2025-02-22,08,quantile,0.75,73.388
2025-02-01,wk inc flu hosp,3,2025-02-22,08,quantile,0.8,82.417
2025-02-01,wk inc flu hosp,3,2025-02-22,08,quantile,0.85,96.279
2025-02-01,wk inc flu hosp,3,2025-02-22,08,quantile,0.9,114.762
2025-02-01,wk inc flu hosp,3,2025-02-22,08,quantile,0.95,177.12
2025-02-01,wk inc flu hosp,3,2025-02-22,08,quantile,0.975,262.922
2025-02-01,wk inc flu hosp,3,2025-02-22,08,quantile,0.99,407.091
2025-02-01,wk inc flu hosp,0,2025-02-01,09,quantile,0.01,107.889
2025-02-01,wk inc flu hosp,0,2025-02-01,09,quantile,0.025,126.904
2025-02-01,wk inc flu hosp,0,2025-02-01,09,quantile,0.05,159.523
2025-02-01,wk inc flu hosp,0,2025-02-01,09,quantile,0.1,197.586
2025-02-01,wk inc flu hosp,0,2025-02-01,09,quantile,0.15,221.32
2025-02-01,wk inc flu hosp,0,2025-02-01,09,quantile,0.2,241.435
2025-02-01,wk inc flu hosp,0,2025-02-01,09,quantile,0.25,259.097
2025-02-01,wk inc flu hosp,0,2025-02-01,09,quantile,0.3,274.886
2025-02-01,wk inc flu hosp,0,2025-02-01,09,quantile,0.35,290.518
2025-02-01,wk inc flu hosp,0,2025-02-01,09,quantile,0.4,306.427
2025-02-01,wk inc flu hosp,0,2025-02-01,09,quantile,0.45,319.839
2025-02-01,wk inc flu hosp,0,2025-02-01,09,quantile,0.5,338.113
2025-02-01,wk inc flu hosp,0,2025-02-01,09,quantile,0.55,352.452
2025-02-01,wk inc flu hosp,0,2025-02-01,09,quantile,0.6,368.657
2025-02-01,wk inc flu hosp,0,2025-02-01,09,quantile,0.65,388.953
2025-02-01,wk inc flu hosp,0,2025-02-01,09,quantile,0.7,405.315
2025-02-01,wk inc flu hosp,0,2025-02-01,09,quantile,0.75,426.521
2025-02-01,wk inc flu hosp,0,2025-02-01,09,quantile,0.8,453.719
2025-02-01,wk inc flu hosp,0,2025-02-01,09,quantile,0.85,482.86
2025-02-01,wk inc flu hosp,0,2025-02-01,09,quantile,0.9,518.501
2025-02-01,wk inc flu hosp,0,2025-02-01,09,quantile,0.95,590.685
2025-02-01,wk inc flu hosp,0,2025-02-01,09,quantile,0.975,647.321
2025-02-01,wk inc flu hosp,0,2025-02-01,09,quantile,0.99,706.089
2025-02-01,wk inc flu hosp,1,2025-02-08,09,quantile,0.01,46.826
2025-02-01,wk inc flu hosp,1,2025-02-08,09,quantile,0.025,65.209
2025-02-01,wk inc flu hosp,1,2025-02-08,09,quantile,0.05,91.791
2025-02-01,wk inc flu hosp,1,2025-02-08,09,quantile,0.1,125.506
2025-02-01,wk inc flu hosp,1,2025-02-08,09,quantile,0.15,148.335
2025-02-01,wk inc flu hosp,1,2025-02-08,09,quantile,0.2,170.042
2025-02-01,wk inc flu hosp,1,2025-02-08,09,quantile,0.25,186.278
2025-02-01,wk inc flu hosp,1,2025-02-08,09,quantile,0.3,206.662
2025-02-01,wk inc flu hosp,1,2025-02-08,09,quantile,0.35,223.683
2025-02-01,wk inc flu hosp,1,2025-02-08,09,quantile,0.4,240.981
2025-02-01,wk inc flu hosp,1,2025-02-08,09,quantile,0.45,257.801
2025-02-01,wk inc flu hosp,1,2025-02-08,09,quantile,0.5,278.167
2025-02-01,wk inc flu hosp,1,2025-02-08,09,quantile,0.55,294.248
2025-02-01,wk inc flu hosp,1,2025-02-08,09,quantile,0.6,308.767
2025-02-01,wk inc flu hosp,1,2025-02-08,09,quantile,0.65,327.601
2025-02-01,wk inc flu hosp,1,2025-02-08,09,quantile,0.7,348.887
2025-02-01,wk inc flu hosp,1,2025-02-08,09,quantile,0.75,375.063
2025-02-01,wk inc flu hosp,1,2025-02-08,09,quantile,0.8,398.601
2025-02-01,wk inc flu hosp,1,2025-02-08,09,quantile,0.85,422.13
2025-02-01,wk inc flu hosp,1,2025-02-08,09,quantile,0.9,462.644
2025-02-01,wk inc flu hosp,1,2025-02-08,09,quantile,0.95,548.454
2025-02-01,wk inc flu hosp,1,2025-02-08,09,quantile,0.975,606.211
2025-02-01,wk inc flu hosp,1,2025-02-08,09,quantile,0.99,661.723
2025-02-01,wk inc flu hosp,2,2025-02-15,09,quantile,0.01,16.467
2025-02-01,wk inc flu hosp,2,2025-02-15,09,quantile,0.025,30.212
2025-02-01,wk inc flu hosp,2,2025-02-15,09,quantile,0.05,46.646
2025-02-01,wk inc flu hosp,2,2025-02-15,09,quantile,0.1,70.219
2025-02-01,wk inc flu hosp,2,2025-02-15,09,quantile,0.15,88.123
2025-02-01,wk inc flu hosp,2,2025-02-15,09,quantile,0.2,101.862
2025-02-01,wk inc flu hosp,2,2025-02-15,09,quantile,0.25,119.607
2025-02-01,wk inc flu hosp,2,2025-02-15,09,quantile,0.3,136.289
2025-02-01,wk inc flu hosp,2,2025-02-15,09,quantile,0.35,148.36
2025-02-01,wk inc flu hosp,2,2025-02-15,09,quantile,0.4,163.443
2025-02-01,wk inc flu hosp,2,2025-02-15,09,quantile,0.45,176.55
2025-02-01,wk inc flu hosp,2,2025-02-15,09,quantile,0.5,190.865
2025-02-01,wk inc flu hosp,2,2025-02-15,09,quantile,0.55,206.758
2025-02-01,wk inc flu hosp,2,2025-02-15,09,quantile,0.6,219.41
2025-02-01,wk inc flu hosp,2,2025-02-15,09,quantile,0.65,235.406
2025-02-01,wk inc flu hosp,2,2025-02-15,09,quantile,0.7,252.902
2025-02-01,wk inc flu hosp,2,2025-02-15,09,quantile,0.75,274.622
2025-02-01,wk inc flu hosp,2,2025-02-15,09,quantile,0.8,295.068
2025-02-01,wk inc flu hosp,2,2025-02-15,09,quantile,0.85,323.179
2025-02-01,wk inc flu hosp,2,2025-02-15,09,quantile,0.9,361.749
2025-02-01,wk inc flu hosp,2,2025-02-15,09,quantile,0.95,441.173
2025-02-01,wk inc flu hosp,2,2025-02-15,09,quantile,0.975,499.123
2025-02-01,wk inc flu hosp,2,2025-02-15,09,quantile,0.99,546.477
2025-02-01,wk inc flu hosp,3,2025-02-22,09,quantile,0.01,6.041
2025-02-01,wk inc flu hosp,3,2025-02-22,09,quantile,0.025,13.24
2025-02-01,wk inc flu hosp,3,2025-02-22,09,quantile,0.05,21.83
2025-02-01,wk inc flu hosp,3,2025-02-22,09,quantile,0.1,36.414
2025-02-01,wk inc flu hosp,3,2025-02-22,09,quantile,0.15,50.338
2025-02-01,wk inc flu hosp,3,2025-02-22,09,quantile,0.2,59.343
2025-02-01,wk inc flu hosp,3,2025-02-22,09,quantile,0.25,69.258
2025-02-01,wk inc flu hosp,3,2025-02-22,09,quantile,0.3,78.216
2025-02-01,wk inc flu hosp,3,2025-02-22,09,quantile,0.35,89.981
2025-02-01,wk inc flu hosp,3,2025-02-22,09,quantile,0.4,101.357
2025-02-01,wk inc flu hosp,3,2025-02-22,09,quantile,0.45,110.4
2025-02-01,wk inc flu hosp,3,2025-02-22,09,quantile,0.5,118.663
2025-02-01,wk inc flu hosp,3,2025-02-22,09,quantile,0.55,129.64
2025-02-01,wk inc flu hosp,3,2025-02-22,09,quantile,0.6,141.172
2025-02-01,wk inc flu hosp,3,2025-02-22,09,quantile,0.65,155.931
2025-02-01,wk inc flu hosp,3,2025-02-22,09,quantile,0.7,167.572
2025-02-01,wk inc flu hosp,3,2025-02-22,09,quantile,0.75,184.621
2025-02-01,wk inc flu hosp,3,2025-02-22,09,quantile,0.8,200.52
2025-02-01,wk inc flu hosp,3,2025-02-22,09,quantile,0.85,220.599
2025-02-01,wk inc flu hosp,3,2025-02-22,09,quantile,0.9,253.324
2025-02-01,wk inc flu hosp,3,2025-02-22,09,quantile,0.95,319.286
2025-02-01,wk inc flu hosp,3,2025-02-22,09,quantile,0.975,367.685
2025-02-01,wk inc flu hosp,3,2025-02-22,09,quantile,0.99,409.922
2025-02-01,wk inc flu hosp,0,2025-02-01,10,quantile,0.01,17.893
2025-02-01,wk inc flu hosp,0,2025-02-01,10,quantile,0.025,22.662
2025-02-01,wk inc flu hosp,0,2025-02-01,10,quantile,0.05,27.012
2025-02-01,wk inc flu hosp,0,2025-02-01,10,quantile,0.1,33.572
2025-02-01,wk inc flu hosp,0,2025-02-01,10,quantile,0.15,36.778
2025-02-01,wk inc flu hosp,0,2025-02-01,10,quantile,0.2,39.842
2025-02-01,wk inc flu hosp,0,2025-02-01,10,quantile,0.25,42.508
2025-02-01,wk inc flu hosp,0,2025-02-01,10,quantile,0.3,44.618
2025-02-01,wk inc flu hosp,0,2025-02-01,10,quantile,0.35,46.774
2025-02-01,wk inc flu hosp,0,2025-02-01,10,quantile,0.4,48.755
2025-02-01,wk inc flu hosp,0,2025-02-01,10,quantile,0.45,51.278
2025-02-01,wk inc flu hosp,0,2025-02-01,10,quantile,0.5,53.794
2025-02-01,wk inc flu hosp,0,2025-02-01,10,quantile,0.55,57.106
2025-02-01,wk inc flu hosp,0,2025-02-01,10,quantile,0.6,59.176
2025-02-01,wk inc flu hosp,0,2025-02-01,10,quantile,0.65,61.337
2025-02-01,wk inc flu hosp,0,2025-02-01,10,quantile,0.7,64.741
2025-02-01,wk inc flu hosp,0,2025-02-01,10,quantile,0.75,68.676
2025-02-01,wk inc flu hosp,0,2025-02-01,10,quantile,0.8,72.345
2025-02-01,wk inc flu hosp,0,2025-02-01,10,quantile,0.85,78.098
2025-02-01,wk inc flu hosp,0,2025-02-01,10,quantile,0.9,84.824
2025-02-01,wk inc flu hosp,0,2025-02-01,10,quantile,0.95,95.844
2025-02-01,wk inc flu hosp,0,2025-02-01,10,quantile,0.975,108.64
2025-02-01,wk inc flu hosp,0,2025-02-01,10,quantile,0.99,133.6
2025-02-01,wk inc flu hosp,1,2025-02-08,10,quantile,0.01,7.35
2025-02-01,wk inc flu hosp,1,2025-02-08,10,quantile,0.025,10.552
2025-02-01,wk inc flu hosp,1,2025-02-08,10,quantile,0.05,13.654
2025-02-01,wk inc flu hosp,1,2025-02-08,10,quantile,0.1,18.45
2025-02-01,wk inc flu hosp,1,2025-02-08,10,quantile,0.15,21.817
2025-02-01,wk inc flu hosp,1,2025-02-08,10,quantile,0.2,24.118
2025-02-01,wk inc flu hosp,1,2025-02-08,10,quantile,0.25,26.119
2025-02-01,wk inc flu hosp,1,2025-02-08,10,quantile,0.3,28.188
2025-02-01,wk inc flu hosp,1,2025-02-08,10,quantile,0.35,29.911
2025-02-01,wk inc flu hosp,1,2025-02-08,10,quantile,0.4,32.935
2025-02-01,wk inc flu hosp,1,2025-02-08,10,quantile,0.45,34.996
2025-02-01,wk inc flu hosp,1,2025-02-08,10,quantile,0.5,37.494
2025-02-01,wk inc flu hosp,1,2025-02-08,10,quantile,0.55,40.099
2025-02-01,wk inc flu hosp,1,2025-02-08,10,quantile,0.6,42.228
2025-02-01,wk inc flu hosp,1,2025-02-08,10,quantile,0.65,44.982
2025-02-01,wk inc flu hosp,1,2025-02-08,10,quantile,0.7,46.598
2025-02-01,wk inc flu hosp,1,2025-02-08,10,quantile,0.75,49.675
2025-02-01,wk inc flu hosp,1,2025-02-08,10,quantile,0.8,53.097
2025-02-01,wk inc flu hosp,1,2025-02-08,10,quantile,0.85,57.912
2025-02-01,wk inc flu hosp,1,2025-02-08,10,quantile,0.9,65.553
2025-02-01,wk inc flu hosp,1,2025-02-08,10,quantile,0.95,79.136
2025-02-01,wk inc flu hosp,1,2025-02-08,10,quantile,0.975,93.643
2025-02-01,wk inc flu hosp,1,2025-02-08,10,quantile,0.99,137.425
2025-02-01,wk inc flu hosp,2,2025-02-15,10,quantile,0.01,2.644
2025-02-01,wk inc flu hosp,2,2025-02-15,10,quantile,0.025,4.453
2025-02-01,wk inc flu hosp,2,2025-02-15,10,quantile,0.05,6.154
2025-02-01,wk inc flu hosp,2,2025-02-15,10,quantile,0.1,9.637
2025-02-01,wk inc flu hosp,2,2025-02-15,10,quantile,0.15,11.81
2025-02-01,wk inc flu hosp,2,2025-02-15,10,quantile,0.2,13.359
2025-02-01,wk inc flu hosp,2,2025-02-15,10,quantile,0.25,14.853
2025-02-01,wk inc flu hosp,2,2025-02-15,10,quantile,0.3,16.388
2025-02-01,wk inc flu hosp,2,2025-02-15,10,quantile,0.35,17.966
2025-02-01,wk inc flu hosp,2,2025-02-15,10,quantile,0.4,19.571
2025-02-01,wk inc flu hosp,2,2025-02-15,10,quantile,0.45,21.842
2025-02-01,wk inc flu hosp,2,2025-02-15,10,quantile,0.5,24.078
2025-02-01,wk inc flu hosp,2,2025-02-15,10,quantile,0.55,25.791
2025-02-01,wk inc flu hosp,2,2025-02-15,10,quantile,0.6,27.297
2025-02-01,wk inc flu hosp,2,2025-02-15,10,quantile,0.65,29.125
2025-02-01,wk inc flu hosp,2,2025-02-15,10,quantile,0.7,31.283
2025-02-01,wk inc flu hosp,2,2025-02-15,10,quantile,0.75,33.58
2025-02-01,wk inc flu hosp,2,2025-02-15,10,quantile,0.8,36.678
2025-02-01,wk inc flu hosp,2,2025-02-15,10,quantile,0.85,41.088
2025-02-01,wk inc flu hosp,2,2025-02-15,10,quantile,0.9,47.032
2025-02-01,wk inc flu hosp,2,2025-02-15,10,quantile,0.95,60.765
2025-02-01,wk inc flu hosp,2,2025-02-15,10,quantile,0.975,74.876
2025-02-01,wk inc flu hosp,2,2025-02-15,10,quantile,0.99,104.334
2025-02-01,wk inc flu hosp,3,2025-02-22,10,quantile,0.01,0.935
2025-02-01,wk inc flu hosp,3,2025-02-22,10,quantile,0.025,1.671
2025-02-01,wk inc flu hosp,3,2025-02-22,10,quantile,0.05,2.774
2025-02-01,wk inc flu hosp,3,2025-02-22,10,quantile,0.1,4.943
2025-02-01,wk inc flu hosp,3,2025-02-22,10,quantile,0.15,6.011
2025-02-01,wk inc flu hosp,3,2025-02-22,10,quantile,0.2,7.043
2025-02-01,wk inc flu hosp,3,2025-02-22,10,quantile,0.25,8.049
2025-02-01,wk inc flu hosp,3,2025-02-22,10,quantile,0.3,9.08
2025-02-01,wk inc flu hosp,3,2025-02-22,10,quantile,0.35,10.077
2025-02-01,wk inc flu hosp,3,2025-02-22,10,quantile,0.4,11.452
2025-02-01,wk inc flu hosp,3,2025-02-22,10,quantile,0.45,12.908
2025-02-01,wk inc flu hosp,3,2025-02-22,10,quantile,0.5,14.332
2025-02-01,wk inc flu hosp,3,2025-02-22,10,quantile,0.55,15.822
2025-02-01,wk inc flu hosp,3,2025-02-22,10,quantile,0.6,16.855
2025-02-01,wk inc flu hosp,3,2025-02-22,10,quantile,0.65,18.363
2025-02-01,wk inc flu hosp,3,2025-02-22,10,quantile,0.7,20.166
2025-02-01,wk inc flu hosp,3,2025-02-22,10,quantile,0.75,22.017
2025-02-01,wk inc flu hosp,3,2025-02-22,10,quantile,0.8,25.139
2025-02-01,wk inc flu hosp,3,2025-02-22,10,quantile,0.85,28.33
2025-02-01,wk inc flu hosp,3,2025-02-22,10,quantile,0.9,32.829
2025-02-01,wk inc flu hosp,3,2025-02-22,10,quantile,0.95,46.902
2025-02-01,wk inc flu hosp,3,2025-02-22,10,quantile,0.975,62.188
2025-02-01,wk inc flu hosp,3,2025-02-22,10,quantile,0.99,92.73
2025-02-01,wk inc flu hosp,0,2025-02-01,11,quantile,0.01,63.707
2025-02-01,wk inc flu hosp,0,2025-02-01,11,quantile,0.025,71.762
2025-02-01,wk inc flu hosp,0,2025-02-01,11,quantile,0.05,80.677
2025-02-01,wk inc flu hosp,0,2025-02-01,11,quantile,0.1,88.555
2025-02-01,wk inc flu hosp,0,2025-02-01,11,quantile,0.15,94.851
2025-02-01,wk inc flu hosp,0,2025-02-01,11,quantile,0.2,99.715
2025-02-01,wk inc flu hosp,0,2025-02-01,11,quantile,0.25,103.682
2025-02-01,wk inc flu hosp,0,2025-02-01,11,quantile,0.3,107.426
2025-02-01,wk inc flu hosp,0,2025-02-01,11,quantile,0.35,110.374
2025-02-01,wk inc flu hosp,0,2025-02-01,11,quantile,0.4,113.315
2025-02-01,wk inc flu hosp,0,2025-02-01,11,quantile,0.45,115.847
2025-02-01,wk inc flu hosp,0,2025-02-01,11,quantile,0.5,118.845
2025-02-01,wk inc flu hosp,0,2025-02-01,11,quantile,0.55,122.251
2025-02-01,wk inc flu hosp,0,2025-02-01,11,quantile,0.6,125.116
2025-02-01,wk inc flu hosp,0,2025-02-01,11,quantile,0.65,127.781
2025-02-01,wk inc flu hosp,0,2025-02-01,11,quantile,0.7,130.048
2025-02-01,wk inc flu hosp,0,2025-02-01,11,quantile,0.75,133.511
2025-02-01,wk inc flu hosp,0,2025-02-01,11,quantile,0.8,137.787
2025-02-01,wk inc flu hosp,0,2025-02-01,11,quantile,0.85,143.211
2025-02-01,wk inc flu hosp,0,2025-02-01,11,quantile,0.9,149.12
2025-02-01,wk inc flu hosp,0,2025-02-01,11,quantile,0.95,162.769
2025-02-01,wk inc flu hosp,0,2025-02-01,11,quantile,0.975,179.999
2025-02-01,wk inc flu hosp,0,2025-02-01,11,quantile,0.99,231.146
2025-02-01,wk inc flu hosp,1,2025-02-08,11,quantile,0.01,30.325
2025-02-01,wk inc flu hosp,1,2025-02-08,11,quantile,0.025,40.721
2025-02-01,wk inc flu hosp,1,2025-02-08,11,quantile,0.05,49.308
2025-02-01,wk inc flu hosp,1,2025-02-08,11,quantile,0.1,57.244
2025-02-01,wk inc flu hosp,1,2025-02-08,11,quantile,0.15,62.876
2025-02-01,wk inc flu hosp,1,2025-02-08,11,quantile,0.2,69.082
2025-02-01,wk inc flu hosp,1,2025-02-08,11,quantile,0.25,73.07
2025-02-01,wk inc flu hosp,1,2025-02-08,11,quantile,0.3,76.611
2025-02-01,wk inc flu hosp,1,2025-02-08,11,quantile,0.35,79.53
2025-02-01,wk inc flu hosp,1,2025-02-08,11,quantile,0.4,83.671
2025-02-01,wk inc flu hosp,1,2025-02-08,11,quantile,0.45,86.76
2025-02-01,wk inc flu hosp,1,2025-02-08,11,quantile,0.5,89.984
2025-02-01,wk inc flu hosp,1,2025-02-08,11,quantile,0.55,93.085
2025-02-01,wk inc flu hosp,1,2025-02-08,11,quantile,0.6,95.874
2025-02-01,wk inc flu hosp,1,2025-02-08,11,quantile,0.65,99.006
2025-02-01,wk inc flu hosp,1,2025-02-08,11,quantile,0.7,102.529
2025-02-01,wk inc flu hosp,1,2025-02-08,11,quantile,0.75,106.672
2025-02-01,wk inc flu hosp,1,2025-02-08,11,quantile,0.8,111.456
2025-02-01,wk inc flu hosp,1,2025-02-08,11,quantile,0.85,116.542
2025-02-01,wk inc flu hosp,1,2025-02-08,11,quantile,0.9,122.543
2025-02-01,wk inc flu hosp,1,2025-02-08,11,quantile,0.95,136.345
2025-02-01,wk inc flu hosp,1,2025-02-08,11,quantile,0.975,148.478
2025-02-01,wk inc flu hosp,1,2025-02-08,11,quantile,0.99,186.636
2025-02-01,wk inc flu hosp,2,2025-02-15,11,quantile,0.01,13.175
2025-02-01,wk inc flu hosp,2,2025-02-15,11,quantile,0.025,17.036
2025-02-01,wk inc flu hosp,2,2025-02-15,11,quantile,0.05,23.705
2025-02-01,wk inc flu hosp,2,2025-02-15,11,quantile,0.1,30.283
2025-02-01,wk inc flu hosp,2,2025-02-15,11,quantile,0.15,35.046
2025-02-01,wk inc flu hosp,2,2025-02-15,11,quantile,0.2,37.849
2025-02-01,wk inc flu hosp,2,2025-02-15,11,quantile,0.25,41.064
2025-02-01,wk inc flu hosp,2,2025-02-15,11,quantile,0.3,43.334
2025-02-01,wk inc flu hosp,2,2025-02-15,11,quantile,0.35,45.598
2025-02-01,wk inc flu hosp,2,2025-02-15,11,quantile,0.4,48.484
2025-02-01,wk inc flu hosp,2,2025-02-15,11,quantile,0.45,51.036
2025-02-01,wk inc flu hosp,2,2025-02-15,11,quantile,0.5,53.758
2025-02-01,wk inc flu hosp,2,2025-02-15,11,quantile,0.55,56.238
2025-02-01,wk inc flu hosp,2,2025-02-15,11,quantile,0.6,58.828
2025-02-01,wk inc flu hosp,2,2025-02-15,11,quantile,0.65,62.089
2025-02-01,wk inc flu hosp,2,2025-02-15,11,quantile,0.7,65.654
2025-02-01,wk inc flu hosp,2,2025-02-15,11,quantile,0.75,68.897
2025-02-01,wk inc flu hosp,2,2025-02-15,11,quantile,0.8,73.631
2025-02-01,wk inc flu hosp,2,2025-02-15,11,quantile,0.85,77.544
2025-02-01,wk inc flu hosp,2,2025-02-15,11,quantile,0.9,82.155
2025-02-01,wk inc flu hosp,2,2025-02-15,11,quantile,0.95,92.884
2025-02-01,wk inc flu hosp,2,2025-02-15,11,quantile,0.975,101.269
2025-02-01,wk inc flu hosp,2,2025-02-15,11,quantile,0.99,112.376
2025-02-01,wk inc flu hosp,3,2025-02-22,11,quantile,0.01,4.984
2025-02-01,wk inc flu hosp,3,2025-02-22,11,quantile,0.025,6.906
2025-02-01,wk inc flu hosp,3,2025-02-22,11,quantile,0.05,9.836
2025-02-01,wk inc flu hosp,3,2025-02-22,11,quantile,0.1,14.079
2025-02-01,wk inc flu hosp,3,2025-02-22,11,quantile,0.15,16.878
2025-02-01,wk inc flu hosp,3,2025-02-22,11,quantile,0.2,18.766
2025-02-01,wk inc flu hosp,3,2025-02-22,11,quantile,0.25,20.489
2025-02-01,wk inc flu hosp,3,2025-02-22,11,quantile,0.3,22.113
2025-02-01,wk inc flu hosp,3,2025-02-22,11,quantile,0.35,23.737
2025-02-01,wk inc flu hosp,3,2025-02-22,11,quantile,0.4,25.421
2025-02-01,wk inc flu hosp,3,2025-02-22,11,quantile,0.45,27.08
2025-02-01,wk inc flu hosp,3,2025-02-22,11,quantile,0.5,28.537
2025-02-01,wk inc flu hosp,3,2025-02-22,11,quantile,0.55,30.296
2025-02-01,wk inc flu hosp,3,2025-02-22,11,quantile,0.6,32.314
2025-02-01,wk inc flu hosp,3,2025-02-22,11,quantile,0.65,34.552
2025-02-01,wk inc flu hosp,3,2025-02-22,11,quantile,0.7,36.644
2025-02-01,wk inc flu hosp,3,2025-02-22,11,quantile,0.75,39.464
2025-02-01,wk inc flu hosp,3,2025-02-22,11,quantile,0.8,42.387
2025-02-01,wk inc flu hosp,3,2025-02-22,11,quantile,0.85,45.952
2025-02-01,wk inc flu hosp,3,2025-02-22,11,quantile,0.9,50.925
2025-02-01,wk inc flu hosp,3,2025-02-22,11,quantile,0.95,57.921
2025-02-01,wk inc flu hosp,3,2025-02-22,11,quantile,0.975,64.008
2025-02-01,wk inc flu hosp,3,2025-02-22,11,quantile,0.99,73.788
2025-02-01,wk inc flu hosp,0,2025-02-01,12,quantile,0.01,640.86
2025-02-01,wk inc flu hosp,0,2025-02-01,12,quantile,0.025,823.066
2025-02-01,wk inc flu hosp,0,2025-02-01,12,quantile,0.05,936.884
2025-02-01,wk inc flu hosp,0,2025-02-01,12,quantile,0.1,1087.017
2025-02-01,wk inc flu hosp,0,2025-02-01,12,quantile,0.15,1177.152
2025-02-01,wk inc flu hosp,0,2025-02-01,12,quantile,0.2,1259.847
2025-02-01,wk inc flu hosp,0,2025-02-01,12,quantile,0.25,1321.978
2025-02-01,wk inc flu hosp,0,2025-02-01,12,quantile,0.3,1372.237
2025-02-01,wk inc flu hosp,0,2025-02-01,12,quantile,0.35,1451.683
2025-02-01,wk inc flu hosp,0,2025-02-01,12,quantile,0.4,1507.562
2025-02-01,wk inc flu hosp,0,2025-02-01,12,quantile,0.45,1561.276
2025-02-01,wk inc flu hosp,0,2025-02-01,12,quantile,0.5,1618.492
2025-02-01,wk inc flu hosp,0,2025-02-01,12,quantile,0.55,1673.988
2025-02-01,wk inc flu hosp,0,2025-02-01,12,quantile,0.6,1725.592
2025-02-01,wk inc flu hosp,0,2025-02-01,12,quantile,0.65,1792.114
2025-02-01,wk inc flu hosp,0,2025-02-01,12,quantile,0.7,1877.131
2025-02-01,wk inc flu hosp,0,2025-02-01,12,quantile,0.75,1975.569
2025-02-01,wk inc flu hosp,0,2025-02-01,12,quantile,0.8,2088.178
2025-02-01,wk inc flu hosp,0,2025-02-01,12,quantile,0.85,2214.99
2025-02-01,wk inc flu hosp,0,2025-02-01,12,quantile,0.9,2402.74
2025-02-01,wk inc flu hosp,0,2025-02-01,12,quantile,0.95,2777.382
2025-02-01,wk inc flu hosp,0,2025-02-01,12,quantile,0.975,3185.404
2025-02-01,wk inc flu hosp,0,2025-02-01,12,quantile,0.99,3934.906
2025-02-01,wk inc flu hosp,1,2025-02-08,12,quantile,0.01,326.689
2025-02-01,wk inc flu hosp,1,2025-02-08,12,quantile,0.025,452.715
2025-02-01,wk inc flu hosp,1,2025-02-08,12,quantile,0.05,532.706
2025-02-01,wk inc flu hosp,1,2025-02-08,12,quantile,0.1,650.303
2025-02-01,wk inc flu hosp,1,2025-02-08,12,quantile,0.15,730.957
2025-02-01,wk inc flu hosp,1,2025-02-08,12,quantile,0.2,799.622
2025-02-01,wk inc flu hosp,1,2025-02-08,12,quantile,0.25,848.841
2025-02-01,wk inc flu hosp,1,2025-02-08,12,quantile,0.3,908.261
2025-02-01,wk inc flu hosp,1,2025-02-08,12,quantile,0.35,960.604
2025-02-01,wk inc flu hosp,1,2025-02-08,12,quantile,0.4,1012.782
2025-02-01,wk inc flu hosp,1,2025-02-08,12,quantile,0.45,1057.932
2025-02-01,wk inc flu hosp,1,2025-02-08,12,quantile,0.5,1103.458
2025-02-01,wk inc flu hosp,1,2025-02-08,12,quantile,0.55,1150.365
2025-02-01,wk inc flu hosp,1,2025-02-08,12,quantile,0.6,1215.764
2025-02-01,wk inc flu hosp,1,2025-02-08,12,quantile,0.65,1265.013
2025-02-01,wk inc flu hosp,1,2025-02-08,12,quantile,0.7,1333.806
2025-02-01,wk inc flu hosp,1,2025-02-08,12,quantile,0.75,1417.948
2025-02-01,wk inc flu hosp,1,2025-02-08,12,quantile,0.8,1546.494
2025-02-01,wk inc flu hosp,1,2025-02-08,12,quantile,0.85,1662.581
2025-02-01,wk inc flu hosp,1,2025-02-08,12,quantile,0.9,1834.084
2025-02-01,wk inc flu hosp,1,2025-02-08,12,quantile,0.95,2246.417
2025-02-01,wk inc flu hosp,1,2025-02-08,12,quantile,0.975,2824.024
2025-02-01,wk inc flu hosp,1,2025-02-08,12,quantile,0.99,3264.636
2025-02-01,wk inc flu hosp,2,2025-02-15,12,quantile,0.01,146.79
2025-02-01,wk inc flu hosp,2,2025-02-15,12,quantile,0.025,223.475
2025-02-01,wk inc flu hosp,2,2025-02-15,12,quantile,0.05,272.715
2025-02-01,wk inc flu hosp,2,2025-02-15,12,quantile,0.1,349.819
2025-02-01,wk inc flu hosp,2,2025-02-15,12,quantile,0.15,406.251
2025-02-01,wk inc flu hosp,2,2025-02-15,12,quantile,0.2,453.909
2025-02-01,wk inc flu hosp,2,2025-02-15,12,quantile,0.25,497.527
2025-02-01,wk inc flu hosp,2,2025-02-15,12,quantile,0.3,529.726
2025-02-01,wk inc flu hosp,2,2025-02-15,12,quantile,0.35,578.13
2025-02-01,wk inc flu hosp,2,2025-02-15,12,quantile,0.4,601.697
2025-02-01,wk inc flu hosp,2,2025-02-15,12,quantile,0.45,643.72
2025-02-01,wk inc flu hosp,2,2025-02-15,12,quantile,0.5,677.05
2025-02-01,wk inc flu hosp,2,2025-02-15,12,quantile,0.55,722.004
2025-02-01,wk inc flu hosp,2,2025-02-15,12,quantile,0.6,768.473
2025-02-01,wk inc flu hosp,2,2025-02-15,12,quantile,0.65,810.425
2025-02-01,wk inc flu hosp,2,2025-02-15,12,quantile,0.7,862.543
2025-02-01,wk inc flu hosp,2,2025-02-15,12,quantile,0.75,927.724
2025-02-01,wk inc flu hosp,2,2025-02-15,12,quantile,0.8,1000.405
2025-02-01,wk inc flu hosp,2,2025-02-15,12,quantile,0.85,1103.473
2025-02-01,wk inc flu hosp,2,2025-02-15,12,quantile,0.9,1250.077
2025-02-01,wk inc flu hosp,2,2025-02-15,12,quantile,0.95,1564.112
2025-02-01,wk inc flu hosp,2,2025-02-15,12,quantile,0.975,1891.297
2025-02-01,wk inc flu hosp,2,2025-02-15,12,quantile,0.99,2315.382
2025-02-01,wk inc flu hosp,3,2025-02-22,12,quantile,0.01,62.737
2025-02-01,wk inc flu hosp,3,2025-02-22,12,quantile,0.025,101.416
2025-02-01,wk inc flu hosp,3,2025-02-22,12,quantile,0.05,127.672
2025-02-01,wk inc flu hosp,3,2025-02-22,12,quantile,0.1,176.655
2025-02-01,wk inc flu hosp,3,2025-02-22,12,quantile,0.15,208.13
2025-02-01,wk inc flu hosp,3,2025-02-22,12,quantile,0.2,243.599
2025-02-01,wk inc flu hosp,3,2025-02-22,12,quantile,0.25,273.737
2025-02-01,wk inc flu hosp,3,2025-02-22,12,quantile,0.3,295.075
2025-02-01,wk inc flu hosp,3,2025-02-22,12,quantile,0.35,315.334
2025-02-01,wk inc flu hosp,3,2025-02-22,12,quantile,0.4,341.57
2025-02-01,wk inc flu hosp,3,2025-02-22,12,quantile,0.45,366.034
2025-02-01,wk inc flu hosp,3,2025-02-22,12,quantile,0.5,392.987
2025-02-01,wk inc flu hosp,3,2025-02-22,12,quantile,0.55,421.844
2025-02-01,wk inc flu hosp,3,2025-02-22,12,quantile,0.6,451.293
2025-02-01,wk inc flu hosp,3,2025-02-22,12,quantile,0.65,488.553
2025-02-01,wk inc flu hosp,3,2025-02-22,12,quantile,0.7,525.204
2025-02-01,wk inc flu hosp,3,2025-02-22,12,quantile,0.75,570.209
2025-02-01,wk inc flu hosp,3,2025-02-22,12,quantile,0.8,625.446
2025-02-01,wk inc flu hosp,3,2025-02-22,12,quantile,0.85,704.485
2025-02-01,wk inc flu hosp,3,2025-02-22,12,quantile,0.9,789.205
2025-02-01,wk inc flu hosp,3,2025-02-22,12,quantile,0.95,1019.204
2025-02-01,wk inc flu hosp,3,2025-02-22,12,quantile,0.975,1216.866
2025-02-01,wk inc flu hosp,3,2025-02-22,12,quantile,0.99,1557.423
2025-02-01,wk inc flu hosp,0,2025-02-01,13,quantile,0.01,256.812
2025-02-01,wk inc flu hosp,0,2025-02-01,13,quantile,0.025,321.045
2025-02-01,wk inc flu hosp,0,2025-02-01,13,quantile,0.05,389.822
2025-02-01,wk inc flu hosp,0,2025-02-01,13,quantile,0.1,466.482
2025-02-01,wk inc flu hosp,0,2025-02-01,13,quantile,0.15,523.525
2025-02-01,wk inc flu hosp,0,2025-02-01,13,quantile,0.2,572.818
2025-02-01,wk inc flu hosp,0,2025-02-01,13,quantile,0.25,618.717
2025-02-01,wk inc flu hosp,0,2025-02-01,13,quantile,0.3,654.587
2025-02-01,wk inc flu hosp,0,2025-02-01,13,quantile,0.35,689.014
2025-02-01,wk inc flu hosp,0,2025-02-01,13,quantile,0.4,722.81
2025-02-01,wk inc flu hosp,0,2025-02-01,13,quantile,0.45,754.209
2025-02-01,wk inc flu hosp,0,2025-02-01,13,quantile,0.5,774.579
2025-02-01,wk inc flu hosp,0,2025-02-01,13,quantile,0.55,809.493
2025-02-01,wk inc flu hosp,0,2025-02-01,13,quantile,0.6,840.13
2025-02-01,wk inc flu hosp,0,2025-02-01,13,quantile,0.65,886.704
2025-02-01,wk inc flu hosp,0,2025-02-01,13,quantile,0.7,931.829
2025-02-01,wk inc flu hosp,0,2025-02-01,13,quantile,0.75,979.852
2025-02-01,wk inc flu hosp,0,2025-02-01,13,quantile,0.8,1027.92
2025-02-01,wk inc flu hosp,0,2025-02-01,13,quantile,0.85,1089.638
2025-02-01,wk inc flu hosp,0,2025-02-01,13,quantile,0.9,1169.25
2025-02-01,wk inc flu hosp,0,2025-02-01,13,quantile,0.95,1373.589
2025-02-01,wk inc flu hosp,0,2025-02-01,13,quantile,0.975,1550.851
2025-02-01,wk inc flu hosp,0,2025-02-01,13,quantile,0.99,1809.06
2025-02-01,wk inc flu hosp,1,2025-02-08,13,quantile,0.01,101.809
2025-02-01,wk inc flu hosp,1,2025-02-08,13,quantile,0.025,159.273
2025-02-01,wk inc flu hosp,1,2025-02-08,13,quantile,0.05,197.481
2025-02-01,wk inc flu hosp,1,2025-02-08,13,quantile,0.1,263.917
2025-02-01,wk inc flu hosp,1,2025-02-08,13,quantile,0.15,315.008
2025-02-01,wk inc flu hosp,1,2025-02-08,13,quantile,0.2,352.45
2025-02-01,wk inc flu hosp,1,2025-02-08,13,quantile,0.25,384.99
2025-02-01,wk inc flu hosp,1,2025-02-08,13,quantile,0.3,414.897
2025-02-01,wk inc flu hosp,1,2025-02-08,13,quantile,0.35,446.004
2025-02-01,wk inc flu hosp,1,2025-02-08,13,quantile,0.4,475.738
2025-02-01,wk inc flu hosp,1,2025-02-08,13,quantile,0.45,504.051
2025-02-01,wk inc flu hosp,1,2025-02-08,13,quantile,0.5,529.895
2025-02-01,wk inc flu hosp,1,2025-02-08,13,quantile,0.55,566.597
2025-02-01,wk inc flu hosp,1,2025-02-08,13,quantile,0.6,605.277
2025-02-01,wk inc flu hosp,1,2025-02-08,13,quantile,0.65,630.853
2025-02-01,wk inc flu hosp,1,2025-02-08,13,quantile,0.7,673.87
2025-02-01,wk inc flu hosp,1,2025-02-08,13,quantile,0.75,728.25
2025-02-01,wk inc flu hosp,1,2025-02-08,13,quantile,0.8,773.749
2025-02-01,wk inc flu hosp,1,2025-02-08,13,quantile,0.85,846.996
2025-02-01,wk inc flu hosp,1,2025-02-08,13,quantile,0.9,954.736
2025-02-01,wk inc flu hosp,1,2025-02-08,13,quantile,0.95,1145.469
2025-02-01,wk inc flu hosp,1,2025-02-08,13,quantile,0.975,1337.798
2025-02-01,wk inc flu hosp,1,2025-02-08,13,quantile,0.99,1503.23
2025-02-01,wk inc flu hosp,2,2025-02-15,13,quantile,0.01,31.435
2025-02-01,wk inc flu hosp,2,2025-02-15,13,quantile,0.025,62.399
2025-02-01,wk inc flu hosp,2,2025-02-15,13,quantile,0.05,92.127
2025-02-01,wk inc flu hosp,2,2025-02-15,13,quantile,0.1,129.994
2025-02-01,wk inc flu hosp,2,2025-02-15,13,quantile,0.15,168.729
2025-02-01,wk inc flu hosp,2,2025-02-15,13,quantile,0.2,193.872
2025-02-01,wk inc flu hosp,2,2025-02-15,13,quantile,0.25,209.823
2025-02-01,wk inc flu hosp,2,2025-02-15,13,quantile,0.3,231.571
2025-02-01,wk inc flu hosp,2,2025-02-15,13,quantile,0.35,254.916
2025-02-01,wk inc flu hosp,2,2025-02-15,13,quantile,0.4,278.159
2025-02-01,wk inc flu hosp,2,2025-02-15,13,quantile,0.45,301.576
2025-02-01,wk inc flu hosp,2,2025-02-15,13,quantile,0.5,325.028
2025-02-01,wk inc flu hosp,2,2025-02-15,13,quantile,0.55,352.041
2025-02-01,wk inc flu hosp,2,2025-02-15,13,quantile,0.6,380.807
2025-02-01,wk inc flu hosp,2,2025-02-15,13,quantile,0.65,400.307
2025-02-01,wk inc flu hosp,2,2025-02-15,13,quantile,0.7,433.328
2025-02-01,wk inc flu hosp,2,2025-02-15,13,quantile,0.75,474.074
2025-02-01,wk inc flu hosp,2,2025-02-15,13,quantile,0.8,523.578
2025-02-01,wk inc flu hosp,2,2025-02-15,13,quantile,0.85,600.934
2025-02-01,wk inc flu hosp,2,2025-02-15,13,quantile,0.9,705.731
2025-02-01,wk inc flu hosp,2,2025-02-15,13,quantile,0.95,818.217
2025-02-01,wk inc flu hosp,2,2025-02-15,13,quantile,0.975,994.218
2025-02-01,wk inc flu hosp,2,2025-02-15,13,quantile,0.99,1126.788
2025-02-01,wk inc flu hosp,3,2025-02-22,13,quantile,0.01,10.24
2025-02-01,wk inc flu hosp,3,2025-02-22,13,quantile,0.025,21.685
2025-02-01,wk inc flu hosp,3,2025-02-22,13,quantile,0.05,39.367
2025-02-01,wk inc flu hosp,3,2025-02-22,13,quantile,0.1,60.131
2025-02-01,wk inc flu hosp,3,2025-02-22,13,quantile,0.15,78.932
2025-02-01,wk inc flu hosp,3,2025-02-22,13,quantile,0.2,95.238
2025-02-01,wk inc flu hosp,3,2025-02-22,13,quantile,0.25,106.806
2025-02-01,wk inc flu hosp,3,2025-02-22,13,quantile,0.3,121.707
2025-02-01,wk inc flu hosp,3,2025-02-22,13,quantile,0.35,135.071
2025-02-01,wk inc flu hosp,3,2025-02-22,13,quantile,0.4,151.935
2025-02-01,wk inc flu hosp,3,2025-02-22,13,quantile,0.45,166.265
2025-02-01,wk inc flu hosp,3,2025-02-22,13,quantile,0.5,181.643
2025-02-01,wk inc flu hosp,3,2025-02-22,13,quantile,0.55,199.689
2025-02-01,wk inc flu hosp,3,2025-02-22,13,quantile,0.6,217.771
2025-02-01,wk inc flu hosp,3,2025-02-22,13,quantile,0.65,236.138
2025-02-01,wk inc flu hosp,3,2025-02-22,13,quantile,0.7,260.621
2025-02-01,wk inc flu hosp,3,2025-02-22,13,quantile,0.75,289.162
2025-02-01,wk inc flu hosp,3,2025-02-22,13,quantile,0.8,328.165
2025-02-01,wk inc flu hosp,3,2025-02-22,13,quantile,0.85,375.617
2025-02-01,wk inc flu hosp,3,2025-02-22,13,quantile,0.9,453.812
2025-02-01,wk inc flu hosp,3,2025-02-22,13,quantile,0.95,593.624
2025-02-01,wk inc flu hosp,3,2025-02-22,13,quantile,0.975,697.652
2025-02-01,wk inc flu hosp,3,2025-02-22,13,quantile,0.99,814.343
2025-02-01,wk inc flu hosp,0,2025-02-01,15,quantile,0.01,7.072
2025-02-01,wk inc flu hosp,0,2025-02-01,15,quantile,0.025,12.43
2025-02-01,wk inc flu hosp,0,2025-02-01,15,quantile,0.05,19.837
2025-02-01,wk inc flu hosp,0,2025-02-01,15,quantile,0.1,27.612
2025-02-01,wk inc flu hosp,0,2025-02-01,15,quantile,0.15,32.066
2025-02-01,wk inc flu hosp,0,2025-02-01,15,quantile,0.2,36.104
2025-02-01,wk inc flu hosp,0,2025-02-01,15,quantile,0.25,39.341
2025-02-01,wk inc flu hosp,0,2025-02-01,15,quantile,0.3,42.703
2025-02-01,wk inc flu hosp,0,2025-02-01,15,quantile,0.35,45.414
2025-02-01,wk inc flu hosp,0,2025-02-01,15,quantile,0.4,48.278
2025-02-01,wk inc flu hosp,0,2025-02-01,15,quantile,0.45,51.036
2025-02-01,wk inc flu hosp,0,2025-02-01,15,quantile,0.5,53.993
2025-02-01,wk inc flu hosp,0,2025-02-01,15,quantile,0.55,56.734
2025-02-01,wk inc flu hosp,0,2025-02-01,15,quantile,0.6,59.874
2025-02-01,wk inc flu hosp,0,2025-02-01,15,quantile,0.65,61.821
2025-02-01,wk inc flu hosp,0,2025-02-01,15,quantile,0.7,65.16
2025-02-01,wk inc flu hosp,0,2025-02-01,15,quantile,0.75,70.565
2025-02-01,wk inc flu hosp,0,2025-02-01,15,quantile,0.8,75.041
2025-02-01,wk inc flu hosp,0,2025-02-01,15,quantile,0.85,79.388
2025-02-01,wk inc flu hosp,0,2025-02-01,15,quantile,0.9,89.099
2025-02-01,wk inc flu hosp,0,2025-02-01,15,quantile,0.95,102.214
2025-02-01,wk inc flu hosp,0,2025-02-01,15,quantile,0.975,116.558
2025-02-01,wk inc flu hosp,0,2025-02-01,15,quantile,0.99,135.273
2025-02-01,wk inc flu hosp,1,2025-02-08,15,quantile,0.01,2.748
2025-02-01,wk inc flu hosp,1,2025-02-08,15,quantile,0.025,5.092
2025-02-01,wk inc flu hosp,1,2025-02-08,15,quantile,0.05,8.81
2025-02-01,wk inc flu hosp,1,2025-02-08,15,quantile,0.1,13.911
2025-02-01,wk inc flu hosp,1,2025-02-08,15,quantile,0.15,17.723
2025-02-01,wk inc flu hosp,1,2025-02-08,15,quantile,0.2,20.25
2025-02-01,wk inc flu hosp,1,2025-02-08,15,quantile,0.25,23.348
2025-02-01,wk inc flu hosp,1,2025-02-08,15,quantile,0.3,25.597
2025-02-01,wk inc flu hosp,1,2025-02-08,15,quantile,0.35,27.837
2025-02-01,wk inc flu hosp,1,2025-02-08,15,quantile,0.4,30.513
2025-02-01,wk inc flu hosp,1,2025-02-08,15,quantile,0.45,32.53
2025-02-01,wk inc flu hosp,1,2025-02-08,15,quantile,0.5,34.34
2025-02-01,wk inc flu hosp,1,2025-02-08,15,quantile,0.55,36.426
2025-02-01,wk inc flu hosp,1,2025-02-08,15,quantile,0.6,39.784
2025-02-01,wk inc flu hosp,1,2025-02-08,15,quantile,0.65,42.746
2025-02-01,wk inc flu hosp,1,2025-02-08,15,quantile,0.7,45.451
2025-02-01,wk inc flu hosp,1,2025-02-08,15,quantile,0.75,48.327
2025-02-01,wk inc flu hosp,1,2025-02-08,15,quantile,0.8,52.384
2025-02-01,wk inc flu hosp,1,2025-02-08,15,quantile,0.85,57.922
2025-02-01,wk inc flu hosp,1,2025-02-08,15,quantile,0.9,65.688
2025-02-01,wk inc flu hosp,1,2025-02-08,15,quantile,0.95,76.276
2025-02-01,wk inc flu hosp,1,2025-02-08,15,quantile,0.975,88.182
2025-02-01,wk inc flu hosp,1,2025-02-08,15,quantile,0.99,123.896
2025-02-01,wk inc flu hosp,2,2025-02-15,15,quantile,0.01,1.029
2025-02-01,wk inc flu hosp,2,2025-02-15,15,quantile,0.025,1.77
2025-02-01,wk inc flu hosp,2,2025-02-15,15,quantile,0.05,3.944
2025-02-01,wk inc flu hosp,2,2025-02-15,15,quantile,0.1,6.628
2025-02-01,wk inc flu hosp,2,2025-02-15,15,quantile,0.15,9.287
2025-02-01,wk inc flu hosp,2,2025-02-15,15,quantile,0.2,10.864
2025-02-01,wk inc flu hosp,2,2025-02-15,15,quantile,0.25,12.727
2025-02-01,wk inc flu hosp,2,2025-02-15,15,quantile,0.3,14.613
2025-02-01,wk inc flu hosp,2,2025-02-15,15,quantile,0.35,16.576
2025-02-01,wk inc flu hosp,2,2025-02-15,15,quantile,0.4,18.259
2025-02-01,wk inc flu hosp,2,2025-02-15,15,quantile,0.45,19.589
2025-02-01,wk inc flu hosp,2,2025-02-15,15,quantile,0.5,21.405
2025-02-01,wk inc flu hosp,2,2025-02-15,15,quantile,0.55,22.948
2025-02-01,wk inc flu hosp,2,2025-02-15,15,quantile,0.6,25.136
2025-02-01,wk inc flu hosp,2,2025-02-15,15,quantile,0.65,27.365
2025-02-01,wk inc flu hosp,2,2025-02-15,15,quantile,0.7,29.545
2025-02-01,wk inc flu hosp,2,2025-02-15,15,quantile,0.75,32.32
2025-02-01,wk inc flu hosp,2,2025-02-15,15,quantile,0.8,34.693
2025-02-01,wk inc flu hosp,2,2025-02-15,15,quantile,0.85,38.836
2025-02-01,wk inc flu hosp,2,2025-02-15,15,quantile,0.9,43.902
2025-02-01,wk inc flu hosp,2,2025-02-15,15,quantile,0.95,54.969
2025-02-01,wk inc flu hosp,2,2025-02-15,15,quantile,0.975,63.35
2025-02-01,wk inc flu hosp,2,2025-02-15,15,quantile,0.99,86.236
2025-02-01,wk inc flu hosp,3,2025-02-22,15,quantile,0.01,0.322
2025-02-01,wk inc flu hosp,3,2025-02-22,15,quantile,0.025,0.739
2025-02-01,wk inc flu hosp,3,2025-02-22,15,quantile,0.05,1.682
2025-02-01,wk inc flu hosp,3,2025-02-22,15,quantile,0.1,3.165
2025-02-01,wk inc flu hosp,3,2025-02-22,15,quantile,0.15,4.55
2025-02-01,wk inc flu hosp,3,2025-02-22,15,quantile,0.2,5.799
2025-02-01,wk inc flu hosp,3,2025-02-22,15,quantile,0.25,6.979
2025-02-01,wk inc flu hosp,3,2025-02-22,15,quantile,0.3,8.066
2025-02-01,wk inc flu hosp,3,2025-02-22,15,quantile,0.35,9.344
2025-02-01,wk inc flu hosp,3,2025-02-22,15,quantile,0.4,10.664
2025-02-01,wk inc flu hosp,3,2025-02-22,15,quantile,0.45,11.827
2025-02-01,wk inc flu hosp,3,2025-02-22,15,quantile,0.5,12.833
2025-02-01,wk inc flu hosp,3,2025-02-22,15,quantile,0.55,14.032
2025-02-01,wk inc flu hosp,3,2025-02-22,15,quantile,0.6,15.306
2025-02-01,wk inc flu hosp,3,2025-02-22,15,quantile,0.65,17.017
2025-02-01,wk inc flu hosp,3,2025-02-22,15,quantile,0.7,18.755
2025-02-01,wk inc flu hosp,3,2025-02-22,15,quantile,0.75,20.69
2025-02-01,wk inc flu hosp,3,2025-02-22,15,quantile,0.8,22.482
2025-02-01,wk inc flu hosp,3,2025-02-22,15,quantile,0.85,25.348
2025-02-01,wk inc flu hosp,3,2025-02-22,15,quantile,0.9,30.155
2025-02-01,wk inc flu hosp,3,2025-02-22,15,quantile,0.95,40.106
2025-02-01,wk inc flu hosp,3,2025-02-22,15,quantile,0.975,49.301
2025-02-01,wk inc flu hosp,3,2025-02-22,15,quantile,0.99,124.695
2025-02-01,wk inc flu hosp,0,2025-02-01,16,quantile,0.01,11.225
2025-02-01,wk inc flu hosp,0,2025-02-01,16,quantile,0.025,14.893
2025-02-01,wk inc flu hosp,0,2025-02-01,16,quantile,0.05,20.429
2025-02-01,wk inc flu hosp,0,2025-02-01,16,quantile,0.1,26.199
2025-02-01,wk inc flu hosp,0,2025-02-01,16,quantile,0.15,30.635
2025-02-01,wk inc flu hosp,0,2025-02-01,16,quantile,0.2,33.796
2025-02-01,wk inc flu hosp,0,2025-02-01,16,quantile,0.25,37.472
2025-02-01,wk inc flu hosp,0,2025-02-01,16,quantile,0.3,40.297
2025-02-01,wk inc flu hosp,0,2025-02-01,16,quantile,0.35,42.436
2025-02-01,wk inc flu hosp,0,2025-02-01,16,quantile,0.4,45.2
2025-02-01,wk inc flu hosp,0,2025-02-01,16,quantile,0.45,47.691
2025-02-01,wk inc flu hosp,0,2025-02-01,16,quantile,0.5,50.767
2025-02-01,wk inc flu hosp,0,2025-02-01,16,quantile,0.55,53.241
2025-02-01,wk inc flu hosp,0,2025-02-01,16,quantile,0.6,56.874
2025-02-01,wk inc flu hosp,0,2025-02-01,16,quantile,0.65,59.32
2025-02-01,wk inc flu hosp,0,2025-02-01,16,quantile,0.7,62.632
2025-02-01,wk inc flu hosp,0,2025-02-01,16,quantile,0.75,66.477
2025-02-01,wk inc flu hosp,0,2025-02-01,16,quantile,0.8,70.089
2025-02-01,wk inc flu hosp,0,2025-02-01,16,quantile,0.85,75.192
2025-02-01,wk inc flu hosp,0,2025-02-01,16,quantile,0.9,81.524
2025-02-01,wk inc flu hosp,0,2025-02-01,16,quantile,0.95,96.717
2025-02-01,wk inc flu hosp,0,2025-02-01,16,quantile,0.975,121.314
2025-02-01,wk inc flu hosp,0,2025-02-01,16,quantile,0.99,160.769
2025-02-01,wk inc flu hosp,1,2025-02-08,16,quantile,0.01,3.448
2025-02-01,wk inc flu hosp,1,2025-02-08,16,quantile,0.025,5.526
2025-02-01,wk inc flu hosp,1,2025-02-08,16,quantile,0.05,7.881
2025-02-01,wk inc flu hosp,1,2025-02-08,16,quantile,0.1,11.556
2025-02-01,wk inc flu hosp,1,2025-02-08,16,quantile,0.15,13.813
2025-02-01,wk inc flu hosp,1,2025-02-08,16,quantile,0.2,16.497
2025-02-01,wk inc flu hosp,1,2025-02-08,16,quantile,0.25,18.426
2025-02-01,wk inc flu hosp,1,2025-02-08,16,quantile,0.3,20.562
2025-02-01,wk inc flu hosp,1,2025-02-08,16,quantile,0.35,22.339
2025-02-01,wk inc flu hosp,1,2025-02-08,16,quantile,0.4,24.166
2025-02-01,wk inc flu hosp,1,2025-02-08,16,quantile,0.45,26.072
2025-02-01,wk inc flu hosp,1,2025-02-08,16,quantile,0.5,28.126
2025-02-01,wk inc flu hosp,1,2025-02-08,16,quantile,0.55,30.705
2025-02-01,wk inc flu hosp,1,2025-02-08,16,quantile,0.6,32.545
2025-02-01,wk inc flu hosp,1,2025-02-08,16,quantile,0.65,34.519
2025-02-01,wk inc flu hosp,1,2025-02-08,16,quantile,0.7,37.5
2025-02-01,wk inc flu hosp,1,2025-02-08,16,quantile,0.75,39.214
2025-02-01,wk inc flu hosp,1,2025-02-08,16,quantile,0.8,42.644
2025-02-01,wk inc flu hosp,1,2025-02-08,16,quantile,0.85,46.107
2025-02-01,wk inc flu hosp,1,2025-02-08,16,quantile,0.9,51.024
2025-02-01,wk inc flu hosp,1,2025-02-08,16,quantile,0.95,60.699
2025-02-01,wk inc flu hosp,1,2025-02-08,16,quantile,0.975,79.816
2025-02-01,wk inc flu hosp,1,2025-02-08,16,quantile,0.99,191.942
2025-02-01,wk inc flu hosp,2,2025-02-15,16,quantile,0.01,1.177
2025-02-01,wk inc flu hosp,2,2025-02-15,16,quantile,0.025,1.98
2025-02-01,wk inc flu hosp,2,2025-02-15,16,quantile,0.05,2.808
2025-02-01,wk inc flu hosp,2,2025-02-15,16,quantile,0.1,4.528
2025-02-01,wk inc flu hosp,2,2025-02-15,16,quantile,0.15,6.093
2025-02-01,wk inc flu hosp,2,2025-02-15,16,quantile,0.2,7.561
2025-02-01,wk inc flu hosp,2,2025-02-15,16,quantile,0.25,8.72
2025-02-01,wk inc flu hosp,2,2025-02-15,16,quantile,0.3,9.973
2025-02-01,wk inc flu hosp,2,2025-02-15,16,quantile,0.35,11.274
2025-02-01,wk inc flu hosp,2,2025-02-15,16,quantile,0.4,12.389
2025-02-01,wk inc flu hosp,2,2025-02-15,16,quantile,0.45,13.652
2025-02-01,wk inc flu hosp,2,2025-02-15,16,quantile,0.5,15.049
2025-02-01,wk inc flu hosp,2,2025-02-15,16,quantile,0.55,16.603
2025-02-01,wk inc flu hosp,2,2025-02-15,16,quantile,0.6,18.133
2025-02-01,wk inc flu hosp,2,2025-02-15,16,quantile,0.65,19.194
2025-02-01,wk inc flu hosp,2,2025-02-15,16,quantile,0.7,20.825
2025-02-01,wk inc flu hosp,2,2025-02-15,16,quantile,0.75,22.853
2025-02-01,wk inc flu hosp,2,2025-02-15,16,quantile,0.8,24.914
2025-02-01,wk inc flu hosp,2,2025-02-15,16,quantile,0.85,26.48
2025-02-01,wk inc flu hosp,2,2025-02-15,16,quantile,0.9,29.987
2025-02-01,wk inc flu hosp,2,2025-02-15,16,quantile,0.95,38.221
2025-02-01,wk inc flu hosp,2,2025-02-15,16,quantile,0.975,49.848
2025-02-01,wk inc flu hosp,2,2025-02-15,16,quantile,0.99,132.945
2025-02-01,wk inc flu hosp,3,2025-02-22,16,quantile,0.01,0.328
2025-02-01,wk inc flu hosp,3,2025-02-22,16,quantile,0.025,0.573
2025-02-01,wk inc flu hosp,3,2025-02-22,16,quantile,0.05,1.083
2025-02-01,wk inc flu hosp,3,2025-02-22,16,quantile,0.1,1.871
2025-02-01,wk inc flu hosp,3,2025-02-22,16,quantile,0.15,2.665
2025-02-01,wk inc flu hosp,3,2025-02-22,16,quantile,0.2,3.469
2025-02-01,wk inc flu hosp,3,2025-02-22,16,quantile,0.25,4.142
2025-02-01,wk inc flu hosp,3,2025-02-22,16,quantile,0.3,4.824
2025-02-01,wk inc flu hosp,3,2025-02-22,16,quantile,0.35,5.593
2025-02-01,wk inc flu hosp,3,2025-02-22,16,quantile,0.4,6.343
2025-02-01,wk inc flu hosp,3,2025-02-22,16,quantile,0.45,6.97
2025-02-01,wk inc flu hosp,3,2025-02-22,16,quantile,0.5,7.771
2025-02-01,wk inc flu hosp,3,2025-02-22,16,quantile,0.55,8.787
2025-02-01,wk inc flu hosp,3,2025-02-22,16,quantile,0.6,9.802
2025-02-01,wk inc flu hosp,3,2025-02-22,16,quantile,0.65,10.695
2025-02-01,wk inc flu hosp,3,2025-02-22,16,quantile,0.7,11.537
2025-02-01,wk inc flu hosp,3,2025-02-22,16,quantile,0.75,12.62
2025-02-01,wk inc flu hosp,3,2025-02-22,16,quantile,0.8,14.229
2025-02-01,wk inc flu hosp,3,2025-02-22,16,quantile,0.85,16.144
2025-02-01,wk inc flu hosp,3,2025-02-22,16,quantile,0.9,18.3
2025-02-01,wk inc flu hosp,3,2025-02-22,16,quantile,0.95,24.499
2025-02-01,wk inc flu hosp,3,2025-02-22,16,quantile,0.975,38.792
2025-02-01,wk inc flu hosp,3,2025-02-22,16,quantile,0.99,125.441
2025-02-01,wk inc flu hosp,0,2025-02-01,17,quantile,0.01,440.684
2025-02-01,wk inc flu hosp,0,2025-02-01,17,quantile,0.025,544.741
2025-02-01,wk inc flu hosp,0,2025-02-01,17,quantile,0.05,632.906
2025-02-01,wk inc flu hosp,0,2025-02-01,17,quantile,0.1,723.377
2025-02-01,wk inc flu hosp,0,2025-02-01,17,quantile,0.15,779.443
2025-02-01,wk inc flu hosp,0,2025-02-01,17,quantile,0.2,831.834
2025-02-01,wk inc flu hosp,0,2025-02-01,17,quantile,0.25,875.953
2025-02-01,wk inc flu hosp,0,2025-02-01,17,quantile,0.3,913.244
2025-02-01,wk inc flu hosp,0,2025-02-01,17,quantile,0.35,949.201
2025-02-01,wk inc flu hosp,0,2025-02-01,17,quantile,0.4,991.076
2025-02-01,wk inc flu hosp,0,2025-02-01,17,quantile,0.45,1036.807
2025-02-01,wk inc flu hosp,0,2025-02-01,17,quantile,0.5,1076.194
2025-02-01,wk inc flu hosp,0,2025-02-01,17,quantile,0.55,1110.732
2025-02-01,wk inc flu hosp,0,2025-02-01,17,quantile,0.6,1160.855
2025-02-01,wk inc flu hosp,0,2025-02-01,17,quantile,0.65,1186.921
2025-02-01,wk inc flu hosp,0,2025-02-01,17,quantile,0.7,1233.825
2025-02-01,wk inc flu hosp,0,2025-02-01,17,quantile,0.75,1293.341
2025-02-01,wk inc flu hosp,0,2025-02-01,17,quantile,0.8,1346.413
2025-02-01,wk inc flu hosp,0,2025-02-01,17,quantile,0.85,1431.336
2025-02-01,wk inc flu hosp,0,2025-02-01,17,quantile,0.9,1533.716
2025-02-01,wk inc flu hosp,0,2025-02-01,17,quantile,0.95,1723.938
2025-02-01,wk inc flu hosp,0,2025-02-01,17,quantile,0.975,2062.263
2025-02-01,wk inc flu hosp,0,2025-02-01,17,quantile,0.99,2570.71
2025-02-01,wk inc flu hosp,1,2025-02-08,17,quantile,0.01,152.771
2025-02-01,wk inc flu hosp,1,2025-02-08,17,quantile,0.025,218.427
2025-02-01,wk inc flu hosp,1,2025-02-08,17,quantile,0.05,285.591
2025-02-01,wk inc flu hosp,1,2025-02-08,17,quantile,0.1,358.203
2025-02-01,wk inc flu hosp,1,2025-02-08,17,quantile,0.15,399.223
2025-02-01,wk inc flu hosp,1,2025-02-08,17,quantile,0.2,434.889
2025-02-01,wk inc flu hosp,1,2025-02-08,17,quantile,0.25,461.702
2025-02-01,wk inc flu hosp,1,2025-02-08,17,quantile,0.3,489.863
2025-02-01,wk inc flu hosp,1,2025-02-08,17,quantile,0.35,519.044
2025-02-01,wk inc flu hosp,1,2025-02-08,17,quantile,0.4,548.587
2025-02-01,wk inc flu hosp,1,2025-02-08,17,quantile,0.45,584.971
2025-02-01,wk inc flu hosp,1,2025-02-08,17,quantile,0.5,617.626
2025-02-01,wk inc flu hosp,1,2025-02-08,17,quantile,0.55,648.247
2025-02-01,wk inc flu hosp,1,2025-02-08,17,quantile,0.6,687.227
2025-02-01,wk inc flu hosp,1,2025-02-08,17,quantile,0.65,723.512
2025-02-01,wk inc flu hosp,1,2025-02-08,17,quantile,0.7,769.346
2025-02-01,wk inc flu hosp,1,2025-02-08,17,quantile,0.75,787.634
2025-02-01,wk inc flu hosp,1,2025-02-08,17,quantile,0.8,853.27
2025-02-01,wk inc flu hosp,1,2025-02-08,17,quantile,0.85,916.803
2025-02-01,wk inc flu hosp,1,2025-02-08,17,quantile,0.9,1014.421
2025-02-01,wk inc flu hosp,1,2025-02-08,17,quantile,0.95,1229.537
2025-02-01,wk inc flu hosp,1,2025-02-08,17,quantile,0.975,1602.618
2025-02-01,wk inc flu hosp,1,2025-02-08,17,quantile,0.99,3013.57
2025-02-01,wk inc flu hosp,2,2025-02-15,17,quantile,0.01,47.974
2025-02-01,wk inc flu hosp,2,2025-02-15,17,quantile,0.025,86.977
2025-02-01,wk inc flu hosp,2,2025-02-15,17,quantile,0.05,121.813
2025-02-01,wk inc flu hosp,2,2025-02-15,17,quantile,0.1,160.969
2025-02-01,wk inc flu hosp,2,2025-02-15,17,quantile,0.15,184.391
2025-02-01,wk inc flu hosp,2,2025-02-15,17,quantile,0.2,206.38
2025-02-01,wk inc flu hosp,2,2025-02-15,17,quantile,0.25,221.856
2025-02-01,wk inc flu hosp,2,2025-02-15,17,quantile,0.3,242.674
2025-02-01,wk inc flu hosp,2,2025-02-15,17,quantile,0.35,263.587
2025-02-01,wk inc flu hosp,2,2025-02-15,17,quantile,0.4,283.149
2025-02-01,wk inc flu hosp,2,2025-02-15,17,quantile,0.45,302.974
2025-02-01,wk inc flu hosp,2,2025-02-15,17,quantile,0.5,330.113
2025-02-01,wk inc flu hosp,2,2025-02-15,17,quantile,0.55,352.622
2025-02-01,wk inc flu hosp,2,2025-02-15,17,quantile,0.6,372.161
2025-02-01,wk inc flu hosp,2,2025-02-15,17,quantile,0.65,398.335
2025-02-01,wk inc flu hosp,2,2025-02-15,17,quantile,0.7,430.036
2025-02-01,wk inc flu hosp,2,2025-02-15,17,quantile,0.75,459.504
2025-02-01,wk inc flu hosp,2,2025-02-15,17,quantile,0.8,498.572
2025-02-01,wk inc flu hosp,2,2025-02-15,17,quantile,0.85,552.063
2025-02-01,wk inc flu hosp,2,2025-02-15,17,quantile,0.9,619.032
2025-02-01,wk inc flu hosp,2,2025-02-15,17,quantile,0.95,776.643
2025-02-01,wk inc flu hosp,2,2025-02-15,17,quantile,0.975,1165.028
2025-02-01,wk inc flu hosp,2,2025-02-15,17,quantile,0.99,1918.673
2025-02-01,wk inc flu hosp,3,2025-02-22,17,quantile,0.01,12.909
2025-02-01,wk inc flu hosp,3,2025-02-22,17,quantile,0.025,28.247
2025-02-01,wk inc flu hosp,3,2025-02-22,17,quantile,0.05,46.65
2025-02-01,wk inc flu hosp,3,2025-02-22,17,quantile,0.1,62.863
2025-02-01,wk inc flu hosp,3,2025-02-22,17,quantile,0.15,74.354
2025-02-01,wk inc flu hosp,3,2025-02-22,17,quantile,0.2,86.718
2025-02-01,wk inc flu hosp,3,2025-02-22,17,quantile,0.25,96.242
2025-02-01,wk inc flu hosp,3,2025-02-22,17,quantile,0.3,108.449
2025-02-01,wk inc flu hosp,3,2025-02-22,17,quantile,0.35,121.5
2025-02-01,wk inc flu hosp,3,2025-02-22,17,quantile,0.4,133.34
2025-02-01,wk inc flu hosp,3,2025-02-22,17,quantile,0.45,146.217
2025-02-01,wk inc flu hosp,3,2025-02-22,17,quantile,0.5,156.592
2025-02-01,wk inc flu hosp,3,2025-02-22,17,quantile,0.55,171.152
2025-02-01,wk inc flu hosp,3,2025-02-22,17,quantile,0.6,184.267
2025-02-01,wk inc flu hosp,3,2025-02-22,17,quantile,0.65,198.965
2025-02-01,wk inc flu hosp,3,2025-02-22,17,quantile,0.7,221.674
2025-02-01,wk inc flu hosp,3,2025-02-22,17,quantile,0.75,233.862
2025-02-01,wk inc flu hosp,3,2025-02-22,17,quantile,0.8,260.778
2025-02-01,wk inc flu hosp,3,2025-02-22,17,quantile,0.85,294.12
2025-02-01,wk inc flu hosp,3,2025-02-22,17,quantile,0.9,351.132
2025-02-01,wk inc flu hosp,3,2025-02-22,17,quantile,0.95,467.725
2025-02-01,wk inc flu hosp,3,2025-02-22,17,quantile,0.975,605.603
2025-02-01,wk inc flu hosp,3,2025-02-22,17,quantile,0.99,867.213
2025-02-01,wk inc flu hosp,0,2025-02-01,18,quantile,0.01,157.351
2025-02-01,wk inc flu hosp,0,2025-02-01,18,quantile,0.025,199.412
2025-02-01,wk inc flu hosp,0,2025-02-01,18,quantile,0.05,239.271
2025-02-01,wk inc flu hosp,0,2025-02-01,18,quantile,0.1,288.025
2025-02-01,wk inc flu hosp,0,2025-02-01,18,quantile,0.15,323.099
2025-02-01,wk inc flu hosp,0,2025-02-01,18,quantile,0.2,345.377
2025-02-01,wk inc flu hosp,0,2025-02-01,18,quantile,0.25,370.524
2025-02-01,wk inc flu hosp,0,2025-02-01,18,quantile,0.3,386.889
2025-02-01,wk inc flu hosp,0,2025-02-01,18,quantile,0.35,409.54
2025-02-01,wk inc flu hosp,0,2025-02-01,18,quantile,0.4,425.911
2025-02-01,wk inc flu hosp,0,2025-02-01,18,quantile,0.45,442.684
2025-02-01,wk inc flu hosp,0,2025-02-01,18,quantile,0.5,462.212
2025-02-01,wk inc flu hosp,0,2025-02-01,18,quantile,0.55,476.085
2025-02-01,wk inc flu hosp,0,2025-02-01,18,quantile,0.6,496.989
2025-02-01,wk inc flu hosp,0,2025-02-01,18,quantile,0.65,507.798
2025-02-01,wk inc flu hosp,0,2025-02-01,18,quantile,0.7,527.308
2025-02-01,wk inc flu hosp,0,2025-02-01,18,quantile,0.75,550.467
2025-02-01,wk inc flu hosp,0,2025-02-01,18,quantile,0.8,579.566
2025-02-01,wk inc flu hosp,0,2025-02-01,18,quantile,0.85,613.893
2025-02-01,wk inc flu hosp,0,2025-02-01,18,quantile,0.9,661.882
2025-02-01,wk inc flu hosp,0,2025-02-01,18,quantile,0.95,768.865
2025-02-01,wk inc flu hosp,0,2025-02-01,18,quantile,0.975,866.712
2025-02-01,wk inc flu hosp,0,2025-02-01,18,quantile,0.99,1106.594
2025-02-01,wk inc flu hosp,1,2025-02-08,18,quantile,0.01,65.177
2025-02-01,wk inc flu hosp,1,2025-02-08,18,quantile,0.025,87.892
2025-02-01,wk inc flu hosp,1,2025-02-08,18,quantile,0.05,109.266
2025-02-01,wk inc flu hosp,1,2025-02-08,18,quantile,0.1,151.491
2025-02-01,wk inc flu hosp,1,2025-02-08,18,quantile,0.15,177.016
2025-02-01,wk inc flu hosp,1,2025-02-08,18,quantile,0.2,193.993
2025-02-01,wk inc flu hosp,1,2025-02-08,18,quantile,0.25,214.643
2025-02-01,wk inc flu hosp,1,2025-02-08,18,quantile,0.3,227.711
2025-02-01,wk inc flu hosp,1,2025-02-08,18,quantile,0.35,246.483
2025-02-01,wk inc flu hosp,1,2025-02-08,18,quantile,0.4,262.709
2025-02-01,wk inc flu hosp,1,2025-02-08,18,quantile,0.45,277.439
2025-02-01,wk inc flu hosp,1,2025-02-08,18,quantile,0.5,291.806
2025-02-01,wk inc flu hosp,1,2025-02-08,18,quantile,0.55,308.105
2025-02-01,wk inc flu hosp,1,2025-02-08,18,quantile,0.6,325.731
2025-02-01,wk inc flu hosp,1,2025-02-08,18,quantile,0.65,340.121
2025-02-01,wk inc flu hosp,1,2025-02-08,18,quantile,0.7,358.638
2025-02-01,wk inc flu hosp,1,2025-02-08,18,quantile,0.75,373.371
2025-02-01,wk inc flu hosp,1,2025-02-08,18,quantile,0.8,400.356
2025-02-01,wk inc flu hosp,1,2025-02-08,18,quantile,0.85,429.928
2025-02-01,wk inc flu hosp,1,2025-02-08,18,quantile,0.9,485.718
2025-02-01,wk inc flu hosp,1,2025-02-08,18,quantile,0.95,560.122
2025-02-01,wk inc flu hosp,1,2025-02-08,18,quantile,0.975,670.391
2025-02-01,wk inc flu hosp,1,2025-02-08,18,quantile,0.99,1060.739
2025-02-01,wk inc flu hosp,2,2025-02-15,18,quantile,0.01,24.064
2025-02-01,wk inc flu hosp,2,2025-02-15,18,quantile,0.025,36.33
2025-02-01,wk inc flu hosp,2,2025-02-15,18,quantile,0.05,46.957
2025-02-01,wk inc flu hosp,2,2025-02-15,18,quantile,0.1,71.717
2025-02-01,wk inc flu hosp,2,2025-02-15,18,quantile,0.15,87.244
2025-02-01,wk inc flu hosp,2,2025-02-15,18,quantile,0.2,103.551
2025-02-01,wk inc flu hosp,2,2025-02-15,18,quantile,0.25,113.37
2025-02-01,wk inc flu hosp,2,2025-02-15,18,quantile,0.3,123.724
2025-02-01,wk inc flu hosp,2,2025-02-15,18,quantile,0.35,136.09
2025-02-01,wk inc flu hosp,2,2025-02-15,18,quantile,0.4,146.694
2025-02-01,wk inc flu hosp,2,2025-02-15,18,quantile,0.45,157.25
2025-02-01,wk inc flu hosp,2,2025-02-15,18,quantile,0.5,169.804
2025-02-01,wk inc flu hosp,2,2025-02-15,18,quantile,0.55,181.554
2025-02-01,wk inc flu hosp,2,2025-02-15,18,quantile,0.6,194.854
2025-02-01,wk inc flu hosp,2,2025-02-15,18,quantile,0.65,211.208
2025-02-01,wk inc flu hosp,2,2025-02-15,18,quantile,0.7,225.291
2025-02-01,wk inc flu hosp,2,2025-02-15,18,quantile,0.75,238.27
2025-02-01,wk inc flu hosp,2,2025-02-15,18,quantile,0.8,260.756
2025-02-01,wk inc flu hosp,2,2025-02-15,18,quantile,0.85,288.657
2025-02-01,wk inc flu hosp,2,2025-02-15,18,quantile,0.9,327.267
2025-02-01,wk inc flu hosp,2,2025-02-15,18,quantile,0.95,397.522
2025-02-01,wk inc flu hosp,2,2025-02-15,18,quantile,0.975,496.121
2025-02-01,wk inc flu hosp,2,2025-02-15,18,quantile,0.99,1002.227
2025-02-01,wk inc flu hosp,3,2025-02-22,18,quantile,0.01,8.374
2025-02-01,wk inc flu hosp,3,2025-02-22,18,quantile,0.025,12.819
2025-02-01,wk inc flu hosp,3,2025-02-22,18,quantile,0.05,18.966
2025-02-01,wk inc flu hosp,3,2025-02-22,18,quantile,0.1,31.694
2025-02-01,wk inc flu hosp,3,2025-02-22,18,quantile,0.15,40.502
2025-02-01,wk inc flu hosp,3,2025-02-22,18,quantile,0.2,47.567
2025-02-01,wk inc flu hosp,3,2025-02-22,18,quantile,0.25,55.954
2025-02-01,wk inc flu hosp,3,2025-02-22,18,quantile,0.3,61.242
2025-02-01,wk inc flu hosp,3,2025-02-22,18,quantile,0.35,68.504
2025-02-01,wk inc flu hosp,3,2025-02-22,18,quantile,0.4,74.594
2025-02-01,wk inc flu hosp,3,2025-02-22,18,quantile,0.45,83.003
2025-02-01,wk inc flu hosp,3,2025-02-22,18,quantile,0.5,91.186
2025-02-01,wk inc flu hosp,3,2025-02-22,18,quantile,0.55,99.166
2025-02-01,wk inc flu hosp,3,2025-02-22,18,quantile,0.6,109.27
2025-02-01,wk inc flu hosp,3,2025-02-22,18,quantile,0.65,119.404
2025-02-01,wk inc flu hosp,3,2025-02-22,18,quantile,0.7,129.385
2025-02-01,wk inc flu hosp,3,2025-02-22,18,quantile,0.75,139.735
2025-02-01,wk inc flu hosp,3,2025-02-22,18,quantile,0.8,156.947
2025-02-01,wk inc flu hosp,3,2025-02-22,18,quantile,0.85,176.48
2025-02-01,wk inc flu hosp,3,2025-02-22,18,quantile,0.9,204.428
2025-02-01,wk inc flu hosp,3,2025-02-22,18,quantile,0.95,264.111
2025-02-01,wk inc flu hosp,3,2025-02-22,18,quantile,0.975,368.67
2025-02-01,wk inc flu hosp,3,2025-02-22,18,quantile,0.99,656.409
2025-02-01,wk inc flu hosp,0,2025-02-01,19,quantile,0.01,57.123
2025-02-01,wk inc flu hosp,0,2025-02-01,19,quantile,0.025,74.686
2025-02-01,wk inc flu hosp,0,2025-02-01,19,quantile,0.05,93.716
2025-02-01,wk inc flu hosp,0,2025-02-01,19,quantile,0.1,115.45
2025-02-01,wk inc flu hosp,0,2025-02-01,19,quantile,0.15,135.067
2025-02-01,wk inc flu hosp,0,2025-02-01,19,quantile,0.2,148.239
2025-02-01,wk inc flu hosp,0,2025-02-01,19,quantile,0.25,159.71
2025-02-01,wk inc flu hosp,0,2025-02-01,19,quantile,0.3,171.052
2025-02-01,wk inc flu hosp,0,2025-02-01,19,quantile,0.35,181.769
2025-02-01,wk inc flu hosp,0,2025-02-01,19,quantile,0.4,191.905
2025-02-01,wk inc flu hosp,0,2025-02-01,19,quantile,0.45,204.76
2025-02-01,wk inc flu hosp,0,2025-02-01,19,quantile,0.5,214.986
2025-02-01,wk inc flu hosp,0,2025-02-01,19,quantile,0.55,224.38
2025-02-01,wk inc flu hosp,0,2025-02-01,19,quantile,0.6,235.629
2025-02-01,wk inc flu hosp,0,2025-02-01,19,quantile,0.65,251.278
2025-02-01,wk inc flu hosp,0,2025-02-01,19,quantile,0.7,262.778
2025-02-01,wk inc flu hosp,0,2025-02-01,19,quantile,0.75,273.164
2025-02-01,wk inc flu hosp,0,2025-02-01,19,quantile,0.8,297.025
2025-02-01,wk inc flu hosp,0,2025-02-01,19,quantile,0.85,319.486
2025-02-01,wk inc flu hosp,0,2025-02-01,19,quantile,0.9,351.738
2025-02-01,wk inc flu hosp,0,2025-02-01,19,quantile,0.95,403.081
2025-02-01,wk inc flu hosp,0,2025-02-01,19,quantile,0.975,445.081
2025-02-01,wk inc flu hosp,0,2025-02-01,19,quantile,0.99,506.597
2025-02-01,wk inc flu hosp,1,2025-02-08,19,quantile,0.01,21.303
2025-02-01,wk inc flu hosp,1,2025-02-08,19,quantile,0.025,32.834
2025-02-01,wk inc flu hosp,1,2025-02-08,19,quantile,0.05,46.448
2025-02-01,wk inc flu hosp,1,2025-02-08,19,quantile,0.1,60.52
2025-02-01,wk inc flu hosp,1,2025-02-08,19,quantile,0.15,74.892
2025-02-01,wk inc flu hosp,1,2025-02-08,19,quantile,0.2,86.146
2025-02-01,wk inc flu hosp,1,2025-02-08,19,quantile,0.25,98.496
2025-02-01,wk inc flu hosp,1,2025-02-08,19,quantile,0.3,107.638
2025-02-01,wk inc flu hosp,1,2025-02-08,19,quantile,0.35,119.332
2025-02-01,wk inc flu hosp,1,2025-02-08,19,quantile,0.4,127.47
2025-02-01,wk inc flu hosp,1,2025-02-08,19,quantile,0.45,138.04
2025-02-01,wk inc flu hosp,1,2025-02-08,19,quantile,0.5,147.072
2025-02-01,wk inc flu hosp,1,2025-02-08,19,quantile,0.55,157.653
2025-02-01,wk inc flu hosp,1,2025-02-08,19,quantile,0.6,167.802
2025-02-01,wk inc flu hosp,1,2025-02-08,19,quantile,0.65,176.026
2025-02-01,wk inc flu hosp,1,2025-02-08,19,quantile,0.7,193.258
2025-02-01,wk inc flu hosp,1,2025-02-08,19,quantile,0.75,209.965
2025-02-01,wk inc flu hosp,1,2025-02-08,19,quantile,0.8,222.891
2025-02-01,wk inc flu hosp,1,2025-02-08,19,quantile,0.85,251.84
2025-02-01,wk inc flu hosp,1,2025-02-08,19,quantile,0.9,279.336
2025-02-01,wk inc flu hosp,1,2025-02-08,19,quantile,0.95,324.58
2025-02-01,wk inc flu hosp,1,2025-02-08,19,quantile,0.975,362.897
2025-02-01,wk inc flu hosp,1,2025-02-08,19,quantile,0.99,425.982
2025-02-01,wk inc flu hosp,2,2025-02-15,19,quantile,0.01,6.092
2025-02-01,wk inc flu hosp,2,2025-02-15,19,quantile,0.025,14.64
2025-02-01,wk inc flu hosp,2,2025-02-15,19,quantile,0.05,20.966
2025-02-01,wk inc flu hosp,2,2025-02-15,19,quantile,0.1,28.88
2025-02-01,wk inc flu hosp,2,2025-02-15,19,quantile,0.15,37.811
2025-02-01,wk inc flu hosp,2,2025-02-15,19,quantile,0.2,47.397
2025-02-01,wk inc flu hosp,2,2025-02-15,19,quantile,0.25,54.575
2025-02-01,wk inc flu hosp,2,2025-02-15,19,quantile,0.3,61.381
2025-02-01,wk inc flu hosp,2,2025-02-15,19,quantile,0.35,68.587
2025-02-01,wk inc flu hosp,2,2025-02-15,19,quantile,0.4,75.77
2025-02-01,wk inc flu hosp,2,2025-02-15,19,quantile,0.45,82.749
2025-02-01,wk inc flu hosp,2,2025-02-15,19,quantile,0.5,90.046
2025-02-01,wk inc flu hosp,2,2025-02-15,19,quantile,0.55,98.244
2025-02-01,wk inc flu hosp,2,2025-02-15,19,quantile,0.6,107.068
2025-02-01,wk inc flu hosp,2,2025-02-15,19,quantile,0.65,117.087
2025-02-01,wk inc flu hosp,2,2025-02-15,19,quantile,0.7,126.766
2025-02-01,wk inc flu hosp,2,2025-02-15,19,quantile,0.75,139.449
2025-02-01,wk inc flu hosp,2,2025-02-15,19,quantile,0.8,154.942
2025-02-01,wk inc flu hosp,2,2025-02-15,19,quantile,0.85,173.281
2025-02-01,wk inc flu hosp,2,2025-02-15,19,quantile,0.9,203.202
2025-02-01,wk inc flu hosp,2,2025-02-15,19,quantile,0.95,235.736
2025-02-01,wk inc flu hosp,2,2025-02-15,19,quantile,0.975,284.104
2025-02-01,wk inc flu hosp,2,2025-02-15,19,quantile,0.99,337.649
2025-02-01,wk inc flu hosp,3,2025-02-22,19,quantile,0.01,1.807
2025-02-01,wk inc flu hosp,3,2025-02-22,19,quantile,0.025,4.985
2025-02-01,wk inc flu hosp,3,2025-02-22,19,quantile,0.05,8.654
2025-02-01,wk inc flu hosp,3,2025-02-22,19,quantile,0.1,12.576
2025-02-01,wk inc flu hosp,3,2025-02-22,19,quantile,0.15,17.375
2025-02-01,wk inc flu hosp,3,2025-02-22,19,quantile,0.2,22.87
2025-02-01,wk inc flu hosp,3,2025-02-22,19,quantile,0.25,27.279
2025-02-01,wk inc flu hosp,3,2025-02-22,19,quantile,0.3,31.399
2025-02-01,wk inc flu hosp,3,2025-02-22,19,quantile,0.35,34.511
2025-02-01,wk inc flu hosp,3,2025-02-22,19,quantile,0.4,39.434
2025-02-01,wk inc flu hosp,3,2025-02-22,19,quantile,0.45,44.419
2025-02-01,wk inc flu hosp,3,2025-02-22,19,quantile,0.5,48.495
2025-02-01,wk inc flu hosp,3,2025-02-22,19,quantile,0.55,55.214
2025-02-01,wk inc flu hosp,3,2025-02-22,19,quantile,0.6,60.684
2025-02-01,wk inc flu hosp,3,2025-02-22,19,quantile,0.65,67.949
2025-02-01,wk inc flu hosp,3,2025-02-22,19,quantile,0.7,76.104
2025-02-01,wk inc flu hosp,3,2025-02-22,19,quantile,0.75,82.558
2025-02-01,wk inc flu hosp,3,2025-02-22,19,quantile,0.8,93.266
2025-02-01,wk inc flu hosp,3,2025-02-22,19,quantile,0.85,108.771
2025-02-01,wk inc flu hosp,3,2025-02-22,19,quantile,0.9,124.3
2025-02-01,wk inc flu hosp,3,2025-02-22,19,quantile,0.95,159.515
2025-02-01,wk inc flu hosp,3,2025-02-22,19,quantile,0.975,194.243
2025-02-01,wk inc flu hosp,3,2025-02-22,19,quantile,0.99,246.181
2025-02-01,wk inc flu hosp,0,2025-02-01,20,quantile,0.01,14.901
2025-02-01,wk inc flu hosp,0,2025-02-01,20,quantile,0.025,22.602
2025-02-01,wk inc flu hosp,0,2025-02-01,20,quantile,0.05,29.379
2025-02-01,wk inc flu hosp,0,2025-02-01,20,quantile,0.1,37.573
2025-02-01,wk inc flu hosp,0,2025-02-01,20,quantile,0.15,47.263
2025-02-01,wk inc flu hosp,0,2025-02-01,20,quantile,0.2,53.937
2025-02-01,wk inc flu hosp,0,2025-02-01,20,quantile,0.25,60.136
2025-02-01,wk inc flu hosp,0,2025-02-01,20,quantile,0.3,65.577
2025-02-01,wk inc flu hosp,0,2025-02-01,20,quantile,0.35,70.699
2025-02-01,wk inc flu hosp,0,2025-02-01,20,quantile,0.4,75.544
2025-02-01,wk inc flu hosp,0,2025-02-01,20,quantile,0.45,79.252
2025-02-01,wk inc flu hosp,0,2025-02-01,20,quantile,0.5,86.187
2025-02-01,wk inc flu hosp,0,2025-02-01,20,quantile,0.55,91.078
2025-02-01,wk inc flu hosp,0,2025-02-01,20,quantile,0.6,95.773
2025-02-01,wk inc flu hosp,0,2025-02-01,20,quantile,0.65,99.781
2025-02-01,wk inc flu hosp,0,2025-02-01,20,quantile,0.7,105.406
2025-02-01,wk inc flu hosp,0,2025-02-01,20,quantile,0.75,113.558
2025-02-01,wk inc flu hosp,0,2025-02-01,20,quantile,0.8,122.542
2025-02-01,wk inc flu hosp,0,2025-02-01,20,quantile,0.85,135.279
2025-02-01,wk inc flu hosp,0,2025-02-01,20,quantile,0.9,149.423
2025-02-01,wk inc flu hosp,0,2025-02-01,20,quantile,0.95,171.645
2025-02-01,wk inc flu hosp,0,2025-02-01,20,quantile,0.975,210.38
2025-02-01,wk inc flu hosp,0,2025-02-01,20,quantile,0.99,248.005
2025-02-01,wk inc flu hosp,1,2025-02-08,20,quantile,0.01,4.236
2025-02-01,wk inc flu hosp,1,2025-02-08,20,quantile,0.025,8.483
2025-02-01,wk inc flu hosp,1,2025-02-08,20,quantile,0.05,11.855
2025-02-01,wk inc flu hosp,1,2025-02-08,20,quantile,0.1,16.077
2025-02-01,wk inc flu hosp,1,2025-02-08,20,quantile,0.15,21.728
2025-02-01,wk inc flu hosp,1,2025-02-08,20,quantile,0.2,25.825
2025-02-01,wk inc flu hosp,1,2025-02-08,20,quantile,0.25,29.524
2025-02-01,wk inc flu hosp,1,2025-02-08,20,quantile,0.3,33.31
2025-02-01,wk inc flu hosp,1,2025-02-08,20,quantile,0.35,36.041
2025-02-01,wk inc flu hosp,1,2025-02-08,20,quantile,0.4,39.907
2025-02-01,wk inc flu hosp,1,2025-02-08,20,quantile,0.45,43.601
2025-02-01,wk inc flu hosp,1,2025-02-08,20,quantile,0.5,47.878
2025-02-01,wk inc flu hosp,1,2025-02-08,20,quantile,0.55,51.122
2025-02-01,wk inc flu hosp,1,2025-02-08,20,quantile,0.6,55.19
2025-02-01,wk inc flu hosp,1,2025-02-08,20,quantile,0.65,59.615
2025-02-01,wk inc flu hosp,1,2025-02-08,20,quantile,0.7,63.961
2025-02-01,wk inc flu hosp,1,2025-02-08,20,quantile,0.75,67.683
2025-02-01,wk inc flu hosp,1,2025-02-08,20,quantile,0.8,76.842
2025-02-01,wk inc flu hosp,1,2025-02-08,20,quantile,0.85,85.017
2025-02-01,wk inc flu hosp,1,2025-02-08,20,quantile,0.9,98.058
2025-02-01,wk inc flu hosp,1,2025-02-08,20,quantile,0.95,121.837
2025-02-01,wk inc flu hosp,1,2025-02-08,20,quantile,0.975,158.514
2025-02-01,wk inc flu hosp,1,2025-02-08,20,quantile,0.99,192.883
2025-02-01,wk inc flu hosp,2,2025-02-15,20,quantile,0.01,1.072
2025-02-01,wk inc flu hosp,2,2025-02-15,20,quantile,0.025,2.915
2025-02-01,wk inc flu hosp,2,2025-02-15,20,quantile,0.05,4.106
2025-02-01,wk inc flu hosp,2,2025-02-15,20,quantile,0.1,6.89
2025-02-01,wk inc flu hosp,2,2025-02-15,20,quantile,0.15,9.696
2025-02-01,wk inc flu hosp,2,2025-02-15,20,quantile,0.2,11.858
2025-02-01,wk inc flu hosp,2,2025-02-15,20,quantile,0.25,13.811
2025-02-01,wk inc flu hosp,2,2025-02-15,20,quantile,0.3,16.047
2025-02-01,wk inc flu hosp,2,2025-02-15,20,quantile,0.35,17.966
2025-02-01,wk inc flu hosp,2,2025-02-15,20,quantile,0.4,20.507
2025-02-01,wk inc flu hosp,2,2025-02-15,20,quantile,0.45,22.95
2025-02-01,wk inc flu hosp,2,2025-02-15,20,quantile,0.5,25.545
2025-02-01,wk inc flu hosp,2,2025-02-15,20,quantile,0.55,27.866
2025-02-01,wk inc flu hosp,2,2025-02-15,20,quantile,0.6,30.85
2025-02-01,wk inc flu hosp,2,2025-02-15,20,quantile,0.65,33.517
2025-02-01,wk inc flu hosp,2,2025-02-15,20,quantile,0.7,37.331
2025-02-01,wk inc flu hosp,2,2025-02-15,20,quantile,0.75,42.103
2025-02-01,wk inc flu hosp,2,2025-02-15,20,quantile,0.8,45.477
2025-02-01,wk inc flu hosp,2,2025-02-15,20,quantile,0.85,51.934
2025-02-01,wk inc flu hosp,2,2025-02-15,20,quantile,0.9,62.689
2025-02-01,wk inc flu hosp,2,2025-02-15,20,quantile,0.95,80.881
2025-02-01,wk inc flu hosp,2,2025-02-15,20,quantile,0.975,116.107
2025-02-01,wk inc flu hosp,2,2025-02-15,20,quantile,0.99,204.664
2025-02-01,wk inc flu hosp,3,2025-02-22,20,quantile,0.01,0.3
2025-02-01,wk inc flu hosp,3,2025-02-22,20,quantile,0.025,0.827
2025-02-01,wk inc flu hosp,3,2025-02-22,20,quantile,0.05,1.409
2025-02-01,wk inc flu hosp,3,2025-02-22,20,quantile,0.1,2.523
2025-02-01,wk inc flu hosp,3,2025-02-22,20,quantile,0.15,3.819
2025-02-01,wk inc flu hosp,3,2025-02-22,20,quantile,0.2,4.965
2025-02-01,wk inc flu hosp,3,2025-02-22,20,quantile,0.25,5.847
2025-02-01,wk inc flu hosp,3,2025-02-22,20,quantile,0.3,7.225
2025-02-01,wk inc flu hosp,3,2025-02-22,20,quantile,0.35,8.172
2025-02-01,wk inc flu hosp,3,2025-02-22,20,quantile,0.4,9.477
2025-02-01,wk inc flu hosp,3,2025-02-22,20,quantile,0.45,11.043
2025-02-01,wk inc flu hosp,3,2025-02-22,20,quantile,0.5,12.37
2025-02-01,wk inc flu hosp,3,2025-02-22,20,quantile,0.55,13.933
2025-02-01,wk inc flu hosp,3,2025-02-22,20,quantile,0.6,15.618
2025-02-01,wk inc flu hosp,3,2025-02-22,20,quantile,0.65,17.342
2025-02-01,wk inc flu hosp,3,2025-02-22,20,quantile,0.7,20.121
2025-02-01,wk inc flu hosp,3,2025-02-22,20,quantile,0.75,22.881
2025-02-01,wk inc flu hosp,3,2025-02-22,20,quantile,0.8,25.651
2025-02-01,wk inc flu hosp,3,2025-02-22,20,quantile,0.85,29.227
2025-02-01,wk inc flu hosp,3,2025-02-22,20,quantile,0.9,36.816
2025-02-01,wk inc flu hosp,3,2025-02-22,20,quantile,0.95,49.942
2025-02-01,wk inc flu hosp,3,2025-02-22,20,quantile,0.975,82.747
2025-02-01,wk inc flu hosp,3,2025-02-22,20,quantile,0.99,148.864
2025-02-01,wk inc flu hosp,0,2025-02-01,21,quantile,0.01,69.35
2025-02-01,wk inc flu hosp,0,2025-02-01,21,quantile,0.025,92.671
2025-02-01,wk inc flu hosp,0,2025-02-01,21,quantile,0.05,116.463
2025-02-01,wk inc flu hosp,0,2025-02-01,21,quantile,0.1,137.015
2025-02-01,wk inc flu hosp,0,2025-02-01,21,quantile,0.15,153.07
2025-02-01,wk inc flu hosp,0,2025-02-01,21,quantile,0.2,168.493
2025-02-01,wk inc flu hosp,0,2025-02-01,21,quantile,0.25,181.0
2025-02-01,wk inc flu hosp,0,2025-02-01,21,quantile,0.3,192.046
2025-02-01,wk inc flu hosp,0,2025-02-01,21,quantile,0.35,201.332
2025-02-01,wk inc flu hosp,0,2025-02-01,21,quantile,0.4,210.208
2025-02-01,wk inc flu hosp,0,2025-02-01,21,quantile,0.45,222.282
2025-02-01,wk inc flu hosp,0,2025-02-01,21,quantile,0.5,231.644
2025-02-01,wk inc flu hosp,0,2025-02-01,21,quantile,0.55,242.137
2025-02-01,wk inc flu hosp,0,2025-02-01,21,quantile,0.6,256.013
2025-02-01,wk inc flu hosp,0,2025-02-01,21,quantile,0.65,268.052
2025-02-01,wk inc flu hosp,0,2025-02-01,21,quantile,0.7,281.507
2025-02-01,wk inc flu hosp,0,2025-02-01,21,quantile,0.75,303.222
2025-02-01,wk inc flu hosp,0,2025-02-01,21,quantile,0.8,317.729
2025-02-01,wk inc flu hosp,0,2025-02-01,21,quantile,0.85,339.397
2025-02-01,wk inc flu hosp,0,2025-02-01,21,quantile,0.9,367.404
2025-02-01,wk inc flu hosp,0,2025-02-01,21,quantile,0.95,425.701
2025-02-01,wk inc flu hosp,0,2025-02-01,21,quantile,0.975,483.436
2025-02-01,wk inc flu hosp,0,2025-02-01,21,quantile,0.99,581.833
2025-02-01,wk inc flu hosp,1,2025-02-08,21,quantile,0.01,30.025
2025-02-01,wk inc flu hosp,1,2025-02-08,21,quantile,0.025,38.077
2025-02-01,wk inc flu hosp,1,2025-02-08,21,quantile,0.05,52.873
2025-02-01,wk inc flu hosp,1,2025-02-08,21,quantile,0.1,65.211
2025-02-01,wk inc flu hosp,1,2025-02-08,21,quantile,0.15,76.228
2025-02-01,wk inc flu hosp,1,2025-02-08,21,quantile,0.2,87.172
2025-02-01,wk inc flu hosp,1,2025-02-08,21,quantile,0.25,94.338
2025-02-01,wk inc flu hosp,1,2025-02-08,21,quantile,0.3,102.219
2025-02-01,wk inc flu hosp,1,2025-02-08,21,quantile,0.35,109.406
2025-02-01,wk inc flu hosp,1,2025-02-08,21,quantile,0.4,118.255
2025-02-01,wk inc flu hosp,1,2025-02-08,21,quantile,0.45,127.89
2025-02-01,wk inc flu hosp,1,2025-02-08,21,quantile,0.5,134.824
2025-02-01,wk inc flu hosp,1,2025-02-08,21,quantile,0.55,144.193
2025-02-01,wk inc flu hosp,1,2025-02-08,21,quantile,0.6,153.873
2025-02-01,wk inc flu hosp,1,2025-02-08,21,quantile,0.65,164.858
2025-02-01,wk inc flu hosp,1,2025-02-08,21,quantile,0.7,174.393
2025-02-01,wk inc flu hosp,1,2025-02-08,21,quantile,0.75,189.145
2025-02-01,wk inc flu hosp,1,2025-02-08,21,quantile,0.8,202.8
2025-02-01,wk inc flu hosp,1,2025-02-08,21,quantile,0.85,222.993
2025-02-01,wk inc flu hosp,1,2025-02-08,21,quantile,0.9,246.747
2025-02-01,wk inc flu hosp,1,2025-02-08,21,quantile,0.95,314.601
2025-02-01,wk inc flu hosp,1,2025-02-08,21,quantile,0.975,361.318
2025-02-01,wk inc flu hosp,1,2025-02-08,21,quantile,0.99,452.371
2025-02-01,wk inc flu hosp,2,2025-02-15,21,quantile,0.01,9.89
2025-02-01,wk inc flu hosp,2,2025-02-15,21,quantile,0.025,15.924
2025-02-01,wk inc flu hosp,2,2025-02-15,21,quantile,0.05,22.181
2025-02-01,wk inc flu hosp,2,2025-02-15,21,quantile,0.1,29.479
2025-02-01,wk inc flu hosp,2,2025-02-15,21,quantile,0.15,34.813
2025-02-01,wk inc flu hosp,2,2025-02-15,21,quantile,0.2,41.54
2025-02-01,wk inc flu hosp,2,2025-02-15,21,quantile,0.25,47.092
2025-02-01,wk inc flu hosp,2,2025-02-15,21,quantile,0.3,51.755
2025-02-01,wk inc flu hosp,2,2025-02-15,21,quantile,0.35,56.181
2025-02-01,wk inc flu hosp,2,2025-02-15,21,quantile,0.4,63.23
2025-02-01,wk inc flu hosp,2,2025-02-15,21,quantile,0.45,68.466
2025-02-01,wk inc flu hosp,2,2025-02-15,21,quantile,0.5,74.394
2025-02-01,wk inc flu hosp,2,2025-02-15,21,quantile,0.55,79.037
2025-02-01,wk inc flu hosp,2,2025-02-15,21,quantile,0.6,85.738
2025-02-01,wk inc flu hosp,2,2025-02-15,21,quantile,0.65,93.299
2025-02-01,wk inc flu hosp,2,2025-02-15,21,quantile,0.7,102.034
2025-02-01,wk inc flu hosp,2,2025-02-15,21,quantile,0.75,109.648
2025-02-01,wk inc flu hosp,2,2025-02-15,21,quantile,0.8,123.353
2025-02-01,wk inc flu hosp,2,2025-02-15,21,quantile,0.85,136.051
2025-02-01,wk inc flu hosp,2,2025-02-15,21,quantile,0.9,160.944
2025-02-01,wk inc flu hosp,2,2025-02-15,21,quantile,0.95,210.603
2025-02-01,wk inc flu hosp,2,2025-02-15,21,quantile,0.975,251.436
2025-02-01,wk inc flu hosp,2,2025-02-15,21,quantile,0.99,313.947
2025-02-01,wk inc flu hosp,3,2025-02-22,21,quantile,0.01,3.245
2025-02-01,wk inc flu hosp,3,2025-02-22,21,quantile,0.025,6.455
2025-02-01,wk inc flu hosp,3,2025-02-22,21,quantile,0.05,8.368
2025-02-01,wk inc flu hosp,3,2025-02-22,21,quantile,0.1,12.255
2025-02-01,wk inc flu hosp,3,2025-02-22,21,quantile,0.15,15.2
2025-02-01,wk inc flu hosp,3,2025-02-22,21,quantile,0.2,18.888
2025-02-01,wk inc flu hosp,3,2025-02-22,21,quantile,0.25,21.886
2025-02-01,wk inc flu hosp,3,2025-02-22,21,quantile,0.3,24.599
2025-02-01,wk inc flu hosp,3,2025-02-22,21,quantile,0.35,27.608
2025-02-01,wk inc flu hosp,3,2025-02-22,21,quantile,0.4,30.811
2025-02-01,wk inc flu hosp,3,2025-02-22,21,quantile,0.45,34.634
2025-02-01,wk inc flu hosp,3,2025-02-22,21,quantile,0.5,38.079
2025-02-01,wk inc flu hosp,3,2025-02-22,21,quantile,0.55,41.322
2025-02-01,wk inc flu hosp,3,2025-02-22,21,quantile,0.6,44.741
2025-02-01,wk inc flu hosp,3,2025-02-22,21,quantile,0.65,49.909
2025-02-01,wk inc flu hosp,3,2025-02-22,21,quantile,0.7,55.512
2025-02-01,wk inc flu hosp,3,2025-02-22,21,quantile,0.75,60.422
2025-02-01,wk inc flu hosp,3,2025-02-22,21,quantile,0.8,70.802
2025-02-01,wk inc flu hosp,3,2025-02-22,21,quantile,0.85,83.582
2025-02-01,wk inc flu hosp,3,2025-02-22,21,quantile,0.9,97.661
2025-02-01,wk inc flu hosp,3,2025-02-22,21,quantile,0.95,133.295
2025-02-01,wk inc flu hosp,3,2025-02-22,21,quantile,0.975,176.955
2025-02-01,wk inc flu hosp,3,2025-02-22,21,quantile,0.99,232.678
2025-02-01,wk inc flu hosp,0,2025-02-01,22,quantile,0.01,72.084
2025-02-01,wk inc flu hosp,0,2025-02-01,22,quantile,0.025,87.4
2025-02-01,wk inc flu hosp,0,2025-02-01,22,quantile,0.05,102.096
2025-02-01,wk inc flu hosp,0,2025-02-01,22,quantile,0.1,126.101
2025-02-01,wk inc flu hosp,0,2025-02-01,22,quantile,0.15,142.011
2025-02-01,wk inc flu hosp,0,2025-02-01,22,quantile,0.2,151.044
2025-02-01,wk inc flu hosp,0,2025-02-01,22,quantile,0.25,161.473
2025-02-01,wk inc flu hosp,0,2025-02-01,22,quantile,0.3,170.929
2025-02-01,wk inc flu hosp,0,2025-02-01,22,quantile,0.35,179.18
2025-02-01,wk inc flu hosp,0,2025-02-01,22,quantile,0.4,188.945
2025-02-01,wk inc flu hosp,0,2025-02-01,22,quantile,0.45,196.865
2025-02-01,wk inc flu hosp,0,2025-02-01,22,quantile,0.5,206.072
2025-02-01,wk inc flu hosp,0,2025-02-01,22,quantile,0.55,214.822
2025-02-01,wk inc flu hosp,0,2025-02-01,22,quantile,0.6,222.731
2025-02-01,wk inc flu hosp,0,2025-02-01,22,quantile,0.65,233.239
2025-02-01,wk inc flu hosp,0,2025-02-01,22,quantile,0.7,241.411
2025-02-01,wk inc flu hosp,0,2025-02-01,22,quantile,0.75,252.199
2025-02-01,wk inc flu hosp,0,2025-02-01,22,quantile,0.8,265.771
2025-02-01,wk inc flu hosp,0,2025-02-01,22,quantile,0.85,284.732
2025-02-01,wk inc flu hosp,0,2025-02-01,22,quantile,0.9,314.206
2025-02-01,wk inc flu hosp,0,2025-02-01,22,quantile,0.95,356.95
2025-02-01,wk inc flu hosp,0,2025-02-01,22,quantile,0.975,411.379
2025-02-01,wk inc flu hosp,0,2025-02-01,22,quantile,0.99,512.68
2025-02-01,wk inc flu hosp,1,2025-02-08,22,quantile,0.01,32.516
2025-02-01,wk inc flu hosp,1,2025-02-08,22,quantile,0.025,39.525
2025-02-01,wk inc flu hosp,1,2025-02-08,22,quantile,0.05,48.39
2025-02-01,wk inc flu hosp,1,2025-02-08,22,quantile,0.1,64.275
2025-02-01,wk inc flu hosp,1,2025-02-08,22,quantile,0.15,74.27
2025-02-01,wk inc flu hosp,1,2025-02-08,22,quantile,0.2,81.197
2025-02-01,wk inc flu hosp,1,2025-02-08,22,quantile,0.25,87.976
2025-02-01,wk inc flu hosp,1,2025-02-08,22,quantile,0.3,94.046
2025-02-01,wk inc flu hosp,1,2025-02-08,22,quantile,0.35,101.252
2025-02-01,wk inc flu hosp,1,2025-02-08,22,quantile,0.4,108.234
2025-02-01,wk inc flu hosp,1,2025-02-08,22,quantile,0.45,115.084
2025-02-01,wk inc flu hosp,1,2025-02-08,22,quantile,0.5,121.343
2025-02-01,wk inc flu hosp,1,2025-02-08,22,quantile,0.55,129.105
2025-02-01,wk inc flu hosp,1,2025-02-08,22,quantile,0.6,135.879
2025-02-01,wk inc flu hosp,1,2025-02-08,22,quantile,0.65,141.476
2025-02-01,wk inc flu hosp,1,2025-02-08,22,quantile,0.7,147.833
2025-02-01,wk inc flu hosp,1,2025-02-08,22,quantile,0.75,156.457
2025-02-01,wk inc flu hosp,1,2025-02-08,22,quantile,0.8,169.352
2025-02-01,wk inc flu hosp,1,2025-02-08,22,quantile,0.85,181.49
2025-02-01,wk inc flu hosp,1,2025-02-08,22,quantile,0.9,202.961
2025-02-01,wk inc flu hosp,1,2025-02-08,22,quantile,0.95,239.72
2025-02-01,wk inc flu hosp,1,2025-02-08,22,quantile,0.975,302.021
2025-02-01,wk inc flu hosp,1,2025-02-08,22,quantile,0.99,380.382
2025-02-01,wk inc flu hosp,2,2025-02-15,22,quantile,0.01,12.839
2025-02-01,wk inc flu hosp,2,2025-02-15,22,quantile,0.025,16.323
2025-02-01,wk inc flu hosp,2,2025-02-15,22,quantile,0.05,21.27
2025-02-01,wk inc flu hosp,2,2025-02-15,22,quantile,0.1,29.203
2025-02-01,wk inc flu hosp,2,2025-02-15,22,quantile,0.15,36.142
2025-02-01,wk inc flu hosp,2,2025-02-15,22,quantile,0.2,40.445
2025-02-01,wk inc flu hosp,2,2025-02-15,22,quantile,0.25,44.94
2025-02-01,wk inc flu hosp,2,2025-02-15,22,quantile,0.3,48.857
2025-02-01,wk inc flu hosp,2,2025-02-15,22,quantile,0.35,52.66
2025-02-01,wk inc flu hosp,2,2025-02-15,22,quantile,0.4,57.043
2025-02-01,wk inc flu hosp,2,2025-02-15,22,quantile,0.45,61.799
2025-02-01,wk inc flu hosp,2,2025-02-15,22,quantile,0.5,66.729
2025-02-01,wk inc flu hosp,2,2025-02-15,22,quantile,0.55,70.513
2025-02-01,wk inc flu hosp,2,2025-02-15,22,quantile,0.6,74.818
2025-02-01,wk inc flu hosp,2,2025-02-15,22,quantile,0.65,80.663
2025-02-01,wk inc flu hosp,2,2025-02-15,22,quantile,0.7,85.746
2025-02-01,wk inc flu hosp,2,2025-02-15,22,quantile,0.75,91.884
2025-02-01,wk inc flu hosp,2,2025-02-15,22,quantile,0.8,99.168
2025-02-01,wk inc flu hosp,2,2025-02-15,22,quantile,0.85,108.282
2025-02-01,wk inc flu hosp,2,2025-02-15,22,quantile,0.9,123.907
2025-02-01,wk inc flu hosp,2,2025-02-15,22,quantile,0.95,157.153
2025-02-01,wk inc flu hosp,2,2025-02-15,22,quantile,0.975,201.336
2025-02-01,wk inc flu hosp,2,2025-02-15,22,quantile,0.99,288.773
2025-02-01,wk inc flu hosp,3,2025-02-22,22,quantile,0.01,4.292
2025-02-01,wk inc flu hosp,3,2025-02-22,22,quantile,0.025,6.387
2025-02-01,wk inc flu hosp,3,2025-02-22,22,quantile,0.05,8.847
2025-02-01,wk inc flu hosp,3,2025-02-22,22,quantile,0.1,13.095
2025-02-01,wk inc flu hosp,3,2025-02-22,22,quantile,0.15,16.357
2025-02-01,wk inc flu hosp,3,2025-02-22,22,quantile,0.2,19.114
2025-02-01,wk inc flu hosp,3,2025-02-22,22,quantile,0.25,21.702
2025-02-01,wk inc flu hosp,3,2025-02-22,22,quantile,0.3,23.853
2025-02-01,wk inc flu hosp,3,2025-02-22,22,quantile,0.35,26.216
2025-02-01,wk inc flu hosp,3,2025-02-22,22,quantile,0.4,28.547
2025-02-01,wk inc flu hosp,3,2025-02-22,22,quantile,0.45,31.443
2025-02-01,wk inc flu hosp,3,2025-02-22,22,quantile,0.5,34.276
2025-02-01,wk inc flu hosp,3,2025-02-22,22,quantile,0.55,36.806
2025-02-01,wk inc flu hosp,3,2025-02-22,22,quantile,0.6,40.228
2025-02-01,wk inc flu hosp,3,2025-02-22,22,quantile,0.65,43.239
2025-02-01,wk inc flu hosp,3,2025-02-22,22,quantile,0.7,46.111
2025-02-01,wk inc flu hosp,3,2025-02-22,22,quantile,0.75,49.919
2025-02-01,wk inc flu hosp,3,2025-02-22,22,quantile,0.8,55.282
2025-02-01,wk inc flu hosp,3,2025-02-22,22,quantile,0.85,61.624
2025-02-01,wk inc flu hosp,3,2025-02-22,22,quantile,0.9,71.299
2025-02-01,wk inc flu hosp,3,2025-02-22,22,quantile,0.95,94.563
2025-02-01,wk inc flu hosp,3,2025-02-22,22,quantile,0.975,125.124
2025-02-01,wk inc flu hosp,3,2025-02-22,22,quantile,0.99,170.999
2025-02-01,wk inc flu hosp,0,2025-02-01,23,quantile,0.01,9.199
2025-02-01,wk inc flu hosp,0,2025-02-01,23,quantile,0.025,18.485
2025-02-01,wk inc flu hosp,0,2025-02-01,23,quantile,0.05,25.885
2025-02-01,wk inc flu hosp,0,2025-02-01,23,quantile,0.1,35.956
2025-02-01,wk inc flu hosp,0,2025-02-01,23,quantile,0.15,42.283
2025-02-01,wk inc flu hosp,0,2025-02-01,23,quantile,0.2,48.185
2025-02-01,wk inc flu hosp,0,2025-02-01,23,quantile,0.25,54.515
2025-02-01,wk inc flu hosp,0,2025-02-01,23,quantile,0.3,60.036
2025-02-01,wk inc flu hosp,0,2025-02-01,23,quantile,0.35,64.393
2025-02-01,wk inc flu hosp,0,2025-02-01,23,quantile,0.4,69.516
2025-02-01,wk inc flu hosp,0,2025-02-01,23,quantile,0.45,74.448
2025-02-01,wk inc flu hosp,0,2025-02-01,23,quantile,0.5,81.344
2025-02-01,wk inc flu hosp,0,2025-02-01,23,quantile,0.55,87.625
2025-02-01,wk inc flu hosp,0,2025-02-01,23,quantile,0.6,91.71
2025-02-01,wk inc flu hosp,0,2025-02-01,23,quantile,0.65,96.56
2025-02-01,wk inc flu hosp,0,2025-02-01,23,quantile,0.7,103.598
2025-02-01,wk inc flu hosp,0,2025-02-01,23,quantile,0.75,110.507
2025-02-01,wk inc flu hosp,0,2025-02-01,23,quantile,0.8,119.465
2025-02-01,wk inc flu hosp,0,2025-02-01,23,quantile,0.85,131.318
2025-02-01,wk inc flu hosp,0,2025-02-01,23,quantile,0.9,148.434
2025-02-01,wk inc flu hosp,0,2025-02-01,23,quantile,0.95,177.162
2025-02-01,wk inc flu hosp,0,2025-02-01,23,quantile,0.975,208.497
2025-02-01,wk inc flu hosp,0,2025-02-01,23,quantile,0.99,268.94
2025-02-01,wk inc flu hosp,1,2025-02-08,23,quantile,0.01,3.53
2025-02-01,wk inc flu hosp,1,2025-02-08,23,quantile,0.025,7.232
2025-02-01,wk inc flu hosp,1,2025-02-08,23,quantile,0.05,10.788
2025-02-01,wk inc flu hosp,1,2025-02-08,23,quantile,0.1,18.553
2025-02-01,wk inc flu hosp,1,2025-02-08,23,quantile,0.15,23.804
2025-02-01,wk inc flu hosp,1,2025-02-08,23,quantile,0.2,29.674
2025-02-01,wk inc flu hosp,1,2025-02-08,23,quantile,0.25,35.38
2025-02-01,wk inc flu hosp,1,2025-02-08,23,quantile,0.3,39.706
2025-02-01,wk inc flu hosp,1,2025-02-08,23,quantile,0.35,45.077
2025-02-01,wk inc flu hosp,1,2025-02-08,23,quantile,0.4,50.468
2025-02-01,wk inc flu hosp,1,2025-02-08,23,quantile,0.45,56.785
2025-02-01,wk inc flu hosp,1,2025-02-08,23,quantile,0.5,62.162
2025-02-01,wk inc flu hosp,1,2025-02-08,23,quantile,0.55,69.391
2025-02-01,wk inc flu hosp,1,2025-02-08,23,quantile,0.6,75.051
2025-02-01,wk inc flu hosp,1,2025-02-08,23,quantile,0.65,81.447
2025-02-01,wk inc flu hosp,1,2025-02-08,23,quantile,0.7,86.012
2025-02-01,wk inc flu hosp,1,2025-02-08,23,quantile,0.75,93.406
2025-02-01,wk inc flu hosp,1,2025-02-08,23,quantile,0.8,103.032
2025-02-01,wk inc flu hosp,1,2025-02-08,23,quantile,0.85,114.795
2025-02-01,wk inc flu hosp,1,2025-02-08,23,quantile,0.9,130.891
2025-02-01,wk inc flu hosp,1,2025-02-08,23,quantile,0.95,161.996
2025-02-01,wk inc flu hosp,1,2025-02-08,23,quantile,0.975,182.565
2025-02-01,wk inc flu hosp,1,2025-02-08,23,quantile,0.99,288.215
2025-02-01,wk inc flu hosp,2,2025-02-15,23,quantile,0.01,1.26
2025-02-01,wk inc flu hosp,2,2025-02-15,23,quantile,0.025,2.174
2025-02-01,wk inc flu hosp,2,2025-02-15,23,quantile,0.05,4.07
2025-02-01,wk inc flu hosp,2,2025-02-15,23,quantile,0.1,8.447
2025-02-01,wk inc flu hosp,2,2025-02-15,23,quantile,0.15,12.834
2025-02-01,wk inc flu hosp,2,2025-02-15,23,quantile,0.2,16.04
2025-02-01,wk inc flu hosp,2,2025-02-15,23,quantile,0.25,21.252
2025-02-01,wk inc flu hosp,2,2025-02-15,23,quantile,0.3,25.02
2025-02-01,wk inc flu hosp,2,2025-02-15,23,quantile,0.35,29.317
2025-02-01,wk inc flu hosp,2,2025-02-15,23,quantile,0.4,33.299
2025-02-01,wk inc flu hosp,2,2025-02-15,23,quantile,0.45,37.572
2025-02-01,wk inc flu hosp,2,2025-02-15,23,quantile,0.5,42.63
2025-02-01,wk inc flu hosp,2,2025-02-15,23,quantile,0.55,47.004
2025-02-01,wk inc flu hosp,2,2025-02-15,23,quantile,0.6,52.011
2025-02-01,wk inc flu hosp,2,2025-02-15,23,quantile,0.65,58.919
2025-02-01,wk inc flu hosp,2,2025-02-15,23,quantile,0.7,63.142
2025-02-01,wk inc flu hosp,2,2025-02-15,23,quantile,0.75,69.864
2025-02-01,wk inc flu hosp,2,2025-02-15,23,quantile,0.8,77.207
2025-02-01,wk inc flu hosp,2,2025-02-15,23,quantile,0.85,89.268
2025-02-01,wk inc flu hosp,2,2025-02-15,23,quantile,0.9,103.085
2025-02-01,wk inc flu hosp,2,2025-02-15,23,quantile,0.95,131.189
2025-02-01,wk inc flu hosp,2,2025-02-15,23,quantile,0.975,170.327
2025-02-01,wk inc flu hosp,2,2025-02-15,23,quantile,0.99,299.284
2025-02-01,wk inc flu hosp,3,2025-02-22,23,quantile,0.01,0.37
2025-02-01,wk inc flu hosp,3,2025-02-22,23,quantile,0.025,0.706
2025-02-01,wk inc flu hosp,3,2025-02-22,23,quantile,0.05,1.574
2025-02-01,wk inc flu hosp,3,2025-02-22,23,quantile,0.1,3.822
2025-02-01,wk inc flu hosp,3,2025-02-22,23,quantile,0.15,6.065
2025-02-01,wk inc flu hosp,3,2025-02-22,23,quantile,0.2,8.662
2025-02-01,wk inc flu hosp,3,2025-02-22,23,quantile,0.25,11.674
2025-02-01,wk inc flu hosp,3,2025-02-22,23,quantile,0.3,14.601
2025-02-01,wk inc flu hosp,3,2025-02-22,23,quantile,0.35,17.385
2025-02-01,wk inc flu hosp,3,2025-02-22,23,quantile,0.4,19.95
2025-02-01,wk inc flu hosp,3,2025-02-22,23,quantile,0.45,23.122
2025-02-01,wk inc flu hosp,3,2025-02-22,23,quantile,0.5,25.789
2025-02-01,wk inc flu hosp,3,2025-02-22,23,quantile,0.55,29.7
2025-02-01,wk inc flu hosp,3,2025-02-22,23,quantile,0.6,32.973
2025-02-01,wk inc flu hosp,3,2025-02-22,23,quantile,0.65,38.485
2025-02-01,wk inc flu hosp,3,2025-02-22,23,quantile,0.7,41.663
2025-02-01,wk inc flu hosp,3,2025-02-22,23,quantile,0.75,48.439
2025-02-01,wk inc flu hosp,3,2025-02-22,23,quantile,0.8,55.047
2025-02-01,wk inc flu hosp,3,2025-02-22,23,quantile,0.85,63.112
2025-02-01,wk inc flu hosp,3,2025-02-22,23,quantile,0.9,77.069
2025-02-01,wk inc flu hosp,3,2025-02-22,23,quantile,0.95,96.294
2025-02-01,wk inc flu hosp,3,2025-02-22,23,quantile,0.975,127.424
2025-02-01,wk inc flu hosp,3,2025-02-22,23,quantile,0.99,165.366
2025-02-01,wk inc flu hosp,0,2025-02-01,24,quantile,0.01,126.365
2025-02-01,wk inc flu hosp,0,2025-02-01,24,quantile,0.025,153.682
2025-02-01,wk inc flu hosp,0,2025-02-01,24,quantile,0.05,180.645
2025-02-01,wk inc flu hosp,0,2025-02-01,24,quantile,0.1,223.825
2025-02-01,wk inc flu hosp,0,2025-02-01,24,quantile,0.15,258.098
2025-02-01,wk inc flu hosp,0,2025-02-01,24,quantile,0.2,289.607
2025-02-01,wk inc flu hosp,0,2025-02-01,24,quantile,0.25,313.295
2025-02-01,wk inc flu hosp,0,2025-02-01,24,quantile,0.3,335.597
2025-02-01,wk inc flu hosp,0,2025-02-01,24,quantile,0.35,356.9
2025-02-01,wk inc flu hosp,0,2025-02-01,24,quantile,0.4,376.564
2025-02-01,wk inc flu hosp,0,2025-02-01,24,quantile,0.45,390.348
2025-02-01,wk inc flu hosp,0,2025-02-01,24,quantile,0.5,412.007
2025-02-01,wk inc flu hosp,0,2025-02-01,24,quantile,0.55,434.925
2025-02-01,wk inc flu hosp,0,2025-02-01,24,quantile,0.6,454.644
2025-02-01,wk inc flu hosp,0,2025-02-01,24,quantile,0.65,475.648
2025-02-01,wk inc flu hosp,0,2025-02-01,24,quantile,0.7,497.78
2025-02-01,wk inc flu hosp,0,2025-02-01,24,quantile,0.75,535.263
2025-02-01,wk inc flu hosp,0,2025-02-01,24,quantile,0.8,564.905
2025-02-01,wk inc flu hosp,0,2025-02-01,24,quantile,0.85,602.746
2025-02-01,wk inc flu hosp,0,2025-02-01,24,quantile,0.9,661.62
2025-02-01,wk inc flu hosp,0,2025-02-01,24,quantile,0.95,757.158
2025-02-01,wk inc flu hosp,0,2025-02-01,24,quantile,0.975,876.339
2025-02-01,wk inc flu hosp,0,2025-02-01,24,quantile,0.99,1164.646
2025-02-01,wk inc flu hosp,1,2025-02-08,24,quantile,0.01,46.124
2025-02-01,wk inc flu hosp,1,2025-02-08,24,quantile,0.025,68.44
2025-02-01,wk inc flu hosp,1,2025-02-08,24,quantile,0.05,91.36
2025-02-01,wk inc flu hosp,1,2025-02-08,24,quantile,0.1,129.32
2025-02-01,wk inc flu hosp,1,2025-02-08,24,quantile,0.15,163.945
2025-02-01,wk inc flu hosp,1,2025-02-08,24,quantile,0.2,189.438
2025-02-01,wk inc flu hosp,1,2025-02-08,24,quantile,0.25,213.856
2025-02-01,wk inc flu hosp,1,2025-02-08,24,quantile,0.3,240.912
2025-02-01,wk inc flu hosp,1,2025-02-08,24,quantile,0.35,261.239
2025-02-01,wk inc flu hosp,1,2025-02-08,24,quantile,0.4,283.994
2025-02-01,wk inc flu hosp,1,2025-02-08,24,quantile,0.45,297.688
2025-02-01,wk inc flu hosp,1,2025-02-08,24,quantile,0.5,323.9
2025-02-01,wk inc flu hosp,1,2025-02-08,24,quantile,0.55,346.559
2025-02-01,wk inc flu hosp,1,2025-02-08,24,quantile,0.6,367.188
2025-02-01,wk inc flu hosp,1,2025-02-08,24,quantile,0.65,394.063
2025-02-01,wk inc flu hosp,1,2025-02-08,24,quantile,0.7,413.844
2025-02-01,wk inc flu hosp,1,2025-02-08,24,quantile,0.75,442.517
2025-02-01,wk inc flu hosp,1,2025-02-08,24,quantile,0.8,472.872
2025-02-01,wk inc flu hosp,1,2025-02-08,24,quantile,0.85,514.267
2025-02-01,wk inc flu hosp,1,2025-02-08,24,quantile,0.9,579.107
2025-02-01,wk inc flu hosp,1,2025-02-08,24,quantile,0.95,688.468
2025-02-01,wk inc flu hosp,1,2025-02-08,24,quantile,0.975,878.432
2025-02-01,wk inc flu hosp,1,2025-02-08,24,quantile,0.99,1304.042
2025-02-01,wk inc flu hosp,2,2025-02-15,24,quantile,0.01,12.512
2025-02-01,wk inc flu hosp,2,2025-02-15,24,quantile,0.025,27.205
2025-02-01,wk inc flu hosp,2,2025-02-15,24,quantile,0.05,41.616
2025-02-01,wk inc flu hosp,2,2025-02-15,24,quantile,0.1,67.423
2025-02-01,wk inc flu hosp,2,2025-02-15,24,quantile,0.15,92.947
2025-02-01,wk inc flu hosp,2,2025-02-15,24,quantile,0.2,113.69
2025-02-01,wk inc flu hosp,2,2025-02-15,24,quantile,0.25,130.046
2025-02-01,wk inc flu hosp,2,2025-02-15,24,quantile,0.3,148.735
2025-02-01,wk inc flu hosp,2,2025-02-15,24,quantile,0.35,164.132
2025-02-01,wk inc flu hosp,2,2025-02-15,24,quantile,0.4,183.396
2025-02-01,wk inc flu hosp,2,2025-02-15,24,quantile,0.45,202.808
2025-02-01,wk inc flu hosp,2,2025-02-15,24,quantile,0.5,219.52
2025-02-01,wk inc flu hosp,2,2025-02-15,24,quantile,0.55,237.163
2025-02-01,wk inc flu hosp,2,2025-02-15,24,quantile,0.6,253.915
2025-02-01,wk inc flu hosp,2,2025-02-15,24,quantile,0.65,275.3
2025-02-01,wk inc flu hosp,2,2025-02-15,24,quantile,0.7,299.926
2025-02-01,wk inc flu hosp,2,2025-02-15,24,quantile,0.75,310.834
2025-02-01,wk inc flu hosp,2,2025-02-15,24,quantile,0.8,341.147
2025-02-01,wk inc flu hosp,2,2025-02-15,24,quantile,0.85,370.659
2025-02-01,wk inc flu hosp,2,2025-02-15,24,quantile,0.9,424.879
2025-02-01,wk inc flu hosp,2,2025-02-15,24,quantile,0.95,551.701
2025-02-01,wk inc flu hosp,2,2025-02-15,24,quantile,0.975,670.404
2025-02-01,wk inc flu hosp,2,2025-02-15,24,quantile,0.99,1102.365
2025-02-01,wk inc flu hosp,3,2025-02-22,24,quantile,0.01,4.273
2025-02-01,wk inc flu hosp,3,2025-02-22,24,quantile,0.025,9.404
2025-02-01,wk inc flu hosp,3,2025-02-22,24,quantile,0.05,18.731
2025-02-01,wk inc flu hosp,3,2025-02-22,24,quantile,0.1,34.279
2025-02-01,wk inc flu hosp,3,2025-02-22,24,quantile,0.15,51.095
2025-02-01,wk inc flu hosp,3,2025-02-22,24,quantile,0.2,64.589
2025-02-01,wk inc flu hosp,3,2025-02-22,24,quantile,0.25,77.112
2025-02-01,wk inc flu hosp,3,2025-02-22,24,quantile,0.3,87.096
2025-02-01,wk inc flu hosp,3,2025-02-22,24,quantile,0.35,99.805
2025-02-01,wk inc flu hosp,3,2025-02-22,24,quantile,0.4,113.942
2025-02-01,wk inc flu hosp,3,2025-02-22,24,quantile,0.45,125.236
2025-02-01,wk inc flu hosp,3,2025-02-22,24,quantile,0.5,139.959
2025-02-01,wk inc flu hosp,3,2025-02-22,24,quantile,0.55,152.333
2025-02-01,wk inc flu hosp,3,2025-02-22,24,quantile,0.6,168.137
2025-02-01,wk inc flu hosp,3,2025-02-22,24,quantile,0.65,183.114
2025-02-01,wk inc flu hosp,3,2025-02-22,24,quantile,0.7,193.248
2025-02-01,wk inc flu hosp,3,2025-02-22,24,quantile,0.75,210.29
2025-02-01,wk inc flu hosp,3,2025-02-22,24,quantile,0.8,231.7
2025-02-01,wk inc flu hosp,3,2025-02-22,24,quantile,0.85,261.533
2025-02-01,wk inc flu hosp,3,2025-02-22,24,quantile,0.9,299.804
2025-02-01,wk inc flu hosp,3,2025-02-22,24,quantile,0.95,407.301
2025-02-01,wk inc flu hosp,3,2025-02-22,24,quantile,0.975,500.396
2025-02-01,wk inc flu hosp,3,2025-02-22,24,quantile,0.99,761.742
2025-02-01,wk inc flu hosp,0,2025-02-01,25,quantile,0.01,279.745
2025-02-01,wk inc flu hosp,0,2025-02-01,25,quantile,0.025,331.092
2025-02-01,wk inc flu hosp,0,2025-02-01,25,quantile,0.05,392.088
2025-02-01,wk inc flu hosp,0,2025-02-01,25,quantile,0.1,450.199
2025-02-01,wk inc flu hosp,0,2025-02-01,25,quantile,0.15,503.25
2025-02-01,wk inc flu hosp,0,2025-02-01,25,quantile,0.2,536.16
2025-02-01,wk inc flu hosp,0,2025-02-01,25,quantile,0.25,582.644
2025-02-01,wk inc flu hosp,0,2025-02-01,25,quantile,0.3,609.947
2025-02-01,wk inc flu hosp,0,2025-02-01,25,quantile,0.35,637.971
2025-02-01,wk inc flu hosp,0,2025-02-01,25,quantile,0.4,666.127
2025-02-01,wk inc flu hosp,0,2025-02-01,25,quantile,0.45,689.569
2025-02-01,wk inc flu hosp,0,2025-02-01,25,quantile,0.5,714.903
2025-02-01,wk inc flu hosp,0,2025-02-01,25,quantile,0.55,742.808
2025-02-01,wk inc flu hosp,0,2025-02-01,25,quantile,0.6,768.049
2025-02-01,wk inc flu hosp,0,2025-02-01,25,quantile,0.65,795.127
2025-02-01,wk inc flu hosp,0,2025-02-01,25,quantile,0.7,823.358
2025-02-01,wk inc flu hosp,0,2025-02-01,25,quantile,0.75,859.279
2025-02-01,wk inc flu hosp,0,2025-02-01,25,quantile,0.8,900.845
2025-02-01,wk inc flu hosp,0,2025-02-01,25,quantile,0.85,940.7
2025-02-01,wk inc flu hosp,0,2025-02-01,25,quantile,0.9,1007.783
2025-02-01,wk inc flu hosp,0,2025-02-01,25,quantile,0.95,1113.969
2025-02-01,wk inc flu hosp,0,2025-02-01,25,quantile,0.975,1268.029
2025-02-01,wk inc flu hosp,0,2025-02-01,25,quantile,0.99,1468.256
2025-02-01,wk inc flu hosp,1,2025-02-08,25,quantile,0.01,108.49
2025-02-01,wk inc flu hosp,1,2025-02-08,25,quantile,0.025,141.754
2025-02-01,wk inc flu hosp,1,2025-02-08,25,quantile,0.05,178.282
2025-02-01,wk inc flu hosp,1,2025-02-08,25,quantile,0.1,259.917
2025-02-01,wk inc flu hosp,1,2025-02-08,25,quantile,0.15,300.381
2025-02-01,wk inc flu hosp,1,2025-02-08,25,quantile,0.2,330.988
2025-02-01,wk inc flu hosp,1,2025-02-08,25,quantile,0.25,359.572
2025-02-01,wk inc flu hosp,1,2025-02-08,25,quantile,0.3,386.985
2025-02-01,wk inc flu hosp,1,2025-02-08,25,quantile,0.35,418.938
2025-02-01,wk inc flu hosp,1,2025-02-08,25,quantile,0.4,442.882
2025-02-01,wk inc flu hosp,1,2025-02-08,25,quantile,0.45,468.119
2025-02-01,wk inc flu hosp,1,2025-02-08,25,quantile,0.5,488.563
2025-02-01,wk inc flu hosp,1,2025-02-08,25,quantile,0.55,515.396
2025-02-01,wk inc flu hosp,1,2025-02-08,25,quantile,0.6,533.797
2025-02-01,wk inc flu hosp,1,2025-02-08,25,quantile,0.65,559.7
2025-02-01,wk inc flu hosp,1,2025-02-08,25,quantile,0.7,588.448
2025-02-01,wk inc flu hosp,1,2025-02-08,25,quantile,0.75,613.972
2025-02-01,wk inc flu hosp,1,2025-02-08,25,quantile,0.8,656.623
2025-02-01,wk inc flu hosp,1,2025-02-08,25,quantile,0.85,706.381
2025-02-01,wk inc flu hosp,1,2025-02-08,25,quantile,0.9,771.041
2025-02-01,wk inc flu hosp,1,2025-02-08,25,quantile,0.95,889.134
2025-02-01,wk inc flu hosp,1,2025-02-08,25,quantile,0.975,1046.638
2025-02-01,wk inc flu hosp,1,2025-02-08,25,quantile,0.99,1409.821
2025-02-01,wk inc flu hosp,2,2025-02-15,25,quantile,0.01,34.973
2025-02-01,wk inc flu hosp,2,2025-02-15,25,quantile,0.025,53.235
2025-02-01,wk inc flu hosp,2,2025-02-15,25,quantile,0.05,77.795
2025-02-01,wk inc flu hosp,2,2025-02-15,25,quantile,0.1,122.936
2025-02-01,wk inc flu hosp,2,2025-02-15,25,quantile,0.15,151.745
2025-02-01,wk inc flu hosp,2,2025-02-15,25,quantile,0.2,174.865
2025-02-01,wk inc flu hosp,2,2025-02-15,25,quantile,0.25,193.8
2025-02-01,wk inc flu hosp,2,2025-02-15,25,quantile,0.3,213.434
2025-02-01,wk inc flu hosp,2,2025-02-15,25,quantile,0.35,233.791
2025-02-01,wk inc flu hosp,2,2025-02-15,25,quantile,0.4,252.644
2025-02-01,wk inc flu hosp,2,2025-02-15,25,quantile,0.45,268.803
2025-02-01,wk inc flu hosp,2,2025-02-15,25,quantile,0.5,285.626
2025-02-01,wk inc flu hosp,2,2025-02-15,25,quantile,0.55,299.527
2025-02-01,wk inc flu hosp,2,2025-02-15,25,quantile,0.6,318.719
2025-02-01,wk inc flu hosp,2,2025-02-15,25,quantile,0.65,338.662
2025-02-01,wk inc flu hosp,2,2025-02-15,25,quantile,0.7,360.948
2025-02-01,wk inc flu hosp,2,2025-02-15,25,quantile,0.75,385.676
2025-02-01,wk inc flu hosp,2,2025-02-15,25,quantile,0.8,415.616
2025-02-01,wk inc flu hosp,2,2025-02-15,25,quantile,0.85,458.6
2025-02-01,wk inc flu hosp,2,2025-02-15,25,quantile,0.9,514.775
2025-02-01,wk inc flu hosp,2,2025-02-15,25,quantile,0.95,609.338
2025-02-01,wk inc flu hosp,2,2025-02-15,25,quantile,0.975,712.69
2025-02-01,wk inc flu hosp,2,2025-02-15,25,quantile,0.99,952.188
2025-02-01,wk inc flu hosp,3,2025-02-22,25,quantile,0.01,10.181
2025-02-01,wk inc flu hosp,3,2025-02-22,25,quantile,0.025,17.799
2025-02-01,wk inc flu hosp,3,2025-02-22,25,quantile,0.05,31.226
2025-02-01,wk inc flu hosp,3,2025-02-22,25,quantile,0.1,52.649
2025-02-01,wk inc flu hosp,3,2025-02-22,25,quantile,0.15,68.187
2025-02-01,wk inc flu hosp,3,2025-02-22,25,quantile,0.2,83.424
2025-02-01,wk inc flu hosp,3,2025-02-22,25,quantile,0.25,94.404
2025-02-01,wk inc flu hosp,3,2025-02-22,25,quantile,0.3,104.372
2025-02-01,wk inc flu hosp,3,2025-02-22,25,quantile,0.35,116.25
2025-02-01,wk inc flu hosp,3,2025-02-22,25,quantile,0.4,125.962
2025-02-01,wk inc flu hosp,3,2025-02-22,25,quantile,0.45,137.591
2025-02-01,wk inc flu hosp,3,2025-02-22,25,quantile,0.5,148.205
2025-02-01,wk inc flu hosp,3,2025-02-22,25,quantile,0.55,161.299
2025-02-01,wk inc flu hosp,3,2025-02-22,25,quantile,0.6,171.1
2025-02-01,wk inc flu hosp,3,2025-02-22,25,quantile,0.65,180.769
2025-02-01,wk inc flu hosp,3,2025-02-22,25,quantile,0.7,196.315
2025-02-01,wk inc flu hosp,3,2025-02-22,25,quantile,0.75,214.704
2025-02-01,wk inc flu hosp,3,2025-02-22,25,quantile,0.8,243.38
2025-02-01,wk inc flu hosp,3,2025-02-22,25,quantile,0.85,276.038
2025-02-01,wk inc flu hosp,3,2025-02-22,25,quantile,0.9,312.143
2025-02-01,wk inc flu hosp,3,2025-02-22,25,quantile,0.95,388.252
2025-02-01,wk inc flu hosp,3,2025-02-22,25,quantile,0.975,466.078
2025-02-01,wk inc flu hosp,3,2025-02-22,25,quantile,0.99,547.006
2025-02-01,wk inc flu hosp,0,2025-02-01,26,quantile,0.01,252.604
2025-02-01,wk inc flu hosp,0,2025-02-01,26,quantile,0.025,299.692
2025-02-01,wk inc flu hosp,0,2025-02-01,26,quantile,0.05,357.165
2025-02-01,wk inc flu hosp,0,2025-02-01,26,quantile,0.1,433.014
2025-02-01,wk inc flu hosp,0,2025-02-01,26,quantile,0.15,473.806
2025-02-01,wk inc flu hosp,0,2025-02-01,26,quantile,0.2,515.74
2025-02-01,wk inc flu hosp,0,2025-02-01,26,quantile,0.25,542.171
2025-02-01,wk inc flu hosp,0,2025-02-01,26,quantile,0.3,575.79
2025-02-01,wk inc flu hosp,0,2025-02-01,26,quantile,0.35,605.433
2025-02-01,wk inc flu hosp,0,2025-02-01,26,quantile,0.4,629.793
2025-02-01,wk inc flu hosp,0,2025-02-01,26,quantile,0.45,659.423
2025-02-01,wk inc flu hosp,0,2025-02-01,26,quantile,0.5,688.591
2025-02-01,wk inc flu hosp,0,2025-02-01,26,quantile,0.55,712.066
2025-02-01,wk inc flu hosp,0,2025-02-01,26,quantile,0.6,738.811
2025-02-01,wk inc flu hosp,0,2025-02-01,26,quantile,0.65,767.789
2025-02-01,wk inc flu hosp,0,2025-02-01,26,quantile,0.7,802.488
2025-02-01,wk inc flu hosp,0,2025-02-01,26,quantile,0.75,837.657
2025-02-01,wk inc flu hosp,0,2025-02-01,26,quantile,0.8,879.545
2025-02-01,wk inc flu hosp,0,2025-02-01,26,quantile,0.85,931.748
2025-02-01,wk inc flu hosp,0,2025-02-01,26,quantile,0.9,1014.869
2025-02-01,wk inc flu hosp,0,2025-02-01,26,quantile,0.95,1133.056
2025-02-01,wk inc flu hosp,0,2025-02-01,26,quantile,0.975,1343.31
2025-02-01,wk inc flu hosp,0,2025-02-01,26,quantile,0.99,1530.105
2025-02-01,wk inc flu hosp,1,2025-02-08,26,quantile,0.01,94.032
2025-02-01,wk inc flu hosp,1,2025-02-08,26,quantile,0.025,144.773
2025-02-01,wk inc flu hosp,1,2025-02-08,26,quantile,0.05,196.816
2025-02-01,wk inc flu hosp,1,2025-02-08,26,quantile,0.1,282.483
2025-02-01,wk inc flu hosp,1,2025-02-08,26,quantile,0.15,328.252
2025-02-01,wk inc flu hosp,1,2025-02-08,26,quantile,0.2,368.168
2025-02-01,wk inc flu hosp,1,2025-02-08,26,quantile,0.25,401.248
2025-02-01,wk inc flu hosp,1,2025-02-08,26,quantile,0.3,435.34
2025-02-01,wk inc flu hosp,1,2025-02-08,26,quantile,0.35,476.166
2025-02-01,wk inc flu hosp,1,2025-02-08,26,quantile,0.4,505.033
2025-02-01,wk inc flu hosp,1,2025-02-08,26,quantile,0.45,527.832
2025-02-01,wk inc flu hosp,1,2025-02-08,26,quantile,0.5,564.887
2025-02-01,wk inc flu hosp,1,2025-02-08,26,quantile,0.55,598.452
2025-02-01,wk inc flu hosp,1,2025-02-08,26,quantile,0.6,625.902
2025-02-01,wk inc flu hosp,1,2025-02-08,26,quantile,0.65,655.183
2025-02-01,wk inc flu hosp,1,2025-02-08,26,quantile,0.7,686.223
2025-02-01,wk inc flu hosp,1,2025-02-08,26,quantile,0.75,732.557
2025-02-01,wk inc flu hosp,1,2025-02-08,26,quantile,0.8,777.464
2025-02-01,wk inc flu hosp,1,2025-02-08,26,quantile,0.85,838.596
2025-02-01,wk inc flu hosp,1,2025-02-08,26,quantile,0.9,915.365
2025-02-01,wk inc flu hosp,1,2025-02-08,26,quantile,0.95,1086.299
2025-02-01,wk inc flu hosp,1,2025-02-08,26,quantile,0.975,1371.781
2025-02-01,wk inc flu hosp,1,2025-02-08,26,quantile,0.99,1869.033
2025-02-01,wk inc flu hosp,2,2025-02-15,26,quantile,0.01,32.848
2025-02-01,wk inc flu hosp,2,2025-02-15,26,quantile,0.025,59.622
2025-02-01,wk inc flu hosp,2,2025-02-15,26,quantile,0.05,106.158
2025-02-01,wk inc flu hosp,2,2025-02-15,26,quantile,0.1,166.708
2025-02-01,wk inc flu hosp,2,2025-02-15,26,quantile,0.15,200.739
2025-02-01,wk inc flu hosp,2,2025-02-15,26,quantile,0.2,232.829
2025-02-01,wk inc flu hosp,2,2025-02-15,26,quantile,0.25,270.797
2025-02-01,wk inc flu hosp,2,2025-02-15,26,quantile,0.3,298.234
2025-02-01,wk inc flu hosp,2,2025-02-15,26,quantile,0.35,326.285
2025-02-01,wk inc flu hosp,2,2025-02-15,26,quantile,0.4,355.386
2025-02-01,wk inc flu hosp,2,2025-02-15,26,quantile,0.45,381.751
2025-02-01,wk inc flu hosp,2,2025-02-15,26,quantile,0.5,405.105
2025-02-01,wk inc flu hosp,2,2025-02-15,26,quantile,0.55,429.383
2025-02-01,wk inc flu hosp,2,2025-02-15,26,quantile,0.6,457.231
2025-02-01,wk inc flu hosp,2,2025-02-15,26,quantile,0.65,489.73
2025-02-01,wk inc flu hosp,2,2025-02-15,26,quantile,0.7,510.019
2025-02-01,wk inc flu hosp,2,2025-02-15,26,quantile,0.75,548.332
2025-02-01,wk inc flu hosp,2,2025-02-15,26,quantile,0.8,594.924
2025-02-01,wk inc flu hosp,2,2025-02-15,26,quantile,0.85,647.275
2025-02-01,wk inc flu hosp,2,2025-02-15,26,quantile,0.9,715.288
2025-02-01,wk inc flu hosp,2,2025-02-15,26,quantile,0.95,879.849
2025-02-01,wk inc flu hosp,2,2025-02-15,26,quantile,0.975,1046.023
2025-02-01,wk inc flu hosp,2,2025-02-15,26,quantile,0.99,1679.494
2025-02-01,wk inc flu hosp,3,2025-02-22,26,quantile,0.01,10.347
2025-02-01,wk inc flu hosp,3,2025-02-22,26,quantile,0.025,24.747
2025-02-01,wk inc flu hosp,3,2025-02-22,26,quantile,0.05,54.351
2025-02-01,wk inc flu hosp,3,2025-02-22,26,quantile,0.1,93.719
2025-02-01,wk inc flu hosp,3,2025-02-22,26,quantile,0.15,119.355
2025-02-01,wk inc flu hosp,3,2025-02-22,26,quantile,0.2,146.978
2025-02-01,wk inc flu hosp,3,2025-02-22,26,quantile,0.25,170.647
2025-02-01,wk inc flu hosp,3,2025-02-22,26,quantile,0.3,192.132
2025-02-01,wk inc flu hosp,3,2025-02-22,26,quantile,0.35,214.684
2025-02-01,wk inc flu hosp,3,2025-02-22,26,quantile,0.4,238.193
2025-02-01,wk inc flu hosp,3,2025-02-22,26,quantile,0.45,258.603
2025-02-01,wk inc flu hosp,3,2025-02-22,26,quantile,0.5,274.683
2025-02-01,wk inc flu hosp,3,2025-02-22,26,quantile,0.55,293.872
2025-02-01,wk inc flu hosp,3,2025-02-22,26,quantile,0.6,313.19
2025-02-01,wk inc flu hosp,3,2025-02-22,26,quantile,0.65,344.553
2025-02-01,wk inc flu hosp,3,2025-02-22,26,quantile,0.7,370.182
2025-02-01,wk inc flu hosp,3,2025-02-22,26,quantile,0.75,395.525
2025-02-01,wk inc flu hosp,3,2025-02-22,26,quantile,0.8,422.816
2025-02-01,wk inc flu hosp,3,2025-02-22,26,quantile,0.85,465.491
2025-02-01,wk inc flu hosp,3,2025-02-22,26,quantile,0.9,526.764
2025-02-01,wk inc flu hosp,3,2025-02-22,26,quantile,0.95,655.221
2025-02-01,wk inc flu hosp,3,2025-02-22,26,quantile,0.975,783.66
2025-02-01,wk inc flu hosp,3,2025-02-22,26,quantile,0.99,1147.815
2025-02-01,wk inc flu hosp,0,2025-02-01,27,quantile,0.01,191.937
2025-02-01,wk inc flu hosp,0,2025-02-01,27,quantile,0.025,244.802
2025-02-01,wk inc flu hosp,0,2025-02-01,27,quantile,0.05,287.855
2025-02-01,wk inc flu hosp,0,2025-02-01,27,quantile,0.1,331.455
2025-02-01,wk inc flu hosp,0,2025-02-01,27,quantile,0.15,356.827
2025-02-01,wk inc flu hosp,0,2025-02-01,27,quantile,0.2,382.293
2025-02-01,wk inc flu hosp,0,2025-02-01,27,quantile,0.25,399.862
2025-02-01,wk inc flu hosp,0,2025-02-01,27,quantile,0.3,417.788
2025-02-01,wk inc flu hosp,0,2025-02-01,27,quantile,0.35,436.729
2025-02-01,wk inc flu hosp,0,2025-02-01,27,quantile,0.4,456.583
2025-02-01,wk inc flu hosp,0,2025-02-01,27,quantile,0.45,473.523
2025-02-01,wk inc flu hosp,0,2025-02-01,27,quantile,0.5,490.23
2025-02-01,wk inc flu hosp,0,2025-02-01,27,quantile,0.55,506.651
2025-02-01,wk inc flu hosp,0,2025-02-01,27,quantile,0.6,522.989
2025-02-01,wk inc flu hosp,0,2025-02-01,27,quantile,0.65,546.516
2025-02-01,wk inc flu hosp,0,2025-02-01,27,quantile,0.7,560.809
2025-02-01,wk inc flu hosp,0,2025-02-01,27,quantile,0.75,584.508
2025-02-01,wk inc flu hosp,0,2025-02-01,27,quantile,0.8,614.214
2025-02-01,wk inc flu hosp,0,2025-02-01,27,quantile,0.85,648.707
2025-02-01,wk inc flu hosp,0,2025-02-01,27,quantile,0.9,698.134
2025-02-01,wk inc flu hosp,0,2025-02-01,27,quantile,0.95,776.944
2025-02-01,wk inc flu hosp,0,2025-02-01,27,quantile,0.975,866.945
2025-02-01,wk inc flu hosp,0,2025-02-01,27,quantile,0.99,1045.339
2025-02-01,wk inc flu hosp,1,2025-02-08,27,quantile,0.01,58.005
2025-02-01,wk inc flu hosp,1,2025-02-08,27,quantile,0.025,90.839
2025-02-01,wk inc flu hosp,1,2025-02-08,27,quantile,0.05,118.008
2025-02-01,wk inc flu hosp,1,2025-02-08,27,quantile,0.1,142.17
2025-02-01,wk inc flu hosp,1,2025-02-08,27,quantile,0.15,158.941
2025-02-01,wk inc flu hosp,1,2025-02-08,27,quantile,0.2,174.845
2025-02-01,wk inc flu hosp,1,2025-02-08,27,quantile,0.25,187.114
2025-02-01,wk inc flu hosp,1,2025-02-08,27,quantile,0.3,201.101
2025-02-01,wk inc flu hosp,1,2025-02-08,27,quantile,0.35,214.61
2025-02-01,wk inc flu hosp,1,2025-02-08,27,quantile,0.4,227.207
2025-02-01,wk inc flu hosp,1,2025-02-08,27,quantile,0.45,239.708
2025-02-01,wk inc flu hosp,1,2025-02-08,27,quantile,0.5,252.679
2025-02-01,wk inc flu hosp,1,2025-02-08,27,quantile,0.55,266.077
2025-02-01,wk inc flu hosp,1,2025-02-08,27,quantile,0.6,282.146
2025-02-01,wk inc flu hosp,1,2025-02-08,27,quantile,0.65,295.997
2025-02-01,wk inc flu hosp,1,2025-02-08,27,quantile,0.7,309.488
2025-02-01,wk inc flu hosp,1,2025-02-08,27,quantile,0.75,325.04
2025-02-01,wk inc flu hosp,1,2025-02-08,27,quantile,0.8,351.976
2025-02-01,wk inc flu hosp,1,2025-02-08,27,quantile,0.85,375.745
2025-02-01,wk inc flu hosp,1,2025-02-08,27,quantile,0.9,414.029
2025-02-01,wk inc flu hosp,1,2025-02-08,27,quantile,0.95,475.289
2025-02-01,wk inc flu hosp,1,2025-02-08,27,quantile,0.975,539.647
2025-02-01,wk inc flu hosp,1,2025-02-08,27,quantile,0.99,681.772
2025-02-01,wk inc flu hosp,2,2025-02-15,27,quantile,0.01,18.33
2025-02-01,wk inc flu hosp,2,2025-02-15,27,quantile,0.025,29.627
2025-02-01,wk inc flu hosp,2,2025-02-15,27,quantile,0.05,43.916
2025-02-01,wk inc flu hosp,2,2025-02-15,27,quantile,0.1,53.819
2025-02-01,wk inc flu hosp,2,2025-02-15,27,quantile,0.15,63.783
2025-02-01,wk inc flu hosp,2,2025-02-15,27,quantile,0.2,71.3
2025-02-01,wk inc flu hosp,2,2025-02-15,27,quantile,0.25,79.239
2025-02-01,wk inc flu hosp,2,2025-02-15,27,quantile,0.3,86.874
2025-02-01,wk inc flu hosp,2,2025-02-15,27,quantile,0.35,93.622
2025-02-01,wk inc flu hosp,2,2025-02-15,27,quantile,0.4,101.147
2025-02-01,wk inc flu hosp,2,2025-02-15,27,quantile,0.45,108.641
2025-02-01,wk inc flu hosp,2,2025-02-15,27,quantile,0.5,118.051
2025-02-01,wk inc flu hosp,2,2025-02-15,27,quantile,0.55,126.434
2025-02-01,wk inc flu hosp,2,2025-02-15,27,quantile,0.6,133.336
2025-02-01,wk inc flu hosp,2,2025-02-15,27,quantile,0.65,143.102
2025-02-01,wk inc flu hosp,2,2025-02-15,27,quantile,0.7,152.352
2025-02-01,wk inc flu hosp,2,2025-02-15,27,quantile,0.75,161.883
2025-02-01,wk inc flu hosp,2,2025-02-15,27,quantile,0.8,180.249
2025-02-01,wk inc flu hosp,2,2025-02-15,27,quantile,0.85,196.992
2025-02-01,wk inc flu hosp,2,2025-02-15,27,quantile,0.9,222.819
2025-02-01,wk inc flu hosp,2,2025-02-15,27,quantile,0.95,265.321
2025-02-01,wk inc flu hosp,2,2025-02-15,27,quantile,0.975,309.805
2025-02-01,wk inc flu hosp,2,2025-02-15,27,quantile,0.99,381.51
2025-02-01,wk inc flu hosp,3,2025-02-22,27,quantile,0.01,4.773
2025-02-01,wk inc flu hosp,3,2025-02-22,27,quantile,0.025,9.542
2025-02-01,wk inc flu hosp,3,2025-02-22,27,quantile,0.05,14.427
2025-02-01,wk inc flu hosp,3,2025-02-22,27,quantile,0.1,19.889
2025-02-01,wk inc flu hosp,3,2025-02-22,27,quantile,0.15,24.789
2025-02-01,wk inc flu hosp,3,2025-02-22,27,quantile,0.2,27.912
2025-02-01,wk inc flu hosp,3,2025-02-22,27,quantile,0.25,31.446
2025-02-01,wk inc flu hosp,3,2025-02-22,27,quantile,0.3,35.124
2025-02-01,wk inc flu hosp,3,2025-02-22,27,quantile,0.35,38.478
2025-02-01,wk inc flu hosp,3,2025-02-22,27,quantile,0.4,42.171
2025-02-01,wk inc flu hosp,3,2025-02-22,27,quantile,0.45,46.778
2025-02-01,wk inc flu hosp,3,2025-02-22,27,quantile,0.5,51.027
2025-02-01,wk inc flu hosp,3,2025-02-22,27,quantile,0.55,55.837
2025-02-01,wk inc flu hosp,3,2025-02-22,27,quantile,0.6,61.137
2025-02-01,wk inc flu hosp,3,2025-02-22,27,quantile,0.65,65.226
2025-02-01,wk inc flu hosp,3,2025-02-22,27,quantile,0.7,70.159
2025-02-01,wk inc flu hosp,3,2025-02-22,27,quantile,0.75,77.127
2025-02-01,wk inc flu hosp,3,2025-02-22,27,quantile,0.8,86.701
2025-02-01,wk inc flu hosp,3,2025-02-22,27,quantile,0.85,99.23
2025-02-01,wk inc flu hosp,3,2025-02-22,27,quantile,0.9,114.137
2025-02-01,wk inc flu hosp,3,2025-02-22,27,quantile,0.95,141.8
2025-02-01,wk inc flu hosp,3,2025-02-22,27,quantile,0.975,174.542
2025-02-01,wk inc flu hosp,3,2025-02-22,27,quantile,0.99,204.411
2025-02-01,wk inc flu hosp,0,2025-02-01,28,quantile,0.01,96.174
2025-02-01,wk inc flu hosp,0,2025-02-01,28,quantile,0.025,116.434
2025-02-01,wk inc flu hosp,0,2025-02-01,28,quantile,0.05,131.43
2025-02-01,wk inc flu hosp,0,2025-02-01,28,quantile,0.1,149.497
2025-02-01,wk inc flu hosp,0,2025-02-01,28,quantile,0.15,162.892
2025-02-01,wk inc flu hosp,0,2025-02-01,28,quantile,0.2,174.532
2025-02-01,wk inc flu hosp,0,2025-02-01,28,quantile,0.25,184.006
2025-02-01,wk inc flu hosp,0,2025-02-01,28,quantile,0.3,193.753
2025-02-01,wk inc flu hosp,0,2025-02-01,28,quantile,0.35,205.647
2025-02-01,wk inc flu hosp,0,2025-02-01,28,quantile,0.4,211.925
2025-02-01,wk inc flu hosp,0,2025-02-01,28,quantile,0.45,221.289
2025-02-01,wk inc flu hosp,0,2025-02-01,28,quantile,0.5,229.058
2025-02-01,wk inc flu hosp,0,2025-02-01,28,quantile,0.55,239.91
2025-02-01,wk inc flu hosp,0,2025-02-01,28,quantile,0.6,250.428
2025-02-01,wk inc flu hosp,0,2025-02-01,28,quantile,0.65,258.369
2025-02-01,wk inc flu hosp,0,2025-02-01,28,quantile,0.7,269.491
2025-02-01,wk inc flu hosp,0,2025-02-01,28,quantile,0.75,282.739
2025-02-01,wk inc flu hosp,0,2025-02-01,28,quantile,0.8,295.337
2025-02-01,wk inc flu hosp,0,2025-02-01,28,quantile,0.85,311.243
2025-02-01,wk inc flu hosp,0,2025-02-01,28,quantile,0.9,336.856
2025-02-01,wk inc flu hosp,0,2025-02-01,28,quantile,0.95,376.892
2025-02-01,wk inc flu hosp,0,2025-02-01,28,quantile,0.975,458.49
2025-02-01,wk inc flu hosp,0,2025-02-01,28,quantile,0.99,663.84
2025-02-01,wk inc flu hosp,1,2025-02-08,28,quantile,0.01,44.504
2025-02-01,wk inc flu hosp,1,2025-02-08,28,quantile,0.025,61.64
2025-02-01,wk inc flu hosp,1,2025-02-08,28,quantile,0.05,80.139
2025-02-01,wk inc flu hosp,1,2025-02-08,28,quantile,0.1,96.581
2025-02-01,wk inc flu hosp,1,2025-02-08,28,quantile,0.15,108.461
2025-02-01,wk inc flu hosp,1,2025-02-08,28,quantile,0.2,119.546
2025-02-01,wk inc flu hosp,1,2025-02-08,28,quantile,0.25,130.211
2025-02-01,wk inc flu hosp,1,2025-02-08,28,quantile,0.3,137.797
2025-02-01,wk inc flu hosp,1,2025-02-08,28,quantile,0.35,145.789
2025-02-01,wk inc flu hosp,1,2025-02-08,28,quantile,0.4,155.181
2025-02-01,wk inc flu hosp,1,2025-02-08,28,quantile,0.45,163.584
2025-02-01,wk inc flu hosp,1,2025-02-08,28,quantile,0.5,172.456
2025-02-01,wk inc flu hosp,1,2025-02-08,28,quantile,0.55,183.516
2025-02-01,wk inc flu hosp,1,2025-02-08,28,quantile,0.6,192.994
2025-02-01,wk inc flu hosp,1,2025-02-08,28,quantile,0.65,203.84
2025-02-01,wk inc flu hosp,1,2025-02-08,28,quantile,0.7,211.806
2025-02-01,wk inc flu hosp,1,2025-02-08,28,quantile,0.75,217.8
2025-02-01,wk inc flu hosp,1,2025-02-08,28,quantile,0.8,231.655
2025-02-01,wk inc flu hosp,1,2025-02-08,28,quantile,0.85,250.408
2025-02-01,wk inc flu hosp,1,2025-02-08,28,quantile,0.9,277.31
2025-02-01,wk inc flu hosp,1,2025-02-08,28,quantile,0.95,315.312
2025-02-01,wk inc flu hosp,1,2025-02-08,28,quantile,0.975,368.151
2025-02-01,wk inc flu hosp,1,2025-02-08,28,quantile,0.99,591.433
2025-02-01,wk inc flu hosp,2,2025-02-15,28,quantile,0.01,19.918
2025-02-01,wk inc flu hosp,2,2025-02-15,28,quantile,0.025,31.085
2025-02-01,wk inc flu hosp,2,2025-02-15,28,quantile,0.05,41.992
2025-02-01,wk inc flu hosp,2,2025-02-15,28,quantile,0.1,55.835
2025-02-01,wk inc flu hosp,2,2025-02-15,28,quantile,0.15,64.78
2025-02-01,wk inc flu hosp,2,2025-02-15,28,quantile,0.2,73.675
2025-02-01,wk inc flu hosp,2,2025-02-15,28,quantile,0.25,81.386
2025-02-01,wk inc flu hosp,2,2025-02-15,28,quantile,0.3,87.616
2025-02-01,wk inc flu hosp,2,2025-02-15,28,quantile,0.35,93.403
2025-02-01,wk inc flu hosp,2,2025-02-15,28,quantile,0.4,99.773
2025-02-01,wk inc flu hosp,2,2025-02-15,28,quantile,0.45,106.562
2025-02-01,wk inc flu hosp,2,2025-02-15,28,quantile,0.5,115.049
2025-02-01,wk inc flu hosp,2,2025-02-15,28,quantile,0.55,123.6
2025-02-01,wk inc flu hosp,2,2025-02-15,28,quantile,0.6,131.135
2025-02-01,wk inc flu hosp,2,2025-02-15,28,quantile,0.65,138.808
2025-02-01,wk inc flu hosp,2,2025-02-15,28,quantile,0.7,145.311
2025-02-01,wk inc flu hosp,2,2025-02-15,28,quantile,0.75,153.45
2025-02-01,wk inc flu hosp,2,2025-02-15,28,quantile,0.8,166.528
2025-02-01,wk inc flu hosp,2,2025-02-15,28,quantile,0.85,179.707
2025-02-01,wk inc flu hosp,2,2025-02-15,28,quantile,0.9,200.888
2025-02-01,wk inc flu hosp,2,2025-02-15,28,quantile,0.95,242.977
2025-02-01,wk inc flu hosp,2,2025-02-15,28,quantile,0.975,311.176
2025-02-01,wk inc flu hosp,2,2025-02-15,28,quantile,0.99,569.905
2025-02-01,wk inc flu hosp,3,2025-02-22,28,quantile,0.01,7.905
2025-02-01,wk inc flu hosp,3,2025-02-22,28,quantile,0.025,14.875
2025-02-01,wk inc flu hosp,3,2025-02-22,28,quantile,0.05,20.468
2025-02-01,wk inc flu hosp,3,2025-02-22,28,quantile,0.1,29.893
2025-02-01,wk inc flu hosp,3,2025-02-22,28,quantile,0.15,36.27
2025-02-01,wk inc flu hosp,3,2025-02-22,28,quantile,0.2,41.992
2025-02-01,wk inc flu hosp,3,2025-02-22,28,quantile,0.25,47.016
2025-02-01,wk inc flu hosp,3,2025-02-22,28,quantile,0.3,52.529
2025-02-01,wk inc flu hosp,3,2025-02-22,28,quantile,0.35,56.592
2025-02-01,wk inc flu hosp,3,2025-02-22,28,quantile,0.4,61.231
2025-02-01,wk inc flu hosp,3,2025-02-22,28,quantile,0.45,65.161
2025-02-01,wk inc flu hosp,3,2025-02-22,28,quantile,0.5,70.084
2025-02-01,wk inc flu hosp,3,2025-02-22,28,quantile,0.55,77.089
2025-02-01,wk inc flu hosp,3,2025-02-22,28,quantile,0.6,82.708
2025-02-01,wk inc flu hosp,3,2025-02-22,28,quantile,0.65,88.387
2025-02-01,wk inc flu hosp,3,2025-02-22,28,quantile,0.7,92.708
2025-02-01,wk inc flu hosp,3,2025-02-22,28,quantile,0.75,100.994
2025-02-01,wk inc flu hosp,3,2025-02-22,28,quantile,0.8,110.627
2025-02-01,wk inc flu hosp,3,2025-02-22,28,quantile,0.85,120.729
2025-02-01,wk inc flu hosp,3,2025-02-22,28,quantile,0.9,137.942
2025-02-01,wk inc flu hosp,3,2025-02-22,28,quantile,0.95,170.558
2025-02-01,wk inc flu hosp,3,2025-02-22,28,quantile,0.975,225.094
2025-02-01,wk inc flu hosp,3,2025-02-22,28,quantile,0.99,278.774
2025-02-01,wk inc flu hosp,0,2025-02-01,29,quantile,0.01,70.22
2025-02-01,wk inc flu hosp,0,2025-02-01,29,quantile,0.025,110.002
2025-02-01,wk inc flu hosp,0,2025-02-01,29,quantile,0.05,142.653
2025-02-01,wk inc flu hosp,0,2025-02-01,29,quantile,0.1,183.402
2025-02-01,wk inc flu hosp,0,2025-02-01,29,quantile,0.15,207.229
2025-02-01,wk inc flu hosp,0,2025-02-01,29,quantile,0.2,227.804
2025-02-01,wk inc flu hosp,0,2025-02-01,29,quantile,0.25,247.002
2025-02-01,wk inc flu hosp,0,2025-02-01,29,quantile,0.3,263.526
2025-02-01,wk inc flu hosp,0,2025-02-01,29,quantile,0.35,280.796
2025-02-01,wk inc flu hosp,0,2025-02-01,29,quantile,0.4,296.522
2025-02-01,wk inc flu hosp,0,2025-02-01,29,quantile,0.45,310.98
2025-02-01,wk inc flu hosp,0,2025-02-01,29,quantile,0.5,326.089
2025-02-01,wk inc flu hosp,0,2025-02-01,29,quantile,0.55,344.72
2025-02-01,wk inc flu hosp,0,2025-02-01,29,quantile,0.6,361.459
2025-02-01,wk inc flu hosp,0,2025-02-01,29,quantile,0.65,380.442
2025-02-01,wk inc flu hosp,0,2025-02-01,29,quantile,0.7,397.627
2025-02-01,wk inc flu hosp,0,2025-02-01,29,quantile,0.75,418.842
2025-02-01,wk inc flu hosp,0,2025-02-01,29,quantile,0.8,441.975
2025-02-01,wk inc flu hosp,0,2025-02-01,29,quantile,0.85,472.807
2025-02-01,wk inc flu hosp,0,2025-02-01,29,quantile,0.9,524.389
2025-02-01,wk inc flu hosp,0,2025-02-01,29,quantile,0.95,614.407
2025-02-01,wk inc flu hosp,0,2025-02-01,29,quantile,0.975,705.728
2025-02-01,wk inc flu hosp,0,2025-02-01,29,quantile,0.99,832.639
2025-02-01,wk inc flu hosp,1,2025-02-08,29,quantile,0.01,35.283
2025-02-01,wk inc flu hosp,1,2025-02-08,29,quantile,0.025,48.911
2025-02-01,wk inc flu hosp,1,2025-02-08,29,quantile,0.05,66.105
2025-02-01,wk inc flu hosp,1,2025-02-08,29,quantile,0.1,90.754
2025-02-01,wk inc flu hosp,1,2025-02-08,29,quantile,0.15,110.534
2025-02-01,wk inc flu hosp,1,2025-02-08,29,quantile,0.2,121.313
2025-02-01,wk inc flu hosp,1,2025-02-08,29,quantile,0.25,139.245
2025-02-01,wk inc flu hosp,1,2025-02-08,29,quantile,0.3,153.731
2025-02-01,wk inc flu hosp,1,2025-02-08,29,quantile,0.35,165.19
2025-02-01,wk inc flu hosp,1,2025-02-08,29,quantile,0.4,178.201
2025-02-01,wk inc flu hosp,1,2025-02-08,29,quantile,0.45,192.778
2025-02-01,wk inc flu hosp,1,2025-02-08,29,quantile,0.5,207.412
2025-02-01,wk inc flu hosp,1,2025-02-08,29,quantile,0.55,223.296
2025-02-01,wk inc flu hosp,1,2025-02-08,29,quantile,0.6,237.604
2025-02-01,wk inc flu hosp,1,2025-02-08,29,quantile,0.65,252.563
2025-02-01,wk inc flu hosp,1,2025-02-08,29,quantile,0.7,266.51
2025-02-01,wk inc flu hosp,1,2025-02-08,29,quantile,0.75,282.849
2025-02-01,wk inc flu hosp,1,2025-02-08,29,quantile,0.8,302.508
2025-02-01,wk inc flu hosp,1,2025-02-08,29,quantile,0.85,332.362
2025-02-01,wk inc flu hosp,1,2025-02-08,29,quantile,0.9,383.906
2025-02-01,wk inc flu hosp,1,2025-02-08,29,quantile,0.95,442.438
2025-02-01,wk inc flu hosp,1,2025-02-08,29,quantile,0.975,536.781
2025-02-01,wk inc flu hosp,1,2025-02-08,29,quantile,0.99,844.243
2025-02-01,wk inc flu hosp,2,2025-02-15,29,quantile,0.01,13.084
2025-02-01,wk inc flu hosp,2,2025-02-15,29,quantile,0.025,19.269
2025-02-01,wk inc flu hosp,2,2025-02-15,29,quantile,0.05,28.465
2025-02-01,wk inc flu hosp,2,2025-02-15,29,quantile,0.1,42.895
2025-02-01,wk inc flu hosp,2,2025-02-15,29,quantile,0.15,54.212
2025-02-01,wk inc flu hosp,2,2025-02-15,29,quantile,0.2,63.908
2025-02-01,wk inc flu hosp,2,2025-02-15,29,quantile,0.25,74.224
2025-02-01,wk inc flu hosp,2,2025-02-15,29,quantile,0.3,83.164
2025-02-01,wk inc flu hosp,2,2025-02-15,29,quantile,0.35,92.543
2025-02-01,wk inc flu hosp,2,2025-02-15,29,quantile,0.4,102.27
2025-02-01,wk inc flu hosp,2,2025-02-15,29,quantile,0.45,110.95
2025-02-01,wk inc flu hosp,2,2025-02-15,29,quantile,0.5,119.703
2025-02-01,wk inc flu hosp,2,2025-02-15,29,quantile,0.55,132.441
2025-02-01,wk inc flu hosp,2,2025-02-15,29,quantile,0.6,145.134
2025-02-01,wk inc flu hosp,2,2025-02-15,29,quantile,0.65,157.313
2025-02-01,wk inc flu hosp,2,2025-02-15,29,quantile,0.7,173.436
2025-02-01,wk inc flu hosp,2,2025-02-15,29,quantile,0.75,184.575
2025-02-01,wk inc flu hosp,2,2025-02-15,29,quantile,0.8,201.317
2025-02-01,wk inc flu hosp,2,2025-02-15,29,quantile,0.85,225.111
2025-02-01,wk inc flu hosp,2,2025-02-15,29,quantile,0.9,261.865
2025-02-01,wk inc flu hosp,2,2025-02-15,29,quantile,0.95,327.8
2025-02-01,wk inc flu hosp,2,2025-02-15,29,quantile,0.975,402.413
2025-02-01,wk inc flu hosp,2,2025-02-15,29,quantile,0.99,763.711
2025-02-01,wk inc flu hosp,3,2025-02-22,29,quantile,0.01,4.117
2025-02-01,wk inc flu hosp,3,2025-02-22,29,quantile,0.025,7.383
2025-02-01,wk inc flu hosp,3,2025-02-22,29,quantile,0.05,11.825
2025-02-01,wk inc flu hosp,3,2025-02-22,29,quantile,0.1,19.706
2025-02-01,wk inc flu hosp,3,2025-02-22,29,quantile,0.15,26.593
2025-02-01,wk inc flu hosp,3,2025-02-22,29,quantile,0.2,31.778
2025-02-01,wk inc flu hosp,3,2025-02-22,29,quantile,0.25,38.358
2025-02-01,wk inc flu hosp,3,2025-02-22,29,quantile,0.3,44.223
2025-02-01,wk inc flu hosp,3,2025-02-22,29,quantile,0.35,49.746
2025-02-01,wk inc flu hosp,3,2025-02-22,29,quantile,0.4,57.288
2025-02-01,wk inc flu hosp,3,2025-02-22,29,quantile,0.45,63.567
2025-02-01,wk inc flu hosp,3,2025-02-22,29,quantile,0.5,70.308
2025-02-01,wk inc flu hosp,3,2025-02-22,29,quantile,0.55,76.645
2025-02-01,wk inc flu hosp,3,2025-02-22,29,quantile,0.6,84.277
2025-02-01,wk inc flu hosp,3,2025-02-22,29,quantile,0.65,97.059
2025-02-01,wk inc flu hosp,3,2025-02-22,29,quantile,0.7,106.146
2025-02-01,wk inc flu hosp,3,2025-02-22,29,quantile,0.75,114.67
2025-02-01,wk inc flu hosp,3,2025-02-22,29,quantile,0.8,128.53
2025-02-01,wk inc flu hosp,3,2025-02-22,29,quantile,0.85,146.646
2025-02-01,wk inc flu hosp,3,2025-02-22,29,quantile,0.9,178.188
2025-02-01,wk inc flu hosp,3,2025-02-22,29,quantile,0.95,224.9
2025-02-01,wk inc flu hosp,3,2025-02-22,29,quantile,0.975,271.598
2025-02-01,wk inc flu hosp,3,2025-02-22,29,quantile,0.99,395.422
2025-02-01,wk inc flu hosp,0,2025-02-01,30,quantile,0.01,3.709
2025-02-01,wk inc flu hosp,0,2025-02-01,30,quantile,0.025,5.579
2025-02-01,wk inc flu hosp,0,2025-02-01,30,quantile,0.05,8.409
2025-02-01,wk inc flu hosp,0,2025-02-01,30,quantile,0.1,13.166
2025-02-01,wk inc flu hosp,0,2025-02-01,30,quantile,0.15,17.813
2025-02-01,wk inc flu hosp,0,2025-02-01,30,quantile,0.2,20.58
2025-02-01,wk inc flu hosp,0,2025-02-01,30,quantile,0.25,23.671
2025-02-01,wk inc flu hosp,0,2025-02-01,30,quantile,0.3,26.838
2025-02-01,wk inc flu hosp,0,2025-02-01,30,quantile,0.35,29.578
2025-02-01,wk inc flu hosp,0,2025-02-01,30,quantile,0.4,32.165
2025-02-01,wk inc flu hosp,0,2025-02-01,30,quantile,0.45,35.111
2025-02-01,wk inc flu hosp,0,2025-02-01,30,quantile,0.5,37.548
2025-02-01,wk inc flu hosp,0,2025-02-01,30,quantile,0.55,41.258
2025-02-01,wk inc flu hosp,0,2025-02-01,30,quantile,0.6,43.831
2025-02-01,wk inc flu hosp,0,2025-02-01,30,quantile,0.65,47.134
2025-02-01,wk inc flu hosp,0,2025-02-01,30,quantile,0.7,50.859
2025-02-01,wk inc flu hosp,0,2025-02-01,30,quantile,0.75,55.829
2025-02-01,wk inc flu hosp,0,2025-02-01,30,quantile,0.8,60.463
2025-02-01,wk inc flu hosp,0,2025-02-01,30,quantile,0.85,67.053
2025-02-01,wk inc flu hosp,0,2025-02-01,30,quantile,0.9,78.213
2025-02-01,wk inc flu hosp,0,2025-02-01,30,quantile,0.95,92.21
2025-02-01,wk inc flu hosp,0,2025-02-01,30,quantile,0.975,110.358
2025-02-01,wk inc flu hosp,0,2025-02-01,30,quantile,0.99,139.506
2025-02-01,wk inc flu hosp,1,2025-02-08,30,quantile,0.01,1.505
2025-02-01,wk inc flu hosp,1,2025-02-08,30,quantile,0.025,2.534
2025-02-01,wk inc flu hosp,1,2025-02-08,30,quantile,0.05,4.376
2025-02-01,wk inc flu hosp,1,2025-02-08,30,quantile,0.1,7.112
2025-02-01,wk inc flu hosp,1,2025-02-08,30,quantile,0.15,9.25
2025-02-01,wk inc flu hosp,1,2025-02-08,30,quantile,0.2,11.504
2025-02-01,wk inc flu hosp,1,2025-02-08,30,quantile,0.25,13.816
2025-02-01,wk inc flu hosp,1,2025-02-08,30,quantile,0.3,16.024
2025-02-01,wk inc flu hosp,1,2025-02-08,30,quantile,0.35,18.054
2025-02-01,wk inc flu hosp,1,2025-02-08,30,quantile,0.4,21.29
2025-02-01,wk inc flu hosp,1,2025-02-08,30,quantile,0.45,23.877
2025-02-01,wk inc flu hosp,1,2025-02-08,30,quantile,0.5,25.876
2025-02-01,wk inc flu hosp,1,2025-02-08,30,quantile,0.55,28.81
2025-02-01,wk inc flu hosp,1,2025-02-08,30,quantile,0.6,31.908
2025-02-01,wk inc flu hosp,1,2025-02-08,30,quantile,0.65,35.731
2025-02-01,wk inc flu hosp,1,2025-02-08,30,quantile,0.7,39.593
2025-02-01,wk inc flu hosp,1,2025-02-08,30,quantile,0.75,44.708
2025-02-01,wk inc flu hosp,1,2025-02-08,30,quantile,0.8,49.793
2025-02-01,wk inc flu hosp,1,2025-02-08,30,quantile,0.85,55.972
2025-02-01,wk inc flu hosp,1,2025-02-08,30,quantile,0.9,63.903
2025-02-01,wk inc flu hosp,1,2025-02-08,30,quantile,0.95,84.38
2025-02-01,wk inc flu hosp,1,2025-02-08,30,quantile,0.975,108.281
2025-02-01,wk inc flu hosp,1,2025-02-08,30,quantile,0.99,158.705
2025-02-01,wk inc flu hosp,2,2025-02-15,30,quantile,0.01,0.403
2025-02-01,wk inc flu hosp,2,2025-02-15,30,quantile,0.025,1.003
2025-02-01,wk inc flu hosp,2,2025-02-15,30,quantile,0.05,1.947
2025-02-01,wk inc flu hosp,2,2025-02-15,30,quantile,0.1,3.175
2025-02-01,wk inc flu hosp,2,2025-02-15,30,quantile,0.15,4.561
2025-02-01,wk inc flu hosp,2,2025-02-15,30,quantile,0.2,6.268
2025-02-01,wk inc flu hosp,2,2025-02-15,30,quantile,0.25,7.469
2025-02-01,wk inc flu hosp,2,2025-02-15,30,quantile,0.3,9.099
2025-02-01,wk inc flu hosp,2,2025-02-15,30,quantile,0.35,10.947
2025-02-01,wk inc flu hosp,2,2025-02-15,30,quantile,0.4,12.455
2025-02-01,wk inc flu hosp,2,2025-02-15,30,quantile,0.45,14.728
2025-02-01,wk inc flu hosp,2,2025-02-15,30,quantile,0.5,16.575
2025-02-01,wk inc flu hosp,2,2025-02-15,30,quantile,0.55,18.391
2025-02-01,wk inc flu hosp,2,2025-02-15,30,quantile,0.6,21.326
2025-02-01,wk inc flu hosp,2,2025-02-15,30,quantile,0.65,25.368
2025-02-01,wk inc flu hosp,2,2025-02-15,30,quantile,0.7,28.895
2025-02-01,wk inc flu hosp,2,2025-02-15,30,quantile,0.75,31.908
2025-02-01,wk inc flu hosp,2,2025-02-15,30,quantile,0.8,36.012
2025-02-01,wk inc flu hosp,2,2025-02-15,30,quantile,0.85,41.122
2025-02-01,wk inc flu hosp,2,2025-02-15,30,quantile,0.9,48.882
2025-02-01,wk inc flu hosp,2,2025-02-15,30,quantile,0.95,69.438
2025-02-01,wk inc flu hosp,2,2025-02-15,30,quantile,0.975,90.52
2025-02-01,wk inc flu hosp,2,2025-02-15,30,quantile,0.99,136.504
2025-02-01,wk inc flu hosp,3,2025-02-22,30,quantile,0.01,0.178
2025-02-01,wk inc flu hosp,3,2025-02-22,30,quantile,0.025,0.351
2025-02-01,wk inc flu hosp,3,2025-02-22,30,quantile,0.05,0.669
2025-02-01,wk inc flu hosp,3,2025-02-22,30,quantile,0.1,1.374
2025-02-01,wk inc flu hosp,3,2025-02-22,30,quantile,0.15,2.264
2025-02-01,wk inc flu hosp,3,2025-02-22,30,quantile,0.2,3.147
2025-02-01,wk inc flu hosp,3,2025-02-22,30,quantile,0.25,4.051
2025-02-01,wk inc flu hosp,3,2025-02-22,30,quantile,0.3,4.946
2025-02-01,wk inc flu hosp,3,2025-02-22,30,quantile,0.35,6.047
2025-02-01,wk inc flu hosp,3,2025-02-22,30,quantile,0.4,7.42
2025-02-01,wk inc flu hosp,3,2025-02-22,30,quantile,0.45,9.015
2025-02-01,wk inc flu hosp,3,2025-02-22,30,quantile,0.5,10.339
2025-02-01,wk inc flu hosp,3,2025-02-22,30,quantile,0.55,11.674
2025-02-01,wk inc flu hosp,3,2025-02-22,30,quantile,0.6,14.025
2025-02-01,wk inc flu hosp,3,2025-02-22,30,quantile,0.65,16.854
2025-02-01,wk inc flu hosp,3,2025-02-22,30,quantile,0.7,19.822
2025-02-01,wk inc flu hosp,3,2025-02-22,30,quantile,0.75,21.686
2025-02-01,wk inc flu hosp,3,2025-02-22,30,quantile,0.8,24.554
2025-02-01,wk inc flu hosp,3,2025-02-22,30,quantile,0.85,29.372
2025-02-01,wk inc flu hosp,3,2025-02-22,30,quantile,0.9,36.07
2025-02-01,wk inc flu hosp,3,2025-02-22,30,quantile,0.95,50.679
2025-02-01,wk inc flu hosp,3,2025-02-22,30,quantile,0.975,69.647
2025-02-01,wk inc flu hosp,3,2025-02-22,30,quantile,0.99,111.741
2025-02-01,wk inc flu hosp,0,2025-02-01,31,quantile,0.01,49.092
2025-02-01,wk inc flu hosp,0,2025-02-01,31,quantile,0.025,53.51
2025-02-01,wk inc flu hosp,0,2025-02-01,31,quantile,0.05,65.856
2025-02-01,wk inc flu hosp,0,2025-02-01,31,quantile,0.1,78.091
2025-02-01,wk inc flu hosp,0,2025-02-01,31,quantile,0.15,84.206
2025-02-01,wk inc flu hosp,0,2025-02-01,31,quantile,0.2,90.893
2025-02-01,wk inc flu hosp,0,2025-02-01,31,quantile,0.25,97.172
2025-02-01,wk inc flu hosp,0,2025-02-01,31,quantile,0.3,103.414
2025-02-01,wk inc flu hosp,0,2025-02-01,31,quantile,0.35,109.105
2025-02-01,wk inc flu hosp,0,2025-02-01,31,quantile,0.4,114.123
2025-02-01,wk inc flu hosp,0,2025-02-01,31,quantile,0.45,119.428
2025-02-01,wk inc flu hosp,0,2025-02-01,31,quantile,0.5,126.379
2025-02-01,wk inc flu hosp,0,2025-02-01,31,quantile,0.55,132.502
2025-02-01,wk inc flu hosp,0,2025-02-01,31,quantile,0.6,137.79
2025-02-01,wk inc flu hosp,0,2025-02-01,31,quantile,0.65,145.234
2025-02-01,wk inc flu hosp,0,2025-02-01,31,quantile,0.7,151.905
2025-02-01,wk inc flu hosp,0,2025-02-01,31,quantile,0.75,157.099
2025-02-01,wk inc flu hosp,0,2025-02-01,31,quantile,0.8,164.434
2025-02-01,wk inc flu hosp,0,2025-02-01,31,quantile,0.85,179.06
2025-02-01,wk inc flu hosp,0,2025-02-01,31,quantile,0.9,199.687
2025-02-01,wk inc flu hosp,0,2025-02-01,31,quantile,0.95,222.52
2025-02-01,wk inc flu hosp,0,2025-02-01,31,quantile,0.975,243.269
2025-02-01,wk inc flu hosp,0,2025-02-01,31,quantile,0.99,289.863
2025-02-01,wk inc flu hosp,1,2025-02-08,31,quantile,0.01,20.141
2025-02-01,wk inc flu hosp,1,2025-02-08,31,quantile,0.025,26.523
2025-02-01,wk inc flu hosp,1,2025-02-08,31,quantile,0.05,35.566
2025-02-01,wk inc flu hosp,1,2025-02-08,31,quantile,0.1,44.252
2025-02-01,wk inc flu hosp,1,2025-02-08,31,quantile,0.15,52.06
2025-02-01,wk inc flu hosp,1,2025-02-08,31,quantile,0.2,57.036
2025-02-01,wk inc flu hosp,1,2025-02-08,31,quantile,0.25,63.545
2025-02-01,wk inc flu hosp,1,2025-02-08,31,quantile,0.3,68.464
2025-02-01,wk inc flu hosp,1,2025-02-08,31,quantile,0.35,73.985
2025-02-01,wk inc flu hosp,1,2025-02-08,31,quantile,0.4,78.566
2025-02-01,wk inc flu hosp,1,2025-02-08,31,quantile,0.45,84.025
2025-02-01,wk inc flu hosp,1,2025-02-08,31,quantile,0.5,89.08
2025-02-01,wk inc flu hosp,1,2025-02-08,31,quantile,0.55,94.86
2025-02-01,wk inc flu hosp,1,2025-02-08,31,quantile,0.6,100.502
2025-02-01,wk inc flu hosp,1,2025-02-08,31,quantile,0.65,106.585
2025-02-01,wk inc flu hosp,1,2025-02-08,31,quantile,0.7,113.072
2025-02-01,wk inc flu hosp,1,2025-02-08,31,quantile,0.75,119.845
2025-02-01,wk inc flu hosp,1,2025-02-08,31,quantile,0.8,129.327
2025-02-01,wk inc flu hosp,1,2025-02-08,31,quantile,0.85,142.482
2025-02-01,wk inc flu hosp,1,2025-02-08,31,quantile,0.9,159.932
2025-02-01,wk inc flu hosp,1,2025-02-08,31,quantile,0.95,190.267
2025-02-01,wk inc flu hosp,1,2025-02-08,31,quantile,0.975,230.711
2025-02-01,wk inc flu hosp,1,2025-02-08,31,quantile,0.99,301.623
2025-02-01,wk inc flu hosp,2,2025-02-15,31,quantile,0.01,8.051
2025-02-01,wk inc flu hosp,2,2025-02-15,31,quantile,0.025,11.793
2025-02-01,wk inc flu hosp,2,2025-02-15,31,quantile,0.05,16.404
2025-02-01,wk inc flu hosp,2,2025-02-15,31,quantile,0.1,23.179
2025-02-01,wk inc flu hosp,2,2025-02-15,31,quantile,0.15,27.854
2025-02-01,wk inc flu hosp,2,2025-02-15,31,quantile,0.2,32.673
2025-02-01,wk inc flu hosp,2,2025-02-15,31,quantile,0.25,36.525
2025-02-01,wk inc flu hosp,2,2025-02-15,31,quantile,0.3,40.266
2025-02-01,wk inc flu hosp,2,2025-02-15,31,quantile,0.35,43.37
2025-02-01,wk inc flu hosp,2,2025-02-15,31,quantile,0.4,47.278
2025-02-01,wk inc flu hosp,2,2025-02-15,31,quantile,0.45,51.699
2025-02-01,wk inc flu hosp,2,2025-02-15,31,quantile,0.5,56.904
2025-02-01,wk inc flu hosp,2,2025-02-15,31,quantile,0.55,61.195
2025-02-01,wk inc flu hosp,2,2025-02-15,31,quantile,0.6,66.149
2025-02-01,wk inc flu hosp,2,2025-02-15,31,quantile,0.65,71.334
2025-02-01,wk inc flu hosp,2,2025-02-15,31,quantile,0.7,74.842
2025-02-01,wk inc flu hosp,2,2025-02-15,31,quantile,0.75,80.765
2025-02-01,wk inc flu hosp,2,2025-02-15,31,quantile,0.8,90.638
2025-02-01,wk inc flu hosp,2,2025-02-15,31,quantile,0.85,103.564
2025-02-01,wk inc flu hosp,2,2025-02-15,31,quantile,0.9,117.369
2025-02-01,wk inc flu hosp,2,2025-02-15,31,quantile,0.95,144.567
2025-02-01,wk inc flu hosp,2,2025-02-15,31,quantile,0.975,180.832
2025-02-01,wk inc flu hosp,2,2025-02-15,31,quantile,0.99,282.54
2025-02-01,wk inc flu hosp,3,2025-02-22,31,quantile,0.01,2.933
2025-02-01,wk inc flu hosp,3,2025-02-22,31,quantile,0.025,4.655
2025-02-01,wk inc flu hosp,3,2025-02-22,31,quantile,0.05,7.577
2025-02-01,wk inc flu hosp,3,2025-02-22,31,quantile,0.1,11.419
2025-02-01,wk inc flu hosp,3,2025-02-22,31,quantile,0.15,14.75
2025-02-01,wk inc flu hosp,3,2025-02-22,31,quantile,0.2,17.342
2025-02-01,wk inc flu hosp,3,2025-02-22,31,quantile,0.25,19.613
2025-02-01,wk inc flu hosp,3,2025-02-22,31,quantile,0.3,21.85
2025-02-01,wk inc flu hosp,3,2025-02-22,31,quantile,0.35,24.361
2025-02-01,wk inc flu hosp,3,2025-02-22,31,quantile,0.4,27.147
2025-02-01,wk inc flu hosp,3,2025-02-22,31,quantile,0.45,30.748
2025-02-01,wk inc flu hosp,3,2025-02-22,31,quantile,0.5,33.5
2025-02-01,wk inc flu hosp,3,2025-02-22,31,quantile,0.55,37.21
2025-02-01,wk inc flu hosp,3,2025-02-22,31,quantile,0.6,40.685
2025-02-01,wk inc flu hosp,3,2025-02-22,31,quantile,0.65,44.824
2025-02-01,wk inc flu hosp,3,2025-02-22,31,quantile,0.7,48.013
2025-02-01,wk inc flu hosp,3,2025-02-22,31,quantile,0.75,52.204
2025-02-01,wk inc flu hosp,3,2025-02-22,31,quantile,0.8,57.673
2025-02-01,wk inc flu hosp,3,2025-02-22,31,quantile,0.85,67.489
2025-02-01,wk inc flu hosp,3,2025-02-22,31,quantile,0.9,82.137
2025-02-01,wk inc flu hosp,3,2025-02-22,31,quantile,0.95,97.061
2025-02-01,wk inc flu hosp,3,2025-02-22,31,quantile,0.975,118.443
2025-02-01,wk inc flu hosp,3,2025-02-22,31,quantile,0.99,167.497
2025-02-01,wk inc flu hosp,0,2025-02-01,32,quantile,0.01,12.577
2025-02-01,wk inc flu hosp,0,2025-02-01,32,quantile,0.025,20.994
2025-02-01,wk inc flu hosp,0,2025-02-01,32,quantile,0.05,33.974
2025-02-01,wk inc flu hosp,0,2025-02-01,32,quantile,0.1,43.707
2025-02-01,wk inc flu hosp,0,2025-02-01,32,quantile,0.15,51.089
2025-02-01,wk inc flu hosp,0,2025-02-01,32,quantile,0.2,58.386
2025-02-01,wk inc flu hosp,0,2025-02-01,32,quantile,0.25,63.223
2025-02-01,wk inc flu hosp,0,2025-02-01,32,quantile,0.3,68.385
2025-02-01,wk inc flu hosp,0,2025-02-01,32,quantile,0.35,73.214
2025-02-01,wk inc flu hosp,0,2025-02-01,32,quantile,0.4,78.104
2025-02-01,wk inc flu hosp,0,2025-02-01,32,quantile,0.45,82.814
2025-02-01,wk inc flu hosp,0,2025-02-01,32,quantile,0.5,87.616
2025-02-01,wk inc flu hosp,0,2025-02-01,32,quantile,0.55,92.237
2025-02-01,wk inc flu hosp,0,2025-02-01,32,quantile,0.6,98.083
2025-02-01,wk inc flu hosp,0,2025-02-01,32,quantile,0.65,100.683
2025-02-01,wk inc flu hosp,0,2025-02-01,32,quantile,0.7,106.808
2025-02-01,wk inc flu hosp,0,2025-02-01,32,quantile,0.75,112.584
2025-02-01,wk inc flu hosp,0,2025-02-01,32,quantile,0.8,118.651
2025-02-01,wk inc flu hosp,0,2025-02-01,32,quantile,0.85,127.733
2025-02-01,wk inc flu hosp,0,2025-02-01,32,quantile,0.9,138.631
2025-02-01,wk inc flu hosp,0,2025-02-01,32,quantile,0.95,156.6
2025-02-01,wk inc flu hosp,0,2025-02-01,32,quantile,0.975,182.371
2025-02-01,wk inc flu hosp,0,2025-02-01,32,quantile,0.99,276.115
2025-02-01,wk inc flu hosp,1,2025-02-08,32,quantile,0.01,4.873
2025-02-01,wk inc flu hosp,1,2025-02-08,32,quantile,0.025,8.773
2025-02-01,wk inc flu hosp,1,2025-02-08,32,quantile,0.05,11.979
2025-02-01,wk inc flu hosp,1,2025-02-08,32,quantile,0.1,19.633
2025-02-01,wk inc flu hosp,1,2025-02-08,32,quantile,0.15,24.292
2025-02-01,wk inc flu hosp,1,2025-02-08,32,quantile,0.2,27.597
2025-02-01,wk inc flu hosp,1,2025-02-08,32,quantile,0.25,32.161
2025-02-01,wk inc flu hosp,1,2025-02-08,32,quantile,0.3,35.224
2025-02-01,wk inc flu hosp,1,2025-02-08,32,quantile,0.35,38.916
2025-02-01,wk inc flu hosp,1,2025-02-08,32,quantile,0.4,42.614
2025-02-01,wk inc flu hosp,1,2025-02-08,32,quantile,0.45,46.368
2025-02-01,wk inc flu hosp,1,2025-02-08,32,quantile,0.5,49.909
2025-02-01,wk inc flu hosp,1,2025-02-08,32,quantile,0.55,53.351
2025-02-01,wk inc flu hosp,1,2025-02-08,32,quantile,0.6,57.593
2025-02-01,wk inc flu hosp,1,2025-02-08,32,quantile,0.65,61.229
2025-02-01,wk inc flu hosp,1,2025-02-08,32,quantile,0.7,66.051
2025-02-01,wk inc flu hosp,1,2025-02-08,32,quantile,0.75,71.733
2025-02-01,wk inc flu hosp,1,2025-02-08,32,quantile,0.8,74.815
2025-02-01,wk inc flu hosp,1,2025-02-08,32,quantile,0.85,82.458
2025-02-01,wk inc flu hosp,1,2025-02-08,32,quantile,0.9,91.085
2025-02-01,wk inc flu hosp,1,2025-02-08,32,quantile,0.95,108.902
2025-02-01,wk inc flu hosp,1,2025-02-08,32,quantile,0.975,126.437
2025-02-01,wk inc flu hosp,1,2025-02-08,32,quantile,0.99,287.22
2025-02-01,wk inc flu hosp,2,2025-02-15,32,quantile,0.01,1.75
2025-02-01,wk inc flu hosp,2,2025-02-15,32,quantile,0.025,2.982
2025-02-01,wk inc flu hosp,2,2025-02-15,32,quantile,0.05,4.45
2025-02-01,wk inc flu hosp,2,2025-02-15,32,quantile,0.1,7.889
2025-02-01,wk inc flu hosp,2,2025-02-15,32,quantile,0.15,10.653
2025-02-01,wk inc flu hosp,2,2025-02-15,32,quantile,0.2,13.128
2025-02-01,wk inc flu hosp,2,2025-02-15,32,quantile,0.25,15.334
2025-02-01,wk inc flu hosp,2,2025-02-15,32,quantile,0.3,17.484
2025-02-01,wk inc flu hosp,2,2025-02-15,32,quantile,0.35,19.75
2025-02-01,wk inc flu hosp,2,2025-02-15,32,quantile,0.4,21.836
2025-02-01,wk inc flu hosp,2,2025-02-15,32,quantile,0.45,24.063
2025-02-01,wk inc flu hosp,2,2025-02-15,32,quantile,0.5,26.672
2025-02-01,wk inc flu hosp,2,2025-02-15,32,quantile,0.55,29.609
2025-02-01,wk inc flu hosp,2,2025-02-15,32,quantile,0.6,32.077
2025-02-01,wk inc flu hosp,2,2025-02-15,32,quantile,0.65,35.418
2025-02-01,wk inc flu hosp,2,2025-02-15,32,quantile,0.7,38.135
2025-02-01,wk inc flu hosp,2,2025-02-15,32,quantile,0.75,42.321
2025-02-01,wk inc flu hosp,2,2025-02-15,32,quantile,0.8,47.427
2025-02-01,wk inc flu hosp,2,2025-02-15,32,quantile,0.85,52.706
2025-02-01,wk inc flu hosp,2,2025-02-15,32,quantile,0.9,56.974
2025-02-01,wk inc flu hosp,2,2025-02-15,32,quantile,0.95,70.211
2025-02-01,wk inc flu hosp,2,2025-02-15,32,quantile,0.975,92.184
2025-02-01,wk inc flu hosp,2,2025-02-15,32,quantile,0.99,282.848
2025-02-01,wk inc flu hosp,3,2025-02-22,32,quantile,0.01,0.47
2025-02-01,wk inc flu hosp,3,2025-02-22,32,quantile,0.025,0.923
2025-02-01,wk inc flu hosp,3,2025-02-22,32,quantile,0.05,1.639
2025-02-01,wk inc flu hosp,3,2025-02-22,32,quantile,0.1,3.042
2025-02-01,wk inc flu hosp,3,2025-02-22,32,quantile,0.15,4.489
2025-02-01,wk inc flu hosp,3,2025-02-22,32,quantile,0.2,5.817
2025-02-01,wk inc flu hosp,3,2025-02-22,32,quantile,0.25,7.01
2025-02-01,wk inc flu hosp,3,2025-02-22,32,quantile,0.3,8.37
2025-02-01,wk inc flu hosp,3,2025-02-22,32,quantile,0.35,9.595
2025-02-01,wk inc flu hosp,3,2025-02-22,32,quantile,0.4,10.843
2025-02-01,wk inc flu hosp,3,2025-02-22,32,quantile,0.45,12.076
2025-02-01,wk inc flu hosp,3,2025-02-22,32,quantile,0.5,13.624
2025-02-01,wk inc flu hosp,3,2025-02-22,32,quantile,0.55,15.431
2025-02-01,wk inc flu hosp,3,2025-02-22,32,quantile,0.6,17.045
2025-02-01,wk inc flu hosp,3,2025-02-22,32,quantile,0.65,19.104
2025-02-01,wk inc flu hosp,3,2025-02-22,32,quantile,0.7,21.277
2025-02-01,wk inc flu hosp,3,2025-02-22,32,quantile,0.75,24.189
2025-02-01,wk inc flu hosp,3,2025-02-22,32,quantile,0.8,27.332
2025-02-01,wk inc flu hosp,3,2025-02-22,32,quantile,0.85,31.879
2025-02-01,wk inc flu hosp,3,2025-02-22,32,quantile,0.9,35.592
2025-02-01,wk inc flu hosp,3,2025-02-22,32,quantile,0.95,42.69
2025-02-01,wk inc flu hosp,3,2025-02-22,32,quantile,0.975,62.284
2025-02-01,wk inc flu hosp,3,2025-02-22,32,quantile,0.99,187.788
2025-02-01,wk inc flu hosp,0,2025-02-01,33,quantile,0.01,22.537
2025-02-01,wk inc flu hosp,0,2025-02-01,33,quantile,0.025,28.809
2025-02-01,wk inc flu hosp,0,2025-02-01,33,quantile,0.05,38.287
2025-02-01,wk inc flu hosp,0,2025-02-01,33,quantile,0.1,49.039
2025-02-01,wk inc flu hosp,0,2025-02-01,33,quantile,0.15,56.644
2025-02-01,wk inc flu hosp,0,2025-02-01,33,quantile,0.2,61.74
2025-02-01,wk inc flu hosp,0,2025-02-01,33,quantile,0.25,66.101
2025-02-01,wk inc flu hosp,0,2025-02-01,33,quantile,0.3,72.227
2025-02-01,wk inc flu hosp,0,2025-02-01,33,quantile,0.35,76.346
2025-02-01,wk inc flu hosp,0,2025-02-01,33,quantile,0.4,80.584
2025-02-01,wk inc flu hosp,0,2025-02-01,33,quantile,0.45,85.447
2025-02-01,wk inc flu hosp,0,2025-02-01,33,quantile,0.5,89.3
2025-02-01,wk inc flu hosp,0,2025-02-01,33,quantile,0.55,94.149
2025-02-01,wk inc flu hosp,0,2025-02-01,33,quantile,0.6,97.763
2025-02-01,wk inc flu hosp,0,2025-02-01,33,quantile,0.65,102.109
2025-02-01,wk inc flu hosp,0,2025-02-01,33,quantile,0.7,106.857
2025-02-01,wk inc flu hosp,0,2025-02-01,33,quantile,0.75,113.464
2025-02-01,wk inc flu hosp,0,2025-02-01,33,quantile,0.8,119.164
2025-02-01,wk inc flu hosp,0,2025-02-01,33,quantile,0.85,127.755
2025-02-01,wk inc flu hosp,0,2025-02-01,33,quantile,0.9,139.345
2025-02-01,wk inc flu hosp,0,2025-02-01,33,quantile,0.95,159.069
2025-02-01,wk inc flu hosp,0,2025-02-01,33,quantile,0.975,181.413
2025-02-01,wk inc flu hosp,0,2025-02-01,33,quantile,0.99,224.769
2025-02-01,wk inc flu hosp,1,2025-02-08,33,quantile,0.01,8.185
2025-02-01,wk inc flu hosp,1,2025-02-08,33,quantile,0.025,14.655
2025-02-01,wk inc flu hosp,1,2025-02-08,33,quantile,0.05,20.744
2025-02-01,wk inc flu hosp,1,2025-02-08,33,quantile,0.1,30.431
2025-02-01,wk inc flu hosp,1,2025-02-08,33,quantile,0.15,36.148
2025-02-01,wk inc flu hosp,1,2025-02-08,33,quantile,0.2,42.17
2025-02-01,wk inc flu hosp,1,2025-02-08,33,quantile,0.25,47.642
2025-02-01,wk inc flu hosp,1,2025-02-08,33,quantile,0.3,53.118
2025-02-01,wk inc flu hosp,1,2025-02-08,33,quantile,0.35,57.673
2025-02-01,wk inc flu hosp,1,2025-02-08,33,quantile,0.4,61.877
2025-02-01,wk inc flu hosp,1,2025-02-08,33,quantile,0.45,66.637
2025-02-01,wk inc flu hosp,1,2025-02-08,33,quantile,0.5,71.676
2025-02-01,wk inc flu hosp,1,2025-02-08,33,quantile,0.55,75.716
2025-02-01,wk inc flu hosp,1,2025-02-08,33,quantile,0.6,80.253
2025-02-01,wk inc flu hosp,1,2025-02-08,33,quantile,0.65,85.023
2025-02-01,wk inc flu hosp,1,2025-02-08,33,quantile,0.7,88.369
2025-02-01,wk inc flu hosp,1,2025-02-08,33,quantile,0.75,94.124
2025-02-01,wk inc flu hosp,1,2025-02-08,33,quantile,0.8,100.64
2025-02-01,wk inc flu hosp,1,2025-02-08,33,quantile,0.85,110.874
2025-02-01,wk inc flu hosp,1,2025-02-08,33,quantile,0.9,120.75
2025-02-01,wk inc flu hosp,1,2025-02-08,33,quantile,0.95,139.785
2025-02-01,wk inc flu hosp,1,2025-02-08,33,quantile,0.975,160.859
2025-02-01,wk inc flu hosp,1,2025-02-08,33,quantile,0.99,215.581
2025-02-01,wk inc flu hosp,2,2025-02-15,33,quantile,0.01,2.646
2025-02-01,wk inc flu hosp,2,2025-02-15,33,quantile,0.025,6.303
2025-02-01,wk inc flu hosp,2,2025-02-15,33,quantile,0.05,10.852
2025-02-01,wk inc flu hosp,2,2025-02-15,33,quantile,0.1,16.148
2025-02-01,wk inc flu hosp,2,2025-02-15,33,quantile,0.15,21.529
2025-02-01,wk inc flu hosp,2,2025-02-15,33,quantile,0.2,25.687
2025-02-01,wk inc flu hosp,2,2025-02-15,33,quantile,0.25,29.577
2025-02-01,wk inc flu hosp,2,2025-02-15,33,quantile,0.3,34.829
2025-02-01,wk inc flu hosp,2,2025-02-15,33,quantile,0.35,38.454
2025-02-01,wk inc flu hosp,2,2025-02-15,33,quantile,0.4,42.28
2025-02-01,wk inc flu hosp,2,2025-02-15,33,quantile,0.45,46.011
2025-02-01,wk inc flu hosp,2,2025-02-15,33,quantile,0.5,49.734
2025-02-01,wk inc flu hosp,2,2025-02-15,33,quantile,0.55,52.874
2025-02-01,wk inc flu hosp,2,2025-02-15,33,quantile,0.6,56.831
2025-02-01,wk inc flu hosp,2,2025-02-15,33,quantile,0.65,61.623
2025-02-01,wk inc flu hosp,2,2025-02-15,33,quantile,0.7,65.151
2025-02-01,wk inc flu hosp,2,2025-02-15,33,quantile,0.75,69.955
2025-02-01,wk inc flu hosp,2,2025-02-15,33,quantile,0.8,76.806
2025-02-01,wk inc flu hosp,2,2025-02-15,33,quantile,0.85,82.892
2025-02-01,wk inc flu hosp,2,2025-02-15,33,quantile,0.9,93.569
2025-02-01,wk inc flu hosp,2,2025-02-15,33,quantile,0.95,114.076
2025-02-01,wk inc flu hosp,2,2025-02-15,33,quantile,0.975,135.559
2025-02-01,wk inc flu hosp,2,2025-02-15,33,quantile,0.99,213.716
2025-02-01,wk inc flu hosp,3,2025-02-22,33,quantile,0.01,1.023
2025-02-01,wk inc flu hosp,3,2025-02-22,33,quantile,0.025,2.506
2025-02-01,wk inc flu hosp,3,2025-02-22,33,quantile,0.05,4.915
2025-02-01,wk inc flu hosp,3,2025-02-22,33,quantile,0.1,8.121
2025-02-01,wk inc flu hosp,3,2025-02-22,33,quantile,0.15,11.816
2025-02-01,wk inc flu hosp,3,2025-02-22,33,quantile,0.2,14.684
2025-02-01,wk inc flu hosp,3,2025-02-22,33,quantile,0.25,17.802
2025-02-01,wk inc flu hosp,3,2025-02-22,33,quantile,0.3,20.85
2025-02-01,wk inc flu hosp,3,2025-02-22,33,quantile,0.35,23.841
2025-02-01,wk inc flu hosp,3,2025-02-22,33,quantile,0.4,26.202
2025-02-01,wk inc flu hosp,3,2025-02-22,33,quantile,0.45,28.9
2025-02-01,wk inc flu hosp,3,2025-02-22,33,quantile,0.5,31.691
2025-02-01,wk inc flu hosp,3,2025-02-22,33,quantile,0.55,34.282
2025-02-01,wk inc flu hosp,3,2025-02-22,33,quantile,0.6,37.399
2025-02-01,wk inc flu hosp,3,2025-02-22,33,quantile,0.65,40.282
2025-02-01,wk inc flu hosp,3,2025-02-22,33,quantile,0.7,43.61
2025-02-01,wk inc flu hosp,3,2025-02-22,33,quantile,0.75,48.065
2025-02-01,wk inc flu hosp,3,2025-02-22,33,quantile,0.8,53.446
2025-02-01,wk inc flu hosp,3,2025-02-22,33,quantile,0.85,58.276
2025-02-01,wk inc flu hosp,3,2025-02-22,33,quantile,0.9,68.617
2025-02-01,wk inc flu hosp,3,2025-02-22,33,quantile,0.95,84.867
2025-02-01,wk inc flu hosp,3,2025-02-22,33,quantile,0.975,114.363
2025-02-01,wk inc flu hosp,3,2025-02-22,33,quantile,0.99,156.274
2025-02-01,wk inc flu hosp,0,2025-02-01,34,quantile,0.01,481.318
2025-02-01,wk inc flu hosp,0,2025-02-01,34,quantile,0.025,545.078
2025-02-01,wk inc flu hosp,0,2025-02-01,34,quantile,0.05,627.261
2025-02-01,wk inc flu hosp,0,2025-02-01,34,quantile,0.1,693.581
2025-02-01,wk inc flu hosp,0,2025-02-01,34,quantile,0.15,754.321
2025-02-01,wk inc flu hosp,0,2025-02-01,34,quantile,0.2,797.455
2025-02-01,wk inc flu hosp,0,2025-02-01,34,quantile,0.25,824.873
2025-02-01,wk inc flu hosp,0,2025-02-01,34,quantile,0.3,856.883
2025-02-01,wk inc flu hosp,0,2025-02-01,34,quantile,0.35,889.882
2025-02-01,wk inc flu hosp,0,2025-02-01,34,quantile,0.4,923.06
2025-02-01,wk inc flu hosp,0,2025-02-01,34,quantile,0.45,958.335
2025-02-01,wk inc flu hosp,0,2025-02-01,34,quantile,0.5,990.112
2025-02-01,wk inc flu hosp,0,2025-02-01,34,quantile,0.55,1023.843
2025-02-01,wk inc flu hosp,0,2025-02-01,34,quantile,0.6,1058.831
2025-02-01,wk inc flu hosp,0,2025-02-01,34,quantile,0.65,1078.763
2025-02-01,wk inc flu hosp,0,2025-02-01,34,quantile,0.7,1116.033
2025-02-01,wk inc flu hosp,0,2025-02-01,34,quantile,0.75,1165.877
2025-02-01,wk inc flu hosp,0,2025-02-01,34,quantile,0.8,1209.912
2025-02-01,wk inc flu hosp,0,2025-02-01,34,quantile,0.85,1256.835
2025-02-01,wk inc flu hosp,0,2025-02-01,34,quantile,0.9,1355.643
2025-02-01,wk inc flu hosp,0,2025-02-01,34,quantile,0.95,1533.642
2025-02-01,wk inc flu hosp,0,2025-02-01,34,quantile,0.975,1782.048
2025-02-01,wk inc flu hosp,0,2025-02-01,34,quantile,0.99,2190.124
2025-02-01,wk inc flu hosp,1,2025-02-08,34,quantile,0.01,183.594
2025-02-01,wk inc flu hosp,1,2025-02-08,34,quantile,0.025,229.435
2025-02-01,wk inc flu hosp,1,2025-02-08,34,quantile,0.05,289.978
2025-02-01,wk inc flu hosp,1,2025-02-08,34,quantile,0.1,348.544
2025-02-01,wk inc flu hosp,1,2025-02-08,34,quantile,0.15,386.368
2025-02-01,wk inc flu hosp,1,2025-02-08,34,quantile,0.2,420.174
2025-02-01,wk inc flu hosp,1,2025-02-08,34,quantile,0.25,451.468
2025-02-01,wk inc flu hosp,1,2025-02-08,34,quantile,0.3,481.652
2025-02-01,wk inc flu hosp,1,2025-02-08,34,quantile,0.35,503.323
2025-02-01,wk inc flu hosp,1,2025-02-08,34,quantile,0.4,530.268
2025-02-01,wk inc flu hosp,1,2025-02-08,34,quantile,0.45,561.3
2025-02-01,wk inc flu hosp,1,2025-02-08,34,quantile,0.5,589.797
2025-02-01,wk inc flu hosp,1,2025-02-08,34,quantile,0.55,613.403
2025-02-01,wk inc flu hosp,1,2025-02-08,34,quantile,0.6,650.257
2025-02-01,wk inc flu hosp,1,2025-02-08,34,quantile,0.65,681.055
2025-02-01,wk inc flu hosp,1,2025-02-08,34,quantile,0.7,698.319
2025-02-01,wk inc flu hosp,1,2025-02-08,34,quantile,0.75,739.929
2025-02-01,wk inc flu hosp,1,2025-02-08,34,quantile,0.8,788.414
2025-02-01,wk inc flu hosp,1,2025-02-08,34,quantile,0.85,839.729
2025-02-01,wk inc flu hosp,1,2025-02-08,34,quantile,0.9,919.596
2025-02-01,wk inc flu hosp,1,2025-02-08,34,quantile,0.95,1123.168
2025-02-01,wk inc flu hosp,1,2025-02-08,34,quantile,0.975,1280.795
2025-02-01,wk inc flu hosp,1,2025-02-08,34,quantile,0.99,1834.872
2025-02-01,wk inc flu hosp,2,2025-02-15,34,quantile,0.01,67.623
2025-02-01,wk inc flu hosp,2,2025-02-15,34,quantile,0.025,94.361
2025-02-01,wk inc flu hosp,2,2025-02-15,34,quantile,0.05,127.333
2025-02-01,wk inc flu hosp,2,2025-02-15,34,quantile,0.1,160.039
2025-02-01,wk inc flu hosp,2,2025-02-15,34,quantile,0.15,183.75
2025-02-01,wk inc flu hosp,2,2025-02-15,34,quantile,0.2,209.152
2025-02-01,wk inc flu hosp,2,2025-02-15,34,quantile,0.25,229.494
2025-02-01,wk inc flu hosp,2,2025-02-15,34,quantile,0.3,251.163
2025-02-01,wk inc flu hosp,2,2025-02-15,34,quantile,0.35,266.127
2025-02-01,wk inc flu hosp,2,2025-02-15,34,quantile,0.4,285.101
2025-02-01,wk inc flu hosp,2,2025-02-15,34,quantile,0.45,305.698
2025-02-01,wk inc flu hosp,2,2025-02-15,34,quantile,0.5,329.101
2025-02-01,wk inc flu hosp,2,2025-02-15,34,quantile,0.55,343.642
2025-02-01,wk inc flu hosp,2,2025-02-15,34,quantile,0.6,368.602
2025-02-01,wk inc flu hosp,2,2025-02-15,34,quantile,0.65,392.576
2025-02-01,wk inc flu hosp,2,2025-02-15,34,quantile,0.7,419.39
2025-02-01,wk inc flu hosp,2,2025-02-15,34,quantile,0.75,446.433
2025-02-01,wk inc flu hosp,2,2025-02-15,34,quantile,0.8,484.387
2025-02-01,wk inc flu hosp,2,2025-02-15,34,quantile,0.85,531.982
2025-02-01,wk inc flu hosp,2,2025-02-15,34,quantile,0.9,594.737
2025-02-01,wk inc flu hosp,2,2025-02-15,34,quantile,0.95,766.555
2025-02-01,wk inc flu hosp,2,2025-02-15,34,quantile,0.975,915.242
2025-02-01,wk inc flu hosp,2,2025-02-15,34,quantile,0.99,1517.128
2025-02-01,wk inc flu hosp,3,2025-02-22,34,quantile,0.01,21.564
2025-02-01,wk inc flu hosp,3,2025-02-22,34,quantile,0.025,32.997
2025-02-01,wk inc flu hosp,3,2025-02-22,34,quantile,0.05,50.764
2025-02-01,wk inc flu hosp,3,2025-02-22,34,quantile,0.1,63.198
2025-02-01,wk inc flu hosp,3,2025-02-22,34,quantile,0.15,77.244
2025-02-01,wk inc flu hosp,3,2025-02-22,34,quantile,0.2,89.669
2025-02-01,wk inc flu hosp,3,2025-02-22,34,quantile,0.25,103.275
2025-02-01,wk inc flu hosp,3,2025-02-22,34,quantile,0.3,113.276
2025-02-01,wk inc flu hosp,3,2025-02-22,34,quantile,0.35,124.287
2025-02-01,wk inc flu hosp,3,2025-02-22,34,quantile,0.4,136.907
2025-02-01,wk inc flu hosp,3,2025-02-22,34,quantile,0.45,151.146
2025-02-01,wk inc flu hosp,3,2025-02-22,34,quantile,0.5,163.151
2025-02-01,wk inc flu hosp,3,2025-02-22,34,quantile,0.55,173.594
2025-02-01,wk inc flu hosp,3,2025-02-22,34,quantile,0.6,189.313
2025-02-01,wk inc flu hosp,3,2025-02-22,34,quantile,0.65,203.812
2025-02-01,wk inc flu hosp,3,2025-02-22,34,quantile,0.7,218.587
2025-02-01,wk inc flu hosp,3,2025-02-22,34,quantile,0.75,238.668
2025-02-01,wk inc flu hosp,3,2025-02-22,34,quantile,0.8,266.297
2025-02-01,wk inc flu hosp,3,2025-02-22,34,quantile,0.85,300.415
2025-02-01,wk inc flu hosp,3,2025-02-22,34,quantile,0.9,348.228
2025-02-01,wk inc flu hosp,3,2025-02-22,34,quantile,0.95,464.317
2025-02-01,wk inc flu hosp,3,2025-02-22,34,quantile,0.975,561.929
2025-02-01,wk inc flu hosp,3,2025-02-22,34,quantile,0.99,703.573
2025-02-01,wk inc flu hosp,0,2025-02-01,35,quantile,0.01,11.809
2025-02-01,wk inc flu hosp,0,2025-02-01,35,quantile,0.025,19.156
2025-02-01,wk inc flu hosp,0,2025-02-01,35,quantile,0.05,30.458
2025-02-01,wk inc flu hosp,0,2025-02-01,35,quantile,0.1,40.553
2025-02-01,wk inc flu hosp,0,2025-02-01,35,quantile,0.15,47.001
2025-02-01,wk inc flu hosp,0,2025-02-01,35,quantile,0.2,51.608
2025-02-01,wk inc flu hosp,0,2025-02-01,35,quantile,0.25,58.08
2025-02-01,wk inc flu hosp,0,2025-02-01,35,quantile,0.3,63.804
2025-02-01,wk inc flu hosp,0,2025-02-01,35,quantile,0.35,67.919
2025-02-01,wk inc flu hosp,0,2025-02-01,35,quantile,0.4,73.034
2025-02-01,wk inc flu hosp,0,2025-02-01,35,quantile,0.45,76.808
2025-02-01,wk inc flu hosp,0,2025-02-01,35,quantile,0.5,81.223
2025-02-01,wk inc flu hosp,0,2025-02-01,35,quantile,0.55,86.628
2025-02-01,wk inc flu hosp,0,2025-02-01,35,quantile,0.6,91.299
2025-02-01,wk inc flu hosp,0,2025-02-01,35,quantile,0.65,94.883
2025-02-01,wk inc flu hosp,0,2025-02-01,35,quantile,0.7,99.804
2025-02-01,wk inc flu hosp,0,2025-02-01,35,quantile,0.75,105.972
2025-02-01,wk inc flu hosp,0,2025-02-01,35,quantile,0.8,111.867
2025-02-01,wk inc flu hosp,0,2025-02-01,35,quantile,0.85,118.145
2025-02-01,wk inc flu hosp,0,2025-02-01,35,quantile,0.9,130.146
2025-02-01,wk inc flu hosp,0,2025-02-01,35,quantile,0.95,154.771
2025-02-01,wk inc flu hosp,0,2025-02-01,35,quantile,0.975,190.973
2025-02-01,wk inc flu hosp,0,2025-02-01,35,quantile,0.99,270.647
2025-02-01,wk inc flu hosp,1,2025-02-08,35,quantile,0.01,4.731
2025-02-01,wk inc flu hosp,1,2025-02-08,35,quantile,0.025,7.689
2025-02-01,wk inc flu hosp,1,2025-02-08,35,quantile,0.05,12.29
2025-02-01,wk inc flu hosp,1,2025-02-08,35,quantile,0.1,17.507
2025-02-01,wk inc flu hosp,1,2025-02-08,35,quantile,0.15,22.007
2025-02-01,wk inc flu hosp,1,2025-02-08,35,quantile,0.2,25.615
2025-02-01,wk inc flu hosp,1,2025-02-08,35,quantile,0.25,29.39
2025-02-01,wk inc flu hosp,1,2025-02-08,35,quantile,0.3,33.08
2025-02-01,wk inc flu hosp,1,2025-02-08,35,quantile,0.35,36.296
2025-02-01,wk inc flu hosp,1,2025-02-08,35,quantile,0.4,38.807
2025-02-01,wk inc flu hosp,1,2025-02-08,35,quantile,0.45,41.442
2025-02-01,wk inc flu hosp,1,2025-02-08,35,quantile,0.5,43.857
2025-02-01,wk inc flu hosp,1,2025-02-08,35,quantile,0.55,47.459
2025-02-01,wk inc flu hosp,1,2025-02-08,35,quantile,0.6,51.329
2025-02-01,wk inc flu hosp,1,2025-02-08,35,quantile,0.65,55.193
2025-02-01,wk inc flu hosp,1,2025-02-08,35,quantile,0.7,57.52
2025-02-01,wk inc flu hosp,1,2025-02-08,35,quantile,0.75,62.834
2025-02-01,wk inc flu hosp,1,2025-02-08,35,quantile,0.8,67.249
2025-02-01,wk inc flu hosp,1,2025-02-08,35,quantile,0.85,73.282
2025-02-01,wk inc flu hosp,1,2025-02-08,35,quantile,0.9,82.441
2025-02-01,wk inc flu hosp,1,2025-02-08,35,quantile,0.95,102.73
2025-02-01,wk inc flu hosp,1,2025-02-08,35,quantile,0.975,145.794
2025-02-01,wk inc flu hosp,1,2025-02-08,35,quantile,0.99,222.406
2025-02-01,wk inc flu hosp,2,2025-02-15,35,quantile,0.01,1.609
2025-02-01,wk inc flu hosp,2,2025-02-15,35,quantile,0.025,2.804
2025-02-01,wk inc flu hosp,2,2025-02-15,35,quantile,0.05,4.749
2025-02-01,wk inc flu hosp,2,2025-02-15,35,quantile,0.1,7.695
2025-02-01,wk inc flu hosp,2,2025-02-15,35,quantile,0.15,9.75
2025-02-01,wk inc flu hosp,2,2025-02-15,35,quantile,0.2,11.977
2025-02-01,wk inc flu hosp,2,2025-02-15,35,quantile,0.25,14.246
2025-02-01,wk inc flu hosp,2,2025-02-15,35,quantile,0.3,16.279
2025-02-01,wk inc flu hosp,2,2025-02-15,35,quantile,0.35,17.895
2025-02-01,wk inc flu hosp,2,2025-02-15,35,quantile,0.4,19.711
2025-02-01,wk inc flu hosp,2,2025-02-15,35,quantile,0.45,21.377
2025-02-01,wk inc flu hosp,2,2025-02-15,35,quantile,0.5,22.999
2025-02-01,wk inc flu hosp,2,2025-02-15,35,quantile,0.55,25.256
2025-02-01,wk inc flu hosp,2,2025-02-15,35,quantile,0.6,27.666
2025-02-01,wk inc flu hosp,2,2025-02-15,35,quantile,0.65,30.43
2025-02-01,wk inc flu hosp,2,2025-02-15,35,quantile,0.7,33.263
2025-02-01,wk inc flu hosp,2,2025-02-15,35,quantile,0.75,35.174
2025-02-01,wk inc flu hosp,2,2025-02-15,35,quantile,0.8,38.669
2025-02-01,wk inc flu hosp,2,2025-02-15,35,quantile,0.85,43.367
2025-02-01,wk inc flu hosp,2,2025-02-15,35,quantile,0.9,49.187
2025-02-01,wk inc flu hosp,2,2025-02-15,35,quantile,0.95,64.24
2025-02-01,wk inc flu hosp,2,2025-02-15,35,quantile,0.975,90.052
2025-02-01,wk inc flu hosp,2,2025-02-15,35,quantile,0.99,178.693
2025-02-01,wk inc flu hosp,3,2025-02-22,35,quantile,0.01,0.457
2025-02-01,wk inc flu hosp,3,2025-02-22,35,quantile,0.025,1.05
2025-02-01,wk inc flu hosp,3,2025-02-22,35,quantile,0.05,1.771
2025-02-01,wk inc flu hosp,3,2025-02-22,35,quantile,0.1,3.141
2025-02-01,wk inc flu hosp,3,2025-02-22,35,quantile,0.15,4.276
2025-02-01,wk inc flu hosp,3,2025-02-22,35,quantile,0.2,5.593
2025-02-01,wk inc flu hosp,3,2025-02-22,35,quantile,0.25,6.714
2025-02-01,wk inc flu hosp,3,2025-02-22,35,quantile,0.3,7.804
2025-02-01,wk inc flu hosp,3,2025-02-22,35,quantile,0.35,8.847
2025-02-01,wk inc flu hosp,3,2025-02-22,35,quantile,0.4,9.723
2025-02-01,wk inc flu hosp,3,2025-02-22,35,quantile,0.45,10.934
2025-02-01,wk inc flu hosp,3,2025-02-22,35,quantile,0.5,12.07
2025-02-01,wk inc flu hosp,3,2025-02-22,35,quantile,0.55,13.279
2025-02-01,wk inc flu hosp,3,2025-02-22,35,quantile,0.6,14.641
2025-02-01,wk inc flu hosp,3,2025-02-22,35,quantile,0.65,16.354
2025-02-01,wk inc flu hosp,3,2025-02-22,35,quantile,0.7,18.172
2025-02-01,wk inc flu hosp,3,2025-02-22,35,quantile,0.75,20.375
2025-02-01,wk inc flu hosp,3,2025-02-22,35,quantile,0.8,22.252
2025-02-01,wk inc flu hosp,3,2025-02-22,35,quantile,0.85,25.116
2025-02-01,wk inc flu hosp,3,2025-02-22,35,quantile,0.9,30.168
2025-02-01,wk inc flu hosp,3,2025-02-22,35,quantile,0.95,39.634
2025-02-01,wk inc flu hosp,3,2025-02-22,35,quantile,0.975,62.722
2025-02-01,wk inc flu hosp,3,2025-02-22,35,quantile,0.99,133.385
2025-02-01,wk inc flu hosp,0,2025-02-01,36,quantile,0.01,758.303
2025-02-01,wk inc flu hosp,0,2025-02-01,36,quantile,0.025,867.017
2025-02-01,wk inc flu hosp,0,2025-02-01,36,quantile,0.05,988.097
2025-02-01,wk inc flu hosp,0,2025-02-01,36,quantile,0.1,1148.691
2025-02-01,wk inc flu hosp,0,2025-02-01,36,quantile,0.15,1261.195
2025-02-01,wk inc flu hosp,0,2025-02-01,36,quantile,0.2,1348.932
2025-02-01,wk inc flu hosp,0,2025-02-01,36,quantile,0.25,1410.383
2025-02-01,wk inc flu hosp,0,2025-02-01,36,quantile,0.3,1478.247
2025-02-01,wk inc flu hosp,0,2025-02-01,36,quantile,0.35,1544.952
2025-02-01,wk inc flu hosp,0,2025-02-01,36,quantile,0.4,1609.705
2025-02-01,wk inc flu hosp,0,2025-02-01,36,quantile,0.45,1661.583
2025-02-01,wk inc flu hosp,0,2025-02-01,36,quantile,0.5,1724.032
2025-02-01,wk inc flu hosp,0,2025-02-01,36,quantile,0.55,1789.556
2025-02-01,wk inc flu hosp,0,2025-02-01,36,quantile,0.6,1853.603
2025-02-01,wk inc flu hosp,0,2025-02-01,36,quantile,0.65,1934.549
2025-02-01,wk inc flu hosp,0,2025-02-01,36,quantile,0.7,2003.55
2025-02-01,wk inc flu hosp,0,2025-02-01,36,quantile,0.75,2080.507
2025-02-01,wk inc flu hosp,0,2025-02-01,36,quantile,0.8,2184.656
2025-02-01,wk inc flu hosp,0,2025-02-01,36,quantile,0.85,2297.395
2025-02-01,wk inc flu hosp,0,2025-02-01,36,quantile,0.9,2459.8
2025-02-01,wk inc flu hosp,0,2025-02-01,36,quantile,0.95,2741.227
2025-02-01,wk inc flu hosp,0,2025-02-01,36,quantile,0.975,2930.173
2025-02-01,wk inc flu hosp,0,2025-02-01,36,quantile,0.99,3325.156
2025-02-01,wk inc flu hosp,1,2025-02-08,36,quantile,0.01,262.779
2025-02-01,wk inc flu hosp,1,2025-02-08,36,quantile,0.025,350.88
2025-02-01,wk inc flu hosp,1,2025-02-08,36,quantile,0.05,468.787
2025-02-01,wk inc flu hosp,1,2025-02-08,36,quantile,0.1,582.185
2025-02-01,wk inc flu hosp,1,2025-02-08,36,quantile,0.15,677.138
2025-02-01,wk inc flu hosp,1,2025-02-08,36,quantile,0.2,752.626
2025-02-01,wk inc flu hosp,1,2025-02-08,36,quantile,0.25,816.122
2025-02-01,wk inc flu hosp,1,2025-02-08,36,quantile,0.3,857.918
2025-02-01,wk inc flu hosp,1,2025-02-08,36,quantile,0.35,904.907
2025-02-01,wk inc flu hosp,1,2025-02-08,36,quantile,0.4,944.554
2025-02-01,wk inc flu hosp,1,2025-02-08,36,quantile,0.45,1000.388
2025-02-01,wk inc flu hosp,1,2025-02-08,36,quantile,0.5,1041.82
2025-02-01,wk inc flu hosp,1,2025-02-08,36,quantile,0.55,1099.555
2025-02-01,wk inc flu hosp,1,2025-02-08,36,quantile,0.6,1174.261
2025-02-01,wk inc flu hosp,1,2025-02-08,36,quantile,0.65,1216.936
2025-02-01,wk inc flu hosp,1,2025-02-08,36,quantile,0.7,1282.768
2025-02-01,wk inc flu hosp,1,2025-02-08,36,quantile,0.75,1352.288
2025-02-01,wk inc flu hosp,1,2025-02-08,36,quantile,0.8,1444.051
2025-02-01,wk inc flu hosp,1,2025-02-08,36,quantile,0.85,1535.355
2025-02-01,wk inc flu hosp,1,2025-02-08,36,quantile,0.9,1643.115
2025-02-01,wk inc flu hosp,1,2025-02-08,36,quantile,0.95,1895.295
2025-02-01,wk inc flu hosp,1,2025-02-08,36,quantile,0.975,2179.394
2025-02-01,wk inc flu hosp,1,2025-02-08,36,quantile,0.99,2610.189
2025-02-01,wk inc flu hosp,2,2025-02-15,36,quantile,0.01,90.107
2025-02-01,wk inc flu hosp,2,2025-02-15,36,quantile,0.025,124.539
2025-02-01,wk inc flu hosp,2,2025-02-15,36,quantile,0.05,188.529
2025-02-01,wk inc flu hosp,2,2025-02-15,36,quantile,0.1,263.372
2025-02-01,wk inc flu hosp,2,2025-02-15,36,quantile,0.15,311.482
2025-02-01,wk inc flu hosp,2,2025-02-15,36,quantile,0.2,361.33
2025-02-01,wk inc flu hosp,2,2025-02-15,36,quantile,0.25,397.072
2025-02-01,wk inc flu hosp,2,2025-02-15,36,quantile,0.3,432.043
2025-02-01,wk inc flu hosp,2,2025-02-15,36,quantile,0.35,467.479
2025-02-01,wk inc flu hosp,2,2025-02-15,36,quantile,0.4,499.07
2025-02-01,wk inc flu hosp,2,2025-02-15,36,quantile,0.45,525.809
2025-02-01,wk inc flu hosp,2,2025-02-15,36,quantile,0.5,564.545
2025-02-01,wk inc flu hosp,2,2025-02-15,36,quantile,0.55,600.1
2025-02-01,wk inc flu hosp,2,2025-02-15,36,quantile,0.6,633.22
2025-02-01,wk inc flu hosp,2,2025-02-15,36,quantile,0.65,690.735
2025-02-01,wk inc flu hosp,2,2025-02-15,36,quantile,0.7,732.19
2025-02-01,wk inc flu hosp,2,2025-02-15,36,quantile,0.75,784.137
2025-02-01,wk inc flu hosp,2,2025-02-15,36,quantile,0.8,848.099
2025-02-01,wk inc flu hosp,2,2025-02-15,36,quantile,0.85,921.903
2025-02-01,wk inc flu hosp,2,2025-02-15,36,quantile,0.9,995.437
2025-02-01,wk inc flu hosp,2,2025-02-15,36,quantile,0.95,1184.288
2025-02-01,wk inc flu hosp,2,2025-02-15,36,quantile,0.975,1360.788
2025-02-01,wk inc flu hosp,2,2025-02-15,36,quantile,0.99,1792.75
2025-02-01,wk inc flu hosp,3,2025-02-22,36,quantile,0.01,28.354
2025-02-01,wk inc flu hosp,3,2025-02-22,36,quantile,0.025,45.866
2025-02-01,wk inc flu hosp,3,2025-02-22,36,quantile,0.05,72.413
2025-02-01,wk inc flu hosp,3,2025-02-22,36,quantile,0.1,109.222
2025-02-01,wk inc flu hosp,3,2025-02-22,36,quantile,0.15,135.567
2025-02-01,wk inc flu hosp,3,2025-02-22,36,quantile,0.2,165.482
2025-02-01,wk inc flu hosp,3,2025-02-22,36,quantile,0.25,183.795
2025-02-01,wk inc flu hosp,3,2025-02-22,36,quantile,0.3,202.54
2025-02-01,wk inc flu hosp,3,2025-02-22,36,quantile,0.35,224.341
2025-02-01,wk inc flu hosp,3,2025-02-22,36,quantile,0.4,241.736
2025-02-01,wk inc flu hosp,3,2025-02-22,36,quantile,0.45,264.706
2025-02-01,wk inc flu hosp,3,2025-02-22,36,quantile,0.5,284.581
2025-02-01,wk inc flu hosp,3,2025-02-22,36,quantile,0.55,305.899
2025-02-01,wk inc flu hosp,3,2025-02-22,36,quantile,0.6,334.36
2025-02-01,wk inc flu hosp,3,2025-02-22,36,quantile,0.65,367.946
2025-02-01,wk inc flu hosp,3,2025-02-22,36,quantile,0.7,395.111
2025-02-01,wk inc flu hosp,3,2025-02-22,36,quantile,0.75,430.641
2025-02-01,wk inc flu hosp,3,2025-02-22,36,quantile,0.8,475.955
2025-02-01,wk inc flu hosp,3,2025-02-22,36,quantile,0.85,523.577
2025-02-01,wk inc flu hosp,3,2025-02-22,36,quantile,0.9,577.893
2025-02-01,wk inc flu hosp,3,2025-02-22,36,quantile,0.95,726.618
2025-02-01,wk inc flu hosp,3,2025-02-22,36,quantile,0.975,852.422
2025-02-01,wk inc flu hosp,3,2025-02-22,36,quantile,0.99,1147.247
2025-02-01,wk inc flu hosp,0,2025-02-01,37,quantile,0.01,396.262
2025-02-01,wk inc flu hosp,0,2025-02-01,37,quantile,0.025,500.59
2025-02-01,wk inc flu hosp,0,2025-02-01,37,quantile,0.05,607.935
2025-02-01,wk inc flu hosp,0,2025-02-01,37,quantile,0.1,722.86
2025-02-01,wk inc flu hosp,0,2025-02-01,37,quantile,0.15,784.567
2025-02-01,wk inc flu hosp,0,2025-02-01,37,quantile,0.2,839.709
2025-02-01,wk inc flu hosp,0,2025-02-01,37,quantile,0.25,896.441
2025-02-01,wk inc flu hosp,0,2025-02-01,37,quantile,0.3,938.458
2025-02-01,wk inc flu hosp,0,2025-02-01,37,quantile,0.35,975.631
2025-02-01,wk inc flu hosp,0,2025-02-01,37,quantile,0.4,1018.877
2025-02-01,wk inc flu hosp,0,2025-02-01,37,quantile,0.45,1051.4
2025-02-01,wk inc flu hosp,0,2025-02-01,37,quantile,0.5,1086.936
2025-02-01,wk inc flu hosp,0,2025-02-01,37,quantile,0.55,1125.15
2025-02-01,wk inc flu hosp,0,2025-02-01,37,quantile,0.6,1158.328
2025-02-01,wk inc flu hosp,0,2025-02-01,37,quantile,0.65,1182.817
2025-02-01,wk inc flu hosp,0,2025-02-01,37,quantile,0.7,1223.542
2025-02-01,wk inc flu hosp,0,2025-02-01,37,quantile,0.75,1269.42
2025-02-01,wk inc flu hosp,0,2025-02-01,37,quantile,0.8,1318.425
2025-02-01,wk inc flu hosp,0,2025-02-01,37,quantile,0.85,1389.655
2025-02-01,wk inc flu hosp,0,2025-02-01,37,quantile,0.9,1493.499
2025-02-01,wk inc flu hosp,0,2025-02-01,37,quantile,0.95,1686.619
2025-02-01,wk inc flu hosp,0,2025-02-01,37,quantile,0.975,1983.393
2025-02-01,wk inc flu hosp,0,2025-02-01,37,quantile,0.99,2522.417
2025-02-01,wk inc flu hosp,1,2025-02-08,37,quantile,0.01,156.829
2025-02-01,wk inc flu hosp,1,2025-02-08,37,quantile,0.025,230.328
2025-02-01,wk inc flu hosp,1,2025-02-08,37,quantile,0.05,312.051
2025-02-01,wk inc flu hosp,1,2025-02-08,37,quantile,0.1,415.924
2025-02-01,wk inc flu hosp,1,2025-02-08,37,quantile,0.15,489.895
2025-02-01,wk inc flu hosp,1,2025-02-08,37,quantile,0.2,534.35
2025-02-01,wk inc flu hosp,1,2025-02-08,37,quantile,0.25,571.353
2025-02-01,wk inc flu hosp,1,2025-02-08,37,quantile,0.3,617.479
2025-02-01,wk inc flu hosp,1,2025-02-08,37,quantile,0.35,663.329
2025-02-01,wk inc flu hosp,1,2025-02-08,37,quantile,0.4,693.894
2025-02-01,wk inc flu hosp,1,2025-02-08,37,quantile,0.45,727.261
2025-02-01,wk inc flu hosp,1,2025-02-08,37,quantile,0.5,766.325
2025-02-01,wk inc flu hosp,1,2025-02-08,37,quantile,0.55,801.237
2025-02-01,wk inc flu hosp,1,2025-02-08,37,quantile,0.6,842.168
2025-02-01,wk inc flu hosp,1,2025-02-08,37,quantile,0.65,878.145
2025-02-01,wk inc flu hosp,1,2025-02-08,37,quantile,0.7,918.078
2025-02-01,wk inc flu hosp,1,2025-02-08,37,quantile,0.75,956.193
2025-02-01,wk inc flu hosp,1,2025-02-08,37,quantile,0.8,1030.751
2025-02-01,wk inc flu hosp,1,2025-02-08,37,quantile,0.85,1092.074
2025-02-01,wk inc flu hosp,1,2025-02-08,37,quantile,0.9,1179.652
2025-02-01,wk inc flu hosp,1,2025-02-08,37,quantile,0.95,1374.128
2025-02-01,wk inc flu hosp,1,2025-02-08,37,quantile,0.975,1642.224
2025-02-01,wk inc flu hosp,1,2025-02-08,37,quantile,0.99,2096.712
2025-02-01,wk inc flu hosp,2,2025-02-15,37,quantile,0.01,54.128
2025-02-01,wk inc flu hosp,2,2025-02-15,37,quantile,0.025,94.161
2025-02-01,wk inc flu hosp,2,2025-02-15,37,quantile,0.05,142.379
2025-02-01,wk inc flu hosp,2,2025-02-15,37,quantile,0.1,210.536
2025-02-01,wk inc flu hosp,2,2025-02-15,37,quantile,0.15,255.536
2025-02-01,wk inc flu hosp,2,2025-02-15,37,quantile,0.2,285.842
2025-02-01,wk inc flu hosp,2,2025-02-15,37,quantile,0.25,315.397
2025-02-01,wk inc flu hosp,2,2025-02-15,37,quantile,0.3,350.314
2025-02-01,wk inc flu hosp,2,2025-02-15,37,quantile,0.35,376.997
2025-02-01,wk inc flu hosp,2,2025-02-15,37,quantile,0.4,402.32
2025-02-01,wk inc flu hosp,2,2025-02-15,37,quantile,0.45,425.988
2025-02-01,wk inc flu hosp,2,2025-02-15,37,quantile,0.5,453.597
2025-02-01,wk inc flu hosp,2,2025-02-15,37,quantile,0.55,483.008
2025-02-01,wk inc flu hosp,2,2025-02-15,37,quantile,0.6,515.516
2025-02-01,wk inc flu hosp,2,2025-02-15,37,quantile,0.65,554.35
2025-02-01,wk inc flu hosp,2,2025-02-15,37,quantile,0.7,579.137
2025-02-01,wk inc flu hosp,2,2025-02-15,37,quantile,0.75,619.233
2025-02-01,wk inc flu hosp,2,2025-02-15,37,quantile,0.8,676.94
2025-02-01,wk inc flu hosp,2,2025-02-15,37,quantile,0.85,745.495
2025-02-01,wk inc flu hosp,2,2025-02-15,37,quantile,0.9,825.337
2025-02-01,wk inc flu hosp,2,2025-02-15,37,quantile,0.95,988.316
2025-02-01,wk inc flu hosp,2,2025-02-15,37,quantile,0.975,1156.01
2025-02-01,wk inc flu hosp,2,2025-02-15,37,quantile,0.99,1409.635
2025-02-01,wk inc flu hosp,3,2025-02-22,37,quantile,0.01,19.853
2025-02-01,wk inc flu hosp,3,2025-02-22,37,quantile,0.025,35.427
2025-02-01,wk inc flu hosp,3,2025-02-22,37,quantile,0.05,62.781
2025-02-01,wk inc flu hosp,3,2025-02-22,37,quantile,0.1,98.084
2025-02-01,wk inc flu hosp,3,2025-02-22,37,quantile,0.15,119.641
2025-02-01,wk inc flu hosp,3,2025-02-22,37,quantile,0.2,145.696
2025-02-01,wk inc flu hosp,3,2025-02-22,37,quantile,0.25,159.537
2025-02-01,wk inc flu hosp,3,2025-02-22,37,quantile,0.3,183.104
2025-02-01,wk inc flu hosp,3,2025-02-22,37,quantile,0.35,199.345
2025-02-01,wk inc flu hosp,3,2025-02-22,37,quantile,0.4,214.798
2025-02-01,wk inc flu hosp,3,2025-02-22,37,quantile,0.45,229.663
2025-02-01,wk inc flu hosp,3,2025-02-22,37,quantile,0.5,248.89
2025-02-01,wk inc flu hosp,3,2025-02-22,37,quantile,0.55,272.84
2025-02-01,wk inc flu hosp,3,2025-02-22,37,quantile,0.6,294.956
2025-02-01,wk inc flu hosp,3,2025-02-22,37,quantile,0.65,317.56
2025-02-01,wk inc flu hosp,3,2025-02-22,37,quantile,0.7,346.053
2025-02-01,wk inc flu hosp,3,2025-02-22,37,quantile,0.75,378.386
2025-02-01,wk inc flu hosp,3,2025-02-22,37,quantile,0.8,427.646
2025-02-01,wk inc flu hosp,3,2025-02-22,37,quantile,0.85,476.771
2025-02-01,wk inc flu hosp,3,2025-02-22,37,quantile,0.9,533.495
2025-02-01,wk inc flu hosp,3,2025-02-22,37,quantile,0.95,667.211
2025-02-01,wk inc flu hosp,3,2025-02-22,37,quantile,0.975,819.089
2025-02-01,wk inc flu hosp,3,2025-02-22,37,quantile,0.99,1088.799
2025-02-01,wk inc flu hosp,0,2025-02-01,38,quantile,0.01,28.321
2025-02-01,wk inc flu hosp,0,2025-02-01,38,quantile,0.025,35.243
2025-02-01,wk inc flu hosp,0,2025-02-01,38,quantile,0.05,42.137
2025-02-01,wk inc flu hosp,0,2025-02-01,38,quantile,0.1,48.897
2025-02-01,wk inc flu hosp,0,2025-02-01,38,quantile,0.15,54.931
2025-02-01,wk inc flu hosp,0,2025-02-01,38,quantile,0.2,59.469
2025-02-01,wk inc flu hosp,0,2025-02-01,38,quantile,0.25,63.803
2025-02-01,wk inc flu hosp,0,2025-02-01,38,quantile,0.3,68.513
2025-02-01,wk inc flu hosp,0,2025-02-01,38,quantile,0.35,72.711
2025-02-01,wk inc flu hosp,0,2025-02-01,38,quantile,0.4,76.293
2025-02-01,wk inc flu hosp,0,2025-02-01,38,quantile,0.45,81.257
2025-02-01,wk inc flu hosp,0,2025-02-01,38,quantile,0.5,85.44
2025-02-01,wk inc flu hosp,0,2025-02-01,38,quantile,0.55,88.917
2025-02-01,wk inc flu hosp,0,2025-02-01,38,quantile,0.6,92.848
2025-02-01,wk inc flu hosp,0,2025-02-01,38,quantile,0.65,98.036
2025-02-01,wk inc flu hosp,0,2025-02-01,38,quantile,0.7,103.432
2025-02-01,wk inc flu hosp,0,2025-02-01,38,quantile,0.75,108.663
2025-02-01,wk inc flu hosp,0,2025-02-01,38,quantile,0.8,113.861
2025-02-01,wk inc flu hosp,0,2025-02-01,38,quantile,0.85,122.902
2025-02-01,wk inc flu hosp,0,2025-02-01,38,quantile,0.9,135.045
2025-02-01,wk inc flu hosp,0,2025-02-01,38,quantile,0.95,150.051
2025-02-01,wk inc flu hosp,0,2025-02-01,38,quantile,0.975,166.518
2025-02-01,wk inc flu hosp,0,2025-02-01,38,quantile,0.99,189.842
2025-02-01,wk inc flu hosp,1,2025-02-08,38,quantile,0.01,13.337
2025-02-01,wk inc flu hosp,1,2025-02-08,38,quantile,0.025,18.872
2025-02-01,wk inc flu hosp,1,2025-02-08,38,quantile,0.05,23.352
2025-02-01,wk inc flu hosp,1,2025-02-08,38,quantile,0.1,30.324
2025-02-01,wk inc flu hosp,1,2025-02-08,38,quantile,0.15,37.074
2025-02-01,wk inc flu hosp,1,2025-02-08,38,quantile,0.2,41.529
2025-02-01,wk inc flu hosp,1,2025-02-08,38,quantile,0.25,46.096
2025-02-01,wk inc flu hosp,1,2025-02-08,38,quantile,0.3,51.914
2025-02-01,wk inc flu hosp,1,2025-02-08,38,quantile,0.35,57.127
2025-02-01,wk inc flu hosp,1,2025-02-08,38,quantile,0.4,61.736
2025-02-01,wk inc flu hosp,1,2025-02-08,38,quantile,0.45,67.489
2025-02-01,wk inc flu hosp,1,2025-02-08,38,quantile,0.5,72.623
2025-02-01,wk inc flu hosp,1,2025-02-08,38,quantile,0.55,78.015
2025-02-01,wk inc flu hosp,1,2025-02-08,38,quantile,0.6,82.646
2025-02-01,wk inc flu hosp,1,2025-02-08,38,quantile,0.65,88.488
2025-02-01,wk inc flu hosp,1,2025-02-08,38,quantile,0.7,94.844
2025-02-01,wk inc flu hosp,1,2025-02-08,38,quantile,0.75,101.983
2025-02-01,wk inc flu hosp,1,2025-02-08,38,quantile,0.8,108.191
2025-02-01,wk inc flu hosp,1,2025-02-08,38,quantile,0.85,117.418
2025-02-01,wk inc flu hosp,1,2025-02-08,38,quantile,0.9,132.546
2025-02-01,wk inc flu hosp,1,2025-02-08,38,quantile,0.95,151.752
2025-02-01,wk inc flu hosp,1,2025-02-08,38,quantile,0.975,172.325
2025-02-01,wk inc flu hosp,1,2025-02-08,38,quantile,0.99,201.344
2025-02-01,wk inc flu hosp,2,2025-02-15,38,quantile,0.01,5.689
2025-02-01,wk inc flu hosp,2,2025-02-15,38,quantile,0.025,8.594
2025-02-01,wk inc flu hosp,2,2025-02-15,38,quantile,0.05,10.96
2025-02-01,wk inc flu hosp,2,2025-02-15,38,quantile,0.1,16.468
2025-02-01,wk inc flu hosp,2,2025-02-15,38,quantile,0.15,21.775
2025-02-01,wk inc flu hosp,2,2025-02-15,38,quantile,0.2,24.543
2025-02-01,wk inc flu hosp,2,2025-02-15,38,quantile,0.25,28.899
2025-02-01,wk inc flu hosp,2,2025-02-15,38,quantile,0.3,33.109
2025-02-01,wk inc flu hosp,2,2025-02-15,38,quantile,0.35,37.148
2025-02-01,wk inc flu hosp,2,2025-02-15,38,quantile,0.4,41.744
2025-02-01,wk inc flu hosp,2,2025-02-15,38,quantile,0.45,45.27
2025-02-01,wk inc flu hosp,2,2025-02-15,38,quantile,0.5,51.228
2025-02-01,wk inc flu hosp,2,2025-02-15,38,quantile,0.55,55.7
2025-02-01,wk inc flu hosp,2,2025-02-15,38,quantile,0.6,59.238
2025-02-01,wk inc flu hosp,2,2025-02-15,38,quantile,0.65,63.295
2025-02-01,wk inc flu hosp,2,2025-02-15,38,quantile,0.7,70.123
2025-02-01,wk inc flu hosp,2,2025-02-15,38,quantile,0.75,76.646
2025-02-01,wk inc flu hosp,2,2025-02-15,38,quantile,0.8,83.217
2025-02-01,wk inc flu hosp,2,2025-02-15,38,quantile,0.85,89.85
2025-02-01,wk inc flu hosp,2,2025-02-15,38,quantile,0.9,101.533
2025-02-01,wk inc flu hosp,2,2025-02-15,38,quantile,0.95,124.739
2025-02-01,wk inc flu hosp,2,2025-02-15,38,quantile,0.975,138.971
2025-02-01,wk inc flu hosp,2,2025-02-15,38,quantile,0.99,162.78
2025-02-01,wk inc flu hosp,3,2025-02-22,38,quantile,0.01,2.13
2025-02-01,wk inc flu hosp,3,2025-02-22,38,quantile,0.025,3.451
2025-02-01,wk inc flu hosp,3,2025-02-22,38,quantile,0.05,5.15
2025-02-01,wk inc flu hosp,3,2025-02-22,38,quantile,0.1,8.303
2025-02-01,wk inc flu hosp,3,2025-02-22,38,quantile,0.15,11.224
2025-02-01,wk inc flu hosp,3,2025-02-22,38,quantile,0.2,13.695
2025-02-01,wk inc flu hosp,3,2025-02-22,38,quantile,0.25,16.018
2025-02-01,wk inc flu hosp,3,2025-02-22,38,quantile,0.3,19.052
2025-02-01,wk inc flu hosp,3,2025-02-22,38,quantile,0.35,21.944
2025-02-01,wk inc flu hosp,3,2025-02-22,38,quantile,0.4,25.163
2025-02-01,wk inc flu hosp,3,2025-02-22,38,quantile,0.45,28.044
2025-02-01,wk inc flu hosp,3,2025-02-22,38,quantile,0.5,30.611
2025-02-01,wk inc flu hosp,3,2025-02-22,38,quantile,0.55,33.675
2025-02-01,wk inc flu hosp,3,2025-02-22,38,quantile,0.6,36.615
2025-02-01,wk inc flu hosp,3,2025-02-22,38,quantile,0.65,40.687
2025-02-01,wk inc flu hosp,3,2025-02-22,38,quantile,0.7,45.323
2025-02-01,wk inc flu hosp,3,2025-02-22,38,quantile,0.75,49.453
2025-02-01,wk inc flu hosp,3,2025-02-22,38,quantile,0.8,54.281
2025-02-01,wk inc flu hosp,3,2025-02-22,38,quantile,0.85,61.679
2025-02-01,wk inc flu hosp,3,2025-02-22,38,quantile,0.9,71.815
2025-02-01,wk inc flu hosp,3,2025-02-22,38,quantile,0.95,86.18
2025-02-01,wk inc flu hosp,3,2025-02-22,38,quantile,0.975,100.894
2025-02-01,wk inc flu hosp,3,2025-02-22,38,quantile,0.99,111.671
2025-02-01,wk inc flu hosp,0,2025-02-01,39,quantile,0.01,451.58
2025-02-01,wk inc flu hosp,0,2025-02-01,39,quantile,0.025,529.955
2025-02-01,wk inc flu hosp,0,2025-02-01,39,quantile,0.05,621.544
2025-02-01,wk inc flu hosp,0,2025-02-01,39,quantile,0.1,747.989
2025-02-01,wk inc flu hosp,0,2025-02-01,39,quantile,0.15,800.925
2025-02-01,wk inc flu hosp,0,2025-02-01,39,quantile,0.2,847.738
2025-02-01,wk inc flu hosp,0,2025-02-01,39,quantile,0.25,891.972
2025-02-01,wk inc flu hosp,0,2025-02-01,39,quantile,0.3,921.077
2025-02-01,wk inc flu hosp,0,2025-02-01,39,quantile,0.35,960.859
2025-02-01,wk inc flu hosp,0,2025-02-01,39,quantile,0.4,1007.414
2025-02-01,wk inc flu hosp,0,2025-02-01,39,quantile,0.45,1035.533
2025-02-01,wk inc flu hosp,0,2025-02-01,39,quantile,0.5,1070.711
2025-02-01,wk inc flu hosp,0,2025-02-01,39,quantile,0.55,1105.844
2025-02-01,wk inc flu hosp,0,2025-02-01,39,quantile,0.6,1135.292
2025-02-01,wk inc flu hosp,0,2025-02-01,39,quantile,0.65,1161.039
2025-02-01,wk inc flu hosp,0,2025-02-01,39,quantile,0.7,1199.979
2025-02-01,wk inc flu hosp,0,2025-02-01,39,quantile,0.75,1237.531
2025-02-01,wk inc flu hosp,0,2025-02-01,39,quantile,0.8,1290.301
2025-02-01,wk inc flu hosp,0,2025-02-01,39,quantile,0.85,1341.553
2025-02-01,wk inc flu hosp,0,2025-02-01,39,quantile,0.9,1438.81
2025-02-01,wk inc flu hosp,0,2025-02-01,39,quantile,0.95,1585.426
2025-02-01,wk inc flu hosp,0,2025-02-01,39,quantile,0.975,1769.237
2025-02-01,wk inc flu hosp,0,2025-02-01,39,quantile,0.99,2316.769
2025-02-01,wk inc flu hosp,1,2025-02-08,39,quantile,0.01,154.753
2025-02-01,wk inc flu hosp,1,2025-02-08,39,quantile,0.025,230.166
2025-02-01,wk inc flu hosp,1,2025-02-08,39,quantile,0.05,302.378
2025-02-01,wk inc flu hosp,1,2025-02-08,39,quantile,0.1,386.669
2025-02-01,wk inc flu hosp,1,2025-02-08,39,quantile,0.15,436.091
2025-02-01,wk inc flu hosp,1,2025-02-08,39,quantile,0.2,479.567
2025-02-01,wk inc flu hosp,1,2025-02-08,39,quantile,0.25,512.807
2025-02-01,wk inc flu hosp,1,2025-02-08,39,quantile,0.3,541.977
2025-02-01,wk inc flu hosp,1,2025-02-08,39,quantile,0.35,574.835
2025-02-01,wk inc flu hosp,1,2025-02-08,39,quantile,0.4,612.751
2025-02-01,wk inc flu hosp,1,2025-02-08,39,quantile,0.45,646.998
2025-02-01,wk inc flu hosp,1,2025-02-08,39,quantile,0.5,676.333
2025-02-01,wk inc flu hosp,1,2025-02-08,39,quantile,0.55,705.007
2025-02-01,wk inc flu hosp,1,2025-02-08,39,quantile,0.6,737.925
2025-02-01,wk inc flu hosp,1,2025-02-08,39,quantile,0.65,768.661
2025-02-01,wk inc flu hosp,1,2025-02-08,39,quantile,0.7,813.628
2025-02-01,wk inc flu hosp,1,2025-02-08,39,quantile,0.75,843.654
2025-02-01,wk inc flu hosp,1,2025-02-08,39,quantile,0.8,892.358
2025-02-01,wk inc flu hosp,1,2025-02-08,39,quantile,0.85,943.619
2025-02-01,wk inc flu hosp,1,2025-02-08,39,quantile,0.9,1017.922
2025-02-01,wk inc flu hosp,1,2025-02-08,39,quantile,0.95,1172.444
2025-02-01,wk inc flu hosp,1,2025-02-08,39,quantile,0.975,1392.135
2025-02-01,wk inc flu hosp,1,2025-02-08,39,quantile,0.99,2740.246
2025-02-01,wk inc flu hosp,2,2025-02-15,39,quantile,0.01,47.573
2025-02-01,wk inc flu hosp,2,2025-02-15,39,quantile,0.025,92.684
2025-02-01,wk inc flu hosp,2,2025-02-15,39,quantile,0.05,128.194
2025-02-01,wk inc flu hosp,2,2025-02-15,39,quantile,0.1,177.995
2025-02-01,wk inc flu hosp,2,2025-02-15,39,quantile,0.15,207.117
2025-02-01,wk inc flu hosp,2,2025-02-15,39,quantile,0.2,236.387
2025-02-01,wk inc flu hosp,2,2025-02-15,39,quantile,0.25,256.898
2025-02-01,wk inc flu hosp,2,2025-02-15,39,quantile,0.3,277.615
2025-02-01,wk inc flu hosp,2,2025-02-15,39,quantile,0.35,295.651
2025-02-01,wk inc flu hosp,2,2025-02-15,39,quantile,0.4,322.873
2025-02-01,wk inc flu hosp,2,2025-02-15,39,quantile,0.45,349.794
2025-02-01,wk inc flu hosp,2,2025-02-15,39,quantile,0.5,375.291
2025-02-01,wk inc flu hosp,2,2025-02-15,39,quantile,0.55,397.116
2025-02-01,wk inc flu hosp,2,2025-02-15,39,quantile,0.6,420.974
2025-02-01,wk inc flu hosp,2,2025-02-15,39,quantile,0.65,453.742
2025-02-01,wk inc flu hosp,2,2025-02-15,39,quantile,0.7,478.479
2025-02-01,wk inc flu hosp,2,2025-02-15,39,quantile,0.75,497.537
2025-02-01,wk inc flu hosp,2,2025-02-15,39,quantile,0.8,534.382
2025-02-01,wk inc flu hosp,2,2025-02-15,39,quantile,0.85,585.624
2025-02-01,wk inc flu hosp,2,2025-02-15,39,quantile,0.9,654.564
2025-02-01,wk inc flu hosp,2,2025-02-15,39,quantile,0.95,745.105
2025-02-01,wk inc flu hosp,2,2025-02-15,39,quantile,0.975,927.882
2025-02-01,wk inc flu hosp,2,2025-02-15,39,quantile,0.99,1276.364
2025-02-01,wk inc flu hosp,3,2025-02-22,39,quantile,0.01,13.751
2025-02-01,wk inc flu hosp,3,2025-02-22,39,quantile,0.025,31.986
2025-02-01,wk inc flu hosp,3,2025-02-22,39,quantile,0.05,49.867
2025-02-01,wk inc flu hosp,3,2025-02-22,39,quantile,0.1,72.076
2025-02-01,wk inc flu hosp,3,2025-02-22,39,quantile,0.15,89.651
2025-02-01,wk inc flu hosp,3,2025-02-22,39,quantile,0.2,103.463
2025-02-01,wk inc flu hosp,3,2025-02-22,39,quantile,0.25,114.533
2025-02-01,wk inc flu hosp,3,2025-02-22,39,quantile,0.3,127.237
2025-02-01,wk inc flu hosp,3,2025-02-22,39,quantile,0.35,139.872
2025-02-01,wk inc flu hosp,3,2025-02-22,39,quantile,0.4,152.279
2025-02-01,wk inc flu hosp,3,2025-02-22,39,quantile,0.45,167.201
2025-02-01,wk inc flu hosp,3,2025-02-22,39,quantile,0.5,181.327
2025-02-01,wk inc flu hosp,3,2025-02-22,39,quantile,0.55,197.798
2025-02-01,wk inc flu hosp,3,2025-02-22,39,quantile,0.6,219.046
2025-02-01,wk inc flu hosp,3,2025-02-22,39,quantile,0.65,232.017
2025-02-01,wk inc flu hosp,3,2025-02-22,39,quantile,0.7,246.091
2025-02-01,wk inc flu hosp,3,2025-02-22,39,quantile,0.75,263.923
2025-02-01,wk inc flu hosp,3,2025-02-22,39,quantile,0.8,291.413
2025-02-01,wk inc flu hosp,3,2025-02-22,39,quantile,0.85,335.244
2025-02-01,wk inc flu hosp,3,2025-02-22,39,quantile,0.9,376.602
2025-02-01,wk inc flu hosp,3,2025-02-22,39,quantile,0.95,444.257
2025-02-01,wk inc flu hosp,3,2025-02-22,39,quantile,0.975,558.122
2025-02-01,wk inc flu hosp,3,2025-02-22,39,quantile,0.99,778.358
2025-02-01,wk inc flu hosp,0,2025-02-01,40,quantile,0.01,211.871
2025-02-01,wk inc flu hosp,0,2025-02-01,40,quantile,0.025,241.314
2025-02-01,wk inc flu hosp,0,2025-02-01,40,quantile,0.05,276.894
2025-02-01,wk inc flu hosp,0,2025-02-01,40,quantile,0.1,307.038
2025-02-01,wk inc flu hosp,0,2025-02-01,40,quantile,0.15,325.844
2025-02-01,wk inc flu hosp,0,2025-02-01,40,quantile,0.2,345.217
2025-02-01,wk inc flu hosp,0,2025-02-01,40,quantile,0.25,361.067
2025-02-01,wk inc flu hosp,0,2025-02-01,40,quantile,0.3,375.158
2025-02-01,wk inc flu hosp,0,2025-02-01,40,quantile,0.35,389.878
2025-02-01,wk inc flu hosp,0,2025-02-01,40,quantile,0.4,404.031
2025-02-01,wk inc flu hosp,0,2025-02-01,40,quantile,0.45,417.794
2025-02-01,wk inc flu hosp,0,2025-02-01,40,quantile,0.5,432.322
2025-02-01,wk inc flu hosp,0,2025-02-01,40,quantile,0.55,445.807
2025-02-01,wk inc flu hosp,0,2025-02-01,40,quantile,0.6,459.478
2025-02-01,wk inc flu hosp,0,2025-02-01,40,quantile,0.65,473.976
2025-02-01,wk inc flu hosp,0,2025-02-01,40,quantile,0.7,490.239
2025-02-01,wk inc flu hosp,0,2025-02-01,40,quantile,0.75,508.79
2025-02-01,wk inc flu hosp,0,2025-02-01,40,quantile,0.8,532.96
2025-02-01,wk inc flu hosp,0,2025-02-01,40,quantile,0.85,563.234
2025-02-01,wk inc flu hosp,0,2025-02-01,40,quantile,0.9,605.535
2025-02-01,wk inc flu hosp,0,2025-02-01,40,quantile,0.95,684.914
2025-02-01,wk inc flu hosp,0,2025-02-01,40,quantile,0.975,826.114
2025-02-01,wk inc flu hosp,0,2025-02-01,40,quantile,0.99,1016.925
2025-02-01,wk inc flu hosp,1,2025-02-08,40,quantile,0.01,105.529
2025-02-01,wk inc flu hosp,1,2025-02-08,40,quantile,0.025,133.239
2025-02-01,wk inc flu hosp,1,2025-02-08,40,quantile,0.05,155.717
2025-02-01,wk inc flu hosp,1,2025-02-08,40,quantile,0.1,185.74
2025-02-01,wk inc flu hosp,1,2025-02-08,40,quantile,0.15,205.911
2025-02-01,wk inc flu hosp,1,2025-02-08,40,quantile,0.2,222.671
2025-02-01,wk inc flu hosp,1,2025-02-08,40,quantile,0.25,236.843
2025-02-01,wk inc flu hosp,1,2025-02-08,40,quantile,0.3,250.966
2025-02-01,wk inc flu hosp,1,2025-02-08,40,quantile,0.35,266.1
2025-02-01,wk inc flu hosp,1,2025-02-08,40,quantile,0.4,281.602
2025-02-01,wk inc flu hosp,1,2025-02-08,40,quantile,0.45,292.678
2025-02-01,wk inc flu hosp,1,2025-02-08,40,quantile,0.5,305.296
2025-02-01,wk inc flu hosp,1,2025-02-08,40,quantile,0.55,322.531
2025-02-01,wk inc flu hosp,1,2025-02-08,40,quantile,0.6,332.047
2025-02-01,wk inc flu hosp,1,2025-02-08,40,quantile,0.65,345.696
2025-02-01,wk inc flu hosp,1,2025-02-08,40,quantile,0.7,358.402
2025-02-01,wk inc flu hosp,1,2025-02-08,40,quantile,0.75,384.9
2025-02-01,wk inc flu hosp,1,2025-02-08,40,quantile,0.8,411.622
2025-02-01,wk inc flu hosp,1,2025-02-08,40,quantile,0.85,437.444
2025-02-01,wk inc flu hosp,1,2025-02-08,40,quantile,0.9,491.193
2025-02-01,wk inc flu hosp,1,2025-02-08,40,quantile,0.95,548.237
2025-02-01,wk inc flu hosp,1,2025-02-08,40,quantile,0.975,661.575
2025-02-01,wk inc flu hosp,1,2025-02-08,40,quantile,0.99,848.177
2025-02-01,wk inc flu hosp,2,2025-02-15,40,quantile,0.01,51.045
2025-02-01,wk inc flu hosp,2,2025-02-15,40,quantile,0.025,63.475
2025-02-01,wk inc flu hosp,2,2025-02-15,40,quantile,0.05,77.673
2025-02-01,wk inc flu hosp,2,2025-02-15,40,quantile,0.1,96.561
2025-02-01,wk inc flu hosp,2,2025-02-15,40,quantile,0.15,111.577
2025-02-01,wk inc flu hosp,2,2025-02-15,40,quantile,0.2,123.345
2025-02-01,wk inc flu hosp,2,2025-02-15,40,quantile,0.25,133.131
2025-02-01,wk inc flu hosp,2,2025-02-15,40,quantile,0.3,145.1
2025-02-01,wk inc flu hosp,2,2025-02-15,40,quantile,0.35,157.338
2025-02-01,wk inc flu hosp,2,2025-02-15,40,quantile,0.4,165.412
2025-02-01,wk inc flu hosp,2,2025-02-15,40,quantile,0.45,176.973
2025-02-01,wk inc flu hosp,2,2025-02-15,40,quantile,0.5,186.735
2025-02-01,wk inc flu hosp,2,2025-02-15,40,quantile,0.55,195.798
2025-02-01,wk inc flu hosp,2,2025-02-15,40,quantile,0.6,206.368
2025-02-01,wk inc flu hosp,2,2025-02-15,40,quantile,0.65,219.938
2025-02-01,wk inc flu hosp,2,2025-02-15,40,quantile,0.7,232.601
2025-02-01,wk inc flu hosp,2,2025-02-15,40,quantile,0.75,251.136
2025-02-01,wk inc flu hosp,2,2025-02-15,40,quantile,0.8,276.606
2025-02-01,wk inc flu hosp,2,2025-02-15,40,quantile,0.85,305.291
2025-02-01,wk inc flu hosp,2,2025-02-15,40,quantile,0.9,337.265
2025-02-01,wk inc flu hosp,2,2025-02-15,40,quantile,0.95,407.72
2025-02-01,wk inc flu hosp,2,2025-02-15,40,quantile,0.975,495.841
2025-02-01,wk inc flu hosp,2,2025-02-15,40,quantile,0.99,623.565
2025-02-01,wk inc flu hosp,3,2025-02-22,40,quantile,0.01,20.008
2025-02-01,wk inc flu hosp,3,2025-02-22,40,quantile,0.025,27.568
2025-02-01,wk inc flu hosp,3,2025-02-22,40,quantile,0.05,35.707
2025-02-01,wk inc flu hosp,3,2025-02-22,40,quantile,0.1,45.75
2025-02-01,wk inc flu hosp,3,2025-02-22,40,quantile,0.15,55.627
2025-02-01,wk inc flu hosp,3,2025-02-22,40,quantile,0.2,63.09
2025-02-01,wk inc flu hosp,3,2025-02-22,40,quantile,0.25,70.219
2025-02-01,wk inc flu hosp,3,2025-02-22,40,quantile,0.3,75.881
2025-02-01,wk inc flu hosp,3,2025-02-22,40,quantile,0.35,81.38
2025-02-01,wk inc flu hosp,3,2025-02-22,40,quantile,0.4,89.503
2025-02-01,wk inc flu hosp,3,2025-02-22,40,quantile,0.45,96.362
2025-02-01,wk inc flu hosp,3,2025-02-22,40,quantile,0.5,104.192
2025-02-01,wk inc flu hosp,3,2025-02-22,40,quantile,0.55,112.037
2025-02-01,wk inc flu hosp,3,2025-02-22,40,quantile,0.6,119.911
2025-02-01,wk inc flu hosp,3,2025-02-22,40,quantile,0.65,128.694
2025-02-01,wk inc flu hosp,3,2025-02-22,40,quantile,0.7,135.67
2025-02-01,wk inc flu hosp,3,2025-02-22,40,quantile,0.75,151.62
2025-02-01,wk inc flu hosp,3,2025-02-22,40,quantile,0.8,169.635
2025-02-01,wk inc flu hosp,3,2025-02-22,40,quantile,0.85,192.953
2025-02-01,wk inc flu hosp,3,2025-02-22,40,quantile,0.9,218.632
2025-02-01,wk inc flu hosp,3,2025-02-22,40,quantile,0.95,268.902
2025-02-01,wk inc flu hosp,3,2025-02-22,40,quantile,0.975,327.237
2025-02-01,wk inc flu hosp,3,2025-02-22,40,quantile,0.99,389.001
2025-02-01,wk inc flu hosp,0,2025-02-01,41,quantile,0.01,23.512
2025-02-01,wk inc flu hosp,0,2025-02-01,41,quantile,0.025,33.711
2025-02-01,wk inc flu hosp,0,2025-02-01,41,quantile,0.05,44.895
2025-02-01,wk inc flu hosp,0,2025-02-01,41,quantile,0.1,57.95
2025-02-01,wk inc flu hosp,0,2025-02-01,41,quantile,0.15,67.778
2025-02-01,wk inc flu hosp,0,2025-02-01,41,quantile,0.2,76.569
2025-02-01,wk inc flu hosp,0,2025-02-01,41,quantile,0.25,83.062
2025-02-01,wk inc flu hosp,0,2025-02-01,41,quantile,0.3,90.949
2025-02-01,wk inc flu hosp,0,2025-02-01,41,quantile,0.35,97.781
2025-02-01,wk inc flu hosp,0,2025-02-01,41,quantile,0.4,103.401
2025-02-01,wk inc flu hosp,0,2025-02-01,41,quantile,0.45,110.856
2025-02-01,wk inc flu hosp,0,2025-02-01,41,quantile,0.5,116.084
2025-02-01,wk inc flu hosp,0,2025-02-01,41,quantile,0.55,122.942
2025-02-01,wk inc flu hosp,0,2025-02-01,41,quantile,0.6,130.312
2025-02-01,wk inc flu hosp,0,2025-02-01,41,quantile,0.65,136.12
2025-02-01,wk inc flu hosp,0,2025-02-01,41,quantile,0.7,143.17
2025-02-01,wk inc flu hosp,0,2025-02-01,41,quantile,0.75,154.253
2025-02-01,wk inc flu hosp,0,2025-02-01,41,quantile,0.8,164.452
2025-02-01,wk inc flu hosp,0,2025-02-01,41,quantile,0.85,179.259
2025-02-01,wk inc flu hosp,0,2025-02-01,41,quantile,0.9,197.003
2025-02-01,wk inc flu hosp,0,2025-02-01,41,quantile,0.95,223.77
2025-02-01,wk inc flu hosp,0,2025-02-01,41,quantile,0.975,262.245
2025-02-01,wk inc flu hosp,0,2025-02-01,41,quantile,0.99,346.922
2025-02-01,wk inc flu hosp,1,2025-02-08,41,quantile,0.01,9.07
2025-02-01,wk inc flu hosp,1,2025-02-08,41,quantile,0.025,11.554
2025-02-01,wk inc flu hosp,1,2025-02-08,41,quantile,0.05,16.719
2025-02-01,wk inc flu hosp,1,2025-02-08,41,quantile,0.1,22.692
2025-02-01,wk inc flu hosp,1,2025-02-08,41,quantile,0.15,30.004
2025-02-01,wk inc flu hosp,1,2025-02-08,41,quantile,0.2,35.07
2025-02-01,wk inc flu hosp,1,2025-02-08,41,quantile,0.25,39.228
2025-02-01,wk inc flu hosp,1,2025-02-08,41,quantile,0.3,43.926
2025-02-01,wk inc flu hosp,1,2025-02-08,41,quantile,0.35,46.871
2025-02-01,wk inc flu hosp,1,2025-02-08,41,quantile,0.4,51.519
2025-02-01,wk inc flu hosp,1,2025-02-08,41,quantile,0.45,55.44
2025-02-01,wk inc flu hosp,1,2025-02-08,41,quantile,0.5,60.679
2025-02-01,wk inc flu hosp,1,2025-02-08,41,quantile,0.55,65.058
2025-02-01,wk inc flu hosp,1,2025-02-08,41,quantile,0.6,69.525
2025-02-01,wk inc flu hosp,1,2025-02-08,41,quantile,0.65,75.946
2025-02-01,wk inc flu hosp,1,2025-02-08,41,quantile,0.7,79.939
2025-02-01,wk inc flu hosp,1,2025-02-08,41,quantile,0.75,85.445
2025-02-01,wk inc flu hosp,1,2025-02-08,41,quantile,0.8,93.056
2025-02-01,wk inc flu hosp,1,2025-02-08,41,quantile,0.85,105.183
2025-02-01,wk inc flu hosp,1,2025-02-08,41,quantile,0.9,118.533
2025-02-01,wk inc flu hosp,1,2025-02-08,41,quantile,0.95,142.278
2025-02-01,wk inc flu hosp,1,2025-02-08,41,quantile,0.975,176.218
2025-02-01,wk inc flu hosp,1,2025-02-08,41,quantile,0.99,349.236
2025-02-01,wk inc flu hosp,2,2025-02-15,41,quantile,0.01,2.253
2025-02-01,wk inc flu hosp,2,2025-02-15,41,quantile,0.025,3.576
2025-02-01,wk inc flu hosp,2,2025-02-15,41,quantile,0.05,5.549
2025-02-01,wk inc flu hosp,2,2025-02-15,41,quantile,0.1,8.598
2025-02-01,wk inc flu hosp,2,2025-02-15,41,quantile,0.15,12.393
2025-02-01,wk inc flu hosp,2,2025-02-15,41,quantile,0.2,14.609
2025-02-01,wk inc flu hosp,2,2025-02-15,41,quantile,0.25,17.565
2025-02-01,wk inc flu hosp,2,2025-02-15,41,quantile,0.3,20.268
2025-02-01,wk inc flu hosp,2,2025-02-15,41,quantile,0.35,22.517
2025-02-01,wk inc flu hosp,2,2025-02-15,41,quantile,0.4,25.169
2025-02-01,wk inc flu hosp,2,2025-02-15,41,quantile,0.45,27.604
2025-02-01,wk inc flu hosp,2,2025-02-15,41,quantile,0.5,29.785
2025-02-01,wk inc flu hosp,2,2025-02-15,41,quantile,0.55,33.398
2025-02-01,wk inc flu hosp,2,2025-02-15,41,quantile,0.6,36.885
2025-02-01,wk inc flu hosp,2,2025-02-15,41,quantile,0.65,39.723
2025-02-01,wk inc flu hosp,2,2025-02-15,41,quantile,0.7,44.005
2025-02-01,wk inc flu hosp,2,2025-02-15,41,quantile,0.75,48.297
2025-02-01,wk inc flu hosp,2,2025-02-15,41,quantile,0.8,54.823
2025-02-01,wk inc flu hosp,2,2025-02-15,41,quantile,0.85,61.157
2025-02-01,wk inc flu hosp,2,2025-02-15,41,quantile,0.9,69.952
2025-02-01,wk inc flu hosp,2,2025-02-15,41,quantile,0.95,87.665
2025-02-01,wk inc flu hosp,2,2025-02-15,41,quantile,0.975,112.765
2025-02-01,wk inc flu hosp,2,2025-02-15,41,quantile,0.99,205.203
2025-02-01,wk inc flu hosp,3,2025-02-22,41,quantile,0.01,0.491
2025-02-01,wk inc flu hosp,3,2025-02-22,41,quantile,0.025,1.005
2025-02-01,wk inc flu hosp,3,2025-02-22,41,quantile,0.05,1.805
2025-02-01,wk inc flu hosp,3,2025-02-22,41,quantile,0.1,3.127
2025-02-01,wk inc flu hosp,3,2025-02-22,41,quantile,0.15,4.595
2025-02-01,wk inc flu hosp,3,2025-02-22,41,quantile,0.2,5.882
2025-02-01,wk inc flu hosp,3,2025-02-22,41,quantile,0.25,7.204
2025-02-01,wk inc flu hosp,3,2025-02-22,41,quantile,0.3,8.637
2025-02-01,wk inc flu hosp,3,2025-02-22,41,quantile,0.35,9.711
2025-02-01,wk inc flu hosp,3,2025-02-22,41,quantile,0.4,11.299
2025-02-01,wk inc flu hosp,3,2025-02-22,41,quantile,0.45,12.695
2025-02-01,wk inc flu hosp,3,2025-02-22,41,quantile,0.5,13.974
2025-02-01,wk inc flu hosp,3,2025-02-22,41,quantile,0.55,15.764
2025-02-01,wk inc flu hosp,3,2025-02-22,41,quantile,0.6,17.658
2025-02-01,wk inc flu hosp,3,2025-02-22,41,quantile,0.65,19.718
2025-02-01,wk inc flu hosp,3,2025-02-22,41,quantile,0.7,22.258
2025-02-01,wk inc flu hosp,3,2025-02-22,41,quantile,0.75,24.682
2025-02-01,wk inc flu hosp,3,2025-02-22,41,quantile,0.8,29.226
2025-02-01,wk inc flu hosp,3,2025-02-22,41,quantile,0.85,33.884
2025-02-01,wk inc flu hosp,3,2025-02-22,41,quantile,0.9,39.129
2025-02-01,wk inc flu hosp,3,2025-02-22,41,quantile,0.95,51.112
2025-02-01,wk inc flu hosp,3,2025-02-22,41,quantile,0.975,77.891
2025-02-01,wk inc flu hosp,3,2025-02-22,41,quantile,0.99,130.372
2025-02-01,wk inc flu hosp,0,2025-02-01,42,quantile,0.01,959.925
2025-02-01,wk inc flu hosp,0,2025-02-01,42,quantile,0.025,1048.94
2025-02-01,wk inc flu hosp,0,2025-02-01,42,quantile,0.05,1202.082
2025-02-01,wk inc flu hosp,0,2025-02-01,42,quantile,0.1,1383.718
2025-02-01,wk inc flu hosp,0,2025-02-01,42,quantile,0.15,1516.762
2025-02-01,wk inc flu hosp,0,2025-02-01,42,quantile,0.2,1606.628
2025-02-01,wk inc flu hosp,0,2025-02-01,42,quantile,0.25,1681.607
2025-02-01,wk inc flu hosp,0,2025-02-01,42,quantile,0.3,1747.322
2025-02-01,wk inc flu hosp,0,2025-02-01,42,quantile,0.35,1805.995
2025-02-01,wk inc flu hosp,0,2025-02-01,42,quantile,0.4,1865.469
2025-02-01,wk inc flu hosp,0,2025-02-01,42,quantile,0.45,1929.32
2025-02-01,wk inc flu hosp,0,2025-02-01,42,quantile,0.5,1981.802
2025-02-01,wk inc flu hosp,0,2025-02-01,42,quantile,0.55,2027.22
2025-02-01,wk inc flu hosp,0,2025-02-01,42,quantile,0.6,2084.286
2025-02-01,wk inc flu hosp,0,2025-02-01,42,quantile,0.65,2112.264
2025-02-01,wk inc flu hosp,0,2025-02-01,42,quantile,0.7,2191.05
2025-02-01,wk inc flu hosp,0,2025-02-01,42,quantile,0.75,2249.183
2025-02-01,wk inc flu hosp,0,2025-02-01,42,quantile,0.8,2330.256
2025-02-01,wk inc flu hosp,0,2025-02-01,42,quantile,0.85,2438.141
2025-02-01,wk inc flu hosp,0,2025-02-01,42,quantile,0.9,2539.827
2025-02-01,wk inc flu hosp,0,2025-02-01,42,quantile,0.95,2832.641
2025-02-01,wk inc flu hosp,0,2025-02-01,42,quantile,0.975,3342.239
2025-02-01,wk inc flu hosp,0,2025-02-01,42,quantile,0.99,3993.055
2025-02-01,wk inc flu hosp,1,2025-02-08,42,quantile,0.01,320.31
2025-02-01,wk inc flu hosp,1,2025-02-08,42,quantile,0.025,417.892
2025-02-01,wk inc flu hosp,1,2025-02-08,42,quantile,0.05,511.747
2025-02-01,wk inc flu hosp,1,2025-02-08,42,quantile,0.1,637.957
2025-02-01,wk inc flu hosp,1,2025-02-08,42,quantile,0.15,719.856
2025-02-01,wk inc flu hosp,1,2025-02-08,42,quantile,0.2,784.682
2025-02-01,wk inc flu hosp,1,2025-02-08,42,quantile,0.25,844.6
2025-02-01,wk inc flu hosp,1,2025-02-08,42,quantile,0.3,896.775
2025-02-01,wk inc flu hosp,1,2025-02-08,42,quantile,0.35,954.242
2025-02-01,wk inc flu hosp,1,2025-02-08,42,quantile,0.4,1002.843
2025-02-01,wk inc flu hosp,1,2025-02-08,42,quantile,0.45,1043.905
2025-02-01,wk inc flu hosp,1,2025-02-08,42,quantile,0.5,1086.876
2025-02-01,wk inc flu hosp,1,2025-02-08,42,quantile,0.55,1140.785
2025-02-01,wk inc flu hosp,1,2025-02-08,42,quantile,0.6,1201.499
2025-02-01,wk inc flu hosp,1,2025-02-08,42,quantile,0.65,1262.46
2025-02-01,wk inc flu hosp,1,2025-02-08,42,quantile,0.7,1300.657
2025-02-01,wk inc flu hosp,1,2025-02-08,42,quantile,0.75,1356.319
2025-02-01,wk inc flu hosp,1,2025-02-08,42,quantile,0.8,1434.214
2025-02-01,wk inc flu hosp,1,2025-02-08,42,quantile,0.85,1524.602
2025-02-01,wk inc flu hosp,1,2025-02-08,42,quantile,0.9,1641.397
2025-02-01,wk inc flu hosp,1,2025-02-08,42,quantile,0.95,1868.724
2025-02-01,wk inc flu hosp,1,2025-02-08,42,quantile,0.975,2260.708
2025-02-01,wk inc flu hosp,1,2025-02-08,42,quantile,0.99,3484.421
2025-02-01,wk inc flu hosp,2,2025-02-15,42,quantile,0.01,100.624
2025-02-01,wk inc flu hosp,2,2025-02-15,42,quantile,0.025,139.619
2025-02-01,wk inc flu hosp,2,2025-02-15,42,quantile,0.05,188.002
2025-02-01,wk inc flu hosp,2,2025-02-15,42,quantile,0.1,240.919
2025-02-01,wk inc flu hosp,2,2025-02-15,42,quantile,0.15,288.463
2025-02-01,wk inc flu hosp,2,2025-02-15,42,quantile,0.2,324.233
2025-02-01,wk inc flu hosp,2,2025-02-15,42,quantile,0.25,351.33
2025-02-01,wk inc flu hosp,2,2025-02-15,42,quantile,0.3,382.055
2025-02-01,wk inc flu hosp,2,2025-02-15,42,quantile,0.35,411.581
2025-02-01,wk inc flu hosp,2,2025-02-15,42,quantile,0.4,442.759
2025-02-01,wk inc flu hosp,2,2025-02-15,42,quantile,0.45,472.202
2025-02-01,wk inc flu hosp,2,2025-02-15,42,quantile,0.5,497.815
2025-02-01,wk inc flu hosp,2,2025-02-15,42,quantile,0.55,534.427
2025-02-01,wk inc flu hosp,2,2025-02-15,42,quantile,0.6,565.396
2025-02-01,wk inc flu hosp,2,2025-02-15,42,quantile,0.65,610.879
2025-02-01,wk inc flu hosp,2,2025-02-15,42,quantile,0.7,632.704
2025-02-01,wk inc flu hosp,2,2025-02-15,42,quantile,0.75,687.756
2025-02-01,wk inc flu hosp,2,2025-02-15,42,quantile,0.8,751.808
2025-02-01,wk inc flu hosp,2,2025-02-15,42,quantile,0.85,828.849
2025-02-01,wk inc flu hosp,2,2025-02-15,42,quantile,0.9,894.251
2025-02-01,wk inc flu hosp,2,2025-02-15,42,quantile,0.95,1013.088
2025-02-01,wk inc flu hosp,2,2025-02-15,42,quantile,0.975,1208.379
2025-02-01,wk inc flu hosp,2,2025-02-15,42,quantile,0.99,1549.632
2025-02-01,wk inc flu hosp,3,2025-02-22,42,quantile,0.01,23.977
2025-02-01,wk inc flu hosp,3,2025-02-22,42,quantile,0.025,47.096
2025-02-01,wk inc flu hosp,3,2025-02-22,42,quantile,0.05,63.558
2025-02-01,wk inc flu hosp,3,2025-02-22,42,quantile,0.1,84.304
2025-02-01,wk inc flu hosp,3,2025-02-22,42,quantile,0.15,107.777
2025-02-01,wk inc flu hosp,3,2025-02-22,42,quantile,0.2,124.824
2025-02-01,wk inc flu hosp,3,2025-02-22,42,quantile,0.25,137.265
2025-02-01,wk inc flu hosp,3,2025-02-22,42,quantile,0.3,152.045
2025-02-01,wk inc flu hosp,3,2025-02-22,42,quantile,0.35,166.431
2025-02-01,wk inc flu hosp,3,2025-02-22,42,quantile,0.4,181.514
2025-02-01,wk inc flu hosp,3,2025-02-22,42,quantile,0.45,195.357
2025-02-01,wk inc flu hosp,3,2025-02-22,42,quantile,0.5,210.776
2025-02-01,wk inc flu hosp,3,2025-02-22,42,quantile,0.55,232.66
2025-02-01,wk inc flu hosp,3,2025-02-22,42,quantile,0.6,253.935
2025-02-01,wk inc flu hosp,3,2025-02-22,42,quantile,0.65,273.018
2025-02-01,wk inc flu hosp,3,2025-02-22,42,quantile,0.7,300.167
2025-02-01,wk inc flu hosp,3,2025-02-22,42,quantile,0.75,337.232
2025-02-01,wk inc flu hosp,3,2025-02-22,42,quantile,0.8,376.291
2025-02-01,wk inc flu hosp,3,2025-02-22,42,quantile,0.85,425.635
2025-02-01,wk inc flu hosp,3,2025-02-22,42,quantile,0.9,473.33
2025-02-01,wk inc flu hosp,3,2025-02-22,42,quantile,0.95,581.633
2025-02-01,wk inc flu hosp,3,2025-02-22,42,quantile,0.975,814.259
2025-02-01,wk inc flu hosp,3,2025-02-22,42,quantile,0.99,973.992
2025-02-01,wk inc flu hosp,0,2025-02-01,44,quantile,0.01,26.928
2025-02-01,wk inc flu hosp,0,2025-02-01,44,quantile,0.025,35.226
2025-02-01,wk inc flu hosp,0,2025-02-01,44,quantile,0.05,38.848
2025-02-01,wk inc flu hosp,0,2025-02-01,44,quantile,0.1,47.162
2025-02-01,wk inc flu hosp,0,2025-02-01,44,quantile,0.15,52.783
2025-02-01,wk inc flu hosp,0,2025-02-01,44,quantile,0.2,56.781
2025-02-01,wk inc flu hosp,0,2025-02-01,44,quantile,0.25,60.622
2025-02-01,wk inc flu hosp,0,2025-02-01,44,quantile,0.3,65.595
2025-02-01,wk inc flu hosp,0,2025-02-01,44,quantile,0.35,69.81
2025-02-01,wk inc flu hosp,0,2025-02-01,44,quantile,0.4,74.999
2025-02-01,wk inc flu hosp,0,2025-02-01,44,quantile,0.45,78.677
2025-02-01,wk inc flu hosp,0,2025-02-01,44,quantile,0.5,83.059
2025-02-01,wk inc flu hosp,0,2025-02-01,44,quantile,0.55,87.59
2025-02-01,wk inc flu hosp,0,2025-02-01,44,quantile,0.6,90.675
2025-02-01,wk inc flu hosp,0,2025-02-01,44,quantile,0.65,95.47
2025-02-01,wk inc flu hosp,0,2025-02-01,44,quantile,0.7,99.87
2025-02-01,wk inc flu hosp,0,2025-02-01,44,quantile,0.75,104.983
2025-02-01,wk inc flu hosp,0,2025-02-01,44,quantile,0.8,111.815
2025-02-01,wk inc flu hosp,0,2025-02-01,44,quantile,0.85,118.881
2025-02-01,wk inc flu hosp,0,2025-02-01,44,quantile,0.9,129.395
2025-02-01,wk inc flu hosp,0,2025-02-01,44,quantile,0.95,145.295
2025-02-01,wk inc flu hosp,0,2025-02-01,44,quantile,0.975,160.353
2025-02-01,wk inc flu hosp,0,2025-02-01,44,quantile,0.99,205.448
2025-02-01,wk inc flu hosp,1,2025-02-08,44,quantile,0.01,11.589
2025-02-01,wk inc flu hosp,1,2025-02-08,44,quantile,0.025,17.04
2025-02-01,wk inc flu hosp,1,2025-02-08,44,quantile,0.05,21.278
2025-02-01,wk inc flu hosp,1,2025-02-08,44,quantile,0.1,28.151
2025-02-01,wk inc flu hosp,1,2025-02-08,44,quantile,0.15,34.333
2025-02-01,wk inc flu hosp,1,2025-02-08,44,quantile,0.2,38.753
2025-02-01,wk inc flu hosp,1,2025-02-08,44,quantile,0.25,42.693
2025-02-01,wk inc flu hosp,1,2025-02-08,44,quantile,0.3,46.848
2025-02-01,wk inc flu hosp,1,2025-02-08,44,quantile,0.35,50.591
2025-02-01,wk inc flu hosp,1,2025-02-08,44,quantile,0.4,54.574
2025-02-01,wk inc flu hosp,1,2025-02-08,44,quantile,0.45,58.408
2025-02-01,wk inc flu hosp,1,2025-02-08,44,quantile,0.5,62.286
2025-02-01,wk inc flu hosp,1,2025-02-08,44,quantile,0.55,66.396
2025-02-01,wk inc flu hosp,1,2025-02-08,44,quantile,0.6,71.196
2025-02-01,wk inc flu hosp,1,2025-02-08,44,quantile,0.65,74.746
2025-02-01,wk inc flu hosp,1,2025-02-08,44,quantile,0.7,78.992
2025-02-01,wk inc flu hosp,1,2025-02-08,44,quantile,0.75,84.613
2025-02-01,wk inc flu hosp,1,2025-02-08,44,quantile,0.8,90.736
2025-02-01,wk inc flu hosp,1,2025-02-08,44,quantile,0.85,98.754
2025-02-01,wk inc flu hosp,1,2025-02-08,44,quantile,0.9,110.679
2025-02-01,wk inc flu hosp,1,2025-02-08,44,quantile,0.95,130.868
2025-02-01,wk inc flu hosp,1,2025-02-08,44,quantile,0.975,161.351
2025-02-01,wk inc flu hosp,1,2025-02-08,44,quantile,0.99,231.588
2025-02-01,wk inc flu hosp,2,2025-02-15,44,quantile,0.01,4.969
2025-02-01,wk inc flu hosp,2,2025-02-15,44,quantile,0.025,7.799
2025-02-01,wk inc flu hosp,2,2025-02-15,44,quantile,0.05,10.091
2025-02-01,wk inc flu hosp,2,2025-02-15,44,quantile,0.1,15.54
2025-02-01,wk inc flu hosp,2,2025-02-15,44,quantile,0.15,20.191
2025-02-01,wk inc flu hosp,2,2025-02-15,44,quantile,0.2,23.305
2025-02-01,wk inc flu hosp,2,2025-02-15,44,quantile,0.25,26.421
2025-02-01,wk inc flu hosp,2,2025-02-15,44,quantile,0.3,29.503
2025-02-01,wk inc flu hosp,2,2025-02-15,44,quantile,0.35,32.417
2025-02-01,wk inc flu hosp,2,2025-02-15,44,quantile,0.4,35.443
2025-02-01,wk inc flu hosp,2,2025-02-15,44,quantile,0.45,38.32
2025-02-01,wk inc flu hosp,2,2025-02-15,44,quantile,0.5,41.439
2025-02-01,wk inc flu hosp,2,2025-02-15,44,quantile,0.55,44.572
2025-02-01,wk inc flu hosp,2,2025-02-15,44,quantile,0.6,47.576
2025-02-01,wk inc flu hosp,2,2025-02-15,44,quantile,0.65,51.772
2025-02-01,wk inc flu hosp,2,2025-02-15,44,quantile,0.7,54.766
2025-02-01,wk inc flu hosp,2,2025-02-15,44,quantile,0.75,60.124
2025-02-01,wk inc flu hosp,2,2025-02-15,44,quantile,0.8,65.917
2025-02-01,wk inc flu hosp,2,2025-02-15,44,quantile,0.85,71.48
2025-02-01,wk inc flu hosp,2,2025-02-15,44,quantile,0.9,81.631
2025-02-01,wk inc flu hosp,2,2025-02-15,44,quantile,0.95,96.884
2025-02-01,wk inc flu hosp,2,2025-02-15,44,quantile,0.975,123.583
2025-02-01,wk inc flu hosp,2,2025-02-15,44,quantile,0.99,159.765
2025-02-01,wk inc flu hosp,3,2025-02-22,44,quantile,0.01,1.903
2025-02-01,wk inc flu hosp,3,2025-02-22,44,quantile,0.025,3.578
2025-02-01,wk inc flu hosp,3,2025-02-22,44,quantile,0.05,4.943
2025-02-01,wk inc flu hosp,3,2025-02-22,44,quantile,0.1,8.057
2025-02-01,wk inc flu hosp,3,2025-02-22,44,quantile,0.15,11.088
2025-02-01,wk inc flu hosp,3,2025-02-22,44,quantile,0.2,13.207
2025-02-01,wk inc flu hosp,3,2025-02-22,44,quantile,0.25,15.294
2025-02-01,wk inc flu hosp,3,2025-02-22,44,quantile,0.3,17.293
2025-02-01,wk inc flu hosp,3,2025-02-22,44,quantile,0.35,19.283
2025-02-01,wk inc flu hosp,3,2025-02-22,44,quantile,0.4,21.834
2025-02-01,wk inc flu hosp,3,2025-02-22,44,quantile,0.45,23.861
2025-02-01,wk inc flu hosp,3,2025-02-22,44,quantile,0.5,26.242
2025-02-01,wk inc flu hosp,3,2025-02-22,44,quantile,0.55,28.268
2025-02-01,wk inc flu hosp,3,2025-02-22,44,quantile,0.6,30.343
2025-02-01,wk inc flu hosp,3,2025-02-22,44,quantile,0.65,33.024
2025-02-01,wk inc flu hosp,3,2025-02-22,44,quantile,0.7,35.424
2025-02-01,wk inc flu hosp,3,2025-02-22,44,quantile,0.75,39.124
2025-02-01,wk inc flu hosp,3,2025-02-22,44,quantile,0.8,43.574
2025-02-01,wk inc flu hosp,3,2025-02-22,44,quantile,0.85,48.776
2025-02-01,wk inc flu hosp,3,2025-02-22,44,quantile,0.9,56.835
2025-02-01,wk inc flu hosp,3,2025-02-22,44,quantile,0.95,65.721
2025-02-01,wk inc flu hosp,3,2025-02-22,44,quantile,0.975,87.608
2025-02-01,wk inc flu hosp,3,2025-02-22,44,quantile,0.99,113.917
2025-02-01,wk inc flu hosp,0,2025-02-01,45,quantile,0.01,224.992
2025-02-01,wk inc flu hosp,0,2025-02-01,45,quantile,0.025,282.186
2025-02-01,wk inc flu hosp,0,2025-02-01,45,quantile,0.05,313.644
2025-02-01,wk inc flu hosp,0,2025-02-01,45,quantile,0.1,368.817
2025-02-01,wk inc flu hosp,0,2025-02-01,45,quantile,0.15,396.298
2025-02-01,wk inc flu hosp,0,2025-02-01,45,quantile,0.2,425.624
2025-02-01,wk inc flu hosp,0,2025-02-01,45,quantile,0.25,446.345
2025-02-01,wk inc flu hosp,0,2025-02-01,45,quantile,0.3,465.567
2025-02-01,wk inc flu hosp,0,2025-02-01,45,quantile,0.35,486.708
2025-02-01,wk inc flu hosp,0,2025-02-01,45,quantile,0.4,505.252
2025-02-01,wk inc flu hosp,0,2025-02-01,45,quantile,0.45,524.445
2025-02-01,wk inc flu hosp,0,2025-02-01,45,quantile,0.5,543.126
2025-02-01,wk inc flu hosp,0,2025-02-01,45,quantile,0.55,566.577
2025-02-01,wk inc flu hosp,0,2025-02-01,45,quantile,0.6,581.696
2025-02-01,wk inc flu hosp,0,2025-02-01,45,quantile,0.65,601.538
2025-02-01,wk inc flu hosp,0,2025-02-01,45,quantile,0.7,623.221
2025-02-01,wk inc flu hosp,0,2025-02-01,45,quantile,0.75,647.364
2025-02-01,wk inc flu hosp,0,2025-02-01,45,quantile,0.8,680.344
2025-02-01,wk inc flu hosp,0,2025-02-01,45,quantile,0.85,714.326
2025-02-01,wk inc flu hosp,0,2025-02-01,45,quantile,0.9,781.673
2025-02-01,wk inc flu hosp,0,2025-02-01,45,quantile,0.95,889.961
2025-02-01,wk inc flu hosp,0,2025-02-01,45,quantile,0.975,1044.198
2025-02-01,wk inc flu hosp,0,2025-02-01,45,quantile,0.99,1248.775
2025-02-01,wk inc flu hosp,1,2025-02-08,45,quantile,0.01,104.323
2025-02-01,wk inc flu hosp,1,2025-02-08,45,quantile,0.025,128.629
2025-02-01,wk inc flu hosp,1,2025-02-08,45,quantile,0.05,167.559
2025-02-01,wk inc flu hosp,1,2025-02-08,45,quantile,0.1,203.414
2025-02-01,wk inc flu hosp,1,2025-02-08,45,quantile,0.15,230.198
2025-02-01,wk inc flu hosp,1,2025-02-08,45,quantile,0.2,258.528
2025-02-01,wk inc flu hosp,1,2025-02-08,45,quantile,0.25,283.104
2025-02-01,wk inc flu hosp,1,2025-02-08,45,quantile,0.3,301.427
2025-02-01,wk inc flu hosp,1,2025-02-08,45,quantile,0.35,322.156
2025-02-01,wk inc flu hosp,1,2025-02-08,45,quantile,0.4,338.222
2025-02-01,wk inc flu hosp,1,2025-02-08,45,quantile,0.45,353.758
2025-02-01,wk inc flu hosp,1,2025-02-08,45,quantile,0.5,369.941
2025-02-01,wk inc flu hosp,1,2025-02-08,45,quantile,0.55,388.361
2025-02-01,wk inc flu hosp,1,2025-02-08,45,quantile,0.6,403.094
2025-02-01,wk inc flu hosp,1,2025-02-08,45,quantile,0.65,416.355
2025-02-01,wk inc flu hosp,1,2025-02-08,45,quantile,0.7,440.955
2025-02-01,wk inc flu hosp,1,2025-02-08,45,quantile,0.75,471.686
2025-02-01,wk inc flu hosp,1,2025-02-08,45,quantile,0.8,500.77
2025-02-01,wk inc flu hosp,1,2025-02-08,45,quantile,0.85,538.723
2025-02-01,wk inc flu hosp,1,2025-02-08,45,quantile,0.9,589.554
2025-02-01,wk inc flu hosp,1,2025-02-08,45,quantile,0.95,694.907
2025-02-01,wk inc flu hosp,1,2025-02-08,45,quantile,0.975,833.814
2025-02-01,wk inc flu hosp,1,2025-02-08,45,quantile,0.99,986.767
2025-02-01,wk inc flu hosp,2,2025-02-15,45,quantile,0.01,41.057
2025-02-01,wk inc flu hosp,2,2025-02-15,45,quantile,0.025,55.987
2025-02-01,wk inc flu hosp,2,2025-02-15,45,quantile,0.05,73.233
2025-02-01,wk inc flu hosp,2,2025-02-15,45,quantile,0.1,99.971
2025-02-01,wk inc flu hosp,2,2025-02-15,45,quantile,0.15,116.67
2025-02-01,wk inc flu hosp,2,2025-02-15,45,quantile,0.2,136.712
2025-02-01,wk inc flu hosp,2,2025-02-15,45,quantile,0.25,152.213
2025-02-01,wk inc flu hosp,2,2025-02-15,45,quantile,0.3,166.68
2025-02-01,wk inc flu hosp,2,2025-02-15,45,quantile,0.35,179.513
2025-02-01,wk inc flu hosp,2,2025-02-15,45,quantile,0.4,190.569
2025-02-01,wk inc flu hosp,2,2025-02-15,45,quantile,0.45,206.499
2025-02-01,wk inc flu hosp,2,2025-02-15,45,quantile,0.5,220.84
2025-02-01,wk inc flu hosp,2,2025-02-15,45,quantile,0.55,235.757
2025-02-01,wk inc flu hosp,2,2025-02-15,45,quantile,0.6,247.081
2025-02-01,wk inc flu hosp,2,2025-02-15,45,quantile,0.65,259.092
2025-02-01,wk inc flu hosp,2,2025-02-15,45,quantile,0.7,279.108
2025-02-01,wk inc flu hosp,2,2025-02-15,45,quantile,0.75,302.006
2025-02-01,wk inc flu hosp,2,2025-02-15,45,quantile,0.8,330.772
2025-02-01,wk inc flu hosp,2,2025-02-15,45,quantile,0.85,363.326
2025-02-01,wk inc flu hosp,2,2025-02-15,45,quantile,0.9,399.708
2025-02-01,wk inc flu hosp,2,2025-02-15,45,quantile,0.95,484.946
2025-02-01,wk inc flu hosp,2,2025-02-15,45,quantile,0.975,627.647
2025-02-01,wk inc flu hosp,2,2025-02-15,45,quantile,0.99,725.465
2025-02-01,wk inc flu hosp,3,2025-02-22,45,quantile,0.01,14.144
2025-02-01,wk inc flu hosp,3,2025-02-22,45,quantile,0.025,20.719
2025-02-01,wk inc flu hosp,3,2025-02-22,45,quantile,0.05,31.948
2025-02-01,wk inc flu hosp,3,2025-02-22,45,quantile,0.1,45.164
2025-02-01,wk inc flu hosp,3,2025-02-22,45,quantile,0.15,56.038
2025-02-01,wk inc flu hosp,3,2025-02-22,45,quantile,0.2,64.503
2025-02-01,wk inc flu hosp,3,2025-02-22,45,quantile,0.25,76.292
2025-02-01,wk inc flu hosp,3,2025-02-22,45,quantile,0.3,83.728
2025-02-01,wk inc flu hosp,3,2025-02-22,45,quantile,0.35,92.208
2025-02-01,wk inc flu hosp,3,2025-02-22,45,quantile,0.4,100.131
2025-02-01,wk inc flu hosp,3,2025-02-22,45,quantile,0.45,110.175
2025-02-01,wk inc flu hosp,3,2025-02-22,45,quantile,0.5,118.855
2025-02-01,wk inc flu hosp,3,2025-02-22,45,quantile,0.55,131.077
2025-02-01,wk inc flu hosp,3,2025-02-22,45,quantile,0.6,140.174
2025-02-01,wk inc flu hosp,3,2025-02-22,45,quantile,0.65,151.107
2025-02-01,wk inc flu hosp,3,2025-02-22,45,quantile,0.7,161.349
2025-02-01,wk inc flu hosp,3,2025-02-22,45,quantile,0.75,176.798
2025-02-01,wk inc flu hosp,3,2025-02-22,45,quantile,0.8,196.074
2025-02-01,wk inc flu hosp,3,2025-02-22,45,quantile,0.85,221.997
2025-02-01,wk inc flu hosp,3,2025-02-22,45,quantile,0.9,250.542
2025-02-01,wk inc flu hosp,3,2025-02-22,45,quantile,0.95,318.238
2025-02-01,wk inc flu hosp,3,2025-02-22,45,quantile,0.975,390.479
2025-02-01,wk inc flu hosp,3,2025-02-22,45,quantile,0.99,515.649
2025-02-01,wk inc flu hosp,0,2025-02-01,46,quantile,0.01,18.165
2025-02-01,wk inc flu hosp,0,2025-02-01,46,quantile,0.025,25.535
2025-02-01,wk inc flu hosp,0,2025-02-01,46,quantile,0.05,29.835
2025-02-01,wk inc flu hosp,0,2025-02-01,46,quantile,0.1,35.969
2025-02-01,wk inc flu hosp,0,2025-02-01,46,quantile,0.15,40.263
2025-02-01,wk inc flu hosp,0,2025-02-01,46,quantile,0.2,44.513
2025-02-01,wk inc flu hosp,0,2025-02-01,46,quantile,0.25,47.847
2025-02-01,wk inc flu hosp,0,2025-02-01,46,quantile,0.3,51.037
2025-02-01,wk inc flu hosp,0,2025-02-01,46,quantile,0.35,54.55
2025-02-01,wk inc flu hosp,0,2025-02-01,46,quantile,0.4,58.05
2025-02-01,wk inc flu hosp,0,2025-02-01,46,quantile,0.45,60.467
2025-02-01,wk inc flu hosp,0,2025-02-01,46,quantile,0.5,63.16
2025-02-01,wk inc flu hosp,0,2025-02-01,46,quantile,0.55,66.079
2025-02-01,wk inc flu hosp,0,2025-02-01,46,quantile,0.6,68.386
2025-02-01,wk inc flu hosp,0,2025-02-01,46,quantile,0.65,71.855
2025-02-01,wk inc flu hosp,0,2025-02-01,46,quantile,0.7,74.826
2025-02-01,wk inc flu hosp,0,2025-02-01,46,quantile,0.75,79.224
2025-02-01,wk inc flu hosp,0,2025-02-01,46,quantile,0.8,82.479
2025-02-01,wk inc flu hosp,0,2025-02-01,46,quantile,0.85,87.115
2025-02-01,wk inc flu hosp,0,2025-02-01,46,quantile,0.9,95.139
2025-02-01,wk inc flu hosp,0,2025-02-01,46,quantile,0.95,108.008
2025-02-01,wk inc flu hosp,0,2025-02-01,46,quantile,0.975,116.814
2025-02-01,wk inc flu hosp,0,2025-02-01,46,quantile,0.99,137.244
2025-02-01,wk inc flu hosp,1,2025-02-08,46,quantile,0.01,6.242
2025-02-01,wk inc flu hosp,1,2025-02-08,46,quantile,0.025,11.573
2025-02-01,wk inc flu hosp,1,2025-02-08,46,quantile,0.05,16.596
2025-02-01,wk inc flu hosp,1,2025-02-08,46,quantile,0.1,21.12
2025-02-01,wk inc flu hosp,1,2025-02-08,46,quantile,0.15,25.517
2025-02-01,wk inc flu hosp,1,2025-02-08,46,quantile,0.2,29.558
2025-02-01,wk inc flu hosp,1,2025-02-08,46,quantile,0.25,33.592
2025-02-01,wk inc flu hosp,1,2025-02-08,46,quantile,0.3,36.632
2025-02-01,wk inc flu hosp,1,2025-02-08,46,quantile,0.35,39.9
2025-02-01,wk inc flu hosp,1,2025-02-08,46,quantile,0.4,42.924
2025-02-01,wk inc flu hosp,1,2025-02-08,46,quantile,0.45,46.794
2025-02-01,wk inc flu hosp,1,2025-02-08,46,quantile,0.5,49.837
2025-02-01,wk inc flu hosp,1,2025-02-08,46,quantile,0.55,52.813
2025-02-01,wk inc flu hosp,1,2025-02-08,46,quantile,0.6,55.676
2025-02-01,wk inc flu hosp,1,2025-02-08,46,quantile,0.65,58.426
2025-02-01,wk inc flu hosp,1,2025-02-08,46,quantile,0.7,62.888
2025-02-01,wk inc flu hosp,1,2025-02-08,46,quantile,0.75,67.073
2025-02-01,wk inc flu hosp,1,2025-02-08,46,quantile,0.8,71.534
2025-02-01,wk inc flu hosp,1,2025-02-08,46,quantile,0.85,75.138
2025-02-01,wk inc flu hosp,1,2025-02-08,46,quantile,0.9,83.181
2025-02-01,wk inc flu hosp,1,2025-02-08,46,quantile,0.95,94.419
2025-02-01,wk inc flu hosp,1,2025-02-08,46,quantile,0.975,110.238
2025-02-01,wk inc flu hosp,1,2025-02-08,46,quantile,0.99,135.916
2025-02-01,wk inc flu hosp,2,2025-02-15,46,quantile,0.01,2.067
2025-02-01,wk inc flu hosp,2,2025-02-15,46,quantile,0.025,4.876
2025-02-01,wk inc flu hosp,2,2025-02-15,46,quantile,0.05,7.838
2025-02-01,wk inc flu hosp,2,2025-02-15,46,quantile,0.1,11.134
2025-02-01,wk inc flu hosp,2,2025-02-15,46,quantile,0.15,14.505
2025-02-01,wk inc flu hosp,2,2025-02-15,46,quantile,0.2,17.3
2025-02-01,wk inc flu hosp,2,2025-02-15,46,quantile,0.25,20.533
2025-02-01,wk inc flu hosp,2,2025-02-15,46,quantile,0.3,23.586
2025-02-01,wk inc flu hosp,2,2025-02-15,46,quantile,0.35,25.588
2025-02-01,wk inc flu hosp,2,2025-02-15,46,quantile,0.4,28.525
2025-02-01,wk inc flu hosp,2,2025-02-15,46,quantile,0.45,31.408
2025-02-01,wk inc flu hosp,2,2025-02-15,46,quantile,0.5,33.541
2025-02-01,wk inc flu hosp,2,2025-02-15,46,quantile,0.55,36.472
2025-02-01,wk inc flu hosp,2,2025-02-15,46,quantile,0.6,39.569
2025-02-01,wk inc flu hosp,2,2025-02-15,46,quantile,0.65,42.174
2025-02-01,wk inc flu hosp,2,2025-02-15,46,quantile,0.7,45.898
2025-02-01,wk inc flu hosp,2,2025-02-15,46,quantile,0.75,48.985
2025-02-01,wk inc flu hosp,2,2025-02-15,46,quantile,0.8,53.896
2025-02-01,wk inc flu hosp,2,2025-02-15,46,quantile,0.85,57.585
2025-02-01,wk inc flu hosp,2,2025-02-15,46,quantile,0.9,64.148
2025-02-01,wk inc flu hosp,2,2025-02-15,46,quantile,0.95,74.715
2025-02-01,wk inc flu hosp,2,2025-02-15,46,quantile,0.975,85.223
2025-02-01,wk inc flu hosp,2,2025-02-15,46,quantile,0.99,127.282
2025-02-01,wk inc flu hosp,3,2025-02-22,46,quantile,0.01,0.676
2025-02-01,wk inc flu hosp,3,2025-02-22,46,quantile,0.025,1.974
2025-02-01,wk inc flu hosp,3,2025-02-22,46,quantile,0.05,3.437
2025-02-01,wk inc flu hosp,3,2025-02-22,46,quantile,0.1,5.429
2025-02-01,wk inc flu hosp,3,2025-02-22,46,quantile,0.15,7.653
2025-02-01,wk inc flu hosp,3,2025-02-22,46,quantile,0.2,9.56
2025-02-01,wk inc flu hosp,3,2025-02-22,46,quantile,0.25,11.782
2025-02-01,wk inc flu hosp,3,2025-02-22,46,quantile,0.3,13.509
2025-02-01,wk inc flu hosp,3,2025-02-22,46,quantile,0.35,15.221
2025-02-01,wk inc flu hosp,3,2025-02-22,46,quantile,0.4,17.02
2025-02-01,wk inc flu hosp,3,2025-02-22,46,quantile,0.45,18.76
2025-02-01,wk inc flu hosp,3,2025-02-22,46,quantile,0.5,20.99
2025-02-01,wk inc flu hosp,3,2025-02-22,46,quantile,0.55,23.173
2025-02-01,wk inc flu hosp,3,2025-02-22,46,quantile,0.6,25.037
2025-02-01,wk inc flu hosp,3,2025-02-22,46,quantile,0.65,26.644
2025-02-01,wk inc flu hosp,3,2025-02-22,46,quantile,0.7,29.46
2025-02-01,wk inc flu hosp,3,2025-02-22,46,quantile,0.75,32.595
2025-02-01,wk inc flu hosp,3,2025-02-22,46,quantile,0.8,36.598
2025-02-01,wk inc flu hosp,3,2025-02-22,46,quantile,0.85,40.492
2025-02-01,wk inc flu hosp,3,2025-02-22,46,quantile,0.9,45.332
2025-02-01,wk inc flu hosp,3,2025-02-22,46,quantile,0.95,54.219
2025-02-01,wk inc flu hosp,3,2025-02-22,46,quantile,0.975,62.295
2025-02-01,wk inc flu hosp,3,2025-02-22,46,quantile,0.99,84.927
2025-02-01,wk inc flu hosp,0,2025-02-01,47,quantile,0.01,71.602
2025-02-01,wk inc flu hosp,0,2025-02-01,47,quantile,0.025,130.298
2025-02-01,wk inc flu hosp,0,2025-02-01,47,quantile,0.05,155.285
2025-02-01,wk inc flu hosp,0,2025-02-01,47,quantile,0.1,187.81
2025-02-01,wk inc flu hosp,0,2025-02-01,47,quantile,0.15,215.249
2025-02-01,wk inc flu hosp,0,2025-02-01,47,quantile,0.2,238.665
2025-02-01,wk inc flu hosp,0,2025-02-01,47,quantile,0.25,255.606
2025-02-01,wk inc flu hosp,0,2025-02-01,47,quantile,0.3,269.428
2025-02-01,wk inc flu hosp,0,2025-02-01,47,quantile,0.35,288.156
2025-02-01,wk inc flu hosp,0,2025-02-01,47,quantile,0.4,303.298
2025-02-01,wk inc flu hosp,0,2025-02-01,47,quantile,0.45,317.624
2025-02-01,wk inc flu hosp,0,2025-02-01,47,quantile,0.5,329.811
2025-02-01,wk inc flu hosp,0,2025-02-01,47,quantile,0.55,343.525
2025-02-01,wk inc flu hosp,0,2025-02-01,47,quantile,0.6,355.811
2025-02-01,wk inc flu hosp,0,2025-02-01,47,quantile,0.65,372.747
2025-02-01,wk inc flu hosp,0,2025-02-01,47,quantile,0.7,386.482
2025-02-01,wk inc flu hosp,0,2025-02-01,47,quantile,0.75,405.467
2025-02-01,wk inc flu hosp,0,2025-02-01,47,quantile,0.8,432.276
2025-02-01,wk inc flu hosp,0,2025-02-01,47,quantile,0.85,460.199
2025-02-01,wk inc flu hosp,0,2025-02-01,47,quantile,0.9,515.173
2025-02-01,wk inc flu hosp,0,2025-02-01,47,quantile,0.95,602.765
2025-02-01,wk inc flu hosp,0,2025-02-01,47,quantile,0.975,670.152
2025-02-01,wk inc flu hosp,0,2025-02-01,47,quantile,0.99,746.549
2025-02-01,wk inc flu hosp,1,2025-02-08,47,quantile,0.01,26.936
2025-02-01,wk inc flu hosp,1,2025-02-08,47,quantile,0.025,54.677
2025-02-01,wk inc flu hosp,1,2025-02-08,47,quantile,0.05,70.629
2025-02-01,wk inc flu hosp,1,2025-02-08,47,quantile,0.1,90.074
2025-02-01,wk inc flu hosp,1,2025-02-08,47,quantile,0.15,104.989
2025-02-01,wk inc flu hosp,1,2025-02-08,47,quantile,0.2,119.523
2025-02-01,wk inc flu hosp,1,2025-02-08,47,quantile,0.25,130.927
2025-02-01,wk inc flu hosp,1,2025-02-08,47,quantile,0.3,143.137
2025-02-01,wk inc flu hosp,1,2025-02-08,47,quantile,0.35,157.869
2025-02-01,wk inc flu hosp,1,2025-02-08,47,quantile,0.4,169.052
2025-02-01,wk inc flu hosp,1,2025-02-08,47,quantile,0.45,176.839
2025-02-01,wk inc flu hosp,1,2025-02-08,47,quantile,0.5,184.376
2025-02-01,wk inc flu hosp,1,2025-02-08,47,quantile,0.55,195.72
2025-02-01,wk inc flu hosp,1,2025-02-08,47,quantile,0.6,207.696
2025-02-01,wk inc flu hosp,1,2025-02-08,47,quantile,0.65,224.031
2025-02-01,wk inc flu hosp,1,2025-02-08,47,quantile,0.7,237.96
2025-02-01,wk inc flu hosp,1,2025-02-08,47,quantile,0.75,251.498
2025-02-01,wk inc flu hosp,1,2025-02-08,47,quantile,0.8,270.358
2025-02-01,wk inc flu hosp,1,2025-02-08,47,quantile,0.85,293.091
2025-02-01,wk inc flu hosp,1,2025-02-08,47,quantile,0.9,342.869
2025-02-01,wk inc flu hosp,1,2025-02-08,47,quantile,0.95,397.457
2025-02-01,wk inc flu hosp,1,2025-02-08,47,quantile,0.975,460.87
2025-02-01,wk inc flu hosp,1,2025-02-08,47,quantile,0.99,581.717
2025-02-01,wk inc flu hosp,2,2025-02-15,47,quantile,0.01,8.263
2025-02-01,wk inc flu hosp,2,2025-02-15,47,quantile,0.025,19.557
2025-02-01,wk inc flu hosp,2,2025-02-15,47,quantile,0.05,29.431
2025-02-01,wk inc flu hosp,2,2025-02-15,47,quantile,0.1,38.719
2025-02-01,wk inc flu hosp,2,2025-02-15,47,quantile,0.15,47.497
2025-02-01,wk inc flu hosp,2,2025-02-15,47,quantile,0.2,53.873
2025-02-01,wk inc flu hosp,2,2025-02-15,47,quantile,0.25,62.53
2025-02-01,wk inc flu hosp,2,2025-02-15,47,quantile,0.3,70.269
2025-02-01,wk inc flu hosp,2,2025-02-15,47,quantile,0.35,76.608
2025-02-01,wk inc flu hosp,2,2025-02-15,47,quantile,0.4,82.855
2025-02-01,wk inc flu hosp,2,2025-02-15,47,quantile,0.45,91.497
2025-02-01,wk inc flu hosp,2,2025-02-15,47,quantile,0.5,97.585
2025-02-01,wk inc flu hosp,2,2025-02-15,47,quantile,0.55,103.997
2025-02-01,wk inc flu hosp,2,2025-02-15,47,quantile,0.6,112.662
2025-02-01,wk inc flu hosp,2,2025-02-15,47,quantile,0.65,122.239
2025-02-01,wk inc flu hosp,2,2025-02-15,47,quantile,0.7,135.398
2025-02-01,wk inc flu hosp,2,2025-02-15,47,quantile,0.75,147.493
2025-02-01,wk inc flu hosp,2,2025-02-15,47,quantile,0.8,159.135
2025-02-01,wk inc flu hosp,2,2025-02-15,47,quantile,0.85,179.14
2025-02-01,wk inc flu hosp,2,2025-02-15,47,quantile,0.9,207.915
2025-02-01,wk inc flu hosp,2,2025-02-15,47,quantile,0.95,250.201
2025-02-01,wk inc flu hosp,2,2025-02-15,47,quantile,0.975,314.301
2025-02-01,wk inc flu hosp,2,2025-02-15,47,quantile,0.99,388.356
2025-02-01,wk inc flu hosp,3,2025-02-22,47,quantile,0.01,3.238
2025-02-01,wk inc flu hosp,3,2025-02-22,47,quantile,0.025,6.47
2025-02-01,wk inc flu hosp,3,2025-02-22,47,quantile,0.05,11.464
2025-02-01,wk inc flu hosp,3,2025-02-22,47,quantile,0.1,15.836
2025-02-01,wk inc flu hosp,3,2025-02-22,47,quantile,0.15,19.435
2025-02-01,wk inc flu hosp,3,2025-02-22,47,quantile,0.2,24.782
2025-02-01,wk inc flu hosp,3,2025-02-22,47,quantile,0.25,28.304
2025-02-01,wk inc flu hosp,3,2025-02-22,47,quantile,0.3,31.636
2025-02-01,wk inc flu hosp,3,2025-02-22,47,quantile,0.35,35.666
2025-02-01,wk inc flu hosp,3,2025-02-22,47,quantile,0.4,40.087
2025-02-01,wk inc flu hosp,3,2025-02-22,47,quantile,0.45,43.902
2025-02-01,wk inc flu hosp,3,2025-02-22,47,quantile,0.5,47.424
2025-02-01,wk inc flu hosp,3,2025-02-22,47,quantile,0.55,53.189
2025-02-01,wk inc flu hosp,3,2025-02-22,47,quantile,0.6,57.621
2025-02-01,wk inc flu hosp,3,2025-02-22,47,quantile,0.65,65.078
2025-02-01,wk inc flu hosp,3,2025-02-22,47,quantile,0.7,73.605
2025-02-01,wk inc flu hosp,3,2025-02-22,47,quantile,0.75,80.929
2025-02-01,wk inc flu hosp,3,2025-02-22,47,quantile,0.8,90.268
2025-02-01,wk inc flu hosp,3,2025-02-22,47,quantile,0.85,106.538
2025-02-01,wk inc flu hosp,3,2025-02-22,47,quantile,0.9,123.559
2025-02-01,wk inc flu hosp,3,2025-02-22,47,quantile,0.95,160.742
2025-02-01,wk inc flu hosp,3,2025-02-22,47,quantile,0.975,206.699
2025-02-01,wk inc flu hosp,3,2025-02-22,47,quantile,0.99,261.2
2025-02-01,wk inc flu hosp,0,2025-02-01,48,quantile,0.01,702.949
2025-02-01,wk inc flu hosp,0,2025-02-01,48,quantile,0.025,856.997
2025-02-01,wk inc flu hosp,0,2025-02-01,48,quantile,0.05,1022.975
2025-02-01,wk inc flu hosp,0,2025-02-01,48,quantile,0.1,1172.707
2025-02-01,wk inc flu hosp,0,2025-02-01,48,quantile,0.15,1296.321
2025-02-01,wk inc flu hosp,0,2025-02-01,48,quantile,0.2,1410.643
2025-02-01,wk inc flu hosp,0,2025-02-01,48,quantile,0.25,1501.163
2025-02-01,wk inc flu hosp,0,2025-02-01,48,quantile,0.3,1604.649
2025-02-01,wk inc flu hosp,0,2025-02-01,48,quantile,0.35,1684.462
2025-02-01,wk inc flu hosp,0,2025-02-01,48,quantile,0.4,1760.417
2025-02-01,wk inc flu hosp,0,2025-02-01,48,quantile,0.45,1820.797
2025-02-01,wk inc flu hosp,0,2025-02-01,48,quantile,0.5,1887.481
2025-02-01,wk inc flu hosp,0,2025-02-01,48,quantile,0.55,1976.361
2025-02-01,wk inc flu hosp,0,2025-02-01,48,quantile,0.6,2056.61
2025-02-01,wk inc flu hosp,0,2025-02-01,48,quantile,0.65,2128.671
2025-02-01,wk inc flu hosp,0,2025-02-01,48,quantile,0.7,2201.304
2025-02-01,wk inc flu hosp,0,2025-02-01,48,quantile,0.75,2312.874
2025-02-01,wk inc flu hosp,0,2025-02-01,48,quantile,0.8,2441.91
2025-02-01,wk inc flu hosp,0,2025-02-01,48,quantile,0.85,2621.864
2025-02-01,wk inc flu hosp,0,2025-02-01,48,quantile,0.9,2838.806
2025-02-01,wk inc flu hosp,0,2025-02-01,48,quantile,0.95,3322.226
2025-02-01,wk inc flu hosp,0,2025-02-01,48,quantile,0.975,3838.086
2025-02-01,wk inc flu hosp,0,2025-02-01,48,quantile,0.99,4975.63
2025-02-01,wk inc flu hosp,1,2025-02-08,48,quantile,0.01,339.865
2025-02-01,wk inc flu hosp,1,2025-02-08,48,quantile,0.025,437.432
2025-02-01,wk inc flu hosp,1,2025-02-08,48,quantile,0.05,547.313
2025-02-01,wk inc flu hosp,1,2025-02-08,48,quantile,0.1,662.423
2025-02-01,wk inc flu hosp,1,2025-02-08,48,quantile,0.15,787.736
2025-02-01,wk inc flu hosp,1,2025-02-08,48,quantile,0.2,882.264
2025-02-01,wk inc flu hosp,1,2025-02-08,48,quantile,0.25,954.9
2025-02-01,wk inc flu hosp,1,2025-02-08,48,quantile,0.3,1039.484
2025-02-01,wk inc flu hosp,1,2025-02-08,48,quantile,0.35,1112.592
2025-02-01,wk inc flu hosp,1,2025-02-08,48,quantile,0.4,1170.58
2025-02-01,wk inc flu hosp,1,2025-02-08,48,quantile,0.45,1241.554
2025-02-01,wk inc flu hosp,1,2025-02-08,48,quantile,0.5,1318.96
2025-02-01,wk inc flu hosp,1,2025-02-08,48,quantile,0.55,1397.503
2025-02-01,wk inc flu hosp,1,2025-02-08,48,quantile,0.6,1471.461
2025-02-01,wk inc flu hosp,1,2025-02-08,48,quantile,0.65,1536.01
2025-02-01,wk inc flu hosp,1,2025-02-08,48,quantile,0.7,1602.664
2025-02-01,wk inc flu hosp,1,2025-02-08,48,quantile,0.75,1719.57
2025-02-01,wk inc flu hosp,1,2025-02-08,48,quantile,0.8,1837.626
2025-02-01,wk inc flu hosp,1,2025-02-08,48,quantile,0.85,1982.701
2025-02-01,wk inc flu hosp,1,2025-02-08,48,quantile,0.9,2216.383
2025-02-01,wk inc flu hosp,1,2025-02-08,48,quantile,0.95,2659.745
2025-02-01,wk inc flu hosp,1,2025-02-08,48,quantile,0.975,3292.404
2025-02-01,wk inc flu hosp,1,2025-02-08,48,quantile,0.99,5150.324
2025-02-01,wk inc flu hosp,2,2025-02-15,48,quantile,0.01,139.857
2025-02-01,wk inc flu hosp,2,2025-02-15,48,quantile,0.025,202.04
2025-02-01,wk inc flu hosp,2,2025-02-15,48,quantile,0.05,276.08
2025-02-01,wk inc flu hosp,2,2025-02-15,48,quantile,0.1,373.669
2025-02-01,wk inc flu hosp,2,2025-02-15,48,quantile,0.15,465.827
2025-02-01,wk inc flu hosp,2,2025-02-15,48,quantile,0.2,525.695
2025-02-01,wk inc flu hosp,2,2025-02-15,48,quantile,0.25,588.712
2025-02-01,wk inc flu hosp,2,2025-02-15,48,quantile,0.3,644.594
2025-02-01,wk inc flu hosp,2,2025-02-15,48,quantile,0.35,698.298
2025-02-01,wk inc flu hosp,2,2025-02-15,48,quantile,0.4,748.295
2025-02-01,wk inc flu hosp,2,2025-02-15,48,quantile,0.45,808.536
2025-02-01,wk inc flu hosp,2,2025-02-15,48,quantile,0.5,867.468
2025-02-01,wk inc flu hosp,2,2025-02-15,48,quantile,0.55,929.781
2025-02-01,wk inc flu hosp,2,2025-02-15,48,quantile,0.6,991.434
2025-02-01,wk inc flu hosp,2,2025-02-15,48,quantile,0.65,1055.786
2025-02-01,wk inc flu hosp,2,2025-02-15,48,quantile,0.7,1131.601
2025-02-01,wk inc flu hosp,2,2025-02-15,48,quantile,0.75,1196.209
2025-02-01,wk inc flu hosp,2,2025-02-15,48,quantile,0.8,1319.214
2025-02-01,wk inc flu hosp,2,2025-02-15,48,quantile,0.85,1456.151
2025-02-01,wk inc flu hosp,2,2025-02-15,48,quantile,0.9,1626.798
2025-02-01,wk inc flu hosp,2,2025-02-15,48,quantile,0.95,2014.071
2025-02-01,wk inc flu hosp,2,2025-02-15,48,quantile,0.975,2598.565
2025-02-01,wk inc flu hosp,2,2025-02-15,48,quantile,0.99,3860.634
2025-02-01,wk inc flu hosp,3,2025-02-22,48,quantile,0.01,57.354
2025-02-01,wk inc flu hosp,3,2025-02-22,48,quantile,0.025,86.362
2025-02-01,wk inc flu hosp,3,2025-02-22,48,quantile,0.05,130.678
2025-02-01,wk inc flu hosp,3,2025-02-22,48,quantile,0.1,189.759
2025-02-01,wk inc flu hosp,3,2025-02-22,48,quantile,0.15,248.106
2025-02-01,wk inc flu hosp,3,2025-02-22,48,quantile,0.2,287.209
2025-02-01,wk inc flu hosp,3,2025-02-22,48,quantile,0.25,319.255
2025-02-01,wk inc flu hosp,3,2025-02-22,48,quantile,0.3,363.573
2025-02-01,wk inc flu hosp,3,2025-02-22,48,quantile,0.35,402.042
2025-02-01,wk inc flu hosp,3,2025-02-22,48,quantile,0.4,443.453
2025-02-01,wk inc flu hosp,3,2025-02-22,48,quantile,0.45,481.208
2025-02-01,wk inc flu hosp,3,2025-02-22,48,quantile,0.5,515.681
2025-02-01,wk inc flu hosp,3,2025-02-22,48,quantile,0.55,560.456
2025-02-01,wk inc flu hosp,3,2025-02-22,48,quantile,0.6,608.79
2025-02-01,wk inc flu hosp,3,2025-02-22,48,quantile,0.65,663.945
2025-02-01,wk inc flu hosp,3,2025-02-22,48,quantile,0.7,716.432
2025-02-01,wk inc flu hosp,3,2025-02-22,48,quantile,0.75,765.99
2025-02-01,wk inc flu hosp,3,2025-02-22,48,quantile,0.8,861.882
2025-02-01,wk inc flu hosp,3,2025-02-22,48,quantile,0.85,954.426
2025-02-01,wk inc flu hosp,3,2025-02-22,48,quantile,0.9,1079.689
2025-02-01,wk inc flu hosp,3,2025-02-22,48,quantile,0.95,1323.537
2025-02-01,wk inc flu hosp,3,2025-02-22,48,quantile,0.975,1781.73
2025-02-01,wk inc flu hosp,3,2025-02-22,48,quantile,0.99,2800.209
2025-02-01,wk inc flu hosp,0,2025-02-01,49,quantile,0.01,23.366
2025-02-01,wk inc flu hosp,0,2025-02-01,49,quantile,0.025,33.569
2025-02-01,wk inc flu hosp,0,2025-02-01,49,quantile,0.05,41.28
2025-02-01,wk inc flu hosp,0,2025-02-01,49,quantile,0.1,53.89
2025-02-01,wk inc flu hosp,0,2025-02-01,49,quantile,0.15,62.779
2025-02-01,wk inc flu hosp,0,2025-02-01,49,quantile,0.2,68.996
2025-02-01,wk inc flu hosp,0,2025-02-01,49,quantile,0.25,74.056
2025-02-01,wk inc flu hosp,0,2025-02-01,49,quantile,0.3,80.818
2025-02-01,wk inc flu hosp,0,2025-02-01,49,quantile,0.35,86.064
2025-02-01,wk inc flu hosp,0,2025-02-01,49,quantile,0.4,92.495
2025-02-01,wk inc flu hosp,0,2025-02-01,49,quantile,0.45,97.352
2025-02-01,wk inc flu hosp,0,2025-02-01,49,quantile,0.5,102.974
2025-02-01,wk inc flu hosp,0,2025-02-01,49,quantile,0.55,108.806
2025-02-01,wk inc flu hosp,0,2025-02-01,49,quantile,0.6,114.48
2025-02-01,wk inc flu hosp,0,2025-02-01,49,quantile,0.65,118.205
2025-02-01,wk inc flu hosp,0,2025-02-01,49,quantile,0.7,123.06
2025-02-01,wk inc flu hosp,0,2025-02-01,49,quantile,0.75,130.038
2025-02-01,wk inc flu hosp,0,2025-02-01,49,quantile,0.8,144.316
2025-02-01,wk inc flu hosp,0,2025-02-01,49,quantile,0.85,154.863
2025-02-01,wk inc flu hosp,0,2025-02-01,49,quantile,0.9,168.808
2025-02-01,wk inc flu hosp,0,2025-02-01,49,quantile,0.95,200.567
2025-02-01,wk inc flu hosp,0,2025-02-01,49,quantile,0.975,226.755
2025-02-01,wk inc flu hosp,0,2025-02-01,49,quantile,0.99,291.513
2025-02-01,wk inc flu hosp,1,2025-02-08,49,quantile,0.01,8.107
2025-02-01,wk inc flu hosp,1,2025-02-08,49,quantile,0.025,12.291
2025-02-01,wk inc flu hosp,1,2025-02-08,49,quantile,0.05,17.244
2025-02-01,wk inc flu hosp,1,2025-02-08,49,quantile,0.1,24.214
2025-02-01,wk inc flu hosp,1,2025-02-08,49,quantile,0.15,30.958
2025-02-01,wk inc flu hosp,1,2025-02-08,49,quantile,0.2,34.816
2025-02-01,wk inc flu hosp,1,2025-02-08,49,quantile,0.25,38.918
2025-02-01,wk inc flu hosp,1,2025-02-08,49,quantile,0.3,42.263
2025-02-01,wk inc flu hosp,1,2025-02-08,49,quantile,0.35,46.239
2025-02-01,wk inc flu hosp,1,2025-02-08,49,quantile,0.4,51.393
2025-02-01,wk inc flu hosp,1,2025-02-08,49,quantile,0.45,55.572
2025-02-01,wk inc flu hosp,1,2025-02-08,49,quantile,0.5,60.005
2025-02-01,wk inc flu hosp,1,2025-02-08,49,quantile,0.55,63.967
2025-02-01,wk inc flu hosp,1,2025-02-08,49,quantile,0.6,67.859
2025-02-01,wk inc flu hosp,1,2025-02-08,49,quantile,0.65,73.809
2025-02-01,wk inc flu hosp,1,2025-02-08,49,quantile,0.7,78.735
2025-02-01,wk inc flu hosp,1,2025-02-08,49,quantile,0.75,83.698
2025-02-01,wk inc flu hosp,1,2025-02-08,49,quantile,0.8,91.864
2025-02-01,wk inc flu hosp,1,2025-02-08,49,quantile,0.85,103.046
2025-02-01,wk inc flu hosp,1,2025-02-08,49,quantile,0.9,114.5
2025-02-01,wk inc flu hosp,1,2025-02-08,49,quantile,0.95,141.939
2025-02-01,wk inc flu hosp,1,2025-02-08,49,quantile,0.975,177.07
2025-02-01,wk inc flu hosp,1,2025-02-08,49,quantile,0.99,348.159
2025-02-01,wk inc flu hosp,2,2025-02-15,49,quantile,0.01,2.806
2025-02-01,wk inc flu hosp,2,2025-02-15,49,quantile,0.025,4.139
2025-02-01,wk inc flu hosp,2,2025-02-15,49,quantile,0.05,6.575
2025-02-01,wk inc flu hosp,2,2025-02-15,49,quantile,0.1,10.296
2025-02-01,wk inc flu hosp,2,2025-02-15,49,quantile,0.15,13.606
2025-02-01,wk inc flu hosp,2,2025-02-15,49,quantile,0.2,16.776
2025-02-01,wk inc flu hosp,2,2025-02-15,49,quantile,0.25,18.655
2025-02-01,wk inc flu hosp,2,2025-02-15,49,quantile,0.3,21.186
2025-02-01,wk inc flu hosp,2,2025-02-15,49,quantile,0.35,23.824
2025-02-01,wk inc flu hosp,2,2025-02-15,49,quantile,0.4,26.204
2025-02-01,wk inc flu hosp,2,2025-02-15,49,quantile,0.45,29.416
2025-02-01,wk inc flu hosp,2,2025-02-15,49,quantile,0.5,32.474
2025-02-01,wk inc flu hosp,2,2025-02-15,49,quantile,0.55,35.359
2025-02-01,wk inc flu hosp,2,2025-02-15,49,quantile,0.6,38.576
2025-02-01,wk inc flu hosp,2,2025-02-15,49,quantile,0.65,42.895
2025-02-01,wk inc flu hosp,2,2025-02-15,49,quantile,0.7,46.881
2025-02-01,wk inc flu hosp,2,2025-02-15,49,quantile,0.75,52.059
2025-02-01,wk inc flu hosp,2,2025-02-15,49,quantile,0.8,57.5
2025-02-01,wk inc flu hosp,2,2025-02-15,49,quantile,0.85,63.357
2025-02-01,wk inc flu hosp,2,2025-02-15,49,quantile,0.9,73.819
2025-02-01,wk inc flu hosp,2,2025-02-15,49,quantile,0.95,96.221
2025-02-01,wk inc flu hosp,2,2025-02-15,49,quantile,0.975,135.005
2025-02-01,wk inc flu hosp,2,2025-02-15,49,quantile,0.99,337.508
2025-02-01,wk inc flu hosp,3,2025-02-22,49,quantile,0.01,0.727
2025-02-01,wk inc flu hosp,3,2025-02-22,49,quantile,0.025,1.484
2025-02-01,wk inc flu hosp,3,2025-02-22,49,quantile,0.05,2.538
2025-02-01,wk inc flu hosp,3,2025-02-22,49,quantile,0.1,4.235
2025-02-01,wk inc flu hosp,3,2025-02-22,49,quantile,0.15,6.132
2025-02-01,wk inc flu hosp,3,2025-02-22,49,quantile,0.2,7.569
2025-02-01,wk inc flu hosp,3,2025-02-22,49,quantile,0.25,8.722
2025-02-01,wk inc flu hosp,3,2025-02-22,49,quantile,0.3,10.019
2025-02-01,wk inc flu hosp,3,2025-02-22,49,quantile,0.35,11.846
2025-02-01,wk inc flu hosp,3,2025-02-22,49,quantile,0.4,13.203
2025-02-01,wk inc flu hosp,3,2025-02-22,49,quantile,0.45,15.148
2025-02-01,wk inc flu hosp,3,2025-02-22,49,quantile,0.5,17.021
2025-02-01,wk inc flu hosp,3,2025-02-22,49,quantile,0.55,19.101
2025-02-01,wk inc flu hosp,3,2025-02-22,49,quantile,0.6,21.329
2025-02-01,wk inc flu hosp,3,2025-02-22,49,quantile,0.65,24.452
2025-02-01,wk inc flu hosp,3,2025-02-22,49,quantile,0.7,26.965
2025-02-01,wk inc flu hosp,3,2025-02-22,49,quantile,0.75,30.15
2025-02-01,wk inc flu hosp,3,2025-02-22,49,quantile,0.8,33.887
2025-02-01,wk inc flu hosp,3,2025-02-22,49,quantile,0.85,37.782
2025-02-01,wk inc flu hosp,3,2025-02-22,49,quantile,0.9,43.977
2025-02-01,wk inc flu hosp,3,2025-02-22,49,quantile,0.95,61.321
2025-02-01,wk inc flu hosp,3,2025-02-22,49,quantile,0.975,81.705
2025-02-01,wk inc flu hosp,3,2025-02-22,49,quantile,0.99,172.447
2025-02-01,wk inc flu hosp,0,2025-02-01,50,quantile,0.01,9.99
2025-02-01,wk inc flu hosp,0,2025-02-01,50,quantile,0.025,13.144
2025-02-01,wk inc flu hosp,0,2025-02-01,50,quantile,0.05,17.166
2025-02-01,wk inc flu hosp,0,2025-02-01,50,quantile,0.1,21.92
2025-02-01,wk inc flu hosp,0,2025-02-01,50,quantile,0.15,25.286
2025-02-01,wk inc flu hosp,0,2025-02-01,50,quantile,0.2,28.043
2025-02-01,wk inc flu hosp,0,2025-02-01,50,quantile,0.25,30.231
2025-02-01,wk inc flu hosp,0,2025-02-01,50,quantile,0.3,32.374
2025-02-01,wk inc flu hosp,0,2025-02-01,50,quantile,0.35,34.672
2025-02-01,wk inc flu hosp,0,2025-02-01,50,quantile,0.4,36.697
2025-02-01,wk inc flu hosp,0,2025-02-01,50,quantile,0.45,38.719
2025-02-01,wk inc flu hosp,0,2025-02-01,50,quantile,0.5,40.854
2025-02-01,wk inc flu hosp,0,2025-02-01,50,quantile,0.55,43.01
2025-02-01,wk inc flu hosp,0,2025-02-01,50,quantile,0.6,45.512
2025-02-01,wk inc flu hosp,0,2025-02-01,50,quantile,0.65,47.837
2025-02-01,wk inc flu hosp,0,2025-02-01,50,quantile,0.7,50.45
2025-02-01,wk inc flu hosp,0,2025-02-01,50,quantile,0.75,53.289
2025-02-01,wk inc flu hosp,0,2025-02-01,50,quantile,0.8,56.727
2025-02-01,wk inc flu hosp,0,2025-02-01,50,quantile,0.85,60.905
2025-02-01,wk inc flu hosp,0,2025-02-01,50,quantile,0.9,67.088
2025-02-01,wk inc flu hosp,0,2025-02-01,50,quantile,0.95,75.499
2025-02-01,wk inc flu hosp,0,2025-02-01,50,quantile,0.975,87.556
2025-02-01,wk inc flu hosp,0,2025-02-01,50,quantile,0.99,108.38
2025-02-01,wk inc flu hosp,1,2025-02-08,50,quantile,0.01,4.818
2025-02-01,wk inc flu hosp,1,2025-02-08,50,quantile,0.025,5.938
2025-02-01,wk inc flu hosp,1,2025-02-08,50,quantile,0.05,8.301
2025-02-01,wk inc flu hosp,1,2025-02-08,50,quantile,0.1,12.999
2025-02-01,wk inc flu hosp,1,2025-02-08,50,quantile,0.15,15.703
2025-02-01,wk inc flu hosp,1,2025-02-08,50,quantile,0.2,18.576
2025-02-01,wk inc flu hosp,1,2025-02-08,50,quantile,0.25,20.855
2025-02-01,wk inc flu hosp,1,2025-02-08,50,quantile,0.3,23.35
2025-02-01,wk inc flu hosp,1,2025-02-08,50,quantile,0.35,25.573
2025-02-01,wk inc flu hosp,1,2025-02-08,50,quantile,0.4,27.551
2025-02-01,wk inc flu hosp,1,2025-02-08,50,quantile,0.45,29.816
2025-02-01,wk inc flu hosp,1,2025-02-08,50,quantile,0.5,32.092
2025-02-01,wk inc flu hosp,1,2025-02-08,50,quantile,0.55,34.848
2025-02-01,wk inc flu hosp,1,2025-02-08,50,quantile,0.6,37.259
2025-02-01,wk inc flu hosp,1,2025-02-08,50,quantile,0.65,40.724
2025-02-01,wk inc flu hosp,1,2025-02-08,50,quantile,0.7,42.864
2025-02-01,wk inc flu hosp,1,2025-02-08,50,quantile,0.75,45.718
2025-02-01,wk inc flu hosp,1,2025-02-08,50,quantile,0.8,49.244
2025-02-01,wk inc flu hosp,1,2025-02-08,50,quantile,0.85,54.817
2025-02-01,wk inc flu hosp,1,2025-02-08,50,quantile,0.9,62.365
2025-02-01,wk inc flu hosp,1,2025-02-08,50,quantile,0.95,71.142
2025-02-01,wk inc flu hosp,1,2025-02-08,50,quantile,0.975,82.627
2025-02-01,wk inc flu hosp,1,2025-02-08,50,quantile,0.99,164.368
2025-02-01,wk inc flu hosp,2,2025-02-15,50,quantile,0.01,1.879
2025-02-01,wk inc flu hosp,2,2025-02-15,50,quantile,0.025,2.589
2025-02-01,wk inc flu hosp,2,2025-02-15,50,quantile,0.05,3.764
2025-02-01,wk inc flu hosp,2,2025-02-15,50,quantile,0.1,6.642
2025-02-01,wk inc flu hosp,2,2025-02-15,50,quantile,0.15,8.553
2025-02-01,wk inc flu hosp,2,2025-02-15,50,quantile,0.2,11.131
2025-02-01,wk inc flu hosp,2,2025-02-15,50,quantile,0.25,12.973
2025-02-01,wk inc flu hosp,2,2025-02-15,50,quantile,0.3,15.066
2025-02-01,wk inc flu hosp,2,2025-02-15,50,quantile,0.35,16.572
2025-02-01,wk inc flu hosp,2,2025-02-15,50,quantile,0.4,18.296
2025-02-01,wk inc flu hosp,2,2025-02-15,50,quantile,0.45,19.863
2025-02-01,wk inc flu hosp,2,2025-02-15,50,quantile,0.5,22.246
2025-02-01,wk inc flu hosp,2,2025-02-15,50,quantile,0.55,24.199
2025-02-01,wk inc flu hosp,2,2025-02-15,50,quantile,0.6,26.407
2025-02-01,wk inc flu hosp,2,2025-02-15,50,quantile,0.65,28.839
2025-02-01,wk inc flu hosp,2,2025-02-15,50,quantile,0.7,30.721
2025-02-01,wk inc flu hosp,2,2025-02-15,50,quantile,0.75,33.451
2025-02-01,wk inc flu hosp,2,2025-02-15,50,quantile,0.8,37.162
2025-02-01,wk inc flu hosp,2,2025-02-15,50,quantile,0.85,40.51
2025-02-01,wk inc flu hosp,2,2025-02-15,50,quantile,0.9,45.923
2025-02-01,wk inc flu hosp,2,2025-02-15,50,quantile,0.95,56.043
2025-02-01,wk inc flu hosp,2,2025-02-15,50,quantile,0.975,68.785
2025-02-01,wk inc flu hosp,2,2025-02-15,50,quantile,0.99,81.652
2025-02-01,wk inc flu hosp,3,2025-02-22,50,quantile,0.01,0.681
2025-02-01,wk inc flu hosp,3,2025-02-22,50,quantile,0.025,0.988
2025-02-01,wk inc flu hosp,3,2025-02-22,50,quantile,0.05,1.594
2025-02-01,wk inc flu hosp,3,2025-02-22,50,quantile,0.1,3.169
2025-02-01,wk inc flu hosp,3,2025-02-22,50,quantile,0.15,4.594
2025-02-01,wk inc flu hosp,3,2025-02-22,50,quantile,0.2,6.047
2025-02-01,wk inc flu hosp,3,2025-02-22,50,quantile,0.25,7.536
2025-02-01,wk inc flu hosp,3,2025-02-22,50,quantile,0.3,8.792
2025-02-01,wk inc flu hosp,3,2025-02-22,50,quantile,0.35,10.229
2025-02-01,wk inc flu hosp,3,2025-02-22,50,quantile,0.4,11.307
2025-02-01,wk inc flu hosp,3,2025-02-22,50,quantile,0.45,12.732
2025-02-01,wk inc flu hosp,3,2025-02-22,50,quantile,0.5,14.302
2025-02-01,wk inc flu hosp,3,2025-02-22,50,quantile,0.55,15.819
2025-02-01,wk inc flu hosp,3,2025-02-22,50,quantile,0.6,17.27
2025-02-01,wk inc flu hosp,3,2025-02-22,50,quantile,0.65,18.691
2025-02-01,wk inc flu hosp,3,2025-02-22,50,quantile,0.7,20.506
2025-02-01,wk inc flu hosp,3,2025-02-22,50,quantile,0.75,22.988
2025-02-01,wk inc flu hosp,3,2025-02-22,50,quantile,0.8,25.871
2025-02-01,wk inc flu hosp,3,2025-02-22,50,quantile,0.85,28.876
2025-02-01,wk inc flu hosp,3,2025-02-22,50,quantile,0.9,32.813
2025-02-01,wk inc flu hosp,3,2025-02-22,50,quantile,0.95,43.517
2025-02-01,wk inc flu hosp,3,2025-02-22,50,quantile,0.975,55.095
2025-02-01,wk inc flu hosp,3,2025-02-22,50,quantile,0.99,68.85
2025-02-01,wk inc flu hosp,0,2025-02-01,51,quantile,0.01,122.207
2025-02-01,wk inc flu hosp,0,2025-02-01,51,quantile,0.025,158.572
2025-02-01,wk inc flu hosp,0,2025-02-01,51,quantile,0.05,201.41
2025-02-01,wk inc flu hosp,0,2025-02-01,51,quantile,0.1,257.523
2025-02-01,wk inc flu hosp,0,2025-02-01,51,quantile,0.15,302.535
2025-02-01,wk inc flu hosp,0,2025-02-01,51,quantile,0.2,322.344
2025-02-01,wk inc flu hosp,0,2025-02-01,51,quantile,0.25,346.254
2025-02-01,wk inc flu hosp,0,2025-02-01,51,quantile,0.3,368.886
2025-02-01,wk inc flu hosp,0,2025-02-01,51,quantile,0.35,396.523
2025-02-01,wk inc flu hosp,0,2025-02-01,51,quantile,0.4,422.496
2025-02-01,wk inc flu hosp,0,2025-02-01,51,quantile,0.45,443.115
2025-02-01,wk inc flu hosp,0,2025-02-01,51,quantile,0.5,462.79
2025-02-01,wk inc flu hosp,0,2025-02-01,51,quantile,0.55,488.506
2025-02-01,wk inc flu hosp,0,2025-02-01,51,quantile,0.6,512.303
2025-02-01,wk inc flu hosp,0,2025-02-01,51,quantile,0.65,534.341
2025-02-01,wk inc flu hosp,0,2025-02-01,51,quantile,0.7,563.805
2025-02-01,wk inc flu hosp,0,2025-02-01,51,quantile,0.75,589.441
2025-02-01,wk inc flu hosp,0,2025-02-01,51,quantile,0.8,622.756
2025-02-01,wk inc flu hosp,0,2025-02-01,51,quantile,0.85,673.278
2025-02-01,wk inc flu hosp,0,2025-02-01,51,quantile,0.9,735.156
2025-02-01,wk inc flu hosp,0,2025-02-01,51,quantile,0.95,851.052
2025-02-01,wk inc flu hosp,0,2025-02-01,51,quantile,0.975,930.411
2025-02-01,wk inc flu hosp,0,2025-02-01,51,quantile,0.99,1049.433
2025-02-01,wk inc flu hosp,1,2025-02-08,51,quantile,0.01,37.971
2025-02-01,wk inc flu hosp,1,2025-02-08,51,quantile,0.025,79.355
2025-02-01,wk inc flu hosp,1,2025-02-08,51,quantile,0.05,113.232
2025-02-01,wk inc flu hosp,1,2025-02-08,51,quantile,0.1,158.953
2025-02-01,wk inc flu hosp,1,2025-02-08,51,quantile,0.15,193.324
2025-02-01,wk inc flu hosp,1,2025-02-08,51,quantile,0.2,218.564
2025-02-01,wk inc flu hosp,1,2025-02-08,51,quantile,0.25,246.561
2025-02-01,wk inc flu hosp,1,2025-02-08,51,quantile,0.3,273.842
2025-02-01,wk inc flu hosp,1,2025-02-08,51,quantile,0.35,296.016
2025-02-01,wk inc flu hosp,1,2025-02-08,51,quantile,0.4,314.923
2025-02-01,wk inc flu hosp,1,2025-02-08,51,quantile,0.45,341.261
2025-02-01,wk inc flu hosp,1,2025-02-08,51,quantile,0.5,358.318
2025-02-01,wk inc flu hosp,1,2025-02-08,51,quantile,0.55,377.981
2025-02-01,wk inc flu hosp,1,2025-02-08,51,quantile,0.6,404.659
2025-02-01,wk inc flu hosp,1,2025-02-08,51,quantile,0.65,435.438
2025-02-01,wk inc flu hosp,1,2025-02-08,51,quantile,0.7,453.312
2025-02-01,wk inc flu hosp,1,2025-02-08,51,quantile,0.75,483.629
2025-02-01,wk inc flu hosp,1,2025-02-08,51,quantile,0.8,523.86
2025-02-01,wk inc flu hosp,1,2025-02-08,51,quantile,0.85,579.943
2025-02-01,wk inc flu hosp,1,2025-02-08,51,quantile,0.9,648.07
2025-02-01,wk inc flu hosp,1,2025-02-08,51,quantile,0.95,756.937
2025-02-01,wk inc flu hosp,1,2025-02-08,51,quantile,0.975,876.644
2025-02-01,wk inc flu hosp,1,2025-02-08,51,quantile,0.99,1125.419
2025-02-01,wk inc flu hosp,2,2025-02-15,51,quantile,0.01,13.747
2025-02-01,wk inc flu hosp,2,2025-02-15,51,quantile,0.025,35.442
2025-02-01,wk inc flu hosp,2,2025-02-15,51,quantile,0.05,58.693
2025-02-01,wk inc flu hosp,2,2025-02-15,51,quantile,0.1,84.417
2025-02-01,wk inc flu hosp,2,2025-02-15,51,quantile,0.15,111.053
2025-02-01,wk inc flu hosp,2,2025-02-15,51,quantile,0.2,134.417
2025-02-01,wk inc flu hosp,2,2025-02-15,51,quantile,0.25,157.052
2025-02-01,wk inc flu hosp,2,2025-02-15,51,quantile,0.3,177.781
2025-02-01,wk inc flu hosp,2,2025-02-15,51,quantile,0.35,199.175
2025-02-01,wk inc flu hosp,2,2025-02-15,51,quantile,0.4,212.807
2025-02-01,wk inc flu hosp,2,2025-02-15,51,quantile,0.45,228.616
2025-02-01,wk inc flu hosp,2,2025-02-15,51,quantile,0.5,246.62
2025-02-01,wk inc flu hosp,2,2025-02-15,51,quantile,0.55,268.316
2025-02-01,wk inc flu hosp,2,2025-02-15,51,quantile,0.6,289.445
2025-02-01,wk inc flu hosp,2,2025-02-15,51,quantile,0.65,315.313
2025-02-01,wk inc flu hosp,2,2025-02-15,51,quantile,0.7,338.318
2025-02-01,wk inc flu hosp,2,2025-02-15,51,quantile,0.75,360.432
2025-02-01,wk inc flu hosp,2,2025-02-15,51,quantile,0.8,390.08
2025-02-01,wk inc flu hosp,2,2025-02-15,51,quantile,0.85,441.002
2025-02-01,wk inc flu hosp,2,2025-02-15,51,quantile,0.9,514.767
2025-02-01,wk inc flu hosp,2,2025-02-15,51,quantile,0.95,618.834
2025-02-01,wk inc flu hosp,2,2025-02-15,51,quantile,0.975,761.729
2025-02-01,wk inc flu hosp,2,2025-02-15,51,quantile,0.99,1026.155
2025-02-01,wk inc flu hosp,3,2025-02-22,51,quantile,0.01,6.065
2025-02-01,wk inc flu hosp,3,2025-02-22,51,quantile,0.025,12.978
2025-02-01,wk inc flu hosp,3,2025-02-22,51,quantile,0.05,27.356
2025-02-01,wk inc flu hosp,3,2025-02-22,51,quantile,0.1,44.48
2025-02-01,wk inc flu hosp,3,2025-02-22,51,quantile,0.15,57.407
2025-02-01,wk inc flu hosp,3,2025-02-22,51,quantile,0.2,77.111
2025-02-01,wk inc flu hosp,3,2025-02-22,51,quantile,0.25,93.571
2025-02-01,wk inc flu hosp,3,2025-02-22,51,quantile,0.3,108.902
2025-02-01,wk inc flu hosp,3,2025-02-22,51,quantile,0.35,123.818
2025-02-01,wk inc flu hosp,3,2025-02-22,51,quantile,0.4,133.03
2025-02-01,wk inc flu hosp,3,2025-02-22,51,quantile,0.45,149.037
2025-02-01,wk inc flu hosp,3,2025-02-22,51,quantile,0.5,162.445
2025-02-01,wk inc flu hosp,3,2025-02-22,51,quantile,0.55,178.243
2025-02-01,wk inc flu hosp,3,2025-02-22,51,quantile,0.6,195.373
2025-02-01,wk inc flu hosp,3,2025-02-22,51,quantile,0.65,211.477
2025-02-01,wk inc flu hosp,3,2025-02-22,51,quantile,0.7,230.091
2025-02-01,wk inc flu hosp,3,2025-02-22,51,quantile,0.75,250.677
2025-02-01,wk inc flu hosp,3,2025-02-22,51,quantile,0.8,273.047
2025-02-01,wk inc flu hosp,3,2025-02-22,51,quantile,0.85,319.415
2025-02-01,wk inc flu hosp,3,2025-02-22,51,quantile,0.9,376.46
2025-02-01,wk inc flu hosp,3,2025-02-22,51,quantile,0.95,465.499
2025-02-01,wk inc flu hosp,3,2025-02-22,51,quantile,0.975,599.425
2025-02-01,wk inc flu hosp,3,2025-02-22,51,quantile,0.99,879.127
2025-02-01,wk inc flu hosp,0,2025-02-01,53,quantile,0.01,74.689
2025-02-01,wk inc flu hosp,0,2025-02-01,53,quantile,0.025,105.942
2025-02-01,wk inc flu hosp,0,2025-02-01,53,quantile,0.05,132.566
2025-02-01,wk inc flu hosp,0,2025-02-01,53,quantile,0.1,163.239
2025-02-01,wk inc flu hosp,0,2025-02-01,53,quantile,0.15,188.79
2025-02-01,wk inc flu hosp,0,2025-02-01,53,quantile,0.2,212.692
2025-02-01,wk inc flu hosp,0,2025-02-01,53,quantile,0.25,230.249
2025-02-01,wk inc flu hosp,0,2025-02-01,53,quantile,0.3,249.442
2025-02-01,wk inc flu hosp,0,2025-02-01,53,quantile,0.35,266.642
2025-02-01,wk inc flu hosp,0,2025-02-01,53,quantile,0.4,282.546
2025-02-01,wk inc flu hosp,0,2025-02-01,53,quantile,0.45,300.67
2025-02-01,wk inc flu hosp,0,2025-02-01,53,quantile,0.5,313.468
2025-02-01,wk inc flu hosp,0,2025-02-01,53,quantile,0.55,328.548
2025-02-01,wk inc flu hosp,0,2025-02-01,53,quantile,0.6,346.009
2025-02-01,wk inc flu hosp,0,2025-02-01,53,quantile,0.65,364.107
2025-02-01,wk inc flu hosp,0,2025-02-01,53,quantile,0.7,383.54
2025-02-01,wk inc flu hosp,0,2025-02-01,53,quantile,0.75,414.205
2025-02-01,wk inc flu hosp,0,2025-02-01,53,quantile,0.8,444.56
2025-02-01,wk inc flu hosp,0,2025-02-01,53,quantile,0.85,480.262
2025-02-01,wk inc flu hosp,0,2025-02-01,53,quantile,0.9,534.679
2025-02-01,wk inc flu hosp,0,2025-02-01,53,quantile,0.95,603.583
2025-02-01,wk inc flu hosp,0,2025-02-01,53,quantile,0.975,701.987
2025-02-01,wk inc flu hosp,0,2025-02-01,53,quantile,0.99,894.279
2025-02-01,wk inc flu hosp,1,2025-02-08,53,quantile,0.01,33.318
2025-02-01,wk inc flu hosp,1,2025-02-08,53,quantile,0.025,46.282
2025-02-01,wk inc flu hosp,1,2025-02-08,53,quantile,0.05,64.872
2025-02-01,wk inc flu hosp,1,2025-02-08,53,quantile,0.1,85.34
2025-02-01,wk inc flu hosp,1,2025-02-08,53,quantile,0.15,104.047
2025-02-01,wk inc flu hosp,1,2025-02-08,53,quantile,0.2,125.746
2025-02-01,wk inc flu hosp,1,2025-02-08,53,quantile,0.25,139.452
2025-02-01,wk inc flu hosp,1,2025-02-08,53,quantile,0.3,155.343
2025-02-01,wk inc flu hosp,1,2025-02-08,53,quantile,0.35,168.977
2025-02-01,wk inc flu hosp,1,2025-02-08,53,quantile,0.4,183.345
2025-02-01,wk inc flu hosp,1,2025-02-08,53,quantile,0.45,195.644
2025-02-01,wk inc flu hosp,1,2025-02-08,53,quantile,0.5,213.315
2025-02-01,wk inc flu hosp,1,2025-02-08,53,quantile,0.55,228.737
2025-02-01,wk inc flu hosp,1,2025-02-08,53,quantile,0.6,245.013
2025-02-01,wk inc flu hosp,1,2025-02-08,53,quantile,0.65,263.777
2025-02-01,wk inc flu hosp,1,2025-02-08,53,quantile,0.7,278.354
2025-02-01,wk inc flu hosp,1,2025-02-08,53,quantile,0.75,300.043
2025-02-01,wk inc flu hosp,1,2025-02-08,53,quantile,0.8,328.575
2025-02-01,wk inc flu hosp,1,2025-02-08,53,quantile,0.85,364.414
2025-02-01,wk inc flu hosp,1,2025-02-08,53,quantile,0.9,416.976
2025-02-01,wk inc flu hosp,1,2025-02-08,53,quantile,0.95,493.121
2025-02-01,wk inc flu hosp,1,2025-02-08,53,quantile,0.975,617.58
2025-02-01,wk inc flu hosp,1,2025-02-08,53,quantile,0.99,998.728
2025-02-01,wk inc flu hosp,2,2025-02-15,53,quantile,0.01,11.847
2025-02-01,wk inc flu hosp,2,2025-02-15,53,quantile,0.025,18.115
2025-02-01,wk inc flu hosp,2,2025-02-15,53,quantile,0.05,27.785
2025-02-01,wk inc flu hosp,2,2025-02-15,53,quantile,0.1,42.152
2025-02-01,wk inc flu hosp,2,2025-02-15,53,quantile,0.15,56.018
2025-02-01,wk inc flu hosp,2,2025-02-15,53,quantile,0.2,69.733
2025-02-01,wk inc flu hosp,2,2025-02-15,53,quantile,0.25,79.087
2025-02-01,wk inc flu hosp,2,2025-02-15,53,quantile,0.3,91.151
2025-02-01,wk inc flu hosp,2,2025-02-15,53,quantile,0.35,100.284
2025-02-01,wk inc flu hosp,2,2025-02-15,53,quantile,0.4,108.322
2025-02-01,wk inc flu hosp,2,2025-02-15,53,quantile,0.45,121.624
2025-02-01,wk inc flu hosp,2,2025-02-15,53,quantile,0.5,133.623
2025-02-01,wk inc flu hosp,2,2025-02-15,53,quantile,0.55,145.039
2025-02-01,wk inc flu hosp,2,2025-02-15,53,quantile,0.6,159.659
2025-02-01,wk inc flu hosp,2,2025-02-15,53,quantile,0.65,175.769
2025-02-01,wk inc flu hosp,2,2025-02-15,53,quantile,0.7,192.374
2025-02-01,wk inc flu hosp,2,2025-02-15,53,quantile,0.75,208.138
2025-02-01,wk inc flu hosp,2,2025-02-15,53,quantile,0.8,223.786
2025-02-01,wk inc flu hosp,2,2025-02-15,53,quantile,0.85,255.359
2025-02-01,wk inc flu hosp,2,2025-02-15,53,quantile,0.9,294.406
2025-02-01,wk inc flu hosp,2,2025-02-15,53,quantile,0.95,370.795
2025-02-01,wk inc flu hosp,2,2025-02-15,53,quantile,0.975,468.396
2025-02-01,wk inc flu hosp,2,2025-02-15,53,quantile,0.99,719.562
2025-02-01,wk inc flu hosp,3,2025-02-22,53,quantile,0.01,3.472
2025-02-01,wk inc flu hosp,3,2025-02-22,53,quantile,0.025,7.099
2025-02-01,wk inc flu hosp,3,2025-02-22,53,quantile,0.05,12.219
2025-02-01,wk inc flu hosp,3,2025-02-22,53,quantile,0.1,21.115
2025-02-01,wk inc flu hosp,3,2025-02-22,53,quantile,0.15,29.54
2025-02-01,wk inc flu hosp,3,2025-02-22,53,quantile,0.2,36.522
2025-02-01,wk inc flu hosp,3,2025-02-22,53,quantile,0.25,44.113
2025-02-01,wk inc flu hosp,3,2025-02-22,53,quantile,0.3,49.95
2025-02-01,wk inc flu hosp,3,2025-02-22,53,quantile,0.35,58.47
2025-02-01,wk inc flu hosp,3,2025-02-22,53,quantile,0.4,65.009
2025-02-01,wk inc flu hosp,3,2025-02-22,53,quantile,0.45,72.167
2025-02-01,wk inc flu hosp,3,2025-02-22,53,quantile,0.5,81.578
2025-02-01,wk inc flu hosp,3,2025-02-22,53,quantile,0.55,90.376
2025-02-01,wk inc flu hosp,3,2025-02-22,53,quantile,0.6,100.337
2025-02-01,wk inc flu hosp,3,2025-02-22,53,quantile,0.65,111.658
2025-02-01,wk inc flu hosp,3,2025-02-22,53,quantile,0.7,128.511
2025-02-01,wk inc flu hosp,3,2025-02-22,53,quantile,0.75,139.815
2025-02-01,wk inc flu hosp,3,2025-02-22,53,quantile,0.8,151.969
2025-02-01,wk inc flu hosp,3,2025-02-22,53,quantile,0.85,175.464
2025-02-01,wk inc flu hosp,3,2025-02-22,53,quantile,0.9,205.16
2025-02-01,wk inc flu hosp,3,2025-02-22,53,quantile,0.95,275.454
2025-02-01,wk inc flu hosp,3,2025-02-22,53,quantile,0.975,357.745
2025-02-01,wk inc flu hosp,3,2025-02-22,53,quantile,0.99,518.064
2025-02-01,wk inc flu hosp,0,2025-02-01,54,quantile,0.01,33.1
2025-02-01,wk inc flu hosp,0,2025-02-01,54,quantile,0.025,43.704
2025-02-01,wk inc flu hosp,0,2025-02-01,54,quantile,0.05,54.816
2025-02-01,wk inc flu hosp,0,2025-02-01,54,quantile,0.1,64.416
2025-02-01,wk inc flu hosp,0,2025-02-01,54,quantile,0.15,74.129
2025-02-01,wk inc flu hosp,0,2025-02-01,54,quantile,0.2,79.49
2025-02-01,wk inc flu hosp,0,2025-02-01,54,quantile,0.25,86.283
2025-02-01,wk inc flu hosp,0,2025-02-01,54,quantile,0.3,92.321
2025-02-01,wk inc flu hosp,0,2025-02-01,54,quantile,0.35,98.399
2025-02-01,wk inc flu hosp,0,2025-02-01,54,quantile,0.4,103.575
2025-02-01,wk inc flu hosp,0,2025-02-01,54,quantile,0.45,108.267
2025-02-01,wk inc flu hosp,0,2025-02-01,54,quantile,0.5,115.759
2025-02-01,wk inc flu hosp,0,2025-02-01,54,quantile,0.55,120.814
2025-02-01,wk inc flu hosp,0,2025-02-01,54,quantile,0.6,126.176
2025-02-01,wk inc flu hosp,0,2025-02-01,54,quantile,0.65,131.569
2025-02-01,wk inc flu hosp,0,2025-02-01,54,quantile,0.7,137.679
2025-02-01,wk inc flu hosp,0,2025-02-01,54,quantile,0.75,147.039
2025-02-01,wk inc flu hosp,0,2025-02-01,54,quantile,0.8,154.614
2025-02-01,wk inc flu hosp,0,2025-02-01,54,quantile,0.85,164.645
2025-02-01,wk inc flu hosp,0,2025-02-01,54,quantile,0.9,184.113
2025-02-01,wk inc flu hosp,0,2025-02-01,54,quantile,0.95,208.157
2025-02-01,wk inc flu hosp,0,2025-02-01,54,quantile,0.975,237.542
2025-02-01,wk inc flu hosp,0,2025-02-01,54,quantile,0.99,289.962
2025-02-01,wk inc flu hosp,1,2025-02-08,54,quantile,0.01,14.374
2025-02-01,wk inc flu hosp,1,2025-02-08,54,quantile,0.025,20.461
2025-02-01,wk inc flu hosp,1,2025-02-08,54,quantile,0.05,26.756
2025-02-01,wk inc flu hosp,1,2025-02-08,54,quantile,0.1,34.209
2025-02-01,wk inc flu hosp,1,2025-02-08,54,quantile,0.15,40.771
2025-02-01,wk inc flu hosp,1,2025-02-08,54,quantile,0.2,46.305
2025-02-01,wk inc flu hosp,1,2025-02-08,54,quantile,0.25,51.163
2025-02-01,wk inc flu hosp,1,2025-02-08,54,quantile,0.3,56.274
2025-02-01,wk inc flu hosp,1,2025-02-08,54,quantile,0.35,61.752
2025-02-01,wk inc flu hosp,1,2025-02-08,54,quantile,0.4,66.695
2025-02-01,wk inc flu hosp,1,2025-02-08,54,quantile,0.45,72.735
2025-02-01,wk inc flu hosp,1,2025-02-08,54,quantile,0.5,77.913
2025-02-01,wk inc flu hosp,1,2025-02-08,54,quantile,0.55,82.841
2025-02-01,wk inc flu hosp,1,2025-02-08,54,quantile,0.6,88.035
2025-02-01,wk inc flu hosp,1,2025-02-08,54,quantile,0.65,95.064
2025-02-01,wk inc flu hosp,1,2025-02-08,54,quantile,0.7,100.911
2025-02-01,wk inc flu hosp,1,2025-02-08,54,quantile,0.75,108.212
2025-02-01,wk inc flu hosp,1,2025-02-08,54,quantile,0.8,115.614
2025-02-01,wk inc flu hosp,1,2025-02-08,54,quantile,0.85,125.022
2025-02-01,wk inc flu hosp,1,2025-02-08,54,quantile,0.9,140.504
2025-02-01,wk inc flu hosp,1,2025-02-08,54,quantile,0.95,168.735
2025-02-01,wk inc flu hosp,1,2025-02-08,54,quantile,0.975,203.039
2025-02-01,wk inc flu hosp,1,2025-02-08,54,quantile,0.99,379.219
2025-02-01,wk inc flu hosp,2,2025-02-15,54,quantile,0.01,5.392
2025-02-01,wk inc flu hosp,2,2025-02-15,54,quantile,0.025,8.446
2025-02-01,wk inc flu hosp,2,2025-02-15,54,quantile,0.05,11.517
2025-02-01,wk inc flu hosp,2,2025-02-15,54,quantile,0.1,16.366
2025-02-01,wk inc flu hosp,2,2025-02-15,54,quantile,0.15,20.695
2025-02-01,wk inc flu hosp,2,2025-02-15,54,quantile,0.2,24.037
2025-02-01,wk inc flu hosp,2,2025-02-15,54,quantile,0.25,27.946
2025-02-01,wk inc flu hosp,2,2025-02-15,54,quantile,0.3,30.905
2025-02-01,wk inc flu hosp,2,2025-02-15,54,quantile,0.35,33.777
2025-02-01,wk inc flu hosp,2,2025-02-15,54,quantile,0.4,38.547
2025-02-01,wk inc flu hosp,2,2025-02-15,54,quantile,0.45,43.019
2025-02-01,wk inc flu hosp,2,2025-02-15,54,quantile,0.5,46.019
2025-02-01,wk inc flu hosp,2,2025-02-15,54,quantile,0.55,50.913
2025-02-01,wk inc flu hosp,2,2025-02-15,54,quantile,0.6,55.589
2025-02-01,wk inc flu hosp,2,2025-02-15,54,quantile,0.65,59.206
2025-02-01,wk inc flu hosp,2,2025-02-15,54,quantile,0.7,64.772
2025-02-01,wk inc flu hosp,2,2025-02-15,54,quantile,0.75,70.159
2025-02-01,wk inc flu hosp,2,2025-02-15,54,quantile,0.8,78.814
2025-02-01,wk inc flu hosp,2,2025-02-15,54,quantile,0.85,87.496
2025-02-01,wk inc flu hosp,2,2025-02-15,54,quantile,0.9,100.214
2025-02-01,wk inc flu hosp,2,2025-02-15,54,quantile,0.95,122.493
2025-02-01,wk inc flu hosp,2,2025-02-15,54,quantile,0.975,158.215
2025-02-01,wk inc flu hosp,2,2025-02-15,54,quantile,0.99,241.018
2025-02-01,wk inc flu hosp,3,2025-02-22,54,quantile,0.01,1.76
2025-02-01,wk inc flu hosp,3,2025-02-22,54,quantile,0.025,3.32
2025-02-01,wk inc flu hosp,3,2025-02-22,54,quantile,0.05,4.918
2025-02-01,wk inc flu hosp,3,2025-02-22,54,quantile,0.1,7.5
2025-02-01,wk inc flu hosp,3,2025-02-22,54,quantile,0.15,9.946
2025-02-01,wk inc flu hosp,3,2025-02-22,54,quantile,0.2,12.245
2025-02-01,wk inc flu hosp,3,2025-02-22,54,quantile,0.25,14.233
2025-02-01,wk inc flu hosp,3,2025-02-22,54,quantile,0.3,16.438
2025-02-01,wk inc flu hosp,3,2025-02-22,54,quantile,0.35,17.911
2025-02-01,wk inc flu hosp,3,2025-02-22,54,quantile,0.4,20.395
2025-02-01,wk inc flu hosp,3,2025-02-22,54,quantile,0.45,23.029
2025-02-01,wk inc flu hosp,3,2025-02-22,54,quantile,0.5,26.228
2025-02-01,wk inc flu hosp,3,2025-02-22,54,quantile,0.55,29.287
2025-02-01,wk inc flu hosp,3,2025-02-22,54,quantile,0.6,31.776
2025-02-01,wk inc flu hosp,3,2025-02-22,54,quantile,0.65,35.251
2025-02-01,wk inc flu hosp,3,2025-02-22,54,quantile,0.7,39.416
2025-02-01,wk inc flu hosp,3,2025-02-22,54,quantile,0.75,43.352
2025-02-01,wk inc flu hosp,3,2025-02-22,54,quantile,0.8,50.864
2025-02-01,wk inc flu hosp,3,2025-02-22,54,quantile,0.85,58.055
2025-02-01,wk inc flu hosp,3,2025-02-22,54,quantile,0.9,68.4
2025-02-01,wk inc flu hosp,3,2025-02-22,54,quantile,0.95,90.212
2025-02-01,wk inc flu hosp,3,2025-02-22,54,quantile,0.975,118.634
2025-02-01,wk inc flu hosp,3,2025-02-22,54,quantile,0.99,160.072
2025-02-01,wk inc flu hosp,0,2025-02-01,55,quantile,0.01,231.374
2025-02-01,wk inc flu hosp,0,2025-02-01,55,quantile,0.025,282.661
2025-02-01,wk inc flu hosp,0,2025-02-01,55,quantile,0.05,324.253
2025-02-01,wk inc flu hosp,0,2025-02-01,55,quantile,0.1,386.562
2025-02-01,wk inc flu hosp,0,2025-02-01,55,quantile,0.15,433.441
2025-02-01,wk inc flu hosp,0,2025-02-01,55,quantile,0.2,471.841
2025-02-01,wk inc flu hosp,0,2025-02-01,55,quantile,0.25,497.071
2025-02-01,wk inc flu hosp,0,2025-02-01,55,quantile,0.3,527.451
2025-02-01,wk inc flu hosp,0,2025-02-01,55,quantile,0.35,556.744
2025-02-01,wk inc flu hosp,0,2025-02-01,55,quantile,0.4,577.404
2025-02-01,wk inc flu hosp,0,2025-02-01,55,quantile,0.45,600.238
2025-02-01,wk inc flu hosp,0,2025-02-01,55,quantile,0.5,624.907
2025-02-01,wk inc flu hosp,0,2025-02-01,55,quantile,0.55,650.172
2025-02-01,wk inc flu hosp,0,2025-02-01,55,quantile,0.6,672.076
2025-02-01,wk inc flu hosp,0,2025-02-01,55,quantile,0.65,697.948
2025-02-01,wk inc flu hosp,0,2025-02-01,55,quantile,0.7,732.916
2025-02-01,wk inc flu hosp,0,2025-02-01,55,quantile,0.75,771.173
2025-02-01,wk inc flu hosp,0,2025-02-01,55,quantile,0.8,809.503
2025-02-01,wk inc flu hosp,0,2025-02-01,55,quantile,0.85,861.287
2025-02-01,wk inc flu hosp,0,2025-02-01,55,quantile,0.9,914.386
2025-02-01,wk inc flu hosp,0,2025-02-01,55,quantile,0.95,1032.314
2025-02-01,wk inc flu hosp,0,2025-02-01,55,quantile,0.975,1186.559
2025-02-01,wk inc flu hosp,0,2025-02-01,55,quantile,0.99,1518.064
2025-02-01,wk inc flu hosp,1,2025-02-08,55,quantile,0.01,88.87
2025-02-01,wk inc flu hosp,1,2025-02-08,55,quantile,0.025,116.642
2025-02-01,wk inc flu hosp,1,2025-02-08,55,quantile,0.05,160.361
2025-02-01,wk inc flu hosp,1,2025-02-08,55,quantile,0.1,237.996
2025-02-01,wk inc flu hosp,1,2025-02-08,55,quantile,0.15,275.864
2025-02-01,wk inc flu hosp,1,2025-02-08,55,quantile,0.2,306.82
2025-02-01,wk inc flu hosp,1,2025-02-08,55,quantile,0.25,336.143
2025-02-01,wk inc flu hosp,1,2025-02-08,55,quantile,0.3,361.387
2025-02-01,wk inc flu hosp,1,2025-02-08,55,quantile,0.35,388.602
2025-02-01,wk inc flu hosp,1,2025-02-08,55,quantile,0.4,412.29
2025-02-01,wk inc flu hosp,1,2025-02-08,55,quantile,0.45,435.608
2025-02-01,wk inc flu hosp,1,2025-02-08,55,quantile,0.5,467.903
2025-02-01,wk inc flu hosp,1,2025-02-08,55,quantile,0.55,487.202
2025-02-01,wk inc flu hosp,1,2025-02-08,55,quantile,0.6,509.005
2025-02-01,wk inc flu hosp,1,2025-02-08,55,quantile,0.65,535.247
2025-02-01,wk inc flu hosp,1,2025-02-08,55,quantile,0.7,555.806
2025-02-01,wk inc flu hosp,1,2025-02-08,55,quantile,0.75,592.399
2025-02-01,wk inc flu hosp,1,2025-02-08,55,quantile,0.8,636.586
2025-02-01,wk inc flu hosp,1,2025-02-08,55,quantile,0.85,687.459
2025-02-01,wk inc flu hosp,1,2025-02-08,55,quantile,0.9,760.487
2025-02-01,wk inc flu hosp,1,2025-02-08,55,quantile,0.95,893.656
2025-02-01,wk inc flu hosp,1,2025-02-08,55,quantile,0.975,1092.404
2025-02-01,wk inc flu hosp,1,2025-02-08,55,quantile,0.99,1609.051
2025-02-01,wk inc flu hosp,2,2025-02-15,55,quantile,0.01,30.136
2025-02-01,wk inc flu hosp,2,2025-02-15,55,quantile,0.025,50.715
2025-02-01,wk inc flu hosp,2,2025-02-15,55,quantile,0.05,76.495
2025-02-01,wk inc flu hosp,2,2025-02-15,55,quantile,0.1,124.785
2025-02-01,wk inc flu hosp,2,2025-02-15,55,quantile,0.15,148.144
2025-02-01,wk inc flu hosp,2,2025-02-15,55,quantile,0.2,175.039
2025-02-01,wk inc flu hosp,2,2025-02-15,55,quantile,0.25,194.404
2025-02-01,wk inc flu hosp,2,2025-02-15,55,quantile,0.3,212.165
2025-02-01,wk inc flu hosp,2,2025-02-15,55,quantile,0.35,231.944
2025-02-01,wk inc flu hosp,2,2025-02-15,55,quantile,0.4,248.35
2025-02-01,wk inc flu hosp,2,2025-02-15,55,quantile,0.45,268.531
2025-02-01,wk inc flu hosp,2,2025-02-15,55,quantile,0.5,287.68
2025-02-01,wk inc flu hosp,2,2025-02-15,55,quantile,0.55,309.07
2025-02-01,wk inc flu hosp,2,2025-02-15,55,quantile,0.6,326.792
2025-02-01,wk inc flu hosp,2,2025-02-15,55,quantile,0.65,343.084
2025-02-01,wk inc flu hosp,2,2025-02-15,55,quantile,0.7,365.685
2025-02-01,wk inc flu hosp,2,2025-02-15,55,quantile,0.75,393.42
2025-02-01,wk inc flu hosp,2,2025-02-15,55,quantile,0.8,422.21
2025-02-01,wk inc flu hosp,2,2025-02-15,55,quantile,0.85,465.188
2025-02-01,wk inc flu hosp,2,2025-02-15,55,quantile,0.9,527.067
2025-02-01,wk inc flu hosp,2,2025-02-15,55,quantile,0.95,625.995
2025-02-01,wk inc flu hosp,2,2025-02-15,55,quantile,0.975,740.261
2025-02-01,wk inc flu hosp,2,2025-02-15,55,quantile,0.99,892.467
2025-02-01,wk inc flu hosp,3,2025-02-22,55,quantile,0.01,8.12
2025-02-01,wk inc flu hosp,3,2025-02-22,55,quantile,0.025,18.684
2025-02-01,wk inc flu hosp,3,2025-02-22,55,quantile,0.05,31.909
2025-02-01,wk inc flu hosp,3,2025-02-22,55,quantile,0.1,56.542
2025-02-01,wk inc flu hosp,3,2025-02-22,55,quantile,0.15,73.202
2025-02-01,wk inc flu hosp,3,2025-02-22,55,quantile,0.2,87.418
2025-02-01,wk inc flu hosp,3,2025-02-22,55,quantile,0.25,100.606
2025-02-01,wk inc flu hosp,3,2025-02-22,55,quantile,0.3,112.929
2025-02-01,wk inc flu hosp,3,2025-02-22,55,quantile,0.35,121.632
2025-02-01,wk inc flu hosp,3,2025-02-22,55,quantile,0.4,133.541
2025-02-01,wk inc flu hosp,3,2025-02-22,55,quantile,0.45,147.48
2025-02-01,wk inc flu hosp,3,2025-02-22,55,quantile,0.5,159.738
2025-02-01,wk inc flu hosp,3,2025-02-22,55,quantile,0.55,171.248
2025-02-01,wk inc flu hosp,3,2025-02-22,55,quantile,0.6,187.146
2025-02-01,wk inc flu hosp,3,2025-02-22,55,quantile,0.65,198.971
2025-02-01,wk inc flu hosp,3,2025-02-22,55,quantile,0.7,214.072
2025-02-01,wk inc flu hosp,3,2025-02-22,55,quantile,0.75,237.565
2025-02-01,wk inc flu hosp,3,2025-02-22,55,quantile,0.8,257.857
2025-02-01,wk inc flu hosp,3,2025-02-22,55,quantile,0.85,284.853
2025-02-01,wk inc flu hosp,3,2025-02-22,55,quantile,0.9,330.993
2025-02-01,wk inc flu hosp,3,2025-02-22,55,quantile,0.95,389.294
2025-02-01,wk inc flu hosp,3,2025-02-22,55,quantile,0.975,490.635
2025-02-01,wk inc flu hosp,3,2025-02-22,55,quantile,0.99,576.599
2025-02-01,wk inc flu hosp,0,2025-02-01,56,quantile,0.01,20.96
2025-02-01,wk inc flu hosp,0,2025-02-01,56,quantile,0.025,24.394
2025-02-01,wk inc flu hosp,0,2025-02-01,56,quantile,0.05,27.629
2025-02-01,wk inc flu hosp,0,2025-02-01,56,quantile,0.1,33.032
2025-02-01,wk inc flu hosp,0,2025-02-01,56,quantile,0.15,35.558
2025-02-01,wk inc flu hosp,0,2025-02-01,56,quantile,0.2,37.264
2025-02-01,wk inc flu hosp,0,2025-02-01,56,quantile,0.25,39.486
2025-02-01,wk inc flu hosp,0,2025-02-01,56,quantile,0.3,41.574
2025-02-01,wk inc flu hosp,0,2025-02-01,56,quantile,0.35,42.943
2025-02-01,wk inc flu hosp,0,2025-02-01,56,quantile,0.4,44.461
2025-02-01,wk inc flu hosp,0,2025-02-01,56,quantile,0.45,46.061
2025-02-01,wk inc flu hosp,0,2025-02-01,56,quantile,0.5,47.22
2025-02-01,wk inc flu hosp,0,2025-02-01,56,quantile,0.55,48.793
2025-02-01,wk inc flu hosp,0,2025-02-01,56,quantile,0.6,49.678
2025-02-01,wk inc flu hosp,0,2025-02-01,56,quantile,0.65,50.966
2025-02-01,wk inc flu hosp,0,2025-02-01,56,quantile,0.7,52.554
2025-02-01,wk inc flu hosp,0,2025-02-01,56,quantile,0.75,53.961
2025-02-01,wk inc flu hosp,0,2025-02-01,56,quantile,0.8,55.746
2025-02-01,wk inc flu hosp,0,2025-02-01,56,quantile,0.85,57.872
2025-02-01,wk inc flu hosp,0,2025-02-01,56,quantile,0.9,60.671
2025-02-01,wk inc flu hosp,0,2025-02-01,56,quantile,0.95,68.032
2025-02-01,wk inc flu hosp,0,2025-02-01,56,quantile,0.975,75.916
2025-02-01,wk inc flu hosp,0,2025-02-01,56,quantile,0.99,99.611
2025-02-01,wk inc flu hosp,1,2025-02-08,56,quantile,0.01,7.523
2025-02-01,wk inc flu hosp,1,2025-02-08,56,quantile,0.025,9.763
2025-02-01,wk inc flu hosp,1,2025-02-08,56,quantile,0.05,12.394
2025-02-01,wk inc flu hosp,1,2025-02-08,56,quantile,0.1,15.601
2025-02-01,wk inc flu hosp,1,2025-02-08,56,quantile,0.15,17.782
2025-02-01,wk inc flu hosp,1,2025-02-08,56,quantile,0.2,19.498
2025-02-01,wk inc flu hosp,1,2025-02-08,56,quantile,0.25,20.898
2025-02-01,wk inc flu hosp,1,2025-02-08,56,quantile,0.3,22.419
2025-02-01,wk inc flu hosp,1,2025-02-08,56,quantile,0.35,23.823
2025-02-01,wk inc flu hosp,1,2025-02-08,56,quantile,0.4,24.796
2025-02-01,wk inc flu hosp,1,2025-02-08,56,quantile,0.45,25.987
2025-02-01,wk inc flu hosp,1,2025-02-08,56,quantile,0.5,27.083
2025-02-01,wk inc flu hosp,1,2025-02-08,56,quantile,0.55,28.354
2025-02-01,wk inc flu hosp,1,2025-02-08,56,quantile,0.6,29.468
2025-02-01,wk inc flu hosp,1,2025-02-08,56,quantile,0.65,30.42
2025-02-01,wk inc flu hosp,1,2025-02-08,56,quantile,0.7,31.231
2025-02-01,wk inc flu hosp,1,2025-02-08,56,quantile,0.75,32.563
2025-02-01,wk inc flu hosp,1,2025-02-08,56,quantile,0.8,33.784
2025-02-01,wk inc flu hosp,1,2025-02-08,56,quantile,0.85,35.641
2025-02-01,wk inc flu hosp,1,2025-02-08,56,quantile,0.9,38.438
2025-02-01,wk inc flu hosp,1,2025-02-08,56,quantile,0.95,43.064
2025-02-01,wk inc flu hosp,1,2025-02-08,56,quantile,0.975,49.27
2025-02-01,wk inc flu hosp,1,2025-02-08,56,quantile,0.99,76.477
2025-02-01,wk inc flu hosp,2,2025-02-15,56,quantile,0.01,2.561
2025-02-01,wk inc flu hosp,2,2025-02-15,56,quantile,0.025,3.411
2025-02-01,wk inc flu hosp,2,2025-02-15,56,quantile,0.05,4.807
2025-02-01,wk inc flu hosp,2,2025-02-15,56,quantile,0.1,6.789
2025-02-01,wk inc flu hosp,2,2025-02-15,56,quantile,0.15,8.039
2025-02-01,wk inc flu hosp,2,2025-02-15,56,quantile,0.2,9.091
2025-02-01,wk inc flu hosp,2,2025-02-15,56,quantile,0.25,10.0
2025-02-01,wk inc flu hosp,2,2025-02-15,56,quantile,0.3,11.12
2025-02-01,wk inc flu hosp,2,2025-02-15,56,quantile,0.35,11.827
2025-02-01,wk inc flu hosp,2,2025-02-15,56,quantile,0.4,12.608
2025-02-01,wk inc flu hosp,2,2025-02-15,56,quantile,0.45,13.166
2025-02-01,wk inc flu hosp,2,2025-02-15,56,quantile,0.5,14.037
2025-02-01,wk inc flu hosp,2,2025-02-15,56,quantile,0.55,14.82
2025-02-01,wk inc flu hosp,2,2025-02-15,56,quantile,0.6,15.571
2025-02-01,wk inc flu hosp,2,2025-02-15,56,quantile,0.65,16.411
2025-02-01,wk inc flu hosp,2,2025-02-15,56,quantile,0.7,17.4
2025-02-01,wk inc flu hosp,2,2025-02-15,56,quantile,0.75,17.963
2025-02-01,wk inc flu hosp,2,2025-02-15,56,quantile,0.8,18.87
2025-02-01,wk inc flu hosp,2,2025-02-15,56,quantile,0.85,20.381
2025-02-01,wk inc flu hosp,2,2025-02-15,56,quantile,0.9,22.515
2025-02-01,wk inc flu hosp,2,2025-02-15,56,quantile,0.95,25.928
2025-02-01,wk inc flu hosp,2,2025-02-15,56,quantile,0.975,29.889
2025-02-01,wk inc flu hosp,2,2025-02-15,56,quantile,0.99,53.045
2025-02-01,wk inc flu hosp,3,2025-02-22,56,quantile,0.01,0.816
2025-02-01,wk inc flu hosp,3,2025-02-22,56,quantile,0.025,1.186
2025-02-01,wk inc flu hosp,3,2025-02-22,56,quantile,0.05,1.848
2025-02-01,wk inc flu hosp,3,2025-02-22,56,quantile,0.1,2.872
2025-02-01,wk inc flu hosp,3,2025-02-22,56,quantile,0.15,3.463
2025-02-01,wk inc flu hosp,3,2025-02-22,56,quantile,0.2,4.002
2025-02-01,wk inc flu hosp,3,2025-02-22,56,quantile,0.25,4.561
2025-02-01,wk inc flu hosp,3,2025-02-22,56,quantile,0.3,5.197
2025-02-01,wk inc flu hosp,3,2025-02-22,56,quantile,0.35,5.665
2025-02-01,wk inc flu hosp,3,2025-02-22,56,quantile,0.4,6.022
2025-02-01,wk inc flu hosp,3,2025-02-22,56,quantile,0.45,6.482
2025-02-01,wk inc flu hosp,3,2025-02-22,56,quantile,0.5,6.862
2025-02-01,wk inc flu hosp,3,2025-02-22,56,quantile,0.55,7.351
2025-02-01,wk inc flu hosp,3,2025-02-22,56,quantile,0.6,7.953
2025-02-01,wk inc flu hosp,3,2025-02-22,56,quantile,0.65,8.351
2025-02-01,wk inc flu hosp,3,2025-02-22,56,quantile,0.7,9.014
2025-02-01,wk inc flu hosp,3,2025-02-22,56,quantile,0.75,9.47
2025-02-01,wk inc flu hosp,3,2025-02-22,56,quantile,0.8,10.218
2025-02-01,wk inc flu hosp,3,2025-02-22,56,quantile,0.85,11.292
2025-02-01,wk inc flu hosp,3,2025-02-22,56,quantile,0.9,12.528
2025-02-01,wk inc flu hosp,3,2025-02-22,56,quantile,0.95,14.813
2025-02-01,wk inc flu hosp,3,2025-02-22,56,quantile,0.975,17.944
2025-02-01,wk inc flu hosp,3,2025-02-22,56,quantile,0.99,30.768
2025-02-01,wk inc flu hosp,0,2025-02-01,72,quantile,0.01,8.824
2025-02-01,wk inc flu hosp,0,2025-02-01,72,quantile,0.025,14.771
2025-02-01,wk inc flu hosp,0,2025-02-01,72,quantile,0.05,21.709
2025-02-01,wk inc flu hosp,0,2025-02-01,72,quantile,0.1,37.999
2025-02-01,wk inc flu hosp,0,2025-02-01,72,quantile,0.15,54.89
2025-02-01,wk inc flu hosp,0,2025-02-01,72,quantile,0.2,64.787
2025-02-01,wk inc flu hosp,0,2025-02-01,72,quantile,0.25,70.519
2025-02-01,wk inc flu hosp,0,2025-02-01,72,quantile,0.3,74.819
2025-02-01,wk inc flu hosp,0,2025-02-01,72,quantile,0.35,77.553
2025-02-01,wk inc flu hosp,0,2025-02-01,72,quantile,0.4,80.373
2025-02-01,wk inc flu hosp,0,2025-02-01,72,quantile,0.45,83.319
2025-02-01,wk inc flu hosp,0,2025-02-01,72,quantile,0.5,87.116
2025-02-01,wk inc flu hosp,0,2025-02-01,72,quantile,0.55,93.48
2025-02-01,wk inc flu hosp,0,2025-02-01,72,quantile,0.6,106.692
2025-02-01,wk inc flu hosp,0,2025-02-01,72,quantile,0.65,127.445
2025-02-01,wk inc flu hosp,0,2025-02-01,72,quantile,0.7,144.518
2025-02-01,wk inc flu hosp,0,2025-02-01,72,quantile,0.75,158.722
2025-02-01,wk inc flu hosp,0,2025-02-01,72,quantile,0.8,182.551
2025-02-01,wk inc flu hosp,0,2025-02-01,72,quantile,0.85,209.552
2025-02-01,wk inc flu hosp,0,2025-02-01,72,quantile,0.9,253.627
2025-02-01,wk inc flu hosp,0,2025-02-01,72,quantile,0.95,322.245
2025-02-01,wk inc flu hosp,0,2025-02-01,72,quantile,0.975,382.041
2025-02-01,wk inc flu hosp,0,2025-02-01,72,quantile,0.99,451.876
2025-02-01,wk inc flu hosp,1,2025-02-08,72,quantile,0.01,7.278
2025-02-01,wk inc flu hosp,1,2025-02-08,72,quantile,0.025,11.623
2025-02-01,wk inc flu hosp,1,2025-02-08,72,quantile,0.05,17.239
2025-02-01,wk inc flu hosp,1,2025-02-08,72,quantile,0.1,31.592
2025-02-01,wk inc flu hosp,1,2025-02-08,72,quantile,0.15,39.062
2025-02-01,wk inc flu hosp,1,2025-02-08,72,quantile,0.2,45.516
2025-02-01,wk inc flu hosp,1,2025-02-08,72,quantile,0.25,51.825
2025-02-01,wk inc flu hosp,1,2025-02-08,72,quantile,0.3,57.571
2025-02-01,wk inc flu hosp,1,2025-02-08,72,quantile,0.35,61.849
2025-02-01,wk inc flu hosp,1,2025-02-08,72,quantile,0.4,66.116
2025-02-01,wk inc flu hosp,1,2025-02-08,72,quantile,0.45,71.037
2025-02-01,wk inc flu hosp,1,2025-02-08,72,quantile,0.5,77.428
2025-02-01,wk inc flu hosp,1,2025-02-08,72,quantile,0.55,84.148
2025-02-01,wk inc flu hosp,1,2025-02-08,72,quantile,0.6,92.188
2025-02-01,wk inc flu hosp,1,2025-02-08,72,quantile,0.65,109.732
2025-02-01,wk inc flu hosp,1,2025-02-08,72,quantile,0.7,127.357
2025-02-01,wk inc flu hosp,1,2025-02-08,72,quantile,0.75,140.177
2025-02-01,wk inc flu hosp,1,2025-02-08,72,quantile,0.8,161.924
2025-02-01,wk inc flu hosp,1,2025-02-08,72,quantile,0.85,190.758
2025-02-01,wk inc flu hosp,1,2025-02-08,72,quantile,0.9,234.578
2025-02-01,wk inc flu hosp,1,2025-02-08,72,quantile,0.95,329.742
2025-02-01,wk inc flu hosp,1,2025-02-08,72,quantile,0.975,522.806
2025-02-01,wk inc flu hosp,1,2025-02-08,72,quantile,0.99,734.535
2025-02-01,wk inc flu hosp,2,2025-02-15,72,quantile,0.01,5.246
2025-02-01,wk inc flu hosp,2,2025-02-15,72,quantile,0.025,8.865
2025-02-01,wk inc flu hosp,2,2025-02-15,72,quantile,0.05,14.065
2025-02-01,wk inc flu hosp,2,2025-02-15,72,quantile,0.1,20.571
2025-02-01,wk inc flu hosp,2,2025-02-15,72,quantile,0.15,26.717
2025-02-01,wk inc flu hosp,2,2025-02-15,72,quantile,0.2,32.485
2025-02-01,wk inc flu hosp,2,2025-02-15,72,quantile,0.25,38.159
2025-02-01,wk inc flu hosp,2,2025-02-15,72,quantile,0.3,43.744
2025-02-01,wk inc flu hosp,2,2025-02-15,72,quantile,0.35,48.614
2025-02-01,wk inc flu hosp,2,2025-02-15,72,quantile,0.4,54.03
2025-02-01,wk inc flu hosp,2,2025-02-15,72,quantile,0.45,57.77
2025-02-01,wk inc flu hosp,2,2025-02-15,72,quantile,0.5,63.63
2025-02-01,wk inc flu hosp,2,2025-02-15,72,quantile,0.55,70.784
2025-02-01,wk inc flu hosp,2,2025-02-15,72,quantile,0.6,80.595
2025-02-01,wk inc flu hosp,2,2025-02-15,72,quantile,0.65,89.734
2025-02-01,wk inc flu hosp,2,2025-02-15,72,quantile,0.7,100.107
2025-02-01,wk inc flu hosp,2,2025-02-15,72,quantile,0.75,116.18
2025-02-01,wk inc flu hosp,2,2025-02-15,72,quantile,0.8,129.784
2025-02-01,wk inc flu hosp,2,2025-02-15,72,quantile,0.85,148.402
2025-02-01,wk inc flu hosp,2,2025-02-15,72,quantile,0.9,187.835
2025-02-01,wk inc flu hosp,2,2025-02-15,72,quantile,0.95,264.72
2025-02-01,wk inc flu hosp,2,2025-02-15,72,quantile,0.975,691.75
2025-02-01,wk inc flu hosp,2,2025-02-15,72,quantile,0.99,932.326
2025-02-01,wk inc flu hosp,3,2025-02-22,72,quantile,0.01,3.785
2025-02-01,wk inc flu hosp,3,2025-02-22,72,quantile,0.025,6.588
2025-02-01,wk inc flu hosp,3,2025-02-22,72,quantile,0.05,8.868
2025-02-01,wk inc flu hosp,3,2025-02-22,72,quantile,0.1,13.355
2025-02-01,wk inc flu hosp,3,2025-02-22,72,quantile,0.15,18.771
2025-02-01,wk inc flu hosp,3,2025-02-22,72,quantile,0.2,23.278
2025-02-01,wk inc flu hosp,3,2025-02-22,72,quantile,0.25,27.334
2025-02-01,wk inc flu hosp,3,2025-02-22,72,quantile,0.3,33.454
2025-02-01,wk inc flu hosp,3,2025-02-22,72,quantile,0.35,37.544
2025-02-01,wk inc flu hosp,3,2025-02-22,72,quantile,0.4,40.947
2025-02-01,wk inc flu hosp,3,2025-02-22,72,quantile,0.45,46.24
2025-02-01,wk inc flu hosp,3,2025-02-22,72,quantile,0.5,50.743
2025-02-01,wk inc flu hosp,3,2025-02-22,72,quantile,0.55,57.174
2025-02-01,wk inc flu hosp,3,2025-02-22,72,quantile,0.6,64.022
2025-02-01,wk inc flu hosp,3,2025-02-22,72,quantile,0.65,72.171
2025-02-01,wk inc flu hosp,3,2025-02-22,72,quantile,0.7,79.654
2025-02-01,wk inc flu hosp,3,2025-02-22,72,quantile,0.75,90.956
2025-02-01,wk inc flu hosp,3,2025-02-22,72,quantile,0.8,106.372
2025-02-01,wk inc flu hosp,3,2025-02-22,72,quantile,0.85,116.164
2025-02-01,wk inc flu hosp,3,2025-02-22,72,quantile,0.9,138.937
2025-02-01,wk inc flu hosp,3,2025-02-22,72,quantile,0.95,212.807
2025-02-01,wk inc flu hosp,3,2025-02-22,72,quantile,0.975,544.809
2025-02-01,wk inc flu hosp,3,2025-02-22,72,quantile,0.99,804.608
2025-02-01,wk inc flu hosp,0,2025-02-01,US,quantile,0.01,10371.922
2025-02-01,wk inc flu hosp,0,2025-02-01,US,quantile,0.025,11815.412
2025-02-01,wk inc flu hosp,0,2025-02-01,US,quantile,0.05,13179.807
2025-02-01,wk inc flu hosp,0,2025-02-01,US,quantile,0.1,15395.439
2025-02-01,wk inc flu hosp,0,2025-02-01,US,quantile,0.15,16826.591
2025-02-01,wk inc flu hosp,0,2025-02-01,US,quantile,0.2,18256.969
2025-02-01,wk inc flu hosp,0,2025-02-01,US,quantile,0.25,19590.749
2025-02-01,wk inc flu hosp,0,2025-02-01,US,quantile,0.3,20696.614
2025-02-01,wk inc flu hosp,0,2025-02-01,US,quantile,0.35,21435.102
2025-02-01,wk inc flu hosp,0,2025-02-01,US,quantile,0.4,22371.943
2025-02-01,wk inc flu hosp,0,2025-02-01,US,quantile,0.45,23314.328
2025-02-01,wk inc flu hosp,0,2025-02-01,US,quantile,0.5,24071.998
2025-02-01,wk inc flu hosp,0,2025-02-01,US,quantile,0.55,24887.22
2025-02-01,wk inc flu hosp,0,2025-02-01,US,quantile,0.6,25687.4
2025-02-01,wk inc flu hosp,0,2025-02-01,US,quantile,0.65,26303.92
2025-02-01,wk inc flu hosp,0,2025-02-01,US,quantile,0.7,27243.823
2025-02-01,wk inc flu hosp,0,2025-02-01,US,quantile,0.75,28464.339
2025-02-01,wk inc flu hosp,0,2025-02-01,US,quantile,0.8,29727.493
2025-02-01,wk inc flu hosp,0,2025-02-01,US,quantile,0.85,31142.388
2025-02-01,wk inc flu hosp,0,2025-02-01,US,quantile,0.9,33600.855
2025-02-01,wk inc flu hosp,0,2025-02-01,US,quantile,0.95,39003.378
2025-02-01,wk inc flu hosp,0,2025-02-01,US,quantile,0.975,45647.591
2025-02-01,wk inc flu hosp,0,2025-02-01,US,quantile,0.99,55189.656
2025-02-01,wk inc flu hosp,1,2025-02-08,US,quantile,0.01,4841.052
2025-02-01,wk inc flu hosp,1,2025-02-08,US,quantile,0.025,5364.284
2025-02-01,wk inc flu hosp,1,2025-02-08,US,quantile,0.05,6553.062
2025-02-01,wk inc flu hosp,1,2025-02-08,US,quantile,0.1,8332.055
2025-02-01,wk inc flu hosp,1,2025-02-08,US,quantile,0.15,9780.194
2025-02-01,wk inc flu hosp,1,2025-02-08,US,quantile,0.2,10735.885
2025-02-01,wk inc flu hosp,1,2025-02-08,US,quantile,0.25,11642.826
2025-02-01,wk inc flu hosp,1,2025-02-08,US,quantile,0.3,12639.124
2025-02-01,wk inc flu hosp,1,2025-02-08,US,quantile,0.35,13508.109
2025-02-01,wk inc flu hosp,1,2025-02-08,US,quantile,0.4,14213.231
2025-02-01,wk inc flu hosp,1,2025-02-08,US,quantile,0.45,14950.822
2025-02-01,wk inc flu hosp,1,2025-02-08,US,quantile,0.5,15713.444
2025-02-01,wk inc flu hosp,1,2025-02-08,US,quantile,0.55,16432.076
2025-02-01,wk inc flu hosp,1,2025-02-08,US,quantile,0.6,17155.025
2025-02-01,wk inc flu hosp,1,2025-02-08,US,quantile,0.65,17896.588
2025-02-01,wk inc flu hosp,1,2025-02-08,US,quantile,0.7,18696.703
2025-02-01,wk inc flu hosp,1,2025-02-08,US,quantile,0.75,19299.18
2025-02-01,wk inc flu hosp,1,2025-02-08,US,quantile,0.8,20526.328
2025-02-01,wk inc flu hosp,1,2025-02-08,US,quantile,0.85,22268.417
2025-02-01,wk inc flu hosp,1,2025-02-08,US,quantile,0.9,24386.023
2025-02-01,wk inc flu hosp,1,2025-02-08,US,quantile,0.95,28338.722
2025-02-01,wk inc flu hosp,1,2025-02-08,US,quantile,0.975,34187.405
2025-02-01,wk inc flu hosp,1,2025-02-08,US,quantile,0.99,51177.524
2025-02-01,wk inc flu hosp,2,2025-02-15,US,quantile,0.01,1767.082
2025-02-01,wk inc flu hosp,2,2025-02-15,US,quantile,0.025,2301.625
2025-02-01,wk inc flu hosp,2,2025-02-15,US,quantile,0.05,3095.965
2025-02-01,wk inc flu hosp,2,2025-02-15,US,quantile,0.1,4060.68
2025-02-01,wk inc flu hosp,2,2025-02-15,US,quantile,0.15,4969.442
2025-02-01,wk inc flu hosp,2,2025-02-15,US,quantile,0.2,5676.071
2025-02-01,wk inc flu hosp,2,2025-02-15,US,quantile,0.25,6283.992
2025-02-01,wk inc flu hosp,2,2025-02-15,US,quantile,0.3,6837.08
2025-02-01,wk inc flu hosp,2,2025-02-15,US,quantile,0.35,7476.612
2025-02-01,wk inc flu hosp,2,2025-02-15,US,quantile,0.4,8131.763
2025-02-01,wk inc flu hosp,2,2025-02-15,US,quantile,0.45,8635.635
2025-02-01,wk inc flu hosp,2,2025-02-15,US,quantile,0.5,9159.358
2025-02-01,wk inc flu hosp,2,2025-02-15,US,quantile,0.55,9732.292
2025-02-01,wk inc flu hosp,2,2025-02-15,US,quantile,0.6,10240.216
2025-02-01,wk inc flu hosp,2,2025-02-15,US,quantile,0.65,10816.705
2025-02-01,wk inc flu hosp,2,2025-02-15,US,quantile,0.7,11562.581
2025-02-01,wk inc flu hosp,2,2025-02-15,US,quantile,0.75,12137.157
2025-02-01,wk inc flu hosp,2,2025-02-15,US,quantile,0.8,12958.221
2025-02-01,wk inc flu hosp,2,2025-02-15,US,quantile,0.85,14174.802
2025-02-01,wk inc flu hosp,2,2025-02-15,US,quantile,0.9,15972.119
2025-02-01,wk inc flu hosp,2,2025-02-15,US,quantile,0.95,19406.353
2025-02-01,wk inc flu hosp,2,2025-02-15,US,quantile,0.975,22195.264
2025-02-01,wk inc flu hosp,2,2025-02-15,US,quantile,0.99,34164.253
2025-02-01,wk inc flu hosp,3,2025-02-22,US,quantile,0.01,575.024
2025-02-01,wk inc flu hosp,3,2025-02-22,US,quantile,0.025,871.529
2025-02-01,wk inc flu hosp,3,2025-02-22,US,quantile,0.05,1339.556
2025-02-01,wk inc flu hosp,3,2025-02-22,US,quantile,0.1,1882.519
2025-02-01,wk inc flu hosp,3,2025-02-22,US,quantile,0.15,2381.132
2025-02-01,wk inc flu hosp,3,2025-02-22,US,quantile,0.2,2766.627
2025-02-01,wk inc flu hosp,3,2025-02-22,US,quantile,0.25,3131.748
2025-02-01,wk inc flu hosp,3,2025-02-22,US,quantile,0.3,3420.939
2025-02-01,wk inc flu hosp,3,2025-02-22,US,quantile,0.35,3951.479
2025-02-01,wk inc flu hosp,3,2025-02-22,US,quantile,0.4,4274.972
2025-02-01,wk inc flu hosp,3,2025-02-22,US,quantile,0.45,4679.291
2025-02-01,wk inc flu hosp,3,2025-02-22,US,quantile,0.5,5014.193
2025-02-01,wk inc flu hosp,3,2025-02-22,US,quantile,0.55,5349.605
2025-02-01,wk inc flu hosp,3,2025-02-22,US,quantile,0.6,5824.664
2025-02-01,wk inc flu hosp,3,2025-02-22,US,quantile,0.65,6156.462
2025-02-01,wk inc flu hosp,3,2025-02-22,US,quantile,0.7,6686.04
2025-02-01,wk inc flu hosp,3,2025-02-22,US,quantile,0.75,7019.102
2025-02-01,wk inc flu hosp,3,2025-02-22,US,quantile,0.8,7695.689
2025-02-01,wk inc flu hosp,3,2025-02-22,US,quantile,0.85,8627.257
2025-02-01,wk inc flu hosp,3,2025-02-22,US,quantile,0.9,10105.849
2025-02-01,wk inc flu hosp,3,2025-02-22,US,quantile,0.95,12107.492
2025-02-01,wk inc flu hosp,3,2025-02-22,US,quantile,0.975,15527.294
2025-02-01,wk inc flu hosp,3,2025-02-22,US,quantile,0.99,24785.145
2025-02-01,wk flu hosp rate change,0,2025-02-01,01,pmf,stable,0.005
2025-02-01,wk flu hosp rate change,0,2025-02-01,01,pmf,increase,0.003
2025-02-01,wk flu hosp rate change,0,2025-02-01,01,pmf,large_increase,0.004
2025-02-01,wk flu hosp rate change,0,2025-02-01,01,pmf,decrease,0.019
2025-02-01,wk flu hosp rate change,0,2025-02-01,01,pmf,large_decrease,0.969
2025-02-01,wk flu hosp rate change,1,2025-02-08,01,pmf,stable,0.001
2025-02-01,wk flu hosp rate change,1,2025-02-08,01,pmf,increase,0.005
2025-02-01,wk flu hosp rate change,1,2025-02-08,01,pmf,large_increase,0.002
2025-02-01,wk flu hosp rate change,1,2025-02-08,01,pmf,decrease,0.01
2025-02-01,wk flu hosp rate change,1,2025-02-08,01,pmf,large_decrease,0.982
2025-02-01,wk flu hosp rate change,2,2025-02-15,01,pmf,stable,-0.0010000000000000018
2025-02-01,wk flu hosp rate change,2,2025-02-15,01,pmf,increase,0.001
2025-02-01,wk flu hosp rate change,2,2025-02-15,01,pmf,large_increase,0.001
2025-02-01,wk flu hosp rate change,2,2025-02-15,01,pmf,decrease,0.006
2025-02-01,wk flu hosp rate change,2,2025-02-15,01,pmf,large_decrease,0.993
2025-02-01,wk flu hosp rate change,3,2025-02-22,01,pmf,stable,-0.0030000000000000035
2025-02-01,wk flu hosp rate change,3,2025-02-22,01,pmf,increase,0.001
2025-02-01,wk flu hosp rate change,3,2025-02-22,01,pmf,large_increase,0.001
2025-02-01,wk flu hosp rate change,3,2025-02-22,01,pmf,decrease,0.001
2025-02-01,wk flu hosp rate change,3,2025-02-22,01,pmf,large_decrease,1.0
2025-02-01,wk flu hosp rate change,0,2025-02-01,02,pmf,stable,0.11499999999999999
2025-02-01,wk flu hosp rate change,0,2025-02-01,02,pmf,increase,0.124
2025-02-01,wk flu hosp rate change,0,2025-02-01,02,pmf,large_increase,0.046
2025-02-01,wk flu hosp rate change,0,2025-02-01,02,pmf,decrease,0.415
2025-02-01,wk flu hosp rate change,0,2025-02-01,02,pmf,large_decrease,0.3
2025-02-01,wk flu hosp rate change,1,2025-02-08,02,pmf,stable,0.09500000000000003
2025-02-01,wk flu hosp rate change,1,2025-02-08,02,pmf,increase,0.043
2025-02-01,wk flu hosp rate change,1,2025-02-08,02,pmf,large_increase,0.011
2025-02-01,wk flu hosp rate change,1,2025-02-08,02,pmf,decrease,0.788
2025-02-01,wk flu hosp rate change,1,2025-02-08,02,pmf,large_decrease,0.063
2025-02-01,wk flu hosp rate change,2,2025-02-15,02,pmf,stable,0.04400000000000012
2025-02-01,wk flu hosp rate change,2,2025-02-15,02,pmf,increase,0.015
2025-02-01,wk flu hosp rate change,2,2025-02-15,02,pmf,large_increase,0.011
2025-02-01,wk flu hosp rate change,2,2025-02-15,02,pmf,decrease,0.929
2025-02-01,wk flu hosp rate change,2,2025-02-15,02,pmf,large_decrease,0.001
2025-02-01,wk flu hosp rate change,3,2025-02-22,02,pmf,stable,0.0280000000000002
2025-02-01,wk flu hosp rate change,3,2025-02-22,02,pmf,increase,0.009
2025-02-01,wk flu hosp rate change,3,2025-02-22,02,pmf,large_increase,0.01
2025-02-01,wk flu hosp rate change,3,2025-02-22,02,pmf,decrease,0.952
2025-02-01,wk flu hosp rate change,3,2025-02-22,02,pmf,large_decrease,0.001
2025-02-01,wk flu hosp rate change,0,2025-02-01,04,pmf,stable,0.008
2025-02-01,wk flu hosp rate change,0,2025-02-01,04,pmf,increase,0.009
2025-02-01,wk flu hosp rate change,0,2025-02-01,04,pmf,large_increase,0.023
2025-02-01,wk flu hosp rate change,0,2025-02-01,04,pmf,decrease,0.077
2025-02-01,wk flu hosp rate change,0,2025-02-01,04,pmf,large_decrease,0.883
2025-02-01,wk flu hosp rate change,1,2025-02-08,04,pmf,stable,1.1015494072452725e-16
2025-02-01,wk flu hosp rate change,1,2025-02-08,04,pmf,increase,0.005
2025-02-01,wk flu hosp rate change,1,2025-02-08,04,pmf,large_increase,0.011
2025-02-01,wk flu hosp rate change,1,2025-02-08,04,pmf,decrease,0.017
2025-02-01,wk flu hosp rate change,1,2025-02-08,04,pmf,large_decrease,0.967
2025-02-01,wk flu hosp rate change,2,2025-02-15,04,pmf,stable,0.001
2025-02-01,wk flu hosp rate change,2,2025-02-15,04,pmf,increase,0.005
2025-02-01,wk flu hosp rate change,2,2025-02-15,04,pmf,large_increase,0.009
2025-02-01,wk flu hosp rate change,2,2025-02-15,04,pmf,decrease,0.007
2025-02-01,wk flu hosp rate change,2,2025-02-15,04,pmf,large_decrease,0.978
2025-02-01,wk flu hosp rate change,3,2025-02-22,04,pmf,stable,0.00800000000000011
2025-02-01,wk flu hosp rate change,3,2025-02-22,04,pmf,increase,0.003
2025-02-01,wk flu hosp rate change,3,2025-02-22,04,pmf,large_increase,0.001
2025-02-01,wk flu hosp rate change,3,2025-02-22,04,pmf,decrease,0.005
2025-02-01,wk flu hosp rate change,3,2025-02-22,04,pmf,large_decrease,0.983
2025-02-01,wk flu hosp rate change,0,2025-02-01,05,pmf,stable,0.07199999999999988
2025-02-01,wk flu hosp rate change,0,2025-02-01,05,pmf,increase,0.087
2025-02-01,wk flu hosp rate change,0,2025-02-01,05,pmf,large_increase,0.121
2025-02-01,wk flu hosp rate change,0,2025-02-01,05,pmf,decrease,0.21
2025-02-01,wk flu hosp rate change,0,2025-02-01,05,pmf,large_decrease,0.51
2025-02-01,wk flu hosp rate change,1,2025-02-08,05,pmf,stable,0.048
2025-02-01,wk flu hosp rate change,1,2025-02-08,05,pmf,increase,0.064
2025-02-01,wk flu hosp rate change,1,2025-02-08,05,pmf,large_increase,0.042
2025-02-01,wk flu hosp rate change,1,2025-02-08,05,pmf,decrease,0.272
2025-02-01,wk flu hosp rate change,1,2025-02-08,05,pmf,large_decrease,0.574
2025-02-01,wk flu hosp rate change,2,2025-02-15,05,pmf,stable,0.021
2025-02-01,wk flu hosp rate change,2,2025-02-15,05,pmf,increase,0.027
2025-02-01,wk flu hosp rate change,2,2025-02-15,05,pmf,large_increase,0.012
2025-02-01,wk flu hosp rate change,2,2025-02-15,05,pmf,decrease,0.224
2025-02-01,wk flu hosp rate change,2,2025-02-15,05,pmf,large_decrease,0.716
2025-02-01,wk flu hosp rate change,3,2025-02-22,05,pmf,stable,0.015
2025-02-01,wk flu hosp rate change,3,2025-02-22,05,pmf,increase,0.01
2025-02-01,wk flu hosp rate change,3,2025-02-22,05,pmf,large_increase,0.002
2025-02-01,wk flu hosp rate change,3,2025-02-22,05,pmf,decrease,0.168
2025-02-01,wk flu hosp rate change,3,2025-02-22,05,pmf,large_decrease,0.805
2025-02-01,wk flu hosp rate change,0,2025-02-01,06,pmf,stable,0.025
2025-02-01,wk flu hosp rate change,0,2025-02-01,06,pmf,increase,0.028
2025-02-01,wk flu hosp rate change,0,2025-02-01,06,pmf,large_increase,0.046
2025-02-01,wk flu hosp rate change,0,2025-02-01,06,pmf,decrease,0.125
2025-02-01,wk flu hosp rate change,0,2025-02-01,06,pmf,large_decrease,0.776
2025-02-01,wk flu hosp rate change,1,2025-02-08,06,pmf,stable,0.006
2025-02-01,wk flu hosp rate change,1,2025-02-08,06,pmf,increase,0.006
2025-02-01,wk flu hosp rate change,1,2025-02-08,06,pmf,large_increase,0.018
2025-02-01,wk flu hosp rate change,1,2025-02-08,06,pmf,decrease,0.083
2025-02-01,wk flu hosp rate change,1,2025-02-08,06,pmf,large_decrease,0.887
2025-02-01,wk flu hosp rate change,2,2025-02-15,06,pmf,stable,0.001
2025-02-01,wk flu hosp rate change,2,2025-02-15,06,pmf,increase,0.007
2025-02-01,wk flu hosp rate change,2,2025-02-15,06,pmf,large_increase,0.013
2025-02-01,wk flu hosp rate change,2,2025-02-15,06,pmf,decrease,0.031
2025-02-01,wk flu hosp rate change,2,2025-02-15,06,pmf,large_decrease,0.948
2025-02-01,wk flu hosp rate change,3,2025-02-22,06,pmf,stable,0.00200000000000011
2025-02-01,wk flu hosp rate change,3,2025-02-22,06,pmf,increase,0.006
2025-02-01,wk flu hosp rate change,3,2025-02-22,06,pmf,large_increase,0.001
2025-02-01,wk flu hosp rate change,3,2025-02-22,06,pmf,decrease,0.024
2025-02-01,wk flu hosp rate change,3,2025-02-22,06,pmf,large_decrease,0.967
2025-02-01,wk flu hosp rate change,0,2025-02-01,08,pmf,stable,0.051
2025-02-01,wk flu hosp rate change,0,2025-02-01,08,pmf,increase,0.057
2025-02-01,wk flu hosp rate change,0,2025-02-01,08,pmf,large_increase,0.06
2025-02-01,wk flu hosp rate change,0,2025-02-01,08,pmf,decrease,0.242
2025-02-01,wk flu hosp rate change,0,2025-02-01,08,pmf,large_decrease,0.59
2025-02-01,wk flu hosp rate change,1,2025-02-08,08,pmf,stable,0.022
2025-02-01,wk flu hosp rate change,1,2025-02-08,08,pmf,increase,0.025
2025-02-01,wk flu hosp rate change,1,2025-02-08,08,pmf,large_increase,0.013
2025-02-01,wk flu hosp rate change,1,2025-02-08,08,pmf,decrease,0.242
2025-02-01,wk flu hosp rate change,1,2025-02-08,08,pmf,large_decrease,0.698
2025-02-01,wk flu hosp rate change,2,2025-02-15,08,pmf,stable,0.01
2025-02-01,wk flu hosp rate change,2,2025-02-15,08,pmf,increase,0.008
2025-02-01,wk flu hosp rate change,2,2025-02-15,08,pmf,large_increase,0.009
2025-02-01,wk flu hosp rate change,2,2025-02-15,08,pmf,decrease,0.221
2025-02-01,wk flu hosp rate change,2,2025-02-15,08,pmf,large_decrease,0.752
2025-02-01,wk flu hosp rate change,3,2025-02-22,08,pmf,stable,0.00900000000000011
2025-02-01,wk flu hosp rate change,3,2025-02-22,08,pmf,increase,0.009
2025-02-01,wk flu hosp rate change,3,2025-02-22,08,pmf,large_increase,0.001
2025-02-01,wk flu hosp rate change,3,2025-02-22,08,pmf,decrease,0.261
2025-02-01,wk flu hosp rate change,3,2025-02-22,08,pmf,large_decrease,0.72
2025-02-01,wk flu hosp rate change,0,2025-02-01,09,pmf,stable,0.051
2025-02-01,wk flu hosp rate change,0,2025-02-01,09,pmf,increase,0.123
2025-02-01,wk flu hosp rate change,0,2025-02-01,09,pmf,large_increase,0.207
2025-02-01,wk flu hosp rate change,0,2025-02-01,09,pmf,decrease,0.157
2025-02-01,wk flu hosp rate change,0,2025-02-01,09,pmf,large_decrease,0.462
2025-02-01,wk flu hosp rate change,1,2025-02-08,09,pmf,stable,0.075
2025-02-01,wk flu hosp rate change,1,2025-02-08,09,pmf,increase,0.116
2025-02-01,wk flu hosp rate change,1,2025-02-08,09,pmf,large_increase,0.073
2025-02-01,wk flu hosp rate change,1,2025-02-08,09,pmf,decrease,0.235
2025-02-01,wk flu hosp rate change,1,2025-02-08,09,pmf,large_decrease,0.501
2025-02-01,wk flu hosp rate change,2,2025-02-15,09,pmf,stable,0.029
2025-02-01,wk flu hosp rate change,2,2025-02-15,09,pmf,increase,0.051
2025-02-01,wk flu hosp rate change,2,2025-02-15,09,pmf,large_increase,0.02
2025-02-01,wk flu hosp rate change,2,2025-02-15,09,pmf,decrease,0.23
2025-02-01,wk flu hosp rate change,2,2025-02-15,09,pmf,large_decrease,0.67
2025-02-01,wk flu hosp rate change,3,2025-02-22,09,pmf,stable,0.02500000000000011
2025-02-01,wk flu hosp rate change,3,2025-02-22,09,pmf,increase,0.009
2025-02-01,wk flu hosp rate change,3,2025-02-22,09,pmf,large_increase,0.001
2025-02-01,wk flu hosp rate change,3,2025-02-22,09,pmf,decrease,0.152
2025-02-01,wk flu hosp rate change,3,2025-02-22,09,pmf,large_decrease,0.813
2025-02-01,wk flu hosp rate change,0,2025-02-01,10,pmf,stable,0.047999999999999904
2025-02-01,wk flu hosp rate change,0,2025-02-01,10,pmf,increase,0.063
2025-02-01,wk flu hosp rate change,0,2025-02-01,10,pmf,large_increase,0.045
2025-02-01,wk flu hosp rate change,0,2025-02-01,10,pmf,decrease,0.178
2025-02-01,wk flu hosp rate change,0,2025-02-01,10,pmf,large_decrease,0.666
2025-02-01,wk flu hosp rate change,1,2025-02-08,10,pmf,stable,0.017000000000000084
2025-02-01,wk flu hosp rate change,1,2025-02-08,10,pmf,increase,0.028
2025-02-01,wk flu hosp rate change,1,2025-02-08,10,pmf,large_increase,0.015
2025-02-01,wk flu hosp rate change,1,2025-02-08,10,pmf,decrease,0.204
2025-02-01,wk flu hosp rate change,1,2025-02-08,10,pmf,large_decrease,0.736
2025-02-01,wk flu hosp rate change,2,2025-02-15,10,pmf,stable,0.006999999999999992
2025-02-01,wk flu hosp rate change,2,2025-02-15,10,pmf,increase,0.012
2025-02-01,wk flu hosp rate change,2,2025-02-15,10,pmf,large_increase,0.007
2025-02-01,wk flu hosp rate change,2,2025-02-15,10,pmf,decrease,0.148
2025-02-01,wk flu hosp rate change,2,2025-02-15,10,pmf,large_decrease,0.826
2025-02-01,wk flu hosp rate change,3,2025-02-22,10,pmf,stable,0.009
2025-02-01,wk flu hosp rate change,3,2025-02-22,10,pmf,increase,0.005
2025-02-01,wk flu hosp rate change,3,2025-02-22,10,pmf,large_increase,0.006
2025-02-01,wk flu hosp rate change,3,2025-02-22,10,pmf,decrease,0.129
2025-02-01,wk flu hosp rate change,3,2025-02-22,10,pmf,large_decrease,0.851
2025-02-01,wk flu hosp rate change,0,2025-02-01,11,pmf,stable,-5.204170427930421e-18
2025-02-01,wk flu hosp rate change,0,2025-02-01,11,pmf,increase,0.002
2025-02-01,wk flu hosp rate change,0,2025-02-01,11,pmf,large_increase,0.023
2025-02-01,wk flu hosp rate change,0,2025-02-01,11,pmf,decrease,0.008
2025-02-01,wk flu hosp rate change,0,2025-02-01,11,pmf,large_decrease,0.967
2025-02-01,wk flu hosp rate change,1,2025-02-08,11,pmf,stable,0.0020000000000001085
2025-02-01,wk flu hosp rate change,1,2025-02-08,11,pmf,increase,0.007
2025-02-01,wk flu hosp rate change,1,2025-02-08,11,pmf,large_increase,0.004
2025-02-01,wk flu hosp rate change,1,2025-02-08,11,pmf,decrease,0.003
2025-02-01,wk flu hosp rate change,1,2025-02-08,11,pmf,large_decrease,0.984
2025-02-01,wk flu hosp rate change,2,2025-02-15,11,pmf,stable,-0.0030000000000000035
2025-02-01,wk flu hosp rate change,2,2025-02-15,11,pmf,increase,0.001
2025-02-01,wk flu hosp rate change,2,2025-02-15,11,pmf,large_increase,0.001
2025-02-01,wk flu hosp rate change,2,2025-02-15,11,pmf,decrease,0.001
2025-02-01,wk flu hosp rate change,2,2025-02-15,11,pmf,large_decrease,1.0
2025-02-01,wk flu hosp rate change,3,2025-02-22,11,pmf,stable,-0.0030000000000000035
2025-02-01,wk flu hosp rate change,3,2025-02-22,11,pmf,increase,0.001
2025-02-01,wk flu hosp rate change,3,2025-02-22,11,pmf,large_increase,0.001
2025-02-01,wk flu hosp rate change,3,2025-02-22,11,pmf,decrease,0.001
2025-02-01,wk flu hosp rate change,3,2025-02-22,11,pmf,large_decrease,1.0
2025-02-01,wk flu hosp rate change,0,2025-02-01,12,pmf,stable,0.032
2025-02-01,wk flu hosp rate change,0,2025-02-01,12,pmf,increase,0.043
2025-02-01,wk flu hosp rate change,0,2025-02-01,12,pmf,large_increase,0.05
2025-02-01,wk flu hosp rate change,0,2025-02-01,12,pmf,decrease,0.109
2025-02-01,wk flu hosp rate change,0,2025-02-01,12,pmf,large_decrease,0.766
2025-02-01,wk flu hosp rate change,1,2025-02-08,12,pmf,stable,0.014
2025-02-01,wk flu hosp rate change,1,2025-02-08,12,pmf,increase,0.016
2025-02-01,wk flu hosp rate change,1,2025-02-08,12,pmf,large_increase,0.015
2025-02-01,wk flu hosp rate change,1,2025-02-08,12,pmf,decrease,0.089
2025-02-01,wk flu hosp rate change,1,2025-02-08,12,pmf,large_decrease,0.866
2025-02-01,wk flu hosp rate change,2,2025-02-15,12,pmf,stable,0.0030000000000001102
2025-02-01,wk flu hosp rate change,2,2025-02-15,12,pmf,increase,0.008
2025-02-01,wk flu hosp rate change,2,2025-02-15,12,pmf,large_increase,0.001
2025-02-01,wk flu hosp rate change,2,2025-02-15,12,pmf,decrease,0.05
2025-02-01,wk flu hosp rate change,2,2025-02-15,12,pmf,large_decrease,0.938
2025-02-01,wk flu hosp rate change,3,2025-02-22,12,pmf,stable,-0.0019999999999998916
2025-02-01,wk flu hosp rate change,3,2025-02-22,12,pmf,increase,0.001
2025-02-01,wk flu hosp rate change,3,2025-02-22,12,pmf,large_increase,0.001
2025-02-01,wk flu hosp rate change,3,2025-02-22,12,pmf,decrease,0.022
2025-02-01,wk flu hosp rate change,3,2025-02-22,12,pmf,large_decrease,0.978
2025-02-01,wk flu hosp rate change,0,2025-02-01,13,pmf,stable,0.054
2025-02-01,wk flu hosp rate change,0,2025-02-01,13,pmf,increase,0.065
2025-02-01,wk flu hosp rate change,0,2025-02-01,13,pmf,large_increase,0.082
2025-02-01,wk flu hosp rate change,0,2025-02-01,13,pmf,decrease,0.165
2025-02-01,wk flu hosp rate change,0,2025-02-01,13,pmf,large_decrease,0.634
2025-02-01,wk flu hosp rate change,1,2025-02-08,13,pmf,stable,0.028
2025-02-01,wk flu hosp rate change,1,2025-02-08,13,pmf,increase,0.035
2025-02-01,wk flu hosp rate change,1,2025-02-08,13,pmf,large_increase,0.021
2025-02-01,wk flu hosp rate change,1,2025-02-08,13,pmf,decrease,0.163
2025-02-01,wk flu hosp rate change,1,2025-02-08,13,pmf,large_decrease,0.753
2025-02-01,wk flu hosp rate change,2,2025-02-15,13,pmf,stable,0.01600000000000011
2025-02-01,wk flu hosp rate change,2,2025-02-15,13,pmf,increase,0.01
2025-02-01,wk flu hosp rate change,2,2025-02-15,13,pmf,large_increase,0.001
2025-02-01,wk flu hosp rate change,2,2025-02-15,13,pmf,decrease,0.11
2025-02-01,wk flu hosp rate change,2,2025-02-15,13,pmf,large_decrease,0.863
2025-02-01,wk flu hosp rate change,3,2025-02-22,13,pmf,stable,0.0009999999999999983
2025-02-01,wk flu hosp rate change,3,2025-02-22,13,pmf,increase,0.001
2025-02-01,wk flu hosp rate change,3,2025-02-22,13,pmf,large_increase,0.001
2025-02-01,wk flu hosp rate change,3,2025-02-22,13,pmf,decrease,0.068
2025-02-01,wk flu hosp rate change,3,2025-02-22,13,pmf,large_decrease,0.929
2025-02-01,wk flu hosp rate change,0,2025-02-01,15,pmf,stable,0.06500000000000003
2025-02-01,wk flu hosp rate change,0,2025-02-01,15,pmf,increase,0.077
2025-02-01,wk flu hosp rate change,0,2025-02-01,15,pmf,large_increase,0.04
2025-02-01,wk flu hosp rate change,0,2025-02-01,15,pmf,decrease,0.271
2025-02-01,wk flu hosp rate change,0,2025-02-01,15,pmf,large_decrease,0.547
2025-02-01,wk flu hosp rate change,1,2025-02-08,15,pmf,stable,0.03499999999999999
2025-02-01,wk flu hosp rate change,1,2025-02-08,15,pmf,increase,0.016
2025-02-01,wk flu hosp rate change,1,2025-02-08,15,pmf,large_increase,0.01
2025-02-01,wk flu hosp rate change,1,2025-02-08,15,pmf,decrease,0.366
2025-02-01,wk flu hosp rate change,1,2025-02-08,15,pmf,large_decrease,0.573
2025-02-01,wk flu hosp rate change,2,2025-02-15,15,pmf,stable,0.011
2025-02-01,wk flu hosp rate change,2,2025-02-15,15,pmf,increase,0.002
2025-02-01,wk flu hosp rate change,2,2025-02-15,15,pmf,large_increase,0.008
2025-02-01,wk flu hosp rate change,2,2025-02-15,15,pmf,decrease,0.414
2025-02-01,wk flu hosp rate change,2,2025-02-15,15,pmf,large_decrease,0.565
2025-02-01,wk flu hosp rate change,3,2025-02-22,15,pmf,stable,0.001
2025-02-01,wk flu hosp rate change,3,2025-02-22,15,pmf,increase,0.006
2025-02-01,wk flu hosp rate change,3,2025-02-22,15,pmf,large_increase,0.006
2025-02-01,wk flu hosp rate change,3,2025-02-22,15,pmf,decrease,0.641
2025-02-01,wk flu hosp rate change,3,2025-02-22,15,pmf,large_decrease,0.346
2025-02-01,wk flu hosp rate change,0,2025-02-01,16,pmf,stable,0.031000000000000097
2025-02-01,wk flu hosp rate change,0,2025-02-01,16,pmf,increase,0.019
2025-02-01,wk flu hosp rate change,0,2025-02-01,16,pmf,large_increase,0.023
2025-02-01,wk flu hosp rate change,0,2025-02-01,16,pmf,decrease,0.264
2025-02-01,wk flu hosp rate change,0,2025-02-01,16,pmf,large_decrease,0.663
2025-02-01,wk flu hosp rate change,1,2025-02-08,16,pmf,stable,0.003
2025-02-01,wk flu hosp rate change,1,2025-02-08,16,pmf,increase,0.008
2025-02-01,wk flu hosp rate change,1,2025-02-08,16,pmf,large_increase,0.012
2025-02-01,wk flu hosp rate change,1,2025-02-08,16,pmf,decrease,0.317
2025-02-01,wk flu hosp rate change,1,2025-02-08,16,pmf,large_decrease,0.66
2025-02-01,wk flu hosp rate change,2,2025-02-15,16,pmf,stable,0.001
2025-02-01,wk flu hosp rate change,2,2025-02-15,16,pmf,increase,0.009
2025-02-01,wk flu hosp rate change,2,2025-02-15,16,pmf,large_increase,0.004
2025-02-01,wk flu hosp rate change,2,2025-02-15,16,pmf,decrease,0.465
2025-02-01,wk flu hosp rate change,2,2025-02-15,16,pmf,large_decrease,0.521
2025-02-01,wk flu hosp rate change,3,2025-02-22,16,pmf,stable,0.0030000000000001102
2025-02-01,wk flu hosp rate change,3,2025-02-22,16,pmf,increase,0.01
2025-02-01,wk flu hosp rate change,3,2025-02-22,16,pmf,large_increase,0.004
2025-02-01,wk flu hosp rate change,3,2025-02-22,16,pmf,decrease,0.982
2025-02-01,wk flu hosp rate change,3,2025-02-22,16,pmf,large_decrease,0.001
2025-02-01,wk flu hosp rate change,0,2025-02-01,17,pmf,stable,0.021
2025-02-01,wk flu hosp rate change,0,2025-02-01,17,pmf,increase,0.021
2025-02-01,wk flu hosp rate change,0,2025-02-01,17,pmf,large_increase,0.042
2025-02-01,wk flu hosp rate change,0,2025-02-01,17,pmf,decrease,0.076
2025-02-01,wk flu hosp rate change,0,2025-02-01,17,pmf,large_decrease,0.84
2025-02-01,wk flu hosp rate change,1,2025-02-08,17,pmf,stable,0.005
2025-02-01,wk flu hosp rate change,1,2025-02-08,17,pmf,increase,0.004
2025-02-01,wk flu hosp rate change,1,2025-02-08,17,pmf,large_increase,0.02
2025-02-01,wk flu hosp rate change,1,2025-02-08,17,pmf,decrease,0.019
2025-02-01,wk flu hosp rate change,1,2025-02-08,17,pmf,large_decrease,0.952
2025-02-01,wk flu hosp rate change,2,2025-02-15,17,pmf,stable,0.006
2025-02-01,wk flu hosp rate change,2,2025-02-15,17,pmf,increase,0.005
2025-02-01,wk flu hosp rate change,2,2025-02-15,17,pmf,large_increase,0.008
2025-02-01,wk flu hosp rate change,2,2025-02-15,17,pmf,decrease,0.007
2025-02-01,wk flu hosp rate change,2,2025-02-15,17,pmf,large_decrease,0.974
2025-02-01,wk flu hosp rate change,3,2025-02-22,17,pmf,stable,-0.0019999999999998916
2025-02-01,wk flu hosp rate change,3,2025-02-22,17,pmf,increase,0.001
2025-02-01,wk flu hosp rate change,3,2025-02-22,17,pmf,large_increase,0.001
2025-02-01,wk flu hosp rate change,3,2025-02-22,17,pmf,decrease,0.007
2025-02-01,wk flu hosp rate change,3,2025-02-22,17,pmf,large_decrease,0.993
2025-02-01,wk flu hosp rate change,0,2025-02-01,18,pmf,stable,0.032
2025-02-01,wk flu hosp rate change,0,2025-02-01,18,pmf,increase,0.036
2025-02-01,wk flu hosp rate change,0,2025-02-01,18,pmf,large_increase,0.043
2025-02-01,wk flu hosp rate change,0,2025-02-01,18,pmf,decrease,0.128
2025-02-01,wk flu hosp rate change,0,2025-02-01,18,pmf,large_decrease,0.761
2025-02-01,wk flu hosp rate change,1,2025-02-08,18,pmf,stable,0.011
2025-02-01,wk flu hosp rate change,1,2025-02-08,18,pmf,increase,0.009
2025-02-01,wk flu hosp rate change,1,2025-02-08,18,pmf,large_increase,0.012
2025-02-01,wk flu hosp rate change,1,2025-02-08,18,pmf,decrease,0.085
2025-02-01,wk flu hosp rate change,1,2025-02-08,18,pmf,large_decrease,0.883
2025-02-01,wk flu hosp rate change,2,2025-02-15,18,pmf,stable,0.005
2025-02-01,wk flu hosp rate change,2,2025-02-15,18,pmf,increase,0.004
2025-02-01,wk flu hosp rate change,2,2025-02-15,18,pmf,large_increase,0.013
2025-02-01,wk flu hosp rate change,2,2025-02-15,18,pmf,decrease,0.029
2025-02-01,wk flu hosp rate change,2,2025-02-15,18,pmf,large_decrease,0.949
2025-02-01,wk flu hosp rate change,3,2025-02-22,18,pmf,stable,0.00400000000000011
2025-02-01,wk flu hosp rate change,3,2025-02-22,18,pmf,increase,0.007
2025-02-01,wk flu hosp rate change,3,2025-02-22,18,pmf,large_increase,0.001
2025-02-01,wk flu hosp rate change,3,2025-02-22,18,pmf,decrease,0.02
2025-02-01,wk flu hosp rate change,3,2025-02-22,18,pmf,large_decrease,0.968
2025-02-01,wk flu hosp rate change,0,2025-02-01,19,pmf,stable,0.03800000000000011
2025-02-01,wk flu hosp rate change,0,2025-02-01,19,pmf,increase,0.094
2025-02-01,wk flu hosp rate change,0,2025-02-01,19,pmf,large_increase,0.117
2025-02-01,wk flu hosp rate change,0,2025-02-01,19,pmf,decrease,0.181
2025-02-01,wk flu hosp rate change,0,2025-02-01,19,pmf,large_decrease,0.57
2025-02-01,wk flu hosp rate change,1,2025-02-08,19,pmf,stable,0.046
2025-02-01,wk flu hosp rate change,1,2025-02-08,19,pmf,increase,0.052
2025-02-01,wk flu hosp rate change,1,2025-02-08,19,pmf,large_increase,0.021
2025-02-01,wk flu hosp rate change,1,2025-02-08,19,pmf,decrease,0.198
2025-02-01,wk flu hosp rate change,1,2025-02-08,19,pmf,large_decrease,0.683
2025-02-01,wk flu hosp rate change,2,2025-02-15,19,pmf,stable,0.017
2025-02-01,wk flu hosp rate change,2,2025-02-15,19,pmf,increase,0.011
2025-02-01,wk flu hosp rate change,2,2025-02-15,19,pmf,large_increase,0.006
2025-02-01,wk flu hosp rate change,2,2025-02-15,19,pmf,decrease,0.166
2025-02-01,wk flu hosp rate change,2,2025-02-15,19,pmf,large_decrease,0.8
2025-02-01,wk flu hosp rate change,3,2025-02-22,19,pmf,stable,0.005999999999999888
2025-02-01,wk flu hosp rate change,3,2025-02-22,19,pmf,increase,0.003
2025-02-01,wk flu hosp rate change,3,2025-02-22,19,pmf,large_increase,0.001
2025-02-01,wk flu hosp rate change,3,2025-02-22,19,pmf,decrease,0.092
2025-02-01,wk flu hosp rate change,3,2025-02-22,19,pmf,large_decrease,0.898
2025-02-01,wk flu hosp rate change,0,2025-02-01,20,pmf,stable,0.06599999999999989
2025-02-01,wk flu hosp rate change,0,2025-02-01,20,pmf,increase,0.055
2025-02-01,wk flu hosp rate change,0,2025-02-01,20,pmf,large_increase,0.037
2025-02-01,wk flu hosp rate change,0,2025-02-01,20,pmf,decrease,0.286
2025-02-01,wk flu hosp rate change,0,2025-02-01,20,pmf,large_decrease,0.556
2025-02-01,wk flu hosp rate change,1,2025-02-08,20,pmf,stable,0.019
2025-02-01,wk flu hosp rate change,1,2025-02-08,20,pmf,increase,0.018
2025-02-01,wk flu hosp rate change,1,2025-02-08,20,pmf,large_increase,0.008
2025-02-01,wk flu hosp rate change,1,2025-02-08,20,pmf,decrease,0.371
2025-02-01,wk flu hosp rate change,1,2025-02-08,20,pmf,large_decrease,0.584
2025-02-01,wk flu hosp rate change,2,2025-02-15,20,pmf,stable,0.01
2025-02-01,wk flu hosp rate change,2,2025-02-15,20,pmf,increase,0.006
2025-02-01,wk flu hosp rate change,2,2025-02-15,20,pmf,large_increase,0.006
2025-02-01,wk flu hosp rate change,2,2025-02-15,20,pmf,decrease,0.498
2025-02-01,wk flu hosp rate change,2,2025-02-15,20,pmf,large_decrease,0.48
2025-02-01,wk flu hosp rate change,3,2025-02-22,20,pmf,stable,0.0020000000000002204
2025-02-01,wk flu hosp rate change,3,2025-02-22,20,pmf,increase,0.008
2025-02-01,wk flu hosp rate change,3,2025-02-22,20,pmf,large_increase,0.001
2025-02-01,wk flu hosp rate change,3,2025-02-22,20,pmf,decrease,0.988
2025-02-01,wk flu hosp rate change,3,2025-02-22,20,pmf,large_decrease,0.001
2025-02-01,wk flu hosp rate change,0,2025-02-01,21,pmf,stable,0.037
2025-02-01,wk flu hosp rate change,0,2025-02-01,21,pmf,increase,0.049
2025-02-01,wk flu hosp rate change,0,2025-02-01,21,pmf,large_increase,0.045
2025-02-01,wk flu hosp rate change,0,2025-02-01,21,pmf,decrease,0.16
2025-02-01,wk flu hosp rate change,0,2025-02-01,21,pmf,large_decrease,0.709
2025-02-01,wk flu hosp rate change,1,2025-02-08,21,pmf,stable,0.014
2025-02-01,wk flu hosp rate change,1,2025-02-08,21,pmf,increase,0.014
2025-02-01,wk flu hosp rate change,1,2025-02-08,21,pmf,large_increase,0.007
2025-02-01,wk flu hosp rate change,1,2025-02-08,21,pmf,decrease,0.111
2025-02-01,wk flu hosp rate change,1,2025-02-08,21,pmf,large_decrease,0.854
2025-02-01,wk flu hosp rate change,2,2025-02-15,21,pmf,stable,0.001
2025-02-01,wk flu hosp rate change,2,2025-02-15,21,pmf,increase,0.004
2025-02-01,wk flu hosp rate change,2,2025-02-15,21,pmf,large_increase,0.003
2025-02-01,wk flu hosp rate change,2,2025-02-15,21,pmf,decrease,0.066
2025-02-01,wk flu hosp rate change,2,2025-02-15,21,pmf,large_decrease,0.926
2025-02-01,wk flu hosp rate change,3,2025-02-22,21,pmf,stable,0.00400000000000011
2025-02-01,wk flu hosp rate change,3,2025-02-22,21,pmf,increase,0.001
2025-02-01,wk flu hosp rate change,3,2025-02-22,21,pmf,large_increase,0.001
2025-02-01,wk flu hosp rate change,3,2025-02-22,21,pmf,decrease,0.042
2025-02-01,wk flu hosp rate change,3,2025-02-22,21,pmf,large_decrease,0.952
2025-02-01,wk flu hosp rate change,0,2025-02-01,22,pmf,stable,0.038
2025-02-01,wk flu hosp rate change,0,2025-02-01,22,pmf,increase,0.036
2025-02-01,wk flu hosp rate change,0,2025-02-01,22,pmf,large_increase,0.026
2025-02-01,wk flu hosp rate change,0,2025-02-01,22,pmf,decrease,0.153
2025-02-01,wk flu hosp rate change,0,2025-02-01,22,pmf,large_decrease,0.747
2025-02-01,wk flu hosp rate change,1,2025-02-08,22,pmf,stable,0.009
2025-02-01,wk flu hosp rate change,1,2025-02-08,22,pmf,increase,0.013
2025-02-01,wk flu hosp rate change,1,2025-02-08,22,pmf,large_increase,0.001
2025-02-01,wk flu hosp rate change,1,2025-02-08,22,pmf,decrease,0.106
2025-02-01,wk flu hosp rate change,1,2025-02-08,22,pmf,large_decrease,0.871
2025-02-01,wk flu hosp rate change,2,2025-02-15,22,pmf,stable,0.005999999999999998
2025-02-01,wk flu hosp rate change,2,2025-02-15,22,pmf,increase,0.001
2025-02-01,wk flu hosp rate change,2,2025-02-15,22,pmf,large_increase,0.001
2025-02-01,wk flu hosp rate change,2,2025-02-15,22,pmf,decrease,0.048
2025-02-01,wk flu hosp rate change,2,2025-02-15,22,pmf,large_decrease,0.944
2025-02-01,wk flu hosp rate change,3,2025-02-22,22,pmf,stable,-0.0019999999999998916
2025-02-01,wk flu hosp rate change,3,2025-02-22,22,pmf,increase,0.001
2025-02-01,wk flu hosp rate change,3,2025-02-22,22,pmf,large_increase,0.001
2025-02-01,wk flu hosp rate change,3,2025-02-22,22,pmf,decrease,0.041
2025-02-01,wk flu hosp rate change,3,2025-02-22,22,pmf,large_decrease,0.959
2025-02-01,wk flu hosp rate change,0,2025-02-01,23,pmf,stable,0.08599999999999991
2025-02-01,wk flu hosp rate change,0,2025-02-01,23,pmf,increase,0.13
2025-02-01,wk flu hosp rate change,0,2025-02-01,23,pmf,large_increase,0.212
2025-02-01,wk flu hosp rate change,0,2025-02-01,23,pmf,decrease,0.162
2025-02-01,wk flu hosp rate change,0,2025-02-01,23,pmf,large_decrease,0.41
2025-02-01,wk flu hosp rate change,1,2025-02-08,23,pmf,stable,0.09000000000000008
2025-02-01,wk flu hosp rate change,1,2025-02-08,23,pmf,increase,0.119
2025-02-01,wk flu hosp rate change,1,2025-02-08,23,pmf,large_increase,0.086
2025-02-01,wk flu hosp rate change,1,2025-02-08,23,pmf,decrease,0.294
2025-02-01,wk flu hosp rate change,1,2025-02-08,23,pmf,large_decrease,0.411
2025-02-01,wk flu hosp rate change,2,2025-02-15,23,pmf,stable,0.075
2025-02-01,wk flu hosp rate change,2,2025-02-15,23,pmf,increase,0.061
2025-02-01,wk flu hosp rate change,2,2025-02-15,23,pmf,large_increase,0.036
2025-02-01,wk flu hosp rate change,2,2025-02-15,23,pmf,decrease,0.373
2025-02-01,wk flu hosp rate change,2,2025-02-15,23,pmf,large_decrease,0.455
2025-02-01,wk flu hosp rate change,3,2025-02-22,23,pmf,stable,0.049
2025-02-01,wk flu hosp rate change,3,2025-02-22,23,pmf,increase,0.028
2025-02-01,wk flu hosp rate change,3,2025-02-22,23,pmf,large_increase,0.011
2025-02-01,wk flu hosp rate change,3,2025-02-22,23,pmf,decrease,0.44
2025-02-01,wk flu hosp rate change,3,2025-02-22,23,pmf,large_decrease,0.472
2025-02-01,wk flu hosp rate change,0,2025-02-01,24,pmf,stable,0.06
2025-02-01,wk flu hosp rate change,0,2025-02-01,24,pmf,increase,0.093
2025-02-01,wk flu hosp rate change,0,2025-02-01,24,pmf,large_increase,0.12
2025-02-01,wk flu hosp rate change,0,2025-02-01,24,pmf,decrease,0.183
2025-02-01,wk flu hosp rate change,0,2025-02-01,24,pmf,large_decrease,0.544
2025-02-01,wk flu hosp rate change,1,2025-02-08,24,pmf,stable,0.052
2025-02-01,wk flu hosp rate change,1,2025-02-08,24,pmf,increase,0.059
2025-02-01,wk flu hosp rate change,1,2025-02-08,24,pmf,large_increase,0.045
2025-02-01,wk flu hosp rate change,1,2025-02-08,24,pmf,decrease,0.282
2025-02-01,wk flu hosp rate change,1,2025-02-08,24,pmf,large_decrease,0.562
2025-02-01,wk flu hosp rate change,2,2025-02-15,24,pmf,stable,0.024
2025-02-01,wk flu hosp rate change,2,2025-02-15,24,pmf,increase,0.021
2025-02-01,wk flu hosp rate change,2,2025-02-15,24,pmf,large_increase,0.018
2025-02-01,wk flu hosp rate change,2,2025-02-15,24,pmf,decrease,0.258
2025-02-01,wk flu hosp rate change,2,2025-02-15,24,pmf,large_decrease,0.679
2025-02-01,wk flu hosp rate change,3,2025-02-22,24,pmf,stable,0.017
2025-02-01,wk flu hosp rate change,3,2025-02-22,24,pmf,increase,0.007
2025-02-01,wk flu hosp rate change,3,2025-02-22,24,pmf,large_increase,0.008
2025-02-01,wk flu hosp rate change,3,2025-02-22,24,pmf,decrease,0.175
2025-02-01,wk flu hosp rate change,3,2025-02-22,24,pmf,large_decrease,0.793
2025-02-01,wk flu hosp rate change,0,2025-02-01,25,pmf,stable,0.033
2025-02-01,wk flu hosp rate change,0,2025-02-01,25,pmf,increase,0.058
2025-02-01,wk flu hosp rate change,0,2025-02-01,25,pmf,large_increase,0.063
2025-02-01,wk flu hosp rate change,0,2025-02-01,25,pmf,decrease,0.12
2025-02-01,wk flu hosp rate change,0,2025-02-01,25,pmf,large_decrease,0.726
2025-02-01,wk flu hosp rate change,1,2025-02-08,25,pmf,stable,0.008
2025-02-01,wk flu hosp rate change,1,2025-02-08,25,pmf,increase,0.015
2025-02-01,wk flu hosp rate change,1,2025-02-08,25,pmf,large_increase,0.017
2025-02-01,wk flu hosp rate change,1,2025-02-08,25,pmf,decrease,0.079
2025-02-01,wk flu hosp rate change,1,2025-02-08,25,pmf,large_decrease,0.881
2025-02-01,wk flu hosp rate change,2,2025-02-15,25,pmf,stable,0.005
2025-02-01,wk flu hosp rate change,2,2025-02-15,25,pmf,increase,0.006
2025-02-01,wk flu hosp rate change,2,2025-02-15,25,pmf,large_increase,0.001
2025-02-01,wk flu hosp rate change,2,2025-02-15,25,pmf,decrease,0.015
2025-02-01,wk flu hosp rate change,2,2025-02-15,25,pmf,large_decrease,0.973
2025-02-01,wk flu hosp rate change,3,2025-02-22,25,pmf,stable,-0.0019999999999998916
2025-02-01,wk flu hosp rate change,3,2025-02-22,25,pmf,increase,0.001
2025-02-01,wk flu hosp rate change,3,2025-02-22,25,pmf,large_increase,0.001
2025-02-01,wk flu hosp rate change,3,2025-02-22,25,pmf,decrease,0.004
2025-02-01,wk flu hosp rate change,3,2025-02-22,25,pmf,large_decrease,0.996
2025-02-01,wk flu hosp rate change,0,2025-02-01,26,pmf,stable,0.053
2025-02-01,wk flu hosp rate change,0,2025-02-01,26,pmf,increase,0.076
2025-02-01,wk flu hosp rate change,0,2025-02-01,26,pmf,large_increase,0.069
2025-02-01,wk flu hosp rate change,0,2025-02-01,26,pmf,decrease,0.194
2025-02-01,wk flu hosp rate change,0,2025-02-01,26,pmf,large_decrease,0.608
2025-02-01,wk flu hosp rate change,1,2025-02-08,26,pmf,stable,0.051
2025-02-01,wk flu hosp rate change,1,2025-02-08,26,pmf,increase,0.039
2025-02-01,wk flu hosp rate change,1,2025-02-08,26,pmf,large_increase,0.035
2025-02-01,wk flu hosp rate change,1,2025-02-08,26,pmf,decrease,0.291
2025-02-01,wk flu hosp rate change,1,2025-02-08,26,pmf,large_decrease,0.584
2025-02-01,wk flu hosp rate change,2,2025-02-15,26,pmf,stable,0.027
2025-02-01,wk flu hosp rate change,2,2025-02-15,26,pmf,increase,0.015
2025-02-01,wk flu hosp rate change,2,2025-02-15,26,pmf,large_increase,0.015
2025-02-01,wk flu hosp rate change,2,2025-02-15,26,pmf,decrease,0.236
2025-02-01,wk flu hosp rate change,2,2025-02-15,26,pmf,large_decrease,0.707
2025-02-01,wk flu hosp rate change,3,2025-02-22,26,pmf,stable,0.009
2025-02-01,wk flu hosp rate change,3,2025-02-22,26,pmf,increase,0.008
2025-02-01,wk flu hosp rate change,3,2025-02-22,26,pmf,large_increase,0.005
2025-02-01,wk flu hosp rate change,3,2025-02-22,26,pmf,decrease,0.199
2025-02-01,wk flu hosp rate change,3,2025-02-22,26,pmf,large_decrease,0.779
2025-02-01,wk flu hosp rate change,0,2025-02-01,27,pmf,stable,0.005
2025-02-01,wk flu hosp rate change,0,2025-02-01,27,pmf,increase,0.011
2025-02-01,wk flu hosp rate change,0,2025-02-01,27,pmf,large_increase,0.012
2025-02-01,wk flu hosp rate change,0,2025-02-01,27,pmf,decrease,0.026
2025-02-01,wk flu hosp rate change,0,2025-02-01,27,pmf,large_decrease,0.946
2025-02-01,wk flu hosp rate change,1,2025-02-08,27,pmf,stable,-0.0010000000000000018
2025-02-01,wk flu hosp rate change,1,2025-02-08,27,pmf,increase,0.001
2025-02-01,wk flu hosp rate change,1,2025-02-08,27,pmf,large_increase,0.006
2025-02-01,wk flu hosp rate change,1,2025-02-08,27,pmf,decrease,0.004
2025-02-01,wk flu hosp rate change,1,2025-02-08,27,pmf,large_decrease,0.99
2025-02-01,wk flu hosp rate change,2,2025-02-15,27,pmf,stable,-0.0010000000000000018
2025-02-01,wk flu hosp rate change,2,2025-02-15,27,pmf,increase,0.001
2025-02-01,wk flu hosp rate change,2,2025-02-15,27,pmf,large_increase,0.001
2025-02-01,wk flu hosp rate change,2,2025-02-15,27,pmf,decrease,0.002
2025-02-01,wk flu hosp rate change,2,2025-02-15,27,pmf,large_decrease,0.997
2025-02-01,wk flu hosp rate change,3,2025-02-22,27,pmf,stable,-0.0030000000000000035
2025-02-01,wk flu hosp rate change,3,2025-02-22,27,pmf,increase,0.001
2025-02-01,wk flu hosp rate change,3,2025-02-22,27,pmf,large_increase,0.001
2025-02-01,wk flu hosp rate change,3,2025-02-22,27,pmf,decrease,0.001
2025-02-01,wk flu hosp rate change,3,2025-02-22,27,pmf,large_decrease,1.0
2025-02-01,wk flu hosp rate change,0,2025-02-01,28,pmf,stable,0.0520000000000001
2025-02-01,wk flu hosp rate change,0,2025-02-01,28,pmf,increase,0.079
2025-02-01,wk flu hosp rate change,0,2025-02-01,28,pmf,large_increase,0.075
2025-02-01,wk flu hosp rate change,0,2025-02-01,28,pmf,decrease,0.19
2025-02-01,wk flu hosp rate change,0,2025-02-01,28,pmf,large_decrease,0.604
2025-02-01,wk flu hosp rate change,1,2025-02-08,28,pmf,stable,0.03
2025-02-01,wk flu hosp rate change,1,2025-02-08,28,pmf,increase,0.028
2025-02-01,wk flu hosp rate change,1,2025-02-08,28,pmf,large_increase,0.022
2025-02-01,wk flu hosp rate change,1,2025-02-08,28,pmf,decrease,0.191
2025-02-01,wk flu hosp rate change,1,2025-02-08,28,pmf,large_decrease,0.729
2025-02-01,wk flu hosp rate change,2,2025-02-15,28,pmf,stable,0.011
2025-02-01,wk flu hosp rate change,2,2025-02-15,28,pmf,increase,0.007
2025-02-01,wk flu hosp rate change,2,2025-02-15,28,pmf,large_increase,0.017
2025-02-01,wk flu hosp rate change,2,2025-02-15,28,pmf,decrease,0.096
2025-02-01,wk flu hosp rate change,2,2025-02-15,28,pmf,large_decrease,0.869
2025-02-01,wk flu hosp rate change,3,2025-02-22,28,pmf,stable,0.005999999999999888
2025-02-01,wk flu hosp rate change,3,2025-02-22,28,pmf,increase,0.004
2025-02-01,wk flu hosp rate change,3,2025-02-22,28,pmf,large_increase,0.001
2025-02-01,wk flu hosp rate change,3,2025-02-22,28,pmf,decrease,0.06
2025-02-01,wk flu hosp rate change,3,2025-02-22,28,pmf,large_decrease,0.929
2025-02-01,wk flu hosp rate change,0,2025-02-01,29,pmf,stable,0.042
2025-02-01,wk flu hosp rate change,0,2025-02-01,29,pmf,increase,0.07
2025-02-01,wk flu hosp rate change,0,2025-02-01,29,pmf,large_increase,0.065
2025-02-01,wk flu hosp rate change,0,2025-02-01,29,pmf,decrease,0.204
2025-02-01,wk flu hosp rate change,0,2025-02-01,29,pmf,large_decrease,0.619
2025-02-01,wk flu hosp rate change,1,2025-02-08,29,pmf,stable,0.017
2025-02-01,wk flu hosp rate change,1,2025-02-08,29,pmf,increase,0.019
2025-02-01,wk flu hosp rate change,1,2025-02-08,29,pmf,large_increase,0.016
2025-02-01,wk flu hosp rate change,1,2025-02-08,29,pmf,decrease,0.191
2025-02-01,wk flu hosp rate change,1,2025-02-08,29,pmf,large_decrease,0.757
2025-02-01,wk flu hosp rate change,2,2025-02-15,29,pmf,stable,0.005
2025-02-01,wk flu hosp rate change,2,2025-02-15,29,pmf,increase,0.008
2025-02-01,wk flu hosp rate change,2,2025-02-15,29,pmf,large_increase,0.011
2025-02-01,wk flu hosp rate change,2,2025-02-15,29,pmf,decrease,0.128
2025-02-01,wk flu hosp rate change,2,2025-02-15,29,pmf,large_decrease,0.848
2025-02-01,wk flu hosp rate change,3,2025-02-22,29,pmf,stable,0.00600000000000011
2025-02-01,wk flu hosp rate change,3,2025-02-22,29,pmf,increase,0.003
2025-02-01,wk flu hosp rate change,3,2025-02-22,29,pmf,large_increase,0.001
2025-02-01,wk flu hosp rate change,3,2025-02-22,29,pmf,decrease,0.108
2025-02-01,wk flu hosp rate change,3,2025-02-22,29,pmf,large_decrease,0.882
2025-02-01,wk flu hosp rate change,0,2025-02-01,30,pmf,stable,0.10599999999999993
2025-02-01,wk flu hosp rate change,0,2025-02-01,30,pmf,increase,0.186
2025-02-01,wk flu hosp rate change,0,2025-02-01,30,pmf,large_increase,0.205
2025-02-01,wk flu hosp rate change,0,2025-02-01,30,pmf,decrease,0.281
2025-02-01,wk flu hosp rate change,0,2025-02-01,30,pmf,large_decrease,0.222
2025-02-01,wk flu hosp rate change,1,2025-02-08,30,pmf,stable,0.1269999999999998
2025-02-01,wk flu hosp rate change,1,2025-02-08,30,pmf,increase,0.159
2025-02-01,wk flu hosp rate change,1,2025-02-08,30,pmf,large_increase,0.069
2025-02-01,wk flu hosp rate change,1,2025-02-08,30,pmf,decrease,0.547
2025-02-01,wk flu hosp rate change,1,2025-02-08,30,pmf,large_decrease,0.098
2025-02-01,wk flu hosp rate change,2,2025-02-15,30,pmf,stable,0.12900000000000006
2025-02-01,wk flu hosp rate change,2,2025-02-15,30,pmf,increase,0.071
2025-02-01,wk flu hosp rate change,2,2025-02-15,30,pmf,large_increase,0.029
2025-02-01,wk flu hosp rate change,2,2025-02-15,30,pmf,decrease,0.77
2025-02-01,wk flu hosp rate change,2,2025-02-15,30,pmf,large_decrease,0.001
2025-02-01,wk flu hosp rate change,3,2025-02-22,30,pmf,stable,0.10000000000000012
2025-02-01,wk flu hosp rate change,3,2025-02-22,30,pmf,increase,0.032
2025-02-01,wk flu hosp rate change,3,2025-02-22,30,pmf,large_increase,0.013
2025-02-01,wk flu hosp rate change,3,2025-02-22,30,pmf,decrease,0.854
2025-02-01,wk flu hosp rate change,3,2025-02-22,30,pmf,large_decrease,0.001
2025-02-01,wk flu hosp rate change,0,2025-02-01,31,pmf,stable,0.035999999999999976
2025-02-01,wk flu hosp rate change,0,2025-02-01,31,pmf,increase,0.075
2025-02-01,wk flu hosp rate change,0,2025-02-01,31,pmf,large_increase,0.075
2025-02-01,wk flu hosp rate change,0,2025-02-01,31,pmf,decrease,0.196
2025-02-01,wk flu hosp rate change,0,2025-02-01,31,pmf,large_decrease,0.618
2025-02-01,wk flu hosp rate change,1,2025-02-08,31,pmf,stable,0.03100000000000011
2025-02-01,wk flu hosp rate change,1,2025-02-08,31,pmf,increase,0.038
2025-02-01,wk flu hosp rate change,1,2025-02-08,31,pmf,large_increase,0.023
2025-02-01,wk flu hosp rate change,1,2025-02-08,31,pmf,decrease,0.191
2025-02-01,wk flu hosp rate change,1,2025-02-08,31,pmf,large_decrease,0.717
2025-02-01,wk flu hosp rate change,2,2025-02-15,31,pmf,stable,0.014
2025-02-01,wk flu hosp rate change,2,2025-02-15,31,pmf,increase,0.008
2025-02-01,wk flu hosp rate change,2,2025-02-15,31,pmf,large_increase,0.012
2025-02-01,wk flu hosp rate change,2,2025-02-15,31,pmf,decrease,0.145
2025-02-01,wk flu hosp rate change,2,2025-02-15,31,pmf,large_decrease,0.821
2025-02-01,wk flu hosp rate change,3,2025-02-22,31,pmf,stable,0.00400000000000011
2025-02-01,wk flu hosp rate change,3,2025-02-22,31,pmf,increase,0.006
2025-02-01,wk flu hosp rate change,3,2025-02-22,31,pmf,large_increase,0.001
2025-02-01,wk flu hosp rate change,3,2025-02-22,31,pmf,decrease,0.111
2025-02-01,wk flu hosp rate change,3,2025-02-22,31,pmf,large_decrease,0.878
2025-02-01,wk flu hosp rate change,0,2025-02-01,32,pmf,stable,0.04900000000000011
2025-02-01,wk flu hosp rate change,0,2025-02-01,32,pmf,increase,0.025
2025-02-01,wk flu hosp rate change,0,2025-02-01,32,pmf,large_increase,0.014
2025-02-01,wk flu hosp rate change,0,2025-02-01,32,pmf,decrease,0.298
2025-02-01,wk flu hosp rate change,0,2025-02-01,32,pmf,large_decrease,0.614
2025-02-01,wk flu hosp rate change,1,2025-02-08,32,pmf,stable,0.007
2025-02-01,wk flu hosp rate change,1,2025-02-08,32,pmf,increase,0.003
2025-02-01,wk flu hosp rate change,1,2025-02-08,32,pmf,large_increase,0.011
2025-02-01,wk flu hosp rate change,1,2025-02-08,32,pmf,decrease,0.386
2025-02-01,wk flu hosp rate change,1,2025-02-08,32,pmf,large_decrease,0.593
2025-02-01,wk flu hosp rate change,2,2025-02-15,32,pmf,stable,0.001
2025-02-01,wk flu hosp rate change,2,2025-02-15,32,pmf,increase,0.004
2025-02-01,wk flu hosp rate change,2,2025-02-15,32,pmf,large_increase,0.011
2025-02-01,wk flu hosp rate change,2,2025-02-15,32,pmf,decrease,0.513
2025-02-01,wk flu hosp rate change,2,2025-02-15,32,pmf,large_decrease,0.471
2025-02-01,wk flu hosp rate change,3,2025-02-22,32,pmf,stable,0.0030000000000001102
2025-02-01,wk flu hosp rate change,3,2025-02-22,32,pmf,increase,0.004
2025-02-01,wk flu hosp rate change,3,2025-02-22,32,pmf,large_increase,0.007
2025-02-01,wk flu hosp rate change,3,2025-02-22,32,pmf,decrease,0.985
2025-02-01,wk flu hosp rate change,3,2025-02-22,32,pmf,large_decrease,0.001
2025-02-01,wk flu hosp rate change,0,2025-02-01,33,pmf,stable,0.08300000000000002
2025-02-01,wk flu hosp rate change,0,2025-02-01,33,pmf,increase,0.136
2025-02-01,wk flu hosp rate change,0,2025-02-01,33,pmf,large_increase,0.143
2025-02-01,wk flu hosp rate change,0,2025-02-01,33,pmf,decrease,0.227
2025-02-01,wk flu hosp rate change,0,2025-02-01,33,pmf,large_decrease,0.411
2025-02-01,wk flu hosp rate change,1,2025-02-08,33,pmf,stable,0.07799999999999997
2025-02-01,wk flu hosp rate change,1,2025-02-08,33,pmf,increase,0.099
2025-02-01,wk flu hosp rate change,1,2025-02-08,33,pmf,large_increase,0.043
2025-02-01,wk flu hosp rate change,1,2025-02-08,33,pmf,decrease,0.373
2025-02-01,wk flu hosp rate change,1,2025-02-08,33,pmf,large_decrease,0.407
2025-02-01,wk flu hosp rate change,2,2025-02-15,33,pmf,stable,0.04400000000000011
2025-02-01,wk flu hosp rate change,2,2025-02-15,33,pmf,increase,0.03
2025-02-01,wk flu hosp rate change,2,2025-02-15,33,pmf,large_increase,0.02
2025-02-01,wk flu hosp rate change,2,2025-02-15,33,pmf,decrease,0.418
2025-02-01,wk flu hosp rate change,2,2025-02-15,33,pmf,large_decrease,0.488
2025-02-01,wk flu hosp rate change,3,2025-02-22,33,pmf,stable,0.021
2025-02-01,wk flu hosp rate change,3,2025-02-22,33,pmf,increase,0.02
2025-02-01,wk flu hosp rate change,3,2025-02-22,33,pmf,large_increase,0.004
2025-02-01,wk flu hosp rate change,3,2025-02-22,33,pmf,decrease,0.398
2025-02-01,wk flu hosp rate change,3,2025-02-22,33,pmf,large_decrease,0.557
2025-02-01,wk flu hosp rate change,0,2025-02-01,34,pmf,stable,0.007
2025-02-01,wk flu hosp rate change,0,2025-02-01,34,pmf,increase,0.015
2025-02-01,wk flu hosp rate change,0,2025-02-01,34,pmf,large_increase,0.027
2025-02-01,wk flu hosp rate change,0,2025-02-01,34,pmf,decrease,0.026
2025-02-01,wk flu hosp rate change,0,2025-02-01,34,pmf,large_decrease,0.925
2025-02-01,wk flu hosp rate change,1,2025-02-08,34,pmf,stable,0.002
2025-02-01,wk flu hosp rate change,1,2025-02-08,34,pmf,increase,0.004
2025-02-01,wk flu hosp rate change,1,2025-02-08,34,pmf,large_increase,0.01
2025-02-01,wk flu hosp rate change,1,2025-02-08,34,pmf,decrease,0.008
2025-02-01,wk flu hosp rate change,1,2025-02-08,34,pmf,large_decrease,0.976
2025-02-01,wk flu hosp rate change,2,2025-02-15,34,pmf,stable,0.002
2025-02-01,wk flu hosp rate change,2,2025-02-15,34,pmf,increase,0.004
2025-02-01,wk flu hosp rate change,2,2025-02-15,34,pmf,large_increase,0.004
2025-02-01,wk flu hosp rate change,2,2025-02-15,34,pmf,decrease,0.005
2025-02-01,wk flu hosp rate change,2,2025-02-15,34,pmf,large_decrease,0.985
2025-02-01,wk flu hosp rate change,3,2025-02-22,34,pmf,stable,-0.0030000000000000035
2025-02-01,wk flu hosp rate change,3,2025-02-22,34,pmf,increase,0.001
2025-02-01,wk flu hosp rate change,3,2025-02-22,34,pmf,large_increase,0.001
2025-02-01,wk flu hosp rate change,3,2025-02-22,34,pmf,decrease,0.001
2025-02-01,wk flu hosp rate change,3,2025-02-22,34,pmf,large_decrease,1.0
2025-02-01,wk flu hosp rate change,0,2025-02-01,35,pmf,stable,0.033999999999999864
2025-02-01,wk flu hosp rate change,0,2025-02-01,35,pmf,increase,0.035
2025-02-01,wk flu hosp rate change,0,2025-02-01,35,pmf,large_increase,0.041
2025-02-01,wk flu hosp rate change,0,2025-02-01,35,pmf,decrease,0.208
2025-02-01,wk flu hosp rate change,0,2025-02-01,35,pmf,large_decrease,0.682
2025-02-01,wk flu hosp rate change,1,2025-02-08,35,pmf,stable,0.004
2025-02-01,wk flu hosp rate change,1,2025-02-08,35,pmf,increase,0.01
2025-02-01,wk flu hosp rate change,1,2025-02-08,35,pmf,large_increase,0.016
2025-02-01,wk flu hosp rate change,1,2025-02-08,35,pmf,decrease,0.141
2025-02-01,wk flu hosp rate change,1,2025-02-08,35,pmf,large_decrease,0.829
2025-02-01,wk flu hosp rate change,2,2025-02-15,35,pmf,stable,0.005
2025-02-01,wk flu hosp rate change,2,2025-02-15,35,pmf,increase,0.012
2025-02-01,wk flu hosp rate change,2,2025-02-15,35,pmf,large_increase,0.004
2025-02-01,wk flu hosp rate change,2,2025-02-15,35,pmf,decrease,0.078
2025-02-01,wk flu hosp rate change,2,2025-02-15,35,pmf,large_decrease,0.901
2025-02-01,wk flu hosp rate change,3,2025-02-22,35,pmf,stable,0.007999999999999887
2025-02-01,wk flu hosp rate change,3,2025-02-22,35,pmf,increase,0.005
2025-02-01,wk flu hosp rate change,3,2025-02-22,35,pmf,large_increase,0.001
2025-02-01,wk flu hosp rate change,3,2025-02-22,35,pmf,decrease,0.099
2025-02-01,wk flu hosp rate change,3,2025-02-22,35,pmf,large_decrease,0.887
2025-02-01,wk flu hosp rate change,0,2025-02-01,36,pmf,stable,0.023
2025-02-01,wk flu hosp rate change,0,2025-02-01,36,pmf,increase,0.027
2025-02-01,wk flu hosp rate change,0,2025-02-01,36,pmf,large_increase,0.02
2025-02-01,wk flu hosp rate change,0,2025-02-01,36,pmf,decrease,0.051
2025-02-01,wk flu hosp rate change,0,2025-02-01,36,pmf,large_decrease,0.879
2025-02-01,wk flu hosp rate change,1,2025-02-08,36,pmf,stable,0.004
2025-02-01,wk flu hosp rate change,1,2025-02-08,36,pmf,increase,0.003
2025-02-01,wk flu hosp rate change,1,2025-02-08,36,pmf,large_increase,0.004
2025-02-01,wk flu hosp rate change,1,2025-02-08,36,pmf,decrease,0.019
2025-02-01,wk flu hosp rate change,1,2025-02-08,36,pmf,large_decrease,0.97
2025-02-01,wk flu hosp rate change,2,2025-02-15,36,pmf,stable,1.1015494072452725e-16
2025-02-01,wk flu hosp rate change,2,2025-02-15,36,pmf,increase,0.002
2025-02-01,wk flu hosp rate change,2,2025-02-15,36,pmf,large_increase,0.001
2025-02-01,wk flu hosp rate change,2,2025-02-15,36,pmf,decrease,0.006
2025-02-01,wk flu hosp rate change,2,2025-02-15,36,pmf,large_decrease,0.991
2025-02-01,wk flu hosp rate change,3,2025-02-22,36,pmf,stable,-0.0019999999999998916
2025-02-01,wk flu hosp rate change,3,2025-02-22,36,pmf,increase,0.001
2025-02-01,wk flu hosp rate change,3,2025-02-22,36,pmf,large_increase,0.001
2025-02-01,wk flu hosp rate change,3,2025-02-22,36,pmf,decrease,0.001
2025-02-01,wk flu hosp rate change,3,2025-02-22,36,pmf,large_decrease,0.999
2025-02-01,wk flu hosp rate change,0,2025-02-01,37,pmf,stable,0.023
2025-02-01,wk flu hosp rate change,0,2025-02-01,37,pmf,increase,0.037
2025-02-01,wk flu hosp rate change,0,2025-02-01,37,pmf,large_increase,0.05
2025-02-01,wk flu hosp rate change,0,2025-02-01,37,pmf,decrease,0.087
2025-02-01,wk flu hosp rate change,0,2025-02-01,37,pmf,large_decrease,0.803
2025-02-01,wk flu hosp rate change,1,2025-02-08,37,pmf,stable,0.011
2025-02-01,wk flu hosp rate change,1,2025-02-08,37,pmf,increase,0.01
2025-02-01,wk flu hosp rate change,1,2025-02-08,37,pmf,large_increase,0.018
2025-02-01,wk flu hosp rate change,1,2025-02-08,37,pmf,decrease,0.06
2025-02-01,wk flu hosp rate change,1,2025-02-08,37,pmf,large_decrease,0.901
2025-02-01,wk flu hosp rate change,2,2025-02-15,37,pmf,stable,0.003
2025-02-01,wk flu hosp rate change,2,2025-02-15,37,pmf,increase,0.005
2025-02-01,wk flu hosp rate change,2,2025-02-15,37,pmf,large_increase,0.002
2025-02-01,wk flu hosp rate change,2,2025-02-15,37,pmf,decrease,0.028
2025-02-01,wk flu hosp rate change,2,2025-02-15,37,pmf,large_decrease,0.962
2025-02-01,wk flu hosp rate change,3,2025-02-22,37,pmf,stable,0.0009999999999999983
2025-02-01,wk flu hosp rate change,3,2025-02-22,37,pmf,increase,0.001
2025-02-01,wk flu hosp rate change,3,2025-02-22,37,pmf,large_increase,0.001
2025-02-01,wk flu hosp rate change,3,2025-02-22,37,pmf,decrease,0.015
2025-02-01,wk flu hosp rate change,3,2025-02-22,37,pmf,large_decrease,0.982
2025-02-01,wk flu hosp rate change,0,2025-02-01,38,pmf,stable,0.0810000000000001
2025-02-01,wk flu hosp rate change,0,2025-02-01,38,pmf,increase,0.1
2025-02-01,wk flu hosp rate change,0,2025-02-01,38,pmf,large_increase,0.314
2025-02-01,wk flu hosp rate change,0,2025-02-01,38,pmf,decrease,0.113
2025-02-01,wk flu hosp rate change,0,2025-02-01,38,pmf,large_decrease,0.392
2025-02-01,wk flu hosp rate change,1,2025-02-08,38,pmf,stable,0.0709999999999999
2025-02-01,wk flu hosp rate change,1,2025-02-08,38,pmf,increase,0.137
2025-02-01,wk flu hosp rate change,1,2025-02-08,38,pmf,large_increase,0.175
2025-02-01,wk flu hosp rate change,1,2025-02-08,38,pmf,decrease,0.188
2025-02-01,wk flu hosp rate change,1,2025-02-08,38,pmf,large_decrease,0.429
2025-02-01,wk flu hosp rate change,2,2025-02-15,38,pmf,stable,0.07699999999999996
2025-02-01,wk flu hosp rate change,2,2025-02-15,38,pmf,increase,0.066
2025-02-01,wk flu hosp rate change,2,2025-02-15,38,pmf,large_increase,0.056
2025-02-01,wk flu hosp rate change,2,2025-02-15,38,pmf,decrease,0.232
2025-02-01,wk flu hosp rate change,2,2025-02-15,38,pmf,large_decrease,0.569
2025-02-01,wk flu hosp rate change,3,2025-02-22,38,pmf,stable,0.03399999999999999
2025-02-01,wk flu hosp rate change,3,2025-02-22,38,pmf,increase,0.027
2025-02-01,wk flu hosp rate change,3,2025-02-22,38,pmf,large_increase,0.003
2025-02-01,wk flu hosp rate change,3,2025-02-22,38,pmf,decrease,0.181
2025-02-01,wk flu hosp rate change,3,2025-02-22,38,pmf,large_decrease,0.755
2025-02-01,wk flu hosp rate change,0,2025-02-01,39,pmf,stable,0.008
2025-02-01,wk flu hosp rate change,0,2025-02-01,39,pmf,increase,0.018
2025-02-01,wk flu hosp rate change,0,2025-02-01,39,pmf,large_increase,0.019
2025-02-01,wk flu hosp rate change,0,2025-02-01,39,pmf,decrease,0.053
2025-02-01,wk flu hosp rate change,0,2025-02-01,39,pmf,large_decrease,0.902
2025-02-01,wk flu hosp rate change,1,2025-02-08,39,pmf,stable,1.1015494072452725e-16
2025-02-01,wk flu hosp rate change,1,2025-02-08,39,pmf,increase,0.001
2025-02-01,wk flu hosp rate change,1,2025-02-08,39,pmf,large_increase,0.015
2025-02-01,wk flu hosp rate change,1,2025-02-08,39,pmf,decrease,0.014
2025-02-01,wk flu hosp rate change,1,2025-02-08,39,pmf,large_decrease,0.97
2025-02-01,wk flu hosp rate change,2,2025-02-15,39,pmf,stable,0.001
2025-02-01,wk flu hosp rate change,2,2025-02-15,39,pmf,increase,0.003
2025-02-01,wk flu hosp rate change,2,2025-02-15,39,pmf,large_increase,0.006
2025-02-01,wk flu hosp rate change,2,2025-02-15,39,pmf,decrease,0.004
2025-02-01,wk flu hosp rate change,2,2025-02-15,39,pmf,large_decrease,0.986
2025-02-01,wk flu hosp rate change,3,2025-02-22,39,pmf,stable,-0.0030000000000000035
2025-02-01,wk flu hosp rate change,3,2025-02-22,39,pmf,increase,0.001
2025-02-01,wk flu hosp rate change,3,2025-02-22,39,pmf,large_increase,0.001
2025-02-01,wk flu hosp rate change,3,2025-02-22,39,pmf,decrease,0.001
2025-02-01,wk flu hosp rate change,3,2025-02-22,39,pmf,large_decrease,1.0
2025-02-01,wk flu hosp rate change,0,2025-02-01,40,pmf,stable,0.021
2025-02-01,wk flu hosp rate change,0,2025-02-01,40,pmf,increase,0.032
2025-02-01,wk flu hosp rate change,0,2025-02-01,40,pmf,large_increase,0.053
2025-02-01,wk flu hosp rate change,0,2025-02-01,40,pmf,decrease,0.073
2025-02-01,wk flu hosp rate change,0,2025-02-01,40,pmf,large_decrease,0.821
2025-02-01,wk flu hosp rate change,1,2025-02-08,40,pmf,stable,0.012
2025-02-01,wk flu hosp rate change,1,2025-02-08,40,pmf,increase,0.006
2025-02-01,wk flu hosp rate change,1,2025-02-08,40,pmf,large_increase,0.022
2025-02-01,wk flu hosp rate change,1,2025-02-08,40,pmf,decrease,0.062
2025-02-01,wk flu hosp rate change,1,2025-02-08,40,pmf,large_decrease,0.898
2025-02-01,wk flu hosp rate change,2,2025-02-15,40,pmf,stable,0.005
2025-02-01,wk flu hosp rate change,2,2025-02-15,40,pmf,increase,0.002
2025-02-01,wk flu hosp rate change,2,2025-02-15,40,pmf,large_increase,0.007
2025-02-01,wk flu hosp rate change,2,2025-02-15,40,pmf,decrease,0.021
2025-02-01,wk flu hosp rate change,2,2025-02-15,40,pmf,large_decrease,0.965
2025-02-01,wk flu hosp rate change,3,2025-02-22,40,pmf,stable,-0.0010000000000000018
2025-02-01,wk flu hosp rate change,3,2025-02-22,40,pmf,increase,0.001
2025-02-01,wk flu hosp rate change,3,2025-02-22,40,pmf,large_increase,0.001
2025-02-01,wk flu hosp rate change,3,2025-02-22,40,pmf,decrease,0.007
2025-02-01,wk flu hosp rate change,3,2025-02-22,40,pmf,large_decrease,0.992
2025-02-01,wk flu hosp rate change,0,2025-02-01,41,pmf,stable,0.048
2025-02-01,wk flu hosp rate change,0,2025-02-01,41,pmf,increase,0.037
2025-02-01,wk flu hosp rate change,0,2025-02-01,41,pmf,large_increase,0.019
2025-02-01,wk flu hosp rate change,0,2025-02-01,41,pmf,decrease,0.254
2025-02-01,wk flu hosp rate change,0,2025-02-01,41,pmf,large_decrease,0.642
2025-02-01,wk flu hosp rate change,1,2025-02-08,41,pmf,stable,0.006
2025-02-01,wk flu hosp rate change,1,2025-02-08,41,pmf,increase,0.004
2025-02-01,wk flu hosp rate change,1,2025-02-08,41,pmf,large_increase,0.012
2025-02-01,wk flu hosp rate change,1,2025-02-08,41,pmf,decrease,0.278
2025-02-01,wk flu hosp rate change,1,2025-02-08,41,pmf,large_decrease,0.7
2025-02-01,wk flu hosp rate change,2,2025-02-15,41,pmf,stable,0.003
2025-02-01,wk flu hosp rate change,2,2025-02-15,41,pmf,increase,0.003
2025-02-01,wk flu hosp rate change,2,2025-02-15,41,pmf,large_increase,0.007
2025-02-01,wk flu hosp rate change,2,2025-02-15,41,pmf,decrease,0.373
2025-02-01,wk flu hosp rate change,2,2025-02-15,41,pmf,large_decrease,0.614
2025-02-01,wk flu hosp rate change,3,2025-02-22,41,pmf,stable,-0.0009999999999997797
2025-02-01,wk flu hosp rate change,3,2025-02-22,41,pmf,increase,0.008
2025-02-01,wk flu hosp rate change,3,2025-02-22,41,pmf,large_increase,0.001
2025-02-01,wk flu hosp rate change,3,2025-02-22,41,pmf,decrease,0.991
2025-02-01,wk flu hosp rate change,3,2025-02-22,41,pmf,large_decrease,0.001
2025-02-01,wk flu hosp rate change,0,2025-02-01,42,pmf,stable,0.003
2025-02-01,wk flu hosp rate change,0,2025-02-01,42,pmf,increase,0.006
2025-02-01,wk flu hosp rate change,0,2025-02-01,42,pmf,large_increase,0.031
2025-02-01,wk flu hosp rate change,0,2025-02-01,42,pmf,decrease,0.015
2025-02-01,wk flu hosp rate change,0,2025-02-01,42,pmf,large_decrease,0.945
2025-02-01,wk flu hosp rate change,1,2025-02-08,42,pmf,stable,0.001
2025-02-01,wk flu hosp rate change,1,2025-02-08,42,pmf,increase,0.004
2025-02-01,wk flu hosp rate change,1,2025-02-08,42,pmf,large_increase,0.011
2025-02-01,wk flu hosp rate change,1,2025-02-08,42,pmf,decrease,0.002
2025-02-01,wk flu hosp rate change,1,2025-02-08,42,pmf,large_decrease,0.982
2025-02-01,wk flu hosp rate change,2,2025-02-15,42,pmf,stable,-0.0019999999999998916
2025-02-01,wk flu hosp rate change,2,2025-02-15,42,pmf,increase,0.001
2025-02-01,wk flu hosp rate change,2,2025-02-15,42,pmf,large_increase,0.001
2025-02-01,wk flu hosp rate change,2,2025-02-15,42,pmf,decrease,0.001
2025-02-01,wk flu hosp rate change,2,2025-02-15,42,pmf,large_decrease,0.999
2025-02-01,wk flu hosp rate change,3,2025-02-22,42,pmf,stable,-0.0030000000000000035
2025-02-01,wk flu hosp rate change,3,2025-02-22,42,pmf,increase,0.001
2025-02-01,wk flu hosp rate change,3,2025-02-22,42,pmf,large_increase,0.001
2025-02-01,wk flu hosp rate change,3,2025-02-22,42,pmf,decrease,0.001
2025-02-01,wk flu hosp rate change,3,2025-02-22,42,pmf,large_decrease,1.0
2025-02-01,wk flu hosp rate change,0,2025-02-01,44,pmf,stable,0.0719999999999999
2025-02-01,wk flu hosp rate change,0,2025-02-01,44,pmf,increase,0.093
2025-02-01,wk flu hosp rate change,0,2025-02-01,44,pmf,large_increase,0.13
2025-02-01,wk flu hosp rate change,0,2025-02-01,44,pmf,decrease,0.176
2025-02-01,wk flu hosp rate change,0,2025-02-01,44,pmf,large_decrease,0.529
2025-02-01,wk flu hosp rate change,1,2025-02-08,44,pmf,stable,0.04700000000000007
2025-02-01,wk flu hosp rate change,1,2025-02-08,44,pmf,increase,0.063
2025-02-01,wk flu hosp rate change,1,2025-02-08,44,pmf,large_increase,0.042
2025-02-01,wk flu hosp rate change,1,2025-02-08,44,pmf,decrease,0.249
2025-02-01,wk flu hosp rate change,1,2025-02-08,44,pmf,large_decrease,0.599
2025-02-01,wk flu hosp rate change,2,2025-02-15,44,pmf,stable,0.02099999999999999
2025-02-01,wk flu hosp rate change,2,2025-02-15,44,pmf,increase,0.017
2025-02-01,wk flu hosp rate change,2,2025-02-15,44,pmf,large_increase,0.015
2025-02-01,wk flu hosp rate change,2,2025-02-15,44,pmf,decrease,0.197
2025-02-01,wk flu hosp rate change,2,2025-02-15,44,pmf,large_decrease,0.75
2025-02-01,wk flu hosp rate change,3,2025-02-22,44,pmf,stable,0.013
2025-02-01,wk flu hosp rate change,3,2025-02-22,44,pmf,increase,0.009
2025-02-01,wk flu hosp rate change,3,2025-02-22,44,pmf,large_increase,0.001
2025-02-01,wk flu hosp rate change,3,2025-02-22,44,pmf,decrease,0.121
2025-02-01,wk flu hosp rate change,3,2025-02-22,44,pmf,large_decrease,0.856
2025-02-01,wk flu hosp rate change,0,2025-02-01,45,pmf,stable,0.035
2025-02-01,wk flu hosp rate change,0,2025-02-01,45,pmf,increase,0.044
2025-02-01,wk flu hosp rate change,0,2025-02-01,45,pmf,large_increase,0.074
2025-02-01,wk flu hosp rate change,0,2025-02-01,45,pmf,decrease,0.11
2025-02-01,wk flu hosp rate change,0,2025-02-01,45,pmf,large_decrease,0.737
2025-02-01,wk flu hosp rate change,1,2025-02-08,45,pmf,stable,0.01
2025-02-01,wk flu hosp rate change,1,2025-02-08,45,pmf,increase,0.019
2025-02-01,wk flu hosp rate change,1,2025-02-08,45,pmf,large_increase,0.019
2025-02-01,wk flu hosp rate change,1,2025-02-08,45,pmf,decrease,0.072
2025-02-01,wk flu hosp rate change,1,2025-02-08,45,pmf,large_decrease,0.88
2025-02-01,wk flu hosp rate change,2,2025-02-15,45,pmf,stable,0.004
2025-02-01,wk flu hosp rate change,2,2025-02-15,45,pmf,increase,0.007
2025-02-01,wk flu hosp rate change,2,2025-02-15,45,pmf,large_increase,0.002
2025-02-01,wk flu hosp rate change,2,2025-02-15,45,pmf,decrease,0.029
2025-02-01,wk flu hosp rate change,2,2025-02-15,45,pmf,large_decrease,0.958
2025-02-01,wk flu hosp rate change,3,2025-02-22,45,pmf,stable,-0.0019999999999998916
2025-02-01,wk flu hosp rate change,3,2025-02-22,45,pmf,increase,0.001
2025-02-01,wk flu hosp rate change,3,2025-02-22,45,pmf,large_increase,0.001
2025-02-01,wk flu hosp rate change,3,2025-02-22,45,pmf,decrease,0.015
2025-02-01,wk flu hosp rate change,3,2025-02-22,45,pmf,large_decrease,0.985
2025-02-01,wk flu hosp rate change,0,2025-02-01,46,pmf,stable,0.07699999999999996
2025-02-01,wk flu hosp rate change,0,2025-02-01,46,pmf,increase,0.097
2025-02-01,wk flu hosp rate change,0,2025-02-01,46,pmf,large_increase,0.098
2025-02-01,wk flu hosp rate change,0,2025-02-01,46,pmf,decrease,0.207
2025-02-01,wk flu hosp rate change,0,2025-02-01,46,pmf,large_decrease,0.521
2025-02-01,wk flu hosp rate change,1,2025-02-08,46,pmf,stable,0.0579999999999998
2025-02-01,wk flu hosp rate change,1,2025-02-08,46,pmf,increase,0.063
2025-02-01,wk flu hosp rate change,1,2025-02-08,46,pmf,large_increase,0.027
2025-02-01,wk flu hosp rate change,1,2025-02-08,46,pmf,decrease,0.311
2025-02-01,wk flu hosp rate change,1,2025-02-08,46,pmf,large_decrease,0.541
2025-02-01,wk flu hosp rate change,2,2025-02-15,46,pmf,stable,0.028999999999999873
2025-02-01,wk flu hosp rate change,2,2025-02-15,46,pmf,increase,0.013
2025-02-01,wk flu hosp rate change,2,2025-02-15,46,pmf,large_increase,0.012
2025-02-01,wk flu hosp rate change,2,2025-02-15,46,pmf,decrease,0.277
2025-02-01,wk flu hosp rate change,2,2025-02-15,46,pmf,large_decrease,0.669
2025-02-01,wk flu hosp rate change,3,2025-02-22,46,pmf,stable,0.0039999999999998865
2025-02-01,wk flu hosp rate change,3,2025-02-22,46,pmf,increase,0.01
2025-02-01,wk flu hosp rate change,3,2025-02-22,46,pmf,large_increase,0.001
2025-02-01,wk flu hosp rate change,3,2025-02-22,46,pmf,decrease,0.215
2025-02-01,wk flu hosp rate change,3,2025-02-22,46,pmf,large_decrease,0.77
2025-02-01,wk flu hosp rate change,0,2025-02-01,47,pmf,stable,0.029
2025-02-01,wk flu hosp rate change,0,2025-02-01,47,pmf,increase,0.05
2025-02-01,wk flu hosp rate change,0,2025-02-01,47,pmf,large_increase,0.034
2025-02-01,wk flu hosp rate change,0,2025-02-01,47,pmf,decrease,0.152
2025-02-01,wk flu hosp rate change,0,2025-02-01,47,pmf,large_decrease,0.735
2025-02-01,wk flu hosp rate change,1,2025-02-08,47,pmf,stable,0.007
2025-02-01,wk flu hosp rate change,1,2025-02-08,47,pmf,increase,0.009
2025-02-01,wk flu hosp rate change,1,2025-02-08,47,pmf,large_increase,0.003
2025-02-01,wk flu hosp rate change,1,2025-02-08,47,pmf,decrease,0.112
2025-02-01,wk flu hosp rate change,1,2025-02-08,47,pmf,large_decrease,0.869
2025-02-01,wk flu hosp rate change,2,2025-02-15,47,pmf,stable,0.004
2025-02-01,wk flu hosp rate change,2,2025-02-15,47,pmf,increase,0.001
2025-02-01,wk flu hosp rate change,2,2025-02-15,47,pmf,large_increase,0.002
2025-02-01,wk flu hosp rate change,2,2025-02-15,47,pmf,decrease,0.059
2025-02-01,wk flu hosp rate change,2,2025-02-15,47,pmf,large_decrease,0.934
2025-02-01,wk flu hosp rate change,3,2025-02-22,47,pmf,stable,1.1015494072452725e-16
2025-02-01,wk flu hosp rate change,3,2025-02-22,47,pmf,increase,0.001
2025-02-01,wk flu hosp rate change,3,2025-02-22,47,pmf,large_increase,0.001
2025-02-01,wk flu hosp rate change,3,2025-02-22,47,pmf,decrease,0.044
2025-02-01,wk flu hosp rate change,3,2025-02-22,47,pmf,large_decrease,0.954
2025-02-01,wk flu hosp rate change,0,2025-02-01,48,pmf,stable,0.049
2025-02-01,wk flu hosp rate change,0,2025-02-01,48,pmf,increase,0.068
2025-02-01,wk flu hosp rate change,0,2025-02-01,48,pmf,large_increase,0.065
2025-02-01,wk flu hosp rate change,0,2025-02-01,48,pmf,decrease,0.194
2025-02-01,wk flu hosp rate change,0,2025-02-01,48,pmf,large_decrease,0.624
2025-02-01,wk flu hosp rate change,1,2025-02-08,48,pmf,stable,0.031
2025-02-01,wk flu hosp rate change,1,2025-02-08,48,pmf,increase,0.02
2025-02-01,wk flu hosp rate change,1,2025-02-08,48,pmf,large_increase,0.024
2025-02-01,wk flu hosp rate change,1,2025-02-08,48,pmf,decrease,0.193
2025-02-01,wk flu hosp rate change,1,2025-02-08,48,pmf,large_decrease,0.732
2025-02-01,wk flu hosp rate change,2,2025-02-15,48,pmf,stable,0.005
2025-02-01,wk flu hosp rate change,2,2025-02-15,48,pmf,increase,0.012
2025-02-01,wk flu hosp rate change,2,2025-02-15,48,pmf,large_increase,0.011
2025-02-01,wk flu hosp rate change,2,2025-02-15,48,pmf,decrease,0.146
2025-02-01,wk flu hosp rate change,2,2025-02-15,48,pmf,large_decrease,0.826
2025-02-01,wk flu hosp rate change,3,2025-02-22,48,pmf,stable,0.004999999999999888
2025-02-01,wk flu hosp rate change,3,2025-02-22,48,pmf,increase,0.009
2025-02-01,wk flu hosp rate change,3,2025-02-22,48,pmf,large_increase,0.001
2025-02-01,wk flu hosp rate change,3,2025-02-22,48,pmf,decrease,0.089
2025-02-01,wk flu hosp rate change,3,2025-02-22,48,pmf,large_decrease,0.896
2025-02-01,wk flu hosp rate change,0,2025-02-01,49,pmf,stable,0.064
2025-02-01,wk flu hosp rate change,0,2025-02-01,49,pmf,increase,0.049
2025-02-01,wk flu hosp rate change,0,2025-02-01,49,pmf,large_increase,0.026
2025-02-01,wk flu hosp rate change,0,2025-02-01,49,pmf,decrease,0.302
2025-02-01,wk flu hosp rate change,0,2025-02-01,49,pmf,large_decrease,0.559
2025-02-01,wk flu hosp rate change,1,2025-02-08,49,pmf,stable,0.018
2025-02-01,wk flu hosp rate change,1,2025-02-08,49,pmf,increase,0.006
2025-02-01,wk flu hosp rate change,1,2025-02-08,49,pmf,large_increase,0.016
2025-02-01,wk flu hosp rate change,1,2025-02-08,49,pmf,decrease,0.391
2025-02-01,wk flu hosp rate change,1,2025-02-08,49,pmf,large_decrease,0.569
2025-02-01,wk flu hosp rate change,2,2025-02-15,49,pmf,stable,0.003
2025-02-01,wk flu hosp rate change,2,2025-02-15,49,pmf,increase,0.005
2025-02-01,wk flu hosp rate change,2,2025-02-15,49,pmf,large_increase,0.012
2025-02-01,wk flu hosp rate change,2,2025-02-15,49,pmf,decrease,0.504
2025-02-01,wk flu hosp rate change,2,2025-02-15,49,pmf,large_decrease,0.476
2025-02-01,wk flu hosp rate change,3,2025-02-22,49,pmf,stable,0.00500000000000011
2025-02-01,wk flu hosp rate change,3,2025-02-22,49,pmf,increase,0.006
2025-02-01,wk flu hosp rate change,3,2025-02-22,49,pmf,large_increase,0.002
2025-02-01,wk flu hosp rate change,3,2025-02-22,49,pmf,decrease,0.986
2025-02-01,wk flu hosp rate change,3,2025-02-22,49,pmf,large_decrease,0.001
2025-02-01,wk flu hosp rate change,0,2025-02-01,50,pmf,stable,0.068
2025-02-01,wk flu hosp rate change,0,2025-02-01,50,pmf,increase,0.102
2025-02-01,wk flu hosp rate change,0,2025-02-01,50,pmf,large_increase,0.135
2025-02-01,wk flu hosp rate change,0,2025-02-01,50,pmf,decrease,0.193
2025-02-01,wk flu hosp rate change,0,2025-02-01,50,pmf,large_decrease,0.502
2025-02-01,wk flu hosp rate change,1,2025-02-08,50,pmf,stable,0.062000000000000194
2025-02-01,wk flu hosp rate change,1,2025-02-08,50,pmf,increase,0.096
2025-02-01,wk flu hosp rate change,1,2025-02-08,50,pmf,large_increase,0.048
2025-02-01,wk flu hosp rate change,1,2025-02-08,50,pmf,decrease,0.283
2025-02-01,wk flu hosp rate change,1,2025-02-08,50,pmf,large_decrease,0.511
2025-02-01,wk flu hosp rate change,2,2025-02-15,50,pmf,stable,0.04599999999999996
2025-02-01,wk flu hosp rate change,2,2025-02-15,50,pmf,increase,0.036
2025-02-01,wk flu hosp rate change,2,2025-02-15,50,pmf,large_increase,0.014
2025-02-01,wk flu hosp rate change,2,2025-02-15,50,pmf,decrease,0.316
2025-02-01,wk flu hosp rate change,2,2025-02-15,50,pmf,large_decrease,0.588
2025-02-01,wk flu hosp rate change,3,2025-02-22,50,pmf,stable,0.020999999999999873
2025-02-01,wk flu hosp rate change,3,2025-02-22,50,pmf,increase,0.018
2025-02-01,wk flu hosp rate change,3,2025-02-22,50,pmf,large_increase,0.001
2025-02-01,wk flu hosp rate change,3,2025-02-22,50,pmf,decrease,0.281
2025-02-01,wk flu hosp rate change,3,2025-02-22,50,pmf,large_decrease,0.679
2025-02-01,wk flu hosp rate change,0,2025-02-01,51,pmf,stable,0.094
2025-02-01,wk flu hosp rate change,0,2025-02-01,51,pmf,increase,0.115
2025-02-01,wk flu hosp rate change,0,2025-02-01,51,pmf,large_increase,0.102
2025-02-01,wk flu hosp rate change,0,2025-02-01,51,pmf,decrease,0.255
2025-02-01,wk flu hosp rate change,0,2025-02-01,51,pmf,large_decrease,0.434
2025-02-01,wk flu hosp rate change,1,2025-02-08,51,pmf,stable,0.076
2025-02-01,wk flu hosp rate change,1,2025-02-08,51,pmf,increase,0.081
2025-02-01,wk flu hosp rate change,1,2025-02-08,51,pmf,large_increase,0.031
2025-02-01,wk flu hosp rate change,1,2025-02-08,51,pmf,decrease,0.393
2025-02-01,wk flu hosp rate change,1,2025-02-08,51,pmf,large_decrease,0.419
2025-02-01,wk flu hosp rate change,2,2025-02-15,51,pmf,stable,0.052
2025-02-01,wk flu hosp rate change,2,2025-02-15,51,pmf,increase,0.029
2025-02-01,wk flu hosp rate change,2,2025-02-15,51,pmf,large_increase,0.012
2025-02-01,wk flu hosp rate change,2,2025-02-15,51,pmf,decrease,0.444
2025-02-01,wk flu hosp rate change,2,2025-02-15,51,pmf,large_decrease,0.463
2025-02-01,wk flu hosp rate change,3,2025-02-22,51,pmf,stable,0.025
2025-02-01,wk flu hosp rate change,3,2025-02-22,51,pmf,increase,0.01
2025-02-01,wk flu hosp rate change,3,2025-02-22,51,pmf,large_increase,0.008
2025-02-01,wk flu hosp rate change,3,2025-02-22,51,pmf,decrease,0.504
2025-02-01,wk flu hosp rate change,3,2025-02-22,51,pmf,large_decrease,0.453
2025-02-01,wk flu hosp rate change,0,2025-02-01,53,pmf,stable,0.06
2025-02-01,wk flu hosp rate change,0,2025-02-01,53,pmf,increase,0.081
2025-02-01,wk flu hosp rate change,0,2025-02-01,53,pmf,large_increase,0.047
2025-02-01,wk flu hosp rate change,0,2025-02-01,53,pmf,decrease,0.216
2025-02-01,wk flu hosp rate change,0,2025-02-01,53,pmf,large_decrease,0.596
2025-02-01,wk flu hosp rate change,1,2025-02-08,53,pmf,stable,0.039
2025-02-01,wk flu hosp rate change,1,2025-02-08,53,pmf,increase,0.02
2025-02-01,wk flu hosp rate change,1,2025-02-08,53,pmf,large_increase,0.02
2025-02-01,wk flu hosp rate change,1,2025-02-08,53,pmf,decrease,0.324
2025-02-01,wk flu hosp rate change,1,2025-02-08,53,pmf,large_decrease,0.597
2025-02-01,wk flu hosp rate change,2,2025-02-15,53,pmf,stable,0.01
2025-02-01,wk flu hosp rate change,2,2025-02-15,53,pmf,increase,0.013
2025-02-01,wk flu hosp rate change,2,2025-02-15,53,pmf,large_increase,0.008
2025-02-01,wk flu hosp rate change,2,2025-02-15,53,pmf,decrease,0.353
2025-02-01,wk flu hosp rate change,2,2025-02-15,53,pmf,large_decrease,0.616
2025-02-01,wk flu hosp rate change,3,2025-02-22,53,pmf,stable,0.009
2025-02-01,wk flu hosp rate change,3,2025-02-22,53,pmf,increase,0.003
2025-02-01,wk flu hosp rate change,3,2025-02-22,53,pmf,large_increase,0.007
2025-02-01,wk flu hosp rate change,3,2025-02-22,53,pmf,decrease,0.444
2025-02-01,wk flu hosp rate change,3,2025-02-22,53,pmf,large_decrease,0.537
2025-02-01,wk flu hosp rate change,0,2025-02-01,54,pmf,stable,0.07000000000000019
2025-02-01,wk flu hosp rate change,0,2025-02-01,54,pmf,increase,0.072
2025-02-01,wk flu hosp rate change,0,2025-02-01,54,pmf,large_increase,0.104
2025-02-01,wk flu hosp rate change,0,2025-02-01,54,pmf,decrease,0.189
2025-02-01,wk flu hosp rate change,0,2025-02-01,54,pmf,large_decrease,0.565
2025-02-01,wk flu hosp rate change,1,2025-02-08,54,pmf,stable,0.034999999999999996
2025-02-01,wk flu hosp rate change,1,2025-02-08,54,pmf,increase,0.035
2025-02-01,wk flu hosp rate change,1,2025-02-08,54,pmf,large_increase,0.023
2025-02-01,wk flu hosp rate change,1,2025-02-08,54,pmf,decrease,0.215
2025-02-01,wk flu hosp rate change,1,2025-02-08,54,pmf,large_decrease,0.692
2025-02-01,wk flu hosp rate change,2,2025-02-15,54,pmf,stable,0.015
2025-02-01,wk flu hosp rate change,2,2025-02-15,54,pmf,increase,0.009
2025-02-01,wk flu hosp rate change,2,2025-02-15,54,pmf,large_increase,0.013
2025-02-01,wk flu hosp rate change,2,2025-02-15,54,pmf,decrease,0.142
2025-02-01,wk flu hosp rate change,2,2025-02-15,54,pmf,large_decrease,0.821
2025-02-01,wk flu hosp rate change,3,2025-02-22,54,pmf,stable,0.009
2025-02-01,wk flu hosp rate change,3,2025-02-22,54,pmf,increase,0.008
2025-02-01,wk flu hosp rate change,3,2025-02-22,54,pmf,large_increase,0.001
2025-02-01,wk flu hosp rate change,3,2025-02-22,54,pmf,decrease,0.1
2025-02-01,wk flu hosp rate change,3,2025-02-22,54,pmf,large_decrease,0.882
2025-02-01,wk flu hosp rate change,0,2025-02-01,55,pmf,stable,0.032
2025-02-01,wk flu hosp rate change,0,2025-02-01,55,pmf,increase,0.083
2025-02-01,wk flu hosp rate change,0,2025-02-01,55,pmf,large_increase,0.103
2025-02-01,wk flu hosp rate change,0,2025-02-01,55,pmf,decrease,0.107
2025-02-01,wk flu hosp rate change,0,2025-02-01,55,pmf,large_decrease,0.675
2025-02-01,wk flu hosp rate change,1,2025-02-08,55,pmf,stable,0.027
2025-02-01,wk flu hosp rate change,1,2025-02-08,55,pmf,increase,0.033
2025-02-01,wk flu hosp rate change,1,2025-02-08,55,pmf,large_increase,0.029
2025-02-01,wk flu hosp rate change,1,2025-02-08,55,pmf,decrease,0.114
2025-02-01,wk flu hosp rate change,1,2025-02-08,55,pmf,large_decrease,0.797
2025-02-01,wk flu hosp rate change,2,2025-02-15,55,pmf,stable,0.008
2025-02-01,wk flu hosp rate change,2,2025-02-15,55,pmf,increase,0.005
2025-02-01,wk flu hosp rate change,2,2025-02-15,55,pmf,large_increase,0.008
2025-02-01,wk flu hosp rate change,2,2025-02-15,55,pmf,decrease,0.041
2025-02-01,wk flu hosp rate change,2,2025-02-15,55,pmf,large_decrease,0.938
2025-02-01,wk flu hosp rate change,3,2025-02-22,55,pmf,stable,-0.0019999999999998916
2025-02-01,wk flu hosp rate change,3,2025-02-22,55,pmf,increase,0.001
2025-02-01,wk flu hosp rate change,3,2025-02-22,55,pmf,large_increase,0.001
2025-02-01,wk flu hosp rate change,3,2025-02-22,55,pmf,decrease,0.02
2025-02-01,wk flu hosp rate change,3,2025-02-22,55,pmf,large_decrease,0.98
2025-02-01,wk flu hosp rate change,0,2025-02-01,56,pmf,stable,0.0009999999999999905
2025-02-01,wk flu hosp rate change,0,2025-02-01,56,pmf,increase,0.005
2025-02-01,wk flu hosp rate change,0,2025-02-01,56,pmf,large_increase,0.011
2025-02-01,wk flu hosp rate change,0,2025-02-01,56,pmf,decrease,0.005
2025-02-01,wk flu hosp rate change,0,2025-02-01,56,pmf,large_decrease,0.978
2025-02-01,wk flu hosp rate change,1,2025-02-08,56,pmf,stable,-0.0010000000000000035
2025-02-01,wk flu hosp rate change,1,2025-02-08,56,pmf,increase,0.001
2025-02-01,wk flu hosp rate change,1,2025-02-08,56,pmf,large_increase,0.007
2025-02-01,wk flu hosp rate change,1,2025-02-08,56,pmf,decrease,0.004
2025-02-01,wk flu hosp rate change,1,2025-02-08,56,pmf,large_decrease,0.989
2025-02-01,wk flu hosp rate change,2,2025-02-15,56,pmf,stable,-0.0009999999999998916
2025-02-01,wk flu hosp rate change,2,2025-02-15,56,pmf,increase,0.006
2025-02-01,wk flu hosp rate change,2,2025-02-15,56,pmf,large_increase,0.001
2025-02-01,wk flu hosp rate change,2,2025-02-15,56,pmf,decrease,0.003
2025-02-01,wk flu hosp rate change,2,2025-02-15,56,pmf,large_decrease,0.991
2025-02-01,wk flu hosp rate change,3,2025-02-22,56,pmf,stable,-0.0019999999999998916
2025-02-01,wk flu hosp rate change,3,2025-02-22,56,pmf,increase,0.001
2025-02-01,wk flu hosp rate change,3,2025-02-22,56,pmf,large_increase,0.001
2025-02-01,wk flu hosp rate change,3,2025-02-22,56,pmf,decrease,0.003
2025-02-01,wk flu hosp rate change,3,2025-02-22,56,pmf,large_decrease,0.997
2025-02-01,wk flu hosp rate change,0,2025-02-01,72,pmf,stable,0.056000000000000105
2025-02-01,wk flu hosp rate change,0,2025-02-01,72,pmf,increase,0.328
2025-02-01,wk flu hosp rate change,0,2025-02-01,72,pmf,large_increase,0.579
2025-02-01,wk flu hosp rate change,0,2025-02-01,72,pmf,decrease,0.036
2025-02-01,wk flu hosp rate change,0,2025-02-01,72,pmf,large_decrease,0.001
2025-02-01,wk flu hosp rate change,1,2025-02-08,72,pmf,stable,0.1540000000000001
2025-02-01,wk flu hosp rate change,1,2025-02-08,72,pmf,increase,0.517
2025-02-01,wk flu hosp rate change,1,2025-02-08,72,pmf,large_increase,0.307
2025-02-01,wk flu hosp rate change,1,2025-02-08,72,pmf,decrease,0.021
2025-02-01,wk flu hosp rate change,1,2025-02-08,72,pmf,large_decrease,0.001
2025-02-01,wk flu hosp rate change,2,2025-02-15,72,pmf,stable,0.3500000000000001
2025-02-01,wk flu hosp rate change,2,2025-02-15,72,pmf,increase,0.498
2025-02-01,wk flu hosp rate change,2,2025-02-15,72,pmf,large_increase,0.143
2025-02-01,wk flu hosp rate change,2,2025-02-15,72,pmf,decrease,0.008
2025-02-01,wk flu hosp rate change,2,2025-02-15,72,pmf,large_decrease,0.001
2025-02-01,wk flu hosp rate change,3,2025-02-22,72,pmf,stable,0.5650000000000002
2025-02-01,wk flu hosp rate change,3,2025-02-22,72,pmf,increase,0.372
2025-02-01,wk flu hosp rate change,3,2025-02-22,72,pmf,large_increase,0.061
2025-02-01,wk flu hosp rate change,3,2025-02-22,72,pmf,decrease,0.001
2025-02-01,wk flu hosp rate change,3,2025-02-22,72,pmf,large_decrease,0.001
2025-02-01,wk flu hosp rate change,0,2025-02-01,US,pmf,stable,0.02
2025-02-01,wk flu hosp rate change,0,2025-02-01,US,pmf,increase,0.031
2025-02-01,wk flu hosp rate change,0,2025-02-01,US,pmf,large_increase,0.038
2025-02-01,wk flu hosp rate change,0,2025-02-01,US,pmf,decrease,0.093
2025-02-01,wk flu hosp rate change,0,2025-02-01,US,pmf,large_decrease,0.818
2025-02-01,wk flu hosp rate change,1,2025-02-08,US,pmf,stable,0.005
2025-02-01,wk flu hosp rate change,1,2025-02-08,US,pmf,increase,0.008
2025-02-01,wk flu hosp rate change,1,2025-02-08,US,pmf,large_increase,0.013
2025-02-01,wk flu hosp rate change,1,2025-02-08,US,pmf,decrease,0.055
2025-02-01,wk flu hosp rate change,1,2025-02-08,US,pmf,large_decrease,0.919
2025-02-01,wk flu hosp rate change,2,2025-02-15,US,pmf,stable,0.002
2025-02-01,wk flu hosp rate change,2,2025-02-15,US,pmf,increase,0.001
2025-02-01,wk flu hosp rate change,2,2025-02-15,US,pmf,large_increase,0.008
2025-02-01,wk flu hosp rate change,2,2025-02-15,US,pmf,decrease,0.014
2025-02-01,wk flu hosp rate change,2,2025-02-15,US,pmf,large_decrease,0.975
2025-02-01,wk flu hosp rate change,3,2025-02-22,US,pmf,stable,0.00400000000000011
2025-02-01,wk flu hosp rate change,3,2025-02-22,US,pmf,increase,0.002
2025-02-01,wk flu hosp rate change,3,2025-02-22,US,pmf,large_increase,0.001
2025-02-01,wk flu hosp rate change,3,2025-02-22,US,pmf,decrease,0.009
2025-02-01,wk flu hosp rate change,3,2025-02-22,US,pmf,large_decrease,0.984
