reference_date,target,horizon,target_end_date,location,output_type,output_type_id,value
2024-11-16,wk inc flu hosp,0,2024-11-16,01,quantile,0.01,0.865
2024-11-16,wk inc flu hosp,0,2024-11-16,01,quantile,0.025,2.644
2024-11-16,wk inc flu hosp,0,2024-11-16,01,quantile,0.05,3.505
2024-11-16,wk inc flu hosp,0,2024-11-16,01,quantile,0.1,5.163
2024-11-16,wk inc flu hosp,0,2024-11-16,01,quantile,0.15,6.234
2024-11-16,wk inc flu hosp,0,2024-11-16,01,quantile,0.2,7.718
2024-11-16,wk inc flu hosp,0,2024-11-16,01,quantile,0.25,9.129
2024-11-16,wk inc flu hosp,0,2024-11-16,01,quantile,0.3,10.645
2024-11-16,wk inc flu hosp,0,2024-11-16,01,quantile,0.35,12.208
2024-11-16,wk inc flu hosp,0,2024-11-16,01,quantile,0.4,13.93
2024-11-16,wk inc flu hosp,0,2024-11-16,01,quantile,0.45,16.122
2024-11-16,wk inc flu hosp,0,2024-11-16,01,quantile,0.5,18.396
2024-11-16,wk inc flu hosp,0,2024-11-16,01,quantile,0.55,20.953
2024-11-16,wk inc flu hosp,0,2024-11-16,01,quantile,0.6,24.556
2024-11-16,wk inc flu hosp,0,2024-11-16,01,quantile,0.65,27.06
2024-11-16,wk inc flu hosp,0,2024-11-16,01,quantile,0.7,31.088
2024-11-16,wk inc flu hosp,0,2024-11-16,01,quantile,0.75,34.407
2024-11-16,wk inc flu hosp,0,2024-11-16,01,quantile,0.8,40.377
2024-11-16,wk inc flu hosp,0,2024-11-16,01,quantile,0.85,49.777
2024-11-16,wk inc flu hosp,0,2024-11-16,01,quantile,0.9,65.013
2024-11-16,wk inc flu hosp,0,2024-11-16,01,quantile,0.95,89.022
2024-11-16,wk inc flu hosp,0,2024-11-16,01,quantile,0.975,109.863
2024-11-16,wk inc flu hosp,0,2024-11-16,01,quantile,0.99,151.13
2024-11-16,wk inc flu hosp,1,2024-11-23,01,quantile,0.01,0.118
2024-11-16,wk inc flu hosp,1,2024-11-23,01,quantile,0.025,0.275
2024-11-16,wk inc flu hosp,1,2024-11-23,01,quantile,0.05,0.499
2024-11-16,wk inc flu hosp,1,2024-11-23,01,quantile,0.1,0.937
2024-11-16,wk inc flu hosp,1,2024-11-23,01,quantile,0.15,1.473
2024-11-16,wk inc flu hosp,1,2024-11-23,01,quantile,0.2,2.336
2024-11-16,wk inc flu hosp,1,2024-11-23,01,quantile,0.25,3.589
2024-11-16,wk inc flu hosp,1,2024-11-23,01,quantile,0.3,4.841
2024-11-16,wk inc flu hosp,1,2024-11-23,01,quantile,0.35,6.151
2024-11-16,wk inc flu hosp,1,2024-11-23,01,quantile,0.4,8.007
2024-11-16,wk inc flu hosp,1,2024-11-23,01,quantile,0.45,9.955
2024-11-16,wk inc flu hosp,1,2024-11-23,01,quantile,0.5,12.662
2024-11-16,wk inc flu hosp,1,2024-11-23,01,quantile,0.55,16.09
2024-11-16,wk inc flu hosp,1,2024-11-23,01,quantile,0.6,20.119
2024-11-16,wk inc flu hosp,1,2024-11-23,01,quantile,0.65,25.511
2024-11-16,wk inc flu hosp,1,2024-11-23,01,quantile,0.7,31.992
2024-11-16,wk inc flu hosp,1,2024-11-23,01,quantile,0.75,41.007
2024-11-16,wk inc flu hosp,1,2024-11-23,01,quantile,0.8,49.355
2024-11-16,wk inc flu hosp,1,2024-11-23,01,quantile,0.85,69.979
2024-11-16,wk inc flu hosp,1,2024-11-23,01,quantile,0.9,104.903
2024-11-16,wk inc flu hosp,1,2024-11-23,01,quantile,0.95,164.143
2024-11-16,wk inc flu hosp,1,2024-11-23,01,quantile,0.975,238.918
2024-11-16,wk inc flu hosp,1,2024-11-23,01,quantile,0.99,328.111
2024-11-16,wk inc flu hosp,2,2024-11-30,01,quantile,0.01,0.009
2024-11-16,wk inc flu hosp,2,2024-11-30,01,quantile,0.025,0.028
2024-11-16,wk inc flu hosp,2,2024-11-30,01,quantile,0.05,0.071
2024-11-16,wk inc flu hosp,2,2024-11-30,01,quantile,0.1,0.184
2024-11-16,wk inc flu hosp,2,2024-11-30,01,quantile,0.15,0.347
2024-11-16,wk inc flu hosp,2,2024-11-30,01,quantile,0.2,0.738
2024-11-16,wk inc flu hosp,2,2024-11-30,01,quantile,0.25,1.33
2024-11-16,wk inc flu hosp,2,2024-11-30,01,quantile,0.3,2.13
2024-11-16,wk inc flu hosp,2,2024-11-30,01,quantile,0.35,3.261
2024-11-16,wk inc flu hosp,2,2024-11-30,01,quantile,0.4,4.554
2024-11-16,wk inc flu hosp,2,2024-11-30,01,quantile,0.45,6.656
2024-11-16,wk inc flu hosp,2,2024-11-30,01,quantile,0.5,8.771
2024-11-16,wk inc flu hosp,2,2024-11-30,01,quantile,0.55,12.368
2024-11-16,wk inc flu hosp,2,2024-11-30,01,quantile,0.6,17.466
2024-11-16,wk inc flu hosp,2,2024-11-30,01,quantile,0.65,23.97
2024-11-16,wk inc flu hosp,2,2024-11-30,01,quantile,0.7,33.282
2024-11-16,wk inc flu hosp,2,2024-11-30,01,quantile,0.75,48.606
2024-11-16,wk inc flu hosp,2,2024-11-30,01,quantile,0.8,68.538
2024-11-16,wk inc flu hosp,2,2024-11-30,01,quantile,0.85,97.067
2024-11-16,wk inc flu hosp,2,2024-11-30,01,quantile,0.9,167.254
2024-11-16,wk inc flu hosp,2,2024-11-30,01,quantile,0.95,288.329
2024-11-16,wk inc flu hosp,2,2024-11-30,01,quantile,0.975,467.669
2024-11-16,wk inc flu hosp,2,2024-11-30,01,quantile,0.99,664.947
2024-11-16,wk inc flu hosp,3,2024-12-07,01,quantile,0.01,0.001
2024-11-16,wk inc flu hosp,3,2024-12-07,01,quantile,0.025,0.004
2024-11-16,wk inc flu hosp,3,2024-12-07,01,quantile,0.05,0.01
2024-11-16,wk inc flu hosp,3,2024-12-07,01,quantile,0.1,0.036
2024-11-16,wk inc flu hosp,3,2024-12-07,01,quantile,0.15,0.084
2024-11-16,wk inc flu hosp,3,2024-12-07,01,quantile,0.2,0.243
2024-11-16,wk inc flu hosp,3,2024-12-07,01,quantile,0.25,0.462
2024-11-16,wk inc flu hosp,3,2024-12-07,01,quantile,0.3,0.969
2024-11-16,wk inc flu hosp,3,2024-12-07,01,quantile,0.35,1.623
2024-11-16,wk inc flu hosp,3,2024-12-07,01,quantile,0.4,2.516
2024-11-16,wk inc flu hosp,3,2024-12-07,01,quantile,0.45,4.273
2024-11-16,wk inc flu hosp,3,2024-12-07,01,quantile,0.5,6.299
2024-11-16,wk inc flu hosp,3,2024-12-07,01,quantile,0.55,9.398
2024-11-16,wk inc flu hosp,3,2024-12-07,01,quantile,0.6,14.564
2024-11-16,wk inc flu hosp,3,2024-12-07,01,quantile,0.65,22.86
2024-11-16,wk inc flu hosp,3,2024-12-07,01,quantile,0.7,34.525
2024-11-16,wk inc flu hosp,3,2024-12-07,01,quantile,0.75,55.029
2024-11-16,wk inc flu hosp,3,2024-12-07,01,quantile,0.8,83.288
2024-11-16,wk inc flu hosp,3,2024-12-07,01,quantile,0.85,117.99
2024-11-16,wk inc flu hosp,3,2024-12-07,01,quantile,0.9,234.958
2024-11-16,wk inc flu hosp,3,2024-12-07,01,quantile,0.95,445.395
2024-11-16,wk inc flu hosp,3,2024-12-07,01,quantile,0.975,690.22
2024-11-16,wk inc flu hosp,3,2024-12-07,01,quantile,0.99,1086.624
2024-11-16,wk inc flu hosp,0,2024-11-16,02,quantile,0.01,0.096
2024-11-16,wk inc flu hosp,0,2024-11-16,02,quantile,0.025,0.247
2024-11-16,wk inc flu hosp,0,2024-11-16,02,quantile,0.05,0.506
2024-11-16,wk inc flu hosp,0,2024-11-16,02,quantile,0.1,0.838
2024-11-16,wk inc flu hosp,0,2024-11-16,02,quantile,0.15,1.104
2024-11-16,wk inc flu hosp,0,2024-11-16,02,quantile,0.2,1.338
2024-11-16,wk inc flu hosp,0,2024-11-16,02,quantile,0.25,1.585
2024-11-16,wk inc flu hosp,0,2024-11-16,02,quantile,0.3,1.845
2024-11-16,wk inc flu hosp,0,2024-11-16,02,quantile,0.35,2.111
2024-11-16,wk inc flu hosp,0,2024-11-16,02,quantile,0.4,2.352
2024-11-16,wk inc flu hosp,0,2024-11-16,02,quantile,0.45,2.692
2024-11-16,wk inc flu hosp,0,2024-11-16,02,quantile,0.5,3.103
2024-11-16,wk inc flu hosp,0,2024-11-16,02,quantile,0.55,3.468
2024-11-16,wk inc flu hosp,0,2024-11-16,02,quantile,0.6,3.959
2024-11-16,wk inc flu hosp,0,2024-11-16,02,quantile,0.65,4.554
2024-11-16,wk inc flu hosp,0,2024-11-16,02,quantile,0.7,5.11
2024-11-16,wk inc flu hosp,0,2024-11-16,02,quantile,0.75,5.795
2024-11-16,wk inc flu hosp,0,2024-11-16,02,quantile,0.8,6.931
2024-11-16,wk inc flu hosp,0,2024-11-16,02,quantile,0.85,8.842
2024-11-16,wk inc flu hosp,0,2024-11-16,02,quantile,0.9,11.065
2024-11-16,wk inc flu hosp,0,2024-11-16,02,quantile,0.95,15.343
2024-11-16,wk inc flu hosp,0,2024-11-16,02,quantile,0.975,20.684
2024-11-16,wk inc flu hosp,0,2024-11-16,02,quantile,0.99,24.727
2024-11-16,wk inc flu hosp,1,2024-11-23,02,quantile,0.01,0.033
2024-11-16,wk inc flu hosp,1,2024-11-23,02,quantile,0.025,0.061
2024-11-16,wk inc flu hosp,1,2024-11-23,02,quantile,0.05,0.114
2024-11-16,wk inc flu hosp,1,2024-11-23,02,quantile,0.1,0.234
2024-11-16,wk inc flu hosp,1,2024-11-23,02,quantile,0.15,0.348
2024-11-16,wk inc flu hosp,1,2024-11-23,02,quantile,0.2,0.504
2024-11-16,wk inc flu hosp,1,2024-11-23,02,quantile,0.25,0.67
2024-11-16,wk inc flu hosp,1,2024-11-23,02,quantile,0.3,0.928
2024-11-16,wk inc flu hosp,1,2024-11-23,02,quantile,0.35,1.212
2024-11-16,wk inc flu hosp,1,2024-11-23,02,quantile,0.4,1.523
2024-11-16,wk inc flu hosp,1,2024-11-23,02,quantile,0.45,1.832
2024-11-16,wk inc flu hosp,1,2024-11-23,02,quantile,0.5,2.251
2024-11-16,wk inc flu hosp,1,2024-11-23,02,quantile,0.55,2.701
2024-11-16,wk inc flu hosp,1,2024-11-23,02,quantile,0.6,3.371
2024-11-16,wk inc flu hosp,1,2024-11-23,02,quantile,0.65,4.132
2024-11-16,wk inc flu hosp,1,2024-11-23,02,quantile,0.7,5.135
2024-11-16,wk inc flu hosp,1,2024-11-23,02,quantile,0.75,6.456
2024-11-16,wk inc flu hosp,1,2024-11-23,02,quantile,0.8,7.923
2024-11-16,wk inc flu hosp,1,2024-11-23,02,quantile,0.85,11.24
2024-11-16,wk inc flu hosp,1,2024-11-23,02,quantile,0.9,15.196
2024-11-16,wk inc flu hosp,1,2024-11-23,02,quantile,0.95,24.352
2024-11-16,wk inc flu hosp,1,2024-11-23,02,quantile,0.975,33.82
2024-11-16,wk inc flu hosp,1,2024-11-23,02,quantile,0.99,45.664
2024-11-16,wk inc flu hosp,2,2024-11-30,02,quantile,0.01,0.005
2024-11-16,wk inc flu hosp,2,2024-11-30,02,quantile,0.025,0.011
2024-11-16,wk inc flu hosp,2,2024-11-30,02,quantile,0.05,0.024
2024-11-16,wk inc flu hosp,2,2024-11-30,02,quantile,0.1,0.062
2024-11-16,wk inc flu hosp,2,2024-11-30,02,quantile,0.15,0.11
2024-11-16,wk inc flu hosp,2,2024-11-30,02,quantile,0.2,0.205
2024-11-16,wk inc flu hosp,2,2024-11-30,02,quantile,0.25,0.306
2024-11-16,wk inc flu hosp,2,2024-11-30,02,quantile,0.3,0.474
2024-11-16,wk inc flu hosp,2,2024-11-30,02,quantile,0.35,0.686
2024-11-16,wk inc flu hosp,2,2024-11-30,02,quantile,0.4,0.955
2024-11-16,wk inc flu hosp,2,2024-11-30,02,quantile,0.45,1.269
2024-11-16,wk inc flu hosp,2,2024-11-30,02,quantile,0.5,1.633
2024-11-16,wk inc flu hosp,2,2024-11-30,02,quantile,0.55,2.16
2024-11-16,wk inc flu hosp,2,2024-11-30,02,quantile,0.6,2.858
2024-11-16,wk inc flu hosp,2,2024-11-30,02,quantile,0.65,3.728
2024-11-16,wk inc flu hosp,2,2024-11-30,02,quantile,0.7,5.12
2024-11-16,wk inc flu hosp,2,2024-11-30,02,quantile,0.75,6.782
2024-11-16,wk inc flu hosp,2,2024-11-30,02,quantile,0.8,9.492
2024-11-16,wk inc flu hosp,2,2024-11-30,02,quantile,0.85,13.781
2024-11-16,wk inc flu hosp,2,2024-11-30,02,quantile,0.9,20.72
2024-11-16,wk inc flu hosp,2,2024-11-30,02,quantile,0.95,34.063
2024-11-16,wk inc flu hosp,2,2024-11-30,02,quantile,0.975,56.739
2024-11-16,wk inc flu hosp,2,2024-11-30,02,quantile,0.99,80.016
2024-11-16,wk inc flu hosp,3,2024-12-07,02,quantile,0.01,0.001
2024-11-16,wk inc flu hosp,3,2024-12-07,02,quantile,0.025,0.002
2024-11-16,wk inc flu hosp,3,2024-12-07,02,quantile,0.05,0.005
2024-11-16,wk inc flu hosp,3,2024-12-07,02,quantile,0.1,0.017
2024-11-16,wk inc flu hosp,3,2024-12-07,02,quantile,0.15,0.04
2024-11-16,wk inc flu hosp,3,2024-12-07,02,quantile,0.2,0.082
2024-11-16,wk inc flu hosp,3,2024-12-07,02,quantile,0.25,0.134
2024-11-16,wk inc flu hosp,3,2024-12-07,02,quantile,0.3,0.243
2024-11-16,wk inc flu hosp,3,2024-12-07,02,quantile,0.35,0.395
2024-11-16,wk inc flu hosp,3,2024-12-07,02,quantile,0.4,0.597
2024-11-16,wk inc flu hosp,3,2024-12-07,02,quantile,0.45,0.882
2024-11-16,wk inc flu hosp,3,2024-12-07,02,quantile,0.5,1.168
2024-11-16,wk inc flu hosp,3,2024-12-07,02,quantile,0.55,1.676
2024-11-16,wk inc flu hosp,3,2024-12-07,02,quantile,0.6,2.477
2024-11-16,wk inc flu hosp,3,2024-12-07,02,quantile,0.65,3.53
2024-11-16,wk inc flu hosp,3,2024-12-07,02,quantile,0.7,4.958
2024-11-16,wk inc flu hosp,3,2024-12-07,02,quantile,0.75,7.018
2024-11-16,wk inc flu hosp,3,2024-12-07,02,quantile,0.8,11.098
2024-11-16,wk inc flu hosp,3,2024-12-07,02,quantile,0.85,16.084
2024-11-16,wk inc flu hosp,3,2024-12-07,02,quantile,0.9,25.458
2024-11-16,wk inc flu hosp,3,2024-12-07,02,quantile,0.95,46.445
2024-11-16,wk inc flu hosp,3,2024-12-07,02,quantile,0.975,72.825
2024-11-16,wk inc flu hosp,3,2024-12-07,02,quantile,0.99,105.41
2024-11-16,wk inc flu hosp,0,2024-11-16,04,quantile,0.01,68.608
2024-11-16,wk inc flu hosp,0,2024-11-16,04,quantile,0.025,86.717
2024-11-16,wk inc flu hosp,0,2024-11-16,04,quantile,0.05,104.315
2024-11-16,wk inc flu hosp,0,2024-11-16,04,quantile,0.1,131.056
2024-11-16,wk inc flu hosp,0,2024-11-16,04,quantile,0.15,148.136
2024-11-16,wk inc flu hosp,0,2024-11-16,04,quantile,0.2,170.392
2024-11-16,wk inc flu hosp,0,2024-11-16,04,quantile,0.25,193.621
2024-11-16,wk inc flu hosp,0,2024-11-16,04,quantile,0.3,219.908
2024-11-16,wk inc flu hosp,0,2024-11-16,04,quantile,0.35,243.762
2024-11-16,wk inc flu hosp,0,2024-11-16,04,quantile,0.4,260.811
2024-11-16,wk inc flu hosp,0,2024-11-16,04,quantile,0.45,281.526
2024-11-16,wk inc flu hosp,0,2024-11-16,04,quantile,0.5,299.752
2024-11-16,wk inc flu hosp,0,2024-11-16,04,quantile,0.55,327.578
2024-11-16,wk inc flu hosp,0,2024-11-16,04,quantile,0.6,349.272
2024-11-16,wk inc flu hosp,0,2024-11-16,04,quantile,0.65,373.149
2024-11-16,wk inc flu hosp,0,2024-11-16,04,quantile,0.7,408.34
2024-11-16,wk inc flu hosp,0,2024-11-16,04,quantile,0.75,450.229
2024-11-16,wk inc flu hosp,0,2024-11-16,04,quantile,0.8,491.146
2024-11-16,wk inc flu hosp,0,2024-11-16,04,quantile,0.85,570.842
2024-11-16,wk inc flu hosp,0,2024-11-16,04,quantile,0.9,648.48
2024-11-16,wk inc flu hosp,0,2024-11-16,04,quantile,0.95,781.04
2024-11-16,wk inc flu hosp,0,2024-11-16,04,quantile,0.975,924.029
2024-11-16,wk inc flu hosp,0,2024-11-16,04,quantile,0.99,1070.637
2024-11-16,wk inc flu hosp,1,2024-11-23,04,quantile,0.01,23.422
2024-11-16,wk inc flu hosp,1,2024-11-23,04,quantile,0.025,37.345
2024-11-16,wk inc flu hosp,1,2024-11-23,04,quantile,0.05,51.199
2024-11-16,wk inc flu hosp,1,2024-11-23,04,quantile,0.1,76.643
2024-11-16,wk inc flu hosp,1,2024-11-23,04,quantile,0.15,101.407
2024-11-16,wk inc flu hosp,1,2024-11-23,04,quantile,0.2,123.512
2024-11-16,wk inc flu hosp,1,2024-11-23,04,quantile,0.25,164.415
2024-11-16,wk inc flu hosp,1,2024-11-23,04,quantile,0.3,202.684
2024-11-16,wk inc flu hosp,1,2024-11-23,04,quantile,0.35,246.541
2024-11-16,wk inc flu hosp,1,2024-11-23,04,quantile,0.4,291.152
2024-11-16,wk inc flu hosp,1,2024-11-23,04,quantile,0.45,327.756
2024-11-16,wk inc flu hosp,1,2024-11-23,04,quantile,0.5,363.808
2024-11-16,wk inc flu hosp,1,2024-11-23,04,quantile,0.55,411.856
2024-11-16,wk inc flu hosp,1,2024-11-23,04,quantile,0.6,468.863
2024-11-16,wk inc flu hosp,1,2024-11-23,04,quantile,0.65,516.016
2024-11-16,wk inc flu hosp,1,2024-11-23,04,quantile,0.7,582.699
2024-11-16,wk inc flu hosp,1,2024-11-23,04,quantile,0.75,667.599
2024-11-16,wk inc flu hosp,1,2024-11-23,04,quantile,0.8,748.191
2024-11-16,wk inc flu hosp,1,2024-11-23,04,quantile,0.85,874.828
2024-11-16,wk inc flu hosp,1,2024-11-23,04,quantile,0.9,1068.869
2024-11-16,wk inc flu hosp,1,2024-11-23,04,quantile,0.95,1360.353
2024-11-16,wk inc flu hosp,1,2024-11-23,04,quantile,0.975,1668.756
2024-11-16,wk inc flu hosp,1,2024-11-23,04,quantile,0.99,1925.533
2024-11-16,wk inc flu hosp,2,2024-11-30,04,quantile,0.01,6.043
2024-11-16,wk inc flu hosp,2,2024-11-30,04,quantile,0.025,13.514
2024-11-16,wk inc flu hosp,2,2024-11-30,04,quantile,0.05,23.602
2024-11-16,wk inc flu hosp,2,2024-11-30,04,quantile,0.1,44.336
2024-11-16,wk inc flu hosp,2,2024-11-30,04,quantile,0.15,67.09
2024-11-16,wk inc flu hosp,2,2024-11-30,04,quantile,0.2,94.091
2024-11-16,wk inc flu hosp,2,2024-11-30,04,quantile,0.25,136.571
2024-11-16,wk inc flu hosp,2,2024-11-30,04,quantile,0.3,177.428
2024-11-16,wk inc flu hosp,2,2024-11-30,04,quantile,0.35,229.57
2024-11-16,wk inc flu hosp,2,2024-11-30,04,quantile,0.4,294.66
2024-11-16,wk inc flu hosp,2,2024-11-30,04,quantile,0.45,360.491
2024-11-16,wk inc flu hosp,2,2024-11-30,04,quantile,0.5,424.447
2024-11-16,wk inc flu hosp,2,2024-11-30,04,quantile,0.55,488.156
2024-11-16,wk inc flu hosp,2,2024-11-30,04,quantile,0.6,563.702
2024-11-16,wk inc flu hosp,2,2024-11-30,04,quantile,0.65,640.3
2024-11-16,wk inc flu hosp,2,2024-11-30,04,quantile,0.7,738.31
2024-11-16,wk inc flu hosp,2,2024-11-30,04,quantile,0.75,841.685
2024-11-16,wk inc flu hosp,2,2024-11-30,04,quantile,0.8,983.699
2024-11-16,wk inc flu hosp,2,2024-11-30,04,quantile,0.85,1147.872
2024-11-16,wk inc flu hosp,2,2024-11-30,04,quantile,0.9,1365.316
2024-11-16,wk inc flu hosp,2,2024-11-30,04,quantile,0.95,1762.738
2024-11-16,wk inc flu hosp,2,2024-11-30,04,quantile,0.975,2139.022
2024-11-16,wk inc flu hosp,2,2024-11-30,04,quantile,0.99,2612.766
2024-11-16,wk inc flu hosp,3,2024-12-07,04,quantile,0.01,1.464
2024-11-16,wk inc flu hosp,3,2024-12-07,04,quantile,0.025,4.898
2024-11-16,wk inc flu hosp,3,2024-12-07,04,quantile,0.05,10.165
2024-11-16,wk inc flu hosp,3,2024-12-07,04,quantile,0.1,25.746
2024-11-16,wk inc flu hosp,3,2024-12-07,04,quantile,0.15,42.437
2024-11-16,wk inc flu hosp,3,2024-12-07,04,quantile,0.2,68.444
2024-11-16,wk inc flu hosp,3,2024-12-07,04,quantile,0.25,107.416
2024-11-16,wk inc flu hosp,3,2024-12-07,04,quantile,0.3,149.634
2024-11-16,wk inc flu hosp,3,2024-12-07,04,quantile,0.35,217.298
2024-11-16,wk inc flu hosp,3,2024-12-07,04,quantile,0.4,279.56
2024-11-16,wk inc flu hosp,3,2024-12-07,04,quantile,0.45,355.57
2024-11-16,wk inc flu hosp,3,2024-12-07,04,quantile,0.5,436.56
2024-11-16,wk inc flu hosp,3,2024-12-07,04,quantile,0.55,512.457
2024-11-16,wk inc flu hosp,3,2024-12-07,04,quantile,0.6,574.86
2024-11-16,wk inc flu hosp,3,2024-12-07,04,quantile,0.65,683.045
2024-11-16,wk inc flu hosp,3,2024-12-07,04,quantile,0.7,763.445
2024-11-16,wk inc flu hosp,3,2024-12-07,04,quantile,0.75,886.512
2024-11-16,wk inc flu hosp,3,2024-12-07,04,quantile,0.8,1002.866
2024-11-16,wk inc flu hosp,3,2024-12-07,04,quantile,0.85,1120.249
2024-11-16,wk inc flu hosp,3,2024-12-07,04,quantile,0.9,1260.531
2024-11-16,wk inc flu hosp,3,2024-12-07,04,quantile,0.95,1515.657
2024-11-16,wk inc flu hosp,3,2024-12-07,04,quantile,0.975,1683.955
2024-11-16,wk inc flu hosp,3,2024-12-07,04,quantile,0.99,1821.308
2024-11-16,wk inc flu hosp,0,2024-11-16,05,quantile,0.01,0.225
2024-11-16,wk inc flu hosp,0,2024-11-16,05,quantile,0.025,0.424
2024-11-16,wk inc flu hosp,0,2024-11-16,05,quantile,0.05,0.552
2024-11-16,wk inc flu hosp,0,2024-11-16,05,quantile,0.1,0.78
2024-11-16,wk inc flu hosp,0,2024-11-16,05,quantile,0.15,1.022
2024-11-16,wk inc flu hosp,0,2024-11-16,05,quantile,0.2,1.242
2024-11-16,wk inc flu hosp,0,2024-11-16,05,quantile,0.25,1.537
2024-11-16,wk inc flu hosp,0,2024-11-16,05,quantile,0.3,1.82
2024-11-16,wk inc flu hosp,0,2024-11-16,05,quantile,0.35,2.128
2024-11-16,wk inc flu hosp,0,2024-11-16,05,quantile,0.4,2.512
2024-11-16,wk inc flu hosp,0,2024-11-16,05,quantile,0.45,2.893
2024-11-16,wk inc flu hosp,0,2024-11-16,05,quantile,0.5,3.374
2024-11-16,wk inc flu hosp,0,2024-11-16,05,quantile,0.55,3.896
2024-11-16,wk inc flu hosp,0,2024-11-16,05,quantile,0.6,4.44
2024-11-16,wk inc flu hosp,0,2024-11-16,05,quantile,0.65,5.013
2024-11-16,wk inc flu hosp,0,2024-11-16,05,quantile,0.7,5.892
2024-11-16,wk inc flu hosp,0,2024-11-16,05,quantile,0.75,6.353
2024-11-16,wk inc flu hosp,0,2024-11-16,05,quantile,0.8,7.651
2024-11-16,wk inc flu hosp,0,2024-11-16,05,quantile,0.85,9.822
2024-11-16,wk inc flu hosp,0,2024-11-16,05,quantile,0.9,12.332
2024-11-16,wk inc flu hosp,0,2024-11-16,05,quantile,0.95,18.154
2024-11-16,wk inc flu hosp,0,2024-11-16,05,quantile,0.975,23.499
2024-11-16,wk inc flu hosp,0,2024-11-16,05,quantile,0.99,29.78
2024-11-16,wk inc flu hosp,1,2024-11-23,05,quantile,0.01,0.019
2024-11-16,wk inc flu hosp,1,2024-11-23,05,quantile,0.025,0.047
2024-11-16,wk inc flu hosp,1,2024-11-23,05,quantile,0.05,0.072
2024-11-16,wk inc flu hosp,1,2024-11-23,05,quantile,0.1,0.136
2024-11-16,wk inc flu hosp,1,2024-11-23,05,quantile,0.15,0.222
2024-11-16,wk inc flu hosp,1,2024-11-23,05,quantile,0.2,0.346
2024-11-16,wk inc flu hosp,1,2024-11-23,05,quantile,0.25,0.491
2024-11-16,wk inc flu hosp,1,2024-11-23,05,quantile,0.3,0.652
2024-11-16,wk inc flu hosp,1,2024-11-23,05,quantile,0.35,0.853
2024-11-16,wk inc flu hosp,1,2024-11-23,05,quantile,0.4,1.145
2024-11-16,wk inc flu hosp,1,2024-11-23,05,quantile,0.45,1.44
2024-11-16,wk inc flu hosp,1,2024-11-23,05,quantile,0.5,2.025
2024-11-16,wk inc flu hosp,1,2024-11-23,05,quantile,0.55,2.526
2024-11-16,wk inc flu hosp,1,2024-11-23,05,quantile,0.6,3.02
2024-11-16,wk inc flu hosp,1,2024-11-23,05,quantile,0.65,3.788
2024-11-16,wk inc flu hosp,1,2024-11-23,05,quantile,0.7,5.032
2024-11-16,wk inc flu hosp,1,2024-11-23,05,quantile,0.75,6.323
2024-11-16,wk inc flu hosp,1,2024-11-23,05,quantile,0.8,8.796
2024-11-16,wk inc flu hosp,1,2024-11-23,05,quantile,0.85,11.98
2024-11-16,wk inc flu hosp,1,2024-11-23,05,quantile,0.9,17.101
2024-11-16,wk inc flu hosp,1,2024-11-23,05,quantile,0.95,30.058
2024-11-16,wk inc flu hosp,1,2024-11-23,05,quantile,0.975,45.73
2024-11-16,wk inc flu hosp,1,2024-11-23,05,quantile,0.99,68.556
2024-11-16,wk inc flu hosp,2,2024-11-30,05,quantile,0.01,0.001
2024-11-16,wk inc flu hosp,2,2024-11-30,05,quantile,0.025,0.004
2024-11-16,wk inc flu hosp,2,2024-11-30,05,quantile,0.05,0.009
2024-11-16,wk inc flu hosp,2,2024-11-30,05,quantile,0.1,0.022
2024-11-16,wk inc flu hosp,2,2024-11-30,05,quantile,0.15,0.049
2024-11-16,wk inc flu hosp,2,2024-11-30,05,quantile,0.2,0.095
2024-11-16,wk inc flu hosp,2,2024-11-30,05,quantile,0.25,0.155
2024-11-16,wk inc flu hosp,2,2024-11-30,05,quantile,0.3,0.231
2024-11-16,wk inc flu hosp,2,2024-11-30,05,quantile,0.35,0.327
2024-11-16,wk inc flu hosp,2,2024-11-30,05,quantile,0.4,0.521
2024-11-16,wk inc flu hosp,2,2024-11-30,05,quantile,0.45,0.778
2024-11-16,wk inc flu hosp,2,2024-11-30,05,quantile,0.5,1.214
2024-11-16,wk inc flu hosp,2,2024-11-30,05,quantile,0.55,1.586
2024-11-16,wk inc flu hosp,2,2024-11-30,05,quantile,0.6,2.107
2024-11-16,wk inc flu hosp,2,2024-11-30,05,quantile,0.65,2.923
2024-11-16,wk inc flu hosp,2,2024-11-30,05,quantile,0.7,4.36
2024-11-16,wk inc flu hosp,2,2024-11-30,05,quantile,0.75,5.979
2024-11-16,wk inc flu hosp,2,2024-11-30,05,quantile,0.8,9.952
2024-11-16,wk inc flu hosp,2,2024-11-30,05,quantile,0.85,15.051
2024-11-16,wk inc flu hosp,2,2024-11-30,05,quantile,0.9,24.07
2024-11-16,wk inc flu hosp,2,2024-11-30,05,quantile,0.95,52.486
2024-11-16,wk inc flu hosp,2,2024-11-30,05,quantile,0.975,104.36
2024-11-16,wk inc flu hosp,2,2024-11-30,05,quantile,0.99,235.332
2024-11-16,wk inc flu hosp,3,2024-12-07,05,quantile,0.01,0.0
2024-11-16,wk inc flu hosp,3,2024-12-07,05,quantile,0.025,0.0
2024-11-16,wk inc flu hosp,3,2024-12-07,05,quantile,0.05,0.001
2024-11-16,wk inc flu hosp,3,2024-12-07,05,quantile,0.1,0.004
2024-11-16,wk inc flu hosp,3,2024-12-07,05,quantile,0.15,0.01
2024-11-16,wk inc flu hosp,3,2024-12-07,05,quantile,0.2,0.025
2024-11-16,wk inc flu hosp,3,2024-12-07,05,quantile,0.25,0.05
2024-11-16,wk inc flu hosp,3,2024-12-07,05,quantile,0.3,0.086
2024-11-16,wk inc flu hosp,3,2024-12-07,05,quantile,0.35,0.142
2024-11-16,wk inc flu hosp,3,2024-12-07,05,quantile,0.4,0.243
2024-11-16,wk inc flu hosp,3,2024-12-07,05,quantile,0.45,0.421
2024-11-16,wk inc flu hosp,3,2024-12-07,05,quantile,0.5,0.713
2024-11-16,wk inc flu hosp,3,2024-12-07,05,quantile,0.55,0.979
2024-11-16,wk inc flu hosp,3,2024-12-07,05,quantile,0.6,1.48
2024-11-16,wk inc flu hosp,3,2024-12-07,05,quantile,0.65,2.291
2024-11-16,wk inc flu hosp,3,2024-12-07,05,quantile,0.7,3.823
2024-11-16,wk inc flu hosp,3,2024-12-07,05,quantile,0.75,5.734
2024-11-16,wk inc flu hosp,3,2024-12-07,05,quantile,0.8,10.692
2024-11-16,wk inc flu hosp,3,2024-12-07,05,quantile,0.85,17.214
2024-11-16,wk inc flu hosp,3,2024-12-07,05,quantile,0.9,29.516
2024-11-16,wk inc flu hosp,3,2024-12-07,05,quantile,0.95,68.075
2024-11-16,wk inc flu hosp,3,2024-12-07,05,quantile,0.975,148.075
2024-11-16,wk inc flu hosp,3,2024-12-07,05,quantile,0.99,312.055
2024-11-16,wk inc flu hosp,0,2024-11-16,06,quantile,0.01,4.335
2024-11-16,wk inc flu hosp,0,2024-11-16,06,quantile,0.025,8.787
2024-11-16,wk inc flu hosp,0,2024-11-16,06,quantile,0.05,13.476
2024-11-16,wk inc flu hosp,0,2024-11-16,06,quantile,0.1,20.305
2024-11-16,wk inc flu hosp,0,2024-11-16,06,quantile,0.15,25.816
2024-11-16,wk inc flu hosp,0,2024-11-16,06,quantile,0.2,33.612
2024-11-16,wk inc flu hosp,0,2024-11-16,06,quantile,0.25,40.658
2024-11-16,wk inc flu hosp,0,2024-11-16,06,quantile,0.3,45.9
2024-11-16,wk inc flu hosp,0,2024-11-16,06,quantile,0.35,52.317
2024-11-16,wk inc flu hosp,0,2024-11-16,06,quantile,0.4,62.301
2024-11-16,wk inc flu hosp,0,2024-11-16,06,quantile,0.45,69.91
2024-11-16,wk inc flu hosp,0,2024-11-16,06,quantile,0.5,79.491
2024-11-16,wk inc flu hosp,0,2024-11-16,06,quantile,0.55,90.092
2024-11-16,wk inc flu hosp,0,2024-11-16,06,quantile,0.6,104.276
2024-11-16,wk inc flu hosp,0,2024-11-16,06,quantile,0.65,120.568
2024-11-16,wk inc flu hosp,0,2024-11-16,06,quantile,0.7,144.445
2024-11-16,wk inc flu hosp,0,2024-11-16,06,quantile,0.75,161.111
2024-11-16,wk inc flu hosp,0,2024-11-16,06,quantile,0.8,197.006
2024-11-16,wk inc flu hosp,0,2024-11-16,06,quantile,0.85,240.743
2024-11-16,wk inc flu hosp,0,2024-11-16,06,quantile,0.9,318.663
2024-11-16,wk inc flu hosp,0,2024-11-16,06,quantile,0.95,429.722
2024-11-16,wk inc flu hosp,0,2024-11-16,06,quantile,0.975,544.118
2024-11-16,wk inc flu hosp,0,2024-11-16,06,quantile,0.99,618.184
2024-11-16,wk inc flu hosp,1,2024-11-23,06,quantile,0.01,0.325
2024-11-16,wk inc flu hosp,1,2024-11-23,06,quantile,0.025,1.113
2024-11-16,wk inc flu hosp,1,2024-11-23,06,quantile,0.05,2.377
2024-11-16,wk inc flu hosp,1,2024-11-23,06,quantile,0.1,4.237
2024-11-16,wk inc flu hosp,1,2024-11-23,06,quantile,0.15,6.861
2024-11-16,wk inc flu hosp,1,2024-11-23,06,quantile,0.2,9.562
2024-11-16,wk inc flu hosp,1,2024-11-23,06,quantile,0.25,12.959
2024-11-16,wk inc flu hosp,1,2024-11-23,06,quantile,0.3,17.377
2024-11-16,wk inc flu hosp,1,2024-11-23,06,quantile,0.35,23.289
2024-11-16,wk inc flu hosp,1,2024-11-23,06,quantile,0.4,29.374
2024-11-16,wk inc flu hosp,1,2024-11-23,06,quantile,0.45,36.884
2024-11-16,wk inc flu hosp,1,2024-11-23,06,quantile,0.5,46.137
2024-11-16,wk inc flu hosp,1,2024-11-23,06,quantile,0.55,56.582
2024-11-16,wk inc flu hosp,1,2024-11-23,06,quantile,0.6,71.045
2024-11-16,wk inc flu hosp,1,2024-11-23,06,quantile,0.65,92.622
2024-11-16,wk inc flu hosp,1,2024-11-23,06,quantile,0.7,120.232
2024-11-16,wk inc flu hosp,1,2024-11-23,06,quantile,0.75,154.701
2024-11-16,wk inc flu hosp,1,2024-11-23,06,quantile,0.8,186.343
2024-11-16,wk inc flu hosp,1,2024-11-23,06,quantile,0.85,255.192
2024-11-16,wk inc flu hosp,1,2024-11-23,06,quantile,0.9,359.172
2024-11-16,wk inc flu hosp,1,2024-11-23,06,quantile,0.95,566.575
2024-11-16,wk inc flu hosp,1,2024-11-23,06,quantile,0.975,788.868
2024-11-16,wk inc flu hosp,1,2024-11-23,06,quantile,0.99,1037.301
2024-11-16,wk inc flu hosp,2,2024-11-30,06,quantile,0.01,0.015
2024-11-16,wk inc flu hosp,2,2024-11-30,06,quantile,0.025,0.11
2024-11-16,wk inc flu hosp,2,2024-11-30,06,quantile,0.05,0.329
2024-11-16,wk inc flu hosp,2,2024-11-30,06,quantile,0.1,0.926
2024-11-16,wk inc flu hosp,2,2024-11-30,06,quantile,0.15,1.733
2024-11-16,wk inc flu hosp,2,2024-11-30,06,quantile,0.2,2.976
2024-11-16,wk inc flu hosp,2,2024-11-30,06,quantile,0.25,4.319
2024-11-16,wk inc flu hosp,2,2024-11-30,06,quantile,0.3,6.705
2024-11-16,wk inc flu hosp,2,2024-11-30,06,quantile,0.35,9.545
2024-11-16,wk inc flu hosp,2,2024-11-30,06,quantile,0.4,13.985
2024-11-16,wk inc flu hosp,2,2024-11-30,06,quantile,0.45,19.185
2024-11-16,wk inc flu hosp,2,2024-11-30,06,quantile,0.5,26.23
2024-11-16,wk inc flu hosp,2,2024-11-30,06,quantile,0.55,36.79
2024-11-16,wk inc flu hosp,2,2024-11-30,06,quantile,0.6,52.752
2024-11-16,wk inc flu hosp,2,2024-11-30,06,quantile,0.65,74.801
2024-11-16,wk inc flu hosp,2,2024-11-30,06,quantile,0.7,98.757
2024-11-16,wk inc flu hosp,2,2024-11-30,06,quantile,0.75,141.427
2024-11-16,wk inc flu hosp,2,2024-11-30,06,quantile,0.8,207.61
2024-11-16,wk inc flu hosp,2,2024-11-30,06,quantile,0.85,281.003
2024-11-16,wk inc flu hosp,2,2024-11-30,06,quantile,0.9,439.045
2024-11-16,wk inc flu hosp,2,2024-11-30,06,quantile,0.95,835.676
2024-11-16,wk inc flu hosp,2,2024-11-30,06,quantile,0.975,1509.08
2024-11-16,wk inc flu hosp,2,2024-11-30,06,quantile,0.99,2645.759
2024-11-16,wk inc flu hosp,3,2024-12-07,06,quantile,0.01,0.001
2024-11-16,wk inc flu hosp,3,2024-12-07,06,quantile,0.025,0.009
2024-11-16,wk inc flu hosp,3,2024-12-07,06,quantile,0.05,0.04
2024-11-16,wk inc flu hosp,3,2024-12-07,06,quantile,0.1,0.187
2024-11-16,wk inc flu hosp,3,2024-12-07,06,quantile,0.15,0.424
2024-11-16,wk inc flu hosp,3,2024-12-07,06,quantile,0.2,0.856
2024-11-16,wk inc flu hosp,3,2024-12-07,06,quantile,0.25,1.449
2024-11-16,wk inc flu hosp,3,2024-12-07,06,quantile,0.3,2.633
2024-11-16,wk inc flu hosp,3,2024-12-07,06,quantile,0.35,4.248
2024-11-16,wk inc flu hosp,3,2024-12-07,06,quantile,0.4,7.12
2024-11-16,wk inc flu hosp,3,2024-12-07,06,quantile,0.45,10.325
2024-11-16,wk inc flu hosp,3,2024-12-07,06,quantile,0.5,15.414
2024-11-16,wk inc flu hosp,3,2024-12-07,06,quantile,0.55,23.778
2024-11-16,wk inc flu hosp,3,2024-12-07,06,quantile,0.6,37.984
2024-11-16,wk inc flu hosp,3,2024-12-07,06,quantile,0.65,57.703
2024-11-16,wk inc flu hosp,3,2024-12-07,06,quantile,0.7,78.29
2024-11-16,wk inc flu hosp,3,2024-12-07,06,quantile,0.75,121.34
2024-11-16,wk inc flu hosp,3,2024-12-07,06,quantile,0.8,205.046
2024-11-16,wk inc flu hosp,3,2024-12-07,06,quantile,0.85,327.628
2024-11-16,wk inc flu hosp,3,2024-12-07,06,quantile,0.9,472.42
2024-11-16,wk inc flu hosp,3,2024-12-07,06,quantile,0.95,996.932
2024-11-16,wk inc flu hosp,3,2024-12-07,06,quantile,0.975,1765.1
2024-11-16,wk inc flu hosp,3,2024-12-07,06,quantile,0.99,3763.578
2024-11-16,wk inc flu hosp,0,2024-11-16,08,quantile,0.01,0.698
2024-11-16,wk inc flu hosp,0,2024-11-16,08,quantile,0.025,1.399
2024-11-16,wk inc flu hosp,0,2024-11-16,08,quantile,0.05,2.119
2024-11-16,wk inc flu hosp,0,2024-11-16,08,quantile,0.1,2.952
2024-11-16,wk inc flu hosp,0,2024-11-16,08,quantile,0.15,3.866
2024-11-16,wk inc flu hosp,0,2024-11-16,08,quantile,0.2,4.823
2024-11-16,wk inc flu hosp,0,2024-11-16,08,quantile,0.25,5.951
2024-11-16,wk inc flu hosp,0,2024-11-16,08,quantile,0.3,6.93
2024-11-16,wk inc flu hosp,0,2024-11-16,08,quantile,0.35,8.149
2024-11-16,wk inc flu hosp,0,2024-11-16,08,quantile,0.4,9.594
2024-11-16,wk inc flu hosp,0,2024-11-16,08,quantile,0.45,11.115
2024-11-16,wk inc flu hosp,0,2024-11-16,08,quantile,0.5,13.109
2024-11-16,wk inc flu hosp,0,2024-11-16,08,quantile,0.55,15.178
2024-11-16,wk inc flu hosp,0,2024-11-16,08,quantile,0.6,17.572
2024-11-16,wk inc flu hosp,0,2024-11-16,08,quantile,0.65,19.959
2024-11-16,wk inc flu hosp,0,2024-11-16,08,quantile,0.7,24.395
2024-11-16,wk inc flu hosp,0,2024-11-16,08,quantile,0.75,28.521
2024-11-16,wk inc flu hosp,0,2024-11-16,08,quantile,0.8,36.725
2024-11-16,wk inc flu hosp,0,2024-11-16,08,quantile,0.85,46.75
2024-11-16,wk inc flu hosp,0,2024-11-16,08,quantile,0.9,59.953
2024-11-16,wk inc flu hosp,0,2024-11-16,08,quantile,0.95,86.338
2024-11-16,wk inc flu hosp,0,2024-11-16,08,quantile,0.975,114.287
2024-11-16,wk inc flu hosp,0,2024-11-16,08,quantile,0.99,152.629
2024-11-16,wk inc flu hosp,1,2024-11-23,08,quantile,0.01,0.08
2024-11-16,wk inc flu hosp,1,2024-11-23,08,quantile,0.025,0.145
2024-11-16,wk inc flu hosp,1,2024-11-23,08,quantile,0.05,0.304
2024-11-16,wk inc flu hosp,1,2024-11-23,08,quantile,0.1,0.604
2024-11-16,wk inc flu hosp,1,2024-11-23,08,quantile,0.15,0.885
2024-11-16,wk inc flu hosp,1,2024-11-23,08,quantile,0.2,1.458
2024-11-16,wk inc flu hosp,1,2024-11-23,08,quantile,0.25,2.072
2024-11-16,wk inc flu hosp,1,2024-11-23,08,quantile,0.3,3.058
2024-11-16,wk inc flu hosp,1,2024-11-23,08,quantile,0.35,3.933
2024-11-16,wk inc flu hosp,1,2024-11-23,08,quantile,0.4,5.089
2024-11-16,wk inc flu hosp,1,2024-11-23,08,quantile,0.45,6.234
2024-11-16,wk inc flu hosp,1,2024-11-23,08,quantile,0.5,8.6
2024-11-16,wk inc flu hosp,1,2024-11-23,08,quantile,0.55,10.328
2024-11-16,wk inc flu hosp,1,2024-11-23,08,quantile,0.6,13.197
2024-11-16,wk inc flu hosp,1,2024-11-23,08,quantile,0.65,17.015
2024-11-16,wk inc flu hosp,1,2024-11-23,08,quantile,0.7,22.745
2024-11-16,wk inc flu hosp,1,2024-11-23,08,quantile,0.75,33.452
2024-11-16,wk inc flu hosp,1,2024-11-23,08,quantile,0.8,45.864
2024-11-16,wk inc flu hosp,1,2024-11-23,08,quantile,0.85,60.29
2024-11-16,wk inc flu hosp,1,2024-11-23,08,quantile,0.9,85.444
2024-11-16,wk inc flu hosp,1,2024-11-23,08,quantile,0.95,146.821
2024-11-16,wk inc flu hosp,1,2024-11-23,08,quantile,0.975,228.282
2024-11-16,wk inc flu hosp,1,2024-11-23,08,quantile,0.99,375.73
2024-11-16,wk inc flu hosp,2,2024-11-30,08,quantile,0.01,0.006
2024-11-16,wk inc flu hosp,2,2024-11-30,08,quantile,0.025,0.014
2024-11-16,wk inc flu hosp,2,2024-11-30,08,quantile,0.05,0.041
2024-11-16,wk inc flu hosp,2,2024-11-30,08,quantile,0.1,0.112
2024-11-16,wk inc flu hosp,2,2024-11-30,08,quantile,0.15,0.239
2024-11-16,wk inc flu hosp,2,2024-11-30,08,quantile,0.2,0.424
2024-11-16,wk inc flu hosp,2,2024-11-30,08,quantile,0.25,0.751
2024-11-16,wk inc flu hosp,2,2024-11-30,08,quantile,0.3,1.229
2024-11-16,wk inc flu hosp,2,2024-11-30,08,quantile,0.35,1.755
2024-11-16,wk inc flu hosp,2,2024-11-30,08,quantile,0.4,2.671
2024-11-16,wk inc flu hosp,2,2024-11-30,08,quantile,0.45,3.925
2024-11-16,wk inc flu hosp,2,2024-11-30,08,quantile,0.5,5.491
2024-11-16,wk inc flu hosp,2,2024-11-30,08,quantile,0.55,7.116
2024-11-16,wk inc flu hosp,2,2024-11-30,08,quantile,0.6,10.225
2024-11-16,wk inc flu hosp,2,2024-11-30,08,quantile,0.65,14.098
2024-11-16,wk inc flu hosp,2,2024-11-30,08,quantile,0.7,21.201
2024-11-16,wk inc flu hosp,2,2024-11-30,08,quantile,0.75,36.899
2024-11-16,wk inc flu hosp,2,2024-11-30,08,quantile,0.8,57.615
2024-11-16,wk inc flu hosp,2,2024-11-30,08,quantile,0.85,75.48
2024-11-16,wk inc flu hosp,2,2024-11-30,08,quantile,0.9,115.628
2024-11-16,wk inc flu hosp,2,2024-11-30,08,quantile,0.95,227.463
2024-11-16,wk inc flu hosp,2,2024-11-30,08,quantile,0.975,376.069
2024-11-16,wk inc flu hosp,2,2024-11-30,08,quantile,0.99,615.387
2024-11-16,wk inc flu hosp,3,2024-12-07,08,quantile,0.01,0.0
2024-11-16,wk inc flu hosp,3,2024-12-07,08,quantile,0.025,0.001
2024-11-16,wk inc flu hosp,3,2024-12-07,08,quantile,0.05,0.005
2024-11-16,wk inc flu hosp,3,2024-12-07,08,quantile,0.1,0.02
2024-11-16,wk inc flu hosp,3,2024-12-07,08,quantile,0.15,0.054
2024-11-16,wk inc flu hosp,3,2024-12-07,08,quantile,0.2,0.143
2024-11-16,wk inc flu hosp,3,2024-12-07,08,quantile,0.25,0.256
2024-11-16,wk inc flu hosp,3,2024-12-07,08,quantile,0.3,0.511
2024-11-16,wk inc flu hosp,3,2024-12-07,08,quantile,0.35,0.799
2024-11-16,wk inc flu hosp,3,2024-12-07,08,quantile,0.4,1.395
2024-11-16,wk inc flu hosp,3,2024-12-07,08,quantile,0.45,2.411
2024-11-16,wk inc flu hosp,3,2024-12-07,08,quantile,0.5,3.491
2024-11-16,wk inc flu hosp,3,2024-12-07,08,quantile,0.55,4.949
2024-11-16,wk inc flu hosp,3,2024-12-07,08,quantile,0.6,8.305
2024-11-16,wk inc flu hosp,3,2024-12-07,08,quantile,0.65,12.435
2024-11-16,wk inc flu hosp,3,2024-12-07,08,quantile,0.7,20.599
2024-11-16,wk inc flu hosp,3,2024-12-07,08,quantile,0.75,36.743
2024-11-16,wk inc flu hosp,3,2024-12-07,08,quantile,0.8,68.042
2024-11-16,wk inc flu hosp,3,2024-12-07,08,quantile,0.85,99.427
2024-11-16,wk inc flu hosp,3,2024-12-07,08,quantile,0.9,156.015
2024-11-16,wk inc flu hosp,3,2024-12-07,08,quantile,0.95,334.021
2024-11-16,wk inc flu hosp,3,2024-12-07,08,quantile,0.975,592.699
2024-11-16,wk inc flu hosp,3,2024-12-07,08,quantile,0.99,1009.041
2024-11-16,wk inc flu hosp,0,2024-11-16,09,quantile,0.01,0.207
2024-11-16,wk inc flu hosp,0,2024-11-16,09,quantile,0.025,0.367
2024-11-16,wk inc flu hosp,0,2024-11-16,09,quantile,0.05,0.521
2024-11-16,wk inc flu hosp,0,2024-11-16,09,quantile,0.1,0.808
2024-11-16,wk inc flu hosp,0,2024-11-16,09,quantile,0.15,1.074
2024-11-16,wk inc flu hosp,0,2024-11-16,09,quantile,0.2,1.447
2024-11-16,wk inc flu hosp,0,2024-11-16,09,quantile,0.25,1.896
2024-11-16,wk inc flu hosp,0,2024-11-16,09,quantile,0.3,2.451
2024-11-16,wk inc flu hosp,0,2024-11-16,09,quantile,0.35,3.028
2024-11-16,wk inc flu hosp,0,2024-11-16,09,quantile,0.4,3.651
2024-11-16,wk inc flu hosp,0,2024-11-16,09,quantile,0.45,4.267
2024-11-16,wk inc flu hosp,0,2024-11-16,09,quantile,0.5,5.049
2024-11-16,wk inc flu hosp,0,2024-11-16,09,quantile,0.55,5.576
2024-11-16,wk inc flu hosp,0,2024-11-16,09,quantile,0.6,6.605
2024-11-16,wk inc flu hosp,0,2024-11-16,09,quantile,0.65,7.657
2024-11-16,wk inc flu hosp,0,2024-11-16,09,quantile,0.7,9.412
2024-11-16,wk inc flu hosp,0,2024-11-16,09,quantile,0.75,10.945
2024-11-16,wk inc flu hosp,0,2024-11-16,09,quantile,0.8,13.342
2024-11-16,wk inc flu hosp,0,2024-11-16,09,quantile,0.85,16.534
2024-11-16,wk inc flu hosp,0,2024-11-16,09,quantile,0.9,23.964
2024-11-16,wk inc flu hosp,0,2024-11-16,09,quantile,0.95,37.996
2024-11-16,wk inc flu hosp,0,2024-11-16,09,quantile,0.975,47.358
2024-11-16,wk inc flu hosp,0,2024-11-16,09,quantile,0.99,59.638
2024-11-16,wk inc flu hosp,1,2024-11-23,09,quantile,0.01,0.012
2024-11-16,wk inc flu hosp,1,2024-11-23,09,quantile,0.025,0.042
2024-11-16,wk inc flu hosp,1,2024-11-23,09,quantile,0.05,0.075
2024-11-16,wk inc flu hosp,1,2024-11-23,09,quantile,0.1,0.155
2024-11-16,wk inc flu hosp,1,2024-11-23,09,quantile,0.15,0.236
2024-11-16,wk inc flu hosp,1,2024-11-23,09,quantile,0.2,0.415
2024-11-16,wk inc flu hosp,1,2024-11-23,09,quantile,0.25,0.595
2024-11-16,wk inc flu hosp,1,2024-11-23,09,quantile,0.3,0.882
2024-11-16,wk inc flu hosp,1,2024-11-23,09,quantile,0.35,1.225
2024-11-16,wk inc flu hosp,1,2024-11-23,09,quantile,0.4,1.692
2024-11-16,wk inc flu hosp,1,2024-11-23,09,quantile,0.45,2.146
2024-11-16,wk inc flu hosp,1,2024-11-23,09,quantile,0.5,2.831
2024-11-16,wk inc flu hosp,1,2024-11-23,09,quantile,0.55,3.425
2024-11-16,wk inc flu hosp,1,2024-11-23,09,quantile,0.6,4.277
2024-11-16,wk inc flu hosp,1,2024-11-23,09,quantile,0.65,5.382
2024-11-16,wk inc flu hosp,1,2024-11-23,09,quantile,0.7,7.73
2024-11-16,wk inc flu hosp,1,2024-11-23,09,quantile,0.75,10.413
2024-11-16,wk inc flu hosp,1,2024-11-23,09,quantile,0.8,14.149
2024-11-16,wk inc flu hosp,1,2024-11-23,09,quantile,0.85,17.99
2024-11-16,wk inc flu hosp,1,2024-11-23,09,quantile,0.9,28.147
2024-11-16,wk inc flu hosp,1,2024-11-23,09,quantile,0.95,54.551
2024-11-16,wk inc flu hosp,1,2024-11-23,09,quantile,0.975,77.51
2024-11-16,wk inc flu hosp,1,2024-11-23,09,quantile,0.99,107.656
2024-11-16,wk inc flu hosp,2,2024-11-30,09,quantile,0.01,0.001
2024-11-16,wk inc flu hosp,2,2024-11-30,09,quantile,0.025,0.004
2024-11-16,wk inc flu hosp,2,2024-11-30,09,quantile,0.05,0.01
2024-11-16,wk inc flu hosp,2,2024-11-30,09,quantile,0.1,0.029
2024-11-16,wk inc flu hosp,2,2024-11-30,09,quantile,0.15,0.051
2024-11-16,wk inc flu hosp,2,2024-11-30,09,quantile,0.2,0.117
2024-11-16,wk inc flu hosp,2,2024-11-30,09,quantile,0.25,0.183
2024-11-16,wk inc flu hosp,2,2024-11-30,09,quantile,0.3,0.335
2024-11-16,wk inc flu hosp,2,2024-11-30,09,quantile,0.35,0.531
2024-11-16,wk inc flu hosp,2,2024-11-30,09,quantile,0.4,0.767
2024-11-16,wk inc flu hosp,2,2024-11-30,09,quantile,0.45,1.061
2024-11-16,wk inc flu hosp,2,2024-11-30,09,quantile,0.5,1.532
2024-11-16,wk inc flu hosp,2,2024-11-30,09,quantile,0.55,2.227
2024-11-16,wk inc flu hosp,2,2024-11-30,09,quantile,0.6,2.794
2024-11-16,wk inc flu hosp,2,2024-11-30,09,quantile,0.65,4.081
2024-11-16,wk inc flu hosp,2,2024-11-30,09,quantile,0.7,6.183
2024-11-16,wk inc flu hosp,2,2024-11-30,09,quantile,0.75,9.491
2024-11-16,wk inc flu hosp,2,2024-11-30,09,quantile,0.8,14.411
2024-11-16,wk inc flu hosp,2,2024-11-30,09,quantile,0.85,21.642
2024-11-16,wk inc flu hosp,2,2024-11-30,09,quantile,0.9,35.58
2024-11-16,wk inc flu hosp,2,2024-11-30,09,quantile,0.95,79.334
2024-11-16,wk inc flu hosp,2,2024-11-30,09,quantile,0.975,147.814
2024-11-16,wk inc flu hosp,2,2024-11-30,09,quantile,0.99,242.983
2024-11-16,wk inc flu hosp,3,2024-12-07,09,quantile,0.01,0.0
2024-11-16,wk inc flu hosp,3,2024-12-07,09,quantile,0.025,0.0
2024-11-16,wk inc flu hosp,3,2024-12-07,09,quantile,0.05,0.001
2024-11-16,wk inc flu hosp,3,2024-12-07,09,quantile,0.1,0.005
2024-11-16,wk inc flu hosp,3,2024-12-07,09,quantile,0.15,0.011
2024-11-16,wk inc flu hosp,3,2024-12-07,09,quantile,0.2,0.034
2024-11-16,wk inc flu hosp,3,2024-12-07,09,quantile,0.25,0.062
2024-11-16,wk inc flu hosp,3,2024-12-07,09,quantile,0.3,0.129
2024-11-16,wk inc flu hosp,3,2024-12-07,09,quantile,0.35,0.222
2024-11-16,wk inc flu hosp,3,2024-12-07,09,quantile,0.4,0.353
2024-11-16,wk inc flu hosp,3,2024-12-07,09,quantile,0.45,0.537
2024-11-16,wk inc flu hosp,3,2024-12-07,09,quantile,0.5,0.854
2024-11-16,wk inc flu hosp,3,2024-12-07,09,quantile,0.55,1.344
2024-11-16,wk inc flu hosp,3,2024-12-07,09,quantile,0.6,1.867
2024-11-16,wk inc flu hosp,3,2024-12-07,09,quantile,0.65,2.861
2024-11-16,wk inc flu hosp,3,2024-12-07,09,quantile,0.7,5.051
2024-11-16,wk inc flu hosp,3,2024-12-07,09,quantile,0.75,8.998
2024-11-16,wk inc flu hosp,3,2024-12-07,09,quantile,0.8,14.361
2024-11-16,wk inc flu hosp,3,2024-12-07,09,quantile,0.85,27.077
2024-11-16,wk inc flu hosp,3,2024-12-07,09,quantile,0.9,39.5
2024-11-16,wk inc flu hosp,3,2024-12-07,09,quantile,0.95,111.889
2024-11-16,wk inc flu hosp,3,2024-12-07,09,quantile,0.975,234.233
2024-11-16,wk inc flu hosp,3,2024-12-07,09,quantile,0.99,368.639
2024-11-16,wk inc flu hosp,0,2024-11-16,10,quantile,0.01,0.217
2024-11-16,wk inc flu hosp,0,2024-11-16,10,quantile,0.025,0.289
2024-11-16,wk inc flu hosp,0,2024-11-16,10,quantile,0.05,0.345
2024-11-16,wk inc flu hosp,0,2024-11-16,10,quantile,0.1,0.49
2024-11-16,wk inc flu hosp,0,2024-11-16,10,quantile,0.15,0.634
2024-11-16,wk inc flu hosp,0,2024-11-16,10,quantile,0.2,0.819
2024-11-16,wk inc flu hosp,0,2024-11-16,10,quantile,0.25,1.03
2024-11-16,wk inc flu hosp,0,2024-11-16,10,quantile,0.3,1.221
2024-11-16,wk inc flu hosp,0,2024-11-16,10,quantile,0.35,1.41
2024-11-16,wk inc flu hosp,0,2024-11-16,10,quantile,0.4,1.626
2024-11-16,wk inc flu hosp,0,2024-11-16,10,quantile,0.45,1.928
2024-11-16,wk inc flu hosp,0,2024-11-16,10,quantile,0.5,2.135
2024-11-16,wk inc flu hosp,0,2024-11-16,10,quantile,0.55,2.364
2024-11-16,wk inc flu hosp,0,2024-11-16,10,quantile,0.6,2.69
2024-11-16,wk inc flu hosp,0,2024-11-16,10,quantile,0.65,3.144
2024-11-16,wk inc flu hosp,0,2024-11-16,10,quantile,0.7,3.436
2024-11-16,wk inc flu hosp,0,2024-11-16,10,quantile,0.75,3.933
2024-11-16,wk inc flu hosp,0,2024-11-16,10,quantile,0.8,4.595
2024-11-16,wk inc flu hosp,0,2024-11-16,10,quantile,0.85,5.321
2024-11-16,wk inc flu hosp,0,2024-11-16,10,quantile,0.9,6.773
2024-11-16,wk inc flu hosp,0,2024-11-16,10,quantile,0.95,9.613
2024-11-16,wk inc flu hosp,0,2024-11-16,10,quantile,0.975,11.538
2024-11-16,wk inc flu hosp,0,2024-11-16,10,quantile,0.99,13.829
2024-11-16,wk inc flu hosp,1,2024-11-23,10,quantile,0.01,0.01
2024-11-16,wk inc flu hosp,1,2024-11-23,10,quantile,0.025,0.024
2024-11-16,wk inc flu hosp,1,2024-11-23,10,quantile,0.05,0.037
2024-11-16,wk inc flu hosp,1,2024-11-23,10,quantile,0.1,0.067
2024-11-16,wk inc flu hosp,1,2024-11-23,10,quantile,0.15,0.134
2024-11-16,wk inc flu hosp,1,2024-11-23,10,quantile,0.2,0.209
2024-11-16,wk inc flu hosp,1,2024-11-23,10,quantile,0.25,0.348
2024-11-16,wk inc flu hosp,1,2024-11-23,10,quantile,0.3,0.493
2024-11-16,wk inc flu hosp,1,2024-11-23,10,quantile,0.35,0.713
2024-11-16,wk inc flu hosp,1,2024-11-23,10,quantile,0.4,0.907
2024-11-16,wk inc flu hosp,1,2024-11-23,10,quantile,0.45,1.163
2024-11-16,wk inc flu hosp,1,2024-11-23,10,quantile,0.5,1.529
2024-11-16,wk inc flu hosp,1,2024-11-23,10,quantile,0.55,1.955
2024-11-16,wk inc flu hosp,1,2024-11-23,10,quantile,0.6,2.452
2024-11-16,wk inc flu hosp,1,2024-11-23,10,quantile,0.65,3.229
2024-11-16,wk inc flu hosp,1,2024-11-23,10,quantile,0.7,4.091
2024-11-16,wk inc flu hosp,1,2024-11-23,10,quantile,0.75,5.354
2024-11-16,wk inc flu hosp,1,2024-11-23,10,quantile,0.8,6.408
2024-11-16,wk inc flu hosp,1,2024-11-23,10,quantile,0.85,8.493
2024-11-16,wk inc flu hosp,1,2024-11-23,10,quantile,0.9,11.314
2024-11-16,wk inc flu hosp,1,2024-11-23,10,quantile,0.95,19.427
2024-11-16,wk inc flu hosp,1,2024-11-23,10,quantile,0.975,29.82
2024-11-16,wk inc flu hosp,1,2024-11-23,10,quantile,0.99,39.516
2024-11-16,wk inc flu hosp,2,2024-11-30,10,quantile,0.01,0.001
2024-11-16,wk inc flu hosp,2,2024-11-30,10,quantile,0.025,0.002
2024-11-16,wk inc flu hosp,2,2024-11-30,10,quantile,0.05,0.004
2024-11-16,wk inc flu hosp,2,2024-11-30,10,quantile,0.1,0.01
2024-11-16,wk inc flu hosp,2,2024-11-30,10,quantile,0.15,0.028
2024-11-16,wk inc flu hosp,2,2024-11-30,10,quantile,0.2,0.055
2024-11-16,wk inc flu hosp,2,2024-11-30,10,quantile,0.25,0.11
2024-11-16,wk inc flu hosp,2,2024-11-30,10,quantile,0.3,0.203
2024-11-16,wk inc flu hosp,2,2024-11-30,10,quantile,0.35,0.339
2024-11-16,wk inc flu hosp,2,2024-11-30,10,quantile,0.4,0.472
2024-11-16,wk inc flu hosp,2,2024-11-30,10,quantile,0.45,0.717
2024-11-16,wk inc flu hosp,2,2024-11-30,10,quantile,0.5,1.077
2024-11-16,wk inc flu hosp,2,2024-11-30,10,quantile,0.55,1.643
2024-11-16,wk inc flu hosp,2,2024-11-30,10,quantile,0.6,2.393
2024-11-16,wk inc flu hosp,2,2024-11-30,10,quantile,0.65,3.231
2024-11-16,wk inc flu hosp,2,2024-11-30,10,quantile,0.7,4.711
2024-11-16,wk inc flu hosp,2,2024-11-30,10,quantile,0.75,7.118
2024-11-16,wk inc flu hosp,2,2024-11-30,10,quantile,0.8,9.688
2024-11-16,wk inc flu hosp,2,2024-11-30,10,quantile,0.85,13.038
2024-11-16,wk inc flu hosp,2,2024-11-30,10,quantile,0.9,21.093
2024-11-16,wk inc flu hosp,2,2024-11-30,10,quantile,0.95,43.071
2024-11-16,wk inc flu hosp,2,2024-11-30,10,quantile,0.975,74.636
2024-11-16,wk inc flu hosp,2,2024-11-30,10,quantile,0.99,106.889
2024-11-16,wk inc flu hosp,3,2024-12-07,10,quantile,0.01,0.0
2024-11-16,wk inc flu hosp,3,2024-12-07,10,quantile,0.025,0.0
2024-11-16,wk inc flu hosp,3,2024-12-07,10,quantile,0.05,0.0
2024-11-16,wk inc flu hosp,3,2024-12-07,10,quantile,0.1,0.001
2024-11-16,wk inc flu hosp,3,2024-12-07,10,quantile,0.15,0.006
2024-11-16,wk inc flu hosp,3,2024-12-07,10,quantile,0.2,0.015
2024-11-16,wk inc flu hosp,3,2024-12-07,10,quantile,0.25,0.035
2024-11-16,wk inc flu hosp,3,2024-12-07,10,quantile,0.3,0.078
2024-11-16,wk inc flu hosp,3,2024-12-07,10,quantile,0.35,0.156
2024-11-16,wk inc flu hosp,3,2024-12-07,10,quantile,0.4,0.266
2024-11-16,wk inc flu hosp,3,2024-12-07,10,quantile,0.45,0.432
2024-11-16,wk inc flu hosp,3,2024-12-07,10,quantile,0.5,0.746
2024-11-16,wk inc flu hosp,3,2024-12-07,10,quantile,0.55,1.311
2024-11-16,wk inc flu hosp,3,2024-12-07,10,quantile,0.6,2.288
2024-11-16,wk inc flu hosp,3,2024-12-07,10,quantile,0.65,3.313
2024-11-16,wk inc flu hosp,3,2024-12-07,10,quantile,0.7,5.464
2024-11-16,wk inc flu hosp,3,2024-12-07,10,quantile,0.75,9.209
2024-11-16,wk inc flu hosp,3,2024-12-07,10,quantile,0.8,13.126
2024-11-16,wk inc flu hosp,3,2024-12-07,10,quantile,0.85,21.144
2024-11-16,wk inc flu hosp,3,2024-12-07,10,quantile,0.9,38.126
2024-11-16,wk inc flu hosp,3,2024-12-07,10,quantile,0.95,80.716
2024-11-16,wk inc flu hosp,3,2024-12-07,10,quantile,0.975,158.192
2024-11-16,wk inc flu hosp,3,2024-12-07,10,quantile,0.99,212.727
2024-11-16,wk inc flu hosp,0,2024-11-16,11,quantile,0.01,0.059
2024-11-16,wk inc flu hosp,0,2024-11-16,11,quantile,0.025,0.101
2024-11-16,wk inc flu hosp,0,2024-11-16,11,quantile,0.05,0.137
2024-11-16,wk inc flu hosp,0,2024-11-16,11,quantile,0.1,0.173
2024-11-16,wk inc flu hosp,0,2024-11-16,11,quantile,0.15,0.239
2024-11-16,wk inc flu hosp,0,2024-11-16,11,quantile,0.2,0.284
2024-11-16,wk inc flu hosp,0,2024-11-16,11,quantile,0.25,0.35
2024-11-16,wk inc flu hosp,0,2024-11-16,11,quantile,0.3,0.404
2024-11-16,wk inc flu hosp,0,2024-11-16,11,quantile,0.35,0.476
2024-11-16,wk inc flu hosp,0,2024-11-16,11,quantile,0.4,0.545
2024-11-16,wk inc flu hosp,0,2024-11-16,11,quantile,0.45,0.616
2024-11-16,wk inc flu hosp,0,2024-11-16,11,quantile,0.5,0.694
2024-11-16,wk inc flu hosp,0,2024-11-16,11,quantile,0.55,0.789
2024-11-16,wk inc flu hosp,0,2024-11-16,11,quantile,0.6,0.929
2024-11-16,wk inc flu hosp,0,2024-11-16,11,quantile,0.65,1.044
2024-11-16,wk inc flu hosp,0,2024-11-16,11,quantile,0.7,1.212
2024-11-16,wk inc flu hosp,0,2024-11-16,11,quantile,0.75,1.33
2024-11-16,wk inc flu hosp,0,2024-11-16,11,quantile,0.8,1.548
2024-11-16,wk inc flu hosp,0,2024-11-16,11,quantile,0.85,1.943
2024-11-16,wk inc flu hosp,0,2024-11-16,11,quantile,0.9,2.703
2024-11-16,wk inc flu hosp,0,2024-11-16,11,quantile,0.95,4.073
2024-11-16,wk inc flu hosp,0,2024-11-16,11,quantile,0.975,5.284
2024-11-16,wk inc flu hosp,0,2024-11-16,11,quantile,0.99,6.453
2024-11-16,wk inc flu hosp,1,2024-11-23,11,quantile,0.01,0.004
2024-11-16,wk inc flu hosp,1,2024-11-23,11,quantile,0.025,0.009
2024-11-16,wk inc flu hosp,1,2024-11-23,11,quantile,0.05,0.015
2024-11-16,wk inc flu hosp,1,2024-11-23,11,quantile,0.1,0.032
2024-11-16,wk inc flu hosp,1,2024-11-23,11,quantile,0.15,0.05
2024-11-16,wk inc flu hosp,1,2024-11-23,11,quantile,0.2,0.072
2024-11-16,wk inc flu hosp,1,2024-11-23,11,quantile,0.25,0.107
2024-11-16,wk inc flu hosp,1,2024-11-23,11,quantile,0.3,0.151
2024-11-16,wk inc flu hosp,1,2024-11-23,11,quantile,0.35,0.205
2024-11-16,wk inc flu hosp,1,2024-11-23,11,quantile,0.4,0.262
2024-11-16,wk inc flu hosp,1,2024-11-23,11,quantile,0.45,0.31
2024-11-16,wk inc flu hosp,1,2024-11-23,11,quantile,0.5,0.408
2024-11-16,wk inc flu hosp,1,2024-11-23,11,quantile,0.55,0.52
2024-11-16,wk inc flu hosp,1,2024-11-23,11,quantile,0.6,0.634
2024-11-16,wk inc flu hosp,1,2024-11-23,11,quantile,0.65,0.815
2024-11-16,wk inc flu hosp,1,2024-11-23,11,quantile,0.7,1.006
2024-11-16,wk inc flu hosp,1,2024-11-23,11,quantile,0.75,1.382
2024-11-16,wk inc flu hosp,1,2024-11-23,11,quantile,0.8,1.707
2024-11-16,wk inc flu hosp,1,2024-11-23,11,quantile,0.85,2.211
2024-11-16,wk inc flu hosp,1,2024-11-23,11,quantile,0.9,4.046
2024-11-16,wk inc flu hosp,1,2024-11-23,11,quantile,0.95,7.105
2024-11-16,wk inc flu hosp,1,2024-11-23,11,quantile,0.975,10.839
2024-11-16,wk inc flu hosp,1,2024-11-23,11,quantile,0.99,14.993
2024-11-16,wk inc flu hosp,2,2024-11-30,11,quantile,0.01,0.0
2024-11-16,wk inc flu hosp,2,2024-11-30,11,quantile,0.025,0.001
2024-11-16,wk inc flu hosp,2,2024-11-30,11,quantile,0.05,0.002
2024-11-16,wk inc flu hosp,2,2024-11-30,11,quantile,0.1,0.005
2024-11-16,wk inc flu hosp,2,2024-11-30,11,quantile,0.15,0.011
2024-11-16,wk inc flu hosp,2,2024-11-30,11,quantile,0.2,0.02
2024-11-16,wk inc flu hosp,2,2024-11-30,11,quantile,0.25,0.033
2024-11-16,wk inc flu hosp,2,2024-11-30,11,quantile,0.3,0.056
2024-11-16,wk inc flu hosp,2,2024-11-30,11,quantile,0.35,0.084
2024-11-16,wk inc flu hosp,2,2024-11-30,11,quantile,0.4,0.126
2024-11-16,wk inc flu hosp,2,2024-11-30,11,quantile,0.45,0.17
2024-11-16,wk inc flu hosp,2,2024-11-30,11,quantile,0.5,0.233
2024-11-16,wk inc flu hosp,2,2024-11-30,11,quantile,0.55,0.343
2024-11-16,wk inc flu hosp,2,2024-11-30,11,quantile,0.6,0.464
2024-11-16,wk inc flu hosp,2,2024-11-30,11,quantile,0.65,0.614
2024-11-16,wk inc flu hosp,2,2024-11-30,11,quantile,0.7,0.859
2024-11-16,wk inc flu hosp,2,2024-11-30,11,quantile,0.75,1.307
2024-11-16,wk inc flu hosp,2,2024-11-30,11,quantile,0.8,1.925
2024-11-16,wk inc flu hosp,2,2024-11-30,11,quantile,0.85,3.072
2024-11-16,wk inc flu hosp,2,2024-11-30,11,quantile,0.9,6.013
2024-11-16,wk inc flu hosp,2,2024-11-30,11,quantile,0.95,12.76
2024-11-16,wk inc flu hosp,2,2024-11-30,11,quantile,0.975,20.69
2024-11-16,wk inc flu hosp,2,2024-11-30,11,quantile,0.99,35.431
2024-11-16,wk inc flu hosp,3,2024-12-07,11,quantile,0.01,0.0
2024-11-16,wk inc flu hosp,3,2024-12-07,11,quantile,0.025,0.0
2024-11-16,wk inc flu hosp,3,2024-12-07,11,quantile,0.05,0.0
2024-11-16,wk inc flu hosp,3,2024-12-07,11,quantile,0.1,0.001
2024-11-16,wk inc flu hosp,3,2024-12-07,11,quantile,0.15,0.002
2024-11-16,wk inc flu hosp,3,2024-12-07,11,quantile,0.2,0.005
2024-11-16,wk inc flu hosp,3,2024-12-07,11,quantile,0.25,0.01
2024-11-16,wk inc flu hosp,3,2024-12-07,11,quantile,0.3,0.021
2024-11-16,wk inc flu hosp,3,2024-12-07,11,quantile,0.35,0.035
2024-11-16,wk inc flu hosp,3,2024-12-07,11,quantile,0.4,0.059
2024-11-16,wk inc flu hosp,3,2024-12-07,11,quantile,0.45,0.091
2024-11-16,wk inc flu hosp,3,2024-12-07,11,quantile,0.5,0.137
2024-11-16,wk inc flu hosp,3,2024-12-07,11,quantile,0.55,0.223
2024-11-16,wk inc flu hosp,3,2024-12-07,11,quantile,0.6,0.332
2024-11-16,wk inc flu hosp,3,2024-12-07,11,quantile,0.65,0.485
2024-11-16,wk inc flu hosp,3,2024-12-07,11,quantile,0.7,0.734
2024-11-16,wk inc flu hosp,3,2024-12-07,11,quantile,0.75,1.222
2024-11-16,wk inc flu hosp,3,2024-12-07,11,quantile,0.8,1.982
2024-11-16,wk inc flu hosp,3,2024-12-07,11,quantile,0.85,3.624
2024-11-16,wk inc flu hosp,3,2024-12-07,11,quantile,0.9,8.682
2024-11-16,wk inc flu hosp,3,2024-12-07,11,quantile,0.95,20.298
2024-11-16,wk inc flu hosp,3,2024-12-07,11,quantile,0.975,41.011
2024-11-16,wk inc flu hosp,3,2024-12-07,11,quantile,0.99,71.116
2024-11-16,wk inc flu hosp,0,2024-11-16,12,quantile,0.01,25.865
2024-11-16,wk inc flu hosp,0,2024-11-16,12,quantile,0.025,37.407
2024-11-16,wk inc flu hosp,0,2024-11-16,12,quantile,0.05,47.778
2024-11-16,wk inc flu hosp,0,2024-11-16,12,quantile,0.1,64.295
2024-11-16,wk inc flu hosp,0,2024-11-16,12,quantile,0.15,76.568
2024-11-16,wk inc flu hosp,0,2024-11-16,12,quantile,0.2,89.956
2024-11-16,wk inc flu hosp,0,2024-11-16,12,quantile,0.25,101.899
2024-11-16,wk inc flu hosp,0,2024-11-16,12,quantile,0.3,113.309
2024-11-16,wk inc flu hosp,0,2024-11-16,12,quantile,0.35,127.599
2024-11-16,wk inc flu hosp,0,2024-11-16,12,quantile,0.4,142.26
2024-11-16,wk inc flu hosp,0,2024-11-16,12,quantile,0.45,156.094
2024-11-16,wk inc flu hosp,0,2024-11-16,12,quantile,0.5,172.981
2024-11-16,wk inc flu hosp,0,2024-11-16,12,quantile,0.55,186.316
2024-11-16,wk inc flu hosp,0,2024-11-16,12,quantile,0.6,204.239
2024-11-16,wk inc flu hosp,0,2024-11-16,12,quantile,0.65,232.6
2024-11-16,wk inc flu hosp,0,2024-11-16,12,quantile,0.7,256.227
2024-11-16,wk inc flu hosp,0,2024-11-16,12,quantile,0.75,285.214
2024-11-16,wk inc flu hosp,0,2024-11-16,12,quantile,0.8,328.242
2024-11-16,wk inc flu hosp,0,2024-11-16,12,quantile,0.85,378.182
2024-11-16,wk inc flu hosp,0,2024-11-16,12,quantile,0.9,472.949
2024-11-16,wk inc flu hosp,0,2024-11-16,12,quantile,0.95,591.986
2024-11-16,wk inc flu hosp,0,2024-11-16,12,quantile,0.975,708.196
2024-11-16,wk inc flu hosp,0,2024-11-16,12,quantile,0.99,832.081
2024-11-16,wk inc flu hosp,1,2024-11-23,12,quantile,0.01,4.347
2024-11-16,wk inc flu hosp,1,2024-11-23,12,quantile,0.025,7.054
2024-11-16,wk inc flu hosp,1,2024-11-23,12,quantile,0.05,12.449
2024-11-16,wk inc flu hosp,1,2024-11-23,12,quantile,0.1,22.321
2024-11-16,wk inc flu hosp,1,2024-11-23,12,quantile,0.15,31.604
2024-11-16,wk inc flu hosp,1,2024-11-23,12,quantile,0.2,42.391
2024-11-16,wk inc flu hosp,1,2024-11-23,12,quantile,0.25,53.889
2024-11-16,wk inc flu hosp,1,2024-11-23,12,quantile,0.3,70.436
2024-11-16,wk inc flu hosp,1,2024-11-23,12,quantile,0.35,85.073
2024-11-16,wk inc flu hosp,1,2024-11-23,12,quantile,0.4,99.057
2024-11-16,wk inc flu hosp,1,2024-11-23,12,quantile,0.45,118.27
2024-11-16,wk inc flu hosp,1,2024-11-23,12,quantile,0.5,141.615
2024-11-16,wk inc flu hosp,1,2024-11-23,12,quantile,0.55,168.952
2024-11-16,wk inc flu hosp,1,2024-11-23,12,quantile,0.6,202.109
2024-11-16,wk inc flu hosp,1,2024-11-23,12,quantile,0.65,241.614
2024-11-16,wk inc flu hosp,1,2024-11-23,12,quantile,0.7,287.682
2024-11-16,wk inc flu hosp,1,2024-11-23,12,quantile,0.75,342.558
2024-11-16,wk inc flu hosp,1,2024-11-23,12,quantile,0.8,436.793
2024-11-16,wk inc flu hosp,1,2024-11-23,12,quantile,0.85,525.495
2024-11-16,wk inc flu hosp,1,2024-11-23,12,quantile,0.9,679.61
2024-11-16,wk inc flu hosp,1,2024-11-23,12,quantile,0.95,996.018
2024-11-16,wk inc flu hosp,1,2024-11-23,12,quantile,0.975,1328.103
2024-11-16,wk inc flu hosp,1,2024-11-23,12,quantile,0.99,1622.18
2024-11-16,wk inc flu hosp,2,2024-11-30,12,quantile,0.01,0.531
2024-11-16,wk inc flu hosp,2,2024-11-30,12,quantile,0.025,1.558
2024-11-16,wk inc flu hosp,2,2024-11-30,12,quantile,0.05,3.032
2024-11-16,wk inc flu hosp,2,2024-11-30,12,quantile,0.1,8.04
2024-11-16,wk inc flu hosp,2,2024-11-30,12,quantile,0.15,12.826
2024-11-16,wk inc flu hosp,2,2024-11-30,12,quantile,0.2,19.327
2024-11-16,wk inc flu hosp,2,2024-11-30,12,quantile,0.25,28.386
2024-11-16,wk inc flu hosp,2,2024-11-30,12,quantile,0.3,42.396
2024-11-16,wk inc flu hosp,2,2024-11-30,12,quantile,0.35,54.565
2024-11-16,wk inc flu hosp,2,2024-11-30,12,quantile,0.4,69.669
2024-11-16,wk inc flu hosp,2,2024-11-30,12,quantile,0.45,91.96
2024-11-16,wk inc flu hosp,2,2024-11-30,12,quantile,0.5,120.084
2024-11-16,wk inc flu hosp,2,2024-11-30,12,quantile,0.55,154.016
2024-11-16,wk inc flu hosp,2,2024-11-30,12,quantile,0.6,196.186
2024-11-16,wk inc flu hosp,2,2024-11-30,12,quantile,0.65,248.584
2024-11-16,wk inc flu hosp,2,2024-11-30,12,quantile,0.7,328.181
2024-11-16,wk inc flu hosp,2,2024-11-30,12,quantile,0.75,431.911
2024-11-16,wk inc flu hosp,2,2024-11-30,12,quantile,0.8,542.23
2024-11-16,wk inc flu hosp,2,2024-11-30,12,quantile,0.85,734.535
2024-11-16,wk inc flu hosp,2,2024-11-30,12,quantile,0.9,958.274
2024-11-16,wk inc flu hosp,2,2024-11-30,12,quantile,0.95,1612.041
2024-11-16,wk inc flu hosp,2,2024-11-30,12,quantile,0.975,2420.249
2024-11-16,wk inc flu hosp,2,2024-11-30,12,quantile,0.99,3038.536
2024-11-16,wk inc flu hosp,3,2024-12-07,12,quantile,0.01,0.068
2024-11-16,wk inc flu hosp,3,2024-12-07,12,quantile,0.025,0.331
2024-11-16,wk inc flu hosp,3,2024-12-07,12,quantile,0.05,0.796
2024-11-16,wk inc flu hosp,3,2024-12-07,12,quantile,0.1,2.665
2024-11-16,wk inc flu hosp,3,2024-12-07,12,quantile,0.15,5.194
2024-11-16,wk inc flu hosp,3,2024-12-07,12,quantile,0.2,9.396
2024-11-16,wk inc flu hosp,3,2024-12-07,12,quantile,0.25,15.3
2024-11-16,wk inc flu hosp,3,2024-12-07,12,quantile,0.3,24.212
2024-11-16,wk inc flu hosp,3,2024-12-07,12,quantile,0.35,35.579
2024-11-16,wk inc flu hosp,3,2024-12-07,12,quantile,0.4,51.59
2024-11-16,wk inc flu hosp,3,2024-12-07,12,quantile,0.45,68.529
2024-11-16,wk inc flu hosp,3,2024-12-07,12,quantile,0.5,99.182
2024-11-16,wk inc flu hosp,3,2024-12-07,12,quantile,0.55,137.48
2024-11-16,wk inc flu hosp,3,2024-12-07,12,quantile,0.6,197.094
2024-11-16,wk inc flu hosp,3,2024-12-07,12,quantile,0.65,250.29
2024-11-16,wk inc flu hosp,3,2024-12-07,12,quantile,0.7,368.859
2024-11-16,wk inc flu hosp,3,2024-12-07,12,quantile,0.75,491.858
2024-11-16,wk inc flu hosp,3,2024-12-07,12,quantile,0.8,636.489
2024-11-16,wk inc flu hosp,3,2024-12-07,12,quantile,0.85,940.314
2024-11-16,wk inc flu hosp,3,2024-12-07,12,quantile,0.9,1255.708
2024-11-16,wk inc flu hosp,3,2024-12-07,12,quantile,0.95,2288.107
2024-11-16,wk inc flu hosp,3,2024-12-07,12,quantile,0.975,3217.372
2024-11-16,wk inc flu hosp,3,2024-12-07,12,quantile,0.99,4129.408
2024-11-16,wk inc flu hosp,0,2024-11-16,13,quantile,0.01,1.291
2024-11-16,wk inc flu hosp,0,2024-11-16,13,quantile,0.025,1.995
2024-11-16,wk inc flu hosp,0,2024-11-16,13,quantile,0.05,2.645
2024-11-16,wk inc flu hosp,0,2024-11-16,13,quantile,0.1,3.827
2024-11-16,wk inc flu hosp,0,2024-11-16,13,quantile,0.15,5.064
2024-11-16,wk inc flu hosp,0,2024-11-16,13,quantile,0.2,6.003
2024-11-16,wk inc flu hosp,0,2024-11-16,13,quantile,0.25,7.337
2024-11-16,wk inc flu hosp,0,2024-11-16,13,quantile,0.3,9.188
2024-11-16,wk inc flu hosp,0,2024-11-16,13,quantile,0.35,10.547
2024-11-16,wk inc flu hosp,0,2024-11-16,13,quantile,0.4,12.651
2024-11-16,wk inc flu hosp,0,2024-11-16,13,quantile,0.45,15.043
2024-11-16,wk inc flu hosp,0,2024-11-16,13,quantile,0.5,17.606
2024-11-16,wk inc flu hosp,0,2024-11-16,13,quantile,0.55,20.277
2024-11-16,wk inc flu hosp,0,2024-11-16,13,quantile,0.6,23.543
2024-11-16,wk inc flu hosp,0,2024-11-16,13,quantile,0.65,27.449
2024-11-16,wk inc flu hosp,0,2024-11-16,13,quantile,0.7,31.746
2024-11-16,wk inc flu hosp,0,2024-11-16,13,quantile,0.75,37.342
2024-11-16,wk inc flu hosp,0,2024-11-16,13,quantile,0.8,43.874
2024-11-16,wk inc flu hosp,0,2024-11-16,13,quantile,0.85,54.544
2024-11-16,wk inc flu hosp,0,2024-11-16,13,quantile,0.9,73.111
2024-11-16,wk inc flu hosp,0,2024-11-16,13,quantile,0.95,105.984
2024-11-16,wk inc flu hosp,0,2024-11-16,13,quantile,0.975,134.023
2024-11-16,wk inc flu hosp,0,2024-11-16,13,quantile,0.99,171.684
2024-11-16,wk inc flu hosp,1,2024-11-23,13,quantile,0.01,0.073
2024-11-16,wk inc flu hosp,1,2024-11-23,13,quantile,0.025,0.166
2024-11-16,wk inc flu hosp,1,2024-11-23,13,quantile,0.05,0.307
2024-11-16,wk inc flu hosp,1,2024-11-23,13,quantile,0.1,0.653
2024-11-16,wk inc flu hosp,1,2024-11-23,13,quantile,0.15,1.139
2024-11-16,wk inc flu hosp,1,2024-11-23,13,quantile,0.2,1.619
2024-11-16,wk inc flu hosp,1,2024-11-23,13,quantile,0.25,2.411
2024-11-16,wk inc flu hosp,1,2024-11-23,13,quantile,0.3,3.378
2024-11-16,wk inc flu hosp,1,2024-11-23,13,quantile,0.35,4.731
2024-11-16,wk inc flu hosp,1,2024-11-23,13,quantile,0.4,6.366
2024-11-16,wk inc flu hosp,1,2024-11-23,13,quantile,0.45,8.301
2024-11-16,wk inc flu hosp,1,2024-11-23,13,quantile,0.5,10.156
2024-11-16,wk inc flu hosp,1,2024-11-23,13,quantile,0.55,14.149
2024-11-16,wk inc flu hosp,1,2024-11-23,13,quantile,0.6,18.154
2024-11-16,wk inc flu hosp,1,2024-11-23,13,quantile,0.65,23.36
2024-11-16,wk inc flu hosp,1,2024-11-23,13,quantile,0.7,29.042
2024-11-16,wk inc flu hosp,1,2024-11-23,13,quantile,0.75,38.01
2024-11-16,wk inc flu hosp,1,2024-11-23,13,quantile,0.8,50.727
2024-11-16,wk inc flu hosp,1,2024-11-23,13,quantile,0.85,67.176
2024-11-16,wk inc flu hosp,1,2024-11-23,13,quantile,0.9,100.575
2024-11-16,wk inc flu hosp,1,2024-11-23,13,quantile,0.95,182.717
2024-11-16,wk inc flu hosp,1,2024-11-23,13,quantile,0.975,243.73
2024-11-16,wk inc flu hosp,1,2024-11-23,13,quantile,0.99,392.662
2024-11-16,wk inc flu hosp,2,2024-11-30,13,quantile,0.01,0.003
2024-11-16,wk inc flu hosp,2,2024-11-30,13,quantile,0.025,0.012
2024-11-16,wk inc flu hosp,2,2024-11-30,13,quantile,0.05,0.036
2024-11-16,wk inc flu hosp,2,2024-11-30,13,quantile,0.1,0.108
2024-11-16,wk inc flu hosp,2,2024-11-30,13,quantile,0.15,0.253
2024-11-16,wk inc flu hosp,2,2024-11-30,13,quantile,0.2,0.452
2024-11-16,wk inc flu hosp,2,2024-11-30,13,quantile,0.25,0.766
2024-11-16,wk inc flu hosp,2,2024-11-30,13,quantile,0.3,1.369
2024-11-16,wk inc flu hosp,2,2024-11-30,13,quantile,0.35,2.144
2024-11-16,wk inc flu hosp,2,2024-11-30,13,quantile,0.4,3.189
2024-11-16,wk inc flu hosp,2,2024-11-30,13,quantile,0.45,4.388
2024-11-16,wk inc flu hosp,2,2024-11-30,13,quantile,0.5,6.167
2024-11-16,wk inc flu hosp,2,2024-11-30,13,quantile,0.55,9.312
2024-11-16,wk inc flu hosp,2,2024-11-30,13,quantile,0.6,14.312
2024-11-16,wk inc flu hosp,2,2024-11-30,13,quantile,0.65,19.586
2024-11-16,wk inc flu hosp,2,2024-11-30,13,quantile,0.7,27.025
2024-11-16,wk inc flu hosp,2,2024-11-30,13,quantile,0.75,38.224
2024-11-16,wk inc flu hosp,2,2024-11-30,13,quantile,0.8,55.639
2024-11-16,wk inc flu hosp,2,2024-11-30,13,quantile,0.85,90.465
2024-11-16,wk inc flu hosp,2,2024-11-30,13,quantile,0.9,145.317
2024-11-16,wk inc flu hosp,2,2024-11-30,13,quantile,0.95,318.921
2024-11-16,wk inc flu hosp,2,2024-11-30,13,quantile,0.975,489.507
2024-11-16,wk inc flu hosp,2,2024-11-30,13,quantile,0.99,806.884
2024-11-16,wk inc flu hosp,3,2024-12-07,13,quantile,0.01,0.0
2024-11-16,wk inc flu hosp,3,2024-12-07,13,quantile,0.025,0.001
2024-11-16,wk inc flu hosp,3,2024-12-07,13,quantile,0.05,0.005
2024-11-16,wk inc flu hosp,3,2024-12-07,13,quantile,0.1,0.017
2024-11-16,wk inc flu hosp,3,2024-12-07,13,quantile,0.15,0.06
2024-11-16,wk inc flu hosp,3,2024-12-07,13,quantile,0.2,0.12
2024-11-16,wk inc flu hosp,3,2024-12-07,13,quantile,0.25,0.26
2024-11-16,wk inc flu hosp,3,2024-12-07,13,quantile,0.3,0.532
2024-11-16,wk inc flu hosp,3,2024-12-07,13,quantile,0.35,0.986
2024-11-16,wk inc flu hosp,3,2024-12-07,13,quantile,0.4,1.618
2024-11-16,wk inc flu hosp,3,2024-12-07,13,quantile,0.45,2.389
2024-11-16,wk inc flu hosp,3,2024-12-07,13,quantile,0.5,3.806
2024-11-16,wk inc flu hosp,3,2024-12-07,13,quantile,0.55,6.086
2024-11-16,wk inc flu hosp,3,2024-12-07,13,quantile,0.6,11.038
2024-11-16,wk inc flu hosp,3,2024-12-07,13,quantile,0.65,16.205
2024-11-16,wk inc flu hosp,3,2024-12-07,13,quantile,0.7,24.422
2024-11-16,wk inc flu hosp,3,2024-12-07,13,quantile,0.75,40.701
2024-11-16,wk inc flu hosp,3,2024-12-07,13,quantile,0.8,62.66
2024-11-16,wk inc flu hosp,3,2024-12-07,13,quantile,0.85,112.615
2024-11-16,wk inc flu hosp,3,2024-12-07,13,quantile,0.9,175.422
2024-11-16,wk inc flu hosp,3,2024-12-07,13,quantile,0.95,471.254
2024-11-16,wk inc flu hosp,3,2024-12-07,13,quantile,0.975,871.102
2024-11-16,wk inc flu hosp,3,2024-12-07,13,quantile,0.99,1240.418
2024-11-16,wk inc flu hosp,0,2024-11-16,15,quantile,0.01,0.298
2024-11-16,wk inc flu hosp,0,2024-11-16,15,quantile,0.025,0.438
2024-11-16,wk inc flu hosp,0,2024-11-16,15,quantile,0.05,0.564
2024-11-16,wk inc flu hosp,0,2024-11-16,15,quantile,0.1,0.743
2024-11-16,wk inc flu hosp,0,2024-11-16,15,quantile,0.15,0.966
2024-11-16,wk inc flu hosp,0,2024-11-16,15,quantile,0.2,1.199
2024-11-16,wk inc flu hosp,0,2024-11-16,15,quantile,0.25,1.419
2024-11-16,wk inc flu hosp,0,2024-11-16,15,quantile,0.3,1.621
2024-11-16,wk inc flu hosp,0,2024-11-16,15,quantile,0.35,1.925
2024-11-16,wk inc flu hosp,0,2024-11-16,15,quantile,0.4,2.208
2024-11-16,wk inc flu hosp,0,2024-11-16,15,quantile,0.45,2.528
2024-11-16,wk inc flu hosp,0,2024-11-16,15,quantile,0.5,2.877
2024-11-16,wk inc flu hosp,0,2024-11-16,15,quantile,0.55,3.305
2024-11-16,wk inc flu hosp,0,2024-11-16,15,quantile,0.6,3.735
2024-11-16,wk inc flu hosp,0,2024-11-16,15,quantile,0.65,4.195
2024-11-16,wk inc flu hosp,0,2024-11-16,15,quantile,0.7,4.843
2024-11-16,wk inc flu hosp,0,2024-11-16,15,quantile,0.75,5.541
2024-11-16,wk inc flu hosp,0,2024-11-16,15,quantile,0.8,6.523
2024-11-16,wk inc flu hosp,0,2024-11-16,15,quantile,0.85,7.935
2024-11-16,wk inc flu hosp,0,2024-11-16,15,quantile,0.9,10.548
2024-11-16,wk inc flu hosp,0,2024-11-16,15,quantile,0.95,14.792
2024-11-16,wk inc flu hosp,0,2024-11-16,15,quantile,0.975,19.605
2024-11-16,wk inc flu hosp,0,2024-11-16,15,quantile,0.99,23.96
2024-11-16,wk inc flu hosp,1,2024-11-23,15,quantile,0.01,0.02
2024-11-16,wk inc flu hosp,1,2024-11-23,15,quantile,0.025,0.041
2024-11-16,wk inc flu hosp,1,2024-11-23,15,quantile,0.05,0.076
2024-11-16,wk inc flu hosp,1,2024-11-23,15,quantile,0.1,0.17
2024-11-16,wk inc flu hosp,1,2024-11-23,15,quantile,0.15,0.25
2024-11-16,wk inc flu hosp,1,2024-11-23,15,quantile,0.2,0.364
2024-11-16,wk inc flu hosp,1,2024-11-23,15,quantile,0.25,0.492
2024-11-16,wk inc flu hosp,1,2024-11-23,15,quantile,0.3,0.651
2024-11-16,wk inc flu hosp,1,2024-11-23,15,quantile,0.35,0.919
2024-11-16,wk inc flu hosp,1,2024-11-23,15,quantile,0.4,1.171
2024-11-16,wk inc flu hosp,1,2024-11-23,15,quantile,0.45,1.5
2024-11-16,wk inc flu hosp,1,2024-11-23,15,quantile,0.5,1.863
2024-11-16,wk inc flu hosp,1,2024-11-23,15,quantile,0.55,2.321
2024-11-16,wk inc flu hosp,1,2024-11-23,15,quantile,0.6,2.782
2024-11-16,wk inc flu hosp,1,2024-11-23,15,quantile,0.65,3.588
2024-11-16,wk inc flu hosp,1,2024-11-23,15,quantile,0.7,4.803
2024-11-16,wk inc flu hosp,1,2024-11-23,15,quantile,0.75,6.018
2024-11-16,wk inc flu hosp,1,2024-11-23,15,quantile,0.8,7.134
2024-11-16,wk inc flu hosp,1,2024-11-23,15,quantile,0.85,9.439
2024-11-16,wk inc flu hosp,1,2024-11-23,15,quantile,0.9,13.841
2024-11-16,wk inc flu hosp,1,2024-11-23,15,quantile,0.95,23.612
2024-11-16,wk inc flu hosp,1,2024-11-23,15,quantile,0.975,32.2
2024-11-16,wk inc flu hosp,1,2024-11-23,15,quantile,0.99,43.599
2024-11-16,wk inc flu hosp,2,2024-11-30,15,quantile,0.01,0.002
2024-11-16,wk inc flu hosp,2,2024-11-30,15,quantile,0.025,0.004
2024-11-16,wk inc flu hosp,2,2024-11-30,15,quantile,0.05,0.011
2024-11-16,wk inc flu hosp,2,2024-11-30,15,quantile,0.1,0.035
2024-11-16,wk inc flu hosp,2,2024-11-30,15,quantile,0.15,0.066
2024-11-16,wk inc flu hosp,2,2024-11-30,15,quantile,0.2,0.109
2024-11-16,wk inc flu hosp,2,2024-11-30,15,quantile,0.25,0.178
2024-11-16,wk inc flu hosp,2,2024-11-30,15,quantile,0.3,0.282
2024-11-16,wk inc flu hosp,2,2024-11-30,15,quantile,0.35,0.416
2024-11-16,wk inc flu hosp,2,2024-11-30,15,quantile,0.4,0.6
2024-11-16,wk inc flu hosp,2,2024-11-30,15,quantile,0.45,0.909
2024-11-16,wk inc flu hosp,2,2024-11-30,15,quantile,0.5,1.225
2024-11-16,wk inc flu hosp,2,2024-11-30,15,quantile,0.55,1.651
2024-11-16,wk inc flu hosp,2,2024-11-30,15,quantile,0.6,2.14
2024-11-16,wk inc flu hosp,2,2024-11-30,15,quantile,0.65,3.109
2024-11-16,wk inc flu hosp,2,2024-11-30,15,quantile,0.7,4.379
2024-11-16,wk inc flu hosp,2,2024-11-30,15,quantile,0.75,6.097
2024-11-16,wk inc flu hosp,2,2024-11-30,15,quantile,0.8,8.656
2024-11-16,wk inc flu hosp,2,2024-11-30,15,quantile,0.85,11.669
2024-11-16,wk inc flu hosp,2,2024-11-30,15,quantile,0.9,18.495
2024-11-16,wk inc flu hosp,2,2024-11-30,15,quantile,0.95,36.254
2024-11-16,wk inc flu hosp,2,2024-11-30,15,quantile,0.975,54.525
2024-11-16,wk inc flu hosp,2,2024-11-30,15,quantile,0.99,93.319
2024-11-16,wk inc flu hosp,3,2024-12-07,15,quantile,0.01,0.0
2024-11-16,wk inc flu hosp,3,2024-12-07,15,quantile,0.025,0.0
2024-11-16,wk inc flu hosp,3,2024-12-07,15,quantile,0.05,0.002
2024-11-16,wk inc flu hosp,3,2024-12-07,15,quantile,0.1,0.007
2024-11-16,wk inc flu hosp,3,2024-12-07,15,quantile,0.15,0.017
2024-11-16,wk inc flu hosp,3,2024-12-07,15,quantile,0.2,0.033
2024-11-16,wk inc flu hosp,3,2024-12-07,15,quantile,0.25,0.062
2024-11-16,wk inc flu hosp,3,2024-12-07,15,quantile,0.3,0.114
2024-11-16,wk inc flu hosp,3,2024-12-07,15,quantile,0.35,0.192
2024-11-16,wk inc flu hosp,3,2024-12-07,15,quantile,0.4,0.342
2024-11-16,wk inc flu hosp,3,2024-12-07,15,quantile,0.45,0.52
2024-11-16,wk inc flu hosp,3,2024-12-07,15,quantile,0.5,0.798
2024-11-16,wk inc flu hosp,3,2024-12-07,15,quantile,0.55,1.185
2024-11-16,wk inc flu hosp,3,2024-12-07,15,quantile,0.6,1.684
2024-11-16,wk inc flu hosp,3,2024-12-07,15,quantile,0.65,2.65
2024-11-16,wk inc flu hosp,3,2024-12-07,15,quantile,0.7,4.031
2024-11-16,wk inc flu hosp,3,2024-12-07,15,quantile,0.75,6.156
2024-11-16,wk inc flu hosp,3,2024-12-07,15,quantile,0.8,9.773
2024-11-16,wk inc flu hosp,3,2024-12-07,15,quantile,0.85,13.85
2024-11-16,wk inc flu hosp,3,2024-12-07,15,quantile,0.9,22.498
2024-11-16,wk inc flu hosp,3,2024-12-07,15,quantile,0.95,53.103
2024-11-16,wk inc flu hosp,3,2024-12-07,15,quantile,0.975,87.117
2024-11-16,wk inc flu hosp,3,2024-12-07,15,quantile,0.99,140.126
2024-11-16,wk inc flu hosp,0,2024-11-16,16,quantile,0.01,0.349
2024-11-16,wk inc flu hosp,0,2024-11-16,16,quantile,0.025,0.642
2024-11-16,wk inc flu hosp,0,2024-11-16,16,quantile,0.05,0.857
2024-11-16,wk inc flu hosp,0,2024-11-16,16,quantile,0.1,1.155
2024-11-16,wk inc flu hosp,0,2024-11-16,16,quantile,0.15,1.48
2024-11-16,wk inc flu hosp,0,2024-11-16,16,quantile,0.2,1.908
2024-11-16,wk inc flu hosp,0,2024-11-16,16,quantile,0.25,2.391
2024-11-16,wk inc flu hosp,0,2024-11-16,16,quantile,0.3,2.804
2024-11-16,wk inc flu hosp,0,2024-11-16,16,quantile,0.35,3.269
2024-11-16,wk inc flu hosp,0,2024-11-16,16,quantile,0.4,3.735
2024-11-16,wk inc flu hosp,0,2024-11-16,16,quantile,0.45,4.328
2024-11-16,wk inc flu hosp,0,2024-11-16,16,quantile,0.5,4.911
2024-11-16,wk inc flu hosp,0,2024-11-16,16,quantile,0.55,5.626
2024-11-16,wk inc flu hosp,0,2024-11-16,16,quantile,0.6,6.207
2024-11-16,wk inc flu hosp,0,2024-11-16,16,quantile,0.65,6.906
2024-11-16,wk inc flu hosp,0,2024-11-16,16,quantile,0.7,8.05
2024-11-16,wk inc flu hosp,0,2024-11-16,16,quantile,0.75,8.874
2024-11-16,wk inc flu hosp,0,2024-11-16,16,quantile,0.8,10.488
2024-11-16,wk inc flu hosp,0,2024-11-16,16,quantile,0.85,13.214
2024-11-16,wk inc flu hosp,0,2024-11-16,16,quantile,0.9,16.872
2024-11-16,wk inc flu hosp,0,2024-11-16,16,quantile,0.95,22.806
2024-11-16,wk inc flu hosp,0,2024-11-16,16,quantile,0.975,30.846
2024-11-16,wk inc flu hosp,0,2024-11-16,16,quantile,0.99,38.258
2024-11-16,wk inc flu hosp,1,2024-11-23,16,quantile,0.01,0.032
2024-11-16,wk inc flu hosp,1,2024-11-23,16,quantile,0.025,0.058
2024-11-16,wk inc flu hosp,1,2024-11-23,16,quantile,0.05,0.116
2024-11-16,wk inc flu hosp,1,2024-11-23,16,quantile,0.1,0.239
2024-11-16,wk inc flu hosp,1,2024-11-23,16,quantile,0.15,0.38
2024-11-16,wk inc flu hosp,1,2024-11-23,16,quantile,0.2,0.588
2024-11-16,wk inc flu hosp,1,2024-11-23,16,quantile,0.25,0.84
2024-11-16,wk inc flu hosp,1,2024-11-23,16,quantile,0.3,1.088
2024-11-16,wk inc flu hosp,1,2024-11-23,16,quantile,0.35,1.403
2024-11-16,wk inc flu hosp,1,2024-11-23,16,quantile,0.4,1.749
2024-11-16,wk inc flu hosp,1,2024-11-23,16,quantile,0.45,2.297
2024-11-16,wk inc flu hosp,1,2024-11-23,16,quantile,0.5,2.864
2024-11-16,wk inc flu hosp,1,2024-11-23,16,quantile,0.55,3.358
2024-11-16,wk inc flu hosp,1,2024-11-23,16,quantile,0.6,4.288
2024-11-16,wk inc flu hosp,1,2024-11-23,16,quantile,0.65,5.29
2024-11-16,wk inc flu hosp,1,2024-11-23,16,quantile,0.7,6.44
2024-11-16,wk inc flu hosp,1,2024-11-23,16,quantile,0.75,8.509
2024-11-16,wk inc flu hosp,1,2024-11-23,16,quantile,0.8,10.621
2024-11-16,wk inc flu hosp,1,2024-11-23,16,quantile,0.85,14.434
2024-11-16,wk inc flu hosp,1,2024-11-23,16,quantile,0.9,19.76
2024-11-16,wk inc flu hosp,1,2024-11-23,16,quantile,0.95,33.905
2024-11-16,wk inc flu hosp,1,2024-11-23,16,quantile,0.975,48.769
2024-11-16,wk inc flu hosp,1,2024-11-23,16,quantile,0.99,72.485
2024-11-16,wk inc flu hosp,2,2024-11-30,16,quantile,0.01,0.002
2024-11-16,wk inc flu hosp,2,2024-11-30,16,quantile,0.025,0.006
2024-11-16,wk inc flu hosp,2,2024-11-30,16,quantile,0.05,0.016
2024-11-16,wk inc flu hosp,2,2024-11-30,16,quantile,0.1,0.045
2024-11-16,wk inc flu hosp,2,2024-11-30,16,quantile,0.15,0.087
2024-11-16,wk inc flu hosp,2,2024-11-30,16,quantile,0.2,0.179
2024-11-16,wk inc flu hosp,2,2024-11-30,16,quantile,0.25,0.32
2024-11-16,wk inc flu hosp,2,2024-11-30,16,quantile,0.3,0.445
2024-11-16,wk inc flu hosp,2,2024-11-30,16,quantile,0.35,0.582
2024-11-16,wk inc flu hosp,2,2024-11-30,16,quantile,0.4,0.851
2024-11-16,wk inc flu hosp,2,2024-11-30,16,quantile,0.45,1.218
2024-11-16,wk inc flu hosp,2,2024-11-30,16,quantile,0.5,1.626
2024-11-16,wk inc flu hosp,2,2024-11-30,16,quantile,0.55,2.071
2024-11-16,wk inc flu hosp,2,2024-11-30,16,quantile,0.6,2.988
2024-11-16,wk inc flu hosp,2,2024-11-30,16,quantile,0.65,3.972
2024-11-16,wk inc flu hosp,2,2024-11-30,16,quantile,0.7,5.323
2024-11-16,wk inc flu hosp,2,2024-11-30,16,quantile,0.75,7.608
2024-11-16,wk inc flu hosp,2,2024-11-30,16,quantile,0.8,11.711
2024-11-16,wk inc flu hosp,2,2024-11-30,16,quantile,0.85,15.449
2024-11-16,wk inc flu hosp,2,2024-11-30,16,quantile,0.9,24.234
2024-11-16,wk inc flu hosp,2,2024-11-30,16,quantile,0.95,48.564
2024-11-16,wk inc flu hosp,2,2024-11-30,16,quantile,0.975,79.934
2024-11-16,wk inc flu hosp,2,2024-11-30,16,quantile,0.99,122.454
2024-11-16,wk inc flu hosp,3,2024-12-07,16,quantile,0.01,0.0
2024-11-16,wk inc flu hosp,3,2024-12-07,16,quantile,0.025,0.001
2024-11-16,wk inc flu hosp,3,2024-12-07,16,quantile,0.05,0.002
2024-11-16,wk inc flu hosp,3,2024-12-07,16,quantile,0.1,0.009
2024-11-16,wk inc flu hosp,3,2024-12-07,16,quantile,0.15,0.02
2024-11-16,wk inc flu hosp,3,2024-12-07,16,quantile,0.2,0.055
2024-11-16,wk inc flu hosp,3,2024-12-07,16,quantile,0.25,0.115
2024-11-16,wk inc flu hosp,3,2024-12-07,16,quantile,0.3,0.181
2024-11-16,wk inc flu hosp,3,2024-12-07,16,quantile,0.35,0.274
2024-11-16,wk inc flu hosp,3,2024-12-07,16,quantile,0.4,0.401
2024-11-16,wk inc flu hosp,3,2024-12-07,16,quantile,0.45,0.662
2024-11-16,wk inc flu hosp,3,2024-12-07,16,quantile,0.5,0.943
2024-11-16,wk inc flu hosp,3,2024-12-07,16,quantile,0.55,1.392
2024-11-16,wk inc flu hosp,3,2024-12-07,16,quantile,0.6,2.068
2024-11-16,wk inc flu hosp,3,2024-12-07,16,quantile,0.65,3.001
2024-11-16,wk inc flu hosp,3,2024-12-07,16,quantile,0.7,4.473
2024-11-16,wk inc flu hosp,3,2024-12-07,16,quantile,0.75,7.058
2024-11-16,wk inc flu hosp,3,2024-12-07,16,quantile,0.8,11.625
2024-11-16,wk inc flu hosp,3,2024-12-07,16,quantile,0.85,17.738
2024-11-16,wk inc flu hosp,3,2024-12-07,16,quantile,0.9,28.022
2024-11-16,wk inc flu hosp,3,2024-12-07,16,quantile,0.95,65.156
2024-11-16,wk inc flu hosp,3,2024-12-07,16,quantile,0.975,106.1
2024-11-16,wk inc flu hosp,3,2024-12-07,16,quantile,0.99,203.11
2024-11-16,wk inc flu hosp,0,2024-11-16,17,quantile,0.01,1.217
2024-11-16,wk inc flu hosp,0,2024-11-16,17,quantile,0.025,1.918
2024-11-16,wk inc flu hosp,0,2024-11-16,17,quantile,0.05,2.595
2024-11-16,wk inc flu hosp,0,2024-11-16,17,quantile,0.1,3.624
2024-11-16,wk inc flu hosp,0,2024-11-16,17,quantile,0.15,4.762
2024-11-16,wk inc flu hosp,0,2024-11-16,17,quantile,0.2,6.109
2024-11-16,wk inc flu hosp,0,2024-11-16,17,quantile,0.25,7.643
2024-11-16,wk inc flu hosp,0,2024-11-16,17,quantile,0.3,8.897
2024-11-16,wk inc flu hosp,0,2024-11-16,17,quantile,0.35,10.546
2024-11-16,wk inc flu hosp,0,2024-11-16,17,quantile,0.4,13.143
2024-11-16,wk inc flu hosp,0,2024-11-16,17,quantile,0.45,15.169
2024-11-16,wk inc flu hosp,0,2024-11-16,17,quantile,0.5,17.749
2024-11-16,wk inc flu hosp,0,2024-11-16,17,quantile,0.55,20.121
2024-11-16,wk inc flu hosp,0,2024-11-16,17,quantile,0.6,23.912
2024-11-16,wk inc flu hosp,0,2024-11-16,17,quantile,0.65,27.794
2024-11-16,wk inc flu hosp,0,2024-11-16,17,quantile,0.7,32.927
2024-11-16,wk inc flu hosp,0,2024-11-16,17,quantile,0.75,37.158
2024-11-16,wk inc flu hosp,0,2024-11-16,17,quantile,0.8,45.342
2024-11-16,wk inc flu hosp,0,2024-11-16,17,quantile,0.85,57.147
2024-11-16,wk inc flu hosp,0,2024-11-16,17,quantile,0.9,73.624
2024-11-16,wk inc flu hosp,0,2024-11-16,17,quantile,0.95,97.327
2024-11-16,wk inc flu hosp,0,2024-11-16,17,quantile,0.975,128.208
2024-11-16,wk inc flu hosp,0,2024-11-16,17,quantile,0.99,163.305
2024-11-16,wk inc flu hosp,1,2024-11-23,17,quantile,0.01,0.088
2024-11-16,wk inc flu hosp,1,2024-11-23,17,quantile,0.025,0.173
2024-11-16,wk inc flu hosp,1,2024-11-23,17,quantile,0.05,0.319
2024-11-16,wk inc flu hosp,1,2024-11-23,17,quantile,0.1,0.615
2024-11-16,wk inc flu hosp,1,2024-11-23,17,quantile,0.15,1.081
2024-11-16,wk inc flu hosp,1,2024-11-23,17,quantile,0.2,1.699
2024-11-16,wk inc flu hosp,1,2024-11-23,17,quantile,0.25,2.576
2024-11-16,wk inc flu hosp,1,2024-11-23,17,quantile,0.3,3.691
2024-11-16,wk inc flu hosp,1,2024-11-23,17,quantile,0.35,4.857
2024-11-16,wk inc flu hosp,1,2024-11-23,17,quantile,0.4,6.444
2024-11-16,wk inc flu hosp,1,2024-11-23,17,quantile,0.45,8.267
2024-11-16,wk inc flu hosp,1,2024-11-23,17,quantile,0.5,10.779
2024-11-16,wk inc flu hosp,1,2024-11-23,17,quantile,0.55,13.44
2024-11-16,wk inc flu hosp,1,2024-11-23,17,quantile,0.6,17.925
2024-11-16,wk inc flu hosp,1,2024-11-23,17,quantile,0.65,22.114
2024-11-16,wk inc flu hosp,1,2024-11-23,17,quantile,0.7,28.882
2024-11-16,wk inc flu hosp,1,2024-11-23,17,quantile,0.75,38.533
2024-11-16,wk inc flu hosp,1,2024-11-23,17,quantile,0.8,52.086
2024-11-16,wk inc flu hosp,1,2024-11-23,17,quantile,0.85,70.273
2024-11-16,wk inc flu hosp,1,2024-11-23,17,quantile,0.9,99.847
2024-11-16,wk inc flu hosp,1,2024-11-23,17,quantile,0.95,156.577
2024-11-16,wk inc flu hosp,1,2024-11-23,17,quantile,0.975,246.04
2024-11-16,wk inc flu hosp,1,2024-11-23,17,quantile,0.99,298.085
2024-11-16,wk inc flu hosp,2,2024-11-30,17,quantile,0.01,0.003
2024-11-16,wk inc flu hosp,2,2024-11-30,17,quantile,0.025,0.016
2024-11-16,wk inc flu hosp,2,2024-11-30,17,quantile,0.05,0.036
2024-11-16,wk inc flu hosp,2,2024-11-30,17,quantile,0.1,0.108
2024-11-16,wk inc flu hosp,2,2024-11-30,17,quantile,0.15,0.249
2024-11-16,wk inc flu hosp,2,2024-11-30,17,quantile,0.2,0.478
2024-11-16,wk inc flu hosp,2,2024-11-30,17,quantile,0.25,0.916
2024-11-16,wk inc flu hosp,2,2024-11-30,17,quantile,0.3,1.365
2024-11-16,wk inc flu hosp,2,2024-11-30,17,quantile,0.35,2.183
2024-11-16,wk inc flu hosp,2,2024-11-30,17,quantile,0.4,3.261
2024-11-16,wk inc flu hosp,2,2024-11-30,17,quantile,0.45,4.594
2024-11-16,wk inc flu hosp,2,2024-11-30,17,quantile,0.5,6.905
2024-11-16,wk inc flu hosp,2,2024-11-30,17,quantile,0.55,9.205
2024-11-16,wk inc flu hosp,2,2024-11-30,17,quantile,0.6,12.776
2024-11-16,wk inc flu hosp,2,2024-11-30,17,quantile,0.65,17.579
2024-11-16,wk inc flu hosp,2,2024-11-30,17,quantile,0.7,26.3
2024-11-16,wk inc flu hosp,2,2024-11-30,17,quantile,0.75,39.662
2024-11-16,wk inc flu hosp,2,2024-11-30,17,quantile,0.8,67.273
2024-11-16,wk inc flu hosp,2,2024-11-30,17,quantile,0.85,87.235
2024-11-16,wk inc flu hosp,2,2024-11-30,17,quantile,0.9,138.351
2024-11-16,wk inc flu hosp,2,2024-11-30,17,quantile,0.95,243.607
2024-11-16,wk inc flu hosp,2,2024-11-30,17,quantile,0.975,458.691
2024-11-16,wk inc flu hosp,2,2024-11-30,17,quantile,0.99,686.262
2024-11-16,wk inc flu hosp,3,2024-12-07,17,quantile,0.01,0.0
2024-11-16,wk inc flu hosp,3,2024-12-07,17,quantile,0.025,0.001
2024-11-16,wk inc flu hosp,3,2024-12-07,17,quantile,0.05,0.005
2024-11-16,wk inc flu hosp,3,2024-12-07,17,quantile,0.1,0.019
2024-11-16,wk inc flu hosp,3,2024-12-07,17,quantile,0.15,0.057
2024-11-16,wk inc flu hosp,3,2024-12-07,17,quantile,0.2,0.135
2024-11-16,wk inc flu hosp,3,2024-12-07,17,quantile,0.25,0.312
2024-11-16,wk inc flu hosp,3,2024-12-07,17,quantile,0.3,0.542
2024-11-16,wk inc flu hosp,3,2024-12-07,17,quantile,0.35,0.959
2024-11-16,wk inc flu hosp,3,2024-12-07,17,quantile,0.4,1.591
2024-11-16,wk inc flu hosp,3,2024-12-07,17,quantile,0.45,2.518
2024-11-16,wk inc flu hosp,3,2024-12-07,17,quantile,0.5,4.457
2024-11-16,wk inc flu hosp,3,2024-12-07,17,quantile,0.55,6.205
2024-11-16,wk inc flu hosp,3,2024-12-07,17,quantile,0.6,9.268
2024-11-16,wk inc flu hosp,3,2024-12-07,17,quantile,0.65,14.564
2024-11-16,wk inc flu hosp,3,2024-12-07,17,quantile,0.7,23.746
2024-11-16,wk inc flu hosp,3,2024-12-07,17,quantile,0.75,40.048
2024-11-16,wk inc flu hosp,3,2024-12-07,17,quantile,0.8,72.204
2024-11-16,wk inc flu hosp,3,2024-12-07,17,quantile,0.85,112.146
2024-11-16,wk inc flu hosp,3,2024-12-07,17,quantile,0.9,185.71
2024-11-16,wk inc flu hosp,3,2024-12-07,17,quantile,0.95,392.118
2024-11-16,wk inc flu hosp,3,2024-12-07,17,quantile,0.975,824.906
2024-11-16,wk inc flu hosp,3,2024-12-07,17,quantile,0.99,1147.655
2024-11-16,wk inc flu hosp,0,2024-11-16,18,quantile,0.01,0.976
2024-11-16,wk inc flu hosp,0,2024-11-16,18,quantile,0.025,1.522
2024-11-16,wk inc flu hosp,0,2024-11-16,18,quantile,0.05,2.086
2024-11-16,wk inc flu hosp,0,2024-11-16,18,quantile,0.1,2.913
2024-11-16,wk inc flu hosp,0,2024-11-16,18,quantile,0.15,3.758
2024-11-16,wk inc flu hosp,0,2024-11-16,18,quantile,0.2,4.663
2024-11-16,wk inc flu hosp,0,2024-11-16,18,quantile,0.25,5.389
2024-11-16,wk inc flu hosp,0,2024-11-16,18,quantile,0.3,6.334
2024-11-16,wk inc flu hosp,0,2024-11-16,18,quantile,0.35,7.273
2024-11-16,wk inc flu hosp,0,2024-11-16,18,quantile,0.4,8.419
2024-11-16,wk inc flu hosp,0,2024-11-16,18,quantile,0.45,9.657
2024-11-16,wk inc flu hosp,0,2024-11-16,18,quantile,0.5,11.248
2024-11-16,wk inc flu hosp,0,2024-11-16,18,quantile,0.55,13.135
2024-11-16,wk inc flu hosp,0,2024-11-16,18,quantile,0.6,15.143
2024-11-16,wk inc flu hosp,0,2024-11-16,18,quantile,0.65,17.083
2024-11-16,wk inc flu hosp,0,2024-11-16,18,quantile,0.7,19.828
2024-11-16,wk inc flu hosp,0,2024-11-16,18,quantile,0.75,22.934
2024-11-16,wk inc flu hosp,0,2024-11-16,18,quantile,0.8,27.843
2024-11-16,wk inc flu hosp,0,2024-11-16,18,quantile,0.85,33.224
2024-11-16,wk inc flu hosp,0,2024-11-16,18,quantile,0.9,46.307
2024-11-16,wk inc flu hosp,0,2024-11-16,18,quantile,0.95,63.044
2024-11-16,wk inc flu hosp,0,2024-11-16,18,quantile,0.975,84.682
2024-11-16,wk inc flu hosp,0,2024-11-16,18,quantile,0.99,105.465
2024-11-16,wk inc flu hosp,1,2024-11-23,18,quantile,0.01,0.082
2024-11-16,wk inc flu hosp,1,2024-11-23,18,quantile,0.025,0.204
2024-11-16,wk inc flu hosp,1,2024-11-23,18,quantile,0.05,0.298
2024-11-16,wk inc flu hosp,1,2024-11-23,18,quantile,0.1,0.58
2024-11-16,wk inc flu hosp,1,2024-11-23,18,quantile,0.15,0.918
2024-11-16,wk inc flu hosp,1,2024-11-23,18,quantile,0.2,1.354
2024-11-16,wk inc flu hosp,1,2024-11-23,18,quantile,0.25,1.918
2024-11-16,wk inc flu hosp,1,2024-11-23,18,quantile,0.3,2.447
2024-11-16,wk inc flu hosp,1,2024-11-23,18,quantile,0.35,3.033
2024-11-16,wk inc flu hosp,1,2024-11-23,18,quantile,0.4,3.945
2024-11-16,wk inc flu hosp,1,2024-11-23,18,quantile,0.45,5.324
2024-11-16,wk inc flu hosp,1,2024-11-23,18,quantile,0.5,7.088
2024-11-16,wk inc flu hosp,1,2024-11-23,18,quantile,0.55,9.158
2024-11-16,wk inc flu hosp,1,2024-11-23,18,quantile,0.6,11.484
2024-11-16,wk inc flu hosp,1,2024-11-23,18,quantile,0.65,14.473
2024-11-16,wk inc flu hosp,1,2024-11-23,18,quantile,0.7,18.459
2024-11-16,wk inc flu hosp,1,2024-11-23,18,quantile,0.75,24.154
2024-11-16,wk inc flu hosp,1,2024-11-23,18,quantile,0.8,31.122
2024-11-16,wk inc flu hosp,1,2024-11-23,18,quantile,0.85,42.378
2024-11-16,wk inc flu hosp,1,2024-11-23,18,quantile,0.9,61.547
2024-11-16,wk inc flu hosp,1,2024-11-23,18,quantile,0.95,112.462
2024-11-16,wk inc flu hosp,1,2024-11-23,18,quantile,0.975,172.846
2024-11-16,wk inc flu hosp,1,2024-11-23,18,quantile,0.99,241.744
2024-11-16,wk inc flu hosp,2,2024-11-30,18,quantile,0.01,0.007
2024-11-16,wk inc flu hosp,2,2024-11-30,18,quantile,0.025,0.02
2024-11-16,wk inc flu hosp,2,2024-11-30,18,quantile,0.05,0.04
2024-11-16,wk inc flu hosp,2,2024-11-30,18,quantile,0.1,0.113
2024-11-16,wk inc flu hosp,2,2024-11-30,18,quantile,0.15,0.231
2024-11-16,wk inc flu hosp,2,2024-11-30,18,quantile,0.2,0.391
2024-11-16,wk inc flu hosp,2,2024-11-30,18,quantile,0.25,0.636
2024-11-16,wk inc flu hosp,2,2024-11-30,18,quantile,0.3,0.92
2024-11-16,wk inc flu hosp,2,2024-11-30,18,quantile,0.35,1.331
2024-11-16,wk inc flu hosp,2,2024-11-30,18,quantile,0.4,1.942
2024-11-16,wk inc flu hosp,2,2024-11-30,18,quantile,0.45,3.034
2024-11-16,wk inc flu hosp,2,2024-11-30,18,quantile,0.5,4.375
2024-11-16,wk inc flu hosp,2,2024-11-30,18,quantile,0.55,6.376
2024-11-16,wk inc flu hosp,2,2024-11-30,18,quantile,0.6,8.873
2024-11-16,wk inc flu hosp,2,2024-11-30,18,quantile,0.65,12.052
2024-11-16,wk inc flu hosp,2,2024-11-30,18,quantile,0.7,17.025
2024-11-16,wk inc flu hosp,2,2024-11-30,18,quantile,0.75,24.102
2024-11-16,wk inc flu hosp,2,2024-11-30,18,quantile,0.8,36.381
2024-11-16,wk inc flu hosp,2,2024-11-30,18,quantile,0.85,54.439
2024-11-16,wk inc flu hosp,2,2024-11-30,18,quantile,0.9,85.111
2024-11-16,wk inc flu hosp,2,2024-11-30,18,quantile,0.95,173.138
2024-11-16,wk inc flu hosp,2,2024-11-30,18,quantile,0.975,361.133
2024-11-16,wk inc flu hosp,2,2024-11-30,18,quantile,0.99,603.358
2024-11-16,wk inc flu hosp,3,2024-12-07,18,quantile,0.01,0.0
2024-11-16,wk inc flu hosp,3,2024-12-07,18,quantile,0.025,0.002
2024-11-16,wk inc flu hosp,3,2024-12-07,18,quantile,0.05,0.005
2024-11-16,wk inc flu hosp,3,2024-12-07,18,quantile,0.1,0.02
2024-11-16,wk inc flu hosp,3,2024-12-07,18,quantile,0.15,0.061
2024-11-16,wk inc flu hosp,3,2024-12-07,18,quantile,0.2,0.116
2024-11-16,wk inc flu hosp,3,2024-12-07,18,quantile,0.25,0.211
2024-11-16,wk inc flu hosp,3,2024-12-07,18,quantile,0.3,0.352
2024-11-16,wk inc flu hosp,3,2024-12-07,18,quantile,0.35,0.588
2024-11-16,wk inc flu hosp,3,2024-12-07,18,quantile,0.4,0.959
2024-11-16,wk inc flu hosp,3,2024-12-07,18,quantile,0.45,1.688
2024-11-16,wk inc flu hosp,3,2024-12-07,18,quantile,0.5,2.63
2024-11-16,wk inc flu hosp,3,2024-12-07,18,quantile,0.55,4.389
2024-11-16,wk inc flu hosp,3,2024-12-07,18,quantile,0.6,6.662
2024-11-16,wk inc flu hosp,3,2024-12-07,18,quantile,0.65,10.589
2024-11-16,wk inc flu hosp,3,2024-12-07,18,quantile,0.7,15.918
2024-11-16,wk inc flu hosp,3,2024-12-07,18,quantile,0.75,25.244
2024-11-16,wk inc flu hosp,3,2024-12-07,18,quantile,0.8,36.994
2024-11-16,wk inc flu hosp,3,2024-12-07,18,quantile,0.85,66.873
2024-11-16,wk inc flu hosp,3,2024-12-07,18,quantile,0.9,112.142
2024-11-16,wk inc flu hosp,3,2024-12-07,18,quantile,0.95,255.965
2024-11-16,wk inc flu hosp,3,2024-12-07,18,quantile,0.975,631.88
2024-11-16,wk inc flu hosp,3,2024-12-07,18,quantile,0.99,1202.132
2024-11-16,wk inc flu hosp,0,2024-11-16,19,quantile,0.01,0.129
2024-11-16,wk inc flu hosp,0,2024-11-16,19,quantile,0.025,0.19
2024-11-16,wk inc flu hosp,0,2024-11-16,19,quantile,0.05,0.302
2024-11-16,wk inc flu hosp,0,2024-11-16,19,quantile,0.1,0.417
2024-11-16,wk inc flu hosp,0,2024-11-16,19,quantile,0.15,0.605
2024-11-16,wk inc flu hosp,0,2024-11-16,19,quantile,0.2,0.805
2024-11-16,wk inc flu hosp,0,2024-11-16,19,quantile,0.25,1.039
2024-11-16,wk inc flu hosp,0,2024-11-16,19,quantile,0.3,1.342
2024-11-16,wk inc flu hosp,0,2024-11-16,19,quantile,0.35,1.671
2024-11-16,wk inc flu hosp,0,2024-11-16,19,quantile,0.4,2.028
2024-11-16,wk inc flu hosp,0,2024-11-16,19,quantile,0.45,2.583
2024-11-16,wk inc flu hosp,0,2024-11-16,19,quantile,0.5,3.056
2024-11-16,wk inc flu hosp,0,2024-11-16,19,quantile,0.55,3.63
2024-11-16,wk inc flu hosp,0,2024-11-16,19,quantile,0.6,4.294
2024-11-16,wk inc flu hosp,0,2024-11-16,19,quantile,0.65,4.982
2024-11-16,wk inc flu hosp,0,2024-11-16,19,quantile,0.7,6.029
2024-11-16,wk inc flu hosp,0,2024-11-16,19,quantile,0.75,7.183
2024-11-16,wk inc flu hosp,0,2024-11-16,19,quantile,0.8,9.559
2024-11-16,wk inc flu hosp,0,2024-11-16,19,quantile,0.85,12.575
2024-11-16,wk inc flu hosp,0,2024-11-16,19,quantile,0.9,18.377
2024-11-16,wk inc flu hosp,0,2024-11-16,19,quantile,0.95,29.532
2024-11-16,wk inc flu hosp,0,2024-11-16,19,quantile,0.975,43.197
2024-11-16,wk inc flu hosp,0,2024-11-16,19,quantile,0.99,54.93
2024-11-16,wk inc flu hosp,1,2024-11-23,19,quantile,0.01,0.008
2024-11-16,wk inc flu hosp,1,2024-11-23,19,quantile,0.025,0.012
2024-11-16,wk inc flu hosp,1,2024-11-23,19,quantile,0.05,0.037
2024-11-16,wk inc flu hosp,1,2024-11-23,19,quantile,0.1,0.067
2024-11-16,wk inc flu hosp,1,2024-11-23,19,quantile,0.15,0.135
2024-11-16,wk inc flu hosp,1,2024-11-23,19,quantile,0.2,0.219
2024-11-16,wk inc flu hosp,1,2024-11-23,19,quantile,0.25,0.327
2024-11-16,wk inc flu hosp,1,2024-11-23,19,quantile,0.3,0.486
2024-11-16,wk inc flu hosp,1,2024-11-23,19,quantile,0.35,0.656
2024-11-16,wk inc flu hosp,1,2024-11-23,19,quantile,0.4,0.946
2024-11-16,wk inc flu hosp,1,2024-11-23,19,quantile,0.45,1.307
2024-11-16,wk inc flu hosp,1,2024-11-23,19,quantile,0.5,1.778
2024-11-16,wk inc flu hosp,1,2024-11-23,19,quantile,0.55,2.421
2024-11-16,wk inc flu hosp,1,2024-11-23,19,quantile,0.6,3.162
2024-11-16,wk inc flu hosp,1,2024-11-23,19,quantile,0.65,3.92
2024-11-16,wk inc flu hosp,1,2024-11-23,19,quantile,0.7,5.332
2024-11-16,wk inc flu hosp,1,2024-11-23,19,quantile,0.75,7.156
2024-11-16,wk inc flu hosp,1,2024-11-23,19,quantile,0.8,10.039
2024-11-16,wk inc flu hosp,1,2024-11-23,19,quantile,0.85,15.484
2024-11-16,wk inc flu hosp,1,2024-11-23,19,quantile,0.9,26.369
2024-11-16,wk inc flu hosp,1,2024-11-23,19,quantile,0.95,46.626
2024-11-16,wk inc flu hosp,1,2024-11-23,19,quantile,0.975,73.671
2024-11-16,wk inc flu hosp,1,2024-11-23,19,quantile,0.99,109.873
2024-11-16,wk inc flu hosp,2,2024-11-30,19,quantile,0.01,0.0
2024-11-16,wk inc flu hosp,2,2024-11-30,19,quantile,0.025,0.001
2024-11-16,wk inc flu hosp,2,2024-11-30,19,quantile,0.05,0.004
2024-11-16,wk inc flu hosp,2,2024-11-30,19,quantile,0.1,0.011
2024-11-16,wk inc flu hosp,2,2024-11-30,19,quantile,0.15,0.029
2024-11-16,wk inc flu hosp,2,2024-11-30,19,quantile,0.2,0.06
2024-11-16,wk inc flu hosp,2,2024-11-30,19,quantile,0.25,0.108
2024-11-16,wk inc flu hosp,2,2024-11-30,19,quantile,0.3,0.174
2024-11-16,wk inc flu hosp,2,2024-11-30,19,quantile,0.35,0.273
2024-11-16,wk inc flu hosp,2,2024-11-30,19,quantile,0.4,0.461
2024-11-16,wk inc flu hosp,2,2024-11-30,19,quantile,0.45,0.674
2024-11-16,wk inc flu hosp,2,2024-11-30,19,quantile,0.5,1.084
2024-11-16,wk inc flu hosp,2,2024-11-30,19,quantile,0.55,1.659
2024-11-16,wk inc flu hosp,2,2024-11-30,19,quantile,0.6,2.38
2024-11-16,wk inc flu hosp,2,2024-11-30,19,quantile,0.65,3.098
2024-11-16,wk inc flu hosp,2,2024-11-30,19,quantile,0.7,4.586
2024-11-16,wk inc flu hosp,2,2024-11-30,19,quantile,0.75,6.997
2024-11-16,wk inc flu hosp,2,2024-11-30,19,quantile,0.8,11.197
2024-11-16,wk inc flu hosp,2,2024-11-30,19,quantile,0.85,20.976
2024-11-16,wk inc flu hosp,2,2024-11-30,19,quantile,0.9,39.113
2024-11-16,wk inc flu hosp,2,2024-11-30,19,quantile,0.95,82.703
2024-11-16,wk inc flu hosp,2,2024-11-30,19,quantile,0.975,175.001
2024-11-16,wk inc flu hosp,2,2024-11-30,19,quantile,0.99,257.284
2024-11-16,wk inc flu hosp,3,2024-12-07,19,quantile,0.01,0.0
2024-11-16,wk inc flu hosp,3,2024-12-07,19,quantile,0.025,0.0
2024-11-16,wk inc flu hosp,3,2024-12-07,19,quantile,0.05,0.0
2024-11-16,wk inc flu hosp,3,2024-12-07,19,quantile,0.1,0.002
2024-11-16,wk inc flu hosp,3,2024-12-07,19,quantile,0.15,0.006
2024-11-16,wk inc flu hosp,3,2024-12-07,19,quantile,0.2,0.015
2024-11-16,wk inc flu hosp,3,2024-12-07,19,quantile,0.25,0.033
2024-11-16,wk inc flu hosp,3,2024-12-07,19,quantile,0.3,0.062
2024-11-16,wk inc flu hosp,3,2024-12-07,19,quantile,0.35,0.111
2024-11-16,wk inc flu hosp,3,2024-12-07,19,quantile,0.4,0.207
2024-11-16,wk inc flu hosp,3,2024-12-07,19,quantile,0.45,0.358
2024-11-16,wk inc flu hosp,3,2024-12-07,19,quantile,0.5,0.634
2024-11-16,wk inc flu hosp,3,2024-12-07,19,quantile,0.55,1.071
2024-11-16,wk inc flu hosp,3,2024-12-07,19,quantile,0.6,1.7
2024-11-16,wk inc flu hosp,3,2024-12-07,19,quantile,0.65,2.422
2024-11-16,wk inc flu hosp,3,2024-12-07,19,quantile,0.7,3.884
2024-11-16,wk inc flu hosp,3,2024-12-07,19,quantile,0.75,7.066
2024-11-16,wk inc flu hosp,3,2024-12-07,19,quantile,0.8,12.138
2024-11-16,wk inc flu hosp,3,2024-12-07,19,quantile,0.85,26.914
2024-11-16,wk inc flu hosp,3,2024-12-07,19,quantile,0.9,49.653
2024-11-16,wk inc flu hosp,3,2024-12-07,19,quantile,0.95,134.317
2024-11-16,wk inc flu hosp,3,2024-12-07,19,quantile,0.975,296.545
2024-11-16,wk inc flu hosp,3,2024-12-07,19,quantile,0.99,409.396
2024-11-16,wk inc flu hosp,0,2024-11-16,20,quantile,0.01,0.383
2024-11-16,wk inc flu hosp,0,2024-11-16,20,quantile,0.025,0.525
2024-11-16,wk inc flu hosp,0,2024-11-16,20,quantile,0.05,0.699
2024-11-16,wk inc flu hosp,0,2024-11-16,20,quantile,0.1,0.98
2024-11-16,wk inc flu hosp,0,2024-11-16,20,quantile,0.15,1.362
2024-11-16,wk inc flu hosp,0,2024-11-16,20,quantile,0.2,1.704
2024-11-16,wk inc flu hosp,0,2024-11-16,20,quantile,0.25,2.184
2024-11-16,wk inc flu hosp,0,2024-11-16,20,quantile,0.3,2.682
2024-11-16,wk inc flu hosp,0,2024-11-16,20,quantile,0.35,3.218
2024-11-16,wk inc flu hosp,0,2024-11-16,20,quantile,0.4,3.833
2024-11-16,wk inc flu hosp,0,2024-11-16,20,quantile,0.45,4.658
2024-11-16,wk inc flu hosp,0,2024-11-16,20,quantile,0.5,5.578
2024-11-16,wk inc flu hosp,0,2024-11-16,20,quantile,0.55,6.235
2024-11-16,wk inc flu hosp,0,2024-11-16,20,quantile,0.6,7.142
2024-11-16,wk inc flu hosp,0,2024-11-16,20,quantile,0.65,8.129
2024-11-16,wk inc flu hosp,0,2024-11-16,20,quantile,0.7,9.546
2024-11-16,wk inc flu hosp,0,2024-11-16,20,quantile,0.75,11.142
2024-11-16,wk inc flu hosp,0,2024-11-16,20,quantile,0.8,14.439
2024-11-16,wk inc flu hosp,0,2024-11-16,20,quantile,0.85,17.999
2024-11-16,wk inc flu hosp,0,2024-11-16,20,quantile,0.9,26.391
2024-11-16,wk inc flu hosp,0,2024-11-16,20,quantile,0.95,37.114
2024-11-16,wk inc flu hosp,0,2024-11-16,20,quantile,0.975,50.422
2024-11-16,wk inc flu hosp,0,2024-11-16,20,quantile,0.99,64.703
2024-11-16,wk inc flu hosp,1,2024-11-23,20,quantile,0.01,0.024
2024-11-16,wk inc flu hosp,1,2024-11-23,20,quantile,0.025,0.051
2024-11-16,wk inc flu hosp,1,2024-11-23,20,quantile,0.05,0.092
2024-11-16,wk inc flu hosp,1,2024-11-23,20,quantile,0.1,0.19
2024-11-16,wk inc flu hosp,1,2024-11-23,20,quantile,0.15,0.31
2024-11-16,wk inc flu hosp,1,2024-11-23,20,quantile,0.2,0.517
2024-11-16,wk inc flu hosp,1,2024-11-23,20,quantile,0.25,0.744
2024-11-16,wk inc flu hosp,1,2024-11-23,20,quantile,0.3,1.102
2024-11-16,wk inc flu hosp,1,2024-11-23,20,quantile,0.35,1.537
2024-11-16,wk inc flu hosp,1,2024-11-23,20,quantile,0.4,1.998
2024-11-16,wk inc flu hosp,1,2024-11-23,20,quantile,0.45,2.805
2024-11-16,wk inc flu hosp,1,2024-11-23,20,quantile,0.5,3.658
2024-11-16,wk inc flu hosp,1,2024-11-23,20,quantile,0.55,4.578
2024-11-16,wk inc flu hosp,1,2024-11-23,20,quantile,0.6,5.598
2024-11-16,wk inc flu hosp,1,2024-11-23,20,quantile,0.65,6.894
2024-11-16,wk inc flu hosp,1,2024-11-23,20,quantile,0.7,8.813
2024-11-16,wk inc flu hosp,1,2024-11-23,20,quantile,0.75,12.035
2024-11-16,wk inc flu hosp,1,2024-11-23,20,quantile,0.8,17.085
2024-11-16,wk inc flu hosp,1,2024-11-23,20,quantile,0.85,23.818
2024-11-16,wk inc flu hosp,1,2024-11-23,20,quantile,0.9,37.313
2024-11-16,wk inc flu hosp,1,2024-11-23,20,quantile,0.95,64.28
2024-11-16,wk inc flu hosp,1,2024-11-23,20,quantile,0.975,100.364
2024-11-16,wk inc flu hosp,1,2024-11-23,20,quantile,0.99,130.527
2024-11-16,wk inc flu hosp,2,2024-11-30,20,quantile,0.01,0.001
2024-11-16,wk inc flu hosp,2,2024-11-30,20,quantile,0.025,0.004
2024-11-16,wk inc flu hosp,2,2024-11-30,20,quantile,0.05,0.011
2024-11-16,wk inc flu hosp,2,2024-11-30,20,quantile,0.1,0.036
2024-11-16,wk inc flu hosp,2,2024-11-30,20,quantile,0.15,0.074
2024-11-16,wk inc flu hosp,2,2024-11-30,20,quantile,0.2,0.148
2024-11-16,wk inc flu hosp,2,2024-11-30,20,quantile,0.25,0.258
2024-11-16,wk inc flu hosp,2,2024-11-30,20,quantile,0.3,0.46
2024-11-16,wk inc flu hosp,2,2024-11-30,20,quantile,0.35,0.717
2024-11-16,wk inc flu hosp,2,2024-11-30,20,quantile,0.4,1.086
2024-11-16,wk inc flu hosp,2,2024-11-30,20,quantile,0.45,1.718
2024-11-16,wk inc flu hosp,2,2024-11-30,20,quantile,0.5,2.357
2024-11-16,wk inc flu hosp,2,2024-11-30,20,quantile,0.55,3.251
2024-11-16,wk inc flu hosp,2,2024-11-30,20,quantile,0.6,4.435
2024-11-16,wk inc flu hosp,2,2024-11-30,20,quantile,0.65,5.636
2024-11-16,wk inc flu hosp,2,2024-11-30,20,quantile,0.7,8.242
2024-11-16,wk inc flu hosp,2,2024-11-30,20,quantile,0.75,12.635
2024-11-16,wk inc flu hosp,2,2024-11-30,20,quantile,0.8,23.062
2024-11-16,wk inc flu hosp,2,2024-11-30,20,quantile,0.85,31.337
2024-11-16,wk inc flu hosp,2,2024-11-30,20,quantile,0.9,52.719
2024-11-16,wk inc flu hosp,2,2024-11-30,20,quantile,0.95,116.756
2024-11-16,wk inc flu hosp,2,2024-11-30,20,quantile,0.975,169.991
2024-11-16,wk inc flu hosp,2,2024-11-30,20,quantile,0.99,267.27
2024-11-16,wk inc flu hosp,3,2024-12-07,20,quantile,0.01,0.0
2024-11-16,wk inc flu hosp,3,2024-12-07,20,quantile,0.025,0.0
2024-11-16,wk inc flu hosp,3,2024-12-07,20,quantile,0.05,0.001
2024-11-16,wk inc flu hosp,3,2024-12-07,20,quantile,0.1,0.007
2024-11-16,wk inc flu hosp,3,2024-12-07,20,quantile,0.15,0.017
2024-11-16,wk inc flu hosp,3,2024-12-07,20,quantile,0.2,0.042
2024-11-16,wk inc flu hosp,3,2024-12-07,20,quantile,0.25,0.096
2024-11-16,wk inc flu hosp,3,2024-12-07,20,quantile,0.3,0.204
2024-11-16,wk inc flu hosp,3,2024-12-07,20,quantile,0.35,0.33
2024-11-16,wk inc flu hosp,3,2024-12-07,20,quantile,0.4,0.6
2024-11-16,wk inc flu hosp,3,2024-12-07,20,quantile,0.45,1.046
2024-11-16,wk inc flu hosp,3,2024-12-07,20,quantile,0.5,1.59
2024-11-16,wk inc flu hosp,3,2024-12-07,20,quantile,0.55,2.362
2024-11-16,wk inc flu hosp,3,2024-12-07,20,quantile,0.6,3.498
2024-11-16,wk inc flu hosp,3,2024-12-07,20,quantile,0.65,5.163
2024-11-16,wk inc flu hosp,3,2024-12-07,20,quantile,0.7,7.911
2024-11-16,wk inc flu hosp,3,2024-12-07,20,quantile,0.75,13.804
2024-11-16,wk inc flu hosp,3,2024-12-07,20,quantile,0.8,28.398
2024-11-16,wk inc flu hosp,3,2024-12-07,20,quantile,0.85,45.686
2024-11-16,wk inc flu hosp,3,2024-12-07,20,quantile,0.9,72.633
2024-11-16,wk inc flu hosp,3,2024-12-07,20,quantile,0.95,163.381
2024-11-16,wk inc flu hosp,3,2024-12-07,20,quantile,0.975,289.203
2024-11-16,wk inc flu hosp,3,2024-12-07,20,quantile,0.99,483.927
2024-11-16,wk inc flu hosp,0,2024-11-16,21,quantile,0.01,0.749
2024-11-16,wk inc flu hosp,0,2024-11-16,21,quantile,0.025,1.026
2024-11-16,wk inc flu hosp,0,2024-11-16,21,quantile,0.05,1.314
2024-11-16,wk inc flu hosp,0,2024-11-16,21,quantile,0.1,1.898
2024-11-16,wk inc flu hosp,0,2024-11-16,21,quantile,0.15,2.578
2024-11-16,wk inc flu hosp,0,2024-11-16,21,quantile,0.2,3.052
2024-11-16,wk inc flu hosp,0,2024-11-16,21,quantile,0.25,3.675
2024-11-16,wk inc flu hosp,0,2024-11-16,21,quantile,0.3,4.366
2024-11-16,wk inc flu hosp,0,2024-11-16,21,quantile,0.35,5.255
2024-11-16,wk inc flu hosp,0,2024-11-16,21,quantile,0.4,6.169
2024-11-16,wk inc flu hosp,0,2024-11-16,21,quantile,0.45,7.195
2024-11-16,wk inc flu hosp,0,2024-11-16,21,quantile,0.5,8.427
2024-11-16,wk inc flu hosp,0,2024-11-16,21,quantile,0.55,9.399
2024-11-16,wk inc flu hosp,0,2024-11-16,21,quantile,0.6,10.391
2024-11-16,wk inc flu hosp,0,2024-11-16,21,quantile,0.65,11.847
2024-11-16,wk inc flu hosp,0,2024-11-16,21,quantile,0.7,14.245
2024-11-16,wk inc flu hosp,0,2024-11-16,21,quantile,0.75,16.527
2024-11-16,wk inc flu hosp,0,2024-11-16,21,quantile,0.8,19.864
2024-11-16,wk inc flu hosp,0,2024-11-16,21,quantile,0.85,25.568
2024-11-16,wk inc flu hosp,0,2024-11-16,21,quantile,0.9,36.461
2024-11-16,wk inc flu hosp,0,2024-11-16,21,quantile,0.95,54.867
2024-11-16,wk inc flu hosp,0,2024-11-16,21,quantile,0.975,71.294
2024-11-16,wk inc flu hosp,0,2024-11-16,21,quantile,0.99,93.484
2024-11-16,wk inc flu hosp,1,2024-11-23,21,quantile,0.01,0.052
2024-11-16,wk inc flu hosp,1,2024-11-23,21,quantile,0.025,0.097
2024-11-16,wk inc flu hosp,1,2024-11-23,21,quantile,0.05,0.179
2024-11-16,wk inc flu hosp,1,2024-11-23,21,quantile,0.1,0.365
2024-11-16,wk inc flu hosp,1,2024-11-23,21,quantile,0.15,0.621
2024-11-16,wk inc flu hosp,1,2024-11-23,21,quantile,0.2,0.988
2024-11-16,wk inc flu hosp,1,2024-11-23,21,quantile,0.25,1.365
2024-11-16,wk inc flu hosp,1,2024-11-23,21,quantile,0.3,1.801
2024-11-16,wk inc flu hosp,1,2024-11-23,21,quantile,0.35,2.345
2024-11-16,wk inc flu hosp,1,2024-11-23,21,quantile,0.4,3.219
2024-11-16,wk inc flu hosp,1,2024-11-23,21,quantile,0.45,4.457
2024-11-16,wk inc flu hosp,1,2024-11-23,21,quantile,0.5,5.501
2024-11-16,wk inc flu hosp,1,2024-11-23,21,quantile,0.55,6.943
2024-11-16,wk inc flu hosp,1,2024-11-23,21,quantile,0.6,8.387
2024-11-16,wk inc flu hosp,1,2024-11-23,21,quantile,0.65,10.532
2024-11-16,wk inc flu hosp,1,2024-11-23,21,quantile,0.7,13.242
2024-11-16,wk inc flu hosp,1,2024-11-23,21,quantile,0.75,18.427
2024-11-16,wk inc flu hosp,1,2024-11-23,21,quantile,0.8,23.643
2024-11-16,wk inc flu hosp,1,2024-11-23,21,quantile,0.85,33.809
2024-11-16,wk inc flu hosp,1,2024-11-23,21,quantile,0.9,51.993
2024-11-16,wk inc flu hosp,1,2024-11-23,21,quantile,0.95,94.818
2024-11-16,wk inc flu hosp,1,2024-11-23,21,quantile,0.975,142.983
2024-11-16,wk inc flu hosp,1,2024-11-23,21,quantile,0.99,201.178
2024-11-16,wk inc flu hosp,2,2024-11-30,21,quantile,0.01,0.003
2024-11-16,wk inc flu hosp,2,2024-11-30,21,quantile,0.025,0.008
2024-11-16,wk inc flu hosp,2,2024-11-30,21,quantile,0.05,0.022
2024-11-16,wk inc flu hosp,2,2024-11-30,21,quantile,0.1,0.061
2024-11-16,wk inc flu hosp,2,2024-11-30,21,quantile,0.15,0.158
2024-11-16,wk inc flu hosp,2,2024-11-30,21,quantile,0.2,0.304
2024-11-16,wk inc flu hosp,2,2024-11-30,21,quantile,0.25,0.494
2024-11-16,wk inc flu hosp,2,2024-11-30,21,quantile,0.3,0.734
2024-11-16,wk inc flu hosp,2,2024-11-30,21,quantile,0.35,1.198
2024-11-16,wk inc flu hosp,2,2024-11-30,21,quantile,0.4,1.763
2024-11-16,wk inc flu hosp,2,2024-11-30,21,quantile,0.45,2.571
2024-11-16,wk inc flu hosp,2,2024-11-30,21,quantile,0.5,3.636
2024-11-16,wk inc flu hosp,2,2024-11-30,21,quantile,0.55,5.037
2024-11-16,wk inc flu hosp,2,2024-11-30,21,quantile,0.6,6.843
2024-11-16,wk inc flu hosp,2,2024-11-30,21,quantile,0.65,9.227
2024-11-16,wk inc flu hosp,2,2024-11-30,21,quantile,0.7,12.895
2024-11-16,wk inc flu hosp,2,2024-11-30,21,quantile,0.75,20.643
2024-11-16,wk inc flu hosp,2,2024-11-30,21,quantile,0.8,29.916
2024-11-16,wk inc flu hosp,2,2024-11-30,21,quantile,0.85,44.186
2024-11-16,wk inc flu hosp,2,2024-11-30,21,quantile,0.9,74.879
2024-11-16,wk inc flu hosp,2,2024-11-30,21,quantile,0.95,161.519
2024-11-16,wk inc flu hosp,2,2024-11-30,21,quantile,0.975,289.259
2024-11-16,wk inc flu hosp,2,2024-11-30,21,quantile,0.99,416.121
2024-11-16,wk inc flu hosp,3,2024-12-07,21,quantile,0.01,0.0
2024-11-16,wk inc flu hosp,3,2024-12-07,21,quantile,0.025,0.001
2024-11-16,wk inc flu hosp,3,2024-12-07,21,quantile,0.05,0.003
2024-11-16,wk inc flu hosp,3,2024-12-07,21,quantile,0.1,0.011
2024-11-16,wk inc flu hosp,3,2024-12-07,21,quantile,0.15,0.04
2024-11-16,wk inc flu hosp,3,2024-12-07,21,quantile,0.2,0.096
2024-11-16,wk inc flu hosp,3,2024-12-07,21,quantile,0.25,0.177
2024-11-16,wk inc flu hosp,3,2024-12-07,21,quantile,0.3,0.297
2024-11-16,wk inc flu hosp,3,2024-12-07,21,quantile,0.35,0.558
2024-11-16,wk inc flu hosp,3,2024-12-07,21,quantile,0.4,0.902
2024-11-16,wk inc flu hosp,3,2024-12-07,21,quantile,0.45,1.58
2024-11-16,wk inc flu hosp,3,2024-12-07,21,quantile,0.5,2.462
2024-11-16,wk inc flu hosp,3,2024-12-07,21,quantile,0.55,3.631
2024-11-16,wk inc flu hosp,3,2024-12-07,21,quantile,0.6,5.557
2024-11-16,wk inc flu hosp,3,2024-12-07,21,quantile,0.65,8.081
2024-11-16,wk inc flu hosp,3,2024-12-07,21,quantile,0.7,12.79
2024-11-16,wk inc flu hosp,3,2024-12-07,21,quantile,0.75,22.183
2024-11-16,wk inc flu hosp,3,2024-12-07,21,quantile,0.8,33.955
2024-11-16,wk inc flu hosp,3,2024-12-07,21,quantile,0.85,62.479
2024-11-16,wk inc flu hosp,3,2024-12-07,21,quantile,0.9,99.802
2024-11-16,wk inc flu hosp,3,2024-12-07,21,quantile,0.95,245.786
2024-11-16,wk inc flu hosp,3,2024-12-07,21,quantile,0.975,459.503
2024-11-16,wk inc flu hosp,3,2024-12-07,21,quantile,0.99,706.324
2024-11-16,wk inc flu hosp,0,2024-11-16,22,quantile,0.01,5.971
2024-11-16,wk inc flu hosp,0,2024-11-16,22,quantile,0.025,9.071
2024-11-16,wk inc flu hosp,0,2024-11-16,22,quantile,0.05,12.799
2024-11-16,wk inc flu hosp,0,2024-11-16,22,quantile,0.1,16.945
2024-11-16,wk inc flu hosp,0,2024-11-16,22,quantile,0.15,20.725
2024-11-16,wk inc flu hosp,0,2024-11-16,22,quantile,0.2,24.23
2024-11-16,wk inc flu hosp,0,2024-11-16,22,quantile,0.25,28.015
2024-11-16,wk inc flu hosp,0,2024-11-16,22,quantile,0.3,31.473
2024-11-16,wk inc flu hosp,0,2024-11-16,22,quantile,0.35,36.63
2024-11-16,wk inc flu hosp,0,2024-11-16,22,quantile,0.4,40.961
2024-11-16,wk inc flu hosp,0,2024-11-16,22,quantile,0.45,45.212
2024-11-16,wk inc flu hosp,0,2024-11-16,22,quantile,0.5,50.4
2024-11-16,wk inc flu hosp,0,2024-11-16,22,quantile,0.55,56.757
2024-11-16,wk inc flu hosp,0,2024-11-16,22,quantile,0.6,61.417
2024-11-16,wk inc flu hosp,0,2024-11-16,22,quantile,0.65,69.038
2024-11-16,wk inc flu hosp,0,2024-11-16,22,quantile,0.7,74.325
2024-11-16,wk inc flu hosp,0,2024-11-16,22,quantile,0.75,83.154
2024-11-16,wk inc flu hosp,0,2024-11-16,22,quantile,0.8,96.588
2024-11-16,wk inc flu hosp,0,2024-11-16,22,quantile,0.85,113.965
2024-11-16,wk inc flu hosp,0,2024-11-16,22,quantile,0.9,138.834
2024-11-16,wk inc flu hosp,0,2024-11-16,22,quantile,0.95,177.589
2024-11-16,wk inc flu hosp,0,2024-11-16,22,quantile,0.975,213.359
2024-11-16,wk inc flu hosp,0,2024-11-16,22,quantile,0.99,239.371
2024-11-16,wk inc flu hosp,1,2024-11-23,22,quantile,0.01,0.77
2024-11-16,wk inc flu hosp,1,2024-11-23,22,quantile,0.025,1.711
2024-11-16,wk inc flu hosp,1,2024-11-23,22,quantile,0.05,2.844
2024-11-16,wk inc flu hosp,1,2024-11-23,22,quantile,0.1,5.666
2024-11-16,wk inc flu hosp,1,2024-11-23,22,quantile,0.15,8.764
2024-11-16,wk inc flu hosp,1,2024-11-23,22,quantile,0.2,12.383
2024-11-16,wk inc flu hosp,1,2024-11-23,22,quantile,0.25,15.33
2024-11-16,wk inc flu hosp,1,2024-11-23,22,quantile,0.3,19.576
2024-11-16,wk inc flu hosp,1,2024-11-23,22,quantile,0.35,24.118
2024-11-16,wk inc flu hosp,1,2024-11-23,22,quantile,0.4,28.93
2024-11-16,wk inc flu hosp,1,2024-11-23,22,quantile,0.45,37.294
2024-11-16,wk inc flu hosp,1,2024-11-23,22,quantile,0.5,43.785
2024-11-16,wk inc flu hosp,1,2024-11-23,22,quantile,0.55,53.853
2024-11-16,wk inc flu hosp,1,2024-11-23,22,quantile,0.6,65.427
2024-11-16,wk inc flu hosp,1,2024-11-23,22,quantile,0.65,79.686
2024-11-16,wk inc flu hosp,1,2024-11-23,22,quantile,0.7,96.278
2024-11-16,wk inc flu hosp,1,2024-11-23,22,quantile,0.75,111.392
2024-11-16,wk inc flu hosp,1,2024-11-23,22,quantile,0.8,138.589
2024-11-16,wk inc flu hosp,1,2024-11-23,22,quantile,0.85,176.221
2024-11-16,wk inc flu hosp,1,2024-11-23,22,quantile,0.9,233.172
2024-11-16,wk inc flu hosp,1,2024-11-23,22,quantile,0.95,345.887
2024-11-16,wk inc flu hosp,1,2024-11-23,22,quantile,0.975,464.387
2024-11-16,wk inc flu hosp,1,2024-11-23,22,quantile,0.99,605.173
2024-11-16,wk inc flu hosp,2,2024-11-30,22,quantile,0.01,0.111
2024-11-16,wk inc flu hosp,2,2024-11-30,22,quantile,0.025,0.223
2024-11-16,wk inc flu hosp,2,2024-11-30,22,quantile,0.05,0.585
2024-11-16,wk inc flu hosp,2,2024-11-30,22,quantile,0.1,1.752
2024-11-16,wk inc flu hosp,2,2024-11-30,22,quantile,0.15,3.67
2024-11-16,wk inc flu hosp,2,2024-11-30,22,quantile,0.2,6.219
2024-11-16,wk inc flu hosp,2,2024-11-30,22,quantile,0.25,8.657
2024-11-16,wk inc flu hosp,2,2024-11-30,22,quantile,0.3,12.01
2024-11-16,wk inc flu hosp,2,2024-11-30,22,quantile,0.35,16.023
2024-11-16,wk inc flu hosp,2,2024-11-30,22,quantile,0.4,22.1
2024-11-16,wk inc flu hosp,2,2024-11-30,22,quantile,0.45,28.11
2024-11-16,wk inc flu hosp,2,2024-11-30,22,quantile,0.5,38.073
2024-11-16,wk inc flu hosp,2,2024-11-30,22,quantile,0.55,52.223
2024-11-16,wk inc flu hosp,2,2024-11-30,22,quantile,0.6,69.288
2024-11-16,wk inc flu hosp,2,2024-11-30,22,quantile,0.65,90.773
2024-11-16,wk inc flu hosp,2,2024-11-30,22,quantile,0.7,114.919
2024-11-16,wk inc flu hosp,2,2024-11-30,22,quantile,0.75,154.752
2024-11-16,wk inc flu hosp,2,2024-11-30,22,quantile,0.8,189.501
2024-11-16,wk inc flu hosp,2,2024-11-30,22,quantile,0.85,243.78
2024-11-16,wk inc flu hosp,2,2024-11-30,22,quantile,0.9,360.358
2024-11-16,wk inc flu hosp,2,2024-11-30,22,quantile,0.95,580.214
2024-11-16,wk inc flu hosp,2,2024-11-30,22,quantile,0.975,788.583
2024-11-16,wk inc flu hosp,2,2024-11-30,22,quantile,0.99,1106.031
2024-11-16,wk inc flu hosp,3,2024-12-07,22,quantile,0.01,0.012
2024-11-16,wk inc flu hosp,3,2024-12-07,22,quantile,0.025,0.033
2024-11-16,wk inc flu hosp,3,2024-12-07,22,quantile,0.05,0.143
2024-11-16,wk inc flu hosp,3,2024-12-07,22,quantile,0.1,0.522
2024-11-16,wk inc flu hosp,3,2024-12-07,22,quantile,0.15,1.481
2024-11-16,wk inc flu hosp,3,2024-12-07,22,quantile,0.2,3.119
2024-11-16,wk inc flu hosp,3,2024-12-07,22,quantile,0.25,4.694
2024-11-16,wk inc flu hosp,3,2024-12-07,22,quantile,0.3,7.187
2024-11-16,wk inc flu hosp,3,2024-12-07,22,quantile,0.35,10.768
2024-11-16,wk inc flu hosp,3,2024-12-07,22,quantile,0.4,16.417
2024-11-16,wk inc flu hosp,3,2024-12-07,22,quantile,0.45,21.462
2024-11-16,wk inc flu hosp,3,2024-12-07,22,quantile,0.5,34.232
2024-11-16,wk inc flu hosp,3,2024-12-07,22,quantile,0.55,51.42
2024-11-16,wk inc flu hosp,3,2024-12-07,22,quantile,0.6,69.755
2024-11-16,wk inc flu hosp,3,2024-12-07,22,quantile,0.65,100.116
2024-11-16,wk inc flu hosp,3,2024-12-07,22,quantile,0.7,134.309
2024-11-16,wk inc flu hosp,3,2024-12-07,22,quantile,0.75,181.152
2024-11-16,wk inc flu hosp,3,2024-12-07,22,quantile,0.8,233.046
2024-11-16,wk inc flu hosp,3,2024-12-07,22,quantile,0.85,315.945
2024-11-16,wk inc flu hosp,3,2024-12-07,22,quantile,0.9,470.888
2024-11-16,wk inc flu hosp,3,2024-12-07,22,quantile,0.95,733.799
2024-11-16,wk inc flu hosp,3,2024-12-07,22,quantile,0.975,934.633
2024-11-16,wk inc flu hosp,3,2024-12-07,22,quantile,0.99,1355.47
2024-11-16,wk inc flu hosp,0,2024-11-16,23,quantile,0.01,0.018
2024-11-16,wk inc flu hosp,0,2024-11-16,23,quantile,0.025,0.026
2024-11-16,wk inc flu hosp,0,2024-11-16,23,quantile,0.05,0.036
2024-11-16,wk inc flu hosp,0,2024-11-16,23,quantile,0.1,0.054
2024-11-16,wk inc flu hosp,0,2024-11-16,23,quantile,0.15,0.075
2024-11-16,wk inc flu hosp,0,2024-11-16,23,quantile,0.2,0.097
2024-11-16,wk inc flu hosp,0,2024-11-16,23,quantile,0.25,0.124
2024-11-16,wk inc flu hosp,0,2024-11-16,23,quantile,0.3,0.156
2024-11-16,wk inc flu hosp,0,2024-11-16,23,quantile,0.35,0.197
2024-11-16,wk inc flu hosp,0,2024-11-16,23,quantile,0.4,0.235
2024-11-16,wk inc flu hosp,0,2024-11-16,23,quantile,0.45,0.279
2024-11-16,wk inc flu hosp,0,2024-11-16,23,quantile,0.5,0.342
2024-11-16,wk inc flu hosp,0,2024-11-16,23,quantile,0.55,0.408
2024-11-16,wk inc flu hosp,0,2024-11-16,23,quantile,0.6,0.502
2024-11-16,wk inc flu hosp,0,2024-11-16,23,quantile,0.65,0.604
2024-11-16,wk inc flu hosp,0,2024-11-16,23,quantile,0.7,0.825
2024-11-16,wk inc flu hosp,0,2024-11-16,23,quantile,0.75,1.01
2024-11-16,wk inc flu hosp,0,2024-11-16,23,quantile,0.8,1.327
2024-11-16,wk inc flu hosp,0,2024-11-16,23,quantile,0.85,1.825
2024-11-16,wk inc flu hosp,0,2024-11-16,23,quantile,0.9,2.832
2024-11-16,wk inc flu hosp,0,2024-11-16,23,quantile,0.95,5.336
2024-11-16,wk inc flu hosp,0,2024-11-16,23,quantile,0.975,7.78
2024-11-16,wk inc flu hosp,0,2024-11-16,23,quantile,0.99,9.441
2024-11-16,wk inc flu hosp,1,2024-11-23,23,quantile,0.01,0.001
2024-11-16,wk inc flu hosp,1,2024-11-23,23,quantile,0.025,0.002
2024-11-16,wk inc flu hosp,1,2024-11-23,23,quantile,0.05,0.003
2024-11-16,wk inc flu hosp,1,2024-11-23,23,quantile,0.1,0.007
2024-11-16,wk inc flu hosp,1,2024-11-23,23,quantile,0.15,0.012
2024-11-16,wk inc flu hosp,1,2024-11-23,23,quantile,0.2,0.019
2024-11-16,wk inc flu hosp,1,2024-11-23,23,quantile,0.25,0.032
2024-11-16,wk inc flu hosp,1,2024-11-23,23,quantile,0.3,0.049
2024-11-16,wk inc flu hosp,1,2024-11-23,23,quantile,0.35,0.071
2024-11-16,wk inc flu hosp,1,2024-11-23,23,quantile,0.4,0.094
2024-11-16,wk inc flu hosp,1,2024-11-23,23,quantile,0.45,0.124
2024-11-16,wk inc flu hosp,1,2024-11-23,23,quantile,0.5,0.166
2024-11-16,wk inc flu hosp,1,2024-11-23,23,quantile,0.55,0.231
2024-11-16,wk inc flu hosp,1,2024-11-23,23,quantile,0.6,0.313
2024-11-16,wk inc flu hosp,1,2024-11-23,23,quantile,0.65,0.408
2024-11-16,wk inc flu hosp,1,2024-11-23,23,quantile,0.7,0.596
2024-11-16,wk inc flu hosp,1,2024-11-23,23,quantile,0.75,0.869
2024-11-16,wk inc flu hosp,1,2024-11-23,23,quantile,0.8,1.273
2024-11-16,wk inc flu hosp,1,2024-11-23,23,quantile,0.85,1.901
2024-11-16,wk inc flu hosp,1,2024-11-23,23,quantile,0.9,3.175
2024-11-16,wk inc flu hosp,1,2024-11-23,23,quantile,0.95,7.26
2024-11-16,wk inc flu hosp,1,2024-11-23,23,quantile,0.975,11.622
2024-11-16,wk inc flu hosp,1,2024-11-23,23,quantile,0.99,18.712
2024-11-16,wk inc flu hosp,2,2024-11-30,23,quantile,0.01,0.0
2024-11-16,wk inc flu hosp,2,2024-11-30,23,quantile,0.025,0.0
2024-11-16,wk inc flu hosp,2,2024-11-30,23,quantile,0.05,0.0
2024-11-16,wk inc flu hosp,2,2024-11-30,23,quantile,0.1,0.001
2024-11-16,wk inc flu hosp,2,2024-11-30,23,quantile,0.15,0.002
2024-11-16,wk inc flu hosp,2,2024-11-30,23,quantile,0.2,0.004
2024-11-16,wk inc flu hosp,2,2024-11-30,23,quantile,0.25,0.008
2024-11-16,wk inc flu hosp,2,2024-11-30,23,quantile,0.3,0.015
2024-11-16,wk inc flu hosp,2,2024-11-30,23,quantile,0.35,0.025
2024-11-16,wk inc flu hosp,2,2024-11-30,23,quantile,0.4,0.039
2024-11-16,wk inc flu hosp,2,2024-11-30,23,quantile,0.45,0.057
2024-11-16,wk inc flu hosp,2,2024-11-30,23,quantile,0.5,0.086
2024-11-16,wk inc flu hosp,2,2024-11-30,23,quantile,0.55,0.136
2024-11-16,wk inc flu hosp,2,2024-11-30,23,quantile,0.6,0.19
2024-11-16,wk inc flu hosp,2,2024-11-30,23,quantile,0.65,0.292
2024-11-16,wk inc flu hosp,2,2024-11-30,23,quantile,0.7,0.453
2024-11-16,wk inc flu hosp,2,2024-11-30,23,quantile,0.75,0.708
2024-11-16,wk inc flu hosp,2,2024-11-30,23,quantile,0.8,1.191
2024-11-16,wk inc flu hosp,2,2024-11-30,23,quantile,0.85,2.153
2024-11-16,wk inc flu hosp,2,2024-11-30,23,quantile,0.9,3.929
2024-11-16,wk inc flu hosp,2,2024-11-30,23,quantile,0.95,9.707
2024-11-16,wk inc flu hosp,2,2024-11-30,23,quantile,0.975,23.855
2024-11-16,wk inc flu hosp,2,2024-11-30,23,quantile,0.99,39.646
2024-11-16,wk inc flu hosp,3,2024-12-07,23,quantile,0.01,0.0
2024-11-16,wk inc flu hosp,3,2024-12-07,23,quantile,0.025,0.0
2024-11-16,wk inc flu hosp,3,2024-12-07,23,quantile,0.05,0.0
2024-11-16,wk inc flu hosp,3,2024-12-07,23,quantile,0.1,0.0
2024-11-16,wk inc flu hosp,3,2024-12-07,23,quantile,0.15,0.0
2024-11-16,wk inc flu hosp,3,2024-12-07,23,quantile,0.2,0.001
2024-11-16,wk inc flu hosp,3,2024-12-07,23,quantile,0.25,0.002
2024-11-16,wk inc flu hosp,3,2024-12-07,23,quantile,0.3,0.005
2024-11-16,wk inc flu hosp,3,2024-12-07,23,quantile,0.35,0.009
2024-11-16,wk inc flu hosp,3,2024-12-07,23,quantile,0.4,0.016
2024-11-16,wk inc flu hosp,3,2024-12-07,23,quantile,0.45,0.027
2024-11-16,wk inc flu hosp,3,2024-12-07,23,quantile,0.5,0.044
2024-11-16,wk inc flu hosp,3,2024-12-07,23,quantile,0.55,0.07
2024-11-16,wk inc flu hosp,3,2024-12-07,23,quantile,0.6,0.118
2024-11-16,wk inc flu hosp,3,2024-12-07,23,quantile,0.65,0.192
2024-11-16,wk inc flu hosp,3,2024-12-07,23,quantile,0.7,0.361
2024-11-16,wk inc flu hosp,3,2024-12-07,23,quantile,0.75,0.578
2024-11-16,wk inc flu hosp,3,2024-12-07,23,quantile,0.8,1.07
2024-11-16,wk inc flu hosp,3,2024-12-07,23,quantile,0.85,2.035
2024-11-16,wk inc flu hosp,3,2024-12-07,23,quantile,0.9,4.843
2024-11-16,wk inc flu hosp,3,2024-12-07,23,quantile,0.95,10.81
2024-11-16,wk inc flu hosp,3,2024-12-07,23,quantile,0.975,35.206
2024-11-16,wk inc flu hosp,3,2024-12-07,23,quantile,0.99,66.678
2024-11-16,wk inc flu hosp,0,2024-11-16,24,quantile,0.01,0.168
2024-11-16,wk inc flu hosp,0,2024-11-16,24,quantile,0.025,0.294
2024-11-16,wk inc flu hosp,0,2024-11-16,24,quantile,0.05,0.435
2024-11-16,wk inc flu hosp,0,2024-11-16,24,quantile,0.1,0.627
2024-11-16,wk inc flu hosp,0,2024-11-16,24,quantile,0.15,0.887
2024-11-16,wk inc flu hosp,0,2024-11-16,24,quantile,0.2,1.121
2024-11-16,wk inc flu hosp,0,2024-11-16,24,quantile,0.25,1.351
2024-11-16,wk inc flu hosp,0,2024-11-16,24,quantile,0.3,1.635
2024-11-16,wk inc flu hosp,0,2024-11-16,24,quantile,0.35,2.035
2024-11-16,wk inc flu hosp,0,2024-11-16,24,quantile,0.4,2.451
2024-11-16,wk inc flu hosp,0,2024-11-16,24,quantile,0.45,2.763
2024-11-16,wk inc flu hosp,0,2024-11-16,24,quantile,0.5,3.196
2024-11-16,wk inc flu hosp,0,2024-11-16,24,quantile,0.55,3.688
2024-11-16,wk inc flu hosp,0,2024-11-16,24,quantile,0.6,4.498
2024-11-16,wk inc flu hosp,0,2024-11-16,24,quantile,0.65,5.354
2024-11-16,wk inc flu hosp,0,2024-11-16,24,quantile,0.7,6.452
2024-11-16,wk inc flu hosp,0,2024-11-16,24,quantile,0.75,7.954
2024-11-16,wk inc flu hosp,0,2024-11-16,24,quantile,0.8,9.59
2024-11-16,wk inc flu hosp,0,2024-11-16,24,quantile,0.85,13.434
2024-11-16,wk inc flu hosp,0,2024-11-16,24,quantile,0.9,19.298
2024-11-16,wk inc flu hosp,0,2024-11-16,24,quantile,0.95,30.886
2024-11-16,wk inc flu hosp,0,2024-11-16,24,quantile,0.975,40.827
2024-11-16,wk inc flu hosp,0,2024-11-16,24,quantile,0.99,56.584
2024-11-16,wk inc flu hosp,1,2024-11-23,24,quantile,0.01,0.009
2024-11-16,wk inc flu hosp,1,2024-11-23,24,quantile,0.025,0.028
2024-11-16,wk inc flu hosp,1,2024-11-23,24,quantile,0.05,0.048
2024-11-16,wk inc flu hosp,1,2024-11-23,24,quantile,0.1,0.093
2024-11-16,wk inc flu hosp,1,2024-11-23,24,quantile,0.15,0.177
2024-11-16,wk inc flu hosp,1,2024-11-23,24,quantile,0.2,0.271
2024-11-16,wk inc flu hosp,1,2024-11-23,24,quantile,0.25,0.418
2024-11-16,wk inc flu hosp,1,2024-11-23,24,quantile,0.3,0.565
2024-11-16,wk inc flu hosp,1,2024-11-23,24,quantile,0.35,0.791
2024-11-16,wk inc flu hosp,1,2024-11-23,24,quantile,0.4,1.064
2024-11-16,wk inc flu hosp,1,2024-11-23,24,quantile,0.45,1.395
2024-11-16,wk inc flu hosp,1,2024-11-23,24,quantile,0.5,1.745
2024-11-16,wk inc flu hosp,1,2024-11-23,24,quantile,0.55,2.243
2024-11-16,wk inc flu hosp,1,2024-11-23,24,quantile,0.6,2.861
2024-11-16,wk inc flu hosp,1,2024-11-23,24,quantile,0.65,3.784
2024-11-16,wk inc flu hosp,1,2024-11-23,24,quantile,0.7,5.353
2024-11-16,wk inc flu hosp,1,2024-11-23,24,quantile,0.75,7.26
2024-11-16,wk inc flu hosp,1,2024-11-23,24,quantile,0.8,10.725
2024-11-16,wk inc flu hosp,1,2024-11-23,24,quantile,0.85,16.127
2024-11-16,wk inc flu hosp,1,2024-11-23,24,quantile,0.9,26.835
2024-11-16,wk inc flu hosp,1,2024-11-23,24,quantile,0.95,47.016
2024-11-16,wk inc flu hosp,1,2024-11-23,24,quantile,0.975,76.403
2024-11-16,wk inc flu hosp,1,2024-11-23,24,quantile,0.99,142.19
2024-11-16,wk inc flu hosp,2,2024-11-30,24,quantile,0.01,0.0
2024-11-16,wk inc flu hosp,2,2024-11-30,24,quantile,0.025,0.002
2024-11-16,wk inc flu hosp,2,2024-11-30,24,quantile,0.05,0.005
2024-11-16,wk inc flu hosp,2,2024-11-30,24,quantile,0.1,0.014
2024-11-16,wk inc flu hosp,2,2024-11-30,24,quantile,0.15,0.034
2024-11-16,wk inc flu hosp,2,2024-11-30,24,quantile,0.2,0.064
2024-11-16,wk inc flu hosp,2,2024-11-30,24,quantile,0.25,0.122
2024-11-16,wk inc flu hosp,2,2024-11-30,24,quantile,0.3,0.198
2024-11-16,wk inc flu hosp,2,2024-11-30,24,quantile,0.35,0.304
2024-11-16,wk inc flu hosp,2,2024-11-30,24,quantile,0.4,0.465
2024-11-16,wk inc flu hosp,2,2024-11-30,24,quantile,0.45,0.704
2024-11-16,wk inc flu hosp,2,2024-11-30,24,quantile,0.5,0.979
2024-11-16,wk inc flu hosp,2,2024-11-30,24,quantile,0.55,1.347
2024-11-16,wk inc flu hosp,2,2024-11-30,24,quantile,0.6,1.947
2024-11-16,wk inc flu hosp,2,2024-11-30,24,quantile,0.65,2.965
2024-11-16,wk inc flu hosp,2,2024-11-30,24,quantile,0.7,4.384
2024-11-16,wk inc flu hosp,2,2024-11-30,24,quantile,0.75,6.751
2024-11-16,wk inc flu hosp,2,2024-11-30,24,quantile,0.8,10.766
2024-11-16,wk inc flu hosp,2,2024-11-30,24,quantile,0.85,19.679
2024-11-16,wk inc flu hosp,2,2024-11-30,24,quantile,0.9,35.093
2024-11-16,wk inc flu hosp,2,2024-11-30,24,quantile,0.95,78.089
2024-11-16,wk inc flu hosp,2,2024-11-30,24,quantile,0.975,139.42
2024-11-16,wk inc flu hosp,2,2024-11-30,24,quantile,0.99,305.888
2024-11-16,wk inc flu hosp,3,2024-12-07,24,quantile,0.01,0.0
2024-11-16,wk inc flu hosp,3,2024-12-07,24,quantile,0.025,0.0
2024-11-16,wk inc flu hosp,3,2024-12-07,24,quantile,0.05,0.0
2024-11-16,wk inc flu hosp,3,2024-12-07,24,quantile,0.1,0.002
2024-11-16,wk inc flu hosp,3,2024-12-07,24,quantile,0.15,0.007
2024-11-16,wk inc flu hosp,3,2024-12-07,24,quantile,0.2,0.016
2024-11-16,wk inc flu hosp,3,2024-12-07,24,quantile,0.25,0.037
2024-11-16,wk inc flu hosp,3,2024-12-07,24,quantile,0.3,0.067
2024-11-16,wk inc flu hosp,3,2024-12-07,24,quantile,0.35,0.122
2024-11-16,wk inc flu hosp,3,2024-12-07,24,quantile,0.4,0.205
2024-11-16,wk inc flu hosp,3,2024-12-07,24,quantile,0.45,0.365
2024-11-16,wk inc flu hosp,3,2024-12-07,24,quantile,0.5,0.517
2024-11-16,wk inc flu hosp,3,2024-12-07,24,quantile,0.55,0.864
2024-11-16,wk inc flu hosp,3,2024-12-07,24,quantile,0.6,1.312
2024-11-16,wk inc flu hosp,3,2024-12-07,24,quantile,0.65,2.211
2024-11-16,wk inc flu hosp,3,2024-12-07,24,quantile,0.7,3.46
2024-11-16,wk inc flu hosp,3,2024-12-07,24,quantile,0.75,6.112
2024-11-16,wk inc flu hosp,3,2024-12-07,24,quantile,0.8,11.019
2024-11-16,wk inc flu hosp,3,2024-12-07,24,quantile,0.85,22.335
2024-11-16,wk inc flu hosp,3,2024-12-07,24,quantile,0.9,40.139
2024-11-16,wk inc flu hosp,3,2024-12-07,24,quantile,0.95,98.362
2024-11-16,wk inc flu hosp,3,2024-12-07,24,quantile,0.975,215.204
2024-11-16,wk inc flu hosp,3,2024-12-07,24,quantile,0.99,380.331
2024-11-16,wk inc flu hosp,0,2024-11-16,25,quantile,0.01,1.379
2024-11-16,wk inc flu hosp,0,2024-11-16,25,quantile,0.025,1.853
2024-11-16,wk inc flu hosp,0,2024-11-16,25,quantile,0.05,2.334
2024-11-16,wk inc flu hosp,0,2024-11-16,25,quantile,0.1,3.194
2024-11-16,wk inc flu hosp,0,2024-11-16,25,quantile,0.15,3.947
2024-11-16,wk inc flu hosp,0,2024-11-16,25,quantile,0.2,4.943
2024-11-16,wk inc flu hosp,0,2024-11-16,25,quantile,0.25,6.062
2024-11-16,wk inc flu hosp,0,2024-11-16,25,quantile,0.3,7.186
2024-11-16,wk inc flu hosp,0,2024-11-16,25,quantile,0.35,8.699
2024-11-16,wk inc flu hosp,0,2024-11-16,25,quantile,0.4,9.792
2024-11-16,wk inc flu hosp,0,2024-11-16,25,quantile,0.45,11.305
2024-11-16,wk inc flu hosp,0,2024-11-16,25,quantile,0.5,12.98
2024-11-16,wk inc flu hosp,0,2024-11-16,25,quantile,0.55,14.573
2024-11-16,wk inc flu hosp,0,2024-11-16,25,quantile,0.6,16.477
2024-11-16,wk inc flu hosp,0,2024-11-16,25,quantile,0.65,18.085
2024-11-16,wk inc flu hosp,0,2024-11-16,25,quantile,0.7,21.492
2024-11-16,wk inc flu hosp,0,2024-11-16,25,quantile,0.75,24.328
2024-11-16,wk inc flu hosp,0,2024-11-16,25,quantile,0.8,28.515
2024-11-16,wk inc flu hosp,0,2024-11-16,25,quantile,0.85,35.004
2024-11-16,wk inc flu hosp,0,2024-11-16,25,quantile,0.9,44.486
2024-11-16,wk inc flu hosp,0,2024-11-16,25,quantile,0.95,63.148
2024-11-16,wk inc flu hosp,0,2024-11-16,25,quantile,0.975,82.931
2024-11-16,wk inc flu hosp,0,2024-11-16,25,quantile,0.99,110.369
2024-11-16,wk inc flu hosp,1,2024-11-23,25,quantile,0.01,0.06
2024-11-16,wk inc flu hosp,1,2024-11-23,25,quantile,0.025,0.185
2024-11-16,wk inc flu hosp,1,2024-11-23,25,quantile,0.05,0.304
2024-11-16,wk inc flu hosp,1,2024-11-23,25,quantile,0.1,0.545
2024-11-16,wk inc flu hosp,1,2024-11-23,25,quantile,0.15,0.819
2024-11-16,wk inc flu hosp,1,2024-11-23,25,quantile,0.2,1.284
2024-11-16,wk inc flu hosp,1,2024-11-23,25,quantile,0.25,1.841
2024-11-16,wk inc flu hosp,1,2024-11-23,25,quantile,0.3,2.903
2024-11-16,wk inc flu hosp,1,2024-11-23,25,quantile,0.35,3.947
2024-11-16,wk inc flu hosp,1,2024-11-23,25,quantile,0.4,5.01
2024-11-16,wk inc flu hosp,1,2024-11-23,25,quantile,0.45,6.555
2024-11-16,wk inc flu hosp,1,2024-11-23,25,quantile,0.5,8.752
2024-11-16,wk inc flu hosp,1,2024-11-23,25,quantile,0.55,11.143
2024-11-16,wk inc flu hosp,1,2024-11-23,25,quantile,0.6,14.313
2024-11-16,wk inc flu hosp,1,2024-11-23,25,quantile,0.65,18.02
2024-11-16,wk inc flu hosp,1,2024-11-23,25,quantile,0.7,22.09
2024-11-16,wk inc flu hosp,1,2024-11-23,25,quantile,0.75,29.626
2024-11-16,wk inc flu hosp,1,2024-11-23,25,quantile,0.8,38.18
2024-11-16,wk inc flu hosp,1,2024-11-23,25,quantile,0.85,50.839
2024-11-16,wk inc flu hosp,1,2024-11-23,25,quantile,0.9,80.673
2024-11-16,wk inc flu hosp,1,2024-11-23,25,quantile,0.95,132.846
2024-11-16,wk inc flu hosp,1,2024-11-23,25,quantile,0.975,200.703
2024-11-16,wk inc flu hosp,1,2024-11-23,25,quantile,0.99,299.416
2024-11-16,wk inc flu hosp,2,2024-11-30,25,quantile,0.01,0.002
2024-11-16,wk inc flu hosp,2,2024-11-30,25,quantile,0.025,0.016
2024-11-16,wk inc flu hosp,2,2024-11-30,25,quantile,0.05,0.041
2024-11-16,wk inc flu hosp,2,2024-11-30,25,quantile,0.1,0.093
2024-11-16,wk inc flu hosp,2,2024-11-30,25,quantile,0.15,0.182
2024-11-16,wk inc flu hosp,2,2024-11-30,25,quantile,0.2,0.326
2024-11-16,wk inc flu hosp,2,2024-11-30,25,quantile,0.25,0.557
2024-11-16,wk inc flu hosp,2,2024-11-30,25,quantile,0.3,1.065
2024-11-16,wk inc flu hosp,2,2024-11-30,25,quantile,0.35,1.786
2024-11-16,wk inc flu hosp,2,2024-11-30,25,quantile,0.4,2.605
2024-11-16,wk inc flu hosp,2,2024-11-30,25,quantile,0.45,3.967
2024-11-16,wk inc flu hosp,2,2024-11-30,25,quantile,0.5,5.969
2024-11-16,wk inc flu hosp,2,2024-11-30,25,quantile,0.55,8.664
2024-11-16,wk inc flu hosp,2,2024-11-30,25,quantile,0.6,12.623
2024-11-16,wk inc flu hosp,2,2024-11-30,25,quantile,0.65,17.137
2024-11-16,wk inc flu hosp,2,2024-11-30,25,quantile,0.7,23.189
2024-11-16,wk inc flu hosp,2,2024-11-30,25,quantile,0.75,35.045
2024-11-16,wk inc flu hosp,2,2024-11-30,25,quantile,0.8,53.195
2024-11-16,wk inc flu hosp,2,2024-11-30,25,quantile,0.85,79.251
2024-11-16,wk inc flu hosp,2,2024-11-30,25,quantile,0.9,129.778
2024-11-16,wk inc flu hosp,2,2024-11-30,25,quantile,0.95,257.791
2024-11-16,wk inc flu hosp,2,2024-11-30,25,quantile,0.975,435.361
2024-11-16,wk inc flu hosp,2,2024-11-30,25,quantile,0.99,744.594
2024-11-16,wk inc flu hosp,3,2024-12-07,25,quantile,0.01,0.0
2024-11-16,wk inc flu hosp,3,2024-12-07,25,quantile,0.025,0.001
2024-11-16,wk inc flu hosp,3,2024-12-07,25,quantile,0.05,0.005
2024-11-16,wk inc flu hosp,3,2024-12-07,25,quantile,0.1,0.017
2024-11-16,wk inc flu hosp,3,2024-12-07,25,quantile,0.15,0.038
2024-11-16,wk inc flu hosp,3,2024-12-07,25,quantile,0.2,0.082
2024-11-16,wk inc flu hosp,3,2024-12-07,25,quantile,0.25,0.18
2024-11-16,wk inc flu hosp,3,2024-12-07,25,quantile,0.3,0.386
2024-11-16,wk inc flu hosp,3,2024-12-07,25,quantile,0.35,0.841
2024-11-16,wk inc flu hosp,3,2024-12-07,25,quantile,0.4,1.365
2024-11-16,wk inc flu hosp,3,2024-12-07,25,quantile,0.45,2.5
2024-11-16,wk inc flu hosp,3,2024-12-07,25,quantile,0.5,4.037
2024-11-16,wk inc flu hosp,3,2024-12-07,25,quantile,0.55,6.616
2024-11-16,wk inc flu hosp,3,2024-12-07,25,quantile,0.6,10.835
2024-11-16,wk inc flu hosp,3,2024-12-07,25,quantile,0.65,16.046
2024-11-16,wk inc flu hosp,3,2024-12-07,25,quantile,0.7,23.974
2024-11-16,wk inc flu hosp,3,2024-12-07,25,quantile,0.75,40.365
2024-11-16,wk inc flu hosp,3,2024-12-07,25,quantile,0.8,66.127
2024-11-16,wk inc flu hosp,3,2024-12-07,25,quantile,0.85,114.574
2024-11-16,wk inc flu hosp,3,2024-12-07,25,quantile,0.9,202.487
2024-11-16,wk inc flu hosp,3,2024-12-07,25,quantile,0.95,443.886
2024-11-16,wk inc flu hosp,3,2024-12-07,25,quantile,0.975,812.876
2024-11-16,wk inc flu hosp,3,2024-12-07,25,quantile,0.99,1323.494
2024-11-16,wk inc flu hosp,0,2024-11-16,26,quantile,0.01,1.625
2024-11-16,wk inc flu hosp,0,2024-11-16,26,quantile,0.025,2.123
2024-11-16,wk inc flu hosp,0,2024-11-16,26,quantile,0.05,2.724
2024-11-16,wk inc flu hosp,0,2024-11-16,26,quantile,0.1,3.466
2024-11-16,wk inc flu hosp,0,2024-11-16,26,quantile,0.15,4.427
2024-11-16,wk inc flu hosp,0,2024-11-16,26,quantile,0.2,5.251
2024-11-16,wk inc flu hosp,0,2024-11-16,26,quantile,0.25,6.175
2024-11-16,wk inc flu hosp,0,2024-11-16,26,quantile,0.3,7.045
2024-11-16,wk inc flu hosp,0,2024-11-16,26,quantile,0.35,7.989
2024-11-16,wk inc flu hosp,0,2024-11-16,26,quantile,0.4,9.371
2024-11-16,wk inc flu hosp,0,2024-11-16,26,quantile,0.45,10.698
2024-11-16,wk inc flu hosp,0,2024-11-16,26,quantile,0.5,12.414
2024-11-16,wk inc flu hosp,0,2024-11-16,26,quantile,0.55,14.06
2024-11-16,wk inc flu hosp,0,2024-11-16,26,quantile,0.6,15.973
2024-11-16,wk inc flu hosp,0,2024-11-16,26,quantile,0.65,18.843
2024-11-16,wk inc flu hosp,0,2024-11-16,26,quantile,0.7,21.62
2024-11-16,wk inc flu hosp,0,2024-11-16,26,quantile,0.75,23.902
2024-11-16,wk inc flu hosp,0,2024-11-16,26,quantile,0.8,29.549
2024-11-16,wk inc flu hosp,0,2024-11-16,26,quantile,0.85,35.806
2024-11-16,wk inc flu hosp,0,2024-11-16,26,quantile,0.9,43.915
2024-11-16,wk inc flu hosp,0,2024-11-16,26,quantile,0.95,64.855
2024-11-16,wk inc flu hosp,0,2024-11-16,26,quantile,0.975,84.736
2024-11-16,wk inc flu hosp,0,2024-11-16,26,quantile,0.99,117.43
2024-11-16,wk inc flu hosp,1,2024-11-23,26,quantile,0.01,0.13
2024-11-16,wk inc flu hosp,1,2024-11-23,26,quantile,0.025,0.244
2024-11-16,wk inc flu hosp,1,2024-11-23,26,quantile,0.05,0.387
2024-11-16,wk inc flu hosp,1,2024-11-23,26,quantile,0.1,0.651
2024-11-16,wk inc flu hosp,1,2024-11-23,26,quantile,0.15,1.07
2024-11-16,wk inc flu hosp,1,2024-11-23,26,quantile,0.2,1.452
2024-11-16,wk inc flu hosp,1,2024-11-23,26,quantile,0.25,2.114
2024-11-16,wk inc flu hosp,1,2024-11-23,26,quantile,0.3,2.769
2024-11-16,wk inc flu hosp,1,2024-11-23,26,quantile,0.35,3.652
2024-11-16,wk inc flu hosp,1,2024-11-23,26,quantile,0.4,4.796
2024-11-16,wk inc flu hosp,1,2024-11-23,26,quantile,0.45,5.926
2024-11-16,wk inc flu hosp,1,2024-11-23,26,quantile,0.5,7.38
2024-11-16,wk inc flu hosp,1,2024-11-23,26,quantile,0.55,9.287
2024-11-16,wk inc flu hosp,1,2024-11-23,26,quantile,0.6,11.708
2024-11-16,wk inc flu hosp,1,2024-11-23,26,quantile,0.65,14.746
2024-11-16,wk inc flu hosp,1,2024-11-23,26,quantile,0.7,19.522
2024-11-16,wk inc flu hosp,1,2024-11-23,26,quantile,0.75,25.54
2024-11-16,wk inc flu hosp,1,2024-11-23,26,quantile,0.8,32.644
2024-11-16,wk inc flu hosp,1,2024-11-23,26,quantile,0.85,44.926
2024-11-16,wk inc flu hosp,1,2024-11-23,26,quantile,0.9,63.779
2024-11-16,wk inc flu hosp,1,2024-11-23,26,quantile,0.95,130.861
2024-11-16,wk inc flu hosp,1,2024-11-23,26,quantile,0.975,209.099
2024-11-16,wk inc flu hosp,1,2024-11-23,26,quantile,0.99,302.338
2024-11-16,wk inc flu hosp,2,2024-11-30,26,quantile,0.01,0.009
2024-11-16,wk inc flu hosp,2,2024-11-30,26,quantile,0.025,0.023
2024-11-16,wk inc flu hosp,2,2024-11-30,26,quantile,0.05,0.052
2024-11-16,wk inc flu hosp,2,2024-11-30,26,quantile,0.1,0.121
2024-11-16,wk inc flu hosp,2,2024-11-30,26,quantile,0.15,0.25
2024-11-16,wk inc flu hosp,2,2024-11-30,26,quantile,0.2,0.403
2024-11-16,wk inc flu hosp,2,2024-11-30,26,quantile,0.25,0.687
2024-11-16,wk inc flu hosp,2,2024-11-30,26,quantile,0.3,1.093
2024-11-16,wk inc flu hosp,2,2024-11-30,26,quantile,0.35,1.682
2024-11-16,wk inc flu hosp,2,2024-11-30,26,quantile,0.4,2.455
2024-11-16,wk inc flu hosp,2,2024-11-30,26,quantile,0.45,3.243
2024-11-16,wk inc flu hosp,2,2024-11-30,26,quantile,0.5,4.568
2024-11-16,wk inc flu hosp,2,2024-11-30,26,quantile,0.55,6.083
2024-11-16,wk inc flu hosp,2,2024-11-30,26,quantile,0.6,8.599
2024-11-16,wk inc flu hosp,2,2024-11-30,26,quantile,0.65,12.259
2024-11-16,wk inc flu hosp,2,2024-11-30,26,quantile,0.7,17.563
2024-11-16,wk inc flu hosp,2,2024-11-30,26,quantile,0.75,26.16
2024-11-16,wk inc flu hosp,2,2024-11-30,26,quantile,0.8,37.291
2024-11-16,wk inc flu hosp,2,2024-11-30,26,quantile,0.85,53.915
2024-11-16,wk inc flu hosp,2,2024-11-30,26,quantile,0.9,87.041
2024-11-16,wk inc flu hosp,2,2024-11-30,26,quantile,0.95,240.566
2024-11-16,wk inc flu hosp,2,2024-11-30,26,quantile,0.975,413.529
2024-11-16,wk inc flu hosp,2,2024-11-30,26,quantile,0.99,737.161
2024-11-16,wk inc flu hosp,3,2024-12-07,26,quantile,0.01,0.001
2024-11-16,wk inc flu hosp,3,2024-12-07,26,quantile,0.025,0.002
2024-11-16,wk inc flu hosp,3,2024-12-07,26,quantile,0.05,0.007
2024-11-16,wk inc flu hosp,3,2024-12-07,26,quantile,0.1,0.021
2024-11-16,wk inc flu hosp,3,2024-12-07,26,quantile,0.15,0.058
2024-11-16,wk inc flu hosp,3,2024-12-07,26,quantile,0.2,0.111
2024-11-16,wk inc flu hosp,3,2024-12-07,26,quantile,0.25,0.227
2024-11-16,wk inc flu hosp,3,2024-12-07,26,quantile,0.3,0.443
2024-11-16,wk inc flu hosp,3,2024-12-07,26,quantile,0.35,0.786
2024-11-16,wk inc flu hosp,3,2024-12-07,26,quantile,0.4,1.225
2024-11-16,wk inc flu hosp,3,2024-12-07,26,quantile,0.45,1.77
2024-11-16,wk inc flu hosp,3,2024-12-07,26,quantile,0.5,2.752
2024-11-16,wk inc flu hosp,3,2024-12-07,26,quantile,0.55,4.101
2024-11-16,wk inc flu hosp,3,2024-12-07,26,quantile,0.6,6.477
2024-11-16,wk inc flu hosp,3,2024-12-07,26,quantile,0.65,10.357
2024-11-16,wk inc flu hosp,3,2024-12-07,26,quantile,0.7,14.653
2024-11-16,wk inc flu hosp,3,2024-12-07,26,quantile,0.75,25.834
2024-11-16,wk inc flu hosp,3,2024-12-07,26,quantile,0.8,39.872
2024-11-16,wk inc flu hosp,3,2024-12-07,26,quantile,0.85,60.522
2024-11-16,wk inc flu hosp,3,2024-12-07,26,quantile,0.9,108.641
2024-11-16,wk inc flu hosp,3,2024-12-07,26,quantile,0.95,338.545
2024-11-16,wk inc flu hosp,3,2024-12-07,26,quantile,0.975,697.244
2024-11-16,wk inc flu hosp,3,2024-12-07,26,quantile,0.99,916.55
2024-11-16,wk inc flu hosp,0,2024-11-16,27,quantile,0.01,1.323
2024-11-16,wk inc flu hosp,0,2024-11-16,27,quantile,0.025,2.371
2024-11-16,wk inc flu hosp,0,2024-11-16,27,quantile,0.05,3.846
2024-11-16,wk inc flu hosp,0,2024-11-16,27,quantile,0.1,5.577
2024-11-16,wk inc flu hosp,0,2024-11-16,27,quantile,0.15,6.983
2024-11-16,wk inc flu hosp,0,2024-11-16,27,quantile,0.2,8.546
2024-11-16,wk inc flu hosp,0,2024-11-16,27,quantile,0.25,10.404
2024-11-16,wk inc flu hosp,0,2024-11-16,27,quantile,0.3,11.752
2024-11-16,wk inc flu hosp,0,2024-11-16,27,quantile,0.35,13.477
2024-11-16,wk inc flu hosp,0,2024-11-16,27,quantile,0.4,14.955
2024-11-16,wk inc flu hosp,0,2024-11-16,27,quantile,0.45,16.9
2024-11-16,wk inc flu hosp,0,2024-11-16,27,quantile,0.5,18.553
2024-11-16,wk inc flu hosp,0,2024-11-16,27,quantile,0.55,20.563
2024-11-16,wk inc flu hosp,0,2024-11-16,27,quantile,0.6,23.904
2024-11-16,wk inc flu hosp,0,2024-11-16,27,quantile,0.65,26.386
2024-11-16,wk inc flu hosp,0,2024-11-16,27,quantile,0.7,29.221
2024-11-16,wk inc flu hosp,0,2024-11-16,27,quantile,0.75,32.993
2024-11-16,wk inc flu hosp,0,2024-11-16,27,quantile,0.8,38.551
2024-11-16,wk inc flu hosp,0,2024-11-16,27,quantile,0.85,45.473
2024-11-16,wk inc flu hosp,0,2024-11-16,27,quantile,0.9,60.946
2024-11-16,wk inc flu hosp,0,2024-11-16,27,quantile,0.95,89.666
2024-11-16,wk inc flu hosp,0,2024-11-16,27,quantile,0.975,108.25
2024-11-16,wk inc flu hosp,0,2024-11-16,27,quantile,0.99,126.592
2024-11-16,wk inc flu hosp,1,2024-11-23,27,quantile,0.01,0.12
2024-11-16,wk inc flu hosp,1,2024-11-23,27,quantile,0.025,0.271
2024-11-16,wk inc flu hosp,1,2024-11-23,27,quantile,0.05,0.648
2024-11-16,wk inc flu hosp,1,2024-11-23,27,quantile,0.1,1.171
2024-11-16,wk inc flu hosp,1,2024-11-23,27,quantile,0.15,1.789
2024-11-16,wk inc flu hosp,1,2024-11-23,27,quantile,0.2,2.616
2024-11-16,wk inc flu hosp,1,2024-11-23,27,quantile,0.25,4.068
2024-11-16,wk inc flu hosp,1,2024-11-23,27,quantile,0.3,4.953
2024-11-16,wk inc flu hosp,1,2024-11-23,27,quantile,0.35,6.045
2024-11-16,wk inc flu hosp,1,2024-11-23,27,quantile,0.4,7.248
2024-11-16,wk inc flu hosp,1,2024-11-23,27,quantile,0.45,8.64
2024-11-16,wk inc flu hosp,1,2024-11-23,27,quantile,0.5,10.89
2024-11-16,wk inc flu hosp,1,2024-11-23,27,quantile,0.55,12.822
2024-11-16,wk inc flu hosp,1,2024-11-23,27,quantile,0.6,16.182
2024-11-16,wk inc flu hosp,1,2024-11-23,27,quantile,0.65,20.02
2024-11-16,wk inc flu hosp,1,2024-11-23,27,quantile,0.7,25.105
2024-11-16,wk inc flu hosp,1,2024-11-23,27,quantile,0.75,30.064
2024-11-16,wk inc flu hosp,1,2024-11-23,27,quantile,0.8,35.083
2024-11-16,wk inc flu hosp,1,2024-11-23,27,quantile,0.85,46.431
2024-11-16,wk inc flu hosp,1,2024-11-23,27,quantile,0.9,66.925
2024-11-16,wk inc flu hosp,1,2024-11-23,27,quantile,0.95,114.092
2024-11-16,wk inc flu hosp,1,2024-11-23,27,quantile,0.975,139.396
2024-11-16,wk inc flu hosp,1,2024-11-23,27,quantile,0.99,173.813
2024-11-16,wk inc flu hosp,2,2024-11-30,27,quantile,0.01,0.006
2024-11-16,wk inc flu hosp,2,2024-11-30,27,quantile,0.025,0.026
2024-11-16,wk inc flu hosp,2,2024-11-30,27,quantile,0.05,0.095
2024-11-16,wk inc flu hosp,2,2024-11-30,27,quantile,0.1,0.247
2024-11-16,wk inc flu hosp,2,2024-11-30,27,quantile,0.15,0.461
2024-11-16,wk inc flu hosp,2,2024-11-30,27,quantile,0.2,0.773
2024-11-16,wk inc flu hosp,2,2024-11-30,27,quantile,0.25,1.469
2024-11-16,wk inc flu hosp,2,2024-11-30,27,quantile,0.3,2.004
2024-11-16,wk inc flu hosp,2,2024-11-30,27,quantile,0.35,2.589
2024-11-16,wk inc flu hosp,2,2024-11-30,27,quantile,0.4,3.588
2024-11-16,wk inc flu hosp,2,2024-11-30,27,quantile,0.45,4.953
2024-11-16,wk inc flu hosp,2,2024-11-30,27,quantile,0.5,6.191
2024-11-16,wk inc flu hosp,2,2024-11-30,27,quantile,0.55,8.787
2024-11-16,wk inc flu hosp,2,2024-11-30,27,quantile,0.6,11.681
2024-11-16,wk inc flu hosp,2,2024-11-30,27,quantile,0.65,15.031
2024-11-16,wk inc flu hosp,2,2024-11-30,27,quantile,0.7,20.209
2024-11-16,wk inc flu hosp,2,2024-11-30,27,quantile,0.75,26.93
2024-11-16,wk inc flu hosp,2,2024-11-30,27,quantile,0.8,36.102
2024-11-16,wk inc flu hosp,2,2024-11-30,27,quantile,0.85,47.52
2024-11-16,wk inc flu hosp,2,2024-11-30,27,quantile,0.9,79.649
2024-11-16,wk inc flu hosp,2,2024-11-30,27,quantile,0.95,146.534
2024-11-16,wk inc flu hosp,2,2024-11-30,27,quantile,0.975,195.298
2024-11-16,wk inc flu hosp,2,2024-11-30,27,quantile,0.99,260.738
2024-11-16,wk inc flu hosp,3,2024-12-07,27,quantile,0.01,0.0
2024-11-16,wk inc flu hosp,3,2024-12-07,27,quantile,0.025,0.003
2024-11-16,wk inc flu hosp,3,2024-12-07,27,quantile,0.05,0.015
2024-11-16,wk inc flu hosp,3,2024-12-07,27,quantile,0.1,0.048
2024-11-16,wk inc flu hosp,3,2024-12-07,27,quantile,0.15,0.122
2024-11-16,wk inc flu hosp,3,2024-12-07,27,quantile,0.2,0.24
2024-11-16,wk inc flu hosp,3,2024-12-07,27,quantile,0.25,0.541
2024-11-16,wk inc flu hosp,3,2024-12-07,27,quantile,0.3,0.819
2024-11-16,wk inc flu hosp,3,2024-12-07,27,quantile,0.35,1.151
2024-11-16,wk inc flu hosp,3,2024-12-07,27,quantile,0.4,1.8
2024-11-16,wk inc flu hosp,3,2024-12-07,27,quantile,0.45,2.57
2024-11-16,wk inc flu hosp,3,2024-12-07,27,quantile,0.5,3.692
2024-11-16,wk inc flu hosp,3,2024-12-07,27,quantile,0.55,5.786
2024-11-16,wk inc flu hosp,3,2024-12-07,27,quantile,0.6,8.333
2024-11-16,wk inc flu hosp,3,2024-12-07,27,quantile,0.65,11.384
2024-11-16,wk inc flu hosp,3,2024-12-07,27,quantile,0.7,16.186
2024-11-16,wk inc flu hosp,3,2024-12-07,27,quantile,0.75,24.543
2024-11-16,wk inc flu hosp,3,2024-12-07,27,quantile,0.8,34.211
2024-11-16,wk inc flu hosp,3,2024-12-07,27,quantile,0.85,52.09
2024-11-16,wk inc flu hosp,3,2024-12-07,27,quantile,0.9,85.44
2024-11-16,wk inc flu hosp,3,2024-12-07,27,quantile,0.95,171.43
2024-11-16,wk inc flu hosp,3,2024-12-07,27,quantile,0.975,244.723
2024-11-16,wk inc flu hosp,3,2024-12-07,27,quantile,0.99,409.333
2024-11-16,wk inc flu hosp,0,2024-11-16,28,quantile,0.01,0.511
2024-11-16,wk inc flu hosp,0,2024-11-16,28,quantile,0.025,1.057
2024-11-16,wk inc flu hosp,0,2024-11-16,28,quantile,0.05,1.472
2024-11-16,wk inc flu hosp,0,2024-11-16,28,quantile,0.1,1.951
2024-11-16,wk inc flu hosp,0,2024-11-16,28,quantile,0.15,2.47
2024-11-16,wk inc flu hosp,0,2024-11-16,28,quantile,0.2,2.878
2024-11-16,wk inc flu hosp,0,2024-11-16,28,quantile,0.25,3.36
2024-11-16,wk inc flu hosp,0,2024-11-16,28,quantile,0.3,3.829
2024-11-16,wk inc flu hosp,0,2024-11-16,28,quantile,0.35,4.256
2024-11-16,wk inc flu hosp,0,2024-11-16,28,quantile,0.4,4.898
2024-11-16,wk inc flu hosp,0,2024-11-16,28,quantile,0.45,5.454
2024-11-16,wk inc flu hosp,0,2024-11-16,28,quantile,0.5,6.309
2024-11-16,wk inc flu hosp,0,2024-11-16,28,quantile,0.55,6.722
2024-11-16,wk inc flu hosp,0,2024-11-16,28,quantile,0.6,7.361
2024-11-16,wk inc flu hosp,0,2024-11-16,28,quantile,0.65,8.182
2024-11-16,wk inc flu hosp,0,2024-11-16,28,quantile,0.7,9.531
2024-11-16,wk inc flu hosp,0,2024-11-16,28,quantile,0.75,10.726
2024-11-16,wk inc flu hosp,0,2024-11-16,28,quantile,0.8,12.839
2024-11-16,wk inc flu hosp,0,2024-11-16,28,quantile,0.85,15.143
2024-11-16,wk inc flu hosp,0,2024-11-16,28,quantile,0.9,18.544
2024-11-16,wk inc flu hosp,0,2024-11-16,28,quantile,0.95,26.124
2024-11-16,wk inc flu hosp,0,2024-11-16,28,quantile,0.975,35.974
2024-11-16,wk inc flu hosp,0,2024-11-16,28,quantile,0.99,43.391
2024-11-16,wk inc flu hosp,1,2024-11-23,28,quantile,0.01,0.094
2024-11-16,wk inc flu hosp,1,2024-11-23,28,quantile,0.025,0.151
2024-11-16,wk inc flu hosp,1,2024-11-23,28,quantile,0.05,0.298
2024-11-16,wk inc flu hosp,1,2024-11-23,28,quantile,0.1,0.549
2024-11-16,wk inc flu hosp,1,2024-11-23,28,quantile,0.15,0.769
2024-11-16,wk inc flu hosp,1,2024-11-23,28,quantile,0.2,0.994
2024-11-16,wk inc flu hosp,1,2024-11-23,28,quantile,0.25,1.423
2024-11-16,wk inc flu hosp,1,2024-11-23,28,quantile,0.3,1.768
2024-11-16,wk inc flu hosp,1,2024-11-23,28,quantile,0.35,2.309
2024-11-16,wk inc flu hosp,1,2024-11-23,28,quantile,0.4,2.871
2024-11-16,wk inc flu hosp,1,2024-11-23,28,quantile,0.45,3.628
2024-11-16,wk inc flu hosp,1,2024-11-23,28,quantile,0.5,4.426
2024-11-16,wk inc flu hosp,1,2024-11-23,28,quantile,0.55,5.14
2024-11-16,wk inc flu hosp,1,2024-11-23,28,quantile,0.6,6.426
2024-11-16,wk inc flu hosp,1,2024-11-23,28,quantile,0.65,7.689
2024-11-16,wk inc flu hosp,1,2024-11-23,28,quantile,0.7,9.462
2024-11-16,wk inc flu hosp,1,2024-11-23,28,quantile,0.75,12.049
2024-11-16,wk inc flu hosp,1,2024-11-23,28,quantile,0.8,15.275
2024-11-16,wk inc flu hosp,1,2024-11-23,28,quantile,0.85,20.308
2024-11-16,wk inc flu hosp,1,2024-11-23,28,quantile,0.9,29.855
2024-11-16,wk inc flu hosp,1,2024-11-23,28,quantile,0.95,45.839
2024-11-16,wk inc flu hosp,1,2024-11-23,28,quantile,0.975,75.792
2024-11-16,wk inc flu hosp,1,2024-11-23,28,quantile,0.99,101.988
2024-11-16,wk inc flu hosp,2,2024-11-30,28,quantile,0.01,0.012
2024-11-16,wk inc flu hosp,2,2024-11-30,28,quantile,0.025,0.021
2024-11-16,wk inc flu hosp,2,2024-11-30,28,quantile,0.05,0.061
2024-11-16,wk inc flu hosp,2,2024-11-30,28,quantile,0.1,0.136
2024-11-16,wk inc flu hosp,2,2024-11-30,28,quantile,0.15,0.241
2024-11-16,wk inc flu hosp,2,2024-11-30,28,quantile,0.2,0.373
2024-11-16,wk inc flu hosp,2,2024-11-30,28,quantile,0.25,0.587
2024-11-16,wk inc flu hosp,2,2024-11-30,28,quantile,0.3,0.862
2024-11-16,wk inc flu hosp,2,2024-11-30,28,quantile,0.35,1.236
2024-11-16,wk inc flu hosp,2,2024-11-30,28,quantile,0.4,1.739
2024-11-16,wk inc flu hosp,2,2024-11-30,28,quantile,0.45,2.309
2024-11-16,wk inc flu hosp,2,2024-11-30,28,quantile,0.5,3.097
2024-11-16,wk inc flu hosp,2,2024-11-30,28,quantile,0.55,4.157
2024-11-16,wk inc flu hosp,2,2024-11-30,28,quantile,0.6,5.472
2024-11-16,wk inc flu hosp,2,2024-11-30,28,quantile,0.65,7.101
2024-11-16,wk inc flu hosp,2,2024-11-30,28,quantile,0.7,9.653
2024-11-16,wk inc flu hosp,2,2024-11-30,28,quantile,0.75,13.279
2024-11-16,wk inc flu hosp,2,2024-11-30,28,quantile,0.8,19.032
2024-11-16,wk inc flu hosp,2,2024-11-30,28,quantile,0.85,26.441
2024-11-16,wk inc flu hosp,2,2024-11-30,28,quantile,0.9,42.042
2024-11-16,wk inc flu hosp,2,2024-11-30,28,quantile,0.95,81.271
2024-11-16,wk inc flu hosp,2,2024-11-30,28,quantile,0.975,122.423
2024-11-16,wk inc flu hosp,2,2024-11-30,28,quantile,0.99,206.381
2024-11-16,wk inc flu hosp,3,2024-12-07,28,quantile,0.01,0.001
2024-11-16,wk inc flu hosp,3,2024-12-07,28,quantile,0.025,0.003
2024-11-16,wk inc flu hosp,3,2024-12-07,28,quantile,0.05,0.012
2024-11-16,wk inc flu hosp,3,2024-12-07,28,quantile,0.1,0.034
2024-11-16,wk inc flu hosp,3,2024-12-07,28,quantile,0.15,0.075
2024-11-16,wk inc flu hosp,3,2024-12-07,28,quantile,0.2,0.133
2024-11-16,wk inc flu hosp,3,2024-12-07,28,quantile,0.25,0.246
2024-11-16,wk inc flu hosp,3,2024-12-07,28,quantile,0.3,0.407
2024-11-16,wk inc flu hosp,3,2024-12-07,28,quantile,0.35,0.662
2024-11-16,wk inc flu hosp,3,2024-12-07,28,quantile,0.4,1.068
2024-11-16,wk inc flu hosp,3,2024-12-07,28,quantile,0.45,1.5
2024-11-16,wk inc flu hosp,3,2024-12-07,28,quantile,0.5,2.196
2024-11-16,wk inc flu hosp,3,2024-12-07,28,quantile,0.55,3.067
2024-11-16,wk inc flu hosp,3,2024-12-07,28,quantile,0.6,4.708
2024-11-16,wk inc flu hosp,3,2024-12-07,28,quantile,0.65,6.494
2024-11-16,wk inc flu hosp,3,2024-12-07,28,quantile,0.7,9.955
2024-11-16,wk inc flu hosp,3,2024-12-07,28,quantile,0.75,14.437
2024-11-16,wk inc flu hosp,3,2024-12-07,28,quantile,0.8,22.441
2024-11-16,wk inc flu hosp,3,2024-12-07,28,quantile,0.85,37.823
2024-11-16,wk inc flu hosp,3,2024-12-07,28,quantile,0.9,60.413
2024-11-16,wk inc flu hosp,3,2024-12-07,28,quantile,0.95,117.425
2024-11-16,wk inc flu hosp,3,2024-12-07,28,quantile,0.975,198.971
2024-11-16,wk inc flu hosp,3,2024-12-07,28,quantile,0.99,343.716
2024-11-16,wk inc flu hosp,0,2024-11-16,29,quantile,0.01,0.997
2024-11-16,wk inc flu hosp,0,2024-11-16,29,quantile,0.025,1.379
2024-11-16,wk inc flu hosp,0,2024-11-16,29,quantile,0.05,2.092
2024-11-16,wk inc flu hosp,0,2024-11-16,29,quantile,0.1,2.792
2024-11-16,wk inc flu hosp,0,2024-11-16,29,quantile,0.15,3.347
2024-11-16,wk inc flu hosp,0,2024-11-16,29,quantile,0.2,4.006
2024-11-16,wk inc flu hosp,0,2024-11-16,29,quantile,0.25,4.809
2024-11-16,wk inc flu hosp,0,2024-11-16,29,quantile,0.3,5.69
2024-11-16,wk inc flu hosp,0,2024-11-16,29,quantile,0.35,6.519
2024-11-16,wk inc flu hosp,0,2024-11-16,29,quantile,0.4,7.918
2024-11-16,wk inc flu hosp,0,2024-11-16,29,quantile,0.45,9.266
2024-11-16,wk inc flu hosp,0,2024-11-16,29,quantile,0.5,10.761
2024-11-16,wk inc flu hosp,0,2024-11-16,29,quantile,0.55,12.32
2024-11-16,wk inc flu hosp,0,2024-11-16,29,quantile,0.6,14.225
2024-11-16,wk inc flu hosp,0,2024-11-16,29,quantile,0.65,16.59
2024-11-16,wk inc flu hosp,0,2024-11-16,29,quantile,0.7,18.963
2024-11-16,wk inc flu hosp,0,2024-11-16,29,quantile,0.75,22.27
2024-11-16,wk inc flu hosp,0,2024-11-16,29,quantile,0.8,27.596
2024-11-16,wk inc flu hosp,0,2024-11-16,29,quantile,0.85,34.125
2024-11-16,wk inc flu hosp,0,2024-11-16,29,quantile,0.9,45.555
2024-11-16,wk inc flu hosp,0,2024-11-16,29,quantile,0.95,71.138
2024-11-16,wk inc flu hosp,0,2024-11-16,29,quantile,0.975,89.363
2024-11-16,wk inc flu hosp,0,2024-11-16,29,quantile,0.99,108.482
2024-11-16,wk inc flu hosp,1,2024-11-23,29,quantile,0.01,0.076
2024-11-16,wk inc flu hosp,1,2024-11-23,29,quantile,0.025,0.147
2024-11-16,wk inc flu hosp,1,2024-11-23,29,quantile,0.05,0.298
2024-11-16,wk inc flu hosp,1,2024-11-23,29,quantile,0.1,0.518
2024-11-16,wk inc flu hosp,1,2024-11-23,29,quantile,0.15,0.803
2024-11-16,wk inc flu hosp,1,2024-11-23,29,quantile,0.2,1.213
2024-11-16,wk inc flu hosp,1,2024-11-23,29,quantile,0.25,1.572
2024-11-16,wk inc flu hosp,1,2024-11-23,29,quantile,0.3,2.151
2024-11-16,wk inc flu hosp,1,2024-11-23,29,quantile,0.35,2.848
2024-11-16,wk inc flu hosp,1,2024-11-23,29,quantile,0.4,4.041
2024-11-16,wk inc flu hosp,1,2024-11-23,29,quantile,0.45,5.346
2024-11-16,wk inc flu hosp,1,2024-11-23,29,quantile,0.5,7.047
2024-11-16,wk inc flu hosp,1,2024-11-23,29,quantile,0.55,8.997
2024-11-16,wk inc flu hosp,1,2024-11-23,29,quantile,0.6,11.097
2024-11-16,wk inc flu hosp,1,2024-11-23,29,quantile,0.65,14.316
2024-11-16,wk inc flu hosp,1,2024-11-23,29,quantile,0.7,18.693
2024-11-16,wk inc flu hosp,1,2024-11-23,29,quantile,0.75,25.142
2024-11-16,wk inc flu hosp,1,2024-11-23,29,quantile,0.8,29.456
2024-11-16,wk inc flu hosp,1,2024-11-23,29,quantile,0.85,41.913
2024-11-16,wk inc flu hosp,1,2024-11-23,29,quantile,0.9,69.102
2024-11-16,wk inc flu hosp,1,2024-11-23,29,quantile,0.95,116.712
2024-11-16,wk inc flu hosp,1,2024-11-23,29,quantile,0.975,172.741
2024-11-16,wk inc flu hosp,1,2024-11-23,29,quantile,0.99,210.427
2024-11-16,wk inc flu hosp,2,2024-11-30,29,quantile,0.01,0.005
2024-11-16,wk inc flu hosp,2,2024-11-30,29,quantile,0.025,0.016
2024-11-16,wk inc flu hosp,2,2024-11-30,29,quantile,0.05,0.039
2024-11-16,wk inc flu hosp,2,2024-11-30,29,quantile,0.1,0.102
2024-11-16,wk inc flu hosp,2,2024-11-30,29,quantile,0.15,0.199
2024-11-16,wk inc flu hosp,2,2024-11-30,29,quantile,0.2,0.367
2024-11-16,wk inc flu hosp,2,2024-11-30,29,quantile,0.25,0.558
2024-11-16,wk inc flu hosp,2,2024-11-30,29,quantile,0.3,0.835
2024-11-16,wk inc flu hosp,2,2024-11-30,29,quantile,0.35,1.269
2024-11-16,wk inc flu hosp,2,2024-11-30,29,quantile,0.4,2.125
2024-11-16,wk inc flu hosp,2,2024-11-30,29,quantile,0.45,3.041
2024-11-16,wk inc flu hosp,2,2024-11-30,29,quantile,0.5,4.735
2024-11-16,wk inc flu hosp,2,2024-11-30,29,quantile,0.55,6.747
2024-11-16,wk inc flu hosp,2,2024-11-30,29,quantile,0.6,9.02
2024-11-16,wk inc flu hosp,2,2024-11-30,29,quantile,0.65,12.783
2024-11-16,wk inc flu hosp,2,2024-11-30,29,quantile,0.7,17.969
2024-11-16,wk inc flu hosp,2,2024-11-30,29,quantile,0.75,27.352
2024-11-16,wk inc flu hosp,2,2024-11-30,29,quantile,0.8,37.922
2024-11-16,wk inc flu hosp,2,2024-11-30,29,quantile,0.85,56.656
2024-11-16,wk inc flu hosp,2,2024-11-30,29,quantile,0.9,107.611
2024-11-16,wk inc flu hosp,2,2024-11-30,29,quantile,0.95,202.866
2024-11-16,wk inc flu hosp,2,2024-11-30,29,quantile,0.975,347.944
2024-11-16,wk inc flu hosp,2,2024-11-30,29,quantile,0.99,460.469
2024-11-16,wk inc flu hosp,3,2024-12-07,29,quantile,0.01,0.0
2024-11-16,wk inc flu hosp,3,2024-12-07,29,quantile,0.025,0.002
2024-11-16,wk inc flu hosp,3,2024-12-07,29,quantile,0.05,0.005
2024-11-16,wk inc flu hosp,3,2024-12-07,29,quantile,0.1,0.019
2024-11-16,wk inc flu hosp,3,2024-12-07,29,quantile,0.15,0.048
2024-11-16,wk inc flu hosp,3,2024-12-07,29,quantile,0.2,0.106
2024-11-16,wk inc flu hosp,3,2024-12-07,29,quantile,0.25,0.186
2024-11-16,wk inc flu hosp,3,2024-12-07,29,quantile,0.3,0.332
2024-11-16,wk inc flu hosp,3,2024-12-07,29,quantile,0.35,0.582
2024-11-16,wk inc flu hosp,3,2024-12-07,29,quantile,0.4,1.086
2024-11-16,wk inc flu hosp,3,2024-12-07,29,quantile,0.45,1.771
2024-11-16,wk inc flu hosp,3,2024-12-07,29,quantile,0.5,3.099
2024-11-16,wk inc flu hosp,3,2024-12-07,29,quantile,0.55,4.665
2024-11-16,wk inc flu hosp,3,2024-12-07,29,quantile,0.6,7.423
2024-11-16,wk inc flu hosp,3,2024-12-07,29,quantile,0.65,11.747
2024-11-16,wk inc flu hosp,3,2024-12-07,29,quantile,0.7,17.427
2024-11-16,wk inc flu hosp,3,2024-12-07,29,quantile,0.75,28.311
2024-11-16,wk inc flu hosp,3,2024-12-07,29,quantile,0.8,44.693
2024-11-16,wk inc flu hosp,3,2024-12-07,29,quantile,0.85,85.471
2024-11-16,wk inc flu hosp,3,2024-12-07,29,quantile,0.9,156.916
2024-11-16,wk inc flu hosp,3,2024-12-07,29,quantile,0.95,347.46
2024-11-16,wk inc flu hosp,3,2024-12-07,29,quantile,0.975,595.434
2024-11-16,wk inc flu hosp,3,2024-12-07,29,quantile,0.99,849.101
2024-11-16,wk inc flu hosp,0,2024-11-16,30,quantile,0.01,0.002
2024-11-16,wk inc flu hosp,0,2024-11-16,30,quantile,0.025,0.004
2024-11-16,wk inc flu hosp,0,2024-11-16,30,quantile,0.05,0.007
2024-11-16,wk inc flu hosp,0,2024-11-16,30,quantile,0.1,0.017
2024-11-16,wk inc flu hosp,0,2024-11-16,30,quantile,0.15,0.027
2024-11-16,wk inc flu hosp,0,2024-11-16,30,quantile,0.2,0.038
2024-11-16,wk inc flu hosp,0,2024-11-16,30,quantile,0.25,0.06
2024-11-16,wk inc flu hosp,0,2024-11-16,30,quantile,0.3,0.089
2024-11-16,wk inc flu hosp,0,2024-11-16,30,quantile,0.35,0.124
2024-11-16,wk inc flu hosp,0,2024-11-16,30,quantile,0.4,0.16
2024-11-16,wk inc flu hosp,0,2024-11-16,30,quantile,0.45,0.216
2024-11-16,wk inc flu hosp,0,2024-11-16,30,quantile,0.5,0.267
2024-11-16,wk inc flu hosp,0,2024-11-16,30,quantile,0.55,0.347
2024-11-16,wk inc flu hosp,0,2024-11-16,30,quantile,0.6,0.424
2024-11-16,wk inc flu hosp,0,2024-11-16,30,quantile,0.65,0.485
2024-11-16,wk inc flu hosp,0,2024-11-16,30,quantile,0.7,0.597
2024-11-16,wk inc flu hosp,0,2024-11-16,30,quantile,0.75,0.748
2024-11-16,wk inc flu hosp,0,2024-11-16,30,quantile,0.8,0.993
2024-11-16,wk inc flu hosp,0,2024-11-16,30,quantile,0.85,1.305
2024-11-16,wk inc flu hosp,0,2024-11-16,30,quantile,0.9,2.234
2024-11-16,wk inc flu hosp,0,2024-11-16,30,quantile,0.95,3.871
2024-11-16,wk inc flu hosp,0,2024-11-16,30,quantile,0.975,5.459
2024-11-16,wk inc flu hosp,0,2024-11-16,30,quantile,0.99,7.31
2024-11-16,wk inc flu hosp,1,2024-11-23,30,quantile,0.01,0.0
2024-11-16,wk inc flu hosp,1,2024-11-23,30,quantile,0.025,0.0
2024-11-16,wk inc flu hosp,1,2024-11-23,30,quantile,0.05,0.001
2024-11-16,wk inc flu hosp,1,2024-11-23,30,quantile,0.1,0.003
2024-11-16,wk inc flu hosp,1,2024-11-23,30,quantile,0.15,0.005
2024-11-16,wk inc flu hosp,1,2024-11-23,30,quantile,0.2,0.009
2024-11-16,wk inc flu hosp,1,2024-11-23,30,quantile,0.25,0.013
2024-11-16,wk inc flu hosp,1,2024-11-23,30,quantile,0.3,0.025
2024-11-16,wk inc flu hosp,1,2024-11-23,30,quantile,0.35,0.039
2024-11-16,wk inc flu hosp,1,2024-11-23,30,quantile,0.4,0.054
2024-11-16,wk inc flu hosp,1,2024-11-23,30,quantile,0.45,0.076
2024-11-16,wk inc flu hosp,1,2024-11-23,30,quantile,0.5,0.109
2024-11-16,wk inc flu hosp,1,2024-11-23,30,quantile,0.55,0.137
2024-11-16,wk inc flu hosp,1,2024-11-23,30,quantile,0.6,0.18
2024-11-16,wk inc flu hosp,1,2024-11-23,30,quantile,0.65,0.258
2024-11-16,wk inc flu hosp,1,2024-11-23,30,quantile,0.7,0.4
2024-11-16,wk inc flu hosp,1,2024-11-23,30,quantile,0.75,0.557
2024-11-16,wk inc flu hosp,1,2024-11-23,30,quantile,0.8,0.834
2024-11-16,wk inc flu hosp,1,2024-11-23,30,quantile,0.85,1.247
2024-11-16,wk inc flu hosp,1,2024-11-23,30,quantile,0.9,2.424
2024-11-16,wk inc flu hosp,1,2024-11-23,30,quantile,0.95,4.698
2024-11-16,wk inc flu hosp,1,2024-11-23,30,quantile,0.975,7.697
2024-11-16,wk inc flu hosp,1,2024-11-23,30,quantile,0.99,12.254
2024-11-16,wk inc flu hosp,2,2024-11-30,30,quantile,0.01,0.0
2024-11-16,wk inc flu hosp,2,2024-11-30,30,quantile,0.025,0.0
2024-11-16,wk inc flu hosp,2,2024-11-30,30,quantile,0.05,0.0
2024-11-16,wk inc flu hosp,2,2024-11-30,30,quantile,0.1,0.0
2024-11-16,wk inc flu hosp,2,2024-11-30,30,quantile,0.15,0.001
2024-11-16,wk inc flu hosp,2,2024-11-30,30,quantile,0.2,0.002
2024-11-16,wk inc flu hosp,2,2024-11-30,30,quantile,0.25,0.004
2024-11-16,wk inc flu hosp,2,2024-11-30,30,quantile,0.3,0.006
2024-11-16,wk inc flu hosp,2,2024-11-30,30,quantile,0.35,0.012
2024-11-16,wk inc flu hosp,2,2024-11-30,30,quantile,0.4,0.021
2024-11-16,wk inc flu hosp,2,2024-11-30,30,quantile,0.45,0.029
2024-11-16,wk inc flu hosp,2,2024-11-30,30,quantile,0.5,0.042
2024-11-16,wk inc flu hosp,2,2024-11-30,30,quantile,0.55,0.06
2024-11-16,wk inc flu hosp,2,2024-11-30,30,quantile,0.6,0.089
2024-11-16,wk inc flu hosp,2,2024-11-30,30,quantile,0.65,0.146
2024-11-16,wk inc flu hosp,2,2024-11-30,30,quantile,0.7,0.257
2024-11-16,wk inc flu hosp,2,2024-11-30,30,quantile,0.75,0.403
2024-11-16,wk inc flu hosp,2,2024-11-30,30,quantile,0.8,0.729
2024-11-16,wk inc flu hosp,2,2024-11-30,30,quantile,0.85,1.295
2024-11-16,wk inc flu hosp,2,2024-11-30,30,quantile,0.9,2.525
2024-11-16,wk inc flu hosp,2,2024-11-30,30,quantile,0.95,6.444
2024-11-16,wk inc flu hosp,2,2024-11-30,30,quantile,0.975,11.523
2024-11-16,wk inc flu hosp,2,2024-11-30,30,quantile,0.99,22.112
2024-11-16,wk inc flu hosp,3,2024-12-07,30,quantile,0.01,0.0
2024-11-16,wk inc flu hosp,3,2024-12-07,30,quantile,0.025,0.0
2024-11-16,wk inc flu hosp,3,2024-12-07,30,quantile,0.05,0.0
2024-11-16,wk inc flu hosp,3,2024-12-07,30,quantile,0.1,0.0
2024-11-16,wk inc flu hosp,3,2024-12-07,30,quantile,0.15,0.0
2024-11-16,wk inc flu hosp,3,2024-12-07,30,quantile,0.2,0.0
2024-11-16,wk inc flu hosp,3,2024-12-07,30,quantile,0.25,0.001
2024-11-16,wk inc flu hosp,3,2024-12-07,30,quantile,0.3,0.002
2024-11-16,wk inc flu hosp,3,2024-12-07,30,quantile,0.35,0.004
2024-11-16,wk inc flu hosp,3,2024-12-07,30,quantile,0.4,0.007
2024-11-16,wk inc flu hosp,3,2024-12-07,30,quantile,0.45,0.011
2024-11-16,wk inc flu hosp,3,2024-12-07,30,quantile,0.5,0.017
2024-11-16,wk inc flu hosp,3,2024-12-07,30,quantile,0.55,0.027
2024-11-16,wk inc flu hosp,3,2024-12-07,30,quantile,0.6,0.046
2024-11-16,wk inc flu hosp,3,2024-12-07,30,quantile,0.65,0.091
2024-11-16,wk inc flu hosp,3,2024-12-07,30,quantile,0.7,0.18
2024-11-16,wk inc flu hosp,3,2024-12-07,30,quantile,0.75,0.308
2024-11-16,wk inc flu hosp,3,2024-12-07,30,quantile,0.8,0.587
2024-11-16,wk inc flu hosp,3,2024-12-07,30,quantile,0.85,1.157
2024-11-16,wk inc flu hosp,3,2024-12-07,30,quantile,0.9,3.415
2024-11-16,wk inc flu hosp,3,2024-12-07,30,quantile,0.95,8.557
2024-11-16,wk inc flu hosp,3,2024-12-07,30,quantile,0.975,17.662
2024-11-16,wk inc flu hosp,3,2024-12-07,30,quantile,0.99,34.066
2024-11-16,wk inc flu hosp,0,2024-11-16,31,quantile,0.01,0.118
2024-11-16,wk inc flu hosp,0,2024-11-16,31,quantile,0.025,0.162
2024-11-16,wk inc flu hosp,0,2024-11-16,31,quantile,0.05,0.231
2024-11-16,wk inc flu hosp,0,2024-11-16,31,quantile,0.1,0.299
2024-11-16,wk inc flu hosp,0,2024-11-16,31,quantile,0.15,0.41
2024-11-16,wk inc flu hosp,0,2024-11-16,31,quantile,0.2,0.542
2024-11-16,wk inc flu hosp,0,2024-11-16,31,quantile,0.25,0.648
2024-11-16,wk inc flu hosp,0,2024-11-16,31,quantile,0.3,0.828
2024-11-16,wk inc flu hosp,0,2024-11-16,31,quantile,0.35,0.964
2024-11-16,wk inc flu hosp,0,2024-11-16,31,quantile,0.4,1.141
2024-11-16,wk inc flu hosp,0,2024-11-16,31,quantile,0.45,1.326
2024-11-16,wk inc flu hosp,0,2024-11-16,31,quantile,0.5,1.545
2024-11-16,wk inc flu hosp,0,2024-11-16,31,quantile,0.55,1.795
2024-11-16,wk inc flu hosp,0,2024-11-16,31,quantile,0.6,2.146
2024-11-16,wk inc flu hosp,0,2024-11-16,31,quantile,0.65,2.623
2024-11-16,wk inc flu hosp,0,2024-11-16,31,quantile,0.7,3.155
2024-11-16,wk inc flu hosp,0,2024-11-16,31,quantile,0.75,3.864
2024-11-16,wk inc flu hosp,0,2024-11-16,31,quantile,0.8,4.498
2024-11-16,wk inc flu hosp,0,2024-11-16,31,quantile,0.85,5.73
2024-11-16,wk inc flu hosp,0,2024-11-16,31,quantile,0.9,7.937
2024-11-16,wk inc flu hosp,0,2024-11-16,31,quantile,0.95,15.152
2024-11-16,wk inc flu hosp,0,2024-11-16,31,quantile,0.975,21.609
2024-11-16,wk inc flu hosp,0,2024-11-16,31,quantile,0.99,28.447
2024-11-16,wk inc flu hosp,1,2024-11-23,31,quantile,0.01,0.008
2024-11-16,wk inc flu hosp,1,2024-11-23,31,quantile,0.025,0.012
2024-11-16,wk inc flu hosp,1,2024-11-23,31,quantile,0.05,0.021
2024-11-16,wk inc flu hosp,1,2024-11-23,31,quantile,0.1,0.044
2024-11-16,wk inc flu hosp,1,2024-11-23,31,quantile,0.15,0.078
2024-11-16,wk inc flu hosp,1,2024-11-23,31,quantile,0.2,0.125
2024-11-16,wk inc flu hosp,1,2024-11-23,31,quantile,0.25,0.19
2024-11-16,wk inc flu hosp,1,2024-11-23,31,quantile,0.3,0.271
2024-11-16,wk inc flu hosp,1,2024-11-23,31,quantile,0.35,0.374
2024-11-16,wk inc flu hosp,1,2024-11-23,31,quantile,0.4,0.525
2024-11-16,wk inc flu hosp,1,2024-11-23,31,quantile,0.45,0.691
2024-11-16,wk inc flu hosp,1,2024-11-23,31,quantile,0.5,0.881
2024-11-16,wk inc flu hosp,1,2024-11-23,31,quantile,0.55,1.139
2024-11-16,wk inc flu hosp,1,2024-11-23,31,quantile,0.6,1.426
2024-11-16,wk inc flu hosp,1,2024-11-23,31,quantile,0.65,1.991
2024-11-16,wk inc flu hosp,1,2024-11-23,31,quantile,0.7,2.662
2024-11-16,wk inc flu hosp,1,2024-11-23,31,quantile,0.75,3.861
2024-11-16,wk inc flu hosp,1,2024-11-23,31,quantile,0.8,5.613
2024-11-16,wk inc flu hosp,1,2024-11-23,31,quantile,0.85,7.272
2024-11-16,wk inc flu hosp,1,2024-11-23,31,quantile,0.9,11.674
2024-11-16,wk inc flu hosp,1,2024-11-23,31,quantile,0.95,24.288
2024-11-16,wk inc flu hosp,1,2024-11-23,31,quantile,0.975,36.794
2024-11-16,wk inc flu hosp,1,2024-11-23,31,quantile,0.99,66.945
2024-11-16,wk inc flu hosp,2,2024-11-30,31,quantile,0.01,0.0
2024-11-16,wk inc flu hosp,2,2024-11-30,31,quantile,0.025,0.001
2024-11-16,wk inc flu hosp,2,2024-11-30,31,quantile,0.05,0.002
2024-11-16,wk inc flu hosp,2,2024-11-30,31,quantile,0.1,0.006
2024-11-16,wk inc flu hosp,2,2024-11-30,31,quantile,0.15,0.014
2024-11-16,wk inc flu hosp,2,2024-11-30,31,quantile,0.2,0.029
2024-11-16,wk inc flu hosp,2,2024-11-30,31,quantile,0.25,0.055
2024-11-16,wk inc flu hosp,2,2024-11-30,31,quantile,0.3,0.09
2024-11-16,wk inc flu hosp,2,2024-11-30,31,quantile,0.35,0.144
2024-11-16,wk inc flu hosp,2,2024-11-30,31,quantile,0.4,0.23
2024-11-16,wk inc flu hosp,2,2024-11-30,31,quantile,0.45,0.344
2024-11-16,wk inc flu hosp,2,2024-11-30,31,quantile,0.5,0.527
2024-11-16,wk inc flu hosp,2,2024-11-30,31,quantile,0.55,0.735
2024-11-16,wk inc flu hosp,2,2024-11-30,31,quantile,0.6,1.013
2024-11-16,wk inc flu hosp,2,2024-11-30,31,quantile,0.65,1.5
2024-11-16,wk inc flu hosp,2,2024-11-30,31,quantile,0.7,2.367
2024-11-16,wk inc flu hosp,2,2024-11-30,31,quantile,0.75,3.91
2024-11-16,wk inc flu hosp,2,2024-11-30,31,quantile,0.8,6.193
2024-11-16,wk inc flu hosp,2,2024-11-30,31,quantile,0.85,10.411
2024-11-16,wk inc flu hosp,2,2024-11-30,31,quantile,0.9,18.481
2024-11-16,wk inc flu hosp,2,2024-11-30,31,quantile,0.95,44.442
2024-11-16,wk inc flu hosp,2,2024-11-30,31,quantile,0.975,74.598
2024-11-16,wk inc flu hosp,2,2024-11-30,31,quantile,0.99,161.767
2024-11-16,wk inc flu hosp,3,2024-12-07,31,quantile,0.01,0.0
2024-11-16,wk inc flu hosp,3,2024-12-07,31,quantile,0.025,0.0
2024-11-16,wk inc flu hosp,3,2024-12-07,31,quantile,0.05,0.0
2024-11-16,wk inc flu hosp,3,2024-12-07,31,quantile,0.1,0.001
2024-11-16,wk inc flu hosp,3,2024-12-07,31,quantile,0.15,0.003
2024-11-16,wk inc flu hosp,3,2024-12-07,31,quantile,0.2,0.006
2024-11-16,wk inc flu hosp,3,2024-12-07,31,quantile,0.25,0.014
2024-11-16,wk inc flu hosp,3,2024-12-07,31,quantile,0.3,0.029
2024-11-16,wk inc flu hosp,3,2024-12-07,31,quantile,0.35,0.055
2024-11-16,wk inc flu hosp,3,2024-12-07,31,quantile,0.4,0.101
2024-11-16,wk inc flu hosp,3,2024-12-07,31,quantile,0.45,0.177
2024-11-16,wk inc flu hosp,3,2024-12-07,31,quantile,0.5,0.303
2024-11-16,wk inc flu hosp,3,2024-12-07,31,quantile,0.55,0.468
2024-11-16,wk inc flu hosp,3,2024-12-07,31,quantile,0.6,0.706
2024-11-16,wk inc flu hosp,3,2024-12-07,31,quantile,0.65,1.114
2024-11-16,wk inc flu hosp,3,2024-12-07,31,quantile,0.7,2.132
2024-11-16,wk inc flu hosp,3,2024-12-07,31,quantile,0.75,3.907
2024-11-16,wk inc flu hosp,3,2024-12-07,31,quantile,0.8,6.883
2024-11-16,wk inc flu hosp,3,2024-12-07,31,quantile,0.85,12.701
2024-11-16,wk inc flu hosp,3,2024-12-07,31,quantile,0.9,24.452
2024-11-16,wk inc flu hosp,3,2024-12-07,31,quantile,0.95,74.628
2024-11-16,wk inc flu hosp,3,2024-12-07,31,quantile,0.975,132.603
2024-11-16,wk inc flu hosp,3,2024-12-07,31,quantile,0.99,312.597
2024-11-16,wk inc flu hosp,0,2024-11-16,32,quantile,0.01,0.57
2024-11-16,wk inc flu hosp,0,2024-11-16,32,quantile,0.025,1.421
2024-11-16,wk inc flu hosp,0,2024-11-16,32,quantile,0.05,2.207
2024-11-16,wk inc flu hosp,0,2024-11-16,32,quantile,0.1,2.994
2024-11-16,wk inc flu hosp,0,2024-11-16,32,quantile,0.15,3.866
2024-11-16,wk inc flu hosp,0,2024-11-16,32,quantile,0.2,4.722
2024-11-16,wk inc flu hosp,0,2024-11-16,32,quantile,0.25,5.777
2024-11-16,wk inc flu hosp,0,2024-11-16,32,quantile,0.3,6.781
2024-11-16,wk inc flu hosp,0,2024-11-16,32,quantile,0.35,7.881
2024-11-16,wk inc flu hosp,0,2024-11-16,32,quantile,0.4,8.992
2024-11-16,wk inc flu hosp,0,2024-11-16,32,quantile,0.45,10.639
2024-11-16,wk inc flu hosp,0,2024-11-16,32,quantile,0.5,12.537
2024-11-16,wk inc flu hosp,0,2024-11-16,32,quantile,0.55,14.112
2024-11-16,wk inc flu hosp,0,2024-11-16,32,quantile,0.6,15.926
2024-11-16,wk inc flu hosp,0,2024-11-16,32,quantile,0.65,18.347
2024-11-16,wk inc flu hosp,0,2024-11-16,32,quantile,0.7,20.523
2024-11-16,wk inc flu hosp,0,2024-11-16,32,quantile,0.75,23.797
2024-11-16,wk inc flu hosp,0,2024-11-16,32,quantile,0.8,27.919
2024-11-16,wk inc flu hosp,0,2024-11-16,32,quantile,0.85,34.534
2024-11-16,wk inc flu hosp,0,2024-11-16,32,quantile,0.9,43.637
2024-11-16,wk inc flu hosp,0,2024-11-16,32,quantile,0.95,64.643
2024-11-16,wk inc flu hosp,0,2024-11-16,32,quantile,0.975,81.351
2024-11-16,wk inc flu hosp,0,2024-11-16,32,quantile,0.99,104.422
2024-11-16,wk inc flu hosp,1,2024-11-23,32,quantile,0.01,0.131
2024-11-16,wk inc flu hosp,1,2024-11-23,32,quantile,0.025,0.229
2024-11-16,wk inc flu hosp,1,2024-11-23,32,quantile,0.05,0.4
2024-11-16,wk inc flu hosp,1,2024-11-23,32,quantile,0.1,0.69
2024-11-16,wk inc flu hosp,1,2024-11-23,32,quantile,0.15,1.015
2024-11-16,wk inc flu hosp,1,2024-11-23,32,quantile,0.2,1.559
2024-11-16,wk inc flu hosp,1,2024-11-23,32,quantile,0.25,2.135
2024-11-16,wk inc flu hosp,1,2024-11-23,32,quantile,0.3,2.858
2024-11-16,wk inc flu hosp,1,2024-11-23,32,quantile,0.35,3.72
2024-11-16,wk inc flu hosp,1,2024-11-23,32,quantile,0.4,5.101
2024-11-16,wk inc flu hosp,1,2024-11-23,32,quantile,0.45,6.56
2024-11-16,wk inc flu hosp,1,2024-11-23,32,quantile,0.5,8.955
2024-11-16,wk inc flu hosp,1,2024-11-23,32,quantile,0.55,11.437
2024-11-16,wk inc flu hosp,1,2024-11-23,32,quantile,0.6,14.074
2024-11-16,wk inc flu hosp,1,2024-11-23,32,quantile,0.65,17.754
2024-11-16,wk inc flu hosp,1,2024-11-23,32,quantile,0.7,22.004
2024-11-16,wk inc flu hosp,1,2024-11-23,32,quantile,0.75,27.903
2024-11-16,wk inc flu hosp,1,2024-11-23,32,quantile,0.8,33.895
2024-11-16,wk inc flu hosp,1,2024-11-23,32,quantile,0.85,50.938
2024-11-16,wk inc flu hosp,1,2024-11-23,32,quantile,0.9,72.691
2024-11-16,wk inc flu hosp,1,2024-11-23,32,quantile,0.95,117.193
2024-11-16,wk inc flu hosp,1,2024-11-23,32,quantile,0.975,160.921
2024-11-16,wk inc flu hosp,1,2024-11-23,32,quantile,0.99,236.596
2024-11-16,wk inc flu hosp,2,2024-11-30,32,quantile,0.01,0.009
2024-11-16,wk inc flu hosp,2,2024-11-30,32,quantile,0.025,0.026
2024-11-16,wk inc flu hosp,2,2024-11-30,32,quantile,0.05,0.066
2024-11-16,wk inc flu hosp,2,2024-11-30,32,quantile,0.1,0.143
2024-11-16,wk inc flu hosp,2,2024-11-30,32,quantile,0.15,0.295
2024-11-16,wk inc flu hosp,2,2024-11-30,32,quantile,0.2,0.509
2024-11-16,wk inc flu hosp,2,2024-11-30,32,quantile,0.25,0.826
2024-11-16,wk inc flu hosp,2,2024-11-30,32,quantile,0.3,1.217
2024-11-16,wk inc flu hosp,2,2024-11-30,32,quantile,0.35,1.853
2024-11-16,wk inc flu hosp,2,2024-11-30,32,quantile,0.4,2.949
2024-11-16,wk inc flu hosp,2,2024-11-30,32,quantile,0.45,4.374
2024-11-16,wk inc flu hosp,2,2024-11-30,32,quantile,0.5,6.452
2024-11-16,wk inc flu hosp,2,2024-11-30,32,quantile,0.55,9.324
2024-11-16,wk inc flu hosp,2,2024-11-30,32,quantile,0.6,11.88
2024-11-16,wk inc flu hosp,2,2024-11-30,32,quantile,0.65,17.113
2024-11-16,wk inc flu hosp,2,2024-11-30,32,quantile,0.7,23.996
2024-11-16,wk inc flu hosp,2,2024-11-30,32,quantile,0.75,31.762
2024-11-16,wk inc flu hosp,2,2024-11-30,32,quantile,0.8,46.403
2024-11-16,wk inc flu hosp,2,2024-11-30,32,quantile,0.85,67.828
2024-11-16,wk inc flu hosp,2,2024-11-30,32,quantile,0.9,112.508
2024-11-16,wk inc flu hosp,2,2024-11-30,32,quantile,0.95,187.5
2024-11-16,wk inc flu hosp,2,2024-11-30,32,quantile,0.975,312.805
2024-11-16,wk inc flu hosp,2,2024-11-30,32,quantile,0.99,478.692
2024-11-16,wk inc flu hosp,3,2024-12-07,32,quantile,0.01,0.001
2024-11-16,wk inc flu hosp,3,2024-12-07,32,quantile,0.025,0.003
2024-11-16,wk inc flu hosp,3,2024-12-07,32,quantile,0.05,0.01
2024-11-16,wk inc flu hosp,3,2024-12-07,32,quantile,0.1,0.031
2024-11-16,wk inc flu hosp,3,2024-12-07,32,quantile,0.15,0.082
2024-11-16,wk inc flu hosp,3,2024-12-07,32,quantile,0.2,0.172
2024-11-16,wk inc flu hosp,3,2024-12-07,32,quantile,0.25,0.346
2024-11-16,wk inc flu hosp,3,2024-12-07,32,quantile,0.3,0.526
2024-11-16,wk inc flu hosp,3,2024-12-07,32,quantile,0.35,0.969
2024-11-16,wk inc flu hosp,3,2024-12-07,32,quantile,0.4,1.608
2024-11-16,wk inc flu hosp,3,2024-12-07,32,quantile,0.45,2.867
2024-11-16,wk inc flu hosp,3,2024-12-07,32,quantile,0.5,4.636
2024-11-16,wk inc flu hosp,3,2024-12-07,32,quantile,0.55,7.114
2024-11-16,wk inc flu hosp,3,2024-12-07,32,quantile,0.6,10.522
2024-11-16,wk inc flu hosp,3,2024-12-07,32,quantile,0.65,15.79
2024-11-16,wk inc flu hosp,3,2024-12-07,32,quantile,0.7,25.484
2024-11-16,wk inc flu hosp,3,2024-12-07,32,quantile,0.75,36.59
2024-11-16,wk inc flu hosp,3,2024-12-07,32,quantile,0.8,57.434
2024-11-16,wk inc flu hosp,3,2024-12-07,32,quantile,0.85,82.266
2024-11-16,wk inc flu hosp,3,2024-12-07,32,quantile,0.9,150.222
2024-11-16,wk inc flu hosp,3,2024-12-07,32,quantile,0.95,286.647
2024-11-16,wk inc flu hosp,3,2024-12-07,32,quantile,0.975,443.114
2024-11-16,wk inc flu hosp,3,2024-12-07,32,quantile,0.99,627.064
2024-11-16,wk inc flu hosp,0,2024-11-16,33,quantile,0.01,0.52
2024-11-16,wk inc flu hosp,0,2024-11-16,33,quantile,0.025,0.908
2024-11-16,wk inc flu hosp,0,2024-11-16,33,quantile,0.05,1.204
2024-11-16,wk inc flu hosp,0,2024-11-16,33,quantile,0.1,1.611
2024-11-16,wk inc flu hosp,0,2024-11-16,33,quantile,0.15,1.926
2024-11-16,wk inc flu hosp,0,2024-11-16,33,quantile,0.2,2.364
2024-11-16,wk inc flu hosp,0,2024-11-16,33,quantile,0.25,2.912
2024-11-16,wk inc flu hosp,0,2024-11-16,33,quantile,0.3,3.488
2024-11-16,wk inc flu hosp,0,2024-11-16,33,quantile,0.35,4.078
2024-11-16,wk inc flu hosp,0,2024-11-16,33,quantile,0.4,4.782
2024-11-16,wk inc flu hosp,0,2024-11-16,33,quantile,0.45,5.703
2024-11-16,wk inc flu hosp,0,2024-11-16,33,quantile,0.5,6.723
2024-11-16,wk inc flu hosp,0,2024-11-16,33,quantile,0.55,7.914
2024-11-16,wk inc flu hosp,0,2024-11-16,33,quantile,0.6,9.102
2024-11-16,wk inc flu hosp,0,2024-11-16,33,quantile,0.65,10.482
2024-11-16,wk inc flu hosp,0,2024-11-16,33,quantile,0.7,11.325
2024-11-16,wk inc flu hosp,0,2024-11-16,33,quantile,0.75,12.904
2024-11-16,wk inc flu hosp,0,2024-11-16,33,quantile,0.8,15.327
2024-11-16,wk inc flu hosp,0,2024-11-16,33,quantile,0.85,18.448
2024-11-16,wk inc flu hosp,0,2024-11-16,33,quantile,0.9,23.28
2024-11-16,wk inc flu hosp,0,2024-11-16,33,quantile,0.95,33.625
2024-11-16,wk inc flu hosp,0,2024-11-16,33,quantile,0.975,45.865
2024-11-16,wk inc flu hosp,0,2024-11-16,33,quantile,0.99,53.674
2024-11-16,wk inc flu hosp,1,2024-11-23,33,quantile,0.01,0.075
2024-11-16,wk inc flu hosp,1,2024-11-23,33,quantile,0.025,0.113
2024-11-16,wk inc flu hosp,1,2024-11-23,33,quantile,0.05,0.204
2024-11-16,wk inc flu hosp,1,2024-11-23,33,quantile,0.1,0.409
2024-11-16,wk inc flu hosp,1,2024-11-23,33,quantile,0.15,0.622
2024-11-16,wk inc flu hosp,1,2024-11-23,33,quantile,0.2,0.879
2024-11-16,wk inc flu hosp,1,2024-11-23,33,quantile,0.25,1.317
2024-11-16,wk inc flu hosp,1,2024-11-23,33,quantile,0.3,1.92
2024-11-16,wk inc flu hosp,1,2024-11-23,33,quantile,0.35,2.518
2024-11-16,wk inc flu hosp,1,2024-11-23,33,quantile,0.4,3.557
2024-11-16,wk inc flu hosp,1,2024-11-23,33,quantile,0.45,4.797
2024-11-16,wk inc flu hosp,1,2024-11-23,33,quantile,0.5,6.535
2024-11-16,wk inc flu hosp,1,2024-11-23,33,quantile,0.55,9.006
2024-11-16,wk inc flu hosp,1,2024-11-23,33,quantile,0.6,11.108
2024-11-16,wk inc flu hosp,1,2024-11-23,33,quantile,0.65,13.961
2024-11-16,wk inc flu hosp,1,2024-11-23,33,quantile,0.7,17.866
2024-11-16,wk inc flu hosp,1,2024-11-23,33,quantile,0.75,22.049
2024-11-16,wk inc flu hosp,1,2024-11-23,33,quantile,0.8,27.905
2024-11-16,wk inc flu hosp,1,2024-11-23,33,quantile,0.85,38.003
2024-11-16,wk inc flu hosp,1,2024-11-23,33,quantile,0.9,55.696
2024-11-16,wk inc flu hosp,1,2024-11-23,33,quantile,0.95,90.311
2024-11-16,wk inc flu hosp,1,2024-11-23,33,quantile,0.975,138.16
2024-11-16,wk inc flu hosp,1,2024-11-23,33,quantile,0.99,182.622
2024-11-16,wk inc flu hosp,2,2024-11-30,33,quantile,0.01,0.006
2024-11-16,wk inc flu hosp,2,2024-11-30,33,quantile,0.025,0.015
2024-11-16,wk inc flu hosp,2,2024-11-30,33,quantile,0.05,0.035
2024-11-16,wk inc flu hosp,2,2024-11-30,33,quantile,0.1,0.101
2024-11-16,wk inc flu hosp,2,2024-11-30,33,quantile,0.15,0.189
2024-11-16,wk inc flu hosp,2,2024-11-30,33,quantile,0.2,0.362
2024-11-16,wk inc flu hosp,2,2024-11-30,33,quantile,0.25,0.642
2024-11-16,wk inc flu hosp,2,2024-11-30,33,quantile,0.3,1.07
2024-11-16,wk inc flu hosp,2,2024-11-30,33,quantile,0.35,1.505
2024-11-16,wk inc flu hosp,2,2024-11-30,33,quantile,0.4,2.587
2024-11-16,wk inc flu hosp,2,2024-11-30,33,quantile,0.45,4.155
2024-11-16,wk inc flu hosp,2,2024-11-30,33,quantile,0.5,6.615
2024-11-16,wk inc flu hosp,2,2024-11-30,33,quantile,0.55,9.459
2024-11-16,wk inc flu hosp,2,2024-11-30,33,quantile,0.6,13.625
2024-11-16,wk inc flu hosp,2,2024-11-30,33,quantile,0.65,18.911
2024-11-16,wk inc flu hosp,2,2024-11-30,33,quantile,0.7,27.016
2024-11-16,wk inc flu hosp,2,2024-11-30,33,quantile,0.75,36.521
2024-11-16,wk inc flu hosp,2,2024-11-30,33,quantile,0.8,54.802
2024-11-16,wk inc flu hosp,2,2024-11-30,33,quantile,0.85,71.539
2024-11-16,wk inc flu hosp,2,2024-11-30,33,quantile,0.9,125.356
2024-11-16,wk inc flu hosp,2,2024-11-30,33,quantile,0.95,216.234
2024-11-16,wk inc flu hosp,2,2024-11-30,33,quantile,0.975,328.97
2024-11-16,wk inc flu hosp,2,2024-11-30,33,quantile,0.99,494.539
2024-11-16,wk inc flu hosp,3,2024-12-07,33,quantile,0.01,0.0
2024-11-16,wk inc flu hosp,3,2024-12-07,33,quantile,0.025,0.002
2024-11-16,wk inc flu hosp,3,2024-12-07,33,quantile,0.05,0.006
2024-11-16,wk inc flu hosp,3,2024-12-07,33,quantile,0.1,0.025
2024-11-16,wk inc flu hosp,3,2024-12-07,33,quantile,0.15,0.058
2024-11-16,wk inc flu hosp,3,2024-12-07,33,quantile,0.2,0.139
2024-11-16,wk inc flu hosp,3,2024-12-07,33,quantile,0.25,0.309
2024-11-16,wk inc flu hosp,3,2024-12-07,33,quantile,0.3,0.611
2024-11-16,wk inc flu hosp,3,2024-12-07,33,quantile,0.35,0.977
2024-11-16,wk inc flu hosp,3,2024-12-07,33,quantile,0.4,1.94
2024-11-16,wk inc flu hosp,3,2024-12-07,33,quantile,0.45,3.673
2024-11-16,wk inc flu hosp,3,2024-12-07,33,quantile,0.5,6.304
2024-11-16,wk inc flu hosp,3,2024-12-07,33,quantile,0.55,10.076
2024-11-16,wk inc flu hosp,3,2024-12-07,33,quantile,0.6,16.164
2024-11-16,wk inc flu hosp,3,2024-12-07,33,quantile,0.65,25.308
2024-11-16,wk inc flu hosp,3,2024-12-07,33,quantile,0.7,38.857
2024-11-16,wk inc flu hosp,3,2024-12-07,33,quantile,0.75,58.235
2024-11-16,wk inc flu hosp,3,2024-12-07,33,quantile,0.8,81.019
2024-11-16,wk inc flu hosp,3,2024-12-07,33,quantile,0.85,131.562
2024-11-16,wk inc flu hosp,3,2024-12-07,33,quantile,0.9,226.954
2024-11-16,wk inc flu hosp,3,2024-12-07,33,quantile,0.95,407.749
2024-11-16,wk inc flu hosp,3,2024-12-07,33,quantile,0.975,511.227
2024-11-16,wk inc flu hosp,3,2024-12-07,33,quantile,0.99,657.535
2024-11-16,wk inc flu hosp,0,2024-11-16,34,quantile,0.01,0.632
2024-11-16,wk inc flu hosp,0,2024-11-16,34,quantile,0.025,1.182
2024-11-16,wk inc flu hosp,0,2024-11-16,34,quantile,0.05,1.606
2024-11-16,wk inc flu hosp,0,2024-11-16,34,quantile,0.1,2.458
2024-11-16,wk inc flu hosp,0,2024-11-16,34,quantile,0.15,3.22
2024-11-16,wk inc flu hosp,0,2024-11-16,34,quantile,0.2,4.041
2024-11-16,wk inc flu hosp,0,2024-11-16,34,quantile,0.25,4.767
2024-11-16,wk inc flu hosp,0,2024-11-16,34,quantile,0.3,5.549
2024-11-16,wk inc flu hosp,0,2024-11-16,34,quantile,0.35,6.332
2024-11-16,wk inc flu hosp,0,2024-11-16,34,quantile,0.4,7.318
2024-11-16,wk inc flu hosp,0,2024-11-16,34,quantile,0.45,8.153
2024-11-16,wk inc flu hosp,0,2024-11-16,34,quantile,0.5,9.409
2024-11-16,wk inc flu hosp,0,2024-11-16,34,quantile,0.55,10.576
2024-11-16,wk inc flu hosp,0,2024-11-16,34,quantile,0.6,12.27
2024-11-16,wk inc flu hosp,0,2024-11-16,34,quantile,0.65,13.764
2024-11-16,wk inc flu hosp,0,2024-11-16,34,quantile,0.7,16.204
2024-11-16,wk inc flu hosp,0,2024-11-16,34,quantile,0.75,18.541
2024-11-16,wk inc flu hosp,0,2024-11-16,34,quantile,0.8,21.736
2024-11-16,wk inc flu hosp,0,2024-11-16,34,quantile,0.85,27.048
2024-11-16,wk inc flu hosp,0,2024-11-16,34,quantile,0.9,34.031
2024-11-16,wk inc flu hosp,0,2024-11-16,34,quantile,0.95,49.2
2024-11-16,wk inc flu hosp,0,2024-11-16,34,quantile,0.975,74.23
2024-11-16,wk inc flu hosp,0,2024-11-16,34,quantile,0.99,107.245
2024-11-16,wk inc flu hosp,1,2024-11-23,34,quantile,0.01,0.046
2024-11-16,wk inc flu hosp,1,2024-11-23,34,quantile,0.025,0.102
2024-11-16,wk inc flu hosp,1,2024-11-23,34,quantile,0.05,0.2
2024-11-16,wk inc flu hosp,1,2024-11-23,34,quantile,0.1,0.442
2024-11-16,wk inc flu hosp,1,2024-11-23,34,quantile,0.15,0.779
2024-11-16,wk inc flu hosp,1,2024-11-23,34,quantile,0.2,1.11
2024-11-16,wk inc flu hosp,1,2024-11-23,34,quantile,0.25,1.547
2024-11-16,wk inc flu hosp,1,2024-11-23,34,quantile,0.3,2.011
2024-11-16,wk inc flu hosp,1,2024-11-23,34,quantile,0.35,2.644
2024-11-16,wk inc flu hosp,1,2024-11-23,34,quantile,0.4,3.37
2024-11-16,wk inc flu hosp,1,2024-11-23,34,quantile,0.45,4.042
2024-11-16,wk inc flu hosp,1,2024-11-23,34,quantile,0.5,4.935
2024-11-16,wk inc flu hosp,1,2024-11-23,34,quantile,0.55,6.096
2024-11-16,wk inc flu hosp,1,2024-11-23,34,quantile,0.6,7.424
2024-11-16,wk inc flu hosp,1,2024-11-23,34,quantile,0.65,9.733
2024-11-16,wk inc flu hosp,1,2024-11-23,34,quantile,0.7,12.8
2024-11-16,wk inc flu hosp,1,2024-11-23,34,quantile,0.75,16.676
2024-11-16,wk inc flu hosp,1,2024-11-23,34,quantile,0.8,21.746
2024-11-16,wk inc flu hosp,1,2024-11-23,34,quantile,0.85,28.471
2024-11-16,wk inc flu hosp,1,2024-11-23,34,quantile,0.9,41.658
2024-11-16,wk inc flu hosp,1,2024-11-23,34,quantile,0.95,80.882
2024-11-16,wk inc flu hosp,1,2024-11-23,34,quantile,0.975,147.186
2024-11-16,wk inc flu hosp,1,2024-11-23,34,quantile,0.99,209.732
2024-11-16,wk inc flu hosp,2,2024-11-30,34,quantile,0.01,0.003
2024-11-16,wk inc flu hosp,2,2024-11-30,34,quantile,0.025,0.008
2024-11-16,wk inc flu hosp,2,2024-11-30,34,quantile,0.05,0.022
2024-11-16,wk inc flu hosp,2,2024-11-30,34,quantile,0.1,0.082
2024-11-16,wk inc flu hosp,2,2024-11-30,34,quantile,0.15,0.175
2024-11-16,wk inc flu hosp,2,2024-11-30,34,quantile,0.2,0.308
2024-11-16,wk inc flu hosp,2,2024-11-30,34,quantile,0.25,0.518
2024-11-16,wk inc flu hosp,2,2024-11-30,34,quantile,0.3,0.751
2024-11-16,wk inc flu hosp,2,2024-11-30,34,quantile,0.35,1.088
2024-11-16,wk inc flu hosp,2,2024-11-30,34,quantile,0.4,1.557
2024-11-16,wk inc flu hosp,2,2024-11-30,34,quantile,0.45,1.982
2024-11-16,wk inc flu hosp,2,2024-11-30,34,quantile,0.5,2.632
2024-11-16,wk inc flu hosp,2,2024-11-30,34,quantile,0.55,3.613
2024-11-16,wk inc flu hosp,2,2024-11-30,34,quantile,0.6,4.728
2024-11-16,wk inc flu hosp,2,2024-11-30,34,quantile,0.65,6.694
2024-11-16,wk inc flu hosp,2,2024-11-30,34,quantile,0.7,9.886
2024-11-16,wk inc flu hosp,2,2024-11-30,34,quantile,0.75,13.99
2024-11-16,wk inc flu hosp,2,2024-11-30,34,quantile,0.8,21.978
2024-11-16,wk inc flu hosp,2,2024-11-30,34,quantile,0.85,31.506
2024-11-16,wk inc flu hosp,2,2024-11-30,34,quantile,0.9,48.533
2024-11-16,wk inc flu hosp,2,2024-11-30,34,quantile,0.95,132.193
2024-11-16,wk inc flu hosp,2,2024-11-30,34,quantile,0.975,249.757
2024-11-16,wk inc flu hosp,2,2024-11-30,34,quantile,0.99,392.22
2024-11-16,wk inc flu hosp,3,2024-12-07,34,quantile,0.01,0.0
2024-11-16,wk inc flu hosp,3,2024-12-07,34,quantile,0.025,0.001
2024-11-16,wk inc flu hosp,3,2024-12-07,34,quantile,0.05,0.003
2024-11-16,wk inc flu hosp,3,2024-12-07,34,quantile,0.1,0.015
2024-11-16,wk inc flu hosp,3,2024-12-07,34,quantile,0.15,0.038
2024-11-16,wk inc flu hosp,3,2024-12-07,34,quantile,0.2,0.082
2024-11-16,wk inc flu hosp,3,2024-12-07,34,quantile,0.25,0.171
2024-11-16,wk inc flu hosp,3,2024-12-07,34,quantile,0.3,0.288
2024-11-16,wk inc flu hosp,3,2024-12-07,34,quantile,0.35,0.443
2024-11-16,wk inc flu hosp,3,2024-12-07,34,quantile,0.4,0.731
2024-11-16,wk inc flu hosp,3,2024-12-07,34,quantile,0.45,0.972
2024-11-16,wk inc flu hosp,3,2024-12-07,34,quantile,0.5,1.436
2024-11-16,wk inc flu hosp,3,2024-12-07,34,quantile,0.55,2.114
2024-11-16,wk inc flu hosp,3,2024-12-07,34,quantile,0.6,3.002
2024-11-16,wk inc flu hosp,3,2024-12-07,34,quantile,0.65,4.696
2024-11-16,wk inc flu hosp,3,2024-12-07,34,quantile,0.7,7.619
2024-11-16,wk inc flu hosp,3,2024-12-07,34,quantile,0.75,12.224
2024-11-16,wk inc flu hosp,3,2024-12-07,34,quantile,0.8,21.225
2024-11-16,wk inc flu hosp,3,2024-12-07,34,quantile,0.85,33.957
2024-11-16,wk inc flu hosp,3,2024-12-07,34,quantile,0.9,64.472
2024-11-16,wk inc flu hosp,3,2024-12-07,34,quantile,0.95,188.103
2024-11-16,wk inc flu hosp,3,2024-12-07,34,quantile,0.975,383.394
2024-11-16,wk inc flu hosp,3,2024-12-07,34,quantile,0.99,598.718
2024-11-16,wk inc flu hosp,0,2024-11-16,35,quantile,0.01,0.491
2024-11-16,wk inc flu hosp,0,2024-11-16,35,quantile,0.025,0.945
2024-11-16,wk inc flu hosp,0,2024-11-16,35,quantile,0.05,1.519
2024-11-16,wk inc flu hosp,0,2024-11-16,35,quantile,0.1,2.263
2024-11-16,wk inc flu hosp,0,2024-11-16,35,quantile,0.15,2.982
2024-11-16,wk inc flu hosp,0,2024-11-16,35,quantile,0.2,3.54
2024-11-16,wk inc flu hosp,0,2024-11-16,35,quantile,0.25,4.111
2024-11-16,wk inc flu hosp,0,2024-11-16,35,quantile,0.3,4.752
2024-11-16,wk inc flu hosp,0,2024-11-16,35,quantile,0.35,5.244
2024-11-16,wk inc flu hosp,0,2024-11-16,35,quantile,0.4,5.926
2024-11-16,wk inc flu hosp,0,2024-11-16,35,quantile,0.45,6.999
2024-11-16,wk inc flu hosp,0,2024-11-16,35,quantile,0.5,8.07
2024-11-16,wk inc flu hosp,0,2024-11-16,35,quantile,0.55,9.011
2024-11-16,wk inc flu hosp,0,2024-11-16,35,quantile,0.6,10.155
2024-11-16,wk inc flu hosp,0,2024-11-16,35,quantile,0.65,11.776
2024-11-16,wk inc flu hosp,0,2024-11-16,35,quantile,0.7,13.39
2024-11-16,wk inc flu hosp,0,2024-11-16,35,quantile,0.75,15.909
2024-11-16,wk inc flu hosp,0,2024-11-16,35,quantile,0.8,18.879
2024-11-16,wk inc flu hosp,0,2024-11-16,35,quantile,0.85,22.908
2024-11-16,wk inc flu hosp,0,2024-11-16,35,quantile,0.9,28.313
2024-11-16,wk inc flu hosp,0,2024-11-16,35,quantile,0.95,41.321
2024-11-16,wk inc flu hosp,0,2024-11-16,35,quantile,0.975,51.344
2024-11-16,wk inc flu hosp,0,2024-11-16,35,quantile,0.99,59.828
2024-11-16,wk inc flu hosp,1,2024-11-23,35,quantile,0.01,0.068
2024-11-16,wk inc flu hosp,1,2024-11-23,35,quantile,0.025,0.151
2024-11-16,wk inc flu hosp,1,2024-11-23,35,quantile,0.05,0.249
2024-11-16,wk inc flu hosp,1,2024-11-23,35,quantile,0.1,0.506
2024-11-16,wk inc flu hosp,1,2024-11-23,35,quantile,0.15,0.78
2024-11-16,wk inc flu hosp,1,2024-11-23,35,quantile,0.2,1.09
2024-11-16,wk inc flu hosp,1,2024-11-23,35,quantile,0.25,1.442
2024-11-16,wk inc flu hosp,1,2024-11-23,35,quantile,0.3,1.814
2024-11-16,wk inc flu hosp,1,2024-11-23,35,quantile,0.35,2.356
2024-11-16,wk inc flu hosp,1,2024-11-23,35,quantile,0.4,3.033
2024-11-16,wk inc flu hosp,1,2024-11-23,35,quantile,0.45,3.67
2024-11-16,wk inc flu hosp,1,2024-11-23,35,quantile,0.5,4.888
2024-11-16,wk inc flu hosp,1,2024-11-23,35,quantile,0.55,6.157
2024-11-16,wk inc flu hosp,1,2024-11-23,35,quantile,0.6,7.796
2024-11-16,wk inc flu hosp,1,2024-11-23,35,quantile,0.65,9.727
2024-11-16,wk inc flu hosp,1,2024-11-23,35,quantile,0.7,12.424
2024-11-16,wk inc flu hosp,1,2024-11-23,35,quantile,0.75,16.027
2024-11-16,wk inc flu hosp,1,2024-11-23,35,quantile,0.8,21.325
2024-11-16,wk inc flu hosp,1,2024-11-23,35,quantile,0.85,25.958
2024-11-16,wk inc flu hosp,1,2024-11-23,35,quantile,0.9,36.079
2024-11-16,wk inc flu hosp,1,2024-11-23,35,quantile,0.95,55.375
2024-11-16,wk inc flu hosp,1,2024-11-23,35,quantile,0.975,72.946
2024-11-16,wk inc flu hosp,1,2024-11-23,35,quantile,0.99,95.216
2024-11-16,wk inc flu hosp,2,2024-11-30,35,quantile,0.01,0.005
2024-11-16,wk inc flu hosp,2,2024-11-30,35,quantile,0.025,0.014
2024-11-16,wk inc flu hosp,2,2024-11-30,35,quantile,0.05,0.037
2024-11-16,wk inc flu hosp,2,2024-11-30,35,quantile,0.1,0.109
2024-11-16,wk inc flu hosp,2,2024-11-30,35,quantile,0.15,0.218
2024-11-16,wk inc flu hosp,2,2024-11-30,35,quantile,0.2,0.369
2024-11-16,wk inc flu hosp,2,2024-11-30,35,quantile,0.25,0.509
2024-11-16,wk inc flu hosp,2,2024-11-30,35,quantile,0.3,0.73
2024-11-16,wk inc flu hosp,2,2024-11-30,35,quantile,0.35,1.098
2024-11-16,wk inc flu hosp,2,2024-11-30,35,quantile,0.4,1.529
2024-11-16,wk inc flu hosp,2,2024-11-30,35,quantile,0.45,2.111
2024-11-16,wk inc flu hosp,2,2024-11-30,35,quantile,0.5,2.995
2024-11-16,wk inc flu hosp,2,2024-11-30,35,quantile,0.55,4.133
2024-11-16,wk inc flu hosp,2,2024-11-30,35,quantile,0.6,5.752
2024-11-16,wk inc flu hosp,2,2024-11-30,35,quantile,0.65,7.988
2024-11-16,wk inc flu hosp,2,2024-11-30,35,quantile,0.7,11.076
2024-11-16,wk inc flu hosp,2,2024-11-30,35,quantile,0.75,16.098
2024-11-16,wk inc flu hosp,2,2024-11-30,35,quantile,0.8,22.486
2024-11-16,wk inc flu hosp,2,2024-11-30,35,quantile,0.85,31.141
2024-11-16,wk inc flu hosp,2,2024-11-30,35,quantile,0.9,48.703
2024-11-16,wk inc flu hosp,2,2024-11-30,35,quantile,0.95,79.825
2024-11-16,wk inc flu hosp,2,2024-11-30,35,quantile,0.975,107.685
2024-11-16,wk inc flu hosp,2,2024-11-30,35,quantile,0.99,144.072
2024-11-16,wk inc flu hosp,3,2024-12-07,35,quantile,0.01,0.0
2024-11-16,wk inc flu hosp,3,2024-12-07,35,quantile,0.025,0.001
2024-11-16,wk inc flu hosp,3,2024-12-07,35,quantile,0.05,0.005
2024-11-16,wk inc flu hosp,3,2024-12-07,35,quantile,0.1,0.025
2024-11-16,wk inc flu hosp,3,2024-12-07,35,quantile,0.15,0.062
2024-11-16,wk inc flu hosp,3,2024-12-07,35,quantile,0.2,0.12
2024-11-16,wk inc flu hosp,3,2024-12-07,35,quantile,0.25,0.194
2024-11-16,wk inc flu hosp,3,2024-12-07,35,quantile,0.3,0.324
2024-11-16,wk inc flu hosp,3,2024-12-07,35,quantile,0.35,0.491
2024-11-16,wk inc flu hosp,3,2024-12-07,35,quantile,0.4,0.763
2024-11-16,wk inc flu hosp,3,2024-12-07,35,quantile,0.45,1.261
2024-11-16,wk inc flu hosp,3,2024-12-07,35,quantile,0.5,1.856
2024-11-16,wk inc flu hosp,3,2024-12-07,35,quantile,0.55,2.789
2024-11-16,wk inc flu hosp,3,2024-12-07,35,quantile,0.6,4.139
2024-11-16,wk inc flu hosp,3,2024-12-07,35,quantile,0.65,6.792
2024-11-16,wk inc flu hosp,3,2024-12-07,35,quantile,0.7,9.628
2024-11-16,wk inc flu hosp,3,2024-12-07,35,quantile,0.75,16.089
2024-11-16,wk inc flu hosp,3,2024-12-07,35,quantile,0.8,24.722
2024-11-16,wk inc flu hosp,3,2024-12-07,35,quantile,0.85,34.901
2024-11-16,wk inc flu hosp,3,2024-12-07,35,quantile,0.9,58.515
2024-11-16,wk inc flu hosp,3,2024-12-07,35,quantile,0.95,99.34
2024-11-16,wk inc flu hosp,3,2024-12-07,35,quantile,0.975,141.166
2024-11-16,wk inc flu hosp,3,2024-12-07,35,quantile,0.99,191.685
2024-11-16,wk inc flu hosp,0,2024-11-16,36,quantile,0.01,2.319
2024-11-16,wk inc flu hosp,0,2024-11-16,36,quantile,0.025,3.136
2024-11-16,wk inc flu hosp,0,2024-11-16,36,quantile,0.05,4.122
2024-11-16,wk inc flu hosp,0,2024-11-16,36,quantile,0.1,5.624
2024-11-16,wk inc flu hosp,0,2024-11-16,36,quantile,0.15,7.151
2024-11-16,wk inc flu hosp,0,2024-11-16,36,quantile,0.2,9.159
2024-11-16,wk inc flu hosp,0,2024-11-16,36,quantile,0.25,10.736
2024-11-16,wk inc flu hosp,0,2024-11-16,36,quantile,0.3,12.463
2024-11-16,wk inc flu hosp,0,2024-11-16,36,quantile,0.35,14.935
2024-11-16,wk inc flu hosp,0,2024-11-16,36,quantile,0.4,18.021
2024-11-16,wk inc flu hosp,0,2024-11-16,36,quantile,0.45,20.953
2024-11-16,wk inc flu hosp,0,2024-11-16,36,quantile,0.5,24.524
2024-11-16,wk inc flu hosp,0,2024-11-16,36,quantile,0.55,27.021
2024-11-16,wk inc flu hosp,0,2024-11-16,36,quantile,0.6,31.894
2024-11-16,wk inc flu hosp,0,2024-11-16,36,quantile,0.65,37.236
2024-11-16,wk inc flu hosp,0,2024-11-16,36,quantile,0.7,42.845
2024-11-16,wk inc flu hosp,0,2024-11-16,36,quantile,0.75,46.647
2024-11-16,wk inc flu hosp,0,2024-11-16,36,quantile,0.8,58.747
2024-11-16,wk inc flu hosp,0,2024-11-16,36,quantile,0.85,73.505
2024-11-16,wk inc flu hosp,0,2024-11-16,36,quantile,0.9,96.719
2024-11-16,wk inc flu hosp,0,2024-11-16,36,quantile,0.95,144.394
2024-11-16,wk inc flu hosp,0,2024-11-16,36,quantile,0.975,200.197
2024-11-16,wk inc flu hosp,0,2024-11-16,36,quantile,0.99,238.358
2024-11-16,wk inc flu hosp,1,2024-11-23,36,quantile,0.01,0.109
2024-11-16,wk inc flu hosp,1,2024-11-23,36,quantile,0.025,0.196
2024-11-16,wk inc flu hosp,1,2024-11-23,36,quantile,0.05,0.361
2024-11-16,wk inc flu hosp,1,2024-11-23,36,quantile,0.1,0.839
2024-11-16,wk inc flu hosp,1,2024-11-23,36,quantile,0.15,1.665
2024-11-16,wk inc flu hosp,1,2024-11-23,36,quantile,0.2,2.258
2024-11-16,wk inc flu hosp,1,2024-11-23,36,quantile,0.25,3.055
2024-11-16,wk inc flu hosp,1,2024-11-23,36,quantile,0.3,4.554
2024-11-16,wk inc flu hosp,1,2024-11-23,36,quantile,0.35,6.277
2024-11-16,wk inc flu hosp,1,2024-11-23,36,quantile,0.4,8.09
2024-11-16,wk inc flu hosp,1,2024-11-23,36,quantile,0.45,10.971
2024-11-16,wk inc flu hosp,1,2024-11-23,36,quantile,0.5,14.612
2024-11-16,wk inc flu hosp,1,2024-11-23,36,quantile,0.55,18.478
2024-11-16,wk inc flu hosp,1,2024-11-23,36,quantile,0.6,24.209
2024-11-16,wk inc flu hosp,1,2024-11-23,36,quantile,0.65,30.827
2024-11-16,wk inc flu hosp,1,2024-11-23,36,quantile,0.7,38.452
2024-11-16,wk inc flu hosp,1,2024-11-23,36,quantile,0.75,51.288
2024-11-16,wk inc flu hosp,1,2024-11-23,36,quantile,0.8,62.777
2024-11-16,wk inc flu hosp,1,2024-11-23,36,quantile,0.85,89.233
2024-11-16,wk inc flu hosp,1,2024-11-23,36,quantile,0.9,127.432
2024-11-16,wk inc flu hosp,1,2024-11-23,36,quantile,0.95,219.629
2024-11-16,wk inc flu hosp,1,2024-11-23,36,quantile,0.975,352.894
2024-11-16,wk inc flu hosp,1,2024-11-23,36,quantile,0.99,463.107
2024-11-16,wk inc flu hosp,2,2024-11-30,36,quantile,0.01,0.007
2024-11-16,wk inc flu hosp,2,2024-11-30,36,quantile,0.025,0.011
2024-11-16,wk inc flu hosp,2,2024-11-30,36,quantile,0.05,0.031
2024-11-16,wk inc flu hosp,2,2024-11-30,36,quantile,0.1,0.121
2024-11-16,wk inc flu hosp,2,2024-11-30,36,quantile,0.15,0.317
2024-11-16,wk inc flu hosp,2,2024-11-30,36,quantile,0.2,0.58
2024-11-16,wk inc flu hosp,2,2024-11-30,36,quantile,0.25,0.901
2024-11-16,wk inc flu hosp,2,2024-11-30,36,quantile,0.3,1.551
2024-11-16,wk inc flu hosp,2,2024-11-30,36,quantile,0.35,2.354
2024-11-16,wk inc flu hosp,2,2024-11-30,36,quantile,0.4,3.988
2024-11-16,wk inc flu hosp,2,2024-11-30,36,quantile,0.45,5.821
2024-11-16,wk inc flu hosp,2,2024-11-30,36,quantile,0.5,8.861
2024-11-16,wk inc flu hosp,2,2024-11-30,36,quantile,0.55,12.767
2024-11-16,wk inc flu hosp,2,2024-11-30,36,quantile,0.6,17.877
2024-11-16,wk inc flu hosp,2,2024-11-30,36,quantile,0.65,26.583
2024-11-16,wk inc flu hosp,2,2024-11-30,36,quantile,0.7,35.369
2024-11-16,wk inc flu hosp,2,2024-11-30,36,quantile,0.75,51.902
2024-11-16,wk inc flu hosp,2,2024-11-30,36,quantile,0.8,76.316
2024-11-16,wk inc flu hosp,2,2024-11-30,36,quantile,0.85,101.63
2024-11-16,wk inc flu hosp,2,2024-11-30,36,quantile,0.9,170.441
2024-11-16,wk inc flu hosp,2,2024-11-30,36,quantile,0.95,339.676
2024-11-16,wk inc flu hosp,2,2024-11-30,36,quantile,0.975,545.562
2024-11-16,wk inc flu hosp,2,2024-11-30,36,quantile,0.99,939.729
2024-11-16,wk inc flu hosp,3,2024-12-07,36,quantile,0.01,0.0
2024-11-16,wk inc flu hosp,3,2024-12-07,36,quantile,0.025,0.001
2024-11-16,wk inc flu hosp,3,2024-12-07,36,quantile,0.05,0.003
2024-11-16,wk inc flu hosp,3,2024-12-07,36,quantile,0.1,0.018
2024-11-16,wk inc flu hosp,3,2024-12-07,36,quantile,0.15,0.064
2024-11-16,wk inc flu hosp,3,2024-12-07,36,quantile,0.2,0.14
2024-11-16,wk inc flu hosp,3,2024-12-07,36,quantile,0.25,0.278
2024-11-16,wk inc flu hosp,3,2024-12-07,36,quantile,0.3,0.551
2024-11-16,wk inc flu hosp,3,2024-12-07,36,quantile,0.35,0.994
2024-11-16,wk inc flu hosp,3,2024-12-07,36,quantile,0.4,1.984
2024-11-16,wk inc flu hosp,3,2024-12-07,36,quantile,0.45,3.113
2024-11-16,wk inc flu hosp,3,2024-12-07,36,quantile,0.5,5.302
2024-11-16,wk inc flu hosp,3,2024-12-07,36,quantile,0.55,8.855
2024-11-16,wk inc flu hosp,3,2024-12-07,36,quantile,0.6,14.508
2024-11-16,wk inc flu hosp,3,2024-12-07,36,quantile,0.65,21.905
2024-11-16,wk inc flu hosp,3,2024-12-07,36,quantile,0.7,31.992
2024-11-16,wk inc flu hosp,3,2024-12-07,36,quantile,0.75,51.153
2024-11-16,wk inc flu hosp,3,2024-12-07,36,quantile,0.8,80.487
2024-11-16,wk inc flu hosp,3,2024-12-07,36,quantile,0.85,156.117
2024-11-16,wk inc flu hosp,3,2024-12-07,36,quantile,0.9,228.798
2024-11-16,wk inc flu hosp,3,2024-12-07,36,quantile,0.95,507.517
2024-11-16,wk inc flu hosp,3,2024-12-07,36,quantile,0.975,1110.589
2024-11-16,wk inc flu hosp,3,2024-12-07,36,quantile,0.99,1812.448
2024-11-16,wk inc flu hosp,0,2024-11-16,37,quantile,0.01,1.515
2024-11-16,wk inc flu hosp,0,2024-11-16,37,quantile,0.025,2.283
2024-11-16,wk inc flu hosp,0,2024-11-16,37,quantile,0.05,3.124
2024-11-16,wk inc flu hosp,0,2024-11-16,37,quantile,0.1,4.493
2024-11-16,wk inc flu hosp,0,2024-11-16,37,quantile,0.15,5.899
2024-11-16,wk inc flu hosp,0,2024-11-16,37,quantile,0.2,7.222
2024-11-16,wk inc flu hosp,0,2024-11-16,37,quantile,0.25,9.083
2024-11-16,wk inc flu hosp,0,2024-11-16,37,quantile,0.3,11.127
2024-11-16,wk inc flu hosp,0,2024-11-16,37,quantile,0.35,12.62
2024-11-16,wk inc flu hosp,0,2024-11-16,37,quantile,0.4,14.27
2024-11-16,wk inc flu hosp,0,2024-11-16,37,quantile,0.45,16.348
2024-11-16,wk inc flu hosp,0,2024-11-16,37,quantile,0.5,18.408
2024-11-16,wk inc flu hosp,0,2024-11-16,37,quantile,0.55,20.689
2024-11-16,wk inc flu hosp,0,2024-11-16,37,quantile,0.6,22.953
2024-11-16,wk inc flu hosp,0,2024-11-16,37,quantile,0.65,26.574
2024-11-16,wk inc flu hosp,0,2024-11-16,37,quantile,0.7,30.291
2024-11-16,wk inc flu hosp,0,2024-11-16,37,quantile,0.75,33.033
2024-11-16,wk inc flu hosp,0,2024-11-16,37,quantile,0.8,37.508
2024-11-16,wk inc flu hosp,0,2024-11-16,37,quantile,0.85,45.375
2024-11-16,wk inc flu hosp,0,2024-11-16,37,quantile,0.9,62.417
2024-11-16,wk inc flu hosp,0,2024-11-16,37,quantile,0.95,96.941
2024-11-16,wk inc flu hosp,0,2024-11-16,37,quantile,0.975,123.106
2024-11-16,wk inc flu hosp,0,2024-11-16,37,quantile,0.99,147.478
2024-11-16,wk inc flu hosp,1,2024-11-23,37,quantile,0.01,0.125
2024-11-16,wk inc flu hosp,1,2024-11-23,37,quantile,0.025,0.225
2024-11-16,wk inc flu hosp,1,2024-11-23,37,quantile,0.05,0.379
2024-11-16,wk inc flu hosp,1,2024-11-23,37,quantile,0.1,0.84
2024-11-16,wk inc flu hosp,1,2024-11-23,37,quantile,0.15,1.334
2024-11-16,wk inc flu hosp,1,2024-11-23,37,quantile,0.2,2.011
2024-11-16,wk inc flu hosp,1,2024-11-23,37,quantile,0.25,2.745
2024-11-16,wk inc flu hosp,1,2024-11-23,37,quantile,0.3,3.702
2024-11-16,wk inc flu hosp,1,2024-11-23,37,quantile,0.35,4.838
2024-11-16,wk inc flu hosp,1,2024-11-23,37,quantile,0.4,5.791
2024-11-16,wk inc flu hosp,1,2024-11-23,37,quantile,0.45,7.46
2024-11-16,wk inc flu hosp,1,2024-11-23,37,quantile,0.5,8.964
2024-11-16,wk inc flu hosp,1,2024-11-23,37,quantile,0.55,11.102
2024-11-16,wk inc flu hosp,1,2024-11-23,37,quantile,0.6,13.746
2024-11-16,wk inc flu hosp,1,2024-11-23,37,quantile,0.65,16.719
2024-11-16,wk inc flu hosp,1,2024-11-23,37,quantile,0.7,20.259
2024-11-16,wk inc flu hosp,1,2024-11-23,37,quantile,0.75,25.377
2024-11-16,wk inc flu hosp,1,2024-11-23,37,quantile,0.8,32.99
2024-11-16,wk inc flu hosp,1,2024-11-23,37,quantile,0.85,42.639
2024-11-16,wk inc flu hosp,1,2024-11-23,37,quantile,0.9,63.013
2024-11-16,wk inc flu hosp,1,2024-11-23,37,quantile,0.95,108.454
2024-11-16,wk inc flu hosp,1,2024-11-23,37,quantile,0.975,153.054
2024-11-16,wk inc flu hosp,1,2024-11-23,37,quantile,0.99,254.287
2024-11-16,wk inc flu hosp,2,2024-11-30,37,quantile,0.01,0.007
2024-11-16,wk inc flu hosp,2,2024-11-30,37,quantile,0.025,0.018
2024-11-16,wk inc flu hosp,2,2024-11-30,37,quantile,0.05,0.05
2024-11-16,wk inc flu hosp,2,2024-11-30,37,quantile,0.1,0.159
2024-11-16,wk inc flu hosp,2,2024-11-30,37,quantile,0.15,0.316
2024-11-16,wk inc flu hosp,2,2024-11-30,37,quantile,0.2,0.548
2024-11-16,wk inc flu hosp,2,2024-11-30,37,quantile,0.25,0.858
2024-11-16,wk inc flu hosp,2,2024-11-30,37,quantile,0.3,1.227
2024-11-16,wk inc flu hosp,2,2024-11-30,37,quantile,0.35,1.855
2024-11-16,wk inc flu hosp,2,2024-11-30,37,quantile,0.4,2.407
2024-11-16,wk inc flu hosp,2,2024-11-30,37,quantile,0.45,3.322
2024-11-16,wk inc flu hosp,2,2024-11-30,37,quantile,0.5,4.451
2024-11-16,wk inc flu hosp,2,2024-11-30,37,quantile,0.55,6.05
2024-11-16,wk inc flu hosp,2,2024-11-30,37,quantile,0.6,8.228
2024-11-16,wk inc flu hosp,2,2024-11-30,37,quantile,0.65,11.06
2024-11-16,wk inc flu hosp,2,2024-11-30,37,quantile,0.7,13.612
2024-11-16,wk inc flu hosp,2,2024-11-30,37,quantile,0.75,19.217
2024-11-16,wk inc flu hosp,2,2024-11-30,37,quantile,0.8,27.623
2024-11-16,wk inc flu hosp,2,2024-11-30,37,quantile,0.85,43.257
2024-11-16,wk inc flu hosp,2,2024-11-30,37,quantile,0.9,62.744
2024-11-16,wk inc flu hosp,2,2024-11-30,37,quantile,0.95,153.548
2024-11-16,wk inc flu hosp,2,2024-11-30,37,quantile,0.975,260.868
2024-11-16,wk inc flu hosp,2,2024-11-30,37,quantile,0.99,528.798
2024-11-16,wk inc flu hosp,3,2024-12-07,37,quantile,0.01,0.0
2024-11-16,wk inc flu hosp,3,2024-12-07,37,quantile,0.025,0.002
2024-11-16,wk inc flu hosp,3,2024-12-07,37,quantile,0.05,0.006
2024-11-16,wk inc flu hosp,3,2024-12-07,37,quantile,0.1,0.028
2024-11-16,wk inc flu hosp,3,2024-12-07,37,quantile,0.15,0.072
2024-11-16,wk inc flu hosp,3,2024-12-07,37,quantile,0.2,0.145
2024-11-16,wk inc flu hosp,3,2024-12-07,37,quantile,0.25,0.273
2024-11-16,wk inc flu hosp,3,2024-12-07,37,quantile,0.3,0.42
2024-11-16,wk inc flu hosp,3,2024-12-07,37,quantile,0.35,0.705
2024-11-16,wk inc flu hosp,3,2024-12-07,37,quantile,0.4,1.051
2024-11-16,wk inc flu hosp,3,2024-12-07,37,quantile,0.45,1.554
2024-11-16,wk inc flu hosp,3,2024-12-07,37,quantile,0.5,2.213
2024-11-16,wk inc flu hosp,3,2024-12-07,37,quantile,0.55,3.26
2024-11-16,wk inc flu hosp,3,2024-12-07,37,quantile,0.6,4.937
2024-11-16,wk inc flu hosp,3,2024-12-07,37,quantile,0.65,7.173
2024-11-16,wk inc flu hosp,3,2024-12-07,37,quantile,0.7,9.643
2024-11-16,wk inc flu hosp,3,2024-12-07,37,quantile,0.75,15.019
2024-11-16,wk inc flu hosp,3,2024-12-07,37,quantile,0.8,23.026
2024-11-16,wk inc flu hosp,3,2024-12-07,37,quantile,0.85,39.014
2024-11-16,wk inc flu hosp,3,2024-12-07,37,quantile,0.9,64.625
2024-11-16,wk inc flu hosp,3,2024-12-07,37,quantile,0.95,193.182
2024-11-16,wk inc flu hosp,3,2024-12-07,37,quantile,0.975,374.595
2024-11-16,wk inc flu hosp,3,2024-12-07,37,quantile,0.99,755.771
2024-11-16,wk inc flu hosp,0,2024-11-16,38,quantile,0.01,0.001
2024-11-16,wk inc flu hosp,0,2024-11-16,38,quantile,0.025,0.005
2024-11-16,wk inc flu hosp,0,2024-11-16,38,quantile,0.05,0.01
2024-11-16,wk inc flu hosp,0,2024-11-16,38,quantile,0.1,0.023
2024-11-16,wk inc flu hosp,0,2024-11-16,38,quantile,0.15,0.04
2024-11-16,wk inc flu hosp,0,2024-11-16,38,quantile,0.2,0.066
2024-11-16,wk inc flu hosp,0,2024-11-16,38,quantile,0.25,0.095
2024-11-16,wk inc flu hosp,0,2024-11-16,38,quantile,0.3,0.132
2024-11-16,wk inc flu hosp,0,2024-11-16,38,quantile,0.35,0.183
2024-11-16,wk inc flu hosp,0,2024-11-16,38,quantile,0.4,0.247
2024-11-16,wk inc flu hosp,0,2024-11-16,38,quantile,0.45,0.315
2024-11-16,wk inc flu hosp,0,2024-11-16,38,quantile,0.5,0.402
2024-11-16,wk inc flu hosp,0,2024-11-16,38,quantile,0.55,0.48
2024-11-16,wk inc flu hosp,0,2024-11-16,38,quantile,0.6,0.574
2024-11-16,wk inc flu hosp,0,2024-11-16,38,quantile,0.65,0.712
2024-11-16,wk inc flu hosp,0,2024-11-16,38,quantile,0.7,0.897
2024-11-16,wk inc flu hosp,0,2024-11-16,38,quantile,0.75,1.17
2024-11-16,wk inc flu hosp,0,2024-11-16,38,quantile,0.8,1.365
2024-11-16,wk inc flu hosp,0,2024-11-16,38,quantile,0.85,1.772
2024-11-16,wk inc flu hosp,0,2024-11-16,38,quantile,0.9,2.572
2024-11-16,wk inc flu hosp,0,2024-11-16,38,quantile,0.95,4.247
2024-11-16,wk inc flu hosp,0,2024-11-16,38,quantile,0.975,6.136
2024-11-16,wk inc flu hosp,0,2024-11-16,38,quantile,0.99,7.556
2024-11-16,wk inc flu hosp,1,2024-11-23,38,quantile,0.01,0.0
2024-11-16,wk inc flu hosp,1,2024-11-23,38,quantile,0.025,0.0
2024-11-16,wk inc flu hosp,1,2024-11-23,38,quantile,0.05,0.001
2024-11-16,wk inc flu hosp,1,2024-11-23,38,quantile,0.1,0.003
2024-11-16,wk inc flu hosp,1,2024-11-23,38,quantile,0.15,0.007
2024-11-16,wk inc flu hosp,1,2024-11-23,38,quantile,0.2,0.013
2024-11-16,wk inc flu hosp,1,2024-11-23,38,quantile,0.25,0.023
2024-11-16,wk inc flu hosp,1,2024-11-23,38,quantile,0.3,0.045
2024-11-16,wk inc flu hosp,1,2024-11-23,38,quantile,0.35,0.067
2024-11-16,wk inc flu hosp,1,2024-11-23,38,quantile,0.4,0.099
2024-11-16,wk inc flu hosp,1,2024-11-23,38,quantile,0.45,0.149
2024-11-16,wk inc flu hosp,1,2024-11-23,38,quantile,0.5,0.199
2024-11-16,wk inc flu hosp,1,2024-11-23,38,quantile,0.55,0.271
2024-11-16,wk inc flu hosp,1,2024-11-23,38,quantile,0.6,0.342
2024-11-16,wk inc flu hosp,1,2024-11-23,38,quantile,0.65,0.484
2024-11-16,wk inc flu hosp,1,2024-11-23,38,quantile,0.7,0.661
2024-11-16,wk inc flu hosp,1,2024-11-23,38,quantile,0.75,0.974
2024-11-16,wk inc flu hosp,1,2024-11-23,38,quantile,0.8,1.362
2024-11-16,wk inc flu hosp,1,2024-11-23,38,quantile,0.85,1.943
2024-11-16,wk inc flu hosp,1,2024-11-23,38,quantile,0.9,3.249
2024-11-16,wk inc flu hosp,1,2024-11-23,38,quantile,0.95,6.697
2024-11-16,wk inc flu hosp,1,2024-11-23,38,quantile,0.975,9.361
2024-11-16,wk inc flu hosp,1,2024-11-23,38,quantile,0.99,15.168
2024-11-16,wk inc flu hosp,2,2024-11-30,38,quantile,0.01,0.0
2024-11-16,wk inc flu hosp,2,2024-11-30,38,quantile,0.025,0.0
2024-11-16,wk inc flu hosp,2,2024-11-30,38,quantile,0.05,0.0
2024-11-16,wk inc flu hosp,2,2024-11-30,38,quantile,0.1,0.0
2024-11-16,wk inc flu hosp,2,2024-11-30,38,quantile,0.15,0.001
2024-11-16,wk inc flu hosp,2,2024-11-30,38,quantile,0.2,0.003
2024-11-16,wk inc flu hosp,2,2024-11-30,38,quantile,0.25,0.007
2024-11-16,wk inc flu hosp,2,2024-11-30,38,quantile,0.3,0.013
2024-11-16,wk inc flu hosp,2,2024-11-30,38,quantile,0.35,0.022
2024-11-16,wk inc flu hosp,2,2024-11-30,38,quantile,0.4,0.037
2024-11-16,wk inc flu hosp,2,2024-11-30,38,quantile,0.45,0.068
2024-11-16,wk inc flu hosp,2,2024-11-30,38,quantile,0.5,0.1
2024-11-16,wk inc flu hosp,2,2024-11-30,38,quantile,0.55,0.154
2024-11-16,wk inc flu hosp,2,2024-11-30,38,quantile,0.6,0.224
2024-11-16,wk inc flu hosp,2,2024-11-30,38,quantile,0.65,0.331
2024-11-16,wk inc flu hosp,2,2024-11-30,38,quantile,0.7,0.49
2024-11-16,wk inc flu hosp,2,2024-11-30,38,quantile,0.75,0.839
2024-11-16,wk inc flu hosp,2,2024-11-30,38,quantile,0.8,1.288
2024-11-16,wk inc flu hosp,2,2024-11-30,38,quantile,0.85,2.276
2024-11-16,wk inc flu hosp,2,2024-11-30,38,quantile,0.9,4.176
2024-11-16,wk inc flu hosp,2,2024-11-30,38,quantile,0.95,9.504
2024-11-16,wk inc flu hosp,2,2024-11-30,38,quantile,0.975,16.792
2024-11-16,wk inc flu hosp,2,2024-11-30,38,quantile,0.99,35.449
2024-11-16,wk inc flu hosp,3,2024-12-07,38,quantile,0.01,0.0
2024-11-16,wk inc flu hosp,3,2024-12-07,38,quantile,0.025,0.0
2024-11-16,wk inc flu hosp,3,2024-12-07,38,quantile,0.05,0.0
2024-11-16,wk inc flu hosp,3,2024-12-07,38,quantile,0.1,0.0
2024-11-16,wk inc flu hosp,3,2024-12-07,38,quantile,0.15,0.0
2024-11-16,wk inc flu hosp,3,2024-12-07,38,quantile,0.2,0.0
2024-11-16,wk inc flu hosp,3,2024-12-07,38,quantile,0.25,0.002
2024-11-16,wk inc flu hosp,3,2024-12-07,38,quantile,0.3,0.004
2024-11-16,wk inc flu hosp,3,2024-12-07,38,quantile,0.35,0.008
2024-11-16,wk inc flu hosp,3,2024-12-07,38,quantile,0.4,0.015
2024-11-16,wk inc flu hosp,3,2024-12-07,38,quantile,0.45,0.032
2024-11-16,wk inc flu hosp,3,2024-12-07,38,quantile,0.5,0.051
2024-11-16,wk inc flu hosp,3,2024-12-07,38,quantile,0.55,0.086
2024-11-16,wk inc flu hosp,3,2024-12-07,38,quantile,0.6,0.137
2024-11-16,wk inc flu hosp,3,2024-12-07,38,quantile,0.65,0.225
2024-11-16,wk inc flu hosp,3,2024-12-07,38,quantile,0.7,0.363
2024-11-16,wk inc flu hosp,3,2024-12-07,38,quantile,0.75,0.717
2024-11-16,wk inc flu hosp,3,2024-12-07,38,quantile,0.8,1.209
2024-11-16,wk inc flu hosp,3,2024-12-07,38,quantile,0.85,2.396
2024-11-16,wk inc flu hosp,3,2024-12-07,38,quantile,0.9,5.333
2024-11-16,wk inc flu hosp,3,2024-12-07,38,quantile,0.95,12.567
2024-11-16,wk inc flu hosp,3,2024-12-07,38,quantile,0.975,27.478
2024-11-16,wk inc flu hosp,3,2024-12-07,38,quantile,0.99,65.519
2024-11-16,wk inc flu hosp,0,2024-11-16,39,quantile,0.01,44.596
2024-11-16,wk inc flu hosp,0,2024-11-16,39,quantile,0.025,106.303
2024-11-16,wk inc flu hosp,0,2024-11-16,39,quantile,0.05,165.282
2024-11-16,wk inc flu hosp,0,2024-11-16,39,quantile,0.1,242.196
2024-11-16,wk inc flu hosp,0,2024-11-16,39,quantile,0.15,336.699
2024-11-16,wk inc flu hosp,0,2024-11-16,39,quantile,0.2,434.766
2024-11-16,wk inc flu hosp,0,2024-11-16,39,quantile,0.25,506.466
2024-11-16,wk inc flu hosp,0,2024-11-16,39,quantile,0.3,557.57
2024-11-16,wk inc flu hosp,0,2024-11-16,39,quantile,0.35,633.614
2024-11-16,wk inc flu hosp,0,2024-11-16,39,quantile,0.4,716.75
2024-11-16,wk inc flu hosp,0,2024-11-16,39,quantile,0.45,796.756
2024-11-16,wk inc flu hosp,0,2024-11-16,39,quantile,0.5,870.88
2024-11-16,wk inc flu hosp,0,2024-11-16,39,quantile,0.55,971.198
2024-11-16,wk inc flu hosp,0,2024-11-16,39,quantile,0.6,1047.895
2024-11-16,wk inc flu hosp,0,2024-11-16,39,quantile,0.65,1170.695
2024-11-16,wk inc flu hosp,0,2024-11-16,39,quantile,0.7,1340.351
2024-11-16,wk inc flu hosp,0,2024-11-16,39,quantile,0.75,1528.043
2024-11-16,wk inc flu hosp,0,2024-11-16,39,quantile,0.8,1725.174
2024-11-16,wk inc flu hosp,0,2024-11-16,39,quantile,0.85,1944.135
2024-11-16,wk inc flu hosp,0,2024-11-16,39,quantile,0.9,2225.747
2024-11-16,wk inc flu hosp,0,2024-11-16,39,quantile,0.95,2818.089
2024-11-16,wk inc flu hosp,0,2024-11-16,39,quantile,0.975,3305.428
2024-11-16,wk inc flu hosp,0,2024-11-16,39,quantile,0.99,3972.451
2024-11-16,wk inc flu hosp,1,2024-11-23,39,quantile,0.01,32.631
2024-11-16,wk inc flu hosp,1,2024-11-23,39,quantile,0.025,69.682
2024-11-16,wk inc flu hosp,1,2024-11-23,39,quantile,0.05,118.336
2024-11-16,wk inc flu hosp,1,2024-11-23,39,quantile,0.1,220.471
2024-11-16,wk inc flu hosp,1,2024-11-23,39,quantile,0.15,314.819
2024-11-16,wk inc flu hosp,1,2024-11-23,39,quantile,0.2,398.751
2024-11-16,wk inc flu hosp,1,2024-11-23,39,quantile,0.25,511.661
2024-11-16,wk inc flu hosp,1,2024-11-23,39,quantile,0.3,625.691
2024-11-16,wk inc flu hosp,1,2024-11-23,39,quantile,0.35,741.228
2024-11-16,wk inc flu hosp,1,2024-11-23,39,quantile,0.4,864.823
2024-11-16,wk inc flu hosp,1,2024-11-23,39,quantile,0.45,1045.63
2024-11-16,wk inc flu hosp,1,2024-11-23,39,quantile,0.5,1194.136
2024-11-16,wk inc flu hosp,1,2024-11-23,39,quantile,0.55,1331.325
2024-11-16,wk inc flu hosp,1,2024-11-23,39,quantile,0.6,1473.425
2024-11-16,wk inc flu hosp,1,2024-11-23,39,quantile,0.65,1689.571
2024-11-16,wk inc flu hosp,1,2024-11-23,39,quantile,0.7,1959.946
2024-11-16,wk inc flu hosp,1,2024-11-23,39,quantile,0.75,2291.8
2024-11-16,wk inc flu hosp,1,2024-11-23,39,quantile,0.8,2699.196
2024-11-16,wk inc flu hosp,1,2024-11-23,39,quantile,0.85,2984.309
2024-11-16,wk inc flu hosp,1,2024-11-23,39,quantile,0.9,3588.563
2024-11-16,wk inc flu hosp,1,2024-11-23,39,quantile,0.95,4179.958
2024-11-16,wk inc flu hosp,1,2024-11-23,39,quantile,0.975,4987.117
2024-11-16,wk inc flu hosp,1,2024-11-23,39,quantile,0.99,5864.184
2024-11-16,wk inc flu hosp,2,2024-11-30,39,quantile,0.01,14.692
2024-11-16,wk inc flu hosp,2,2024-11-30,39,quantile,0.025,36.743
2024-11-16,wk inc flu hosp,2,2024-11-30,39,quantile,0.05,75.902
2024-11-16,wk inc flu hosp,2,2024-11-30,39,quantile,0.1,176.666
2024-11-16,wk inc flu hosp,2,2024-11-30,39,quantile,0.15,270.214
2024-11-16,wk inc flu hosp,2,2024-11-30,39,quantile,0.2,366.076
2024-11-16,wk inc flu hosp,2,2024-11-30,39,quantile,0.25,489.502
2024-11-16,wk inc flu hosp,2,2024-11-30,39,quantile,0.3,613.585
2024-11-16,wk inc flu hosp,2,2024-11-30,39,quantile,0.35,811.151
2024-11-16,wk inc flu hosp,2,2024-11-30,39,quantile,0.4,979.048
2024-11-16,wk inc flu hosp,2,2024-11-30,39,quantile,0.45,1154.342
2024-11-16,wk inc flu hosp,2,2024-11-30,39,quantile,0.5,1340.476
2024-11-16,wk inc flu hosp,2,2024-11-30,39,quantile,0.55,1521.642
2024-11-16,wk inc flu hosp,2,2024-11-30,39,quantile,0.6,1707.167
2024-11-16,wk inc flu hosp,2,2024-11-30,39,quantile,0.65,1959.134
2024-11-16,wk inc flu hosp,2,2024-11-30,39,quantile,0.7,2230.299
2024-11-16,wk inc flu hosp,2,2024-11-30,39,quantile,0.75,2522.13
2024-11-16,wk inc flu hosp,2,2024-11-30,39,quantile,0.8,2722.846
2024-11-16,wk inc flu hosp,2,2024-11-30,39,quantile,0.85,3148.856
2024-11-16,wk inc flu hosp,2,2024-11-30,39,quantile,0.9,3532.747
2024-11-16,wk inc flu hosp,2,2024-11-30,39,quantile,0.95,4078.828
2024-11-16,wk inc flu hosp,2,2024-11-30,39,quantile,0.975,4565.073
2024-11-16,wk inc flu hosp,2,2024-11-30,39,quantile,0.99,5224.579
2024-11-16,wk inc flu hosp,3,2024-12-07,39,quantile,0.01,5.717
2024-11-16,wk inc flu hosp,3,2024-12-07,39,quantile,0.025,18.46
2024-11-16,wk inc flu hosp,3,2024-12-07,39,quantile,0.05,50.541
2024-11-16,wk inc flu hosp,3,2024-12-07,39,quantile,0.1,122.052
2024-11-16,wk inc flu hosp,3,2024-12-07,39,quantile,0.15,222.67
2024-11-16,wk inc flu hosp,3,2024-12-07,39,quantile,0.2,329.927
2024-11-16,wk inc flu hosp,3,2024-12-07,39,quantile,0.25,457.341
2024-11-16,wk inc flu hosp,3,2024-12-07,39,quantile,0.3,575.612
2024-11-16,wk inc flu hosp,3,2024-12-07,39,quantile,0.35,742.403
2024-11-16,wk inc flu hosp,3,2024-12-07,39,quantile,0.4,906.033
2024-11-16,wk inc flu hosp,3,2024-12-07,39,quantile,0.45,1016.743
2024-11-16,wk inc flu hosp,3,2024-12-07,39,quantile,0.5,1169.953
2024-11-16,wk inc flu hosp,3,2024-12-07,39,quantile,0.55,1309.79
2024-11-16,wk inc flu hosp,3,2024-12-07,39,quantile,0.6,1424.472
2024-11-16,wk inc flu hosp,3,2024-12-07,39,quantile,0.65,1543.679
2024-11-16,wk inc flu hosp,3,2024-12-07,39,quantile,0.7,1658.564
2024-11-16,wk inc flu hosp,3,2024-12-07,39,quantile,0.75,1846.228
2024-11-16,wk inc flu hosp,3,2024-12-07,39,quantile,0.8,2016.973
2024-11-16,wk inc flu hosp,3,2024-12-07,39,quantile,0.85,2159.975
2024-11-16,wk inc flu hosp,3,2024-12-07,39,quantile,0.9,2364.049
2024-11-16,wk inc flu hosp,3,2024-12-07,39,quantile,0.95,2720.239
2024-11-16,wk inc flu hosp,3,2024-12-07,39,quantile,0.975,3052.785
2024-11-16,wk inc flu hosp,3,2024-12-07,39,quantile,0.99,3466.293
2024-11-16,wk inc flu hosp,0,2024-11-16,40,quantile,0.01,0.418
2024-11-16,wk inc flu hosp,0,2024-11-16,40,quantile,0.025,0.631
2024-11-16,wk inc flu hosp,0,2024-11-16,40,quantile,0.05,0.845
2024-11-16,wk inc flu hosp,0,2024-11-16,40,quantile,0.1,1.137
2024-11-16,wk inc flu hosp,0,2024-11-16,40,quantile,0.15,1.406
2024-11-16,wk inc flu hosp,0,2024-11-16,40,quantile,0.2,1.83
2024-11-16,wk inc flu hosp,0,2024-11-16,40,quantile,0.25,2.215
2024-11-16,wk inc flu hosp,0,2024-11-16,40,quantile,0.3,2.637
2024-11-16,wk inc flu hosp,0,2024-11-16,40,quantile,0.35,3.0
2024-11-16,wk inc flu hosp,0,2024-11-16,40,quantile,0.4,3.674
2024-11-16,wk inc flu hosp,0,2024-11-16,40,quantile,0.45,4.288
2024-11-16,wk inc flu hosp,0,2024-11-16,40,quantile,0.5,4.99
2024-11-16,wk inc flu hosp,0,2024-11-16,40,quantile,0.55,5.677
2024-11-16,wk inc flu hosp,0,2024-11-16,40,quantile,0.6,6.28
2024-11-16,wk inc flu hosp,0,2024-11-16,40,quantile,0.65,7.234
2024-11-16,wk inc flu hosp,0,2024-11-16,40,quantile,0.7,8.361
2024-11-16,wk inc flu hosp,0,2024-11-16,40,quantile,0.75,9.177
2024-11-16,wk inc flu hosp,0,2024-11-16,40,quantile,0.8,10.735
2024-11-16,wk inc flu hosp,0,2024-11-16,40,quantile,0.85,13.702
2024-11-16,wk inc flu hosp,0,2024-11-16,40,quantile,0.9,17.526
2024-11-16,wk inc flu hosp,0,2024-11-16,40,quantile,0.95,27.773
2024-11-16,wk inc flu hosp,0,2024-11-16,40,quantile,0.975,35.292
2024-11-16,wk inc flu hosp,0,2024-11-16,40,quantile,0.99,50.532
2024-11-16,wk inc flu hosp,1,2024-11-23,40,quantile,0.01,0.02
2024-11-16,wk inc flu hosp,1,2024-11-23,40,quantile,0.025,0.045
2024-11-16,wk inc flu hosp,1,2024-11-23,40,quantile,0.05,0.083
2024-11-16,wk inc flu hosp,1,2024-11-23,40,quantile,0.1,0.171
2024-11-16,wk inc flu hosp,1,2024-11-23,40,quantile,0.15,0.3
2024-11-16,wk inc flu hosp,1,2024-11-23,40,quantile,0.2,0.472
2024-11-16,wk inc flu hosp,1,2024-11-23,40,quantile,0.25,0.661
2024-11-16,wk inc flu hosp,1,2024-11-23,40,quantile,0.3,0.94
2024-11-16,wk inc flu hosp,1,2024-11-23,40,quantile,0.35,1.258
2024-11-16,wk inc flu hosp,1,2024-11-23,40,quantile,0.4,1.711
2024-11-16,wk inc flu hosp,1,2024-11-23,40,quantile,0.45,2.308
2024-11-16,wk inc flu hosp,1,2024-11-23,40,quantile,0.5,2.867
2024-11-16,wk inc flu hosp,1,2024-11-23,40,quantile,0.55,3.518
2024-11-16,wk inc flu hosp,1,2024-11-23,40,quantile,0.6,4.302
2024-11-16,wk inc flu hosp,1,2024-11-23,40,quantile,0.65,5.276
2024-11-16,wk inc flu hosp,1,2024-11-23,40,quantile,0.7,6.796
2024-11-16,wk inc flu hosp,1,2024-11-23,40,quantile,0.75,8.528
2024-11-16,wk inc flu hosp,1,2024-11-23,40,quantile,0.8,11.326
2024-11-16,wk inc flu hosp,1,2024-11-23,40,quantile,0.85,16.225
2024-11-16,wk inc flu hosp,1,2024-11-23,40,quantile,0.9,24.905
2024-11-16,wk inc flu hosp,1,2024-11-23,40,quantile,0.95,44.439
2024-11-16,wk inc flu hosp,1,2024-11-23,40,quantile,0.975,65.865
2024-11-16,wk inc flu hosp,1,2024-11-23,40,quantile,0.99,104.949
2024-11-16,wk inc flu hosp,2,2024-11-30,40,quantile,0.01,0.001
2024-11-16,wk inc flu hosp,2,2024-11-30,40,quantile,0.025,0.003
2024-11-16,wk inc flu hosp,2,2024-11-30,40,quantile,0.05,0.008
2024-11-16,wk inc flu hosp,2,2024-11-30,40,quantile,0.1,0.029
2024-11-16,wk inc flu hosp,2,2024-11-30,40,quantile,0.15,0.058
2024-11-16,wk inc flu hosp,2,2024-11-30,40,quantile,0.2,0.119
2024-11-16,wk inc flu hosp,2,2024-11-30,40,quantile,0.25,0.205
2024-11-16,wk inc flu hosp,2,2024-11-30,40,quantile,0.3,0.349
2024-11-16,wk inc flu hosp,2,2024-11-30,40,quantile,0.35,0.528
2024-11-16,wk inc flu hosp,2,2024-11-30,40,quantile,0.4,0.798
2024-11-16,wk inc flu hosp,2,2024-11-30,40,quantile,0.45,1.176
2024-11-16,wk inc flu hosp,2,2024-11-30,40,quantile,0.5,1.658
2024-11-16,wk inc flu hosp,2,2024-11-30,40,quantile,0.55,2.271
2024-11-16,wk inc flu hosp,2,2024-11-30,40,quantile,0.6,2.945
2024-11-16,wk inc flu hosp,2,2024-11-30,40,quantile,0.65,3.952
2024-11-16,wk inc flu hosp,2,2024-11-30,40,quantile,0.7,5.598
2024-11-16,wk inc flu hosp,2,2024-11-30,40,quantile,0.75,7.871
2024-11-16,wk inc flu hosp,2,2024-11-30,40,quantile,0.8,11.701
2024-11-16,wk inc flu hosp,2,2024-11-30,40,quantile,0.85,19.113
2024-11-16,wk inc flu hosp,2,2024-11-30,40,quantile,0.9,34.001
2024-11-16,wk inc flu hosp,2,2024-11-30,40,quantile,0.95,67.387
2024-11-16,wk inc flu hosp,2,2024-11-30,40,quantile,0.975,119.454
2024-11-16,wk inc flu hosp,2,2024-11-30,40,quantile,0.99,179.833
2024-11-16,wk inc flu hosp,3,2024-12-07,40,quantile,0.01,0.0
2024-11-16,wk inc flu hosp,3,2024-12-07,40,quantile,0.025,0.0
2024-11-16,wk inc flu hosp,3,2024-12-07,40,quantile,0.05,0.001
2024-11-16,wk inc flu hosp,3,2024-12-07,40,quantile,0.1,0.005
2024-11-16,wk inc flu hosp,3,2024-12-07,40,quantile,0.15,0.012
2024-11-16,wk inc flu hosp,3,2024-12-07,40,quantile,0.2,0.027
2024-11-16,wk inc flu hosp,3,2024-12-07,40,quantile,0.25,0.065
2024-11-16,wk inc flu hosp,3,2024-12-07,40,quantile,0.3,0.127
2024-11-16,wk inc flu hosp,3,2024-12-07,40,quantile,0.35,0.227
2024-11-16,wk inc flu hosp,3,2024-12-07,40,quantile,0.4,0.378
2024-11-16,wk inc flu hosp,3,2024-12-07,40,quantile,0.45,0.588
2024-11-16,wk inc flu hosp,3,2024-12-07,40,quantile,0.5,0.992
2024-11-16,wk inc flu hosp,3,2024-12-07,40,quantile,0.55,1.478
2024-11-16,wk inc flu hosp,3,2024-12-07,40,quantile,0.6,1.956
2024-11-16,wk inc flu hosp,3,2024-12-07,40,quantile,0.65,2.948
2024-11-16,wk inc flu hosp,3,2024-12-07,40,quantile,0.7,4.463
2024-11-16,wk inc flu hosp,3,2024-12-07,40,quantile,0.75,7.34
2024-11-16,wk inc flu hosp,3,2024-12-07,40,quantile,0.8,10.983
2024-11-16,wk inc flu hosp,3,2024-12-07,40,quantile,0.85,22.736
2024-11-16,wk inc flu hosp,3,2024-12-07,40,quantile,0.9,42.21
2024-11-16,wk inc flu hosp,3,2024-12-07,40,quantile,0.95,90.489
2024-11-16,wk inc flu hosp,3,2024-12-07,40,quantile,0.975,205.952
2024-11-16,wk inc flu hosp,3,2024-12-07,40,quantile,0.99,282.544
2024-11-16,wk inc flu hosp,0,2024-11-16,41,quantile,0.01,1.01
2024-11-16,wk inc flu hosp,0,2024-11-16,41,quantile,0.025,1.327
2024-11-16,wk inc flu hosp,0,2024-11-16,41,quantile,0.05,1.94
2024-11-16,wk inc flu hosp,0,2024-11-16,41,quantile,0.1,2.626
2024-11-16,wk inc flu hosp,0,2024-11-16,41,quantile,0.15,3.277
2024-11-16,wk inc flu hosp,0,2024-11-16,41,quantile,0.2,3.949
2024-11-16,wk inc flu hosp,0,2024-11-16,41,quantile,0.25,4.667
2024-11-16,wk inc flu hosp,0,2024-11-16,41,quantile,0.3,5.378
2024-11-16,wk inc flu hosp,0,2024-11-16,41,quantile,0.35,6.34
2024-11-16,wk inc flu hosp,0,2024-11-16,41,quantile,0.4,7.175
2024-11-16,wk inc flu hosp,0,2024-11-16,41,quantile,0.45,8.107
2024-11-16,wk inc flu hosp,0,2024-11-16,41,quantile,0.5,9.141
2024-11-16,wk inc flu hosp,0,2024-11-16,41,quantile,0.55,10.099
2024-11-16,wk inc flu hosp,0,2024-11-16,41,quantile,0.6,11.242
2024-11-16,wk inc flu hosp,0,2024-11-16,41,quantile,0.65,12.631
2024-11-16,wk inc flu hosp,0,2024-11-16,41,quantile,0.7,14.295
2024-11-16,wk inc flu hosp,0,2024-11-16,41,quantile,0.75,15.7
2024-11-16,wk inc flu hosp,0,2024-11-16,41,quantile,0.8,19.227
2024-11-16,wk inc flu hosp,0,2024-11-16,41,quantile,0.85,22.955
2024-11-16,wk inc flu hosp,0,2024-11-16,41,quantile,0.9,30.062
2024-11-16,wk inc flu hosp,0,2024-11-16,41,quantile,0.95,44.274
2024-11-16,wk inc flu hosp,0,2024-11-16,41,quantile,0.975,54.948
2024-11-16,wk inc flu hosp,0,2024-11-16,41,quantile,0.99,62.824
2024-11-16,wk inc flu hosp,1,2024-11-23,41,quantile,0.01,0.075
2024-11-16,wk inc flu hosp,1,2024-11-23,41,quantile,0.025,0.169
2024-11-16,wk inc flu hosp,1,2024-11-23,41,quantile,0.05,0.312
2024-11-16,wk inc flu hosp,1,2024-11-23,41,quantile,0.1,0.561
2024-11-16,wk inc flu hosp,1,2024-11-23,41,quantile,0.15,0.942
2024-11-16,wk inc flu hosp,1,2024-11-23,41,quantile,0.2,1.363
2024-11-16,wk inc flu hosp,1,2024-11-23,41,quantile,0.25,1.842
2024-11-16,wk inc flu hosp,1,2024-11-23,41,quantile,0.3,2.428
2024-11-16,wk inc flu hosp,1,2024-11-23,41,quantile,0.35,3.212
2024-11-16,wk inc flu hosp,1,2024-11-23,41,quantile,0.4,4.06
2024-11-16,wk inc flu hosp,1,2024-11-23,41,quantile,0.45,4.943
2024-11-16,wk inc flu hosp,1,2024-11-23,41,quantile,0.5,5.92
2024-11-16,wk inc flu hosp,1,2024-11-23,41,quantile,0.55,7.174
2024-11-16,wk inc flu hosp,1,2024-11-23,41,quantile,0.6,8.86
2024-11-16,wk inc flu hosp,1,2024-11-23,41,quantile,0.65,11.027
2024-11-16,wk inc flu hosp,1,2024-11-23,41,quantile,0.7,13.292
2024-11-16,wk inc flu hosp,1,2024-11-23,41,quantile,0.75,17.295
2024-11-16,wk inc flu hosp,1,2024-11-23,41,quantile,0.8,20.441
2024-11-16,wk inc flu hosp,1,2024-11-23,41,quantile,0.85,26.984
2024-11-16,wk inc flu hosp,1,2024-11-23,41,quantile,0.9,41.718
2024-11-16,wk inc flu hosp,1,2024-11-23,41,quantile,0.95,72.948
2024-11-16,wk inc flu hosp,1,2024-11-23,41,quantile,0.975,96.389
2024-11-16,wk inc flu hosp,1,2024-11-23,41,quantile,0.99,121.993
2024-11-16,wk inc flu hosp,2,2024-11-30,41,quantile,0.01,0.004
2024-11-16,wk inc flu hosp,2,2024-11-30,41,quantile,0.025,0.018
2024-11-16,wk inc flu hosp,2,2024-11-30,41,quantile,0.05,0.051
2024-11-16,wk inc flu hosp,2,2024-11-30,41,quantile,0.1,0.123
2024-11-16,wk inc flu hosp,2,2024-11-30,41,quantile,0.15,0.259
2024-11-16,wk inc flu hosp,2,2024-11-30,41,quantile,0.2,0.472
2024-11-16,wk inc flu hosp,2,2024-11-30,41,quantile,0.25,0.755
2024-11-16,wk inc flu hosp,2,2024-11-30,41,quantile,0.3,1.14
2024-11-16,wk inc flu hosp,2,2024-11-30,41,quantile,0.35,1.59
2024-11-16,wk inc flu hosp,2,2024-11-30,41,quantile,0.4,2.288
2024-11-16,wk inc flu hosp,2,2024-11-30,41,quantile,0.45,2.964
2024-11-16,wk inc flu hosp,2,2024-11-30,41,quantile,0.5,3.944
2024-11-16,wk inc flu hosp,2,2024-11-30,41,quantile,0.55,5.023
2024-11-16,wk inc flu hosp,2,2024-11-30,41,quantile,0.6,6.66
2024-11-16,wk inc flu hosp,2,2024-11-30,41,quantile,0.65,9.801
2024-11-16,wk inc flu hosp,2,2024-11-30,41,quantile,0.7,12.572
2024-11-16,wk inc flu hosp,2,2024-11-30,41,quantile,0.75,17.253
2024-11-16,wk inc flu hosp,2,2024-11-30,41,quantile,0.8,25.142
2024-11-16,wk inc flu hosp,2,2024-11-30,41,quantile,0.85,34.233
2024-11-16,wk inc flu hosp,2,2024-11-30,41,quantile,0.9,57.397
2024-11-16,wk inc flu hosp,2,2024-11-30,41,quantile,0.95,115.85
2024-11-16,wk inc flu hosp,2,2024-11-30,41,quantile,0.975,188.123
2024-11-16,wk inc flu hosp,2,2024-11-30,41,quantile,0.99,268.59
2024-11-16,wk inc flu hosp,3,2024-12-07,41,quantile,0.01,0.0
2024-11-16,wk inc flu hosp,3,2024-12-07,41,quantile,0.025,0.002
2024-11-16,wk inc flu hosp,3,2024-12-07,41,quantile,0.05,0.007
2024-11-16,wk inc flu hosp,3,2024-12-07,41,quantile,0.1,0.027
2024-11-16,wk inc flu hosp,3,2024-12-07,41,quantile,0.15,0.068
2024-11-16,wk inc flu hosp,3,2024-12-07,41,quantile,0.2,0.163
2024-11-16,wk inc flu hosp,3,2024-12-07,41,quantile,0.25,0.292
2024-11-16,wk inc flu hosp,3,2024-12-07,41,quantile,0.3,0.509
2024-11-16,wk inc flu hosp,3,2024-12-07,41,quantile,0.35,0.858
2024-11-16,wk inc flu hosp,3,2024-12-07,41,quantile,0.4,1.328
2024-11-16,wk inc flu hosp,3,2024-12-07,41,quantile,0.45,1.866
2024-11-16,wk inc flu hosp,3,2024-12-07,41,quantile,0.5,2.721
2024-11-16,wk inc flu hosp,3,2024-12-07,41,quantile,0.55,3.705
2024-11-16,wk inc flu hosp,3,2024-12-07,41,quantile,0.6,5.202
2024-11-16,wk inc flu hosp,3,2024-12-07,41,quantile,0.65,8.669
2024-11-16,wk inc flu hosp,3,2024-12-07,41,quantile,0.7,11.857
2024-11-16,wk inc flu hosp,3,2024-12-07,41,quantile,0.75,17.145
2024-11-16,wk inc flu hosp,3,2024-12-07,41,quantile,0.8,27.552
2024-11-16,wk inc flu hosp,3,2024-12-07,41,quantile,0.85,46.719
2024-11-16,wk inc flu hosp,3,2024-12-07,41,quantile,0.9,74.192
2024-11-16,wk inc flu hosp,3,2024-12-07,41,quantile,0.95,177.73
2024-11-16,wk inc flu hosp,3,2024-12-07,41,quantile,0.975,334.995
2024-11-16,wk inc flu hosp,3,2024-12-07,41,quantile,0.99,486.687
2024-11-16,wk inc flu hosp,0,2024-11-16,42,quantile,0.01,4.086
2024-11-16,wk inc flu hosp,0,2024-11-16,42,quantile,0.025,7.154
2024-11-16,wk inc flu hosp,0,2024-11-16,42,quantile,0.05,12.277
2024-11-16,wk inc flu hosp,0,2024-11-16,42,quantile,0.1,20.23
2024-11-16,wk inc flu hosp,0,2024-11-16,42,quantile,0.15,25.727
2024-11-16,wk inc flu hosp,0,2024-11-16,42,quantile,0.2,31.107
2024-11-16,wk inc flu hosp,0,2024-11-16,42,quantile,0.25,37.052
2024-11-16,wk inc flu hosp,0,2024-11-16,42,quantile,0.3,41.602
2024-11-16,wk inc flu hosp,0,2024-11-16,42,quantile,0.35,46.247
2024-11-16,wk inc flu hosp,0,2024-11-16,42,quantile,0.4,51.606
2024-11-16,wk inc flu hosp,0,2024-11-16,42,quantile,0.45,57.631
2024-11-16,wk inc flu hosp,0,2024-11-16,42,quantile,0.5,63.211
2024-11-16,wk inc flu hosp,0,2024-11-16,42,quantile,0.55,69.959
2024-11-16,wk inc flu hosp,0,2024-11-16,42,quantile,0.6,77.038
2024-11-16,wk inc flu hosp,0,2024-11-16,42,quantile,0.65,84.608
2024-11-16,wk inc flu hosp,0,2024-11-16,42,quantile,0.7,96.367
2024-11-16,wk inc flu hosp,0,2024-11-16,42,quantile,0.75,107.446
2024-11-16,wk inc flu hosp,0,2024-11-16,42,quantile,0.8,125.288
2024-11-16,wk inc flu hosp,0,2024-11-16,42,quantile,0.85,145.993
2024-11-16,wk inc flu hosp,0,2024-11-16,42,quantile,0.9,186.495
2024-11-16,wk inc flu hosp,0,2024-11-16,42,quantile,0.95,245.349
2024-11-16,wk inc flu hosp,0,2024-11-16,42,quantile,0.975,302.587
2024-11-16,wk inc flu hosp,0,2024-11-16,42,quantile,0.99,372.655
2024-11-16,wk inc flu hosp,1,2024-11-23,42,quantile,0.01,0.856
2024-11-16,wk inc flu hosp,1,2024-11-23,42,quantile,0.025,1.85
2024-11-16,wk inc flu hosp,1,2024-11-23,42,quantile,0.05,3.477
2024-11-16,wk inc flu hosp,1,2024-11-23,42,quantile,0.1,6.598
2024-11-16,wk inc flu hosp,1,2024-11-23,42,quantile,0.15,10.122
2024-11-16,wk inc flu hosp,1,2024-11-23,42,quantile,0.2,14.389
2024-11-16,wk inc flu hosp,1,2024-11-23,42,quantile,0.25,19.367
2024-11-16,wk inc flu hosp,1,2024-11-23,42,quantile,0.3,24.105
2024-11-16,wk inc flu hosp,1,2024-11-23,42,quantile,0.35,29.524
2024-11-16,wk inc flu hosp,1,2024-11-23,42,quantile,0.4,35.812
2024-11-16,wk inc flu hosp,1,2024-11-23,42,quantile,0.45,42.166
2024-11-16,wk inc flu hosp,1,2024-11-23,42,quantile,0.5,51.783
2024-11-16,wk inc flu hosp,1,2024-11-23,42,quantile,0.55,60.919
2024-11-16,wk inc flu hosp,1,2024-11-23,42,quantile,0.6,72.302
2024-11-16,wk inc flu hosp,1,2024-11-23,42,quantile,0.65,89.228
2024-11-16,wk inc flu hosp,1,2024-11-23,42,quantile,0.7,111.485
2024-11-16,wk inc flu hosp,1,2024-11-23,42,quantile,0.75,133.359
2024-11-16,wk inc flu hosp,1,2024-11-23,42,quantile,0.8,159.835
2024-11-16,wk inc flu hosp,1,2024-11-23,42,quantile,0.85,207.207
2024-11-16,wk inc flu hosp,1,2024-11-23,42,quantile,0.9,292.613
2024-11-16,wk inc flu hosp,1,2024-11-23,42,quantile,0.95,449.266
2024-11-16,wk inc flu hosp,1,2024-11-23,42,quantile,0.975,628.665
2024-11-16,wk inc flu hosp,1,2024-11-23,42,quantile,0.99,774.619
2024-11-16,wk inc flu hosp,2,2024-11-30,42,quantile,0.01,0.136
2024-11-16,wk inc flu hosp,2,2024-11-30,42,quantile,0.025,0.403
2024-11-16,wk inc flu hosp,2,2024-11-30,42,quantile,0.05,0.838
2024-11-16,wk inc flu hosp,2,2024-11-30,42,quantile,0.1,1.988
2024-11-16,wk inc flu hosp,2,2024-11-30,42,quantile,0.15,3.995
2024-11-16,wk inc flu hosp,2,2024-11-30,42,quantile,0.2,6.443
2024-11-16,wk inc flu hosp,2,2024-11-30,42,quantile,0.25,10.137
2024-11-16,wk inc flu hosp,2,2024-11-30,42,quantile,0.3,14.023
2024-11-16,wk inc flu hosp,2,2024-11-30,42,quantile,0.35,19.524
2024-11-16,wk inc flu hosp,2,2024-11-30,42,quantile,0.4,25.458
2024-11-16,wk inc flu hosp,2,2024-11-30,42,quantile,0.45,30.986
2024-11-16,wk inc flu hosp,2,2024-11-30,42,quantile,0.5,43.173
2024-11-16,wk inc flu hosp,2,2024-11-30,42,quantile,0.55,53.362
2024-11-16,wk inc flu hosp,2,2024-11-30,42,quantile,0.6,70.201
2024-11-16,wk inc flu hosp,2,2024-11-30,42,quantile,0.65,91.927
2024-11-16,wk inc flu hosp,2,2024-11-30,42,quantile,0.7,128.128
2024-11-16,wk inc flu hosp,2,2024-11-30,42,quantile,0.75,168.196
2024-11-16,wk inc flu hosp,2,2024-11-30,42,quantile,0.8,220.812
2024-11-16,wk inc flu hosp,2,2024-11-30,42,quantile,0.85,300.485
2024-11-16,wk inc flu hosp,2,2024-11-30,42,quantile,0.9,466.203
2024-11-16,wk inc flu hosp,2,2024-11-30,42,quantile,0.95,828.086
2024-11-16,wk inc flu hosp,2,2024-11-30,42,quantile,0.975,1328.91
2024-11-16,wk inc flu hosp,2,2024-11-30,42,quantile,0.99,1755.315
2024-11-16,wk inc flu hosp,3,2024-12-07,42,quantile,0.01,0.02
2024-11-16,wk inc flu hosp,3,2024-12-07,42,quantile,0.025,0.085
2024-11-16,wk inc flu hosp,3,2024-12-07,42,quantile,0.05,0.191
2024-11-16,wk inc flu hosp,3,2024-12-07,42,quantile,0.1,0.708
2024-11-16,wk inc flu hosp,3,2024-12-07,42,quantile,0.15,1.65
2024-11-16,wk inc flu hosp,3,2024-12-07,42,quantile,0.2,3.226
2024-11-16,wk inc flu hosp,3,2024-12-07,42,quantile,0.25,5.212
2024-11-16,wk inc flu hosp,3,2024-12-07,42,quantile,0.3,8.114
2024-11-16,wk inc flu hosp,3,2024-12-07,42,quantile,0.35,12.926
2024-11-16,wk inc flu hosp,3,2024-12-07,42,quantile,0.4,17.677
2024-11-16,wk inc flu hosp,3,2024-12-07,42,quantile,0.45,22.914
2024-11-16,wk inc flu hosp,3,2024-12-07,42,quantile,0.5,34.51
2024-11-16,wk inc flu hosp,3,2024-12-07,42,quantile,0.55,49.028
2024-11-16,wk inc flu hosp,3,2024-12-07,42,quantile,0.6,66.813
2024-11-16,wk inc flu hosp,3,2024-12-07,42,quantile,0.65,93.951
2024-11-16,wk inc flu hosp,3,2024-12-07,42,quantile,0.7,144.037
2024-11-16,wk inc flu hosp,3,2024-12-07,42,quantile,0.75,199.012
2024-11-16,wk inc flu hosp,3,2024-12-07,42,quantile,0.8,299.075
2024-11-16,wk inc flu hosp,3,2024-12-07,42,quantile,0.85,398.883
2024-11-16,wk inc flu hosp,3,2024-12-07,42,quantile,0.9,683.593
2024-11-16,wk inc flu hosp,3,2024-12-07,42,quantile,0.95,1225.085
2024-11-16,wk inc flu hosp,3,2024-12-07,42,quantile,0.975,2014.218
2024-11-16,wk inc flu hosp,3,2024-12-07,42,quantile,0.99,2738.537
2024-11-16,wk inc flu hosp,0,2024-11-16,44,quantile,0.01,0.094
2024-11-16,wk inc flu hosp,0,2024-11-16,44,quantile,0.025,0.155
2024-11-16,wk inc flu hosp,0,2024-11-16,44,quantile,0.05,0.197
2024-11-16,wk inc flu hosp,0,2024-11-16,44,quantile,0.1,0.302
2024-11-16,wk inc flu hosp,0,2024-11-16,44,quantile,0.15,0.424
2024-11-16,wk inc flu hosp,0,2024-11-16,44,quantile,0.2,0.55
2024-11-16,wk inc flu hosp,0,2024-11-16,44,quantile,0.25,0.72
2024-11-16,wk inc flu hosp,0,2024-11-16,44,quantile,0.3,0.957
2024-11-16,wk inc flu hosp,0,2024-11-16,44,quantile,0.35,1.142
2024-11-16,wk inc flu hosp,0,2024-11-16,44,quantile,0.4,1.372
2024-11-16,wk inc flu hosp,0,2024-11-16,44,quantile,0.45,1.584
2024-11-16,wk inc flu hosp,0,2024-11-16,44,quantile,0.5,1.889
2024-11-16,wk inc flu hosp,0,2024-11-16,44,quantile,0.55,2.173
2024-11-16,wk inc flu hosp,0,2024-11-16,44,quantile,0.6,2.592
2024-11-16,wk inc flu hosp,0,2024-11-16,44,quantile,0.65,3.057
2024-11-16,wk inc flu hosp,0,2024-11-16,44,quantile,0.7,3.609
2024-11-16,wk inc flu hosp,0,2024-11-16,44,quantile,0.75,4.107
2024-11-16,wk inc flu hosp,0,2024-11-16,44,quantile,0.8,4.966
2024-11-16,wk inc flu hosp,0,2024-11-16,44,quantile,0.85,6.534
2024-11-16,wk inc flu hosp,0,2024-11-16,44,quantile,0.9,8.586
2024-11-16,wk inc flu hosp,0,2024-11-16,44,quantile,0.95,12.764
2024-11-16,wk inc flu hosp,0,2024-11-16,44,quantile,0.975,17.759
2024-11-16,wk inc flu hosp,0,2024-11-16,44,quantile,0.99,23.214
2024-11-16,wk inc flu hosp,1,2024-11-23,44,quantile,0.01,0.006
2024-11-16,wk inc flu hosp,1,2024-11-23,44,quantile,0.025,0.011
2024-11-16,wk inc flu hosp,1,2024-11-23,44,quantile,0.05,0.019
2024-11-16,wk inc flu hosp,1,2024-11-23,44,quantile,0.1,0.044
2024-11-16,wk inc flu hosp,1,2024-11-23,44,quantile,0.15,0.092
2024-11-16,wk inc flu hosp,1,2024-11-23,44,quantile,0.2,0.146
2024-11-16,wk inc flu hosp,1,2024-11-23,44,quantile,0.25,0.241
2024-11-16,wk inc flu hosp,1,2024-11-23,44,quantile,0.3,0.363
2024-11-16,wk inc flu hosp,1,2024-11-23,44,quantile,0.35,0.514
2024-11-16,wk inc flu hosp,1,2024-11-23,44,quantile,0.4,0.665
2024-11-16,wk inc flu hosp,1,2024-11-23,44,quantile,0.45,0.932
2024-11-16,wk inc flu hosp,1,2024-11-23,44,quantile,0.5,1.302
2024-11-16,wk inc flu hosp,1,2024-11-23,44,quantile,0.55,1.705
2024-11-16,wk inc flu hosp,1,2024-11-23,44,quantile,0.6,2.1
2024-11-16,wk inc flu hosp,1,2024-11-23,44,quantile,0.65,2.905
2024-11-16,wk inc flu hosp,1,2024-11-23,44,quantile,0.7,3.839
2024-11-16,wk inc flu hosp,1,2024-11-23,44,quantile,0.75,5.201
2024-11-16,wk inc flu hosp,1,2024-11-23,44,quantile,0.8,6.691
2024-11-16,wk inc flu hosp,1,2024-11-23,44,quantile,0.85,9.95
2024-11-16,wk inc flu hosp,1,2024-11-23,44,quantile,0.9,14.061
2024-11-16,wk inc flu hosp,1,2024-11-23,44,quantile,0.95,26.513
2024-11-16,wk inc flu hosp,1,2024-11-23,44,quantile,0.975,41.018
2024-11-16,wk inc flu hosp,1,2024-11-23,44,quantile,0.99,62.07
2024-11-16,wk inc flu hosp,2,2024-11-30,44,quantile,0.01,0.0
2024-11-16,wk inc flu hosp,2,2024-11-30,44,quantile,0.025,0.001
2024-11-16,wk inc flu hosp,2,2024-11-30,44,quantile,0.05,0.002
2024-11-16,wk inc flu hosp,2,2024-11-30,44,quantile,0.1,0.006
2024-11-16,wk inc flu hosp,2,2024-11-30,44,quantile,0.15,0.019
2024-11-16,wk inc flu hosp,2,2024-11-30,44,quantile,0.2,0.041
2024-11-16,wk inc flu hosp,2,2024-11-30,44,quantile,0.25,0.079
2024-11-16,wk inc flu hosp,2,2024-11-30,44,quantile,0.3,0.149
2024-11-16,wk inc flu hosp,2,2024-11-30,44,quantile,0.35,0.218
2024-11-16,wk inc flu hosp,2,2024-11-30,44,quantile,0.4,0.347
2024-11-16,wk inc flu hosp,2,2024-11-30,44,quantile,0.45,0.54
2024-11-16,wk inc flu hosp,2,2024-11-30,44,quantile,0.5,0.864
2024-11-16,wk inc flu hosp,2,2024-11-30,44,quantile,0.55,1.323
2024-11-16,wk inc flu hosp,2,2024-11-30,44,quantile,0.6,1.79
2024-11-16,wk inc flu hosp,2,2024-11-30,44,quantile,0.65,2.643
2024-11-16,wk inc flu hosp,2,2024-11-30,44,quantile,0.7,4.11
2024-11-16,wk inc flu hosp,2,2024-11-30,44,quantile,0.75,6.114
2024-11-16,wk inc flu hosp,2,2024-11-30,44,quantile,0.8,8.906
2024-11-16,wk inc flu hosp,2,2024-11-30,44,quantile,0.85,13.457
2024-11-16,wk inc flu hosp,2,2024-11-30,44,quantile,0.9,21.72
2024-11-16,wk inc flu hosp,2,2024-11-30,44,quantile,0.95,50.548
2024-11-16,wk inc flu hosp,2,2024-11-30,44,quantile,0.975,86.732
2024-11-16,wk inc flu hosp,2,2024-11-30,44,quantile,0.99,144.761
2024-11-16,wk inc flu hosp,3,2024-12-07,44,quantile,0.01,0.0
2024-11-16,wk inc flu hosp,3,2024-12-07,44,quantile,0.025,0.0
2024-11-16,wk inc flu hosp,3,2024-12-07,44,quantile,0.05,0.0
2024-11-16,wk inc flu hosp,3,2024-12-07,44,quantile,0.1,0.001
2024-11-16,wk inc flu hosp,3,2024-12-07,44,quantile,0.15,0.004
2024-11-16,wk inc flu hosp,3,2024-12-07,44,quantile,0.2,0.011
2024-11-16,wk inc flu hosp,3,2024-12-07,44,quantile,0.25,0.026
2024-11-16,wk inc flu hosp,3,2024-12-07,44,quantile,0.3,0.056
2024-11-16,wk inc flu hosp,3,2024-12-07,44,quantile,0.35,0.095
2024-11-16,wk inc flu hosp,3,2024-12-07,44,quantile,0.4,0.172
2024-11-16,wk inc flu hosp,3,2024-12-07,44,quantile,0.45,0.318
2024-11-16,wk inc flu hosp,3,2024-12-07,44,quantile,0.5,0.582
2024-11-16,wk inc flu hosp,3,2024-12-07,44,quantile,0.55,1.0
2024-11-16,wk inc flu hosp,3,2024-12-07,44,quantile,0.6,1.472
2024-11-16,wk inc flu hosp,3,2024-12-07,44,quantile,0.65,2.476
2024-11-16,wk inc flu hosp,3,2024-12-07,44,quantile,0.7,4.136
2024-11-16,wk inc flu hosp,3,2024-12-07,44,quantile,0.75,7.26
2024-11-16,wk inc flu hosp,3,2024-12-07,44,quantile,0.8,11.263
2024-11-16,wk inc flu hosp,3,2024-12-07,44,quantile,0.85,20.998
2024-11-16,wk inc flu hosp,3,2024-12-07,44,quantile,0.9,29.296
2024-11-16,wk inc flu hosp,3,2024-12-07,44,quantile,0.95,85.089
2024-11-16,wk inc flu hosp,3,2024-12-07,44,quantile,0.975,139.217
2024-11-16,wk inc flu hosp,3,2024-12-07,44,quantile,0.99,224.363
2024-11-16,wk inc flu hosp,0,2024-11-16,45,quantile,0.01,0.694
2024-11-16,wk inc flu hosp,0,2024-11-16,45,quantile,0.025,1.338
2024-11-16,wk inc flu hosp,0,2024-11-16,45,quantile,0.05,1.885
2024-11-16,wk inc flu hosp,0,2024-11-16,45,quantile,0.1,2.704
2024-11-16,wk inc flu hosp,0,2024-11-16,45,quantile,0.15,3.416
2024-11-16,wk inc flu hosp,0,2024-11-16,45,quantile,0.2,4.196
2024-11-16,wk inc flu hosp,0,2024-11-16,45,quantile,0.25,5.137
2024-11-16,wk inc flu hosp,0,2024-11-16,45,quantile,0.3,6.073
2024-11-16,wk inc flu hosp,0,2024-11-16,45,quantile,0.35,7.232
2024-11-16,wk inc flu hosp,0,2024-11-16,45,quantile,0.4,8.807
2024-11-16,wk inc flu hosp,0,2024-11-16,45,quantile,0.45,10.104
2024-11-16,wk inc flu hosp,0,2024-11-16,45,quantile,0.5,11.479
2024-11-16,wk inc flu hosp,0,2024-11-16,45,quantile,0.55,13.357
2024-11-16,wk inc flu hosp,0,2024-11-16,45,quantile,0.6,14.972
2024-11-16,wk inc flu hosp,0,2024-11-16,45,quantile,0.65,16.823
2024-11-16,wk inc flu hosp,0,2024-11-16,45,quantile,0.7,19.896
2024-11-16,wk inc flu hosp,0,2024-11-16,45,quantile,0.75,22.781
2024-11-16,wk inc flu hosp,0,2024-11-16,45,quantile,0.8,27.335
2024-11-16,wk inc flu hosp,0,2024-11-16,45,quantile,0.85,34.141
2024-11-16,wk inc flu hosp,0,2024-11-16,45,quantile,0.9,45.334
2024-11-16,wk inc flu hosp,0,2024-11-16,45,quantile,0.95,59.556
2024-11-16,wk inc flu hosp,0,2024-11-16,45,quantile,0.975,81.071
2024-11-16,wk inc flu hosp,0,2024-11-16,45,quantile,0.99,99.869
2024-11-16,wk inc flu hosp,1,2024-11-23,45,quantile,0.01,0.067
2024-11-16,wk inc flu hosp,1,2024-11-23,45,quantile,0.025,0.147
2024-11-16,wk inc flu hosp,1,2024-11-23,45,quantile,0.05,0.262
2024-11-16,wk inc flu hosp,1,2024-11-23,45,quantile,0.1,0.554
2024-11-16,wk inc flu hosp,1,2024-11-23,45,quantile,0.15,0.828
2024-11-16,wk inc flu hosp,1,2024-11-23,45,quantile,0.2,1.206
2024-11-16,wk inc flu hosp,1,2024-11-23,45,quantile,0.25,1.784
2024-11-16,wk inc flu hosp,1,2024-11-23,45,quantile,0.3,2.448
2024-11-16,wk inc flu hosp,1,2024-11-23,45,quantile,0.35,3.216
2024-11-16,wk inc flu hosp,1,2024-11-23,45,quantile,0.4,4.445
2024-11-16,wk inc flu hosp,1,2024-11-23,45,quantile,0.45,5.619
2024-11-16,wk inc flu hosp,1,2024-11-23,45,quantile,0.5,7.223
2024-11-16,wk inc flu hosp,1,2024-11-23,45,quantile,0.55,8.841
2024-11-16,wk inc flu hosp,1,2024-11-23,45,quantile,0.6,10.621
2024-11-16,wk inc flu hosp,1,2024-11-23,45,quantile,0.65,13.352
2024-11-16,wk inc flu hosp,1,2024-11-23,45,quantile,0.7,17.445
2024-11-16,wk inc flu hosp,1,2024-11-23,45,quantile,0.75,23.437
2024-11-16,wk inc flu hosp,1,2024-11-23,45,quantile,0.8,31.174
2024-11-16,wk inc flu hosp,1,2024-11-23,45,quantile,0.85,47.306
2024-11-16,wk inc flu hosp,1,2024-11-23,45,quantile,0.9,65.917
2024-11-16,wk inc flu hosp,1,2024-11-23,45,quantile,0.95,101.279
2024-11-16,wk inc flu hosp,1,2024-11-23,45,quantile,0.975,166.289
2024-11-16,wk inc flu hosp,1,2024-11-23,45,quantile,0.99,241.396
2024-11-16,wk inc flu hosp,2,2024-11-30,45,quantile,0.01,0.006
2024-11-16,wk inc flu hosp,2,2024-11-30,45,quantile,0.025,0.015
2024-11-16,wk inc flu hosp,2,2024-11-30,45,quantile,0.05,0.036
2024-11-16,wk inc flu hosp,2,2024-11-30,45,quantile,0.1,0.114
2024-11-16,wk inc flu hosp,2,2024-11-30,45,quantile,0.15,0.206
2024-11-16,wk inc flu hosp,2,2024-11-30,45,quantile,0.2,0.354
2024-11-16,wk inc flu hosp,2,2024-11-30,45,quantile,0.25,0.599
2024-11-16,wk inc flu hosp,2,2024-11-30,45,quantile,0.3,0.938
2024-11-16,wk inc flu hosp,2,2024-11-30,45,quantile,0.35,1.471
2024-11-16,wk inc flu hosp,2,2024-11-30,45,quantile,0.4,2.258
2024-11-16,wk inc flu hosp,2,2024-11-30,45,quantile,0.45,3.145
2024-11-16,wk inc flu hosp,2,2024-11-30,45,quantile,0.5,4.479
2024-11-16,wk inc flu hosp,2,2024-11-30,45,quantile,0.55,6.061
2024-11-16,wk inc flu hosp,2,2024-11-30,45,quantile,0.6,7.713
2024-11-16,wk inc flu hosp,2,2024-11-30,45,quantile,0.65,11.037
2024-11-16,wk inc flu hosp,2,2024-11-30,45,quantile,0.7,15.457
2024-11-16,wk inc flu hosp,2,2024-11-30,45,quantile,0.75,23.632
2024-11-16,wk inc flu hosp,2,2024-11-30,45,quantile,0.8,36.926
2024-11-16,wk inc flu hosp,2,2024-11-30,45,quantile,0.85,55.445
2024-11-16,wk inc flu hosp,2,2024-11-30,45,quantile,0.9,96.222
2024-11-16,wk inc flu hosp,2,2024-11-30,45,quantile,0.95,186.445
2024-11-16,wk inc flu hosp,2,2024-11-30,45,quantile,0.975,297.968
2024-11-16,wk inc flu hosp,2,2024-11-30,45,quantile,0.99,458.121
2024-11-16,wk inc flu hosp,3,2024-12-07,45,quantile,0.01,0.0
2024-11-16,wk inc flu hosp,3,2024-12-07,45,quantile,0.025,0.002
2024-11-16,wk inc flu hosp,3,2024-12-07,45,quantile,0.05,0.005
2024-11-16,wk inc flu hosp,3,2024-12-07,45,quantile,0.1,0.023
2024-11-16,wk inc flu hosp,3,2024-12-07,45,quantile,0.15,0.049
2024-11-16,wk inc flu hosp,3,2024-12-07,45,quantile,0.2,0.099
2024-11-16,wk inc flu hosp,3,2024-12-07,45,quantile,0.25,0.204
2024-11-16,wk inc flu hosp,3,2024-12-07,45,quantile,0.3,0.376
2024-11-16,wk inc flu hosp,3,2024-12-07,45,quantile,0.35,0.686
2024-11-16,wk inc flu hosp,3,2024-12-07,45,quantile,0.4,1.134
2024-11-16,wk inc flu hosp,3,2024-12-07,45,quantile,0.45,1.76
2024-11-16,wk inc flu hosp,3,2024-12-07,45,quantile,0.5,2.693
2024-11-16,wk inc flu hosp,3,2024-12-07,45,quantile,0.55,4.172
2024-11-16,wk inc flu hosp,3,2024-12-07,45,quantile,0.6,5.746
2024-11-16,wk inc flu hosp,3,2024-12-07,45,quantile,0.65,8.662
2024-11-16,wk inc flu hosp,3,2024-12-07,45,quantile,0.7,14.004
2024-11-16,wk inc flu hosp,3,2024-12-07,45,quantile,0.75,23.614
2024-11-16,wk inc flu hosp,3,2024-12-07,45,quantile,0.8,38.836
2024-11-16,wk inc flu hosp,3,2024-12-07,45,quantile,0.85,63.354
2024-11-16,wk inc flu hosp,3,2024-12-07,45,quantile,0.9,123.492
2024-11-16,wk inc flu hosp,3,2024-12-07,45,quantile,0.95,244.811
2024-11-16,wk inc flu hosp,3,2024-12-07,45,quantile,0.975,427.567
2024-11-16,wk inc flu hosp,3,2024-12-07,45,quantile,0.99,654.771
2024-11-16,wk inc flu hosp,0,2024-11-16,46,quantile,0.01,0.085
2024-11-16,wk inc flu hosp,0,2024-11-16,46,quantile,0.025,0.121
2024-11-16,wk inc flu hosp,0,2024-11-16,46,quantile,0.05,0.162
2024-11-16,wk inc flu hosp,0,2024-11-16,46,quantile,0.1,0.231
2024-11-16,wk inc flu hosp,0,2024-11-16,46,quantile,0.15,0.3
2024-11-16,wk inc flu hosp,0,2024-11-16,46,quantile,0.2,0.365
2024-11-16,wk inc flu hosp,0,2024-11-16,46,quantile,0.25,0.426
2024-11-16,wk inc flu hosp,0,2024-11-16,46,quantile,0.3,0.487
2024-11-16,wk inc flu hosp,0,2024-11-16,46,quantile,0.35,0.564
2024-11-16,wk inc flu hosp,0,2024-11-16,46,quantile,0.4,0.692
2024-11-16,wk inc flu hosp,0,2024-11-16,46,quantile,0.45,0.798
2024-11-16,wk inc flu hosp,0,2024-11-16,46,quantile,0.5,0.956
2024-11-16,wk inc flu hosp,0,2024-11-16,46,quantile,0.55,1.06
2024-11-16,wk inc flu hosp,0,2024-11-16,46,quantile,0.6,1.227
2024-11-16,wk inc flu hosp,0,2024-11-16,46,quantile,0.65,1.372
2024-11-16,wk inc flu hosp,0,2024-11-16,46,quantile,0.7,1.58
2024-11-16,wk inc flu hosp,0,2024-11-16,46,quantile,0.75,1.86
2024-11-16,wk inc flu hosp,0,2024-11-16,46,quantile,0.8,2.224
2024-11-16,wk inc flu hosp,0,2024-11-16,46,quantile,0.85,2.707
2024-11-16,wk inc flu hosp,0,2024-11-16,46,quantile,0.9,3.934
2024-11-16,wk inc flu hosp,0,2024-11-16,46,quantile,0.95,6.038
2024-11-16,wk inc flu hosp,0,2024-11-16,46,quantile,0.975,8.458
2024-11-16,wk inc flu hosp,0,2024-11-16,46,quantile,0.99,11.213
2024-11-16,wk inc flu hosp,1,2024-11-23,46,quantile,0.01,0.006
2024-11-16,wk inc flu hosp,1,2024-11-23,46,quantile,0.025,0.011
2024-11-16,wk inc flu hosp,1,2024-11-23,46,quantile,0.05,0.016
2024-11-16,wk inc flu hosp,1,2024-11-23,46,quantile,0.1,0.037
2024-11-16,wk inc flu hosp,1,2024-11-23,46,quantile,0.15,0.065
2024-11-16,wk inc flu hosp,1,2024-11-23,46,quantile,0.2,0.091
2024-11-16,wk inc flu hosp,1,2024-11-23,46,quantile,0.25,0.121
2024-11-16,wk inc flu hosp,1,2024-11-23,46,quantile,0.3,0.16
2024-11-16,wk inc flu hosp,1,2024-11-23,46,quantile,0.35,0.216
2024-11-16,wk inc flu hosp,1,2024-11-23,46,quantile,0.4,0.31
2024-11-16,wk inc flu hosp,1,2024-11-23,46,quantile,0.45,0.401
2024-11-16,wk inc flu hosp,1,2024-11-23,46,quantile,0.5,0.507
2024-11-16,wk inc flu hosp,1,2024-11-23,46,quantile,0.55,0.634
2024-11-16,wk inc flu hosp,1,2024-11-23,46,quantile,0.6,0.774
2024-11-16,wk inc flu hosp,1,2024-11-23,46,quantile,0.65,0.977
2024-11-16,wk inc flu hosp,1,2024-11-23,46,quantile,0.7,1.199
2024-11-16,wk inc flu hosp,1,2024-11-23,46,quantile,0.75,1.51
2024-11-16,wk inc flu hosp,1,2024-11-23,46,quantile,0.8,2.149
2024-11-16,wk inc flu hosp,1,2024-11-23,46,quantile,0.85,2.846
2024-11-16,wk inc flu hosp,1,2024-11-23,46,quantile,0.9,4.534
2024-11-16,wk inc flu hosp,1,2024-11-23,46,quantile,0.95,8.934
2024-11-16,wk inc flu hosp,1,2024-11-23,46,quantile,0.975,14.867
2024-11-16,wk inc flu hosp,1,2024-11-23,46,quantile,0.99,19.95
2024-11-16,wk inc flu hosp,2,2024-11-30,46,quantile,0.01,0.0
2024-11-16,wk inc flu hosp,2,2024-11-30,46,quantile,0.025,0.001
2024-11-16,wk inc flu hosp,2,2024-11-30,46,quantile,0.05,0.002
2024-11-16,wk inc flu hosp,2,2024-11-30,46,quantile,0.1,0.006
2024-11-16,wk inc flu hosp,2,2024-11-30,46,quantile,0.15,0.013
2024-11-16,wk inc flu hosp,2,2024-11-30,46,quantile,0.2,0.022
2024-11-16,wk inc flu hosp,2,2024-11-30,46,quantile,0.25,0.035
2024-11-16,wk inc flu hosp,2,2024-11-30,46,quantile,0.3,0.053
2024-11-16,wk inc flu hosp,2,2024-11-30,46,quantile,0.35,0.081
2024-11-16,wk inc flu hosp,2,2024-11-30,46,quantile,0.4,0.135
2024-11-16,wk inc flu hosp,2,2024-11-30,46,quantile,0.45,0.194
2024-11-16,wk inc flu hosp,2,2024-11-30,46,quantile,0.5,0.267
2024-11-16,wk inc flu hosp,2,2024-11-30,46,quantile,0.55,0.372
2024-11-16,wk inc flu hosp,2,2024-11-30,46,quantile,0.6,0.492
2024-11-16,wk inc flu hosp,2,2024-11-30,46,quantile,0.65,0.673
2024-11-16,wk inc flu hosp,2,2024-11-30,46,quantile,0.7,0.883
2024-11-16,wk inc flu hosp,2,2024-11-30,46,quantile,0.75,1.292
2024-11-16,wk inc flu hosp,2,2024-11-30,46,quantile,0.8,2.0
2024-11-16,wk inc flu hosp,2,2024-11-30,46,quantile,0.85,3.504
2024-11-16,wk inc flu hosp,2,2024-11-30,46,quantile,0.9,5.697
2024-11-16,wk inc flu hosp,2,2024-11-30,46,quantile,0.95,13.422
2024-11-16,wk inc flu hosp,2,2024-11-30,46,quantile,0.975,30.232
2024-11-16,wk inc flu hosp,2,2024-11-30,46,quantile,0.99,43.743
2024-11-16,wk inc flu hosp,3,2024-12-07,46,quantile,0.01,0.0
2024-11-16,wk inc flu hosp,3,2024-12-07,46,quantile,0.025,0.0
2024-11-16,wk inc flu hosp,3,2024-12-07,46,quantile,0.05,0.0
2024-11-16,wk inc flu hosp,3,2024-12-07,46,quantile,0.1,0.001
2024-11-16,wk inc flu hosp,3,2024-12-07,46,quantile,0.15,0.003
2024-11-16,wk inc flu hosp,3,2024-12-07,46,quantile,0.2,0.006
2024-11-16,wk inc flu hosp,3,2024-12-07,46,quantile,0.25,0.01
2024-11-16,wk inc flu hosp,3,2024-12-07,46,quantile,0.3,0.018
2024-11-16,wk inc flu hosp,3,2024-12-07,46,quantile,0.35,0.03
2024-11-16,wk inc flu hosp,3,2024-12-07,46,quantile,0.4,0.063
2024-11-16,wk inc flu hosp,3,2024-12-07,46,quantile,0.45,0.096
2024-11-16,wk inc flu hosp,3,2024-12-07,46,quantile,0.5,0.145
2024-11-16,wk inc flu hosp,3,2024-12-07,46,quantile,0.55,0.231
2024-11-16,wk inc flu hosp,3,2024-12-07,46,quantile,0.6,0.324
2024-11-16,wk inc flu hosp,3,2024-12-07,46,quantile,0.65,0.474
2024-11-16,wk inc flu hosp,3,2024-12-07,46,quantile,0.7,0.68
2024-11-16,wk inc flu hosp,3,2024-12-07,46,quantile,0.75,1.068
2024-11-16,wk inc flu hosp,3,2024-12-07,46,quantile,0.8,1.897
2024-11-16,wk inc flu hosp,3,2024-12-07,46,quantile,0.85,3.619
2024-11-16,wk inc flu hosp,3,2024-12-07,46,quantile,0.9,6.833
2024-11-16,wk inc flu hosp,3,2024-12-07,46,quantile,0.95,19.838
2024-11-16,wk inc flu hosp,3,2024-12-07,46,quantile,0.975,48.648
2024-11-16,wk inc flu hosp,3,2024-12-07,46,quantile,0.99,86.78
2024-11-16,wk inc flu hosp,0,2024-11-16,47,quantile,0.01,2.713
2024-11-16,wk inc flu hosp,0,2024-11-16,47,quantile,0.025,4.924
2024-11-16,wk inc flu hosp,0,2024-11-16,47,quantile,0.05,8.887
2024-11-16,wk inc flu hosp,0,2024-11-16,47,quantile,0.1,13.246
2024-11-16,wk inc flu hosp,0,2024-11-16,47,quantile,0.15,17.446
2024-11-16,wk inc flu hosp,0,2024-11-16,47,quantile,0.2,20.977
2024-11-16,wk inc flu hosp,0,2024-11-16,47,quantile,0.25,25.314
2024-11-16,wk inc flu hosp,0,2024-11-16,47,quantile,0.3,29.071
2024-11-16,wk inc flu hosp,0,2024-11-16,47,quantile,0.35,33.198
2024-11-16,wk inc flu hosp,0,2024-11-16,47,quantile,0.4,37.959
2024-11-16,wk inc flu hosp,0,2024-11-16,47,quantile,0.45,42.757
2024-11-16,wk inc flu hosp,0,2024-11-16,47,quantile,0.5,47.813
2024-11-16,wk inc flu hosp,0,2024-11-16,47,quantile,0.55,55.241
2024-11-16,wk inc flu hosp,0,2024-11-16,47,quantile,0.6,62.911
2024-11-16,wk inc flu hosp,0,2024-11-16,47,quantile,0.65,72.449
2024-11-16,wk inc flu hosp,0,2024-11-16,47,quantile,0.7,82.197
2024-11-16,wk inc flu hosp,0,2024-11-16,47,quantile,0.75,91.783
2024-11-16,wk inc flu hosp,0,2024-11-16,47,quantile,0.8,106.679
2024-11-16,wk inc flu hosp,0,2024-11-16,47,quantile,0.85,126.221
2024-11-16,wk inc flu hosp,0,2024-11-16,47,quantile,0.9,149.225
2024-11-16,wk inc flu hosp,0,2024-11-16,47,quantile,0.95,197.251
2024-11-16,wk inc flu hosp,0,2024-11-16,47,quantile,0.975,241.872
2024-11-16,wk inc flu hosp,0,2024-11-16,47,quantile,0.99,296.706
2024-11-16,wk inc flu hosp,1,2024-11-23,47,quantile,0.01,0.513
2024-11-16,wk inc flu hosp,1,2024-11-23,47,quantile,0.025,1.231
2024-11-16,wk inc flu hosp,1,2024-11-23,47,quantile,0.05,2.095
2024-11-16,wk inc flu hosp,1,2024-11-23,47,quantile,0.1,4.316
2024-11-16,wk inc flu hosp,1,2024-11-23,47,quantile,0.15,6.081
2024-11-16,wk inc flu hosp,1,2024-11-23,47,quantile,0.2,8.97
2024-11-16,wk inc flu hosp,1,2024-11-23,47,quantile,0.25,12.133
2024-11-16,wk inc flu hosp,1,2024-11-23,47,quantile,0.3,16.448
2024-11-16,wk inc flu hosp,1,2024-11-23,47,quantile,0.35,20.076
2024-11-16,wk inc flu hosp,1,2024-11-23,47,quantile,0.4,26.956
2024-11-16,wk inc flu hosp,1,2024-11-23,47,quantile,0.45,33.052
2024-11-16,wk inc flu hosp,1,2024-11-23,47,quantile,0.5,41.069
2024-11-16,wk inc flu hosp,1,2024-11-23,47,quantile,0.55,50.613
2024-11-16,wk inc flu hosp,1,2024-11-23,47,quantile,0.6,63.145
2024-11-16,wk inc flu hosp,1,2024-11-23,47,quantile,0.65,80.056
2024-11-16,wk inc flu hosp,1,2024-11-23,47,quantile,0.7,99.185
2024-11-16,wk inc flu hosp,1,2024-11-23,47,quantile,0.75,119.049
2024-11-16,wk inc flu hosp,1,2024-11-23,47,quantile,0.8,145.83
2024-11-16,wk inc flu hosp,1,2024-11-23,47,quantile,0.85,187.53
2024-11-16,wk inc flu hosp,1,2024-11-23,47,quantile,0.9,244.992
2024-11-16,wk inc flu hosp,1,2024-11-23,47,quantile,0.95,372.12
2024-11-16,wk inc flu hosp,1,2024-11-23,47,quantile,0.975,502.025
2024-11-16,wk inc flu hosp,1,2024-11-23,47,quantile,0.99,629.093
2024-11-16,wk inc flu hosp,2,2024-11-30,47,quantile,0.01,0.078
2024-11-16,wk inc flu hosp,2,2024-11-30,47,quantile,0.025,0.236
2024-11-16,wk inc flu hosp,2,2024-11-30,47,quantile,0.05,0.435
2024-11-16,wk inc flu hosp,2,2024-11-30,47,quantile,0.1,1.367
2024-11-16,wk inc flu hosp,2,2024-11-30,47,quantile,0.15,2.354
2024-11-16,wk inc flu hosp,2,2024-11-30,47,quantile,0.2,3.812
2024-11-16,wk inc flu hosp,2,2024-11-30,47,quantile,0.25,6.08
2024-11-16,wk inc flu hosp,2,2024-11-30,47,quantile,0.3,9.25
2024-11-16,wk inc flu hosp,2,2024-11-30,47,quantile,0.35,13.184
2024-11-16,wk inc flu hosp,2,2024-11-30,47,quantile,0.4,19.439
2024-11-16,wk inc flu hosp,2,2024-11-30,47,quantile,0.45,26.063
2024-11-16,wk inc flu hosp,2,2024-11-30,47,quantile,0.5,34.608
2024-11-16,wk inc flu hosp,2,2024-11-30,47,quantile,0.55,47.675
2024-11-16,wk inc flu hosp,2,2024-11-30,47,quantile,0.6,64.824
2024-11-16,wk inc flu hosp,2,2024-11-30,47,quantile,0.65,87.583
2024-11-16,wk inc flu hosp,2,2024-11-30,47,quantile,0.7,114.814
2024-11-16,wk inc flu hosp,2,2024-11-30,47,quantile,0.75,158.148
2024-11-16,wk inc flu hosp,2,2024-11-30,47,quantile,0.8,187.164
2024-11-16,wk inc flu hosp,2,2024-11-30,47,quantile,0.85,263.234
2024-11-16,wk inc flu hosp,2,2024-11-30,47,quantile,0.9,372.544
2024-11-16,wk inc flu hosp,2,2024-11-30,47,quantile,0.95,606.84
2024-11-16,wk inc flu hosp,2,2024-11-30,47,quantile,0.975,877.948
2024-11-16,wk inc flu hosp,2,2024-11-30,47,quantile,0.99,1226.102
2024-11-16,wk inc flu hosp,3,2024-12-07,47,quantile,0.01,0.011
2024-11-16,wk inc flu hosp,3,2024-12-07,47,quantile,0.025,0.037
2024-11-16,wk inc flu hosp,3,2024-12-07,47,quantile,0.05,0.089
2024-11-16,wk inc flu hosp,3,2024-12-07,47,quantile,0.1,0.435
2024-11-16,wk inc flu hosp,3,2024-12-07,47,quantile,0.15,0.863
2024-11-16,wk inc flu hosp,3,2024-12-07,47,quantile,0.2,1.628
2024-11-16,wk inc flu hosp,3,2024-12-07,47,quantile,0.25,3.085
2024-11-16,wk inc flu hosp,3,2024-12-07,47,quantile,0.3,5.298
2024-11-16,wk inc flu hosp,3,2024-12-07,47,quantile,0.35,8.678
2024-11-16,wk inc flu hosp,3,2024-12-07,47,quantile,0.4,13.803
2024-11-16,wk inc flu hosp,3,2024-12-07,47,quantile,0.45,21.497
2024-11-16,wk inc flu hosp,3,2024-12-07,47,quantile,0.5,30.626
2024-11-16,wk inc flu hosp,3,2024-12-07,47,quantile,0.55,42.969
2024-11-16,wk inc flu hosp,3,2024-12-07,47,quantile,0.6,65.504
2024-11-16,wk inc flu hosp,3,2024-12-07,47,quantile,0.65,96.553
2024-11-16,wk inc flu hosp,3,2024-12-07,47,quantile,0.7,136.321
2024-11-16,wk inc flu hosp,3,2024-12-07,47,quantile,0.75,186.829
2024-11-16,wk inc flu hosp,3,2024-12-07,47,quantile,0.8,243.146
2024-11-16,wk inc flu hosp,3,2024-12-07,47,quantile,0.85,339.848
2024-11-16,wk inc flu hosp,3,2024-12-07,47,quantile,0.9,478.738
2024-11-16,wk inc flu hosp,3,2024-12-07,47,quantile,0.95,887.423
2024-11-16,wk inc flu hosp,3,2024-12-07,47,quantile,0.975,1216.502
2024-11-16,wk inc flu hosp,3,2024-12-07,47,quantile,0.99,1735.694
2024-11-16,wk inc flu hosp,0,2024-11-16,48,quantile,0.01,6.329
2024-11-16,wk inc flu hosp,0,2024-11-16,48,quantile,0.025,12.909
2024-11-16,wk inc flu hosp,0,2024-11-16,48,quantile,0.05,18.725
2024-11-16,wk inc flu hosp,0,2024-11-16,48,quantile,0.1,25.613
2024-11-16,wk inc flu hosp,0,2024-11-16,48,quantile,0.15,35.34
2024-11-16,wk inc flu hosp,0,2024-11-16,48,quantile,0.2,43.473
2024-11-16,wk inc flu hosp,0,2024-11-16,48,quantile,0.25,52.4
2024-11-16,wk inc flu hosp,0,2024-11-16,48,quantile,0.3,60.04
2024-11-16,wk inc flu hosp,0,2024-11-16,48,quantile,0.35,70.451
2024-11-16,wk inc flu hosp,0,2024-11-16,48,quantile,0.4,82.002
2024-11-16,wk inc flu hosp,0,2024-11-16,48,quantile,0.45,96.987
2024-11-16,wk inc flu hosp,0,2024-11-16,48,quantile,0.5,107.116
2024-11-16,wk inc flu hosp,0,2024-11-16,48,quantile,0.55,119.721
2024-11-16,wk inc flu hosp,0,2024-11-16,48,quantile,0.6,138.989
2024-11-16,wk inc flu hosp,0,2024-11-16,48,quantile,0.65,160.265
2024-11-16,wk inc flu hosp,0,2024-11-16,48,quantile,0.7,184.762
2024-11-16,wk inc flu hosp,0,2024-11-16,48,quantile,0.75,211.033
2024-11-16,wk inc flu hosp,0,2024-11-16,48,quantile,0.8,258.746
2024-11-16,wk inc flu hosp,0,2024-11-16,48,quantile,0.85,318.185
2024-11-16,wk inc flu hosp,0,2024-11-16,48,quantile,0.9,427.225
2024-11-16,wk inc flu hosp,0,2024-11-16,48,quantile,0.95,599.24
2024-11-16,wk inc flu hosp,0,2024-11-16,48,quantile,0.975,764.293
2024-11-16,wk inc flu hosp,0,2024-11-16,48,quantile,0.99,965.176
2024-11-16,wk inc flu hosp,1,2024-11-23,48,quantile,0.01,0.741
2024-11-16,wk inc flu hosp,1,2024-11-23,48,quantile,0.025,1.485
2024-11-16,wk inc flu hosp,1,2024-11-23,48,quantile,0.05,2.464
2024-11-16,wk inc flu hosp,1,2024-11-23,48,quantile,0.1,6.119
2024-11-16,wk inc flu hosp,1,2024-11-23,48,quantile,0.15,9.196
2024-11-16,wk inc flu hosp,1,2024-11-23,48,quantile,0.2,13.35
2024-11-16,wk inc flu hosp,1,2024-11-23,48,quantile,0.25,17.852
2024-11-16,wk inc flu hosp,1,2024-11-23,48,quantile,0.3,23.794
2024-11-16,wk inc flu hosp,1,2024-11-23,48,quantile,0.35,31.796
2024-11-16,wk inc flu hosp,1,2024-11-23,48,quantile,0.4,41.926
2024-11-16,wk inc flu hosp,1,2024-11-23,48,quantile,0.45,53.236
2024-11-16,wk inc flu hosp,1,2024-11-23,48,quantile,0.5,67.108
2024-11-16,wk inc flu hosp,1,2024-11-23,48,quantile,0.55,83.406
2024-11-16,wk inc flu hosp,1,2024-11-23,48,quantile,0.6,107.422
2024-11-16,wk inc flu hosp,1,2024-11-23,48,quantile,0.65,136.476
2024-11-16,wk inc flu hosp,1,2024-11-23,48,quantile,0.7,174.489
2024-11-16,wk inc flu hosp,1,2024-11-23,48,quantile,0.75,234.729
2024-11-16,wk inc flu hosp,1,2024-11-23,48,quantile,0.8,292.917
2024-11-16,wk inc flu hosp,1,2024-11-23,48,quantile,0.85,394.745
2024-11-16,wk inc flu hosp,1,2024-11-23,48,quantile,0.9,590.583
2024-11-16,wk inc flu hosp,1,2024-11-23,48,quantile,0.95,923.019
2024-11-16,wk inc flu hosp,1,2024-11-23,48,quantile,0.975,1235.432
2024-11-16,wk inc flu hosp,1,2024-11-23,48,quantile,0.99,1777.837
2024-11-16,wk inc flu hosp,2,2024-11-30,48,quantile,0.01,0.062
2024-11-16,wk inc flu hosp,2,2024-11-30,48,quantile,0.025,0.129
2024-11-16,wk inc flu hosp,2,2024-11-30,48,quantile,0.05,0.371
2024-11-16,wk inc flu hosp,2,2024-11-30,48,quantile,0.1,1.319
2024-11-16,wk inc flu hosp,2,2024-11-30,48,quantile,0.15,2.367
2024-11-16,wk inc flu hosp,2,2024-11-30,48,quantile,0.2,4.078
2024-11-16,wk inc flu hosp,2,2024-11-30,48,quantile,0.25,6.436
2024-11-16,wk inc flu hosp,2,2024-11-30,48,quantile,0.3,10.279
2024-11-16,wk inc flu hosp,2,2024-11-30,48,quantile,0.35,14.991
2024-11-16,wk inc flu hosp,2,2024-11-30,48,quantile,0.4,21.569
2024-11-16,wk inc flu hosp,2,2024-11-30,48,quantile,0.45,31.263
2024-11-16,wk inc flu hosp,2,2024-11-30,48,quantile,0.5,42.921
2024-11-16,wk inc flu hosp,2,2024-11-30,48,quantile,0.55,57.314
2024-11-16,wk inc flu hosp,2,2024-11-30,48,quantile,0.6,79.983
2024-11-16,wk inc flu hosp,2,2024-11-30,48,quantile,0.65,116.504
2024-11-16,wk inc flu hosp,2,2024-11-30,48,quantile,0.7,163.883
2024-11-16,wk inc flu hosp,2,2024-11-30,48,quantile,0.75,241.776
2024-11-16,wk inc flu hosp,2,2024-11-30,48,quantile,0.8,362.186
2024-11-16,wk inc flu hosp,2,2024-11-30,48,quantile,0.85,456.127
2024-11-16,wk inc flu hosp,2,2024-11-30,48,quantile,0.9,816.161
2024-11-16,wk inc flu hosp,2,2024-11-30,48,quantile,0.95,1328.984
2024-11-16,wk inc flu hosp,2,2024-11-30,48,quantile,0.975,2016.605
2024-11-16,wk inc flu hosp,2,2024-11-30,48,quantile,0.99,2979.495
2024-11-16,wk inc flu hosp,3,2024-12-07,48,quantile,0.01,0.006
2024-11-16,wk inc flu hosp,3,2024-12-07,48,quantile,0.025,0.015
2024-11-16,wk inc flu hosp,3,2024-12-07,48,quantile,0.05,0.052
2024-11-16,wk inc flu hosp,3,2024-12-07,48,quantile,0.1,0.27
2024-11-16,wk inc flu hosp,3,2024-12-07,48,quantile,0.15,0.597
2024-11-16,wk inc flu hosp,3,2024-12-07,48,quantile,0.2,1.328
2024-11-16,wk inc flu hosp,3,2024-12-07,48,quantile,0.25,2.351
2024-11-16,wk inc flu hosp,3,2024-12-07,48,quantile,0.3,4.236
2024-11-16,wk inc flu hosp,3,2024-12-07,48,quantile,0.35,7.112
2024-11-16,wk inc flu hosp,3,2024-12-07,48,quantile,0.4,10.771
2024-11-16,wk inc flu hosp,3,2024-12-07,48,quantile,0.45,18.55
2024-11-16,wk inc flu hosp,3,2024-12-07,48,quantile,0.5,29.113
2024-11-16,wk inc flu hosp,3,2024-12-07,48,quantile,0.55,40.459
2024-11-16,wk inc flu hosp,3,2024-12-07,48,quantile,0.6,62.124
2024-11-16,wk inc flu hosp,3,2024-12-07,48,quantile,0.65,98.433
2024-11-16,wk inc flu hosp,3,2024-12-07,48,quantile,0.7,156.849
2024-11-16,wk inc flu hosp,3,2024-12-07,48,quantile,0.75,237.697
2024-11-16,wk inc flu hosp,3,2024-12-07,48,quantile,0.8,390.996
2024-11-16,wk inc flu hosp,3,2024-12-07,48,quantile,0.85,513.377
2024-11-16,wk inc flu hosp,3,2024-12-07,48,quantile,0.9,998.722
2024-11-16,wk inc flu hosp,3,2024-12-07,48,quantile,0.95,1810.982
2024-11-16,wk inc flu hosp,3,2024-12-07,48,quantile,0.975,3056.805
2024-11-16,wk inc flu hosp,3,2024-12-07,48,quantile,0.99,4337.053
2024-11-16,wk inc flu hosp,0,2024-11-16,49,quantile,0.01,0.141
2024-11-16,wk inc flu hosp,0,2024-11-16,49,quantile,0.025,0.339
2024-11-16,wk inc flu hosp,0,2024-11-16,49,quantile,0.05,0.445
2024-11-16,wk inc flu hosp,0,2024-11-16,49,quantile,0.1,0.632
2024-11-16,wk inc flu hosp,0,2024-11-16,49,quantile,0.15,0.812
2024-11-16,wk inc flu hosp,0,2024-11-16,49,quantile,0.2,1.029
2024-11-16,wk inc flu hosp,0,2024-11-16,49,quantile,0.25,1.272
2024-11-16,wk inc flu hosp,0,2024-11-16,49,quantile,0.3,1.551
2024-11-16,wk inc flu hosp,0,2024-11-16,49,quantile,0.35,2.079
2024-11-16,wk inc flu hosp,0,2024-11-16,49,quantile,0.4,2.511
2024-11-16,wk inc flu hosp,0,2024-11-16,49,quantile,0.45,2.962
2024-11-16,wk inc flu hosp,0,2024-11-16,49,quantile,0.5,3.46
2024-11-16,wk inc flu hosp,0,2024-11-16,49,quantile,0.55,4.109
2024-11-16,wk inc flu hosp,0,2024-11-16,49,quantile,0.6,4.944
2024-11-16,wk inc flu hosp,0,2024-11-16,49,quantile,0.65,5.921
2024-11-16,wk inc flu hosp,0,2024-11-16,49,quantile,0.7,6.904
2024-11-16,wk inc flu hosp,0,2024-11-16,49,quantile,0.75,8.614
2024-11-16,wk inc flu hosp,0,2024-11-16,49,quantile,0.8,10.174
2024-11-16,wk inc flu hosp,0,2024-11-16,49,quantile,0.85,13.115
2024-11-16,wk inc flu hosp,0,2024-11-16,49,quantile,0.9,18.703
2024-11-16,wk inc flu hosp,0,2024-11-16,49,quantile,0.95,29.143
2024-11-16,wk inc flu hosp,0,2024-11-16,49,quantile,0.975,40.757
2024-11-16,wk inc flu hosp,0,2024-11-16,49,quantile,0.99,54.395
2024-11-16,wk inc flu hosp,1,2024-11-23,49,quantile,0.01,0.01
2024-11-16,wk inc flu hosp,1,2024-11-23,49,quantile,0.025,0.023
2024-11-16,wk inc flu hosp,1,2024-11-23,49,quantile,0.05,0.046
2024-11-16,wk inc flu hosp,1,2024-11-23,49,quantile,0.1,0.095
2024-11-16,wk inc flu hosp,1,2024-11-23,49,quantile,0.15,0.162
2024-11-16,wk inc flu hosp,1,2024-11-23,49,quantile,0.2,0.247
2024-11-16,wk inc flu hosp,1,2024-11-23,49,quantile,0.25,0.346
2024-11-16,wk inc flu hosp,1,2024-11-23,49,quantile,0.3,0.547
2024-11-16,wk inc flu hosp,1,2024-11-23,49,quantile,0.35,0.838
2024-11-16,wk inc flu hosp,1,2024-11-23,49,quantile,0.4,1.155
2024-11-16,wk inc flu hosp,1,2024-11-23,49,quantile,0.45,1.523
2024-11-16,wk inc flu hosp,1,2024-11-23,49,quantile,0.5,1.904
2024-11-16,wk inc flu hosp,1,2024-11-23,49,quantile,0.55,2.62
2024-11-16,wk inc flu hosp,1,2024-11-23,49,quantile,0.6,3.427
2024-11-16,wk inc flu hosp,1,2024-11-23,49,quantile,0.65,4.535
2024-11-16,wk inc flu hosp,1,2024-11-23,49,quantile,0.7,6.151
2024-11-16,wk inc flu hosp,1,2024-11-23,49,quantile,0.75,8.734
2024-11-16,wk inc flu hosp,1,2024-11-23,49,quantile,0.8,12.017
2024-11-16,wk inc flu hosp,1,2024-11-23,49,quantile,0.85,15.806
2024-11-16,wk inc flu hosp,1,2024-11-23,49,quantile,0.9,23.991
2024-11-16,wk inc flu hosp,1,2024-11-23,49,quantile,0.95,45.185
2024-11-16,wk inc flu hosp,1,2024-11-23,49,quantile,0.975,71.158
2024-11-16,wk inc flu hosp,1,2024-11-23,49,quantile,0.99,105.86
2024-11-16,wk inc flu hosp,2,2024-11-30,49,quantile,0.01,0.001
2024-11-16,wk inc flu hosp,2,2024-11-30,49,quantile,0.025,0.002
2024-11-16,wk inc flu hosp,2,2024-11-30,49,quantile,0.05,0.005
2024-11-16,wk inc flu hosp,2,2024-11-30,49,quantile,0.1,0.014
2024-11-16,wk inc flu hosp,2,2024-11-30,49,quantile,0.15,0.032
2024-11-16,wk inc flu hosp,2,2024-11-30,49,quantile,0.2,0.055
2024-11-16,wk inc flu hosp,2,2024-11-30,49,quantile,0.25,0.104
2024-11-16,wk inc flu hosp,2,2024-11-30,49,quantile,0.3,0.188
2024-11-16,wk inc flu hosp,2,2024-11-30,49,quantile,0.35,0.343
2024-11-16,wk inc flu hosp,2,2024-11-30,49,quantile,0.4,0.517
2024-11-16,wk inc flu hosp,2,2024-11-30,49,quantile,0.45,0.786
2024-11-16,wk inc flu hosp,2,2024-11-30,49,quantile,0.5,1.05
2024-11-16,wk inc flu hosp,2,2024-11-30,49,quantile,0.55,1.604
2024-11-16,wk inc flu hosp,2,2024-11-30,49,quantile,0.6,2.44
2024-11-16,wk inc flu hosp,2,2024-11-30,49,quantile,0.65,3.553
2024-11-16,wk inc flu hosp,2,2024-11-30,49,quantile,0.7,5.394
2024-11-16,wk inc flu hosp,2,2024-11-30,49,quantile,0.75,8.839
2024-11-16,wk inc flu hosp,2,2024-11-30,49,quantile,0.8,13.392
2024-11-16,wk inc flu hosp,2,2024-11-30,49,quantile,0.85,23.143
2024-11-16,wk inc flu hosp,2,2024-11-30,49,quantile,0.9,34.047
2024-11-16,wk inc flu hosp,2,2024-11-30,49,quantile,0.95,79.652
2024-11-16,wk inc flu hosp,2,2024-11-30,49,quantile,0.975,167.683
2024-11-16,wk inc flu hosp,2,2024-11-30,49,quantile,0.99,254.206
2024-11-16,wk inc flu hosp,3,2024-12-07,49,quantile,0.01,0.0
2024-11-16,wk inc flu hosp,3,2024-12-07,49,quantile,0.025,0.0
2024-11-16,wk inc flu hosp,3,2024-12-07,49,quantile,0.05,0.0
2024-11-16,wk inc flu hosp,3,2024-12-07,49,quantile,0.1,0.002
2024-11-16,wk inc flu hosp,3,2024-12-07,49,quantile,0.15,0.006
2024-11-16,wk inc flu hosp,3,2024-12-07,49,quantile,0.2,0.013
2024-11-16,wk inc flu hosp,3,2024-12-07,49,quantile,0.25,0.03
2024-11-16,wk inc flu hosp,3,2024-12-07,49,quantile,0.3,0.065
2024-11-16,wk inc flu hosp,3,2024-12-07,49,quantile,0.35,0.124
2024-11-16,wk inc flu hosp,3,2024-12-07,49,quantile,0.4,0.226
2024-11-16,wk inc flu hosp,3,2024-12-07,49,quantile,0.45,0.412
2024-11-16,wk inc flu hosp,3,2024-12-07,49,quantile,0.5,0.612
2024-11-16,wk inc flu hosp,3,2024-12-07,49,quantile,0.55,1.027
2024-11-16,wk inc flu hosp,3,2024-12-07,49,quantile,0.6,1.672
2024-11-16,wk inc flu hosp,3,2024-12-07,49,quantile,0.65,2.888
2024-11-16,wk inc flu hosp,3,2024-12-07,49,quantile,0.7,4.897
2024-11-16,wk inc flu hosp,3,2024-12-07,49,quantile,0.75,8.961
2024-11-16,wk inc flu hosp,3,2024-12-07,49,quantile,0.8,15.151
2024-11-16,wk inc flu hosp,3,2024-12-07,49,quantile,0.85,28.876
2024-11-16,wk inc flu hosp,3,2024-12-07,49,quantile,0.9,46.881
2024-11-16,wk inc flu hosp,3,2024-12-07,49,quantile,0.95,130.721
2024-11-16,wk inc flu hosp,3,2024-12-07,49,quantile,0.975,341.625
2024-11-16,wk inc flu hosp,3,2024-12-07,49,quantile,0.99,503.831
2024-11-16,wk inc flu hosp,0,2024-11-16,50,quantile,0.01,0.001
2024-11-16,wk inc flu hosp,0,2024-11-16,50,quantile,0.025,0.003
2024-11-16,wk inc flu hosp,0,2024-11-16,50,quantile,0.05,0.005
2024-11-16,wk inc flu hosp,0,2024-11-16,50,quantile,0.1,0.011
2024-11-16,wk inc flu hosp,0,2024-11-16,50,quantile,0.15,0.02
2024-11-16,wk inc flu hosp,0,2024-11-16,50,quantile,0.2,0.031
2024-11-16,wk inc flu hosp,0,2024-11-16,50,quantile,0.25,0.05
2024-11-16,wk inc flu hosp,0,2024-11-16,50,quantile,0.3,0.079
2024-11-16,wk inc flu hosp,0,2024-11-16,50,quantile,0.35,0.108
2024-11-16,wk inc flu hosp,0,2024-11-16,50,quantile,0.4,0.144
2024-11-16,wk inc flu hosp,0,2024-11-16,50,quantile,0.45,0.195
2024-11-16,wk inc flu hosp,0,2024-11-16,50,quantile,0.5,0.248
2024-11-16,wk inc flu hosp,0,2024-11-16,50,quantile,0.55,0.297
2024-11-16,wk inc flu hosp,0,2024-11-16,50,quantile,0.6,0.355
2024-11-16,wk inc flu hosp,0,2024-11-16,50,quantile,0.65,0.439
2024-11-16,wk inc flu hosp,0,2024-11-16,50,quantile,0.7,0.55
2024-11-16,wk inc flu hosp,0,2024-11-16,50,quantile,0.75,0.721
2024-11-16,wk inc flu hosp,0,2024-11-16,50,quantile,0.8,0.97
2024-11-16,wk inc flu hosp,0,2024-11-16,50,quantile,0.85,1.332
2024-11-16,wk inc flu hosp,0,2024-11-16,50,quantile,0.9,1.982
2024-11-16,wk inc flu hosp,0,2024-11-16,50,quantile,0.95,3.528
2024-11-16,wk inc flu hosp,0,2024-11-16,50,quantile,0.975,5.097
2024-11-16,wk inc flu hosp,0,2024-11-16,50,quantile,0.99,6.641
2024-11-16,wk inc flu hosp,1,2024-11-23,50,quantile,0.01,0.0
2024-11-16,wk inc flu hosp,1,2024-11-23,50,quantile,0.025,0.0
2024-11-16,wk inc flu hosp,1,2024-11-23,50,quantile,0.05,0.001
2024-11-16,wk inc flu hosp,1,2024-11-23,50,quantile,0.1,0.002
2024-11-16,wk inc flu hosp,1,2024-11-23,50,quantile,0.15,0.004
2024-11-16,wk inc flu hosp,1,2024-11-23,50,quantile,0.2,0.008
2024-11-16,wk inc flu hosp,1,2024-11-23,50,quantile,0.25,0.012
2024-11-16,wk inc flu hosp,1,2024-11-23,50,quantile,0.3,0.021
2024-11-16,wk inc flu hosp,1,2024-11-23,50,quantile,0.35,0.036
2024-11-16,wk inc flu hosp,1,2024-11-23,50,quantile,0.4,0.056
2024-11-16,wk inc flu hosp,1,2024-11-23,50,quantile,0.45,0.081
2024-11-16,wk inc flu hosp,1,2024-11-23,50,quantile,0.5,0.107
2024-11-16,wk inc flu hosp,1,2024-11-23,50,quantile,0.55,0.152
2024-11-16,wk inc flu hosp,1,2024-11-23,50,quantile,0.6,0.209
2024-11-16,wk inc flu hosp,1,2024-11-23,50,quantile,0.65,0.3
2024-11-16,wk inc flu hosp,1,2024-11-23,50,quantile,0.7,0.441
2024-11-16,wk inc flu hosp,1,2024-11-23,50,quantile,0.75,0.635
2024-11-16,wk inc flu hosp,1,2024-11-23,50,quantile,0.8,0.949
2024-11-16,wk inc flu hosp,1,2024-11-23,50,quantile,0.85,1.447
2024-11-16,wk inc flu hosp,1,2024-11-23,50,quantile,0.9,2.38
2024-11-16,wk inc flu hosp,1,2024-11-23,50,quantile,0.95,5.697
2024-11-16,wk inc flu hosp,1,2024-11-23,50,quantile,0.975,8.433
2024-11-16,wk inc flu hosp,1,2024-11-23,50,quantile,0.99,12.668
2024-11-16,wk inc flu hosp,2,2024-11-30,50,quantile,0.01,0.0
2024-11-16,wk inc flu hosp,2,2024-11-30,50,quantile,0.025,0.0
2024-11-16,wk inc flu hosp,2,2024-11-30,50,quantile,0.05,0.0
2024-11-16,wk inc flu hosp,2,2024-11-30,50,quantile,0.1,0.0
2024-11-16,wk inc flu hosp,2,2024-11-30,50,quantile,0.15,0.001
2024-11-16,wk inc flu hosp,2,2024-11-30,50,quantile,0.2,0.001
2024-11-16,wk inc flu hosp,2,2024-11-30,50,quantile,0.25,0.004
2024-11-16,wk inc flu hosp,2,2024-11-30,50,quantile,0.3,0.007
2024-11-16,wk inc flu hosp,2,2024-11-30,50,quantile,0.35,0.014
2024-11-16,wk inc flu hosp,2,2024-11-30,50,quantile,0.4,0.023
2024-11-16,wk inc flu hosp,2,2024-11-30,50,quantile,0.45,0.033
2024-11-16,wk inc flu hosp,2,2024-11-30,50,quantile,0.5,0.05
2024-11-16,wk inc flu hosp,2,2024-11-30,50,quantile,0.55,0.077
2024-11-16,wk inc flu hosp,2,2024-11-30,50,quantile,0.6,0.129
2024-11-16,wk inc flu hosp,2,2024-11-30,50,quantile,0.65,0.225
2024-11-16,wk inc flu hosp,2,2024-11-30,50,quantile,0.7,0.329
2024-11-16,wk inc flu hosp,2,2024-11-30,50,quantile,0.75,0.538
2024-11-16,wk inc flu hosp,2,2024-11-30,50,quantile,0.8,0.994
2024-11-16,wk inc flu hosp,2,2024-11-30,50,quantile,0.85,1.609
2024-11-16,wk inc flu hosp,2,2024-11-30,50,quantile,0.9,2.754
2024-11-16,wk inc flu hosp,2,2024-11-30,50,quantile,0.95,7.547
2024-11-16,wk inc flu hosp,2,2024-11-30,50,quantile,0.975,15.605
2024-11-16,wk inc flu hosp,2,2024-11-30,50,quantile,0.99,26.786
2024-11-16,wk inc flu hosp,3,2024-12-07,50,quantile,0.01,0.0
2024-11-16,wk inc flu hosp,3,2024-12-07,50,quantile,0.025,0.0
2024-11-16,wk inc flu hosp,3,2024-12-07,50,quantile,0.05,0.0
2024-11-16,wk inc flu hosp,3,2024-12-07,50,quantile,0.1,0.0
2024-11-16,wk inc flu hosp,3,2024-12-07,50,quantile,0.15,0.0
2024-11-16,wk inc flu hosp,3,2024-12-07,50,quantile,0.2,0.0
2024-11-16,wk inc flu hosp,3,2024-12-07,50,quantile,0.25,0.001
2024-11-16,wk inc flu hosp,3,2024-12-07,50,quantile,0.3,0.002
2024-11-16,wk inc flu hosp,3,2024-12-07,50,quantile,0.35,0.004
2024-11-16,wk inc flu hosp,3,2024-12-07,50,quantile,0.4,0.009
2024-11-16,wk inc flu hosp,3,2024-12-07,50,quantile,0.45,0.015
2024-11-16,wk inc flu hosp,3,2024-12-07,50,quantile,0.5,0.024
2024-11-16,wk inc flu hosp,3,2024-12-07,50,quantile,0.55,0.044
2024-11-16,wk inc flu hosp,3,2024-12-07,50,quantile,0.6,0.078
2024-11-16,wk inc flu hosp,3,2024-12-07,50,quantile,0.65,0.162
2024-11-16,wk inc flu hosp,3,2024-12-07,50,quantile,0.7,0.258
2024-11-16,wk inc flu hosp,3,2024-12-07,50,quantile,0.75,0.458
2024-11-16,wk inc flu hosp,3,2024-12-07,50,quantile,0.8,1.011
2024-11-16,wk inc flu hosp,3,2024-12-07,50,quantile,0.85,1.76
2024-11-16,wk inc flu hosp,3,2024-12-07,50,quantile,0.9,3.277
2024-11-16,wk inc flu hosp,3,2024-12-07,50,quantile,0.95,9.618
2024-11-16,wk inc flu hosp,3,2024-12-07,50,quantile,0.975,24.286
2024-11-16,wk inc flu hosp,3,2024-12-07,50,quantile,0.99,41.816
2024-11-16,wk inc flu hosp,0,2024-11-16,51,quantile,0.01,1.211
2024-11-16,wk inc flu hosp,0,2024-11-16,51,quantile,0.025,1.496
2024-11-16,wk inc flu hosp,0,2024-11-16,51,quantile,0.05,1.905
2024-11-16,wk inc flu hosp,0,2024-11-16,51,quantile,0.1,2.513
2024-11-16,wk inc flu hosp,0,2024-11-16,51,quantile,0.15,3.248
2024-11-16,wk inc flu hosp,0,2024-11-16,51,quantile,0.2,3.968
2024-11-16,wk inc flu hosp,0,2024-11-16,51,quantile,0.25,4.611
2024-11-16,wk inc flu hosp,0,2024-11-16,51,quantile,0.3,5.604
2024-11-16,wk inc flu hosp,0,2024-11-16,51,quantile,0.35,6.238
2024-11-16,wk inc flu hosp,0,2024-11-16,51,quantile,0.4,7.144
2024-11-16,wk inc flu hosp,0,2024-11-16,51,quantile,0.45,8.236
2024-11-16,wk inc flu hosp,0,2024-11-16,51,quantile,0.5,9.616
2024-11-16,wk inc flu hosp,0,2024-11-16,51,quantile,0.55,10.507
2024-11-16,wk inc flu hosp,0,2024-11-16,51,quantile,0.6,11.921
2024-11-16,wk inc flu hosp,0,2024-11-16,51,quantile,0.65,13.964
2024-11-16,wk inc flu hosp,0,2024-11-16,51,quantile,0.7,16.252
2024-11-16,wk inc flu hosp,0,2024-11-16,51,quantile,0.75,18.508
2024-11-16,wk inc flu hosp,0,2024-11-16,51,quantile,0.8,22.389
2024-11-16,wk inc flu hosp,0,2024-11-16,51,quantile,0.85,29.395
2024-11-16,wk inc flu hosp,0,2024-11-16,51,quantile,0.9,41.204
2024-11-16,wk inc flu hosp,0,2024-11-16,51,quantile,0.95,58.841
2024-11-16,wk inc flu hosp,0,2024-11-16,51,quantile,0.975,83.596
2024-11-16,wk inc flu hosp,0,2024-11-16,51,quantile,0.99,113.13
2024-11-16,wk inc flu hosp,1,2024-11-23,51,quantile,0.01,0.108
2024-11-16,wk inc flu hosp,1,2024-11-23,51,quantile,0.025,0.154
2024-11-16,wk inc flu hosp,1,2024-11-23,51,quantile,0.05,0.224
2024-11-16,wk inc flu hosp,1,2024-11-23,51,quantile,0.1,0.483
2024-11-16,wk inc flu hosp,1,2024-11-23,51,quantile,0.15,0.742
2024-11-16,wk inc flu hosp,1,2024-11-23,51,quantile,0.2,1.049
2024-11-16,wk inc flu hosp,1,2024-11-23,51,quantile,0.25,1.481
2024-11-16,wk inc flu hosp,1,2024-11-23,51,quantile,0.3,1.884
2024-11-16,wk inc flu hosp,1,2024-11-23,51,quantile,0.35,2.447
2024-11-16,wk inc flu hosp,1,2024-11-23,51,quantile,0.4,3.207
2024-11-16,wk inc flu hosp,1,2024-11-23,51,quantile,0.45,4.05
2024-11-16,wk inc flu hosp,1,2024-11-23,51,quantile,0.5,4.811
2024-11-16,wk inc flu hosp,1,2024-11-23,51,quantile,0.55,5.966
2024-11-16,wk inc flu hosp,1,2024-11-23,51,quantile,0.6,7.158
2024-11-16,wk inc flu hosp,1,2024-11-23,51,quantile,0.65,9.275
2024-11-16,wk inc flu hosp,1,2024-11-23,51,quantile,0.7,12.496
2024-11-16,wk inc flu hosp,1,2024-11-23,51,quantile,0.75,15.952
2024-11-16,wk inc flu hosp,1,2024-11-23,51,quantile,0.8,21.306
2024-11-16,wk inc flu hosp,1,2024-11-23,51,quantile,0.85,28.578
2024-11-16,wk inc flu hosp,1,2024-11-23,51,quantile,0.9,44.282
2024-11-16,wk inc flu hosp,1,2024-11-23,51,quantile,0.95,79.537
2024-11-16,wk inc flu hosp,1,2024-11-23,51,quantile,0.975,121.344
2024-11-16,wk inc flu hosp,1,2024-11-23,51,quantile,0.99,177.715
2024-11-16,wk inc flu hosp,2,2024-11-30,51,quantile,0.01,0.009
2024-11-16,wk inc flu hosp,2,2024-11-30,51,quantile,0.025,0.015
2024-11-16,wk inc flu hosp,2,2024-11-30,51,quantile,0.05,0.028
2024-11-16,wk inc flu hosp,2,2024-11-30,51,quantile,0.1,0.086
2024-11-16,wk inc flu hosp,2,2024-11-30,51,quantile,0.15,0.162
2024-11-16,wk inc flu hosp,2,2024-11-30,51,quantile,0.2,0.27
2024-11-16,wk inc flu hosp,2,2024-11-30,51,quantile,0.25,0.44
2024-11-16,wk inc flu hosp,2,2024-11-30,51,quantile,0.3,0.669
2024-11-16,wk inc flu hosp,2,2024-11-30,51,quantile,0.35,0.961
2024-11-16,wk inc flu hosp,2,2024-11-30,51,quantile,0.4,1.482
2024-11-16,wk inc flu hosp,2,2024-11-30,51,quantile,0.45,1.973
2024-11-16,wk inc flu hosp,2,2024-11-30,51,quantile,0.5,2.545
2024-11-16,wk inc flu hosp,2,2024-11-30,51,quantile,0.55,3.42
2024-11-16,wk inc flu hosp,2,2024-11-30,51,quantile,0.6,4.593
2024-11-16,wk inc flu hosp,2,2024-11-30,51,quantile,0.65,6.309
2024-11-16,wk inc flu hosp,2,2024-11-30,51,quantile,0.7,9.142
2024-11-16,wk inc flu hosp,2,2024-11-30,51,quantile,0.75,13.428
2024-11-16,wk inc flu hosp,2,2024-11-30,51,quantile,0.8,19.263
2024-11-16,wk inc flu hosp,2,2024-11-30,51,quantile,0.85,31.11
2024-11-16,wk inc flu hosp,2,2024-11-30,51,quantile,0.9,48.435
2024-11-16,wk inc flu hosp,2,2024-11-30,51,quantile,0.95,107.53
2024-11-16,wk inc flu hosp,2,2024-11-30,51,quantile,0.975,174.327
2024-11-16,wk inc flu hosp,2,2024-11-30,51,quantile,0.99,292.755
2024-11-16,wk inc flu hosp,3,2024-12-07,51,quantile,0.01,0.001
2024-11-16,wk inc flu hosp,3,2024-12-07,51,quantile,0.025,0.001
2024-11-16,wk inc flu hosp,3,2024-12-07,51,quantile,0.05,0.004
2024-11-16,wk inc flu hosp,3,2024-12-07,51,quantile,0.1,0.015
2024-11-16,wk inc flu hosp,3,2024-12-07,51,quantile,0.15,0.035
2024-11-16,wk inc flu hosp,3,2024-12-07,51,quantile,0.2,0.069
2024-11-16,wk inc flu hosp,3,2024-12-07,51,quantile,0.25,0.14
2024-11-16,wk inc flu hosp,3,2024-12-07,51,quantile,0.3,0.229
2024-11-16,wk inc flu hosp,3,2024-12-07,51,quantile,0.35,0.378
2024-11-16,wk inc flu hosp,3,2024-12-07,51,quantile,0.4,0.624
2024-11-16,wk inc flu hosp,3,2024-12-07,51,quantile,0.45,1.01
2024-11-16,wk inc flu hosp,3,2024-12-07,51,quantile,0.5,1.33
2024-11-16,wk inc flu hosp,3,2024-12-07,51,quantile,0.55,1.934
2024-11-16,wk inc flu hosp,3,2024-12-07,51,quantile,0.6,2.798
2024-11-16,wk inc flu hosp,3,2024-12-07,51,quantile,0.65,4.521
2024-11-16,wk inc flu hosp,3,2024-12-07,51,quantile,0.7,7.041
2024-11-16,wk inc flu hosp,3,2024-12-07,51,quantile,0.75,10.921
2024-11-16,wk inc flu hosp,3,2024-12-07,51,quantile,0.8,18.034
2024-11-16,wk inc flu hosp,3,2024-12-07,51,quantile,0.85,30.551
2024-11-16,wk inc flu hosp,3,2024-12-07,51,quantile,0.9,56.867
2024-11-16,wk inc flu hosp,3,2024-12-07,51,quantile,0.95,137.171
2024-11-16,wk inc flu hosp,3,2024-12-07,51,quantile,0.975,246.985
2024-11-16,wk inc flu hosp,3,2024-12-07,51,quantile,0.99,399.687
2024-11-16,wk inc flu hosp,0,2024-11-16,53,quantile,0.01,0.246
2024-11-16,wk inc flu hosp,0,2024-11-16,53,quantile,0.025,0.425
2024-11-16,wk inc flu hosp,0,2024-11-16,53,quantile,0.05,0.626
2024-11-16,wk inc flu hosp,0,2024-11-16,53,quantile,0.1,0.858
2024-11-16,wk inc flu hosp,0,2024-11-16,53,quantile,0.15,1.088
2024-11-16,wk inc flu hosp,0,2024-11-16,53,quantile,0.2,1.356
2024-11-16,wk inc flu hosp,0,2024-11-16,53,quantile,0.25,1.66
2024-11-16,wk inc flu hosp,0,2024-11-16,53,quantile,0.3,1.922
2024-11-16,wk inc flu hosp,0,2024-11-16,53,quantile,0.35,2.269
2024-11-16,wk inc flu hosp,0,2024-11-16,53,quantile,0.4,2.665
2024-11-16,wk inc flu hosp,0,2024-11-16,53,quantile,0.45,3.05
2024-11-16,wk inc flu hosp,0,2024-11-16,53,quantile,0.5,3.757
2024-11-16,wk inc flu hosp,0,2024-11-16,53,quantile,0.55,4.522
2024-11-16,wk inc flu hosp,0,2024-11-16,53,quantile,0.6,5.157
2024-11-16,wk inc flu hosp,0,2024-11-16,53,quantile,0.65,6.088
2024-11-16,wk inc flu hosp,0,2024-11-16,53,quantile,0.7,7.605
2024-11-16,wk inc flu hosp,0,2024-11-16,53,quantile,0.75,9.219
2024-11-16,wk inc flu hosp,0,2024-11-16,53,quantile,0.8,10.718
2024-11-16,wk inc flu hosp,0,2024-11-16,53,quantile,0.85,14.761
2024-11-16,wk inc flu hosp,0,2024-11-16,53,quantile,0.9,20.481
2024-11-16,wk inc flu hosp,0,2024-11-16,53,quantile,0.95,31.896
2024-11-16,wk inc flu hosp,0,2024-11-16,53,quantile,0.975,46.153
2024-11-16,wk inc flu hosp,0,2024-11-16,53,quantile,0.99,54.492
2024-11-16,wk inc flu hosp,1,2024-11-23,53,quantile,0.01,0.012
2024-11-16,wk inc flu hosp,1,2024-11-23,53,quantile,0.025,0.028
2024-11-16,wk inc flu hosp,1,2024-11-23,53,quantile,0.05,0.07
2024-11-16,wk inc flu hosp,1,2024-11-23,53,quantile,0.1,0.141
2024-11-16,wk inc flu hosp,1,2024-11-23,53,quantile,0.15,0.211
2024-11-16,wk inc flu hosp,1,2024-11-23,53,quantile,0.2,0.318
2024-11-16,wk inc flu hosp,1,2024-11-23,53,quantile,0.25,0.45
2024-11-16,wk inc flu hosp,1,2024-11-23,53,quantile,0.3,0.617
2024-11-16,wk inc flu hosp,1,2024-11-23,53,quantile,0.35,0.784
2024-11-16,wk inc flu hosp,1,2024-11-23,53,quantile,0.4,1.038
2024-11-16,wk inc flu hosp,1,2024-11-23,53,quantile,0.45,1.372
2024-11-16,wk inc flu hosp,1,2024-11-23,53,quantile,0.5,1.763
2024-11-16,wk inc flu hosp,1,2024-11-23,53,quantile,0.55,2.402
2024-11-16,wk inc flu hosp,1,2024-11-23,53,quantile,0.6,3.136
2024-11-16,wk inc flu hosp,1,2024-11-23,53,quantile,0.65,4.176
2024-11-16,wk inc flu hosp,1,2024-11-23,53,quantile,0.7,5.24
2024-11-16,wk inc flu hosp,1,2024-11-23,53,quantile,0.75,7.126
2024-11-16,wk inc flu hosp,1,2024-11-23,53,quantile,0.8,10.903
2024-11-16,wk inc flu hosp,1,2024-11-23,53,quantile,0.85,14.769
2024-11-16,wk inc flu hosp,1,2024-11-23,53,quantile,0.9,23.71
2024-11-16,wk inc flu hosp,1,2024-11-23,53,quantile,0.95,42.925
2024-11-16,wk inc flu hosp,1,2024-11-23,53,quantile,0.975,62.977
2024-11-16,wk inc flu hosp,1,2024-11-23,53,quantile,0.99,91.63
2024-11-16,wk inc flu hosp,2,2024-11-30,53,quantile,0.01,0.0
2024-11-16,wk inc flu hosp,2,2024-11-30,53,quantile,0.025,0.002
2024-11-16,wk inc flu hosp,2,2024-11-30,53,quantile,0.05,0.007
2024-11-16,wk inc flu hosp,2,2024-11-30,53,quantile,0.1,0.021
2024-11-16,wk inc flu hosp,2,2024-11-30,53,quantile,0.15,0.04
2024-11-16,wk inc flu hosp,2,2024-11-30,53,quantile,0.2,0.075
2024-11-16,wk inc flu hosp,2,2024-11-30,53,quantile,0.25,0.122
2024-11-16,wk inc flu hosp,2,2024-11-30,53,quantile,0.3,0.189
2024-11-16,wk inc flu hosp,2,2024-11-30,53,quantile,0.35,0.26
2024-11-16,wk inc flu hosp,2,2024-11-30,53,quantile,0.4,0.414
2024-11-16,wk inc flu hosp,2,2024-11-30,53,quantile,0.45,0.601
2024-11-16,wk inc flu hosp,2,2024-11-30,53,quantile,0.5,0.881
2024-11-16,wk inc flu hosp,2,2024-11-30,53,quantile,0.55,1.3
2024-11-16,wk inc flu hosp,2,2024-11-30,53,quantile,0.6,1.994
2024-11-16,wk inc flu hosp,2,2024-11-30,53,quantile,0.65,2.68
2024-11-16,wk inc flu hosp,2,2024-11-30,53,quantile,0.7,3.787
2024-11-16,wk inc flu hosp,2,2024-11-30,53,quantile,0.75,5.455
2024-11-16,wk inc flu hosp,2,2024-11-30,53,quantile,0.8,9.558
2024-11-16,wk inc flu hosp,2,2024-11-30,53,quantile,0.85,15.947
2024-11-16,wk inc flu hosp,2,2024-11-30,53,quantile,0.9,26.671
2024-11-16,wk inc flu hosp,2,2024-11-30,53,quantile,0.95,57.059
2024-11-16,wk inc flu hosp,2,2024-11-30,53,quantile,0.975,100.407
2024-11-16,wk inc flu hosp,2,2024-11-30,53,quantile,0.99,171.834
2024-11-16,wk inc flu hosp,3,2024-12-07,53,quantile,0.01,0.0
2024-11-16,wk inc flu hosp,3,2024-12-07,53,quantile,0.025,0.0
2024-11-16,wk inc flu hosp,3,2024-12-07,53,quantile,0.05,0.001
2024-11-16,wk inc flu hosp,3,2024-12-07,53,quantile,0.1,0.003
2024-11-16,wk inc flu hosp,3,2024-12-07,53,quantile,0.15,0.008
2024-11-16,wk inc flu hosp,3,2024-12-07,53,quantile,0.2,0.018
2024-11-16,wk inc flu hosp,3,2024-12-07,53,quantile,0.25,0.031
2024-11-16,wk inc flu hosp,3,2024-12-07,53,quantile,0.3,0.059
2024-11-16,wk inc flu hosp,3,2024-12-07,53,quantile,0.35,0.091
2024-11-16,wk inc flu hosp,3,2024-12-07,53,quantile,0.4,0.168
2024-11-16,wk inc flu hosp,3,2024-12-07,53,quantile,0.45,0.276
2024-11-16,wk inc flu hosp,3,2024-12-07,53,quantile,0.5,0.428
2024-11-16,wk inc flu hosp,3,2024-12-07,53,quantile,0.55,0.695
2024-11-16,wk inc flu hosp,3,2024-12-07,53,quantile,0.6,1.198
2024-11-16,wk inc flu hosp,3,2024-12-07,53,quantile,0.65,1.751
2024-11-16,wk inc flu hosp,3,2024-12-07,53,quantile,0.7,2.664
2024-11-16,wk inc flu hosp,3,2024-12-07,53,quantile,0.75,4.157
2024-11-16,wk inc flu hosp,3,2024-12-07,53,quantile,0.8,8.091
2024-11-16,wk inc flu hosp,3,2024-12-07,53,quantile,0.85,15.33
2024-11-16,wk inc flu hosp,3,2024-12-07,53,quantile,0.9,31.474
2024-11-16,wk inc flu hosp,3,2024-12-07,53,quantile,0.95,80.319
2024-11-16,wk inc flu hosp,3,2024-12-07,53,quantile,0.975,151.522
2024-11-16,wk inc flu hosp,3,2024-12-07,53,quantile,0.99,307.184
2024-11-16,wk inc flu hosp,0,2024-11-16,54,quantile,0.01,0.213
2024-11-16,wk inc flu hosp,0,2024-11-16,54,quantile,0.025,0.296
2024-11-16,wk inc flu hosp,0,2024-11-16,54,quantile,0.05,0.396
2024-11-16,wk inc flu hosp,0,2024-11-16,54,quantile,0.1,0.552
2024-11-16,wk inc flu hosp,0,2024-11-16,54,quantile,0.15,0.722
2024-11-16,wk inc flu hosp,0,2024-11-16,54,quantile,0.2,0.912
2024-11-16,wk inc flu hosp,0,2024-11-16,54,quantile,0.25,1.035
2024-11-16,wk inc flu hosp,0,2024-11-16,54,quantile,0.3,1.217
2024-11-16,wk inc flu hosp,0,2024-11-16,54,quantile,0.35,1.47
2024-11-16,wk inc flu hosp,0,2024-11-16,54,quantile,0.4,1.716
2024-11-16,wk inc flu hosp,0,2024-11-16,54,quantile,0.45,1.949
2024-11-16,wk inc flu hosp,0,2024-11-16,54,quantile,0.5,2.274
2024-11-16,wk inc flu hosp,0,2024-11-16,54,quantile,0.55,2.508
2024-11-16,wk inc flu hosp,0,2024-11-16,54,quantile,0.6,2.788
2024-11-16,wk inc flu hosp,0,2024-11-16,54,quantile,0.65,3.243
2024-11-16,wk inc flu hosp,0,2024-11-16,54,quantile,0.7,3.71
2024-11-16,wk inc flu hosp,0,2024-11-16,54,quantile,0.75,4.164
2024-11-16,wk inc flu hosp,0,2024-11-16,54,quantile,0.8,4.984
2024-11-16,wk inc flu hosp,0,2024-11-16,54,quantile,0.85,6.074
2024-11-16,wk inc flu hosp,0,2024-11-16,54,quantile,0.9,7.884
2024-11-16,wk inc flu hosp,0,2024-11-16,54,quantile,0.95,11.445
2024-11-16,wk inc flu hosp,0,2024-11-16,54,quantile,0.975,15.303
2024-11-16,wk inc flu hosp,0,2024-11-16,54,quantile,0.99,19.491
2024-11-16,wk inc flu hosp,1,2024-11-23,54,quantile,0.01,0.013
2024-11-16,wk inc flu hosp,1,2024-11-23,54,quantile,0.025,0.025
2024-11-16,wk inc flu hosp,1,2024-11-23,54,quantile,0.05,0.045
2024-11-16,wk inc flu hosp,1,2024-11-23,54,quantile,0.1,0.089
2024-11-16,wk inc flu hosp,1,2024-11-23,54,quantile,0.15,0.154
2024-11-16,wk inc flu hosp,1,2024-11-23,54,quantile,0.2,0.208
2024-11-16,wk inc flu hosp,1,2024-11-23,54,quantile,0.25,0.287
2024-11-16,wk inc flu hosp,1,2024-11-23,54,quantile,0.3,0.426
2024-11-16,wk inc flu hosp,1,2024-11-23,54,quantile,0.35,0.595
2024-11-16,wk inc flu hosp,1,2024-11-23,54,quantile,0.4,0.82
2024-11-16,wk inc flu hosp,1,2024-11-23,54,quantile,0.45,1.109
2024-11-16,wk inc flu hosp,1,2024-11-23,54,quantile,0.5,1.343
2024-11-16,wk inc flu hosp,1,2024-11-23,54,quantile,0.55,1.726
2024-11-16,wk inc flu hosp,1,2024-11-23,54,quantile,0.6,2.161
2024-11-16,wk inc flu hosp,1,2024-11-23,54,quantile,0.65,2.874
2024-11-16,wk inc flu hosp,1,2024-11-23,54,quantile,0.7,3.543
2024-11-16,wk inc flu hosp,1,2024-11-23,54,quantile,0.75,4.872
2024-11-16,wk inc flu hosp,1,2024-11-23,54,quantile,0.8,6.117
2024-11-16,wk inc flu hosp,1,2024-11-23,54,quantile,0.85,8.926
2024-11-16,wk inc flu hosp,1,2024-11-23,54,quantile,0.9,12.677
2024-11-16,wk inc flu hosp,1,2024-11-23,54,quantile,0.95,22.825
2024-11-16,wk inc flu hosp,1,2024-11-23,54,quantile,0.975,33.403
2024-11-16,wk inc flu hosp,1,2024-11-23,54,quantile,0.99,45.212
2024-11-16,wk inc flu hosp,2,2024-11-30,54,quantile,0.01,0.001
2024-11-16,wk inc flu hosp,2,2024-11-30,54,quantile,0.025,0.002
2024-11-16,wk inc flu hosp,2,2024-11-30,54,quantile,0.05,0.005
2024-11-16,wk inc flu hosp,2,2024-11-30,54,quantile,0.1,0.014
2024-11-16,wk inc flu hosp,2,2024-11-30,54,quantile,0.15,0.027
2024-11-16,wk inc flu hosp,2,2024-11-30,54,quantile,0.2,0.053
2024-11-16,wk inc flu hosp,2,2024-11-30,54,quantile,0.25,0.083
2024-11-16,wk inc flu hosp,2,2024-11-30,54,quantile,0.3,0.148
2024-11-16,wk inc flu hosp,2,2024-11-30,54,quantile,0.35,0.243
2024-11-16,wk inc flu hosp,2,2024-11-30,54,quantile,0.4,0.402
2024-11-16,wk inc flu hosp,2,2024-11-30,54,quantile,0.45,0.612
2024-11-16,wk inc flu hosp,2,2024-11-30,54,quantile,0.5,0.817
2024-11-16,wk inc flu hosp,2,2024-11-30,54,quantile,0.55,1.16
2024-11-16,wk inc flu hosp,2,2024-11-30,54,quantile,0.6,1.751
2024-11-16,wk inc flu hosp,2,2024-11-30,54,quantile,0.65,2.541
2024-11-16,wk inc flu hosp,2,2024-11-30,54,quantile,0.7,3.554
2024-11-16,wk inc flu hosp,2,2024-11-30,54,quantile,0.75,5.257
2024-11-16,wk inc flu hosp,2,2024-11-30,54,quantile,0.8,7.927
2024-11-16,wk inc flu hosp,2,2024-11-30,54,quantile,0.85,11.448
2024-11-16,wk inc flu hosp,2,2024-11-30,54,quantile,0.9,19.218
2024-11-16,wk inc flu hosp,2,2024-11-30,54,quantile,0.95,41.306
2024-11-16,wk inc flu hosp,2,2024-11-30,54,quantile,0.975,67.108
2024-11-16,wk inc flu hosp,2,2024-11-30,54,quantile,0.99,115.782
2024-11-16,wk inc flu hosp,3,2024-12-07,54,quantile,0.01,0.0
2024-11-16,wk inc flu hosp,3,2024-12-07,54,quantile,0.025,0.0
2024-11-16,wk inc flu hosp,3,2024-12-07,54,quantile,0.05,0.0
2024-11-16,wk inc flu hosp,3,2024-12-07,54,quantile,0.1,0.002
2024-11-16,wk inc flu hosp,3,2024-12-07,54,quantile,0.15,0.005
2024-11-16,wk inc flu hosp,3,2024-12-07,54,quantile,0.2,0.013
2024-11-16,wk inc flu hosp,3,2024-12-07,54,quantile,0.25,0.026
2024-11-16,wk inc flu hosp,3,2024-12-07,54,quantile,0.3,0.052
2024-11-16,wk inc flu hosp,3,2024-12-07,54,quantile,0.35,0.098
2024-11-16,wk inc flu hosp,3,2024-12-07,54,quantile,0.4,0.203
2024-11-16,wk inc flu hosp,3,2024-12-07,54,quantile,0.45,0.329
2024-11-16,wk inc flu hosp,3,2024-12-07,54,quantile,0.5,0.486
2024-11-16,wk inc flu hosp,3,2024-12-07,54,quantile,0.55,0.807
2024-11-16,wk inc flu hosp,3,2024-12-07,54,quantile,0.6,1.386
2024-11-16,wk inc flu hosp,3,2024-12-07,54,quantile,0.65,2.211
2024-11-16,wk inc flu hosp,3,2024-12-07,54,quantile,0.7,3.477
2024-11-16,wk inc flu hosp,3,2024-12-07,54,quantile,0.75,5.806
2024-11-16,wk inc flu hosp,3,2024-12-07,54,quantile,0.8,9.63
2024-11-16,wk inc flu hosp,3,2024-12-07,54,quantile,0.85,16.088
2024-11-16,wk inc flu hosp,3,2024-12-07,54,quantile,0.9,29.645
2024-11-16,wk inc flu hosp,3,2024-12-07,54,quantile,0.95,65.139
2024-11-16,wk inc flu hosp,3,2024-12-07,54,quantile,0.975,117.676
2024-11-16,wk inc flu hosp,3,2024-12-07,54,quantile,0.99,199.227
2024-11-16,wk inc flu hosp,0,2024-11-16,55,quantile,0.01,0.554
2024-11-16,wk inc flu hosp,0,2024-11-16,55,quantile,0.025,0.926
2024-11-16,wk inc flu hosp,0,2024-11-16,55,quantile,0.05,1.263
2024-11-16,wk inc flu hosp,0,2024-11-16,55,quantile,0.1,1.71
2024-11-16,wk inc flu hosp,0,2024-11-16,55,quantile,0.15,2.139
2024-11-16,wk inc flu hosp,0,2024-11-16,55,quantile,0.2,2.772
2024-11-16,wk inc flu hosp,0,2024-11-16,55,quantile,0.25,3.424
2024-11-16,wk inc flu hosp,0,2024-11-16,55,quantile,0.3,4.236
2024-11-16,wk inc flu hosp,0,2024-11-16,55,quantile,0.35,5.1
2024-11-16,wk inc flu hosp,0,2024-11-16,55,quantile,0.4,6.3
2024-11-16,wk inc flu hosp,0,2024-11-16,55,quantile,0.45,7.269
2024-11-16,wk inc flu hosp,0,2024-11-16,55,quantile,0.5,8.566
2024-11-16,wk inc flu hosp,0,2024-11-16,55,quantile,0.55,9.736
2024-11-16,wk inc flu hosp,0,2024-11-16,55,quantile,0.6,11.177
2024-11-16,wk inc flu hosp,0,2024-11-16,55,quantile,0.65,13.044
2024-11-16,wk inc flu hosp,0,2024-11-16,55,quantile,0.7,14.917
2024-11-16,wk inc flu hosp,0,2024-11-16,55,quantile,0.75,17.038
2024-11-16,wk inc flu hosp,0,2024-11-16,55,quantile,0.8,20.382
2024-11-16,wk inc flu hosp,0,2024-11-16,55,quantile,0.85,25.631
2024-11-16,wk inc flu hosp,0,2024-11-16,55,quantile,0.9,36.123
2024-11-16,wk inc flu hosp,0,2024-11-16,55,quantile,0.95,55.3
2024-11-16,wk inc flu hosp,0,2024-11-16,55,quantile,0.975,81.822
2024-11-16,wk inc flu hosp,0,2024-11-16,55,quantile,0.99,94.951
2024-11-16,wk inc flu hosp,1,2024-11-23,55,quantile,0.01,0.044
2024-11-16,wk inc flu hosp,1,2024-11-23,55,quantile,0.025,0.075
2024-11-16,wk inc flu hosp,1,2024-11-23,55,quantile,0.05,0.145
2024-11-16,wk inc flu hosp,1,2024-11-23,55,quantile,0.1,0.27
2024-11-16,wk inc flu hosp,1,2024-11-23,55,quantile,0.15,0.452
2024-11-16,wk inc flu hosp,1,2024-11-23,55,quantile,0.2,0.687
2024-11-16,wk inc flu hosp,1,2024-11-23,55,quantile,0.25,1.081
2024-11-16,wk inc flu hosp,1,2024-11-23,55,quantile,0.3,1.548
2024-11-16,wk inc flu hosp,1,2024-11-23,55,quantile,0.35,2.145
2024-11-16,wk inc flu hosp,1,2024-11-23,55,quantile,0.4,2.894
2024-11-16,wk inc flu hosp,1,2024-11-23,55,quantile,0.45,4.075
2024-11-16,wk inc flu hosp,1,2024-11-23,55,quantile,0.5,5.176
2024-11-16,wk inc flu hosp,1,2024-11-23,55,quantile,0.55,6.547
2024-11-16,wk inc flu hosp,1,2024-11-23,55,quantile,0.6,8.122
2024-11-16,wk inc flu hosp,1,2024-11-23,55,quantile,0.65,10.263
2024-11-16,wk inc flu hosp,1,2024-11-23,55,quantile,0.7,12.566
2024-11-16,wk inc flu hosp,1,2024-11-23,55,quantile,0.75,16.41
2024-11-16,wk inc flu hosp,1,2024-11-23,55,quantile,0.8,22.266
2024-11-16,wk inc flu hosp,1,2024-11-23,55,quantile,0.85,29.442
2024-11-16,wk inc flu hosp,1,2024-11-23,55,quantile,0.9,51.44
2024-11-16,wk inc flu hosp,1,2024-11-23,55,quantile,0.95,91.906
2024-11-16,wk inc flu hosp,1,2024-11-23,55,quantile,0.975,132.586
2024-11-16,wk inc flu hosp,1,2024-11-23,55,quantile,0.99,166.232
2024-11-16,wk inc flu hosp,2,2024-11-30,55,quantile,0.01,0.003
2024-11-16,wk inc flu hosp,2,2024-11-30,55,quantile,0.025,0.006
2024-11-16,wk inc flu hosp,2,2024-11-30,55,quantile,0.05,0.016
2024-11-16,wk inc flu hosp,2,2024-11-30,55,quantile,0.1,0.04
2024-11-16,wk inc flu hosp,2,2024-11-30,55,quantile,0.15,0.094
2024-11-16,wk inc flu hosp,2,2024-11-30,55,quantile,0.2,0.186
2024-11-16,wk inc flu hosp,2,2024-11-30,55,quantile,0.25,0.315
2024-11-16,wk inc flu hosp,2,2024-11-30,55,quantile,0.3,0.55
2024-11-16,wk inc flu hosp,2,2024-11-30,55,quantile,0.35,0.893
2024-11-16,wk inc flu hosp,2,2024-11-30,55,quantile,0.4,1.384
2024-11-16,wk inc flu hosp,2,2024-11-30,55,quantile,0.45,2.084
2024-11-16,wk inc flu hosp,2,2024-11-30,55,quantile,0.5,3.07
2024-11-16,wk inc flu hosp,2,2024-11-30,55,quantile,0.55,4.394
2024-11-16,wk inc flu hosp,2,2024-11-30,55,quantile,0.6,6.056
2024-11-16,wk inc flu hosp,2,2024-11-30,55,quantile,0.65,7.742
2024-11-16,wk inc flu hosp,2,2024-11-30,55,quantile,0.7,10.748
2024-11-16,wk inc flu hosp,2,2024-11-30,55,quantile,0.75,15.396
2024-11-16,wk inc flu hosp,2,2024-11-30,55,quantile,0.8,24.278
2024-11-16,wk inc flu hosp,2,2024-11-30,55,quantile,0.85,38.961
2024-11-16,wk inc flu hosp,2,2024-11-30,55,quantile,0.9,72.11
2024-11-16,wk inc flu hosp,2,2024-11-30,55,quantile,0.95,155.556
2024-11-16,wk inc flu hosp,2,2024-11-30,55,quantile,0.975,225.914
2024-11-16,wk inc flu hosp,2,2024-11-30,55,quantile,0.99,349.428
2024-11-16,wk inc flu hosp,3,2024-12-07,55,quantile,0.01,0.0
2024-11-16,wk inc flu hosp,3,2024-12-07,55,quantile,0.025,0.0
2024-11-16,wk inc flu hosp,3,2024-12-07,55,quantile,0.05,0.002
2024-11-16,wk inc flu hosp,3,2024-12-07,55,quantile,0.1,0.007
2024-11-16,wk inc flu hosp,3,2024-12-07,55,quantile,0.15,0.019
2024-11-16,wk inc flu hosp,3,2024-12-07,55,quantile,0.2,0.049
2024-11-16,wk inc flu hosp,3,2024-12-07,55,quantile,0.25,0.093
2024-11-16,wk inc flu hosp,3,2024-12-07,55,quantile,0.3,0.205
2024-11-16,wk inc flu hosp,3,2024-12-07,55,quantile,0.35,0.363
2024-11-16,wk inc flu hosp,3,2024-12-07,55,quantile,0.4,0.622
2024-11-16,wk inc flu hosp,3,2024-12-07,55,quantile,0.45,1.101
2024-11-16,wk inc flu hosp,3,2024-12-07,55,quantile,0.5,1.857
2024-11-16,wk inc flu hosp,3,2024-12-07,55,quantile,0.55,2.931
2024-11-16,wk inc flu hosp,3,2024-12-07,55,quantile,0.6,4.271
2024-11-16,wk inc flu hosp,3,2024-12-07,55,quantile,0.65,5.965
2024-11-16,wk inc flu hosp,3,2024-12-07,55,quantile,0.7,8.932
2024-11-16,wk inc flu hosp,3,2024-12-07,55,quantile,0.75,14.945
2024-11-16,wk inc flu hosp,3,2024-12-07,55,quantile,0.8,25.331
2024-11-16,wk inc flu hosp,3,2024-12-07,55,quantile,0.85,51.475
2024-11-16,wk inc flu hosp,3,2024-12-07,55,quantile,0.9,95.806
2024-11-16,wk inc flu hosp,3,2024-12-07,55,quantile,0.95,212.695
2024-11-16,wk inc flu hosp,3,2024-12-07,55,quantile,0.975,375.673
2024-11-16,wk inc flu hosp,3,2024-12-07,55,quantile,0.99,490.677
2024-11-16,wk inc flu hosp,0,2024-11-16,56,quantile,0.01,0.436
2024-11-16,wk inc flu hosp,0,2024-11-16,56,quantile,0.025,0.676
2024-11-16,wk inc flu hosp,0,2024-11-16,56,quantile,0.05,0.965
2024-11-16,wk inc flu hosp,0,2024-11-16,56,quantile,0.1,1.436
2024-11-16,wk inc flu hosp,0,2024-11-16,56,quantile,0.15,1.782
2024-11-16,wk inc flu hosp,0,2024-11-16,56,quantile,0.2,2.147
2024-11-16,wk inc flu hosp,0,2024-11-16,56,quantile,0.25,2.516
2024-11-16,wk inc flu hosp,0,2024-11-16,56,quantile,0.3,2.958
2024-11-16,wk inc flu hosp,0,2024-11-16,56,quantile,0.35,3.364
2024-11-16,wk inc flu hosp,0,2024-11-16,56,quantile,0.4,3.733
2024-11-16,wk inc flu hosp,0,2024-11-16,56,quantile,0.45,4.168
2024-11-16,wk inc flu hosp,0,2024-11-16,56,quantile,0.5,4.736
2024-11-16,wk inc flu hosp,0,2024-11-16,56,quantile,0.55,5.291
2024-11-16,wk inc flu hosp,0,2024-11-16,56,quantile,0.6,5.843
2024-11-16,wk inc flu hosp,0,2024-11-16,56,quantile,0.65,6.304
2024-11-16,wk inc flu hosp,0,2024-11-16,56,quantile,0.7,6.927
2024-11-16,wk inc flu hosp,0,2024-11-16,56,quantile,0.75,7.811
2024-11-16,wk inc flu hosp,0,2024-11-16,56,quantile,0.8,8.859
2024-11-16,wk inc flu hosp,0,2024-11-16,56,quantile,0.85,10.493
2024-11-16,wk inc flu hosp,0,2024-11-16,56,quantile,0.9,13.103
2024-11-16,wk inc flu hosp,0,2024-11-16,56,quantile,0.95,17.302
2024-11-16,wk inc flu hosp,0,2024-11-16,56,quantile,0.975,21.093
2024-11-16,wk inc flu hosp,0,2024-11-16,56,quantile,0.99,24.55
2024-11-16,wk inc flu hosp,1,2024-11-23,56,quantile,0.01,0.058
2024-11-16,wk inc flu hosp,1,2024-11-23,56,quantile,0.025,0.091
2024-11-16,wk inc flu hosp,1,2024-11-23,56,quantile,0.05,0.202
2024-11-16,wk inc flu hosp,1,2024-11-23,56,quantile,0.1,0.329
2024-11-16,wk inc flu hosp,1,2024-11-23,56,quantile,0.15,0.514
2024-11-16,wk inc flu hosp,1,2024-11-23,56,quantile,0.2,0.777
2024-11-16,wk inc flu hosp,1,2024-11-23,56,quantile,0.25,1.092
2024-11-16,wk inc flu hosp,1,2024-11-23,56,quantile,0.3,1.423
2024-11-16,wk inc flu hosp,1,2024-11-23,56,quantile,0.35,1.779
2024-11-16,wk inc flu hosp,1,2024-11-23,56,quantile,0.4,2.263
2024-11-16,wk inc flu hosp,1,2024-11-23,56,quantile,0.45,2.792
2024-11-16,wk inc flu hosp,1,2024-11-23,56,quantile,0.5,3.255
2024-11-16,wk inc flu hosp,1,2024-11-23,56,quantile,0.55,4.061
2024-11-16,wk inc flu hosp,1,2024-11-23,56,quantile,0.6,4.786
2024-11-16,wk inc flu hosp,1,2024-11-23,56,quantile,0.65,5.876
2024-11-16,wk inc flu hosp,1,2024-11-23,56,quantile,0.7,6.748
2024-11-16,wk inc flu hosp,1,2024-11-23,56,quantile,0.75,7.968
2024-11-16,wk inc flu hosp,1,2024-11-23,56,quantile,0.8,9.67
2024-11-16,wk inc flu hosp,1,2024-11-23,56,quantile,0.85,12.445
2024-11-16,wk inc flu hosp,1,2024-11-23,56,quantile,0.9,16.247
2024-11-16,wk inc flu hosp,1,2024-11-23,56,quantile,0.95,27.131
2024-11-16,wk inc flu hosp,1,2024-11-23,56,quantile,0.975,34.926
2024-11-16,wk inc flu hosp,1,2024-11-23,56,quantile,0.99,46.218
2024-11-16,wk inc flu hosp,2,2024-11-30,56,quantile,0.01,0.006
2024-11-16,wk inc flu hosp,2,2024-11-30,56,quantile,0.025,0.012
2024-11-16,wk inc flu hosp,2,2024-11-30,56,quantile,0.05,0.033
2024-11-16,wk inc flu hosp,2,2024-11-30,56,quantile,0.1,0.08
2024-11-16,wk inc flu hosp,2,2024-11-30,56,quantile,0.15,0.16
2024-11-16,wk inc flu hosp,2,2024-11-30,56,quantile,0.2,0.291
2024-11-16,wk inc flu hosp,2,2024-11-30,56,quantile,0.25,0.453
2024-11-16,wk inc flu hosp,2,2024-11-30,56,quantile,0.3,0.664
2024-11-16,wk inc flu hosp,2,2024-11-30,56,quantile,0.35,0.979
2024-11-16,wk inc flu hosp,2,2024-11-30,56,quantile,0.4,1.372
2024-11-16,wk inc flu hosp,2,2024-11-30,56,quantile,0.45,1.845
2024-11-16,wk inc flu hosp,2,2024-11-30,56,quantile,0.5,2.489
2024-11-16,wk inc flu hosp,2,2024-11-30,56,quantile,0.55,3.281
2024-11-16,wk inc flu hosp,2,2024-11-30,56,quantile,0.6,3.992
2024-11-16,wk inc flu hosp,2,2024-11-30,56,quantile,0.65,5.185
2024-11-16,wk inc flu hosp,2,2024-11-30,56,quantile,0.7,6.471
2024-11-16,wk inc flu hosp,2,2024-11-30,56,quantile,0.75,8.648
2024-11-16,wk inc flu hosp,2,2024-11-30,56,quantile,0.8,10.522
2024-11-16,wk inc flu hosp,2,2024-11-30,56,quantile,0.85,14.024
2024-11-16,wk inc flu hosp,2,2024-11-30,56,quantile,0.9,21.435
2024-11-16,wk inc flu hosp,2,2024-11-30,56,quantile,0.95,39.56
2024-11-16,wk inc flu hosp,2,2024-11-30,56,quantile,0.975,57.754
2024-11-16,wk inc flu hosp,2,2024-11-30,56,quantile,0.99,78.335
2024-11-16,wk inc flu hosp,3,2024-12-07,56,quantile,0.01,0.001
2024-11-16,wk inc flu hosp,3,2024-12-07,56,quantile,0.025,0.002
2024-11-16,wk inc flu hosp,3,2024-12-07,56,quantile,0.05,0.006
2024-11-16,wk inc flu hosp,3,2024-12-07,56,quantile,0.1,0.018
2024-11-16,wk inc flu hosp,3,2024-12-07,56,quantile,0.15,0.046
2024-11-16,wk inc flu hosp,3,2024-12-07,56,quantile,0.2,0.106
2024-11-16,wk inc flu hosp,3,2024-12-07,56,quantile,0.25,0.194
2024-11-16,wk inc flu hosp,3,2024-12-07,56,quantile,0.3,0.313
2024-11-16,wk inc flu hosp,3,2024-12-07,56,quantile,0.35,0.52
2024-11-16,wk inc flu hosp,3,2024-12-07,56,quantile,0.4,0.837
2024-11-16,wk inc flu hosp,3,2024-12-07,56,quantile,0.45,1.21
2024-11-16,wk inc flu hosp,3,2024-12-07,56,quantile,0.5,1.846
2024-11-16,wk inc flu hosp,3,2024-12-07,56,quantile,0.55,2.565
2024-11-16,wk inc flu hosp,3,2024-12-07,56,quantile,0.6,3.33
2024-11-16,wk inc flu hosp,3,2024-12-07,56,quantile,0.65,4.71
2024-11-16,wk inc flu hosp,3,2024-12-07,56,quantile,0.7,6.305
2024-11-16,wk inc flu hosp,3,2024-12-07,56,quantile,0.75,8.704
2024-11-16,wk inc flu hosp,3,2024-12-07,56,quantile,0.8,11.918
2024-11-16,wk inc flu hosp,3,2024-12-07,56,quantile,0.85,15.088
2024-11-16,wk inc flu hosp,3,2024-12-07,56,quantile,0.9,24.234
2024-11-16,wk inc flu hosp,3,2024-12-07,56,quantile,0.95,48.136
2024-11-16,wk inc flu hosp,3,2024-12-07,56,quantile,0.975,78.018
2024-11-16,wk inc flu hosp,3,2024-12-07,56,quantile,0.99,91.476
2024-11-16,wk inc flu hosp,0,2024-11-16,72,quantile,0.01,0.221
2024-11-16,wk inc flu hosp,0,2024-11-16,72,quantile,0.025,0.606
2024-11-16,wk inc flu hosp,0,2024-11-16,72,quantile,0.05,1.942
2024-11-16,wk inc flu hosp,0,2024-11-16,72,quantile,0.1,3.516
2024-11-16,wk inc flu hosp,0,2024-11-16,72,quantile,0.15,4.75
2024-11-16,wk inc flu hosp,0,2024-11-16,72,quantile,0.2,5.785
2024-11-16,wk inc flu hosp,0,2024-11-16,72,quantile,0.25,6.75
2024-11-16,wk inc flu hosp,0,2024-11-16,72,quantile,0.3,8.047
2024-11-16,wk inc flu hosp,0,2024-11-16,72,quantile,0.35,9.079
2024-11-16,wk inc flu hosp,0,2024-11-16,72,quantile,0.4,10.179
2024-11-16,wk inc flu hosp,0,2024-11-16,72,quantile,0.45,11.554
2024-11-16,wk inc flu hosp,0,2024-11-16,72,quantile,0.5,13.17
2024-11-16,wk inc flu hosp,0,2024-11-16,72,quantile,0.55,15.535
2024-11-16,wk inc flu hosp,0,2024-11-16,72,quantile,0.6,17.578
2024-11-16,wk inc flu hosp,0,2024-11-16,72,quantile,0.65,19.501
2024-11-16,wk inc flu hosp,0,2024-11-16,72,quantile,0.7,21.404
2024-11-16,wk inc flu hosp,0,2024-11-16,72,quantile,0.75,24.935
2024-11-16,wk inc flu hosp,0,2024-11-16,72,quantile,0.8,29.762
2024-11-16,wk inc flu hosp,0,2024-11-16,72,quantile,0.85,35.348
2024-11-16,wk inc flu hosp,0,2024-11-16,72,quantile,0.9,44.22
2024-11-16,wk inc flu hosp,0,2024-11-16,72,quantile,0.95,60.534
2024-11-16,wk inc flu hosp,0,2024-11-16,72,quantile,0.975,74.38
2024-11-16,wk inc flu hosp,0,2024-11-16,72,quantile,0.99,92.219
2024-11-16,wk inc flu hosp,1,2024-11-23,72,quantile,0.01,0.041
2024-11-16,wk inc flu hosp,1,2024-11-23,72,quantile,0.025,0.158
2024-11-16,wk inc flu hosp,1,2024-11-23,72,quantile,0.05,0.328
2024-11-16,wk inc flu hosp,1,2024-11-23,72,quantile,0.1,0.823
2024-11-16,wk inc flu hosp,1,2024-11-23,72,quantile,0.15,1.452
2024-11-16,wk inc flu hosp,1,2024-11-23,72,quantile,0.2,2.044
2024-11-16,wk inc flu hosp,1,2024-11-23,72,quantile,0.25,2.822
2024-11-16,wk inc flu hosp,1,2024-11-23,72,quantile,0.3,3.612
2024-11-16,wk inc flu hosp,1,2024-11-23,72,quantile,0.35,4.459
2024-11-16,wk inc flu hosp,1,2024-11-23,72,quantile,0.4,5.736
2024-11-16,wk inc flu hosp,1,2024-11-23,72,quantile,0.45,7.06
2024-11-16,wk inc flu hosp,1,2024-11-23,72,quantile,0.5,8.947
2024-11-16,wk inc flu hosp,1,2024-11-23,72,quantile,0.55,11.23
2024-11-16,wk inc flu hosp,1,2024-11-23,72,quantile,0.6,13.972
2024-11-16,wk inc flu hosp,1,2024-11-23,72,quantile,0.65,16.629
2024-11-16,wk inc flu hosp,1,2024-11-23,72,quantile,0.7,21.88
2024-11-16,wk inc flu hosp,1,2024-11-23,72,quantile,0.75,28.13
2024-11-16,wk inc flu hosp,1,2024-11-23,72,quantile,0.8,33.44
2024-11-16,wk inc flu hosp,1,2024-11-23,72,quantile,0.85,43.871
2024-11-16,wk inc flu hosp,1,2024-11-23,72,quantile,0.9,64.009
2024-11-16,wk inc flu hosp,1,2024-11-23,72,quantile,0.95,100.787
2024-11-16,wk inc flu hosp,1,2024-11-23,72,quantile,0.975,128.671
2024-11-16,wk inc flu hosp,1,2024-11-23,72,quantile,0.99,189.367
2024-11-16,wk inc flu hosp,2,2024-11-30,72,quantile,0.01,0.009
2024-11-16,wk inc flu hosp,2,2024-11-30,72,quantile,0.025,0.02
2024-11-16,wk inc flu hosp,2,2024-11-30,72,quantile,0.05,0.05
2024-11-16,wk inc flu hosp,2,2024-11-30,72,quantile,0.1,0.186
2024-11-16,wk inc flu hosp,2,2024-11-30,72,quantile,0.15,0.446
2024-11-16,wk inc flu hosp,2,2024-11-30,72,quantile,0.2,0.746
2024-11-16,wk inc flu hosp,2,2024-11-30,72,quantile,0.25,1.207
2024-11-16,wk inc flu hosp,2,2024-11-30,72,quantile,0.3,1.634
2024-11-16,wk inc flu hosp,2,2024-11-30,72,quantile,0.35,2.4
2024-11-16,wk inc flu hosp,2,2024-11-30,72,quantile,0.4,3.254
2024-11-16,wk inc flu hosp,2,2024-11-30,72,quantile,0.45,4.331
2024-11-16,wk inc flu hosp,2,2024-11-30,72,quantile,0.5,6.031
2024-11-16,wk inc flu hosp,2,2024-11-30,72,quantile,0.55,8.129
2024-11-16,wk inc flu hosp,2,2024-11-30,72,quantile,0.6,11.344
2024-11-16,wk inc flu hosp,2,2024-11-30,72,quantile,0.65,14.689
2024-11-16,wk inc flu hosp,2,2024-11-30,72,quantile,0.7,20.017
2024-11-16,wk inc flu hosp,2,2024-11-30,72,quantile,0.75,29.89
2024-11-16,wk inc flu hosp,2,2024-11-30,72,quantile,0.8,42.576
2024-11-16,wk inc flu hosp,2,2024-11-30,72,quantile,0.85,54.632
2024-11-16,wk inc flu hosp,2,2024-11-30,72,quantile,0.9,85.963
2024-11-16,wk inc flu hosp,2,2024-11-30,72,quantile,0.95,165.078
2024-11-16,wk inc flu hosp,2,2024-11-30,72,quantile,0.975,254.17
2024-11-16,wk inc flu hosp,2,2024-11-30,72,quantile,0.99,310.756
2024-11-16,wk inc flu hosp,3,2024-12-07,72,quantile,0.01,0.001
2024-11-16,wk inc flu hosp,3,2024-12-07,72,quantile,0.025,0.003
2024-11-16,wk inc flu hosp,3,2024-12-07,72,quantile,0.05,0.01
2024-11-16,wk inc flu hosp,3,2024-12-07,72,quantile,0.1,0.041
2024-11-16,wk inc flu hosp,3,2024-12-07,72,quantile,0.15,0.133
2024-11-16,wk inc flu hosp,3,2024-12-07,72,quantile,0.2,0.266
2024-11-16,wk inc flu hosp,3,2024-12-07,72,quantile,0.25,0.486
2024-11-16,wk inc flu hosp,3,2024-12-07,72,quantile,0.3,0.784
2024-11-16,wk inc flu hosp,3,2024-12-07,72,quantile,0.35,1.284
2024-11-16,wk inc flu hosp,3,2024-12-07,72,quantile,0.4,1.913
2024-11-16,wk inc flu hosp,3,2024-12-07,72,quantile,0.45,2.74
2024-11-16,wk inc flu hosp,3,2024-12-07,72,quantile,0.5,4.092
2024-11-16,wk inc flu hosp,3,2024-12-07,72,quantile,0.55,6.005
2024-11-16,wk inc flu hosp,3,2024-12-07,72,quantile,0.6,9.143
2024-11-16,wk inc flu hosp,3,2024-12-07,72,quantile,0.65,13.587
2024-11-16,wk inc flu hosp,3,2024-12-07,72,quantile,0.7,18.233
2024-11-16,wk inc flu hosp,3,2024-12-07,72,quantile,0.75,31.0
2024-11-16,wk inc flu hosp,3,2024-12-07,72,quantile,0.8,46.742
2024-11-16,wk inc flu hosp,3,2024-12-07,72,quantile,0.85,65.422
2024-11-16,wk inc flu hosp,3,2024-12-07,72,quantile,0.9,108.665
2024-11-16,wk inc flu hosp,3,2024-12-07,72,quantile,0.95,238.337
2024-11-16,wk inc flu hosp,3,2024-12-07,72,quantile,0.975,385.807
2024-11-16,wk inc flu hosp,3,2024-12-07,72,quantile,0.99,523.187
2024-11-16,wk inc flu hosp,0,2024-11-16,US,quantile,0.01,43.691
2024-11-16,wk inc flu hosp,0,2024-11-16,US,quantile,0.025,99.617
2024-11-16,wk inc flu hosp,0,2024-11-16,US,quantile,0.05,181.866
2024-11-16,wk inc flu hosp,0,2024-11-16,US,quantile,0.1,310.654
2024-11-16,wk inc flu hosp,0,2024-11-16,US,quantile,0.15,403.263
2024-11-16,wk inc flu hosp,0,2024-11-16,US,quantile,0.2,474.8
2024-11-16,wk inc flu hosp,0,2024-11-16,US,quantile,0.25,564.762
2024-11-16,wk inc flu hosp,0,2024-11-16,US,quantile,0.3,640.984
2024-11-16,wk inc flu hosp,0,2024-11-16,US,quantile,0.35,744.811
2024-11-16,wk inc flu hosp,0,2024-11-16,US,quantile,0.4,849.63
2024-11-16,wk inc flu hosp,0,2024-11-16,US,quantile,0.45,979.752
2024-11-16,wk inc flu hosp,0,2024-11-16,US,quantile,0.5,1089.148
2024-11-16,wk inc flu hosp,0,2024-11-16,US,quantile,0.55,1216.4
2024-11-16,wk inc flu hosp,0,2024-11-16,US,quantile,0.6,1359.539
2024-11-16,wk inc flu hosp,0,2024-11-16,US,quantile,0.65,1584.878
2024-11-16,wk inc flu hosp,0,2024-11-16,US,quantile,0.7,1791.007
2024-11-16,wk inc flu hosp,0,2024-11-16,US,quantile,0.75,2079.439
2024-11-16,wk inc flu hosp,0,2024-11-16,US,quantile,0.8,2532.526
2024-11-16,wk inc flu hosp,0,2024-11-16,US,quantile,0.85,2966.471
2024-11-16,wk inc flu hosp,0,2024-11-16,US,quantile,0.9,3652.963
2024-11-16,wk inc flu hosp,0,2024-11-16,US,quantile,0.95,5027.826
2024-11-16,wk inc flu hosp,0,2024-11-16,US,quantile,0.975,6459.951
2024-11-16,wk inc flu hosp,0,2024-11-16,US,quantile,0.99,7812.434
2024-11-16,wk inc flu hosp,1,2024-11-23,US,quantile,0.01,5.781
2024-11-16,wk inc flu hosp,1,2024-11-23,US,quantile,0.025,14.843
2024-11-16,wk inc flu hosp,1,2024-11-23,US,quantile,0.05,36.181
2024-11-16,wk inc flu hosp,1,2024-11-23,US,quantile,0.1,75.72
2024-11-16,wk inc flu hosp,1,2024-11-23,US,quantile,0.15,112.22
2024-11-16,wk inc flu hosp,1,2024-11-23,US,quantile,0.2,156.586
2024-11-16,wk inc flu hosp,1,2024-11-23,US,quantile,0.25,222.521
2024-11-16,wk inc flu hosp,1,2024-11-23,US,quantile,0.3,287.932
2024-11-16,wk inc flu hosp,1,2024-11-23,US,quantile,0.35,357.08
2024-11-16,wk inc flu hosp,1,2024-11-23,US,quantile,0.4,459.296
2024-11-16,wk inc flu hosp,1,2024-11-23,US,quantile,0.45,559.151
2024-11-16,wk inc flu hosp,1,2024-11-23,US,quantile,0.5,697.581
2024-11-16,wk inc flu hosp,1,2024-11-23,US,quantile,0.55,840.084
2024-11-16,wk inc flu hosp,1,2024-11-23,US,quantile,0.6,1070.579
2024-11-16,wk inc flu hosp,1,2024-11-23,US,quantile,0.65,1420.543
2024-11-16,wk inc flu hosp,1,2024-11-23,US,quantile,0.7,1759.432
2024-11-16,wk inc flu hosp,1,2024-11-23,US,quantile,0.75,2192.405
2024-11-16,wk inc flu hosp,1,2024-11-23,US,quantile,0.8,2793.787
2024-11-16,wk inc flu hosp,1,2024-11-23,US,quantile,0.85,3662.307
2024-11-16,wk inc flu hosp,1,2024-11-23,US,quantile,0.9,4944.653
2024-11-16,wk inc flu hosp,1,2024-11-23,US,quantile,0.95,7446.306
2024-11-16,wk inc flu hosp,1,2024-11-23,US,quantile,0.975,10008.544
2024-11-16,wk inc flu hosp,1,2024-11-23,US,quantile,0.99,14673.91
2024-11-16,wk inc flu hosp,2,2024-11-30,US,quantile,0.01,0.73
2024-11-16,wk inc flu hosp,2,2024-11-30,US,quantile,0.025,1.758
2024-11-16,wk inc flu hosp,2,2024-11-30,US,quantile,0.05,5.759
2024-11-16,wk inc flu hosp,2,2024-11-30,US,quantile,0.1,17.23
2024-11-16,wk inc flu hosp,2,2024-11-30,US,quantile,0.15,33.176
2024-11-16,wk inc flu hosp,2,2024-11-30,US,quantile,0.2,53.674
2024-11-16,wk inc flu hosp,2,2024-11-30,US,quantile,0.25,84.274
2024-11-16,wk inc flu hosp,2,2024-11-30,US,quantile,0.3,127.209
2024-11-16,wk inc flu hosp,2,2024-11-30,US,quantile,0.35,176.35
2024-11-16,wk inc flu hosp,2,2024-11-30,US,quantile,0.4,249.529
2024-11-16,wk inc flu hosp,2,2024-11-30,US,quantile,0.45,310.653
2024-11-16,wk inc flu hosp,2,2024-11-30,US,quantile,0.5,450.218
2024-11-16,wk inc flu hosp,2,2024-11-30,US,quantile,0.55,614.021
2024-11-16,wk inc flu hosp,2,2024-11-30,US,quantile,0.6,855.067
2024-11-16,wk inc flu hosp,2,2024-11-30,US,quantile,0.65,1234.554
2024-11-16,wk inc flu hosp,2,2024-11-30,US,quantile,0.7,1684.719
2024-11-16,wk inc flu hosp,2,2024-11-30,US,quantile,0.75,2283.596
2024-11-16,wk inc flu hosp,2,2024-11-30,US,quantile,0.8,3326.786
2024-11-16,wk inc flu hosp,2,2024-11-30,US,quantile,0.85,4299.926
2024-11-16,wk inc flu hosp,2,2024-11-30,US,quantile,0.9,6682.313
2024-11-16,wk inc flu hosp,2,2024-11-30,US,quantile,0.95,10828.312
2024-11-16,wk inc flu hosp,2,2024-11-30,US,quantile,0.975,18718.913
2024-11-16,wk inc flu hosp,2,2024-11-30,US,quantile,0.99,25258.859
2024-11-16,wk inc flu hosp,3,2024-12-07,US,quantile,0.01,0.044
2024-11-16,wk inc flu hosp,3,2024-12-07,US,quantile,0.025,0.235
2024-11-16,wk inc flu hosp,3,2024-12-07,US,quantile,0.05,1.05
2024-11-16,wk inc flu hosp,3,2024-12-07,US,quantile,0.1,4.251
2024-11-16,wk inc flu hosp,3,2024-12-07,US,quantile,0.15,9.691
2024-11-16,wk inc flu hosp,3,2024-12-07,US,quantile,0.2,17.243
2024-11-16,wk inc flu hosp,3,2024-12-07,US,quantile,0.25,34.01
2024-11-16,wk inc flu hosp,3,2024-12-07,US,quantile,0.3,55.953
2024-11-16,wk inc flu hosp,3,2024-12-07,US,quantile,0.35,86.182
2024-11-16,wk inc flu hosp,3,2024-12-07,US,quantile,0.4,135.511
2024-11-16,wk inc flu hosp,3,2024-12-07,US,quantile,0.45,178.332
2024-11-16,wk inc flu hosp,3,2024-12-07,US,quantile,0.5,302.594
2024-11-16,wk inc flu hosp,3,2024-12-07,US,quantile,0.55,426.285
2024-11-16,wk inc flu hosp,3,2024-12-07,US,quantile,0.6,676.139
2024-11-16,wk inc flu hosp,3,2024-12-07,US,quantile,0.65,1119.838
2024-11-16,wk inc flu hosp,3,2024-12-07,US,quantile,0.7,1637.875
2024-11-16,wk inc flu hosp,3,2024-12-07,US,quantile,0.75,2332.967
2024-11-16,wk inc flu hosp,3,2024-12-07,US,quantile,0.8,3791.224
2024-11-16,wk inc flu hosp,3,2024-12-07,US,quantile,0.85,4997.797
2024-11-16,wk inc flu hosp,3,2024-12-07,US,quantile,0.9,8105.198
2024-11-16,wk inc flu hosp,3,2024-12-07,US,quantile,0.95,15023.595
2024-11-16,wk inc flu hosp,3,2024-12-07,US,quantile,0.975,26663.016
2024-11-16,wk inc flu hosp,3,2024-12-07,US,quantile,0.99,44664.025
2024-11-16,wk flu hosp rate change,0,2024-11-16,01,pmf,stable,0.3670000000000001
2024-11-16,wk flu hosp rate change,0,2024-11-16,01,pmf,increase,0.143
2024-11-16,wk flu hosp rate change,0,2024-11-16,01,pmf,large_increase,0.022
2024-11-16,wk flu hosp rate change,0,2024-11-16,01,pmf,decrease,0.467
2024-11-16,wk flu hosp rate change,0,2024-11-16,01,pmf,large_decrease,0.001
2024-11-16,wk flu hosp rate change,1,2024-11-23,01,pmf,stable,0.46600000000000014
2024-11-16,wk flu hosp rate change,1,2024-11-23,01,pmf,increase,0.134
2024-11-16,wk flu hosp rate change,1,2024-11-23,01,pmf,large_increase,0.038
2024-11-16,wk flu hosp rate change,1,2024-11-23,01,pmf,decrease,0.361
2024-11-16,wk flu hosp rate change,1,2024-11-23,01,pmf,large_decrease,0.001
2024-11-16,wk flu hosp rate change,2,2024-11-30,01,pmf,stable,0.7960000000000003
2024-11-16,wk flu hosp rate change,2,2024-11-30,01,pmf,increase,0.138
2024-11-16,wk flu hosp rate change,2,2024-11-30,01,pmf,large_increase,0.064
2024-11-16,wk flu hosp rate change,2,2024-11-30,01,pmf,decrease,0.001
2024-11-16,wk flu hosp rate change,2,2024-11-30,01,pmf,large_decrease,0.001
2024-11-16,wk flu hosp rate change,3,2024-12-07,01,pmf,stable,0.7970000000000003
2024-11-16,wk flu hosp rate change,3,2024-12-07,01,pmf,increase,0.116
2024-11-16,wk flu hosp rate change,3,2024-12-07,01,pmf,large_increase,0.085
2024-11-16,wk flu hosp rate change,3,2024-12-07,01,pmf,decrease,0.001
2024-11-16,wk flu hosp rate change,3,2024-12-07,01,pmf,large_decrease,0.001
2024-11-16,wk flu hosp rate change,0,2024-11-16,02,pmf,stable,0.3400000000000002
2024-11-16,wk flu hosp rate change,0,2024-11-16,02,pmf,increase,0.158
2024-11-16,wk flu hosp rate change,0,2024-11-16,02,pmf,large_increase,0.037
2024-11-16,wk flu hosp rate change,0,2024-11-16,02,pmf,decrease,0.464
2024-11-16,wk flu hosp rate change,0,2024-11-16,02,pmf,large_decrease,0.001
2024-11-16,wk flu hosp rate change,1,2024-11-23,02,pmf,stable,0.4380000000000004
2024-11-16,wk flu hosp rate change,1,2024-11-23,02,pmf,increase,0.144
2024-11-16,wk flu hosp rate change,1,2024-11-23,02,pmf,large_increase,0.045
2024-11-16,wk flu hosp rate change,1,2024-11-23,02,pmf,decrease,0.372
2024-11-16,wk flu hosp rate change,1,2024-11-23,02,pmf,large_decrease,0.001
2024-11-16,wk flu hosp rate change,2,2024-11-30,02,pmf,stable,0.8110000000000003
2024-11-16,wk flu hosp rate change,2,2024-11-30,02,pmf,increase,0.139
2024-11-16,wk flu hosp rate change,2,2024-11-30,02,pmf,large_increase,0.048
2024-11-16,wk flu hosp rate change,2,2024-11-30,02,pmf,decrease,0.001
2024-11-16,wk flu hosp rate change,2,2024-11-30,02,pmf,large_decrease,0.001
2024-11-16,wk flu hosp rate change,3,2024-12-07,02,pmf,stable,0.8210000000000003
2024-11-16,wk flu hosp rate change,3,2024-12-07,02,pmf,increase,0.122
2024-11-16,wk flu hosp rate change,3,2024-12-07,02,pmf,large_increase,0.055
2024-11-16,wk flu hosp rate change,3,2024-12-07,02,pmf,decrease,0.001
2024-11-16,wk flu hosp rate change,3,2024-12-07,02,pmf,large_decrease,0.001
2024-11-16,wk flu hosp rate change,0,2024-11-16,04,pmf,stable,0.107
2024-11-16,wk flu hosp rate change,0,2024-11-16,04,pmf,increase,0.189
2024-11-16,wk flu hosp rate change,0,2024-11-16,04,pmf,large_increase,0.291
2024-11-16,wk flu hosp rate change,0,2024-11-16,04,pmf,decrease,0.234
2024-11-16,wk flu hosp rate change,0,2024-11-16,04,pmf,large_decrease,0.179
2024-11-16,wk flu hosp rate change,1,2024-11-23,04,pmf,stable,0.094
2024-11-16,wk flu hosp rate change,1,2024-11-23,04,pmf,increase,0.186
2024-11-16,wk flu hosp rate change,1,2024-11-23,04,pmf,large_increase,0.366
2024-11-16,wk flu hosp rate change,1,2024-11-23,04,pmf,decrease,0.274
2024-11-16,wk flu hosp rate change,1,2024-11-23,04,pmf,large_decrease,0.08
2024-11-16,wk flu hosp rate change,2,2024-11-30,04,pmf,stable,0.08100000000000011
2024-11-16,wk flu hosp rate change,2,2024-11-30,04,pmf,increase,0.186
2024-11-16,wk flu hosp rate change,2,2024-11-30,04,pmf,large_increase,0.38
2024-11-16,wk flu hosp rate change,2,2024-11-30,04,pmf,decrease,0.352
2024-11-16,wk flu hosp rate change,2,2024-11-30,04,pmf,large_decrease,0.001
2024-11-16,wk flu hosp rate change,3,2024-12-07,04,pmf,stable,0.1040000000000001
2024-11-16,wk flu hosp rate change,3,2024-12-07,04,pmf,increase,0.192
2024-11-16,wk flu hosp rate change,3,2024-12-07,04,pmf,large_increase,0.355
2024-11-16,wk flu hosp rate change,3,2024-12-07,04,pmf,decrease,0.348
2024-11-16,wk flu hosp rate change,3,2024-12-07,04,pmf,large_decrease,0.001
2024-11-16,wk flu hosp rate change,0,2024-11-16,05,pmf,stable,0.6640000000000001
2024-11-16,wk flu hosp rate change,0,2024-11-16,05,pmf,increase,0.038
2024-11-16,wk flu hosp rate change,0,2024-11-16,05,pmf,large_increase,0.001
2024-11-16,wk flu hosp rate change,0,2024-11-16,05,pmf,decrease,0.296
2024-11-16,wk flu hosp rate change,0,2024-11-16,05,pmf,large_decrease,0.001
2024-11-16,wk flu hosp rate change,1,2024-11-23,05,pmf,stable,0.9440000000000002
2024-11-16,wk flu hosp rate change,1,2024-11-23,05,pmf,increase,0.05
2024-11-16,wk flu hosp rate change,1,2024-11-23,05,pmf,large_increase,0.004
2024-11-16,wk flu hosp rate change,1,2024-11-23,05,pmf,decrease,0.001
2024-11-16,wk flu hosp rate change,1,2024-11-23,05,pmf,large_decrease,0.001
2024-11-16,wk flu hosp rate change,2,2024-11-30,05,pmf,stable,0.9150000000000003
2024-11-16,wk flu hosp rate change,2,2024-11-30,05,pmf,increase,0.062
2024-11-16,wk flu hosp rate change,2,2024-11-30,05,pmf,large_increase,0.021
2024-11-16,wk flu hosp rate change,2,2024-11-30,05,pmf,decrease,0.001
2024-11-16,wk flu hosp rate change,2,2024-11-30,05,pmf,large_decrease,0.001
2024-11-16,wk flu hosp rate change,3,2024-12-07,05,pmf,stable,0.9180000000000003
2024-11-16,wk flu hosp rate change,3,2024-12-07,05,pmf,increase,0.058
2024-11-16,wk flu hosp rate change,3,2024-12-07,05,pmf,large_increase,0.022
2024-11-16,wk flu hosp rate change,3,2024-12-07,05,pmf,decrease,0.001
2024-11-16,wk flu hosp rate change,3,2024-12-07,05,pmf,large_decrease,0.001
2024-11-16,wk flu hosp rate change,0,2024-11-16,06,pmf,stable,0.7260000000000001
2024-11-16,wk flu hosp rate change,0,2024-11-16,06,pmf,increase,0.133
2024-11-16,wk flu hosp rate change,0,2024-11-16,06,pmf,large_increase,0.001
2024-11-16,wk flu hosp rate change,0,2024-11-16,06,pmf,decrease,0.139
2024-11-16,wk flu hosp rate change,0,2024-11-16,06,pmf,large_decrease,0.001
2024-11-16,wk flu hosp rate change,1,2024-11-23,06,pmf,stable,0.8900000000000002
2024-11-16,wk flu hosp rate change,1,2024-11-23,06,pmf,increase,0.102
2024-11-16,wk flu hosp rate change,1,2024-11-23,06,pmf,large_increase,0.006
2024-11-16,wk flu hosp rate change,1,2024-11-23,06,pmf,decrease,0.001
2024-11-16,wk flu hosp rate change,1,2024-11-23,06,pmf,large_decrease,0.001
2024-11-16,wk flu hosp rate change,2,2024-11-30,06,pmf,stable,0.8940000000000002
2024-11-16,wk flu hosp rate change,2,2024-11-30,06,pmf,increase,0.084
2024-11-16,wk flu hosp rate change,2,2024-11-30,06,pmf,large_increase,0.02
2024-11-16,wk flu hosp rate change,2,2024-11-30,06,pmf,decrease,0.001
2024-11-16,wk flu hosp rate change,2,2024-11-30,06,pmf,large_decrease,0.001
2024-11-16,wk flu hosp rate change,3,2024-12-07,06,pmf,stable,0.9060000000000002
2024-11-16,wk flu hosp rate change,3,2024-12-07,06,pmf,increase,0.07
2024-11-16,wk flu hosp rate change,3,2024-12-07,06,pmf,large_increase,0.022
2024-11-16,wk flu hosp rate change,3,2024-12-07,06,pmf,decrease,0.001
2024-11-16,wk flu hosp rate change,3,2024-12-07,06,pmf,large_decrease,0.001
2024-11-16,wk flu hosp rate change,0,2024-11-16,08,pmf,stable,0.7370000000000001
2024-11-16,wk flu hosp rate change,0,2024-11-16,08,pmf,increase,0.173
2024-11-16,wk flu hosp rate change,0,2024-11-16,08,pmf,large_increase,0.022
2024-11-16,wk flu hosp rate change,0,2024-11-16,08,pmf,decrease,0.067
2024-11-16,wk flu hosp rate change,0,2024-11-16,08,pmf,large_decrease,0.001
2024-11-16,wk flu hosp rate change,1,2024-11-23,08,pmf,stable,0.8100000000000003
2024-11-16,wk flu hosp rate change,1,2024-11-23,08,pmf,increase,0.156
2024-11-16,wk flu hosp rate change,1,2024-11-23,08,pmf,large_increase,0.032
2024-11-16,wk flu hosp rate change,1,2024-11-23,08,pmf,decrease,0.001
2024-11-16,wk flu hosp rate change,1,2024-11-23,08,pmf,large_decrease,0.001
2024-11-16,wk flu hosp rate change,2,2024-11-30,08,pmf,stable,0.8040000000000003
2024-11-16,wk flu hosp rate change,2,2024-11-30,08,pmf,increase,0.154
2024-11-16,wk flu hosp rate change,2,2024-11-30,08,pmf,large_increase,0.04
2024-11-16,wk flu hosp rate change,2,2024-11-30,08,pmf,decrease,0.001
2024-11-16,wk flu hosp rate change,2,2024-11-30,08,pmf,large_decrease,0.001
2024-11-16,wk flu hosp rate change,3,2024-12-07,08,pmf,stable,0.8080000000000003
2024-11-16,wk flu hosp rate change,3,2024-12-07,08,pmf,increase,0.136
2024-11-16,wk flu hosp rate change,3,2024-12-07,08,pmf,large_increase,0.054
2024-11-16,wk flu hosp rate change,3,2024-12-07,08,pmf,decrease,0.001
2024-11-16,wk flu hosp rate change,3,2024-12-07,08,pmf,large_decrease,0.001
2024-11-16,wk flu hosp rate change,0,2024-11-16,09,pmf,stable,0.8240000000000002
2024-11-16,wk flu hosp rate change,0,2024-11-16,09,pmf,increase,0.166
2024-11-16,wk flu hosp rate change,0,2024-11-16,09,pmf,large_increase,0.008
2024-11-16,wk flu hosp rate change,0,2024-11-16,09,pmf,decrease,0.001
2024-11-16,wk flu hosp rate change,0,2024-11-16,09,pmf,large_decrease,0.001
2024-11-16,wk flu hosp rate change,1,2024-11-23,09,pmf,stable,0.8780000000000002
2024-11-16,wk flu hosp rate change,1,2024-11-23,09,pmf,increase,0.11
2024-11-16,wk flu hosp rate change,1,2024-11-23,09,pmf,large_increase,0.01
2024-11-16,wk flu hosp rate change,1,2024-11-23,09,pmf,decrease,0.001
2024-11-16,wk flu hosp rate change,1,2024-11-23,09,pmf,large_decrease,0.001
2024-11-16,wk flu hosp rate change,2,2024-11-30,09,pmf,stable,0.8830000000000002
2024-11-16,wk flu hosp rate change,2,2024-11-30,09,pmf,increase,0.09
2024-11-16,wk flu hosp rate change,2,2024-11-30,09,pmf,large_increase,0.025
2024-11-16,wk flu hosp rate change,2,2024-11-30,09,pmf,decrease,0.001
2024-11-16,wk flu hosp rate change,2,2024-11-30,09,pmf,large_decrease,0.001
2024-11-16,wk flu hosp rate change,3,2024-12-07,09,pmf,stable,0.8980000000000002
2024-11-16,wk flu hosp rate change,3,2024-12-07,09,pmf,increase,0.069
2024-11-16,wk flu hosp rate change,3,2024-12-07,09,pmf,large_increase,0.031
2024-11-16,wk flu hosp rate change,3,2024-12-07,09,pmf,decrease,0.001
2024-11-16,wk flu hosp rate change,3,2024-12-07,09,pmf,large_decrease,0.001
2024-11-16,wk flu hosp rate change,0,2024-11-16,10,pmf,stable,0.6830000000000002
2024-11-16,wk flu hosp rate change,0,2024-11-16,10,pmf,increase,0.093
2024-11-16,wk flu hosp rate change,0,2024-11-16,10,pmf,large_increase,0.001
2024-11-16,wk flu hosp rate change,0,2024-11-16,10,pmf,decrease,0.222
2024-11-16,wk flu hosp rate change,0,2024-11-16,10,pmf,large_decrease,0.001
2024-11-16,wk flu hosp rate change,1,2024-11-23,10,pmf,stable,0.8620000000000002
2024-11-16,wk flu hosp rate change,1,2024-11-23,10,pmf,increase,0.122
2024-11-16,wk flu hosp rate change,1,2024-11-23,10,pmf,large_increase,0.014
2024-11-16,wk flu hosp rate change,1,2024-11-23,10,pmf,decrease,0.001
2024-11-16,wk flu hosp rate change,1,2024-11-23,10,pmf,large_decrease,0.001
2024-11-16,wk flu hosp rate change,2,2024-11-30,10,pmf,stable,0.8240000000000003
2024-11-16,wk flu hosp rate change,2,2024-11-30,10,pmf,increase,0.125
2024-11-16,wk flu hosp rate change,2,2024-11-30,10,pmf,large_increase,0.049
2024-11-16,wk flu hosp rate change,2,2024-11-30,10,pmf,decrease,0.001
2024-11-16,wk flu hosp rate change,2,2024-11-30,10,pmf,large_decrease,0.001
2024-11-16,wk flu hosp rate change,3,2024-12-07,10,pmf,stable,0.8090000000000003
2024-11-16,wk flu hosp rate change,3,2024-12-07,10,pmf,increase,0.121
2024-11-16,wk flu hosp rate change,3,2024-12-07,10,pmf,large_increase,0.068
2024-11-16,wk flu hosp rate change,3,2024-12-07,10,pmf,decrease,0.001
2024-11-16,wk flu hosp rate change,3,2024-12-07,10,pmf,large_decrease,0.001
2024-11-16,wk flu hosp rate change,0,2024-11-16,11,pmf,stable,0.3450000000000002
2024-11-16,wk flu hosp rate change,0,2024-11-16,11,pmf,increase,0.032
2024-11-16,wk flu hosp rate change,0,2024-11-16,11,pmf,large_increase,0.001
2024-11-16,wk flu hosp rate change,0,2024-11-16,11,pmf,decrease,0.621
2024-11-16,wk flu hosp rate change,0,2024-11-16,11,pmf,large_decrease,0.001
2024-11-16,wk flu hosp rate change,1,2024-11-23,11,pmf,stable,0.9360000000000004
2024-11-16,wk flu hosp rate change,1,2024-11-23,11,pmf,increase,0.061
2024-11-16,wk flu hosp rate change,1,2024-11-23,11,pmf,large_increase,0.001
2024-11-16,wk flu hosp rate change,1,2024-11-23,11,pmf,decrease,0.001
2024-11-16,wk flu hosp rate change,1,2024-11-23,11,pmf,large_decrease,0.001
2024-11-16,wk flu hosp rate change,2,2024-11-30,11,pmf,stable,0.9160000000000004
2024-11-16,wk flu hosp rate change,2,2024-11-30,11,pmf,increase,0.069
2024-11-16,wk flu hosp rate change,2,2024-11-30,11,pmf,large_increase,0.013
2024-11-16,wk flu hosp rate change,2,2024-11-30,11,pmf,decrease,0.001
2024-11-16,wk flu hosp rate change,2,2024-11-30,11,pmf,large_decrease,0.001
2024-11-16,wk flu hosp rate change,3,2024-12-07,11,pmf,stable,0.9060000000000004
2024-11-16,wk flu hosp rate change,3,2024-12-07,11,pmf,increase,0.063
2024-11-16,wk flu hosp rate change,3,2024-12-07,11,pmf,large_increase,0.029
2024-11-16,wk flu hosp rate change,3,2024-12-07,11,pmf,decrease,0.001
2024-11-16,wk flu hosp rate change,3,2024-12-07,11,pmf,large_decrease,0.001
2024-11-16,wk flu hosp rate change,0,2024-11-16,12,pmf,stable,0.13000000000000012
2024-11-16,wk flu hosp rate change,0,2024-11-16,12,pmf,increase,0.109
2024-11-16,wk flu hosp rate change,0,2024-11-16,12,pmf,large_increase,0.022
2024-11-16,wk flu hosp rate change,0,2024-11-16,12,pmf,decrease,0.738
2024-11-16,wk flu hosp rate change,0,2024-11-16,12,pmf,large_decrease,0.001
2024-11-16,wk flu hosp rate change,1,2024-11-23,12,pmf,stable,0.1730000000000001
2024-11-16,wk flu hosp rate change,1,2024-11-23,12,pmf,increase,0.138
2024-11-16,wk flu hosp rate change,1,2024-11-23,12,pmf,large_increase,0.048
2024-11-16,wk flu hosp rate change,1,2024-11-23,12,pmf,decrease,0.64
2024-11-16,wk flu hosp rate change,1,2024-11-23,12,pmf,large_decrease,0.001
2024-11-16,wk flu hosp rate change,2,2024-11-30,12,pmf,stable,0.1860000000000001
2024-11-16,wk flu hosp rate change,2,2024-11-30,12,pmf,increase,0.146
2024-11-16,wk flu hosp rate change,2,2024-11-30,12,pmf,large_increase,0.072
2024-11-16,wk flu hosp rate change,2,2024-11-30,12,pmf,decrease,0.595
2024-11-16,wk flu hosp rate change,2,2024-11-30,12,pmf,large_decrease,0.001
2024-11-16,wk flu hosp rate change,3,2024-12-07,12,pmf,stable,0.2380000000000001
2024-11-16,wk flu hosp rate change,3,2024-12-07,12,pmf,increase,0.152
2024-11-16,wk flu hosp rate change,3,2024-12-07,12,pmf,large_increase,0.081
2024-11-16,wk flu hosp rate change,3,2024-12-07,12,pmf,decrease,0.528
2024-11-16,wk flu hosp rate change,3,2024-12-07,12,pmf,large_decrease,0.001
2024-11-16,wk flu hosp rate change,0,2024-11-16,13,pmf,stable,0.6600000000000001
2024-11-16,wk flu hosp rate change,0,2024-11-16,13,pmf,increase,0.099
2024-11-16,wk flu hosp rate change,0,2024-11-16,13,pmf,large_increase,0.002
2024-11-16,wk flu hosp rate change,0,2024-11-16,13,pmf,decrease,0.238
2024-11-16,wk flu hosp rate change,0,2024-11-16,13,pmf,large_decrease,0.001
2024-11-16,wk flu hosp rate change,1,2024-11-23,13,pmf,stable,0.8920000000000002
2024-11-16,wk flu hosp rate change,1,2024-11-23,13,pmf,increase,0.094
2024-11-16,wk flu hosp rate change,1,2024-11-23,13,pmf,large_increase,0.012
2024-11-16,wk flu hosp rate change,1,2024-11-23,13,pmf,decrease,0.001
2024-11-16,wk flu hosp rate change,1,2024-11-23,13,pmf,large_decrease,0.001
2024-11-16,wk flu hosp rate change,2,2024-11-30,13,pmf,stable,0.8860000000000002
2024-11-16,wk flu hosp rate change,2,2024-11-30,13,pmf,increase,0.086
2024-11-16,wk flu hosp rate change,2,2024-11-30,13,pmf,large_increase,0.026
2024-11-16,wk flu hosp rate change,2,2024-11-30,13,pmf,decrease,0.001
2024-11-16,wk flu hosp rate change,2,2024-11-30,13,pmf,large_decrease,0.001
2024-11-16,wk flu hosp rate change,3,2024-12-07,13,pmf,stable,0.8870000000000002
2024-11-16,wk flu hosp rate change,3,2024-12-07,13,pmf,increase,0.076
2024-11-16,wk flu hosp rate change,3,2024-12-07,13,pmf,large_increase,0.035
2024-11-16,wk flu hosp rate change,3,2024-12-07,13,pmf,decrease,0.001
2024-11-16,wk flu hosp rate change,3,2024-12-07,13,pmf,large_decrease,0.001
2024-11-16,wk flu hosp rate change,0,2024-11-16,15,pmf,stable,0.4320000000000003
2024-11-16,wk flu hosp rate change,0,2024-11-16,15,pmf,increase,0.089
2024-11-16,wk flu hosp rate change,0,2024-11-16,15,pmf,large_increase,0.001
2024-11-16,wk flu hosp rate change,0,2024-11-16,15,pmf,decrease,0.477
2024-11-16,wk flu hosp rate change,0,2024-11-16,15,pmf,large_decrease,0.001
2024-11-16,wk flu hosp rate change,1,2024-11-23,15,pmf,stable,0.9000000000000002
2024-11-16,wk flu hosp rate change,1,2024-11-23,15,pmf,increase,0.094
2024-11-16,wk flu hosp rate change,1,2024-11-23,15,pmf,large_increase,0.004
2024-11-16,wk flu hosp rate change,1,2024-11-23,15,pmf,decrease,0.001
2024-11-16,wk flu hosp rate change,1,2024-11-23,15,pmf,large_decrease,0.001
2024-11-16,wk flu hosp rate change,2,2024-11-30,15,pmf,stable,0.8920000000000002
2024-11-16,wk flu hosp rate change,2,2024-11-30,15,pmf,increase,0.084
2024-11-16,wk flu hosp rate change,2,2024-11-30,15,pmf,large_increase,0.022
2024-11-16,wk flu hosp rate change,2,2024-11-30,15,pmf,decrease,0.001
2024-11-16,wk flu hosp rate change,2,2024-11-30,15,pmf,large_decrease,0.001
2024-11-16,wk flu hosp rate change,3,2024-12-07,15,pmf,stable,0.8890000000000002
2024-11-16,wk flu hosp rate change,3,2024-12-07,15,pmf,increase,0.076
2024-11-16,wk flu hosp rate change,3,2024-12-07,15,pmf,large_increase,0.033
2024-11-16,wk flu hosp rate change,3,2024-12-07,15,pmf,decrease,0.001
2024-11-16,wk flu hosp rate change,3,2024-12-07,15,pmf,large_decrease,0.001
2024-11-16,wk flu hosp rate change,0,2024-11-16,16,pmf,stable,0.6480000000000002
2024-11-16,wk flu hosp rate change,0,2024-11-16,16,pmf,increase,0.125
2024-11-16,wk flu hosp rate change,0,2024-11-16,16,pmf,large_increase,0.008
2024-11-16,wk flu hosp rate change,0,2024-11-16,16,pmf,decrease,0.218
2024-11-16,wk flu hosp rate change,0,2024-11-16,16,pmf,large_decrease,0.001
2024-11-16,wk flu hosp rate change,1,2024-11-23,16,pmf,stable,0.8860000000000002
2024-11-16,wk flu hosp rate change,1,2024-11-23,16,pmf,increase,0.099
2024-11-16,wk flu hosp rate change,1,2024-11-23,16,pmf,large_increase,0.013
2024-11-16,wk flu hosp rate change,1,2024-11-23,16,pmf,decrease,0.001
2024-11-16,wk flu hosp rate change,1,2024-11-23,16,pmf,large_decrease,0.001
2024-11-16,wk flu hosp rate change,2,2024-11-30,16,pmf,stable,0.8890000000000002
2024-11-16,wk flu hosp rate change,2,2024-11-30,16,pmf,increase,0.084
2024-11-16,wk flu hosp rate change,2,2024-11-30,16,pmf,large_increase,0.025
2024-11-16,wk flu hosp rate change,2,2024-11-30,16,pmf,decrease,0.001
2024-11-16,wk flu hosp rate change,2,2024-11-30,16,pmf,large_decrease,0.001
2024-11-16,wk flu hosp rate change,3,2024-12-07,16,pmf,stable,0.8970000000000002
2024-11-16,wk flu hosp rate change,3,2024-12-07,16,pmf,increase,0.076
2024-11-16,wk flu hosp rate change,3,2024-12-07,16,pmf,large_increase,0.025
2024-11-16,wk flu hosp rate change,3,2024-12-07,16,pmf,decrease,0.001
2024-11-16,wk flu hosp rate change,3,2024-12-07,16,pmf,large_decrease,0.001
2024-11-16,wk flu hosp rate change,0,2024-11-16,17,pmf,stable,0.8910000000000003
2024-11-16,wk flu hosp rate change,0,2024-11-16,17,pmf,increase,0.106
2024-11-16,wk flu hosp rate change,0,2024-11-16,17,pmf,large_increase,0.001
2024-11-16,wk flu hosp rate change,0,2024-11-16,17,pmf,decrease,0.001
2024-11-16,wk flu hosp rate change,0,2024-11-16,17,pmf,large_decrease,0.001
2024-11-16,wk flu hosp rate change,1,2024-11-23,17,pmf,stable,0.8950000000000002
2024-11-16,wk flu hosp rate change,1,2024-11-23,17,pmf,increase,0.102
2024-11-16,wk flu hosp rate change,1,2024-11-23,17,pmf,large_increase,0.001
2024-11-16,wk flu hosp rate change,1,2024-11-23,17,pmf,decrease,0.001
2024-11-16,wk flu hosp rate change,1,2024-11-23,17,pmf,large_decrease,0.001
2024-11-16,wk flu hosp rate change,2,2024-11-30,17,pmf,stable,0.8860000000000002
2024-11-16,wk flu hosp rate change,2,2024-11-30,17,pmf,increase,0.092
2024-11-16,wk flu hosp rate change,2,2024-11-30,17,pmf,large_increase,0.02
2024-11-16,wk flu hosp rate change,2,2024-11-30,17,pmf,decrease,0.001
2024-11-16,wk flu hosp rate change,2,2024-11-30,17,pmf,large_decrease,0.001
2024-11-16,wk flu hosp rate change,3,2024-12-07,17,pmf,stable,0.8840000000000002
2024-11-16,wk flu hosp rate change,3,2024-12-07,17,pmf,increase,0.085
2024-11-16,wk flu hosp rate change,3,2024-12-07,17,pmf,large_increase,0.029
2024-11-16,wk flu hosp rate change,3,2024-12-07,17,pmf,decrease,0.001
2024-11-16,wk flu hosp rate change,3,2024-12-07,17,pmf,large_decrease,0.001
2024-11-16,wk flu hosp rate change,0,2024-11-16,18,pmf,stable,0.5080000000000002
2024-11-16,wk flu hosp rate change,0,2024-11-16,18,pmf,increase,0.09
2024-11-16,wk flu hosp rate change,0,2024-11-16,18,pmf,large_increase,0.001
2024-11-16,wk flu hosp rate change,0,2024-11-16,18,pmf,decrease,0.4
2024-11-16,wk flu hosp rate change,0,2024-11-16,18,pmf,large_decrease,0.001
2024-11-16,wk flu hosp rate change,1,2024-11-23,18,pmf,stable,0.9000000000000002
2024-11-16,wk flu hosp rate change,1,2024-11-23,18,pmf,increase,0.084
2024-11-16,wk flu hosp rate change,1,2024-11-23,18,pmf,large_increase,0.014
2024-11-16,wk flu hosp rate change,1,2024-11-23,18,pmf,decrease,0.001
2024-11-16,wk flu hosp rate change,1,2024-11-23,18,pmf,large_decrease,0.001
2024-11-16,wk flu hosp rate change,2,2024-11-30,18,pmf,stable,0.8920000000000002
2024-11-16,wk flu hosp rate change,2,2024-11-30,18,pmf,increase,0.075
2024-11-16,wk flu hosp rate change,2,2024-11-30,18,pmf,large_increase,0.031
2024-11-16,wk flu hosp rate change,2,2024-11-30,18,pmf,decrease,0.001
2024-11-16,wk flu hosp rate change,2,2024-11-30,18,pmf,large_decrease,0.001
2024-11-16,wk flu hosp rate change,3,2024-12-07,18,pmf,stable,0.8910000000000002
2024-11-16,wk flu hosp rate change,3,2024-12-07,18,pmf,increase,0.068
2024-11-16,wk flu hosp rate change,3,2024-12-07,18,pmf,large_increase,0.039
2024-11-16,wk flu hosp rate change,3,2024-12-07,18,pmf,decrease,0.001
2024-11-16,wk flu hosp rate change,3,2024-12-07,18,pmf,large_decrease,0.001
2024-11-16,wk flu hosp rate change,0,2024-11-16,19,pmf,stable,0.8570000000000002
2024-11-16,wk flu hosp rate change,0,2024-11-16,19,pmf,increase,0.135
2024-11-16,wk flu hosp rate change,0,2024-11-16,19,pmf,large_increase,0.006
2024-11-16,wk flu hosp rate change,0,2024-11-16,19,pmf,decrease,0.001
2024-11-16,wk flu hosp rate change,0,2024-11-16,19,pmf,large_decrease,0.001
2024-11-16,wk flu hosp rate change,1,2024-11-23,19,pmf,stable,0.8710000000000002
2024-11-16,wk flu hosp rate change,1,2024-11-23,19,pmf,increase,0.11
2024-11-16,wk flu hosp rate change,1,2024-11-23,19,pmf,large_increase,0.017
2024-11-16,wk flu hosp rate change,1,2024-11-23,19,pmf,decrease,0.001
2024-11-16,wk flu hosp rate change,1,2024-11-23,19,pmf,large_decrease,0.001
2024-11-16,wk flu hosp rate change,2,2024-11-30,19,pmf,stable,0.8730000000000002
2024-11-16,wk flu hosp rate change,2,2024-11-30,19,pmf,increase,0.092
2024-11-16,wk flu hosp rate change,2,2024-11-30,19,pmf,large_increase,0.033
2024-11-16,wk flu hosp rate change,2,2024-11-30,19,pmf,decrease,0.001
2024-11-16,wk flu hosp rate change,2,2024-11-30,19,pmf,large_decrease,0.001
2024-11-16,wk flu hosp rate change,3,2024-12-07,19,pmf,stable,0.8780000000000002
2024-11-16,wk flu hosp rate change,3,2024-12-07,19,pmf,increase,0.078
2024-11-16,wk flu hosp rate change,3,2024-12-07,19,pmf,large_increase,0.042
2024-11-16,wk flu hosp rate change,3,2024-12-07,19,pmf,decrease,0.001
2024-11-16,wk flu hosp rate change,3,2024-12-07,19,pmf,large_decrease,0.001
2024-11-16,wk flu hosp rate change,0,2024-11-16,20,pmf,stable,0.8190000000000003
2024-11-16,wk flu hosp rate change,0,2024-11-16,20,pmf,increase,0.159
2024-11-16,wk flu hosp rate change,0,2024-11-16,20,pmf,large_increase,0.02
2024-11-16,wk flu hosp rate change,0,2024-11-16,20,pmf,decrease,0.001
2024-11-16,wk flu hosp rate change,0,2024-11-16,20,pmf,large_decrease,0.001
2024-11-16,wk flu hosp rate change,1,2024-11-23,20,pmf,stable,0.8380000000000002
2024-11-16,wk flu hosp rate change,1,2024-11-23,20,pmf,increase,0.134
2024-11-16,wk flu hosp rate change,1,2024-11-23,20,pmf,large_increase,0.026
2024-11-16,wk flu hosp rate change,1,2024-11-23,20,pmf,decrease,0.001
2024-11-16,wk flu hosp rate change,1,2024-11-23,20,pmf,large_decrease,0.001
2024-11-16,wk flu hosp rate change,2,2024-11-30,20,pmf,stable,0.8190000000000002
2024-11-16,wk flu hosp rate change,2,2024-11-30,20,pmf,increase,0.136
2024-11-16,wk flu hosp rate change,2,2024-11-30,20,pmf,large_increase,0.043
2024-11-16,wk flu hosp rate change,2,2024-11-30,20,pmf,decrease,0.001
2024-11-16,wk flu hosp rate change,2,2024-11-30,20,pmf,large_decrease,0.001
2024-11-16,wk flu hosp rate change,3,2024-12-07,20,pmf,stable,0.8240000000000002
2024-11-16,wk flu hosp rate change,3,2024-12-07,20,pmf,increase,0.12
2024-11-16,wk flu hosp rate change,3,2024-12-07,20,pmf,large_increase,0.054
2024-11-16,wk flu hosp rate change,3,2024-12-07,20,pmf,decrease,0.001
2024-11-16,wk flu hosp rate change,3,2024-12-07,20,pmf,large_decrease,0.001
2024-11-16,wk flu hosp rate change,0,2024-11-16,21,pmf,stable,0.7420000000000001
2024-11-16,wk flu hosp rate change,0,2024-11-16,21,pmf,increase,0.109
2024-11-16,wk flu hosp rate change,0,2024-11-16,21,pmf,large_increase,0.012
2024-11-16,wk flu hosp rate change,0,2024-11-16,21,pmf,decrease,0.136
2024-11-16,wk flu hosp rate change,0,2024-11-16,21,pmf,large_decrease,0.001
2024-11-16,wk flu hosp rate change,1,2024-11-23,21,pmf,stable,0.8610000000000002
2024-11-16,wk flu hosp rate change,1,2024-11-23,21,pmf,increase,0.113
2024-11-16,wk flu hosp rate change,1,2024-11-23,21,pmf,large_increase,0.024
2024-11-16,wk flu hosp rate change,1,2024-11-23,21,pmf,decrease,0.001
2024-11-16,wk flu hosp rate change,1,2024-11-23,21,pmf,large_decrease,0.001
2024-11-16,wk flu hosp rate change,2,2024-11-30,21,pmf,stable,0.8530000000000002
2024-11-16,wk flu hosp rate change,2,2024-11-30,21,pmf,increase,0.104
2024-11-16,wk flu hosp rate change,2,2024-11-30,21,pmf,large_increase,0.041
2024-11-16,wk flu hosp rate change,2,2024-11-30,21,pmf,decrease,0.001
2024-11-16,wk flu hosp rate change,2,2024-11-30,21,pmf,large_decrease,0.001
2024-11-16,wk flu hosp rate change,3,2024-12-07,21,pmf,stable,0.8430000000000002
2024-11-16,wk flu hosp rate change,3,2024-12-07,21,pmf,increase,0.104
2024-11-16,wk flu hosp rate change,3,2024-12-07,21,pmf,large_increase,0.051
2024-11-16,wk flu hosp rate change,3,2024-12-07,21,pmf,decrease,0.001
2024-11-16,wk flu hosp rate change,3,2024-12-07,21,pmf,large_decrease,0.001
2024-11-16,wk flu hosp rate change,0,2024-11-16,22,pmf,stable,0.136
2024-11-16,wk flu hosp rate change,0,2024-11-16,22,pmf,increase,0.129
2024-11-16,wk flu hosp rate change,0,2024-11-16,22,pmf,large_increase,0.067
2024-11-16,wk flu hosp rate change,0,2024-11-16,22,pmf,decrease,0.656
2024-11-16,wk flu hosp rate change,0,2024-11-16,22,pmf,large_decrease,0.012
2024-11-16,wk flu hosp rate change,1,2024-11-23,22,pmf,stable,0.1550000000000001
2024-11-16,wk flu hosp rate change,1,2024-11-23,22,pmf,increase,0.156
2024-11-16,wk flu hosp rate change,1,2024-11-23,22,pmf,large_increase,0.111
2024-11-16,wk flu hosp rate change,1,2024-11-23,22,pmf,decrease,0.577
2024-11-16,wk flu hosp rate change,1,2024-11-23,22,pmf,large_decrease,0.001
2024-11-16,wk flu hosp rate change,2,2024-11-30,22,pmf,stable,0.1500000000000001
2024-11-16,wk flu hosp rate change,2,2024-11-30,22,pmf,increase,0.162
2024-11-16,wk flu hosp rate change,2,2024-11-30,22,pmf,large_increase,0.138
2024-11-16,wk flu hosp rate change,2,2024-11-30,22,pmf,decrease,0.549
2024-11-16,wk flu hosp rate change,2,2024-11-30,22,pmf,large_decrease,0.001
2024-11-16,wk flu hosp rate change,3,2024-12-07,22,pmf,stable,0.1790000000000001
2024-11-16,wk flu hosp rate change,3,2024-12-07,22,pmf,increase,0.153
2024-11-16,wk flu hosp rate change,3,2024-12-07,22,pmf,large_increase,0.152
2024-11-16,wk flu hosp rate change,3,2024-12-07,22,pmf,decrease,0.515
2024-11-16,wk flu hosp rate change,3,2024-12-07,22,pmf,large_decrease,0.001
2024-11-16,wk flu hosp rate change,0,2024-11-16,23,pmf,stable,0.9430000000000003
2024-11-16,wk flu hosp rate change,0,2024-11-16,23,pmf,increase,0.054
2024-11-16,wk flu hosp rate change,0,2024-11-16,23,pmf,large_increase,0.001
2024-11-16,wk flu hosp rate change,0,2024-11-16,23,pmf,decrease,0.001
2024-11-16,wk flu hosp rate change,0,2024-11-16,23,pmf,large_decrease,0.001
2024-11-16,wk flu hosp rate change,1,2024-11-23,23,pmf,stable,0.9530000000000003
2024-11-16,wk flu hosp rate change,1,2024-11-23,23,pmf,increase,0.044
2024-11-16,wk flu hosp rate change,1,2024-11-23,23,pmf,large_increase,0.001
2024-11-16,wk flu hosp rate change,1,2024-11-23,23,pmf,decrease,0.001
2024-11-16,wk flu hosp rate change,1,2024-11-23,23,pmf,large_decrease,0.001
2024-11-16,wk flu hosp rate change,2,2024-11-30,23,pmf,stable,0.9540000000000002
2024-11-16,wk flu hosp rate change,2,2024-11-30,23,pmf,increase,0.04
2024-11-16,wk flu hosp rate change,2,2024-11-30,23,pmf,large_increase,0.004
2024-11-16,wk flu hosp rate change,2,2024-11-30,23,pmf,decrease,0.001
2024-11-16,wk flu hosp rate change,2,2024-11-30,23,pmf,large_decrease,0.001
2024-11-16,wk flu hosp rate change,3,2024-12-07,23,pmf,stable,0.9580000000000002
2024-11-16,wk flu hosp rate change,3,2024-12-07,23,pmf,increase,0.031
2024-11-16,wk flu hosp rate change,3,2024-12-07,23,pmf,large_increase,0.009
2024-11-16,wk flu hosp rate change,3,2024-12-07,23,pmf,decrease,0.001
2024-11-16,wk flu hosp rate change,3,2024-12-07,23,pmf,large_decrease,0.001
2024-11-16,wk flu hosp rate change,0,2024-11-16,24,pmf,stable,0.9320000000000004
2024-11-16,wk flu hosp rate change,0,2024-11-16,24,pmf,increase,0.065
2024-11-16,wk flu hosp rate change,0,2024-11-16,24,pmf,large_increase,0.001
2024-11-16,wk flu hosp rate change,0,2024-11-16,24,pmf,decrease,0.001
2024-11-16,wk flu hosp rate change,0,2024-11-16,24,pmf,large_decrease,0.001
2024-11-16,wk flu hosp rate change,1,2024-11-23,24,pmf,stable,0.9330000000000004
2024-11-16,wk flu hosp rate change,1,2024-11-23,24,pmf,increase,0.064
2024-11-16,wk flu hosp rate change,1,2024-11-23,24,pmf,large_increase,0.001
2024-11-16,wk flu hosp rate change,1,2024-11-23,24,pmf,decrease,0.001
2024-11-16,wk flu hosp rate change,1,2024-11-23,24,pmf,large_decrease,0.001
2024-11-16,wk flu hosp rate change,2,2024-11-30,24,pmf,stable,0.9310000000000003
2024-11-16,wk flu hosp rate change,2,2024-11-30,24,pmf,increase,0.053
2024-11-16,wk flu hosp rate change,2,2024-11-30,24,pmf,large_increase,0.014
2024-11-16,wk flu hosp rate change,2,2024-11-30,24,pmf,decrease,0.001
2024-11-16,wk flu hosp rate change,2,2024-11-30,24,pmf,large_decrease,0.001
2024-11-16,wk flu hosp rate change,3,2024-12-07,24,pmf,stable,0.9330000000000003
2024-11-16,wk flu hosp rate change,3,2024-12-07,24,pmf,increase,0.052
2024-11-16,wk flu hosp rate change,3,2024-12-07,24,pmf,large_increase,0.013
2024-11-16,wk flu hosp rate change,3,2024-12-07,24,pmf,decrease,0.001
2024-11-16,wk flu hosp rate change,3,2024-12-07,24,pmf,large_decrease,0.001
2024-11-16,wk flu hosp rate change,0,2024-11-16,25,pmf,stable,0.5950000000000002
2024-11-16,wk flu hosp rate change,0,2024-11-16,25,pmf,increase,0.083
2024-11-16,wk flu hosp rate change,0,2024-11-16,25,pmf,large_increase,0.001
2024-11-16,wk flu hosp rate change,0,2024-11-16,25,pmf,decrease,0.32
2024-11-16,wk flu hosp rate change,0,2024-11-16,25,pmf,large_decrease,0.001
2024-11-16,wk flu hosp rate change,1,2024-11-23,25,pmf,stable,0.8740000000000002
2024-11-16,wk flu hosp rate change,1,2024-11-23,25,pmf,increase,0.105
2024-11-16,wk flu hosp rate change,1,2024-11-23,25,pmf,large_increase,0.019
2024-11-16,wk flu hosp rate change,1,2024-11-23,25,pmf,decrease,0.001
2024-11-16,wk flu hosp rate change,1,2024-11-23,25,pmf,large_decrease,0.001
2024-11-16,wk flu hosp rate change,2,2024-11-30,25,pmf,stable,0.8450000000000002
2024-11-16,wk flu hosp rate change,2,2024-11-30,25,pmf,increase,0.112
2024-11-16,wk flu hosp rate change,2,2024-11-30,25,pmf,large_increase,0.041
2024-11-16,wk flu hosp rate change,2,2024-11-30,25,pmf,decrease,0.001
2024-11-16,wk flu hosp rate change,2,2024-11-30,25,pmf,large_decrease,0.001
2024-11-16,wk flu hosp rate change,3,2024-12-07,25,pmf,stable,0.8360000000000002
2024-11-16,wk flu hosp rate change,3,2024-12-07,25,pmf,increase,0.102
2024-11-16,wk flu hosp rate change,3,2024-12-07,25,pmf,large_increase,0.06
2024-11-16,wk flu hosp rate change,3,2024-12-07,25,pmf,decrease,0.001
2024-11-16,wk flu hosp rate change,3,2024-12-07,25,pmf,large_decrease,0.001
2024-11-16,wk flu hosp rate change,0,2024-11-16,26,pmf,stable,0.38700000000000023
2024-11-16,wk flu hosp rate change,0,2024-11-16,26,pmf,increase,0.035
2024-11-16,wk flu hosp rate change,0,2024-11-16,26,pmf,large_increase,0.001
2024-11-16,wk flu hosp rate change,0,2024-11-16,26,pmf,decrease,0.576
2024-11-16,wk flu hosp rate change,0,2024-11-16,26,pmf,large_decrease,0.001
2024-11-16,wk flu hosp rate change,1,2024-11-23,26,pmf,stable,0.9280000000000003
2024-11-16,wk flu hosp rate change,1,2024-11-23,26,pmf,increase,0.063
2024-11-16,wk flu hosp rate change,1,2024-11-23,26,pmf,large_increase,0.007
2024-11-16,wk flu hosp rate change,1,2024-11-23,26,pmf,decrease,0.001
2024-11-16,wk flu hosp rate change,1,2024-11-23,26,pmf,large_decrease,0.001
2024-11-16,wk flu hosp rate change,2,2024-11-30,26,pmf,stable,0.9110000000000003
2024-11-16,wk flu hosp rate change,2,2024-11-30,26,pmf,increase,0.066
2024-11-16,wk flu hosp rate change,2,2024-11-30,26,pmf,large_increase,0.021
2024-11-16,wk flu hosp rate change,2,2024-11-30,26,pmf,decrease,0.001
2024-11-16,wk flu hosp rate change,2,2024-11-30,26,pmf,large_decrease,0.001
2024-11-16,wk flu hosp rate change,3,2024-12-07,26,pmf,stable,0.9130000000000003
2024-11-16,wk flu hosp rate change,3,2024-12-07,26,pmf,increase,0.053
2024-11-16,wk flu hosp rate change,3,2024-12-07,26,pmf,large_increase,0.032
2024-11-16,wk flu hosp rate change,3,2024-12-07,26,pmf,decrease,0.001
2024-11-16,wk flu hosp rate change,3,2024-12-07,26,pmf,large_decrease,0.001
2024-11-16,wk flu hosp rate change,0,2024-11-16,27,pmf,stable,0.5510000000000002
2024-11-16,wk flu hosp rate change,0,2024-11-16,27,pmf,increase,0.136
2024-11-16,wk flu hosp rate change,0,2024-11-16,27,pmf,large_increase,0.011
2024-11-16,wk flu hosp rate change,0,2024-11-16,27,pmf,decrease,0.301
2024-11-16,wk flu hosp rate change,0,2024-11-16,27,pmf,large_decrease,0.001
2024-11-16,wk flu hosp rate change,1,2024-11-23,27,pmf,stable,0.8570000000000001
2024-11-16,wk flu hosp rate change,1,2024-11-23,27,pmf,increase,0.11
2024-11-16,wk flu hosp rate change,1,2024-11-23,27,pmf,large_increase,0.005
2024-11-16,wk flu hosp rate change,1,2024-11-23,27,pmf,decrease,0.027
2024-11-16,wk flu hosp rate change,1,2024-11-23,27,pmf,large_decrease,0.001
2024-11-16,wk flu hosp rate change,2,2024-11-30,27,pmf,stable,0.8850000000000002
2024-11-16,wk flu hosp rate change,2,2024-11-30,27,pmf,increase,0.102
2024-11-16,wk flu hosp rate change,2,2024-11-30,27,pmf,large_increase,0.011
2024-11-16,wk flu hosp rate change,2,2024-11-30,27,pmf,decrease,0.001
2024-11-16,wk flu hosp rate change,2,2024-11-30,27,pmf,large_decrease,0.001
2024-11-16,wk flu hosp rate change,3,2024-12-07,27,pmf,stable,0.8980000000000002
2024-11-16,wk flu hosp rate change,3,2024-12-07,27,pmf,increase,0.081
2024-11-16,wk flu hosp rate change,3,2024-12-07,27,pmf,large_increase,0.019
2024-11-16,wk flu hosp rate change,3,2024-12-07,27,pmf,decrease,0.001
2024-11-16,wk flu hosp rate change,3,2024-12-07,27,pmf,large_decrease,0.001
2024-11-16,wk flu hosp rate change,0,2024-11-16,28,pmf,stable,0.1250000000000002
2024-11-16,wk flu hosp rate change,0,2024-11-16,28,pmf,increase,0.037
2024-11-16,wk flu hosp rate change,0,2024-11-16,28,pmf,large_increase,0.001
2024-11-16,wk flu hosp rate change,0,2024-11-16,28,pmf,decrease,0.836
2024-11-16,wk flu hosp rate change,0,2024-11-16,28,pmf,large_decrease,0.001
2024-11-16,wk flu hosp rate change,1,2024-11-23,28,pmf,stable,0.2600000000000001
2024-11-16,wk flu hosp rate change,1,2024-11-23,28,pmf,increase,0.067
2024-11-16,wk flu hosp rate change,1,2024-11-23,28,pmf,large_increase,0.003
2024-11-16,wk flu hosp rate change,1,2024-11-23,28,pmf,decrease,0.669
2024-11-16,wk flu hosp rate change,1,2024-11-23,28,pmf,large_decrease,0.001
2024-11-16,wk flu hosp rate change,2,2024-11-30,28,pmf,stable,0.4460000000000001
2024-11-16,wk flu hosp rate change,2,2024-11-30,28,pmf,increase,0.074
2024-11-16,wk flu hosp rate change,2,2024-11-30,28,pmf,large_increase,0.022
2024-11-16,wk flu hosp rate change,2,2024-11-30,28,pmf,decrease,0.457
2024-11-16,wk flu hosp rate change,2,2024-11-30,28,pmf,large_decrease,0.001
2024-11-16,wk flu hosp rate change,3,2024-12-07,28,pmf,stable,0.8880000000000002
2024-11-16,wk flu hosp rate change,3,2024-12-07,28,pmf,increase,0.075
2024-11-16,wk flu hosp rate change,3,2024-12-07,28,pmf,large_increase,0.035
2024-11-16,wk flu hosp rate change,3,2024-12-07,28,pmf,decrease,0.001
2024-11-16,wk flu hosp rate change,3,2024-12-07,28,pmf,large_decrease,0.001
2024-11-16,wk flu hosp rate change,0,2024-11-16,29,pmf,stable,0.38200000000000023
2024-11-16,wk flu hosp rate change,0,2024-11-16,29,pmf,increase,0.095
2024-11-16,wk flu hosp rate change,0,2024-11-16,29,pmf,large_increase,0.001
2024-11-16,wk flu hosp rate change,0,2024-11-16,29,pmf,decrease,0.521
2024-11-16,wk flu hosp rate change,0,2024-11-16,29,pmf,large_decrease,0.001
2024-11-16,wk flu hosp rate change,1,2024-11-23,29,pmf,stable,0.8820000000000002
2024-11-16,wk flu hosp rate change,1,2024-11-23,29,pmf,increase,0.107
2024-11-16,wk flu hosp rate change,1,2024-11-23,29,pmf,large_increase,0.009
2024-11-16,wk flu hosp rate change,1,2024-11-23,29,pmf,decrease,0.001
2024-11-16,wk flu hosp rate change,1,2024-11-23,29,pmf,large_decrease,0.001
2024-11-16,wk flu hosp rate change,2,2024-11-30,29,pmf,stable,0.8620000000000002
2024-11-16,wk flu hosp rate change,2,2024-11-30,29,pmf,increase,0.099
2024-11-16,wk flu hosp rate change,2,2024-11-30,29,pmf,large_increase,0.037
2024-11-16,wk flu hosp rate change,2,2024-11-30,29,pmf,decrease,0.001
2024-11-16,wk flu hosp rate change,2,2024-11-30,29,pmf,large_decrease,0.001
2024-11-16,wk flu hosp rate change,3,2024-12-07,29,pmf,stable,0.8590000000000002
2024-11-16,wk flu hosp rate change,3,2024-12-07,29,pmf,increase,0.085
2024-11-16,wk flu hosp rate change,3,2024-12-07,29,pmf,large_increase,0.054
2024-11-16,wk flu hosp rate change,3,2024-12-07,29,pmf,decrease,0.001
2024-11-16,wk flu hosp rate change,3,2024-12-07,29,pmf,large_decrease,0.001
2024-11-16,wk flu hosp rate change,0,2024-11-16,30,pmf,stable,0.9300000000000004
2024-11-16,wk flu hosp rate change,0,2024-11-16,30,pmf,increase,0.067
2024-11-16,wk flu hosp rate change,0,2024-11-16,30,pmf,large_increase,0.001
2024-11-16,wk flu hosp rate change,0,2024-11-16,30,pmf,decrease,0.001
2024-11-16,wk flu hosp rate change,0,2024-11-16,30,pmf,large_decrease,0.001
2024-11-16,wk flu hosp rate change,1,2024-11-23,30,pmf,stable,0.9580000000000004
2024-11-16,wk flu hosp rate change,1,2024-11-23,30,pmf,increase,0.039
2024-11-16,wk flu hosp rate change,1,2024-11-23,30,pmf,large_increase,0.001
2024-11-16,wk flu hosp rate change,1,2024-11-23,30,pmf,decrease,0.001
2024-11-16,wk flu hosp rate change,1,2024-11-23,30,pmf,large_decrease,0.001
2024-11-16,wk flu hosp rate change,2,2024-11-30,30,pmf,stable,0.9540000000000003
2024-11-16,wk flu hosp rate change,2,2024-11-30,30,pmf,increase,0.043
2024-11-16,wk flu hosp rate change,2,2024-11-30,30,pmf,large_increase,0.001
2024-11-16,wk flu hosp rate change,2,2024-11-30,30,pmf,decrease,0.001
2024-11-16,wk flu hosp rate change,2,2024-11-30,30,pmf,large_decrease,0.001
2024-11-16,wk flu hosp rate change,3,2024-12-07,30,pmf,stable,0.9580000000000002
2024-11-16,wk flu hosp rate change,3,2024-12-07,30,pmf,increase,0.038
2024-11-16,wk flu hosp rate change,3,2024-12-07,30,pmf,large_increase,0.002
2024-11-16,wk flu hosp rate change,3,2024-12-07,30,pmf,decrease,0.001
2024-11-16,wk flu hosp rate change,3,2024-12-07,30,pmf,large_decrease,0.001
2024-11-16,wk flu hosp rate change,0,2024-11-16,31,pmf,stable,0.9160000000000003
2024-11-16,wk flu hosp rate change,0,2024-11-16,31,pmf,increase,0.081
2024-11-16,wk flu hosp rate change,0,2024-11-16,31,pmf,large_increase,0.001
2024-11-16,wk flu hosp rate change,0,2024-11-16,31,pmf,decrease,0.001
2024-11-16,wk flu hosp rate change,0,2024-11-16,31,pmf,large_decrease,0.001
2024-11-16,wk flu hosp rate change,1,2024-11-23,31,pmf,stable,0.9050000000000002
2024-11-16,wk flu hosp rate change,1,2024-11-23,31,pmf,increase,0.082
2024-11-16,wk flu hosp rate change,1,2024-11-23,31,pmf,large_increase,0.011
2024-11-16,wk flu hosp rate change,1,2024-11-23,31,pmf,decrease,0.001
2024-11-16,wk flu hosp rate change,1,2024-11-23,31,pmf,large_decrease,0.001
2024-11-16,wk flu hosp rate change,2,2024-11-30,31,pmf,stable,0.8960000000000002
2024-11-16,wk flu hosp rate change,2,2024-11-30,31,pmf,increase,0.078
2024-11-16,wk flu hosp rate change,2,2024-11-30,31,pmf,large_increase,0.024
2024-11-16,wk flu hosp rate change,2,2024-11-30,31,pmf,decrease,0.001
2024-11-16,wk flu hosp rate change,2,2024-11-30,31,pmf,large_decrease,0.001
2024-11-16,wk flu hosp rate change,3,2024-12-07,31,pmf,stable,0.8970000000000002
2024-11-16,wk flu hosp rate change,3,2024-12-07,31,pmf,increase,0.067
2024-11-16,wk flu hosp rate change,3,2024-12-07,31,pmf,large_increase,0.034
2024-11-16,wk flu hosp rate change,3,2024-12-07,31,pmf,decrease,0.001
2024-11-16,wk flu hosp rate change,3,2024-12-07,31,pmf,large_decrease,0.001
2024-11-16,wk flu hosp rate change,0,2024-11-16,32,pmf,stable,0.3080000000000001
2024-11-16,wk flu hosp rate change,0,2024-11-16,32,pmf,increase,0.129
2024-11-16,wk flu hosp rate change,0,2024-11-16,32,pmf,large_increase,0.032
2024-11-16,wk flu hosp rate change,0,2024-11-16,32,pmf,decrease,0.53
2024-11-16,wk flu hosp rate change,0,2024-11-16,32,pmf,large_decrease,0.001
2024-11-16,wk flu hosp rate change,1,2024-11-23,32,pmf,stable,0.3640000000000001
2024-11-16,wk flu hosp rate change,1,2024-11-23,32,pmf,increase,0.127
2024-11-16,wk flu hosp rate change,1,2024-11-23,32,pmf,large_increase,0.05
2024-11-16,wk flu hosp rate change,1,2024-11-23,32,pmf,decrease,0.458
2024-11-16,wk flu hosp rate change,1,2024-11-23,32,pmf,large_decrease,0.001
2024-11-16,wk flu hosp rate change,2,2024-11-30,32,pmf,stable,0.5700000000000001
2024-11-16,wk flu hosp rate change,2,2024-11-30,32,pmf,increase,0.131
2024-11-16,wk flu hosp rate change,2,2024-11-30,32,pmf,large_increase,0.072
2024-11-16,wk flu hosp rate change,2,2024-11-30,32,pmf,decrease,0.226
2024-11-16,wk flu hosp rate change,2,2024-11-30,32,pmf,large_decrease,0.001
2024-11-16,wk flu hosp rate change,3,2024-12-07,32,pmf,stable,0.7930000000000003
2024-11-16,wk flu hosp rate change,3,2024-12-07,32,pmf,increase,0.122
2024-11-16,wk flu hosp rate change,3,2024-12-07,32,pmf,large_increase,0.083
2024-11-16,wk flu hosp rate change,3,2024-12-07,32,pmf,decrease,0.001
2024-11-16,wk flu hosp rate change,3,2024-12-07,32,pmf,large_decrease,0.001
2024-11-16,wk flu hosp rate change,0,2024-11-16,33,pmf,stable,0.2210000000000002
2024-11-16,wk flu hosp rate change,0,2024-11-16,33,pmf,increase,0.115
2024-11-16,wk flu hosp rate change,0,2024-11-16,33,pmf,large_increase,0.039
2024-11-16,wk flu hosp rate change,0,2024-11-16,33,pmf,decrease,0.624
2024-11-16,wk flu hosp rate change,0,2024-11-16,33,pmf,large_decrease,0.001
2024-11-16,wk flu hosp rate change,1,2024-11-23,33,pmf,stable,0.2330000000000002
2024-11-16,wk flu hosp rate change,1,2024-11-23,33,pmf,increase,0.159
2024-11-16,wk flu hosp rate change,1,2024-11-23,33,pmf,large_increase,0.099
2024-11-16,wk flu hosp rate change,1,2024-11-23,33,pmf,decrease,0.508
2024-11-16,wk flu hosp rate change,1,2024-11-23,33,pmf,large_decrease,0.001
2024-11-16,wk flu hosp rate change,2,2024-11-30,33,pmf,stable,0.23399999999999999
2024-11-16,wk flu hosp rate change,2,2024-11-30,33,pmf,increase,0.158
2024-11-16,wk flu hosp rate change,2,2024-11-30,33,pmf,large_increase,0.155
2024-11-16,wk flu hosp rate change,2,2024-11-30,33,pmf,decrease,0.452
2024-11-16,wk flu hosp rate change,2,2024-11-30,33,pmf,large_decrease,0.001
2024-11-16,wk flu hosp rate change,3,2024-12-07,33,pmf,stable,0.6640000000000003
2024-11-16,wk flu hosp rate change,3,2024-12-07,33,pmf,increase,0.138
2024-11-16,wk flu hosp rate change,3,2024-12-07,33,pmf,large_increase,0.196
2024-11-16,wk flu hosp rate change,3,2024-12-07,33,pmf,decrease,0.001
2024-11-16,wk flu hosp rate change,3,2024-12-07,33,pmf,large_decrease,0.001
2024-11-16,wk flu hosp rate change,0,2024-11-16,34,pmf,stable,0.881
2024-11-16,wk flu hosp rate change,0,2024-11-16,34,pmf,increase,0.039
2024-11-16,wk flu hosp rate change,0,2024-11-16,34,pmf,large_increase,0.001
2024-11-16,wk flu hosp rate change,0,2024-11-16,34,pmf,decrease,0.078
2024-11-16,wk flu hosp rate change,0,2024-11-16,34,pmf,large_decrease,0.001
2024-11-16,wk flu hosp rate change,1,2024-11-23,34,pmf,stable,0.9440000000000002
2024-11-16,wk flu hosp rate change,1,2024-11-23,34,pmf,increase,0.048
2024-11-16,wk flu hosp rate change,1,2024-11-23,34,pmf,large_increase,0.006
2024-11-16,wk flu hosp rate change,1,2024-11-23,34,pmf,decrease,0.001
2024-11-16,wk flu hosp rate change,1,2024-11-23,34,pmf,large_decrease,0.001
2024-11-16,wk flu hosp rate change,2,2024-11-30,34,pmf,stable,0.9360000000000002
2024-11-16,wk flu hosp rate change,2,2024-11-30,34,pmf,increase,0.052
2024-11-16,wk flu hosp rate change,2,2024-11-30,34,pmf,large_increase,0.01
2024-11-16,wk flu hosp rate change,2,2024-11-30,34,pmf,decrease,0.001
2024-11-16,wk flu hosp rate change,2,2024-11-30,34,pmf,large_decrease,0.001
2024-11-16,wk flu hosp rate change,3,2024-12-07,34,pmf,stable,0.9370000000000002
2024-11-16,wk flu hosp rate change,3,2024-12-07,34,pmf,increase,0.047
2024-11-16,wk flu hosp rate change,3,2024-12-07,34,pmf,large_increase,0.014
2024-11-16,wk flu hosp rate change,3,2024-12-07,34,pmf,decrease,0.001
2024-11-16,wk flu hosp rate change,3,2024-12-07,34,pmf,large_decrease,0.001
2024-11-16,wk flu hosp rate change,0,2024-11-16,35,pmf,stable,0.2570000000000001
2024-11-16,wk flu hosp rate change,0,2024-11-16,35,pmf,increase,0.138
2024-11-16,wk flu hosp rate change,0,2024-11-16,35,pmf,large_increase,0.023
2024-11-16,wk flu hosp rate change,0,2024-11-16,35,pmf,decrease,0.581
2024-11-16,wk flu hosp rate change,0,2024-11-16,35,pmf,large_decrease,0.001
2024-11-16,wk flu hosp rate change,1,2024-11-23,35,pmf,stable,0.3300000000000001
2024-11-16,wk flu hosp rate change,1,2024-11-23,35,pmf,increase,0.129
2024-11-16,wk flu hosp rate change,1,2024-11-23,35,pmf,large_increase,0.019
2024-11-16,wk flu hosp rate change,1,2024-11-23,35,pmf,decrease,0.521
2024-11-16,wk flu hosp rate change,1,2024-11-23,35,pmf,large_decrease,0.001
2024-11-16,wk flu hosp rate change,2,2024-11-30,35,pmf,stable,0.4780000000000001
2024-11-16,wk flu hosp rate change,2,2024-11-30,35,pmf,increase,0.122
2024-11-16,wk flu hosp rate change,2,2024-11-30,35,pmf,large_increase,0.034
2024-11-16,wk flu hosp rate change,2,2024-11-30,35,pmf,decrease,0.365
2024-11-16,wk flu hosp rate change,2,2024-11-30,35,pmf,large_decrease,0.001
2024-11-16,wk flu hosp rate change,3,2024-12-07,35,pmf,stable,0.8530000000000002
2024-11-16,wk flu hosp rate change,3,2024-12-07,35,pmf,increase,0.108
2024-11-16,wk flu hosp rate change,3,2024-12-07,35,pmf,large_increase,0.037
2024-11-16,wk flu hosp rate change,3,2024-12-07,35,pmf,decrease,0.001
2024-11-16,wk flu hosp rate change,3,2024-12-07,35,pmf,large_decrease,0.001
2024-11-16,wk flu hosp rate change,0,2024-11-16,36,pmf,stable,0.9150000000000004
2024-11-16,wk flu hosp rate change,0,2024-11-16,36,pmf,increase,0.082
2024-11-16,wk flu hosp rate change,0,2024-11-16,36,pmf,large_increase,0.001
2024-11-16,wk flu hosp rate change,0,2024-11-16,36,pmf,decrease,0.001
2024-11-16,wk flu hosp rate change,0,2024-11-16,36,pmf,large_decrease,0.001
2024-11-16,wk flu hosp rate change,1,2024-11-23,36,pmf,stable,0.9190000000000004
2024-11-16,wk flu hosp rate change,1,2024-11-23,36,pmf,increase,0.078
2024-11-16,wk flu hosp rate change,1,2024-11-23,36,pmf,large_increase,0.001
2024-11-16,wk flu hosp rate change,1,2024-11-23,36,pmf,decrease,0.001
2024-11-16,wk flu hosp rate change,1,2024-11-23,36,pmf,large_decrease,0.001
2024-11-16,wk flu hosp rate change,2,2024-11-30,36,pmf,stable,0.9110000000000003
2024-11-16,wk flu hosp rate change,2,2024-11-30,36,pmf,increase,0.073
2024-11-16,wk flu hosp rate change,2,2024-11-30,36,pmf,large_increase,0.014
2024-11-16,wk flu hosp rate change,2,2024-11-30,36,pmf,decrease,0.001
2024-11-16,wk flu hosp rate change,2,2024-11-30,36,pmf,large_decrease,0.001
2024-11-16,wk flu hosp rate change,3,2024-12-07,36,pmf,stable,0.9030000000000002
2024-11-16,wk flu hosp rate change,3,2024-12-07,36,pmf,increase,0.068
2024-11-16,wk flu hosp rate change,3,2024-12-07,36,pmf,large_increase,0.027
2024-11-16,wk flu hosp rate change,3,2024-12-07,36,pmf,decrease,0.001
2024-11-16,wk flu hosp rate change,3,2024-12-07,36,pmf,large_decrease,0.001
2024-11-16,wk flu hosp rate change,0,2024-11-16,37,pmf,stable,0.8910000000000003
2024-11-16,wk flu hosp rate change,0,2024-11-16,37,pmf,increase,0.106
2024-11-16,wk flu hosp rate change,0,2024-11-16,37,pmf,large_increase,0.001
2024-11-16,wk flu hosp rate change,0,2024-11-16,37,pmf,decrease,0.001
2024-11-16,wk flu hosp rate change,0,2024-11-16,37,pmf,large_decrease,0.001
2024-11-16,wk flu hosp rate change,1,2024-11-23,37,pmf,stable,0.9200000000000003
2024-11-16,wk flu hosp rate change,1,2024-11-23,37,pmf,increase,0.077
2024-11-16,wk flu hosp rate change,1,2024-11-23,37,pmf,large_increase,0.001
2024-11-16,wk flu hosp rate change,1,2024-11-23,37,pmf,decrease,0.001
2024-11-16,wk flu hosp rate change,1,2024-11-23,37,pmf,large_decrease,0.001
2024-11-16,wk flu hosp rate change,2,2024-11-30,37,pmf,stable,0.9320000000000003
2024-11-16,wk flu hosp rate change,2,2024-11-30,37,pmf,increase,0.055
2024-11-16,wk flu hosp rate change,2,2024-11-30,37,pmf,large_increase,0.011
2024-11-16,wk flu hosp rate change,2,2024-11-30,37,pmf,decrease,0.001
2024-11-16,wk flu hosp rate change,2,2024-11-30,37,pmf,large_decrease,0.001
2024-11-16,wk flu hosp rate change,3,2024-12-07,37,pmf,stable,0.9330000000000003
2024-11-16,wk flu hosp rate change,3,2024-12-07,37,pmf,increase,0.049
2024-11-16,wk flu hosp rate change,3,2024-12-07,37,pmf,large_increase,0.016
2024-11-16,wk flu hosp rate change,3,2024-12-07,37,pmf,decrease,0.001
2024-11-16,wk flu hosp rate change,3,2024-12-07,37,pmf,large_decrease,0.001
2024-11-16,wk flu hosp rate change,0,2024-11-16,38,pmf,stable,0.8800000000000002
2024-11-16,wk flu hosp rate change,0,2024-11-16,38,pmf,increase,0.117
2024-11-16,wk flu hosp rate change,0,2024-11-16,38,pmf,large_increase,0.001
2024-11-16,wk flu hosp rate change,0,2024-11-16,38,pmf,decrease,0.001
2024-11-16,wk flu hosp rate change,0,2024-11-16,38,pmf,large_decrease,0.001
2024-11-16,wk flu hosp rate change,1,2024-11-23,38,pmf,stable,0.9070000000000003
2024-11-16,wk flu hosp rate change,1,2024-11-23,38,pmf,increase,0.09
2024-11-16,wk flu hosp rate change,1,2024-11-23,38,pmf,large_increase,0.001
2024-11-16,wk flu hosp rate change,1,2024-11-23,38,pmf,decrease,0.001
2024-11-16,wk flu hosp rate change,1,2024-11-23,38,pmf,large_decrease,0.001
2024-11-16,wk flu hosp rate change,2,2024-11-30,38,pmf,stable,0.9080000000000003
2024-11-16,wk flu hosp rate change,2,2024-11-30,38,pmf,increase,0.078
2024-11-16,wk flu hosp rate change,2,2024-11-30,38,pmf,large_increase,0.012
2024-11-16,wk flu hosp rate change,2,2024-11-30,38,pmf,decrease,0.001
2024-11-16,wk flu hosp rate change,2,2024-11-30,38,pmf,large_decrease,0.001
2024-11-16,wk flu hosp rate change,3,2024-12-07,38,pmf,stable,0.9180000000000003
2024-11-16,wk flu hosp rate change,3,2024-12-07,38,pmf,increase,0.058
2024-11-16,wk flu hosp rate change,3,2024-12-07,38,pmf,large_increase,0.022
2024-11-16,wk flu hosp rate change,3,2024-12-07,38,pmf,decrease,0.001
2024-11-16,wk flu hosp rate change,3,2024-12-07,38,pmf,large_decrease,0.001
2024-11-16,wk flu hosp rate change,0,2024-11-16,39,pmf,stable,0.063
2024-11-16,wk flu hosp rate change,0,2024-11-16,39,pmf,increase,0.103
2024-11-16,wk flu hosp rate change,0,2024-11-16,39,pmf,large_increase,0.59
2024-11-16,wk flu hosp rate change,0,2024-11-16,39,pmf,decrease,0.096
2024-11-16,wk flu hosp rate change,0,2024-11-16,39,pmf,large_decrease,0.148
2024-11-16,wk flu hosp rate change,1,2024-11-23,39,pmf,stable,0.05
2024-11-16,wk flu hosp rate change,1,2024-11-23,39,pmf,increase,0.12
2024-11-16,wk flu hosp rate change,1,2024-11-23,39,pmf,large_increase,0.594
2024-11-16,wk flu hosp rate change,1,2024-11-23,39,pmf,decrease,0.16
2024-11-16,wk flu hosp rate change,1,2024-11-23,39,pmf,large_decrease,0.076
2024-11-16,wk flu hosp rate change,2,2024-11-30,39,pmf,stable,0.0720000000000001
2024-11-16,wk flu hosp rate change,2,2024-11-30,39,pmf,increase,0.11
2024-11-16,wk flu hosp rate change,2,2024-11-30,39,pmf,large_increase,0.589
2024-11-16,wk flu hosp rate change,2,2024-11-30,39,pmf,decrease,0.192
2024-11-16,wk flu hosp rate change,2,2024-11-30,39,pmf,large_decrease,0.037
2024-11-16,wk flu hosp rate change,3,2024-12-07,39,pmf,stable,0.09000000000000011
2024-11-16,wk flu hosp rate change,3,2024-12-07,39,pmf,increase,0.165
2024-11-16,wk flu hosp rate change,3,2024-12-07,39,pmf,large_increase,0.511
2024-11-16,wk flu hosp rate change,3,2024-12-07,39,pmf,decrease,0.233
2024-11-16,wk flu hosp rate change,3,2024-12-07,39,pmf,large_decrease,0.001
2024-11-16,wk flu hosp rate change,0,2024-11-16,40,pmf,stable,0.8880000000000002
2024-11-16,wk flu hosp rate change,0,2024-11-16,40,pmf,increase,0.06
2024-11-16,wk flu hosp rate change,0,2024-11-16,40,pmf,large_increase,0.001
2024-11-16,wk flu hosp rate change,0,2024-11-16,40,pmf,decrease,0.05
2024-11-16,wk flu hosp rate change,0,2024-11-16,40,pmf,large_decrease,0.001
2024-11-16,wk flu hosp rate change,1,2024-11-23,40,pmf,stable,0.9220000000000004
2024-11-16,wk flu hosp rate change,1,2024-11-23,40,pmf,increase,0.075
2024-11-16,wk flu hosp rate change,1,2024-11-23,40,pmf,large_increase,0.001
2024-11-16,wk flu hosp rate change,1,2024-11-23,40,pmf,decrease,0.001
2024-11-16,wk flu hosp rate change,1,2024-11-23,40,pmf,large_decrease,0.001
2024-11-16,wk flu hosp rate change,2,2024-11-30,40,pmf,stable,0.9150000000000003
2024-11-16,wk flu hosp rate change,2,2024-11-30,40,pmf,increase,0.071
2024-11-16,wk flu hosp rate change,2,2024-11-30,40,pmf,large_increase,0.012
2024-11-16,wk flu hosp rate change,2,2024-11-30,40,pmf,decrease,0.001
2024-11-16,wk flu hosp rate change,2,2024-11-30,40,pmf,large_decrease,0.001
2024-11-16,wk flu hosp rate change,3,2024-12-07,40,pmf,stable,0.9120000000000003
2024-11-16,wk flu hosp rate change,3,2024-12-07,40,pmf,increase,0.063
2024-11-16,wk flu hosp rate change,3,2024-12-07,40,pmf,large_increase,0.023
2024-11-16,wk flu hosp rate change,3,2024-12-07,40,pmf,decrease,0.001
2024-11-16,wk flu hosp rate change,3,2024-12-07,40,pmf,large_decrease,0.001
2024-11-16,wk flu hosp rate change,0,2024-11-16,41,pmf,stable,0.4100000000000002
2024-11-16,wk flu hosp rate change,0,2024-11-16,41,pmf,increase,0.081
2024-11-16,wk flu hosp rate change,0,2024-11-16,41,pmf,large_increase,0.001
2024-11-16,wk flu hosp rate change,0,2024-11-16,41,pmf,decrease,0.507
2024-11-16,wk flu hosp rate change,0,2024-11-16,41,pmf,large_decrease,0.001
2024-11-16,wk flu hosp rate change,1,2024-11-23,41,pmf,stable,0.7630000000000001
2024-11-16,wk flu hosp rate change,1,2024-11-23,41,pmf,increase,0.094
2024-11-16,wk flu hosp rate change,1,2024-11-23,41,pmf,large_increase,0.004
2024-11-16,wk flu hosp rate change,1,2024-11-23,41,pmf,decrease,0.138
2024-11-16,wk flu hosp rate change,1,2024-11-23,41,pmf,large_decrease,0.001
2024-11-16,wk flu hosp rate change,2,2024-11-30,41,pmf,stable,0.8900000000000002
2024-11-16,wk flu hosp rate change,2,2024-11-30,41,pmf,increase,0.084
2024-11-16,wk flu hosp rate change,2,2024-11-30,41,pmf,large_increase,0.024
2024-11-16,wk flu hosp rate change,2,2024-11-30,41,pmf,decrease,0.001
2024-11-16,wk flu hosp rate change,2,2024-11-30,41,pmf,large_decrease,0.001
2024-11-16,wk flu hosp rate change,3,2024-12-07,41,pmf,stable,0.8840000000000002
2024-11-16,wk flu hosp rate change,3,2024-12-07,41,pmf,increase,0.08
2024-11-16,wk flu hosp rate change,3,2024-12-07,41,pmf,large_increase,0.034
2024-11-16,wk flu hosp rate change,3,2024-12-07,41,pmf,decrease,0.001
2024-11-16,wk flu hosp rate change,3,2024-12-07,41,pmf,large_decrease,0.001
2024-11-16,wk flu hosp rate change,0,2024-11-16,42,pmf,stable,0.17000000000000012
2024-11-16,wk flu hosp rate change,0,2024-11-16,42,pmf,increase,0.093
2024-11-16,wk flu hosp rate change,0,2024-11-16,42,pmf,large_increase,0.014
2024-11-16,wk flu hosp rate change,0,2024-11-16,42,pmf,decrease,0.722
2024-11-16,wk flu hosp rate change,0,2024-11-16,42,pmf,large_decrease,0.001
2024-11-16,wk flu hosp rate change,1,2024-11-23,42,pmf,stable,0.23000000000000012
2024-11-16,wk flu hosp rate change,1,2024-11-23,42,pmf,increase,0.107
2024-11-16,wk flu hosp rate change,1,2024-11-23,42,pmf,large_increase,0.046
2024-11-16,wk flu hosp rate change,1,2024-11-23,42,pmf,decrease,0.616
2024-11-16,wk flu hosp rate change,1,2024-11-23,42,pmf,large_decrease,0.001
2024-11-16,wk flu hosp rate change,2,2024-11-30,42,pmf,stable,0.27800000000000014
2024-11-16,wk flu hosp rate change,2,2024-11-30,42,pmf,increase,0.123
2024-11-16,wk flu hosp rate change,2,2024-11-30,42,pmf,large_increase,0.066
2024-11-16,wk flu hosp rate change,2,2024-11-30,42,pmf,decrease,0.532
2024-11-16,wk flu hosp rate change,2,2024-11-30,42,pmf,large_decrease,0.001
2024-11-16,wk flu hosp rate change,3,2024-12-07,42,pmf,stable,0.4510000000000001
2024-11-16,wk flu hosp rate change,3,2024-12-07,42,pmf,increase,0.129
2024-11-16,wk flu hosp rate change,3,2024-12-07,42,pmf,large_increase,0.083
2024-11-16,wk flu hosp rate change,3,2024-12-07,42,pmf,decrease,0.336
2024-11-16,wk flu hosp rate change,3,2024-12-07,42,pmf,large_decrease,0.001
2024-11-16,wk flu hosp rate change,0,2024-11-16,44,pmf,stable,0.8400000000000004
2024-11-16,wk flu hosp rate change,0,2024-11-16,44,pmf,increase,0.143
2024-11-16,wk flu hosp rate change,0,2024-11-16,44,pmf,large_increase,0.015
2024-11-16,wk flu hosp rate change,0,2024-11-16,44,pmf,decrease,0.001
2024-11-16,wk flu hosp rate change,0,2024-11-16,44,pmf,large_decrease,0.001
2024-11-16,wk flu hosp rate change,1,2024-11-23,44,pmf,stable,0.8310000000000003
2024-11-16,wk flu hosp rate change,1,2024-11-23,44,pmf,increase,0.132
2024-11-16,wk flu hosp rate change,1,2024-11-23,44,pmf,large_increase,0.035
2024-11-16,wk flu hosp rate change,1,2024-11-23,44,pmf,decrease,0.001
2024-11-16,wk flu hosp rate change,1,2024-11-23,44,pmf,large_decrease,0.001
2024-11-16,wk flu hosp rate change,2,2024-11-30,44,pmf,stable,0.8180000000000002
2024-11-16,wk flu hosp rate change,2,2024-11-30,44,pmf,increase,0.125
2024-11-16,wk flu hosp rate change,2,2024-11-30,44,pmf,large_increase,0.055
2024-11-16,wk flu hosp rate change,2,2024-11-30,44,pmf,decrease,0.001
2024-11-16,wk flu hosp rate change,2,2024-11-30,44,pmf,large_decrease,0.001
2024-11-16,wk flu hosp rate change,3,2024-12-07,44,pmf,stable,0.8160000000000002
2024-11-16,wk flu hosp rate change,3,2024-12-07,44,pmf,increase,0.118
2024-11-16,wk flu hosp rate change,3,2024-12-07,44,pmf,large_increase,0.064
2024-11-16,wk flu hosp rate change,3,2024-12-07,44,pmf,decrease,0.001
2024-11-16,wk flu hosp rate change,3,2024-12-07,44,pmf,large_decrease,0.001
2024-11-16,wk flu hosp rate change,0,2024-11-16,45,pmf,stable,0.6230000000000001
2024-11-16,wk flu hosp rate change,0,2024-11-16,45,pmf,increase,0.139
2024-11-16,wk flu hosp rate change,0,2024-11-16,45,pmf,large_increase,0.002
2024-11-16,wk flu hosp rate change,0,2024-11-16,45,pmf,decrease,0.235
2024-11-16,wk flu hosp rate change,0,2024-11-16,45,pmf,large_decrease,0.001
2024-11-16,wk flu hosp rate change,1,2024-11-23,45,pmf,stable,0.8500000000000002
2024-11-16,wk flu hosp rate change,1,2024-11-23,45,pmf,increase,0.132
2024-11-16,wk flu hosp rate change,1,2024-11-23,45,pmf,large_increase,0.016
2024-11-16,wk flu hosp rate change,1,2024-11-23,45,pmf,decrease,0.001
2024-11-16,wk flu hosp rate change,1,2024-11-23,45,pmf,large_decrease,0.001
2024-11-16,wk flu hosp rate change,2,2024-11-30,45,pmf,stable,0.8530000000000002
2024-11-16,wk flu hosp rate change,2,2024-11-30,45,pmf,increase,0.11
2024-11-16,wk flu hosp rate change,2,2024-11-30,45,pmf,large_increase,0.035
2024-11-16,wk flu hosp rate change,2,2024-11-30,45,pmf,decrease,0.001
2024-11-16,wk flu hosp rate change,2,2024-11-30,45,pmf,large_decrease,0.001
2024-11-16,wk flu hosp rate change,3,2024-12-07,45,pmf,stable,0.8620000000000002
2024-11-16,wk flu hosp rate change,3,2024-12-07,45,pmf,increase,0.089
2024-11-16,wk flu hosp rate change,3,2024-12-07,45,pmf,large_increase,0.047
2024-11-16,wk flu hosp rate change,3,2024-12-07,45,pmf,decrease,0.001
2024-11-16,wk flu hosp rate change,3,2024-12-07,45,pmf,large_decrease,0.001
2024-11-16,wk flu hosp rate change,0,2024-11-16,46,pmf,stable,0.9150000000000003
2024-11-16,wk flu hosp rate change,0,2024-11-16,46,pmf,increase,0.082
2024-11-16,wk flu hosp rate change,0,2024-11-16,46,pmf,large_increase,0.001
2024-11-16,wk flu hosp rate change,0,2024-11-16,46,pmf,decrease,0.001
2024-11-16,wk flu hosp rate change,0,2024-11-16,46,pmf,large_decrease,0.001
2024-11-16,wk flu hosp rate change,1,2024-11-23,46,pmf,stable,0.9280000000000004
2024-11-16,wk flu hosp rate change,1,2024-11-23,46,pmf,increase,0.069
2024-11-16,wk flu hosp rate change,1,2024-11-23,46,pmf,large_increase,0.001
2024-11-16,wk flu hosp rate change,1,2024-11-23,46,pmf,decrease,0.001
2024-11-16,wk flu hosp rate change,1,2024-11-23,46,pmf,large_decrease,0.001
2024-11-16,wk flu hosp rate change,2,2024-11-30,46,pmf,stable,0.9220000000000004
2024-11-16,wk flu hosp rate change,2,2024-11-30,46,pmf,increase,0.061
2024-11-16,wk flu hosp rate change,2,2024-11-30,46,pmf,large_increase,0.015
2024-11-16,wk flu hosp rate change,2,2024-11-30,46,pmf,decrease,0.001
2024-11-16,wk flu hosp rate change,2,2024-11-30,46,pmf,large_decrease,0.001
2024-11-16,wk flu hosp rate change,3,2024-12-07,46,pmf,stable,0.9210000000000003
2024-11-16,wk flu hosp rate change,3,2024-12-07,46,pmf,increase,0.051
2024-11-16,wk flu hosp rate change,3,2024-12-07,46,pmf,large_increase,0.026
2024-11-16,wk flu hosp rate change,3,2024-12-07,46,pmf,decrease,0.001
2024-11-16,wk flu hosp rate change,3,2024-12-07,46,pmf,large_decrease,0.001
2024-11-16,wk flu hosp rate change,0,2024-11-16,47,pmf,stable,0.2140000000000001
2024-11-16,wk flu hosp rate change,0,2024-11-16,47,pmf,increase,0.168
2024-11-16,wk flu hosp rate change,0,2024-11-16,47,pmf,large_increase,0.05
2024-11-16,wk flu hosp rate change,0,2024-11-16,47,pmf,decrease,0.567
2024-11-16,wk flu hosp rate change,0,2024-11-16,47,pmf,large_decrease,0.001
2024-11-16,wk flu hosp rate change,1,2024-11-23,47,pmf,stable,0.22700000000000012
2024-11-16,wk flu hosp rate change,1,2024-11-23,47,pmf,increase,0.188
2024-11-16,wk flu hosp rate change,1,2024-11-23,47,pmf,large_increase,0.074
2024-11-16,wk flu hosp rate change,1,2024-11-23,47,pmf,decrease,0.51
2024-11-16,wk flu hosp rate change,1,2024-11-23,47,pmf,large_decrease,0.001
2024-11-16,wk flu hosp rate change,2,2024-11-30,47,pmf,stable,0.2440000000000001
2024-11-16,wk flu hosp rate change,2,2024-11-30,47,pmf,increase,0.183
2024-11-16,wk flu hosp rate change,2,2024-11-30,47,pmf,large_increase,0.103
2024-11-16,wk flu hosp rate change,2,2024-11-30,47,pmf,decrease,0.469
2024-11-16,wk flu hosp rate change,2,2024-11-30,47,pmf,large_decrease,0.001
2024-11-16,wk flu hosp rate change,3,2024-12-07,47,pmf,stable,0.3780000000000001
2024-11-16,wk flu hosp rate change,3,2024-12-07,47,pmf,increase,0.168
2024-11-16,wk flu hosp rate change,3,2024-12-07,47,pmf,large_increase,0.116
2024-11-16,wk flu hosp rate change,3,2024-12-07,47,pmf,decrease,0.337
2024-11-16,wk flu hosp rate change,3,2024-12-07,47,pmf,large_decrease,0.001
2024-11-16,wk flu hosp rate change,0,2024-11-16,48,pmf,stable,0.3840000000000001
2024-11-16,wk flu hosp rate change,0,2024-11-16,48,pmf,increase,0.153
2024-11-16,wk flu hosp rate change,0,2024-11-16,48,pmf,large_increase,0.031
2024-11-16,wk flu hosp rate change,0,2024-11-16,48,pmf,decrease,0.431
2024-11-16,wk flu hosp rate change,0,2024-11-16,48,pmf,large_decrease,0.001
2024-11-16,wk flu hosp rate change,1,2024-11-23,48,pmf,stable,0.4840000000000001
2024-11-16,wk flu hosp rate change,1,2024-11-23,48,pmf,increase,0.145
2024-11-16,wk flu hosp rate change,1,2024-11-23,48,pmf,large_increase,0.034
2024-11-16,wk flu hosp rate change,1,2024-11-23,48,pmf,decrease,0.336
2024-11-16,wk flu hosp rate change,1,2024-11-23,48,pmf,large_decrease,0.001
2024-11-16,wk flu hosp rate change,2,2024-11-30,48,pmf,stable,0.8260000000000002
2024-11-16,wk flu hosp rate change,2,2024-11-30,48,pmf,increase,0.123
2024-11-16,wk flu hosp rate change,2,2024-11-30,48,pmf,large_increase,0.049
2024-11-16,wk flu hosp rate change,2,2024-11-30,48,pmf,decrease,0.001
2024-11-16,wk flu hosp rate change,2,2024-11-30,48,pmf,large_decrease,0.001
2024-11-16,wk flu hosp rate change,3,2024-12-07,48,pmf,stable,0.8250000000000002
2024-11-16,wk flu hosp rate change,3,2024-12-07,48,pmf,increase,0.117
2024-11-16,wk flu hosp rate change,3,2024-12-07,48,pmf,large_increase,0.056
2024-11-16,wk flu hosp rate change,3,2024-12-07,48,pmf,decrease,0.001
2024-11-16,wk flu hosp rate change,3,2024-12-07,48,pmf,large_decrease,0.001
2024-11-16,wk flu hosp rate change,0,2024-11-16,49,pmf,stable,0.8830000000000002
2024-11-16,wk flu hosp rate change,0,2024-11-16,49,pmf,increase,0.113
2024-11-16,wk flu hosp rate change,0,2024-11-16,49,pmf,large_increase,0.002
2024-11-16,wk flu hosp rate change,0,2024-11-16,49,pmf,decrease,0.001
2024-11-16,wk flu hosp rate change,0,2024-11-16,49,pmf,large_decrease,0.001
2024-11-16,wk flu hosp rate change,1,2024-11-23,49,pmf,stable,0.8990000000000002
2024-11-16,wk flu hosp rate change,1,2024-11-23,49,pmf,increase,0.091
2024-11-16,wk flu hosp rate change,1,2024-11-23,49,pmf,large_increase,0.008
2024-11-16,wk flu hosp rate change,1,2024-11-23,49,pmf,decrease,0.001
2024-11-16,wk flu hosp rate change,1,2024-11-23,49,pmf,large_decrease,0.001
2024-11-16,wk flu hosp rate change,2,2024-11-30,49,pmf,stable,0.8860000000000002
2024-11-16,wk flu hosp rate change,2,2024-11-30,49,pmf,increase,0.083
2024-11-16,wk flu hosp rate change,2,2024-11-30,49,pmf,large_increase,0.029
2024-11-16,wk flu hosp rate change,2,2024-11-30,49,pmf,decrease,0.001
2024-11-16,wk flu hosp rate change,2,2024-11-30,49,pmf,large_decrease,0.001
2024-11-16,wk flu hosp rate change,3,2024-12-07,49,pmf,stable,0.8720000000000002
2024-11-16,wk flu hosp rate change,3,2024-12-07,49,pmf,increase,0.088
2024-11-16,wk flu hosp rate change,3,2024-12-07,49,pmf,large_increase,0.038
2024-11-16,wk flu hosp rate change,3,2024-12-07,49,pmf,decrease,0.001
2024-11-16,wk flu hosp rate change,3,2024-12-07,49,pmf,large_decrease,0.001
2024-11-16,wk flu hosp rate change,0,2024-11-16,50,pmf,stable,0.8940000000000003
2024-11-16,wk flu hosp rate change,0,2024-11-16,50,pmf,increase,0.103
2024-11-16,wk flu hosp rate change,0,2024-11-16,50,pmf,large_increase,0.001
2024-11-16,wk flu hosp rate change,0,2024-11-16,50,pmf,decrease,0.001
2024-11-16,wk flu hosp rate change,0,2024-11-16,50,pmf,large_decrease,0.001
2024-11-16,wk flu hosp rate change,1,2024-11-23,50,pmf,stable,0.9230000000000004
2024-11-16,wk flu hosp rate change,1,2024-11-23,50,pmf,increase,0.07
2024-11-16,wk flu hosp rate change,1,2024-11-23,50,pmf,large_increase,0.005
2024-11-16,wk flu hosp rate change,1,2024-11-23,50,pmf,decrease,0.001
2024-11-16,wk flu hosp rate change,1,2024-11-23,50,pmf,large_decrease,0.001
2024-11-16,wk flu hosp rate change,2,2024-11-30,50,pmf,stable,0.9280000000000003
2024-11-16,wk flu hosp rate change,2,2024-11-30,50,pmf,increase,0.059
2024-11-16,wk flu hosp rate change,2,2024-11-30,50,pmf,large_increase,0.011
2024-11-16,wk flu hosp rate change,2,2024-11-30,50,pmf,decrease,0.001
2024-11-16,wk flu hosp rate change,2,2024-11-30,50,pmf,large_decrease,0.001
2024-11-16,wk flu hosp rate change,3,2024-12-07,50,pmf,stable,0.9390000000000002
2024-11-16,wk flu hosp rate change,3,2024-12-07,50,pmf,increase,0.044
2024-11-16,wk flu hosp rate change,3,2024-12-07,50,pmf,large_increase,0.015
2024-11-16,wk flu hosp rate change,3,2024-12-07,50,pmf,decrease,0.001
2024-11-16,wk flu hosp rate change,3,2024-12-07,50,pmf,large_decrease,0.001
2024-11-16,wk flu hosp rate change,0,2024-11-16,51,pmf,stable,0.9330000000000004
2024-11-16,wk flu hosp rate change,0,2024-11-16,51,pmf,increase,0.064
2024-11-16,wk flu hosp rate change,0,2024-11-16,51,pmf,large_increase,0.001
2024-11-16,wk flu hosp rate change,0,2024-11-16,51,pmf,decrease,0.001
2024-11-16,wk flu hosp rate change,0,2024-11-16,51,pmf,large_decrease,0.001
2024-11-16,wk flu hosp rate change,1,2024-11-23,51,pmf,stable,0.9360000000000002
2024-11-16,wk flu hosp rate change,1,2024-11-23,51,pmf,increase,0.059
2024-11-16,wk flu hosp rate change,1,2024-11-23,51,pmf,large_increase,0.003
2024-11-16,wk flu hosp rate change,1,2024-11-23,51,pmf,decrease,0.001
2024-11-16,wk flu hosp rate change,1,2024-11-23,51,pmf,large_decrease,0.001
2024-11-16,wk flu hosp rate change,2,2024-11-30,51,pmf,stable,0.9360000000000002
2024-11-16,wk flu hosp rate change,2,2024-11-30,51,pmf,increase,0.055
2024-11-16,wk flu hosp rate change,2,2024-11-30,51,pmf,large_increase,0.007
2024-11-16,wk flu hosp rate change,2,2024-11-30,51,pmf,decrease,0.001
2024-11-16,wk flu hosp rate change,2,2024-11-30,51,pmf,large_decrease,0.001
2024-11-16,wk flu hosp rate change,3,2024-12-07,51,pmf,stable,0.9400000000000002
2024-11-16,wk flu hosp rate change,3,2024-12-07,51,pmf,increase,0.049
2024-11-16,wk flu hosp rate change,3,2024-12-07,51,pmf,large_increase,0.009
2024-11-16,wk flu hosp rate change,3,2024-12-07,51,pmf,decrease,0.001
2024-11-16,wk flu hosp rate change,3,2024-12-07,51,pmf,large_decrease,0.001
2024-11-16,wk flu hosp rate change,0,2024-11-16,53,pmf,stable,0.9560000000000003
2024-11-16,wk flu hosp rate change,0,2024-11-16,53,pmf,increase,0.041
2024-11-16,wk flu hosp rate change,0,2024-11-16,53,pmf,large_increase,0.001
2024-11-16,wk flu hosp rate change,0,2024-11-16,53,pmf,decrease,0.001
2024-11-16,wk flu hosp rate change,0,2024-11-16,53,pmf,large_decrease,0.001
2024-11-16,wk flu hosp rate change,1,2024-11-23,53,pmf,stable,0.9590000000000003
2024-11-16,wk flu hosp rate change,1,2024-11-23,53,pmf,increase,0.038
2024-11-16,wk flu hosp rate change,1,2024-11-23,53,pmf,large_increase,0.001
2024-11-16,wk flu hosp rate change,1,2024-11-23,53,pmf,decrease,0.001
2024-11-16,wk flu hosp rate change,1,2024-11-23,53,pmf,large_decrease,0.001
2024-11-16,wk flu hosp rate change,2,2024-11-30,53,pmf,stable,0.9560000000000003
2024-11-16,wk flu hosp rate change,2,2024-11-30,53,pmf,increase,0.041
2024-11-16,wk flu hosp rate change,2,2024-11-30,53,pmf,large_increase,0.001
2024-11-16,wk flu hosp rate change,2,2024-11-30,53,pmf,decrease,0.001
2024-11-16,wk flu hosp rate change,2,2024-11-30,53,pmf,large_decrease,0.001
2024-11-16,wk flu hosp rate change,3,2024-12-07,53,pmf,stable,0.9510000000000002
2024-11-16,wk flu hosp rate change,3,2024-12-07,53,pmf,increase,0.043
2024-11-16,wk flu hosp rate change,3,2024-12-07,53,pmf,large_increase,0.004
2024-11-16,wk flu hosp rate change,3,2024-12-07,53,pmf,decrease,0.001
2024-11-16,wk flu hosp rate change,3,2024-12-07,53,pmf,large_decrease,0.001
2024-11-16,wk flu hosp rate change,0,2024-11-16,54,pmf,stable,0.9380000000000004
2024-11-16,wk flu hosp rate change,0,2024-11-16,54,pmf,increase,0.059
2024-11-16,wk flu hosp rate change,0,2024-11-16,54,pmf,large_increase,0.001
2024-11-16,wk flu hosp rate change,0,2024-11-16,54,pmf,decrease,0.001
2024-11-16,wk flu hosp rate change,0,2024-11-16,54,pmf,large_decrease,0.001
2024-11-16,wk flu hosp rate change,1,2024-11-23,54,pmf,stable,0.9050000000000002
2024-11-16,wk flu hosp rate change,1,2024-11-23,54,pmf,increase,0.091
2024-11-16,wk flu hosp rate change,1,2024-11-23,54,pmf,large_increase,0.002
2024-11-16,wk flu hosp rate change,1,2024-11-23,54,pmf,decrease,0.001
2024-11-16,wk flu hosp rate change,1,2024-11-23,54,pmf,large_decrease,0.001
2024-11-16,wk flu hosp rate change,2,2024-11-30,54,pmf,stable,0.8860000000000002
2024-11-16,wk flu hosp rate change,2,2024-11-30,54,pmf,increase,0.089
2024-11-16,wk flu hosp rate change,2,2024-11-30,54,pmf,large_increase,0.023
2024-11-16,wk flu hosp rate change,2,2024-11-30,54,pmf,decrease,0.001
2024-11-16,wk flu hosp rate change,2,2024-11-30,54,pmf,large_decrease,0.001
2024-11-16,wk flu hosp rate change,3,2024-12-07,54,pmf,stable,0.8760000000000002
2024-11-16,wk flu hosp rate change,3,2024-12-07,54,pmf,increase,0.087
2024-11-16,wk flu hosp rate change,3,2024-12-07,54,pmf,large_increase,0.035
2024-11-16,wk flu hosp rate change,3,2024-12-07,54,pmf,decrease,0.001
2024-11-16,wk flu hosp rate change,3,2024-12-07,54,pmf,large_decrease,0.001
2024-11-16,wk flu hosp rate change,0,2024-11-16,55,pmf,stable,0.8680000000000002
2024-11-16,wk flu hosp rate change,0,2024-11-16,55,pmf,increase,0.127
2024-11-16,wk flu hosp rate change,0,2024-11-16,55,pmf,large_increase,0.003
2024-11-16,wk flu hosp rate change,0,2024-11-16,55,pmf,decrease,0.001
2024-11-16,wk flu hosp rate change,0,2024-11-16,55,pmf,large_decrease,0.001
2024-11-16,wk flu hosp rate change,1,2024-11-23,55,pmf,stable,0.8790000000000002
2024-11-16,wk flu hosp rate change,1,2024-11-23,55,pmf,increase,0.114
2024-11-16,wk flu hosp rate change,1,2024-11-23,55,pmf,large_increase,0.005
2024-11-16,wk flu hosp rate change,1,2024-11-23,55,pmf,decrease,0.001
2024-11-16,wk flu hosp rate change,1,2024-11-23,55,pmf,large_decrease,0.001
2024-11-16,wk flu hosp rate change,2,2024-11-30,55,pmf,stable,0.8770000000000002
2024-11-16,wk flu hosp rate change,2,2024-11-30,55,pmf,increase,0.1
2024-11-16,wk flu hosp rate change,2,2024-11-30,55,pmf,large_increase,0.021
2024-11-16,wk flu hosp rate change,2,2024-11-30,55,pmf,decrease,0.001
2024-11-16,wk flu hosp rate change,2,2024-11-30,55,pmf,large_decrease,0.001
2024-11-16,wk flu hosp rate change,3,2024-12-07,55,pmf,stable,0.8770000000000002
2024-11-16,wk flu hosp rate change,3,2024-12-07,55,pmf,increase,0.082
2024-11-16,wk flu hosp rate change,3,2024-12-07,55,pmf,large_increase,0.039
2024-11-16,wk flu hosp rate change,3,2024-12-07,55,pmf,decrease,0.001
2024-11-16,wk flu hosp rate change,3,2024-12-07,55,pmf,large_decrease,0.001
2024-11-16,wk flu hosp rate change,0,2024-11-16,56,pmf,stable,0.18400000000000005
2024-11-16,wk flu hosp rate change,0,2024-11-16,56,pmf,increase,0.128
2024-11-16,wk flu hosp rate change,0,2024-11-16,56,pmf,large_increase,0.041
2024-11-16,wk flu hosp rate change,0,2024-11-16,56,pmf,decrease,0.646
2024-11-16,wk flu hosp rate change,0,2024-11-16,56,pmf,large_decrease,0.001
2024-11-16,wk flu hosp rate change,1,2024-11-23,56,pmf,stable,0.21499999999999997
2024-11-16,wk flu hosp rate change,1,2024-11-23,56,pmf,increase,0.114
2024-11-16,wk flu hosp rate change,1,2024-11-23,56,pmf,large_increase,0.056
2024-11-16,wk flu hosp rate change,1,2024-11-23,56,pmf,decrease,0.614
2024-11-16,wk flu hosp rate change,1,2024-11-23,56,pmf,large_decrease,0.001
2024-11-16,wk flu hosp rate change,2,2024-11-30,56,pmf,stable,0.2330000000000001
2024-11-16,wk flu hosp rate change,2,2024-11-30,56,pmf,increase,0.103
2024-11-16,wk flu hosp rate change,2,2024-11-30,56,pmf,large_increase,0.068
2024-11-16,wk flu hosp rate change,2,2024-11-30,56,pmf,decrease,0.595
2024-11-16,wk flu hosp rate change,2,2024-11-30,56,pmf,large_decrease,0.001
2024-11-16,wk flu hosp rate change,3,2024-12-07,56,pmf,stable,0.31400000000000017
2024-11-16,wk flu hosp rate change,3,2024-12-07,56,pmf,increase,0.092
2024-11-16,wk flu hosp rate change,3,2024-12-07,56,pmf,large_increase,0.071
2024-11-16,wk flu hosp rate change,3,2024-12-07,56,pmf,decrease,0.522
2024-11-16,wk flu hosp rate change,3,2024-12-07,56,pmf,large_decrease,0.001
2024-11-16,wk flu hosp rate change,0,2024-11-16,72,pmf,stable,0.2270000000000002
2024-11-16,wk flu hosp rate change,0,2024-11-16,72,pmf,increase,0.109
2024-11-16,wk flu hosp rate change,0,2024-11-16,72,pmf,large_increase,0.017
2024-11-16,wk flu hosp rate change,0,2024-11-16,72,pmf,decrease,0.646
2024-11-16,wk flu hosp rate change,0,2024-11-16,72,pmf,large_decrease,0.001
2024-11-16,wk flu hosp rate change,1,2024-11-23,72,pmf,stable,0.27500000000000013
2024-11-16,wk flu hosp rate change,1,2024-11-23,72,pmf,increase,0.117
2024-11-16,wk flu hosp rate change,1,2024-11-23,72,pmf,large_increase,0.028
2024-11-16,wk flu hosp rate change,1,2024-11-23,72,pmf,decrease,0.579
2024-11-16,wk flu hosp rate change,1,2024-11-23,72,pmf,large_decrease,0.001
2024-11-16,wk flu hosp rate change,2,2024-11-30,72,pmf,stable,0.3280000000000001
2024-11-16,wk flu hosp rate change,2,2024-11-30,72,pmf,increase,0.102
2024-11-16,wk flu hosp rate change,2,2024-11-30,72,pmf,large_increase,0.054
2024-11-16,wk flu hosp rate change,2,2024-11-30,72,pmf,decrease,0.515
2024-11-16,wk flu hosp rate change,2,2024-11-30,72,pmf,large_decrease,0.001
2024-11-16,wk flu hosp rate change,3,2024-12-07,72,pmf,stable,0.8360000000000002
2024-11-16,wk flu hosp rate change,3,2024-12-07,72,pmf,increase,0.096
2024-11-16,wk flu hosp rate change,3,2024-12-07,72,pmf,large_increase,0.066
2024-11-16,wk flu hosp rate change,3,2024-12-07,72,pmf,decrease,0.001
2024-11-16,wk flu hosp rate change,3,2024-12-07,72,pmf,large_decrease,0.001
2024-11-16,wk flu hosp rate change,0,2024-11-16,US,pmf,stable,0.2550000000000001
2024-11-16,wk flu hosp rate change,0,2024-11-16,US,pmf,increase,0.104
2024-11-16,wk flu hosp rate change,0,2024-11-16,US,pmf,large_increase,0.005
2024-11-16,wk flu hosp rate change,0,2024-11-16,US,pmf,decrease,0.635
2024-11-16,wk flu hosp rate change,0,2024-11-16,US,pmf,large_decrease,0.001
2024-11-16,wk flu hosp rate change,1,2024-11-23,US,pmf,stable,0.3270000000000001
2024-11-16,wk flu hosp rate change,1,2024-11-23,US,pmf,increase,0.107
2024-11-16,wk flu hosp rate change,1,2024-11-23,US,pmf,large_increase,0.015
2024-11-16,wk flu hosp rate change,1,2024-11-23,US,pmf,decrease,0.55
2024-11-16,wk flu hosp rate change,1,2024-11-23,US,pmf,large_decrease,0.001
2024-11-16,wk flu hosp rate change,2,2024-11-30,US,pmf,stable,0.5210000000000001
2024-11-16,wk flu hosp rate change,2,2024-11-30,US,pmf,increase,0.105
2024-11-16,wk flu hosp rate change,2,2024-11-30,US,pmf,large_increase,0.029
2024-11-16,wk flu hosp rate change,2,2024-11-30,US,pmf,decrease,0.344
2024-11-16,wk flu hosp rate change,2,2024-11-30,US,pmf,large_decrease,0.001
2024-11-16,wk flu hosp rate change,3,2024-12-07,US,pmf,stable,0.8630000000000002
2024-11-16,wk flu hosp rate change,3,2024-12-07,US,pmf,increase,0.101
2024-11-16,wk flu hosp rate change,3,2024-12-07,US,pmf,large_increase,0.034
2024-11-16,wk flu hosp rate change,3,2024-12-07,US,pmf,decrease,0.001
2024-11-16,wk flu hosp rate change,3,2024-12-07,US,pmf,large_decrease,0.001
