reference_date,target,horizon,target_end_date,location,output_type,output_type_id,value
2024-10-12,wk inc flu hosp,0,2024-10-12,US,quantile,0.01,0.0
2024-10-12,wk inc flu hosp,0,2024-10-12,US,quantile,0.025,0.0
2024-10-12,wk inc flu hosp,0,2024-10-12,US,quantile,0.05,0.0
2024-10-12,wk inc flu hosp,0,2024-10-12,US,quantile,0.1,0.0
2024-10-12,wk inc flu hosp,0,2024-10-12,US,quantile,0.15,363.8514328546505
2024-10-12,wk inc flu hosp,0,2024-10-12,US,quantile,0.2,461.67230032324045
2024-10-12,wk inc flu hosp,0,2024-10-12,US,quantile,0.25,557.8740233981181
2024-10-12,wk inc flu hosp,0,2024-10-12,US,quantile,0.3,636.2206898369202
2024-10-12,wk inc flu hosp,0,2024-10-12,US,quantile,0.35,650.2153973780958
2024-10-12,wk inc flu hosp,0,2024-10-12,US,quantile,0.4,683.5167544316968
2024-10-12,wk inc flu hosp,0,2024-10-12,US,quantile,0.45,717.0977063755097
2024-10-12,wk inc flu hosp,0,2024-10-12,US,quantile,0.5,770.6726795840797
2024-10-12,wk inc flu hosp,0,2024-10-12,US,quantile,0.55,819.9963111857872
2024-10-12,wk inc flu hosp,0,2024-10-12,US,quantile,0.6,1010.7978319537048
2024-10-12,wk inc flu hosp,0,2024-10-12,US,quantile,0.65,1262.3957031239918
2024-10-12,wk inc flu hosp,0,2024-10-12,US,quantile,0.7,1304.5424445903943
2024-10-12,wk inc flu hosp,0,2024-10-12,US,quantile,0.75,1335.375386908802
2024-10-12,wk inc flu hosp,0,2024-10-12,US,quantile,0.8,1408.1373252269416
2024-10-12,wk inc flu hosp,0,2024-10-12,US,quantile,0.85,1599.9039127478568
2024-10-12,wk inc flu hosp,0,2024-10-12,US,quantile,0.9,1850.5680906655195
2024-10-12,wk inc flu hosp,0,2024-10-12,US,quantile,0.95,2005.9162160326148
2024-10-12,wk inc flu hosp,0,2024-10-12,US,quantile,0.975,2060.609008571577
2024-10-12,wk inc flu hosp,0,2024-10-12,US,quantile,0.99,5040.559811028128
2024-10-12,wk inc flu hosp,1,2024-10-19,US,quantile,0.01,0.0
2024-10-12,wk inc flu hosp,1,2024-10-19,US,quantile,0.025,0.0
2024-10-12,wk inc flu hosp,1,2024-10-19,US,quantile,0.05,0.0
2024-10-12,wk inc flu hosp,1,2024-10-19,US,quantile,0.1,314.91994960244085
2024-10-12,wk inc flu hosp,1,2024-10-19,US,quantile,0.15,483.6885781300422
2024-10-12,wk inc flu hosp,1,2024-10-19,US,quantile,0.2,601.3086065819571
2024-10-12,wk inc flu hosp,1,2024-10-19,US,quantile,0.25,706.1909487437401
2024-10-12,wk inc flu hosp,1,2024-10-19,US,quantile,0.3,810.4475186915524
2024-10-12,wk inc flu hosp,1,2024-10-19,US,quantile,0.35,898.9117959889006
2024-10-12,wk inc flu hosp,1,2024-10-19,US,quantile,0.4,961.773009780547
2024-10-12,wk inc flu hosp,1,2024-10-19,US,quantile,0.45,1034.403501731699
2024-10-12,wk inc flu hosp,1,2024-10-19,US,quantile,0.5,1097.7082219224912
2024-10-12,wk inc flu hosp,1,2024-10-19,US,quantile,0.55,1255.3904146412249
2024-10-12,wk inc flu hosp,1,2024-10-19,US,quantile,0.6,1340.2341462449124
2024-10-12,wk inc flu hosp,1,2024-10-19,US,quantile,0.65,1404.8603037136409
2024-10-12,wk inc flu hosp,1,2024-10-19,US,quantile,0.7,1531.1101947036645
2024-10-12,wk inc flu hosp,1,2024-10-19,US,quantile,0.75,1663.1962408746285
2024-10-12,wk inc flu hosp,1,2024-10-19,US,quantile,0.8,1781.654065727247
2024-10-12,wk inc flu hosp,1,2024-10-19,US,quantile,0.85,1960.2473845704658
2024-10-12,wk inc flu hosp,1,2024-10-19,US,quantile,0.9,2221.9313087162386
2024-10-12,wk inc flu hosp,1,2024-10-19,US,quantile,0.95,2738.124745178594
2024-10-12,wk inc flu hosp,1,2024-10-19,US,quantile,0.975,5184.935530007716
2024-10-12,wk inc flu hosp,1,2024-10-19,US,quantile,0.99,7385.382891428472
2024-10-12,wk inc flu hosp,2,2024-10-26,US,quantile,0.01,0.0
2024-10-12,wk inc flu hosp,2,2024-10-26,US,quantile,0.025,0.0
2024-10-12,wk inc flu hosp,2,2024-10-26,US,quantile,0.05,94.9404464771031
2024-10-12,wk inc flu hosp,2,2024-10-26,US,quantile,0.1,408.04661198257145
2024-10-12,wk inc flu hosp,2,2024-10-26,US,quantile,0.15,640.9247008504126
2024-10-12,wk inc flu hosp,2,2024-10-26,US,quantile,0.2,785.7289498579711
2024-10-12,wk inc flu hosp,2,2024-10-26,US,quantile,0.25,935.5054415011223
2024-10-12,wk inc flu hosp,2,2024-10-26,US,quantile,0.3,1041.8324649196757
2024-10-12,wk inc flu hosp,2,2024-10-26,US,quantile,0.35,1134.5575338406416
2024-10-12,wk inc flu hosp,2,2024-10-26,US,quantile,0.4,1228.6011022903742
2024-10-12,wk inc flu hosp,2,2024-10-26,US,quantile,0.45,1307.525721425328
2024-10-12,wk inc flu hosp,2,2024-10-26,US,quantile,0.5,1407.2193462655086
2024-10-12,wk inc flu hosp,2,2024-10-26,US,quantile,0.55,1509.2908291419378
2024-10-12,wk inc flu hosp,2,2024-10-26,US,quantile,0.6,1605.8634570699112
2024-10-12,wk inc flu hosp,2,2024-10-26,US,quantile,0.65,1705.5891898246182
2024-10-12,wk inc flu hosp,2,2024-10-26,US,quantile,0.7,1850.2221868539646
2024-10-12,wk inc flu hosp,2,2024-10-26,US,quantile,0.75,1985.7231808329002
2024-10-12,wk inc flu hosp,2,2024-10-26,US,quantile,0.8,2174.268715347208
2024-10-12,wk inc flu hosp,2,2024-10-26,US,quantile,0.85,2429.950241925821
2024-10-12,wk inc flu hosp,2,2024-10-26,US,quantile,0.9,2840.7266717161665
2024-10-12,wk inc flu hosp,2,2024-10-26,US,quantile,0.95,4057.212886710542
2024-10-12,wk inc flu hosp,2,2024-10-26,US,quantile,0.975,6195.538678146681
2024-10-12,wk inc flu hosp,2,2024-10-26,US,quantile,0.99,7874.224438568542
2024-10-12,wk inc flu hosp,3,2024-11-02,US,quantile,0.01,0.0
2024-10-12,wk inc flu hosp,3,2024-11-02,US,quantile,0.025,0.0
2024-10-12,wk inc flu hosp,3,2024-11-02,US,quantile,0.05,217.34056483064188
2024-10-12,wk inc flu hosp,3,2024-11-02,US,quantile,0.1,778.989905642826
2024-10-12,wk inc flu hosp,3,2024-11-02,US,quantile,0.15,1057.1603086139705
2024-10-12,wk inc flu hosp,3,2024-11-02,US,quantile,0.2,1248.2100299378408
2024-10-12,wk inc flu hosp,3,2024-11-02,US,quantile,0.25,1388.090298632807
2024-10-12,wk inc flu hosp,3,2024-11-02,US,quantile,0.3,1508.0627138525879
2024-10-12,wk inc flu hosp,3,2024-11-02,US,quantile,0.35,1649.7979660658098
2024-10-12,wk inc flu hosp,3,2024-11-02,US,quantile,0.4,1795.4661521967091
2024-10-12,wk inc flu hosp,3,2024-11-02,US,quantile,0.45,1971.7687385991123
2024-10-12,wk inc flu hosp,3,2024-11-02,US,quantile,0.5,2081.552698435577
2024-10-12,wk inc flu hosp,3,2024-11-02,US,quantile,0.55,2234.1147003865076
2024-10-12,wk inc flu hosp,3,2024-11-02,US,quantile,0.6,2379.302612333103
2024-10-12,wk inc flu hosp,3,2024-11-02,US,quantile,0.65,2549.753178431914
2024-10-12,wk inc flu hosp,3,2024-11-02,US,quantile,0.7,2710.1612276553346
2024-10-12,wk inc flu hosp,3,2024-11-02,US,quantile,0.75,2931.0395109835436
2024-10-12,wk inc flu hosp,3,2024-11-02,US,quantile,0.8,3172.881281131013
2024-10-12,wk inc flu hosp,3,2024-11-02,US,quantile,0.85,3510.273036643562
2024-10-12,wk inc flu hosp,3,2024-11-02,US,quantile,0.9,4031.7505037834067
2024-10-12,wk inc flu hosp,3,2024-11-02,US,quantile,0.95,6999.439145109087
2024-10-12,wk inc flu hosp,3,2024-11-02,US,quantile,0.975,9237.590286538141
2024-10-12,wk inc flu hosp,3,2024-11-02,US,quantile,0.99,11093.251119236096
2024-10-12,wk inc flu hosp,0,2024-10-12,01,quantile,0.01,0.0
2024-10-12,wk inc flu hosp,0,2024-10-12,01,quantile,0.025,0.0
2024-10-12,wk inc flu hosp,0,2024-10-12,01,quantile,0.05,0.0
2024-10-12,wk inc flu hosp,0,2024-10-12,01,quantile,0.1,7.754526325698229
2024-10-12,wk inc flu hosp,0,2024-10-12,01,quantile,0.15,13.026670426460084
2024-10-12,wk inc flu hosp,0,2024-10-12,01,quantile,0.2,13.836391141057435
2024-10-12,wk inc flu hosp,0,2024-10-12,01,quantile,0.25,14.99799245306064
2024-10-12,wk inc flu hosp,0,2024-10-12,01,quantile,0.3,17.902631076843015
2024-10-12,wk inc flu hosp,0,2024-10-12,01,quantile,0.35,19.59736177526384
2024-10-12,wk inc flu hosp,0,2024-10-12,01,quantile,0.4,20.29995560312094
2024-10-12,wk inc flu hosp,0,2024-10-12,01,quantile,0.45,21.080520007439524
2024-10-12,wk inc flu hosp,0,2024-10-12,01,quantile,0.5,24.349500877059306
2024-10-12,wk inc flu hosp,0,2024-10-12,01,quantile,0.55,25.54777229931004
2024-10-12,wk inc flu hosp,0,2024-10-12,01,quantile,0.6,26.518865827263955
2024-10-12,wk inc flu hosp,0,2024-10-12,01,quantile,0.65,27.256493888670857
2024-10-12,wk inc flu hosp,0,2024-10-12,01,quantile,0.7,28.110563708582532
2024-10-12,wk inc flu hosp,0,2024-10-12,01,quantile,0.75,33.968652116533576
2024-10-12,wk inc flu hosp,0,2024-10-12,01,quantile,0.8,35.62839333939298
2024-10-12,wk inc flu hosp,0,2024-10-12,01,quantile,0.85,43.5431053798278
2024-10-12,wk inc flu hosp,0,2024-10-12,01,quantile,0.9,46.82836056281827
2024-10-12,wk inc flu hosp,0,2024-10-12,01,quantile,0.95,61.43231046227527
2024-10-12,wk inc flu hosp,0,2024-10-12,01,quantile,0.975,79.58879173098593
2024-10-12,wk inc flu hosp,0,2024-10-12,01,quantile,0.99,365.77891696281114
2024-10-12,wk inc flu hosp,1,2024-10-19,01,quantile,0.01,0.0
2024-10-12,wk inc flu hosp,1,2024-10-19,01,quantile,0.025,0.0
2024-10-12,wk inc flu hosp,1,2024-10-19,01,quantile,0.05,0.0
2024-10-12,wk inc flu hosp,1,2024-10-19,01,quantile,0.1,9.879315928591916
2024-10-12,wk inc flu hosp,1,2024-10-19,01,quantile,0.15,15.477994275004374
2024-10-12,wk inc flu hosp,1,2024-10-19,01,quantile,0.2,17.489534426559977
2024-10-12,wk inc flu hosp,1,2024-10-19,01,quantile,0.25,19.377175629375706
2024-10-12,wk inc flu hosp,1,2024-10-19,01,quantile,0.3,21.36683960528229
2024-10-12,wk inc flu hosp,1,2024-10-19,01,quantile,0.35,22.968532835995305
2024-10-12,wk inc flu hosp,1,2024-10-19,01,quantile,0.4,24.561998376169864
2024-10-12,wk inc flu hosp,1,2024-10-19,01,quantile,0.45,26.57090919083453
2024-10-12,wk inc flu hosp,1,2024-10-19,01,quantile,0.5,28.997511085570242
2024-10-12,wk inc flu hosp,1,2024-10-19,01,quantile,0.55,30.50425548271328
2024-10-12,wk inc flu hosp,1,2024-10-19,01,quantile,0.6,31.992068686705366
2024-10-12,wk inc flu hosp,1,2024-10-19,01,quantile,0.65,33.89696819201087
2024-10-12,wk inc flu hosp,1,2024-10-19,01,quantile,0.7,38.15550706022006
2024-10-12,wk inc flu hosp,1,2024-10-19,01,quantile,0.75,42.020149345717385
2024-10-12,wk inc flu hosp,1,2024-10-19,01,quantile,0.8,45.89322045697518
2024-10-12,wk inc flu hosp,1,2024-10-19,01,quantile,0.85,51.172967847219034
2024-10-12,wk inc flu hosp,1,2024-10-19,01,quantile,0.9,59.30732371137005
2024-10-12,wk inc flu hosp,1,2024-10-19,01,quantile,0.95,84.53688257970838
2024-10-12,wk inc flu hosp,1,2024-10-19,01,quantile,0.975,170.19243267431924
2024-10-12,wk inc flu hosp,1,2024-10-19,01,quantile,0.99,362.98040354368396
2024-10-12,wk inc flu hosp,2,2024-10-26,01,quantile,0.01,0.0
2024-10-12,wk inc flu hosp,2,2024-10-26,01,quantile,0.025,0.0
2024-10-12,wk inc flu hosp,2,2024-10-26,01,quantile,0.05,0.0
2024-10-12,wk inc flu hosp,2,2024-10-26,01,quantile,0.1,12.20239344594382
2024-10-12,wk inc flu hosp,2,2024-10-26,01,quantile,0.15,16.520511714528343
2024-10-12,wk inc flu hosp,2,2024-10-26,01,quantile,0.2,18.705691454561006
2024-10-12,wk inc flu hosp,2,2024-10-26,01,quantile,0.25,21.164053178214893
2024-10-12,wk inc flu hosp,2,2024-10-26,01,quantile,0.3,23.486521125105835
2024-10-12,wk inc flu hosp,2,2024-10-26,01,quantile,0.35,26.099691379803634
2024-10-12,wk inc flu hosp,2,2024-10-26,01,quantile,0.4,28.410614460656358
2024-10-12,wk inc flu hosp,2,2024-10-26,01,quantile,0.45,30.878461312115217
2024-10-12,wk inc flu hosp,2,2024-10-26,01,quantile,0.5,33.14319386152892
2024-10-12,wk inc flu hosp,2,2024-10-26,01,quantile,0.55,35.216652430223625
2024-10-12,wk inc flu hosp,2,2024-10-26,01,quantile,0.6,38.64755535576284
2024-10-12,wk inc flu hosp,2,2024-10-26,01,quantile,0.65,42.31262745243278
2024-10-12,wk inc flu hosp,2,2024-10-26,01,quantile,0.7,45.82971683350497
2024-10-12,wk inc flu hosp,2,2024-10-26,01,quantile,0.75,49.88318310906248
2024-10-12,wk inc flu hosp,2,2024-10-26,01,quantile,0.8,57.28505376646166
2024-10-12,wk inc flu hosp,2,2024-10-26,01,quantile,0.85,64.23453479457439
2024-10-12,wk inc flu hosp,2,2024-10-26,01,quantile,0.9,76.79576659182439
2024-10-12,wk inc flu hosp,2,2024-10-26,01,quantile,0.95,125.15444846801005
2024-10-12,wk inc flu hosp,2,2024-10-26,01,quantile,0.975,188.06561166954768
2024-10-12,wk inc flu hosp,2,2024-10-26,01,quantile,0.99,309.54178095296004
2024-10-12,wk inc flu hosp,3,2024-11-02,01,quantile,0.01,0.0
2024-10-12,wk inc flu hosp,3,2024-11-02,01,quantile,0.025,0.0
2024-10-12,wk inc flu hosp,3,2024-11-02,01,quantile,0.05,2.909117082345053
2024-10-12,wk inc flu hosp,3,2024-11-02,01,quantile,0.1,18.834329677855134
2024-10-12,wk inc flu hosp,3,2024-11-02,01,quantile,0.15,23.907273669612625
2024-10-12,wk inc flu hosp,3,2024-11-02,01,quantile,0.2,28.310454084909555
2024-10-12,wk inc flu hosp,3,2024-11-02,01,quantile,0.25,31.232026972584883
2024-10-12,wk inc flu hosp,3,2024-11-02,01,quantile,0.3,33.81721588129644
2024-10-12,wk inc flu hosp,3,2024-11-02,01,quantile,0.35,36.410508835793955
2024-10-12,wk inc flu hosp,3,2024-11-02,01,quantile,0.4,38.78706526267685
2024-10-12,wk inc flu hosp,3,2024-11-02,01,quantile,0.45,41.288896832998745
2024-10-12,wk inc flu hosp,3,2024-11-02,01,quantile,0.5,44.15566700084342
2024-10-12,wk inc flu hosp,3,2024-11-02,01,quantile,0.55,46.583078393647924
2024-10-12,wk inc flu hosp,3,2024-11-02,01,quantile,0.6,50.36616390643201
2024-10-12,wk inc flu hosp,3,2024-11-02,01,quantile,0.65,53.507559364116844
2024-10-12,wk inc flu hosp,3,2024-11-02,01,quantile,0.7,57.27025132196
2024-10-12,wk inc flu hosp,3,2024-11-02,01,quantile,0.75,62.51721198575144
2024-10-12,wk inc flu hosp,3,2024-11-02,01,quantile,0.8,71.45057888795144
2024-10-12,wk inc flu hosp,3,2024-11-02,01,quantile,0.85,83.68726281196308
2024-10-12,wk inc flu hosp,3,2024-11-02,01,quantile,0.9,100.63271953714151
2024-10-12,wk inc flu hosp,3,2024-11-02,01,quantile,0.95,193.61676421343324
2024-10-12,wk inc flu hosp,3,2024-11-02,01,quantile,0.975,269.37726544775757
2024-10-12,wk inc flu hosp,3,2024-11-02,01,quantile,0.99,401.47582296658476
2024-10-12,wk inc flu hosp,0,2024-10-12,02,quantile,0.01,0.0
2024-10-12,wk inc flu hosp,0,2024-10-12,02,quantile,0.025,0.0
2024-10-12,wk inc flu hosp,0,2024-10-12,02,quantile,0.05,0.0
2024-10-12,wk inc flu hosp,0,2024-10-12,02,quantile,0.1,0.0
2024-10-12,wk inc flu hosp,0,2024-10-12,02,quantile,0.15,0.543843826019144
2024-10-12,wk inc flu hosp,0,2024-10-12,02,quantile,0.2,0.8395749285911758
2024-10-12,wk inc flu hosp,0,2024-10-12,02,quantile,0.25,1.5999088569698032
2024-10-12,wk inc flu hosp,0,2024-10-12,02,quantile,0.3,2.3124093773552454
2024-10-12,wk inc flu hosp,0,2024-10-12,02,quantile,0.35,3.051817099224441
2024-10-12,wk inc flu hosp,0,2024-10-12,02,quantile,0.4,3.7427774855031246
2024-10-12,wk inc flu hosp,0,2024-10-12,02,quantile,0.45,3.8791227246754088
2024-10-12,wk inc flu hosp,0,2024-10-12,02,quantile,0.5,4.0975379969993195
2024-10-12,wk inc flu hosp,0,2024-10-12,02,quantile,0.55,4.444429987686356
2024-10-12,wk inc flu hosp,0,2024-10-12,02,quantile,0.6,4.750899227009505
2024-10-12,wk inc flu hosp,0,2024-10-12,02,quantile,0.65,4.986697957264132
2024-10-12,wk inc flu hosp,0,2024-10-12,02,quantile,0.7,6.133934233461173
2024-10-12,wk inc flu hosp,0,2024-10-12,02,quantile,0.75,6.201580713372601
2024-10-12,wk inc flu hosp,0,2024-10-12,02,quantile,0.8,6.554168333204626
2024-10-12,wk inc flu hosp,0,2024-10-12,02,quantile,0.85,7.06699707039576
2024-10-12,wk inc flu hosp,0,2024-10-12,02,quantile,0.9,8.623048049742714
2024-10-12,wk inc flu hosp,0,2024-10-12,02,quantile,0.95,11.766098575831574
2024-10-12,wk inc flu hosp,0,2024-10-12,02,quantile,0.975,12.74153763410156
2024-10-12,wk inc flu hosp,0,2024-10-12,02,quantile,0.99,38.77332494942171
2024-10-12,wk inc flu hosp,1,2024-10-19,02,quantile,0.01,0.0
2024-10-12,wk inc flu hosp,1,2024-10-19,02,quantile,0.025,0.0
2024-10-12,wk inc flu hosp,1,2024-10-19,02,quantile,0.05,0.0
2024-10-12,wk inc flu hosp,1,2024-10-19,02,quantile,0.1,0.0
2024-10-12,wk inc flu hosp,1,2024-10-19,02,quantile,0.15,0.5096623659183643
2024-10-12,wk inc flu hosp,1,2024-10-19,02,quantile,0.2,0.9271672067656781
2024-10-12,wk inc flu hosp,1,2024-10-19,02,quantile,0.25,1.766809686931115
2024-10-12,wk inc flu hosp,1,2024-10-19,02,quantile,0.3,2.6076404589641275
2024-10-12,wk inc flu hosp,1,2024-10-19,02,quantile,0.35,3.2737685713614333
2024-10-12,wk inc flu hosp,1,2024-10-19,02,quantile,0.4,3.7808319128249326
2024-10-12,wk inc flu hosp,1,2024-10-19,02,quantile,0.45,4.092844460375371
2024-10-12,wk inc flu hosp,1,2024-10-19,02,quantile,0.5,4.383422989778603
2024-10-12,wk inc flu hosp,1,2024-10-19,02,quantile,0.55,4.706414047290702
2024-10-12,wk inc flu hosp,1,2024-10-19,02,quantile,0.6,5.065692982882146
2024-10-12,wk inc flu hosp,1,2024-10-19,02,quantile,0.65,5.508144616870813
2024-10-12,wk inc flu hosp,1,2024-10-19,02,quantile,0.7,6.263039283196284
2024-10-12,wk inc flu hosp,1,2024-10-19,02,quantile,0.75,6.750353148927137
2024-10-12,wk inc flu hosp,1,2024-10-19,02,quantile,0.8,7.254752580033627
2024-10-12,wk inc flu hosp,1,2024-10-19,02,quantile,0.85,7.734966545676966
2024-10-12,wk inc flu hosp,1,2024-10-19,02,quantile,0.9,10.001866352620537
2024-10-12,wk inc flu hosp,1,2024-10-19,02,quantile,0.95,12.86401426840625
2024-10-12,wk inc flu hosp,1,2024-10-19,02,quantile,0.975,23.565274095389615
2024-10-12,wk inc flu hosp,1,2024-10-19,02,quantile,0.99,33.2935755685941
2024-10-12,wk inc flu hosp,2,2024-10-26,02,quantile,0.01,0.0
2024-10-12,wk inc flu hosp,2,2024-10-26,02,quantile,0.025,0.0
2024-10-12,wk inc flu hosp,2,2024-10-26,02,quantile,0.05,0.0
2024-10-12,wk inc flu hosp,2,2024-10-26,02,quantile,0.1,0.0
2024-10-12,wk inc flu hosp,2,2024-10-26,02,quantile,0.15,0.4253154886201496
2024-10-12,wk inc flu hosp,2,2024-10-26,02,quantile,0.2,1.0138533547083375
2024-10-12,wk inc flu hosp,2,2024-10-26,02,quantile,0.25,1.6142650773768847
2024-10-12,wk inc flu hosp,2,2024-10-26,02,quantile,0.3,2.2169972253276375
2024-10-12,wk inc flu hosp,2,2024-10-26,02,quantile,0.35,3.050247169461686
2024-10-12,wk inc flu hosp,2,2024-10-26,02,quantile,0.4,3.688536333134778
2024-10-12,wk inc flu hosp,2,2024-10-26,02,quantile,0.45,4.060769438248566
2024-10-12,wk inc flu hosp,2,2024-10-26,02,quantile,0.5,4.4523765210460065
2024-10-12,wk inc flu hosp,2,2024-10-26,02,quantile,0.55,4.8048706914909225
2024-10-12,wk inc flu hosp,2,2024-10-26,02,quantile,0.6,5.248476485335644
2024-10-12,wk inc flu hosp,2,2024-10-26,02,quantile,0.65,5.911361324357377
2024-10-12,wk inc flu hosp,2,2024-10-26,02,quantile,0.7,6.569469047575493
2024-10-12,wk inc flu hosp,2,2024-10-26,02,quantile,0.75,7.114656512730647
2024-10-12,wk inc flu hosp,2,2024-10-26,02,quantile,0.8,7.812197421228696
2024-10-12,wk inc flu hosp,2,2024-10-26,02,quantile,0.85,9.112038259185093
2024-10-12,wk inc flu hosp,2,2024-10-26,02,quantile,0.9,11.324677613480786
2024-10-12,wk inc flu hosp,2,2024-10-26,02,quantile,0.95,16.018510360234192
2024-10-12,wk inc flu hosp,2,2024-10-26,02,quantile,0.975,28.19320455463861
2024-10-12,wk inc flu hosp,2,2024-10-26,02,quantile,0.99,38.580926688768855
2024-10-12,wk inc flu hosp,3,2024-11-02,02,quantile,0.01,0.0
2024-10-12,wk inc flu hosp,3,2024-11-02,02,quantile,0.025,0.0
2024-10-12,wk inc flu hosp,3,2024-11-02,02,quantile,0.05,0.0
2024-10-12,wk inc flu hosp,3,2024-11-02,02,quantile,0.1,0.4969482163307459
2024-10-12,wk inc flu hosp,3,2024-11-02,02,quantile,0.15,1.5976024484493832
2024-10-12,wk inc flu hosp,3,2024-11-02,02,quantile,0.2,2.2548784907618225
2024-10-12,wk inc flu hosp,3,2024-11-02,02,quantile,0.25,2.906940115373418
2024-10-12,wk inc flu hosp,3,2024-11-02,02,quantile,0.3,3.630217658039497
2024-10-12,wk inc flu hosp,3,2024-11-02,02,quantile,0.35,4.258329448303195
2024-10-12,wk inc flu hosp,3,2024-11-02,02,quantile,0.4,4.662080045904956
2024-10-12,wk inc flu hosp,3,2024-11-02,02,quantile,0.45,5.031349098935868
2024-10-12,wk inc flu hosp,3,2024-11-02,02,quantile,0.5,5.542790468687568
2024-10-12,wk inc flu hosp,3,2024-11-02,02,quantile,0.55,6.0151955098063015
2024-10-12,wk inc flu hosp,3,2024-11-02,02,quantile,0.6,6.6247463700125975
2024-10-12,wk inc flu hosp,3,2024-11-02,02,quantile,0.65,7.161502377611697
2024-10-12,wk inc flu hosp,3,2024-11-02,02,quantile,0.7,7.72992740490933
2024-10-12,wk inc flu hosp,3,2024-11-02,02,quantile,0.75,8.485630658933564
2024-10-12,wk inc flu hosp,3,2024-11-02,02,quantile,0.8,9.682776696983135
2024-10-12,wk inc flu hosp,3,2024-11-02,02,quantile,0.85,11.62376963089378
2024-10-12,wk inc flu hosp,3,2024-11-02,02,quantile,0.9,14.08717075235948
2024-10-12,wk inc flu hosp,3,2024-11-02,02,quantile,0.95,21.39015538967426
2024-10-12,wk inc flu hosp,3,2024-11-02,02,quantile,0.975,32.76808264344026
2024-10-12,wk inc flu hosp,3,2024-11-02,02,quantile,0.99,41.195462541193706
2024-10-12,wk inc flu hosp,0,2024-10-12,04,quantile,0.01,0.0
2024-10-12,wk inc flu hosp,0,2024-10-12,04,quantile,0.025,0.0
2024-10-12,wk inc flu hosp,0,2024-10-12,04,quantile,0.05,0.0
2024-10-12,wk inc flu hosp,0,2024-10-12,04,quantile,0.1,0.0
2024-10-12,wk inc flu hosp,0,2024-10-12,04,quantile,0.15,10.544810435324763
2024-10-12,wk inc flu hosp,0,2024-10-12,04,quantile,0.2,17.758113149471313
2024-10-12,wk inc flu hosp,0,2024-10-12,04,quantile,0.25,22.58226563089401
2024-10-12,wk inc flu hosp,0,2024-10-12,04,quantile,0.3,26.92807199814209
2024-10-12,wk inc flu hosp,0,2024-10-12,04,quantile,0.35,32.66649065050953
2024-10-12,wk inc flu hosp,0,2024-10-12,04,quantile,0.4,35.549206591525895
2024-10-12,wk inc flu hosp,0,2024-10-12,04,quantile,0.45,37.74935466758073
2024-10-12,wk inc flu hosp,0,2024-10-12,04,quantile,0.5,43.61391230139853
2024-10-12,wk inc flu hosp,0,2024-10-12,04,quantile,0.55,46.55252916386376
2024-10-12,wk inc flu hosp,0,2024-10-12,04,quantile,0.6,49.935215830597734
2024-10-12,wk inc flu hosp,0,2024-10-12,04,quantile,0.65,55.49524473919201
2024-10-12,wk inc flu hosp,0,2024-10-12,04,quantile,0.7,59.65664240680443
2024-10-12,wk inc flu hosp,0,2024-10-12,04,quantile,0.75,60.58594341703187
2024-10-12,wk inc flu hosp,0,2024-10-12,04,quantile,0.8,70.5475476958631
2024-10-12,wk inc flu hosp,0,2024-10-12,04,quantile,0.85,84.05018260000884
2024-10-12,wk inc flu hosp,0,2024-10-12,04,quantile,0.9,90.56528681802786
2024-10-12,wk inc flu hosp,0,2024-10-12,04,quantile,0.95,135.76307322134977
2024-10-12,wk inc flu hosp,0,2024-10-12,04,quantile,0.975,157.49697320937406
2024-10-12,wk inc flu hosp,0,2024-10-12,04,quantile,0.99,187.5854235973134
2024-10-12,wk inc flu hosp,1,2024-10-19,04,quantile,0.01,0.0
2024-10-12,wk inc flu hosp,1,2024-10-19,04,quantile,0.025,0.0
2024-10-12,wk inc flu hosp,1,2024-10-19,04,quantile,0.05,0.0
2024-10-12,wk inc flu hosp,1,2024-10-19,04,quantile,0.1,5.229335857562318
2024-10-12,wk inc flu hosp,1,2024-10-19,04,quantile,0.15,15.38981099866167
2024-10-12,wk inc flu hosp,1,2024-10-19,04,quantile,0.2,22.507645340574015
2024-10-12,wk inc flu hosp,1,2024-10-19,04,quantile,0.25,28.664166830185348
2024-10-12,wk inc flu hosp,1,2024-10-19,04,quantile,0.3,32.57864690054082
2024-10-12,wk inc flu hosp,1,2024-10-19,04,quantile,0.35,37.497568000245806
2024-10-12,wk inc flu hosp,1,2024-10-19,04,quantile,0.4,41.13490458110919
2024-10-12,wk inc flu hosp,1,2024-10-19,04,quantile,0.45,45.18311713476315
2024-10-12,wk inc flu hosp,1,2024-10-19,04,quantile,0.5,49.665833500571836
2024-10-12,wk inc flu hosp,1,2024-10-19,04,quantile,0.55,55.02983162121138
2024-10-12,wk inc flu hosp,1,2024-10-19,04,quantile,0.6,60.87212363646451
2024-10-12,wk inc flu hosp,1,2024-10-19,04,quantile,0.65,67.70642876044413
2024-10-12,wk inc flu hosp,1,2024-10-19,04,quantile,0.7,73.31403663097636
2024-10-12,wk inc flu hosp,1,2024-10-19,04,quantile,0.75,80.96698061185067
2024-10-12,wk inc flu hosp,1,2024-10-19,04,quantile,0.8,86.97602067790457
2024-10-12,wk inc flu hosp,1,2024-10-19,04,quantile,0.85,96.94414745878336
2024-10-12,wk inc flu hosp,1,2024-10-19,04,quantile,0.9,118.17892827258044
2024-10-12,wk inc flu hosp,1,2024-10-19,04,quantile,0.95,156.78125160332186
2024-10-12,wk inc flu hosp,1,2024-10-19,04,quantile,0.975,178.42744722654902
2024-10-12,wk inc flu hosp,1,2024-10-19,04,quantile,0.99,199.53482711315053
2024-10-12,wk inc flu hosp,2,2024-10-26,04,quantile,0.01,0.0
2024-10-12,wk inc flu hosp,2,2024-10-26,04,quantile,0.025,0.0
2024-10-12,wk inc flu hosp,2,2024-10-26,04,quantile,0.05,0.0
2024-10-12,wk inc flu hosp,2,2024-10-26,04,quantile,0.1,6.616308940382697
2024-10-12,wk inc flu hosp,2,2024-10-26,04,quantile,0.15,16.30806143827085
2024-10-12,wk inc flu hosp,2,2024-10-26,04,quantile,0.2,26.319034134161786
2024-10-12,wk inc flu hosp,2,2024-10-26,04,quantile,0.25,31.93204960520423
2024-10-12,wk inc flu hosp,2,2024-10-26,04,quantile,0.3,35.73107120809253
2024-10-12,wk inc flu hosp,2,2024-10-26,04,quantile,0.35,41.23483661923202
2024-10-12,wk inc flu hosp,2,2024-10-26,04,quantile,0.4,46.7753248364575
2024-10-12,wk inc flu hosp,2,2024-10-26,04,quantile,0.45,51.90143219990679
2024-10-12,wk inc flu hosp,2,2024-10-26,04,quantile,0.5,57.156402621638684
2024-10-12,wk inc flu hosp,2,2024-10-26,04,quantile,0.55,63.0487056508338
2024-10-12,wk inc flu hosp,2,2024-10-26,04,quantile,0.6,69.40583791995232
2024-10-12,wk inc flu hosp,2,2024-10-26,04,quantile,0.65,74.87275005321389
2024-10-12,wk inc flu hosp,2,2024-10-26,04,quantile,0.7,81.05666213296536
2024-10-12,wk inc flu hosp,2,2024-10-26,04,quantile,0.75,90.8162084928113
2024-10-12,wk inc flu hosp,2,2024-10-26,04,quantile,0.8,101.05070489414963
2024-10-12,wk inc flu hosp,2,2024-10-26,04,quantile,0.85,116.57208714432058
2024-10-12,wk inc flu hosp,2,2024-10-26,04,quantile,0.9,140.08671425922532
2024-10-12,wk inc flu hosp,2,2024-10-26,04,quantile,0.95,169.5683879291671
2024-10-12,wk inc flu hosp,2,2024-10-26,04,quantile,0.975,190.83786971961604
2024-10-12,wk inc flu hosp,2,2024-10-26,04,quantile,0.99,220.80994151550968
2024-10-12,wk inc flu hosp,3,2024-11-02,04,quantile,0.01,0.0
2024-10-12,wk inc flu hosp,3,2024-11-02,04,quantile,0.025,0.0
2024-10-12,wk inc flu hosp,3,2024-11-02,04,quantile,0.05,12.843163095800431
2024-10-12,wk inc flu hosp,3,2024-11-02,04,quantile,0.1,31.725036552909764
2024-10-12,wk inc flu hosp,3,2024-11-02,04,quantile,0.15,42.637860134445404
2024-10-12,wk inc flu hosp,3,2024-11-02,04,quantile,0.2,50.09574972379163
2024-10-12,wk inc flu hosp,3,2024-11-02,04,quantile,0.25,56.465275451773024
2024-10-12,wk inc flu hosp,3,2024-11-02,04,quantile,0.3,61.707719941503214
2024-10-12,wk inc flu hosp,3,2024-11-02,04,quantile,0.35,66.44348599748895
2024-10-12,wk inc flu hosp,3,2024-11-02,04,quantile,0.4,71.88197975210622
2024-10-12,wk inc flu hosp,3,2024-11-02,04,quantile,0.45,76.82391384644463
2024-10-12,wk inc flu hosp,3,2024-11-02,04,quantile,0.5,82.45100166038432
2024-10-12,wk inc flu hosp,3,2024-11-02,04,quantile,0.55,86.93828695953685
2024-10-12,wk inc flu hosp,3,2024-11-02,04,quantile,0.6,93.92119867349068
2024-10-12,wk inc flu hosp,3,2024-11-02,04,quantile,0.65,99.5953941011247
2024-10-12,wk inc flu hosp,3,2024-11-02,04,quantile,0.7,107.83186479469073
2024-10-12,wk inc flu hosp,3,2024-11-02,04,quantile,0.75,115.64892050050966
2024-10-12,wk inc flu hosp,3,2024-11-02,04,quantile,0.8,129.46691217335191
2024-10-12,wk inc flu hosp,3,2024-11-02,04,quantile,0.85,148.32640163523783
2024-10-12,wk inc flu hosp,3,2024-11-02,04,quantile,0.9,176.11322097200494
2024-10-12,wk inc flu hosp,3,2024-11-02,04,quantile,0.95,207.85644487624495
2024-10-12,wk inc flu hosp,3,2024-11-02,04,quantile,0.975,226.64876902842238
2024-10-12,wk inc flu hosp,3,2024-11-02,04,quantile,0.99,271.3489773116245
2024-10-12,wk inc flu hosp,0,2024-10-12,05,quantile,0.01,0.0
2024-10-12,wk inc flu hosp,0,2024-10-12,05,quantile,0.025,0.16847769527035522
2024-10-12,wk inc flu hosp,0,2024-10-12,05,quantile,0.05,3.4503781859704854
2024-10-12,wk inc flu hosp,0,2024-10-12,05,quantile,0.1,8.650180519227074
2024-10-12,wk inc flu hosp,0,2024-10-12,05,quantile,0.15,12.064218598381466
2024-10-12,wk inc flu hosp,0,2024-10-12,05,quantile,0.2,13.009697661989756
2024-10-12,wk inc flu hosp,0,2024-10-12,05,quantile,0.25,14.202943773782255
2024-10-12,wk inc flu hosp,0,2024-10-12,05,quantile,0.3,15.62604251820008
2024-10-12,wk inc flu hosp,0,2024-10-12,05,quantile,0.35,19.186721715359038
2024-10-12,wk inc flu hosp,0,2024-10-12,05,quantile,0.4,21.84686757293139
2024-10-12,wk inc flu hosp,0,2024-10-12,05,quantile,0.45,23.540275164697427
2024-10-12,wk inc flu hosp,0,2024-10-12,05,quantile,0.5,26.448268389753082
2024-10-12,wk inc flu hosp,0,2024-10-12,05,quantile,0.55,27.602003219057025
2024-10-12,wk inc flu hosp,0,2024-10-12,05,quantile,0.6,28.852392313885517
2024-10-12,wk inc flu hosp,0,2024-10-12,05,quantile,0.65,30.975325985155493
2024-10-12,wk inc flu hosp,0,2024-10-12,05,quantile,0.7,46.948401015592815
2024-10-12,wk inc flu hosp,0,2024-10-12,05,quantile,0.75,49.44899851287984
2024-10-12,wk inc flu hosp,0,2024-10-12,05,quantile,0.8,51.678791454202994
2024-10-12,wk inc flu hosp,0,2024-10-12,05,quantile,0.85,55.8744410441344
2024-10-12,wk inc flu hosp,0,2024-10-12,05,quantile,0.9,59.33212445785216
2024-10-12,wk inc flu hosp,0,2024-10-12,05,quantile,0.95,89.23568656149267
2024-10-12,wk inc flu hosp,0,2024-10-12,05,quantile,0.975,141.91069425698217
2024-10-12,wk inc flu hosp,0,2024-10-12,05,quantile,0.99,151.55748058735918
2024-10-12,wk inc flu hosp,1,2024-10-19,05,quantile,0.01,0.0
2024-10-12,wk inc flu hosp,1,2024-10-19,05,quantile,0.025,3.0913557903063973
2024-10-12,wk inc flu hosp,1,2024-10-19,05,quantile,0.05,5.8315443250888155
2024-10-12,wk inc flu hosp,1,2024-10-19,05,quantile,0.1,10.044515408790636
2024-10-12,wk inc flu hosp,1,2024-10-19,05,quantile,0.15,13.887717380945627
2024-10-12,wk inc flu hosp,1,2024-10-19,05,quantile,0.2,15.639938587269341
2024-10-12,wk inc flu hosp,1,2024-10-19,05,quantile,0.25,16.853577004951365
2024-10-12,wk inc flu hosp,1,2024-10-19,05,quantile,0.3,18.918663830335753
2024-10-12,wk inc flu hosp,1,2024-10-19,05,quantile,0.35,22.65536423003063
2024-10-12,wk inc flu hosp,1,2024-10-19,05,quantile,0.4,25.379315636265613
2024-10-12,wk inc flu hosp,1,2024-10-19,05,quantile,0.45,28.085516003267742
2024-10-12,wk inc flu hosp,1,2024-10-19,05,quantile,0.5,30.008306129600385
2024-10-12,wk inc flu hosp,1,2024-10-19,05,quantile,0.55,30.848953164800378
2024-10-12,wk inc flu hosp,1,2024-10-19,05,quantile,0.6,31.794398223115085
2024-10-12,wk inc flu hosp,1,2024-10-19,05,quantile,0.65,33.01679122160384
2024-10-12,wk inc flu hosp,1,2024-10-19,05,quantile,0.7,38.19853586765362
2024-10-12,wk inc flu hosp,1,2024-10-19,05,quantile,0.75,51.14753468626851
2024-10-12,wk inc flu hosp,1,2024-10-19,05,quantile,0.8,54.015430009281395
2024-10-12,wk inc flu hosp,1,2024-10-19,05,quantile,0.85,57.93396525173308
2024-10-12,wk inc flu hosp,1,2024-10-19,05,quantile,0.9,64.19810977969283
2024-10-12,wk inc flu hosp,1,2024-10-19,05,quantile,0.95,85.95010743767037
2024-10-12,wk inc flu hosp,1,2024-10-19,05,quantile,0.975,147.0145616334173
2024-10-12,wk inc flu hosp,1,2024-10-19,05,quantile,0.99,160.08654409452316
2024-10-12,wk inc flu hosp,2,2024-10-26,05,quantile,0.01,0.0
2024-10-12,wk inc flu hosp,2,2024-10-26,05,quantile,0.025,6.299737885246279
2024-10-12,wk inc flu hosp,2,2024-10-26,05,quantile,0.05,10.009936429979438
2024-10-12,wk inc flu hosp,2,2024-10-26,05,quantile,0.1,14.620210121648302
2024-10-12,wk inc flu hosp,2,2024-10-26,05,quantile,0.15,17.474446170196885
2024-10-12,wk inc flu hosp,2,2024-10-26,05,quantile,0.2,18.673968321026504
2024-10-12,wk inc flu hosp,2,2024-10-26,05,quantile,0.25,20.027223737460474
2024-10-12,wk inc flu hosp,2,2024-10-26,05,quantile,0.3,21.717867647083363
2024-10-12,wk inc flu hosp,2,2024-10-26,05,quantile,0.35,25.35037755316377
2024-10-12,wk inc flu hosp,2,2024-10-26,05,quantile,0.4,27.625474366601352
2024-10-12,wk inc flu hosp,2,2024-10-26,05,quantile,0.45,30.59339930568237
2024-10-12,wk inc flu hosp,2,2024-10-26,05,quantile,0.5,32.9561788521374
2024-10-12,wk inc flu hosp,2,2024-10-26,05,quantile,0.55,34.266178687408676
2024-10-12,wk inc flu hosp,2,2024-10-26,05,quantile,0.6,35.207976401820204
2024-10-12,wk inc flu hosp,2,2024-10-26,05,quantile,0.65,36.98058434696768
2024-10-12,wk inc flu hosp,2,2024-10-26,05,quantile,0.7,47.76314758775769
2024-10-12,wk inc flu hosp,2,2024-10-26,05,quantile,0.75,54.72107508196529
2024-10-12,wk inc flu hosp,2,2024-10-26,05,quantile,0.8,57.2452247768706
2024-10-12,wk inc flu hosp,2,2024-10-26,05,quantile,0.85,65.68001687359812
2024-10-12,wk inc flu hosp,2,2024-10-26,05,quantile,0.9,72.25891704884967
2024-10-12,wk inc flu hosp,2,2024-10-26,05,quantile,0.95,105.74354920072342
2024-10-12,wk inc flu hosp,2,2024-10-26,05,quantile,0.975,159.53967165731382
2024-10-12,wk inc flu hosp,2,2024-10-26,05,quantile,0.99,175.011941544014
2024-10-12,wk inc flu hosp,3,2024-11-02,05,quantile,0.01,0.0
2024-10-12,wk inc flu hosp,3,2024-11-02,05,quantile,0.025,9.049390992538276
2024-10-12,wk inc flu hosp,3,2024-11-02,05,quantile,0.05,11.702892268489391
2024-10-12,wk inc flu hosp,3,2024-11-02,05,quantile,0.1,16.13436082528278
2024-10-12,wk inc flu hosp,3,2024-11-02,05,quantile,0.15,19.4361878139773
2024-10-12,wk inc flu hosp,3,2024-11-02,05,quantile,0.2,21.04661658992506
2024-10-12,wk inc flu hosp,3,2024-11-02,05,quantile,0.25,22.807362498276444
2024-10-12,wk inc flu hosp,3,2024-11-02,05,quantile,0.3,27.300588923206035
2024-10-12,wk inc flu hosp,3,2024-11-02,05,quantile,0.35,31.213090420065306
2024-10-12,wk inc flu hosp,3,2024-11-02,05,quantile,0.4,34.63039038653347
2024-10-12,wk inc flu hosp,3,2024-11-02,05,quantile,0.45,38.183516973173276
2024-10-12,wk inc flu hosp,3,2024-11-02,05,quantile,0.5,40.79259809588878
2024-10-12,wk inc flu hosp,3,2024-11-02,05,quantile,0.55,42.04303745688878
2024-10-12,wk inc flu hosp,3,2024-11-02,05,quantile,0.6,43.60558510027917
2024-10-12,wk inc flu hosp,3,2024-11-02,05,quantile,0.65,49.08708702985264
2024-10-12,wk inc flu hosp,3,2024-11-02,05,quantile,0.7,59.77207891907624
2024-10-12,wk inc flu hosp,3,2024-11-02,05,quantile,0.75,61.237760829076414
2024-10-12,wk inc flu hosp,3,2024-11-02,05,quantile,0.8,64.11318582192294
2024-10-12,wk inc flu hosp,3,2024-11-02,05,quantile,0.85,72.27463416847043
2024-10-12,wk inc flu hosp,3,2024-11-02,05,quantile,0.9,77.9950308606623
2024-10-12,wk inc flu hosp,3,2024-11-02,05,quantile,0.95,104.14959362890167
2024-10-12,wk inc flu hosp,3,2024-11-02,05,quantile,0.975,169.08943279322807
2024-10-12,wk inc flu hosp,3,2024-11-02,05,quantile,0.99,182.14508225444868
2024-10-12,wk inc flu hosp,0,2024-10-12,06,quantile,0.01,0.0
2024-10-12,wk inc flu hosp,0,2024-10-12,06,quantile,0.025,11.309360042579742
2024-10-12,wk inc flu hosp,0,2024-10-12,06,quantile,0.05,53.33984840363748
2024-10-12,wk inc flu hosp,0,2024-10-12,06,quantile,0.1,55.90859067044865
2024-10-12,wk inc flu hosp,0,2024-10-12,06,quantile,0.15,59.15948789330933
2024-10-12,wk inc flu hosp,0,2024-10-12,06,quantile,0.2,103.19816000827605
2024-10-12,wk inc flu hosp,0,2024-10-12,06,quantile,0.25,129.26260602870724
2024-10-12,wk inc flu hosp,0,2024-10-12,06,quantile,0.3,143.34134311720362
2024-10-12,wk inc flu hosp,0,2024-10-12,06,quantile,0.35,153.22817161098928
2024-10-12,wk inc flu hosp,0,2024-10-12,06,quantile,0.4,166.80762093125114
2024-10-12,wk inc flu hosp,0,2024-10-12,06,quantile,0.45,180.18115137862955
2024-10-12,wk inc flu hosp,0,2024-10-12,06,quantile,0.5,193.18331348466543
2024-10-12,wk inc flu hosp,0,2024-10-12,06,quantile,0.55,205.00360621885085
2024-10-12,wk inc flu hosp,0,2024-10-12,06,quantile,0.6,246.3026588285039
2024-10-12,wk inc flu hosp,0,2024-10-12,06,quantile,0.65,265.4819966001579
2024-10-12,wk inc flu hosp,0,2024-10-12,06,quantile,0.7,284.60678659207105
2024-10-12,wk inc flu hosp,0,2024-10-12,06,quantile,0.75,346.52610492441664
2024-10-12,wk inc flu hosp,0,2024-10-12,06,quantile,0.8,369.5581886766874
2024-10-12,wk inc flu hosp,0,2024-10-12,06,quantile,0.85,436.44971334186556
2024-10-12,wk inc flu hosp,0,2024-10-12,06,quantile,0.9,531.9505027167974
2024-10-12,wk inc flu hosp,0,2024-10-12,06,quantile,0.95,683.6933655951581
2024-10-12,wk inc flu hosp,0,2024-10-12,06,quantile,0.975,937.8227371311086
2024-10-12,wk inc flu hosp,0,2024-10-12,06,quantile,0.99,1277.9924516936073
2024-10-12,wk inc flu hosp,1,2024-10-19,06,quantile,0.01,0.0
2024-10-12,wk inc flu hosp,1,2024-10-19,06,quantile,0.025,12.136246125184494
2024-10-12,wk inc flu hosp,1,2024-10-19,06,quantile,0.05,54.27159868264352
2024-10-12,wk inc flu hosp,1,2024-10-19,06,quantile,0.1,68.30782828789762
2024-10-12,wk inc flu hosp,1,2024-10-19,06,quantile,0.15,73.47389563084596
2024-10-12,wk inc flu hosp,1,2024-10-19,06,quantile,0.2,108.82757093870187
2024-10-12,wk inc flu hosp,1,2024-10-19,06,quantile,0.25,128.11883589540264
2024-10-12,wk inc flu hosp,1,2024-10-19,06,quantile,0.3,163.75651120638548
2024-10-12,wk inc flu hosp,1,2024-10-19,06,quantile,0.35,175.11577852793127
2024-10-12,wk inc flu hosp,1,2024-10-19,06,quantile,0.4,185.21593240303494
2024-10-12,wk inc flu hosp,1,2024-10-19,06,quantile,0.45,197.70516153666554
2024-10-12,wk inc flu hosp,1,2024-10-19,06,quantile,0.5,203.45495128310165
2024-10-12,wk inc flu hosp,1,2024-10-19,06,quantile,0.55,219.96031340941204
2024-10-12,wk inc flu hosp,1,2024-10-19,06,quantile,0.6,265.72335650563434
2024-10-12,wk inc flu hosp,1,2024-10-19,06,quantile,0.65,271.5392119536809
2024-10-12,wk inc flu hosp,1,2024-10-19,06,quantile,0.7,319.70665274906946
2024-10-12,wk inc flu hosp,1,2024-10-19,06,quantile,0.75,383.5427137107765
2024-10-12,wk inc flu hosp,1,2024-10-19,06,quantile,0.8,402.8068048827998
2024-10-12,wk inc flu hosp,1,2024-10-19,06,quantile,0.85,470.23599389428733
2024-10-12,wk inc flu hosp,1,2024-10-19,06,quantile,0.9,569.8150339061989
2024-10-12,wk inc flu hosp,1,2024-10-19,06,quantile,0.95,697.739914513291
2024-10-12,wk inc flu hosp,1,2024-10-19,06,quantile,0.975,940.0899038204398
2024-10-12,wk inc flu hosp,1,2024-10-19,06,quantile,0.99,1265.5901425906538
2024-10-12,wk inc flu hosp,2,2024-10-26,06,quantile,0.01,0.0
2024-10-12,wk inc flu hosp,2,2024-10-26,06,quantile,0.025,30.11480909419287
2024-10-12,wk inc flu hosp,2,2024-10-26,06,quantile,0.05,71.97721118349097
2024-10-12,wk inc flu hosp,2,2024-10-26,06,quantile,0.1,83.50550630877616
2024-10-12,wk inc flu hosp,2,2024-10-26,06,quantile,0.15,96.16448258615068
2024-10-12,wk inc flu hosp,2,2024-10-26,06,quantile,0.2,126.86068808638156
2024-10-12,wk inc flu hosp,2,2024-10-26,06,quantile,0.25,154.05291256781163
2024-10-12,wk inc flu hosp,2,2024-10-26,06,quantile,0.3,188.67914988175633
2024-10-12,wk inc flu hosp,2,2024-10-26,06,quantile,0.35,196.52829357911588
2024-10-12,wk inc flu hosp,2,2024-10-26,06,quantile,0.4,203.82488976228
2024-10-12,wk inc flu hosp,2,2024-10-26,06,quantile,0.45,209.47253600483782
2024-10-12,wk inc flu hosp,2,2024-10-26,06,quantile,0.5,211.97837110702648
2024-10-12,wk inc flu hosp,2,2024-10-26,06,quantile,0.55,231.18363670952067
2024-10-12,wk inc flu hosp,2,2024-10-26,06,quantile,0.6,270.9341662771599
2024-10-12,wk inc flu hosp,2,2024-10-26,06,quantile,0.65,293.4065407417156
2024-10-12,wk inc flu hosp,2,2024-10-26,06,quantile,0.7,360.7829666034835
2024-10-12,wk inc flu hosp,2,2024-10-26,06,quantile,0.75,435.30259768356393
2024-10-12,wk inc flu hosp,2,2024-10-26,06,quantile,0.8,441.39156895711926
2024-10-12,wk inc flu hosp,2,2024-10-26,06,quantile,0.85,494.31736249233774
2024-10-12,wk inc flu hosp,2,2024-10-26,06,quantile,0.9,603.8959276970203
2024-10-12,wk inc flu hosp,2,2024-10-26,06,quantile,0.95,709.9624355651017
2024-10-12,wk inc flu hosp,2,2024-10-26,06,quantile,0.975,936.0885001712606
2024-10-12,wk inc flu hosp,2,2024-10-26,06,quantile,0.99,1266.051282071511
2024-10-12,wk inc flu hosp,3,2024-11-02,06,quantile,0.01,0.0
2024-10-12,wk inc flu hosp,3,2024-11-02,06,quantile,0.025,70.51899107423516
2024-10-12,wk inc flu hosp,3,2024-11-02,06,quantile,0.05,137.60899115845513
2024-10-12,wk inc flu hosp,3,2024-11-02,06,quantile,0.1,167.97204534736971
2024-10-12,wk inc flu hosp,3,2024-11-02,06,quantile,0.15,184.52708165718383
2024-10-12,wk inc flu hosp,3,2024-11-02,06,quantile,0.2,210.37304003576082
2024-10-12,wk inc flu hosp,3,2024-11-02,06,quantile,0.25,254.1176077115089
2024-10-12,wk inc flu hosp,3,2024-11-02,06,quantile,0.3,280.0069402603191
2024-10-12,wk inc flu hosp,3,2024-11-02,06,quantile,0.35,298.71494254023406
2024-10-12,wk inc flu hosp,3,2024-11-02,06,quantile,0.4,321.13011820264666
2024-10-12,wk inc flu hosp,3,2024-11-02,06,quantile,0.45,337.6656493321255
2024-10-12,wk inc flu hosp,3,2024-11-02,06,quantile,0.5,368.0076220539198
2024-10-12,wk inc flu hosp,3,2024-11-02,06,quantile,0.55,377.72717354973776
2024-10-12,wk inc flu hosp,3,2024-11-02,06,quantile,0.6,443.700922956759
2024-10-12,wk inc flu hosp,3,2024-11-02,06,quantile,0.65,458.2764229487065
2024-10-12,wk inc flu hosp,3,2024-11-02,06,quantile,0.7,481.3235188442175
2024-10-12,wk inc flu hosp,3,2024-11-02,06,quantile,0.75,548.842191180667
2024-10-12,wk inc flu hosp,3,2024-11-02,06,quantile,0.8,562.3728223704712
2024-10-12,wk inc flu hosp,3,2024-11-02,06,quantile,0.85,684.6455780258785
2024-10-12,wk inc flu hosp,3,2024-11-02,06,quantile,0.9,811.2188468959665
2024-10-12,wk inc flu hosp,3,2024-11-02,06,quantile,0.95,958.6448087898876
2024-10-12,wk inc flu hosp,3,2024-11-02,06,quantile,0.975,1248.3479314351166
2024-10-12,wk inc flu hosp,3,2024-11-02,06,quantile,0.99,1406.8404069249555
2024-10-12,wk inc flu hosp,0,2024-10-12,08,quantile,0.01,0.0
2024-10-12,wk inc flu hosp,0,2024-10-12,08,quantile,0.025,0.0
2024-10-12,wk inc flu hosp,0,2024-10-12,08,quantile,0.05,0.0
2024-10-12,wk inc flu hosp,0,2024-10-12,08,quantile,0.1,0.0
2024-10-12,wk inc flu hosp,0,2024-10-12,08,quantile,0.15,0.0
2024-10-12,wk inc flu hosp,0,2024-10-12,08,quantile,0.2,0.0
2024-10-12,wk inc flu hosp,0,2024-10-12,08,quantile,0.25,1.341667765507056
2024-10-12,wk inc flu hosp,0,2024-10-12,08,quantile,0.3,2.055081830155082
2024-10-12,wk inc flu hosp,0,2024-10-12,08,quantile,0.35,3.7970781009117625
2024-10-12,wk inc flu hosp,0,2024-10-12,08,quantile,0.4,5.769408309271211
2024-10-12,wk inc flu hosp,0,2024-10-12,08,quantile,0.45,7.214837097959093
2024-10-12,wk inc flu hosp,0,2024-10-12,08,quantile,0.5,9.385252136905802
2024-10-12,wk inc flu hosp,0,2024-10-12,08,quantile,0.55,10.785897537008683
2024-10-12,wk inc flu hosp,0,2024-10-12,08,quantile,0.6,11.897050501528284
2024-10-12,wk inc flu hosp,0,2024-10-12,08,quantile,0.65,14.558452501453832
2024-10-12,wk inc flu hosp,0,2024-10-12,08,quantile,0.7,15.715878587618711
2024-10-12,wk inc flu hosp,0,2024-10-12,08,quantile,0.75,18.42608952325478
2024-10-12,wk inc flu hosp,0,2024-10-12,08,quantile,0.8,22.349447994108974
2024-10-12,wk inc flu hosp,0,2024-10-12,08,quantile,0.85,23.156641571650148
2024-10-12,wk inc flu hosp,0,2024-10-12,08,quantile,0.9,27.668579940735185
2024-10-12,wk inc flu hosp,0,2024-10-12,08,quantile,0.95,40.873333474905166
2024-10-12,wk inc flu hosp,0,2024-10-12,08,quantile,0.975,42.819002799353655
2024-10-12,wk inc flu hosp,0,2024-10-12,08,quantile,0.99,55.905079921514016
2024-10-12,wk inc flu hosp,1,2024-10-19,08,quantile,0.01,0.0
2024-10-12,wk inc flu hosp,1,2024-10-19,08,quantile,0.025,0.0
2024-10-12,wk inc flu hosp,1,2024-10-19,08,quantile,0.05,0.0
2024-10-12,wk inc flu hosp,1,2024-10-19,08,quantile,0.1,0.0
2024-10-12,wk inc flu hosp,1,2024-10-19,08,quantile,0.15,0.0
2024-10-12,wk inc flu hosp,1,2024-10-19,08,quantile,0.2,0.0
2024-10-12,wk inc flu hosp,1,2024-10-19,08,quantile,0.25,1.2490912806043641
2024-10-12,wk inc flu hosp,1,2024-10-19,08,quantile,0.3,3.1599588292367224
2024-10-12,wk inc flu hosp,1,2024-10-19,08,quantile,0.35,4.900858984610228
2024-10-12,wk inc flu hosp,1,2024-10-19,08,quantile,0.4,6.824946263815222
2024-10-12,wk inc flu hosp,1,2024-10-19,08,quantile,0.45,8.837694179775507
2024-10-12,wk inc flu hosp,1,2024-10-19,08,quantile,0.5,10.565715702198128
2024-10-12,wk inc flu hosp,1,2024-10-19,08,quantile,0.55,12.1122679374736
2024-10-12,wk inc flu hosp,1,2024-10-19,08,quantile,0.6,13.815462086941183
2024-10-12,wk inc flu hosp,1,2024-10-19,08,quantile,0.65,15.709589003485416
2024-10-12,wk inc flu hosp,1,2024-10-19,08,quantile,0.7,18.027322802310756
2024-10-12,wk inc flu hosp,1,2024-10-19,08,quantile,0.75,20.898937815564704
2024-10-12,wk inc flu hosp,1,2024-10-19,08,quantile,0.8,23.23126801531633
2024-10-12,wk inc flu hosp,1,2024-10-19,08,quantile,0.85,26.276278105598937
2024-10-12,wk inc flu hosp,1,2024-10-19,08,quantile,0.9,31.46387630473964
2024-10-12,wk inc flu hosp,1,2024-10-19,08,quantile,0.95,42.911696154830764
2024-10-12,wk inc flu hosp,1,2024-10-19,08,quantile,0.975,48.997699835623784
2024-10-12,wk inc flu hosp,1,2024-10-19,08,quantile,0.99,58.216625196052625
2024-10-12,wk inc flu hosp,2,2024-10-26,08,quantile,0.01,0.0
2024-10-12,wk inc flu hosp,2,2024-10-26,08,quantile,0.025,0.0
2024-10-12,wk inc flu hosp,2,2024-10-26,08,quantile,0.05,0.0
2024-10-12,wk inc flu hosp,2,2024-10-26,08,quantile,0.1,0.0
2024-10-12,wk inc flu hosp,2,2024-10-26,08,quantile,0.15,0.0
2024-10-12,wk inc flu hosp,2,2024-10-26,08,quantile,0.2,1.6798670818548214
2024-10-12,wk inc flu hosp,2,2024-10-26,08,quantile,0.25,3.7126484548241736
2024-10-12,wk inc flu hosp,2,2024-10-26,08,quantile,0.3,5.263840531837722
2024-10-12,wk inc flu hosp,2,2024-10-26,08,quantile,0.35,6.947665325699934
2024-10-12,wk inc flu hosp,2,2024-10-26,08,quantile,0.4,8.82835970905685
2024-10-12,wk inc flu hosp,2,2024-10-26,08,quantile,0.45,10.805404857246906
2024-10-12,wk inc flu hosp,2,2024-10-26,08,quantile,0.5,12.247936365317322
2024-10-12,wk inc flu hosp,2,2024-10-26,08,quantile,0.55,14.042842704551818
2024-10-12,wk inc flu hosp,2,2024-10-26,08,quantile,0.6,15.829437793418558
2024-10-12,wk inc flu hosp,2,2024-10-26,08,quantile,0.65,17.688196399382058
2024-10-12,wk inc flu hosp,2,2024-10-26,08,quantile,0.7,20.564031008366992
2024-10-12,wk inc flu hosp,2,2024-10-26,08,quantile,0.75,22.902451681399306
2024-10-12,wk inc flu hosp,2,2024-10-26,08,quantile,0.8,25.312685846951034
2024-10-12,wk inc flu hosp,2,2024-10-26,08,quantile,0.85,28.954735996843333
2024-10-12,wk inc flu hosp,2,2024-10-26,08,quantile,0.9,35.728088713178174
2024-10-12,wk inc flu hosp,2,2024-10-26,08,quantile,0.95,46.01440545788355
2024-10-12,wk inc flu hosp,2,2024-10-26,08,quantile,0.975,53.10911660325939
2024-10-12,wk inc flu hosp,2,2024-10-26,08,quantile,0.99,60.741309976683155
2024-10-12,wk inc flu hosp,3,2024-11-02,08,quantile,0.01,0.0
2024-10-12,wk inc flu hosp,3,2024-11-02,08,quantile,0.025,0.0
2024-10-12,wk inc flu hosp,3,2024-11-02,08,quantile,0.05,0.0
2024-10-12,wk inc flu hosp,3,2024-11-02,08,quantile,0.1,0.0
2024-10-12,wk inc flu hosp,3,2024-11-02,08,quantile,0.15,2.5297275676152498
2024-10-12,wk inc flu hosp,3,2024-11-02,08,quantile,0.2,5.450928155114602
2024-10-12,wk inc flu hosp,3,2024-11-02,08,quantile,0.25,6.942256145070266
2024-10-12,wk inc flu hosp,3,2024-11-02,08,quantile,0.3,9.302312452801976
2024-10-12,wk inc flu hosp,3,2024-11-02,08,quantile,0.35,10.969929168246683
2024-10-12,wk inc flu hosp,3,2024-11-02,08,quantile,0.4,12.486929265579462
2024-10-12,wk inc flu hosp,3,2024-11-02,08,quantile,0.45,14.086587452833788
2024-10-12,wk inc flu hosp,3,2024-11-02,08,quantile,0.5,15.883681629602133
2024-10-12,wk inc flu hosp,3,2024-11-02,08,quantile,0.55,18.122158344656167
2024-10-12,wk inc flu hosp,3,2024-11-02,08,quantile,0.6,19.434747223624058
2024-10-12,wk inc flu hosp,3,2024-11-02,08,quantile,0.65,21.040227714867495
2024-10-12,wk inc flu hosp,3,2024-11-02,08,quantile,0.7,22.66101675293864
2024-10-12,wk inc flu hosp,3,2024-11-02,08,quantile,0.75,24.667197402410775
2024-10-12,wk inc flu hosp,3,2024-11-02,08,quantile,0.8,28.126309684824207
2024-10-12,wk inc flu hosp,3,2024-11-02,08,quantile,0.85,32.804851201831205
2024-10-12,wk inc flu hosp,3,2024-11-02,08,quantile,0.9,42.25690684218274
2024-10-12,wk inc flu hosp,3,2024-11-02,08,quantile,0.95,56.44987838769774
2024-10-12,wk inc flu hosp,3,2024-11-02,08,quantile,0.975,61.18394555182806
2024-10-12,wk inc flu hosp,3,2024-11-02,08,quantile,0.99,70.33139570495595
2024-10-12,wk inc flu hosp,0,2024-10-12,09,quantile,0.01,0.0
2024-10-12,wk inc flu hosp,0,2024-10-12,09,quantile,0.025,0.0
2024-10-12,wk inc flu hosp,0,2024-10-12,09,quantile,0.05,0.0
2024-10-12,wk inc flu hosp,0,2024-10-12,09,quantile,0.1,0.0
2024-10-12,wk inc flu hosp,0,2024-10-12,09,quantile,0.15,0.0
2024-10-12,wk inc flu hosp,0,2024-10-12,09,quantile,0.2,0.0
2024-10-12,wk inc flu hosp,0,2024-10-12,09,quantile,0.25,0.0
2024-10-12,wk inc flu hosp,0,2024-10-12,09,quantile,0.3,0.5022906995977385
2024-10-12,wk inc flu hosp,0,2024-10-12,09,quantile,0.35,1.1873534182580499
2024-10-12,wk inc flu hosp,0,2024-10-12,09,quantile,0.4,1.7942180387957476
2024-10-12,wk inc flu hosp,0,2024-10-12,09,quantile,0.45,2.007079040068727
2024-10-12,wk inc flu hosp,0,2024-10-12,09,quantile,0.5,3.6452758751403067
2024-10-12,wk inc flu hosp,0,2024-10-12,09,quantile,0.55,6.966884934856128
2024-10-12,wk inc flu hosp,0,2024-10-12,09,quantile,0.6,10.210870675914382
2024-10-12,wk inc flu hosp,0,2024-10-12,09,quantile,0.65,14.001282782952613
2024-10-12,wk inc flu hosp,0,2024-10-12,09,quantile,0.7,15.284766885439536
2024-10-12,wk inc flu hosp,0,2024-10-12,09,quantile,0.75,16.58537217649603
2024-10-12,wk inc flu hosp,0,2024-10-12,09,quantile,0.8,20.531326282974753
2024-10-12,wk inc flu hosp,0,2024-10-12,09,quantile,0.85,30.486155008334727
2024-10-12,wk inc flu hosp,0,2024-10-12,09,quantile,0.9,36.472044271691345
2024-10-12,wk inc flu hosp,0,2024-10-12,09,quantile,0.95,48.15119638811997
2024-10-12,wk inc flu hosp,0,2024-10-12,09,quantile,0.975,51.15084396912743
2024-10-12,wk inc flu hosp,0,2024-10-12,09,quantile,0.99,76.53495259338686
2024-10-12,wk inc flu hosp,1,2024-10-19,09,quantile,0.01,0.0
2024-10-12,wk inc flu hosp,1,2024-10-19,09,quantile,0.025,0.0
2024-10-12,wk inc flu hosp,1,2024-10-19,09,quantile,0.05,0.0
2024-10-12,wk inc flu hosp,1,2024-10-19,09,quantile,0.1,0.0
2024-10-12,wk inc flu hosp,1,2024-10-19,09,quantile,0.15,0.0
2024-10-12,wk inc flu hosp,1,2024-10-19,09,quantile,0.2,0.0
2024-10-12,wk inc flu hosp,1,2024-10-19,09,quantile,0.25,0.0
2024-10-12,wk inc flu hosp,1,2024-10-19,09,quantile,0.3,1.2393802325909091
2024-10-12,wk inc flu hosp,1,2024-10-19,09,quantile,0.35,2.85561907921352
2024-10-12,wk inc flu hosp,1,2024-10-19,09,quantile,0.4,4.891266209441134
2024-10-12,wk inc flu hosp,1,2024-10-19,09,quantile,0.45,7.764521963529195
2024-10-12,wk inc flu hosp,1,2024-10-19,09,quantile,0.5,11.010178887996682
2024-10-12,wk inc flu hosp,1,2024-10-19,09,quantile,0.55,13.128386829654746
2024-10-12,wk inc flu hosp,1,2024-10-19,09,quantile,0.6,14.899675075121015
2024-10-12,wk inc flu hosp,1,2024-10-19,09,quantile,0.65,16.73890520973142
2024-10-12,wk inc flu hosp,1,2024-10-19,09,quantile,0.7,19.315247358588618
2024-10-12,wk inc flu hosp,1,2024-10-19,09,quantile,0.75,22.906107271729415
2024-10-12,wk inc flu hosp,1,2024-10-19,09,quantile,0.8,30.289884061425187
2024-10-12,wk inc flu hosp,1,2024-10-19,09,quantile,0.85,35.46291723988998
2024-10-12,wk inc flu hosp,1,2024-10-19,09,quantile,0.9,41.65761474174087
2024-10-12,wk inc flu hosp,1,2024-10-19,09,quantile,0.95,50.6399562103592
2024-10-12,wk inc flu hosp,1,2024-10-19,09,quantile,0.975,64.1722978730138
2024-10-12,wk inc flu hosp,1,2024-10-19,09,quantile,0.99,75.51381780272631
2024-10-12,wk inc flu hosp,2,2024-10-26,09,quantile,0.01,0.0
2024-10-12,wk inc flu hosp,2,2024-10-26,09,quantile,0.025,0.0
2024-10-12,wk inc flu hosp,2,2024-10-26,09,quantile,0.05,0.0
2024-10-12,wk inc flu hosp,2,2024-10-26,09,quantile,0.1,0.0
2024-10-12,wk inc flu hosp,2,2024-10-26,09,quantile,0.15,0.0
2024-10-12,wk inc flu hosp,2,2024-10-26,09,quantile,0.2,0.0
2024-10-12,wk inc flu hosp,2,2024-10-26,09,quantile,0.25,1.0413141863748003
2024-10-12,wk inc flu hosp,2,2024-10-26,09,quantile,0.3,3.5712314387447113
2024-10-12,wk inc flu hosp,2,2024-10-26,09,quantile,0.35,5.496842568288554
2024-10-12,wk inc flu hosp,2,2024-10-26,09,quantile,0.4,7.277320425540125
2024-10-12,wk inc flu hosp,2,2024-10-26,09,quantile,0.45,9.849852751999286
2024-10-12,wk inc flu hosp,2,2024-10-26,09,quantile,0.5,12.637601686896993
2024-10-12,wk inc flu hosp,2,2024-10-26,09,quantile,0.55,15.384937345467858
2024-10-12,wk inc flu hosp,2,2024-10-26,09,quantile,0.6,18.102237094999673
2024-10-12,wk inc flu hosp,2,2024-10-26,09,quantile,0.65,21.650280154373483
2024-10-12,wk inc flu hosp,2,2024-10-26,09,quantile,0.7,25.534705514860512
2024-10-12,wk inc flu hosp,2,2024-10-26,09,quantile,0.75,30.82941419048986
2024-10-12,wk inc flu hosp,2,2024-10-26,09,quantile,0.8,35.7619188051452
2024-10-12,wk inc flu hosp,2,2024-10-26,09,quantile,0.85,40.64577560758632
2024-10-12,wk inc flu hosp,2,2024-10-26,09,quantile,0.9,49.918885193441646
2024-10-12,wk inc flu hosp,2,2024-10-26,09,quantile,0.95,62.44401213477446
2024-10-12,wk inc flu hosp,2,2024-10-26,09,quantile,0.975,71.27265577959076
2024-10-12,wk inc flu hosp,2,2024-10-26,09,quantile,0.99,88.36900377571821
2024-10-12,wk inc flu hosp,3,2024-11-02,09,quantile,0.01,0.0
2024-10-12,wk inc flu hosp,3,2024-11-02,09,quantile,0.025,0.0
2024-10-12,wk inc flu hosp,3,2024-11-02,09,quantile,0.05,0.0
2024-10-12,wk inc flu hosp,3,2024-11-02,09,quantile,0.1,0.0
2024-10-12,wk inc flu hosp,3,2024-11-02,09,quantile,0.15,0.0
2024-10-12,wk inc flu hosp,3,2024-11-02,09,quantile,0.2,2.4348512461430163
2024-10-12,wk inc flu hosp,3,2024-11-02,09,quantile,0.25,4.240586930313698
2024-10-12,wk inc flu hosp,3,2024-11-02,09,quantile,0.3,7.168379006212591
2024-10-12,wk inc flu hosp,3,2024-11-02,09,quantile,0.35,9.07365852849788
2024-10-12,wk inc flu hosp,3,2024-11-02,09,quantile,0.4,11.468648117368511
2024-10-12,wk inc flu hosp,3,2024-11-02,09,quantile,0.45,14.400266466898664
2024-10-12,wk inc flu hosp,3,2024-11-02,09,quantile,0.5,17.407128949523322
2024-10-12,wk inc flu hosp,3,2024-11-02,09,quantile,0.55,20.195231919691132
2024-10-12,wk inc flu hosp,3,2024-11-02,09,quantile,0.6,24.398425980527772
2024-10-12,wk inc flu hosp,3,2024-11-02,09,quantile,0.65,28.089689964647917
2024-10-12,wk inc flu hosp,3,2024-11-02,09,quantile,0.7,31.986150447506617
2024-10-12,wk inc flu hosp,3,2024-11-02,09,quantile,0.75,34.47410554825626
2024-10-12,wk inc flu hosp,3,2024-11-02,09,quantile,0.8,38.83421754075344
2024-10-12,wk inc flu hosp,3,2024-11-02,09,quantile,0.85,46.42687663578733
2024-10-12,wk inc flu hosp,3,2024-11-02,09,quantile,0.9,54.27835830627257
2024-10-12,wk inc flu hosp,3,2024-11-02,09,quantile,0.95,67.30629684586273
2024-10-12,wk inc flu hosp,3,2024-11-02,09,quantile,0.975,83.73165016964344
2024-10-12,wk inc flu hosp,3,2024-11-02,09,quantile,0.99,94.24813578766053
2024-10-12,wk inc flu hosp,0,2024-10-12,10,quantile,0.01,0.0
2024-10-12,wk inc flu hosp,0,2024-10-12,10,quantile,0.025,0.0
2024-10-12,wk inc flu hosp,0,2024-10-12,10,quantile,0.05,0.0
2024-10-12,wk inc flu hosp,0,2024-10-12,10,quantile,0.1,0.0
2024-10-12,wk inc flu hosp,0,2024-10-12,10,quantile,0.15,0.517997711177372
2024-10-12,wk inc flu hosp,0,2024-10-12,10,quantile,0.2,1.0482866114259424
2024-10-12,wk inc flu hosp,0,2024-10-12,10,quantile,0.25,1.5047080602206118
2024-10-12,wk inc flu hosp,0,2024-10-12,10,quantile,0.3,1.7850186919342486
2024-10-12,wk inc flu hosp,0,2024-10-12,10,quantile,0.35,1.9834262149887372
2024-10-12,wk inc flu hosp,0,2024-10-12,10,quantile,0.4,2.607528378345893
2024-10-12,wk inc flu hosp,0,2024-10-12,10,quantile,0.45,2.90069042670636
2024-10-12,wk inc flu hosp,0,2024-10-12,10,quantile,0.5,3.116398731593687
2024-10-12,wk inc flu hosp,0,2024-10-12,10,quantile,0.55,3.896021096836949
2024-10-12,wk inc flu hosp,0,2024-10-12,10,quantile,0.6,4.890007672523734
2024-10-12,wk inc flu hosp,0,2024-10-12,10,quantile,0.65,5.386298068427027
2024-10-12,wk inc flu hosp,0,2024-10-12,10,quantile,0.7,5.953090910624882
2024-10-12,wk inc flu hosp,0,2024-10-12,10,quantile,0.75,7.047697863912195
2024-10-12,wk inc flu hosp,0,2024-10-12,10,quantile,0.8,7.3942737839422765
2024-10-12,wk inc flu hosp,0,2024-10-12,10,quantile,0.85,7.9606477982788455
2024-10-12,wk inc flu hosp,0,2024-10-12,10,quantile,0.9,8.708296197718102
2024-10-12,wk inc flu hosp,0,2024-10-12,10,quantile,0.95,11.418261136414893
2024-10-12,wk inc flu hosp,0,2024-10-12,10,quantile,0.975,14.11652713731525
2024-10-12,wk inc flu hosp,0,2024-10-12,10,quantile,0.99,66.88523130422011
2024-10-12,wk inc flu hosp,1,2024-10-19,10,quantile,0.01,0.0
2024-10-12,wk inc flu hosp,1,2024-10-19,10,quantile,0.025,0.0
2024-10-12,wk inc flu hosp,1,2024-10-19,10,quantile,0.05,0.0
2024-10-12,wk inc flu hosp,1,2024-10-19,10,quantile,0.1,0.6009388351969802
2024-10-12,wk inc flu hosp,1,2024-10-19,10,quantile,0.15,1.2903748631861653
2024-10-12,wk inc flu hosp,1,2024-10-19,10,quantile,0.2,1.733960281497
2024-10-12,wk inc flu hosp,1,2024-10-19,10,quantile,0.25,2.030235457336461
2024-10-12,wk inc flu hosp,1,2024-10-19,10,quantile,0.3,2.3095271761233125
2024-10-12,wk inc flu hosp,1,2024-10-19,10,quantile,0.35,2.6815647537673333
2024-10-12,wk inc flu hosp,1,2024-10-19,10,quantile,0.4,3.1584742301128714
2024-10-12,wk inc flu hosp,1,2024-10-19,10,quantile,0.45,3.601896339987344
2024-10-12,wk inc flu hosp,1,2024-10-19,10,quantile,0.5,4.416163412670709
2024-10-12,wk inc flu hosp,1,2024-10-19,10,quantile,0.55,5.177119679581584
2024-10-12,wk inc flu hosp,1,2024-10-19,10,quantile,0.6,5.942615726736866
2024-10-12,wk inc flu hosp,1,2024-10-19,10,quantile,0.65,6.654773583784946
2024-10-12,wk inc flu hosp,1,2024-10-19,10,quantile,0.7,7.33927119331274
2024-10-12,wk inc flu hosp,1,2024-10-19,10,quantile,0.75,7.933852076027993
2024-10-12,wk inc flu hosp,1,2024-10-19,10,quantile,0.8,8.932169969353088
2024-10-12,wk inc flu hosp,1,2024-10-19,10,quantile,0.85,10.342319815980636
2024-10-12,wk inc flu hosp,1,2024-10-19,10,quantile,0.9,12.1074238919729
2024-10-12,wk inc flu hosp,1,2024-10-19,10,quantile,0.95,17.14545715231484
2024-10-12,wk inc flu hosp,1,2024-10-19,10,quantile,0.975,39.545406740997144
2024-10-12,wk inc flu hosp,1,2024-10-19,10,quantile,0.99,67.29660558356835
2024-10-12,wk inc flu hosp,2,2024-10-26,10,quantile,0.01,0.0
2024-10-12,wk inc flu hosp,2,2024-10-26,10,quantile,0.025,0.0
2024-10-12,wk inc flu hosp,2,2024-10-26,10,quantile,0.05,0.0
2024-10-12,wk inc flu hosp,2,2024-10-26,10,quantile,0.1,0.7751434204527695
2024-10-12,wk inc flu hosp,2,2024-10-26,10,quantile,0.15,1.5897579838003126
2024-10-12,wk inc flu hosp,2,2024-10-26,10,quantile,0.2,2.1340894333784397
2024-10-12,wk inc flu hosp,2,2024-10-26,10,quantile,0.25,2.602673702173165
2024-10-12,wk inc flu hosp,2,2024-10-26,10,quantile,0.3,3.12743982136657
2024-10-12,wk inc flu hosp,2,2024-10-26,10,quantile,0.35,3.5701470481040376
2024-10-12,wk inc flu hosp,2,2024-10-26,10,quantile,0.4,4.155078081082482
2024-10-12,wk inc flu hosp,2,2024-10-26,10,quantile,0.45,4.629929609815063
2024-10-12,wk inc flu hosp,2,2024-10-26,10,quantile,0.5,5.386530984772075
2024-10-12,wk inc flu hosp,2,2024-10-26,10,quantile,0.55,6.177328519106955
2024-10-12,wk inc flu hosp,2,2024-10-26,10,quantile,0.6,6.949817815333105
2024-10-12,wk inc flu hosp,2,2024-10-26,10,quantile,0.65,8.107906771335038
2024-10-12,wk inc flu hosp,2,2024-10-26,10,quantile,0.7,9.004917307593232
2024-10-12,wk inc flu hosp,2,2024-10-26,10,quantile,0.75,9.745401507601601
2024-10-12,wk inc flu hosp,2,2024-10-26,10,quantile,0.8,10.723687184061268
2024-10-12,wk inc flu hosp,2,2024-10-26,10,quantile,0.85,12.633169929574676
2024-10-12,wk inc flu hosp,2,2024-10-26,10,quantile,0.9,15.782223424647018
2024-10-12,wk inc flu hosp,2,2024-10-26,10,quantile,0.95,27.645762853841354
2024-10-12,wk inc flu hosp,2,2024-10-26,10,quantile,0.975,47.24934257980928
2024-10-12,wk inc flu hosp,2,2024-10-26,10,quantile,0.99,67.53720527828195
2024-10-12,wk inc flu hosp,3,2024-11-02,10,quantile,0.01,0.0
2024-10-12,wk inc flu hosp,3,2024-11-02,10,quantile,0.025,0.0
2024-10-12,wk inc flu hosp,3,2024-11-02,10,quantile,0.05,0.0
2024-10-12,wk inc flu hosp,3,2024-11-02,10,quantile,0.1,1.5023530121636741
2024-10-12,wk inc flu hosp,3,2024-11-02,10,quantile,0.15,2.481552022749207
2024-10-12,wk inc flu hosp,3,2024-11-02,10,quantile,0.2,3.2848083501826757
2024-10-12,wk inc flu hosp,3,2024-11-02,10,quantile,0.25,3.941616304412047
2024-10-12,wk inc flu hosp,3,2024-11-02,10,quantile,0.3,4.632769820341919
2024-10-12,wk inc flu hosp,3,2024-11-02,10,quantile,0.35,5.318637046776869
2024-10-12,wk inc flu hosp,3,2024-11-02,10,quantile,0.4,6.298713258295797
2024-10-12,wk inc flu hosp,3,2024-11-02,10,quantile,0.45,6.988870461329966
2024-10-12,wk inc flu hosp,3,2024-11-02,10,quantile,0.5,7.614183767048095
2024-10-12,wk inc flu hosp,3,2024-11-02,10,quantile,0.55,8.679638071254043
2024-10-12,wk inc flu hosp,3,2024-11-02,10,quantile,0.6,9.730010562693272
2024-10-12,wk inc flu hosp,3,2024-11-02,10,quantile,0.65,10.590215410512702
2024-10-12,wk inc flu hosp,3,2024-11-02,10,quantile,0.7,11.69591794962198
2024-10-12,wk inc flu hosp,3,2024-11-02,10,quantile,0.75,13.206672267919012
2024-10-12,wk inc flu hosp,3,2024-11-02,10,quantile,0.8,14.873344629181874
2024-10-12,wk inc flu hosp,3,2024-11-02,10,quantile,0.85,17.710459466246146
2024-10-12,wk inc flu hosp,3,2024-11-02,10,quantile,0.9,22.65858322209032
2024-10-12,wk inc flu hosp,3,2024-11-02,10,quantile,0.95,47.23098881508863
2024-10-12,wk inc flu hosp,3,2024-11-02,10,quantile,0.975,61.7340800316461
2024-10-12,wk inc flu hosp,3,2024-11-02,10,quantile,0.99,71.55374438336383
2024-10-12,wk inc flu hosp,0,2024-10-12,11,quantile,0.01,0.0
2024-10-12,wk inc flu hosp,0,2024-10-12,11,quantile,0.025,0.0
2024-10-12,wk inc flu hosp,0,2024-10-12,11,quantile,0.05,0.0
2024-10-12,wk inc flu hosp,0,2024-10-12,11,quantile,0.1,1.5046564783573229
2024-10-12,wk inc flu hosp,0,2024-10-12,11,quantile,0.15,1.8110107707914798
2024-10-12,wk inc flu hosp,0,2024-10-12,11,quantile,0.2,2.2952472252018854
2024-10-12,wk inc flu hosp,0,2024-10-12,11,quantile,0.25,2.8892316353628
2024-10-12,wk inc flu hosp,0,2024-10-12,11,quantile,0.3,3.068522316164166
2024-10-12,wk inc flu hosp,0,2024-10-12,11,quantile,0.35,3.327777543671453
2024-10-12,wk inc flu hosp,0,2024-10-12,11,quantile,0.4,3.768234813578734
2024-10-12,wk inc flu hosp,0,2024-10-12,11,quantile,0.45,4.458034346032304
2024-10-12,wk inc flu hosp,0,2024-10-12,11,quantile,0.5,5.166873030863454
2024-10-12,wk inc flu hosp,0,2024-10-12,11,quantile,0.55,5.699812244010165
2024-10-12,wk inc flu hosp,0,2024-10-12,11,quantile,0.6,6.376873825069176
2024-10-12,wk inc flu hosp,0,2024-10-12,11,quantile,0.65,7.5627692179893575
2024-10-12,wk inc flu hosp,0,2024-10-12,11,quantile,0.7,8.06086645971962
2024-10-12,wk inc flu hosp,0,2024-10-12,11,quantile,0.75,8.29191527562615
2024-10-12,wk inc flu hosp,0,2024-10-12,11,quantile,0.8,9.555618245824872
2024-10-12,wk inc flu hosp,0,2024-10-12,11,quantile,0.85,11.218412621593854
2024-10-12,wk inc flu hosp,0,2024-10-12,11,quantile,0.9,11.64470025445823
2024-10-12,wk inc flu hosp,0,2024-10-12,11,quantile,0.95,18.084174466102297
2024-10-12,wk inc flu hosp,0,2024-10-12,11,quantile,0.975,29.228387526525072
2024-10-12,wk inc flu hosp,0,2024-10-12,11,quantile,0.99,34.725133749916715
2024-10-12,wk inc flu hosp,1,2024-10-19,11,quantile,0.01,0.0
2024-10-12,wk inc flu hosp,1,2024-10-19,11,quantile,0.025,0.0
2024-10-12,wk inc flu hosp,1,2024-10-19,11,quantile,0.05,0.6809103236548794
2024-10-12,wk inc flu hosp,1,2024-10-19,11,quantile,0.1,2.4835387871688432
2024-10-12,wk inc flu hosp,1,2024-10-19,11,quantile,0.15,3.229674912292552
2024-10-12,wk inc flu hosp,1,2024-10-19,11,quantile,0.2,3.914919439074985
2024-10-12,wk inc flu hosp,1,2024-10-19,11,quantile,0.25,4.348207911240618
2024-10-12,wk inc flu hosp,1,2024-10-19,11,quantile,0.3,4.913803526998162
2024-10-12,wk inc flu hosp,1,2024-10-19,11,quantile,0.35,5.511217845467655
2024-10-12,wk inc flu hosp,1,2024-10-19,11,quantile,0.4,5.941995102272019
2024-10-12,wk inc flu hosp,1,2024-10-19,11,quantile,0.45,6.564501376938337
2024-10-12,wk inc flu hosp,1,2024-10-19,11,quantile,0.5,7.160177656600757
2024-10-12,wk inc flu hosp,1,2024-10-19,11,quantile,0.55,7.8129799078369295
2024-10-12,wk inc flu hosp,1,2024-10-19,11,quantile,0.6,8.694704795299605
2024-10-12,wk inc flu hosp,1,2024-10-19,11,quantile,0.65,9.369320928757494
2024-10-12,wk inc flu hosp,1,2024-10-19,11,quantile,0.7,9.992151128512875
2024-10-12,wk inc flu hosp,1,2024-10-19,11,quantile,0.75,11.101991941681103
2024-10-12,wk inc flu hosp,1,2024-10-19,11,quantile,0.8,12.596843265320414
2024-10-12,wk inc flu hosp,1,2024-10-19,11,quantile,0.85,13.902377850464598
2024-10-12,wk inc flu hosp,1,2024-10-19,11,quantile,0.9,15.785095820075057
2024-10-12,wk inc flu hosp,1,2024-10-19,11,quantile,0.95,21.063019283257233
2024-10-12,wk inc flu hosp,1,2024-10-19,11,quantile,0.975,27.232587763441227
2024-10-12,wk inc flu hosp,1,2024-10-19,11,quantile,0.99,36.566146584264466
2024-10-12,wk inc flu hosp,2,2024-10-26,11,quantile,0.01,0.0
2024-10-12,wk inc flu hosp,2,2024-10-26,11,quantile,0.025,0.26544899306981373
2024-10-12,wk inc flu hosp,2,2024-10-26,11,quantile,0.05,1.8954500216189936
2024-10-12,wk inc flu hosp,2,2024-10-26,11,quantile,0.1,3.832267660075273
2024-10-12,wk inc flu hosp,2,2024-10-26,11,quantile,0.15,4.870114349767673
2024-10-12,wk inc flu hosp,2,2024-10-26,11,quantile,0.2,5.573978360938297
2024-10-12,wk inc flu hosp,2,2024-10-26,11,quantile,0.25,6.331795776038464
2024-10-12,wk inc flu hosp,2,2024-10-26,11,quantile,0.3,7.118479680739366
2024-10-12,wk inc flu hosp,2,2024-10-26,11,quantile,0.35,7.91748532559031
2024-10-12,wk inc flu hosp,2,2024-10-26,11,quantile,0.4,8.770762819833038
2024-10-12,wk inc flu hosp,2,2024-10-26,11,quantile,0.45,9.463618735103696
2024-10-12,wk inc flu hosp,2,2024-10-26,11,quantile,0.5,9.99034766793465
2024-10-12,wk inc flu hosp,2,2024-10-26,11,quantile,0.55,10.73063211294576
2024-10-12,wk inc flu hosp,2,2024-10-26,11,quantile,0.6,11.463280287334204
2024-10-12,wk inc flu hosp,2,2024-10-26,11,quantile,0.65,12.500474147197083
2024-10-12,wk inc flu hosp,2,2024-10-26,11,quantile,0.7,13.52858674359783
2024-10-12,wk inc flu hosp,2,2024-10-26,11,quantile,0.75,14.611690508300061
2024-10-12,wk inc flu hosp,2,2024-10-26,11,quantile,0.8,16.199073365305317
2024-10-12,wk inc flu hosp,2,2024-10-26,11,quantile,0.85,18.413698313750437
2024-10-12,wk inc flu hosp,2,2024-10-26,11,quantile,0.9,22.799219278520326
2024-10-12,wk inc flu hosp,2,2024-10-26,11,quantile,0.95,32.599045301638846
2024-10-12,wk inc flu hosp,2,2024-10-26,11,quantile,0.975,37.69338294417255
2024-10-12,wk inc flu hosp,2,2024-10-26,11,quantile,0.99,42.81253324551907
2024-10-12,wk inc flu hosp,3,2024-11-02,11,quantile,0.01,0.28113431783667914
2024-10-12,wk inc flu hosp,3,2024-11-02,11,quantile,0.025,1.698395775068352
2024-10-12,wk inc flu hosp,3,2024-11-02,11,quantile,0.05,3.781190696046431
2024-10-12,wk inc flu hosp,3,2024-11-02,11,quantile,0.1,5.640257841995691
2024-10-12,wk inc flu hosp,3,2024-11-02,11,quantile,0.15,6.676444441793168
2024-10-12,wk inc flu hosp,3,2024-11-02,11,quantile,0.2,7.556373333433864
2024-10-12,wk inc flu hosp,3,2024-11-02,11,quantile,0.25,8.43389923876319
2024-10-12,wk inc flu hosp,3,2024-11-02,11,quantile,0.3,9.194210753955588
2024-10-12,wk inc flu hosp,3,2024-11-02,11,quantile,0.35,10.20202241419989
2024-10-12,wk inc flu hosp,3,2024-11-02,11,quantile,0.4,10.857912851033477
2024-10-12,wk inc flu hosp,3,2024-11-02,11,quantile,0.45,11.864314198122381
2024-10-12,wk inc flu hosp,3,2024-11-02,11,quantile,0.5,12.726762170574421
2024-10-12,wk inc flu hosp,3,2024-11-02,11,quantile,0.55,13.742177063427977
2024-10-12,wk inc flu hosp,3,2024-11-02,11,quantile,0.6,14.667429026336585
2024-10-12,wk inc flu hosp,3,2024-11-02,11,quantile,0.65,15.97474178720244
2024-10-12,wk inc flu hosp,3,2024-11-02,11,quantile,0.7,17.250439959895328
2024-10-12,wk inc flu hosp,3,2024-11-02,11,quantile,0.75,18.802693104925083
2024-10-12,wk inc flu hosp,3,2024-11-02,11,quantile,0.8,20.822961499042403
2024-10-12,wk inc flu hosp,3,2024-11-02,11,quantile,0.85,22.96648557970461
2024-10-12,wk inc flu hosp,3,2024-11-02,11,quantile,0.9,26.58185077951969
2024-10-12,wk inc flu hosp,3,2024-11-02,11,quantile,0.95,34.32275958326915
2024-10-12,wk inc flu hosp,3,2024-11-02,11,quantile,0.975,39.221986522624036
2024-10-12,wk inc flu hosp,3,2024-11-02,11,quantile,0.99,46.71358510869172
2024-10-12,wk inc flu hosp,0,2024-10-12,12,quantile,0.01,0.0
2024-10-12,wk inc flu hosp,0,2024-10-12,12,quantile,0.025,0.0
2024-10-12,wk inc flu hosp,0,2024-10-12,12,quantile,0.05,3.4771803333108817
2024-10-12,wk inc flu hosp,0,2024-10-12,12,quantile,0.1,18.226244156033655
2024-10-12,wk inc flu hosp,0,2024-10-12,12,quantile,0.15,28.80240870422591
2024-10-12,wk inc flu hosp,0,2024-10-12,12,quantile,0.2,45.73899841036946
2024-10-12,wk inc flu hosp,0,2024-10-12,12,quantile,0.25,47.95160657834046
2024-10-12,wk inc flu hosp,0,2024-10-12,12,quantile,0.3,48.60334976225324
2024-10-12,wk inc flu hosp,0,2024-10-12,12,quantile,0.35,51.010117794816956
2024-10-12,wk inc flu hosp,0,2024-10-12,12,quantile,0.4,53.89552923371596
2024-10-12,wk inc flu hosp,0,2024-10-12,12,quantile,0.45,55.70651253151085
2024-10-12,wk inc flu hosp,0,2024-10-12,12,quantile,0.5,56.79562875408425
2024-10-12,wk inc flu hosp,0,2024-10-12,12,quantile,0.55,59.72762510355677
2024-10-12,wk inc flu hosp,0,2024-10-12,12,quantile,0.6,63.088090314745706
2024-10-12,wk inc flu hosp,0,2024-10-12,12,quantile,0.65,66.05693897123032
2024-10-12,wk inc flu hosp,0,2024-10-12,12,quantile,0.7,68.26964996676746
2024-10-12,wk inc flu hosp,0,2024-10-12,12,quantile,0.75,75.14919367067932
2024-10-12,wk inc flu hosp,0,2024-10-12,12,quantile,0.8,90.9039973556838
2024-10-12,wk inc flu hosp,0,2024-10-12,12,quantile,0.85,101.5971170392925
2024-10-12,wk inc flu hosp,0,2024-10-12,12,quantile,0.9,108.42673789742335
2024-10-12,wk inc flu hosp,0,2024-10-12,12,quantile,0.95,133.56567543738748
2024-10-12,wk inc flu hosp,0,2024-10-12,12,quantile,0.975,146.22303646263418
2024-10-12,wk inc flu hosp,0,2024-10-12,12,quantile,0.99,168.3330929588558
2024-10-12,wk inc flu hosp,1,2024-10-19,12,quantile,0.01,0.0
2024-10-12,wk inc flu hosp,1,2024-10-19,12,quantile,0.025,0.0
2024-10-12,wk inc flu hosp,1,2024-10-19,12,quantile,0.05,8.048508278726818
2024-10-12,wk inc flu hosp,1,2024-10-19,12,quantile,0.1,19.322701929236853
2024-10-12,wk inc flu hosp,1,2024-10-19,12,quantile,0.15,30.719632227506512
2024-10-12,wk inc flu hosp,1,2024-10-19,12,quantile,0.2,43.229003084202425
2024-10-12,wk inc flu hosp,1,2024-10-19,12,quantile,0.25,47.975365352240196
2024-10-12,wk inc flu hosp,1,2024-10-19,12,quantile,0.3,50.74671644792682
2024-10-12,wk inc flu hosp,1,2024-10-19,12,quantile,0.35,52.84086492404546
2024-10-12,wk inc flu hosp,1,2024-10-19,12,quantile,0.4,55.56519070157007
2024-10-12,wk inc flu hosp,1,2024-10-19,12,quantile,0.45,58.55879106804387
2024-10-12,wk inc flu hosp,1,2024-10-19,12,quantile,0.5,61.39162957833971
2024-10-12,wk inc flu hosp,1,2024-10-19,12,quantile,0.55,65.98506014213147
2024-10-12,wk inc flu hosp,1,2024-10-19,12,quantile,0.6,69.2137268182817
2024-10-12,wk inc flu hosp,1,2024-10-19,12,quantile,0.65,73.68419084667025
2024-10-12,wk inc flu hosp,1,2024-10-19,12,quantile,0.7,80.45033923764973
2024-10-12,wk inc flu hosp,1,2024-10-19,12,quantile,0.75,91.83483004556822
2024-10-12,wk inc flu hosp,1,2024-10-19,12,quantile,0.8,102.43447556205524
2024-10-12,wk inc flu hosp,1,2024-10-19,12,quantile,0.85,116.16987515873859
2024-10-12,wk inc flu hosp,1,2024-10-19,12,quantile,0.9,134.14162609932035
2024-10-12,wk inc flu hosp,1,2024-10-19,12,quantile,0.95,156.74287670576274
2024-10-12,wk inc flu hosp,1,2024-10-19,12,quantile,0.975,174.9853548862135
2024-10-12,wk inc flu hosp,1,2024-10-19,12,quantile,0.99,195.93525964185955
2024-10-12,wk inc flu hosp,2,2024-10-26,12,quantile,0.01,0.0
2024-10-12,wk inc flu hosp,2,2024-10-26,12,quantile,0.025,4.335094567175915
2024-10-12,wk inc flu hosp,2,2024-10-26,12,quantile,0.05,11.822203597142218
2024-10-12,wk inc flu hosp,2,2024-10-26,12,quantile,0.1,21.82305354999897
2024-10-12,wk inc flu hosp,2,2024-10-26,12,quantile,0.15,39.994157816513365
2024-10-12,wk inc flu hosp,2,2024-10-26,12,quantile,0.2,46.243950546636526
2024-10-12,wk inc flu hosp,2,2024-10-26,12,quantile,0.25,49.97512291311919
2024-10-12,wk inc flu hosp,2,2024-10-26,12,quantile,0.3,53.268143227796436
2024-10-12,wk inc flu hosp,2,2024-10-26,12,quantile,0.35,56.144154740829784
2024-10-12,wk inc flu hosp,2,2024-10-26,12,quantile,0.4,59.231320832289285
2024-10-12,wk inc flu hosp,2,2024-10-26,12,quantile,0.45,62.84392429495005
2024-10-12,wk inc flu hosp,2,2024-10-26,12,quantile,0.5,66.2918121413741
2024-10-12,wk inc flu hosp,2,2024-10-26,12,quantile,0.55,70.2287540604547
2024-10-12,wk inc flu hosp,2,2024-10-26,12,quantile,0.6,74.33154692275441
2024-10-12,wk inc flu hosp,2,2024-10-26,12,quantile,0.65,79.22571470455259
2024-10-12,wk inc flu hosp,2,2024-10-26,12,quantile,0.7,87.44531966255948
2024-10-12,wk inc flu hosp,2,2024-10-26,12,quantile,0.75,96.61150122436287
2024-10-12,wk inc flu hosp,2,2024-10-26,12,quantile,0.8,106.72566470448561
2024-10-12,wk inc flu hosp,2,2024-10-26,12,quantile,0.85,121.92193416720156
2024-10-12,wk inc flu hosp,2,2024-10-26,12,quantile,0.9,138.24400223093036
2024-10-12,wk inc flu hosp,2,2024-10-26,12,quantile,0.95,157.40753897029253
2024-10-12,wk inc flu hosp,2,2024-10-26,12,quantile,0.975,178.62342511888778
2024-10-12,wk inc flu hosp,2,2024-10-26,12,quantile,0.99,209.56875570373177
2024-10-12,wk inc flu hosp,3,2024-11-02,12,quantile,0.01,4.225942001812581
2024-10-12,wk inc flu hosp,3,2024-11-02,12,quantile,0.025,5.715121410127575
2024-10-12,wk inc flu hosp,3,2024-11-02,12,quantile,0.05,13.247929873966612
2024-10-12,wk inc flu hosp,3,2024-11-02,12,quantile,0.1,24.517428828372097
2024-10-12,wk inc flu hosp,3,2024-11-02,12,quantile,0.15,34.54822103722588
2024-10-12,wk inc flu hosp,3,2024-11-02,12,quantile,0.2,47.690621482469126
2024-10-12,wk inc flu hosp,3,2024-11-02,12,quantile,0.25,53.12367201809731
2024-10-12,wk inc flu hosp,3,2024-11-02,12,quantile,0.3,58.22210592162381
2024-10-12,wk inc flu hosp,3,2024-11-02,12,quantile,0.35,62.73609111743314
2024-10-12,wk inc flu hosp,3,2024-11-02,12,quantile,0.4,67.35740240875403
2024-10-12,wk inc flu hosp,3,2024-11-02,12,quantile,0.45,72.06976817082959
2024-10-12,wk inc flu hosp,3,2024-11-02,12,quantile,0.5,77.80620049599463
2024-10-12,wk inc flu hosp,3,2024-11-02,12,quantile,0.55,82.42700384184133
2024-10-12,wk inc flu hosp,3,2024-11-02,12,quantile,0.6,88.0009956795931
2024-10-12,wk inc flu hosp,3,2024-11-02,12,quantile,0.65,97.57297631904146
2024-10-12,wk inc flu hosp,3,2024-11-02,12,quantile,0.7,106.51186238474574
2024-10-12,wk inc flu hosp,3,2024-11-02,12,quantile,0.75,120.1499384502467
2024-10-12,wk inc flu hosp,3,2024-11-02,12,quantile,0.8,132.77742374204496
2024-10-12,wk inc flu hosp,3,2024-11-02,12,quantile,0.85,147.01747797540443
2024-10-12,wk inc flu hosp,3,2024-11-02,12,quantile,0.9,165.96382525761925
2024-10-12,wk inc flu hosp,3,2024-11-02,12,quantile,0.95,196.8945404518777
2024-10-12,wk inc flu hosp,3,2024-11-02,12,quantile,0.975,250.90464218886785
2024-10-12,wk inc flu hosp,3,2024-11-02,12,quantile,0.99,288.2368376503445
2024-10-12,wk inc flu hosp,0,2024-10-12,13,quantile,0.01,0.0
2024-10-12,wk inc flu hosp,0,2024-10-12,13,quantile,0.025,0.0
2024-10-12,wk inc flu hosp,0,2024-10-12,13,quantile,0.05,7.549120005082667
2024-10-12,wk inc flu hosp,0,2024-10-12,13,quantile,0.1,31.606104434007857
2024-10-12,wk inc flu hosp,0,2024-10-12,13,quantile,0.15,40.24030245230842
2024-10-12,wk inc flu hosp,0,2024-10-12,13,quantile,0.2,41.616316615614394
2024-10-12,wk inc flu hosp,0,2024-10-12,13,quantile,0.25,44.563965505924415
2024-10-12,wk inc flu hosp,0,2024-10-12,13,quantile,0.3,48.48225249333434
2024-10-12,wk inc flu hosp,0,2024-10-12,13,quantile,0.35,52.00275187155271
2024-10-12,wk inc flu hosp,0,2024-10-12,13,quantile,0.4,58.53713001990636
2024-10-12,wk inc flu hosp,0,2024-10-12,13,quantile,0.45,62.66759563289411
2024-10-12,wk inc flu hosp,0,2024-10-12,13,quantile,0.5,66.90034155055459
2024-10-12,wk inc flu hosp,0,2024-10-12,13,quantile,0.55,80.16507792067979
2024-10-12,wk inc flu hosp,0,2024-10-12,13,quantile,0.6,86.41305294233709
2024-10-12,wk inc flu hosp,0,2024-10-12,13,quantile,0.65,90.53055525761113
2024-10-12,wk inc flu hosp,0,2024-10-12,13,quantile,0.7,98.4393672953777
2024-10-12,wk inc flu hosp,0,2024-10-12,13,quantile,0.75,101.6723737400934
2024-10-12,wk inc flu hosp,0,2024-10-12,13,quantile,0.8,122.49221833506267
2024-10-12,wk inc flu hosp,0,2024-10-12,13,quantile,0.85,125.3712553238514
2024-10-12,wk inc flu hosp,0,2024-10-12,13,quantile,0.9,129.69274010026152
2024-10-12,wk inc flu hosp,0,2024-10-12,13,quantile,0.95,221.87530026826067
2024-10-12,wk inc flu hosp,0,2024-10-12,13,quantile,0.975,256.8131237668985
2024-10-12,wk inc flu hosp,0,2024-10-12,13,quantile,0.99,345.02798517314653
2024-10-12,wk inc flu hosp,1,2024-10-19,13,quantile,0.01,0.0
2024-10-12,wk inc flu hosp,1,2024-10-19,13,quantile,0.025,0.0
2024-10-12,wk inc flu hosp,1,2024-10-19,13,quantile,0.05,5.257528055253232
2024-10-12,wk inc flu hosp,1,2024-10-19,13,quantile,0.1,25.57340615656466
2024-10-12,wk inc flu hosp,1,2024-10-19,13,quantile,0.15,38.8204897132606
2024-10-12,wk inc flu hosp,1,2024-10-19,13,quantile,0.2,45.30659966417771
2024-10-12,wk inc flu hosp,1,2024-10-19,13,quantile,0.25,48.638998827596254
2024-10-12,wk inc flu hosp,1,2024-10-19,13,quantile,0.3,51.93504477184604
2024-10-12,wk inc flu hosp,1,2024-10-19,13,quantile,0.35,56.09352182631361
2024-10-12,wk inc flu hosp,1,2024-10-19,13,quantile,0.4,59.77294141339268
2024-10-12,wk inc flu hosp,1,2024-10-19,13,quantile,0.45,66.86886213086706
2024-10-12,wk inc flu hosp,1,2024-10-19,13,quantile,0.5,72.75693421789292
2024-10-12,wk inc flu hosp,1,2024-10-19,13,quantile,0.55,85.48390123133098
2024-10-12,wk inc flu hosp,1,2024-10-19,13,quantile,0.6,91.73398292081639
2024-10-12,wk inc flu hosp,1,2024-10-19,13,quantile,0.65,94.0704973903477
2024-10-12,wk inc flu hosp,1,2024-10-19,13,quantile,0.7,99.18039996901764
2024-10-12,wk inc flu hosp,1,2024-10-19,13,quantile,0.75,104.97153884425877
2024-10-12,wk inc flu hosp,1,2024-10-19,13,quantile,0.8,124.8407249458124
2024-10-12,wk inc flu hosp,1,2024-10-19,13,quantile,0.85,131.38517175653882
2024-10-12,wk inc flu hosp,1,2024-10-19,13,quantile,0.9,154.34891122600212
2024-10-12,wk inc flu hosp,1,2024-10-19,13,quantile,0.95,228.64486053679147
2024-10-12,wk inc flu hosp,1,2024-10-19,13,quantile,0.975,264.7231945587412
2024-10-12,wk inc flu hosp,1,2024-10-19,13,quantile,0.99,352.933936524252
2024-10-12,wk inc flu hosp,2,2024-10-26,13,quantile,0.01,0.0
2024-10-12,wk inc flu hosp,2,2024-10-26,13,quantile,0.025,0.0
2024-10-12,wk inc flu hosp,2,2024-10-26,13,quantile,0.05,4.078513912691708
2024-10-12,wk inc flu hosp,2,2024-10-26,13,quantile,0.1,31.673275674906503
2024-10-12,wk inc flu hosp,2,2024-10-26,13,quantile,0.15,45.328947277146305
2024-10-12,wk inc flu hosp,2,2024-10-26,13,quantile,0.2,49.026824080942546
2024-10-12,wk inc flu hosp,2,2024-10-26,13,quantile,0.25,51.67460946905673
2024-10-12,wk inc flu hosp,2,2024-10-26,13,quantile,0.3,54.86590363057592
2024-10-12,wk inc flu hosp,2,2024-10-26,13,quantile,0.35,59.028380483704176
2024-10-12,wk inc flu hosp,2,2024-10-26,13,quantile,0.4,64.58599633179186
2024-10-12,wk inc flu hosp,2,2024-10-26,13,quantile,0.45,70.67203230142924
2024-10-12,wk inc flu hosp,2,2024-10-26,13,quantile,0.5,79.81889006036661
2024-10-12,wk inc flu hosp,2,2024-10-26,13,quantile,0.55,89.75881794793959
2024-10-12,wk inc flu hosp,2,2024-10-26,13,quantile,0.6,95.04472802982757
2024-10-12,wk inc flu hosp,2,2024-10-26,13,quantile,0.65,99.95247161271197
2024-10-12,wk inc flu hosp,2,2024-10-26,13,quantile,0.7,106.50862110103826
2024-10-12,wk inc flu hosp,2,2024-10-26,13,quantile,0.75,113.07186302846985
2024-10-12,wk inc flu hosp,2,2024-10-26,13,quantile,0.8,129.1246219757728
2024-10-12,wk inc flu hosp,2,2024-10-26,13,quantile,0.85,136.3408179747415
2024-10-12,wk inc flu hosp,2,2024-10-26,13,quantile,0.9,158.03223219147293
2024-10-12,wk inc flu hosp,2,2024-10-26,13,quantile,0.95,237.00354840541428
2024-10-12,wk inc flu hosp,2,2024-10-26,13,quantile,0.975,302.29527105608133
2024-10-12,wk inc flu hosp,2,2024-10-26,13,quantile,0.99,358.82060666585727
2024-10-12,wk inc flu hosp,3,2024-11-02,13,quantile,0.01,1.1590658652634949
2024-10-12,wk inc flu hosp,3,2024-11-02,13,quantile,0.025,25.834926705127756
2024-10-12,wk inc flu hosp,3,2024-11-02,13,quantile,0.05,40.636527782838186
2024-10-12,wk inc flu hosp,3,2024-11-02,13,quantile,0.1,54.935589493904395
2024-10-12,wk inc flu hosp,3,2024-11-02,13,quantile,0.15,63.212769532637125
2024-10-12,wk inc flu hosp,3,2024-11-02,13,quantile,0.2,69.69417030828674
2024-10-12,wk inc flu hosp,3,2024-11-02,13,quantile,0.25,73.65461092477369
2024-10-12,wk inc flu hosp,3,2024-11-02,13,quantile,0.3,80.18196536223427
2024-10-12,wk inc flu hosp,3,2024-11-02,13,quantile,0.35,90.01804967285682
2024-10-12,wk inc flu hosp,3,2024-11-02,13,quantile,0.4,95.3834312385512
2024-10-12,wk inc flu hosp,3,2024-11-02,13,quantile,0.45,99.91826175317827
2024-10-12,wk inc flu hosp,3,2024-11-02,13,quantile,0.5,106.2703108409828
2024-10-12,wk inc flu hosp,3,2024-11-02,13,quantile,0.55,112.73963360586374
2024-10-12,wk inc flu hosp,3,2024-11-02,13,quantile,0.6,117.78423285714206
2024-10-12,wk inc flu hosp,3,2024-11-02,13,quantile,0.65,122.11874790342718
2024-10-12,wk inc flu hosp,3,2024-11-02,13,quantile,0.7,140.54300668974255
2024-10-12,wk inc flu hosp,3,2024-11-02,13,quantile,0.75,147.7723351260178
2024-10-12,wk inc flu hosp,3,2024-11-02,13,quantile,0.8,159.97072983474072
2024-10-12,wk inc flu hosp,3,2024-11-02,13,quantile,0.85,166.32648272174447
2024-10-12,wk inc flu hosp,3,2024-11-02,13,quantile,0.9,179.25202534475935
2024-10-12,wk inc flu hosp,3,2024-11-02,13,quantile,0.95,319.4598156043872
2024-10-12,wk inc flu hosp,3,2024-11-02,13,quantile,0.975,360.7480200952141
2024-10-12,wk inc flu hosp,3,2024-11-02,13,quantile,0.99,451.97066450745785
2024-10-12,wk inc flu hosp,0,2024-10-12,15,quantile,0.01,0.0
2024-10-12,wk inc flu hosp,0,2024-10-12,15,quantile,0.025,0.0
2024-10-12,wk inc flu hosp,0,2024-10-12,15,quantile,0.05,0.0
2024-10-12,wk inc flu hosp,0,2024-10-12,15,quantile,0.1,0.0
2024-10-12,wk inc flu hosp,0,2024-10-12,15,quantile,0.15,0.0
2024-10-12,wk inc flu hosp,0,2024-10-12,15,quantile,0.2,0.31943261885804525
2024-10-12,wk inc flu hosp,0,2024-10-12,15,quantile,0.25,0.9906109797887634
2024-10-12,wk inc flu hosp,0,2024-10-12,15,quantile,0.3,1.6017685766294132
2024-10-12,wk inc flu hosp,0,2024-10-12,15,quantile,0.35,2.7344444392066043
2024-10-12,wk inc flu hosp,0,2024-10-12,15,quantile,0.4,3.118574447382112
2024-10-12,wk inc flu hosp,0,2024-10-12,15,quantile,0.45,3.558958463571173
2024-10-12,wk inc flu hosp,0,2024-10-12,15,quantile,0.5,4.055823235502572
2024-10-12,wk inc flu hosp,0,2024-10-12,15,quantile,0.55,4.407457288933374
2024-10-12,wk inc flu hosp,0,2024-10-12,15,quantile,0.6,4.834787740614442
2024-10-12,wk inc flu hosp,0,2024-10-12,15,quantile,0.65,5.235044696743811
2024-10-12,wk inc flu hosp,0,2024-10-12,15,quantile,0.7,6.1769282788817765
2024-10-12,wk inc flu hosp,0,2024-10-12,15,quantile,0.75,6.488082266573848
2024-10-12,wk inc flu hosp,0,2024-10-12,15,quantile,0.8,7.011355391787453
2024-10-12,wk inc flu hosp,0,2024-10-12,15,quantile,0.85,7.089584022731627
2024-10-12,wk inc flu hosp,0,2024-10-12,15,quantile,0.9,10.001599034981474
2024-10-12,wk inc flu hosp,0,2024-10-12,15,quantile,0.95,13.144359380274064
2024-10-12,wk inc flu hosp,0,2024-10-12,15,quantile,0.975,15.05976527330803
2024-10-12,wk inc flu hosp,0,2024-10-12,15,quantile,0.99,31.603779151772223
2024-10-12,wk inc flu hosp,1,2024-10-19,15,quantile,0.01,0.0
2024-10-12,wk inc flu hosp,1,2024-10-19,15,quantile,0.025,0.0
2024-10-12,wk inc flu hosp,1,2024-10-19,15,quantile,0.05,0.0
2024-10-12,wk inc flu hosp,1,2024-10-19,15,quantile,0.1,0.0
2024-10-12,wk inc flu hosp,1,2024-10-19,15,quantile,0.15,0.0
2024-10-12,wk inc flu hosp,1,2024-10-19,15,quantile,0.2,0.8494771334502457
2024-10-12,wk inc flu hosp,1,2024-10-19,15,quantile,0.25,1.8894017810512413
2024-10-12,wk inc flu hosp,1,2024-10-19,15,quantile,0.3,2.571287094516028
2024-10-12,wk inc flu hosp,1,2024-10-19,15,quantile,0.35,3.244644318624798
2024-10-12,wk inc flu hosp,1,2024-10-19,15,quantile,0.4,4.007542807963541
2024-10-12,wk inc flu hosp,1,2024-10-19,15,quantile,0.45,4.5662820981357655
2024-10-12,wk inc flu hosp,1,2024-10-19,15,quantile,0.5,5.017884561126234
2024-10-12,wk inc flu hosp,1,2024-10-19,15,quantile,0.55,5.511507538774669
2024-10-12,wk inc flu hosp,1,2024-10-19,15,quantile,0.6,5.866979930715379
2024-10-12,wk inc flu hosp,1,2024-10-19,15,quantile,0.65,6.288302208845508
2024-10-12,wk inc flu hosp,1,2024-10-19,15,quantile,0.7,7.14624223057283
2024-10-12,wk inc flu hosp,1,2024-10-19,15,quantile,0.75,7.767985460589866
2024-10-12,wk inc flu hosp,1,2024-10-19,15,quantile,0.8,8.644133347913522
2024-10-12,wk inc flu hosp,1,2024-10-19,15,quantile,0.85,9.953886470490714
2024-10-12,wk inc flu hosp,1,2024-10-19,15,quantile,0.9,12.899189993599839
2024-10-12,wk inc flu hosp,1,2024-10-19,15,quantile,0.95,15.87830278097819
2024-10-12,wk inc flu hosp,1,2024-10-19,15,quantile,0.975,19.208772148485817
2024-10-12,wk inc flu hosp,1,2024-10-19,15,quantile,0.99,29.98692471805322
2024-10-12,wk inc flu hosp,2,2024-10-26,15,quantile,0.01,0.0
2024-10-12,wk inc flu hosp,2,2024-10-26,15,quantile,0.025,0.0
2024-10-12,wk inc flu hosp,2,2024-10-26,15,quantile,0.05,0.0
2024-10-12,wk inc flu hosp,2,2024-10-26,15,quantile,0.1,0.0
2024-10-12,wk inc flu hosp,2,2024-10-26,15,quantile,0.15,0.0
2024-10-12,wk inc flu hosp,2,2024-10-26,15,quantile,0.2,0.8539893767446023
2024-10-12,wk inc flu hosp,2,2024-10-26,15,quantile,0.25,1.6581608569480806
2024-10-12,wk inc flu hosp,2,2024-10-26,15,quantile,0.3,2.520581530765372
2024-10-12,wk inc flu hosp,2,2024-10-26,15,quantile,0.35,3.3891737807314386
2024-10-12,wk inc flu hosp,2,2024-10-26,15,quantile,0.4,3.950322863534768
2024-10-12,wk inc flu hosp,2,2024-10-26,15,quantile,0.45,4.655417044053525
2024-10-12,wk inc flu hosp,2,2024-10-26,15,quantile,0.5,5.252725790549716
2024-10-12,wk inc flu hosp,2,2024-10-26,15,quantile,0.55,5.825019359803501
2024-10-12,wk inc flu hosp,2,2024-10-26,15,quantile,0.6,6.293342643901256
2024-10-12,wk inc flu hosp,2,2024-10-26,15,quantile,0.65,7.081678916894602
2024-10-12,wk inc flu hosp,2,2024-10-26,15,quantile,0.7,7.937715782748425
2024-10-12,wk inc flu hosp,2,2024-10-26,15,quantile,0.75,8.922992981736796
2024-10-12,wk inc flu hosp,2,2024-10-26,15,quantile,0.8,10.162308709535322
2024-10-12,wk inc flu hosp,2,2024-10-26,15,quantile,0.85,11.569698922529959
2024-10-12,wk inc flu hosp,2,2024-10-26,15,quantile,0.9,13.9545119584466
2024-10-12,wk inc flu hosp,2,2024-10-26,15,quantile,0.95,16.934562843402507
2024-10-12,wk inc flu hosp,2,2024-10-26,15,quantile,0.975,22.06958615397362
2024-10-12,wk inc flu hosp,2,2024-10-26,15,quantile,0.99,33.15486663158497
2024-10-12,wk inc flu hosp,3,2024-11-02,15,quantile,0.01,0.0
2024-10-12,wk inc flu hosp,3,2024-11-02,15,quantile,0.025,0.0
2024-10-12,wk inc flu hosp,3,2024-11-02,15,quantile,0.05,0.0
2024-10-12,wk inc flu hosp,3,2024-11-02,15,quantile,0.1,0.31584702594254893
2024-10-12,wk inc flu hosp,3,2024-11-02,15,quantile,0.15,1.956027340259196
2024-10-12,wk inc flu hosp,3,2024-11-02,15,quantile,0.2,3.3118362655656193
2024-10-12,wk inc flu hosp,3,2024-11-02,15,quantile,0.25,4.210536192682516
2024-10-12,wk inc flu hosp,3,2024-11-02,15,quantile,0.3,4.898398168243391
2024-10-12,wk inc flu hosp,3,2024-11-02,15,quantile,0.35,5.724953261455739
2024-10-12,wk inc flu hosp,3,2024-11-02,15,quantile,0.4,6.252969887566769
2024-10-12,wk inc flu hosp,3,2024-11-02,15,quantile,0.45,6.854734964228897
2024-10-12,wk inc flu hosp,3,2024-11-02,15,quantile,0.5,7.443252247071111
2024-10-12,wk inc flu hosp,3,2024-11-02,15,quantile,0.55,8.122631719966964
2024-10-12,wk inc flu hosp,3,2024-11-02,15,quantile,0.6,8.763579806008693
2024-10-12,wk inc flu hosp,3,2024-11-02,15,quantile,0.65,9.662971335813669
2024-10-12,wk inc flu hosp,3,2024-11-02,15,quantile,0.7,10.700915298049397
2024-10-12,wk inc flu hosp,3,2024-11-02,15,quantile,0.75,12.120518870170333
2024-10-12,wk inc flu hosp,3,2024-11-02,15,quantile,0.8,13.919746013620752
2024-10-12,wk inc flu hosp,3,2024-11-02,15,quantile,0.85,16.48128280098198
2024-10-12,wk inc flu hosp,3,2024-11-02,15,quantile,0.9,19.000065297135446
2024-10-12,wk inc flu hosp,3,2024-11-02,15,quantile,0.95,22.92466383502429
2024-10-12,wk inc flu hosp,3,2024-11-02,15,quantile,0.975,28.044502127538454
2024-10-12,wk inc flu hosp,3,2024-11-02,15,quantile,0.99,34.2128270587891
2024-10-12,wk inc flu hosp,0,2024-10-12,16,quantile,0.01,0.0
2024-10-12,wk inc flu hosp,0,2024-10-12,16,quantile,0.025,0.0
2024-10-12,wk inc flu hosp,0,2024-10-12,16,quantile,0.05,0.0
2024-10-12,wk inc flu hosp,0,2024-10-12,16,quantile,0.1,0.0
2024-10-12,wk inc flu hosp,0,2024-10-12,16,quantile,0.15,0.0
2024-10-12,wk inc flu hosp,0,2024-10-12,16,quantile,0.2,0.3361957915534205
2024-10-12,wk inc flu hosp,0,2024-10-12,16,quantile,0.25,2.151407485060928
2024-10-12,wk inc flu hosp,0,2024-10-12,16,quantile,0.3,3.0280743064620386
2024-10-12,wk inc flu hosp,0,2024-10-12,16,quantile,0.35,3.2562354641754667
2024-10-12,wk inc flu hosp,0,2024-10-12,16,quantile,0.4,3.449875837567863
2024-10-12,wk inc flu hosp,0,2024-10-12,16,quantile,0.45,3.7404766243708996
2024-10-12,wk inc flu hosp,0,2024-10-12,16,quantile,0.5,3.9357588052737658
2024-10-12,wk inc flu hosp,0,2024-10-12,16,quantile,0.55,4.753120883722806
2024-10-12,wk inc flu hosp,0,2024-10-12,16,quantile,0.6,7.9220649009716375
2024-10-12,wk inc flu hosp,0,2024-10-12,16,quantile,0.65,9.611871842377706
2024-10-12,wk inc flu hosp,0,2024-10-12,16,quantile,0.7,12.013385677565806
2024-10-12,wk inc flu hosp,0,2024-10-12,16,quantile,0.75,15.659570167337472
2024-10-12,wk inc flu hosp,0,2024-10-12,16,quantile,0.8,17.715189208415858
2024-10-12,wk inc flu hosp,0,2024-10-12,16,quantile,0.85,20.014286633331384
2024-10-12,wk inc flu hosp,0,2024-10-12,16,quantile,0.9,22.242169823699626
2024-10-12,wk inc flu hosp,0,2024-10-12,16,quantile,0.95,34.387639119750204
2024-10-12,wk inc flu hosp,0,2024-10-12,16,quantile,0.975,37.13097628846742
2024-10-12,wk inc flu hosp,0,2024-10-12,16,quantile,0.99,50.61834943249728
2024-10-12,wk inc flu hosp,1,2024-10-19,16,quantile,0.01,0.0
2024-10-12,wk inc flu hosp,1,2024-10-19,16,quantile,0.025,0.0
2024-10-12,wk inc flu hosp,1,2024-10-19,16,quantile,0.05,0.0
2024-10-12,wk inc flu hosp,1,2024-10-19,16,quantile,0.1,0.013457918834193776
2024-10-12,wk inc flu hosp,1,2024-10-19,16,quantile,0.15,1.1432263930169
2024-10-12,wk inc flu hosp,1,2024-10-19,16,quantile,0.2,2.5469766969340775
2024-10-12,wk inc flu hosp,1,2024-10-19,16,quantile,0.25,3.246224974753657
2024-10-12,wk inc flu hosp,1,2024-10-19,16,quantile,0.3,3.7688423013731662
2024-10-12,wk inc flu hosp,1,2024-10-19,16,quantile,0.35,4.064245531635871
2024-10-12,wk inc flu hosp,1,2024-10-19,16,quantile,0.4,4.691167933822874
2024-10-12,wk inc flu hosp,1,2024-10-19,16,quantile,0.45,5.792970990362686
2024-10-12,wk inc flu hosp,1,2024-10-19,16,quantile,0.5,7.374587621618785
2024-10-12,wk inc flu hosp,1,2024-10-19,16,quantile,0.55,8.957371659799255
2024-10-12,wk inc flu hosp,1,2024-10-19,16,quantile,0.6,10.387753163157232
2024-10-12,wk inc flu hosp,1,2024-10-19,16,quantile,0.65,12.81671530880572
2024-10-12,wk inc flu hosp,1,2024-10-19,16,quantile,0.7,15.857159598805525
2024-10-12,wk inc flu hosp,1,2024-10-19,16,quantile,0.75,18.487876075801594
2024-10-12,wk inc flu hosp,1,2024-10-19,16,quantile,0.8,20.828148130488692
2024-10-12,wk inc flu hosp,1,2024-10-19,16,quantile,0.85,22.807984237981277
2024-10-12,wk inc flu hosp,1,2024-10-19,16,quantile,0.9,29.88612304266999
2024-10-12,wk inc flu hosp,1,2024-10-19,16,quantile,0.95,37.51672007625279
2024-10-12,wk inc flu hosp,1,2024-10-19,16,quantile,0.975,48.17169063041914
2024-10-12,wk inc flu hosp,1,2024-10-19,16,quantile,0.99,53.38127201877087
2024-10-12,wk inc flu hosp,2,2024-10-26,16,quantile,0.01,0.0
2024-10-12,wk inc flu hosp,2,2024-10-26,16,quantile,0.025,0.0
2024-10-12,wk inc flu hosp,2,2024-10-26,16,quantile,0.05,0.0
2024-10-12,wk inc flu hosp,2,2024-10-26,16,quantile,0.1,0.3501489114244836
2024-10-12,wk inc flu hosp,2,2024-10-26,16,quantile,0.15,1.796695102616935
2024-10-12,wk inc flu hosp,2,2024-10-26,16,quantile,0.2,3.0816270478279972
2024-10-12,wk inc flu hosp,2,2024-10-26,16,quantile,0.25,3.805368676303694
2024-10-12,wk inc flu hosp,2,2024-10-26,16,quantile,0.3,4.544613711484935
2024-10-12,wk inc flu hosp,2,2024-10-26,16,quantile,0.35,5.3259413150835595
2024-10-12,wk inc flu hosp,2,2024-10-26,16,quantile,0.4,6.924197360268371
2024-10-12,wk inc flu hosp,2,2024-10-26,16,quantile,0.45,8.462087549296827
2024-10-12,wk inc flu hosp,2,2024-10-26,16,quantile,0.5,9.9375987429742
2024-10-12,wk inc flu hosp,2,2024-10-26,16,quantile,0.55,11.644138575846158
2024-10-12,wk inc flu hosp,2,2024-10-26,16,quantile,0.6,13.441866149007474
2024-10-12,wk inc flu hosp,2,2024-10-26,16,quantile,0.65,15.64934625842558
2024-10-12,wk inc flu hosp,2,2024-10-26,16,quantile,0.7,18.303300744761884
2024-10-12,wk inc flu hosp,2,2024-10-26,16,quantile,0.75,20.412380839477603
2024-10-12,wk inc flu hosp,2,2024-10-26,16,quantile,0.8,22.882272360835056
2024-10-12,wk inc flu hosp,2,2024-10-26,16,quantile,0.85,28.10715048934954
2024-10-12,wk inc flu hosp,2,2024-10-26,16,quantile,0.9,34.33527329952324
2024-10-12,wk inc flu hosp,2,2024-10-26,16,quantile,0.95,43.354342624241575
2024-10-12,wk inc flu hosp,2,2024-10-26,16,quantile,0.975,53.416701064046784
2024-10-12,wk inc flu hosp,2,2024-10-26,16,quantile,0.99,63.053398830988556
2024-10-12,wk inc flu hosp,3,2024-11-02,16,quantile,0.01,0.0
2024-10-12,wk inc flu hosp,3,2024-11-02,16,quantile,0.025,0.0
2024-10-12,wk inc flu hosp,3,2024-11-02,16,quantile,0.05,1.5285219648902337
2024-10-12,wk inc flu hosp,3,2024-11-02,16,quantile,0.1,3.732725517129476
2024-10-12,wk inc flu hosp,3,2024-11-02,16,quantile,0.15,5.86991900635401
2024-10-12,wk inc flu hosp,3,2024-11-02,16,quantile,0.2,6.979990200822927
2024-10-12,wk inc flu hosp,3,2024-11-02,16,quantile,0.25,8.034848142604293
2024-10-12,wk inc flu hosp,3,2024-11-02,16,quantile,0.3,9.155290031761348
2024-10-12,wk inc flu hosp,3,2024-11-02,16,quantile,0.35,10.208538470671156
2024-10-12,wk inc flu hosp,3,2024-11-02,16,quantile,0.4,12.021609087383135
2024-10-12,wk inc flu hosp,3,2024-11-02,16,quantile,0.45,13.908133878047314
2024-10-12,wk inc flu hosp,3,2024-11-02,16,quantile,0.5,15.927896903029726
2024-10-12,wk inc flu hosp,3,2024-11-02,16,quantile,0.55,18.838094222491282
2024-10-12,wk inc flu hosp,3,2024-11-02,16,quantile,0.6,22.186272472351764
2024-10-12,wk inc flu hosp,3,2024-11-02,16,quantile,0.65,25.29388744087751
2024-10-12,wk inc flu hosp,3,2024-11-02,16,quantile,0.7,27.461887982373515
2024-10-12,wk inc flu hosp,3,2024-11-02,16,quantile,0.75,30.250570418670183
2024-10-12,wk inc flu hosp,3,2024-11-02,16,quantile,0.8,35.13457255847124
2024-10-12,wk inc flu hosp,3,2024-11-02,16,quantile,0.85,42.16539923331101
2024-10-12,wk inc flu hosp,3,2024-11-02,16,quantile,0.9,50.871262747777195
2024-10-12,wk inc flu hosp,3,2024-11-02,16,quantile,0.95,69.26905647610239
2024-10-12,wk inc flu hosp,3,2024-11-02,16,quantile,0.975,76.77342510932965
2024-10-12,wk inc flu hosp,3,2024-11-02,16,quantile,0.99,93.59950881087471
2024-10-12,wk inc flu hosp,0,2024-10-12,17,quantile,0.01,0.0
2024-10-12,wk inc flu hosp,0,2024-10-12,17,quantile,0.025,0.0
2024-10-12,wk inc flu hosp,0,2024-10-12,17,quantile,0.05,0.0
2024-10-12,wk inc flu hosp,0,2024-10-12,17,quantile,0.1,0.0
2024-10-12,wk inc flu hosp,0,2024-10-12,17,quantile,0.15,5.810498493639422
2024-10-12,wk inc flu hosp,0,2024-10-12,17,quantile,0.2,16.531901070094033
2024-10-12,wk inc flu hosp,0,2024-10-12,17,quantile,0.25,20.82716359516245
2024-10-12,wk inc flu hosp,0,2024-10-12,17,quantile,0.3,25.674606202950105
2024-10-12,wk inc flu hosp,0,2024-10-12,17,quantile,0.35,28.655028574772867
2024-10-12,wk inc flu hosp,0,2024-10-12,17,quantile,0.4,31.606896690266503
2024-10-12,wk inc flu hosp,0,2024-10-12,17,quantile,0.45,39.117756003847525
2024-10-12,wk inc flu hosp,0,2024-10-12,17,quantile,0.5,40.17237156935239
2024-10-12,wk inc flu hosp,0,2024-10-12,17,quantile,0.55,41.86302948008023
2024-10-12,wk inc flu hosp,0,2024-10-12,17,quantile,0.6,42.85607886314191
2024-10-12,wk inc flu hosp,0,2024-10-12,17,quantile,0.65,44.884802217648414
2024-10-12,wk inc flu hosp,0,2024-10-12,17,quantile,0.7,56.176898529854554
2024-10-12,wk inc flu hosp,0,2024-10-12,17,quantile,0.75,57.20418198674162
2024-10-12,wk inc flu hosp,0,2024-10-12,17,quantile,0.8,59.26007460642915
2024-10-12,wk inc flu hosp,0,2024-10-12,17,quantile,0.85,66.06534386011788
2024-10-12,wk inc flu hosp,0,2024-10-12,17,quantile,0.9,71.61550118596446
2024-10-12,wk inc flu hosp,0,2024-10-12,17,quantile,0.95,97.0050284925411
2024-10-12,wk inc flu hosp,0,2024-10-12,17,quantile,0.975,114.02966769138686
2024-10-12,wk inc flu hosp,0,2024-10-12,17,quantile,0.99,132.23114929080953
2024-10-12,wk inc flu hosp,1,2024-10-19,17,quantile,0.01,0.0
2024-10-12,wk inc flu hosp,1,2024-10-19,17,quantile,0.025,0.0
2024-10-12,wk inc flu hosp,1,2024-10-19,17,quantile,0.05,0.0
2024-10-12,wk inc flu hosp,1,2024-10-19,17,quantile,0.1,10.15476743498784
2024-10-12,wk inc flu hosp,1,2024-10-19,17,quantile,0.15,18.45934753372601
2024-10-12,wk inc flu hosp,1,2024-10-19,17,quantile,0.2,28.17011992169163
2024-10-12,wk inc flu hosp,1,2024-10-19,17,quantile,0.25,34.8047785331616
2024-10-12,wk inc flu hosp,1,2024-10-19,17,quantile,0.3,39.37992323851212
2024-10-12,wk inc flu hosp,1,2024-10-19,17,quantile,0.35,45.65879102811379
2024-10-12,wk inc flu hosp,1,2024-10-19,17,quantile,0.4,50.23267915755797
2024-10-12,wk inc flu hosp,1,2024-10-19,17,quantile,0.45,54.5874189055352
2024-10-12,wk inc flu hosp,1,2024-10-19,17,quantile,0.5,58.19196440496718
2024-10-12,wk inc flu hosp,1,2024-10-19,17,quantile,0.55,60.81208746021669
2024-10-12,wk inc flu hosp,1,2024-10-19,17,quantile,0.6,63.866908112299974
2024-10-12,wk inc flu hosp,1,2024-10-19,17,quantile,0.65,68.18020054960363
2024-10-12,wk inc flu hosp,1,2024-10-19,17,quantile,0.7,74.11725167308462
2024-10-12,wk inc flu hosp,1,2024-10-19,17,quantile,0.75,78.20869862759653
2024-10-12,wk inc flu hosp,1,2024-10-19,17,quantile,0.8,83.9380893628397
2024-10-12,wk inc flu hosp,1,2024-10-19,17,quantile,0.85,90.67299264755559
2024-10-12,wk inc flu hosp,1,2024-10-19,17,quantile,0.9,101.79515280195159
2024-10-12,wk inc flu hosp,1,2024-10-19,17,quantile,0.95,127.3504253893211
2024-10-12,wk inc flu hosp,1,2024-10-19,17,quantile,0.975,149.0063499773413
2024-10-12,wk inc flu hosp,1,2024-10-19,17,quantile,0.99,170.05289584371897
2024-10-12,wk inc flu hosp,2,2024-10-26,17,quantile,0.01,0.0
2024-10-12,wk inc flu hosp,2,2024-10-26,17,quantile,0.025,0.0
2024-10-12,wk inc flu hosp,2,2024-10-26,17,quantile,0.05,4.185396503205936
2024-10-12,wk inc flu hosp,2,2024-10-26,17,quantile,0.1,19.81488107224991
2024-10-12,wk inc flu hosp,2,2024-10-26,17,quantile,0.15,30.45399357352577
2024-10-12,wk inc flu hosp,2,2024-10-26,17,quantile,0.2,39.81188682019054
2024-10-12,wk inc flu hosp,2,2024-10-26,17,quantile,0.25,46.34210205312375
2024-10-12,wk inc flu hosp,2,2024-10-26,17,quantile,0.3,52.57992385788177
2024-10-12,wk inc flu hosp,2,2024-10-26,17,quantile,0.35,58.93750060367553
2024-10-12,wk inc flu hosp,2,2024-10-26,17,quantile,0.4,65.0421514338202
2024-10-12,wk inc flu hosp,2,2024-10-26,17,quantile,0.45,69.21746181583235
2024-10-12,wk inc flu hosp,2,2024-10-26,17,quantile,0.5,73.83650101208622
2024-10-12,wk inc flu hosp,2,2024-10-26,17,quantile,0.55,78.37942894804658
2024-10-12,wk inc flu hosp,2,2024-10-26,17,quantile,0.6,83.41570628561873
2024-10-12,wk inc flu hosp,2,2024-10-26,17,quantile,0.65,88.24920760438853
2024-10-12,wk inc flu hosp,2,2024-10-26,17,quantile,0.7,94.33451324926855
2024-10-12,wk inc flu hosp,2,2024-10-26,17,quantile,0.75,100.95483021138126
2024-10-12,wk inc flu hosp,2,2024-10-26,17,quantile,0.8,108.27042917354314
2024-10-12,wk inc flu hosp,2,2024-10-26,17,quantile,0.85,118.07436884275414
2024-10-12,wk inc flu hosp,2,2024-10-26,17,quantile,0.9,133.3573986537636
2024-10-12,wk inc flu hosp,2,2024-10-26,17,quantile,0.95,161.99034188992508
2024-10-12,wk inc flu hosp,2,2024-10-26,17,quantile,0.975,180.4112023302369
2024-10-12,wk inc flu hosp,2,2024-10-26,17,quantile,0.99,198.07262732823142
2024-10-12,wk inc flu hosp,3,2024-11-02,17,quantile,0.01,0.0
2024-10-12,wk inc flu hosp,3,2024-11-02,17,quantile,0.025,8.915304203662359
2024-10-12,wk inc flu hosp,3,2024-11-02,17,quantile,0.05,27.218786751901142
2024-10-12,wk inc flu hosp,3,2024-11-02,17,quantile,0.1,45.778105125673875
2024-10-12,wk inc flu hosp,3,2024-11-02,17,quantile,0.15,58.04243983945615
2024-10-12,wk inc flu hosp,3,2024-11-02,17,quantile,0.2,67.64431264595231
2024-10-12,wk inc flu hosp,3,2024-11-02,17,quantile,0.25,75.80375945699214
2024-10-12,wk inc flu hosp,3,2024-11-02,17,quantile,0.3,83.53102279528157
2024-10-12,wk inc flu hosp,3,2024-11-02,17,quantile,0.35,91.81548499116978
2024-10-12,wk inc flu hosp,3,2024-11-02,17,quantile,0.4,97.63973563751013
2024-10-12,wk inc flu hosp,3,2024-11-02,17,quantile,0.45,103.36825079928845
2024-10-12,wk inc flu hosp,3,2024-11-02,17,quantile,0.5,112.43136067170721
2024-10-12,wk inc flu hosp,3,2024-11-02,17,quantile,0.55,118.95645028198588
2024-10-12,wk inc flu hosp,3,2024-11-02,17,quantile,0.6,124.50196576137806
2024-10-12,wk inc flu hosp,3,2024-11-02,17,quantile,0.65,131.250474876363
2024-10-12,wk inc flu hosp,3,2024-11-02,17,quantile,0.7,139.69650216545745
2024-10-12,wk inc flu hosp,3,2024-11-02,17,quantile,0.75,148.94127764533633
2024-10-12,wk inc flu hosp,3,2024-11-02,17,quantile,0.8,162.280189386147
2024-10-12,wk inc flu hosp,3,2024-11-02,17,quantile,0.85,176.84939826766933
2024-10-12,wk inc flu hosp,3,2024-11-02,17,quantile,0.9,194.77035376630508
2024-10-12,wk inc flu hosp,3,2024-11-02,17,quantile,0.95,226.0995753973315
2024-10-12,wk inc flu hosp,3,2024-11-02,17,quantile,0.975,267.2466123252557
2024-10-12,wk inc flu hosp,3,2024-11-02,17,quantile,0.99,296.2653152872218
2024-10-12,wk inc flu hosp,0,2024-10-12,18,quantile,0.01,0.0
2024-10-12,wk inc flu hosp,0,2024-10-12,18,quantile,0.025,0.0
2024-10-12,wk inc flu hosp,0,2024-10-12,18,quantile,0.05,0.0
2024-10-12,wk inc flu hosp,0,2024-10-12,18,quantile,0.1,0.0
2024-10-12,wk inc flu hosp,0,2024-10-12,18,quantile,0.15,12.427008778996235
2024-10-12,wk inc flu hosp,0,2024-10-12,18,quantile,0.2,27.634543126710966
2024-10-12,wk inc flu hosp,0,2024-10-12,18,quantile,0.25,30.007246856893378
2024-10-12,wk inc flu hosp,0,2024-10-12,18,quantile,0.3,31.257894130302272
2024-10-12,wk inc flu hosp,0,2024-10-12,18,quantile,0.35,34.0833282683259
2024-10-12,wk inc flu hosp,0,2024-10-12,18,quantile,0.4,38.40039443938068
2024-10-12,wk inc flu hosp,0,2024-10-12,18,quantile,0.45,41.986276311031745
2024-10-12,wk inc flu hosp,0,2024-10-12,18,quantile,0.5,45.39220983208371
2024-10-12,wk inc flu hosp,0,2024-10-12,18,quantile,0.55,51.19893102192034
2024-10-12,wk inc flu hosp,0,2024-10-12,18,quantile,0.6,57.22054173529186
2024-10-12,wk inc flu hosp,0,2024-10-12,18,quantile,0.65,62.5380904005579
2024-10-12,wk inc flu hosp,0,2024-10-12,18,quantile,0.7,68.27694346603965
2024-10-12,wk inc flu hosp,0,2024-10-12,18,quantile,0.75,71.7435899091453
2024-10-12,wk inc flu hosp,0,2024-10-12,18,quantile,0.8,76.70519597079117
2024-10-12,wk inc flu hosp,0,2024-10-12,18,quantile,0.85,82.11009450284675
2024-10-12,wk inc flu hosp,0,2024-10-12,18,quantile,0.9,113.4157963047923
2024-10-12,wk inc flu hosp,0,2024-10-12,18,quantile,0.95,126.4587996488766
2024-10-12,wk inc flu hosp,0,2024-10-12,18,quantile,0.975,158.79049310303216
2024-10-12,wk inc flu hosp,0,2024-10-12,18,quantile,0.99,441.78348748213483
2024-10-12,wk inc flu hosp,1,2024-10-19,18,quantile,0.01,0.0
2024-10-12,wk inc flu hosp,1,2024-10-19,18,quantile,0.025,0.0
2024-10-12,wk inc flu hosp,1,2024-10-19,18,quantile,0.05,0.0
2024-10-12,wk inc flu hosp,1,2024-10-19,18,quantile,0.1,8.41286051060187
2024-10-12,wk inc flu hosp,1,2024-10-19,18,quantile,0.15,23.374186186432038
2024-10-12,wk inc flu hosp,1,2024-10-19,18,quantile,0.2,32.73110761178388
2024-10-12,wk inc flu hosp,1,2024-10-19,18,quantile,0.25,36.896548539290734
2024-10-12,wk inc flu hosp,1,2024-10-19,18,quantile,0.3,40.363346430212225
2024-10-12,wk inc flu hosp,1,2024-10-19,18,quantile,0.35,45.224845743419216
2024-10-12,wk inc flu hosp,1,2024-10-19,18,quantile,0.4,49.50265465081851
2024-10-12,wk inc flu hosp,1,2024-10-19,18,quantile,0.45,54.68356690178456
2024-10-12,wk inc flu hosp,1,2024-10-19,18,quantile,0.5,60.42997270597469
2024-10-12,wk inc flu hosp,1,2024-10-19,18,quantile,0.55,66.31660904673053
2024-10-12,wk inc flu hosp,1,2024-10-19,18,quantile,0.6,72.1974377631683
2024-10-12,wk inc flu hosp,1,2024-10-19,18,quantile,0.65,77.80767294268571
2024-10-12,wk inc flu hosp,1,2024-10-19,18,quantile,0.7,83.11765440229152
2024-10-12,wk inc flu hosp,1,2024-10-19,18,quantile,0.75,89.77092028046332
2024-10-12,wk inc flu hosp,1,2024-10-19,18,quantile,0.8,98.38556791980828
2024-10-12,wk inc flu hosp,1,2024-10-19,18,quantile,0.85,111.29142193328008
2024-10-12,wk inc flu hosp,1,2024-10-19,18,quantile,0.9,130.830225156907
2024-10-12,wk inc flu hosp,1,2024-10-19,18,quantile,0.95,168.02246542349505
2024-10-12,wk inc flu hosp,1,2024-10-19,18,quantile,0.975,400.70468548766587
2024-10-12,wk inc flu hosp,1,2024-10-19,18,quantile,0.99,456.3441616308815
2024-10-12,wk inc flu hosp,2,2024-10-26,18,quantile,0.01,0.0
2024-10-12,wk inc flu hosp,2,2024-10-26,18,quantile,0.025,0.0
2024-10-12,wk inc flu hosp,2,2024-10-26,18,quantile,0.05,5.779993721606012
2024-10-12,wk inc flu hosp,2,2024-10-26,18,quantile,0.1,18.492128001263687
2024-10-12,wk inc flu hosp,2,2024-10-26,18,quantile,0.15,32.613956253074
2024-10-12,wk inc flu hosp,2,2024-10-26,18,quantile,0.2,40.484123469846004
2024-10-12,wk inc flu hosp,2,2024-10-26,18,quantile,0.25,46.4078671234204
2024-10-12,wk inc flu hosp,2,2024-10-26,18,quantile,0.3,51.88412200414785
2024-10-12,wk inc flu hosp,2,2024-10-26,18,quantile,0.35,58.41914374921603
2024-10-12,wk inc flu hosp,2,2024-10-26,18,quantile,0.4,64.17280906660623
2024-10-12,wk inc flu hosp,2,2024-10-26,18,quantile,0.45,69.9986133985019
2024-10-12,wk inc flu hosp,2,2024-10-26,18,quantile,0.5,77.34943651617466
2024-10-12,wk inc flu hosp,2,2024-10-26,18,quantile,0.55,82.86194484682319
2024-10-12,wk inc flu hosp,2,2024-10-26,18,quantile,0.6,88.43557289927989
2024-10-12,wk inc flu hosp,2,2024-10-26,18,quantile,0.65,95.77769418034495
2024-10-12,wk inc flu hosp,2,2024-10-26,18,quantile,0.7,104.83727823678979
2024-10-12,wk inc flu hosp,2,2024-10-26,18,quantile,0.75,112.35976984654143
2024-10-12,wk inc flu hosp,2,2024-10-26,18,quantile,0.8,127.38325566978409
2024-10-12,wk inc flu hosp,2,2024-10-26,18,quantile,0.85,144.25382130683616
2024-10-12,wk inc flu hosp,2,2024-10-26,18,quantile,0.9,168.82471104864274
2024-10-12,wk inc flu hosp,2,2024-10-26,18,quantile,0.95,327.31839521639137
2024-10-12,wk inc flu hosp,2,2024-10-26,18,quantile,0.975,470.16635560868235
2024-10-12,wk inc flu hosp,2,2024-10-26,18,quantile,0.99,585.9975024264096
2024-10-12,wk inc flu hosp,3,2024-11-02,18,quantile,0.01,1.8125755462507616
2024-10-12,wk inc flu hosp,3,2024-11-02,18,quantile,0.025,13.408867470135856
2024-10-12,wk inc flu hosp,3,2024-11-02,18,quantile,0.05,25.18452417975403
2024-10-12,wk inc flu hosp,3,2024-11-02,18,quantile,0.1,45.73270694574806
2024-10-12,wk inc flu hosp,3,2024-11-02,18,quantile,0.15,56.66385504652533
2024-10-12,wk inc flu hosp,3,2024-11-02,18,quantile,0.2,65.36935592086738
2024-10-12,wk inc flu hosp,3,2024-11-02,18,quantile,0.25,74.63420867929082
2024-10-12,wk inc flu hosp,3,2024-11-02,18,quantile,0.3,86.37272460022483
2024-10-12,wk inc flu hosp,3,2024-11-02,18,quantile,0.35,94.1232918875603
2024-10-12,wk inc flu hosp,3,2024-11-02,18,quantile,0.4,102.23300342606892
2024-10-12,wk inc flu hosp,3,2024-11-02,18,quantile,0.45,108.05434743245378
2024-10-12,wk inc flu hosp,3,2024-11-02,18,quantile,0.5,114.79558382168487
2024-10-12,wk inc flu hosp,3,2024-11-02,18,quantile,0.55,123.59527972981796
2024-10-12,wk inc flu hosp,3,2024-11-02,18,quantile,0.6,132.86386754024068
2024-10-12,wk inc flu hosp,3,2024-11-02,18,quantile,0.65,144.57955454985805
2024-10-12,wk inc flu hosp,3,2024-11-02,18,quantile,0.7,156.10323775241835
2024-10-12,wk inc flu hosp,3,2024-11-02,18,quantile,0.75,171.91186326873407
2024-10-12,wk inc flu hosp,3,2024-11-02,18,quantile,0.8,195.30311247941844
2024-10-12,wk inc flu hosp,3,2024-11-02,18,quantile,0.85,220.61145734652604
2024-10-12,wk inc flu hosp,3,2024-11-02,18,quantile,0.9,275.0303878562457
2024-10-12,wk inc flu hosp,3,2024-11-02,18,quantile,0.95,464.6486747769027
2024-10-12,wk inc flu hosp,3,2024-11-02,18,quantile,0.975,741.8939190537398
2024-10-12,wk inc flu hosp,3,2024-11-02,18,quantile,0.99,882.9743222553287
2024-10-12,wk inc flu hosp,0,2024-10-12,19,quantile,0.01,0.0
2024-10-12,wk inc flu hosp,0,2024-10-12,19,quantile,0.025,0.0
2024-10-12,wk inc flu hosp,0,2024-10-12,19,quantile,0.05,0.0
2024-10-12,wk inc flu hosp,0,2024-10-12,19,quantile,0.1,3.854667920565322
2024-10-12,wk inc flu hosp,0,2024-10-12,19,quantile,0.15,5.063581684407188
2024-10-12,wk inc flu hosp,0,2024-10-12,19,quantile,0.2,5.840856798123318
2024-10-12,wk inc flu hosp,0,2024-10-12,19,quantile,0.25,8.361415177232352
2024-10-12,wk inc flu hosp,0,2024-10-12,19,quantile,0.3,10.046076475922119
2024-10-12,wk inc flu hosp,0,2024-10-12,19,quantile,0.35,11.2317308434848
2024-10-12,wk inc flu hosp,0,2024-10-12,19,quantile,0.4,12.555358988285334
2024-10-12,wk inc flu hosp,0,2024-10-12,19,quantile,0.45,16.179531023514432
2024-10-12,wk inc flu hosp,0,2024-10-12,19,quantile,0.5,17.217035787606903
2024-10-12,wk inc flu hosp,0,2024-10-12,19,quantile,0.55,19.980376184372137
2024-10-12,wk inc flu hosp,0,2024-10-12,19,quantile,0.6,20.901858870007388
2024-10-12,wk inc flu hosp,0,2024-10-12,19,quantile,0.65,24.69556582468127
2024-10-12,wk inc flu hosp,0,2024-10-12,19,quantile,0.7,26.93210348456692
2024-10-12,wk inc flu hosp,0,2024-10-12,19,quantile,0.75,35.10877051019353
2024-10-12,wk inc flu hosp,0,2024-10-12,19,quantile,0.8,39.34798941212515
2024-10-12,wk inc flu hosp,0,2024-10-12,19,quantile,0.85,41.50602376497172
2024-10-12,wk inc flu hosp,0,2024-10-12,19,quantile,0.9,42.64105623116817
2024-10-12,wk inc flu hosp,0,2024-10-12,19,quantile,0.95,70.21052090622126
2024-10-12,wk inc flu hosp,0,2024-10-12,19,quantile,0.975,86.38925678866022
2024-10-12,wk inc flu hosp,0,2024-10-12,19,quantile,0.99,122.64784313138276
2024-10-12,wk inc flu hosp,1,2024-10-19,19,quantile,0.01,0.0
2024-10-12,wk inc flu hosp,1,2024-10-19,19,quantile,0.025,0.0
2024-10-12,wk inc flu hosp,1,2024-10-19,19,quantile,0.05,0.0
2024-10-12,wk inc flu hosp,1,2024-10-19,19,quantile,0.1,4.617895818408717
2024-10-12,wk inc flu hosp,1,2024-10-19,19,quantile,0.15,6.373259032567182
2024-10-12,wk inc flu hosp,1,2024-10-19,19,quantile,0.2,7.022596617953076
2024-10-12,wk inc flu hosp,1,2024-10-19,19,quantile,0.25,7.743738625501094
2024-10-12,wk inc flu hosp,1,2024-10-19,19,quantile,0.3,9.159874358472441
2024-10-12,wk inc flu hosp,1,2024-10-19,19,quantile,0.35,10.649993947430335
2024-10-12,wk inc flu hosp,1,2024-10-19,19,quantile,0.4,11.909447966227809
2024-10-12,wk inc flu hosp,1,2024-10-19,19,quantile,0.45,14.905640797280647
2024-10-12,wk inc flu hosp,1,2024-10-19,19,quantile,0.5,17.6215378027759
2024-10-12,wk inc flu hosp,1,2024-10-19,19,quantile,0.55,19.92401338172948
2024-10-12,wk inc flu hosp,1,2024-10-19,19,quantile,0.6,20.92649543605536
2024-10-12,wk inc flu hosp,1,2024-10-19,19,quantile,0.65,25.371699007653262
2024-10-12,wk inc flu hosp,1,2024-10-19,19,quantile,0.7,26.43264955912894
2024-10-12,wk inc flu hosp,1,2024-10-19,19,quantile,0.75,34.995680970570916
2024-10-12,wk inc flu hosp,1,2024-10-19,19,quantile,0.8,39.960884062998204
2024-10-12,wk inc flu hosp,1,2024-10-19,19,quantile,0.85,42.69823729605179
2024-10-12,wk inc flu hosp,1,2024-10-19,19,quantile,0.9,44.27501989682491
2024-10-12,wk inc flu hosp,1,2024-10-19,19,quantile,0.95,74.9708518532615
2024-10-12,wk inc flu hosp,1,2024-10-19,19,quantile,0.975,93.22742218006358
2024-10-12,wk inc flu hosp,1,2024-10-19,19,quantile,0.99,132.57469422812764
2024-10-12,wk inc flu hosp,2,2024-10-26,19,quantile,0.01,0.0
2024-10-12,wk inc flu hosp,2,2024-10-26,19,quantile,0.025,0.0
2024-10-12,wk inc flu hosp,2,2024-10-26,19,quantile,0.05,0.10963136358823837
2024-10-12,wk inc flu hosp,2,2024-10-26,19,quantile,0.1,6.821178818048779
2024-10-12,wk inc flu hosp,2,2024-10-26,19,quantile,0.15,7.586582765929944
2024-10-12,wk inc flu hosp,2,2024-10-26,19,quantile,0.2,8.254771179726847
2024-10-12,wk inc flu hosp,2,2024-10-26,19,quantile,0.25,8.83699685889209
2024-10-12,wk inc flu hosp,2,2024-10-26,19,quantile,0.3,9.689790143508871
2024-10-12,wk inc flu hosp,2,2024-10-26,19,quantile,0.35,10.789096938624706
2024-10-12,wk inc flu hosp,2,2024-10-26,19,quantile,0.4,11.963423943415071
2024-10-12,wk inc flu hosp,2,2024-10-26,19,quantile,0.45,18.091404674683165
2024-10-12,wk inc flu hosp,2,2024-10-26,19,quantile,0.5,18.805945092522684
2024-10-12,wk inc flu hosp,2,2024-10-26,19,quantile,0.55,20.197834538328067
2024-10-12,wk inc flu hosp,2,2024-10-26,19,quantile,0.6,22.272272343042225
2024-10-12,wk inc flu hosp,2,2024-10-26,19,quantile,0.65,26.001603884255932
2024-10-12,wk inc flu hosp,2,2024-10-26,19,quantile,0.7,27.600772241479905
2024-10-12,wk inc flu hosp,2,2024-10-26,19,quantile,0.75,32.07828267510423
2024-10-12,wk inc flu hosp,2,2024-10-26,19,quantile,0.8,38.76522751177871
2024-10-12,wk inc flu hosp,2,2024-10-26,19,quantile,0.85,43.217561114810636
2024-10-12,wk inc flu hosp,2,2024-10-26,19,quantile,0.9,46.00664656055713
2024-10-12,wk inc flu hosp,2,2024-10-26,19,quantile,0.95,80.35876005552987
2024-10-12,wk inc flu hosp,2,2024-10-26,19,quantile,0.975,106.27640113148956
2024-10-12,wk inc flu hosp,2,2024-10-26,19,quantile,0.99,133.6980656747239
2024-10-12,wk inc flu hosp,3,2024-11-02,19,quantile,0.01,0.0
2024-10-12,wk inc flu hosp,3,2024-11-02,19,quantile,0.025,0.0
2024-10-12,wk inc flu hosp,3,2024-11-02,19,quantile,0.05,0.9907525821674804
2024-10-12,wk inc flu hosp,3,2024-11-02,19,quantile,0.1,6.669082232741422
2024-10-12,wk inc flu hosp,3,2024-11-02,19,quantile,0.15,9.074130324756394
2024-10-12,wk inc flu hosp,3,2024-11-02,19,quantile,0.2,12.695441865808716
2024-10-12,wk inc flu hosp,3,2024-11-02,19,quantile,0.25,15.672976875919044
2024-10-12,wk inc flu hosp,3,2024-11-02,19,quantile,0.3,17.1816656051788
2024-10-12,wk inc flu hosp,3,2024-11-02,19,quantile,0.35,18.896364644276748
2024-10-12,wk inc flu hosp,3,2024-11-02,19,quantile,0.4,20.709973186852064
2024-10-12,wk inc flu hosp,3,2024-11-02,19,quantile,0.45,22.95066668753923
2024-10-12,wk inc flu hosp,3,2024-11-02,19,quantile,0.5,25.51927737580578
2024-10-12,wk inc flu hosp,3,2024-11-02,19,quantile,0.55,29.349312986268526
2024-10-12,wk inc flu hosp,3,2024-11-02,19,quantile,0.6,34.68950262452813
2024-10-12,wk inc flu hosp,3,2024-11-02,19,quantile,0.65,36.71565643609022
2024-10-12,wk inc flu hosp,3,2024-11-02,19,quantile,0.7,39.610887683424174
2024-10-12,wk inc flu hosp,3,2024-11-02,19,quantile,0.75,47.53094275584666
2024-10-12,wk inc flu hosp,3,2024-11-02,19,quantile,0.8,54.07175192851631
2024-10-12,wk inc flu hosp,3,2024-11-02,19,quantile,0.85,61.477413507015896
2024-10-12,wk inc flu hosp,3,2024-11-02,19,quantile,0.9,69.44084847522974
2024-10-12,wk inc flu hosp,3,2024-11-02,19,quantile,0.95,113.42245199372876
2024-10-12,wk inc flu hosp,3,2024-11-02,19,quantile,0.975,146.96606135951464
2024-10-12,wk inc flu hosp,3,2024-11-02,19,quantile,0.99,170.24550828796842
2024-10-12,wk inc flu hosp,0,2024-10-12,20,quantile,0.01,0.0
2024-10-12,wk inc flu hosp,0,2024-10-12,20,quantile,0.025,0.0
2024-10-12,wk inc flu hosp,0,2024-10-12,20,quantile,0.05,0.0
2024-10-12,wk inc flu hosp,0,2024-10-12,20,quantile,0.1,2.0145802087736757
2024-10-12,wk inc flu hosp,0,2024-10-12,20,quantile,0.15,4.055347810561171
2024-10-12,wk inc flu hosp,0,2024-10-12,20,quantile,0.2,9.287511357793777
2024-10-12,wk inc flu hosp,0,2024-10-12,20,quantile,0.25,11.960304436905894
2024-10-12,wk inc flu hosp,0,2024-10-12,20,quantile,0.3,13.822393607004503
2024-10-12,wk inc flu hosp,0,2024-10-12,20,quantile,0.35,15.167273560840865
2024-10-12,wk inc flu hosp,0,2024-10-12,20,quantile,0.4,16.607706587287304
2024-10-12,wk inc flu hosp,0,2024-10-12,20,quantile,0.45,18.172359340199943
2024-10-12,wk inc flu hosp,0,2024-10-12,20,quantile,0.5,21.6337662502359
2024-10-12,wk inc flu hosp,0,2024-10-12,20,quantile,0.55,23.40208745096474
2024-10-12,wk inc flu hosp,0,2024-10-12,20,quantile,0.6,30.43109787104273
2024-10-12,wk inc flu hosp,0,2024-10-12,20,quantile,0.65,32.16944430409072
2024-10-12,wk inc flu hosp,0,2024-10-12,20,quantile,0.7,34.609481393603126
2024-10-12,wk inc flu hosp,0,2024-10-12,20,quantile,0.75,37.39381835970764
2024-10-12,wk inc flu hosp,0,2024-10-12,20,quantile,0.8,43.034083759818515
2024-10-12,wk inc flu hosp,0,2024-10-12,20,quantile,0.85,45.05372459856119
2024-10-12,wk inc flu hosp,0,2024-10-12,20,quantile,0.9,51.34612852524201
2024-10-12,wk inc flu hosp,0,2024-10-12,20,quantile,0.95,104.34496703260105
2024-10-12,wk inc flu hosp,0,2024-10-12,20,quantile,0.975,181.12834609715955
2024-10-12,wk inc flu hosp,0,2024-10-12,20,quantile,0.99,191.62322946231546
2024-10-12,wk inc flu hosp,1,2024-10-19,20,quantile,0.01,0.0
2024-10-12,wk inc flu hosp,1,2024-10-19,20,quantile,0.025,0.0
2024-10-12,wk inc flu hosp,1,2024-10-19,20,quantile,0.05,1.4759686530252831
2024-10-12,wk inc flu hosp,1,2024-10-19,20,quantile,0.1,2.3905516102119924
2024-10-12,wk inc flu hosp,1,2024-10-19,20,quantile,0.15,4.261510063725431
2024-10-12,wk inc flu hosp,1,2024-10-19,20,quantile,0.2,10.404289916384196
2024-10-12,wk inc flu hosp,1,2024-10-19,20,quantile,0.25,12.165639727868436
2024-10-12,wk inc flu hosp,1,2024-10-19,20,quantile,0.3,14.259924353563255
2024-10-12,wk inc flu hosp,1,2024-10-19,20,quantile,0.35,15.971425351318352
2024-10-12,wk inc flu hosp,1,2024-10-19,20,quantile,0.4,17.3884067769719
2024-10-12,wk inc flu hosp,1,2024-10-19,20,quantile,0.45,18.813221302316077
2024-10-12,wk inc flu hosp,1,2024-10-19,20,quantile,0.5,21.589758221813167
2024-10-12,wk inc flu hosp,1,2024-10-19,20,quantile,0.55,23.190996901773573
2024-10-12,wk inc flu hosp,1,2024-10-19,20,quantile,0.6,29.53391855573336
2024-10-12,wk inc flu hosp,1,2024-10-19,20,quantile,0.65,31.297476849831657
2024-10-12,wk inc flu hosp,1,2024-10-19,20,quantile,0.7,32.799386268268115
2024-10-12,wk inc flu hosp,1,2024-10-19,20,quantile,0.75,34.422450801177355
2024-10-12,wk inc flu hosp,1,2024-10-19,20,quantile,0.8,42.47060958595245
2024-10-12,wk inc flu hosp,1,2024-10-19,20,quantile,0.85,44.26629704154927
2024-10-12,wk inc flu hosp,1,2024-10-19,20,quantile,0.9,47.80386856176688
2024-10-12,wk inc flu hosp,1,2024-10-19,20,quantile,0.95,91.5312473352403
2024-10-12,wk inc flu hosp,1,2024-10-19,20,quantile,0.975,159.61526944194677
2024-10-12,wk inc flu hosp,1,2024-10-19,20,quantile,0.99,188.9272478189093
2024-10-12,wk inc flu hosp,2,2024-10-26,20,quantile,0.01,0.0
2024-10-12,wk inc flu hosp,2,2024-10-26,20,quantile,0.025,0.0
2024-10-12,wk inc flu hosp,2,2024-10-26,20,quantile,0.05,1.6319284224412351
2024-10-12,wk inc flu hosp,2,2024-10-26,20,quantile,0.1,2.5564680303336247
2024-10-12,wk inc flu hosp,2,2024-10-26,20,quantile,0.15,4.313015308334933
2024-10-12,wk inc flu hosp,2,2024-10-26,20,quantile,0.2,10.53333209845855
2024-10-12,wk inc flu hosp,2,2024-10-26,20,quantile,0.25,12.7279654950058
2024-10-12,wk inc flu hosp,2,2024-10-26,20,quantile,0.3,14.735849987255067
2024-10-12,wk inc flu hosp,2,2024-10-26,20,quantile,0.35,16.564811981162332
2024-10-12,wk inc flu hosp,2,2024-10-26,20,quantile,0.4,18.056334784579356
2024-10-12,wk inc flu hosp,2,2024-10-26,20,quantile,0.45,19.777070955279328
2024-10-12,wk inc flu hosp,2,2024-10-26,20,quantile,0.5,22.259111948348334
2024-10-12,wk inc flu hosp,2,2024-10-26,20,quantile,0.55,23.975771843962775
2024-10-12,wk inc flu hosp,2,2024-10-26,20,quantile,0.6,30.85940280598759
2024-10-12,wk inc flu hosp,2,2024-10-26,20,quantile,0.65,31.65688336189264
2024-10-12,wk inc flu hosp,2,2024-10-26,20,quantile,0.7,33.05248700955848
2024-10-12,wk inc flu hosp,2,2024-10-26,20,quantile,0.75,34.177755621849464
2024-10-12,wk inc flu hosp,2,2024-10-26,20,quantile,0.8,42.75091172551403
2024-10-12,wk inc flu hosp,2,2024-10-26,20,quantile,0.85,45.3108877287694
2024-10-12,wk inc flu hosp,2,2024-10-26,20,quantile,0.9,51.71755573152691
2024-10-12,wk inc flu hosp,2,2024-10-26,20,quantile,0.95,100.40596252347441
2024-10-12,wk inc flu hosp,2,2024-10-26,20,quantile,0.975,182.81672692587856
2024-10-12,wk inc flu hosp,2,2024-10-26,20,quantile,0.99,193.75617283412143
2024-10-12,wk inc flu hosp,3,2024-11-02,20,quantile,0.01,0.0
2024-10-12,wk inc flu hosp,3,2024-11-02,20,quantile,0.025,0.0
2024-10-12,wk inc flu hosp,3,2024-11-02,20,quantile,0.05,3.249796985948724
2024-10-12,wk inc flu hosp,3,2024-11-02,20,quantile,0.1,8.711249147851015
2024-10-12,wk inc flu hosp,3,2024-11-02,20,quantile,0.15,14.007452738983025
2024-10-12,wk inc flu hosp,3,2024-11-02,20,quantile,0.2,20.31518386504177
2024-10-12,wk inc flu hosp,3,2024-11-02,20,quantile,0.25,21.352085755030874
2024-10-12,wk inc flu hosp,3,2024-11-02,20,quantile,0.3,28.704470305935466
2024-10-12,wk inc flu hosp,3,2024-11-02,20,quantile,0.35,31.37344965327063
2024-10-12,wk inc flu hosp,3,2024-11-02,20,quantile,0.4,34.18687765269887
2024-10-12,wk inc flu hosp,3,2024-11-02,20,quantile,0.45,37.28863161699675
2024-10-12,wk inc flu hosp,3,2024-11-02,20,quantile,0.5,42.38682196961726
2024-10-12,wk inc flu hosp,3,2024-11-02,20,quantile,0.55,49.93450193708438
2024-10-12,wk inc flu hosp,3,2024-11-02,20,quantile,0.6,52.94160911083768
2024-10-12,wk inc flu hosp,3,2024-11-02,20,quantile,0.65,55.15561821997025
2024-10-12,wk inc flu hosp,3,2024-11-02,20,quantile,0.7,65.06113526159535
2024-10-12,wk inc flu hosp,3,2024-11-02,20,quantile,0.75,68.26478970901594
2024-10-12,wk inc flu hosp,3,2024-11-02,20,quantile,0.8,80.47527383037692
2024-10-12,wk inc flu hosp,3,2024-11-02,20,quantile,0.85,88.2933725000087
2024-10-12,wk inc flu hosp,3,2024-11-02,20,quantile,0.9,99.60476507064196
2024-10-12,wk inc flu hosp,3,2024-11-02,20,quantile,0.95,173.60633527002977
2024-10-12,wk inc flu hosp,3,2024-11-02,20,quantile,0.975,221.33999073880247
2024-10-12,wk inc flu hosp,3,2024-11-02,20,quantile,0.99,231.40981097489131
2024-10-12,wk inc flu hosp,0,2024-10-12,21,quantile,0.01,0.0
2024-10-12,wk inc flu hosp,0,2024-10-12,21,quantile,0.025,0.0
2024-10-12,wk inc flu hosp,0,2024-10-12,21,quantile,0.05,0.0
2024-10-12,wk inc flu hosp,0,2024-10-12,21,quantile,0.1,0.0
2024-10-12,wk inc flu hosp,0,2024-10-12,21,quantile,0.15,0.6636966849437006
2024-10-12,wk inc flu hosp,0,2024-10-12,21,quantile,0.2,2.3046481343348835
2024-10-12,wk inc flu hosp,0,2024-10-12,21,quantile,0.25,2.8191958546974747
2024-10-12,wk inc flu hosp,0,2024-10-12,21,quantile,0.3,3.113648399151084
2024-10-12,wk inc flu hosp,0,2024-10-12,21,quantile,0.35,3.8746282894331583
2024-10-12,wk inc flu hosp,0,2024-10-12,21,quantile,0.4,4.562768116360673
2024-10-12,wk inc flu hosp,0,2024-10-12,21,quantile,0.45,6.084948647879498
2024-10-12,wk inc flu hosp,0,2024-10-12,21,quantile,0.5,9.840232822638008
2024-10-12,wk inc flu hosp,0,2024-10-12,21,quantile,0.55,11.511337297518761
2024-10-12,wk inc flu hosp,0,2024-10-12,21,quantile,0.6,13.541742507165377
2024-10-12,wk inc flu hosp,0,2024-10-12,21,quantile,0.65,15.091297239685453
2024-10-12,wk inc flu hosp,0,2024-10-12,21,quantile,0.7,17.493027506707083
2024-10-12,wk inc flu hosp,0,2024-10-12,21,quantile,0.75,18.773889905348298
2024-10-12,wk inc flu hosp,0,2024-10-12,21,quantile,0.8,24.27012109403188
2024-10-12,wk inc flu hosp,0,2024-10-12,21,quantile,0.85,32.69585368076746
2024-10-12,wk inc flu hosp,0,2024-10-12,21,quantile,0.9,36.87473844620605
2024-10-12,wk inc flu hosp,0,2024-10-12,21,quantile,0.95,37.45101360373581
2024-10-12,wk inc flu hosp,0,2024-10-12,21,quantile,0.975,60.5082758790601
2024-10-12,wk inc flu hosp,0,2024-10-12,21,quantile,0.99,151.37782531295537
2024-10-12,wk inc flu hosp,1,2024-10-19,21,quantile,0.01,0.0
2024-10-12,wk inc flu hosp,1,2024-10-19,21,quantile,0.025,0.0
2024-10-12,wk inc flu hosp,1,2024-10-19,21,quantile,0.05,0.0
2024-10-12,wk inc flu hosp,1,2024-10-19,21,quantile,0.1,0.0
2024-10-12,wk inc flu hosp,1,2024-10-19,21,quantile,0.15,2.0832059845245543
2024-10-12,wk inc flu hosp,1,2024-10-19,21,quantile,0.2,3.9853104810527893
2024-10-12,wk inc flu hosp,1,2024-10-19,21,quantile,0.25,5.307516420491851
2024-10-12,wk inc flu hosp,1,2024-10-19,21,quantile,0.3,6.954030679701621
2024-10-12,wk inc flu hosp,1,2024-10-19,21,quantile,0.35,8.347486464637008
2024-10-12,wk inc flu hosp,1,2024-10-19,21,quantile,0.4,10.343483519222026
2024-10-12,wk inc flu hosp,1,2024-10-19,21,quantile,0.45,12.341814211669709
2024-10-12,wk inc flu hosp,1,2024-10-19,21,quantile,0.5,14.486360880399406
2024-10-12,wk inc flu hosp,1,2024-10-19,21,quantile,0.55,16.198036384941847
2024-10-12,wk inc flu hosp,1,2024-10-19,21,quantile,0.6,18.332370158468148
2024-10-12,wk inc flu hosp,1,2024-10-19,21,quantile,0.65,20.557523890104523
2024-10-12,wk inc flu hosp,1,2024-10-19,21,quantile,0.7,24.11450899735438
2024-10-12,wk inc flu hosp,1,2024-10-19,21,quantile,0.75,29.252069558137393
2024-10-12,wk inc flu hosp,1,2024-10-19,21,quantile,0.8,34.36457347944323
2024-10-12,wk inc flu hosp,1,2024-10-19,21,quantile,0.85,38.03637999860932
2024-10-12,wk inc flu hosp,1,2024-10-19,21,quantile,0.9,44.285308402476915
2024-10-12,wk inc flu hosp,1,2024-10-19,21,quantile,0.95,57.110182441956525
2024-10-12,wk inc flu hosp,1,2024-10-19,21,quantile,0.975,95.3769318221333
2024-10-12,wk inc flu hosp,1,2024-10-19,21,quantile,0.99,136.73459003487346
2024-10-12,wk inc flu hosp,2,2024-10-26,21,quantile,0.01,0.0
2024-10-12,wk inc flu hosp,2,2024-10-26,21,quantile,0.025,0.0
2024-10-12,wk inc flu hosp,2,2024-10-26,21,quantile,0.05,0.0
2024-10-12,wk inc flu hosp,2,2024-10-26,21,quantile,0.1,0.0
2024-10-12,wk inc flu hosp,2,2024-10-26,21,quantile,0.15,3.5859852299666417
2024-10-12,wk inc flu hosp,2,2024-10-26,21,quantile,0.2,4.893515274590698
2024-10-12,wk inc flu hosp,2,2024-10-26,21,quantile,0.25,6.79093404149792
2024-10-12,wk inc flu hosp,2,2024-10-26,21,quantile,0.3,8.560732596392516
2024-10-12,wk inc flu hosp,2,2024-10-26,21,quantile,0.35,10.436468732612589
2024-10-12,wk inc flu hosp,2,2024-10-26,21,quantile,0.4,12.762658922657602
2024-10-12,wk inc flu hosp,2,2024-10-26,21,quantile,0.45,14.643785317485799
2024-10-12,wk inc flu hosp,2,2024-10-26,21,quantile,0.5,17.258911639054503
2024-10-12,wk inc flu hosp,2,2024-10-26,21,quantile,0.55,19.566106693425237
2024-10-12,wk inc flu hosp,2,2024-10-26,21,quantile,0.6,22.148444513213708
2024-10-12,wk inc flu hosp,2,2024-10-26,21,quantile,0.65,25.14858417791685
2024-10-12,wk inc flu hosp,2,2024-10-26,21,quantile,0.7,29.09647749184218
2024-10-12,wk inc flu hosp,2,2024-10-26,21,quantile,0.75,33.90647911515885
2024-10-12,wk inc flu hosp,2,2024-10-26,21,quantile,0.8,37.75738739736478
2024-10-12,wk inc flu hosp,2,2024-10-26,21,quantile,0.85,44.507798623509466
2024-10-12,wk inc flu hosp,2,2024-10-26,21,quantile,0.9,54.63610226354454
2024-10-12,wk inc flu hosp,2,2024-10-26,21,quantile,0.95,72.63171449073043
2024-10-12,wk inc flu hosp,2,2024-10-26,21,quantile,0.975,118.00904941588531
2024-10-12,wk inc flu hosp,2,2024-10-26,21,quantile,0.99,162.648590078582
2024-10-12,wk inc flu hosp,3,2024-11-02,21,quantile,0.01,0.0
2024-10-12,wk inc flu hosp,3,2024-11-02,21,quantile,0.025,0.0
2024-10-12,wk inc flu hosp,3,2024-11-02,21,quantile,0.05,0.0
2024-10-12,wk inc flu hosp,3,2024-11-02,21,quantile,0.1,2.31783702130685
2024-10-12,wk inc flu hosp,3,2024-11-02,21,quantile,0.15,6.693388689243941
2024-10-12,wk inc flu hosp,3,2024-11-02,21,quantile,0.2,9.931777868743692
2024-10-12,wk inc flu hosp,3,2024-11-02,21,quantile,0.25,12.24928270652829
2024-10-12,wk inc flu hosp,3,2024-11-02,21,quantile,0.3,15.587116262706397
2024-10-12,wk inc flu hosp,3,2024-11-02,21,quantile,0.35,17.56238213631787
2024-10-12,wk inc flu hosp,3,2024-11-02,21,quantile,0.4,19.32219830591437
2024-10-12,wk inc flu hosp,3,2024-11-02,21,quantile,0.45,22.036214788630993
2024-10-12,wk inc flu hosp,3,2024-11-02,21,quantile,0.5,24.73151597211905
2024-10-12,wk inc flu hosp,3,2024-11-02,21,quantile,0.55,28.31032339174377
2024-10-12,wk inc flu hosp,3,2024-11-02,21,quantile,0.6,31.572107215877082
2024-10-12,wk inc flu hosp,3,2024-11-02,21,quantile,0.65,36.172974599638266
2024-10-12,wk inc flu hosp,3,2024-11-02,21,quantile,0.7,40.40678866622282
2024-10-12,wk inc flu hosp,3,2024-11-02,21,quantile,0.75,46.71604240450566
2024-10-12,wk inc flu hosp,3,2024-11-02,21,quantile,0.8,51.30703738813317
2024-10-12,wk inc flu hosp,3,2024-11-02,21,quantile,0.85,60.90798806389953
2024-10-12,wk inc flu hosp,3,2024-11-02,21,quantile,0.9,73.16085869076264
2024-10-12,wk inc flu hosp,3,2024-11-02,21,quantile,0.95,102.17282004236019
2024-10-12,wk inc flu hosp,3,2024-11-02,21,quantile,0.975,146.44042138338398
2024-10-12,wk inc flu hosp,3,2024-11-02,21,quantile,0.99,186.46326345511346
2024-10-12,wk inc flu hosp,0,2024-10-12,22,quantile,0.01,0.0
2024-10-12,wk inc flu hosp,0,2024-10-12,22,quantile,0.025,0.0
2024-10-12,wk inc flu hosp,0,2024-10-12,22,quantile,0.05,0.0
2024-10-12,wk inc flu hosp,0,2024-10-12,22,quantile,0.1,0.0
2024-10-12,wk inc flu hosp,0,2024-10-12,22,quantile,0.15,0.0
2024-10-12,wk inc flu hosp,0,2024-10-12,22,quantile,0.2,0.0
2024-10-12,wk inc flu hosp,0,2024-10-12,22,quantile,0.25,0.0
2024-10-12,wk inc flu hosp,0,2024-10-12,22,quantile,0.3,0.0
2024-10-12,wk inc flu hosp,0,2024-10-12,22,quantile,0.35,2.3326252415951703
2024-10-12,wk inc flu hosp,0,2024-10-12,22,quantile,0.4,6.334097225138791
2024-10-12,wk inc flu hosp,0,2024-10-12,22,quantile,0.45,9.331661121092571
2024-10-12,wk inc flu hosp,0,2024-10-12,22,quantile,0.5,10.308837602303186
2024-10-12,wk inc flu hosp,0,2024-10-12,22,quantile,0.55,11.31672770501903
2024-10-12,wk inc flu hosp,0,2024-10-12,22,quantile,0.6,12.773625137140938
2024-10-12,wk inc flu hosp,0,2024-10-12,22,quantile,0.65,15.391028828559621
2024-10-12,wk inc flu hosp,0,2024-10-12,22,quantile,0.7,15.935316295620511
2024-10-12,wk inc flu hosp,0,2024-10-12,22,quantile,0.75,16.249141596118072
2024-10-12,wk inc flu hosp,0,2024-10-12,22,quantile,0.8,16.640750504454054
2024-10-12,wk inc flu hosp,0,2024-10-12,22,quantile,0.85,22.670949119848036
2024-10-12,wk inc flu hosp,0,2024-10-12,22,quantile,0.9,24.079654042452148
2024-10-12,wk inc flu hosp,0,2024-10-12,22,quantile,0.95,36.12346256212717
2024-10-12,wk inc flu hosp,0,2024-10-12,22,quantile,0.975,45.8809639360571
2024-10-12,wk inc flu hosp,0,2024-10-12,22,quantile,0.99,66.8549040085308
2024-10-12,wk inc flu hosp,1,2024-10-19,22,quantile,0.01,0.0
2024-10-12,wk inc flu hosp,1,2024-10-19,22,quantile,0.025,0.0
2024-10-12,wk inc flu hosp,1,2024-10-19,22,quantile,0.05,0.0
2024-10-12,wk inc flu hosp,1,2024-10-19,22,quantile,0.1,0.0
2024-10-12,wk inc flu hosp,1,2024-10-19,22,quantile,0.15,0.0
2024-10-12,wk inc flu hosp,1,2024-10-19,22,quantile,0.2,0.0
2024-10-12,wk inc flu hosp,1,2024-10-19,22,quantile,0.25,1.2246784539891515
2024-10-12,wk inc flu hosp,1,2024-10-19,22,quantile,0.3,3.345996140750055
2024-10-12,wk inc flu hosp,1,2024-10-19,22,quantile,0.35,6.501250815593447
2024-10-12,wk inc flu hosp,1,2024-10-19,22,quantile,0.4,8.847336278427655
2024-10-12,wk inc flu hosp,1,2024-10-19,22,quantile,0.45,11.287364068078798
2024-10-12,wk inc flu hosp,1,2024-10-19,22,quantile,0.5,13.67555012472567
2024-10-12,wk inc flu hosp,1,2024-10-19,22,quantile,0.55,15.182438266801833
2024-10-12,wk inc flu hosp,1,2024-10-19,22,quantile,0.6,16.15334431942485
2024-10-12,wk inc flu hosp,1,2024-10-19,22,quantile,0.65,17.583005245310513
2024-10-12,wk inc flu hosp,1,2024-10-19,22,quantile,0.7,19.210018950303606
2024-10-12,wk inc flu hosp,1,2024-10-19,22,quantile,0.75,21.256239049806542
2024-10-12,wk inc flu hosp,1,2024-10-19,22,quantile,0.8,23.041781860607134
2024-10-12,wk inc flu hosp,1,2024-10-19,22,quantile,0.85,26.520590322466045
2024-10-12,wk inc flu hosp,1,2024-10-19,22,quantile,0.9,30.44188787714022
2024-10-12,wk inc flu hosp,1,2024-10-19,22,quantile,0.95,39.50062135492731
2024-10-12,wk inc flu hosp,1,2024-10-19,22,quantile,0.975,54.66730369611224
2024-10-12,wk inc flu hosp,1,2024-10-19,22,quantile,0.99,68.01147155724553
2024-10-12,wk inc flu hosp,2,2024-10-26,22,quantile,0.01,0.0
2024-10-12,wk inc flu hosp,2,2024-10-26,22,quantile,0.025,0.0
2024-10-12,wk inc flu hosp,2,2024-10-26,22,quantile,0.05,0.0
2024-10-12,wk inc flu hosp,2,2024-10-26,22,quantile,0.1,0.0
2024-10-12,wk inc flu hosp,2,2024-10-26,22,quantile,0.15,0.0
2024-10-12,wk inc flu hosp,2,2024-10-26,22,quantile,0.2,1.8488104021479228
2024-10-12,wk inc flu hosp,2,2024-10-26,22,quantile,0.25,3.6273252690531024
2024-10-12,wk inc flu hosp,2,2024-10-26,22,quantile,0.3,5.730911197594349
2024-10-12,wk inc flu hosp,2,2024-10-26,22,quantile,0.35,8.462200239231887
2024-10-12,wk inc flu hosp,2,2024-10-26,22,quantile,0.4,11.224919896342314
2024-10-12,wk inc flu hosp,2,2024-10-26,22,quantile,0.45,13.088266052197563
2024-10-12,wk inc flu hosp,2,2024-10-26,22,quantile,0.5,14.6774448872035
2024-10-12,wk inc flu hosp,2,2024-10-26,22,quantile,0.55,16.709658616262228
2024-10-12,wk inc flu hosp,2,2024-10-26,22,quantile,0.6,18.277641084252217
2024-10-12,wk inc flu hosp,2,2024-10-26,22,quantile,0.65,20.191146780289003
2024-10-12,wk inc flu hosp,2,2024-10-26,22,quantile,0.7,22.503429673141333
2024-10-12,wk inc flu hosp,2,2024-10-26,22,quantile,0.75,24.74311757372645
2024-10-12,wk inc flu hosp,2,2024-10-26,22,quantile,0.8,28.505781313175227
2024-10-12,wk inc flu hosp,2,2024-10-26,22,quantile,0.85,32.45881206670234
2024-10-12,wk inc flu hosp,2,2024-10-26,22,quantile,0.9,37.24692353893198
2024-10-12,wk inc flu hosp,2,2024-10-26,22,quantile,0.95,51.454947739610304
2024-10-12,wk inc flu hosp,2,2024-10-26,22,quantile,0.975,68.17141435948366
2024-10-12,wk inc flu hosp,2,2024-10-26,22,quantile,0.99,84.43583551214968
2024-10-12,wk inc flu hosp,3,2024-11-02,22,quantile,0.01,0.0
2024-10-12,wk inc flu hosp,3,2024-11-02,22,quantile,0.025,0.0
2024-10-12,wk inc flu hosp,3,2024-11-02,22,quantile,0.05,0.0
2024-10-12,wk inc flu hosp,3,2024-11-02,22,quantile,0.1,0.0
2024-10-12,wk inc flu hosp,3,2024-11-02,22,quantile,0.15,0.5937485752191284
2024-10-12,wk inc flu hosp,3,2024-11-02,22,quantile,0.2,2.5486457021496762
2024-10-12,wk inc flu hosp,3,2024-11-02,22,quantile,0.25,4.520223549063708
2024-10-12,wk inc flu hosp,3,2024-11-02,22,quantile,0.3,7.123994021343213
2024-10-12,wk inc flu hosp,3,2024-11-02,22,quantile,0.35,9.717519269361555
2024-10-12,wk inc flu hosp,3,2024-11-02,22,quantile,0.4,12.857930365662508
2024-10-12,wk inc flu hosp,3,2024-11-02,22,quantile,0.45,14.732904675862676
2024-10-12,wk inc flu hosp,3,2024-11-02,22,quantile,0.5,16.67622361732256
2024-10-12,wk inc flu hosp,3,2024-11-02,22,quantile,0.55,18.352001315053652
2024-10-12,wk inc flu hosp,3,2024-11-02,22,quantile,0.6,20.582803371947907
2024-10-12,wk inc flu hosp,3,2024-11-02,22,quantile,0.65,22.78311170759693
2024-10-12,wk inc flu hosp,3,2024-11-02,22,quantile,0.7,26.238931204826525
2024-10-12,wk inc flu hosp,3,2024-11-02,22,quantile,0.75,29.871616328249864
2024-10-12,wk inc flu hosp,3,2024-11-02,22,quantile,0.8,33.93154983444337
2024-10-12,wk inc flu hosp,3,2024-11-02,22,quantile,0.85,40.220320652799714
2024-10-12,wk inc flu hosp,3,2024-11-02,22,quantile,0.9,52.170804982875296
2024-10-12,wk inc flu hosp,3,2024-11-02,22,quantile,0.95,73.66472463281751
2024-10-12,wk inc flu hosp,3,2024-11-02,22,quantile,0.975,92.3207293506643
2024-10-12,wk inc flu hosp,3,2024-11-02,22,quantile,0.99,116.06981704655969
2024-10-12,wk inc flu hosp,0,2024-10-12,23,quantile,0.01,0.0
2024-10-12,wk inc flu hosp,0,2024-10-12,23,quantile,0.025,0.0
2024-10-12,wk inc flu hosp,0,2024-10-12,23,quantile,0.05,0.0
2024-10-12,wk inc flu hosp,0,2024-10-12,23,quantile,0.1,0.0
2024-10-12,wk inc flu hosp,0,2024-10-12,23,quantile,0.15,0.0
2024-10-12,wk inc flu hosp,0,2024-10-12,23,quantile,0.2,0.0
2024-10-12,wk inc flu hosp,0,2024-10-12,23,quantile,0.25,0.08792297631738331
2024-10-12,wk inc flu hosp,0,2024-10-12,23,quantile,0.3,0.3289837037494151
2024-10-12,wk inc flu hosp,0,2024-10-12,23,quantile,0.35,0.7369052299056874
2024-10-12,wk inc flu hosp,0,2024-10-12,23,quantile,0.4,1.5772590438152634
2024-10-12,wk inc flu hosp,0,2024-10-12,23,quantile,0.45,2.6970970024361343
2024-10-12,wk inc flu hosp,0,2024-10-12,23,quantile,0.5,3.78563793668917
2024-10-12,wk inc flu hosp,0,2024-10-12,23,quantile,0.55,4.05323133825216
2024-10-12,wk inc flu hosp,0,2024-10-12,23,quantile,0.6,4.4714877683875
2024-10-12,wk inc flu hosp,0,2024-10-12,23,quantile,0.65,5.03449773995948
2024-10-12,wk inc flu hosp,0,2024-10-12,23,quantile,0.7,6.775903256854889
2024-10-12,wk inc flu hosp,0,2024-10-12,23,quantile,0.75,7.2070286526878
2024-10-12,wk inc flu hosp,0,2024-10-12,23,quantile,0.8,7.479317574821104
2024-10-12,wk inc flu hosp,0,2024-10-12,23,quantile,0.85,7.939461212742436
2024-10-12,wk inc flu hosp,0,2024-10-12,23,quantile,0.9,10.443196637732681
2024-10-12,wk inc flu hosp,0,2024-10-12,23,quantile,0.95,15.460027956665062
2024-10-12,wk inc flu hosp,0,2024-10-12,23,quantile,0.975,18.19023767788541
2024-10-12,wk inc flu hosp,0,2024-10-12,23,quantile,0.99,23.162261457657014
2024-10-12,wk inc flu hosp,1,2024-10-19,23,quantile,0.01,0.0
2024-10-12,wk inc flu hosp,1,2024-10-19,23,quantile,0.025,0.0
2024-10-12,wk inc flu hosp,1,2024-10-19,23,quantile,0.05,0.0
2024-10-12,wk inc flu hosp,1,2024-10-19,23,quantile,0.1,0.0
2024-10-12,wk inc flu hosp,1,2024-10-19,23,quantile,0.15,0.0
2024-10-12,wk inc flu hosp,1,2024-10-19,23,quantile,0.2,0.10304024982467526
2024-10-12,wk inc flu hosp,1,2024-10-19,23,quantile,0.25,0.4973031684050205
2024-10-12,wk inc flu hosp,1,2024-10-19,23,quantile,0.3,0.9019793904835175
2024-10-12,wk inc flu hosp,1,2024-10-19,23,quantile,0.35,1.43891297680631
2024-10-12,wk inc flu hosp,1,2024-10-19,23,quantile,0.4,2.470819430720424
2024-10-12,wk inc flu hosp,1,2024-10-19,23,quantile,0.45,3.504860214460629
2024-10-12,wk inc flu hosp,1,2024-10-19,23,quantile,0.5,4.217818568600333
2024-10-12,wk inc flu hosp,1,2024-10-19,23,quantile,0.55,4.703092006309007
2024-10-12,wk inc flu hosp,1,2024-10-19,23,quantile,0.6,5.361087775654655
2024-10-12,wk inc flu hosp,1,2024-10-19,23,quantile,0.65,6.477028697999719
2024-10-12,wk inc flu hosp,1,2024-10-19,23,quantile,0.7,7.157119060692026
2024-10-12,wk inc flu hosp,1,2024-10-19,23,quantile,0.75,7.609768124102479
2024-10-12,wk inc flu hosp,1,2024-10-19,23,quantile,0.8,8.19654586255946
2024-10-12,wk inc flu hosp,1,2024-10-19,23,quantile,0.85,9.194540160864468
2024-10-12,wk inc flu hosp,1,2024-10-19,23,quantile,0.9,11.785560811544459
2024-10-12,wk inc flu hosp,1,2024-10-19,23,quantile,0.95,15.588355692316357
2024-10-12,wk inc flu hosp,1,2024-10-19,23,quantile,0.975,18.661799920670408
2024-10-12,wk inc flu hosp,1,2024-10-19,23,quantile,0.99,23.151731490984446
2024-10-12,wk inc flu hosp,2,2024-10-26,23,quantile,0.01,0.0
2024-10-12,wk inc flu hosp,2,2024-10-26,23,quantile,0.025,0.0
2024-10-12,wk inc flu hosp,2,2024-10-26,23,quantile,0.05,0.0
2024-10-12,wk inc flu hosp,2,2024-10-26,23,quantile,0.1,0.0
2024-10-12,wk inc flu hosp,2,2024-10-26,23,quantile,0.15,0.0
2024-10-12,wk inc flu hosp,2,2024-10-26,23,quantile,0.2,0.4205317488302918
2024-10-12,wk inc flu hosp,2,2024-10-26,23,quantile,0.25,0.8276717417545552
2024-10-12,wk inc flu hosp,2,2024-10-26,23,quantile,0.3,1.3333754956568118
2024-10-12,wk inc flu hosp,2,2024-10-26,23,quantile,0.35,2.219332836354856
2024-10-12,wk inc flu hosp,2,2024-10-26,23,quantile,0.4,3.158219125585712
2024-10-12,wk inc flu hosp,2,2024-10-26,23,quantile,0.45,4.008289811774942
2024-10-12,wk inc flu hosp,2,2024-10-26,23,quantile,0.5,4.549171482216865
2024-10-12,wk inc flu hosp,2,2024-10-26,23,quantile,0.55,5.1886540663003435
2024-10-12,wk inc flu hosp,2,2024-10-26,23,quantile,0.6,6.285529310603735
2024-10-12,wk inc flu hosp,2,2024-10-26,23,quantile,0.65,7.048281212792476
2024-10-12,wk inc flu hosp,2,2024-10-26,23,quantile,0.7,7.652800649299119
2024-10-12,wk inc flu hosp,2,2024-10-26,23,quantile,0.75,8.252508799578854
2024-10-12,wk inc flu hosp,2,2024-10-26,23,quantile,0.8,9.541564287449322
2024-10-12,wk inc flu hosp,2,2024-10-26,23,quantile,0.85,10.957279043818023
2024-10-12,wk inc flu hosp,2,2024-10-26,23,quantile,0.9,14.57659967080337
2024-10-12,wk inc flu hosp,2,2024-10-26,23,quantile,0.95,18.093503139311952
2024-10-12,wk inc flu hosp,2,2024-10-26,23,quantile,0.975,21.721669864464477
2024-10-12,wk inc flu hosp,2,2024-10-26,23,quantile,0.99,24.610822844367476
2024-10-12,wk inc flu hosp,3,2024-11-02,23,quantile,0.01,0.0
2024-10-12,wk inc flu hosp,3,2024-11-02,23,quantile,0.025,0.0
2024-10-12,wk inc flu hosp,3,2024-11-02,23,quantile,0.05,0.0
2024-10-12,wk inc flu hosp,3,2024-11-02,23,quantile,0.1,0.1927609214858381
2024-10-12,wk inc flu hosp,3,2024-11-02,23,quantile,0.15,0.6717640704289078
2024-10-12,wk inc flu hosp,3,2024-11-02,23,quantile,0.2,1.101229283667582
2024-10-12,wk inc flu hosp,3,2024-11-02,23,quantile,0.25,1.5083865319291059
2024-10-12,wk inc flu hosp,3,2024-11-02,23,quantile,0.3,2.294874943777305
2024-10-12,wk inc flu hosp,3,2024-11-02,23,quantile,0.35,3.294457841950133
2024-10-12,wk inc flu hosp,3,2024-11-02,23,quantile,0.4,4.53915062254161
2024-10-12,wk inc flu hosp,3,2024-11-02,23,quantile,0.45,5.390354118726877
2024-10-12,wk inc flu hosp,3,2024-11-02,23,quantile,0.5,6.160822760461769
2024-10-12,wk inc flu hosp,3,2024-11-02,23,quantile,0.55,7.296392846505552
2024-10-12,wk inc flu hosp,3,2024-11-02,23,quantile,0.6,8.335462735242176
2024-10-12,wk inc flu hosp,3,2024-11-02,23,quantile,0.65,9.012016171420399
2024-10-12,wk inc flu hosp,3,2024-11-02,23,quantile,0.7,9.718303126687198
2024-10-12,wk inc flu hosp,3,2024-11-02,23,quantile,0.75,10.542900568597636
2024-10-12,wk inc flu hosp,3,2024-11-02,23,quantile,0.8,11.668538119086666
2024-10-12,wk inc flu hosp,3,2024-11-02,23,quantile,0.85,13.84218981861321
2024-10-12,wk inc flu hosp,3,2024-11-02,23,quantile,0.9,17.23661292038164
2024-10-12,wk inc flu hosp,3,2024-11-02,23,quantile,0.95,21.25763254363008
2024-10-12,wk inc flu hosp,3,2024-11-02,23,quantile,0.975,25.20241437257128
2024-10-12,wk inc flu hosp,3,2024-11-02,23,quantile,0.99,30.2504771226127
2024-10-12,wk inc flu hosp,0,2024-10-12,24,quantile,0.01,0.0
2024-10-12,wk inc flu hosp,0,2024-10-12,24,quantile,0.025,0.0
2024-10-12,wk inc flu hosp,0,2024-10-12,24,quantile,0.05,0.0
2024-10-12,wk inc flu hosp,0,2024-10-12,24,quantile,0.1,0.0
2024-10-12,wk inc flu hosp,0,2024-10-12,24,quantile,0.15,3.5420319220115593
2024-10-12,wk inc flu hosp,0,2024-10-12,24,quantile,0.2,6.677026886706599
2024-10-12,wk inc flu hosp,0,2024-10-12,24,quantile,0.25,7.691204745164075
2024-10-12,wk inc flu hosp,0,2024-10-12,24,quantile,0.3,8.892641025213965
2024-10-12,wk inc flu hosp,0,2024-10-12,24,quantile,0.35,10.086768771514635
2024-10-12,wk inc flu hosp,0,2024-10-12,24,quantile,0.4,11.21281779030919
2024-10-12,wk inc flu hosp,0,2024-10-12,24,quantile,0.45,11.52491019174419
2024-10-12,wk inc flu hosp,0,2024-10-12,24,quantile,0.5,15.358838815323525
2024-10-12,wk inc flu hosp,0,2024-10-12,24,quantile,0.55,16.1954323687157
2024-10-12,wk inc flu hosp,0,2024-10-12,24,quantile,0.6,17.91355670142937
2024-10-12,wk inc flu hosp,0,2024-10-12,24,quantile,0.65,19.861342251785892
2024-10-12,wk inc flu hosp,0,2024-10-12,24,quantile,0.7,26.683498546535887
2024-10-12,wk inc flu hosp,0,2024-10-12,24,quantile,0.75,27.142927858265733
2024-10-12,wk inc flu hosp,0,2024-10-12,24,quantile,0.8,28.604861808321132
2024-10-12,wk inc flu hosp,0,2024-10-12,24,quantile,0.85,31.012426336665403
2024-10-12,wk inc flu hosp,0,2024-10-12,24,quantile,0.9,34.612964087364695
2024-10-12,wk inc flu hosp,0,2024-10-12,24,quantile,0.95,77.1317791010359
2024-10-12,wk inc flu hosp,0,2024-10-12,24,quantile,0.975,91.31747014102257
2024-10-12,wk inc flu hosp,0,2024-10-12,24,quantile,0.99,103.63169982884452
2024-10-12,wk inc flu hosp,1,2024-10-19,24,quantile,0.01,0.0
2024-10-12,wk inc flu hosp,1,2024-10-19,24,quantile,0.025,0.0
2024-10-12,wk inc flu hosp,1,2024-10-19,24,quantile,0.05,0.0
2024-10-12,wk inc flu hosp,1,2024-10-19,24,quantile,0.1,2.8906479435692356
2024-10-12,wk inc flu hosp,1,2024-10-19,24,quantile,0.15,8.0586387828506
2024-10-12,wk inc flu hosp,1,2024-10-19,24,quantile,0.2,11.121571836366368
2024-10-12,wk inc flu hosp,1,2024-10-19,24,quantile,0.25,12.748204393662034
2024-10-12,wk inc flu hosp,1,2024-10-19,24,quantile,0.3,14.042438156799035
2024-10-12,wk inc flu hosp,1,2024-10-19,24,quantile,0.35,16.16491337509285
2024-10-12,wk inc flu hosp,1,2024-10-19,24,quantile,0.4,18.914418751782836
2024-10-12,wk inc flu hosp,1,2024-10-19,24,quantile,0.45,20.604395430396913
2024-10-12,wk inc flu hosp,1,2024-10-19,24,quantile,0.5,22.450647656980863
2024-10-12,wk inc flu hosp,1,2024-10-19,24,quantile,0.55,24.82269170794282
2024-10-12,wk inc flu hosp,1,2024-10-19,24,quantile,0.6,28.23617822349339
2024-10-12,wk inc flu hosp,1,2024-10-19,24,quantile,0.65,31.138727890550072
2024-10-12,wk inc flu hosp,1,2024-10-19,24,quantile,0.7,33.447415327757916
2024-10-12,wk inc flu hosp,1,2024-10-19,24,quantile,0.75,37.104910925971765
2024-10-12,wk inc flu hosp,1,2024-10-19,24,quantile,0.8,40.56215923644336
2024-10-12,wk inc flu hosp,1,2024-10-19,24,quantile,0.85,49.95715535465725
2024-10-12,wk inc flu hosp,1,2024-10-19,24,quantile,0.9,70.05202302907692
2024-10-12,wk inc flu hosp,1,2024-10-19,24,quantile,0.95,92.73379310415473
2024-10-12,wk inc flu hosp,1,2024-10-19,24,quantile,0.975,105.45910738372949
2024-10-12,wk inc flu hosp,1,2024-10-19,24,quantile,0.99,113.07634229518126
2024-10-12,wk inc flu hosp,2,2024-10-26,24,quantile,0.01,0.0
2024-10-12,wk inc flu hosp,2,2024-10-26,24,quantile,0.025,0.0
2024-10-12,wk inc flu hosp,2,2024-10-26,24,quantile,0.05,0.0
2024-10-12,wk inc flu hosp,2,2024-10-26,24,quantile,0.1,7.683133928119323
2024-10-12,wk inc flu hosp,2,2024-10-26,24,quantile,0.15,13.144983218868921
2024-10-12,wk inc flu hosp,2,2024-10-26,24,quantile,0.2,16.14190714855586
2024-10-12,wk inc flu hosp,2,2024-10-26,24,quantile,0.25,18.445571696666043
2024-10-12,wk inc flu hosp,2,2024-10-26,24,quantile,0.3,20.85667557405812
2024-10-12,wk inc flu hosp,2,2024-10-26,24,quantile,0.35,23.377398391403613
2024-10-12,wk inc flu hosp,2,2024-10-26,24,quantile,0.4,25.741041441464347
2024-10-12,wk inc flu hosp,2,2024-10-26,24,quantile,0.45,28.47198300060198
2024-10-12,wk inc flu hosp,2,2024-10-26,24,quantile,0.5,31.970449454992416
2024-10-12,wk inc flu hosp,2,2024-10-26,24,quantile,0.55,35.29932150575103
2024-10-12,wk inc flu hosp,2,2024-10-26,24,quantile,0.6,38.59216395167778
2024-10-12,wk inc flu hosp,2,2024-10-26,24,quantile,0.65,41.63232331361024
2024-10-12,wk inc flu hosp,2,2024-10-26,24,quantile,0.7,44.47111652091119
2024-10-12,wk inc flu hosp,2,2024-10-26,24,quantile,0.75,48.361729591765226
2024-10-12,wk inc flu hosp,2,2024-10-26,24,quantile,0.8,55.622980613821134
2024-10-12,wk inc flu hosp,2,2024-10-26,24,quantile,0.85,68.37373514483278
2024-10-12,wk inc flu hosp,2,2024-10-26,24,quantile,0.9,85.33678784096227
2024-10-12,wk inc flu hosp,2,2024-10-26,24,quantile,0.95,103.19195991696407
2024-10-12,wk inc flu hosp,2,2024-10-26,24,quantile,0.975,119.52278744891565
2024-10-12,wk inc flu hosp,2,2024-10-26,24,quantile,0.99,137.22384946836073
2024-10-12,wk inc flu hosp,3,2024-11-02,24,quantile,0.01,0.0
2024-10-12,wk inc flu hosp,3,2024-11-02,24,quantile,0.025,0.0
2024-10-12,wk inc flu hosp,3,2024-11-02,24,quantile,0.05,1.4202244598428742
2024-10-12,wk inc flu hosp,3,2024-11-02,24,quantile,0.1,11.761141193487699
2024-10-12,wk inc flu hosp,3,2024-11-02,24,quantile,0.15,16.6086243524445
2024-10-12,wk inc flu hosp,3,2024-11-02,24,quantile,0.2,19.92064976029024
2024-10-12,wk inc flu hosp,3,2024-11-02,24,quantile,0.25,23.272153961167923
2024-10-12,wk inc flu hosp,3,2024-11-02,24,quantile,0.3,26.02526140159741
2024-10-12,wk inc flu hosp,3,2024-11-02,24,quantile,0.35,28.735692166391047
2024-10-12,wk inc flu hosp,3,2024-11-02,24,quantile,0.4,31.89333863699861
2024-10-12,wk inc flu hosp,3,2024-11-02,24,quantile,0.45,35.40199361170841
2024-10-12,wk inc flu hosp,3,2024-11-02,24,quantile,0.5,38.35722167504613
2024-10-12,wk inc flu hosp,3,2024-11-02,24,quantile,0.55,42.557922693004045
2024-10-12,wk inc flu hosp,3,2024-11-02,24,quantile,0.6,46.734697328198415
2024-10-12,wk inc flu hosp,3,2024-11-02,24,quantile,0.65,51.52804001689205
2024-10-12,wk inc flu hosp,3,2024-11-02,24,quantile,0.7,56.1896587408622
2024-10-12,wk inc flu hosp,3,2024-11-02,24,quantile,0.75,62.84258784266082
2024-10-12,wk inc flu hosp,3,2024-11-02,24,quantile,0.8,74.11732222338158
2024-10-12,wk inc flu hosp,3,2024-11-02,24,quantile,0.85,88.42217847146671
2024-10-12,wk inc flu hosp,3,2024-11-02,24,quantile,0.9,104.85621322107633
2024-10-12,wk inc flu hosp,3,2024-11-02,24,quantile,0.95,124.57091236142263
2024-10-12,wk inc flu hosp,3,2024-11-02,24,quantile,0.975,146.38639247255796
2024-10-12,wk inc flu hosp,3,2024-11-02,24,quantile,0.99,181.23167287736285
2024-10-12,wk inc flu hosp,0,2024-10-12,25,quantile,0.01,0.0
2024-10-12,wk inc flu hosp,0,2024-10-12,25,quantile,0.025,0.0
2024-10-12,wk inc flu hosp,0,2024-10-12,25,quantile,0.05,0.0
2024-10-12,wk inc flu hosp,0,2024-10-12,25,quantile,0.1,0.0
2024-10-12,wk inc flu hosp,0,2024-10-12,25,quantile,0.15,0.0
2024-10-12,wk inc flu hosp,0,2024-10-12,25,quantile,0.2,2.383493071986388
2024-10-12,wk inc flu hosp,0,2024-10-12,25,quantile,0.25,3.2218332270669574
2024-10-12,wk inc flu hosp,0,2024-10-12,25,quantile,0.3,5.136910061659995
2024-10-12,wk inc flu hosp,0,2024-10-12,25,quantile,0.35,5.778821343673574
2024-10-12,wk inc flu hosp,0,2024-10-12,25,quantile,0.4,7.386775629941559
2024-10-12,wk inc flu hosp,0,2024-10-12,25,quantile,0.45,8.033225058981085
2024-10-12,wk inc flu hosp,0,2024-10-12,25,quantile,0.5,8.312271436690537
2024-10-12,wk inc flu hosp,0,2024-10-12,25,quantile,0.55,8.739871687082115
2024-10-12,wk inc flu hosp,0,2024-10-12,25,quantile,0.6,10.325680975766169
2024-10-12,wk inc flu hosp,0,2024-10-12,25,quantile,0.65,11.660403279092984
2024-10-12,wk inc flu hosp,0,2024-10-12,25,quantile,0.7,14.05120084517126
2024-10-12,wk inc flu hosp,0,2024-10-12,25,quantile,0.75,16.147346184723048
2024-10-12,wk inc flu hosp,0,2024-10-12,25,quantile,0.8,16.94409182417828
2024-10-12,wk inc flu hosp,0,2024-10-12,25,quantile,0.85,17.047341634475675
2024-10-12,wk inc flu hosp,0,2024-10-12,25,quantile,0.9,23.085409073754736
2024-10-12,wk inc flu hosp,0,2024-10-12,25,quantile,0.95,26.773363063673724
2024-10-12,wk inc flu hosp,0,2024-10-12,25,quantile,0.975,34.44968899980993
2024-10-12,wk inc flu hosp,0,2024-10-12,25,quantile,0.99,38.60374810095547
2024-10-12,wk inc flu hosp,1,2024-10-19,25,quantile,0.01,0.0
2024-10-12,wk inc flu hosp,1,2024-10-19,25,quantile,0.025,0.0
2024-10-12,wk inc flu hosp,1,2024-10-19,25,quantile,0.05,0.0
2024-10-12,wk inc flu hosp,1,2024-10-19,25,quantile,0.1,0.0
2024-10-12,wk inc flu hosp,1,2024-10-19,25,quantile,0.15,0.0
2024-10-12,wk inc flu hosp,1,2024-10-19,25,quantile,0.2,2.395938559026294
2024-10-12,wk inc flu hosp,1,2024-10-19,25,quantile,0.25,5.327021566354677
2024-10-12,wk inc flu hosp,1,2024-10-19,25,quantile,0.3,7.654147108924747
2024-10-12,wk inc flu hosp,1,2024-10-19,25,quantile,0.35,9.478597933183822
2024-10-12,wk inc flu hosp,1,2024-10-19,25,quantile,0.4,10.681910725736616
2024-10-12,wk inc flu hosp,1,2024-10-19,25,quantile,0.45,12.20201644647258
2024-10-12,wk inc flu hosp,1,2024-10-19,25,quantile,0.5,13.184854971715325
2024-10-12,wk inc flu hosp,1,2024-10-19,25,quantile,0.55,14.300208598917564
2024-10-12,wk inc flu hosp,1,2024-10-19,25,quantile,0.6,15.635548476886314
2024-10-12,wk inc flu hosp,1,2024-10-19,25,quantile,0.65,17.47831435191376
2024-10-12,wk inc flu hosp,1,2024-10-19,25,quantile,0.7,19.21996839751449
2024-10-12,wk inc flu hosp,1,2024-10-19,25,quantile,0.75,20.917039961950277
2024-10-12,wk inc flu hosp,1,2024-10-19,25,quantile,0.8,22.510397001053377
2024-10-12,wk inc flu hosp,1,2024-10-19,25,quantile,0.85,25.28242747900503
2024-10-12,wk inc flu hosp,1,2024-10-19,25,quantile,0.9,28.130871774949075
2024-10-12,wk inc flu hosp,1,2024-10-19,25,quantile,0.95,34.36651518654919
2024-10-12,wk inc flu hosp,1,2024-10-19,25,quantile,0.975,40.13229474740975
2024-10-12,wk inc flu hosp,1,2024-10-19,25,quantile,0.99,44.033543425834914
2024-10-12,wk inc flu hosp,2,2024-10-26,25,quantile,0.01,0.0
2024-10-12,wk inc flu hosp,2,2024-10-26,25,quantile,0.025,0.0
2024-10-12,wk inc flu hosp,2,2024-10-26,25,quantile,0.05,0.0
2024-10-12,wk inc flu hosp,2,2024-10-26,25,quantile,0.1,0.0
2024-10-12,wk inc flu hosp,2,2024-10-26,25,quantile,0.15,0.6738402211822765
2024-10-12,wk inc flu hosp,2,2024-10-26,25,quantile,0.2,3.980241656928134
2024-10-12,wk inc flu hosp,2,2024-10-26,25,quantile,0.25,6.993263838302638
2024-10-12,wk inc flu hosp,2,2024-10-26,25,quantile,0.3,9.067243253658479
2024-10-12,wk inc flu hosp,2,2024-10-26,25,quantile,0.35,11.05452903434269
2024-10-12,wk inc flu hosp,2,2024-10-26,25,quantile,0.4,13.097446430179808
2024-10-12,wk inc flu hosp,2,2024-10-26,25,quantile,0.45,15.25817421857318
2024-10-12,wk inc flu hosp,2,2024-10-26,25,quantile,0.5,17.096329720673516
2024-10-12,wk inc flu hosp,2,2024-10-26,25,quantile,0.55,18.458834312100453
2024-10-12,wk inc flu hosp,2,2024-10-26,25,quantile,0.6,20.558985495186178
2024-10-12,wk inc flu hosp,2,2024-10-26,25,quantile,0.65,22.54823623780326
2024-10-12,wk inc flu hosp,2,2024-10-26,25,quantile,0.7,24.902559984267405
2024-10-12,wk inc flu hosp,2,2024-10-26,25,quantile,0.75,27.50219617007906
2024-10-12,wk inc flu hosp,2,2024-10-26,25,quantile,0.8,30.185182556618518
2024-10-12,wk inc flu hosp,2,2024-10-26,25,quantile,0.85,32.96184250913886
2024-10-12,wk inc flu hosp,2,2024-10-26,25,quantile,0.9,36.48719557597967
2024-10-12,wk inc flu hosp,2,2024-10-26,25,quantile,0.95,44.00943381525622
2024-10-12,wk inc flu hosp,2,2024-10-26,25,quantile,0.975,49.98009202309565
2024-10-12,wk inc flu hosp,2,2024-10-26,25,quantile,0.99,58.64041665246264
2024-10-12,wk inc flu hosp,3,2024-11-02,25,quantile,0.01,0.0
2024-10-12,wk inc flu hosp,3,2024-11-02,25,quantile,0.025,0.0
2024-10-12,wk inc flu hosp,3,2024-11-02,25,quantile,0.05,0.0
2024-10-12,wk inc flu hosp,3,2024-11-02,25,quantile,0.1,0.0
2024-10-12,wk inc flu hosp,3,2024-11-02,25,quantile,0.15,2.3961363838553837
2024-10-12,wk inc flu hosp,3,2024-11-02,25,quantile,0.2,6.798243811322454
2024-10-12,wk inc flu hosp,3,2024-11-02,25,quantile,0.25,10.027196145187414
2024-10-12,wk inc flu hosp,3,2024-11-02,25,quantile,0.3,12.123384758779757
2024-10-12,wk inc flu hosp,3,2024-11-02,25,quantile,0.35,14.777996326613838
2024-10-12,wk inc flu hosp,3,2024-11-02,25,quantile,0.4,16.916395851476135
2024-10-12,wk inc flu hosp,3,2024-11-02,25,quantile,0.45,19.132341502252828
2024-10-12,wk inc flu hosp,3,2024-11-02,25,quantile,0.5,21.336387253399863
2024-10-12,wk inc flu hosp,3,2024-11-02,25,quantile,0.55,23.783159488300846
2024-10-12,wk inc flu hosp,3,2024-11-02,25,quantile,0.6,25.852882481334348
2024-10-12,wk inc flu hosp,3,2024-11-02,25,quantile,0.65,27.806924432557818
2024-10-12,wk inc flu hosp,3,2024-11-02,25,quantile,0.7,29.798808919943244
2024-10-12,wk inc flu hosp,3,2024-11-02,25,quantile,0.75,32.65934033065369
2024-10-12,wk inc flu hosp,3,2024-11-02,25,quantile,0.8,36.24205046384635
2024-10-12,wk inc flu hosp,3,2024-11-02,25,quantile,0.85,39.91694258734019
2024-10-12,wk inc flu hosp,3,2024-11-02,25,quantile,0.9,44.886058034384014
2024-10-12,wk inc flu hosp,3,2024-11-02,25,quantile,0.95,55.08889331432143
2024-10-12,wk inc flu hosp,3,2024-11-02,25,quantile,0.975,62.17740519330729
2024-10-12,wk inc flu hosp,3,2024-11-02,25,quantile,0.99,77.82128383407282
2024-10-12,wk inc flu hosp,0,2024-10-12,26,quantile,0.01,0.0
2024-10-12,wk inc flu hosp,0,2024-10-12,26,quantile,0.025,0.0
2024-10-12,wk inc flu hosp,0,2024-10-12,26,quantile,0.05,0.0
2024-10-12,wk inc flu hosp,0,2024-10-12,26,quantile,0.1,0.0
2024-10-12,wk inc flu hosp,0,2024-10-12,26,quantile,0.15,0.0
2024-10-12,wk inc flu hosp,0,2024-10-12,26,quantile,0.2,0.0
2024-10-12,wk inc flu hosp,0,2024-10-12,26,quantile,0.25,2.824369871696081
2024-10-12,wk inc flu hosp,0,2024-10-12,26,quantile,0.3,6.152616096037489
2024-10-12,wk inc flu hosp,0,2024-10-12,26,quantile,0.35,12.360853845302449
2024-10-12,wk inc flu hosp,0,2024-10-12,26,quantile,0.4,16.740459240207397
2024-10-12,wk inc flu hosp,0,2024-10-12,26,quantile,0.45,22.732365804173092
2024-10-12,wk inc flu hosp,0,2024-10-12,26,quantile,0.5,25.658306538174195
2024-10-12,wk inc flu hosp,0,2024-10-12,26,quantile,0.55,27.085893628150828
2024-10-12,wk inc flu hosp,0,2024-10-12,26,quantile,0.6,39.455396107187546
2024-10-12,wk inc flu hosp,0,2024-10-12,26,quantile,0.65,39.675380368516606
2024-10-12,wk inc flu hosp,0,2024-10-12,26,quantile,0.7,41.17555358189315
2024-10-12,wk inc flu hosp,0,2024-10-12,26,quantile,0.75,42.166316409102826
2024-10-12,wk inc flu hosp,0,2024-10-12,26,quantile,0.8,58.818665802261734
2024-10-12,wk inc flu hosp,0,2024-10-12,26,quantile,0.85,61.07551625115611
2024-10-12,wk inc flu hosp,0,2024-10-12,26,quantile,0.9,87.51843091517755
2024-10-12,wk inc flu hosp,0,2024-10-12,26,quantile,0.95,112.37060368754497
2024-10-12,wk inc flu hosp,0,2024-10-12,26,quantile,0.975,142.1126489076307
2024-10-12,wk inc flu hosp,0,2024-10-12,26,quantile,0.99,982.1723282039841
2024-10-12,wk inc flu hosp,1,2024-10-19,26,quantile,0.01,0.0
2024-10-12,wk inc flu hosp,1,2024-10-19,26,quantile,0.025,0.0
2024-10-12,wk inc flu hosp,1,2024-10-19,26,quantile,0.05,0.0
2024-10-12,wk inc flu hosp,1,2024-10-19,26,quantile,0.1,0.0
2024-10-12,wk inc flu hosp,1,2024-10-19,26,quantile,0.15,0.0
2024-10-12,wk inc flu hosp,1,2024-10-19,26,quantile,0.2,0.0
2024-10-12,wk inc flu hosp,1,2024-10-19,26,quantile,0.25,6.11957540470686
2024-10-12,wk inc flu hosp,1,2024-10-19,26,quantile,0.3,11.774573262485418
2024-10-12,wk inc flu hosp,1,2024-10-19,26,quantile,0.35,16.47880713791851
2024-10-12,wk inc flu hosp,1,2024-10-19,26,quantile,0.4,20.748144310650797
2024-10-12,wk inc flu hosp,1,2024-10-19,26,quantile,0.45,25.893420203331384
2024-10-12,wk inc flu hosp,1,2024-10-19,26,quantile,0.5,30.508364930476098
2024-10-12,wk inc flu hosp,1,2024-10-19,26,quantile,0.55,37.40913165413355
2024-10-12,wk inc flu hosp,1,2024-10-19,26,quantile,0.6,40.405358696325365
2024-10-12,wk inc flu hosp,1,2024-10-19,26,quantile,0.65,45.57592156061628
2024-10-12,wk inc flu hosp,1,2024-10-19,26,quantile,0.7,49.95431109709012
2024-10-12,wk inc flu hosp,1,2024-10-19,26,quantile,0.75,57.85677719365432
2024-10-12,wk inc flu hosp,1,2024-10-19,26,quantile,0.8,66.02591288566326
2024-10-12,wk inc flu hosp,1,2024-10-19,26,quantile,0.85,81.97772804483853
2024-10-12,wk inc flu hosp,1,2024-10-19,26,quantile,0.9,101.35580002988411
2024-10-12,wk inc flu hosp,1,2024-10-19,26,quantile,0.95,147.87702184421468
2024-10-12,wk inc flu hosp,1,2024-10-19,26,quantile,0.975,554.8472260430058
2024-10-12,wk inc flu hosp,1,2024-10-19,26,quantile,0.99,795.0830797998889
2024-10-12,wk inc flu hosp,2,2024-10-26,26,quantile,0.01,0.0
2024-10-12,wk inc flu hosp,2,2024-10-26,26,quantile,0.025,0.0
2024-10-12,wk inc flu hosp,2,2024-10-26,26,quantile,0.05,0.0
2024-10-12,wk inc flu hosp,2,2024-10-26,26,quantile,0.1,0.0
2024-10-12,wk inc flu hosp,2,2024-10-26,26,quantile,0.15,0.0
2024-10-12,wk inc flu hosp,2,2024-10-26,26,quantile,0.2,2.5035994758775195
2024-10-12,wk inc flu hosp,2,2024-10-26,26,quantile,0.25,11.187862043377493
2024-10-12,wk inc flu hosp,2,2024-10-26,26,quantile,0.3,16.53430018139063
2024-10-12,wk inc flu hosp,2,2024-10-26,26,quantile,0.35,22.198693307282863
2024-10-12,wk inc flu hosp,2,2024-10-26,26,quantile,0.4,28.002271437011387
2024-10-12,wk inc flu hosp,2,2024-10-26,26,quantile,0.45,31.99893888157934
2024-10-12,wk inc flu hosp,2,2024-10-26,26,quantile,0.5,38.71140116006167
2024-10-12,wk inc flu hosp,2,2024-10-26,26,quantile,0.55,44.64220725814265
2024-10-12,wk inc flu hosp,2,2024-10-26,26,quantile,0.6,49.769190385033546
2024-10-12,wk inc flu hosp,2,2024-10-26,26,quantile,0.65,55.91583785997295
2024-10-12,wk inc flu hosp,2,2024-10-26,26,quantile,0.7,62.55707856641159
2024-10-12,wk inc flu hosp,2,2024-10-26,26,quantile,0.75,71.20307155767821
2024-10-12,wk inc flu hosp,2,2024-10-26,26,quantile,0.8,82.63855906521718
2024-10-12,wk inc flu hosp,2,2024-10-26,26,quantile,0.85,102.8293286424527
2024-10-12,wk inc flu hosp,2,2024-10-26,26,quantile,0.9,136.72722334855175
2024-10-12,wk inc flu hosp,2,2024-10-26,26,quantile,0.95,480.1328701979794
2024-10-12,wk inc flu hosp,2,2024-10-26,26,quantile,0.975,912.8456353551961
2024-10-12,wk inc flu hosp,2,2024-10-26,26,quantile,0.99,1085.2864094082106
2024-10-12,wk inc flu hosp,3,2024-11-02,26,quantile,0.01,0.0
2024-10-12,wk inc flu hosp,3,2024-11-02,26,quantile,0.025,0.0
2024-10-12,wk inc flu hosp,3,2024-11-02,26,quantile,0.05,0.0
2024-10-12,wk inc flu hosp,3,2024-11-02,26,quantile,0.1,0.0
2024-10-12,wk inc flu hosp,3,2024-11-02,26,quantile,0.15,6.2758926285931
2024-10-12,wk inc flu hosp,3,2024-11-02,26,quantile,0.2,13.527696301687957
2024-10-12,wk inc flu hosp,3,2024-11-02,26,quantile,0.25,19.095194820303625
2024-10-12,wk inc flu hosp,3,2024-11-02,26,quantile,0.3,25.200179747098087
2024-10-12,wk inc flu hosp,3,2024-11-02,26,quantile,0.35,32.80259738483457
2024-10-12,wk inc flu hosp,3,2024-11-02,26,quantile,0.4,39.47712187942191
2024-10-12,wk inc flu hosp,3,2024-11-02,26,quantile,0.45,47.36165800060175
2024-10-12,wk inc flu hosp,3,2024-11-02,26,quantile,0.5,52.73252435265749
2024-10-12,wk inc flu hosp,3,2024-11-02,26,quantile,0.55,58.41260174824836
2024-10-12,wk inc flu hosp,3,2024-11-02,26,quantile,0.6,64.926512848488
2024-10-12,wk inc flu hosp,3,2024-11-02,26,quantile,0.65,73.32177901932013
2024-10-12,wk inc flu hosp,3,2024-11-02,26,quantile,0.7,81.76234118036
2024-10-12,wk inc flu hosp,3,2024-11-02,26,quantile,0.75,91.36445861271858
2024-10-12,wk inc flu hosp,3,2024-11-02,26,quantile,0.8,105.86049530523992
2024-10-12,wk inc flu hosp,3,2024-11-02,26,quantile,0.85,126.45983161580133
2024-10-12,wk inc flu hosp,3,2024-11-02,26,quantile,0.9,190.4519767789484
2024-10-12,wk inc flu hosp,3,2024-11-02,26,quantile,0.95,557.9233070564869
2024-10-12,wk inc flu hosp,3,2024-11-02,26,quantile,0.975,760.790405383384
2024-10-12,wk inc flu hosp,3,2024-11-02,26,quantile,0.99,948.5111796637617
2024-10-12,wk inc flu hosp,0,2024-10-12,27,quantile,0.01,0.0
2024-10-12,wk inc flu hosp,0,2024-10-12,27,quantile,0.025,0.0
2024-10-12,wk inc flu hosp,0,2024-10-12,27,quantile,0.05,0.0
2024-10-12,wk inc flu hosp,0,2024-10-12,27,quantile,0.1,0.0
2024-10-12,wk inc flu hosp,0,2024-10-12,27,quantile,0.15,0.0
2024-10-12,wk inc flu hosp,0,2024-10-12,27,quantile,0.2,0.0
2024-10-12,wk inc flu hosp,0,2024-10-12,27,quantile,0.25,0.0
2024-10-12,wk inc flu hosp,0,2024-10-12,27,quantile,0.3,1.0815821302067201
2024-10-12,wk inc flu hosp,0,2024-10-12,27,quantile,0.35,3.6113574200733645
2024-10-12,wk inc flu hosp,0,2024-10-12,27,quantile,0.4,5.98455133971227
2024-10-12,wk inc flu hosp,0,2024-10-12,27,quantile,0.45,7.150310340798787
2024-10-12,wk inc flu hosp,0,2024-10-12,27,quantile,0.5,9.780164506157128
2024-10-12,wk inc flu hosp,0,2024-10-12,27,quantile,0.55,17.291614900893933
2024-10-12,wk inc flu hosp,0,2024-10-12,27,quantile,0.6,18.883937781711886
2024-10-12,wk inc flu hosp,0,2024-10-12,27,quantile,0.65,22.056763947083365
2024-10-12,wk inc flu hosp,0,2024-10-12,27,quantile,0.7,26.285310648428784
2024-10-12,wk inc flu hosp,0,2024-10-12,27,quantile,0.75,27.572769072125475
2024-10-12,wk inc flu hosp,0,2024-10-12,27,quantile,0.8,28.63415389524563
2024-10-12,wk inc flu hosp,0,2024-10-12,27,quantile,0.85,31.752723552503806
2024-10-12,wk inc flu hosp,0,2024-10-12,27,quantile,0.9,55.04157057820756
2024-10-12,wk inc flu hosp,0,2024-10-12,27,quantile,0.95,82.97335727266207
2024-10-12,wk inc flu hosp,0,2024-10-12,27,quantile,0.975,85.01299196921623
2024-10-12,wk inc flu hosp,0,2024-10-12,27,quantile,0.99,104.07131214460844
2024-10-12,wk inc flu hosp,1,2024-10-19,27,quantile,0.01,0.0
2024-10-12,wk inc flu hosp,1,2024-10-19,27,quantile,0.025,0.0
2024-10-12,wk inc flu hosp,1,2024-10-19,27,quantile,0.05,0.0
2024-10-12,wk inc flu hosp,1,2024-10-19,27,quantile,0.1,0.0
2024-10-12,wk inc flu hosp,1,2024-10-19,27,quantile,0.15,0.0
2024-10-12,wk inc flu hosp,1,2024-10-19,27,quantile,0.2,0.0
2024-10-12,wk inc flu hosp,1,2024-10-19,27,quantile,0.25,0.6614009993793626
2024-10-12,wk inc flu hosp,1,2024-10-19,27,quantile,0.3,3.83586767321927
2024-10-12,wk inc flu hosp,1,2024-10-19,27,quantile,0.35,6.428013290786341
2024-10-12,wk inc flu hosp,1,2024-10-19,27,quantile,0.4,9.201550848823981
2024-10-12,wk inc flu hosp,1,2024-10-19,27,quantile,0.45,12.600031635520555
2024-10-12,wk inc flu hosp,1,2024-10-19,27,quantile,0.5,17.44743002712589
2024-10-12,wk inc flu hosp,1,2024-10-19,27,quantile,0.55,21.94357224273164
2024-10-12,wk inc flu hosp,1,2024-10-19,27,quantile,0.6,24.644589671545127
2024-10-12,wk inc flu hosp,1,2024-10-19,27,quantile,0.65,26.91154083201057
2024-10-12,wk inc flu hosp,1,2024-10-19,27,quantile,0.7,29.106560901949255
2024-10-12,wk inc flu hosp,1,2024-10-19,27,quantile,0.75,32.90008301015844
2024-10-12,wk inc flu hosp,1,2024-10-19,27,quantile,0.8,36.96934523698855
2024-10-12,wk inc flu hosp,1,2024-10-19,27,quantile,0.85,48.80611855248862
2024-10-12,wk inc flu hosp,1,2024-10-19,27,quantile,0.9,69.69751087356555
2024-10-12,wk inc flu hosp,1,2024-10-19,27,quantile,0.95,93.29974055495961
2024-10-12,wk inc flu hosp,1,2024-10-19,27,quantile,0.975,100.96019701510953
2024-10-12,wk inc flu hosp,1,2024-10-19,27,quantile,0.99,111.82623711584957
2024-10-12,wk inc flu hosp,2,2024-10-26,27,quantile,0.01,0.0
2024-10-12,wk inc flu hosp,2,2024-10-26,27,quantile,0.025,0.0
2024-10-12,wk inc flu hosp,2,2024-10-26,27,quantile,0.05,0.0
2024-10-12,wk inc flu hosp,2,2024-10-26,27,quantile,0.1,0.0
2024-10-12,wk inc flu hosp,2,2024-10-26,27,quantile,0.15,0.0
2024-10-12,wk inc flu hosp,2,2024-10-26,27,quantile,0.2,0.8595368007886536
2024-10-12,wk inc flu hosp,2,2024-10-26,27,quantile,0.25,4.325869999521478
2024-10-12,wk inc flu hosp,2,2024-10-26,27,quantile,0.3,7.1544273981789575
2024-10-12,wk inc flu hosp,2,2024-10-26,27,quantile,0.35,10.027784313188135
2024-10-12,wk inc flu hosp,2,2024-10-26,27,quantile,0.4,13.27752604725291
2024-10-12,wk inc flu hosp,2,2024-10-26,27,quantile,0.45,17.128968897248754
2024-10-12,wk inc flu hosp,2,2024-10-26,27,quantile,0.5,20.32672176419114
2024-10-12,wk inc flu hosp,2,2024-10-26,27,quantile,0.55,25.03428145724055
2024-10-12,wk inc flu hosp,2,2024-10-26,27,quantile,0.6,27.34198312076709
2024-10-12,wk inc flu hosp,2,2024-10-26,27,quantile,0.65,30.698237602869646
2024-10-12,wk inc flu hosp,2,2024-10-26,27,quantile,0.7,33.99582218425183
2024-10-12,wk inc flu hosp,2,2024-10-26,27,quantile,0.75,38.41494390888915
2024-10-12,wk inc flu hosp,2,2024-10-26,27,quantile,0.8,47.2580310778442
2024-10-12,wk inc flu hosp,2,2024-10-26,27,quantile,0.85,62.79924607203672
2024-10-12,wk inc flu hosp,2,2024-10-26,27,quantile,0.9,80.7824896656847
2024-10-12,wk inc flu hosp,2,2024-10-26,27,quantile,0.95,106.78741870181798
2024-10-12,wk inc flu hosp,2,2024-10-26,27,quantile,0.975,123.50095877878579
2024-10-12,wk inc flu hosp,2,2024-10-26,27,quantile,0.99,134.00929780193965
2024-10-12,wk inc flu hosp,3,2024-11-02,27,quantile,0.01,0.0
2024-10-12,wk inc flu hosp,3,2024-11-02,27,quantile,0.025,0.0
2024-10-12,wk inc flu hosp,3,2024-11-02,27,quantile,0.05,0.0
2024-10-12,wk inc flu hosp,3,2024-11-02,27,quantile,0.1,0.0
2024-10-12,wk inc flu hosp,3,2024-11-02,27,quantile,0.15,0.93083363326334
2024-10-12,wk inc flu hosp,3,2024-11-02,27,quantile,0.2,5.541344413703027
2024-10-12,wk inc flu hosp,3,2024-11-02,27,quantile,0.25,7.836902379115482
2024-10-12,wk inc flu hosp,3,2024-11-02,27,quantile,0.3,11.645739745358963
2024-10-12,wk inc flu hosp,3,2024-11-02,27,quantile,0.35,15.152419670182843
2024-10-12,wk inc flu hosp,3,2024-11-02,27,quantile,0.4,18.69707891014688
2024-10-12,wk inc flu hosp,3,2024-11-02,27,quantile,0.45,22.350238614709284
2024-10-12,wk inc flu hosp,3,2024-11-02,27,quantile,0.5,26.569839180674254
2024-10-12,wk inc flu hosp,3,2024-11-02,27,quantile,0.55,29.753716621101297
2024-10-12,wk inc flu hosp,3,2024-11-02,27,quantile,0.6,34.043559230775756
2024-10-12,wk inc flu hosp,3,2024-11-02,27,quantile,0.65,37.745491804423395
2024-10-12,wk inc flu hosp,3,2024-11-02,27,quantile,0.7,43.088748810920684
2024-10-12,wk inc flu hosp,3,2024-11-02,27,quantile,0.75,49.763508771461
2024-10-12,wk inc flu hosp,3,2024-11-02,27,quantile,0.8,60.49487695564586
2024-10-12,wk inc flu hosp,3,2024-11-02,27,quantile,0.85,76.79559649492683
2024-10-12,wk inc flu hosp,3,2024-11-02,27,quantile,0.9,92.24329043169888
2024-10-12,wk inc flu hosp,3,2024-11-02,27,quantile,0.95,113.76963793257325
2024-10-12,wk inc flu hosp,3,2024-11-02,27,quantile,0.975,129.97971053366996
2024-10-12,wk inc flu hosp,3,2024-11-02,27,quantile,0.99,161.11816418674414
2024-10-12,wk inc flu hosp,0,2024-10-12,28,quantile,0.01,0.0
2024-10-12,wk inc flu hosp,0,2024-10-12,28,quantile,0.025,0.0
2024-10-12,wk inc flu hosp,0,2024-10-12,28,quantile,0.05,0.0
2024-10-12,wk inc flu hosp,0,2024-10-12,28,quantile,0.1,7.969286424040887
2024-10-12,wk inc flu hosp,0,2024-10-12,28,quantile,0.15,10.23886503729386
2024-10-12,wk inc flu hosp,0,2024-10-12,28,quantile,0.2,16.302663623940198
2024-10-12,wk inc flu hosp,0,2024-10-12,28,quantile,0.25,16.96992308024473
2024-10-12,wk inc flu hosp,0,2024-10-12,28,quantile,0.3,17.928571380146366
2024-10-12,wk inc flu hosp,0,2024-10-12,28,quantile,0.35,18.83393291920746
2024-10-12,wk inc flu hosp,0,2024-10-12,28,quantile,0.4,20.384002550852582
2024-10-12,wk inc flu hosp,0,2024-10-12,28,quantile,0.45,22.731494388606265
2024-10-12,wk inc flu hosp,0,2024-10-12,28,quantile,0.5,24.951991296522934
2024-10-12,wk inc flu hosp,0,2024-10-12,28,quantile,0.55,25.738681930412326
2024-10-12,wk inc flu hosp,0,2024-10-12,28,quantile,0.6,26.67109380731422
2024-10-12,wk inc flu hosp,0,2024-10-12,28,quantile,0.65,27.610098726667314
2024-10-12,wk inc flu hosp,0,2024-10-12,28,quantile,0.7,28.313476301602698
2024-10-12,wk inc flu hosp,0,2024-10-12,28,quantile,0.75,32.23363336964646
2024-10-12,wk inc flu hosp,0,2024-10-12,28,quantile,0.8,33.231438297291334
2024-10-12,wk inc flu hosp,0,2024-10-12,28,quantile,0.85,33.77021341946592
2024-10-12,wk inc flu hosp,0,2024-10-12,28,quantile,0.9,42.02910363089553
2024-10-12,wk inc flu hosp,0,2024-10-12,28,quantile,0.95,44.62166334805181
2024-10-12,wk inc flu hosp,0,2024-10-12,28,quantile,0.975,58.16978298170545
2024-10-12,wk inc flu hosp,0,2024-10-12,28,quantile,0.99,93.44300317931688
2024-10-12,wk inc flu hosp,1,2024-10-19,28,quantile,0.01,0.0
2024-10-12,wk inc flu hosp,1,2024-10-19,28,quantile,0.025,0.0
2024-10-12,wk inc flu hosp,1,2024-10-19,28,quantile,0.05,0.0
2024-10-12,wk inc flu hosp,1,2024-10-19,28,quantile,0.1,11.099567471586273
2024-10-12,wk inc flu hosp,1,2024-10-19,28,quantile,0.15,15.710526058233016
2024-10-12,wk inc flu hosp,1,2024-10-19,28,quantile,0.2,19.053363013396524
2024-10-12,wk inc flu hosp,1,2024-10-19,28,quantile,0.25,21.38149518760875
2024-10-12,wk inc flu hosp,1,2024-10-19,28,quantile,0.3,23.100166046095012
2024-10-12,wk inc flu hosp,1,2024-10-19,28,quantile,0.35,24.726758185125487
2024-10-12,wk inc flu hosp,1,2024-10-19,28,quantile,0.4,26.07089576495552
2024-10-12,wk inc flu hosp,1,2024-10-19,28,quantile,0.45,27.298759675926163
2024-10-12,wk inc flu hosp,1,2024-10-19,28,quantile,0.5,28.720233000902603
2024-10-12,wk inc flu hosp,1,2024-10-19,28,quantile,0.55,30.029146746917917
2024-10-12,wk inc flu hosp,1,2024-10-19,28,quantile,0.6,31.493542761386536
2024-10-12,wk inc flu hosp,1,2024-10-19,28,quantile,0.65,32.71562423153605
2024-10-12,wk inc flu hosp,1,2024-10-19,28,quantile,0.7,35.4098249337577
2024-10-12,wk inc flu hosp,1,2024-10-19,28,quantile,0.75,36.854299712355576
2024-10-12,wk inc flu hosp,1,2024-10-19,28,quantile,0.8,38.75550230633181
2024-10-12,wk inc flu hosp,1,2024-10-19,28,quantile,0.85,43.75478330134277
2024-10-12,wk inc flu hosp,1,2024-10-19,28,quantile,0.9,48.06988605683127
2024-10-12,wk inc flu hosp,1,2024-10-19,28,quantile,0.95,54.88939617282825
2024-10-12,wk inc flu hosp,1,2024-10-19,28,quantile,0.975,69.85150232166359
2024-10-12,wk inc flu hosp,1,2024-10-19,28,quantile,0.99,96.41795391634031
2024-10-12,wk inc flu hosp,2,2024-10-26,28,quantile,0.01,0.0
2024-10-12,wk inc flu hosp,2,2024-10-26,28,quantile,0.025,0.0
2024-10-12,wk inc flu hosp,2,2024-10-26,28,quantile,0.05,3.1980884714727904
2024-10-12,wk inc flu hosp,2,2024-10-26,28,quantile,0.1,12.399155178471245
2024-10-12,wk inc flu hosp,2,2024-10-26,28,quantile,0.15,17.970691793462173
2024-10-12,wk inc flu hosp,2,2024-10-26,28,quantile,0.2,21.628903123942962
2024-10-12,wk inc flu hosp,2,2024-10-26,28,quantile,0.25,23.907989875570586
2024-10-12,wk inc flu hosp,2,2024-10-26,28,quantile,0.3,25.805357378369205
2024-10-12,wk inc flu hosp,2,2024-10-26,28,quantile,0.35,27.487993103532705
2024-10-12,wk inc flu hosp,2,2024-10-26,28,quantile,0.4,29.41964181363971
2024-10-12,wk inc flu hosp,2,2024-10-26,28,quantile,0.45,30.83104733419807
2024-10-12,wk inc flu hosp,2,2024-10-26,28,quantile,0.5,32.74159067356357
2024-10-12,wk inc flu hosp,2,2024-10-26,28,quantile,0.55,34.739130113840424
2024-10-12,wk inc flu hosp,2,2024-10-26,28,quantile,0.6,36.352502580954216
2024-10-12,wk inc flu hosp,2,2024-10-26,28,quantile,0.65,38.54323450190513
2024-10-12,wk inc flu hosp,2,2024-10-26,28,quantile,0.7,40.7743829927831
2024-10-12,wk inc flu hosp,2,2024-10-26,28,quantile,0.75,43.04127199173092
2024-10-12,wk inc flu hosp,2,2024-10-26,28,quantile,0.8,46.12402244868588
2024-10-12,wk inc flu hosp,2,2024-10-26,28,quantile,0.85,49.71891401003633
2024-10-12,wk inc flu hosp,2,2024-10-26,28,quantile,0.9,55.27904166904307
2024-10-12,wk inc flu hosp,2,2024-10-26,28,quantile,0.95,64.55517269411806
2024-10-12,wk inc flu hosp,2,2024-10-26,28,quantile,0.975,75.69933460035386
2024-10-12,wk inc flu hosp,2,2024-10-26,28,quantile,0.99,92.47050177871022
2024-10-12,wk inc flu hosp,3,2024-11-02,28,quantile,0.01,0.0
2024-10-12,wk inc flu hosp,3,2024-11-02,28,quantile,0.025,2.3923522860730095
2024-10-12,wk inc flu hosp,3,2024-11-02,28,quantile,0.05,9.00495795314805
2024-10-12,wk inc flu hosp,3,2024-11-02,28,quantile,0.1,18.145200109863698
2024-10-12,wk inc flu hosp,3,2024-11-02,28,quantile,0.15,22.517604641854437
2024-10-12,wk inc flu hosp,3,2024-11-02,28,quantile,0.2,25.560625773482496
2024-10-12,wk inc flu hosp,3,2024-11-02,28,quantile,0.25,28.93995299207674
2024-10-12,wk inc flu hosp,3,2024-11-02,28,quantile,0.3,31.3203339291098
2024-10-12,wk inc flu hosp,3,2024-11-02,28,quantile,0.35,34.063260564392124
2024-10-12,wk inc flu hosp,3,2024-11-02,28,quantile,0.4,36.52498188221371
2024-10-12,wk inc flu hosp,3,2024-11-02,28,quantile,0.45,38.3927512437039
2024-10-12,wk inc flu hosp,3,2024-11-02,28,quantile,0.5,40.391889038644564
2024-10-12,wk inc flu hosp,3,2024-11-02,28,quantile,0.55,42.400200609565715
2024-10-12,wk inc flu hosp,3,2024-11-02,28,quantile,0.6,44.272883965229724
2024-10-12,wk inc flu hosp,3,2024-11-02,28,quantile,0.65,46.57402582301788
2024-10-12,wk inc flu hosp,3,2024-11-02,28,quantile,0.7,49.62671087653368
2024-10-12,wk inc flu hosp,3,2024-11-02,28,quantile,0.75,53.23993253827101
2024-10-12,wk inc flu hosp,3,2024-11-02,28,quantile,0.8,56.30562040110667
2024-10-12,wk inc flu hosp,3,2024-11-02,28,quantile,0.85,61.45719549522185
2024-10-12,wk inc flu hosp,3,2024-11-02,28,quantile,0.9,69.11724598220691
2024-10-12,wk inc flu hosp,3,2024-11-02,28,quantile,0.95,87.60327899599424
2024-10-12,wk inc flu hosp,3,2024-11-02,28,quantile,0.975,113.9558167843338
2024-10-12,wk inc flu hosp,3,2024-11-02,28,quantile,0.99,135.0334105296026
2024-10-12,wk inc flu hosp,0,2024-10-12,29,quantile,0.01,0.0
2024-10-12,wk inc flu hosp,0,2024-10-12,29,quantile,0.025,0.0
2024-10-12,wk inc flu hosp,0,2024-10-12,29,quantile,0.05,0.0
2024-10-12,wk inc flu hosp,0,2024-10-12,29,quantile,0.1,0.0
2024-10-12,wk inc flu hosp,0,2024-10-12,29,quantile,0.15,0.0
2024-10-12,wk inc flu hosp,0,2024-10-12,29,quantile,0.2,0.0
2024-10-12,wk inc flu hosp,0,2024-10-12,29,quantile,0.25,0.0
2024-10-12,wk inc flu hosp,0,2024-10-12,29,quantile,0.3,0.0
2024-10-12,wk inc flu hosp,0,2024-10-12,29,quantile,0.35,0.0
2024-10-12,wk inc flu hosp,0,2024-10-12,29,quantile,0.4,4.730300636240752
2024-10-12,wk inc flu hosp,0,2024-10-12,29,quantile,0.45,6.629347493146076
2024-10-12,wk inc flu hosp,0,2024-10-12,29,quantile,0.5,7.835247771899516
2024-10-12,wk inc flu hosp,0,2024-10-12,29,quantile,0.55,12.971387395101205
2024-10-12,wk inc flu hosp,0,2024-10-12,29,quantile,0.6,19.068614420139472
2024-10-12,wk inc flu hosp,0,2024-10-12,29,quantile,0.65,20.989590770571066
2024-10-12,wk inc flu hosp,0,2024-10-12,29,quantile,0.7,27.500115917406177
2024-10-12,wk inc flu hosp,0,2024-10-12,29,quantile,0.75,38.31438481686966
2024-10-12,wk inc flu hosp,0,2024-10-12,29,quantile,0.8,39.13998966330573
2024-10-12,wk inc flu hosp,0,2024-10-12,29,quantile,0.85,55.060246191094244
2024-10-12,wk inc flu hosp,0,2024-10-12,29,quantile,0.9,61.20959190860368
2024-10-12,wk inc flu hosp,0,2024-10-12,29,quantile,0.95,70.30220902402482
2024-10-12,wk inc flu hosp,0,2024-10-12,29,quantile,0.975,80.15141810456967
2024-10-12,wk inc flu hosp,0,2024-10-12,29,quantile,0.99,178.58161407184474
2024-10-12,wk inc flu hosp,1,2024-10-19,29,quantile,0.01,0.0
2024-10-12,wk inc flu hosp,1,2024-10-19,29,quantile,0.025,0.0
2024-10-12,wk inc flu hosp,1,2024-10-19,29,quantile,0.05,0.0
2024-10-12,wk inc flu hosp,1,2024-10-19,29,quantile,0.1,0.0
2024-10-12,wk inc flu hosp,1,2024-10-19,29,quantile,0.15,0.0
2024-10-12,wk inc flu hosp,1,2024-10-19,29,quantile,0.2,0.0
2024-10-12,wk inc flu hosp,1,2024-10-19,29,quantile,0.25,0.0
2024-10-12,wk inc flu hosp,1,2024-10-19,29,quantile,0.3,0.0
2024-10-12,wk inc flu hosp,1,2024-10-19,29,quantile,0.35,0.0
2024-10-12,wk inc flu hosp,1,2024-10-19,29,quantile,0.4,2.819514991422829
2024-10-12,wk inc flu hosp,1,2024-10-19,29,quantile,0.45,7.324726524078173
2024-10-12,wk inc flu hosp,1,2024-10-19,29,quantile,0.5,11.374705505062327
2024-10-12,wk inc flu hosp,1,2024-10-19,29,quantile,0.55,16.03168153029941
2024-10-12,wk inc flu hosp,1,2024-10-19,29,quantile,0.6,21.067003852547483
2024-10-12,wk inc flu hosp,1,2024-10-19,29,quantile,0.65,25.081203951929083
2024-10-12,wk inc flu hosp,1,2024-10-19,29,quantile,0.7,31.633727737832324
2024-10-12,wk inc flu hosp,1,2024-10-19,29,quantile,0.75,39.9219656523035
2024-10-12,wk inc flu hosp,1,2024-10-19,29,quantile,0.8,47.4117768910527
2024-10-12,wk inc flu hosp,1,2024-10-19,29,quantile,0.85,55.98280582488803
2024-10-12,wk inc flu hosp,1,2024-10-19,29,quantile,0.9,69.39715658372776
2024-10-12,wk inc flu hosp,1,2024-10-19,29,quantile,0.95,85.67414521773321
2024-10-12,wk inc flu hosp,1,2024-10-19,29,quantile,0.975,120.8003156140702
2024-10-12,wk inc flu hosp,1,2024-10-19,29,quantile,0.99,158.88898335623762
2024-10-12,wk inc flu hosp,2,2024-10-26,29,quantile,0.01,0.0
2024-10-12,wk inc flu hosp,2,2024-10-26,29,quantile,0.025,0.0
2024-10-12,wk inc flu hosp,2,2024-10-26,29,quantile,0.05,0.0
2024-10-12,wk inc flu hosp,2,2024-10-26,29,quantile,0.1,0.0
2024-10-12,wk inc flu hosp,2,2024-10-26,29,quantile,0.15,0.0
2024-10-12,wk inc flu hosp,2,2024-10-26,29,quantile,0.2,0.0
2024-10-12,wk inc flu hosp,2,2024-10-26,29,quantile,0.25,0.0
2024-10-12,wk inc flu hosp,2,2024-10-26,29,quantile,0.3,0.0
2024-10-12,wk inc flu hosp,2,2024-10-26,29,quantile,0.35,1.657677043298517
2024-10-12,wk inc flu hosp,2,2024-10-26,29,quantile,0.4,6.502651557955278
2024-10-12,wk inc flu hosp,2,2024-10-26,29,quantile,0.45,12.867459298686619
2024-10-12,wk inc flu hosp,2,2024-10-26,29,quantile,0.5,17.784642207709407
2024-10-12,wk inc flu hosp,2,2024-10-26,29,quantile,0.55,23.51916548481896
2024-10-12,wk inc flu hosp,2,2024-10-26,29,quantile,0.6,28.790055486898183
2024-10-12,wk inc flu hosp,2,2024-10-26,29,quantile,0.65,33.70476358753452
2024-10-12,wk inc flu hosp,2,2024-10-26,29,quantile,0.7,42.60069386959336
2024-10-12,wk inc flu hosp,2,2024-10-26,29,quantile,0.75,51.62859488211187
2024-10-12,wk inc flu hosp,2,2024-10-26,29,quantile,0.8,59.562602357016836
2024-10-12,wk inc flu hosp,2,2024-10-26,29,quantile,0.85,69.27028515512822
2024-10-12,wk inc flu hosp,2,2024-10-26,29,quantile,0.9,81.89730782558964
2024-10-12,wk inc flu hosp,2,2024-10-26,29,quantile,0.95,103.92243188516476
2024-10-12,wk inc flu hosp,2,2024-10-26,29,quantile,0.975,133.97862091534853
2024-10-12,wk inc flu hosp,2,2024-10-26,29,quantile,0.99,188.03574727299554
2024-10-12,wk inc flu hosp,3,2024-11-02,29,quantile,0.01,0.0
2024-10-12,wk inc flu hosp,3,2024-11-02,29,quantile,0.025,0.0
2024-10-12,wk inc flu hosp,3,2024-11-02,29,quantile,0.05,0.0
2024-10-12,wk inc flu hosp,3,2024-11-02,29,quantile,0.1,0.0
2024-10-12,wk inc flu hosp,3,2024-11-02,29,quantile,0.15,0.0
2024-10-12,wk inc flu hosp,3,2024-11-02,29,quantile,0.2,2.062519206788071
2024-10-12,wk inc flu hosp,3,2024-11-02,29,quantile,0.25,8.349843655794018
2024-10-12,wk inc flu hosp,3,2024-11-02,29,quantile,0.3,13.271535819891128
2024-10-12,wk inc flu hosp,3,2024-11-02,29,quantile,0.35,18.54322268963569
2024-10-12,wk inc flu hosp,3,2024-11-02,29,quantile,0.4,23.82170608508635
2024-10-12,wk inc flu hosp,3,2024-11-02,29,quantile,0.45,29.961921689564956
2024-10-12,wk inc flu hosp,3,2024-11-02,29,quantile,0.5,35.213632872507176
2024-10-12,wk inc flu hosp,3,2024-11-02,29,quantile,0.55,40.29827833495592
2024-10-12,wk inc flu hosp,3,2024-11-02,29,quantile,0.6,44.29730227598544
2024-10-12,wk inc flu hosp,3,2024-11-02,29,quantile,0.65,52.23950733627354
2024-10-12,wk inc flu hosp,3,2024-11-02,29,quantile,0.7,59.97980091724524
2024-10-12,wk inc flu hosp,3,2024-11-02,29,quantile,0.75,69.91260249305553
2024-10-12,wk inc flu hosp,3,2024-11-02,29,quantile,0.8,79.53471082538147
2024-10-12,wk inc flu hosp,3,2024-11-02,29,quantile,0.85,87.45806731894879
2024-10-12,wk inc flu hosp,3,2024-11-02,29,quantile,0.9,96.53693140813166
2024-10-12,wk inc flu hosp,3,2024-11-02,29,quantile,0.95,129.06771391466188
2024-10-12,wk inc flu hosp,3,2024-11-02,29,quantile,0.975,178.41168387937302
2024-10-12,wk inc flu hosp,3,2024-11-02,29,quantile,0.99,222.39091565979712
2024-10-12,wk inc flu hosp,0,2024-10-12,30,quantile,0.01,0.0
2024-10-12,wk inc flu hosp,0,2024-10-12,30,quantile,0.025,0.0
2024-10-12,wk inc flu hosp,0,2024-10-12,30,quantile,0.05,0.0
2024-10-12,wk inc flu hosp,0,2024-10-12,30,quantile,0.1,0.07181332190633342
2024-10-12,wk inc flu hosp,0,2024-10-12,30,quantile,0.15,0.16953807946459595
2024-10-12,wk inc flu hosp,0,2024-10-12,30,quantile,0.2,0.2723396360421081
2024-10-12,wk inc flu hosp,0,2024-10-12,30,quantile,0.25,0.5726000448364539
2024-10-12,wk inc flu hosp,0,2024-10-12,30,quantile,0.3,0.7891953143577499
2024-10-12,wk inc flu hosp,0,2024-10-12,30,quantile,0.35,1.0048156310531788
2024-10-12,wk inc flu hosp,0,2024-10-12,30,quantile,0.4,1.1966402710203499
2024-10-12,wk inc flu hosp,0,2024-10-12,30,quantile,0.45,1.3437063202077961
2024-10-12,wk inc flu hosp,0,2024-10-12,30,quantile,0.5,1.5047419392140475
2024-10-12,wk inc flu hosp,0,2024-10-12,30,quantile,0.55,1.6137942872020894
2024-10-12,wk inc flu hosp,0,2024-10-12,30,quantile,0.6,1.8432310765180622
2024-10-12,wk inc flu hosp,0,2024-10-12,30,quantile,0.65,2.1961158889960073
2024-10-12,wk inc flu hosp,0,2024-10-12,30,quantile,0.7,3.4920808247482125
2024-10-12,wk inc flu hosp,0,2024-10-12,30,quantile,0.75,3.632220030432221
2024-10-12,wk inc flu hosp,0,2024-10-12,30,quantile,0.8,4.236031473725253
2024-10-12,wk inc flu hosp,0,2024-10-12,30,quantile,0.85,4.51672864026833
2024-10-12,wk inc flu hosp,0,2024-10-12,30,quantile,0.9,6.627747475926495
2024-10-12,wk inc flu hosp,0,2024-10-12,30,quantile,0.95,10.498299222452548
2024-10-12,wk inc flu hosp,0,2024-10-12,30,quantile,0.975,12.692425683353132
2024-10-12,wk inc flu hosp,0,2024-10-12,30,quantile,0.99,17.407064851864686
2024-10-12,wk inc flu hosp,1,2024-10-19,30,quantile,0.01,0.0
2024-10-12,wk inc flu hosp,1,2024-10-19,30,quantile,0.025,0.0
2024-10-12,wk inc flu hosp,1,2024-10-19,30,quantile,0.05,0.14591312693125952
2024-10-12,wk inc flu hosp,1,2024-10-19,30,quantile,0.1,0.3515822770270763
2024-10-12,wk inc flu hosp,1,2024-10-19,30,quantile,0.15,0.5107570055523677
2024-10-12,wk inc flu hosp,1,2024-10-19,30,quantile,0.2,0.7188262129199148
2024-10-12,wk inc flu hosp,1,2024-10-19,30,quantile,0.25,1.023370104452508
2024-10-12,wk inc flu hosp,1,2024-10-19,30,quantile,0.3,1.230755480986506
2024-10-12,wk inc flu hosp,1,2024-10-19,30,quantile,0.35,1.444533776651482
2024-10-12,wk inc flu hosp,1,2024-10-19,30,quantile,0.4,1.6337476939264064
2024-10-12,wk inc flu hosp,1,2024-10-19,30,quantile,0.45,1.8190819703188683
2024-10-12,wk inc flu hosp,1,2024-10-19,30,quantile,0.5,1.9733015386761559
2024-10-12,wk inc flu hosp,1,2024-10-19,30,quantile,0.55,2.1676411071412294
2024-10-12,wk inc flu hosp,1,2024-10-19,30,quantile,0.6,2.469316683317361
2024-10-12,wk inc flu hosp,1,2024-10-19,30,quantile,0.65,3.1823781917627136
2024-10-12,wk inc flu hosp,1,2024-10-19,30,quantile,0.7,4.106126936464396
2024-10-12,wk inc flu hosp,1,2024-10-19,30,quantile,0.75,4.578397873066738
2024-10-12,wk inc flu hosp,1,2024-10-19,30,quantile,0.8,4.954562535160789
2024-10-12,wk inc flu hosp,1,2024-10-19,30,quantile,0.85,5.575612517770993
2024-10-12,wk inc flu hosp,1,2024-10-19,30,quantile,0.9,7.559925625334215
2024-10-12,wk inc flu hosp,1,2024-10-19,30,quantile,0.95,11.986782490543156
2024-10-12,wk inc flu hosp,1,2024-10-19,30,quantile,0.975,16.218670588536455
2024-10-12,wk inc flu hosp,1,2024-10-19,30,quantile,0.99,19.236383796638197
2024-10-12,wk inc flu hosp,2,2024-10-26,30,quantile,0.01,0.0
2024-10-12,wk inc flu hosp,2,2024-10-26,30,quantile,0.025,0.0
2024-10-12,wk inc flu hosp,2,2024-10-26,30,quantile,0.05,0.27672401414406367
2024-10-12,wk inc flu hosp,2,2024-10-26,30,quantile,0.1,0.6423996681316217
2024-10-12,wk inc flu hosp,2,2024-10-26,30,quantile,0.15,0.8772518703700126
2024-10-12,wk inc flu hosp,2,2024-10-26,30,quantile,0.2,1.156948037179926
2024-10-12,wk inc flu hosp,2,2024-10-26,30,quantile,0.25,1.4094643766204085
2024-10-12,wk inc flu hosp,2,2024-10-26,30,quantile,0.3,1.669260338851208
2024-10-12,wk inc flu hosp,2,2024-10-26,30,quantile,0.35,1.8607709546668842
2024-10-12,wk inc flu hosp,2,2024-10-26,30,quantile,0.4,2.083170410538239
2024-10-12,wk inc flu hosp,2,2024-10-26,30,quantile,0.45,2.2619551973163285
2024-10-12,wk inc flu hosp,2,2024-10-26,30,quantile,0.5,2.50145988361726
2024-10-12,wk inc flu hosp,2,2024-10-26,30,quantile,0.55,2.795784700228188
2024-10-12,wk inc flu hosp,2,2024-10-26,30,quantile,0.6,3.1638066628559596
2024-10-12,wk inc flu hosp,2,2024-10-26,30,quantile,0.65,4.093499288774267
2024-10-12,wk inc flu hosp,2,2024-10-26,30,quantile,0.7,4.703843296569253
2024-10-12,wk inc flu hosp,2,2024-10-26,30,quantile,0.75,5.269434000855866
2024-10-12,wk inc flu hosp,2,2024-10-26,30,quantile,0.8,5.812510339976202
2024-10-12,wk inc flu hosp,2,2024-10-26,30,quantile,0.85,6.934609157480313
2024-10-12,wk inc flu hosp,2,2024-10-26,30,quantile,0.9,9.473400649218304
2024-10-12,wk inc flu hosp,2,2024-10-26,30,quantile,0.95,13.201377487501407
2024-10-12,wk inc flu hosp,2,2024-10-26,30,quantile,0.975,18.040169950382303
2024-10-12,wk inc flu hosp,2,2024-10-26,30,quantile,0.99,21.35732797200679
2024-10-12,wk inc flu hosp,3,2024-11-02,30,quantile,0.01,0.0
2024-10-12,wk inc flu hosp,3,2024-11-02,30,quantile,0.025,0.0
2024-10-12,wk inc flu hosp,3,2024-11-02,30,quantile,0.05,0.3058456816033406
2024-10-12,wk inc flu hosp,3,2024-11-02,30,quantile,0.1,0.9267280171889357
2024-10-12,wk inc flu hosp,3,2024-11-02,30,quantile,0.15,1.1582112084151843
2024-10-12,wk inc flu hosp,3,2024-11-02,30,quantile,0.2,1.6032702647500203
2024-10-12,wk inc flu hosp,3,2024-11-02,30,quantile,0.25,1.9204125451789542
2024-10-12,wk inc flu hosp,3,2024-11-02,30,quantile,0.3,2.2419776349130065
2024-10-12,wk inc flu hosp,3,2024-11-02,30,quantile,0.35,2.5361895995177735
2024-10-12,wk inc flu hosp,3,2024-11-02,30,quantile,0.4,2.751697003292912
2024-10-12,wk inc flu hosp,3,2024-11-02,30,quantile,0.45,3.0186165991035105
2024-10-12,wk inc flu hosp,3,2024-11-02,30,quantile,0.5,3.3476059105809144
2024-10-12,wk inc flu hosp,3,2024-11-02,30,quantile,0.55,3.7252434233755616
2024-10-12,wk inc flu hosp,3,2024-11-02,30,quantile,0.6,4.557994982499423
2024-10-12,wk inc flu hosp,3,2024-11-02,30,quantile,0.65,5.317564242957676
2024-10-12,wk inc flu hosp,3,2024-11-02,30,quantile,0.7,5.973787987484541
2024-10-12,wk inc flu hosp,3,2024-11-02,30,quantile,0.75,6.500792649727865
2024-10-12,wk inc flu hosp,3,2024-11-02,30,quantile,0.8,7.591725758129002
2024-10-12,wk inc flu hosp,3,2024-11-02,30,quantile,0.85,9.264001266274224
2024-10-12,wk inc flu hosp,3,2024-11-02,30,quantile,0.9,11.77843066938687
2024-10-12,wk inc flu hosp,3,2024-11-02,30,quantile,0.95,14.480337296084619
2024-10-12,wk inc flu hosp,3,2024-11-02,30,quantile,0.975,19.123197317077498
2024-10-12,wk inc flu hosp,3,2024-11-02,30,quantile,0.99,22.862891673610346
2024-10-12,wk inc flu hosp,0,2024-10-12,31,quantile,0.01,0.0
2024-10-12,wk inc flu hosp,0,2024-10-12,31,quantile,0.025,0.0
2024-10-12,wk inc flu hosp,0,2024-10-12,31,quantile,0.05,0.0
2024-10-12,wk inc flu hosp,0,2024-10-12,31,quantile,0.1,1.6650209484806187
2024-10-12,wk inc flu hosp,0,2024-10-12,31,quantile,0.15,3.1893366066601834
2024-10-12,wk inc flu hosp,0,2024-10-12,31,quantile,0.2,4.3190714740969565
2024-10-12,wk inc flu hosp,0,2024-10-12,31,quantile,0.25,5.560365532617437
2024-10-12,wk inc flu hosp,0,2024-10-12,31,quantile,0.3,7.147289478278427
2024-10-12,wk inc flu hosp,0,2024-10-12,31,quantile,0.35,8.56595064620302
2024-10-12,wk inc flu hosp,0,2024-10-12,31,quantile,0.4,11.238984002660263
2024-10-12,wk inc flu hosp,0,2024-10-12,31,quantile,0.45,12.96468813089955
2024-10-12,wk inc flu hosp,0,2024-10-12,31,quantile,0.5,13.3599015977109
2024-10-12,wk inc flu hosp,0,2024-10-12,31,quantile,0.55,14.120389973253692
2024-10-12,wk inc flu hosp,0,2024-10-12,31,quantile,0.6,19.94299435493867
2024-10-12,wk inc flu hosp,0,2024-10-12,31,quantile,0.65,21.68104346419368
2024-10-12,wk inc flu hosp,0,2024-10-12,31,quantile,0.7,22.92564057480535
2024-10-12,wk inc flu hosp,0,2024-10-12,31,quantile,0.75,26.651831464601962
2024-10-12,wk inc flu hosp,0,2024-10-12,31,quantile,0.8,27.958207876506766
2024-10-12,wk inc flu hosp,0,2024-10-12,31,quantile,0.85,38.030610975952584
2024-10-12,wk inc flu hosp,0,2024-10-12,31,quantile,0.9,47.78289376324743
2024-10-12,wk inc flu hosp,0,2024-10-12,31,quantile,0.95,61.08751169156554
2024-10-12,wk inc flu hosp,0,2024-10-12,31,quantile,0.975,102.46163764235361
2024-10-12,wk inc flu hosp,0,2024-10-12,31,quantile,0.99,115.10546977605831
2024-10-12,wk inc flu hosp,1,2024-10-19,31,quantile,0.01,0.0
2024-10-12,wk inc flu hosp,1,2024-10-19,31,quantile,0.025,0.0
2024-10-12,wk inc flu hosp,1,2024-10-19,31,quantile,0.05,0.8472013202441827
2024-10-12,wk inc flu hosp,1,2024-10-19,31,quantile,0.1,3.259628839866191
2024-10-12,wk inc flu hosp,1,2024-10-19,31,quantile,0.15,4.578779264251458
2024-10-12,wk inc flu hosp,1,2024-10-19,31,quantile,0.2,5.918902682656624
2024-10-12,wk inc flu hosp,1,2024-10-19,31,quantile,0.25,6.998493136460459
2024-10-12,wk inc flu hosp,1,2024-10-19,31,quantile,0.3,8.278407925807304
2024-10-12,wk inc flu hosp,1,2024-10-19,31,quantile,0.35,9.269421600418738
2024-10-12,wk inc flu hosp,1,2024-10-19,31,quantile,0.4,12.829763255744886
2024-10-12,wk inc flu hosp,1,2024-10-19,31,quantile,0.45,14.06910966094673
2024-10-12,wk inc flu hosp,1,2024-10-19,31,quantile,0.5,15.321943183200041
2024-10-12,wk inc flu hosp,1,2024-10-19,31,quantile,0.55,18.79417049000738
2024-10-12,wk inc flu hosp,1,2024-10-19,31,quantile,0.6,21.097705086595802
2024-10-12,wk inc flu hosp,1,2024-10-19,31,quantile,0.65,23.231710570648637
2024-10-12,wk inc flu hosp,1,2024-10-19,31,quantile,0.7,24.915795473591295
2024-10-12,wk inc flu hosp,1,2024-10-19,31,quantile,0.75,28.09379817872458
2024-10-12,wk inc flu hosp,1,2024-10-19,31,quantile,0.8,31.679706381845303
2024-10-12,wk inc flu hosp,1,2024-10-19,31,quantile,0.85,42.10321564503758
2024-10-12,wk inc flu hosp,1,2024-10-19,31,quantile,0.9,50.04870195880218
2024-10-12,wk inc flu hosp,1,2024-10-19,31,quantile,0.95,53.88385026837635
2024-10-12,wk inc flu hosp,1,2024-10-19,31,quantile,0.975,78.60638890551887
2024-10-12,wk inc flu hosp,1,2024-10-19,31,quantile,0.99,105.8473660515383
2024-10-12,wk inc flu hosp,2,2024-10-26,31,quantile,0.01,0.0
2024-10-12,wk inc flu hosp,2,2024-10-26,31,quantile,0.025,0.0
2024-10-12,wk inc flu hosp,2,2024-10-26,31,quantile,0.05,0.0
2024-10-12,wk inc flu hosp,2,2024-10-26,31,quantile,0.1,2.7733277758115857
2024-10-12,wk inc flu hosp,2,2024-10-26,31,quantile,0.15,4.115671873811895
2024-10-12,wk inc flu hosp,2,2024-10-26,31,quantile,0.2,5.546420908732558
2024-10-12,wk inc flu hosp,2,2024-10-26,31,quantile,0.25,6.810593500981301
2024-10-12,wk inc flu hosp,2,2024-10-26,31,quantile,0.3,8.010880253333081
2024-10-12,wk inc flu hosp,2,2024-10-26,31,quantile,0.35,8.964742729151656
2024-10-12,wk inc flu hosp,2,2024-10-26,31,quantile,0.4,11.84525131829635
2024-10-12,wk inc flu hosp,2,2024-10-26,31,quantile,0.45,13.888574953776901
2024-10-12,wk inc flu hosp,2,2024-10-26,31,quantile,0.5,15.751591957352023
2024-10-12,wk inc flu hosp,2,2024-10-26,31,quantile,0.55,17.79959903239401
2024-10-12,wk inc flu hosp,2,2024-10-26,31,quantile,0.6,20.801882337613996
2024-10-12,wk inc flu hosp,2,2024-10-26,31,quantile,0.65,23.648339581638215
2024-10-12,wk inc flu hosp,2,2024-10-26,31,quantile,0.7,25.201257512209814
2024-10-12,wk inc flu hosp,2,2024-10-26,31,quantile,0.75,29.090793817000165
2024-10-12,wk inc flu hosp,2,2024-10-26,31,quantile,0.8,31.955988248621907
2024-10-12,wk inc flu hosp,2,2024-10-26,31,quantile,0.85,42.948704778059415
2024-10-12,wk inc flu hosp,2,2024-10-26,31,quantile,0.9,51.52236979669247
2024-10-12,wk inc flu hosp,2,2024-10-26,31,quantile,0.95,60.43308432188967
2024-10-12,wk inc flu hosp,2,2024-10-26,31,quantile,0.975,80.76751114077983
2024-10-12,wk inc flu hosp,2,2024-10-26,31,quantile,0.99,115.33710782283664
2024-10-12,wk inc flu hosp,3,2024-11-02,31,quantile,0.01,0.0
2024-10-12,wk inc flu hosp,3,2024-11-02,31,quantile,0.025,0.0
2024-10-12,wk inc flu hosp,3,2024-11-02,31,quantile,0.05,0.0
2024-10-12,wk inc flu hosp,3,2024-11-02,31,quantile,0.1,1.6917623294435475
2024-10-12,wk inc flu hosp,3,2024-11-02,31,quantile,0.15,4.3046702997763004
2024-10-12,wk inc flu hosp,3,2024-11-02,31,quantile,0.2,6.832220907086313
2024-10-12,wk inc flu hosp,3,2024-11-02,31,quantile,0.25,9.559273891332358
2024-10-12,wk inc flu hosp,3,2024-11-02,31,quantile,0.3,11.321289713133115
2024-10-12,wk inc flu hosp,3,2024-11-02,31,quantile,0.35,12.877736238793394
2024-10-12,wk inc flu hosp,3,2024-11-02,31,quantile,0.4,14.225218482614636
2024-10-12,wk inc flu hosp,3,2024-11-02,31,quantile,0.45,15.302585071998182
2024-10-12,wk inc flu hosp,3,2024-11-02,31,quantile,0.5,16.784945514764217
2024-10-12,wk inc flu hosp,3,2024-11-02,31,quantile,0.55,19.176009530620483
2024-10-12,wk inc flu hosp,3,2024-11-02,31,quantile,0.6,23.41325753654416
2024-10-12,wk inc flu hosp,3,2024-11-02,31,quantile,0.65,26.419220191677987
2024-10-12,wk inc flu hosp,3,2024-11-02,31,quantile,0.7,28.833866456310247
2024-10-12,wk inc flu hosp,3,2024-11-02,31,quantile,0.75,31.68753557751174
2024-10-12,wk inc flu hosp,3,2024-11-02,31,quantile,0.8,36.16831503717093
2024-10-12,wk inc flu hosp,3,2024-11-02,31,quantile,0.85,47.130256359151936
2024-10-12,wk inc flu hosp,3,2024-11-02,31,quantile,0.9,55.419220560090444
2024-10-12,wk inc flu hosp,3,2024-11-02,31,quantile,0.95,60.423948090316046
2024-10-12,wk inc flu hosp,3,2024-11-02,31,quantile,0.975,103.86915190008311
2024-10-12,wk inc flu hosp,3,2024-11-02,31,quantile,0.99,121.61666075507776
2024-10-12,wk inc flu hosp,0,2024-10-12,32,quantile,0.01,0.0
2024-10-12,wk inc flu hosp,0,2024-10-12,32,quantile,0.025,0.0
2024-10-12,wk inc flu hosp,0,2024-10-12,32,quantile,0.05,0.0
2024-10-12,wk inc flu hosp,0,2024-10-12,32,quantile,0.1,0.0
2024-10-12,wk inc flu hosp,0,2024-10-12,32,quantile,0.15,0.0
2024-10-12,wk inc flu hosp,0,2024-10-12,32,quantile,0.2,0.0
2024-10-12,wk inc flu hosp,0,2024-10-12,32,quantile,0.25,0.0
2024-10-12,wk inc flu hosp,0,2024-10-12,32,quantile,0.3,0.0
2024-10-12,wk inc flu hosp,0,2024-10-12,32,quantile,0.35,0.6645614432304627
2024-10-12,wk inc flu hosp,0,2024-10-12,32,quantile,0.4,2.1376501729024144
2024-10-12,wk inc flu hosp,0,2024-10-12,32,quantile,0.45,3.5945611917296056
2024-10-12,wk inc flu hosp,0,2024-10-12,32,quantile,0.5,5.938587638609223
2024-10-12,wk inc flu hosp,0,2024-10-12,32,quantile,0.55,6.2987654365285195
2024-10-12,wk inc flu hosp,0,2024-10-12,32,quantile,0.6,7.078936841125521
2024-10-12,wk inc flu hosp,0,2024-10-12,32,quantile,0.65,8.104022108111778
2024-10-12,wk inc flu hosp,0,2024-10-12,32,quantile,0.7,11.545851823562
2024-10-12,wk inc flu hosp,0,2024-10-12,32,quantile,0.75,13.135017203109664
2024-10-12,wk inc flu hosp,0,2024-10-12,32,quantile,0.8,18.006534643709195
2024-10-12,wk inc flu hosp,0,2024-10-12,32,quantile,0.85,21.010497618301823
2024-10-12,wk inc flu hosp,0,2024-10-12,32,quantile,0.9,30.462161007140637
2024-10-12,wk inc flu hosp,0,2024-10-12,32,quantile,0.95,50.39114867125874
2024-10-12,wk inc flu hosp,0,2024-10-12,32,quantile,0.975,59.87553087619591
2024-10-12,wk inc flu hosp,0,2024-10-12,32,quantile,0.99,62.125153683970765
2024-10-12,wk inc flu hosp,1,2024-10-19,32,quantile,0.01,0.0
2024-10-12,wk inc flu hosp,1,2024-10-19,32,quantile,0.025,0.0
2024-10-12,wk inc flu hosp,1,2024-10-19,32,quantile,0.05,0.0
2024-10-12,wk inc flu hosp,1,2024-10-19,32,quantile,0.1,0.0
2024-10-12,wk inc flu hosp,1,2024-10-19,32,quantile,0.15,0.0
2024-10-12,wk inc flu hosp,1,2024-10-19,32,quantile,0.2,0.0
2024-10-12,wk inc flu hosp,1,2024-10-19,32,quantile,0.25,0.0
2024-10-12,wk inc flu hosp,1,2024-10-19,32,quantile,0.3,1.2570400232480607
2024-10-12,wk inc flu hosp,1,2024-10-19,32,quantile,0.35,3.8735149247969756
2024-10-12,wk inc flu hosp,1,2024-10-19,32,quantile,0.4,5.502380800897269
2024-10-12,wk inc flu hosp,1,2024-10-19,32,quantile,0.45,7.018888431088202
2024-10-12,wk inc flu hosp,1,2024-10-19,32,quantile,0.5,8.31016792373892
2024-10-12,wk inc flu hosp,1,2024-10-19,32,quantile,0.55,9.705108052549468
2024-10-12,wk inc flu hosp,1,2024-10-19,32,quantile,0.6,11.172360006337863
2024-10-12,wk inc flu hosp,1,2024-10-19,32,quantile,0.65,13.197771221503096
2024-10-12,wk inc flu hosp,1,2024-10-19,32,quantile,0.7,15.447778139253424
2024-10-12,wk inc flu hosp,1,2024-10-19,32,quantile,0.75,18.907400930572937
2024-10-12,wk inc flu hosp,1,2024-10-19,32,quantile,0.8,22.368772040306837
2024-10-12,wk inc flu hosp,1,2024-10-19,32,quantile,0.85,26.501668369992224
2024-10-12,wk inc flu hosp,1,2024-10-19,32,quantile,0.9,34.05593171594714
2024-10-12,wk inc flu hosp,1,2024-10-19,32,quantile,0.95,49.984429524215585
2024-10-12,wk inc flu hosp,1,2024-10-19,32,quantile,0.975,59.52035916499442
2024-10-12,wk inc flu hosp,1,2024-10-19,32,quantile,0.99,64.05208582810256
2024-10-12,wk inc flu hosp,2,2024-10-26,32,quantile,0.01,0.0
2024-10-12,wk inc flu hosp,2,2024-10-26,32,quantile,0.025,0.0
2024-10-12,wk inc flu hosp,2,2024-10-26,32,quantile,0.05,0.0
2024-10-12,wk inc flu hosp,2,2024-10-26,32,quantile,0.1,0.0
2024-10-12,wk inc flu hosp,2,2024-10-26,32,quantile,0.15,0.0
2024-10-12,wk inc flu hosp,2,2024-10-26,32,quantile,0.2,0.0
2024-10-12,wk inc flu hosp,2,2024-10-26,32,quantile,0.25,0.0
2024-10-12,wk inc flu hosp,2,2024-10-26,32,quantile,0.3,2.2701133183305973
2024-10-12,wk inc flu hosp,2,2024-10-26,32,quantile,0.35,5.116923800088969
2024-10-12,wk inc flu hosp,2,2024-10-26,32,quantile,0.4,7.2716906446319705
2024-10-12,wk inc flu hosp,2,2024-10-26,32,quantile,0.45,9.344628212652445
2024-10-12,wk inc flu hosp,2,2024-10-26,32,quantile,0.5,10.478714707680126
2024-10-12,wk inc flu hosp,2,2024-10-26,32,quantile,0.55,11.762672492600263
2024-10-12,wk inc flu hosp,2,2024-10-26,32,quantile,0.6,13.515284873177793
2024-10-12,wk inc flu hosp,2,2024-10-26,32,quantile,0.65,16.092568901715723
2024-10-12,wk inc flu hosp,2,2024-10-26,32,quantile,0.7,18.921109175160847
2024-10-12,wk inc flu hosp,2,2024-10-26,32,quantile,0.75,22.85221515285105
2024-10-12,wk inc flu hosp,2,2024-10-26,32,quantile,0.8,26.20486441265191
2024-10-12,wk inc flu hosp,2,2024-10-26,32,quantile,0.85,32.603144809542385
2024-10-12,wk inc flu hosp,2,2024-10-26,32,quantile,0.9,43.91298250548258
2024-10-12,wk inc flu hosp,2,2024-10-26,32,quantile,0.95,60.759169443101435
2024-10-12,wk inc flu hosp,2,2024-10-26,32,quantile,0.975,71.52778185087693
2024-10-12,wk inc flu hosp,2,2024-10-26,32,quantile,0.99,84.40019833619863
2024-10-12,wk inc flu hosp,3,2024-11-02,32,quantile,0.01,0.0
2024-10-12,wk inc flu hosp,3,2024-11-02,32,quantile,0.025,0.0
2024-10-12,wk inc flu hosp,3,2024-11-02,32,quantile,0.05,0.0
2024-10-12,wk inc flu hosp,3,2024-11-02,32,quantile,0.1,0.0
2024-10-12,wk inc flu hosp,3,2024-11-02,32,quantile,0.15,2.604133152884854
2024-10-12,wk inc flu hosp,3,2024-11-02,32,quantile,0.2,5.571497007746868
2024-10-12,wk inc flu hosp,3,2024-11-02,32,quantile,0.25,7.244982320009654
2024-10-12,wk inc flu hosp,3,2024-11-02,32,quantile,0.3,8.580824338515606
2024-10-12,wk inc flu hosp,3,2024-11-02,32,quantile,0.35,10.317816808453113
2024-10-12,wk inc flu hosp,3,2024-11-02,32,quantile,0.4,12.211142030497031
2024-10-12,wk inc flu hosp,3,2024-11-02,32,quantile,0.45,13.598515056994417
2024-10-12,wk inc flu hosp,3,2024-11-02,32,quantile,0.5,15.779986474655118
2024-10-12,wk inc flu hosp,3,2024-11-02,32,quantile,0.55,18.673271074029934
2024-10-12,wk inc flu hosp,3,2024-11-02,32,quantile,0.6,21.6914003953134
2024-10-12,wk inc flu hosp,3,2024-11-02,32,quantile,0.65,24.907711984163406
2024-10-12,wk inc flu hosp,3,2024-11-02,32,quantile,0.7,27.700914501748535
2024-10-12,wk inc flu hosp,3,2024-11-02,32,quantile,0.75,31.5830201619213
2024-10-12,wk inc flu hosp,3,2024-11-02,32,quantile,0.8,37.59869880091872
2024-10-12,wk inc flu hosp,3,2024-11-02,32,quantile,0.85,48.26148218629732
2024-10-12,wk inc flu hosp,3,2024-11-02,32,quantile,0.9,58.03000062602793
2024-10-12,wk inc flu hosp,3,2024-11-02,32,quantile,0.95,75.29028682207141
2024-10-12,wk inc flu hosp,3,2024-11-02,32,quantile,0.975,88.09542455031082
2024-10-12,wk inc flu hosp,3,2024-11-02,32,quantile,0.99,105.76584494274151
2024-10-12,wk inc flu hosp,0,2024-10-12,33,quantile,0.01,0.0
2024-10-12,wk inc flu hosp,0,2024-10-12,33,quantile,0.025,0.0
2024-10-12,wk inc flu hosp,0,2024-10-12,33,quantile,0.05,0.0
2024-10-12,wk inc flu hosp,0,2024-10-12,33,quantile,0.1,0.0
2024-10-12,wk inc flu hosp,0,2024-10-12,33,quantile,0.15,0.0
2024-10-12,wk inc flu hosp,0,2024-10-12,33,quantile,0.2,0.0
2024-10-12,wk inc flu hosp,0,2024-10-12,33,quantile,0.25,0.1561964650356567
2024-10-12,wk inc flu hosp,0,2024-10-12,33,quantile,0.3,0.3470849611925628
2024-10-12,wk inc flu hosp,0,2024-10-12,33,quantile,0.35,0.43378507084488155
2024-10-12,wk inc flu hosp,0,2024-10-12,33,quantile,0.4,0.5056625634853169
2024-10-12,wk inc flu hosp,0,2024-10-12,33,quantile,0.45,0.6226153429834034
2024-10-12,wk inc flu hosp,0,2024-10-12,33,quantile,0.5,0.9505572834738004
2024-10-12,wk inc flu hosp,0,2024-10-12,33,quantile,0.55,1.245358262561067
2024-10-12,wk inc flu hosp,0,2024-10-12,33,quantile,0.6,1.296297603958432
2024-10-12,wk inc flu hosp,0,2024-10-12,33,quantile,0.65,1.4269837070410554
2024-10-12,wk inc flu hosp,0,2024-10-12,33,quantile,0.7,1.6280487940696484
2024-10-12,wk inc flu hosp,0,2024-10-12,33,quantile,0.75,2.116850217948929
2024-10-12,wk inc flu hosp,0,2024-10-12,33,quantile,0.8,4.883837861569429
2024-10-12,wk inc flu hosp,0,2024-10-12,33,quantile,0.85,5.09395767033156
2024-10-12,wk inc flu hosp,0,2024-10-12,33,quantile,0.9,5.724686476073565
2024-10-12,wk inc flu hosp,0,2024-10-12,33,quantile,0.95,6.264275982893376
2024-10-12,wk inc flu hosp,0,2024-10-12,33,quantile,0.975,16.730875680454634
2024-10-12,wk inc flu hosp,0,2024-10-12,33,quantile,0.99,34.28065154565712
2024-10-12,wk inc flu hosp,1,2024-10-19,33,quantile,0.01,0.0
2024-10-12,wk inc flu hosp,1,2024-10-19,33,quantile,0.025,0.0
2024-10-12,wk inc flu hosp,1,2024-10-19,33,quantile,0.05,0.0
2024-10-12,wk inc flu hosp,1,2024-10-19,33,quantile,0.1,0.0
2024-10-12,wk inc flu hosp,1,2024-10-19,33,quantile,0.15,0.0
2024-10-12,wk inc flu hosp,1,2024-10-19,33,quantile,0.2,0.0530379658785236
2024-10-12,wk inc flu hosp,1,2024-10-19,33,quantile,0.25,0.4414942644960257
2024-10-12,wk inc flu hosp,1,2024-10-19,33,quantile,0.3,0.7598810191365475
2024-10-12,wk inc flu hosp,1,2024-10-19,33,quantile,0.35,0.954448727389997
2024-10-12,wk inc flu hosp,1,2024-10-19,33,quantile,0.4,1.2184296283560956
2024-10-12,wk inc flu hosp,1,2024-10-19,33,quantile,0.45,1.4441508790960331
2024-10-12,wk inc flu hosp,1,2024-10-19,33,quantile,0.5,1.6790901034617545
2024-10-12,wk inc flu hosp,1,2024-10-19,33,quantile,0.55,1.9273792821587694
2024-10-12,wk inc flu hosp,1,2024-10-19,33,quantile,0.6,2.193533427248475
2024-10-12,wk inc flu hosp,1,2024-10-19,33,quantile,0.65,2.5355534611688557
2024-10-12,wk inc flu hosp,1,2024-10-19,33,quantile,0.7,3.2882160550798836
2024-10-12,wk inc flu hosp,1,2024-10-19,33,quantile,0.75,4.1513145686840645
2024-10-12,wk inc flu hosp,1,2024-10-19,33,quantile,0.8,5.550642619169155
2024-10-12,wk inc flu hosp,1,2024-10-19,33,quantile,0.85,6.1605137826663485
2024-10-12,wk inc flu hosp,1,2024-10-19,33,quantile,0.9,7.4211769156384
2024-10-12,wk inc flu hosp,1,2024-10-19,33,quantile,0.95,12.436525323690628
2024-10-12,wk inc flu hosp,1,2024-10-19,33,quantile,0.975,25.59393597702495
2024-10-12,wk inc flu hosp,1,2024-10-19,33,quantile,0.99,35.59179032810702
2024-10-12,wk inc flu hosp,2,2024-10-26,33,quantile,0.01,0.0
2024-10-12,wk inc flu hosp,2,2024-10-26,33,quantile,0.025,0.0
2024-10-12,wk inc flu hosp,2,2024-10-26,33,quantile,0.05,0.0
2024-10-12,wk inc flu hosp,2,2024-10-26,33,quantile,0.1,0.0
2024-10-12,wk inc flu hosp,2,2024-10-26,33,quantile,0.15,0.10120176769771166
2024-10-12,wk inc flu hosp,2,2024-10-26,33,quantile,0.2,0.4784204940942299
2024-10-12,wk inc flu hosp,2,2024-10-26,33,quantile,0.25,0.8997350496440988
2024-10-12,wk inc flu hosp,2,2024-10-26,33,quantile,0.3,1.2361994367932827
2024-10-12,wk inc flu hosp,2,2024-10-26,33,quantile,0.35,1.5516223920929317
2024-10-12,wk inc flu hosp,2,2024-10-26,33,quantile,0.4,1.8895439731910517
2024-10-12,wk inc flu hosp,2,2024-10-26,33,quantile,0.45,2.1782522915231826
2024-10-12,wk inc flu hosp,2,2024-10-26,33,quantile,0.5,2.5553128870337467
2024-10-12,wk inc flu hosp,2,2024-10-26,33,quantile,0.55,2.991125284760098
2024-10-12,wk inc flu hosp,2,2024-10-26,33,quantile,0.6,3.6602383656413675
2024-10-12,wk inc flu hosp,2,2024-10-26,33,quantile,0.65,4.299946120057216
2024-10-12,wk inc flu hosp,2,2024-10-26,33,quantile,0.7,5.046969603269243
2024-10-12,wk inc flu hosp,2,2024-10-26,33,quantile,0.75,6.296289213938014
2024-10-12,wk inc flu hosp,2,2024-10-26,33,quantile,0.8,7.28835343615794
2024-10-12,wk inc flu hosp,2,2024-10-26,33,quantile,0.85,8.425204263074447
2024-10-12,wk inc flu hosp,2,2024-10-26,33,quantile,0.9,10.11109833351465
2024-10-12,wk inc flu hosp,2,2024-10-26,33,quantile,0.95,18.102195239578403
2024-10-12,wk inc flu hosp,2,2024-10-26,33,quantile,0.975,33.90298140941332
2024-10-12,wk inc flu hosp,2,2024-10-26,33,quantile,0.99,39.53627258997134
2024-10-12,wk inc flu hosp,3,2024-11-02,33,quantile,0.01,0.0
2024-10-12,wk inc flu hosp,3,2024-11-02,33,quantile,0.025,0.0
2024-10-12,wk inc flu hosp,3,2024-11-02,33,quantile,0.05,0.0
2024-10-12,wk inc flu hosp,3,2024-11-02,33,quantile,0.1,0.0
2024-10-12,wk inc flu hosp,3,2024-11-02,33,quantile,0.15,0.5654923568665474
2024-10-12,wk inc flu hosp,3,2024-11-02,33,quantile,0.2,1.108913057346862
2024-10-12,wk inc flu hosp,3,2024-11-02,33,quantile,0.25,1.5770392109853875
2024-10-12,wk inc flu hosp,3,2024-11-02,33,quantile,0.3,2.0603949843109564
2024-10-12,wk inc flu hosp,3,2024-11-02,33,quantile,0.35,2.3795241635050974
2024-10-12,wk inc flu hosp,3,2024-11-02,33,quantile,0.4,2.691691411457978
2024-10-12,wk inc flu hosp,3,2024-11-02,33,quantile,0.45,3.1786643110781116
2024-10-12,wk inc flu hosp,3,2024-11-02,33,quantile,0.5,3.6467973907343447
2024-10-12,wk inc flu hosp,3,2024-11-02,33,quantile,0.55,4.072475796497173
2024-10-12,wk inc flu hosp,3,2024-11-02,33,quantile,0.6,4.647555160561724
2024-10-12,wk inc flu hosp,3,2024-11-02,33,quantile,0.65,5.677655901740477
2024-10-12,wk inc flu hosp,3,2024-11-02,33,quantile,0.7,6.513408113119478
2024-10-12,wk inc flu hosp,3,2024-11-02,33,quantile,0.75,7.655470889122405
2024-10-12,wk inc flu hosp,3,2024-11-02,33,quantile,0.8,8.762187537108883
2024-10-12,wk inc flu hosp,3,2024-11-02,33,quantile,0.85,10.34081225624403
2024-10-12,wk inc flu hosp,3,2024-11-02,33,quantile,0.9,13.608898009363228
2024-10-12,wk inc flu hosp,3,2024-11-02,33,quantile,0.95,25.89555374393802
2024-10-12,wk inc flu hosp,3,2024-11-02,33,quantile,0.975,39.84601139068695
2024-10-12,wk inc flu hosp,3,2024-11-02,33,quantile,0.99,49.41080682034244
2024-10-12,wk inc flu hosp,0,2024-10-12,34,quantile,0.01,0.0
2024-10-12,wk inc flu hosp,0,2024-10-12,34,quantile,0.025,0.0
2024-10-12,wk inc flu hosp,0,2024-10-12,34,quantile,0.05,0.0
2024-10-12,wk inc flu hosp,0,2024-10-12,34,quantile,0.1,0.0
2024-10-12,wk inc flu hosp,0,2024-10-12,34,quantile,0.15,15.891633009089649
2024-10-12,wk inc flu hosp,0,2024-10-12,34,quantile,0.2,23.111986969936183
2024-10-12,wk inc flu hosp,0,2024-10-12,34,quantile,0.25,29.456568343891686
2024-10-12,wk inc flu hosp,0,2024-10-12,34,quantile,0.3,35.15857798431394
2024-10-12,wk inc flu hosp,0,2024-10-12,34,quantile,0.35,45.9244385394675
2024-10-12,wk inc flu hosp,0,2024-10-12,34,quantile,0.4,47.848781953590105
2024-10-12,wk inc flu hosp,0,2024-10-12,34,quantile,0.45,48.478421886089976
2024-10-12,wk inc flu hosp,0,2024-10-12,34,quantile,0.5,49.23488778608257
2024-10-12,wk inc flu hosp,0,2024-10-12,34,quantile,0.55,50.40267374646467
2024-10-12,wk inc flu hosp,0,2024-10-12,34,quantile,0.6,51.28306474550884
2024-10-12,wk inc flu hosp,0,2024-10-12,34,quantile,0.65,55.48779885142536
2024-10-12,wk inc flu hosp,0,2024-10-12,34,quantile,0.7,61.84539054796456
2024-10-12,wk inc flu hosp,0,2024-10-12,34,quantile,0.75,63.998542245338506
2024-10-12,wk inc flu hosp,0,2024-10-12,34,quantile,0.8,65.48276076275336
2024-10-12,wk inc flu hosp,0,2024-10-12,34,quantile,0.85,67.78615087637638
2024-10-12,wk inc flu hosp,0,2024-10-12,34,quantile,0.9,83.78901567164174
2024-10-12,wk inc flu hosp,0,2024-10-12,34,quantile,0.95,114.45537110428174
2024-10-12,wk inc flu hosp,0,2024-10-12,34,quantile,0.975,172.01880275134152
2024-10-12,wk inc flu hosp,0,2024-10-12,34,quantile,0.99,172.8858492861443
2024-10-12,wk inc flu hosp,1,2024-10-19,34,quantile,0.01,0.0
2024-10-12,wk inc flu hosp,1,2024-10-19,34,quantile,0.025,0.0
2024-10-12,wk inc flu hosp,1,2024-10-19,34,quantile,0.05,0.0
2024-10-12,wk inc flu hosp,1,2024-10-19,34,quantile,0.1,6.09938867353756
2024-10-12,wk inc flu hosp,1,2024-10-19,34,quantile,0.15,22.110097240577222
2024-10-12,wk inc flu hosp,1,2024-10-19,34,quantile,0.2,31.06679818159149
2024-10-12,wk inc flu hosp,1,2024-10-19,34,quantile,0.25,37.80632339071932
2024-10-12,wk inc flu hosp,1,2024-10-19,34,quantile,0.3,44.59014937178053
2024-10-12,wk inc flu hosp,1,2024-10-19,34,quantile,0.35,52.92676923620632
2024-10-12,wk inc flu hosp,1,2024-10-19,34,quantile,0.4,59.93439880271361
2024-10-12,wk inc flu hosp,1,2024-10-19,34,quantile,0.45,65.12818341390766
2024-10-12,wk inc flu hosp,1,2024-10-19,34,quantile,0.5,69.54581665759873
2024-10-12,wk inc flu hosp,1,2024-10-19,34,quantile,0.55,72.4467169644469
2024-10-12,wk inc flu hosp,1,2024-10-19,34,quantile,0.6,77.25296292268509
2024-10-12,wk inc flu hosp,1,2024-10-19,34,quantile,0.65,81.45112091177735
2024-10-12,wk inc flu hosp,1,2024-10-19,34,quantile,0.7,86.14537130763085
2024-10-12,wk inc flu hosp,1,2024-10-19,34,quantile,0.75,92.11988943169546
2024-10-12,wk inc flu hosp,1,2024-10-19,34,quantile,0.8,100.15085921404099
2024-10-12,wk inc flu hosp,1,2024-10-19,34,quantile,0.85,114.64475406533994
2024-10-12,wk inc flu hosp,1,2024-10-19,34,quantile,0.9,143.30454011901315
2024-10-12,wk inc flu hosp,1,2024-10-19,34,quantile,0.95,178.1009791855963
2024-10-12,wk inc flu hosp,1,2024-10-19,34,quantile,0.975,201.70996665824595
2024-10-12,wk inc flu hosp,1,2024-10-19,34,quantile,0.99,215.82420617902704
2024-10-12,wk inc flu hosp,2,2024-10-26,34,quantile,0.01,0.0
2024-10-12,wk inc flu hosp,2,2024-10-26,34,quantile,0.025,0.0
2024-10-12,wk inc flu hosp,2,2024-10-26,34,quantile,0.05,0.0
2024-10-12,wk inc flu hosp,2,2024-10-26,34,quantile,0.1,12.252308676719025
2024-10-12,wk inc flu hosp,2,2024-10-26,34,quantile,0.15,28.878697715697825
2024-10-12,wk inc flu hosp,2,2024-10-26,34,quantile,0.2,39.79407103213223
2024-10-12,wk inc flu hosp,2,2024-10-26,34,quantile,0.25,49.5569672391193
2024-10-12,wk inc flu hosp,2,2024-10-26,34,quantile,0.3,56.76176318587871
2024-10-12,wk inc flu hosp,2,2024-10-26,34,quantile,0.35,62.95185911720104
2024-10-12,wk inc flu hosp,2,2024-10-26,34,quantile,0.4,71.99210519787191
2024-10-12,wk inc flu hosp,2,2024-10-26,34,quantile,0.45,79.09705437760859
2024-10-12,wk inc flu hosp,2,2024-10-26,34,quantile,0.5,86.02389785972306
2024-10-12,wk inc flu hosp,2,2024-10-26,34,quantile,0.55,92.74269092714363
2024-10-12,wk inc flu hosp,2,2024-10-26,34,quantile,0.6,98.95220529287646
2024-10-12,wk inc flu hosp,2,2024-10-26,34,quantile,0.65,104.30312711745927
2024-10-12,wk inc flu hosp,2,2024-10-26,34,quantile,0.7,111.19898376205144
2024-10-12,wk inc flu hosp,2,2024-10-26,34,quantile,0.75,120.84993736989819
2024-10-12,wk inc flu hosp,2,2024-10-26,34,quantile,0.8,134.59906116152766
2024-10-12,wk inc flu hosp,2,2024-10-26,34,quantile,0.85,155.4905661570005
2024-10-12,wk inc flu hosp,2,2024-10-26,34,quantile,0.9,184.01943457582715
2024-10-12,wk inc flu hosp,2,2024-10-26,34,quantile,0.95,217.957608961736
2024-10-12,wk inc flu hosp,2,2024-10-26,34,quantile,0.975,250.56429193488688
2024-10-12,wk inc flu hosp,2,2024-10-26,34,quantile,0.99,305.79248040656165
2024-10-12,wk inc flu hosp,3,2024-11-02,34,quantile,0.01,0.0
2024-10-12,wk inc flu hosp,3,2024-11-02,34,quantile,0.025,0.0
2024-10-12,wk inc flu hosp,3,2024-11-02,34,quantile,0.05,11.410069525541775
2024-10-12,wk inc flu hosp,3,2024-11-02,34,quantile,0.1,27.506687621939328
2024-10-12,wk inc flu hosp,3,2024-11-02,34,quantile,0.15,46.0232306640241
2024-10-12,wk inc flu hosp,3,2024-11-02,34,quantile,0.2,57.644214177535936
2024-10-12,wk inc flu hosp,3,2024-11-02,34,quantile,0.25,68.07122653649691
2024-10-12,wk inc flu hosp,3,2024-11-02,34,quantile,0.3,77.82444450634321
2024-10-12,wk inc flu hosp,3,2024-11-02,34,quantile,0.35,87.14161353434007
2024-10-12,wk inc flu hosp,3,2024-11-02,34,quantile,0.4,94.71113899745394
2024-10-12,wk inc flu hosp,3,2024-11-02,34,quantile,0.45,103.87232585789494
2024-10-12,wk inc flu hosp,3,2024-11-02,34,quantile,0.5,112.9680677794301
2024-10-12,wk inc flu hosp,3,2024-11-02,34,quantile,0.55,121.62207081488664
2024-10-12,wk inc flu hosp,3,2024-11-02,34,quantile,0.6,129.51920651797903
2024-10-12,wk inc flu hosp,3,2024-11-02,34,quantile,0.65,139.41479193235963
2024-10-12,wk inc flu hosp,3,2024-11-02,34,quantile,0.7,150.49488373884745
2024-10-12,wk inc flu hosp,3,2024-11-02,34,quantile,0.75,164.06862153639014
2024-10-12,wk inc flu hosp,3,2024-11-02,34,quantile,0.8,179.69452284621903
2024-10-12,wk inc flu hosp,3,2024-11-02,34,quantile,0.85,206.26567827942344
2024-10-12,wk inc flu hosp,3,2024-11-02,34,quantile,0.9,241.74591068577712
2024-10-12,wk inc flu hosp,3,2024-11-02,34,quantile,0.95,306.0948071200073
2024-10-12,wk inc flu hosp,3,2024-11-02,34,quantile,0.975,361.2341643416896
2024-10-12,wk inc flu hosp,3,2024-11-02,34,quantile,0.99,423.2355598452474
2024-10-12,wk inc flu hosp,0,2024-10-12,35,quantile,0.01,0.0
2024-10-12,wk inc flu hosp,0,2024-10-12,35,quantile,0.025,0.0
2024-10-12,wk inc flu hosp,0,2024-10-12,35,quantile,0.05,0.0
2024-10-12,wk inc flu hosp,0,2024-10-12,35,quantile,0.1,1.4152903801242458
2024-10-12,wk inc flu hosp,0,2024-10-12,35,quantile,0.15,2.55721554081513
2024-10-12,wk inc flu hosp,0,2024-10-12,35,quantile,0.2,3.14068060026785
2024-10-12,wk inc flu hosp,0,2024-10-12,35,quantile,0.25,3.766958643631141
2024-10-12,wk inc flu hosp,0,2024-10-12,35,quantile,0.3,4.695380723607788
2024-10-12,wk inc flu hosp,0,2024-10-12,35,quantile,0.35,5.225078248242163
2024-10-12,wk inc flu hosp,0,2024-10-12,35,quantile,0.4,5.775503677138454
2024-10-12,wk inc flu hosp,0,2024-10-12,35,quantile,0.45,6.221405489323994
2024-10-12,wk inc flu hosp,0,2024-10-12,35,quantile,0.5,6.720079088690394
2024-10-12,wk inc flu hosp,0,2024-10-12,35,quantile,0.55,8.331228506748175
2024-10-12,wk inc flu hosp,0,2024-10-12,35,quantile,0.6,9.445587313236471
2024-10-12,wk inc flu hosp,0,2024-10-12,35,quantile,0.65,9.916881067013014
2024-10-12,wk inc flu hosp,0,2024-10-12,35,quantile,0.7,10.699275469721922
2024-10-12,wk inc flu hosp,0,2024-10-12,35,quantile,0.75,12.150923509712008
2024-10-12,wk inc flu hosp,0,2024-10-12,35,quantile,0.8,12.691358401323564
2024-10-12,wk inc flu hosp,0,2024-10-12,35,quantile,0.85,12.881583696278595
2024-10-12,wk inc flu hosp,0,2024-10-12,35,quantile,0.9,16.270504486752916
2024-10-12,wk inc flu hosp,0,2024-10-12,35,quantile,0.95,22.482040107479357
2024-10-12,wk inc flu hosp,0,2024-10-12,35,quantile,0.975,28.51529980035867
2024-10-12,wk inc flu hosp,0,2024-10-12,35,quantile,0.99,30.538723912651445
2024-10-12,wk inc flu hosp,1,2024-10-19,35,quantile,0.01,0.0
2024-10-12,wk inc flu hosp,1,2024-10-19,35,quantile,0.025,0.0
2024-10-12,wk inc flu hosp,1,2024-10-19,35,quantile,0.05,0.0
2024-10-12,wk inc flu hosp,1,2024-10-19,35,quantile,0.1,2.2613523203486605
2024-10-12,wk inc flu hosp,1,2024-10-19,35,quantile,0.15,3.9901227994929847
2024-10-12,wk inc flu hosp,1,2024-10-19,35,quantile,0.2,5.161235242876298
2024-10-12,wk inc flu hosp,1,2024-10-19,35,quantile,0.25,6.177450857284844
2024-10-12,wk inc flu hosp,1,2024-10-19,35,quantile,0.3,7.205541331674851
2024-10-12,wk inc flu hosp,1,2024-10-19,35,quantile,0.35,7.925487221776189
2024-10-12,wk inc flu hosp,1,2024-10-19,35,quantile,0.4,8.621779368457881
2024-10-12,wk inc flu hosp,1,2024-10-19,35,quantile,0.45,9.504401822056707
2024-10-12,wk inc flu hosp,1,2024-10-19,35,quantile,0.5,10.557333384560556
2024-10-12,wk inc flu hosp,1,2024-10-19,35,quantile,0.55,11.614551241090654
2024-10-12,wk inc flu hosp,1,2024-10-19,35,quantile,0.6,12.73376528453308
2024-10-12,wk inc flu hosp,1,2024-10-19,35,quantile,0.65,13.814866045263631
2024-10-12,wk inc flu hosp,1,2024-10-19,35,quantile,0.7,15.046296048333682
2024-10-12,wk inc flu hosp,1,2024-10-19,35,quantile,0.75,16.130118029721107
2024-10-12,wk inc flu hosp,1,2024-10-19,35,quantile,0.8,17.591825533559025
2024-10-12,wk inc flu hosp,1,2024-10-19,35,quantile,0.85,20.936149251513942
2024-10-12,wk inc flu hosp,1,2024-10-19,35,quantile,0.9,24.686729513311256
2024-10-12,wk inc flu hosp,1,2024-10-19,35,quantile,0.95,29.088869822672507
2024-10-12,wk inc flu hosp,1,2024-10-19,35,quantile,0.975,32.787171240215926
2024-10-12,wk inc flu hosp,1,2024-10-19,35,quantile,0.99,38.34888510437082
2024-10-12,wk inc flu hosp,2,2024-10-26,35,quantile,0.01,0.0
2024-10-12,wk inc flu hosp,2,2024-10-26,35,quantile,0.025,0.0
2024-10-12,wk inc flu hosp,2,2024-10-26,35,quantile,0.05,0.0
2024-10-12,wk inc flu hosp,2,2024-10-26,35,quantile,0.1,3.538562479573792
2024-10-12,wk inc flu hosp,2,2024-10-26,35,quantile,0.15,5.6046910268523815
2024-10-12,wk inc flu hosp,2,2024-10-26,35,quantile,0.2,6.786395953842201
2024-10-12,wk inc flu hosp,2,2024-10-26,35,quantile,0.25,8.06096083592865
2024-10-12,wk inc flu hosp,2,2024-10-26,35,quantile,0.3,9.440596248191385
2024-10-12,wk inc flu hosp,2,2024-10-26,35,quantile,0.35,10.660928508059715
2024-10-12,wk inc flu hosp,2,2024-10-26,35,quantile,0.4,11.716462490858355
2024-10-12,wk inc flu hosp,2,2024-10-26,35,quantile,0.45,12.706796964611842
2024-10-12,wk inc flu hosp,2,2024-10-26,35,quantile,0.5,13.844651149209927
2024-10-12,wk inc flu hosp,2,2024-10-26,35,quantile,0.55,14.953912618869785
2024-10-12,wk inc flu hosp,2,2024-10-26,35,quantile,0.6,16.047853329340835
2024-10-12,wk inc flu hosp,2,2024-10-26,35,quantile,0.65,17.61507661334977
2024-10-12,wk inc flu hosp,2,2024-10-26,35,quantile,0.7,19.8418212558866
2024-10-12,wk inc flu hosp,2,2024-10-26,35,quantile,0.75,21.36458499573005
2024-10-12,wk inc flu hosp,2,2024-10-26,35,quantile,0.8,23.431630924982283
2024-10-12,wk inc flu hosp,2,2024-10-26,35,quantile,0.85,26.808020179068567
2024-10-12,wk inc flu hosp,2,2024-10-26,35,quantile,0.9,32.02739434088434
2024-10-12,wk inc flu hosp,2,2024-10-26,35,quantile,0.95,38.56454180210762
2024-10-12,wk inc flu hosp,2,2024-10-26,35,quantile,0.975,44.84099604263506
2024-10-12,wk inc flu hosp,2,2024-10-26,35,quantile,0.99,52.06016161818035
2024-10-12,wk inc flu hosp,3,2024-11-02,35,quantile,0.01,0.0
2024-10-12,wk inc flu hosp,3,2024-11-02,35,quantile,0.025,0.0
2024-10-12,wk inc flu hosp,3,2024-11-02,35,quantile,0.05,0.0
2024-10-12,wk inc flu hosp,3,2024-11-02,35,quantile,0.1,5.478158445761262
2024-10-12,wk inc flu hosp,3,2024-11-02,35,quantile,0.15,7.750241952965615
2024-10-12,wk inc flu hosp,3,2024-11-02,35,quantile,0.2,9.38629690689054
2024-10-12,wk inc flu hosp,3,2024-11-02,35,quantile,0.25,10.769351891040778
2024-10-12,wk inc flu hosp,3,2024-11-02,35,quantile,0.3,12.149992065091356
2024-10-12,wk inc flu hosp,3,2024-11-02,35,quantile,0.35,13.37184797005139
2024-10-12,wk inc flu hosp,3,2024-11-02,35,quantile,0.4,14.734781270515414
2024-10-12,wk inc flu hosp,3,2024-11-02,35,quantile,0.45,16.384315273594282
2024-10-12,wk inc flu hosp,3,2024-11-02,35,quantile,0.5,17.76408721339122
2024-10-12,wk inc flu hosp,3,2024-11-02,35,quantile,0.55,19.527045996167757
2024-10-12,wk inc flu hosp,3,2024-11-02,35,quantile,0.6,21.312385793268632
2024-10-12,wk inc flu hosp,3,2024-11-02,35,quantile,0.65,22.754089914705446
2024-10-12,wk inc flu hosp,3,2024-11-02,35,quantile,0.7,24.60111387246818
2024-10-12,wk inc flu hosp,3,2024-11-02,35,quantile,0.75,27.145499362236553
2024-10-12,wk inc flu hosp,3,2024-11-02,35,quantile,0.8,30.471570872642097
2024-10-12,wk inc flu hosp,3,2024-11-02,35,quantile,0.85,35.34159458833045
2024-10-12,wk inc flu hosp,3,2024-11-02,35,quantile,0.9,42.80352197017116
2024-10-12,wk inc flu hosp,3,2024-11-02,35,quantile,0.95,54.06945298217276
2024-10-12,wk inc flu hosp,3,2024-11-02,35,quantile,0.975,65.32434125625407
2024-10-12,wk inc flu hosp,3,2024-11-02,35,quantile,0.99,83.53306543141336
2024-10-12,wk inc flu hosp,0,2024-10-12,36,quantile,0.01,0.0
2024-10-12,wk inc flu hosp,0,2024-10-12,36,quantile,0.025,0.0
2024-10-12,wk inc flu hosp,0,2024-10-12,36,quantile,0.05,0.0
2024-10-12,wk inc flu hosp,0,2024-10-12,36,quantile,0.1,4.093216461234019
2024-10-12,wk inc flu hosp,0,2024-10-12,36,quantile,0.15,6.014783545833431
2024-10-12,wk inc flu hosp,0,2024-10-12,36,quantile,0.2,12.599843449078298
2024-10-12,wk inc flu hosp,0,2024-10-12,36,quantile,0.25,17.5723011468794
2024-10-12,wk inc flu hosp,0,2024-10-12,36,quantile,0.3,22.022975268207247
2024-10-12,wk inc flu hosp,0,2024-10-12,36,quantile,0.35,25.632486113170085
2024-10-12,wk inc flu hosp,0,2024-10-12,36,quantile,0.4,30.109311768934454
2024-10-12,wk inc flu hosp,0,2024-10-12,36,quantile,0.45,38.575255026584735
2024-10-12,wk inc flu hosp,0,2024-10-12,36,quantile,0.5,44.68458407478346
2024-10-12,wk inc flu hosp,0,2024-10-12,36,quantile,0.55,45.401686516612315
2024-10-12,wk inc flu hosp,0,2024-10-12,36,quantile,0.6,47.027045940713656
2024-10-12,wk inc flu hosp,0,2024-10-12,36,quantile,0.65,52.265092575607724
2024-10-12,wk inc flu hosp,0,2024-10-12,36,quantile,0.7,58.019640020388245
2024-10-12,wk inc flu hosp,0,2024-10-12,36,quantile,0.75,66.99980215710474
2024-10-12,wk inc flu hosp,0,2024-10-12,36,quantile,0.8,75.86751484672301
2024-10-12,wk inc flu hosp,0,2024-10-12,36,quantile,0.85,81.75133376314652
2024-10-12,wk inc flu hosp,0,2024-10-12,36,quantile,0.9,90.98503878049497
2024-10-12,wk inc flu hosp,0,2024-10-12,36,quantile,0.95,145.41875960701378
2024-10-12,wk inc flu hosp,0,2024-10-12,36,quantile,0.975,172.52476135017895
2024-10-12,wk inc flu hosp,0,2024-10-12,36,quantile,0.99,173.59123291269606
2024-10-12,wk inc flu hosp,1,2024-10-19,36,quantile,0.01,0.0
2024-10-12,wk inc flu hosp,1,2024-10-19,36,quantile,0.025,0.0
2024-10-12,wk inc flu hosp,1,2024-10-19,36,quantile,0.05,0.0
2024-10-12,wk inc flu hosp,1,2024-10-19,36,quantile,0.1,11.86052507450592
2024-10-12,wk inc flu hosp,1,2024-10-19,36,quantile,0.15,17.428977666530795
2024-10-12,wk inc flu hosp,1,2024-10-19,36,quantile,0.2,23.432242419508885
2024-10-12,wk inc flu hosp,1,2024-10-19,36,quantile,0.25,28.425203780117492
2024-10-12,wk inc flu hosp,1,2024-10-19,36,quantile,0.3,33.84435223914047
2024-10-12,wk inc flu hosp,1,2024-10-19,36,quantile,0.35,37.70990211514929
2024-10-12,wk inc flu hosp,1,2024-10-19,36,quantile,0.4,44.204311165249536
2024-10-12,wk inc flu hosp,1,2024-10-19,36,quantile,0.45,50.31039370879868
2024-10-12,wk inc flu hosp,1,2024-10-19,36,quantile,0.5,55.71263735098023
2024-10-12,wk inc flu hosp,1,2024-10-19,36,quantile,0.55,60.84749522225391
2024-10-12,wk inc flu hosp,1,2024-10-19,36,quantile,0.6,66.05603389490965
2024-10-12,wk inc flu hosp,1,2024-10-19,36,quantile,0.65,72.3802359113922
2024-10-12,wk inc flu hosp,1,2024-10-19,36,quantile,0.7,79.26676849340248
2024-10-12,wk inc flu hosp,1,2024-10-19,36,quantile,0.75,87.72055955552693
2024-10-12,wk inc flu hosp,1,2024-10-19,36,quantile,0.8,96.38564407986225
2024-10-12,wk inc flu hosp,1,2024-10-19,36,quantile,0.85,106.44657880665393
2024-10-12,wk inc flu hosp,1,2024-10-19,36,quantile,0.9,123.59803501017576
2024-10-12,wk inc flu hosp,1,2024-10-19,36,quantile,0.95,170.94319698743783
2024-10-12,wk inc flu hosp,1,2024-10-19,36,quantile,0.975,198.47405393797308
2024-10-12,wk inc flu hosp,1,2024-10-19,36,quantile,0.99,221.82887122262076
2024-10-12,wk inc flu hosp,2,2024-10-26,36,quantile,0.01,0.0
2024-10-12,wk inc flu hosp,2,2024-10-26,36,quantile,0.025,0.0
2024-10-12,wk inc flu hosp,2,2024-10-26,36,quantile,0.05,12.66940584590937
2024-10-12,wk inc flu hosp,2,2024-10-26,36,quantile,0.1,25.46032739911257
2024-10-12,wk inc flu hosp,2,2024-10-26,36,quantile,0.15,33.42794643695535
2024-10-12,wk inc flu hosp,2,2024-10-26,36,quantile,0.2,38.97959291107535
2024-10-12,wk inc flu hosp,2,2024-10-26,36,quantile,0.25,46.886479291606605
2024-10-12,wk inc flu hosp,2,2024-10-26,36,quantile,0.3,54.383432404764115
2024-10-12,wk inc flu hosp,2,2024-10-26,36,quantile,0.35,60.28545318896242
2024-10-12,wk inc flu hosp,2,2024-10-26,36,quantile,0.4,68.27775574404018
2024-10-12,wk inc flu hosp,2,2024-10-26,36,quantile,0.45,73.81456862991698
2024-10-12,wk inc flu hosp,2,2024-10-26,36,quantile,0.5,79.65601141219958
2024-10-12,wk inc flu hosp,2,2024-10-26,36,quantile,0.55,86.88898950976392
2024-10-12,wk inc flu hosp,2,2024-10-26,36,quantile,0.6,94.47155442014804
2024-10-12,wk inc flu hosp,2,2024-10-26,36,quantile,0.65,102.5039737857733
2024-10-12,wk inc flu hosp,2,2024-10-26,36,quantile,0.7,111.31414059660179
2024-10-12,wk inc flu hosp,2,2024-10-26,36,quantile,0.75,120.05224429135103
2024-10-12,wk inc flu hosp,2,2024-10-26,36,quantile,0.8,131.99567669201798
2024-10-12,wk inc flu hosp,2,2024-10-26,36,quantile,0.85,149.7432669196046
2024-10-12,wk inc flu hosp,2,2024-10-26,36,quantile,0.9,174.74181845270618
2024-10-12,wk inc flu hosp,2,2024-10-26,36,quantile,0.95,211.27974761428655
2024-10-12,wk inc flu hosp,2,2024-10-26,36,quantile,0.975,234.03008082015097
2024-10-12,wk inc flu hosp,2,2024-10-26,36,quantile,0.99,267.1769487977534
2024-10-12,wk inc flu hosp,3,2024-11-02,36,quantile,0.01,0.0
2024-10-12,wk inc flu hosp,3,2024-11-02,36,quantile,0.025,11.141048209775178
2024-10-12,wk inc flu hosp,3,2024-11-02,36,quantile,0.05,32.47177456131967
2024-10-12,wk inc flu hosp,3,2024-11-02,36,quantile,0.1,45.82345647232337
2024-10-12,wk inc flu hosp,3,2024-11-02,36,quantile,0.15,54.47726569995504
2024-10-12,wk inc flu hosp,3,2024-11-02,36,quantile,0.2,63.43193817962669
2024-10-12,wk inc flu hosp,3,2024-11-02,36,quantile,0.25,70.9181387938373
2024-10-12,wk inc flu hosp,3,2024-11-02,36,quantile,0.3,79.37579157558773
2024-10-12,wk inc flu hosp,3,2024-11-02,36,quantile,0.35,85.36159658874627
2024-10-12,wk inc flu hosp,3,2024-11-02,36,quantile,0.4,91.55847787824115
2024-10-12,wk inc flu hosp,3,2024-11-02,36,quantile,0.45,98.29925196204064
2024-10-12,wk inc flu hosp,3,2024-11-02,36,quantile,0.5,106.87106068481188
2024-10-12,wk inc flu hosp,3,2024-11-02,36,quantile,0.55,113.49882140858313
2024-10-12,wk inc flu hosp,3,2024-11-02,36,quantile,0.6,123.69367041067098
2024-10-12,wk inc flu hosp,3,2024-11-02,36,quantile,0.65,132.38020898820025
2024-10-12,wk inc flu hosp,3,2024-11-02,36,quantile,0.7,145.1309598517436
2024-10-12,wk inc flu hosp,3,2024-11-02,36,quantile,0.75,157.77104765037427
2024-10-12,wk inc flu hosp,3,2024-11-02,36,quantile,0.8,173.3357428673371
2024-10-12,wk inc flu hosp,3,2024-11-02,36,quantile,0.85,194.0218226223613
2024-10-12,wk inc flu hosp,3,2024-11-02,36,quantile,0.9,227.78403113785942
2024-10-12,wk inc flu hosp,3,2024-11-02,36,quantile,0.95,270.7936912587998
2024-10-12,wk inc flu hosp,3,2024-11-02,36,quantile,0.975,300.4725252183078
2024-10-12,wk inc flu hosp,3,2024-11-02,36,quantile,0.99,324.7524500083207
2024-10-12,wk inc flu hosp,0,2024-10-12,37,quantile,0.01,0.0
2024-10-12,wk inc flu hosp,0,2024-10-12,37,quantile,0.025,0.0
2024-10-12,wk inc flu hosp,0,2024-10-12,37,quantile,0.05,0.0
2024-10-12,wk inc flu hosp,0,2024-10-12,37,quantile,0.1,0.0
2024-10-12,wk inc flu hosp,0,2024-10-12,37,quantile,0.15,0.0
2024-10-12,wk inc flu hosp,0,2024-10-12,37,quantile,0.2,2.378837738248174
2024-10-12,wk inc flu hosp,0,2024-10-12,37,quantile,0.25,11.558732478623906
2024-10-12,wk inc flu hosp,0,2024-10-12,37,quantile,0.3,20.0680272018165
2024-10-12,wk inc flu hosp,0,2024-10-12,37,quantile,0.35,20.52395708751454
2024-10-12,wk inc flu hosp,0,2024-10-12,37,quantile,0.4,20.661868369749023
2024-10-12,wk inc flu hosp,0,2024-10-12,37,quantile,0.45,21.07131120699497
2024-10-12,wk inc flu hosp,0,2024-10-12,37,quantile,0.5,23.92960057553736
2024-10-12,wk inc flu hosp,0,2024-10-12,37,quantile,0.55,28.77139644548314
2024-10-12,wk inc flu hosp,0,2024-10-12,37,quantile,0.6,29.189201641124118
2024-10-12,wk inc flu hosp,0,2024-10-12,37,quantile,0.65,30.76925935415168
2024-10-12,wk inc flu hosp,0,2024-10-12,37,quantile,0.7,32.28742020516512
2024-10-12,wk inc flu hosp,0,2024-10-12,37,quantile,0.75,33.28135397174925
2024-10-12,wk inc flu hosp,0,2024-10-12,37,quantile,0.8,36.06062457638975
2024-10-12,wk inc flu hosp,0,2024-10-12,37,quantile,0.85,43.219785437641114
2024-10-12,wk inc flu hosp,0,2024-10-12,37,quantile,0.9,55.40988035819954
2024-10-12,wk inc flu hosp,0,2024-10-12,37,quantile,0.95,79.51018414630366
2024-10-12,wk inc flu hosp,0,2024-10-12,37,quantile,0.975,101.38169036867198
2024-10-12,wk inc flu hosp,0,2024-10-12,37,quantile,0.99,213.32121989387133
2024-10-12,wk inc flu hosp,1,2024-10-19,37,quantile,0.01,0.0
2024-10-12,wk inc flu hosp,1,2024-10-19,37,quantile,0.025,0.0
2024-10-12,wk inc flu hosp,1,2024-10-19,37,quantile,0.05,0.0
2024-10-12,wk inc flu hosp,1,2024-10-19,37,quantile,0.1,0.0
2024-10-12,wk inc flu hosp,1,2024-10-19,37,quantile,0.15,0.4978267204749199
2024-10-12,wk inc flu hosp,1,2024-10-19,37,quantile,0.2,7.468907196088647
2024-10-12,wk inc flu hosp,1,2024-10-19,37,quantile,0.25,16.92022850761259
2024-10-12,wk inc flu hosp,1,2024-10-19,37,quantile,0.3,20.654386896495126
2024-10-12,wk inc flu hosp,1,2024-10-19,37,quantile,0.35,26.17613854138218
2024-10-12,wk inc flu hosp,1,2024-10-19,37,quantile,0.4,27.638183727590892
2024-10-12,wk inc flu hosp,1,2024-10-19,37,quantile,0.45,29.988907840658367
2024-10-12,wk inc flu hosp,1,2024-10-19,37,quantile,0.5,32.67311974268216
2024-10-12,wk inc flu hosp,1,2024-10-19,37,quantile,0.55,36.45945976749933
2024-10-12,wk inc flu hosp,1,2024-10-19,37,quantile,0.6,38.75123060881263
2024-10-12,wk inc flu hosp,1,2024-10-19,37,quantile,0.65,41.597638361314466
2024-10-12,wk inc flu hosp,1,2024-10-19,37,quantile,0.7,44.15831825412381
2024-10-12,wk inc flu hosp,1,2024-10-19,37,quantile,0.75,47.1089056982164
2024-10-12,wk inc flu hosp,1,2024-10-19,37,quantile,0.8,53.79331407259553
2024-10-12,wk inc flu hosp,1,2024-10-19,37,quantile,0.85,62.461997434577434
2024-10-12,wk inc flu hosp,1,2024-10-19,37,quantile,0.9,79.11852797389558
2024-10-12,wk inc flu hosp,1,2024-10-19,37,quantile,0.95,111.13412526606672
2024-10-12,wk inc flu hosp,1,2024-10-19,37,quantile,0.975,193.72378989564595
2024-10-12,wk inc flu hosp,1,2024-10-19,37,quantile,0.99,239.67268068704422
2024-10-12,wk inc flu hosp,2,2024-10-26,37,quantile,0.01,0.0
2024-10-12,wk inc flu hosp,2,2024-10-26,37,quantile,0.025,0.0
2024-10-12,wk inc flu hosp,2,2024-10-26,37,quantile,0.05,0.0
2024-10-12,wk inc flu hosp,2,2024-10-26,37,quantile,0.1,1.9451070178395626
2024-10-12,wk inc flu hosp,2,2024-10-26,37,quantile,0.15,10.498639857510666
2024-10-12,wk inc flu hosp,2,2024-10-26,37,quantile,0.2,16.776123345743258
2024-10-12,wk inc flu hosp,2,2024-10-26,37,quantile,0.25,24.299260497350918
2024-10-12,wk inc flu hosp,2,2024-10-26,37,quantile,0.3,27.625605107675216
2024-10-12,wk inc flu hosp,2,2024-10-26,37,quantile,0.35,31.264384387980442
2024-10-12,wk inc flu hosp,2,2024-10-26,37,quantile,0.4,35.53455432269379
2024-10-12,wk inc flu hosp,2,2024-10-26,37,quantile,0.45,38.67641047970481
2024-10-12,wk inc flu hosp,2,2024-10-26,37,quantile,0.5,41.988525400292566
2024-10-12,wk inc flu hosp,2,2024-10-26,37,quantile,0.55,46.35139916607702
2024-10-12,wk inc flu hosp,2,2024-10-26,37,quantile,0.6,50.16240633016299
2024-10-12,wk inc flu hosp,2,2024-10-26,37,quantile,0.65,54.267020097263625
2024-10-12,wk inc flu hosp,2,2024-10-26,37,quantile,0.7,58.1840111896044
2024-10-12,wk inc flu hosp,2,2024-10-26,37,quantile,0.75,64.40242583324388
2024-10-12,wk inc flu hosp,2,2024-10-26,37,quantile,0.8,73.32562743024013
2024-10-12,wk inc flu hosp,2,2024-10-26,37,quantile,0.85,85.80256245193199
2024-10-12,wk inc flu hosp,2,2024-10-26,37,quantile,0.9,117.44116738052273
2024-10-12,wk inc flu hosp,2,2024-10-26,37,quantile,0.95,171.4426754688447
2024-10-12,wk inc flu hosp,2,2024-10-26,37,quantile,0.975,239.34604948577567
2024-10-12,wk inc flu hosp,2,2024-10-26,37,quantile,0.99,283.67135374793037
2024-10-12,wk inc flu hosp,3,2024-11-02,37,quantile,0.01,0.0
2024-10-12,wk inc flu hosp,3,2024-11-02,37,quantile,0.025,0.0
2024-10-12,wk inc flu hosp,3,2024-11-02,37,quantile,0.05,0.0657728245292775
2024-10-12,wk inc flu hosp,3,2024-11-02,37,quantile,0.1,9.706533443176438
2024-10-12,wk inc flu hosp,3,2024-11-02,37,quantile,0.15,19.51174515305125
2024-10-12,wk inc flu hosp,3,2024-11-02,37,quantile,0.2,25.984458429111687
2024-10-12,wk inc flu hosp,3,2024-11-02,37,quantile,0.25,32.77690232607431
2024-10-12,wk inc flu hosp,3,2024-11-02,37,quantile,0.3,39.26959973240381
2024-10-12,wk inc flu hosp,3,2024-11-02,37,quantile,0.35,43.64243803926196
2024-10-12,wk inc flu hosp,3,2024-11-02,37,quantile,0.4,47.26073870377172
2024-10-12,wk inc flu hosp,3,2024-11-02,37,quantile,0.45,51.36443212049148
2024-10-12,wk inc flu hosp,3,2024-11-02,37,quantile,0.5,56.467531672414296
2024-10-12,wk inc flu hosp,3,2024-11-02,37,quantile,0.55,62.04496701498007
2024-10-12,wk inc flu hosp,3,2024-11-02,37,quantile,0.6,67.68110545966933
2024-10-12,wk inc flu hosp,3,2024-11-02,37,quantile,0.65,73.36108974144385
2024-10-12,wk inc flu hosp,3,2024-11-02,37,quantile,0.7,79.82050826585751
2024-10-12,wk inc flu hosp,3,2024-11-02,37,quantile,0.75,87.51293839942947
2024-10-12,wk inc flu hosp,3,2024-11-02,37,quantile,0.8,100.90882105827588
2024-10-12,wk inc flu hosp,3,2024-11-02,37,quantile,0.85,119.84116045880117
2024-10-12,wk inc flu hosp,3,2024-11-02,37,quantile,0.9,146.7482881055253
2024-10-12,wk inc flu hosp,3,2024-11-02,37,quantile,0.95,228.18390696042053
2024-10-12,wk inc flu hosp,3,2024-11-02,37,quantile,0.975,283.5131602795034
2024-10-12,wk inc flu hosp,3,2024-11-02,37,quantile,0.99,379.04896285452827
2024-10-12,wk inc flu hosp,0,2024-10-12,38,quantile,0.01,0.0
2024-10-12,wk inc flu hosp,0,2024-10-12,38,quantile,0.025,0.0
2024-10-12,wk inc flu hosp,0,2024-10-12,38,quantile,0.05,0.0
2024-10-12,wk inc flu hosp,0,2024-10-12,38,quantile,0.1,0.0
2024-10-12,wk inc flu hosp,0,2024-10-12,38,quantile,0.15,0.0
2024-10-12,wk inc flu hosp,0,2024-10-12,38,quantile,0.2,0.16400887273751524
2024-10-12,wk inc flu hosp,0,2024-10-12,38,quantile,0.25,0.5089668838620421
2024-10-12,wk inc flu hosp,0,2024-10-12,38,quantile,0.3,0.7222104345605562
2024-10-12,wk inc flu hosp,0,2024-10-12,38,quantile,0.35,0.8885630798381329
2024-10-12,wk inc flu hosp,0,2024-10-12,38,quantile,0.4,1.0753954184293404
2024-10-12,wk inc flu hosp,0,2024-10-12,38,quantile,0.45,1.2632353892911092
2024-10-12,wk inc flu hosp,0,2024-10-12,38,quantile,0.5,1.403702467426481
2024-10-12,wk inc flu hosp,0,2024-10-12,38,quantile,0.55,1.6505846205633243
2024-10-12,wk inc flu hosp,0,2024-10-12,38,quantile,0.6,1.8717586118486338
2024-10-12,wk inc flu hosp,0,2024-10-12,38,quantile,0.65,2.6829790245942684
2024-10-12,wk inc flu hosp,0,2024-10-12,38,quantile,0.7,2.889096528420514
2024-10-12,wk inc flu hosp,0,2024-10-12,38,quantile,0.75,3.449068693594027
2024-10-12,wk inc flu hosp,0,2024-10-12,38,quantile,0.8,3.6050341639019083
2024-10-12,wk inc flu hosp,0,2024-10-12,38,quantile,0.85,5.213914838992702
2024-10-12,wk inc flu hosp,0,2024-10-12,38,quantile,0.9,7.262085413682798
2024-10-12,wk inc flu hosp,0,2024-10-12,38,quantile,0.95,8.07339336463581
2024-10-12,wk inc flu hosp,0,2024-10-12,38,quantile,0.975,13.946301188915495
2024-10-12,wk inc flu hosp,0,2024-10-12,38,quantile,0.99,18.739232582570335
2024-10-12,wk inc flu hosp,1,2024-10-19,38,quantile,0.01,0.0
2024-10-12,wk inc flu hosp,1,2024-10-19,38,quantile,0.025,0.0
2024-10-12,wk inc flu hosp,1,2024-10-19,38,quantile,0.05,0.0
2024-10-12,wk inc flu hosp,1,2024-10-19,38,quantile,0.1,0.0
2024-10-12,wk inc flu hosp,1,2024-10-19,38,quantile,0.15,0.0
2024-10-12,wk inc flu hosp,1,2024-10-19,38,quantile,0.2,0.06124037110119473
2024-10-12,wk inc flu hosp,1,2024-10-19,38,quantile,0.25,0.5512473509616884
2024-10-12,wk inc flu hosp,1,2024-10-19,38,quantile,0.3,0.8006984856171088
2024-10-12,wk inc flu hosp,1,2024-10-19,38,quantile,0.35,1.0185921626079903
2024-10-12,wk inc flu hosp,1,2024-10-19,38,quantile,0.4,1.267465932742628
2024-10-12,wk inc flu hosp,1,2024-10-19,38,quantile,0.45,1.5475957178784496
2024-10-12,wk inc flu hosp,1,2024-10-19,38,quantile,0.5,1.8054957254285005
2024-10-12,wk inc flu hosp,1,2024-10-19,38,quantile,0.55,2.04881784674036
2024-10-12,wk inc flu hosp,1,2024-10-19,38,quantile,0.6,2.567988872254204
2024-10-12,wk inc flu hosp,1,2024-10-19,38,quantile,0.65,3.024073352678635
2024-10-12,wk inc flu hosp,1,2024-10-19,38,quantile,0.7,3.4174141307576837
2024-10-12,wk inc flu hosp,1,2024-10-19,38,quantile,0.75,3.882109255341009
2024-10-12,wk inc flu hosp,1,2024-10-19,38,quantile,0.8,4.427281690552584
2024-10-12,wk inc flu hosp,1,2024-10-19,38,quantile,0.85,5.66056802534636
2024-10-12,wk inc flu hosp,1,2024-10-19,38,quantile,0.9,7.5484157521428195
2024-10-12,wk inc flu hosp,1,2024-10-19,38,quantile,0.95,9.547981772611893
2024-10-12,wk inc flu hosp,1,2024-10-19,38,quantile,0.975,12.635605746583467
2024-10-12,wk inc flu hosp,1,2024-10-19,38,quantile,0.99,19.059202792763813
2024-10-12,wk inc flu hosp,2,2024-10-26,38,quantile,0.01,0.0
2024-10-12,wk inc flu hosp,2,2024-10-26,38,quantile,0.025,0.0
2024-10-12,wk inc flu hosp,2,2024-10-26,38,quantile,0.05,0.0
2024-10-12,wk inc flu hosp,2,2024-10-26,38,quantile,0.1,0.0
2024-10-12,wk inc flu hosp,2,2024-10-26,38,quantile,0.15,0.0
2024-10-12,wk inc flu hosp,2,2024-10-26,38,quantile,0.2,0.39766571542698625
2024-10-12,wk inc flu hosp,2,2024-10-26,38,quantile,0.25,0.8449695679724412
2024-10-12,wk inc flu hosp,2,2024-10-26,38,quantile,0.3,1.1360129222778752
2024-10-12,wk inc flu hosp,2,2024-10-26,38,quantile,0.35,1.3961019404776946
2024-10-12,wk inc flu hosp,2,2024-10-26,38,quantile,0.4,1.7029919226380579
2024-10-12,wk inc flu hosp,2,2024-10-26,38,quantile,0.45,1.939268768396516
2024-10-12,wk inc flu hosp,2,2024-10-26,38,quantile,0.5,2.2269094170120733
2024-10-12,wk inc flu hosp,2,2024-10-26,38,quantile,0.55,2.5890393666057983
2024-10-12,wk inc flu hosp,2,2024-10-26,38,quantile,0.6,3.0413850881151907
2024-10-12,wk inc flu hosp,2,2024-10-26,38,quantile,0.65,3.5652078442802235
2024-10-12,wk inc flu hosp,2,2024-10-26,38,quantile,0.7,4.056203693833349
2024-10-12,wk inc flu hosp,2,2024-10-26,38,quantile,0.75,4.607521697236997
2024-10-12,wk inc flu hosp,2,2024-10-26,38,quantile,0.8,5.429436838768011
2024-10-12,wk inc flu hosp,2,2024-10-26,38,quantile,0.85,6.956437036568931
2024-10-12,wk inc flu hosp,2,2024-10-26,38,quantile,0.9,8.222038442444784
2024-10-12,wk inc flu hosp,2,2024-10-26,38,quantile,0.95,10.865077300612057
2024-10-12,wk inc flu hosp,2,2024-10-26,38,quantile,0.975,14.028250363365853
2024-10-12,wk inc flu hosp,2,2024-10-26,38,quantile,0.99,20.06530056332426
2024-10-12,wk inc flu hosp,3,2024-11-02,38,quantile,0.01,0.0
2024-10-12,wk inc flu hosp,3,2024-11-02,38,quantile,0.025,0.0
2024-10-12,wk inc flu hosp,3,2024-11-02,38,quantile,0.05,0.0
2024-10-12,wk inc flu hosp,3,2024-11-02,38,quantile,0.1,0.0
2024-10-12,wk inc flu hosp,3,2024-11-02,38,quantile,0.15,0.6322064060968234
2024-10-12,wk inc flu hosp,3,2024-11-02,38,quantile,0.2,1.0473227000525962
2024-10-12,wk inc flu hosp,3,2024-11-02,38,quantile,0.25,1.608253747783137
2024-10-12,wk inc flu hosp,3,2024-11-02,38,quantile,0.3,1.994192407075613
2024-10-12,wk inc flu hosp,3,2024-11-02,38,quantile,0.35,2.2946435317687692
2024-10-12,wk inc flu hosp,3,2024-11-02,38,quantile,0.4,2.6031143527615903
2024-10-12,wk inc flu hosp,3,2024-11-02,38,quantile,0.45,2.956001390980768
2024-10-12,wk inc flu hosp,3,2024-11-02,38,quantile,0.5,3.417712216240041
2024-10-12,wk inc flu hosp,3,2024-11-02,38,quantile,0.55,3.781767895360975
2024-10-12,wk inc flu hosp,3,2024-11-02,38,quantile,0.6,4.2765546169736774
2024-10-12,wk inc flu hosp,3,2024-11-02,38,quantile,0.65,4.82862536978514
2024-10-12,wk inc flu hosp,3,2024-11-02,38,quantile,0.7,5.403138195308478
2024-10-12,wk inc flu hosp,3,2024-11-02,38,quantile,0.75,6.343617862594908
2024-10-12,wk inc flu hosp,3,2024-11-02,38,quantile,0.8,7.311055889776189
2024-10-12,wk inc flu hosp,3,2024-11-02,38,quantile,0.85,9.023091438969264
2024-10-12,wk inc flu hosp,3,2024-11-02,38,quantile,0.9,10.600064786994874
2024-10-12,wk inc flu hosp,3,2024-11-02,38,quantile,0.95,15.518015661182503
2024-10-12,wk inc flu hosp,3,2024-11-02,38,quantile,0.975,21.25064242843115
2024-10-12,wk inc flu hosp,3,2024-11-02,38,quantile,0.99,25.49231439487317
2024-10-12,wk inc flu hosp,0,2024-10-12,39,quantile,0.01,0.0
2024-10-12,wk inc flu hosp,0,2024-10-12,39,quantile,0.025,0.0
2024-10-12,wk inc flu hosp,0,2024-10-12,39,quantile,0.05,0.0
2024-10-12,wk inc flu hosp,0,2024-10-12,39,quantile,0.1,1.667712706466605
2024-10-12,wk inc flu hosp,0,2024-10-12,39,quantile,0.15,11.3892270339455
2024-10-12,wk inc flu hosp,0,2024-10-12,39,quantile,0.2,13.498580560113835
2024-10-12,wk inc flu hosp,0,2024-10-12,39,quantile,0.25,13.969995290314541
2024-10-12,wk inc flu hosp,0,2024-10-12,39,quantile,0.3,16.453611912738765
2024-10-12,wk inc flu hosp,0,2024-10-12,39,quantile,0.35,21.694787490768874
2024-10-12,wk inc flu hosp,0,2024-10-12,39,quantile,0.4,23.83636252575163
2024-10-12,wk inc flu hosp,0,2024-10-12,39,quantile,0.45,24.783268417263777
2024-10-12,wk inc flu hosp,0,2024-10-12,39,quantile,0.5,26.31846486730372
2024-10-12,wk inc flu hosp,0,2024-10-12,39,quantile,0.55,28.13308042518841
2024-10-12,wk inc flu hosp,0,2024-10-12,39,quantile,0.6,28.642742999182662
2024-10-12,wk inc flu hosp,0,2024-10-12,39,quantile,0.65,28.79997089857087
2024-10-12,wk inc flu hosp,0,2024-10-12,39,quantile,0.7,32.425654472675745
2024-10-12,wk inc flu hosp,0,2024-10-12,39,quantile,0.75,33.382157009731394
2024-10-12,wk inc flu hosp,0,2024-10-12,39,quantile,0.8,34.94702307852492
2024-10-12,wk inc flu hosp,0,2024-10-12,39,quantile,0.85,36.280535486885675
2024-10-12,wk inc flu hosp,0,2024-10-12,39,quantile,0.9,38.14556909780968
2024-10-12,wk inc flu hosp,0,2024-10-12,39,quantile,0.95,49.64532142938844
2024-10-12,wk inc flu hosp,0,2024-10-12,39,quantile,0.975,63.06013001626707
2024-10-12,wk inc flu hosp,0,2024-10-12,39,quantile,0.99,92.00329722906616
2024-10-12,wk inc flu hosp,1,2024-10-19,39,quantile,0.01,0.0
2024-10-12,wk inc flu hosp,1,2024-10-19,39,quantile,0.025,1.8989772976740307
2024-10-12,wk inc flu hosp,1,2024-10-19,39,quantile,0.05,4.415766662772039
2024-10-12,wk inc flu hosp,1,2024-10-19,39,quantile,0.1,8.69649544546502
2024-10-12,wk inc flu hosp,1,2024-10-19,39,quantile,0.15,14.65118914523197
2024-10-12,wk inc flu hosp,1,2024-10-19,39,quantile,0.2,19.404475182643058
2024-10-12,wk inc flu hosp,1,2024-10-19,39,quantile,0.25,22.274591823192104
2024-10-12,wk inc flu hosp,1,2024-10-19,39,quantile,0.3,24.973938545424563
2024-10-12,wk inc flu hosp,1,2024-10-19,39,quantile,0.35,28.0649276057952
2024-10-12,wk inc flu hosp,1,2024-10-19,39,quantile,0.4,30.939942343446997
2024-10-12,wk inc flu hosp,1,2024-10-19,39,quantile,0.45,33.785367046411245
2024-10-12,wk inc flu hosp,1,2024-10-19,39,quantile,0.5,35.61887086592692
2024-10-12,wk inc flu hosp,1,2024-10-19,39,quantile,0.55,37.81467850348363
2024-10-12,wk inc flu hosp,1,2024-10-19,39,quantile,0.6,39.73300356304502
2024-10-12,wk inc flu hosp,1,2024-10-19,39,quantile,0.65,41.33586884050623
2024-10-12,wk inc flu hosp,1,2024-10-19,39,quantile,0.7,43.67387693202641
2024-10-12,wk inc flu hosp,1,2024-10-19,39,quantile,0.75,46.53012993518595
2024-10-12,wk inc flu hosp,1,2024-10-19,39,quantile,0.8,49.751186839070755
2024-10-12,wk inc flu hosp,1,2024-10-19,39,quantile,0.85,53.26565597961263
2024-10-12,wk inc flu hosp,1,2024-10-19,39,quantile,0.9,63.163749575544706
2024-10-12,wk inc flu hosp,1,2024-10-19,39,quantile,0.95,78.76931027984094
2024-10-12,wk inc flu hosp,1,2024-10-19,39,quantile,0.975,97.24719976591577
2024-10-12,wk inc flu hosp,1,2024-10-19,39,quantile,0.99,114.90184411874965
2024-10-12,wk inc flu hosp,2,2024-10-26,39,quantile,0.01,4.358661679792805
2024-10-12,wk inc flu hosp,2,2024-10-26,39,quantile,0.025,7.12615148926807
2024-10-12,wk inc flu hosp,2,2024-10-26,39,quantile,0.05,10.226876339204068
2024-10-12,wk inc flu hosp,2,2024-10-26,39,quantile,0.1,17.23880973588171
2024-10-12,wk inc flu hosp,2,2024-10-26,39,quantile,0.15,21.973624798712706
2024-10-12,wk inc flu hosp,2,2024-10-26,39,quantile,0.2,26.04238734190759
2024-10-12,wk inc flu hosp,2,2024-10-26,39,quantile,0.25,29.346546091031016
2024-10-12,wk inc flu hosp,2,2024-10-26,39,quantile,0.3,33.287828070916554
2024-10-12,wk inc flu hosp,2,2024-10-26,39,quantile,0.35,36.793488428564274
2024-10-12,wk inc flu hosp,2,2024-10-26,39,quantile,0.4,40.00177755458971
2024-10-12,wk inc flu hosp,2,2024-10-26,39,quantile,0.45,42.2606392325496
2024-10-12,wk inc flu hosp,2,2024-10-26,39,quantile,0.5,44.78273535697964
2024-10-12,wk inc flu hosp,2,2024-10-26,39,quantile,0.55,48.30470561342061
2024-10-12,wk inc flu hosp,2,2024-10-26,39,quantile,0.6,51.35636350538076
2024-10-12,wk inc flu hosp,2,2024-10-26,39,quantile,0.65,54.43833972654664
2024-10-12,wk inc flu hosp,2,2024-10-26,39,quantile,0.7,57.8334731732517
2024-10-12,wk inc flu hosp,2,2024-10-26,39,quantile,0.75,63.771507185362296
2024-10-12,wk inc flu hosp,2,2024-10-26,39,quantile,0.8,69.92527083623584
2024-10-12,wk inc flu hosp,2,2024-10-26,39,quantile,0.85,77.61263783287473
2024-10-12,wk inc flu hosp,2,2024-10-26,39,quantile,0.9,87.71431424827395
2024-10-12,wk inc flu hosp,2,2024-10-26,39,quantile,0.95,106.78016791375937
2024-10-12,wk inc flu hosp,2,2024-10-26,39,quantile,0.975,123.5600564705788
2024-10-12,wk inc flu hosp,2,2024-10-26,39,quantile,0.99,141.0105834386907
2024-10-12,wk inc flu hosp,3,2024-11-02,39,quantile,0.01,9.283169483638293
2024-10-12,wk inc flu hosp,3,2024-11-02,39,quantile,0.025,14.552012802301535
2024-10-12,wk inc flu hosp,3,2024-11-02,39,quantile,0.05,19.077753189953206
2024-10-12,wk inc flu hosp,3,2024-11-02,39,quantile,0.1,28.405999055408074
2024-10-12,wk inc flu hosp,3,2024-11-02,39,quantile,0.15,34.955363654079115
2024-10-12,wk inc flu hosp,3,2024-11-02,39,quantile,0.2,39.567825131639026
2024-10-12,wk inc flu hosp,3,2024-11-02,39,quantile,0.25,44.334326485770816
2024-10-12,wk inc flu hosp,3,2024-11-02,39,quantile,0.3,48.56263419018489
2024-10-12,wk inc flu hosp,3,2024-11-02,39,quantile,0.35,51.954381444582225
2024-10-12,wk inc flu hosp,3,2024-11-02,39,quantile,0.4,55.08493915235326
2024-10-12,wk inc flu hosp,3,2024-11-02,39,quantile,0.45,58.16431216686735
2024-10-12,wk inc flu hosp,3,2024-11-02,39,quantile,0.5,62.18430241607318
2024-10-12,wk inc flu hosp,3,2024-11-02,39,quantile,0.55,64.93085625639493
2024-10-12,wk inc flu hosp,3,2024-11-02,39,quantile,0.6,68.28995774428604
2024-10-12,wk inc flu hosp,3,2024-11-02,39,quantile,0.65,72.6391225879373
2024-10-12,wk inc flu hosp,3,2024-11-02,39,quantile,0.7,77.89626138163605
2024-10-12,wk inc flu hosp,3,2024-11-02,39,quantile,0.75,82.96986153760578
2024-10-12,wk inc flu hosp,3,2024-11-02,39,quantile,0.8,91.22681371524358
2024-10-12,wk inc flu hosp,3,2024-11-02,39,quantile,0.85,102.54575137004242
2024-10-12,wk inc flu hosp,3,2024-11-02,39,quantile,0.9,121.12521714919845
2024-10-12,wk inc flu hosp,3,2024-11-02,39,quantile,0.95,148.27101789048976
2024-10-12,wk inc flu hosp,3,2024-11-02,39,quantile,0.975,170.62883454360212
2024-10-12,wk inc flu hosp,3,2024-11-02,39,quantile,0.99,209.90174926472824
2024-10-12,wk inc flu hosp,0,2024-10-12,40,quantile,0.01,0.0
2024-10-12,wk inc flu hosp,0,2024-10-12,40,quantile,0.025,4.957059935835101
2024-10-12,wk inc flu hosp,0,2024-10-12,40,quantile,0.05,9.340403866674897
2024-10-12,wk inc flu hosp,0,2024-10-12,40,quantile,0.1,15.07482476932133
2024-10-12,wk inc flu hosp,0,2024-10-12,40,quantile,0.15,21.066527434682865
2024-10-12,wk inc flu hosp,0,2024-10-12,40,quantile,0.2,33.328271049985624
2024-10-12,wk inc flu hosp,0,2024-10-12,40,quantile,0.25,35.67778934815661
2024-10-12,wk inc flu hosp,0,2024-10-12,40,quantile,0.3,38.831676837746244
2024-10-12,wk inc flu hosp,0,2024-10-12,40,quantile,0.35,39.12639005631786
2024-10-12,wk inc flu hosp,0,2024-10-12,40,quantile,0.4,50.11129254464474
2024-10-12,wk inc flu hosp,0,2024-10-12,40,quantile,0.45,60.60010851389115
2024-10-12,wk inc flu hosp,0,2024-10-12,40,quantile,0.5,70.38879031304711
2024-10-12,wk inc flu hosp,0,2024-10-12,40,quantile,0.55,72.55482662661842
2024-10-12,wk inc flu hosp,0,2024-10-12,40,quantile,0.6,77.75528682438609
2024-10-12,wk inc flu hosp,0,2024-10-12,40,quantile,0.65,81.62704454686269
2024-10-12,wk inc flu hosp,0,2024-10-12,40,quantile,0.7,83.4510578115665
2024-10-12,wk inc flu hosp,0,2024-10-12,40,quantile,0.75,92.02882358312688
2024-10-12,wk inc flu hosp,0,2024-10-12,40,quantile,0.8,101.08571570222884
2024-10-12,wk inc flu hosp,0,2024-10-12,40,quantile,0.85,110.60532727884168
2024-10-12,wk inc flu hosp,0,2024-10-12,40,quantile,0.9,140.80202516821655
2024-10-12,wk inc flu hosp,0,2024-10-12,40,quantile,0.95,162.08599337721324
2024-10-12,wk inc flu hosp,0,2024-10-12,40,quantile,0.975,175.1430262418676
2024-10-12,wk inc flu hosp,0,2024-10-12,40,quantile,0.99,195.63117908455104
2024-10-12,wk inc flu hosp,1,2024-10-19,40,quantile,0.01,0.0
2024-10-12,wk inc flu hosp,1,2024-10-19,40,quantile,0.025,1.6946211495006651
2024-10-12,wk inc flu hosp,1,2024-10-19,40,quantile,0.05,14.827214406686371
2024-10-12,wk inc flu hosp,1,2024-10-19,40,quantile,0.1,22.726902268292932
2024-10-12,wk inc flu hosp,1,2024-10-19,40,quantile,0.15,32.834307518986364
2024-10-12,wk inc flu hosp,1,2024-10-19,40,quantile,0.2,40.367965280171994
2024-10-12,wk inc flu hosp,1,2024-10-19,40,quantile,0.25,44.93363504121835
2024-10-12,wk inc flu hosp,1,2024-10-19,40,quantile,0.3,49.29968380669395
2024-10-12,wk inc flu hosp,1,2024-10-19,40,quantile,0.35,55.09646836230353
2024-10-12,wk inc flu hosp,1,2024-10-19,40,quantile,0.4,62.678300572581946
2024-10-12,wk inc flu hosp,1,2024-10-19,40,quantile,0.45,72.12128032992318
2024-10-12,wk inc flu hosp,1,2024-10-19,40,quantile,0.5,81.06866683424462
2024-10-12,wk inc flu hosp,1,2024-10-19,40,quantile,0.55,86.21331770654452
2024-10-12,wk inc flu hosp,1,2024-10-19,40,quantile,0.6,89.4972227966884
2024-10-12,wk inc flu hosp,1,2024-10-19,40,quantile,0.65,94.72404878905807
2024-10-12,wk inc flu hosp,1,2024-10-19,40,quantile,0.7,102.21664708127312
2024-10-12,wk inc flu hosp,1,2024-10-19,40,quantile,0.75,109.37774509678381
2024-10-12,wk inc flu hosp,1,2024-10-19,40,quantile,0.8,119.10669876673802
2024-10-12,wk inc flu hosp,1,2024-10-19,40,quantile,0.85,129.36028887464755
2024-10-12,wk inc flu hosp,1,2024-10-19,40,quantile,0.9,157.65968891412348
2024-10-12,wk inc flu hosp,1,2024-10-19,40,quantile,0.95,179.43862182747796
2024-10-12,wk inc flu hosp,1,2024-10-19,40,quantile,0.975,197.29204684131324
2024-10-12,wk inc flu hosp,1,2024-10-19,40,quantile,0.99,214.8985943176984
2024-10-12,wk inc flu hosp,2,2024-10-26,40,quantile,0.01,0.0
2024-10-12,wk inc flu hosp,2,2024-10-26,40,quantile,0.025,17.981003612978746
2024-10-12,wk inc flu hosp,2,2024-10-26,40,quantile,0.05,25.18658680313171
2024-10-12,wk inc flu hosp,2,2024-10-26,40,quantile,0.1,34.830546901335765
2024-10-12,wk inc flu hosp,2,2024-10-26,40,quantile,0.15,44.186424889209235
2024-10-12,wk inc flu hosp,2,2024-10-26,40,quantile,0.2,50.70151228555313
2024-10-12,wk inc flu hosp,2,2024-10-26,40,quantile,0.25,57.78024196162501
2024-10-12,wk inc flu hosp,2,2024-10-26,40,quantile,0.3,64.25738510530194
2024-10-12,wk inc flu hosp,2,2024-10-26,40,quantile,0.35,70.96207650137947
2024-10-12,wk inc flu hosp,2,2024-10-26,40,quantile,0.4,78.60407863464938
2024-10-12,wk inc flu hosp,2,2024-10-26,40,quantile,0.45,85.37430332360948
2024-10-12,wk inc flu hosp,2,2024-10-26,40,quantile,0.5,92.81155266560461
2024-10-12,wk inc flu hosp,2,2024-10-26,40,quantile,0.55,99.4848663718452
2024-10-12,wk inc flu hosp,2,2024-10-26,40,quantile,0.6,106.20194023000067
2024-10-12,wk inc flu hosp,2,2024-10-26,40,quantile,0.65,111.9341201743476
2024-10-12,wk inc flu hosp,2,2024-10-26,40,quantile,0.7,119.45569749516092
2024-10-12,wk inc flu hosp,2,2024-10-26,40,quantile,0.75,128.1972861899273
2024-10-12,wk inc flu hosp,2,2024-10-26,40,quantile,0.8,139.67994673175335
2024-10-12,wk inc flu hosp,2,2024-10-26,40,quantile,0.85,158.73774632153734
2024-10-12,wk inc flu hosp,2,2024-10-26,40,quantile,0.9,179.75771248879468
2024-10-12,wk inc flu hosp,2,2024-10-26,40,quantile,0.95,199.62462031963
2024-10-12,wk inc flu hosp,2,2024-10-26,40,quantile,0.975,218.17944863851676
2024-10-12,wk inc flu hosp,2,2024-10-26,40,quantile,0.99,241.04012174704204
2024-10-12,wk inc flu hosp,3,2024-11-02,40,quantile,0.01,0.0
2024-10-12,wk inc flu hosp,3,2024-11-02,40,quantile,0.025,23.844978648673987
2024-10-12,wk inc flu hosp,3,2024-11-02,40,quantile,0.05,36.74217602019875
2024-10-12,wk inc flu hosp,3,2024-11-02,40,quantile,0.1,45.75945987472169
2024-10-12,wk inc flu hosp,3,2024-11-02,40,quantile,0.15,58.04815575964113
2024-10-12,wk inc flu hosp,3,2024-11-02,40,quantile,0.2,68.0821511028364
2024-10-12,wk inc flu hosp,3,2024-11-02,40,quantile,0.25,76.36935702419062
2024-10-12,wk inc flu hosp,3,2024-11-02,40,quantile,0.3,84.48470209106567
2024-10-12,wk inc flu hosp,3,2024-11-02,40,quantile,0.35,93.1077925625105
2024-10-12,wk inc flu hosp,3,2024-11-02,40,quantile,0.4,101.22145502377741
2024-10-12,wk inc flu hosp,3,2024-11-02,40,quantile,0.45,109.80024549698273
2024-10-12,wk inc flu hosp,3,2024-11-02,40,quantile,0.5,117.57833561972595
2024-10-12,wk inc flu hosp,3,2024-11-02,40,quantile,0.55,123.7053808952869
2024-10-12,wk inc flu hosp,3,2024-11-02,40,quantile,0.6,131.60755117309034
2024-10-12,wk inc flu hosp,3,2024-11-02,40,quantile,0.65,141.3300572958053
2024-10-12,wk inc flu hosp,3,2024-11-02,40,quantile,0.7,152.24774114396175
2024-10-12,wk inc flu hosp,3,2024-11-02,40,quantile,0.75,164.21287220116966
2024-10-12,wk inc flu hosp,3,2024-11-02,40,quantile,0.8,177.62606753470826
2024-10-12,wk inc flu hosp,3,2024-11-02,40,quantile,0.85,196.37263912440375
2024-10-12,wk inc flu hosp,3,2024-11-02,40,quantile,0.9,218.01218752794196
2024-10-12,wk inc flu hosp,3,2024-11-02,40,quantile,0.95,248.8687163346246
2024-10-12,wk inc flu hosp,3,2024-11-02,40,quantile,0.975,273.15014000956893
2024-10-12,wk inc flu hosp,3,2024-11-02,40,quantile,0.99,300.98533545400835
2024-10-12,wk inc flu hosp,0,2024-10-12,41,quantile,0.01,0.0
2024-10-12,wk inc flu hosp,0,2024-10-12,41,quantile,0.025,0.0
2024-10-12,wk inc flu hosp,0,2024-10-12,41,quantile,0.05,0.0
2024-10-12,wk inc flu hosp,0,2024-10-12,41,quantile,0.1,0.0
2024-10-12,wk inc flu hosp,0,2024-10-12,41,quantile,0.15,0.0
2024-10-12,wk inc flu hosp,0,2024-10-12,41,quantile,0.2,0.0
2024-10-12,wk inc flu hosp,0,2024-10-12,41,quantile,0.25,0.0
2024-10-12,wk inc flu hosp,0,2024-10-12,41,quantile,0.3,0.5302545491233986
2024-10-12,wk inc flu hosp,0,2024-10-12,41,quantile,0.35,1.4611494856199716
2024-10-12,wk inc flu hosp,0,2024-10-12,41,quantile,0.4,2.198166242740219
2024-10-12,wk inc flu hosp,0,2024-10-12,41,quantile,0.45,6.081145170984604
2024-10-12,wk inc flu hosp,0,2024-10-12,41,quantile,0.5,9.55915136094663
2024-10-12,wk inc flu hosp,0,2024-10-12,41,quantile,0.55,13.357171302698505
2024-10-12,wk inc flu hosp,0,2024-10-12,41,quantile,0.6,17.277189556440362
2024-10-12,wk inc flu hosp,0,2024-10-12,41,quantile,0.65,21.331871272045024
2024-10-12,wk inc flu hosp,0,2024-10-12,41,quantile,0.7,27.717276395901624
2024-10-12,wk inc flu hosp,0,2024-10-12,41,quantile,0.75,31.912549062377
2024-10-12,wk inc flu hosp,0,2024-10-12,41,quantile,0.8,34.75827902937409
2024-10-12,wk inc flu hosp,0,2024-10-12,41,quantile,0.85,42.815027335306546
2024-10-12,wk inc flu hosp,0,2024-10-12,41,quantile,0.9,54.42618055886767
2024-10-12,wk inc flu hosp,0,2024-10-12,41,quantile,0.95,76.12999746985862
2024-10-12,wk inc flu hosp,0,2024-10-12,41,quantile,0.975,80.38843097312316
2024-10-12,wk inc flu hosp,0,2024-10-12,41,quantile,0.99,87.79083480460045
2024-10-12,wk inc flu hosp,1,2024-10-19,41,quantile,0.01,0.0
2024-10-12,wk inc flu hosp,1,2024-10-19,41,quantile,0.025,0.0
2024-10-12,wk inc flu hosp,1,2024-10-19,41,quantile,0.05,0.0
2024-10-12,wk inc flu hosp,1,2024-10-19,41,quantile,0.1,0.0
2024-10-12,wk inc flu hosp,1,2024-10-19,41,quantile,0.15,0.0
2024-10-12,wk inc flu hosp,1,2024-10-19,41,quantile,0.2,0.0
2024-10-12,wk inc flu hosp,1,2024-10-19,41,quantile,0.25,0.8541966840453206
2024-10-12,wk inc flu hosp,1,2024-10-19,41,quantile,0.3,2.8786770795657866
2024-10-12,wk inc flu hosp,1,2024-10-19,41,quantile,0.35,6.795341465947256
2024-10-12,wk inc flu hosp,1,2024-10-19,41,quantile,0.4,10.893574892520498
2024-10-12,wk inc flu hosp,1,2024-10-19,41,quantile,0.45,14.24530388234995
2024-10-12,wk inc flu hosp,1,2024-10-19,41,quantile,0.5,18.817061193109403
2024-10-12,wk inc flu hosp,1,2024-10-19,41,quantile,0.55,22.90386059792397
2024-10-12,wk inc flu hosp,1,2024-10-19,41,quantile,0.6,28.340779554115265
2024-10-12,wk inc flu hosp,1,2024-10-19,41,quantile,0.65,31.50645772790999
2024-10-12,wk inc flu hosp,1,2024-10-19,41,quantile,0.7,35.06746250224797
2024-10-12,wk inc flu hosp,1,2024-10-19,41,quantile,0.75,38.95733435548795
2024-10-12,wk inc flu hosp,1,2024-10-19,41,quantile,0.8,46.40871032680863
2024-10-12,wk inc flu hosp,1,2024-10-19,41,quantile,0.85,53.87595321502362
2024-10-12,wk inc flu hosp,1,2024-10-19,41,quantile,0.9,68.3385372646883
2024-10-12,wk inc flu hosp,1,2024-10-19,41,quantile,0.95,83.32165437351283
2024-10-12,wk inc flu hosp,1,2024-10-19,41,quantile,0.975,89.65047899374616
2024-10-12,wk inc flu hosp,1,2024-10-19,41,quantile,0.99,99.8972759064694
2024-10-12,wk inc flu hosp,2,2024-10-26,41,quantile,0.01,0.0
2024-10-12,wk inc flu hosp,2,2024-10-26,41,quantile,0.025,0.0
2024-10-12,wk inc flu hosp,2,2024-10-26,41,quantile,0.05,0.0
2024-10-12,wk inc flu hosp,2,2024-10-26,41,quantile,0.1,0.0
2024-10-12,wk inc flu hosp,2,2024-10-26,41,quantile,0.15,0.0
2024-10-12,wk inc flu hosp,2,2024-10-26,41,quantile,0.2,0.0
2024-10-12,wk inc flu hosp,2,2024-10-26,41,quantile,0.25,1.5291597978262976
2024-10-12,wk inc flu hosp,2,2024-10-26,41,quantile,0.3,4.265583536595484
2024-10-12,wk inc flu hosp,2,2024-10-26,41,quantile,0.35,7.459764128553601
2024-10-12,wk inc flu hosp,2,2024-10-26,41,quantile,0.4,11.705044393856767
2024-10-12,wk inc flu hosp,2,2024-10-26,41,quantile,0.45,16.215690735865355
2024-10-12,wk inc flu hosp,2,2024-10-26,41,quantile,0.5,19.529543332528718
2024-10-12,wk inc flu hosp,2,2024-10-26,41,quantile,0.55,23.869708197201323
2024-10-12,wk inc flu hosp,2,2024-10-26,41,quantile,0.6,29.39667261540422
2024-10-12,wk inc flu hosp,2,2024-10-26,41,quantile,0.65,33.53397652855268
2024-10-12,wk inc flu hosp,2,2024-10-26,41,quantile,0.7,37.4301093633422
2024-10-12,wk inc flu hosp,2,2024-10-26,41,quantile,0.75,41.95376924296117
2024-10-12,wk inc flu hosp,2,2024-10-26,41,quantile,0.8,48.62088522336442
2024-10-12,wk inc flu hosp,2,2024-10-26,41,quantile,0.85,55.60686316832492
2024-10-12,wk inc flu hosp,2,2024-10-26,41,quantile,0.9,70.00469510583831
2024-10-12,wk inc flu hosp,2,2024-10-26,41,quantile,0.95,86.34051095673539
2024-10-12,wk inc flu hosp,2,2024-10-26,41,quantile,0.975,95.15942107581911
2024-10-12,wk inc flu hosp,2,2024-10-26,41,quantile,0.99,112.47510780628093
2024-10-12,wk inc flu hosp,3,2024-11-02,41,quantile,0.01,0.0
2024-10-12,wk inc flu hosp,3,2024-11-02,41,quantile,0.025,0.0
2024-10-12,wk inc flu hosp,3,2024-11-02,41,quantile,0.05,0.0
2024-10-12,wk inc flu hosp,3,2024-11-02,41,quantile,0.1,0.0
2024-10-12,wk inc flu hosp,3,2024-11-02,41,quantile,0.15,4.39196528087595
2024-10-12,wk inc flu hosp,3,2024-11-02,41,quantile,0.2,6.828582626258861
2024-10-12,wk inc flu hosp,3,2024-11-02,41,quantile,0.25,10.654426439938092
2024-10-12,wk inc flu hosp,3,2024-11-02,41,quantile,0.3,14.804994970605199
2024-10-12,wk inc flu hosp,3,2024-11-02,41,quantile,0.35,19.21232608772168
2024-10-12,wk inc flu hosp,3,2024-11-02,41,quantile,0.4,23.491311237703187
2024-10-12,wk inc flu hosp,3,2024-11-02,41,quantile,0.45,27.029609010656447
2024-10-12,wk inc flu hosp,3,2024-11-02,41,quantile,0.5,31.49957128806969
2024-10-12,wk inc flu hosp,3,2024-11-02,41,quantile,0.55,37.184537587600694
2024-10-12,wk inc flu hosp,3,2024-11-02,41,quantile,0.6,42.178533306703656
2024-10-12,wk inc flu hosp,3,2024-11-02,41,quantile,0.65,46.88393192039029
2024-10-12,wk inc flu hosp,3,2024-11-02,41,quantile,0.7,50.57721979567441
2024-10-12,wk inc flu hosp,3,2024-11-02,41,quantile,0.75,56.01400563281078
2024-10-12,wk inc flu hosp,3,2024-11-02,41,quantile,0.8,63.43218796893638
2024-10-12,wk inc flu hosp,3,2024-11-02,41,quantile,0.85,73.50128515683075
2024-10-12,wk inc flu hosp,3,2024-11-02,41,quantile,0.9,92.89555034355705
2024-10-12,wk inc flu hosp,3,2024-11-02,41,quantile,0.95,110.05848505517042
2024-10-12,wk inc flu hosp,3,2024-11-02,41,quantile,0.975,126.71400219528006
2024-10-12,wk inc flu hosp,3,2024-11-02,41,quantile,0.99,140.44188132011655
2024-10-12,wk inc flu hosp,0,2024-10-12,42,quantile,0.01,0.0
2024-10-12,wk inc flu hosp,0,2024-10-12,42,quantile,0.025,0.0
2024-10-12,wk inc flu hosp,0,2024-10-12,42,quantile,0.05,0.0
2024-10-12,wk inc flu hosp,0,2024-10-12,42,quantile,0.1,0.0
2024-10-12,wk inc flu hosp,0,2024-10-12,42,quantile,0.15,19.9920528785194
2024-10-12,wk inc flu hosp,0,2024-10-12,42,quantile,0.2,37.349057087021215
2024-10-12,wk inc flu hosp,0,2024-10-12,42,quantile,0.25,46.54866654953191
2024-10-12,wk inc flu hosp,0,2024-10-12,42,quantile,0.3,66.4139494776904
2024-10-12,wk inc flu hosp,0,2024-10-12,42,quantile,0.35,69.38683043946774
2024-10-12,wk inc flu hosp,0,2024-10-12,42,quantile,0.4,71.76563420617018
2024-10-12,wk inc flu hosp,0,2024-10-12,42,quantile,0.45,76.501433054144
2024-10-12,wk inc flu hosp,0,2024-10-12,42,quantile,0.5,95.04423759032039
2024-10-12,wk inc flu hosp,0,2024-10-12,42,quantile,0.55,104.47728726368432
2024-10-12,wk inc flu hosp,0,2024-10-12,42,quantile,0.6,109.72469363882595
2024-10-12,wk inc flu hosp,0,2024-10-12,42,quantile,0.65,115.09767014097443
2024-10-12,wk inc flu hosp,0,2024-10-12,42,quantile,0.7,124.85040086489283
2024-10-12,wk inc flu hosp,0,2024-10-12,42,quantile,0.75,129.08873578553815
2024-10-12,wk inc flu hosp,0,2024-10-12,42,quantile,0.8,135.96408074604588
2024-10-12,wk inc flu hosp,0,2024-10-12,42,quantile,0.85,151.88300358464502
2024-10-12,wk inc flu hosp,0,2024-10-12,42,quantile,0.9,192.00970126920816
2024-10-12,wk inc flu hosp,0,2024-10-12,42,quantile,0.95,213.29105434641158
2024-10-12,wk inc flu hosp,0,2024-10-12,42,quantile,0.975,227.64144471791423
2024-10-12,wk inc flu hosp,0,2024-10-12,42,quantile,0.99,268.5650572115326
2024-10-12,wk inc flu hosp,1,2024-10-19,42,quantile,0.01,0.0
2024-10-12,wk inc flu hosp,1,2024-10-19,42,quantile,0.025,0.0
2024-10-12,wk inc flu hosp,1,2024-10-19,42,quantile,0.05,0.0
2024-10-12,wk inc flu hosp,1,2024-10-19,42,quantile,0.1,11.743565119864318
2024-10-12,wk inc flu hosp,1,2024-10-19,42,quantile,0.15,32.83010852322174
2024-10-12,wk inc flu hosp,1,2024-10-19,42,quantile,0.2,48.237250836930684
2024-10-12,wk inc flu hosp,1,2024-10-19,42,quantile,0.25,58.36523961231034
2024-10-12,wk inc flu hosp,1,2024-10-19,42,quantile,0.3,67.61848478042111
2024-10-12,wk inc flu hosp,1,2024-10-19,42,quantile,0.35,78.27108211609989
2024-10-12,wk inc flu hosp,1,2024-10-19,42,quantile,0.4,86.25171725623652
2024-10-12,wk inc flu hosp,1,2024-10-19,42,quantile,0.45,95.19337257598768
2024-10-12,wk inc flu hosp,1,2024-10-19,42,quantile,0.5,105.87735620629158
2024-10-12,wk inc flu hosp,1,2024-10-19,42,quantile,0.55,114.50086011524677
2024-10-12,wk inc flu hosp,1,2024-10-19,42,quantile,0.6,122.52649524513728
2024-10-12,wk inc flu hosp,1,2024-10-19,42,quantile,0.65,128.15583132137905
2024-10-12,wk inc flu hosp,1,2024-10-19,42,quantile,0.7,136.45921636758888
2024-10-12,wk inc flu hosp,1,2024-10-19,42,quantile,0.75,144.47042277169726
2024-10-12,wk inc flu hosp,1,2024-10-19,42,quantile,0.8,155.04651572214527
2024-10-12,wk inc flu hosp,1,2024-10-19,42,quantile,0.85,170.37064161047303
2024-10-12,wk inc flu hosp,1,2024-10-19,42,quantile,0.9,185.70665688587385
2024-10-12,wk inc flu hosp,1,2024-10-19,42,quantile,0.95,219.41811792999084
2024-10-12,wk inc flu hosp,1,2024-10-19,42,quantile,0.975,252.43491525373062
2024-10-12,wk inc flu hosp,1,2024-10-19,42,quantile,0.99,285.0915766188514
2024-10-12,wk inc flu hosp,2,2024-10-26,42,quantile,0.01,0.0
2024-10-12,wk inc flu hosp,2,2024-10-26,42,quantile,0.025,0.0
2024-10-12,wk inc flu hosp,2,2024-10-26,42,quantile,0.05,0.0
2024-10-12,wk inc flu hosp,2,2024-10-26,42,quantile,0.1,14.716497873399325
2024-10-12,wk inc flu hosp,2,2024-10-26,42,quantile,0.15,37.12079402634744
2024-10-12,wk inc flu hosp,2,2024-10-26,42,quantile,0.2,56.92734456291644
2024-10-12,wk inc flu hosp,2,2024-10-26,42,quantile,0.25,67.50476736638771
2024-10-12,wk inc flu hosp,2,2024-10-26,42,quantile,0.3,76.02333855632904
2024-10-12,wk inc flu hosp,2,2024-10-26,42,quantile,0.35,85.6114980781896
2024-10-12,wk inc flu hosp,2,2024-10-26,42,quantile,0.4,93.98279321860551
2024-10-12,wk inc flu hosp,2,2024-10-26,42,quantile,0.45,102.11350819626105
2024-10-12,wk inc flu hosp,2,2024-10-26,42,quantile,0.5,110.07225932201243
2024-10-12,wk inc flu hosp,2,2024-10-26,42,quantile,0.55,118.9583208167638
2024-10-12,wk inc flu hosp,2,2024-10-26,42,quantile,0.6,127.3558767880849
2024-10-12,wk inc flu hosp,2,2024-10-26,42,quantile,0.65,135.31865493950815
2024-10-12,wk inc flu hosp,2,2024-10-26,42,quantile,0.7,142.55643011183986
2024-10-12,wk inc flu hosp,2,2024-10-26,42,quantile,0.75,151.8024468762254
2024-10-12,wk inc flu hosp,2,2024-10-26,42,quantile,0.8,166.3182057793467
2024-10-12,wk inc flu hosp,2,2024-10-26,42,quantile,0.85,181.07907045188102
2024-10-12,wk inc flu hosp,2,2024-10-26,42,quantile,0.9,203.51006644227618
2024-10-12,wk inc flu hosp,2,2024-10-26,42,quantile,0.95,235.88649215160768
2024-10-12,wk inc flu hosp,2,2024-10-26,42,quantile,0.975,260.38587078785173
2024-10-12,wk inc flu hosp,2,2024-10-26,42,quantile,0.99,305.80020996365676
2024-10-12,wk inc flu hosp,3,2024-11-02,42,quantile,0.01,0.0
2024-10-12,wk inc flu hosp,3,2024-11-02,42,quantile,0.025,0.0
2024-10-12,wk inc flu hosp,3,2024-11-02,42,quantile,0.05,12.08632476259608
2024-10-12,wk inc flu hosp,3,2024-11-02,42,quantile,0.1,33.77994549363312
2024-10-12,wk inc flu hosp,3,2024-11-02,42,quantile,0.15,56.60426442904177
2024-10-12,wk inc flu hosp,3,2024-11-02,42,quantile,0.2,72.482503453554
2024-10-12,wk inc flu hosp,3,2024-11-02,42,quantile,0.25,85.33343035900384
2024-10-12,wk inc flu hosp,3,2024-11-02,42,quantile,0.3,95.20943323733759
2024-10-12,wk inc flu hosp,3,2024-11-02,42,quantile,0.35,105.4411369647085
2024-10-12,wk inc flu hosp,3,2024-11-02,42,quantile,0.4,114.6449932425881
2024-10-12,wk inc flu hosp,3,2024-11-02,42,quantile,0.45,124.25111980877791
2024-10-12,wk inc flu hosp,3,2024-11-02,42,quantile,0.5,134.2109172336402
2024-10-12,wk inc flu hosp,3,2024-11-02,42,quantile,0.55,144.56108969487283
2024-10-12,wk inc flu hosp,3,2024-11-02,42,quantile,0.6,154.18434184654856
2024-10-12,wk inc flu hosp,3,2024-11-02,42,quantile,0.65,161.56116377483903
2024-10-12,wk inc flu hosp,3,2024-11-02,42,quantile,0.7,169.03390785022447
2024-10-12,wk inc flu hosp,3,2024-11-02,42,quantile,0.75,182.10100884752467
2024-10-12,wk inc flu hosp,3,2024-11-02,42,quantile,0.8,199.09138374715496
2024-10-12,wk inc flu hosp,3,2024-11-02,42,quantile,0.85,219.43866320145543
2024-10-12,wk inc flu hosp,3,2024-11-02,42,quantile,0.9,240.50631165364277
2024-10-12,wk inc flu hosp,3,2024-11-02,42,quantile,0.95,274.5958141687634
2024-10-12,wk inc flu hosp,3,2024-11-02,42,quantile,0.975,314.6898668487201
2024-10-12,wk inc flu hosp,3,2024-11-02,42,quantile,0.99,357.15986125408506
2024-10-12,wk inc flu hosp,0,2024-10-12,44,quantile,0.01,0.0
2024-10-12,wk inc flu hosp,0,2024-10-12,44,quantile,0.025,0.0
2024-10-12,wk inc flu hosp,0,2024-10-12,44,quantile,0.05,0.0
2024-10-12,wk inc flu hosp,0,2024-10-12,44,quantile,0.1,0.0
2024-10-12,wk inc flu hosp,0,2024-10-12,44,quantile,0.15,0.0
2024-10-12,wk inc flu hosp,0,2024-10-12,44,quantile,0.2,0.0
2024-10-12,wk inc flu hosp,0,2024-10-12,44,quantile,0.25,0.0
2024-10-12,wk inc flu hosp,0,2024-10-12,44,quantile,0.3,0.0
2024-10-12,wk inc flu hosp,0,2024-10-12,44,quantile,0.35,0.07823548223079424
2024-10-12,wk inc flu hosp,0,2024-10-12,44,quantile,0.4,0.35901037484506526
2024-10-12,wk inc flu hosp,0,2024-10-12,44,quantile,0.45,0.6345799130001053
2024-10-12,wk inc flu hosp,0,2024-10-12,44,quantile,0.5,1.0284715739815224
2024-10-12,wk inc flu hosp,0,2024-10-12,44,quantile,0.55,1.4866593395091836
2024-10-12,wk inc flu hosp,0,2024-10-12,44,quantile,0.6,1.6478522710314345
2024-10-12,wk inc flu hosp,0,2024-10-12,44,quantile,0.65,1.8689222138677524
2024-10-12,wk inc flu hosp,0,2024-10-12,44,quantile,0.7,2.1663501056127252
2024-10-12,wk inc flu hosp,0,2024-10-12,44,quantile,0.75,2.4539054572882386
2024-10-12,wk inc flu hosp,0,2024-10-12,44,quantile,0.8,2.6870877615075557
2024-10-12,wk inc flu hosp,0,2024-10-12,44,quantile,0.85,3.0457855417274478
2024-10-12,wk inc flu hosp,0,2024-10-12,44,quantile,0.9,5.057743568025659
2024-10-12,wk inc flu hosp,0,2024-10-12,44,quantile,0.95,8.944937619619543
2024-10-12,wk inc flu hosp,0,2024-10-12,44,quantile,0.975,11.350874226528592
2024-10-12,wk inc flu hosp,0,2024-10-12,44,quantile,0.99,12.357337053714092
2024-10-12,wk inc flu hosp,1,2024-10-19,44,quantile,0.01,0.0
2024-10-12,wk inc flu hosp,1,2024-10-19,44,quantile,0.025,0.0
2024-10-12,wk inc flu hosp,1,2024-10-19,44,quantile,0.05,0.0
2024-10-12,wk inc flu hosp,1,2024-10-19,44,quantile,0.1,0.0
2024-10-12,wk inc flu hosp,1,2024-10-19,44,quantile,0.15,0.0
2024-10-12,wk inc flu hosp,1,2024-10-19,44,quantile,0.2,0.0
2024-10-12,wk inc flu hosp,1,2024-10-19,44,quantile,0.25,0.14757165964915056
2024-10-12,wk inc flu hosp,1,2024-10-19,44,quantile,0.3,0.4360236974516035
2024-10-12,wk inc flu hosp,1,2024-10-19,44,quantile,0.35,0.8162019197045064
2024-10-12,wk inc flu hosp,1,2024-10-19,44,quantile,0.4,1.2141435029013061
2024-10-12,wk inc flu hosp,1,2024-10-19,44,quantile,0.45,1.5416956770337038
2024-10-12,wk inc flu hosp,1,2024-10-19,44,quantile,0.5,1.7943265322763913
2024-10-12,wk inc flu hosp,1,2024-10-19,44,quantile,0.55,2.0758485690884614
2024-10-12,wk inc flu hosp,1,2024-10-19,44,quantile,0.6,2.450287181607659
2024-10-12,wk inc flu hosp,1,2024-10-19,44,quantile,0.65,2.704208245250352
2024-10-12,wk inc flu hosp,1,2024-10-19,44,quantile,0.7,2.963716509300429
2024-10-12,wk inc flu hosp,1,2024-10-19,44,quantile,0.75,3.2962570501811825
2024-10-12,wk inc flu hosp,1,2024-10-19,44,quantile,0.8,3.7402139989097263
2024-10-12,wk inc flu hosp,1,2024-10-19,44,quantile,0.85,4.502968342221707
2024-10-12,wk inc flu hosp,1,2024-10-19,44,quantile,0.9,6.910579199322938
2024-10-12,wk inc flu hosp,1,2024-10-19,44,quantile,0.95,9.1220986417306
2024-10-12,wk inc flu hosp,1,2024-10-19,44,quantile,0.975,11.768993864008507
2024-10-12,wk inc flu hosp,1,2024-10-19,44,quantile,0.99,13.691980221376316
2024-10-12,wk inc flu hosp,2,2024-10-26,44,quantile,0.01,0.0
2024-10-12,wk inc flu hosp,2,2024-10-26,44,quantile,0.025,0.0
2024-10-12,wk inc flu hosp,2,2024-10-26,44,quantile,0.05,0.0
2024-10-12,wk inc flu hosp,2,2024-10-26,44,quantile,0.1,0.0
2024-10-12,wk inc flu hosp,2,2024-10-26,44,quantile,0.15,0.0
2024-10-12,wk inc flu hosp,2,2024-10-26,44,quantile,0.2,0.26314637249669803
2024-10-12,wk inc flu hosp,2,2024-10-26,44,quantile,0.25,0.5381778377035846
2024-10-12,wk inc flu hosp,2,2024-10-26,44,quantile,0.3,0.8963291405146008
2024-10-12,wk inc flu hosp,2,2024-10-26,44,quantile,0.35,1.2729080704895979
2024-10-12,wk inc flu hosp,2,2024-10-26,44,quantile,0.4,1.5858658517319018
2024-10-12,wk inc flu hosp,2,2024-10-26,44,quantile,0.45,1.9271662263464029
2024-10-12,wk inc flu hosp,2,2024-10-26,44,quantile,0.5,2.2501314556544467
2024-10-12,wk inc flu hosp,2,2024-10-26,44,quantile,0.55,2.596001954433824
2024-10-12,wk inc flu hosp,2,2024-10-26,44,quantile,0.6,2.883238083475115
2024-10-12,wk inc flu hosp,2,2024-10-26,44,quantile,0.65,3.2918110219176606
2024-10-12,wk inc flu hosp,2,2024-10-26,44,quantile,0.7,3.6569372215869262
2024-10-12,wk inc flu hosp,2,2024-10-26,44,quantile,0.75,4.047109490138012
2024-10-12,wk inc flu hosp,2,2024-10-26,44,quantile,0.8,4.761020500505221
2024-10-12,wk inc flu hosp,2,2024-10-26,44,quantile,0.85,6.013421473612656
2024-10-12,wk inc flu hosp,2,2024-10-26,44,quantile,0.9,8.30015327762616
2024-10-12,wk inc flu hosp,2,2024-10-26,44,quantile,0.95,11.095823884983744
2024-10-12,wk inc flu hosp,2,2024-10-26,44,quantile,0.975,13.879895705975251
2024-10-12,wk inc flu hosp,2,2024-10-26,44,quantile,0.99,16.610484479964718
2024-10-12,wk inc flu hosp,3,2024-11-02,44,quantile,0.01,0.0
2024-10-12,wk inc flu hosp,3,2024-11-02,44,quantile,0.025,0.0
2024-10-12,wk inc flu hosp,3,2024-11-02,44,quantile,0.05,0.0
2024-10-12,wk inc flu hosp,3,2024-11-02,44,quantile,0.1,0.0
2024-10-12,wk inc flu hosp,3,2024-11-02,44,quantile,0.15,0.31113035038189324
2024-10-12,wk inc flu hosp,3,2024-11-02,44,quantile,0.2,0.6657512072275084
2024-10-12,wk inc flu hosp,3,2024-11-02,44,quantile,0.25,1.1780106648888635
2024-10-12,wk inc flu hosp,3,2024-11-02,44,quantile,0.3,1.480597523729519
2024-10-12,wk inc flu hosp,3,2024-11-02,44,quantile,0.35,1.780023914032696
2024-10-12,wk inc flu hosp,3,2024-11-02,44,quantile,0.4,2.1812674774120264
2024-10-12,wk inc flu hosp,3,2024-11-02,44,quantile,0.45,2.6427523500188697
2024-10-12,wk inc flu hosp,3,2024-11-02,44,quantile,0.5,3.067395684127173
2024-10-12,wk inc flu hosp,3,2024-11-02,44,quantile,0.55,3.423805556309536
2024-10-12,wk inc flu hosp,3,2024-11-02,44,quantile,0.6,3.7850345935468557
2024-10-12,wk inc flu hosp,3,2024-11-02,44,quantile,0.65,4.130929977591035
2024-10-12,wk inc flu hosp,3,2024-11-02,44,quantile,0.7,4.573937017369087
2024-10-12,wk inc flu hosp,3,2024-11-02,44,quantile,0.75,5.1748080426447665
2024-10-12,wk inc flu hosp,3,2024-11-02,44,quantile,0.8,6.095163669353121
2024-10-12,wk inc flu hosp,3,2024-11-02,44,quantile,0.85,7.7708839121563145
2024-10-12,wk inc flu hosp,3,2024-11-02,44,quantile,0.9,9.901580099046036
2024-10-12,wk inc flu hosp,3,2024-11-02,44,quantile,0.95,13.224618848555574
2024-10-12,wk inc flu hosp,3,2024-11-02,44,quantile,0.975,15.280484800276064
2024-10-12,wk inc flu hosp,3,2024-11-02,44,quantile,0.99,17.923704910377488
2024-10-12,wk inc flu hosp,0,2024-10-12,45,quantile,0.01,0.0
2024-10-12,wk inc flu hosp,0,2024-10-12,45,quantile,0.025,0.0
2024-10-12,wk inc flu hosp,0,2024-10-12,45,quantile,0.05,4.657827562783096
2024-10-12,wk inc flu hosp,0,2024-10-12,45,quantile,0.1,6.247828776775292
2024-10-12,wk inc flu hosp,0,2024-10-12,45,quantile,0.15,8.235864051734039
2024-10-12,wk inc flu hosp,0,2024-10-12,45,quantile,0.2,11.899875340638177
2024-10-12,wk inc flu hosp,0,2024-10-12,45,quantile,0.25,14.671811990006233
2024-10-12,wk inc flu hosp,0,2024-10-12,45,quantile,0.3,16.653070320942877
2024-10-12,wk inc flu hosp,0,2024-10-12,45,quantile,0.35,18.06302509298
2024-10-12,wk inc flu hosp,0,2024-10-12,45,quantile,0.4,19.671763047507472
2024-10-12,wk inc flu hosp,0,2024-10-12,45,quantile,0.45,20.19589689191032
2024-10-12,wk inc flu hosp,0,2024-10-12,45,quantile,0.5,22.418103555020597
2024-10-12,wk inc flu hosp,0,2024-10-12,45,quantile,0.55,24.2267160872321
2024-10-12,wk inc flu hosp,0,2024-10-12,45,quantile,0.6,30.671226028814704
2024-10-12,wk inc flu hosp,0,2024-10-12,45,quantile,0.65,30.993933425809725
2024-10-12,wk inc flu hosp,0,2024-10-12,45,quantile,0.7,31.97064924175537
2024-10-12,wk inc flu hosp,0,2024-10-12,45,quantile,0.75,35.78320732897536
2024-10-12,wk inc flu hosp,0,2024-10-12,45,quantile,0.8,42.34761191463238
2024-10-12,wk inc flu hosp,0,2024-10-12,45,quantile,0.85,43.663948516028434
2024-10-12,wk inc flu hosp,0,2024-10-12,45,quantile,0.9,49.60827010105098
2024-10-12,wk inc flu hosp,0,2024-10-12,45,quantile,0.95,52.29088784065237
2024-10-12,wk inc flu hosp,0,2024-10-12,45,quantile,0.975,147.96364280085805
2024-10-12,wk inc flu hosp,0,2024-10-12,45,quantile,0.99,294.7022710311261
2024-10-12,wk inc flu hosp,1,2024-10-19,45,quantile,0.01,0.0
2024-10-12,wk inc flu hosp,1,2024-10-19,45,quantile,0.025,0.0
2024-10-12,wk inc flu hosp,1,2024-10-19,45,quantile,0.05,6.374940751907154
2024-10-12,wk inc flu hosp,1,2024-10-19,45,quantile,0.1,10.310134573201045
2024-10-12,wk inc flu hosp,1,2024-10-19,45,quantile,0.15,13.123200290343183
2024-10-12,wk inc flu hosp,1,2024-10-19,45,quantile,0.2,17.014189565215947
2024-10-12,wk inc flu hosp,1,2024-10-19,45,quantile,0.25,19.923794222485814
2024-10-12,wk inc flu hosp,1,2024-10-19,45,quantile,0.3,21.856224271307266
2024-10-12,wk inc flu hosp,1,2024-10-19,45,quantile,0.35,23.496697576550233
2024-10-12,wk inc flu hosp,1,2024-10-19,45,quantile,0.4,25.35981930664593
2024-10-12,wk inc flu hosp,1,2024-10-19,45,quantile,0.45,27.469383880282496
2024-10-12,wk inc flu hosp,1,2024-10-19,45,quantile,0.5,29.710267490397175
2024-10-12,wk inc flu hosp,1,2024-10-19,45,quantile,0.55,33.6749193962873
2024-10-12,wk inc flu hosp,1,2024-10-19,45,quantile,0.6,36.37237903906363
2024-10-12,wk inc flu hosp,1,2024-10-19,45,quantile,0.65,38.63375553233888
2024-10-12,wk inc flu hosp,1,2024-10-19,45,quantile,0.7,43.03264569534332
2024-10-12,wk inc flu hosp,1,2024-10-19,45,quantile,0.75,48.09278189757077
2024-10-12,wk inc flu hosp,1,2024-10-19,45,quantile,0.8,53.03367745645255
2024-10-12,wk inc flu hosp,1,2024-10-19,45,quantile,0.85,59.20003911810095
2024-10-12,wk inc flu hosp,1,2024-10-19,45,quantile,0.9,66.74056145241218
2024-10-12,wk inc flu hosp,1,2024-10-19,45,quantile,0.95,114.90689219520797
2024-10-12,wk inc flu hosp,1,2024-10-19,45,quantile,0.975,199.23612957670701
2024-10-12,wk inc flu hosp,1,2024-10-19,45,quantile,0.99,261.6346406346228
2024-10-12,wk inc flu hosp,2,2024-10-26,45,quantile,0.01,0.0
2024-10-12,wk inc flu hosp,2,2024-10-26,45,quantile,0.025,5.281430433148483
2024-10-12,wk inc flu hosp,2,2024-10-26,45,quantile,0.05,10.066227388125597
2024-10-12,wk inc flu hosp,2,2024-10-26,45,quantile,0.1,14.016561011586157
2024-10-12,wk inc flu hosp,2,2024-10-26,45,quantile,0.15,18.82620886119999
2024-10-12,wk inc flu hosp,2,2024-10-26,45,quantile,0.2,23.394758834936397
2024-10-12,wk inc flu hosp,2,2024-10-26,45,quantile,0.25,26.30140036989199
2024-10-12,wk inc flu hosp,2,2024-10-26,45,quantile,0.3,29.8153074549089
2024-10-12,wk inc flu hosp,2,2024-10-26,45,quantile,0.35,32.35004357822587
2024-10-12,wk inc flu hosp,2,2024-10-26,45,quantile,0.4,35.242947596481606
2024-10-12,wk inc flu hosp,2,2024-10-26,45,quantile,0.45,38.36355376596631
2024-10-12,wk inc flu hosp,2,2024-10-26,45,quantile,0.5,40.8467966379839
2024-10-12,wk inc flu hosp,2,2024-10-26,45,quantile,0.55,43.7420611032092
2024-10-12,wk inc flu hosp,2,2024-10-26,45,quantile,0.6,47.69940791231632
2024-10-12,wk inc flu hosp,2,2024-10-26,45,quantile,0.65,52.301771410280274
2024-10-12,wk inc flu hosp,2,2024-10-26,45,quantile,0.7,58.906033857813654
2024-10-12,wk inc flu hosp,2,2024-10-26,45,quantile,0.75,64.68101208353055
2024-10-12,wk inc flu hosp,2,2024-10-26,45,quantile,0.8,72.18798566955442
2024-10-12,wk inc flu hosp,2,2024-10-26,45,quantile,0.85,83.38494750233683
2024-10-12,wk inc flu hosp,2,2024-10-26,45,quantile,0.9,103.54938711795324
2024-10-12,wk inc flu hosp,2,2024-10-26,45,quantile,0.95,177.53616383878713
2024-10-12,wk inc flu hosp,2,2024-10-26,45,quantile,0.975,253.22378607490174
2024-10-12,wk inc flu hosp,2,2024-10-26,45,quantile,0.99,328.01244730315756
2024-10-12,wk inc flu hosp,3,2024-11-02,45,quantile,0.01,0.0
2024-10-12,wk inc flu hosp,3,2024-11-02,45,quantile,0.025,11.488288748870993
2024-10-12,wk inc flu hosp,3,2024-11-02,45,quantile,0.05,15.784093187869717
2024-10-12,wk inc flu hosp,3,2024-11-02,45,quantile,0.1,21.675994446608836
2024-10-12,wk inc flu hosp,3,2024-11-02,45,quantile,0.15,27.1572325825494
2024-10-12,wk inc flu hosp,3,2024-11-02,45,quantile,0.2,31.040004964848873
2024-10-12,wk inc flu hosp,3,2024-11-02,45,quantile,0.25,34.17492046507529
2024-10-12,wk inc flu hosp,3,2024-11-02,45,quantile,0.3,36.91301706170147
2024-10-12,wk inc flu hosp,3,2024-11-02,45,quantile,0.35,40.16701930507557
2024-10-12,wk inc flu hosp,3,2024-11-02,45,quantile,0.4,43.292576638123236
2024-10-12,wk inc flu hosp,3,2024-11-02,45,quantile,0.45,47.691263624530755
2024-10-12,wk inc flu hosp,3,2024-11-02,45,quantile,0.5,51.899494612098586
2024-10-12,wk inc flu hosp,3,2024-11-02,45,quantile,0.55,55.80326666861677
2024-10-12,wk inc flu hosp,3,2024-11-02,45,quantile,0.6,61.635348113755015
2024-10-12,wk inc flu hosp,3,2024-11-02,45,quantile,0.65,67.5513010837393
2024-10-12,wk inc flu hosp,3,2024-11-02,45,quantile,0.7,75.70479095070903
2024-10-12,wk inc flu hosp,3,2024-11-02,45,quantile,0.75,84.96363752373284
2024-10-12,wk inc flu hosp,3,2024-11-02,45,quantile,0.8,100.99337533948538
2024-10-12,wk inc flu hosp,3,2024-11-02,45,quantile,0.85,123.16313627024972
2024-10-12,wk inc flu hosp,3,2024-11-02,45,quantile,0.9,165.46017015030233
2024-10-12,wk inc flu hosp,3,2024-11-02,45,quantile,0.95,242.6159944500743
2024-10-12,wk inc flu hosp,3,2024-11-02,45,quantile,0.975,307.323845551624
2024-10-12,wk inc flu hosp,3,2024-11-02,45,quantile,0.99,357.4728034617424
2024-10-12,wk inc flu hosp,0,2024-10-12,46,quantile,0.01,0.0
2024-10-12,wk inc flu hosp,0,2024-10-12,46,quantile,0.025,0.0
2024-10-12,wk inc flu hosp,0,2024-10-12,46,quantile,0.05,0.0
2024-10-12,wk inc flu hosp,0,2024-10-12,46,quantile,0.1,0.9682079446043294
2024-10-12,wk inc flu hosp,0,2024-10-12,46,quantile,0.15,1.048269406723694
2024-10-12,wk inc flu hosp,0,2024-10-12,46,quantile,0.2,1.9300442284250758
2024-10-12,wk inc flu hosp,0,2024-10-12,46,quantile,0.25,2.5510747107556977
2024-10-12,wk inc flu hosp,0,2024-10-12,46,quantile,0.3,3.0421807947729915
2024-10-12,wk inc flu hosp,0,2024-10-12,46,quantile,0.35,3.465085536977596
2024-10-12,wk inc flu hosp,0,2024-10-12,46,quantile,0.4,4.307939491757317
2024-10-12,wk inc flu hosp,0,2024-10-12,46,quantile,0.45,4.8146131302686275
2024-10-12,wk inc flu hosp,0,2024-10-12,46,quantile,0.5,5.416969509004662
2024-10-12,wk inc flu hosp,0,2024-10-12,46,quantile,0.55,5.836997362425789
2024-10-12,wk inc flu hosp,0,2024-10-12,46,quantile,0.6,6.321173785547886
2024-10-12,wk inc flu hosp,0,2024-10-12,46,quantile,0.65,8.052106043091564
2024-10-12,wk inc flu hosp,0,2024-10-12,46,quantile,0.7,8.362914072914775
2024-10-12,wk inc flu hosp,0,2024-10-12,46,quantile,0.75,8.641042907496285
2024-10-12,wk inc flu hosp,0,2024-10-12,46,quantile,0.8,8.890214557195863
2024-10-12,wk inc flu hosp,0,2024-10-12,46,quantile,0.85,9.222321684350298
2024-10-12,wk inc flu hosp,0,2024-10-12,46,quantile,0.9,13.084382436201809
2024-10-12,wk inc flu hosp,0,2024-10-12,46,quantile,0.95,17.81219095885591
2024-10-12,wk inc flu hosp,0,2024-10-12,46,quantile,0.975,20.49414615897977
2024-10-12,wk inc flu hosp,0,2024-10-12,46,quantile,0.99,22.656217267774032
2024-10-12,wk inc flu hosp,1,2024-10-19,46,quantile,0.01,0.0
2024-10-12,wk inc flu hosp,1,2024-10-19,46,quantile,0.025,0.0
2024-10-12,wk inc flu hosp,1,2024-10-19,46,quantile,0.05,0.0
2024-10-12,wk inc flu hosp,1,2024-10-19,46,quantile,0.1,1.696680543769006
2024-10-12,wk inc flu hosp,1,2024-10-19,46,quantile,0.15,2.755120811013033
2024-10-12,wk inc flu hosp,1,2024-10-19,46,quantile,0.2,3.301663852473487
2024-10-12,wk inc flu hosp,1,2024-10-19,46,quantile,0.25,3.9666098911770025
2024-10-12,wk inc flu hosp,1,2024-10-19,46,quantile,0.3,4.764910615192175
2024-10-12,wk inc flu hosp,1,2024-10-19,46,quantile,0.35,5.51322511986074
2024-10-12,wk inc flu hosp,1,2024-10-19,46,quantile,0.4,6.201940056299587
2024-10-12,wk inc flu hosp,1,2024-10-19,46,quantile,0.45,6.965303803721813
2024-10-12,wk inc flu hosp,1,2024-10-19,46,quantile,0.5,7.842472341431289
2024-10-12,wk inc flu hosp,1,2024-10-19,46,quantile,0.55,8.584453619483073
2024-10-12,wk inc flu hosp,1,2024-10-19,46,quantile,0.6,9.367601432352487
2024-10-12,wk inc flu hosp,1,2024-10-19,46,quantile,0.65,9.993177946823792
2024-10-12,wk inc flu hosp,1,2024-10-19,46,quantile,0.7,10.676824259176946
2024-10-12,wk inc flu hosp,1,2024-10-19,46,quantile,0.75,11.581801475026925
2024-10-12,wk inc flu hosp,1,2024-10-19,46,quantile,0.8,12.564712821811353
2024-10-12,wk inc flu hosp,1,2024-10-19,46,quantile,0.85,14.603724304506173
2024-10-12,wk inc flu hosp,1,2024-10-19,46,quantile,0.9,17.32578844506779
2024-10-12,wk inc flu hosp,1,2024-10-19,46,quantile,0.95,21.009378836253205
2024-10-12,wk inc flu hosp,1,2024-10-19,46,quantile,0.975,23.9274054348975
2024-10-12,wk inc flu hosp,1,2024-10-19,46,quantile,0.99,26.600938439046534
2024-10-12,wk inc flu hosp,2,2024-10-26,46,quantile,0.01,0.0
2024-10-12,wk inc flu hosp,2,2024-10-26,46,quantile,0.025,0.0
2024-10-12,wk inc flu hosp,2,2024-10-26,46,quantile,0.05,0.7704960474879222
2024-10-12,wk inc flu hosp,2,2024-10-26,46,quantile,0.1,2.5991265139611675
2024-10-12,wk inc flu hosp,2,2024-10-26,46,quantile,0.15,3.7556514921028614
2024-10-12,wk inc flu hosp,2,2024-10-26,46,quantile,0.2,4.959331636160614
2024-10-12,wk inc flu hosp,2,2024-10-26,46,quantile,0.25,5.908868076505746
2024-10-12,wk inc flu hosp,2,2024-10-26,46,quantile,0.3,6.809317645180828
2024-10-12,wk inc flu hosp,2,2024-10-26,46,quantile,0.35,7.571817385133186
2024-10-12,wk inc flu hosp,2,2024-10-26,46,quantile,0.4,8.354074944503534
2024-10-12,wk inc flu hosp,2,2024-10-26,46,quantile,0.45,9.00023991651696
2024-10-12,wk inc flu hosp,2,2024-10-26,46,quantile,0.5,9.918802004776941
2024-10-12,wk inc flu hosp,2,2024-10-26,46,quantile,0.55,10.655496224408063
2024-10-12,wk inc flu hosp,2,2024-10-26,46,quantile,0.6,11.429132960909936
2024-10-12,wk inc flu hosp,2,2024-10-26,46,quantile,0.65,12.330159293434605
2024-10-12,wk inc flu hosp,2,2024-10-26,46,quantile,0.7,13.34134011415759
2024-10-12,wk inc flu hosp,2,2024-10-26,46,quantile,0.75,14.832938641871984
2024-10-12,wk inc flu hosp,2,2024-10-26,46,quantile,0.8,17.014881307158365
2024-10-12,wk inc flu hosp,2,2024-10-26,46,quantile,0.85,18.889830842351014
2024-10-12,wk inc flu hosp,2,2024-10-26,46,quantile,0.9,21.49461618060972
2024-10-12,wk inc flu hosp,2,2024-10-26,46,quantile,0.95,25.363014204594457
2024-10-12,wk inc flu hosp,2,2024-10-26,46,quantile,0.975,30.244839490802114
2024-10-12,wk inc flu hosp,2,2024-10-26,46,quantile,0.99,35.30722207932446
2024-10-12,wk inc flu hosp,3,2024-11-02,46,quantile,0.01,0.0
2024-10-12,wk inc flu hosp,3,2024-11-02,46,quantile,0.025,0.0
2024-10-12,wk inc flu hosp,3,2024-11-02,46,quantile,0.05,1.4803989898726777
2024-10-12,wk inc flu hosp,3,2024-11-02,46,quantile,0.1,3.269843625502532
2024-10-12,wk inc flu hosp,3,2024-11-02,46,quantile,0.15,5.071898601839125
2024-10-12,wk inc flu hosp,3,2024-11-02,46,quantile,0.2,6.4016257792363245
2024-10-12,wk inc flu hosp,3,2024-11-02,46,quantile,0.25,7.5749545606593145
2024-10-12,wk inc flu hosp,3,2024-11-02,46,quantile,0.3,8.95370249189773
2024-10-12,wk inc flu hosp,3,2024-11-02,46,quantile,0.35,9.952496896927382
2024-10-12,wk inc flu hosp,3,2024-11-02,46,quantile,0.4,11.120864461046324
2024-10-12,wk inc flu hosp,3,2024-11-02,46,quantile,0.45,12.33680098086763
2024-10-12,wk inc flu hosp,3,2024-11-02,46,quantile,0.5,13.354732947571362
2024-10-12,wk inc flu hosp,3,2024-11-02,46,quantile,0.55,14.28893967847039
2024-10-12,wk inc flu hosp,3,2024-11-02,46,quantile,0.6,15.246720380160436
2024-10-12,wk inc flu hosp,3,2024-11-02,46,quantile,0.65,16.37839547899889
2024-10-12,wk inc flu hosp,3,2024-11-02,46,quantile,0.7,17.92574585829582
2024-10-12,wk inc flu hosp,3,2024-11-02,46,quantile,0.75,19.29640829222344
2024-10-12,wk inc flu hosp,3,2024-11-02,46,quantile,0.8,21.8434841045519
2024-10-12,wk inc flu hosp,3,2024-11-02,46,quantile,0.85,24.8750238769697
2024-10-12,wk inc flu hosp,3,2024-11-02,46,quantile,0.9,28.046491702435937
2024-10-12,wk inc flu hosp,3,2024-11-02,46,quantile,0.95,32.655464242884676
2024-10-12,wk inc flu hosp,3,2024-11-02,46,quantile,0.975,38.425367271152254
2024-10-12,wk inc flu hosp,3,2024-11-02,46,quantile,0.99,44.27654481037886
2024-10-12,wk inc flu hosp,0,2024-10-12,47,quantile,0.01,0.0
2024-10-12,wk inc flu hosp,0,2024-10-12,47,quantile,0.025,0.0
2024-10-12,wk inc flu hosp,0,2024-10-12,47,quantile,0.05,1.3575819234445485
2024-10-12,wk inc flu hosp,0,2024-10-12,47,quantile,0.1,1.997813076529287
2024-10-12,wk inc flu hosp,0,2024-10-12,47,quantile,0.15,4.639919550800577
2024-10-12,wk inc flu hosp,0,2024-10-12,47,quantile,0.2,6.20014194834281
2024-10-12,wk inc flu hosp,0,2024-10-12,47,quantile,0.25,7.402542985800423
2024-10-12,wk inc flu hosp,0,2024-10-12,47,quantile,0.3,10.513055361718383
2024-10-12,wk inc flu hosp,0,2024-10-12,47,quantile,0.35,11.374507091060703
2024-10-12,wk inc flu hosp,0,2024-10-12,47,quantile,0.4,12.091543427258978
2024-10-12,wk inc flu hosp,0,2024-10-12,47,quantile,0.45,13.360136707471547
2024-10-12,wk inc flu hosp,0,2024-10-12,47,quantile,0.5,16.63297887959145
2024-10-12,wk inc flu hosp,0,2024-10-12,47,quantile,0.55,18.10456408800289
2024-10-12,wk inc flu hosp,0,2024-10-12,47,quantile,0.6,18.594147741797087
2024-10-12,wk inc flu hosp,0,2024-10-12,47,quantile,0.65,19.138418887623356
2024-10-12,wk inc flu hosp,0,2024-10-12,47,quantile,0.7,20.128118133886304
2024-10-12,wk inc flu hosp,0,2024-10-12,47,quantile,0.75,22.120158711484454
2024-10-12,wk inc flu hosp,0,2024-10-12,47,quantile,0.8,24.49841431127579
2024-10-12,wk inc flu hosp,0,2024-10-12,47,quantile,0.85,25.76285740344737
2024-10-12,wk inc flu hosp,0,2024-10-12,47,quantile,0.9,28.76997664699143
2024-10-12,wk inc flu hosp,0,2024-10-12,47,quantile,0.95,41.804266973678985
2024-10-12,wk inc flu hosp,0,2024-10-12,47,quantile,0.975,52.33761838295892
2024-10-12,wk inc flu hosp,0,2024-10-12,47,quantile,0.99,98.11496852583102
2024-10-12,wk inc flu hosp,1,2024-10-19,47,quantile,0.01,0.0
2024-10-12,wk inc flu hosp,1,2024-10-19,47,quantile,0.025,1.7663631433203455
2024-10-12,wk inc flu hosp,1,2024-10-19,47,quantile,0.05,2.7795227256761694
2024-10-12,wk inc flu hosp,1,2024-10-19,47,quantile,0.1,5.068706279377204
2024-10-12,wk inc flu hosp,1,2024-10-19,47,quantile,0.15,7.373126450597174
2024-10-12,wk inc flu hosp,1,2024-10-19,47,quantile,0.2,9.192215302217642
2024-10-12,wk inc flu hosp,1,2024-10-19,47,quantile,0.25,11.101639563075754
2024-10-12,wk inc flu hosp,1,2024-10-19,47,quantile,0.3,13.003041628730886
2024-10-12,wk inc flu hosp,1,2024-10-19,47,quantile,0.35,14.520299221645365
2024-10-12,wk inc flu hosp,1,2024-10-19,47,quantile,0.4,15.967949073403808
2024-10-12,wk inc flu hosp,1,2024-10-19,47,quantile,0.45,18.237965361669694
2024-10-12,wk inc flu hosp,1,2024-10-19,47,quantile,0.5,20.022243669730393
2024-10-12,wk inc flu hosp,1,2024-10-19,47,quantile,0.55,21.396101105714337
2024-10-12,wk inc flu hosp,1,2024-10-19,47,quantile,0.6,22.908616532248217
2024-10-12,wk inc flu hosp,1,2024-10-19,47,quantile,0.65,24.292009439529846
2024-10-12,wk inc flu hosp,1,2024-10-19,47,quantile,0.7,25.81450010266067
2024-10-12,wk inc flu hosp,1,2024-10-19,47,quantile,0.75,27.047601391142706
2024-10-12,wk inc flu hosp,1,2024-10-19,47,quantile,0.8,29.06596311701
2024-10-12,wk inc flu hosp,1,2024-10-19,47,quantile,0.85,31.822327758540137
2024-10-12,wk inc flu hosp,1,2024-10-19,47,quantile,0.9,38.65209073429526
2024-10-12,wk inc flu hosp,1,2024-10-19,47,quantile,0.95,52.27886454967156
2024-10-12,wk inc flu hosp,1,2024-10-19,47,quantile,0.975,68.18511083528726
2024-10-12,wk inc flu hosp,1,2024-10-19,47,quantile,0.99,112.25228217962022
2024-10-12,wk inc flu hosp,2,2024-10-26,47,quantile,0.01,0.0
2024-10-12,wk inc flu hosp,2,2024-10-26,47,quantile,0.025,0.44260631937670375
2024-10-12,wk inc flu hosp,2,2024-10-26,47,quantile,0.05,3.4694273905455133
2024-10-12,wk inc flu hosp,2,2024-10-26,47,quantile,0.1,5.578435351946645
2024-10-12,wk inc flu hosp,2,2024-10-26,47,quantile,0.15,8.31036893879184
2024-10-12,wk inc flu hosp,2,2024-10-26,47,quantile,0.2,10.348959407619128
2024-10-12,wk inc flu hosp,2,2024-10-26,47,quantile,0.25,12.451418706975126
2024-10-12,wk inc flu hosp,2,2024-10-26,47,quantile,0.3,14.41420144082486
2024-10-12,wk inc flu hosp,2,2024-10-26,47,quantile,0.35,16.77814484350278
2024-10-12,wk inc flu hosp,2,2024-10-26,47,quantile,0.4,19.260948412287934
2024-10-12,wk inc flu hosp,2,2024-10-26,47,quantile,0.45,21.27525177111504
2024-10-12,wk inc flu hosp,2,2024-10-26,47,quantile,0.5,23.005431331405624
2024-10-12,wk inc flu hosp,2,2024-10-26,47,quantile,0.55,24.296420386113404
2024-10-12,wk inc flu hosp,2,2024-10-26,47,quantile,0.6,26.403400144603935
2024-10-12,wk inc flu hosp,2,2024-10-26,47,quantile,0.65,28.052208898628873
2024-10-12,wk inc flu hosp,2,2024-10-26,47,quantile,0.7,30.1926615976444
2024-10-12,wk inc flu hosp,2,2024-10-26,47,quantile,0.75,31.488209854417125
2024-10-12,wk inc flu hosp,2,2024-10-26,47,quantile,0.8,33.715654998960574
2024-10-12,wk inc flu hosp,2,2024-10-26,47,quantile,0.85,37.410869485465604
2024-10-12,wk inc flu hosp,2,2024-10-26,47,quantile,0.9,43.975873305647674
2024-10-12,wk inc flu hosp,2,2024-10-26,47,quantile,0.95,59.02654614568917
2024-10-12,wk inc flu hosp,2,2024-10-26,47,quantile,0.975,76.87544049210369
2024-10-12,wk inc flu hosp,2,2024-10-26,47,quantile,0.99,120.56265089477914
2024-10-12,wk inc flu hosp,3,2024-11-02,47,quantile,0.01,0.0
2024-10-12,wk inc flu hosp,3,2024-11-02,47,quantile,0.025,0.0
2024-10-12,wk inc flu hosp,3,2024-11-02,47,quantile,0.05,10.385384402910786
2024-10-12,wk inc flu hosp,3,2024-11-02,47,quantile,0.1,13.600203349786998
2024-10-12,wk inc flu hosp,3,2024-11-02,47,quantile,0.15,15.790752740059467
2024-10-12,wk inc flu hosp,3,2024-11-02,47,quantile,0.2,18.35818918969104
2024-10-12,wk inc flu hosp,3,2024-11-02,47,quantile,0.25,20.891540877284164
2024-10-12,wk inc flu hosp,3,2024-11-02,47,quantile,0.3,22.803930091454635
2024-10-12,wk inc flu hosp,3,2024-11-02,47,quantile,0.35,25.242307364421652
2024-10-12,wk inc flu hosp,3,2024-11-02,47,quantile,0.4,27.07829405720463
2024-10-12,wk inc flu hosp,3,2024-11-02,47,quantile,0.45,29.061037631403085
2024-10-12,wk inc flu hosp,3,2024-11-02,47,quantile,0.5,31.354622038688333
2024-10-12,wk inc flu hosp,3,2024-11-02,47,quantile,0.55,33.23310165901801
2024-10-12,wk inc flu hosp,3,2024-11-02,47,quantile,0.6,35.247106086699475
2024-10-12,wk inc flu hosp,3,2024-11-02,47,quantile,0.65,37.25073104015958
2024-10-12,wk inc flu hosp,3,2024-11-02,47,quantile,0.7,39.87133348973931
2024-10-12,wk inc flu hosp,3,2024-11-02,47,quantile,0.75,43.68674186524811
2024-10-12,wk inc flu hosp,3,2024-11-02,47,quantile,0.8,47.61546865387422
2024-10-12,wk inc flu hosp,3,2024-11-02,47,quantile,0.85,53.602676453403305
2024-10-12,wk inc flu hosp,3,2024-11-02,47,quantile,0.9,62.55064992907697
2024-10-12,wk inc flu hosp,3,2024-11-02,47,quantile,0.95,82.47416339508574
2024-10-12,wk inc flu hosp,3,2024-11-02,47,quantile,0.975,119.58836714785265
2024-10-12,wk inc flu hosp,3,2024-11-02,47,quantile,0.99,153.4619848377427
2024-10-12,wk inc flu hosp,0,2024-10-12,48,quantile,0.01,0.0
2024-10-12,wk inc flu hosp,0,2024-10-12,48,quantile,0.025,0.0
2024-10-12,wk inc flu hosp,0,2024-10-12,48,quantile,0.05,11.236608233814936
2024-10-12,wk inc flu hosp,0,2024-10-12,48,quantile,0.1,39.567663260389736
2024-10-12,wk inc flu hosp,0,2024-10-12,48,quantile,0.15,47.72350563453935
2024-10-12,wk inc flu hosp,0,2024-10-12,48,quantile,0.2,59.066639898541986
2024-10-12,wk inc flu hosp,0,2024-10-12,48,quantile,0.25,98.58976156294692
2024-10-12,wk inc flu hosp,0,2024-10-12,48,quantile,0.3,102.85286261169173
2024-10-12,wk inc flu hosp,0,2024-10-12,48,quantile,0.35,107.5724806107432
2024-10-12,wk inc flu hosp,0,2024-10-12,48,quantile,0.4,113.91312410353544
2024-10-12,wk inc flu hosp,0,2024-10-12,48,quantile,0.45,127.52346201309928
2024-10-12,wk inc flu hosp,0,2024-10-12,48,quantile,0.5,136.74780590498938
2024-10-12,wk inc flu hosp,0,2024-10-12,48,quantile,0.55,142.2393767427843
2024-10-12,wk inc flu hosp,0,2024-10-12,48,quantile,0.6,161.557080659895
2024-10-12,wk inc flu hosp,0,2024-10-12,48,quantile,0.65,206.19921469262883
2024-10-12,wk inc flu hosp,0,2024-10-12,48,quantile,0.7,207.93505923913878
2024-10-12,wk inc flu hosp,0,2024-10-12,48,quantile,0.75,214.44686023635583
2024-10-12,wk inc flu hosp,0,2024-10-12,48,quantile,0.8,222.2373566352074
2024-10-12,wk inc flu hosp,0,2024-10-12,48,quantile,0.85,250.12098560766958
2024-10-12,wk inc flu hosp,0,2024-10-12,48,quantile,0.9,252.91280482914382
2024-10-12,wk inc flu hosp,0,2024-10-12,48,quantile,0.95,327.6521801995814
2024-10-12,wk inc flu hosp,0,2024-10-12,48,quantile,0.975,363.5401629398189
2024-10-12,wk inc flu hosp,0,2024-10-12,48,quantile,0.99,441.30285930588883
2024-10-12,wk inc flu hosp,1,2024-10-19,48,quantile,0.01,7.246833066737265
2024-10-12,wk inc flu hosp,1,2024-10-19,48,quantile,0.025,24.448071031732585
2024-10-12,wk inc flu hosp,1,2024-10-19,48,quantile,0.05,41.73753190035829
2024-10-12,wk inc flu hosp,1,2024-10-19,48,quantile,0.1,64.60211279484379
2024-10-12,wk inc flu hosp,1,2024-10-19,48,quantile,0.15,89.13724639356641
2024-10-12,wk inc flu hosp,1,2024-10-19,48,quantile,0.2,115.6003429486875
2024-10-12,wk inc flu hosp,1,2024-10-19,48,quantile,0.25,136.60945549805615
2024-10-12,wk inc flu hosp,1,2024-10-19,48,quantile,0.3,150.46309002240432
2024-10-12,wk inc flu hosp,1,2024-10-19,48,quantile,0.35,162.67270448653596
2024-10-12,wk inc flu hosp,1,2024-10-19,48,quantile,0.4,174.3226574604176
2024-10-12,wk inc flu hosp,1,2024-10-19,48,quantile,0.45,186.89536747861527
2024-10-12,wk inc flu hosp,1,2024-10-19,48,quantile,0.5,202.81603514691997
2024-10-12,wk inc flu hosp,1,2024-10-19,48,quantile,0.55,222.04822793500244
2024-10-12,wk inc flu hosp,1,2024-10-19,48,quantile,0.6,238.06046016185113
2024-10-12,wk inc flu hosp,1,2024-10-19,48,quantile,0.65,252.58160231244207
2024-10-12,wk inc flu hosp,1,2024-10-19,48,quantile,0.7,265.40210273032744
2024-10-12,wk inc flu hosp,1,2024-10-19,48,quantile,0.75,283.31673293404236
2024-10-12,wk inc flu hosp,1,2024-10-19,48,quantile,0.8,299.2593748599455
2024-10-12,wk inc flu hosp,1,2024-10-19,48,quantile,0.85,317.37679242666036
2024-10-12,wk inc flu hosp,1,2024-10-19,48,quantile,0.9,355.0909460360964
2024-10-12,wk inc flu hosp,1,2024-10-19,48,quantile,0.95,397.6721146853265
2024-10-12,wk inc flu hosp,1,2024-10-19,48,quantile,0.975,447.5513218059419
2024-10-12,wk inc flu hosp,1,2024-10-19,48,quantile,0.99,488.9877209712339
2024-10-12,wk inc flu hosp,2,2024-10-26,48,quantile,0.01,24.86375985842106
2024-10-12,wk inc flu hosp,2,2024-10-26,48,quantile,0.025,50.83381688406757
2024-10-12,wk inc flu hosp,2,2024-10-26,48,quantile,0.05,68.41160015018639
2024-10-12,wk inc flu hosp,2,2024-10-26,48,quantile,0.1,92.43628217747283
2024-10-12,wk inc flu hosp,2,2024-10-26,48,quantile,0.15,120.83732594298131
2024-10-12,wk inc flu hosp,2,2024-10-26,48,quantile,0.2,145.97891440329178
2024-10-12,wk inc flu hosp,2,2024-10-26,48,quantile,0.25,163.12055001024137
2024-10-12,wk inc flu hosp,2,2024-10-26,48,quantile,0.3,182.6105419029121
2024-10-12,wk inc flu hosp,2,2024-10-26,48,quantile,0.35,197.5218162847353
2024-10-12,wk inc flu hosp,2,2024-10-26,48,quantile,0.4,214.7528118024817
2024-10-12,wk inc flu hosp,2,2024-10-26,48,quantile,0.45,232.75391001167486
2024-10-12,wk inc flu hosp,2,2024-10-26,48,quantile,0.5,248.43824954642258
2024-10-12,wk inc flu hosp,2,2024-10-26,48,quantile,0.55,267.53642871690477
2024-10-12,wk inc flu hosp,2,2024-10-26,48,quantile,0.6,282.8417905789548
2024-10-12,wk inc flu hosp,2,2024-10-26,48,quantile,0.65,299.29328289137453
2024-10-12,wk inc flu hosp,2,2024-10-26,48,quantile,0.7,319.2866497623498
2024-10-12,wk inc flu hosp,2,2024-10-26,48,quantile,0.75,336.97301094520515
2024-10-12,wk inc flu hosp,2,2024-10-26,48,quantile,0.8,361.11207200107793
2024-10-12,wk inc flu hosp,2,2024-10-26,48,quantile,0.85,388.54825929891325
2024-10-12,wk inc flu hosp,2,2024-10-26,48,quantile,0.9,425.1819108219794
2024-10-12,wk inc flu hosp,2,2024-10-26,48,quantile,0.95,491.0096088040869
2024-10-12,wk inc flu hosp,2,2024-10-26,48,quantile,0.975,572.1733409532806
2024-10-12,wk inc flu hosp,2,2024-10-26,48,quantile,0.99,645.9235100234985
2024-10-12,wk inc flu hosp,3,2024-11-02,48,quantile,0.01,51.5210286155325
2024-10-12,wk inc flu hosp,3,2024-11-02,48,quantile,0.025,67.78589911723242
2024-10-12,wk inc flu hosp,3,2024-11-02,48,quantile,0.05,92.52032073079873
2024-10-12,wk inc flu hosp,3,2024-11-02,48,quantile,0.1,140.69403573787636
2024-10-12,wk inc flu hosp,3,2024-11-02,48,quantile,0.15,165.62042121730659
2024-10-12,wk inc flu hosp,3,2024-11-02,48,quantile,0.2,191.33256855131796
2024-10-12,wk inc flu hosp,3,2024-11-02,48,quantile,0.25,209.20576585358268
2024-10-12,wk inc flu hosp,3,2024-11-02,48,quantile,0.3,231.8818784891623
2024-10-12,wk inc flu hosp,3,2024-11-02,48,quantile,0.35,247.38918580181073
2024-10-12,wk inc flu hosp,3,2024-11-02,48,quantile,0.4,263.6872755139862
2024-10-12,wk inc flu hosp,3,2024-11-02,48,quantile,0.45,285.99630787786543
2024-10-12,wk inc flu hosp,3,2024-11-02,48,quantile,0.5,303.96520162112733
2024-10-12,wk inc flu hosp,3,2024-11-02,48,quantile,0.55,324.8806184116596
2024-10-12,wk inc flu hosp,3,2024-11-02,48,quantile,0.6,342.07572597609516
2024-10-12,wk inc flu hosp,3,2024-11-02,48,quantile,0.65,361.72238698503827
2024-10-12,wk inc flu hosp,3,2024-11-02,48,quantile,0.7,378.0364082512237
2024-10-12,wk inc flu hosp,3,2024-11-02,48,quantile,0.75,400.97380731506286
2024-10-12,wk inc flu hosp,3,2024-11-02,48,quantile,0.8,429.42098816731783
2024-10-12,wk inc flu hosp,3,2024-11-02,48,quantile,0.85,469.09008619108073
2024-10-12,wk inc flu hosp,3,2024-11-02,48,quantile,0.9,510.7543961012786
2024-10-12,wk inc flu hosp,3,2024-11-02,48,quantile,0.95,591.0231083695439
2024-10-12,wk inc flu hosp,3,2024-11-02,48,quantile,0.975,651.416601748748
2024-10-12,wk inc flu hosp,3,2024-11-02,48,quantile,0.99,778.6295228487702
2024-10-12,wk inc flu hosp,0,2024-10-12,49,quantile,0.01,0.0
2024-10-12,wk inc flu hosp,0,2024-10-12,49,quantile,0.025,0.0
2024-10-12,wk inc flu hosp,0,2024-10-12,49,quantile,0.05,0.0
2024-10-12,wk inc flu hosp,0,2024-10-12,49,quantile,0.1,0.0
2024-10-12,wk inc flu hosp,0,2024-10-12,49,quantile,0.15,0.0
2024-10-12,wk inc flu hosp,0,2024-10-12,49,quantile,0.2,0.0
2024-10-12,wk inc flu hosp,0,2024-10-12,49,quantile,0.25,0.0
2024-10-12,wk inc flu hosp,0,2024-10-12,49,quantile,0.3,0.0
2024-10-12,wk inc flu hosp,0,2024-10-12,49,quantile,0.35,0.19942545839952525
2024-10-12,wk inc flu hosp,0,2024-10-12,49,quantile,0.4,1.1248499434049448
2024-10-12,wk inc flu hosp,0,2024-10-12,49,quantile,0.45,1.5424211993365242
2024-10-12,wk inc flu hosp,0,2024-10-12,49,quantile,0.5,1.9280032895710946
2024-10-12,wk inc flu hosp,0,2024-10-12,49,quantile,0.55,2.1779454173332042
2024-10-12,wk inc flu hosp,0,2024-10-12,49,quantile,0.6,2.3824288854838436
2024-10-12,wk inc flu hosp,0,2024-10-12,49,quantile,0.65,2.674286413697033
2024-10-12,wk inc flu hosp,0,2024-10-12,49,quantile,0.7,2.940627694696684
2024-10-12,wk inc flu hosp,0,2024-10-12,49,quantile,0.75,3.3215490399059004
2024-10-12,wk inc flu hosp,0,2024-10-12,49,quantile,0.8,4.335016726379932
2024-10-12,wk inc flu hosp,0,2024-10-12,49,quantile,0.85,4.690037110663852
2024-10-12,wk inc flu hosp,0,2024-10-12,49,quantile,0.9,5.730438140450327
2024-10-12,wk inc flu hosp,0,2024-10-12,49,quantile,0.95,10.73253632620824
2024-10-12,wk inc flu hosp,0,2024-10-12,49,quantile,0.975,13.965185799215327
2024-10-12,wk inc flu hosp,0,2024-10-12,49,quantile,0.99,17.81934459381246
2024-10-12,wk inc flu hosp,1,2024-10-19,49,quantile,0.01,0.0
2024-10-12,wk inc flu hosp,1,2024-10-19,49,quantile,0.025,0.0
2024-10-12,wk inc flu hosp,1,2024-10-19,49,quantile,0.05,0.0
2024-10-12,wk inc flu hosp,1,2024-10-19,49,quantile,0.1,0.0
2024-10-12,wk inc flu hosp,1,2024-10-19,49,quantile,0.15,0.0
2024-10-12,wk inc flu hosp,1,2024-10-19,49,quantile,0.2,0.0
2024-10-12,wk inc flu hosp,1,2024-10-19,49,quantile,0.25,0.10883780111105809
2024-10-12,wk inc flu hosp,1,2024-10-19,49,quantile,0.3,0.4777310296997031
2024-10-12,wk inc flu hosp,1,2024-10-19,49,quantile,0.35,1.1325506916692718
2024-10-12,wk inc flu hosp,1,2024-10-19,49,quantile,0.4,1.899945850090957
2024-10-12,wk inc flu hosp,1,2024-10-19,49,quantile,0.45,2.314140593873823
2024-10-12,wk inc flu hosp,1,2024-10-19,49,quantile,0.5,2.683191698894895
2024-10-12,wk inc flu hosp,1,2024-10-19,49,quantile,0.55,2.9008126804718164
2024-10-12,wk inc flu hosp,1,2024-10-19,49,quantile,0.6,3.224813401025969
2024-10-12,wk inc flu hosp,1,2024-10-19,49,quantile,0.65,3.6142232829234353
2024-10-12,wk inc flu hosp,1,2024-10-19,49,quantile,0.7,4.493641044429512
2024-10-12,wk inc flu hosp,1,2024-10-19,49,quantile,0.75,5.101601634514465
2024-10-12,wk inc flu hosp,1,2024-10-19,49,quantile,0.8,5.765382072151681
2024-10-12,wk inc flu hosp,1,2024-10-19,49,quantile,0.85,6.712126031713085
2024-10-12,wk inc flu hosp,1,2024-10-19,49,quantile,0.9,8.977558409734469
2024-10-12,wk inc flu hosp,1,2024-10-19,49,quantile,0.95,11.946789152957104
2024-10-12,wk inc flu hosp,1,2024-10-19,49,quantile,0.975,14.836298422081924
2024-10-12,wk inc flu hosp,1,2024-10-19,49,quantile,0.99,17.531559028514117
2024-10-12,wk inc flu hosp,2,2024-10-26,49,quantile,0.01,0.0
2024-10-12,wk inc flu hosp,2,2024-10-26,49,quantile,0.025,0.0
2024-10-12,wk inc flu hosp,2,2024-10-26,49,quantile,0.05,0.0
2024-10-12,wk inc flu hosp,2,2024-10-26,49,quantile,0.1,0.0
2024-10-12,wk inc flu hosp,2,2024-10-26,49,quantile,0.15,0.0
2024-10-12,wk inc flu hosp,2,2024-10-26,49,quantile,0.2,0.07140655176905067
2024-10-12,wk inc flu hosp,2,2024-10-26,49,quantile,0.25,0.4541391135907575
2024-10-12,wk inc flu hosp,2,2024-10-26,49,quantile,0.3,0.8143981626215681
2024-10-12,wk inc flu hosp,2,2024-10-26,49,quantile,0.35,1.4860452949231715
2024-10-12,wk inc flu hosp,2,2024-10-26,49,quantile,0.4,2.115257878592466
2024-10-12,wk inc flu hosp,2,2024-10-26,49,quantile,0.45,2.5183404674006744
2024-10-12,wk inc flu hosp,2,2024-10-26,49,quantile,0.5,2.846225098146231
2024-10-12,wk inc flu hosp,2,2024-10-26,49,quantile,0.55,3.2040414988147305
2024-10-12,wk inc flu hosp,2,2024-10-26,49,quantile,0.6,3.602579064701271
2024-10-12,wk inc flu hosp,2,2024-10-26,49,quantile,0.65,3.9961257372162704
2024-10-12,wk inc flu hosp,2,2024-10-26,49,quantile,0.7,4.666635927657768
2024-10-12,wk inc flu hosp,2,2024-10-26,49,quantile,0.75,5.510953123246484
2024-10-12,wk inc flu hosp,2,2024-10-26,49,quantile,0.8,6.165716102081715
2024-10-12,wk inc flu hosp,2,2024-10-26,49,quantile,0.85,6.965241282273964
2024-10-12,wk inc flu hosp,2,2024-10-26,49,quantile,0.9,8.96022985462682
2024-10-12,wk inc flu hosp,2,2024-10-26,49,quantile,0.95,12.144186870194899
2024-10-12,wk inc flu hosp,2,2024-10-26,49,quantile,0.975,15.572402861492927
2024-10-12,wk inc flu hosp,2,2024-10-26,49,quantile,0.99,17.995720413474054
2024-10-12,wk inc flu hosp,3,2024-11-02,49,quantile,0.01,0.0
2024-10-12,wk inc flu hosp,3,2024-11-02,49,quantile,0.025,0.0
2024-10-12,wk inc flu hosp,3,2024-11-02,49,quantile,0.05,0.0
2024-10-12,wk inc flu hosp,3,2024-11-02,49,quantile,0.1,0.0
2024-10-12,wk inc flu hosp,3,2024-11-02,49,quantile,0.15,0.0
2024-10-12,wk inc flu hosp,3,2024-11-02,49,quantile,0.2,0.0
2024-10-12,wk inc flu hosp,3,2024-11-02,49,quantile,0.25,0.6621499088619267
2024-10-12,wk inc flu hosp,3,2024-11-02,49,quantile,0.3,1.1970566500008455
2024-10-12,wk inc flu hosp,3,2024-11-02,49,quantile,0.35,1.7118631778466884
2024-10-12,wk inc flu hosp,3,2024-11-02,49,quantile,0.4,2.5284767737821685
2024-10-12,wk inc flu hosp,3,2024-11-02,49,quantile,0.45,3.1437321550040966
2024-10-12,wk inc flu hosp,3,2024-11-02,49,quantile,0.5,3.5390595218110157
2024-10-12,wk inc flu hosp,3,2024-11-02,49,quantile,0.55,4.035575869460828
2024-10-12,wk inc flu hosp,3,2024-11-02,49,quantile,0.6,4.424984814006571
2024-10-12,wk inc flu hosp,3,2024-11-02,49,quantile,0.65,4.926550825610709
2024-10-12,wk inc flu hosp,3,2024-11-02,49,quantile,0.7,5.33394347449074
2024-10-12,wk inc flu hosp,3,2024-11-02,49,quantile,0.75,5.953130616756769
2024-10-12,wk inc flu hosp,3,2024-11-02,49,quantile,0.8,6.613694881500961
2024-10-12,wk inc flu hosp,3,2024-11-02,49,quantile,0.85,8.27455615075288
2024-10-12,wk inc flu hosp,3,2024-11-02,49,quantile,0.9,11.4498377042964
2024-10-12,wk inc flu hosp,3,2024-11-02,49,quantile,0.95,17.119794548428406
2024-10-12,wk inc flu hosp,3,2024-11-02,49,quantile,0.975,21.607089077873418
2024-10-12,wk inc flu hosp,3,2024-11-02,49,quantile,0.99,23.431823545717872
2024-10-12,wk inc flu hosp,0,2024-10-12,50,quantile,0.01,0.0
2024-10-12,wk inc flu hosp,0,2024-10-12,50,quantile,0.025,0.0
2024-10-12,wk inc flu hosp,0,2024-10-12,50,quantile,0.05,0.0
2024-10-12,wk inc flu hosp,0,2024-10-12,50,quantile,0.1,0.0
2024-10-12,wk inc flu hosp,0,2024-10-12,50,quantile,0.15,0.0
2024-10-12,wk inc flu hosp,0,2024-10-12,50,quantile,0.2,0.0
2024-10-12,wk inc flu hosp,0,2024-10-12,50,quantile,0.25,0.0
2024-10-12,wk inc flu hosp,0,2024-10-12,50,quantile,0.3,0.0
2024-10-12,wk inc flu hosp,0,2024-10-12,50,quantile,0.35,0.0
2024-10-12,wk inc flu hosp,0,2024-10-12,50,quantile,0.4,0.0
2024-10-12,wk inc flu hosp,0,2024-10-12,50,quantile,0.45,0.0
2024-10-12,wk inc flu hosp,0,2024-10-12,50,quantile,0.5,0.0
2024-10-12,wk inc flu hosp,0,2024-10-12,50,quantile,0.55,0.03981021820954327
2024-10-12,wk inc flu hosp,0,2024-10-12,50,quantile,0.6,0.9565152278902473
2024-10-12,wk inc flu hosp,0,2024-10-12,50,quantile,0.65,1.8957827540846417
2024-10-12,wk inc flu hosp,0,2024-10-12,50,quantile,0.7,3.6542845634636696
2024-10-12,wk inc flu hosp,0,2024-10-12,50,quantile,0.75,4.519227033483821
2024-10-12,wk inc flu hosp,0,2024-10-12,50,quantile,0.8,4.828911884392582
2024-10-12,wk inc flu hosp,0,2024-10-12,50,quantile,0.85,6.479791845212049
2024-10-12,wk inc flu hosp,0,2024-10-12,50,quantile,0.9,8.915842995828314
2024-10-12,wk inc flu hosp,0,2024-10-12,50,quantile,0.95,12.85993451549988
2024-10-12,wk inc flu hosp,0,2024-10-12,50,quantile,0.975,14.349580841745977
2024-10-12,wk inc flu hosp,0,2024-10-12,50,quantile,0.99,15.331059099211453
2024-10-12,wk inc flu hosp,1,2024-10-19,50,quantile,0.01,0.0
2024-10-12,wk inc flu hosp,1,2024-10-19,50,quantile,0.025,0.0
2024-10-12,wk inc flu hosp,1,2024-10-19,50,quantile,0.05,0.0
2024-10-12,wk inc flu hosp,1,2024-10-19,50,quantile,0.1,0.0
2024-10-12,wk inc flu hosp,1,2024-10-19,50,quantile,0.15,0.0
2024-10-12,wk inc flu hosp,1,2024-10-19,50,quantile,0.2,0.0
2024-10-12,wk inc flu hosp,1,2024-10-19,50,quantile,0.25,0.0
2024-10-12,wk inc flu hosp,1,2024-10-19,50,quantile,0.3,0.0
2024-10-12,wk inc flu hosp,1,2024-10-19,50,quantile,0.35,0.0
2024-10-12,wk inc flu hosp,1,2024-10-19,50,quantile,0.4,0.022711785281412093
2024-10-12,wk inc flu hosp,1,2024-10-19,50,quantile,0.45,0.33369824675600085
2024-10-12,wk inc flu hosp,1,2024-10-19,50,quantile,0.5,0.7812247893940722
2024-10-12,wk inc flu hosp,1,2024-10-19,50,quantile,0.55,1.344404524314756
2024-10-12,wk inc flu hosp,1,2024-10-19,50,quantile,0.6,2.1270221853784244
2024-10-12,wk inc flu hosp,1,2024-10-19,50,quantile,0.65,3.286944914331118
2024-10-12,wk inc flu hosp,1,2024-10-19,50,quantile,0.7,4.289891987065576
2024-10-12,wk inc flu hosp,1,2024-10-19,50,quantile,0.75,4.849732648374598
2024-10-12,wk inc flu hosp,1,2024-10-19,50,quantile,0.8,5.741883324762405
2024-10-12,wk inc flu hosp,1,2024-10-19,50,quantile,0.85,6.781550175048387
2024-10-12,wk inc flu hosp,1,2024-10-19,50,quantile,0.9,8.423123546447892
2024-10-12,wk inc flu hosp,1,2024-10-19,50,quantile,0.95,12.824885332401749
2024-10-12,wk inc flu hosp,1,2024-10-19,50,quantile,0.975,15.152905383678698
2024-10-12,wk inc flu hosp,1,2024-10-19,50,quantile,0.99,16.85597634592396
2024-10-12,wk inc flu hosp,2,2024-10-26,50,quantile,0.01,0.0
2024-10-12,wk inc flu hosp,2,2024-10-26,50,quantile,0.025,0.0
2024-10-12,wk inc flu hosp,2,2024-10-26,50,quantile,0.05,0.0
2024-10-12,wk inc flu hosp,2,2024-10-26,50,quantile,0.1,0.0
2024-10-12,wk inc flu hosp,2,2024-10-26,50,quantile,0.15,0.0
2024-10-12,wk inc flu hosp,2,2024-10-26,50,quantile,0.2,0.0
2024-10-12,wk inc flu hosp,2,2024-10-26,50,quantile,0.25,0.0
2024-10-12,wk inc flu hosp,2,2024-10-26,50,quantile,0.3,0.0
2024-10-12,wk inc flu hosp,2,2024-10-26,50,quantile,0.35,0.10386624990718273
2024-10-12,wk inc flu hosp,2,2024-10-26,50,quantile,0.4,0.502580127828648
2024-10-12,wk inc flu hosp,2,2024-10-26,50,quantile,0.45,0.9218368580602305
2024-10-12,wk inc flu hosp,2,2024-10-26,50,quantile,0.5,1.408581197024772
2024-10-12,wk inc flu hosp,2,2024-10-26,50,quantile,0.55,2.066056140106713
2024-10-12,wk inc flu hosp,2,2024-10-26,50,quantile,0.6,2.8944953286068538
2024-10-12,wk inc flu hosp,2,2024-10-26,50,quantile,0.65,3.7914010020177833
2024-10-12,wk inc flu hosp,2,2024-10-26,50,quantile,0.7,4.862436403787478
2024-10-12,wk inc flu hosp,2,2024-10-26,50,quantile,0.75,5.6016682926721995
2024-10-12,wk inc flu hosp,2,2024-10-26,50,quantile,0.8,6.714574216476596
2024-10-12,wk inc flu hosp,2,2024-10-26,50,quantile,0.85,8.37672303471904
2024-10-12,wk inc flu hosp,2,2024-10-26,50,quantile,0.9,10.501257807960327
2024-10-12,wk inc flu hosp,2,2024-10-26,50,quantile,0.95,14.720452673095627
2024-10-12,wk inc flu hosp,2,2024-10-26,50,quantile,0.975,16.991764025232442
2024-10-12,wk inc flu hosp,2,2024-10-26,50,quantile,0.99,19.358065308648765
2024-10-12,wk inc flu hosp,3,2024-11-02,50,quantile,0.01,0.0
2024-10-12,wk inc flu hosp,3,2024-11-02,50,quantile,0.025,0.0
2024-10-12,wk inc flu hosp,3,2024-11-02,50,quantile,0.05,0.0
2024-10-12,wk inc flu hosp,3,2024-11-02,50,quantile,0.1,0.0
2024-10-12,wk inc flu hosp,3,2024-11-02,50,quantile,0.15,0.0
2024-10-12,wk inc flu hosp,3,2024-11-02,50,quantile,0.2,0.210383005832064
2024-10-12,wk inc flu hosp,3,2024-11-02,50,quantile,0.25,0.4764987030080517
2024-10-12,wk inc flu hosp,3,2024-11-02,50,quantile,0.3,0.8896338493365252
2024-10-12,wk inc flu hosp,3,2024-11-02,50,quantile,0.35,1.2209038670136645
2024-10-12,wk inc flu hosp,3,2024-11-02,50,quantile,0.4,1.588384219460502
2024-10-12,wk inc flu hosp,3,2024-11-02,50,quantile,0.45,2.313018692799669
2024-10-12,wk inc flu hosp,3,2024-11-02,50,quantile,0.5,2.950170712521278
2024-10-12,wk inc flu hosp,3,2024-11-02,50,quantile,0.55,3.748395370603721
2024-10-12,wk inc flu hosp,3,2024-11-02,50,quantile,0.6,4.666828931748797
2024-10-12,wk inc flu hosp,3,2024-11-02,50,quantile,0.65,5.5592434214761415
2024-10-12,wk inc flu hosp,3,2024-11-02,50,quantile,0.7,6.5595272521192145
2024-10-12,wk inc flu hosp,3,2024-11-02,50,quantile,0.75,7.62648268359906
2024-10-12,wk inc flu hosp,3,2024-11-02,50,quantile,0.8,9.133293673681022
2024-10-12,wk inc flu hosp,3,2024-11-02,50,quantile,0.85,11.031616747628677
2024-10-12,wk inc flu hosp,3,2024-11-02,50,quantile,0.9,14.041229582936785
2024-10-12,wk inc flu hosp,3,2024-11-02,50,quantile,0.95,17.265927711379057
2024-10-12,wk inc flu hosp,3,2024-11-02,50,quantile,0.975,19.414858429904175
2024-10-12,wk inc flu hosp,3,2024-11-02,50,quantile,0.99,22.21709244536585
2024-10-12,wk inc flu hosp,0,2024-10-12,51,quantile,0.01,0.0
2024-10-12,wk inc flu hosp,0,2024-10-12,51,quantile,0.025,0.0
2024-10-12,wk inc flu hosp,0,2024-10-12,51,quantile,0.05,3.924982153535137
2024-10-12,wk inc flu hosp,0,2024-10-12,51,quantile,0.1,13.879463036655384
2024-10-12,wk inc flu hosp,0,2024-10-12,51,quantile,0.15,16.842403945218933
2024-10-12,wk inc flu hosp,0,2024-10-12,51,quantile,0.2,18.844146279336982
2024-10-12,wk inc flu hosp,0,2024-10-12,51,quantile,0.25,20.31322676594489
2024-10-12,wk inc flu hosp,0,2024-10-12,51,quantile,0.3,24.551434309423417
2024-10-12,wk inc flu hosp,0,2024-10-12,51,quantile,0.35,27.2950619910641
2024-10-12,wk inc flu hosp,0,2024-10-12,51,quantile,0.4,28.31933112502
2024-10-12,wk inc flu hosp,0,2024-10-12,51,quantile,0.45,28.836724646063377
2024-10-12,wk inc flu hosp,0,2024-10-12,51,quantile,0.5,29.086520722716166
2024-10-12,wk inc flu hosp,0,2024-10-12,51,quantile,0.55,30.427425001744677
2024-10-12,wk inc flu hosp,0,2024-10-12,51,quantile,0.6,31.631919015045355
2024-10-12,wk inc flu hosp,0,2024-10-12,51,quantile,0.65,32.748531535830466
2024-10-12,wk inc flu hosp,0,2024-10-12,51,quantile,0.7,34.24318376813877
2024-10-12,wk inc flu hosp,0,2024-10-12,51,quantile,0.75,35.36660686254489
2024-10-12,wk inc flu hosp,0,2024-10-12,51,quantile,0.8,37.98911223051499
2024-10-12,wk inc flu hosp,0,2024-10-12,51,quantile,0.85,45.68432277884538
2024-10-12,wk inc flu hosp,0,2024-10-12,51,quantile,0.9,55.42071974378368
2024-10-12,wk inc flu hosp,0,2024-10-12,51,quantile,0.95,65.10427939127938
2024-10-12,wk inc flu hosp,0,2024-10-12,51,quantile,0.975,78.20362154460834
2024-10-12,wk inc flu hosp,0,2024-10-12,51,quantile,0.99,208.46780192532933
2024-10-12,wk inc flu hosp,1,2024-10-19,51,quantile,0.01,0.0
2024-10-12,wk inc flu hosp,1,2024-10-19,51,quantile,0.025,0.0
2024-10-12,wk inc flu hosp,1,2024-10-19,51,quantile,0.05,8.412353850106355
2024-10-12,wk inc flu hosp,1,2024-10-19,51,quantile,0.1,19.164896968738837
2024-10-12,wk inc flu hosp,1,2024-10-19,51,quantile,0.15,24.908070145118543
2024-10-12,wk inc flu hosp,1,2024-10-19,51,quantile,0.2,27.425000335236696
2024-10-12,wk inc flu hosp,1,2024-10-19,51,quantile,0.25,31.096164044321497
2024-10-12,wk inc flu hosp,1,2024-10-19,51,quantile,0.3,33.89419318191698
2024-10-12,wk inc flu hosp,1,2024-10-19,51,quantile,0.35,36.25216934701838
2024-10-12,wk inc flu hosp,1,2024-10-19,51,quantile,0.4,38.45769077100918
2024-10-12,wk inc flu hosp,1,2024-10-19,51,quantile,0.45,40.411760384527604
2024-10-12,wk inc flu hosp,1,2024-10-19,51,quantile,0.5,41.91152192288746
2024-10-12,wk inc flu hosp,1,2024-10-19,51,quantile,0.55,43.719543232039825
2024-10-12,wk inc flu hosp,1,2024-10-19,51,quantile,0.6,45.67535978919913
2024-10-12,wk inc flu hosp,1,2024-10-19,51,quantile,0.65,47.13384300319562
2024-10-12,wk inc flu hosp,1,2024-10-19,51,quantile,0.7,49.034111523853326
2024-10-12,wk inc flu hosp,1,2024-10-19,51,quantile,0.75,52.89580951797989
2024-10-12,wk inc flu hosp,1,2024-10-19,51,quantile,0.8,58.69089365389063
2024-10-12,wk inc flu hosp,1,2024-10-19,51,quantile,0.85,67.678751057684
2024-10-12,wk inc flu hosp,1,2024-10-19,51,quantile,0.9,76.07664611238181
2024-10-12,wk inc flu hosp,1,2024-10-19,51,quantile,0.95,98.40392804605506
2024-10-12,wk inc flu hosp,1,2024-10-19,51,quantile,0.975,185.126228997264
2024-10-12,wk inc flu hosp,1,2024-10-19,51,quantile,0.99,234.89063940037195
2024-10-12,wk inc flu hosp,2,2024-10-26,51,quantile,0.01,0.0
2024-10-12,wk inc flu hosp,2,2024-10-26,51,quantile,0.025,6.798077950417133
2024-10-12,wk inc flu hosp,2,2024-10-26,51,quantile,0.05,17.753306104738336
2024-10-12,wk inc flu hosp,2,2024-10-26,51,quantile,0.1,25.626615739142952
2024-10-12,wk inc flu hosp,2,2024-10-26,51,quantile,0.15,32.40652970297855
2024-10-12,wk inc flu hosp,2,2024-10-26,51,quantile,0.2,37.62754424338182
2024-10-12,wk inc flu hosp,2,2024-10-26,51,quantile,0.25,41.48277448699691
2024-10-12,wk inc flu hosp,2,2024-10-26,51,quantile,0.3,45.207649481242136
2024-10-12,wk inc flu hosp,2,2024-10-26,51,quantile,0.35,47.7712655984053
2024-10-12,wk inc flu hosp,2,2024-10-26,51,quantile,0.4,51.02972721792403
2024-10-12,wk inc flu hosp,2,2024-10-26,51,quantile,0.45,53.04605346879108
2024-10-12,wk inc flu hosp,2,2024-10-26,51,quantile,0.5,56.03002490304379
2024-10-12,wk inc flu hosp,2,2024-10-26,51,quantile,0.55,58.36924468969131
2024-10-12,wk inc flu hosp,2,2024-10-26,51,quantile,0.6,60.83758976948091
2024-10-12,wk inc flu hosp,2,2024-10-26,51,quantile,0.65,63.42805363426566
2024-10-12,wk inc flu hosp,2,2024-10-26,51,quantile,0.7,66.85101618308511
2024-10-12,wk inc flu hosp,2,2024-10-26,51,quantile,0.75,72.08498110502973
2024-10-12,wk inc flu hosp,2,2024-10-26,51,quantile,0.8,79.85674768631388
2024-10-12,wk inc flu hosp,2,2024-10-26,51,quantile,0.85,88.63651996387736
2024-10-12,wk inc flu hosp,2,2024-10-26,51,quantile,0.9,102.5126103853533
2024-10-12,wk inc flu hosp,2,2024-10-26,51,quantile,0.95,146.47166049132304
2024-10-12,wk inc flu hosp,2,2024-10-26,51,quantile,0.975,231.6356002296639
2024-10-12,wk inc flu hosp,2,2024-10-26,51,quantile,0.99,313.5197289339691
2024-10-12,wk inc flu hosp,3,2024-11-02,51,quantile,0.01,0.0
2024-10-12,wk inc flu hosp,3,2024-11-02,51,quantile,0.025,0.0
2024-10-12,wk inc flu hosp,3,2024-11-02,51,quantile,0.05,21.29902961376752
2024-10-12,wk inc flu hosp,3,2024-11-02,51,quantile,0.1,34.889679643959326
2024-10-12,wk inc flu hosp,3,2024-11-02,51,quantile,0.15,42.59273042674711
2024-10-12,wk inc flu hosp,3,2024-11-02,51,quantile,0.2,48.72196807973375
2024-10-12,wk inc flu hosp,3,2024-11-02,51,quantile,0.25,53.67352909363083
2024-10-12,wk inc flu hosp,3,2024-11-02,51,quantile,0.3,57.454103058035294
2024-10-12,wk inc flu hosp,3,2024-11-02,51,quantile,0.35,61.08392704448129
2024-10-12,wk inc flu hosp,3,2024-11-02,51,quantile,0.4,64.90693751675745
2024-10-12,wk inc flu hosp,3,2024-11-02,51,quantile,0.45,67.49915560380974
2024-10-12,wk inc flu hosp,3,2024-11-02,51,quantile,0.5,71.25815104886615
2024-10-12,wk inc flu hosp,3,2024-11-02,51,quantile,0.55,75.86233317852165
2024-10-12,wk inc flu hosp,3,2024-11-02,51,quantile,0.6,79.19882917883541
2024-10-12,wk inc flu hosp,3,2024-11-02,51,quantile,0.65,84.30394366724559
2024-10-12,wk inc flu hosp,3,2024-11-02,51,quantile,0.7,91.30410462570575
2024-10-12,wk inc flu hosp,3,2024-11-02,51,quantile,0.75,97.56694411563153
2024-10-12,wk inc flu hosp,3,2024-11-02,51,quantile,0.8,105.07612139717197
2024-10-12,wk inc flu hosp,3,2024-11-02,51,quantile,0.85,116.71871540313418
2024-10-12,wk inc flu hosp,3,2024-11-02,51,quantile,0.9,136.61202504037186
2024-10-12,wk inc flu hosp,3,2024-11-02,51,quantile,0.95,207.90432181896247
2024-10-12,wk inc flu hosp,3,2024-11-02,51,quantile,0.975,300.27119151947375
2024-10-12,wk inc flu hosp,3,2024-11-02,51,quantile,0.99,445.82182187523443
2024-10-12,wk inc flu hosp,0,2024-10-12,53,quantile,0.01,0.0
2024-10-12,wk inc flu hosp,0,2024-10-12,53,quantile,0.025,0.0
2024-10-12,wk inc flu hosp,0,2024-10-12,53,quantile,0.05,0.0
2024-10-12,wk inc flu hosp,0,2024-10-12,53,quantile,0.1,0.0
2024-10-12,wk inc flu hosp,0,2024-10-12,53,quantile,0.15,0.0
2024-10-12,wk inc flu hosp,0,2024-10-12,53,quantile,0.2,3.8807981911120875
2024-10-12,wk inc flu hosp,0,2024-10-12,53,quantile,0.25,6.7676616642016745
2024-10-12,wk inc flu hosp,0,2024-10-12,53,quantile,0.3,10.64166810226754
2024-10-12,wk inc flu hosp,0,2024-10-12,53,quantile,0.35,11.1089630906618
2024-10-12,wk inc flu hosp,0,2024-10-12,53,quantile,0.4,11.58156019258062
2024-10-12,wk inc flu hosp,0,2024-10-12,53,quantile,0.45,12.105022607365045
2024-10-12,wk inc flu hosp,0,2024-10-12,53,quantile,0.5,16.43623327666206
2024-10-12,wk inc flu hosp,0,2024-10-12,53,quantile,0.55,17.625151265615248
2024-10-12,wk inc flu hosp,0,2024-10-12,53,quantile,0.6,24.932376077521884
2024-10-12,wk inc flu hosp,0,2024-10-12,53,quantile,0.65,25.58888656447803
2024-10-12,wk inc flu hosp,0,2024-10-12,53,quantile,0.7,26.005444529651754
2024-10-12,wk inc flu hosp,0,2024-10-12,53,quantile,0.75,26.09115176304458
2024-10-12,wk inc flu hosp,0,2024-10-12,53,quantile,0.8,27.04826888801344
2024-10-12,wk inc flu hosp,0,2024-10-12,53,quantile,0.85,37.757081236622376
2024-10-12,wk inc flu hosp,0,2024-10-12,53,quantile,0.9,40.27411414666456
2024-10-12,wk inc flu hosp,0,2024-10-12,53,quantile,0.95,43.40206231572512
2024-10-12,wk inc flu hosp,0,2024-10-12,53,quantile,0.975,45.63783728835753
2024-10-12,wk inc flu hosp,0,2024-10-12,53,quantile,0.99,45.7973298009165
2024-10-12,wk inc flu hosp,1,2024-10-19,53,quantile,0.01,0.0
2024-10-12,wk inc flu hosp,1,2024-10-19,53,quantile,0.025,0.0
2024-10-12,wk inc flu hosp,1,2024-10-19,53,quantile,0.05,0.0
2024-10-12,wk inc flu hosp,1,2024-10-19,53,quantile,0.1,0.0
2024-10-12,wk inc flu hosp,1,2024-10-19,53,quantile,0.15,1.9485328041776404
2024-10-12,wk inc flu hosp,1,2024-10-19,53,quantile,0.2,5.074531766028011
2024-10-12,wk inc flu hosp,1,2024-10-19,53,quantile,0.25,7.553889801831918
2024-10-12,wk inc flu hosp,1,2024-10-19,53,quantile,0.3,10.517305588200067
2024-10-12,wk inc flu hosp,1,2024-10-19,53,quantile,0.35,12.455547375264317
2024-10-12,wk inc flu hosp,1,2024-10-19,53,quantile,0.4,14.4899528145121
2024-10-12,wk inc flu hosp,1,2024-10-19,53,quantile,0.45,17.01976238567377
2024-10-12,wk inc flu hosp,1,2024-10-19,53,quantile,0.5,19.07266505699033
2024-10-12,wk inc flu hosp,1,2024-10-19,53,quantile,0.55,22.337779475953194
2024-10-12,wk inc flu hosp,1,2024-10-19,53,quantile,0.6,24.352208531518695
2024-10-12,wk inc flu hosp,1,2024-10-19,53,quantile,0.65,26.703501207220956
2024-10-12,wk inc flu hosp,1,2024-10-19,53,quantile,0.7,29.10329691455588
2024-10-12,wk inc flu hosp,1,2024-10-19,53,quantile,0.75,31.93532026757415
2024-10-12,wk inc flu hosp,1,2024-10-19,53,quantile,0.8,35.05772282879253
2024-10-12,wk inc flu hosp,1,2024-10-19,53,quantile,0.85,39.71909322412576
2024-10-12,wk inc flu hosp,1,2024-10-19,53,quantile,0.9,43.77680180628905
2024-10-12,wk inc flu hosp,1,2024-10-19,53,quantile,0.95,50.653788893054674
2024-10-12,wk inc flu hosp,1,2024-10-19,53,quantile,0.975,57.631369773688725
2024-10-12,wk inc flu hosp,1,2024-10-19,53,quantile,0.99,62.4195227485341
2024-10-12,wk inc flu hosp,2,2024-10-26,53,quantile,0.01,0.0
2024-10-12,wk inc flu hosp,2,2024-10-26,53,quantile,0.025,0.0
2024-10-12,wk inc flu hosp,2,2024-10-26,53,quantile,0.05,0.0
2024-10-12,wk inc flu hosp,2,2024-10-26,53,quantile,0.1,0.0
2024-10-12,wk inc flu hosp,2,2024-10-26,53,quantile,0.15,3.69463402331471
2024-10-12,wk inc flu hosp,2,2024-10-26,53,quantile,0.2,6.7377685003027885
2024-10-12,wk inc flu hosp,2,2024-10-26,53,quantile,0.25,10.203741878634654
2024-10-12,wk inc flu hosp,2,2024-10-26,53,quantile,0.3,12.901020308786665
2024-10-12,wk inc flu hosp,2,2024-10-26,53,quantile,0.35,15.268416913732025
2024-10-12,wk inc flu hosp,2,2024-10-26,53,quantile,0.4,17.488826373106324
2024-10-12,wk inc flu hosp,2,2024-10-26,53,quantile,0.45,19.84189239120457
2024-10-12,wk inc flu hosp,2,2024-10-26,53,quantile,0.5,22.253391758702335
2024-10-12,wk inc flu hosp,2,2024-10-26,53,quantile,0.55,24.940710528527113
2024-10-12,wk inc flu hosp,2,2024-10-26,53,quantile,0.6,27.640777656229456
2024-10-12,wk inc flu hosp,2,2024-10-26,53,quantile,0.65,30.472107454266688
2024-10-12,wk inc flu hosp,2,2024-10-26,53,quantile,0.7,33.689024396716334
2024-10-12,wk inc flu hosp,2,2024-10-26,53,quantile,0.75,37.430518019553865
2024-10-12,wk inc flu hosp,2,2024-10-26,53,quantile,0.8,40.708457231813874
2024-10-12,wk inc flu hosp,2,2024-10-26,53,quantile,0.85,45.47916202971347
2024-10-12,wk inc flu hosp,2,2024-10-26,53,quantile,0.9,50.49942419062344
2024-10-12,wk inc flu hosp,2,2024-10-26,53,quantile,0.95,58.2131977391932
2024-10-12,wk inc flu hosp,2,2024-10-26,53,quantile,0.975,64.78035083470695
2024-10-12,wk inc flu hosp,2,2024-10-26,53,quantile,0.99,68.95758606696994
2024-10-12,wk inc flu hosp,3,2024-11-02,53,quantile,0.01,0.0
2024-10-12,wk inc flu hosp,3,2024-11-02,53,quantile,0.025,0.0
2024-10-12,wk inc flu hosp,3,2024-11-02,53,quantile,0.05,0.0
2024-10-12,wk inc flu hosp,3,2024-11-02,53,quantile,0.1,1.4751223436113627
2024-10-12,wk inc flu hosp,3,2024-11-02,53,quantile,0.15,7.325966223567475
2024-10-12,wk inc flu hosp,3,2024-11-02,53,quantile,0.2,11.351915565401903
2024-10-12,wk inc flu hosp,3,2024-11-02,53,quantile,0.25,14.337274909550079
2024-10-12,wk inc flu hosp,3,2024-11-02,53,quantile,0.3,17.72955782053607
2024-10-12,wk inc flu hosp,3,2024-11-02,53,quantile,0.35,21.122568171153922
2024-10-12,wk inc flu hosp,3,2024-11-02,53,quantile,0.4,23.651805921808055
2024-10-12,wk inc flu hosp,3,2024-11-02,53,quantile,0.45,26.434634023714082
2024-10-12,wk inc flu hosp,3,2024-11-02,53,quantile,0.5,29.62769756776065
2024-10-12,wk inc flu hosp,3,2024-11-02,53,quantile,0.55,31.877308381030556
2024-10-12,wk inc flu hosp,3,2024-11-02,53,quantile,0.6,34.26410153635451
2024-10-12,wk inc flu hosp,3,2024-11-02,53,quantile,0.65,37.0097875825053
2024-10-12,wk inc flu hosp,3,2024-11-02,53,quantile,0.7,39.85441793826859
2024-10-12,wk inc flu hosp,3,2024-11-02,53,quantile,0.75,43.48769417257722
2024-10-12,wk inc flu hosp,3,2024-11-02,53,quantile,0.8,47.38504494902518
2024-10-12,wk inc flu hosp,3,2024-11-02,53,quantile,0.85,51.24256395593609
2024-10-12,wk inc flu hosp,3,2024-11-02,53,quantile,0.9,58.019388283221225
2024-10-12,wk inc flu hosp,3,2024-11-02,53,quantile,0.95,67.31819594938936
2024-10-12,wk inc flu hosp,3,2024-11-02,53,quantile,0.975,77.67971996597515
2024-10-12,wk inc flu hosp,3,2024-11-02,53,quantile,0.99,86.1855821159386
2024-10-12,wk inc flu hosp,0,2024-10-12,54,quantile,0.01,0.0
2024-10-12,wk inc flu hosp,0,2024-10-12,54,quantile,0.025,0.0
2024-10-12,wk inc flu hosp,0,2024-10-12,54,quantile,0.05,0.0
2024-10-12,wk inc flu hosp,0,2024-10-12,54,quantile,0.1,0.0
2024-10-12,wk inc flu hosp,0,2024-10-12,54,quantile,0.15,2.531099897130342
2024-10-12,wk inc flu hosp,0,2024-10-12,54,quantile,0.2,4.37621622287608
2024-10-12,wk inc flu hosp,0,2024-10-12,54,quantile,0.25,7.106599156087386
2024-10-12,wk inc flu hosp,0,2024-10-12,54,quantile,0.3,9.356704190144109
2024-10-12,wk inc flu hosp,0,2024-10-12,54,quantile,0.35,9.986850049448067
2024-10-12,wk inc flu hosp,0,2024-10-12,54,quantile,0.4,10.850892339088292
2024-10-12,wk inc flu hosp,0,2024-10-12,54,quantile,0.45,11.435852247288798
2024-10-12,wk inc flu hosp,0,2024-10-12,54,quantile,0.5,12.055284497962248
2024-10-12,wk inc flu hosp,0,2024-10-12,54,quantile,0.55,12.51129576784862
2024-10-12,wk inc flu hosp,0,2024-10-12,54,quantile,0.6,12.955658904494147
2024-10-12,wk inc flu hosp,0,2024-10-12,54,quantile,0.65,15.99716602784181
2024-10-12,wk inc flu hosp,0,2024-10-12,54,quantile,0.7,16.310691329060305
2024-10-12,wk inc flu hosp,0,2024-10-12,54,quantile,0.75,20.346203199763526
2024-10-12,wk inc flu hosp,0,2024-10-12,54,quantile,0.8,21.650813229933277
2024-10-12,wk inc flu hosp,0,2024-10-12,54,quantile,0.85,25.23851764773397
2024-10-12,wk inc flu hosp,0,2024-10-12,54,quantile,0.9,29.743844466203992
2024-10-12,wk inc flu hosp,0,2024-10-12,54,quantile,0.95,34.950405274276086
2024-10-12,wk inc flu hosp,0,2024-10-12,54,quantile,0.975,43.614454990240326
2024-10-12,wk inc flu hosp,0,2024-10-12,54,quantile,0.99,47.41863570445077
2024-10-12,wk inc flu hosp,1,2024-10-19,54,quantile,0.01,0.0
2024-10-12,wk inc flu hosp,1,2024-10-19,54,quantile,0.025,0.0
2024-10-12,wk inc flu hosp,1,2024-10-19,54,quantile,0.05,0.0
2024-10-12,wk inc flu hosp,1,2024-10-19,54,quantile,0.1,3.0569618700667234
2024-10-12,wk inc flu hosp,1,2024-10-19,54,quantile,0.15,5.743720348240573
2024-10-12,wk inc flu hosp,1,2024-10-19,54,quantile,0.2,7.524967688544271
2024-10-12,wk inc flu hosp,1,2024-10-19,54,quantile,0.25,10.331421763060508
2024-10-12,wk inc flu hosp,1,2024-10-19,54,quantile,0.3,12.05821781407658
2024-10-12,wk inc flu hosp,1,2024-10-19,54,quantile,0.35,13.277503030896856
2024-10-12,wk inc flu hosp,1,2024-10-19,54,quantile,0.4,14.380208234444309
2024-10-12,wk inc flu hosp,1,2024-10-19,54,quantile,0.45,15.324535108260482
2024-10-12,wk inc flu hosp,1,2024-10-19,54,quantile,0.5,16.49139629134377
2024-10-12,wk inc flu hosp,1,2024-10-19,54,quantile,0.55,17.815849358280406
2024-10-12,wk inc flu hosp,1,2024-10-19,54,quantile,0.6,20.334844451148395
2024-10-12,wk inc flu hosp,1,2024-10-19,54,quantile,0.65,22.851278331542005
2024-10-12,wk inc flu hosp,1,2024-10-19,54,quantile,0.7,24.885593881403203
2024-10-12,wk inc flu hosp,1,2024-10-19,54,quantile,0.75,27.448345153766216
2024-10-12,wk inc flu hosp,1,2024-10-19,54,quantile,0.8,29.527721876213313
2024-10-12,wk inc flu hosp,1,2024-10-19,54,quantile,0.85,32.25287447689962
2024-10-12,wk inc flu hosp,1,2024-10-19,54,quantile,0.9,36.79736698707171
2024-10-12,wk inc flu hosp,1,2024-10-19,54,quantile,0.95,46.12711733956154
2024-10-12,wk inc flu hosp,1,2024-10-19,54,quantile,0.975,51.736395051513014
2024-10-12,wk inc flu hosp,1,2024-10-19,54,quantile,0.99,59.22254414149902
2024-10-12,wk inc flu hosp,2,2024-10-26,54,quantile,0.01,0.0
2024-10-12,wk inc flu hosp,2,2024-10-26,54,quantile,0.025,0.0990151806946115
2024-10-12,wk inc flu hosp,2,2024-10-26,54,quantile,0.05,2.733815536450024
2024-10-12,wk inc flu hosp,2,2024-10-26,54,quantile,0.1,5.766450661082045
2024-10-12,wk inc flu hosp,2,2024-10-26,54,quantile,0.15,8.446605743224337
2024-10-12,wk inc flu hosp,2,2024-10-26,54,quantile,0.2,11.351197102899318
2024-10-12,wk inc flu hosp,2,2024-10-26,54,quantile,0.25,13.381779574621927
2024-10-12,wk inc flu hosp,2,2024-10-26,54,quantile,0.3,15.124592300319334
2024-10-12,wk inc flu hosp,2,2024-10-26,54,quantile,0.35,16.69549589539375
2024-10-12,wk inc flu hosp,2,2024-10-26,54,quantile,0.4,18.16200800819865
2024-10-12,wk inc flu hosp,2,2024-10-26,54,quantile,0.45,19.514828169986284
2024-10-12,wk inc flu hosp,2,2024-10-26,54,quantile,0.5,21.568769974982516
2024-10-12,wk inc flu hosp,2,2024-10-26,54,quantile,0.55,23.60351370135984
2024-10-12,wk inc flu hosp,2,2024-10-26,54,quantile,0.6,25.739767433001656
2024-10-12,wk inc flu hosp,2,2024-10-26,54,quantile,0.65,28.071036286390285
2024-10-12,wk inc flu hosp,2,2024-10-26,54,quantile,0.7,30.18232596225907
2024-10-12,wk inc flu hosp,2,2024-10-26,54,quantile,0.75,32.48383780187839
2024-10-12,wk inc flu hosp,2,2024-10-26,54,quantile,0.8,35.102117462525264
2024-10-12,wk inc flu hosp,2,2024-10-26,54,quantile,0.85,38.58378358064084
2024-10-12,wk inc flu hosp,2,2024-10-26,54,quantile,0.9,43.25261368527771
2024-10-12,wk inc flu hosp,2,2024-10-26,54,quantile,0.95,49.47846087456434
2024-10-12,wk inc flu hosp,2,2024-10-26,54,quantile,0.975,58.697129133950654
2024-10-12,wk inc flu hosp,2,2024-10-26,54,quantile,0.99,66.14754432882127
2024-10-12,wk inc flu hosp,3,2024-11-02,54,quantile,0.01,0.0
2024-10-12,wk inc flu hosp,3,2024-11-02,54,quantile,0.025,2.484788930107852
2024-10-12,wk inc flu hosp,3,2024-11-02,54,quantile,0.05,7.9680300454585185
2024-10-12,wk inc flu hosp,3,2024-11-02,54,quantile,0.1,11.381582463964639
2024-10-12,wk inc flu hosp,3,2024-11-02,54,quantile,0.15,15.42935050591417
2024-10-12,wk inc flu hosp,3,2024-11-02,54,quantile,0.2,17.51961810515569
2024-10-12,wk inc flu hosp,3,2024-11-02,54,quantile,0.25,20.32610012030332
2024-10-12,wk inc flu hosp,3,2024-11-02,54,quantile,0.3,22.51291790768428
2024-10-12,wk inc flu hosp,3,2024-11-02,54,quantile,0.35,24.336242241284534
2024-10-12,wk inc flu hosp,3,2024-11-02,54,quantile,0.4,26.451949426935236
2024-10-12,wk inc flu hosp,3,2024-11-02,54,quantile,0.45,28.089444150532064
2024-10-12,wk inc flu hosp,3,2024-11-02,54,quantile,0.5,29.635961349955302
2024-10-12,wk inc flu hosp,3,2024-11-02,54,quantile,0.55,31.68494426719471
2024-10-12,wk inc flu hosp,3,2024-11-02,54,quantile,0.6,33.65368367463816
2024-10-12,wk inc flu hosp,3,2024-11-02,54,quantile,0.65,36.223673064306986
2024-10-12,wk inc flu hosp,3,2024-11-02,54,quantile,0.7,38.676877082184795
2024-10-12,wk inc flu hosp,3,2024-11-02,54,quantile,0.75,41.65901666552457
2024-10-12,wk inc flu hosp,3,2024-11-02,54,quantile,0.8,45.20837691214253
2024-10-12,wk inc flu hosp,3,2024-11-02,54,quantile,0.85,50.104517944052375
2024-10-12,wk inc flu hosp,3,2024-11-02,54,quantile,0.9,57.78594191033211
2024-10-12,wk inc flu hosp,3,2024-11-02,54,quantile,0.95,68.91406034308177
2024-10-12,wk inc flu hosp,3,2024-11-02,54,quantile,0.975,79.69063069542389
2024-10-12,wk inc flu hosp,3,2024-11-02,54,quantile,0.99,93.83032387434884
2024-10-12,wk inc flu hosp,0,2024-10-12,55,quantile,0.01,0.0
2024-10-12,wk inc flu hosp,0,2024-10-12,55,quantile,0.025,0.0
2024-10-12,wk inc flu hosp,0,2024-10-12,55,quantile,0.05,0.0
2024-10-12,wk inc flu hosp,0,2024-10-12,55,quantile,0.1,1.7110807354879227
2024-10-12,wk inc flu hosp,0,2024-10-12,55,quantile,0.15,4.377207857557614
2024-10-12,wk inc flu hosp,0,2024-10-12,55,quantile,0.2,6.900297504884696
2024-10-12,wk inc flu hosp,0,2024-10-12,55,quantile,0.25,8.726722572162709
2024-10-12,wk inc flu hosp,0,2024-10-12,55,quantile,0.3,9.524225469262142
2024-10-12,wk inc flu hosp,0,2024-10-12,55,quantile,0.35,10.508641242720865
2024-10-12,wk inc flu hosp,0,2024-10-12,55,quantile,0.4,10.861311326367344
2024-10-12,wk inc flu hosp,0,2024-10-12,55,quantile,0.45,12.591403849851917
2024-10-12,wk inc flu hosp,0,2024-10-12,55,quantile,0.5,14.968477589061628
2024-10-12,wk inc flu hosp,0,2024-10-12,55,quantile,0.55,20.20609965939483
2024-10-12,wk inc flu hosp,0,2024-10-12,55,quantile,0.6,21.138158953827517
2024-10-12,wk inc flu hosp,0,2024-10-12,55,quantile,0.65,21.97978909790237
2024-10-12,wk inc flu hosp,0,2024-10-12,55,quantile,0.7,22.868205749589098
2024-10-12,wk inc flu hosp,0,2024-10-12,55,quantile,0.75,24.360361300016102
2024-10-12,wk inc flu hosp,0,2024-10-12,55,quantile,0.8,31.264917732641557
2024-10-12,wk inc flu hosp,0,2024-10-12,55,quantile,0.85,50.205320343483685
2024-10-12,wk inc flu hosp,0,2024-10-12,55,quantile,0.9,53.00116130151457
2024-10-12,wk inc flu hosp,0,2024-10-12,55,quantile,0.95,82.47100727471076
2024-10-12,wk inc flu hosp,0,2024-10-12,55,quantile,0.975,93.87374828160522
2024-10-12,wk inc flu hosp,0,2024-10-12,55,quantile,0.99,123.28862472742895
2024-10-12,wk inc flu hosp,1,2024-10-19,55,quantile,0.01,0.0
2024-10-12,wk inc flu hosp,1,2024-10-19,55,quantile,0.025,0.0
2024-10-12,wk inc flu hosp,1,2024-10-19,55,quantile,0.05,0.0
2024-10-12,wk inc flu hosp,1,2024-10-19,55,quantile,0.1,4.86075984919388
2024-10-12,wk inc flu hosp,1,2024-10-19,55,quantile,0.15,9.22011183405944
2024-10-12,wk inc flu hosp,1,2024-10-19,55,quantile,0.2,11.51411904036057
2024-10-12,wk inc flu hosp,1,2024-10-19,55,quantile,0.25,13.71243223419359
2024-10-12,wk inc flu hosp,1,2024-10-19,55,quantile,0.3,15.932247606748769
2024-10-12,wk inc flu hosp,1,2024-10-19,55,quantile,0.35,18.459735863972345
2024-10-12,wk inc flu hosp,1,2024-10-19,55,quantile,0.4,20.235233604818998
2024-10-12,wk inc flu hosp,1,2024-10-19,55,quantile,0.45,23.712358888799166
2024-10-12,wk inc flu hosp,1,2024-10-19,55,quantile,0.5,25.29637571313566
2024-10-12,wk inc flu hosp,1,2024-10-19,55,quantile,0.55,27.81093234152494
2024-10-12,wk inc flu hosp,1,2024-10-19,55,quantile,0.6,30.7685988609327
2024-10-12,wk inc flu hosp,1,2024-10-19,55,quantile,0.65,33.05486333639839
2024-10-12,wk inc flu hosp,1,2024-10-19,55,quantile,0.7,37.030676886355565
2024-10-12,wk inc flu hosp,1,2024-10-19,55,quantile,0.75,46.05462061751699
2024-10-12,wk inc flu hosp,1,2024-10-19,55,quantile,0.8,53.95452508629049
2024-10-12,wk inc flu hosp,1,2024-10-19,55,quantile,0.85,62.74375454246402
2024-10-12,wk inc flu hosp,1,2024-10-19,55,quantile,0.9,81.97803085362237
2024-10-12,wk inc flu hosp,1,2024-10-19,55,quantile,0.95,102.71219828325192
2024-10-12,wk inc flu hosp,1,2024-10-19,55,quantile,0.975,128.65076409041887
2024-10-12,wk inc flu hosp,1,2024-10-19,55,quantile,0.99,150.15333830660205
2024-10-12,wk inc flu hosp,2,2024-10-26,55,quantile,0.01,0.0
2024-10-12,wk inc flu hosp,2,2024-10-26,55,quantile,0.025,0.0
2024-10-12,wk inc flu hosp,2,2024-10-26,55,quantile,0.05,1.2346357715041436
2024-10-12,wk inc flu hosp,2,2024-10-26,55,quantile,0.1,9.165883369822648
2024-10-12,wk inc flu hosp,2,2024-10-26,55,quantile,0.15,14.347127090455622
2024-10-12,wk inc flu hosp,2,2024-10-26,55,quantile,0.2,18.379765262007666
2024-10-12,wk inc flu hosp,2,2024-10-26,55,quantile,0.25,21.401382882625803
2024-10-12,wk inc flu hosp,2,2024-10-26,55,quantile,0.3,24.364389386426016
2024-10-12,wk inc flu hosp,2,2024-10-26,55,quantile,0.35,27.051967398554638
2024-10-12,wk inc flu hosp,2,2024-10-26,55,quantile,0.4,30.3218826913164
2024-10-12,wk inc flu hosp,2,2024-10-26,55,quantile,0.45,33.440093903839575
2024-10-12,wk inc flu hosp,2,2024-10-26,55,quantile,0.5,36.99405096139864
2024-10-12,wk inc flu hosp,2,2024-10-26,55,quantile,0.55,40.458643561846735
2024-10-12,wk inc flu hosp,2,2024-10-26,55,quantile,0.6,46.13723818711649
2024-10-12,wk inc flu hosp,2,2024-10-26,55,quantile,0.65,51.36404895360784
2024-10-12,wk inc flu hosp,2,2024-10-26,55,quantile,0.7,59.18811872283053
2024-10-12,wk inc flu hosp,2,2024-10-26,55,quantile,0.75,68.03781926083654
2024-10-12,wk inc flu hosp,2,2024-10-26,55,quantile,0.8,77.95840768846787
2024-10-12,wk inc flu hosp,2,2024-10-26,55,quantile,0.85,89.22972055967267
2024-10-12,wk inc flu hosp,2,2024-10-26,55,quantile,0.9,105.52551232743036
2024-10-12,wk inc flu hosp,2,2024-10-26,55,quantile,0.95,136.78632121248648
2024-10-12,wk inc flu hosp,2,2024-10-26,55,quantile,0.975,159.63674675677737
2024-10-12,wk inc flu hosp,2,2024-10-26,55,quantile,0.99,193.38411692163123
2024-10-12,wk inc flu hosp,3,2024-11-02,55,quantile,0.01,0.0
2024-10-12,wk inc flu hosp,3,2024-11-02,55,quantile,0.025,0.0
2024-10-12,wk inc flu hosp,3,2024-11-02,55,quantile,0.05,5.430502178163912
2024-10-12,wk inc flu hosp,3,2024-11-02,55,quantile,0.1,14.120957802791283
2024-10-12,wk inc flu hosp,3,2024-11-02,55,quantile,0.15,19.655477715737142
2024-10-12,wk inc flu hosp,3,2024-11-02,55,quantile,0.2,23.38124688643513
2024-10-12,wk inc flu hosp,3,2024-11-02,55,quantile,0.25,27.527481436215623
2024-10-12,wk inc flu hosp,3,2024-11-02,55,quantile,0.3,30.728615554565888
2024-10-12,wk inc flu hosp,3,2024-11-02,55,quantile,0.35,34.77317815069043
2024-10-12,wk inc flu hosp,3,2024-11-02,55,quantile,0.4,38.58387128856458
2024-10-12,wk inc flu hosp,3,2024-11-02,55,quantile,0.45,44.03142113006456
2024-10-12,wk inc flu hosp,3,2024-11-02,55,quantile,0.5,48.969423658010356
2024-10-12,wk inc flu hosp,3,2024-11-02,55,quantile,0.55,54.990544739581885
2024-10-12,wk inc flu hosp,3,2024-11-02,55,quantile,0.6,62.37533367735348
2024-10-12,wk inc flu hosp,3,2024-11-02,55,quantile,0.65,68.9143628557406
2024-10-12,wk inc flu hosp,3,2024-11-02,55,quantile,0.7,76.29508708759042
2024-10-12,wk inc flu hosp,3,2024-11-02,55,quantile,0.75,86.50544327336387
2024-10-12,wk inc flu hosp,3,2024-11-02,55,quantile,0.8,96.43333378679824
2024-10-12,wk inc flu hosp,3,2024-11-02,55,quantile,0.85,111.48850124641072
2024-10-12,wk inc flu hosp,3,2024-11-02,55,quantile,0.9,130.01156145049438
2024-10-12,wk inc flu hosp,3,2024-11-02,55,quantile,0.95,160.20071664544935
2024-10-12,wk inc flu hosp,3,2024-11-02,55,quantile,0.975,195.73492157522787
2024-10-12,wk inc flu hosp,3,2024-11-02,55,quantile,0.99,254.85457787121956
2024-10-12,wk inc flu hosp,0,2024-10-12,56,quantile,0.01,0.0
2024-10-12,wk inc flu hosp,0,2024-10-12,56,quantile,0.025,0.0
2024-10-12,wk inc flu hosp,0,2024-10-12,56,quantile,0.05,0.0
2024-10-12,wk inc flu hosp,0,2024-10-12,56,quantile,0.1,0.08851071400045137
2024-10-12,wk inc flu hosp,0,2024-10-12,56,quantile,0.15,0.9537836018734075
2024-10-12,wk inc flu hosp,0,2024-10-12,56,quantile,0.2,2.2592539770173636
2024-10-12,wk inc flu hosp,0,2024-10-12,56,quantile,0.25,2.42021576691335
2024-10-12,wk inc flu hosp,0,2024-10-12,56,quantile,0.3,2.6387150034789713
2024-10-12,wk inc flu hosp,0,2024-10-12,56,quantile,0.35,2.8011335704272207
2024-10-12,wk inc flu hosp,0,2024-10-12,56,quantile,0.4,3.8582684476929714
2024-10-12,wk inc flu hosp,0,2024-10-12,56,quantile,0.45,3.859506068084763
2024-10-12,wk inc flu hosp,0,2024-10-12,56,quantile,0.5,4.059734235421171
2024-10-12,wk inc flu hosp,0,2024-10-12,56,quantile,0.55,4.061722152306798
2024-10-12,wk inc flu hosp,0,2024-10-12,56,quantile,0.6,4.541432629642253
2024-10-12,wk inc flu hosp,0,2024-10-12,56,quantile,0.65,4.610039930582476
2024-10-12,wk inc flu hosp,0,2024-10-12,56,quantile,0.7,4.738666630947395
2024-10-12,wk inc flu hosp,0,2024-10-12,56,quantile,0.75,5.697447608604142
2024-10-12,wk inc flu hosp,0,2024-10-12,56,quantile,0.8,6.199957886929001
2024-10-12,wk inc flu hosp,0,2024-10-12,56,quantile,0.85,6.230559079191792
2024-10-12,wk inc flu hosp,0,2024-10-12,56,quantile,0.9,7.804104618429871
2024-10-12,wk inc flu hosp,0,2024-10-12,56,quantile,0.95,10.291333996276878
2024-10-12,wk inc flu hosp,0,2024-10-12,56,quantile,0.975,16.221715698434473
2024-10-12,wk inc flu hosp,0,2024-10-12,56,quantile,0.99,33.633996547534935
2024-10-12,wk inc flu hosp,1,2024-10-19,56,quantile,0.01,0.0
2024-10-12,wk inc flu hosp,1,2024-10-19,56,quantile,0.025,0.0
2024-10-12,wk inc flu hosp,1,2024-10-19,56,quantile,0.05,0.0
2024-10-12,wk inc flu hosp,1,2024-10-19,56,quantile,0.1,0.4733399955365267
2024-10-12,wk inc flu hosp,1,2024-10-19,56,quantile,0.15,1.7840262190087495
2024-10-12,wk inc flu hosp,1,2024-10-19,56,quantile,0.2,2.656520530351063
2024-10-12,wk inc flu hosp,1,2024-10-19,56,quantile,0.25,2.818999352800427
2024-10-12,wk inc flu hosp,1,2024-10-19,56,quantile,0.3,2.9474563563802434
2024-10-12,wk inc flu hosp,1,2024-10-19,56,quantile,0.35,3.188935938337351
2024-10-12,wk inc flu hosp,1,2024-10-19,56,quantile,0.4,4.224135850413026
2024-10-12,wk inc flu hosp,1,2024-10-19,56,quantile,0.45,4.388883837541534
2024-10-12,wk inc flu hosp,1,2024-10-19,56,quantile,0.5,4.507293029670233
2024-10-12,wk inc flu hosp,1,2024-10-19,56,quantile,0.55,4.748130162858456
2024-10-12,wk inc flu hosp,1,2024-10-19,56,quantile,0.6,5.078061010708846
2024-10-12,wk inc flu hosp,1,2024-10-19,56,quantile,0.65,5.28510279529732
2024-10-12,wk inc flu hosp,1,2024-10-19,56,quantile,0.7,5.696745734486639
2024-10-12,wk inc flu hosp,1,2024-10-19,56,quantile,0.75,6.544464352504726
2024-10-12,wk inc flu hosp,1,2024-10-19,56,quantile,0.8,6.9265709712010235
2024-10-12,wk inc flu hosp,1,2024-10-19,56,quantile,0.85,7.662821414008937
2024-10-12,wk inc flu hosp,1,2024-10-19,56,quantile,0.9,9.027027051159418
2024-10-12,wk inc flu hosp,1,2024-10-19,56,quantile,0.95,12.933862300104563
2024-10-12,wk inc flu hosp,1,2024-10-19,56,quantile,0.975,17.46056155550072
2024-10-12,wk inc flu hosp,1,2024-10-19,56,quantile,0.99,32.288583952992944
2024-10-12,wk inc flu hosp,2,2024-10-26,56,quantile,0.01,0.0
2024-10-12,wk inc flu hosp,2,2024-10-26,56,quantile,0.025,0.0
2024-10-12,wk inc flu hosp,2,2024-10-26,56,quantile,0.05,0.0
2024-10-12,wk inc flu hosp,2,2024-10-26,56,quantile,0.1,0.528701830072618
2024-10-12,wk inc flu hosp,2,2024-10-26,56,quantile,0.15,1.8455106341520198
2024-10-12,wk inc flu hosp,2,2024-10-26,56,quantile,0.2,2.7414593004595726
2024-10-12,wk inc flu hosp,2,2024-10-26,56,quantile,0.25,2.9923251941787488
2024-10-12,wk inc flu hosp,2,2024-10-26,56,quantile,0.3,3.1634756692643666
2024-10-12,wk inc flu hosp,2,2024-10-26,56,quantile,0.35,3.6156314998459393
2024-10-12,wk inc flu hosp,2,2024-10-26,56,quantile,0.4,4.492385902827867
2024-10-12,wk inc flu hosp,2,2024-10-26,56,quantile,0.45,4.649534593558072
2024-10-12,wk inc flu hosp,2,2024-10-26,56,quantile,0.5,4.795911918582162
2024-10-12,wk inc flu hosp,2,2024-10-26,56,quantile,0.55,5.087084763421594
2024-10-12,wk inc flu hosp,2,2024-10-26,56,quantile,0.6,5.450775121274168
2024-10-12,wk inc flu hosp,2,2024-10-26,56,quantile,0.65,5.718572105297563
2024-10-12,wk inc flu hosp,2,2024-10-26,56,quantile,0.7,6.25707115461498
2024-10-12,wk inc flu hosp,2,2024-10-26,56,quantile,0.75,6.9309479522684585
2024-10-12,wk inc flu hosp,2,2024-10-26,56,quantile,0.8,7.3874636233177275
2024-10-12,wk inc flu hosp,2,2024-10-26,56,quantile,0.85,8.125090544941655
2024-10-12,wk inc flu hosp,2,2024-10-26,56,quantile,0.9,9.440214395550587
2024-10-12,wk inc flu hosp,2,2024-10-26,56,quantile,0.95,12.653699072536464
2024-10-12,wk inc flu hosp,2,2024-10-26,56,quantile,0.975,18.77439533997199
2024-10-12,wk inc flu hosp,2,2024-10-26,56,quantile,0.99,32.947348300166425
2024-10-12,wk inc flu hosp,3,2024-11-02,56,quantile,0.01,0.0
2024-10-12,wk inc flu hosp,3,2024-11-02,56,quantile,0.025,0.0
2024-10-12,wk inc flu hosp,3,2024-11-02,56,quantile,0.05,0.36186408869218734
2024-10-12,wk inc flu hosp,3,2024-11-02,56,quantile,0.1,1.2649370507882844
2024-10-12,wk inc flu hosp,3,2024-11-02,56,quantile,0.15,3.1886834098406887
2024-10-12,wk inc flu hosp,3,2024-11-02,56,quantile,0.2,3.562002890831177
2024-10-12,wk inc flu hosp,3,2024-11-02,56,quantile,0.25,3.7432561783824614
2024-10-12,wk inc flu hosp,3,2024-11-02,56,quantile,0.3,3.94578866163505
2024-10-12,wk inc flu hosp,3,2024-11-02,56,quantile,0.35,4.243565646221474
2024-10-12,wk inc flu hosp,3,2024-11-02,56,quantile,0.4,4.963483873266804
2024-10-12,wk inc flu hosp,3,2024-11-02,56,quantile,0.45,5.333861642331573
2024-10-12,wk inc flu hosp,3,2024-11-02,56,quantile,0.5,5.515343234049059
2024-10-12,wk inc flu hosp,3,2024-11-02,56,quantile,0.55,5.698551955282202
2024-10-12,wk inc flu hosp,3,2024-11-02,56,quantile,0.6,5.943314821365455
2024-10-12,wk inc flu hosp,3,2024-11-02,56,quantile,0.65,6.221484749895196
2024-10-12,wk inc flu hosp,3,2024-11-02,56,quantile,0.7,6.926554746127967
2024-10-12,wk inc flu hosp,3,2024-11-02,56,quantile,0.75,7.781618934001057
2024-10-12,wk inc flu hosp,3,2024-11-02,56,quantile,0.8,8.615900902674428
2024-10-12,wk inc flu hosp,3,2024-11-02,56,quantile,0.85,9.271423285181593
2024-10-12,wk inc flu hosp,3,2024-11-02,56,quantile,0.9,11.185427684605239
2024-10-12,wk inc flu hosp,3,2024-11-02,56,quantile,0.95,13.22668835010006
2024-10-12,wk inc flu hosp,3,2024-11-02,56,quantile,0.975,20.650761017493796
2024-10-12,wk inc flu hosp,3,2024-11-02,56,quantile,0.99,32.91770472908052
2024-10-12,wk inc flu hosp,0,2024-10-12,72,quantile,0.01,0.0
2024-10-12,wk inc flu hosp,0,2024-10-12,72,quantile,0.025,0.0
2024-10-12,wk inc flu hosp,0,2024-10-12,72,quantile,0.05,0.0
2024-10-12,wk inc flu hosp,0,2024-10-12,72,quantile,0.1,0.0
2024-10-12,wk inc flu hosp,0,2024-10-12,72,quantile,0.15,0.0
2024-10-12,wk inc flu hosp,0,2024-10-12,72,quantile,0.2,4.551088993681554
2024-10-12,wk inc flu hosp,0,2024-10-12,72,quantile,0.25,8.618739100493755
2024-10-12,wk inc flu hosp,0,2024-10-12,72,quantile,0.3,8.847748684802083
2024-10-12,wk inc flu hosp,0,2024-10-12,72,quantile,0.35,9.453066525297897
2024-10-12,wk inc flu hosp,0,2024-10-12,72,quantile,0.4,13.839231828655691
2024-10-12,wk inc flu hosp,0,2024-10-12,72,quantile,0.45,17.182586250391452
2024-10-12,wk inc flu hosp,0,2024-10-12,72,quantile,0.5,17.654780827036696
2024-10-12,wk inc flu hosp,0,2024-10-12,72,quantile,0.55,20.244023128139748
2024-10-12,wk inc flu hosp,0,2024-10-12,72,quantile,0.6,21.8943756146568
2024-10-12,wk inc flu hosp,0,2024-10-12,72,quantile,0.65,22.548036573948544
2024-10-12,wk inc flu hosp,0,2024-10-12,72,quantile,0.7,27.41389935741509
2024-10-12,wk inc flu hosp,0,2024-10-12,72,quantile,0.75,27.98980038803478
2024-10-12,wk inc flu hosp,0,2024-10-12,72,quantile,0.8,28.801553917868855
2024-10-12,wk inc flu hosp,0,2024-10-12,72,quantile,0.85,30.641511013429206
2024-10-12,wk inc flu hosp,0,2024-10-12,72,quantile,0.9,38.60445127336743
2024-10-12,wk inc flu hosp,0,2024-10-12,72,quantile,0.95,50.03813598120041
2024-10-12,wk inc flu hosp,0,2024-10-12,72,quantile,0.975,52.294882712495586
2024-10-12,wk inc flu hosp,0,2024-10-12,72,quantile,0.99,102.05782536605292
2024-10-12,wk inc flu hosp,1,2024-10-19,72,quantile,0.01,0.0
2024-10-12,wk inc flu hosp,1,2024-10-19,72,quantile,0.025,0.0
2024-10-12,wk inc flu hosp,1,2024-10-19,72,quantile,0.05,0.0
2024-10-12,wk inc flu hosp,1,2024-10-19,72,quantile,0.1,0.0
2024-10-12,wk inc flu hosp,1,2024-10-19,72,quantile,0.15,1.253653916476953
2024-10-12,wk inc flu hosp,1,2024-10-19,72,quantile,0.2,7.024311661953424
2024-10-12,wk inc flu hosp,1,2024-10-19,72,quantile,0.25,10.608215402183982
2024-10-12,wk inc flu hosp,1,2024-10-19,72,quantile,0.3,13.522880179030915
2024-10-12,wk inc flu hosp,1,2024-10-19,72,quantile,0.35,15.934434938383685
2024-10-12,wk inc flu hosp,1,2024-10-19,72,quantile,0.4,17.87643176852852
2024-10-12,wk inc flu hosp,1,2024-10-19,72,quantile,0.45,20.61064457673335
2024-10-12,wk inc flu hosp,1,2024-10-19,72,quantile,0.5,22.290453751244165
2024-10-12,wk inc flu hosp,1,2024-10-19,72,quantile,0.55,24.579467797265814
2024-10-12,wk inc flu hosp,1,2024-10-19,72,quantile,0.6,26.59373693124159
2024-10-12,wk inc flu hosp,1,2024-10-19,72,quantile,0.65,28.179299630811837
2024-10-12,wk inc flu hosp,1,2024-10-19,72,quantile,0.7,29.596814095626517
2024-10-12,wk inc flu hosp,1,2024-10-19,72,quantile,0.75,31.91318449354469
2024-10-12,wk inc flu hosp,1,2024-10-19,72,quantile,0.8,35.38134674833492
2024-10-12,wk inc flu hosp,1,2024-10-19,72,quantile,0.85,38.51763304856882
2024-10-12,wk inc flu hosp,1,2024-10-19,72,quantile,0.9,45.327968986713806
2024-10-12,wk inc flu hosp,1,2024-10-19,72,quantile,0.95,59.753440669699344
2024-10-12,wk inc flu hosp,1,2024-10-19,72,quantile,0.975,101.2558210132505
2024-10-12,wk inc flu hosp,1,2024-10-19,72,quantile,0.99,171.81838116466048
2024-10-12,wk inc flu hosp,2,2024-10-26,72,quantile,0.01,0.0
2024-10-12,wk inc flu hosp,2,2024-10-26,72,quantile,0.025,0.0
2024-10-12,wk inc flu hosp,2,2024-10-26,72,quantile,0.05,0.0
2024-10-12,wk inc flu hosp,2,2024-10-26,72,quantile,0.1,0.1017572010924499
2024-10-12,wk inc flu hosp,2,2024-10-26,72,quantile,0.15,5.337381285791964
2024-10-12,wk inc flu hosp,2,2024-10-26,72,quantile,0.2,10.272657854659867
2024-10-12,wk inc flu hosp,2,2024-10-26,72,quantile,0.25,13.687368304100058
2024-10-12,wk inc flu hosp,2,2024-10-26,72,quantile,0.3,16.87308106714326
2024-10-12,wk inc flu hosp,2,2024-10-26,72,quantile,0.35,19.932522015567667
2024-10-12,wk inc flu hosp,2,2024-10-26,72,quantile,0.4,22.885033458849033
2024-10-12,wk inc flu hosp,2,2024-10-26,72,quantile,0.45,25.48786643178855
2024-10-12,wk inc flu hosp,2,2024-10-26,72,quantile,0.5,27.443990344492917
2024-10-12,wk inc flu hosp,2,2024-10-26,72,quantile,0.55,29.603198371986704
2024-10-12,wk inc flu hosp,2,2024-10-26,72,quantile,0.6,31.59683458939991
2024-10-12,wk inc flu hosp,2,2024-10-26,72,quantile,0.65,34.28324875792902
2024-10-12,wk inc flu hosp,2,2024-10-26,72,quantile,0.7,36.97315578481207
2024-10-12,wk inc flu hosp,2,2024-10-26,72,quantile,0.75,40.53493635652466
2024-10-12,wk inc flu hosp,2,2024-10-26,72,quantile,0.8,45.19537964371853
2024-10-12,wk inc flu hosp,2,2024-10-26,72,quantile,0.85,52.735424480689396
2024-10-12,wk inc flu hosp,2,2024-10-26,72,quantile,0.9,61.211069180594855
2024-10-12,wk inc flu hosp,2,2024-10-26,72,quantile,0.95,91.69085910354246
2024-10-12,wk inc flu hosp,2,2024-10-26,72,quantile,0.975,125.0677922577061
2024-10-12,wk inc flu hosp,2,2024-10-26,72,quantile,0.99,171.78454882984144
2024-10-12,wk inc flu hosp,3,2024-11-02,72,quantile,0.01,0.0
2024-10-12,wk inc flu hosp,3,2024-11-02,72,quantile,0.025,0.21509859504074785
2024-10-12,wk inc flu hosp,3,2024-11-02,72,quantile,0.05,2.8111473100704782
2024-10-12,wk inc flu hosp,3,2024-11-02,72,quantile,0.1,7.614556988358182
2024-10-12,wk inc flu hosp,3,2024-11-02,72,quantile,0.15,12.543375181734227
2024-10-12,wk inc flu hosp,3,2024-11-02,72,quantile,0.2,16.468294732776783
2024-10-12,wk inc flu hosp,3,2024-11-02,72,quantile,0.25,20.463888099233554
2024-10-12,wk inc flu hosp,3,2024-11-02,72,quantile,0.3,23.67453271972223
2024-10-12,wk inc flu hosp,3,2024-11-02,72,quantile,0.35,25.968221816571447
2024-10-12,wk inc flu hosp,3,2024-11-02,72,quantile,0.4,28.283055957132458
2024-10-12,wk inc flu hosp,3,2024-11-02,72,quantile,0.45,31.077561162981162
2024-10-12,wk inc flu hosp,3,2024-11-02,72,quantile,0.5,33.99888861847468
2024-10-12,wk inc flu hosp,3,2024-11-02,72,quantile,0.55,36.36061922328047
2024-10-12,wk inc flu hosp,3,2024-11-02,72,quantile,0.6,38.967410432595024
2024-10-12,wk inc flu hosp,3,2024-11-02,72,quantile,0.65,41.026342860172605
2024-10-12,wk inc flu hosp,3,2024-11-02,72,quantile,0.7,45.196394452699316
2024-10-12,wk inc flu hosp,3,2024-11-02,72,quantile,0.75,50.7673374788384
2024-10-12,wk inc flu hosp,3,2024-11-02,72,quantile,0.8,55.44247999225372
2024-10-12,wk inc flu hosp,3,2024-11-02,72,quantile,0.85,62.48180661043928
2024-10-12,wk inc flu hosp,3,2024-11-02,72,quantile,0.9,72.75783827659521
2024-10-12,wk inc flu hosp,3,2024-11-02,72,quantile,0.95,107.27212383721705
2024-10-12,wk inc flu hosp,3,2024-11-02,72,quantile,0.975,125.18928863738043
2024-10-12,wk inc flu hosp,3,2024-11-02,72,quantile,0.99,172.31974708264153
2024-10-12,wk flu hosp rate change,0,2024-10-12,US,pmf,stable,0.001
2024-10-12,wk flu hosp rate change,0,2024-10-12,US,pmf,increase,0.301
2024-10-12,wk flu hosp rate change,0,2024-10-12,US,pmf,large_increase,0.01
2024-10-12,wk flu hosp rate change,0,2024-10-12,US,pmf,decrease,0.0
2024-10-12,wk flu hosp rate change,0,2024-10-12,US,pmf,large_decrease,0.0
2024-10-12,wk flu hosp rate change,1,2024-10-19,US,pmf,stable,0.002
2024-10-12,wk flu hosp rate change,1,2024-10-19,US,pmf,increase,0.15
2024-10-12,wk flu hosp rate change,1,2024-10-19,US,pmf,large_increase,0.0
2024-10-12,wk flu hosp rate change,1,2024-10-19,US,pmf,decrease,0.0
2024-10-12,wk flu hosp rate change,1,2024-10-19,US,pmf,large_decrease,0.0
2024-10-12,wk flu hosp rate change,2,2024-10-26,US,pmf,stable,0.002
2024-10-12,wk flu hosp rate change,2,2024-10-26,US,pmf,increase,0.124
2024-10-12,wk flu hosp rate change,2,2024-10-26,US,pmf,large_increase,0.0
2024-10-12,wk flu hosp rate change,2,2024-10-26,US,pmf,decrease,0.0
2024-10-12,wk flu hosp rate change,2,2024-10-26,US,pmf,large_decrease,0.0
2024-10-12,wk flu hosp rate change,3,2024-11-02,US,pmf,stable,0.0
2024-10-12,wk flu hosp rate change,3,2024-11-02,US,pmf,increase,0.136
2024-10-12,wk flu hosp rate change,3,2024-11-02,US,pmf,large_increase,0.0
2024-10-12,wk flu hosp rate change,3,2024-11-02,US,pmf,decrease,0.0
2024-10-12,wk flu hosp rate change,3,2024-11-02,US,pmf,large_decrease,0.0
2024-10-12,wk flu hosp rate change,0,2024-10-12,01,pmf,stable,0.12
2024-10-12,wk flu hosp rate change,0,2024-10-12,01,pmf,increase,0.722
2024-10-12,wk flu hosp rate change,0,2024-10-12,01,pmf,large_increase,0.022
2024-10-12,wk flu hosp rate change,0,2024-10-12,01,pmf,decrease,0.0
2024-10-12,wk flu hosp rate change,0,2024-10-12,01,pmf,large_decrease,0.0
2024-10-12,wk flu hosp rate change,1,2024-10-19,01,pmf,stable,0.106
2024-10-12,wk flu hosp rate change,1,2024-10-19,01,pmf,increase,0.547
2024-10-12,wk flu hosp rate change,1,2024-10-19,01,pmf,large_increase,0.032
2024-10-12,wk flu hosp rate change,1,2024-10-19,01,pmf,decrease,0.0
2024-10-12,wk flu hosp rate change,1,2024-10-19,01,pmf,large_decrease,0.0
2024-10-12,wk flu hosp rate change,2,2024-10-26,01,pmf,stable,0.089
2024-10-12,wk flu hosp rate change,2,2024-10-26,01,pmf,increase,0.42
2024-10-12,wk flu hosp rate change,2,2024-10-26,01,pmf,large_increase,0.022
2024-10-12,wk flu hosp rate change,2,2024-10-26,01,pmf,decrease,0.0
2024-10-12,wk flu hosp rate change,2,2024-10-26,01,pmf,large_decrease,0.0
2024-10-12,wk flu hosp rate change,3,2024-11-02,01,pmf,stable,0.065
2024-10-12,wk flu hosp rate change,3,2024-11-02,01,pmf,increase,0.357
2024-10-12,wk flu hosp rate change,3,2024-11-02,01,pmf,large_increase,0.03
2024-10-12,wk flu hosp rate change,3,2024-11-02,01,pmf,decrease,0.0
2024-10-12,wk flu hosp rate change,3,2024-11-02,01,pmf,large_decrease,0.0
2024-10-12,wk flu hosp rate change,0,2024-10-12,02,pmf,stable,0.94
2024-10-12,wk flu hosp rate change,0,2024-10-12,02,pmf,increase,0.619
2024-10-12,wk flu hosp rate change,0,2024-10-12,02,pmf,large_increase,0.023
2024-10-12,wk flu hosp rate change,0,2024-10-12,02,pmf,decrease,0.0
2024-10-12,wk flu hosp rate change,0,2024-10-12,02,pmf,large_decrease,0.0
2024-10-12,wk flu hosp rate change,1,2024-10-19,02,pmf,stable,0.918
2024-10-12,wk flu hosp rate change,1,2024-10-19,02,pmf,increase,0.427
2024-10-12,wk flu hosp rate change,1,2024-10-19,02,pmf,large_increase,0.027
2024-10-12,wk flu hosp rate change,1,2024-10-19,02,pmf,decrease,0.0
2024-10-12,wk flu hosp rate change,1,2024-10-19,02,pmf,large_decrease,0.0
2024-10-12,wk flu hosp rate change,2,2024-10-26,02,pmf,stable,0.894
2024-10-12,wk flu hosp rate change,2,2024-10-26,02,pmf,increase,0.316
2024-10-12,wk flu hosp rate change,2,2024-10-26,02,pmf,large_increase,0.022
2024-10-12,wk flu hosp rate change,2,2024-10-26,02,pmf,decrease,0.0
2024-10-12,wk flu hosp rate change,2,2024-10-26,02,pmf,large_decrease,0.0
2024-10-12,wk flu hosp rate change,3,2024-11-02,02,pmf,stable,0.841
2024-10-12,wk flu hosp rate change,3,2024-11-02,02,pmf,increase,0.242
2024-10-12,wk flu hosp rate change,3,2024-11-02,02,pmf,large_increase,0.018
2024-10-12,wk flu hosp rate change,3,2024-11-02,02,pmf,decrease,0.0
2024-10-12,wk flu hosp rate change,3,2024-11-02,02,pmf,large_decrease,0.0
2024-10-12,wk flu hosp rate change,0,2024-10-12,04,pmf,stable,0.288
2024-10-12,wk flu hosp rate change,0,2024-10-12,04,pmf,increase,0.206
2024-10-12,wk flu hosp rate change,0,2024-10-12,04,pmf,large_increase,0.015
2024-10-12,wk flu hosp rate change,0,2024-10-12,04,pmf,decrease,0.2
2024-10-12,wk flu hosp rate change,0,2024-10-12,04,pmf,large_decrease,0.0
2024-10-12,wk flu hosp rate change,1,2024-10-19,04,pmf,stable,0.256
2024-10-12,wk flu hosp rate change,1,2024-10-19,04,pmf,increase,0.282
2024-10-12,wk flu hosp rate change,1,2024-10-19,04,pmf,large_increase,0.001
2024-10-12,wk flu hosp rate change,1,2024-10-19,04,pmf,decrease,0.087
2024-10-12,wk flu hosp rate change,1,2024-10-19,04,pmf,large_decrease,0.0
2024-10-12,wk flu hosp rate change,2,2024-10-26,04,pmf,stable,0.222
2024-10-12,wk flu hosp rate change,2,2024-10-26,04,pmf,increase,0.242
2024-10-12,wk flu hosp rate change,2,2024-10-26,04,pmf,large_increase,0.0
2024-10-12,wk flu hosp rate change,2,2024-10-26,04,pmf,decrease,0.0
2024-10-12,wk flu hosp rate change,2,2024-10-26,04,pmf,large_decrease,0.0
2024-10-12,wk flu hosp rate change,3,2024-11-02,04,pmf,stable,0.116
2024-10-12,wk flu hosp rate change,3,2024-11-02,04,pmf,increase,0.261
2024-10-12,wk flu hosp rate change,3,2024-11-02,04,pmf,large_increase,0.0
2024-10-12,wk flu hosp rate change,3,2024-11-02,04,pmf,decrease,0.0
2024-10-12,wk flu hosp rate change,3,2024-11-02,04,pmf,large_decrease,0.0
2024-10-12,wk flu hosp rate change,0,2024-10-12,05,pmf,stable,0.199
2024-10-12,wk flu hosp rate change,0,2024-10-12,05,pmf,increase,0.69
2024-10-12,wk flu hosp rate change,0,2024-10-12,05,pmf,large_increase,0.155
2024-10-12,wk flu hosp rate change,0,2024-10-12,05,pmf,decrease,0.0
2024-10-12,wk flu hosp rate change,0,2024-10-12,05,pmf,large_decrease,0.0
2024-10-12,wk flu hosp rate change,1,2024-10-19,05,pmf,stable,0.152
2024-10-12,wk flu hosp rate change,1,2024-10-19,05,pmf,increase,0.674
2024-10-12,wk flu hosp rate change,1,2024-10-19,05,pmf,large_increase,0.043
2024-10-12,wk flu hosp rate change,1,2024-10-19,05,pmf,decrease,0.0
2024-10-12,wk flu hosp rate change,1,2024-10-19,05,pmf,large_decrease,0.0
2024-10-12,wk flu hosp rate change,2,2024-10-26,05,pmf,stable,0.094
2024-10-12,wk flu hosp rate change,2,2024-10-26,05,pmf,increase,0.619
2024-10-12,wk flu hosp rate change,2,2024-10-26,05,pmf,large_increase,0.04
2024-10-12,wk flu hosp rate change,2,2024-10-26,05,pmf,decrease,0.0
2024-10-12,wk flu hosp rate change,2,2024-10-26,05,pmf,large_decrease,0.0
2024-10-12,wk flu hosp rate change,3,2024-11-02,05,pmf,stable,0.077
2024-10-12,wk flu hosp rate change,3,2024-11-02,05,pmf,increase,0.583
2024-10-12,wk flu hosp rate change,3,2024-11-02,05,pmf,large_increase,0.03
2024-10-12,wk flu hosp rate change,3,2024-11-02,05,pmf,decrease,0.0
2024-10-12,wk flu hosp rate change,3,2024-11-02,05,pmf,large_decrease,0.0
2024-10-12,wk flu hosp rate change,0,2024-10-12,06,pmf,stable,0.011
2024-10-12,wk flu hosp rate change,0,2024-10-12,06,pmf,increase,0.633
2024-10-12,wk flu hosp rate change,0,2024-10-12,06,pmf,large_increase,0.047
2024-10-12,wk flu hosp rate change,0,2024-10-12,06,pmf,decrease,0.0
2024-10-12,wk flu hosp rate change,0,2024-10-12,06,pmf,large_decrease,0.0
2024-10-12,wk flu hosp rate change,1,2024-10-19,06,pmf,stable,0.01
2024-10-12,wk flu hosp rate change,1,2024-10-19,06,pmf,increase,0.43
2024-10-12,wk flu hosp rate change,1,2024-10-19,06,pmf,large_increase,0.013
2024-10-12,wk flu hosp rate change,1,2024-10-19,06,pmf,decrease,0.0
2024-10-12,wk flu hosp rate change,1,2024-10-19,06,pmf,large_decrease,0.0
2024-10-12,wk flu hosp rate change,2,2024-10-26,06,pmf,stable,0.006
2024-10-12,wk flu hosp rate change,2,2024-10-26,06,pmf,increase,0.346
2024-10-12,wk flu hosp rate change,2,2024-10-26,06,pmf,large_increase,0.0
2024-10-12,wk flu hosp rate change,2,2024-10-26,06,pmf,decrease,0.0
2024-10-12,wk flu hosp rate change,2,2024-10-26,06,pmf,large_decrease,0.0
2024-10-12,wk flu hosp rate change,3,2024-11-02,06,pmf,stable,0.002
2024-10-12,wk flu hosp rate change,3,2024-11-02,06,pmf,increase,0.424
2024-10-12,wk flu hosp rate change,3,2024-11-02,06,pmf,large_increase,0.0
2024-10-12,wk flu hosp rate change,3,2024-11-02,06,pmf,decrease,0.0
2024-10-12,wk flu hosp rate change,3,2024-11-02,06,pmf,large_decrease,0.0
2024-10-12,wk flu hosp rate change,0,2024-10-12,08,pmf,stable,0.632
2024-10-12,wk flu hosp rate change,0,2024-10-12,08,pmf,increase,0.231
2024-10-12,wk flu hosp rate change,0,2024-10-12,08,pmf,large_increase,0.0
2024-10-12,wk flu hosp rate change,0,2024-10-12,08,pmf,decrease,0.0
2024-10-12,wk flu hosp rate change,0,2024-10-12,08,pmf,large_decrease,0.0
2024-10-12,wk flu hosp rate change,1,2024-10-19,08,pmf,stable,0.602
2024-10-12,wk flu hosp rate change,1,2024-10-19,08,pmf,increase,0.098
2024-10-12,wk flu hosp rate change,1,2024-10-19,08,pmf,large_increase,0.0
2024-10-12,wk flu hosp rate change,1,2024-10-19,08,pmf,decrease,0.0
2024-10-12,wk flu hosp rate change,1,2024-10-19,08,pmf,large_decrease,0.0
2024-10-12,wk flu hosp rate change,2,2024-10-26,08,pmf,stable,0.549
2024-10-12,wk flu hosp rate change,2,2024-10-26,08,pmf,increase,0.058
2024-10-12,wk flu hosp rate change,2,2024-10-26,08,pmf,large_increase,0.0
2024-10-12,wk flu hosp rate change,2,2024-10-26,08,pmf,decrease,0.0
2024-10-12,wk flu hosp rate change,2,2024-10-26,08,pmf,large_decrease,0.0
2024-10-12,wk flu hosp rate change,3,2024-11-02,08,pmf,stable,0.449
2024-10-12,wk flu hosp rate change,3,2024-11-02,08,pmf,increase,0.024
2024-10-12,wk flu hosp rate change,3,2024-11-02,08,pmf,large_increase,0.0
2024-10-12,wk flu hosp rate change,3,2024-11-02,08,pmf,decrease,0.0
2024-10-12,wk flu hosp rate change,3,2024-11-02,08,pmf,large_decrease,0.0
2024-10-12,wk flu hosp rate change,0,2024-10-12,09,pmf,stable,0.681
2024-10-12,wk flu hosp rate change,0,2024-10-12,09,pmf,increase,0.302
2024-10-12,wk flu hosp rate change,0,2024-10-12,09,pmf,large_increase,0.017
2024-10-12,wk flu hosp rate change,0,2024-10-12,09,pmf,decrease,0.0
2024-10-12,wk flu hosp rate change,0,2024-10-12,09,pmf,large_decrease,0.0
2024-10-12,wk flu hosp rate change,1,2024-10-19,09,pmf,stable,0.603
2024-10-12,wk flu hosp rate change,1,2024-10-19,09,pmf,increase,0.26
2024-10-12,wk flu hosp rate change,1,2024-10-19,09,pmf,large_increase,0.0
2024-10-12,wk flu hosp rate change,1,2024-10-19,09,pmf,decrease,0.0
2024-10-12,wk flu hosp rate change,1,2024-10-19,09,pmf,large_decrease,0.0
2024-10-12,wk flu hosp rate change,2,2024-10-26,09,pmf,stable,0.545
2024-10-12,wk flu hosp rate change,2,2024-10-26,09,pmf,increase,0.264
2024-10-12,wk flu hosp rate change,2,2024-10-26,09,pmf,large_increase,0.0
2024-10-12,wk flu hosp rate change,2,2024-10-26,09,pmf,decrease,0.0
2024-10-12,wk flu hosp rate change,2,2024-10-26,09,pmf,large_decrease,0.0
2024-10-12,wk flu hosp rate change,3,2024-11-02,09,pmf,stable,0.466
2024-10-12,wk flu hosp rate change,3,2024-11-02,09,pmf,increase,0.196
2024-10-12,wk flu hosp rate change,3,2024-11-02,09,pmf,large_increase,0.0
2024-10-12,wk flu hosp rate change,3,2024-11-02,09,pmf,decrease,0.0
2024-10-12,wk flu hosp rate change,3,2024-11-02,09,pmf,large_decrease,0.0
2024-10-12,wk flu hosp rate change,0,2024-10-12,10,pmf,stable,0.933
2024-10-12,wk flu hosp rate change,0,2024-10-12,10,pmf,increase,0.482
2024-10-12,wk flu hosp rate change,0,2024-10-12,10,pmf,large_increase,0.024
2024-10-12,wk flu hosp rate change,0,2024-10-12,10,pmf,decrease,0.0
2024-10-12,wk flu hosp rate change,0,2024-10-12,10,pmf,large_decrease,0.0
2024-10-12,wk flu hosp rate change,1,2024-10-19,10,pmf,stable,0.84
2024-10-12,wk flu hosp rate change,1,2024-10-19,10,pmf,increase,0.418
2024-10-12,wk flu hosp rate change,1,2024-10-19,10,pmf,large_increase,0.033
2024-10-12,wk flu hosp rate change,1,2024-10-19,10,pmf,decrease,0.0
2024-10-12,wk flu hosp rate change,1,2024-10-19,10,pmf,large_decrease,0.0
2024-10-12,wk flu hosp rate change,2,2024-10-26,10,pmf,stable,0.761
2024-10-12,wk flu hosp rate change,2,2024-10-26,10,pmf,increase,0.351
2024-10-12,wk flu hosp rate change,2,2024-10-26,10,pmf,large_increase,0.034
2024-10-12,wk flu hosp rate change,2,2024-10-26,10,pmf,decrease,0.0
2024-10-12,wk flu hosp rate change,2,2024-10-26,10,pmf,large_decrease,0.0
2024-10-12,wk flu hosp rate change,3,2024-11-02,10,pmf,stable,0.63
2024-10-12,wk flu hosp rate change,3,2024-11-02,10,pmf,increase,0.33
2024-10-12,wk flu hosp rate change,3,2024-11-02,10,pmf,large_increase,0.04
2024-10-12,wk flu hosp rate change,3,2024-11-02,10,pmf,decrease,0.0
2024-10-12,wk flu hosp rate change,3,2024-11-02,10,pmf,large_decrease,0.0
2024-10-12,wk flu hosp rate change,0,2024-10-12,11,pmf,stable,0.803
2024-10-12,wk flu hosp rate change,0,2024-10-12,11,pmf,increase,0.72
2024-10-12,wk flu hosp rate change,0,2024-10-12,11,pmf,large_increase,0.104
2024-10-12,wk flu hosp rate change,0,2024-10-12,11,pmf,decrease,0.0
2024-10-12,wk flu hosp rate change,0,2024-10-12,11,pmf,large_decrease,0.0
2024-10-12,wk flu hosp rate change,1,2024-10-19,11,pmf,stable,0.7
2024-10-12,wk flu hosp rate change,1,2024-10-19,11,pmf,increase,0.785
2024-10-12,wk flu hosp rate change,1,2024-10-19,11,pmf,large_increase,0.053
2024-10-12,wk flu hosp rate change,1,2024-10-19,11,pmf,decrease,0.0
2024-10-12,wk flu hosp rate change,1,2024-10-19,11,pmf,large_decrease,0.0
2024-10-12,wk flu hosp rate change,2,2024-10-26,11,pmf,stable,0.502
2024-10-12,wk flu hosp rate change,2,2024-10-26,11,pmf,increase,0.784
2024-10-12,wk flu hosp rate change,2,2024-10-26,11,pmf,large_increase,0.07
2024-10-12,wk flu hosp rate change,2,2024-10-26,11,pmf,decrease,0.0
2024-10-12,wk flu hosp rate change,2,2024-10-26,11,pmf,large_decrease,0.0
2024-10-12,wk flu hosp rate change,3,2024-11-02,11,pmf,stable,0.331
2024-10-12,wk flu hosp rate change,3,2024-11-02,11,pmf,increase,0.789
2024-10-12,wk flu hosp rate change,3,2024-11-02,11,pmf,large_increase,0.052
2024-10-12,wk flu hosp rate change,3,2024-11-02,11,pmf,decrease,0.0
2024-10-12,wk flu hosp rate change,3,2024-11-02,11,pmf,large_decrease,0.0
2024-10-12,wk flu hosp rate change,0,2024-10-12,12,pmf,stable,0.447
2024-10-12,wk flu hosp rate change,0,2024-10-12,12,pmf,increase,0.075
2024-10-12,wk flu hosp rate change,0,2024-10-12,12,pmf,large_increase,0.0
2024-10-12,wk flu hosp rate change,0,2024-10-12,12,pmf,decrease,0.0
2024-10-12,wk flu hosp rate change,0,2024-10-12,12,pmf,large_decrease,0.0
2024-10-12,wk flu hosp rate change,1,2024-10-19,12,pmf,stable,0.336
2024-10-12,wk flu hosp rate change,1,2024-10-19,12,pmf,increase,0.033
2024-10-12,wk flu hosp rate change,1,2024-10-19,12,pmf,large_increase,0.0
2024-10-12,wk flu hosp rate change,1,2024-10-19,12,pmf,decrease,0.0
2024-10-12,wk flu hosp rate change,1,2024-10-19,12,pmf,large_decrease,0.0
2024-10-12,wk flu hosp rate change,2,2024-10-26,12,pmf,stable,0.311
2024-10-12,wk flu hosp rate change,2,2024-10-26,12,pmf,increase,0.009
2024-10-12,wk flu hosp rate change,2,2024-10-26,12,pmf,large_increase,0.0
2024-10-12,wk flu hosp rate change,2,2024-10-26,12,pmf,decrease,0.0
2024-10-12,wk flu hosp rate change,2,2024-10-26,12,pmf,large_decrease,0.0
2024-10-12,wk flu hosp rate change,3,2024-11-02,12,pmf,stable,0.187
2024-10-12,wk flu hosp rate change,3,2024-11-02,12,pmf,increase,0.017
2024-10-12,wk flu hosp rate change,3,2024-11-02,12,pmf,large_increase,0.0
2024-10-12,wk flu hosp rate change,3,2024-11-02,12,pmf,decrease,0.0
2024-10-12,wk flu hosp rate change,3,2024-11-02,12,pmf,large_decrease,0.0
2024-10-12,wk flu hosp rate change,0,2024-10-12,13,pmf,stable,0.063
2024-10-12,wk flu hosp rate change,0,2024-10-12,13,pmf,increase,0.829
2024-10-12,wk flu hosp rate change,0,2024-10-12,13,pmf,large_increase,0.064
2024-10-12,wk flu hosp rate change,0,2024-10-12,13,pmf,decrease,0.0
2024-10-12,wk flu hosp rate change,0,2024-10-12,13,pmf,large_decrease,0.0
2024-10-12,wk flu hosp rate change,1,2024-10-19,13,pmf,stable,0.069
2024-10-12,wk flu hosp rate change,1,2024-10-19,13,pmf,increase,0.634
2024-10-12,wk flu hosp rate change,1,2024-10-19,13,pmf,large_increase,0.016
2024-10-12,wk flu hosp rate change,1,2024-10-19,13,pmf,decrease,0.0
2024-10-12,wk flu hosp rate change,1,2024-10-19,13,pmf,large_decrease,0.0
2024-10-12,wk flu hosp rate change,2,2024-10-26,13,pmf,stable,0.066
2024-10-12,wk flu hosp rate change,2,2024-10-26,13,pmf,increase,0.507
2024-10-12,wk flu hosp rate change,2,2024-10-26,13,pmf,large_increase,0.0
2024-10-12,wk flu hosp rate change,2,2024-10-26,13,pmf,decrease,0.0
2024-10-12,wk flu hosp rate change,2,2024-10-26,13,pmf,large_decrease,0.0
2024-10-12,wk flu hosp rate change,3,2024-11-02,13,pmf,stable,0.016
2024-10-12,wk flu hosp rate change,3,2024-11-02,13,pmf,increase,0.466
2024-10-12,wk flu hosp rate change,3,2024-11-02,13,pmf,large_increase,0.0
2024-10-12,wk flu hosp rate change,3,2024-11-02,13,pmf,decrease,0.0
2024-10-12,wk flu hosp rate change,3,2024-11-02,13,pmf,large_decrease,0.0
2024-10-12,wk flu hosp rate change,0,2024-10-12,15,pmf,stable,0.9
2024-10-12,wk flu hosp rate change,0,2024-10-12,15,pmf,increase,0.451
2024-10-12,wk flu hosp rate change,0,2024-10-12,15,pmf,large_increase,0.013
2024-10-12,wk flu hosp rate change,0,2024-10-12,15,pmf,decrease,0.0
2024-10-12,wk flu hosp rate change,0,2024-10-12,15,pmf,large_decrease,0.0
2024-10-12,wk flu hosp rate change,1,2024-10-19,15,pmf,stable,0.851
2024-10-12,wk flu hosp rate change,1,2024-10-19,15,pmf,increase,0.298
2024-10-12,wk flu hosp rate change,1,2024-10-19,15,pmf,large_increase,0.0
2024-10-12,wk flu hosp rate change,1,2024-10-19,15,pmf,decrease,0.0
2024-10-12,wk flu hosp rate change,1,2024-10-19,15,pmf,large_decrease,0.0
2024-10-12,wk flu hosp rate change,2,2024-10-26,15,pmf,stable,0.796
2024-10-12,wk flu hosp rate change,2,2024-10-26,15,pmf,increase,0.204
2024-10-12,wk flu hosp rate change,2,2024-10-26,15,pmf,large_increase,0.0
2024-10-12,wk flu hosp rate change,2,2024-10-26,15,pmf,decrease,0.0
2024-10-12,wk flu hosp rate change,2,2024-10-26,15,pmf,large_decrease,0.0
2024-10-12,wk flu hosp rate change,3,2024-11-02,15,pmf,stable,0.71
2024-10-12,wk flu hosp rate change,3,2024-11-02,15,pmf,increase,0.19
2024-10-12,wk flu hosp rate change,3,2024-11-02,15,pmf,large_increase,0.0
2024-10-12,wk flu hosp rate change,3,2024-11-02,15,pmf,decrease,0.0
2024-10-12,wk flu hosp rate change,3,2024-11-02,15,pmf,large_decrease,0.0
2024-10-12,wk flu hosp rate change,0,2024-10-12,16,pmf,stable,0.661
2024-10-12,wk flu hosp rate change,0,2024-10-12,16,pmf,increase,0.363
2024-10-12,wk flu hosp rate change,0,2024-10-12,16,pmf,large_increase,0.058
2024-10-12,wk flu hosp rate change,0,2024-10-12,16,pmf,decrease,0.0
2024-10-12,wk flu hosp rate change,0,2024-10-12,16,pmf,large_decrease,0.0
2024-10-12,wk flu hosp rate change,1,2024-10-19,16,pmf,stable,0.582
2024-10-12,wk flu hosp rate change,1,2024-10-19,16,pmf,increase,0.416
2024-10-12,wk flu hosp rate change,1,2024-10-19,16,pmf,large_increase,0.004
2024-10-12,wk flu hosp rate change,1,2024-10-19,16,pmf,decrease,0.0
2024-10-12,wk flu hosp rate change,1,2024-10-19,16,pmf,large_decrease,0.0
2024-10-12,wk flu hosp rate change,2,2024-10-26,16,pmf,stable,0.54
2024-10-12,wk flu hosp rate change,2,2024-10-26,16,pmf,increase,0.394
2024-10-12,wk flu hosp rate change,2,2024-10-26,16,pmf,large_increase,0.002
2024-10-12,wk flu hosp rate change,2,2024-10-26,16,pmf,decrease,0.0
2024-10-12,wk flu hosp rate change,2,2024-10-26,16,pmf,large_decrease,0.0
2024-10-12,wk flu hosp rate change,3,2024-11-02,16,pmf,stable,0.374
2024-10-12,wk flu hosp rate change,3,2024-11-02,16,pmf,increase,0.426
2024-10-12,wk flu hosp rate change,3,2024-11-02,16,pmf,large_increase,0.009
2024-10-12,wk flu hosp rate change,3,2024-11-02,16,pmf,decrease,0.0
2024-10-12,wk flu hosp rate change,3,2024-11-02,16,pmf,large_decrease,0.0
2024-10-12,wk flu hosp rate change,0,2024-10-12,17,pmf,stable,0.18
2024-10-12,wk flu hosp rate change,0,2024-10-12,17,pmf,increase,0.525
2024-10-12,wk flu hosp rate change,0,2024-10-12,17,pmf,large_increase,0.0
2024-10-12,wk flu hosp rate change,0,2024-10-12,17,pmf,decrease,0.0
2024-10-12,wk flu hosp rate change,0,2024-10-12,17,pmf,large_decrease,0.0
2024-10-12,wk flu hosp rate change,1,2024-10-19,17,pmf,stable,0.115
2024-10-12,wk flu hosp rate change,1,2024-10-19,17,pmf,increase,0.385
2024-10-12,wk flu hosp rate change,1,2024-10-19,17,pmf,large_increase,0.0
2024-10-12,wk flu hosp rate change,1,2024-10-19,17,pmf,decrease,0.0
2024-10-12,wk flu hosp rate change,1,2024-10-19,17,pmf,large_decrease,0.0
2024-10-12,wk flu hosp rate change,2,2024-10-26,17,pmf,stable,0.076
2024-10-12,wk flu hosp rate change,2,2024-10-26,17,pmf,increase,0.335
2024-10-12,wk flu hosp rate change,2,2024-10-26,17,pmf,large_increase,0.0
2024-10-12,wk flu hosp rate change,2,2024-10-26,17,pmf,decrease,0.0
2024-10-12,wk flu hosp rate change,2,2024-10-26,17,pmf,large_decrease,0.0
2024-10-12,wk flu hosp rate change,3,2024-11-02,17,pmf,stable,0.03
2024-10-12,wk flu hosp rate change,3,2024-11-02,17,pmf,increase,0.383
2024-10-12,wk flu hosp rate change,3,2024-11-02,17,pmf,large_increase,0.0
2024-10-12,wk flu hosp rate change,3,2024-11-02,17,pmf,decrease,0.0
2024-10-12,wk flu hosp rate change,3,2024-11-02,17,pmf,large_decrease,0.0
2024-10-12,wk flu hosp rate change,0,2024-10-12,18,pmf,stable,0.179
2024-10-12,wk flu hosp rate change,0,2024-10-12,18,pmf,increase,0.747
2024-10-12,wk flu hosp rate change,0,2024-10-12,18,pmf,large_increase,0.062
2024-10-12,wk flu hosp rate change,0,2024-10-12,18,pmf,decrease,0.0
2024-10-12,wk flu hosp rate change,0,2024-10-12,18,pmf,large_decrease,0.0
2024-10-12,wk flu hosp rate change,1,2024-10-19,18,pmf,stable,0.121
2024-10-12,wk flu hosp rate change,1,2024-10-19,18,pmf,increase,0.68
2024-10-12,wk flu hosp rate change,1,2024-10-19,18,pmf,large_increase,0.046
2024-10-12,wk flu hosp rate change,1,2024-10-19,18,pmf,decrease,0.0
2024-10-12,wk flu hosp rate change,1,2024-10-19,18,pmf,large_decrease,0.0
2024-10-12,wk flu hosp rate change,2,2024-10-26,18,pmf,stable,0.082
2024-10-12,wk flu hosp rate change,2,2024-10-26,18,pmf,increase,0.64
2024-10-12,wk flu hosp rate change,2,2024-10-26,18,pmf,large_increase,0.057
2024-10-12,wk flu hosp rate change,2,2024-10-26,18,pmf,decrease,0.0
2024-10-12,wk flu hosp rate change,2,2024-10-26,18,pmf,large_decrease,0.0
2024-10-12,wk flu hosp rate change,3,2024-11-02,18,pmf,stable,0.027
2024-10-12,wk flu hosp rate change,3,2024-11-02,18,pmf,increase,0.687
2024-10-12,wk flu hosp rate change,3,2024-11-02,18,pmf,large_increase,0.072
2024-10-12,wk flu hosp rate change,3,2024-11-02,18,pmf,decrease,0.0
2024-10-12,wk flu hosp rate change,3,2024-11-02,18,pmf,large_decrease,0.0
2024-10-12,wk flu hosp rate change,0,2024-10-12,19,pmf,stable,0.342
2024-10-12,wk flu hosp rate change,0,2024-10-12,19,pmf,increase,0.61
2024-10-12,wk flu hosp rate change,0,2024-10-12,19,pmf,large_increase,0.066
2024-10-12,wk flu hosp rate change,0,2024-10-12,19,pmf,decrease,0.0
2024-10-12,wk flu hosp rate change,0,2024-10-12,19,pmf,large_decrease,0.0
2024-10-12,wk flu hosp rate change,1,2024-10-19,19,pmf,stable,0.403
2024-10-12,wk flu hosp rate change,1,2024-10-19,19,pmf,increase,0.508
2024-10-12,wk flu hosp rate change,1,2024-10-19,19,pmf,large_increase,0.025
2024-10-12,wk flu hosp rate change,1,2024-10-19,19,pmf,decrease,0.0
2024-10-12,wk flu hosp rate change,1,2024-10-19,19,pmf,large_decrease,0.0
2024-10-12,wk flu hosp rate change,2,2024-10-26,19,pmf,stable,0.4
2024-10-12,wk flu hosp rate change,2,2024-10-26,19,pmf,increase,0.375
2024-10-12,wk flu hosp rate change,2,2024-10-26,19,pmf,large_increase,0.018
2024-10-12,wk flu hosp rate change,2,2024-10-26,19,pmf,decrease,0.0
2024-10-12,wk flu hosp rate change,2,2024-10-26,19,pmf,large_decrease,0.0
2024-10-12,wk flu hosp rate change,3,2024-11-02,19,pmf,stable,0.198
2024-10-12,wk flu hosp rate change,3,2024-11-02,19,pmf,increase,0.403
2024-10-12,wk flu hosp rate change,3,2024-11-02,19,pmf,large_increase,0.018
2024-10-12,wk flu hosp rate change,3,2024-11-02,19,pmf,decrease,0.0
2024-10-12,wk flu hosp rate change,3,2024-11-02,19,pmf,large_decrease,0.0
2024-10-12,wk flu hosp rate change,0,2024-10-12,20,pmf,stable,0.207
2024-10-12,wk flu hosp rate change,0,2024-10-12,20,pmf,increase,0.694
2024-10-12,wk flu hosp rate change,0,2024-10-12,20,pmf,large_increase,0.11
2024-10-12,wk flu hosp rate change,0,2024-10-12,20,pmf,decrease,0.0
2024-10-12,wk flu hosp rate change,0,2024-10-12,20,pmf,large_decrease,0.0
2024-10-12,wk flu hosp rate change,1,2024-10-19,20,pmf,stable,0.212
2024-10-12,wk flu hosp rate change,1,2024-10-19,20,pmf,increase,0.631
2024-10-12,wk flu hosp rate change,1,2024-10-19,20,pmf,large_increase,0.057
2024-10-12,wk flu hosp rate change,1,2024-10-19,20,pmf,decrease,0.0
2024-10-12,wk flu hosp rate change,1,2024-10-19,20,pmf,large_decrease,0.0
2024-10-12,wk flu hosp rate change,2,2024-10-26,20,pmf,stable,0.21
2024-10-12,wk flu hosp rate change,2,2024-10-26,20,pmf,increase,0.488
2024-10-12,wk flu hosp rate change,2,2024-10-26,20,pmf,large_increase,0.048
2024-10-12,wk flu hosp rate change,2,2024-10-26,20,pmf,decrease,0.0
2024-10-12,wk flu hosp rate change,2,2024-10-26,20,pmf,large_decrease,0.0
2024-10-12,wk flu hosp rate change,3,2024-11-02,20,pmf,stable,0.133
2024-10-12,wk flu hosp rate change,3,2024-11-02,20,pmf,increase,0.629
2024-10-12,wk flu hosp rate change,3,2024-11-02,20,pmf,large_increase,0.059
2024-10-12,wk flu hosp rate change,3,2024-11-02,20,pmf,decrease,0.0
2024-10-12,wk flu hosp rate change,3,2024-11-02,20,pmf,large_decrease,0.0
2024-10-12,wk flu hosp rate change,0,2024-10-12,21,pmf,stable,0.528
2024-10-12,wk flu hosp rate change,0,2024-10-12,21,pmf,increase,0.375
2024-10-12,wk flu hosp rate change,0,2024-10-12,21,pmf,large_increase,0.023
2024-10-12,wk flu hosp rate change,0,2024-10-12,21,pmf,decrease,0.0
2024-10-12,wk flu hosp rate change,0,2024-10-12,21,pmf,large_decrease,0.0
2024-10-12,wk flu hosp rate change,1,2024-10-19,21,pmf,stable,0.411
2024-10-12,wk flu hosp rate change,1,2024-10-19,21,pmf,increase,0.309
2024-10-12,wk flu hosp rate change,1,2024-10-19,21,pmf,large_increase,0.011
2024-10-12,wk flu hosp rate change,1,2024-10-19,21,pmf,decrease,0.0
2024-10-12,wk flu hosp rate change,1,2024-10-19,21,pmf,large_decrease,0.0
2024-10-12,wk flu hosp rate change,2,2024-10-26,21,pmf,stable,0.366
2024-10-12,wk flu hosp rate change,2,2024-10-26,21,pmf,increase,0.271
2024-10-12,wk flu hosp rate change,2,2024-10-26,21,pmf,large_increase,0.004
2024-10-12,wk flu hosp rate change,2,2024-10-26,21,pmf,decrease,0.0
2024-10-12,wk flu hosp rate change,2,2024-10-26,21,pmf,large_decrease,0.0
2024-10-12,wk flu hosp rate change,3,2024-11-02,21,pmf,stable,0.225
2024-10-12,wk flu hosp rate change,3,2024-11-02,21,pmf,increase,0.251
2024-10-12,wk flu hosp rate change,3,2024-11-02,21,pmf,large_increase,0.008
2024-10-12,wk flu hosp rate change,3,2024-11-02,21,pmf,decrease,0.0
2024-10-12,wk flu hosp rate change,3,2024-11-02,21,pmf,large_decrease,0.0
2024-10-12,wk flu hosp rate change,0,2024-10-12,22,pmf,stable,0.708
2024-10-12,wk flu hosp rate change,0,2024-10-12,22,pmf,increase,0.178
2024-10-12,wk flu hosp rate change,0,2024-10-12,22,pmf,large_increase,0.0
2024-10-12,wk flu hosp rate change,0,2024-10-12,22,pmf,decrease,0.0
2024-10-12,wk flu hosp rate change,0,2024-10-12,22,pmf,large_decrease,0.0
2024-10-12,wk flu hosp rate change,1,2024-10-19,22,pmf,stable,0.59
2024-10-12,wk flu hosp rate change,1,2024-10-19,22,pmf,increase,0.131
2024-10-12,wk flu hosp rate change,1,2024-10-19,22,pmf,large_increase,0.0
2024-10-12,wk flu hosp rate change,1,2024-10-19,22,pmf,decrease,0.0
2024-10-12,wk flu hosp rate change,1,2024-10-19,22,pmf,large_decrease,0.0
2024-10-12,wk flu hosp rate change,2,2024-10-26,22,pmf,stable,0.528
2024-10-12,wk flu hosp rate change,2,2024-10-26,22,pmf,increase,0.101
2024-10-12,wk flu hosp rate change,2,2024-10-26,22,pmf,large_increase,0.001
2024-10-12,wk flu hosp rate change,2,2024-10-26,22,pmf,decrease,0.0
2024-10-12,wk flu hosp rate change,2,2024-10-26,22,pmf,large_decrease,0.0
2024-10-12,wk flu hosp rate change,3,2024-11-02,22,pmf,stable,0.48
2024-10-12,wk flu hosp rate change,3,2024-11-02,22,pmf,increase,0.108
2024-10-12,wk flu hosp rate change,3,2024-11-02,22,pmf,large_increase,0.0
2024-10-12,wk flu hosp rate change,3,2024-11-02,22,pmf,decrease,0.0
2024-10-12,wk flu hosp rate change,3,2024-11-02,22,pmf,large_decrease,0.0
2024-10-12,wk flu hosp rate change,0,2024-10-12,23,pmf,stable,0.896
2024-10-12,wk flu hosp rate change,0,2024-10-12,23,pmf,increase,0.435
2024-10-12,wk flu hosp rate change,0,2024-10-12,23,pmf,large_increase,0.0
2024-10-12,wk flu hosp rate change,0,2024-10-12,23,pmf,decrease,0.0
2024-10-12,wk flu hosp rate change,0,2024-10-12,23,pmf,large_decrease,0.0
2024-10-12,wk flu hosp rate change,1,2024-10-19,23,pmf,stable,0.876
2024-10-12,wk flu hosp rate change,1,2024-10-19,23,pmf,increase,0.314
2024-10-12,wk flu hosp rate change,1,2024-10-19,23,pmf,large_increase,0.0
2024-10-12,wk flu hosp rate change,1,2024-10-19,23,pmf,decrease,0.0
2024-10-12,wk flu hosp rate change,1,2024-10-19,23,pmf,large_decrease,0.0
2024-10-12,wk flu hosp rate change,2,2024-10-26,23,pmf,stable,0.822
2024-10-12,wk flu hosp rate change,2,2024-10-26,23,pmf,increase,0.189
2024-10-12,wk flu hosp rate change,2,2024-10-26,23,pmf,large_increase,0.0
2024-10-12,wk flu hosp rate change,2,2024-10-26,23,pmf,decrease,0.0
2024-10-12,wk flu hosp rate change,2,2024-10-26,23,pmf,large_decrease,0.0
2024-10-12,wk flu hosp rate change,3,2024-11-02,23,pmf,stable,0.778
2024-10-12,wk flu hosp rate change,3,2024-11-02,23,pmf,increase,0.148
2024-10-12,wk flu hosp rate change,3,2024-11-02,23,pmf,large_increase,0.0
2024-10-12,wk flu hosp rate change,3,2024-11-02,23,pmf,decrease,0.0
2024-10-12,wk flu hosp rate change,3,2024-11-02,23,pmf,large_decrease,0.0
2024-10-12,wk flu hosp rate change,0,2024-10-12,24,pmf,stable,0.471
2024-10-12,wk flu hosp rate change,0,2024-10-12,24,pmf,increase,0.348
2024-10-12,wk flu hosp rate change,0,2024-10-12,24,pmf,large_increase,0.003
2024-10-12,wk flu hosp rate change,0,2024-10-12,24,pmf,decrease,0.0
2024-10-12,wk flu hosp rate change,0,2024-10-12,24,pmf,large_decrease,0.0
2024-10-12,wk flu hosp rate change,1,2024-10-19,24,pmf,stable,0.231
2024-10-12,wk flu hosp rate change,1,2024-10-19,24,pmf,increase,0.335
2024-10-12,wk flu hosp rate change,1,2024-10-19,24,pmf,large_increase,0.0
2024-10-12,wk flu hosp rate change,1,2024-10-19,24,pmf,decrease,0.0
2024-10-12,wk flu hosp rate change,1,2024-10-19,24,pmf,large_decrease,0.0
2024-10-12,wk flu hosp rate change,2,2024-10-26,24,pmf,stable,0.131
2024-10-12,wk flu hosp rate change,2,2024-10-26,24,pmf,increase,0.302
2024-10-12,wk flu hosp rate change,2,2024-10-26,24,pmf,large_increase,0.001
2024-10-12,wk flu hosp rate change,2,2024-10-26,24,pmf,decrease,0.0
2024-10-12,wk flu hosp rate change,2,2024-10-26,24,pmf,large_decrease,0.0
2024-10-12,wk flu hosp rate change,3,2024-11-02,24,pmf,stable,0.102
2024-10-12,wk flu hosp rate change,3,2024-11-02,24,pmf,increase,0.25
2024-10-12,wk flu hosp rate change,3,2024-11-02,24,pmf,large_increase,0.001
2024-10-12,wk flu hosp rate change,3,2024-11-02,24,pmf,decrease,0.0
2024-10-12,wk flu hosp rate change,3,2024-11-02,24,pmf,large_decrease,0.0
2024-10-12,wk flu hosp rate change,0,2024-10-12,25,pmf,stable,0.626
2024-10-12,wk flu hosp rate change,0,2024-10-12,25,pmf,increase,0.113
2024-10-12,wk flu hosp rate change,0,2024-10-12,25,pmf,large_increase,0.0
2024-10-12,wk flu hosp rate change,0,2024-10-12,25,pmf,decrease,0.0
2024-10-12,wk flu hosp rate change,0,2024-10-12,25,pmf,large_decrease,0.0
2024-10-12,wk flu hosp rate change,1,2024-10-19,25,pmf,stable,0.414
2024-10-12,wk flu hosp rate change,1,2024-10-19,25,pmf,increase,0.047
2024-10-12,wk flu hosp rate change,1,2024-10-19,25,pmf,large_increase,0.0
2024-10-12,wk flu hosp rate change,1,2024-10-19,25,pmf,decrease,0.0
2024-10-12,wk flu hosp rate change,1,2024-10-19,25,pmf,large_decrease,0.0
2024-10-12,wk flu hosp rate change,2,2024-10-26,25,pmf,stable,0.348
2024-10-12,wk flu hosp rate change,2,2024-10-26,25,pmf,increase,0.028
2024-10-12,wk flu hosp rate change,2,2024-10-26,25,pmf,large_increase,0.0
2024-10-12,wk flu hosp rate change,2,2024-10-26,25,pmf,decrease,0.0
2024-10-12,wk flu hosp rate change,2,2024-10-26,25,pmf,large_decrease,0.0
2024-10-12,wk flu hosp rate change,3,2024-11-02,25,pmf,stable,0.266
2024-10-12,wk flu hosp rate change,3,2024-11-02,25,pmf,increase,0.019
2024-10-12,wk flu hosp rate change,3,2024-11-02,25,pmf,large_increase,0.0
2024-10-12,wk flu hosp rate change,3,2024-11-02,25,pmf,decrease,0.0
2024-10-12,wk flu hosp rate change,3,2024-11-02,25,pmf,large_decrease,0.0
2024-10-12,wk flu hosp rate change,0,2024-10-12,26,pmf,stable,0.221
2024-10-12,wk flu hosp rate change,0,2024-10-12,26,pmf,increase,0.229
2024-10-12,wk flu hosp rate change,0,2024-10-12,26,pmf,large_increase,0.023
2024-10-12,wk flu hosp rate change,0,2024-10-12,26,pmf,decrease,0.0
2024-10-12,wk flu hosp rate change,0,2024-10-12,26,pmf,large_decrease,0.0
2024-10-12,wk flu hosp rate change,1,2024-10-19,26,pmf,stable,0.213
2024-10-12,wk flu hosp rate change,1,2024-10-19,26,pmf,increase,0.191
2024-10-12,wk flu hosp rate change,1,2024-10-19,26,pmf,large_increase,0.035
2024-10-12,wk flu hosp rate change,1,2024-10-19,26,pmf,decrease,0.0
2024-10-12,wk flu hosp rate change,1,2024-10-19,26,pmf,large_decrease,0.0
2024-10-12,wk flu hosp rate change,2,2024-10-26,26,pmf,stable,0.161
2024-10-12,wk flu hosp rate change,2,2024-10-26,26,pmf,increase,0.144
2024-10-12,wk flu hosp rate change,2,2024-10-26,26,pmf,large_increase,0.057
2024-10-12,wk flu hosp rate change,2,2024-10-26,26,pmf,decrease,0.0
2024-10-12,wk flu hosp rate change,2,2024-10-26,26,pmf,large_decrease,0.0
2024-10-12,wk flu hosp rate change,3,2024-11-02,26,pmf,stable,0.164
2024-10-12,wk flu hosp rate change,3,2024-11-02,26,pmf,increase,0.127
2024-10-12,wk flu hosp rate change,3,2024-11-02,26,pmf,large_increase,0.054
2024-10-12,wk flu hosp rate change,3,2024-11-02,26,pmf,decrease,0.0
2024-10-12,wk flu hosp rate change,3,2024-11-02,26,pmf,large_decrease,0.0
2024-10-12,wk flu hosp rate change,0,2024-10-12,27,pmf,stable,0.508
2024-10-12,wk flu hosp rate change,0,2024-10-12,27,pmf,increase,0.439
2024-10-12,wk flu hosp rate change,0,2024-10-12,27,pmf,large_increase,0.015
2024-10-12,wk flu hosp rate change,0,2024-10-12,27,pmf,decrease,0.0
2024-10-12,wk flu hosp rate change,0,2024-10-12,27,pmf,large_decrease,0.0
2024-10-12,wk flu hosp rate change,1,2024-10-19,27,pmf,stable,0.422
2024-10-12,wk flu hosp rate change,1,2024-10-19,27,pmf,increase,0.31
2024-10-12,wk flu hosp rate change,1,2024-10-19,27,pmf,large_increase,0.0
2024-10-12,wk flu hosp rate change,1,2024-10-19,27,pmf,decrease,0.0
2024-10-12,wk flu hosp rate change,1,2024-10-19,27,pmf,large_decrease,0.0
2024-10-12,wk flu hosp rate change,2,2024-10-26,27,pmf,stable,0.372
2024-10-12,wk flu hosp rate change,2,2024-10-26,27,pmf,increase,0.24
2024-10-12,wk flu hosp rate change,2,2024-10-26,27,pmf,large_increase,0.0
2024-10-12,wk flu hosp rate change,2,2024-10-26,27,pmf,decrease,0.0
2024-10-12,wk flu hosp rate change,2,2024-10-26,27,pmf,large_decrease,0.0
2024-10-12,wk flu hosp rate change,3,2024-11-02,27,pmf,stable,0.29
2024-10-12,wk flu hosp rate change,3,2024-11-02,27,pmf,increase,0.212
2024-10-12,wk flu hosp rate change,3,2024-11-02,27,pmf,large_increase,0.0
2024-10-12,wk flu hosp rate change,3,2024-11-02,27,pmf,decrease,0.0
2024-10-12,wk flu hosp rate change,3,2024-11-02,27,pmf,large_decrease,0.0
2024-10-12,wk flu hosp rate change,0,2024-10-12,28,pmf,stable,0.324
2024-10-12,wk flu hosp rate change,0,2024-10-12,28,pmf,increase,0.626
2024-10-12,wk flu hosp rate change,0,2024-10-12,28,pmf,large_increase,0.025
2024-10-12,wk flu hosp rate change,0,2024-10-12,28,pmf,decrease,0.061
2024-10-12,wk flu hosp rate change,0,2024-10-12,28,pmf,large_decrease,0.0
2024-10-12,wk flu hosp rate change,1,2024-10-19,28,pmf,stable,0.24
2024-10-12,wk flu hosp rate change,1,2024-10-19,28,pmf,increase,0.643
2024-10-12,wk flu hosp rate change,1,2024-10-19,28,pmf,large_increase,0.008
2024-10-12,wk flu hosp rate change,1,2024-10-19,28,pmf,decrease,0.0
2024-10-12,wk flu hosp rate change,1,2024-10-19,28,pmf,large_decrease,0.0
2024-10-12,wk flu hosp rate change,2,2024-10-26,28,pmf,stable,0.193
2024-10-12,wk flu hosp rate change,2,2024-10-26,28,pmf,increase,0.56
2024-10-12,wk flu hosp rate change,2,2024-10-26,28,pmf,large_increase,0.001
2024-10-12,wk flu hosp rate change,2,2024-10-26,28,pmf,decrease,0.0
2024-10-12,wk flu hosp rate change,2,2024-10-26,28,pmf,large_decrease,0.0
2024-10-12,wk flu hosp rate change,3,2024-11-02,28,pmf,stable,0.124
2024-10-12,wk flu hosp rate change,3,2024-11-02,28,pmf,increase,0.52
2024-10-12,wk flu hosp rate change,3,2024-11-02,28,pmf,large_increase,0.003
2024-10-12,wk flu hosp rate change,3,2024-11-02,28,pmf,decrease,0.0
2024-10-12,wk flu hosp rate change,3,2024-11-02,28,pmf,large_decrease,0.0
2024-10-12,wk flu hosp rate change,0,2024-10-12,29,pmf,stable,0.536
2024-10-12,wk flu hosp rate change,0,2024-10-12,29,pmf,increase,0.39
2024-10-12,wk flu hosp rate change,0,2024-10-12,29,pmf,large_increase,0.023
2024-10-12,wk flu hosp rate change,0,2024-10-12,29,pmf,decrease,0.0
2024-10-12,wk flu hosp rate change,0,2024-10-12,29,pmf,large_decrease,0.0
2024-10-12,wk flu hosp rate change,1,2024-10-19,29,pmf,stable,0.494
2024-10-12,wk flu hosp rate change,1,2024-10-19,29,pmf,increase,0.301
2024-10-12,wk flu hosp rate change,1,2024-10-19,29,pmf,large_increase,0.003
2024-10-12,wk flu hosp rate change,1,2024-10-19,29,pmf,decrease,0.0
2024-10-12,wk flu hosp rate change,1,2024-10-19,29,pmf,large_decrease,0.0
2024-10-12,wk flu hosp rate change,2,2024-10-26,29,pmf,stable,0.438
2024-10-12,wk flu hosp rate change,2,2024-10-26,29,pmf,increase,0.288
2024-10-12,wk flu hosp rate change,2,2024-10-26,29,pmf,large_increase,0.003
2024-10-12,wk flu hosp rate change,2,2024-10-26,29,pmf,decrease,0.0
2024-10-12,wk flu hosp rate change,2,2024-10-26,29,pmf,large_decrease,0.0
2024-10-12,wk flu hosp rate change,3,2024-11-02,29,pmf,stable,0.277
2024-10-12,wk flu hosp rate change,3,2024-11-02,29,pmf,increase,0.283
2024-10-12,wk flu hosp rate change,3,2024-11-02,29,pmf,large_increase,0.003
2024-10-12,wk flu hosp rate change,3,2024-11-02,29,pmf,decrease,0.0
2024-10-12,wk flu hosp rate change,3,2024-11-02,29,pmf,large_decrease,0.0
2024-10-12,wk flu hosp rate change,0,2024-10-12,30,pmf,stable,0.945
2024-10-12,wk flu hosp rate change,0,2024-10-12,30,pmf,increase,0.313
2024-10-12,wk flu hosp rate change,0,2024-10-12,30,pmf,large_increase,0.0
2024-10-12,wk flu hosp rate change,0,2024-10-12,30,pmf,decrease,0.0
2024-10-12,wk flu hosp rate change,0,2024-10-12,30,pmf,large_decrease,0.0
2024-10-12,wk flu hosp rate change,1,2024-10-19,30,pmf,stable,0.928
2024-10-12,wk flu hosp rate change,1,2024-10-19,30,pmf,increase,0.146
2024-10-12,wk flu hosp rate change,1,2024-10-19,30,pmf,large_increase,0.0
2024-10-12,wk flu hosp rate change,1,2024-10-19,30,pmf,decrease,0.0
2024-10-12,wk flu hosp rate change,1,2024-10-19,30,pmf,large_decrease,0.0
2024-10-12,wk flu hosp rate change,2,2024-10-26,30,pmf,stable,0.912
2024-10-12,wk flu hosp rate change,2,2024-10-26,30,pmf,increase,0.128
2024-10-12,wk flu hosp rate change,2,2024-10-26,30,pmf,large_increase,0.0
2024-10-12,wk flu hosp rate change,2,2024-10-26,30,pmf,decrease,0.0
2024-10-12,wk flu hosp rate change,2,2024-10-26,30,pmf,large_decrease,0.0
2024-10-12,wk flu hosp rate change,3,2024-11-02,30,pmf,stable,0.882
2024-10-12,wk flu hosp rate change,3,2024-11-02,30,pmf,increase,0.109
2024-10-12,wk flu hosp rate change,3,2024-11-02,30,pmf,large_increase,0.0
2024-10-12,wk flu hosp rate change,3,2024-11-02,30,pmf,decrease,0.0
2024-10-12,wk flu hosp rate change,3,2024-11-02,30,pmf,large_decrease,0.0
2024-10-12,wk flu hosp rate change,0,2024-10-12,31,pmf,stable,0.381
2024-10-12,wk flu hosp rate change,0,2024-10-12,31,pmf,increase,0.568
2024-10-12,wk flu hosp rate change,0,2024-10-12,31,pmf,large_increase,0.17
2024-10-12,wk flu hosp rate change,0,2024-10-12,31,pmf,decrease,0.0
2024-10-12,wk flu hosp rate change,0,2024-10-12,31,pmf,large_decrease,0.0
2024-10-12,wk flu hosp rate change,1,2024-10-19,31,pmf,stable,0.363
2024-10-12,wk flu hosp rate change,1,2024-10-19,31,pmf,increase,0.602
2024-10-12,wk flu hosp rate change,1,2024-10-19,31,pmf,large_increase,0.037
2024-10-12,wk flu hosp rate change,1,2024-10-19,31,pmf,decrease,0.0
2024-10-12,wk flu hosp rate change,1,2024-10-19,31,pmf,large_decrease,0.0
2024-10-12,wk flu hosp rate change,2,2024-10-26,31,pmf,stable,0.387
2024-10-12,wk flu hosp rate change,2,2024-10-26,31,pmf,increase,0.523
2024-10-12,wk flu hosp rate change,2,2024-10-26,31,pmf,large_increase,0.027
2024-10-12,wk flu hosp rate change,2,2024-10-26,31,pmf,decrease,0.0
2024-10-12,wk flu hosp rate change,2,2024-10-26,31,pmf,large_decrease,0.0
2024-10-12,wk flu hosp rate change,3,2024-11-02,31,pmf,stable,0.286
2024-10-12,wk flu hosp rate change,3,2024-11-02,31,pmf,increase,0.419
2024-10-12,wk flu hosp rate change,3,2024-11-02,31,pmf,large_increase,0.026
2024-10-12,wk flu hosp rate change,3,2024-11-02,31,pmf,decrease,0.0
2024-10-12,wk flu hosp rate change,3,2024-11-02,31,pmf,large_decrease,0.0
2024-10-12,wk flu hosp rate change,0,2024-10-12,32,pmf,stable,0.69
2024-10-12,wk flu hosp rate change,0,2024-10-12,32,pmf,increase,0.267
2024-10-12,wk flu hosp rate change,0,2024-10-12,32,pmf,large_increase,0.044
2024-10-12,wk flu hosp rate change,0,2024-10-12,32,pmf,decrease,0.0
2024-10-12,wk flu hosp rate change,0,2024-10-12,32,pmf,large_decrease,0.0
2024-10-12,wk flu hosp rate change,1,2024-10-19,32,pmf,stable,0.621
2024-10-12,wk flu hosp rate change,1,2024-10-19,32,pmf,increase,0.276
2024-10-12,wk flu hosp rate change,1,2024-10-19,32,pmf,large_increase,0.0
2024-10-12,wk flu hosp rate change,1,2024-10-19,32,pmf,decrease,0.0
2024-10-12,wk flu hosp rate change,1,2024-10-19,32,pmf,large_decrease,0.0
2024-10-12,wk flu hosp rate change,2,2024-10-26,32,pmf,stable,0.559
2024-10-12,wk flu hosp rate change,2,2024-10-26,32,pmf,increase,0.24
2024-10-12,wk flu hosp rate change,2,2024-10-26,32,pmf,large_increase,0.0
2024-10-12,wk flu hosp rate change,2,2024-10-26,32,pmf,decrease,0.0
2024-10-12,wk flu hosp rate change,2,2024-10-26,32,pmf,large_decrease,0.0
2024-10-12,wk flu hosp rate change,3,2024-11-02,32,pmf,stable,0.392
2024-10-12,wk flu hosp rate change,3,2024-11-02,32,pmf,increase,0.235
2024-10-12,wk flu hosp rate change,3,2024-11-02,32,pmf,large_increase,0.0
2024-10-12,wk flu hosp rate change,3,2024-11-02,32,pmf,decrease,0.0
2024-10-12,wk flu hosp rate change,3,2024-11-02,32,pmf,large_decrease,0.0
2024-10-12,wk flu hosp rate change,0,2024-10-12,33,pmf,stable,0.966
2024-10-12,wk flu hosp rate change,0,2024-10-12,33,pmf,increase,0.193
2024-10-12,wk flu hosp rate change,0,2024-10-12,33,pmf,large_increase,0.019
2024-10-12,wk flu hosp rate change,0,2024-10-12,33,pmf,decrease,0.0
2024-10-12,wk flu hosp rate change,0,2024-10-12,33,pmf,large_decrease,0.0
2024-10-12,wk flu hosp rate change,1,2024-10-19,33,pmf,stable,0.939
2024-10-12,wk flu hosp rate change,1,2024-10-19,33,pmf,increase,0.113
2024-10-12,wk flu hosp rate change,1,2024-10-19,33,pmf,large_increase,0.001
2024-10-12,wk flu hosp rate change,1,2024-10-19,33,pmf,decrease,0.0
2024-10-12,wk flu hosp rate change,1,2024-10-19,33,pmf,large_decrease,0.0
2024-10-12,wk flu hosp rate change,2,2024-10-26,33,pmf,stable,0.898
2024-10-12,wk flu hosp rate change,2,2024-10-26,33,pmf,increase,0.106
2024-10-12,wk flu hosp rate change,2,2024-10-26,33,pmf,large_increase,0.001
2024-10-12,wk flu hosp rate change,2,2024-10-26,33,pmf,decrease,0.0
2024-10-12,wk flu hosp rate change,2,2024-10-26,33,pmf,large_decrease,0.0
2024-10-12,wk flu hosp rate change,3,2024-11-02,33,pmf,stable,0.86
2024-10-12,wk flu hosp rate change,3,2024-11-02,33,pmf,increase,0.091
2024-10-12,wk flu hosp rate change,3,2024-11-02,33,pmf,large_increase,0.004
2024-10-12,wk flu hosp rate change,3,2024-11-02,33,pmf,decrease,0.0
2024-10-12,wk flu hosp rate change,3,2024-11-02,33,pmf,large_decrease,0.0
2024-10-12,wk flu hosp rate change,0,2024-10-12,34,pmf,stable,0.106
2024-10-12,wk flu hosp rate change,0,2024-10-12,34,pmf,increase,0.661
2024-10-12,wk flu hosp rate change,0,2024-10-12,34,pmf,large_increase,0.0
2024-10-12,wk flu hosp rate change,0,2024-10-12,34,pmf,decrease,0.0
2024-10-12,wk flu hosp rate change,0,2024-10-12,34,pmf,large_decrease,0.0
2024-10-12,wk flu hosp rate change,1,2024-10-19,34,pmf,stable,0.083
2024-10-12,wk flu hosp rate change,1,2024-10-19,34,pmf,increase,0.563
2024-10-12,wk flu hosp rate change,1,2024-10-19,34,pmf,large_increase,0.001
2024-10-12,wk flu hosp rate change,1,2024-10-19,34,pmf,decrease,0.0
2024-10-12,wk flu hosp rate change,1,2024-10-19,34,pmf,large_decrease,0.0
2024-10-12,wk flu hosp rate change,2,2024-10-26,34,pmf,stable,0.066
2024-10-12,wk flu hosp rate change,2,2024-10-26,34,pmf,increase,0.533
2024-10-12,wk flu hosp rate change,2,2024-10-26,34,pmf,large_increase,0.002
2024-10-12,wk flu hosp rate change,2,2024-10-26,34,pmf,decrease,0.0
2024-10-12,wk flu hosp rate change,2,2024-10-26,34,pmf,large_decrease,0.0
2024-10-12,wk flu hosp rate change,3,2024-11-02,34,pmf,stable,0.054
2024-10-12,wk flu hosp rate change,3,2024-11-02,34,pmf,increase,0.513
2024-10-12,wk flu hosp rate change,3,2024-11-02,34,pmf,large_increase,0.005
2024-10-12,wk flu hosp rate change,3,2024-11-02,34,pmf,decrease,0.0
2024-10-12,wk flu hosp rate change,3,2024-11-02,34,pmf,large_decrease,0.0
2024-10-12,wk flu hosp rate change,0,2024-10-12,35,pmf,stable,0.728
2024-10-12,wk flu hosp rate change,0,2024-10-12,35,pmf,increase,0.461
2024-10-12,wk flu hosp rate change,0,2024-10-12,35,pmf,large_increase,0.0
2024-10-12,wk flu hosp rate change,0,2024-10-12,35,pmf,decrease,0.0
2024-10-12,wk flu hosp rate change,0,2024-10-12,35,pmf,large_decrease,0.0
2024-10-12,wk flu hosp rate change,1,2024-10-19,35,pmf,stable,0.547
2024-10-12,wk flu hosp rate change,1,2024-10-19,35,pmf,increase,0.453
2024-10-12,wk flu hosp rate change,1,2024-10-19,35,pmf,large_increase,0.0
2024-10-12,wk flu hosp rate change,1,2024-10-19,35,pmf,decrease,0.0
2024-10-12,wk flu hosp rate change,1,2024-10-19,35,pmf,large_decrease,0.0
2024-10-12,wk flu hosp rate change,2,2024-10-26,35,pmf,stable,0.418
2024-10-12,wk flu hosp rate change,2,2024-10-26,35,pmf,increase,0.41
2024-10-12,wk flu hosp rate change,2,2024-10-26,35,pmf,large_increase,0.0
2024-10-12,wk flu hosp rate change,2,2024-10-26,35,pmf,decrease,0.0
2024-10-12,wk flu hosp rate change,2,2024-10-26,35,pmf,large_decrease,0.0
2024-10-12,wk flu hosp rate change,3,2024-11-02,35,pmf,stable,0.296
2024-10-12,wk flu hosp rate change,3,2024-11-02,35,pmf,increase,0.366
2024-10-12,wk flu hosp rate change,3,2024-11-02,35,pmf,large_increase,0.002
2024-10-12,wk flu hosp rate change,3,2024-11-02,35,pmf,decrease,0.0
2024-10-12,wk flu hosp rate change,3,2024-11-02,35,pmf,large_decrease,0.0
2024-10-12,wk flu hosp rate change,0,2024-10-12,36,pmf,stable,0.256
2024-10-12,wk flu hosp rate change,0,2024-10-12,36,pmf,increase,0.256
2024-10-12,wk flu hosp rate change,0,2024-10-12,36,pmf,large_increase,0.0
2024-10-12,wk flu hosp rate change,0,2024-10-12,36,pmf,decrease,0.0
2024-10-12,wk flu hosp rate change,0,2024-10-12,36,pmf,large_decrease,0.0
2024-10-12,wk flu hosp rate change,1,2024-10-19,36,pmf,stable,0.153
2024-10-12,wk flu hosp rate change,1,2024-10-19,36,pmf,increase,0.157
2024-10-12,wk flu hosp rate change,1,2024-10-19,36,pmf,large_increase,0.0
2024-10-12,wk flu hosp rate change,1,2024-10-19,36,pmf,decrease,0.0
2024-10-12,wk flu hosp rate change,1,2024-10-19,36,pmf,large_decrease,0.0
2024-10-12,wk flu hosp rate change,2,2024-10-26,36,pmf,stable,0.064
2024-10-12,wk flu hosp rate change,2,2024-10-26,36,pmf,increase,0.165
2024-10-12,wk flu hosp rate change,2,2024-10-26,36,pmf,large_increase,0.0
2024-10-12,wk flu hosp rate change,2,2024-10-26,36,pmf,decrease,0.0
2024-10-12,wk flu hosp rate change,2,2024-10-26,36,pmf,large_decrease,0.0
2024-10-12,wk flu hosp rate change,3,2024-11-02,36,pmf,stable,0.032
2024-10-12,wk flu hosp rate change,3,2024-11-02,36,pmf,increase,0.133
2024-10-12,wk flu hosp rate change,3,2024-11-02,36,pmf,large_increase,0.0
2024-10-12,wk flu hosp rate change,3,2024-11-02,36,pmf,decrease,0.0
2024-10-12,wk flu hosp rate change,3,2024-11-02,36,pmf,large_decrease,0.0
2024-10-12,wk flu hosp rate change,0,2024-10-12,37,pmf,stable,0.249
2024-10-12,wk flu hosp rate change,0,2024-10-12,37,pmf,increase,0.276
2024-10-12,wk flu hosp rate change,0,2024-10-12,37,pmf,large_increase,0.013
2024-10-12,wk flu hosp rate change,0,2024-10-12,37,pmf,decrease,0.0
2024-10-12,wk flu hosp rate change,0,2024-10-12,37,pmf,large_decrease,0.0
2024-10-12,wk flu hosp rate change,1,2024-10-19,37,pmf,stable,0.219
2024-10-12,wk flu hosp rate change,1,2024-10-19,37,pmf,increase,0.198
2024-10-12,wk flu hosp rate change,1,2024-10-19,37,pmf,large_increase,0.0
2024-10-12,wk flu hosp rate change,1,2024-10-19,37,pmf,decrease,0.0
2024-10-12,wk flu hosp rate change,1,2024-10-19,37,pmf,large_decrease,0.0
2024-10-12,wk flu hosp rate change,2,2024-10-26,37,pmf,stable,0.155
2024-10-12,wk flu hosp rate change,2,2024-10-26,37,pmf,increase,0.187
2024-10-12,wk flu hosp rate change,2,2024-10-26,37,pmf,large_increase,0.001
2024-10-12,wk flu hosp rate change,2,2024-10-26,37,pmf,decrease,0.0
2024-10-12,wk flu hosp rate change,2,2024-10-26,37,pmf,large_decrease,0.0
2024-10-12,wk flu hosp rate change,3,2024-11-02,37,pmf,stable,0.108
2024-10-12,wk flu hosp rate change,3,2024-11-02,37,pmf,increase,0.174
2024-10-12,wk flu hosp rate change,3,2024-11-02,37,pmf,large_increase,0.003
2024-10-12,wk flu hosp rate change,3,2024-11-02,37,pmf,decrease,0.0
2024-10-12,wk flu hosp rate change,3,2024-11-02,37,pmf,large_decrease,0.0
2024-10-12,wk flu hosp rate change,0,2024-10-12,38,pmf,stable,0.963
2024-10-12,wk flu hosp rate change,0,2024-10-12,38,pmf,increase,0.334
2024-10-12,wk flu hosp rate change,0,2024-10-12,38,pmf,large_increase,0.029
2024-10-12,wk flu hosp rate change,0,2024-10-12,38,pmf,decrease,0.0
2024-10-12,wk flu hosp rate change,0,2024-10-12,38,pmf,large_decrease,0.0
2024-10-12,wk flu hosp rate change,1,2024-10-19,38,pmf,stable,0.95
2024-10-12,wk flu hosp rate change,1,2024-10-19,38,pmf,increase,0.247
2024-10-12,wk flu hosp rate change,1,2024-10-19,38,pmf,large_increase,0.001
2024-10-12,wk flu hosp rate change,1,2024-10-19,38,pmf,decrease,0.0
2024-10-12,wk flu hosp rate change,1,2024-10-19,38,pmf,large_decrease,0.0
2024-10-12,wk flu hosp rate change,2,2024-10-26,38,pmf,stable,0.937
2024-10-12,wk flu hosp rate change,2,2024-10-26,38,pmf,increase,0.197
2024-10-12,wk flu hosp rate change,2,2024-10-26,38,pmf,large_increase,0.0
2024-10-12,wk flu hosp rate change,2,2024-10-26,38,pmf,decrease,0.0
2024-10-12,wk flu hosp rate change,2,2024-10-26,38,pmf,large_decrease,0.0
2024-10-12,wk flu hosp rate change,3,2024-11-02,38,pmf,stable,0.887
2024-10-12,wk flu hosp rate change,3,2024-11-02,38,pmf,increase,0.19
2024-10-12,wk flu hosp rate change,3,2024-11-02,38,pmf,large_increase,0.001
2024-10-12,wk flu hosp rate change,3,2024-11-02,38,pmf,decrease,0.0
2024-10-12,wk flu hosp rate change,3,2024-11-02,38,pmf,large_decrease,0.0
2024-10-12,wk flu hosp rate change,0,2024-10-12,39,pmf,stable,0.148
2024-10-12,wk flu hosp rate change,0,2024-10-12,39,pmf,increase,0.187
2024-10-12,wk flu hosp rate change,0,2024-10-12,39,pmf,large_increase,0.0
2024-10-12,wk flu hosp rate change,0,2024-10-12,39,pmf,decrease,0.0
2024-10-12,wk flu hosp rate change,0,2024-10-12,39,pmf,large_decrease,0.0
2024-10-12,wk flu hosp rate change,1,2024-10-19,39,pmf,stable,0.126
2024-10-12,wk flu hosp rate change,1,2024-10-19,39,pmf,increase,0.112
2024-10-12,wk flu hosp rate change,1,2024-10-19,39,pmf,large_increase,0.0
2024-10-12,wk flu hosp rate change,1,2024-10-19,39,pmf,decrease,0.0
2024-10-12,wk flu hosp rate change,1,2024-10-19,39,pmf,large_decrease,0.0
2024-10-12,wk flu hosp rate change,2,2024-10-26,39,pmf,stable,0.055
2024-10-12,wk flu hosp rate change,2,2024-10-26,39,pmf,increase,0.123
2024-10-12,wk flu hosp rate change,2,2024-10-26,39,pmf,large_increase,0.0
2024-10-12,wk flu hosp rate change,2,2024-10-26,39,pmf,decrease,0.0
2024-10-12,wk flu hosp rate change,2,2024-10-26,39,pmf,large_decrease,0.0
2024-10-12,wk flu hosp rate change,3,2024-11-02,39,pmf,stable,0.013
2024-10-12,wk flu hosp rate change,3,2024-11-02,39,pmf,increase,0.109
2024-10-12,wk flu hosp rate change,3,2024-11-02,39,pmf,large_increase,0.0
2024-10-12,wk flu hosp rate change,3,2024-11-02,39,pmf,decrease,0.0
2024-10-12,wk flu hosp rate change,3,2024-11-02,39,pmf,large_decrease,0.0
2024-10-12,wk flu hosp rate change,0,2024-10-12,40,pmf,stable,0.064
2024-10-12,wk flu hosp rate change,0,2024-10-12,40,pmf,increase,0.393
2024-10-12,wk flu hosp rate change,0,2024-10-12,40,pmf,large_increase,0.53
2024-10-12,wk flu hosp rate change,0,2024-10-12,40,pmf,decrease,0.0
2024-10-12,wk flu hosp rate change,0,2024-10-12,40,pmf,large_decrease,0.0
2024-10-12,wk flu hosp rate change,1,2024-10-19,40,pmf,stable,0.034
2024-10-12,wk flu hosp rate change,1,2024-10-19,40,pmf,increase,0.741
2024-10-12,wk flu hosp rate change,1,2024-10-19,40,pmf,large_increase,0.179
2024-10-12,wk flu hosp rate change,1,2024-10-19,40,pmf,decrease,0.0
2024-10-12,wk flu hosp rate change,1,2024-10-19,40,pmf,large_decrease,0.0
2024-10-12,wk flu hosp rate change,2,2024-10-26,40,pmf,stable,0.014
2024-10-12,wk flu hosp rate change,2,2024-10-26,40,pmf,increase,0.791
2024-10-12,wk flu hosp rate change,2,2024-10-26,40,pmf,large_increase,0.144
2024-10-12,wk flu hosp rate change,2,2024-10-26,40,pmf,decrease,0.0
2024-10-12,wk flu hosp rate change,2,2024-10-26,40,pmf,large_decrease,0.0
2024-10-12,wk flu hosp rate change,3,2024-11-02,40,pmf,stable,0.02
2024-10-12,wk flu hosp rate change,3,2024-11-02,40,pmf,increase,0.801
2024-10-12,wk flu hosp rate change,3,2024-11-02,40,pmf,large_increase,0.139
2024-10-12,wk flu hosp rate change,3,2024-11-02,40,pmf,decrease,0.0
2024-10-12,wk flu hosp rate change,3,2024-11-02,40,pmf,large_decrease,0.0
2024-10-12,wk flu hosp rate change,0,2024-10-12,41,pmf,stable,0.514
2024-10-12,wk flu hosp rate change,0,2024-10-12,41,pmf,increase,0.405
2024-10-12,wk flu hosp rate change,0,2024-10-12,41,pmf,large_increase,0.059
2024-10-12,wk flu hosp rate change,0,2024-10-12,41,pmf,decrease,0.0
2024-10-12,wk flu hosp rate change,0,2024-10-12,41,pmf,large_decrease,0.0
2024-10-12,wk flu hosp rate change,1,2024-10-19,41,pmf,stable,0.403
2024-10-12,wk flu hosp rate change,1,2024-10-19,41,pmf,increase,0.465
2024-10-12,wk flu hosp rate change,1,2024-10-19,41,pmf,large_increase,0.002
2024-10-12,wk flu hosp rate change,1,2024-10-19,41,pmf,decrease,0.0
2024-10-12,wk flu hosp rate change,1,2024-10-19,41,pmf,large_decrease,0.0
2024-10-12,wk flu hosp rate change,2,2024-10-26,41,pmf,stable,0.391
2024-10-12,wk flu hosp rate change,2,2024-10-26,41,pmf,increase,0.397
2024-10-12,wk flu hosp rate change,2,2024-10-26,41,pmf,large_increase,0.0
2024-10-12,wk flu hosp rate change,2,2024-10-26,41,pmf,decrease,0.0
2024-10-12,wk flu hosp rate change,2,2024-10-26,41,pmf,large_decrease,0.0
2024-10-12,wk flu hosp rate change,3,2024-11-02,41,pmf,stable,0.255
2024-10-12,wk flu hosp rate change,3,2024-11-02,41,pmf,increase,0.399
2024-10-12,wk flu hosp rate change,3,2024-11-02,41,pmf,large_increase,0.0
2024-10-12,wk flu hosp rate change,3,2024-11-02,41,pmf,decrease,0.0
2024-10-12,wk flu hosp rate change,3,2024-11-02,41,pmf,large_decrease,0.0
2024-10-12,wk flu hosp rate change,0,2024-10-12,42,pmf,stable,0.143
2024-10-12,wk flu hosp rate change,0,2024-10-12,42,pmf,increase,0.494
2024-10-12,wk flu hosp rate change,0,2024-10-12,42,pmf,large_increase,0.0
2024-10-12,wk flu hosp rate change,0,2024-10-12,42,pmf,decrease,0.155
2024-10-12,wk flu hosp rate change,0,2024-10-12,42,pmf,large_decrease,0.0
2024-10-12,wk flu hosp rate change,1,2024-10-19,42,pmf,stable,0.112
2024-10-12,wk flu hosp rate change,1,2024-10-19,42,pmf,increase,0.376
2024-10-12,wk flu hosp rate change,1,2024-10-19,42,pmf,large_increase,0.0
2024-10-12,wk flu hosp rate change,1,2024-10-19,42,pmf,decrease,0.0
2024-10-12,wk flu hosp rate change,1,2024-10-19,42,pmf,large_decrease,0.0
2024-10-12,wk flu hosp rate change,2,2024-10-26,42,pmf,stable,0.099
2024-10-12,wk flu hosp rate change,2,2024-10-26,42,pmf,increase,0.251
2024-10-12,wk flu hosp rate change,2,2024-10-26,42,pmf,large_increase,0.0
2024-10-12,wk flu hosp rate change,2,2024-10-26,42,pmf,decrease,0.0
2024-10-12,wk flu hosp rate change,2,2024-10-26,42,pmf,large_decrease,0.0
2024-10-12,wk flu hosp rate change,3,2024-11-02,42,pmf,stable,0.061
2024-10-12,wk flu hosp rate change,3,2024-11-02,42,pmf,increase,0.221
2024-10-12,wk flu hosp rate change,3,2024-11-02,42,pmf,large_increase,0.0
2024-10-12,wk flu hosp rate change,3,2024-11-02,42,pmf,decrease,0.0
2024-10-12,wk flu hosp rate change,3,2024-11-02,42,pmf,large_decrease,0.0
2024-10-12,wk flu hosp rate change,0,2024-10-12,44,pmf,stable,0.958
2024-10-12,wk flu hosp rate change,0,2024-10-12,44,pmf,increase,0.11
2024-10-12,wk flu hosp rate change,0,2024-10-12,44,pmf,large_increase,0.0
2024-10-12,wk flu hosp rate change,0,2024-10-12,44,pmf,decrease,0.0
2024-10-12,wk flu hosp rate change,0,2024-10-12,44,pmf,large_decrease,0.0
2024-10-12,wk flu hosp rate change,1,2024-10-19,44,pmf,stable,0.962
2024-10-12,wk flu hosp rate change,1,2024-10-19,44,pmf,increase,0.127
2024-10-12,wk flu hosp rate change,1,2024-10-19,44,pmf,large_increase,0.0
2024-10-12,wk flu hosp rate change,1,2024-10-19,44,pmf,decrease,0.0
2024-10-12,wk flu hosp rate change,1,2024-10-19,44,pmf,large_decrease,0.0
2024-10-12,wk flu hosp rate change,2,2024-10-26,44,pmf,stable,0.934
2024-10-12,wk flu hosp rate change,2,2024-10-26,44,pmf,increase,0.114
2024-10-12,wk flu hosp rate change,2,2024-10-26,44,pmf,large_increase,0.0
2024-10-12,wk flu hosp rate change,2,2024-10-26,44,pmf,decrease,0.0
2024-10-12,wk flu hosp rate change,2,2024-10-26,44,pmf,large_decrease,0.0
2024-10-12,wk flu hosp rate change,3,2024-11-02,44,pmf,stable,0.911
2024-10-12,wk flu hosp rate change,3,2024-11-02,44,pmf,increase,0.089
2024-10-12,wk flu hosp rate change,3,2024-11-02,44,pmf,large_increase,0.0
2024-10-12,wk flu hosp rate change,3,2024-11-02,44,pmf,decrease,0.0
2024-10-12,wk flu hosp rate change,3,2024-11-02,44,pmf,large_decrease,0.0
2024-10-12,wk flu hosp rate change,0,2024-10-12,45,pmf,stable,0.201
2024-10-12,wk flu hosp rate change,0,2024-10-12,45,pmf,increase,0.651
2024-10-12,wk flu hosp rate change,0,2024-10-12,45,pmf,large_increase,0.036
2024-10-12,wk flu hosp rate change,0,2024-10-12,45,pmf,decrease,0.0
2024-10-12,wk flu hosp rate change,0,2024-10-12,45,pmf,large_decrease,0.0
2024-10-12,wk flu hosp rate change,1,2024-10-19,45,pmf,stable,0.129
2024-10-12,wk flu hosp rate change,1,2024-10-19,45,pmf,increase,0.509
2024-10-12,wk flu hosp rate change,1,2024-10-19,45,pmf,large_increase,0.034
2024-10-12,wk flu hosp rate change,1,2024-10-19,45,pmf,decrease,0.0
2024-10-12,wk flu hosp rate change,1,2024-10-19,45,pmf,large_decrease,0.0
2024-10-12,wk flu hosp rate change,2,2024-10-26,45,pmf,stable,0.069
2024-10-12,wk flu hosp rate change,2,2024-10-26,45,pmf,increase,0.506
2024-10-12,wk flu hosp rate change,2,2024-10-26,45,pmf,large_increase,0.038
2024-10-12,wk flu hosp rate change,2,2024-10-26,45,pmf,decrease,0.0
2024-10-12,wk flu hosp rate change,2,2024-10-26,45,pmf,large_decrease,0.0
2024-10-12,wk flu hosp rate change,3,2024-11-02,45,pmf,stable,0.029
2024-10-12,wk flu hosp rate change,3,2024-11-02,45,pmf,increase,0.425
2024-10-12,wk flu hosp rate change,3,2024-11-02,45,pmf,large_increase,0.036
2024-10-12,wk flu hosp rate change,3,2024-11-02,45,pmf,decrease,0.0
2024-10-12,wk flu hosp rate change,3,2024-11-02,45,pmf,large_decrease,0.0
2024-10-12,wk flu hosp rate change,0,2024-10-12,46,pmf,stable,0.87
2024-10-12,wk flu hosp rate change,0,2024-10-12,46,pmf,increase,0.661
2024-10-12,wk flu hosp rate change,0,2024-10-12,46,pmf,large_increase,0.068
2024-10-12,wk flu hosp rate change,0,2024-10-12,46,pmf,decrease,0.0
2024-10-12,wk flu hosp rate change,0,2024-10-12,46,pmf,large_decrease,0.0
2024-10-12,wk flu hosp rate change,1,2024-10-19,46,pmf,stable,0.65
2024-10-12,wk flu hosp rate change,1,2024-10-19,46,pmf,increase,0.703
2024-10-12,wk flu hosp rate change,1,2024-10-19,46,pmf,large_increase,0.008
2024-10-12,wk flu hosp rate change,1,2024-10-19,46,pmf,decrease,0.0
2024-10-12,wk flu hosp rate change,1,2024-10-19,46,pmf,large_decrease,0.0
2024-10-12,wk flu hosp rate change,2,2024-10-26,46,pmf,stable,0.507
2024-10-12,wk flu hosp rate change,2,2024-10-26,46,pmf,increase,0.712
2024-10-12,wk flu hosp rate change,2,2024-10-26,46,pmf,large_increase,0.007
2024-10-12,wk flu hosp rate change,2,2024-10-26,46,pmf,decrease,0.0
2024-10-12,wk flu hosp rate change,2,2024-10-26,46,pmf,large_decrease,0.0
2024-10-12,wk flu hosp rate change,3,2024-11-02,46,pmf,stable,0.351
2024-10-12,wk flu hosp rate change,3,2024-11-02,46,pmf,increase,0.687
2024-10-12,wk flu hosp rate change,3,2024-11-02,46,pmf,large_increase,0.006
2024-10-12,wk flu hosp rate change,3,2024-11-02,46,pmf,decrease,0.0
2024-10-12,wk flu hosp rate change,3,2024-11-02,46,pmf,large_decrease,0.0
2024-10-12,wk flu hosp rate change,0,2024-10-12,47,pmf,stable,0.484
2024-10-12,wk flu hosp rate change,0,2024-10-12,47,pmf,increase,0.165
2024-10-12,wk flu hosp rate change,0,2024-10-12,47,pmf,large_increase,0.0
2024-10-12,wk flu hosp rate change,0,2024-10-12,47,pmf,decrease,0.0
2024-10-12,wk flu hosp rate change,0,2024-10-12,47,pmf,large_decrease,0.0
2024-10-12,wk flu hosp rate change,1,2024-10-19,47,pmf,stable,0.375
2024-10-12,wk flu hosp rate change,1,2024-10-19,47,pmf,increase,0.092
2024-10-12,wk flu hosp rate change,1,2024-10-19,47,pmf,large_increase,0.0
2024-10-12,wk flu hosp rate change,1,2024-10-19,47,pmf,decrease,0.0
2024-10-12,wk flu hosp rate change,1,2024-10-19,47,pmf,large_decrease,0.0
2024-10-12,wk flu hosp rate change,2,2024-10-26,47,pmf,stable,0.31
2024-10-12,wk flu hosp rate change,2,2024-10-26,47,pmf,increase,0.062
2024-10-12,wk flu hosp rate change,2,2024-10-26,47,pmf,large_increase,0.0
2024-10-12,wk flu hosp rate change,2,2024-10-26,47,pmf,decrease,0.0
2024-10-12,wk flu hosp rate change,2,2024-10-26,47,pmf,large_decrease,0.0
2024-10-12,wk flu hosp rate change,3,2024-11-02,47,pmf,stable,0.135
2024-10-12,wk flu hosp rate change,3,2024-11-02,47,pmf,increase,0.064
2024-10-12,wk flu hosp rate change,3,2024-11-02,47,pmf,large_increase,0.0
2024-10-12,wk flu hosp rate change,3,2024-11-02,47,pmf,decrease,0.0
2024-10-12,wk flu hosp rate change,3,2024-11-02,47,pmf,large_decrease,0.0
2024-10-12,wk flu hosp rate change,0,2024-10-12,48,pmf,stable,0.082
2024-10-12,wk flu hosp rate change,0,2024-10-12,48,pmf,increase,0.773
2024-10-12,wk flu hosp rate change,0,2024-10-12,48,pmf,large_increase,0.0
2024-10-12,wk flu hosp rate change,0,2024-10-12,48,pmf,decrease,0.0
2024-10-12,wk flu hosp rate change,0,2024-10-12,48,pmf,large_decrease,0.0
2024-10-12,wk flu hosp rate change,1,2024-10-19,48,pmf,stable,0.011
2024-10-12,wk flu hosp rate change,1,2024-10-19,48,pmf,increase,0.684
2024-10-12,wk flu hosp rate change,1,2024-10-19,48,pmf,large_increase,0.0
2024-10-12,wk flu hosp rate change,1,2024-10-19,48,pmf,decrease,0.0
2024-10-12,wk flu hosp rate change,1,2024-10-19,48,pmf,large_decrease,0.0
2024-10-12,wk flu hosp rate change,2,2024-10-26,48,pmf,stable,0.002
2024-10-12,wk flu hosp rate change,2,2024-10-26,48,pmf,increase,0.597
2024-10-12,wk flu hosp rate change,2,2024-10-26,48,pmf,large_increase,0.0
2024-10-12,wk flu hosp rate change,2,2024-10-26,48,pmf,decrease,0.0
2024-10-12,wk flu hosp rate change,2,2024-10-26,48,pmf,large_decrease,0.0
2024-10-12,wk flu hosp rate change,3,2024-11-02,48,pmf,stable,0.0
2024-10-12,wk flu hosp rate change,3,2024-11-02,48,pmf,increase,0.488
2024-10-12,wk flu hosp rate change,3,2024-11-02,48,pmf,large_increase,0.0
2024-10-12,wk flu hosp rate change,3,2024-11-02,48,pmf,decrease,0.0
2024-10-12,wk flu hosp rate change,3,2024-11-02,48,pmf,large_decrease,0.0
2024-10-12,wk flu hosp rate change,0,2024-10-12,49,pmf,stable,0.944
2024-10-12,wk flu hosp rate change,0,2024-10-12,49,pmf,increase,0.056
2024-10-12,wk flu hosp rate change,0,2024-10-12,49,pmf,large_increase,0.0
2024-10-12,wk flu hosp rate change,0,2024-10-12,49,pmf,decrease,0.0
2024-10-12,wk flu hosp rate change,0,2024-10-12,49,pmf,large_decrease,0.0
2024-10-12,wk flu hosp rate change,1,2024-10-19,49,pmf,stable,0.935
2024-10-12,wk flu hosp rate change,1,2024-10-19,49,pmf,increase,0.013
2024-10-12,wk flu hosp rate change,1,2024-10-19,49,pmf,large_increase,0.0
2024-10-12,wk flu hosp rate change,1,2024-10-19,49,pmf,decrease,0.0
2024-10-12,wk flu hosp rate change,1,2024-10-19,49,pmf,large_decrease,0.0
2024-10-12,wk flu hosp rate change,2,2024-10-26,49,pmf,stable,0.937
2024-10-12,wk flu hosp rate change,2,2024-10-26,49,pmf,increase,0.0
2024-10-12,wk flu hosp rate change,2,2024-10-26,49,pmf,large_increase,0.0
2024-10-12,wk flu hosp rate change,2,2024-10-26,49,pmf,decrease,0.0
2024-10-12,wk flu hosp rate change,2,2024-10-26,49,pmf,large_decrease,0.0
2024-10-12,wk flu hosp rate change,3,2024-11-02,49,pmf,stable,0.897
2024-10-12,wk flu hosp rate change,3,2024-11-02,49,pmf,increase,0.0
2024-10-12,wk flu hosp rate change,3,2024-11-02,49,pmf,large_increase,0.0
2024-10-12,wk flu hosp rate change,3,2024-11-02,49,pmf,decrease,0.0
2024-10-12,wk flu hosp rate change,3,2024-11-02,49,pmf,large_decrease,0.0
2024-10-12,wk flu hosp rate change,0,2024-10-12,50,pmf,stable,0.91
2024-10-12,wk flu hosp rate change,0,2024-10-12,50,pmf,increase,0.27
2024-10-12,wk flu hosp rate change,0,2024-10-12,50,pmf,large_increase,0.077
2024-10-12,wk flu hosp rate change,0,2024-10-12,50,pmf,decrease,0.0
2024-10-12,wk flu hosp rate change,0,2024-10-12,50,pmf,large_decrease,0.0
2024-10-12,wk flu hosp rate change,1,2024-10-19,50,pmf,stable,0.917
2024-10-12,wk flu hosp rate change,1,2024-10-19,50,pmf,increase,0.347
2024-10-12,wk flu hosp rate change,1,2024-10-19,50,pmf,large_increase,0.004
2024-10-12,wk flu hosp rate change,1,2024-10-19,50,pmf,decrease,0.0
2024-10-12,wk flu hosp rate change,1,2024-10-19,50,pmf,large_decrease,0.0
2024-10-12,wk flu hosp rate change,2,2024-10-26,50,pmf,stable,0.888
2024-10-12,wk flu hosp rate change,2,2024-10-26,50,pmf,increase,0.314
2024-10-12,wk flu hosp rate change,2,2024-10-26,50,pmf,large_increase,0.002
2024-10-12,wk flu hosp rate change,2,2024-10-26,50,pmf,decrease,0.0
2024-10-12,wk flu hosp rate change,2,2024-10-26,50,pmf,large_decrease,0.0
2024-10-12,wk flu hosp rate change,3,2024-11-02,50,pmf,stable,0.822
2024-10-12,wk flu hosp rate change,3,2024-11-02,50,pmf,increase,0.304
2024-10-12,wk flu hosp rate change,3,2024-11-02,50,pmf,large_increase,0.0
2024-10-12,wk flu hosp rate change,3,2024-11-02,50,pmf,decrease,0.0
2024-10-12,wk flu hosp rate change,3,2024-11-02,50,pmf,large_decrease,0.0
2024-10-12,wk flu hosp rate change,0,2024-10-12,51,pmf,stable,0.156
2024-10-12,wk flu hosp rate change,0,2024-10-12,51,pmf,increase,0.366
2024-10-12,wk flu hosp rate change,0,2024-10-12,51,pmf,large_increase,0.014
2024-10-12,wk flu hosp rate change,0,2024-10-12,51,pmf,decrease,0.0
2024-10-12,wk flu hosp rate change,0,2024-10-12,51,pmf,large_decrease,0.0
2024-10-12,wk flu hosp rate change,1,2024-10-19,51,pmf,stable,0.082
2024-10-12,wk flu hosp rate change,1,2024-10-19,51,pmf,increase,0.288
2024-10-12,wk flu hosp rate change,1,2024-10-19,51,pmf,large_increase,0.002
2024-10-12,wk flu hosp rate change,1,2024-10-19,51,pmf,decrease,0.0
2024-10-12,wk flu hosp rate change,1,2024-10-19,51,pmf,large_decrease,0.0
2024-10-12,wk flu hosp rate change,2,2024-10-26,51,pmf,stable,0.046
2024-10-12,wk flu hosp rate change,2,2024-10-26,51,pmf,increase,0.294
2024-10-12,wk flu hosp rate change,2,2024-10-26,51,pmf,large_increase,0.005
2024-10-12,wk flu hosp rate change,2,2024-10-26,51,pmf,decrease,0.0
2024-10-12,wk flu hosp rate change,2,2024-10-26,51,pmf,large_decrease,0.0
2024-10-12,wk flu hosp rate change,3,2024-11-02,51,pmf,stable,0.043
2024-10-12,wk flu hosp rate change,3,2024-11-02,51,pmf,increase,0.275
2024-10-12,wk flu hosp rate change,3,2024-11-02,51,pmf,large_increase,0.011
2024-10-12,wk flu hosp rate change,3,2024-11-02,51,pmf,decrease,0.0
2024-10-12,wk flu hosp rate change,3,2024-11-02,51,pmf,large_decrease,0.0
2024-10-12,wk flu hosp rate change,0,2024-10-12,53,pmf,stable,0.58
2024-10-12,wk flu hosp rate change,0,2024-10-12,53,pmf,increase,0.172
2024-10-12,wk flu hosp rate change,0,2024-10-12,53,pmf,large_increase,0.0
2024-10-12,wk flu hosp rate change,0,2024-10-12,53,pmf,decrease,0.0
2024-10-12,wk flu hosp rate change,0,2024-10-12,53,pmf,large_decrease,0.0
2024-10-12,wk flu hosp rate change,1,2024-10-19,53,pmf,stable,0.53
2024-10-12,wk flu hosp rate change,1,2024-10-19,53,pmf,increase,0.061
2024-10-12,wk flu hosp rate change,1,2024-10-19,53,pmf,large_increase,0.0
2024-10-12,wk flu hosp rate change,1,2024-10-19,53,pmf,decrease,0.0
2024-10-12,wk flu hosp rate change,1,2024-10-19,53,pmf,large_decrease,0.0
2024-10-12,wk flu hosp rate change,2,2024-10-26,53,pmf,stable,0.474
2024-10-12,wk flu hosp rate change,2,2024-10-26,53,pmf,increase,0.026
2024-10-12,wk flu hosp rate change,2,2024-10-26,53,pmf,large_increase,0.0
2024-10-12,wk flu hosp rate change,2,2024-10-26,53,pmf,decrease,0.0
2024-10-12,wk flu hosp rate change,2,2024-10-26,53,pmf,large_decrease,0.0
2024-10-12,wk flu hosp rate change,3,2024-11-02,53,pmf,stable,0.347
2024-10-12,wk flu hosp rate change,3,2024-11-02,53,pmf,increase,0.01
2024-10-12,wk flu hosp rate change,3,2024-11-02,53,pmf,large_increase,0.0
2024-10-12,wk flu hosp rate change,3,2024-11-02,53,pmf,decrease,0.0
2024-10-12,wk flu hosp rate change,3,2024-11-02,53,pmf,large_decrease,0.0
2024-10-12,wk flu hosp rate change,0,2024-10-12,54,pmf,stable,0.351
2024-10-12,wk flu hosp rate change,0,2024-10-12,54,pmf,increase,0.667
2024-10-12,wk flu hosp rate change,0,2024-10-12,54,pmf,large_increase,0.095
2024-10-12,wk flu hosp rate change,0,2024-10-12,54,pmf,decrease,0.0
2024-10-12,wk flu hosp rate change,0,2024-10-12,54,pmf,large_decrease,0.0
2024-10-12,wk flu hosp rate change,1,2024-10-19,54,pmf,stable,0.247
2024-10-12,wk flu hosp rate change,1,2024-10-19,54,pmf,increase,0.756
2024-10-12,wk flu hosp rate change,1,2024-10-19,54,pmf,large_increase,0.022
2024-10-12,wk flu hosp rate change,1,2024-10-19,54,pmf,decrease,0.0
2024-10-12,wk flu hosp rate change,1,2024-10-19,54,pmf,large_decrease,0.0
2024-10-12,wk flu hosp rate change,2,2024-10-26,54,pmf,stable,0.197
2024-10-12,wk flu hosp rate change,2,2024-10-26,54,pmf,increase,0.766
2024-10-12,wk flu hosp rate change,2,2024-10-26,54,pmf,large_increase,0.005
2024-10-12,wk flu hosp rate change,2,2024-10-26,54,pmf,decrease,0.0
2024-10-12,wk flu hosp rate change,2,2024-10-26,54,pmf,large_decrease,0.0
2024-10-12,wk flu hosp rate change,3,2024-11-02,54,pmf,stable,0.09
2024-10-12,wk flu hosp rate change,3,2024-11-02,54,pmf,increase,0.783
2024-10-12,wk flu hosp rate change,3,2024-11-02,54,pmf,large_increase,0.012
2024-10-12,wk flu hosp rate change,3,2024-11-02,54,pmf,decrease,0.0
2024-10-12,wk flu hosp rate change,3,2024-11-02,54,pmf,large_decrease,0.0
2024-10-12,wk flu hosp rate change,0,2024-10-12,55,pmf,stable,0.437
2024-10-12,wk flu hosp rate change,0,2024-10-12,55,pmf,increase,0.445
2024-10-12,wk flu hosp rate change,0,2024-10-12,55,pmf,large_increase,0.023
2024-10-12,wk flu hosp rate change,0,2024-10-12,55,pmf,decrease,0.0
2024-10-12,wk flu hosp rate change,0,2024-10-12,55,pmf,large_decrease,0.0
2024-10-12,wk flu hosp rate change,1,2024-10-19,55,pmf,stable,0.208
2024-10-12,wk flu hosp rate change,1,2024-10-19,55,pmf,increase,0.402
2024-10-12,wk flu hosp rate change,1,2024-10-19,55,pmf,large_increase,0.004
2024-10-12,wk flu hosp rate change,1,2024-10-19,55,pmf,decrease,0.0
2024-10-12,wk flu hosp rate change,1,2024-10-19,55,pmf,large_decrease,0.0
2024-10-12,wk flu hosp rate change,2,2024-10-26,55,pmf,stable,0.126
2024-10-12,wk flu hosp rate change,2,2024-10-26,55,pmf,increase,0.429
2024-10-12,wk flu hosp rate change,2,2024-10-26,55,pmf,large_increase,0.003
2024-10-12,wk flu hosp rate change,2,2024-10-26,55,pmf,decrease,0.0
2024-10-12,wk flu hosp rate change,2,2024-10-26,55,pmf,large_decrease,0.0
2024-10-12,wk flu hosp rate change,3,2024-11-02,55,pmf,stable,0.084
2024-10-12,wk flu hosp rate change,3,2024-11-02,55,pmf,increase,0.416
2024-10-12,wk flu hosp rate change,3,2024-11-02,55,pmf,large_increase,0.003
2024-10-12,wk flu hosp rate change,3,2024-11-02,55,pmf,decrease,0.0
2024-10-12,wk flu hosp rate change,3,2024-11-02,55,pmf,large_decrease,0.0
2024-10-12,wk flu hosp rate change,0,2024-10-12,56,pmf,stable,0.967
2024-10-12,wk flu hosp rate change,0,2024-10-12,56,pmf,increase,0.575
2024-10-12,wk flu hosp rate change,0,2024-10-12,56,pmf,large_increase,0.033
2024-10-12,wk flu hosp rate change,0,2024-10-12,56,pmf,decrease,0.11
2024-10-12,wk flu hosp rate change,0,2024-10-12,56,pmf,large_decrease,0.0
2024-10-12,wk flu hosp rate change,1,2024-10-19,56,pmf,stable,0.94
2024-10-12,wk flu hosp rate change,1,2024-10-19,56,pmf,increase,0.405
2024-10-12,wk flu hosp rate change,1,2024-10-19,56,pmf,large_increase,0.022
2024-10-12,wk flu hosp rate change,1,2024-10-19,56,pmf,decrease,0.0
2024-10-12,wk flu hosp rate change,1,2024-10-19,56,pmf,large_decrease,0.0
2024-10-12,wk flu hosp rate change,2,2024-10-26,56,pmf,stable,0.944
2024-10-12,wk flu hosp rate change,2,2024-10-26,56,pmf,increase,0.297
2024-10-12,wk flu hosp rate change,2,2024-10-26,56,pmf,large_increase,0.016
2024-10-12,wk flu hosp rate change,2,2024-10-26,56,pmf,decrease,0.0
2024-10-12,wk flu hosp rate change,2,2024-10-26,56,pmf,large_decrease,0.0
2024-10-12,wk flu hosp rate change,3,2024-11-02,56,pmf,stable,0.916
2024-10-12,wk flu hosp rate change,3,2024-11-02,56,pmf,increase,0.231
2024-10-12,wk flu hosp rate change,3,2024-11-02,56,pmf,large_increase,0.012
2024-10-12,wk flu hosp rate change,3,2024-11-02,56,pmf,decrease,0.0
2024-10-12,wk flu hosp rate change,3,2024-11-02,56,pmf,large_decrease,0.0
2024-10-12,wk flu hosp rate change,0,2024-10-12,72,pmf,stable,0.391
2024-10-12,wk flu hosp rate change,0,2024-10-12,72,pmf,increase,0.596
2024-10-12,wk flu hosp rate change,0,2024-10-12,72,pmf,large_increase,0.017
2024-10-12,wk flu hosp rate change,0,2024-10-12,72,pmf,decrease,0.0
2024-10-12,wk flu hosp rate change,0,2024-10-12,72,pmf,large_decrease,0.0
2024-10-12,wk flu hosp rate change,1,2024-10-19,72,pmf,stable,0.31
2024-10-12,wk flu hosp rate change,1,2024-10-19,72,pmf,increase,0.559
2024-10-12,wk flu hosp rate change,1,2024-10-19,72,pmf,large_increase,0.026
2024-10-12,wk flu hosp rate change,1,2024-10-19,72,pmf,decrease,0.0
2024-10-12,wk flu hosp rate change,1,2024-10-19,72,pmf,large_decrease,0.0
2024-10-12,wk flu hosp rate change,2,2024-10-26,72,pmf,stable,0.256
2024-10-12,wk flu hosp rate change,2,2024-10-26,72,pmf,increase,0.526
2024-10-12,wk flu hosp rate change,2,2024-10-26,72,pmf,large_increase,0.025
2024-10-12,wk flu hosp rate change,2,2024-10-26,72,pmf,decrease,0.0
2024-10-12,wk flu hosp rate change,2,2024-10-26,72,pmf,large_decrease,0.0
2024-10-12,wk flu hosp rate change,3,2024-11-02,72,pmf,stable,0.169
2024-10-12,wk flu hosp rate change,3,2024-11-02,72,pmf,increase,0.467
2024-10-12,wk flu hosp rate change,3,2024-11-02,72,pmf,large_increase,0.013
2024-10-12,wk flu hosp rate change,3,2024-11-02,72,pmf,decrease,0.0
2024-10-12,wk flu hosp rate change,3,2024-11-02,72,pmf,large_decrease,0.0
