reference_date,target,horizon,target_end_date,location,output_type,output_type_id,value
2025-02-08,wk inc flu hosp,0,2025-02-08,US,quantile,0.01,0.0
2025-02-08,wk inc flu hosp,0,2025-02-08,US,quantile,0.025,22547.06600315263
2025-02-08,wk inc flu hosp,0,2025-02-08,US,quantile,0.05,32751.259928223644
2025-02-08,wk inc flu hosp,0,2025-02-08,US,quantile,0.1,38548.95315449056
2025-02-08,wk inc flu hosp,0,2025-02-08,US,quantile,0.15,40379.63719844983
2025-02-08,wk inc flu hosp,0,2025-02-08,US,quantile,0.2,43346.54632062189
2025-02-08,wk inc flu hosp,0,2025-02-08,US,quantile,0.25,45981.57434340797
2025-02-08,wk inc flu hosp,0,2025-02-08,US,quantile,0.3,47213.84735161175
2025-02-08,wk inc flu hosp,0,2025-02-08,US,quantile,0.35,47675.4108312298
2025-02-08,wk inc flu hosp,0,2025-02-08,US,quantile,0.4,48056.686440145044
2025-02-08,wk inc flu hosp,0,2025-02-08,US,quantile,0.45,48707.649665352845
2025-02-08,wk inc flu hosp,0,2025-02-08,US,quantile,0.5,51553.782633903946
2025-02-08,wk inc flu hosp,0,2025-02-08,US,quantile,0.55,52495.76993971023
2025-02-08,wk inc flu hosp,0,2025-02-08,US,quantile,0.6,52713.882327341795
2025-02-08,wk inc flu hosp,0,2025-02-08,US,quantile,0.65,56131.250130704175
2025-02-08,wk inc flu hosp,0,2025-02-08,US,quantile,0.7,56803.46723141257
2025-02-08,wk inc flu hosp,0,2025-02-08,US,quantile,0.75,58111.620062708214
2025-02-08,wk inc flu hosp,0,2025-02-08,US,quantile,0.8,60360.403415451634
2025-02-08,wk inc flu hosp,0,2025-02-08,US,quantile,0.85,63050.07814833866
2025-02-08,wk inc flu hosp,0,2025-02-08,US,quantile,0.9,63753.352693445784
2025-02-08,wk inc flu hosp,0,2025-02-08,US,quantile,0.95,66794.57043080704
2025-02-08,wk inc flu hosp,0,2025-02-08,US,quantile,0.975,68239.97034622937
2025-02-08,wk inc flu hosp,0,2025-02-08,US,quantile,0.99,74062.41650744822
2025-02-08,wk inc flu hosp,1,2025-02-15,US,quantile,0.01,0.0
2025-02-08,wk inc flu hosp,1,2025-02-15,US,quantile,0.025,9539.34694871515
2025-02-08,wk inc flu hosp,1,2025-02-15,US,quantile,0.05,20319.195874584377
2025-02-08,wk inc flu hosp,1,2025-02-15,US,quantile,0.1,33488.519216754685
2025-02-08,wk inc flu hosp,1,2025-02-15,US,quantile,0.15,37533.50281748343
2025-02-08,wk inc flu hosp,1,2025-02-15,US,quantile,0.2,41035.77884642994
2025-02-08,wk inc flu hosp,1,2025-02-15,US,quantile,0.25,43122.61050618202
2025-02-08,wk inc flu hosp,1,2025-02-15,US,quantile,0.3,45372.126600521304
2025-02-08,wk inc flu hosp,1,2025-02-15,US,quantile,0.35,47066.17836201993
2025-02-08,wk inc flu hosp,1,2025-02-15,US,quantile,0.4,48738.70065060303
2025-02-08,wk inc flu hosp,1,2025-02-15,US,quantile,0.45,50142.79346547679
2025-02-08,wk inc flu hosp,1,2025-02-15,US,quantile,0.5,51174.21470144714
2025-02-08,wk inc flu hosp,1,2025-02-15,US,quantile,0.55,51973.20835209602
2025-02-08,wk inc flu hosp,1,2025-02-15,US,quantile,0.6,52925.53144062235
2025-02-08,wk inc flu hosp,1,2025-02-15,US,quantile,0.65,54066.230290024316
2025-02-08,wk inc flu hosp,1,2025-02-15,US,quantile,0.7,55595.58280291381
2025-02-08,wk inc flu hosp,1,2025-02-15,US,quantile,0.75,57487.801418068884
2025-02-08,wk inc flu hosp,1,2025-02-15,US,quantile,0.8,60176.67990352004
2025-02-08,wk inc flu hosp,1,2025-02-15,US,quantile,0.85,62712.96179328452
2025-02-08,wk inc flu hosp,1,2025-02-15,US,quantile,0.9,66151.550293678
2025-02-08,wk inc flu hosp,1,2025-02-15,US,quantile,0.95,69157.88090315921
2025-02-08,wk inc flu hosp,1,2025-02-15,US,quantile,0.975,70878.83228549355
2025-02-08,wk inc flu hosp,1,2025-02-15,US,quantile,0.99,75958.22070647789
2025-02-08,wk inc flu hosp,2,2025-02-22,US,quantile,0.01,2687.1887733224708
2025-02-08,wk inc flu hosp,2,2025-02-22,US,quantile,0.025,7186.327314708967
2025-02-08,wk inc flu hosp,2,2025-02-22,US,quantile,0.05,11412.693242639489
2025-02-08,wk inc flu hosp,2,2025-02-22,US,quantile,0.1,31170.66476627936
2025-02-08,wk inc flu hosp,2,2025-02-22,US,quantile,0.15,35338.73657961209
2025-02-08,wk inc flu hosp,2,2025-02-22,US,quantile,0.2,39408.85670626201
2025-02-08,wk inc flu hosp,2,2025-02-22,US,quantile,0.25,42931.52944490207
2025-02-08,wk inc flu hosp,2,2025-02-22,US,quantile,0.3,44494.2283525824
2025-02-08,wk inc flu hosp,2,2025-02-22,US,quantile,0.35,46436.08811006486
2025-02-08,wk inc flu hosp,2,2025-02-22,US,quantile,0.4,48162.191790591634
2025-02-08,wk inc flu hosp,2,2025-02-22,US,quantile,0.45,49607.811632169745
2025-02-08,wk inc flu hosp,2,2025-02-22,US,quantile,0.5,50579.984085741205
2025-02-08,wk inc flu hosp,2,2025-02-22,US,quantile,0.55,51661.418200304644
2025-02-08,wk inc flu hosp,2,2025-02-22,US,quantile,0.6,52724.531392219404
2025-02-08,wk inc flu hosp,2,2025-02-22,US,quantile,0.65,53800.75972047877
2025-02-08,wk inc flu hosp,2,2025-02-22,US,quantile,0.7,55450.22778827511
2025-02-08,wk inc flu hosp,2,2025-02-22,US,quantile,0.75,58514.502136057505
2025-02-08,wk inc flu hosp,2,2025-02-22,US,quantile,0.8,60964.97117963973
2025-02-08,wk inc flu hosp,2,2025-02-22,US,quantile,0.85,64263.18235072043
2025-02-08,wk inc flu hosp,2,2025-02-22,US,quantile,0.9,67404.43192827498
2025-02-08,wk inc flu hosp,2,2025-02-22,US,quantile,0.95,70003.356759488
2025-02-08,wk inc flu hosp,2,2025-02-22,US,quantile,0.975,71411.46239505096
2025-02-08,wk inc flu hosp,2,2025-02-22,US,quantile,0.99,75912.85522402968
2025-02-08,wk inc flu hosp,3,2025-03-01,US,quantile,0.01,0.0
2025-02-08,wk inc flu hosp,3,2025-03-01,US,quantile,0.025,5880.2415722122505
2025-02-08,wk inc flu hosp,3,2025-03-01,US,quantile,0.05,8730.832768625156
2025-02-08,wk inc flu hosp,3,2025-03-01,US,quantile,0.1,23699.905247156337
2025-02-08,wk inc flu hosp,3,2025-03-01,US,quantile,0.15,32736.354017718513
2025-02-08,wk inc flu hosp,3,2025-03-01,US,quantile,0.2,36731.781523719124
2025-02-08,wk inc flu hosp,3,2025-03-01,US,quantile,0.25,39758.765743929405
2025-02-08,wk inc flu hosp,3,2025-03-01,US,quantile,0.3,41994.050364495735
2025-02-08,wk inc flu hosp,3,2025-03-01,US,quantile,0.35,43694.12064084008
2025-02-08,wk inc flu hosp,3,2025-03-01,US,quantile,0.4,45652.36222003861
2025-02-08,wk inc flu hosp,3,2025-03-01,US,quantile,0.45,46899.63502950247
2025-02-08,wk inc flu hosp,3,2025-03-01,US,quantile,0.5,48335.16879092798
2025-02-08,wk inc flu hosp,3,2025-03-01,US,quantile,0.55,49712.208612142414
2025-02-08,wk inc flu hosp,3,2025-03-01,US,quantile,0.6,51001.422426586054
2025-02-08,wk inc flu hosp,3,2025-03-01,US,quantile,0.65,52924.07838286788
2025-02-08,wk inc flu hosp,3,2025-03-01,US,quantile,0.7,54479.77333293107
2025-02-08,wk inc flu hosp,3,2025-03-01,US,quantile,0.75,55577.20284329205
2025-02-08,wk inc flu hosp,3,2025-03-01,US,quantile,0.8,57205.51645981314
2025-02-08,wk inc flu hosp,3,2025-03-01,US,quantile,0.85,59801.01040715367
2025-02-08,wk inc flu hosp,3,2025-03-01,US,quantile,0.9,63718.3503190602
2025-02-08,wk inc flu hosp,3,2025-03-01,US,quantile,0.95,67838.54560066367
2025-02-08,wk inc flu hosp,3,2025-03-01,US,quantile,0.975,70759.90052748432
2025-02-08,wk inc flu hosp,3,2025-03-01,US,quantile,0.99,73871.77621797731
2025-02-08,wk inc flu hosp,0,2025-02-08,01,quantile,0.01,277.8187292448079
2025-02-08,wk inc flu hosp,0,2025-02-08,01,quantile,0.025,366.40098964824637
2025-02-08,wk inc flu hosp,0,2025-02-08,01,quantile,0.05,466.31025164107837
2025-02-08,wk inc flu hosp,0,2025-02-08,01,quantile,0.1,525.8789035573514
2025-02-08,wk inc flu hosp,0,2025-02-08,01,quantile,0.15,545.4861663605527
2025-02-08,wk inc flu hosp,0,2025-02-08,01,quantile,0.2,573.5270605291122
2025-02-08,wk inc flu hosp,0,2025-02-08,01,quantile,0.25,633.7540832649061
2025-02-08,wk inc flu hosp,0,2025-02-08,01,quantile,0.3,648.9712360669703
2025-02-08,wk inc flu hosp,0,2025-02-08,01,quantile,0.35,661.3210150299152
2025-02-08,wk inc flu hosp,0,2025-02-08,01,quantile,0.4,672.4979688215979
2025-02-08,wk inc flu hosp,0,2025-02-08,01,quantile,0.45,688.6475589607004
2025-02-08,wk inc flu hosp,0,2025-02-08,01,quantile,0.5,722.9907670571204
2025-02-08,wk inc flu hosp,0,2025-02-08,01,quantile,0.55,735.9407559433844
2025-02-08,wk inc flu hosp,0,2025-02-08,01,quantile,0.6,745.7206133131267
2025-02-08,wk inc flu hosp,0,2025-02-08,01,quantile,0.65,777.296817852821
2025-02-08,wk inc flu hosp,0,2025-02-08,01,quantile,0.7,798.7048556327659
2025-02-08,wk inc flu hosp,0,2025-02-08,01,quantile,0.75,834.5892783553273
2025-02-08,wk inc flu hosp,0,2025-02-08,01,quantile,0.8,875.4081721848229
2025-02-08,wk inc flu hosp,0,2025-02-08,01,quantile,0.85,912.097450332691
2025-02-08,wk inc flu hosp,0,2025-02-08,01,quantile,0.9,948.9533786297874
2025-02-08,wk inc flu hosp,0,2025-02-08,01,quantile,0.95,1055.3497674844402
2025-02-08,wk inc flu hosp,0,2025-02-08,01,quantile,0.975,1154.8448624820137
2025-02-08,wk inc flu hosp,0,2025-02-08,01,quantile,0.99,1245.0143214343875
2025-02-08,wk inc flu hosp,1,2025-02-15,01,quantile,0.01,220.97577758959622
2025-02-08,wk inc flu hosp,1,2025-02-15,01,quantile,0.025,253.217916587205
2025-02-08,wk inc flu hosp,1,2025-02-15,01,quantile,0.05,313.24618039010613
2025-02-08,wk inc flu hosp,1,2025-02-15,01,quantile,0.1,382.69922482755
2025-02-08,wk inc flu hosp,1,2025-02-15,01,quantile,0.15,450.43795729143864
2025-02-08,wk inc flu hosp,1,2025-02-15,01,quantile,0.2,484.26758128543827
2025-02-08,wk inc flu hosp,1,2025-02-15,01,quantile,0.25,524.3730144679263
2025-02-08,wk inc flu hosp,1,2025-02-15,01,quantile,0.3,556.498533503363
2025-02-08,wk inc flu hosp,1,2025-02-15,01,quantile,0.35,584.7581577638882
2025-02-08,wk inc flu hosp,1,2025-02-15,01,quantile,0.4,615.2930391445049
2025-02-08,wk inc flu hosp,1,2025-02-15,01,quantile,0.45,640.6364684788604
2025-02-08,wk inc flu hosp,1,2025-02-15,01,quantile,0.5,662.8660905952576
2025-02-08,wk inc flu hosp,1,2025-02-15,01,quantile,0.55,685.2363694646716
2025-02-08,wk inc flu hosp,1,2025-02-15,01,quantile,0.6,718.9198185252665
2025-02-08,wk inc flu hosp,1,2025-02-15,01,quantile,0.65,759.0572476893277
2025-02-08,wk inc flu hosp,1,2025-02-15,01,quantile,0.7,794.640024617807
2025-02-08,wk inc flu hosp,1,2025-02-15,01,quantile,0.75,840.6816176561489
2025-02-08,wk inc flu hosp,1,2025-02-15,01,quantile,0.8,885.1093348010462
2025-02-08,wk inc flu hosp,1,2025-02-15,01,quantile,0.85,934.0361045228934
2025-02-08,wk inc flu hosp,1,2025-02-15,01,quantile,0.9,1010.2007428474525
2025-02-08,wk inc flu hosp,1,2025-02-15,01,quantile,0.95,1097.84447923985
2025-02-08,wk inc flu hosp,1,2025-02-15,01,quantile,0.975,1226.7719024834025
2025-02-08,wk inc flu hosp,1,2025-02-15,01,quantile,0.99,1353.1166077737648
2025-02-08,wk inc flu hosp,2,2025-02-22,01,quantile,0.01,125.02718110885772
2025-02-08,wk inc flu hosp,2,2025-02-22,01,quantile,0.025,188.09453757331227
2025-02-08,wk inc flu hosp,2,2025-02-22,01,quantile,0.05,235.9585876333437
2025-02-08,wk inc flu hosp,2,2025-02-22,01,quantile,0.1,294.76004896506186
2025-02-08,wk inc flu hosp,2,2025-02-22,01,quantile,0.15,351.097036906066
2025-02-08,wk inc flu hosp,2,2025-02-22,01,quantile,0.2,390.91973334669507
2025-02-08,wk inc flu hosp,2,2025-02-22,01,quantile,0.25,429.33167510459
2025-02-08,wk inc flu hosp,2,2025-02-22,01,quantile,0.3,464.69859371492146
2025-02-08,wk inc flu hosp,2,2025-02-22,01,quantile,0.35,507.80233662198054
2025-02-08,wk inc flu hosp,2,2025-02-22,01,quantile,0.4,540.7327534820746
2025-02-08,wk inc flu hosp,2,2025-02-22,01,quantile,0.45,581.3360507145918
2025-02-08,wk inc flu hosp,2,2025-02-22,01,quantile,0.5,614.1346239900029
2025-02-08,wk inc flu hosp,2,2025-02-22,01,quantile,0.55,648.7324238253874
2025-02-08,wk inc flu hosp,2,2025-02-22,01,quantile,0.6,682.9619032652413
2025-02-08,wk inc flu hosp,2,2025-02-22,01,quantile,0.65,716.9561075942123
2025-02-08,wk inc flu hosp,2,2025-02-22,01,quantile,0.7,751.585304401477
2025-02-08,wk inc flu hosp,2,2025-02-22,01,quantile,0.75,788.6059988353193
2025-02-08,wk inc flu hosp,2,2025-02-22,01,quantile,0.8,840.0625554253281
2025-02-08,wk inc flu hosp,2,2025-02-22,01,quantile,0.85,895.8499650717372
2025-02-08,wk inc flu hosp,2,2025-02-22,01,quantile,0.9,974.2850501709637
2025-02-08,wk inc flu hosp,2,2025-02-22,01,quantile,0.95,1122.367623835874
2025-02-08,wk inc flu hosp,2,2025-02-22,01,quantile,0.975,1253.453541148256
2025-02-08,wk inc flu hosp,2,2025-02-22,01,quantile,0.99,1375.3640785733542
2025-02-08,wk inc flu hosp,3,2025-03-01,01,quantile,0.01,89.25093423379884
2025-02-08,wk inc flu hosp,3,2025-03-01,01,quantile,0.025,132.56372257743578
2025-02-08,wk inc flu hosp,3,2025-03-01,01,quantile,0.05,180.87087619045158
2025-02-08,wk inc flu hosp,3,2025-03-01,01,quantile,0.1,228.211689324628
2025-02-08,wk inc flu hosp,3,2025-03-01,01,quantile,0.15,274.04498240162167
2025-02-08,wk inc flu hosp,3,2025-03-01,01,quantile,0.2,305.8431775772308
2025-02-08,wk inc flu hosp,3,2025-03-01,01,quantile,0.25,339.620639885142
2025-02-08,wk inc flu hosp,3,2025-03-01,01,quantile,0.3,369.0673152051442
2025-02-08,wk inc flu hosp,3,2025-03-01,01,quantile,0.35,408.80208349535695
2025-02-08,wk inc flu hosp,3,2025-03-01,01,quantile,0.4,439.63928716891917
2025-02-08,wk inc flu hosp,3,2025-03-01,01,quantile,0.45,475.5764156229077
2025-02-08,wk inc flu hosp,3,2025-03-01,01,quantile,0.5,515.5065826440978
2025-02-08,wk inc flu hosp,3,2025-03-01,01,quantile,0.55,551.5284526594768
2025-02-08,wk inc flu hosp,3,2025-03-01,01,quantile,0.6,588.1455982495766
2025-02-08,wk inc flu hosp,3,2025-03-01,01,quantile,0.65,624.1296495787998
2025-02-08,wk inc flu hosp,3,2025-03-01,01,quantile,0.7,669.5374972159043
2025-02-08,wk inc flu hosp,3,2025-03-01,01,quantile,0.75,719.1165759469442
2025-02-08,wk inc flu hosp,3,2025-03-01,01,quantile,0.8,774.0489902760025
2025-02-08,wk inc flu hosp,3,2025-03-01,01,quantile,0.85,833.7437009827445
2025-02-08,wk inc flu hosp,3,2025-03-01,01,quantile,0.9,906.0483790443644
2025-02-08,wk inc flu hosp,3,2025-03-01,01,quantile,0.95,1059.0245517085218
2025-02-08,wk inc flu hosp,3,2025-03-01,01,quantile,0.975,1175.4658310302423
2025-02-08,wk inc flu hosp,3,2025-03-01,01,quantile,0.99,1308.3133058706355
2025-02-08,wk inc flu hosp,0,2025-02-08,02,quantile,0.01,2.5140902413045683
2025-02-08,wk inc flu hosp,0,2025-02-08,02,quantile,0.025,2.6739311036827482
2025-02-08,wk inc flu hosp,0,2025-02-08,02,quantile,0.05,6.354559733162678
2025-02-08,wk inc flu hosp,0,2025-02-08,02,quantile,0.1,13.783945437952273
2025-02-08,wk inc flu hosp,0,2025-02-08,02,quantile,0.15,16.042415992567292
2025-02-08,wk inc flu hosp,0,2025-02-08,02,quantile,0.2,17.71631895157781
2025-02-08,wk inc flu hosp,0,2025-02-08,02,quantile,0.25,18.484057093544266
2025-02-08,wk inc flu hosp,0,2025-02-08,02,quantile,0.3,19.185307698372185
2025-02-08,wk inc flu hosp,0,2025-02-08,02,quantile,0.35,21.069735207569565
2025-02-08,wk inc flu hosp,0,2025-02-08,02,quantile,0.4,21.26655488271181
2025-02-08,wk inc flu hosp,0,2025-02-08,02,quantile,0.45,22.422672831823107
2025-02-08,wk inc flu hosp,0,2025-02-08,02,quantile,0.5,24.29185126317917
2025-02-08,wk inc flu hosp,0,2025-02-08,02,quantile,0.55,26.532443222856482
2025-02-08,wk inc flu hosp,0,2025-02-08,02,quantile,0.6,26.555323072897124
2025-02-08,wk inc flu hosp,0,2025-02-08,02,quantile,0.65,29.49667227759532
2025-02-08,wk inc flu hosp,0,2025-02-08,02,quantile,0.7,30.15424885503942
2025-02-08,wk inc flu hosp,0,2025-02-08,02,quantile,0.75,31.092674298773616
2025-02-08,wk inc flu hosp,0,2025-02-08,02,quantile,0.8,36.877073309937465
2025-02-08,wk inc flu hosp,0,2025-02-08,02,quantile,0.85,37.126459360009356
2025-02-08,wk inc flu hosp,0,2025-02-08,02,quantile,0.9,40.32597820103436
2025-02-08,wk inc flu hosp,0,2025-02-08,02,quantile,0.95,51.51842879351142
2025-02-08,wk inc flu hosp,0,2025-02-08,02,quantile,0.975,58.043524359313366
2025-02-08,wk inc flu hosp,0,2025-02-08,02,quantile,0.99,62.53371633026772
2025-02-08,wk inc flu hosp,1,2025-02-15,02,quantile,0.01,0.0
2025-02-08,wk inc flu hosp,1,2025-02-15,02,quantile,0.025,1.3826222299196331
2025-02-08,wk inc flu hosp,1,2025-02-15,02,quantile,0.05,4.896618133555221
2025-02-08,wk inc flu hosp,1,2025-02-15,02,quantile,0.1,10.273296224587106
2025-02-08,wk inc flu hosp,1,2025-02-15,02,quantile,0.15,12.841152187569683
2025-02-08,wk inc flu hosp,1,2025-02-15,02,quantile,0.2,14.611653321886244
2025-02-08,wk inc flu hosp,1,2025-02-15,02,quantile,0.25,16.072597168026206
2025-02-08,wk inc flu hosp,1,2025-02-15,02,quantile,0.3,17.849594254747732
2025-02-08,wk inc flu hosp,1,2025-02-15,02,quantile,0.35,19.664573224857826
2025-02-08,wk inc flu hosp,1,2025-02-15,02,quantile,0.4,21.57596698944309
2025-02-08,wk inc flu hosp,1,2025-02-15,02,quantile,0.45,22.826537219966564
2025-02-08,wk inc flu hosp,1,2025-02-15,02,quantile,0.5,24.71197644044065
2025-02-08,wk inc flu hosp,1,2025-02-15,02,quantile,0.55,26.489605944840154
2025-02-08,wk inc flu hosp,1,2025-02-15,02,quantile,0.6,28.893497574336724
2025-02-08,wk inc flu hosp,1,2025-02-15,02,quantile,0.65,31.39422212446475
2025-02-08,wk inc flu hosp,1,2025-02-15,02,quantile,0.7,33.97888815502843
2025-02-08,wk inc flu hosp,1,2025-02-15,02,quantile,0.75,36.6468395253485
2025-02-08,wk inc flu hosp,1,2025-02-15,02,quantile,0.8,39.01138291428968
2025-02-08,wk inc flu hosp,1,2025-02-15,02,quantile,0.85,42.99154809247821
2025-02-08,wk inc flu hosp,1,2025-02-15,02,quantile,0.9,49.13287938455514
2025-02-08,wk inc flu hosp,1,2025-02-15,02,quantile,0.95,61.01562141441253
2025-02-08,wk inc flu hosp,1,2025-02-15,02,quantile,0.975,74.8645622241863
2025-02-08,wk inc flu hosp,1,2025-02-15,02,quantile,0.99,90.36063055140995
2025-02-08,wk inc flu hosp,2,2025-02-22,02,quantile,0.01,0.0
2025-02-08,wk inc flu hosp,2,2025-02-22,02,quantile,0.025,0.2554936395685085
2025-02-08,wk inc flu hosp,2,2025-02-22,02,quantile,0.05,4.867983180296454
2025-02-08,wk inc flu hosp,2,2025-02-22,02,quantile,0.1,8.48114471071588
2025-02-08,wk inc flu hosp,2,2025-02-22,02,quantile,0.15,11.09187071712265
2025-02-08,wk inc flu hosp,2,2025-02-22,02,quantile,0.2,12.576868098077348
2025-02-08,wk inc flu hosp,2,2025-02-22,02,quantile,0.25,14.407872715914948
2025-02-08,wk inc flu hosp,2,2025-02-22,02,quantile,0.3,16.100223941934342
2025-02-08,wk inc flu hosp,2,2025-02-22,02,quantile,0.35,17.564005970802683
2025-02-08,wk inc flu hosp,2,2025-02-22,02,quantile,0.4,19.5971116425154
2025-02-08,wk inc flu hosp,2,2025-02-22,02,quantile,0.45,21.94635114073116
2025-02-08,wk inc flu hosp,2,2025-02-22,02,quantile,0.5,24.199526126342334
2025-02-08,wk inc flu hosp,2,2025-02-22,02,quantile,0.55,26.38148687697286
2025-02-08,wk inc flu hosp,2,2025-02-22,02,quantile,0.6,29.613342962736056
2025-02-08,wk inc flu hosp,2,2025-02-22,02,quantile,0.65,32.898883577553
2025-02-08,wk inc flu hosp,2,2025-02-22,02,quantile,0.7,36.011104743150504
2025-02-08,wk inc flu hosp,2,2025-02-22,02,quantile,0.75,39.91573241195268
2025-02-08,wk inc flu hosp,2,2025-02-22,02,quantile,0.8,44.254233700678306
2025-02-08,wk inc flu hosp,2,2025-02-22,02,quantile,0.85,48.916344232166416
2025-02-08,wk inc flu hosp,2,2025-02-22,02,quantile,0.9,56.031586659118645
2025-02-08,wk inc flu hosp,2,2025-02-22,02,quantile,0.95,69.9657502280852
2025-02-08,wk inc flu hosp,2,2025-02-22,02,quantile,0.975,82.07917448512765
2025-02-08,wk inc flu hosp,2,2025-02-22,02,quantile,0.99,90.24345247009768
2025-02-08,wk inc flu hosp,3,2025-03-01,02,quantile,0.01,0.0
2025-02-08,wk inc flu hosp,3,2025-03-01,02,quantile,0.025,0.0
2025-02-08,wk inc flu hosp,3,2025-03-01,02,quantile,0.05,4.03633304120382
2025-02-08,wk inc flu hosp,3,2025-03-01,02,quantile,0.1,7.733106805333187
2025-02-08,wk inc flu hosp,3,2025-03-01,02,quantile,0.15,10.071325158154583
2025-02-08,wk inc flu hosp,3,2025-03-01,02,quantile,0.2,12.243307845731332
2025-02-08,wk inc flu hosp,3,2025-03-01,02,quantile,0.25,14.16278789629018
2025-02-08,wk inc flu hosp,3,2025-03-01,02,quantile,0.3,16.124463349721843
2025-02-08,wk inc flu hosp,3,2025-03-01,02,quantile,0.35,18.01608722782226
2025-02-08,wk inc flu hosp,3,2025-03-01,02,quantile,0.4,20.16446489977278
2025-02-08,wk inc flu hosp,3,2025-03-01,02,quantile,0.45,23.318891103850248
2025-02-08,wk inc flu hosp,3,2025-03-01,02,quantile,0.5,25.561643497763587
2025-02-08,wk inc flu hosp,3,2025-03-01,02,quantile,0.55,28.69088413982829
2025-02-08,wk inc flu hosp,3,2025-03-01,02,quantile,0.6,31.570494910229694
2025-02-08,wk inc flu hosp,3,2025-03-01,02,quantile,0.65,35.64744270607237
2025-02-08,wk inc flu hosp,3,2025-03-01,02,quantile,0.7,39.57474290462258
2025-02-08,wk inc flu hosp,3,2025-03-01,02,quantile,0.75,43.70795791787853
2025-02-08,wk inc flu hosp,3,2025-03-01,02,quantile,0.8,48.30599222364995
2025-02-08,wk inc flu hosp,3,2025-03-01,02,quantile,0.85,54.42985677714758
2025-02-08,wk inc flu hosp,3,2025-03-01,02,quantile,0.9,61.057007520829885
2025-02-08,wk inc flu hosp,3,2025-03-01,02,quantile,0.95,74.40414642982837
2025-02-08,wk inc flu hosp,3,2025-03-01,02,quantile,0.975,89.46823153539842
2025-02-08,wk inc flu hosp,3,2025-03-01,02,quantile,0.99,104.0327085083179
2025-02-08,wk inc flu hosp,0,2025-02-08,04,quantile,0.01,207.71278805107258
2025-02-08,wk inc flu hosp,0,2025-02-08,04,quantile,0.025,274.9072869535931
2025-02-08,wk inc flu hosp,0,2025-02-08,04,quantile,0.05,365.90313935955993
2025-02-08,wk inc flu hosp,0,2025-02-08,04,quantile,0.1,478.5916957618811
2025-02-08,wk inc flu hosp,0,2025-02-08,04,quantile,0.15,494.3221153647237
2025-02-08,wk inc flu hosp,0,2025-02-08,04,quantile,0.2,533.5992946910742
2025-02-08,wk inc flu hosp,0,2025-02-08,04,quantile,0.25,556.4683222897972
2025-02-08,wk inc flu hosp,0,2025-02-08,04,quantile,0.3,572.4398374438675
2025-02-08,wk inc flu hosp,0,2025-02-08,04,quantile,0.35,614.133179455712
2025-02-08,wk inc flu hosp,0,2025-02-08,04,quantile,0.4,631.7722469357201
2025-02-08,wk inc flu hosp,0,2025-02-08,04,quantile,0.45,640.8927661049984
2025-02-08,wk inc flu hosp,0,2025-02-08,04,quantile,0.5,672.047068543298
2025-02-08,wk inc flu hosp,0,2025-02-08,04,quantile,0.55,679.5826681708073
2025-02-08,wk inc flu hosp,0,2025-02-08,04,quantile,0.6,721.6511044713127
2025-02-08,wk inc flu hosp,0,2025-02-08,04,quantile,0.65,726.5614611265597
2025-02-08,wk inc flu hosp,0,2025-02-08,04,quantile,0.7,758.4787426172106
2025-02-08,wk inc flu hosp,0,2025-02-08,04,quantile,0.75,777.2723853559824
2025-02-08,wk inc flu hosp,0,2025-02-08,04,quantile,0.8,839.0213330121393
2025-02-08,wk inc flu hosp,0,2025-02-08,04,quantile,0.85,844.4553005288645
2025-02-08,wk inc flu hosp,0,2025-02-08,04,quantile,0.9,905.1162386834283
2025-02-08,wk inc flu hosp,0,2025-02-08,04,quantile,0.95,1041.7846567849226
2025-02-08,wk inc flu hosp,0,2025-02-08,04,quantile,0.975,1054.631676959038
2025-02-08,wk inc flu hosp,0,2025-02-08,04,quantile,0.99,1207.4636967928536
2025-02-08,wk inc flu hosp,1,2025-02-15,04,quantile,0.01,127.52213020139885
2025-02-08,wk inc flu hosp,1,2025-02-15,04,quantile,0.025,155.12831354778712
2025-02-08,wk inc flu hosp,1,2025-02-15,04,quantile,0.05,211.2696645735792
2025-02-08,wk inc flu hosp,1,2025-02-15,04,quantile,0.1,260.86211065528636
2025-02-08,wk inc flu hosp,1,2025-02-15,04,quantile,0.15,315.35612472784067
2025-02-08,wk inc flu hosp,1,2025-02-15,04,quantile,0.2,348.7696132468969
2025-02-08,wk inc flu hosp,1,2025-02-15,04,quantile,0.25,380.5821135993644
2025-02-08,wk inc flu hosp,1,2025-02-15,04,quantile,0.3,410.9171057276355
2025-02-08,wk inc flu hosp,1,2025-02-15,04,quantile,0.35,443.8691193585004
2025-02-08,wk inc flu hosp,1,2025-02-15,04,quantile,0.4,471.772795473954
2025-02-08,wk inc flu hosp,1,2025-02-15,04,quantile,0.45,491.7874153605891
2025-02-08,wk inc flu hosp,1,2025-02-15,04,quantile,0.5,519.7162244306056
2025-02-08,wk inc flu hosp,1,2025-02-15,04,quantile,0.55,537.5149877319157
2025-02-08,wk inc flu hosp,1,2025-02-15,04,quantile,0.6,565.2676330739587
2025-02-08,wk inc flu hosp,1,2025-02-15,04,quantile,0.65,594.6397968169316
2025-02-08,wk inc flu hosp,1,2025-02-15,04,quantile,0.7,621.7891380966245
2025-02-08,wk inc flu hosp,1,2025-02-15,04,quantile,0.75,655.5573392169388
2025-02-08,wk inc flu hosp,1,2025-02-15,04,quantile,0.8,695.755182400821
2025-02-08,wk inc flu hosp,1,2025-02-15,04,quantile,0.85,753.2207347734243
2025-02-08,wk inc flu hosp,1,2025-02-15,04,quantile,0.9,825.0671686063515
2025-02-08,wk inc flu hosp,1,2025-02-15,04,quantile,0.95,941.0485000624868
2025-02-08,wk inc flu hosp,1,2025-02-15,04,quantile,0.975,1034.4677258995657
2025-02-08,wk inc flu hosp,1,2025-02-15,04,quantile,0.99,1121.7699270775179
2025-02-08,wk inc flu hosp,2,2025-02-22,04,quantile,0.01,18.339499525740855
2025-02-08,wk inc flu hosp,2,2025-02-22,04,quantile,0.025,62.91349809170282
2025-02-08,wk inc flu hosp,2,2025-02-22,04,quantile,0.05,106.6334118095804
2025-02-08,wk inc flu hosp,2,2025-02-22,04,quantile,0.1,157.69604909710526
2025-02-08,wk inc flu hosp,2,2025-02-22,04,quantile,0.15,191.8727379867149
2025-02-08,wk inc flu hosp,2,2025-02-22,04,quantile,0.2,223.48837099952345
2025-02-08,wk inc flu hosp,2,2025-02-22,04,quantile,0.25,252.57247718537184
2025-02-08,wk inc flu hosp,2,2025-02-22,04,quantile,0.3,281.6695291423535
2025-02-08,wk inc flu hosp,2,2025-02-22,04,quantile,0.35,305.998405393719
2025-02-08,wk inc flu hosp,2,2025-02-22,04,quantile,0.4,333.56790641318713
2025-02-08,wk inc flu hosp,2,2025-02-22,04,quantile,0.45,361.66763362416316
2025-02-08,wk inc flu hosp,2,2025-02-22,04,quantile,0.5,387.8564708043124
2025-02-08,wk inc flu hosp,2,2025-02-22,04,quantile,0.55,413.93218162007236
2025-02-08,wk inc flu hosp,2,2025-02-22,04,quantile,0.6,440.48345133073633
2025-02-08,wk inc flu hosp,2,2025-02-22,04,quantile,0.65,468.31521029540255
2025-02-08,wk inc flu hosp,2,2025-02-22,04,quantile,0.7,490.72179512774244
2025-02-08,wk inc flu hosp,2,2025-02-22,04,quantile,0.75,529.4088118653061
2025-02-08,wk inc flu hosp,2,2025-02-22,04,quantile,0.8,571.0819388525406
2025-02-08,wk inc flu hosp,2,2025-02-22,04,quantile,0.85,632.60472722233
2025-02-08,wk inc flu hosp,2,2025-02-22,04,quantile,0.9,705.5568223467827
2025-02-08,wk inc flu hosp,2,2025-02-22,04,quantile,0.95,854.4481037263603
2025-02-08,wk inc flu hosp,2,2025-02-22,04,quantile,0.975,952.3218874987207
2025-02-08,wk inc flu hosp,2,2025-02-22,04,quantile,0.99,1077.1649420846875
2025-02-08,wk inc flu hosp,3,2025-03-01,04,quantile,0.01,0.0
2025-02-08,wk inc flu hosp,3,2025-03-01,04,quantile,0.025,17.399808608855256
2025-02-08,wk inc flu hosp,3,2025-03-01,04,quantile,0.05,40.91985205411767
2025-02-08,wk inc flu hosp,3,2025-03-01,04,quantile,0.1,77.84419171297571
2025-02-08,wk inc flu hosp,3,2025-03-01,04,quantile,0.15,109.21016906064669
2025-02-08,wk inc flu hosp,3,2025-03-01,04,quantile,0.2,133.62708492738375
2025-02-08,wk inc flu hosp,3,2025-03-01,04,quantile,0.25,154.10996039606658
2025-02-08,wk inc flu hosp,3,2025-03-01,04,quantile,0.3,172.2470768690903
2025-02-08,wk inc flu hosp,3,2025-03-01,04,quantile,0.35,193.44843361870943
2025-02-08,wk inc flu hosp,3,2025-03-01,04,quantile,0.4,213.00466607013868
2025-02-08,wk inc flu hosp,3,2025-03-01,04,quantile,0.45,235.61014638066385
2025-02-08,wk inc flu hosp,3,2025-03-01,04,quantile,0.5,261.3702015342163
2025-02-08,wk inc flu hosp,3,2025-03-01,04,quantile,0.55,287.6097821663225
2025-02-08,wk inc flu hosp,3,2025-03-01,04,quantile,0.6,313.2144004129278
2025-02-08,wk inc flu hosp,3,2025-03-01,04,quantile,0.65,342.2233663598756
2025-02-08,wk inc flu hosp,3,2025-03-01,04,quantile,0.7,373.87021369283605
2025-02-08,wk inc flu hosp,3,2025-03-01,04,quantile,0.75,408.23091108375115
2025-02-08,wk inc flu hosp,3,2025-03-01,04,quantile,0.8,455.04934658497075
2025-02-08,wk inc flu hosp,3,2025-03-01,04,quantile,0.85,512.3101988693913
2025-02-08,wk inc flu hosp,3,2025-03-01,04,quantile,0.9,582.6944509485062
2025-02-08,wk inc flu hosp,3,2025-03-01,04,quantile,0.95,732.4860021219548
2025-02-08,wk inc flu hosp,3,2025-03-01,04,quantile,0.975,854.8436205763132
2025-02-08,wk inc flu hosp,3,2025-03-01,04,quantile,0.99,970.5530518047432
2025-02-08,wk inc flu hosp,0,2025-02-08,05,quantile,0.01,109.57849025390608
2025-02-08,wk inc flu hosp,0,2025-02-08,05,quantile,0.025,166.91585024028586
2025-02-08,wk inc flu hosp,0,2025-02-08,05,quantile,0.05,200.2408690806809
2025-02-08,wk inc flu hosp,0,2025-02-08,05,quantile,0.1,284.8278366419366
2025-02-08,wk inc flu hosp,0,2025-02-08,05,quantile,0.15,336.5819964890695
2025-02-08,wk inc flu hosp,0,2025-02-08,05,quantile,0.2,346.1585874837505
2025-02-08,wk inc flu hosp,0,2025-02-08,05,quantile,0.25,391.7802574297125
2025-02-08,wk inc flu hosp,0,2025-02-08,05,quantile,0.3,404.37317889120544
2025-02-08,wk inc flu hosp,0,2025-02-08,05,quantile,0.35,417.1952183039339
2025-02-08,wk inc flu hosp,0,2025-02-08,05,quantile,0.4,424.98212429046237
2025-02-08,wk inc flu hosp,0,2025-02-08,05,quantile,0.45,469.7354908481587
2025-02-08,wk inc flu hosp,0,2025-02-08,05,quantile,0.5,473.4583491873034
2025-02-08,wk inc flu hosp,0,2025-02-08,05,quantile,0.55,507.0559504709421
2025-02-08,wk inc flu hosp,0,2025-02-08,05,quantile,0.6,529.9321351659148
2025-02-08,wk inc flu hosp,0,2025-02-08,05,quantile,0.65,539.7087902884244
2025-02-08,wk inc flu hosp,0,2025-02-08,05,quantile,0.7,601.3007868635208
2025-02-08,wk inc flu hosp,0,2025-02-08,05,quantile,0.75,636.3873670946747
2025-02-08,wk inc flu hosp,0,2025-02-08,05,quantile,0.8,649.7978623234029
2025-02-08,wk inc flu hosp,0,2025-02-08,05,quantile,0.85,701.5686173434121
2025-02-08,wk inc flu hosp,0,2025-02-08,05,quantile,0.9,753.9281727230352
2025-02-08,wk inc flu hosp,0,2025-02-08,05,quantile,0.95,826.1397795671143
2025-02-08,wk inc flu hosp,0,2025-02-08,05,quantile,0.975,1021.6814611000034
2025-02-08,wk inc flu hosp,0,2025-02-08,05,quantile,0.99,1280.965725995631
2025-02-08,wk inc flu hosp,1,2025-02-15,05,quantile,0.01,89.64163849128829
2025-02-08,wk inc flu hosp,1,2025-02-15,05,quantile,0.025,140.9633333345369
2025-02-08,wk inc flu hosp,1,2025-02-15,05,quantile,0.05,180.20115452192945
2025-02-08,wk inc flu hosp,1,2025-02-15,05,quantile,0.1,241.5611335256696
2025-02-08,wk inc flu hosp,1,2025-02-15,05,quantile,0.15,288.1913851593804
2025-02-08,wk inc flu hosp,1,2025-02-15,05,quantile,0.2,324.8388724764635
2025-02-08,wk inc flu hosp,1,2025-02-15,05,quantile,0.25,355.54597054744806
2025-02-08,wk inc flu hosp,1,2025-02-15,05,quantile,0.3,388.6476739633009
2025-02-08,wk inc flu hosp,1,2025-02-15,05,quantile,0.35,424.291130671851
2025-02-08,wk inc flu hosp,1,2025-02-15,05,quantile,0.4,453.9639929188874
2025-02-08,wk inc flu hosp,1,2025-02-15,05,quantile,0.45,484.09959075941225
2025-02-08,wk inc flu hosp,1,2025-02-15,05,quantile,0.5,514.3247004919708
2025-02-08,wk inc flu hosp,1,2025-02-15,05,quantile,0.55,555.5888723392603
2025-02-08,wk inc flu hosp,1,2025-02-15,05,quantile,0.6,597.7935421295261
2025-02-08,wk inc flu hosp,1,2025-02-15,05,quantile,0.65,642.7094587393877
2025-02-08,wk inc flu hosp,1,2025-02-15,05,quantile,0.7,687.4687134576884
2025-02-08,wk inc flu hosp,1,2025-02-15,05,quantile,0.75,770.754327370584
2025-02-08,wk inc flu hosp,1,2025-02-15,05,quantile,0.8,815.7755503117105
2025-02-08,wk inc flu hosp,1,2025-02-15,05,quantile,0.85,908.3029760199104
2025-02-08,wk inc flu hosp,1,2025-02-15,05,quantile,0.9,1006.026306013729
2025-02-08,wk inc flu hosp,1,2025-02-15,05,quantile,0.95,1198.2150386002595
2025-02-08,wk inc flu hosp,1,2025-02-15,05,quantile,0.975,1354.6317382998393
2025-02-08,wk inc flu hosp,1,2025-02-15,05,quantile,0.99,1552.2410046690154
2025-02-08,wk inc flu hosp,2,2025-02-22,05,quantile,0.01,46.3268893641785
2025-02-08,wk inc flu hosp,2,2025-02-22,05,quantile,0.025,84.42563258400251
2025-02-08,wk inc flu hosp,2,2025-02-22,05,quantile,0.05,154.62595023047277
2025-02-08,wk inc flu hosp,2,2025-02-22,05,quantile,0.1,203.55551348609956
2025-02-08,wk inc flu hosp,2,2025-02-22,05,quantile,0.15,243.2271899861029
2025-02-08,wk inc flu hosp,2,2025-02-22,05,quantile,0.2,294.8451507892236
2025-02-08,wk inc flu hosp,2,2025-02-22,05,quantile,0.25,330.31178086005764
2025-02-08,wk inc flu hosp,2,2025-02-22,05,quantile,0.3,384.2408436631093
2025-02-08,wk inc flu hosp,2,2025-02-22,05,quantile,0.35,413.5019092016995
2025-02-08,wk inc flu hosp,2,2025-02-22,05,quantile,0.4,453.9550395316293
2025-02-08,wk inc flu hosp,2,2025-02-22,05,quantile,0.45,490.9352693912693
2025-02-08,wk inc flu hosp,2,2025-02-22,05,quantile,0.5,548.4614379317738
2025-02-08,wk inc flu hosp,2,2025-02-22,05,quantile,0.55,590.2808154917384
2025-02-08,wk inc flu hosp,2,2025-02-22,05,quantile,0.6,648.1072701898036
2025-02-08,wk inc flu hosp,2,2025-02-22,05,quantile,0.65,696.3865346531899
2025-02-08,wk inc flu hosp,2,2025-02-22,05,quantile,0.7,771.6907637136981
2025-02-08,wk inc flu hosp,2,2025-02-22,05,quantile,0.75,860.7060307336221
2025-02-08,wk inc flu hosp,2,2025-02-22,05,quantile,0.8,948.0827013219891
2025-02-08,wk inc flu hosp,2,2025-02-22,05,quantile,0.85,1036.5859233490094
2025-02-08,wk inc flu hosp,2,2025-02-22,05,quantile,0.9,1160.4131463601148
2025-02-08,wk inc flu hosp,2,2025-02-22,05,quantile,0.95,1377.294965898313
2025-02-08,wk inc flu hosp,2,2025-02-22,05,quantile,0.975,1531.6394796639793
2025-02-08,wk inc flu hosp,2,2025-02-22,05,quantile,0.99,1691.358369744007
2025-02-08,wk inc flu hosp,3,2025-03-01,05,quantile,0.01,67.874707339441
2025-02-08,wk inc flu hosp,3,2025-03-01,05,quantile,0.025,95.45051240374934
2025-02-08,wk inc flu hosp,3,2025-03-01,05,quantile,0.05,127.53194705787223
2025-02-08,wk inc flu hosp,3,2025-03-01,05,quantile,0.1,177.6298785029421
2025-02-08,wk inc flu hosp,3,2025-03-01,05,quantile,0.15,218.2629256161169
2025-02-08,wk inc flu hosp,3,2025-03-01,05,quantile,0.2,255.8304807384337
2025-02-08,wk inc flu hosp,3,2025-03-01,05,quantile,0.25,288.305895199385
2025-02-08,wk inc flu hosp,3,2025-03-01,05,quantile,0.3,334.7845504548422
2025-02-08,wk inc flu hosp,3,2025-03-01,05,quantile,0.35,370.09475439924665
2025-02-08,wk inc flu hosp,3,2025-03-01,05,quantile,0.4,414.6234670997563
2025-02-08,wk inc flu hosp,3,2025-03-01,05,quantile,0.45,449.3478369128517
2025-02-08,wk inc flu hosp,3,2025-03-01,05,quantile,0.5,507.3074319709648
2025-02-08,wk inc flu hosp,3,2025-03-01,05,quantile,0.55,570.4659476185266
2025-02-08,wk inc flu hosp,3,2025-03-01,05,quantile,0.6,625.1894194279669
2025-02-08,wk inc flu hosp,3,2025-03-01,05,quantile,0.65,692.7741574560768
2025-02-08,wk inc flu hosp,3,2025-03-01,05,quantile,0.7,734.76656770391
2025-02-08,wk inc flu hosp,3,2025-03-01,05,quantile,0.75,814.956055120045
2025-02-08,wk inc flu hosp,3,2025-03-01,05,quantile,0.8,904.5533948653984
2025-02-08,wk inc flu hosp,3,2025-03-01,05,quantile,0.85,1006.0001572065952
2025-02-08,wk inc flu hosp,3,2025-03-01,05,quantile,0.9,1126.4554693903435
2025-02-08,wk inc flu hosp,3,2025-03-01,05,quantile,0.95,1318.1864896106288
2025-02-08,wk inc flu hosp,3,2025-03-01,05,quantile,0.975,1469.108705980924
2025-02-08,wk inc flu hosp,3,2025-03-01,05,quantile,0.99,1629.0687626766482
2025-02-08,wk inc flu hosp,0,2025-02-08,06,quantile,0.01,395.27697856149416
2025-02-08,wk inc flu hosp,0,2025-02-08,06,quantile,0.025,1546.8874172700205
2025-02-08,wk inc flu hosp,0,2025-02-08,06,quantile,0.05,2074.273417575113
2025-02-08,wk inc flu hosp,0,2025-02-08,06,quantile,0.1,2161.342206922118
2025-02-08,wk inc flu hosp,0,2025-02-08,06,quantile,0.15,2199.049973528099
2025-02-08,wk inc flu hosp,0,2025-02-08,06,quantile,0.2,2223.1533990611833
2025-02-08,wk inc flu hosp,0,2025-02-08,06,quantile,0.25,2433.6930833350198
2025-02-08,wk inc flu hosp,0,2025-02-08,06,quantile,0.3,2505.9979025697867
2025-02-08,wk inc flu hosp,0,2025-02-08,06,quantile,0.35,2524.6533584603485
2025-02-08,wk inc flu hosp,0,2025-02-08,06,quantile,0.4,2566.051785917588
2025-02-08,wk inc flu hosp,0,2025-02-08,06,quantile,0.45,2582.4858520841003
2025-02-08,wk inc flu hosp,0,2025-02-08,06,quantile,0.5,2689.7101622622986
2025-02-08,wk inc flu hosp,0,2025-02-08,06,quantile,0.55,2716.3218667439396
2025-02-08,wk inc flu hosp,0,2025-02-08,06,quantile,0.6,2775.3313230254516
2025-02-08,wk inc flu hosp,0,2025-02-08,06,quantile,0.65,2847.709288050732
2025-02-08,wk inc flu hosp,0,2025-02-08,06,quantile,0.7,2940.107915983295
2025-02-08,wk inc flu hosp,0,2025-02-08,06,quantile,0.75,2967.007763135201
2025-02-08,wk inc flu hosp,0,2025-02-08,06,quantile,0.8,3320.1805195743927
2025-02-08,wk inc flu hosp,0,2025-02-08,06,quantile,0.85,3486.3341526305026
2025-02-08,wk inc flu hosp,0,2025-02-08,06,quantile,0.9,3609.274195951885
2025-02-08,wk inc flu hosp,0,2025-02-08,06,quantile,0.95,3785.987220614301
2025-02-08,wk inc flu hosp,0,2025-02-08,06,quantile,0.975,4318.306243752813
2025-02-08,wk inc flu hosp,0,2025-02-08,06,quantile,0.99,4323.317282766366
2025-02-08,wk inc flu hosp,1,2025-02-15,06,quantile,0.01,307.10682313416936
2025-02-08,wk inc flu hosp,1,2025-02-15,06,quantile,0.025,1017.4163805899962
2025-02-08,wk inc flu hosp,1,2025-02-15,06,quantile,0.05,1624.806976692931
2025-02-08,wk inc flu hosp,1,2025-02-15,06,quantile,0.1,1933.5154503362464
2025-02-08,wk inc flu hosp,1,2025-02-15,06,quantile,0.15,2026.0692035547554
2025-02-08,wk inc flu hosp,1,2025-02-15,06,quantile,0.2,2075.609376895083
2025-02-08,wk inc flu hosp,1,2025-02-15,06,quantile,0.25,2159.2152605109504
2025-02-08,wk inc flu hosp,1,2025-02-15,06,quantile,0.3,2289.262613565857
2025-02-08,wk inc flu hosp,1,2025-02-15,06,quantile,0.35,2344.938696544697
2025-02-08,wk inc flu hosp,1,2025-02-15,06,quantile,0.4,2405.2730329624073
2025-02-08,wk inc flu hosp,1,2025-02-15,06,quantile,0.45,2456.509467415051
2025-02-08,wk inc flu hosp,1,2025-02-15,06,quantile,0.5,2510.4456015677397
2025-02-08,wk inc flu hosp,1,2025-02-15,06,quantile,0.55,2554.2792003849613
2025-02-08,wk inc flu hosp,1,2025-02-15,06,quantile,0.6,2602.5260389254736
2025-02-08,wk inc flu hosp,1,2025-02-15,06,quantile,0.65,2690.2316309547446
2025-02-08,wk inc flu hosp,1,2025-02-15,06,quantile,0.7,2771.6331913074237
2025-02-08,wk inc flu hosp,1,2025-02-15,06,quantile,0.75,2871.1594435776487
2025-02-08,wk inc flu hosp,1,2025-02-15,06,quantile,0.8,2983.644429162722
2025-02-08,wk inc flu hosp,1,2025-02-15,06,quantile,0.85,3168.821881463666
2025-02-08,wk inc flu hosp,1,2025-02-15,06,quantile,0.9,3357.5528708921847
2025-02-08,wk inc flu hosp,1,2025-02-15,06,quantile,0.95,3541.6124671427137
2025-02-08,wk inc flu hosp,1,2025-02-15,06,quantile,0.975,3997.213286272107
2025-02-08,wk inc flu hosp,1,2025-02-15,06,quantile,0.99,4201.08800664177
2025-02-08,wk inc flu hosp,2,2025-02-22,06,quantile,0.01,296.4587243558775
2025-02-08,wk inc flu hosp,2,2025-02-22,06,quantile,0.025,953.270561318354
2025-02-08,wk inc flu hosp,2,2025-02-22,06,quantile,0.05,1338.2293919514295
2025-02-08,wk inc flu hosp,2,2025-02-22,06,quantile,0.1,1726.9778262880702
2025-02-08,wk inc flu hosp,2,2025-02-22,06,quantile,0.15,1894.614115840188
2025-02-08,wk inc flu hosp,2,2025-02-22,06,quantile,0.2,1975.6950573515514
2025-02-08,wk inc flu hosp,2,2025-02-22,06,quantile,0.25,2058.3932671744046
2025-02-08,wk inc flu hosp,2,2025-02-22,06,quantile,0.3,2185.085808524706
2025-02-08,wk inc flu hosp,2,2025-02-22,06,quantile,0.35,2251.131223540385
2025-02-08,wk inc flu hosp,2,2025-02-22,06,quantile,0.4,2298.8857699146893
2025-02-08,wk inc flu hosp,2,2025-02-22,06,quantile,0.45,2350.37705567136
2025-02-08,wk inc flu hosp,2,2025-02-22,06,quantile,0.5,2392.4848779274826
2025-02-08,wk inc flu hosp,2,2025-02-22,06,quantile,0.55,2432.7685965843566
2025-02-08,wk inc flu hosp,2,2025-02-22,06,quantile,0.6,2487.350086082262
2025-02-08,wk inc flu hosp,2,2025-02-22,06,quantile,0.65,2558.6780029848096
2025-02-08,wk inc flu hosp,2,2025-02-22,06,quantile,0.7,2639.366143447357
2025-02-08,wk inc flu hosp,2,2025-02-22,06,quantile,0.75,2739.316070495025
2025-02-08,wk inc flu hosp,2,2025-02-22,06,quantile,0.8,2851.2378953526795
2025-02-08,wk inc flu hosp,2,2025-02-22,06,quantile,0.85,3011.301106589298
2025-02-08,wk inc flu hosp,2,2025-02-22,06,quantile,0.9,3172.3811757377143
2025-02-08,wk inc flu hosp,2,2025-02-22,06,quantile,0.95,3379.698309240977
2025-02-08,wk inc flu hosp,2,2025-02-22,06,quantile,0.975,3639.780308209872
2025-02-08,wk inc flu hosp,2,2025-02-22,06,quantile,0.99,4030.6369888646277
2025-02-08,wk inc flu hosp,3,2025-03-01,06,quantile,0.01,0.0
2025-02-08,wk inc flu hosp,3,2025-03-01,06,quantile,0.025,756.3849278019525
2025-02-08,wk inc flu hosp,3,2025-03-01,06,quantile,0.05,1184.9412069514149
2025-02-08,wk inc flu hosp,3,2025-03-01,06,quantile,0.1,1437.4624484574524
2025-02-08,wk inc flu hosp,3,2025-03-01,06,quantile,0.15,1536.8785388818037
2025-02-08,wk inc flu hosp,3,2025-03-01,06,quantile,0.2,1613.1475230960832
2025-02-08,wk inc flu hosp,3,2025-03-01,06,quantile,0.25,1673.6052407249192
2025-02-08,wk inc flu hosp,3,2025-03-01,06,quantile,0.3,1758.7306140269077
2025-02-08,wk inc flu hosp,3,2025-03-01,06,quantile,0.35,1847.117165572426
2025-02-08,wk inc flu hosp,3,2025-03-01,06,quantile,0.4,1925.4561029720014
2025-02-08,wk inc flu hosp,3,2025-03-01,06,quantile,0.45,1968.3896166926997
2025-02-08,wk inc flu hosp,3,2025-03-01,06,quantile,0.5,2013.8113827949148
2025-02-08,wk inc flu hosp,3,2025-03-01,06,quantile,0.55,2045.3432527166572
2025-02-08,wk inc flu hosp,3,2025-03-01,06,quantile,0.6,2086.876098636257
2025-02-08,wk inc flu hosp,3,2025-03-01,06,quantile,0.65,2141.6129490625212
2025-02-08,wk inc flu hosp,3,2025-03-01,06,quantile,0.7,2195.646610359433
2025-02-08,wk inc flu hosp,3,2025-03-01,06,quantile,0.75,2311.7848538445796
2025-02-08,wk inc flu hosp,3,2025-03-01,06,quantile,0.8,2421.1236451036048
2025-02-08,wk inc flu hosp,3,2025-03-01,06,quantile,0.85,2578.3691109065094
2025-02-08,wk inc flu hosp,3,2025-03-01,06,quantile,0.9,2742.984573114284
2025-02-08,wk inc flu hosp,3,2025-03-01,06,quantile,0.95,2937.265777531496
2025-02-08,wk inc flu hosp,3,2025-03-01,06,quantile,0.975,3317.622178668244
2025-02-08,wk inc flu hosp,3,2025-03-01,06,quantile,0.99,3619.559885901789
2025-02-08,wk inc flu hosp,0,2025-02-08,08,quantile,0.01,0.0
2025-02-08,wk inc flu hosp,0,2025-02-08,08,quantile,0.025,41.3431791012142
2025-02-08,wk inc flu hosp,0,2025-02-08,08,quantile,0.05,303.97485473630206
2025-02-08,wk inc flu hosp,0,2025-02-08,08,quantile,0.1,342.2792680994373
2025-02-08,wk inc flu hosp,0,2025-02-08,08,quantile,0.15,349.53813923415777
2025-02-08,wk inc flu hosp,0,2025-02-08,08,quantile,0.2,398.58330863036645
2025-02-08,wk inc flu hosp,0,2025-02-08,08,quantile,0.25,402.7944651574823
2025-02-08,wk inc flu hosp,0,2025-02-08,08,quantile,0.3,411.5598109948759
2025-02-08,wk inc flu hosp,0,2025-02-08,08,quantile,0.35,418.82135240856996
2025-02-08,wk inc flu hosp,0,2025-02-08,08,quantile,0.4,427.7851106046834
2025-02-08,wk inc flu hosp,0,2025-02-08,08,quantile,0.45,457.1199530727191
2025-02-08,wk inc flu hosp,0,2025-02-08,08,quantile,0.5,476.1465038227151
2025-02-08,wk inc flu hosp,0,2025-02-08,08,quantile,0.55,487.98711110838434
2025-02-08,wk inc flu hosp,0,2025-02-08,08,quantile,0.6,503.2646250701349
2025-02-08,wk inc flu hosp,0,2025-02-08,08,quantile,0.65,513.4892999720975
2025-02-08,wk inc flu hosp,0,2025-02-08,08,quantile,0.7,522.7104805194242
2025-02-08,wk inc flu hosp,0,2025-02-08,08,quantile,0.75,551.7165113505613
2025-02-08,wk inc flu hosp,0,2025-02-08,08,quantile,0.8,583.0852903275412
2025-02-08,wk inc flu hosp,0,2025-02-08,08,quantile,0.85,606.9579825493697
2025-02-08,wk inc flu hosp,0,2025-02-08,08,quantile,0.9,625.6525404310282
2025-02-08,wk inc flu hosp,0,2025-02-08,08,quantile,0.95,659.1563350782568
2025-02-08,wk inc flu hosp,0,2025-02-08,08,quantile,0.975,771.0134538939823
2025-02-08,wk inc flu hosp,0,2025-02-08,08,quantile,0.99,781.2782451019519
2025-02-08,wk inc flu hosp,1,2025-02-15,08,quantile,0.01,0.0
2025-02-08,wk inc flu hosp,1,2025-02-15,08,quantile,0.025,43.72621963076412
2025-02-08,wk inc flu hosp,1,2025-02-15,08,quantile,0.05,117.50273985137844
2025-02-08,wk inc flu hosp,1,2025-02-15,08,quantile,0.1,246.37884484497468
2025-02-08,wk inc flu hosp,1,2025-02-15,08,quantile,0.15,286.7409580456446
2025-02-08,wk inc flu hosp,1,2025-02-15,08,quantile,0.2,315.47237206172974
2025-02-08,wk inc flu hosp,1,2025-02-15,08,quantile,0.25,342.00386569002944
2025-02-08,wk inc flu hosp,1,2025-02-15,08,quantile,0.3,363.92227912876564
2025-02-08,wk inc flu hosp,1,2025-02-15,08,quantile,0.35,385.4117218241408
2025-02-08,wk inc flu hosp,1,2025-02-15,08,quantile,0.4,399.14404152393956
2025-02-08,wk inc flu hosp,1,2025-02-15,08,quantile,0.45,414.8243093845992
2025-02-08,wk inc flu hosp,1,2025-02-15,08,quantile,0.5,432.7114392540676
2025-02-08,wk inc flu hosp,1,2025-02-15,08,quantile,0.55,450.76645595640133
2025-02-08,wk inc flu hosp,1,2025-02-15,08,quantile,0.6,471.20167101523236
2025-02-08,wk inc flu hosp,1,2025-02-15,08,quantile,0.65,492.11548059188397
2025-02-08,wk inc flu hosp,1,2025-02-15,08,quantile,0.7,515.2149617259493
2025-02-08,wk inc flu hosp,1,2025-02-15,08,quantile,0.75,546.6333591196147
2025-02-08,wk inc flu hosp,1,2025-02-15,08,quantile,0.8,567.375012894768
2025-02-08,wk inc flu hosp,1,2025-02-15,08,quantile,0.85,595.2975878692276
2025-02-08,wk inc flu hosp,1,2025-02-15,08,quantile,0.9,650.8072820865386
2025-02-08,wk inc flu hosp,1,2025-02-15,08,quantile,0.95,727.8535116776626
2025-02-08,wk inc flu hosp,1,2025-02-15,08,quantile,0.975,786.8786180983378
2025-02-08,wk inc flu hosp,1,2025-02-15,08,quantile,0.99,859.0223847812515
2025-02-08,wk inc flu hosp,2,2025-02-22,08,quantile,0.01,0.0
2025-02-08,wk inc flu hosp,2,2025-02-22,08,quantile,0.025,39.95899246975566
2025-02-08,wk inc flu hosp,2,2025-02-22,08,quantile,0.05,84.9670217041106
2025-02-08,wk inc flu hosp,2,2025-02-22,08,quantile,0.1,178.23627978915798
2025-02-08,wk inc flu hosp,2,2025-02-22,08,quantile,0.15,235.58043258927506
2025-02-08,wk inc flu hosp,2,2025-02-22,08,quantile,0.2,272.0156645631747
2025-02-08,wk inc flu hosp,2,2025-02-22,08,quantile,0.25,298.8777500608001
2025-02-08,wk inc flu hosp,2,2025-02-22,08,quantile,0.3,319.76991179820413
2025-02-08,wk inc flu hosp,2,2025-02-22,08,quantile,0.35,341.82118035328773
2025-02-08,wk inc flu hosp,2,2025-02-22,08,quantile,0.4,360.15123965526965
2025-02-08,wk inc flu hosp,2,2025-02-22,08,quantile,0.45,386.82866330790847
2025-02-08,wk inc flu hosp,2,2025-02-22,08,quantile,0.5,401.72446759835316
2025-02-08,wk inc flu hosp,2,2025-02-22,08,quantile,0.55,419.1367422582266
2025-02-08,wk inc flu hosp,2,2025-02-22,08,quantile,0.6,444.3138487925692
2025-02-08,wk inc flu hosp,2,2025-02-22,08,quantile,0.65,466.71640017318157
2025-02-08,wk inc flu hosp,2,2025-02-22,08,quantile,0.7,488.9070601401238
2025-02-08,wk inc flu hosp,2,2025-02-22,08,quantile,0.75,519.6067813177485
2025-02-08,wk inc flu hosp,2,2025-02-22,08,quantile,0.8,555.8401248603776
2025-02-08,wk inc flu hosp,2,2025-02-22,08,quantile,0.85,585.8300523506484
2025-02-08,wk inc flu hosp,2,2025-02-22,08,quantile,0.9,642.6131854179145
2025-02-08,wk inc flu hosp,2,2025-02-22,08,quantile,0.95,718.0167200725524
2025-02-08,wk inc flu hosp,2,2025-02-22,08,quantile,0.975,790.4979011801576
2025-02-08,wk inc flu hosp,2,2025-02-22,08,quantile,0.99,865.7580701321347
2025-02-08,wk inc flu hosp,3,2025-03-01,08,quantile,0.01,0.0
2025-02-08,wk inc flu hosp,3,2025-03-01,08,quantile,0.025,33.60540828270474
2025-02-08,wk inc flu hosp,3,2025-03-01,08,quantile,0.05,70.30762113984348
2025-02-08,wk inc flu hosp,3,2025-03-01,08,quantile,0.1,136.6378411203263
2025-02-08,wk inc flu hosp,3,2025-03-01,08,quantile,0.15,169.56861716881852
2025-02-08,wk inc flu hosp,3,2025-03-01,08,quantile,0.2,213.50132800933827
2025-02-08,wk inc flu hosp,3,2025-03-01,08,quantile,0.25,244.989858923838
2025-02-08,wk inc flu hosp,3,2025-03-01,08,quantile,0.3,273.4794077760287
2025-02-08,wk inc flu hosp,3,2025-03-01,08,quantile,0.35,299.39504816251366
2025-02-08,wk inc flu hosp,3,2025-03-01,08,quantile,0.4,329.9303982076954
2025-02-08,wk inc flu hosp,3,2025-03-01,08,quantile,0.45,348.8304821770249
2025-02-08,wk inc flu hosp,3,2025-03-01,08,quantile,0.5,375.20801069436976
2025-02-08,wk inc flu hosp,3,2025-03-01,08,quantile,0.55,400.7598612105787
2025-02-08,wk inc flu hosp,3,2025-03-01,08,quantile,0.6,426.72256599200045
2025-02-08,wk inc flu hosp,3,2025-03-01,08,quantile,0.65,451.5523431643505
2025-02-08,wk inc flu hosp,3,2025-03-01,08,quantile,0.7,474.0529153412517
2025-02-08,wk inc flu hosp,3,2025-03-01,08,quantile,0.75,501.47761250279694
2025-02-08,wk inc flu hosp,3,2025-03-01,08,quantile,0.8,532.142964921201
2025-02-08,wk inc flu hosp,3,2025-03-01,08,quantile,0.85,566.7521227021032
2025-02-08,wk inc flu hosp,3,2025-03-01,08,quantile,0.9,607.4948400283321
2025-02-08,wk inc flu hosp,3,2025-03-01,08,quantile,0.95,678.0768893843747
2025-02-08,wk inc flu hosp,3,2025-03-01,08,quantile,0.975,738.2285333630425
2025-02-08,wk inc flu hosp,3,2025-03-01,08,quantile,0.99,827.8977051474739
2025-02-08,wk inc flu hosp,0,2025-02-08,09,quantile,0.01,174.62782586545546
2025-02-08,wk inc flu hosp,0,2025-02-08,09,quantile,0.025,207.7573162578685
2025-02-08,wk inc flu hosp,0,2025-02-08,09,quantile,0.05,268.25219725778635
2025-02-08,wk inc flu hosp,0,2025-02-08,09,quantile,0.1,304.52782331811164
2025-02-08,wk inc flu hosp,0,2025-02-08,09,quantile,0.15,315.1388406169101
2025-02-08,wk inc flu hosp,0,2025-02-08,09,quantile,0.2,343.83612646025597
2025-02-08,wk inc flu hosp,0,2025-02-08,09,quantile,0.25,347.1449221958286
2025-02-08,wk inc flu hosp,0,2025-02-08,09,quantile,0.3,348.27287976749545
2025-02-08,wk inc flu hosp,0,2025-02-08,09,quantile,0.35,348.48371123977785
2025-02-08,wk inc flu hosp,0,2025-02-08,09,quantile,0.4,356.2466363038522
2025-02-08,wk inc flu hosp,0,2025-02-08,09,quantile,0.45,370.86782409053654
2025-02-08,wk inc flu hosp,0,2025-02-08,09,quantile,0.5,399.4349632079061
2025-02-08,wk inc flu hosp,0,2025-02-08,09,quantile,0.55,412.3849075268484
2025-02-08,wk inc flu hosp,0,2025-02-08,09,quantile,0.6,420.8058444888297
2025-02-08,wk inc flu hosp,0,2025-02-08,09,quantile,0.65,441.3325249284896
2025-02-08,wk inc flu hosp,0,2025-02-08,09,quantile,0.7,456.51645413590177
2025-02-08,wk inc flu hosp,0,2025-02-08,09,quantile,0.75,466.0176271852428
2025-02-08,wk inc flu hosp,0,2025-02-08,09,quantile,0.8,475.071710587663
2025-02-08,wk inc flu hosp,0,2025-02-08,09,quantile,0.85,495.9632815995554
2025-02-08,wk inc flu hosp,0,2025-02-08,09,quantile,0.9,518.6534494390877
2025-02-08,wk inc flu hosp,0,2025-02-08,09,quantile,0.95,552.8364709579807
2025-02-08,wk inc flu hosp,0,2025-02-08,09,quantile,0.975,571.1758384673236
2025-02-08,wk inc flu hosp,0,2025-02-08,09,quantile,0.99,589.4470460543847
2025-02-08,wk inc flu hosp,1,2025-02-15,09,quantile,0.01,128.12469789751597
2025-02-08,wk inc flu hosp,1,2025-02-15,09,quantile,0.025,143.521994315598
2025-02-08,wk inc flu hosp,1,2025-02-15,09,quantile,0.05,174.99800503750157
2025-02-08,wk inc flu hosp,1,2025-02-15,09,quantile,0.1,216.74597085146894
2025-02-08,wk inc flu hosp,1,2025-02-15,09,quantile,0.15,247.4919921619331
2025-02-08,wk inc flu hosp,1,2025-02-15,09,quantile,0.2,270.99146276896414
2025-02-08,wk inc flu hosp,1,2025-02-15,09,quantile,0.25,286.6567574546315
2025-02-08,wk inc flu hosp,1,2025-02-15,09,quantile,0.3,297.8109897212663
2025-02-08,wk inc flu hosp,1,2025-02-15,09,quantile,0.35,309.1225632534382
2025-02-08,wk inc flu hosp,1,2025-02-15,09,quantile,0.4,321.14933323022774
2025-02-08,wk inc flu hosp,1,2025-02-15,09,quantile,0.45,332.59110866380155
2025-02-08,wk inc flu hosp,1,2025-02-15,09,quantile,0.5,343.7061109646954
2025-02-08,wk inc flu hosp,1,2025-02-15,09,quantile,0.55,358.65383386366494
2025-02-08,wk inc flu hosp,1,2025-02-15,09,quantile,0.6,368.448042537341
2025-02-08,wk inc flu hosp,1,2025-02-15,09,quantile,0.65,382.6175900850725
2025-02-08,wk inc flu hosp,1,2025-02-15,09,quantile,0.7,400.91105936682595
2025-02-08,wk inc flu hosp,1,2025-02-15,09,quantile,0.75,418.334251772302
2025-02-08,wk inc flu hosp,1,2025-02-15,09,quantile,0.8,438.1543921288566
2025-02-08,wk inc flu hosp,1,2025-02-15,09,quantile,0.85,454.4339763090582
2025-02-08,wk inc flu hosp,1,2025-02-15,09,quantile,0.9,473.1536849809232
2025-02-08,wk inc flu hosp,1,2025-02-15,09,quantile,0.95,511.87783389872345
2025-02-08,wk inc flu hosp,1,2025-02-15,09,quantile,0.975,544.5730942073784
2025-02-08,wk inc flu hosp,1,2025-02-15,09,quantile,0.99,577.6557770255614
2025-02-08,wk inc flu hosp,2,2025-02-22,09,quantile,0.01,74.3688913715775
2025-02-08,wk inc flu hosp,2,2025-02-22,09,quantile,0.025,97.43095140670361
2025-02-08,wk inc flu hosp,2,2025-02-22,09,quantile,0.05,123.43448441370323
2025-02-08,wk inc flu hosp,2,2025-02-22,09,quantile,0.1,159.4549193967658
2025-02-08,wk inc flu hosp,2,2025-02-22,09,quantile,0.15,193.87004171348178
2025-02-08,wk inc flu hosp,2,2025-02-22,09,quantile,0.2,218.00217018790593
2025-02-08,wk inc flu hosp,2,2025-02-22,09,quantile,0.25,231.89237655171578
2025-02-08,wk inc flu hosp,2,2025-02-22,09,quantile,0.3,250.0204844656072
2025-02-08,wk inc flu hosp,2,2025-02-22,09,quantile,0.35,267.7942064097558
2025-02-08,wk inc flu hosp,2,2025-02-22,09,quantile,0.4,279.8146827848883
2025-02-08,wk inc flu hosp,2,2025-02-22,09,quantile,0.45,291.69914202063194
2025-02-08,wk inc flu hosp,2,2025-02-22,09,quantile,0.5,306.10734642598004
2025-02-08,wk inc flu hosp,2,2025-02-22,09,quantile,0.55,320.7624389094977
2025-02-08,wk inc flu hosp,2,2025-02-22,09,quantile,0.6,331.604729330464
2025-02-08,wk inc flu hosp,2,2025-02-22,09,quantile,0.65,346.96307199220337
2025-02-08,wk inc flu hosp,2,2025-02-22,09,quantile,0.7,365.17236813806227
2025-02-08,wk inc flu hosp,2,2025-02-22,09,quantile,0.75,388.4379602276484
2025-02-08,wk inc flu hosp,2,2025-02-22,09,quantile,0.8,405.5352250422344
2025-02-08,wk inc flu hosp,2,2025-02-22,09,quantile,0.85,429.8783592861189
2025-02-08,wk inc flu hosp,2,2025-02-22,09,quantile,0.9,453.65385445766907
2025-02-08,wk inc flu hosp,2,2025-02-22,09,quantile,0.95,491.00130892499607
2025-02-08,wk inc flu hosp,2,2025-02-22,09,quantile,0.975,513.3152810938709
2025-02-08,wk inc flu hosp,2,2025-02-22,09,quantile,0.99,544.7125725352223
2025-02-08,wk inc flu hosp,3,2025-03-01,09,quantile,0.01,34.94937917177453
2025-02-08,wk inc flu hosp,3,2025-03-01,09,quantile,0.025,61.4826096922557
2025-02-08,wk inc flu hosp,3,2025-03-01,09,quantile,0.05,96.32590593386139
2025-02-08,wk inc flu hosp,3,2025-03-01,09,quantile,0.1,128.16764727773267
2025-02-08,wk inc flu hosp,3,2025-03-01,09,quantile,0.15,159.276524384686
2025-02-08,wk inc flu hosp,3,2025-03-01,09,quantile,0.2,178.3209466128083
2025-02-08,wk inc flu hosp,3,2025-03-01,09,quantile,0.25,191.88678621524764
2025-02-08,wk inc flu hosp,3,2025-03-01,09,quantile,0.3,207.71730082204857
2025-02-08,wk inc flu hosp,3,2025-03-01,09,quantile,0.35,223.85979643946084
2025-02-08,wk inc flu hosp,3,2025-03-01,09,quantile,0.4,237.5629168303947
2025-02-08,wk inc flu hosp,3,2025-03-01,09,quantile,0.45,252.91946065675475
2025-02-08,wk inc flu hosp,3,2025-03-01,09,quantile,0.5,266.8765784108821
2025-02-08,wk inc flu hosp,3,2025-03-01,09,quantile,0.55,281.2526365283489
2025-02-08,wk inc flu hosp,3,2025-03-01,09,quantile,0.6,293.5924835912461
2025-02-08,wk inc flu hosp,3,2025-03-01,09,quantile,0.65,305.6479826428317
2025-02-08,wk inc flu hosp,3,2025-03-01,09,quantile,0.7,321.5056987982791
2025-02-08,wk inc flu hosp,3,2025-03-01,09,quantile,0.75,336.8848119990753
2025-02-08,wk inc flu hosp,3,2025-03-01,09,quantile,0.8,354.54102839563257
2025-02-08,wk inc flu hosp,3,2025-03-01,09,quantile,0.85,374.8983337705378
2025-02-08,wk inc flu hosp,3,2025-03-01,09,quantile,0.9,409.0073126706651
2025-02-08,wk inc flu hosp,3,2025-03-01,09,quantile,0.95,458.9604796277537
2025-02-08,wk inc flu hosp,3,2025-03-01,09,quantile,0.975,496.6022536001248
2025-02-08,wk inc flu hosp,3,2025-03-01,09,quantile,0.99,523.3598884498412
2025-02-08,wk inc flu hosp,0,2025-02-08,10,quantile,0.01,39.32396238494312
2025-02-08,wk inc flu hosp,0,2025-02-08,10,quantile,0.025,45.381800872835086
2025-02-08,wk inc flu hosp,0,2025-02-08,10,quantile,0.05,58.94391533043242
2025-02-08,wk inc flu hosp,0,2025-02-08,10,quantile,0.1,79.89161639086845
2025-02-08,wk inc flu hosp,0,2025-02-08,10,quantile,0.15,101.36211789708496
2025-02-08,wk inc flu hosp,0,2025-02-08,10,quantile,0.2,107.26829577016488
2025-02-08,wk inc flu hosp,0,2025-02-08,10,quantile,0.25,117.92777329580193
2025-02-08,wk inc flu hosp,0,2025-02-08,10,quantile,0.3,127.14965263491219
2025-02-08,wk inc flu hosp,0,2025-02-08,10,quantile,0.35,131.94786496515832
2025-02-08,wk inc flu hosp,0,2025-02-08,10,quantile,0.4,149.51395540120595
2025-02-08,wk inc flu hosp,0,2025-02-08,10,quantile,0.45,156.68128168789374
2025-02-08,wk inc flu hosp,0,2025-02-08,10,quantile,0.5,159.69362248742115
2025-02-08,wk inc flu hosp,0,2025-02-08,10,quantile,0.55,164.46431723247315
2025-02-08,wk inc flu hosp,0,2025-02-08,10,quantile,0.6,178.65836100965444
2025-02-08,wk inc flu hosp,0,2025-02-08,10,quantile,0.65,181.19885991870393
2025-02-08,wk inc flu hosp,0,2025-02-08,10,quantile,0.7,188.89927474693957
2025-02-08,wk inc flu hosp,0,2025-02-08,10,quantile,0.75,223.9787257505146
2025-02-08,wk inc flu hosp,0,2025-02-08,10,quantile,0.8,229.24376967484415
2025-02-08,wk inc flu hosp,0,2025-02-08,10,quantile,0.85,248.77877788271672
2025-02-08,wk inc flu hosp,0,2025-02-08,10,quantile,0.9,267.94767300235793
2025-02-08,wk inc flu hosp,0,2025-02-08,10,quantile,0.95,303.1250047179824
2025-02-08,wk inc flu hosp,0,2025-02-08,10,quantile,0.975,326.00211170797826
2025-02-08,wk inc flu hosp,0,2025-02-08,10,quantile,0.99,333.5469901217398
2025-02-08,wk inc flu hosp,1,2025-02-15,10,quantile,0.01,29.34489575555528
2025-02-08,wk inc flu hosp,1,2025-02-15,10,quantile,0.025,39.47829843071865
2025-02-08,wk inc flu hosp,1,2025-02-15,10,quantile,0.05,47.822911935420024
2025-02-08,wk inc flu hosp,1,2025-02-15,10,quantile,0.1,64.86704005575073
2025-02-08,wk inc flu hosp,1,2025-02-15,10,quantile,0.15,78.2101235997225
2025-02-08,wk inc flu hosp,1,2025-02-15,10,quantile,0.2,93.87985876627255
2025-02-08,wk inc flu hosp,1,2025-02-15,10,quantile,0.25,105.68490522519019
2025-02-08,wk inc flu hosp,1,2025-02-15,10,quantile,0.3,115.76939310917543
2025-02-08,wk inc flu hosp,1,2025-02-15,10,quantile,0.35,127.96984794642765
2025-02-08,wk inc flu hosp,1,2025-02-15,10,quantile,0.4,139.0068341162788
2025-02-08,wk inc flu hosp,1,2025-02-15,10,quantile,0.45,147.9311141321087
2025-02-08,wk inc flu hosp,1,2025-02-15,10,quantile,0.5,161.33012841054173
2025-02-08,wk inc flu hosp,1,2025-02-15,10,quantile,0.55,172.40336109985194
2025-02-08,wk inc flu hosp,1,2025-02-15,10,quantile,0.6,185.03831623017493
2025-02-08,wk inc flu hosp,1,2025-02-15,10,quantile,0.65,197.74673925213133
2025-02-08,wk inc flu hosp,1,2025-02-15,10,quantile,0.7,212.06746421432217
2025-02-08,wk inc flu hosp,1,2025-02-15,10,quantile,0.75,230.29936757095115
2025-02-08,wk inc flu hosp,1,2025-02-15,10,quantile,0.8,247.75131168884144
2025-02-08,wk inc flu hosp,1,2025-02-15,10,quantile,0.85,274.9664244947216
2025-02-08,wk inc flu hosp,1,2025-02-15,10,quantile,0.9,306.93097075381735
2025-02-08,wk inc flu hosp,1,2025-02-15,10,quantile,0.95,343.30607012766893
2025-02-08,wk inc flu hosp,1,2025-02-15,10,quantile,0.975,369.88831813083704
2025-02-08,wk inc flu hosp,1,2025-02-15,10,quantile,0.99,419.39291330130794
2025-02-08,wk inc flu hosp,2,2025-02-22,10,quantile,0.01,14.5924182098704
2025-02-08,wk inc flu hosp,2,2025-02-22,10,quantile,0.025,28.494028284511927
2025-02-08,wk inc flu hosp,2,2025-02-22,10,quantile,0.05,37.716550689304334
2025-02-08,wk inc flu hosp,2,2025-02-22,10,quantile,0.1,52.82990118721531
2025-02-08,wk inc flu hosp,2,2025-02-22,10,quantile,0.15,70.10769910815823
2025-02-08,wk inc flu hosp,2,2025-02-22,10,quantile,0.2,87.52761426796734
2025-02-08,wk inc flu hosp,2,2025-02-22,10,quantile,0.25,97.58949935277148
2025-02-08,wk inc flu hosp,2,2025-02-22,10,quantile,0.3,108.04479842943552
2025-02-08,wk inc flu hosp,2,2025-02-22,10,quantile,0.35,120.13657538151374
2025-02-08,wk inc flu hosp,2,2025-02-22,10,quantile,0.4,131.212765409519
2025-02-08,wk inc flu hosp,2,2025-02-22,10,quantile,0.45,144.82128869480277
2025-02-08,wk inc flu hosp,2,2025-02-22,10,quantile,0.5,156.14601495566694
2025-02-08,wk inc flu hosp,2,2025-02-22,10,quantile,0.55,168.68298940852935
2025-02-08,wk inc flu hosp,2,2025-02-22,10,quantile,0.6,181.64626317352173
2025-02-08,wk inc flu hosp,2,2025-02-22,10,quantile,0.65,194.13210691269026
2025-02-08,wk inc flu hosp,2,2025-02-22,10,quantile,0.7,207.44584998231431
2025-02-08,wk inc flu hosp,2,2025-02-22,10,quantile,0.75,223.42376600329192
2025-02-08,wk inc flu hosp,2,2025-02-22,10,quantile,0.8,239.39457415241412
2025-02-08,wk inc flu hosp,2,2025-02-22,10,quantile,0.85,255.90756769406488
2025-02-08,wk inc flu hosp,2,2025-02-22,10,quantile,0.9,289.18949723034336
2025-02-08,wk inc flu hosp,2,2025-02-22,10,quantile,0.95,336.158704572197
2025-02-08,wk inc flu hosp,2,2025-02-22,10,quantile,0.975,369.119357212327
2025-02-08,wk inc flu hosp,2,2025-02-22,10,quantile,0.99,434.5956827327229
2025-02-08,wk inc flu hosp,3,2025-03-01,10,quantile,0.01,3.102958549484258
2025-02-08,wk inc flu hosp,3,2025-03-01,10,quantile,0.025,15.384122380232157
2025-02-08,wk inc flu hosp,3,2025-03-01,10,quantile,0.05,24.737558713073952
2025-02-08,wk inc flu hosp,3,2025-03-01,10,quantile,0.1,38.72072856151068
2025-02-08,wk inc flu hosp,3,2025-03-01,10,quantile,0.15,50.29944031561031
2025-02-08,wk inc flu hosp,3,2025-03-01,10,quantile,0.2,62.313307843972574
2025-02-08,wk inc flu hosp,3,2025-03-01,10,quantile,0.25,75.27830846819549
2025-02-08,wk inc flu hosp,3,2025-03-01,10,quantile,0.3,86.86565403071774
2025-02-08,wk inc flu hosp,3,2025-03-01,10,quantile,0.35,97.44948056623222
2025-02-08,wk inc flu hosp,3,2025-03-01,10,quantile,0.4,109.72851004190083
2025-02-08,wk inc flu hosp,3,2025-03-01,10,quantile,0.45,119.30081013108942
2025-02-08,wk inc flu hosp,3,2025-03-01,10,quantile,0.5,129.40660767838298
2025-02-08,wk inc flu hosp,3,2025-03-01,10,quantile,0.55,143.08622987192217
2025-02-08,wk inc flu hosp,3,2025-03-01,10,quantile,0.6,157.35748977159628
2025-02-08,wk inc flu hosp,3,2025-03-01,10,quantile,0.65,171.89968369767894
2025-02-08,wk inc flu hosp,3,2025-03-01,10,quantile,0.7,185.37384753499174
2025-02-08,wk inc flu hosp,3,2025-03-01,10,quantile,0.75,199.65663482803473
2025-02-08,wk inc flu hosp,3,2025-03-01,10,quantile,0.8,217.27745211143156
2025-02-08,wk inc flu hosp,3,2025-03-01,10,quantile,0.85,237.1781384854794
2025-02-08,wk inc flu hosp,3,2025-03-01,10,quantile,0.9,265.80514943877967
2025-02-08,wk inc flu hosp,3,2025-03-01,10,quantile,0.95,317.2758450483428
2025-02-08,wk inc flu hosp,3,2025-03-01,10,quantile,0.975,347.03811753764563
2025-02-08,wk inc flu hosp,3,2025-03-01,10,quantile,0.99,399.125347123517
2025-02-08,wk inc flu hosp,0,2025-02-08,11,quantile,0.01,43.58559453706581
2025-02-08,wk inc flu hosp,0,2025-02-08,11,quantile,0.025,60.952418365492846
2025-02-08,wk inc flu hosp,0,2025-02-08,11,quantile,0.05,76.14677807624034
2025-02-08,wk inc flu hosp,0,2025-02-08,11,quantile,0.1,96.64574682342767
2025-02-08,wk inc flu hosp,0,2025-02-08,11,quantile,0.15,105.9928122659857
2025-02-08,wk inc flu hosp,0,2025-02-08,11,quantile,0.2,114.49148484577967
2025-02-08,wk inc flu hosp,0,2025-02-08,11,quantile,0.25,115.70361424548095
2025-02-08,wk inc flu hosp,0,2025-02-08,11,quantile,0.3,116.83381367768932
2025-02-08,wk inc flu hosp,0,2025-02-08,11,quantile,0.35,129.18160434425937
2025-02-08,wk inc flu hosp,0,2025-02-08,11,quantile,0.4,129.45576315263276
2025-02-08,wk inc flu hosp,0,2025-02-08,11,quantile,0.45,131.01896994752457
2025-02-08,wk inc flu hosp,0,2025-02-08,11,quantile,0.5,132.98053317987493
2025-02-08,wk inc flu hosp,0,2025-02-08,11,quantile,0.55,145.17253078349913
2025-02-08,wk inc flu hosp,0,2025-02-08,11,quantile,0.6,152.54085313303798
2025-02-08,wk inc flu hosp,0,2025-02-08,11,quantile,0.65,155.28706871920414
2025-02-08,wk inc flu hosp,0,2025-02-08,11,quantile,0.7,157.32560275569557
2025-02-08,wk inc flu hosp,0,2025-02-08,11,quantile,0.75,165.39867455197526
2025-02-08,wk inc flu hosp,0,2025-02-08,11,quantile,0.8,172.15412635076171
2025-02-08,wk inc flu hosp,0,2025-02-08,11,quantile,0.85,173.19152161074646
2025-02-08,wk inc flu hosp,0,2025-02-08,11,quantile,0.9,196.32913674603722
2025-02-08,wk inc flu hosp,0,2025-02-08,11,quantile,0.95,201.84211540313183
2025-02-08,wk inc flu hosp,0,2025-02-08,11,quantile,0.975,217.6059973979035
2025-02-08,wk inc flu hosp,0,2025-02-08,11,quantile,0.99,221.73923765786805
2025-02-08,wk inc flu hosp,1,2025-02-15,11,quantile,0.01,35.4578767690968
2025-02-08,wk inc flu hosp,1,2025-02-15,11,quantile,0.025,41.82097457757723
2025-02-08,wk inc flu hosp,1,2025-02-15,11,quantile,0.05,54.83924867767171
2025-02-08,wk inc flu hosp,1,2025-02-15,11,quantile,0.1,75.0728117139133
2025-02-08,wk inc flu hosp,1,2025-02-15,11,quantile,0.15,85.46548797422642
2025-02-08,wk inc flu hosp,1,2025-02-15,11,quantile,0.2,94.82772298478724
2025-02-08,wk inc flu hosp,1,2025-02-15,11,quantile,0.25,101.2118558393377
2025-02-08,wk inc flu hosp,1,2025-02-15,11,quantile,0.3,108.05391588063006
2025-02-08,wk inc flu hosp,1,2025-02-15,11,quantile,0.35,113.42959518150766
2025-02-08,wk inc flu hosp,1,2025-02-15,11,quantile,0.4,117.94812377870657
2025-02-08,wk inc flu hosp,1,2025-02-15,11,quantile,0.45,122.36756058795613
2025-02-08,wk inc flu hosp,1,2025-02-15,11,quantile,0.5,129.053092192112
2025-02-08,wk inc flu hosp,1,2025-02-15,11,quantile,0.55,133.64654740602126
2025-02-08,wk inc flu hosp,1,2025-02-15,11,quantile,0.6,138.89596651249644
2025-02-08,wk inc flu hosp,1,2025-02-15,11,quantile,0.65,145.7316628190858
2025-02-08,wk inc flu hosp,1,2025-02-15,11,quantile,0.7,152.3084359568284
2025-02-08,wk inc flu hosp,1,2025-02-15,11,quantile,0.75,157.17521624211457
2025-02-08,wk inc flu hosp,1,2025-02-15,11,quantile,0.8,161.87533541878685
2025-02-08,wk inc flu hosp,1,2025-02-15,11,quantile,0.85,170.8035476259562
2025-02-08,wk inc flu hosp,1,2025-02-15,11,quantile,0.9,181.98338633793446
2025-02-08,wk inc flu hosp,1,2025-02-15,11,quantile,0.95,201.27095724387505
2025-02-08,wk inc flu hosp,1,2025-02-15,11,quantile,0.975,212.4943420690578
2025-02-08,wk inc flu hosp,1,2025-02-15,11,quantile,0.99,218.84795925868593
2025-02-08,wk inc flu hosp,2,2025-02-22,11,quantile,0.01,20.88855116998489
2025-02-08,wk inc flu hosp,2,2025-02-22,11,quantile,0.025,28.442471377440324
2025-02-08,wk inc flu hosp,2,2025-02-22,11,quantile,0.05,41.29261581315199
2025-02-08,wk inc flu hosp,2,2025-02-22,11,quantile,0.1,57.01637443168602
2025-02-08,wk inc flu hosp,2,2025-02-22,11,quantile,0.15,70.5519477133738
2025-02-08,wk inc flu hosp,2,2025-02-22,11,quantile,0.2,83.13029762671437
2025-02-08,wk inc flu hosp,2,2025-02-22,11,quantile,0.25,91.85438955003545
2025-02-08,wk inc flu hosp,2,2025-02-22,11,quantile,0.3,98.34760950506315
2025-02-08,wk inc flu hosp,2,2025-02-22,11,quantile,0.35,103.28630692894107
2025-02-08,wk inc flu hosp,2,2025-02-22,11,quantile,0.4,108.18966861149875
2025-02-08,wk inc flu hosp,2,2025-02-22,11,quantile,0.45,113.11677834456631
2025-02-08,wk inc flu hosp,2,2025-02-22,11,quantile,0.5,117.66880878877575
2025-02-08,wk inc flu hosp,2,2025-02-22,11,quantile,0.55,122.74488592783642
2025-02-08,wk inc flu hosp,2,2025-02-22,11,quantile,0.6,126.649207708719
2025-02-08,wk inc flu hosp,2,2025-02-22,11,quantile,0.65,131.0932858968997
2025-02-08,wk inc flu hosp,2,2025-02-22,11,quantile,0.7,137.92447778075942
2025-02-08,wk inc flu hosp,2,2025-02-22,11,quantile,0.75,146.22333253918717
2025-02-08,wk inc flu hosp,2,2025-02-22,11,quantile,0.8,153.51894050302894
2025-02-08,wk inc flu hosp,2,2025-02-22,11,quantile,0.85,160.85732932909443
2025-02-08,wk inc flu hosp,2,2025-02-22,11,quantile,0.9,171.31604638838166
2025-02-08,wk inc flu hosp,2,2025-02-22,11,quantile,0.95,194.02487034682724
2025-02-08,wk inc flu hosp,2,2025-02-22,11,quantile,0.975,207.2408636018538
2025-02-08,wk inc flu hosp,2,2025-02-22,11,quantile,0.99,218.37744341301243
2025-02-08,wk inc flu hosp,3,2025-03-01,11,quantile,0.01,17.874535955004248
2025-02-08,wk inc flu hosp,3,2025-03-01,11,quantile,0.025,25.639072707977515
2025-02-08,wk inc flu hosp,3,2025-03-01,11,quantile,0.05,32.03325804965293
2025-02-08,wk inc flu hosp,3,2025-03-01,11,quantile,0.1,45.59268511141873
2025-02-08,wk inc flu hosp,3,2025-03-01,11,quantile,0.15,58.842220399122226
2025-02-08,wk inc flu hosp,3,2025-03-01,11,quantile,0.2,67.74881301622304
2025-02-08,wk inc flu hosp,3,2025-03-01,11,quantile,0.25,76.75977842515896
2025-02-08,wk inc flu hosp,3,2025-03-01,11,quantile,0.3,84.60991294282847
2025-02-08,wk inc flu hosp,3,2025-03-01,11,quantile,0.35,92.19059175776987
2025-02-08,wk inc flu hosp,3,2025-03-01,11,quantile,0.4,98.75572892812491
2025-02-08,wk inc flu hosp,3,2025-03-01,11,quantile,0.45,103.45959535195706
2025-02-08,wk inc flu hosp,3,2025-03-01,11,quantile,0.5,108.48347780789663
2025-02-08,wk inc flu hosp,3,2025-03-01,11,quantile,0.55,112.90533950571059
2025-02-08,wk inc flu hosp,3,2025-03-01,11,quantile,0.6,116.4790074053284
2025-02-08,wk inc flu hosp,3,2025-03-01,11,quantile,0.65,120.1264663670158
2025-02-08,wk inc flu hosp,3,2025-03-01,11,quantile,0.7,124.42902151614271
2025-02-08,wk inc flu hosp,3,2025-03-01,11,quantile,0.75,131.01399356265273
2025-02-08,wk inc flu hosp,3,2025-03-01,11,quantile,0.8,139.8984874731228
2025-02-08,wk inc flu hosp,3,2025-03-01,11,quantile,0.85,149.7740956075297
2025-02-08,wk inc flu hosp,3,2025-03-01,11,quantile,0.9,161.70575508823612
2025-02-08,wk inc flu hosp,3,2025-03-01,11,quantile,0.95,178.92249208328232
2025-02-08,wk inc flu hosp,3,2025-03-01,11,quantile,0.975,193.99135511515723
2025-02-08,wk inc flu hosp,3,2025-03-01,11,quantile,0.99,202.16787740938133
2025-02-08,wk inc flu hosp,0,2025-02-08,12,quantile,0.01,0.0
2025-02-08,wk inc flu hosp,0,2025-02-08,12,quantile,0.025,0.0
2025-02-08,wk inc flu hosp,0,2025-02-08,12,quantile,0.05,0.0
2025-02-08,wk inc flu hosp,0,2025-02-08,12,quantile,0.1,0.0
2025-02-08,wk inc flu hosp,0,2025-02-08,12,quantile,0.15,0.0
2025-02-08,wk inc flu hosp,0,2025-02-08,12,quantile,0.2,0.0
2025-02-08,wk inc flu hosp,0,2025-02-08,12,quantile,0.25,0.481905639746659
2025-02-08,wk inc flu hosp,0,2025-02-08,12,quantile,0.3,10.7663079516468
2025-02-08,wk inc flu hosp,0,2025-02-08,12,quantile,0.35,16.52613832081666
2025-02-08,wk inc flu hosp,0,2025-02-08,12,quantile,0.4,23.043760581669638
2025-02-08,wk inc flu hosp,0,2025-02-08,12,quantile,0.45,29.569874219492988
2025-02-08,wk inc flu hosp,0,2025-02-08,12,quantile,0.5,33.45100519753507
2025-02-08,wk inc flu hosp,0,2025-02-08,12,quantile,0.55,36.23095985833317
2025-02-08,wk inc flu hosp,0,2025-02-08,12,quantile,0.6,41.25150473842606
2025-02-08,wk inc flu hosp,0,2025-02-08,12,quantile,0.65,47.162027803543545
2025-02-08,wk inc flu hosp,0,2025-02-08,12,quantile,0.7,57.15316525514754
2025-02-08,wk inc flu hosp,0,2025-02-08,12,quantile,0.75,121.86833317700689
2025-02-08,wk inc flu hosp,0,2025-02-08,12,quantile,0.8,160.1174229587494
2025-02-08,wk inc flu hosp,0,2025-02-08,12,quantile,0.85,232.5337673713387
2025-02-08,wk inc flu hosp,0,2025-02-08,12,quantile,0.9,321.56070422081586
2025-02-08,wk inc flu hosp,0,2025-02-08,12,quantile,0.95,721.761589783025
2025-02-08,wk inc flu hosp,0,2025-02-08,12,quantile,0.975,1186.2259252316337
2025-02-08,wk inc flu hosp,0,2025-02-08,12,quantile,0.99,1584.4026612719606
2025-02-08,wk inc flu hosp,1,2025-02-15,12,quantile,0.01,0.0
2025-02-08,wk inc flu hosp,1,2025-02-15,12,quantile,0.025,0.0
2025-02-08,wk inc flu hosp,1,2025-02-15,12,quantile,0.05,0.0
2025-02-08,wk inc flu hosp,1,2025-02-15,12,quantile,0.1,0.0
2025-02-08,wk inc flu hosp,1,2025-02-15,12,quantile,0.15,0.0
2025-02-08,wk inc flu hosp,1,2025-02-15,12,quantile,0.2,0.0
2025-02-08,wk inc flu hosp,1,2025-02-15,12,quantile,0.25,0.0
2025-02-08,wk inc flu hosp,1,2025-02-15,12,quantile,0.3,12.636983483042819
2025-02-08,wk inc flu hosp,1,2025-02-15,12,quantile,0.35,15.191473701489679
2025-02-08,wk inc flu hosp,1,2025-02-15,12,quantile,0.4,21.202325584546646
2025-02-08,wk inc flu hosp,1,2025-02-15,12,quantile,0.45,26.51357078374895
2025-02-08,wk inc flu hosp,1,2025-02-15,12,quantile,0.5,30.960777532071994
2025-02-08,wk inc flu hosp,1,2025-02-15,12,quantile,0.55,34.377342776845
2025-02-08,wk inc flu hosp,1,2025-02-15,12,quantile,0.6,37.33170835613208
2025-02-08,wk inc flu hosp,1,2025-02-15,12,quantile,0.65,39.07611608892909
2025-02-08,wk inc flu hosp,1,2025-02-15,12,quantile,0.7,87.51648451900711
2025-02-08,wk inc flu hosp,1,2025-02-15,12,quantile,0.75,115.52984202815162
2025-02-08,wk inc flu hosp,1,2025-02-15,12,quantile,0.8,168.913018474034
2025-02-08,wk inc flu hosp,1,2025-02-15,12,quantile,0.85,238.05133251784127
2025-02-08,wk inc flu hosp,1,2025-02-15,12,quantile,0.9,325.1562165467878
2025-02-08,wk inc flu hosp,1,2025-02-15,12,quantile,0.95,878.0689210192168
2025-02-08,wk inc flu hosp,1,2025-02-15,12,quantile,0.975,1376.819184945643
2025-02-08,wk inc flu hosp,1,2025-02-15,12,quantile,0.99,1828.5464120954384
2025-02-08,wk inc flu hosp,2,2025-02-22,12,quantile,0.01,0.0
2025-02-08,wk inc flu hosp,2,2025-02-22,12,quantile,0.025,0.0
2025-02-08,wk inc flu hosp,2,2025-02-22,12,quantile,0.05,0.0
2025-02-08,wk inc flu hosp,2,2025-02-22,12,quantile,0.1,0.0
2025-02-08,wk inc flu hosp,2,2025-02-22,12,quantile,0.15,0.0
2025-02-08,wk inc flu hosp,2,2025-02-22,12,quantile,0.2,0.0
2025-02-08,wk inc flu hosp,2,2025-02-22,12,quantile,0.25,10.813431277928645
2025-02-08,wk inc flu hosp,2,2025-02-22,12,quantile,0.3,13.422577078143139
2025-02-08,wk inc flu hosp,2,2025-02-22,12,quantile,0.35,15.160522926180823
2025-02-08,wk inc flu hosp,2,2025-02-22,12,quantile,0.4,19.00239618626532
2025-02-08,wk inc flu hosp,2,2025-02-22,12,quantile,0.45,23.710668137746197
2025-02-08,wk inc flu hosp,2,2025-02-22,12,quantile,0.5,24.238152235800747
2025-02-08,wk inc flu hosp,2,2025-02-22,12,quantile,0.55,25.932349989227824
2025-02-08,wk inc flu hosp,2,2025-02-22,12,quantile,0.6,28.15014465581272
2025-02-08,wk inc flu hosp,2,2025-02-22,12,quantile,0.65,32.57726110891519
2025-02-08,wk inc flu hosp,2,2025-02-22,12,quantile,0.7,79.04130689517545
2025-02-08,wk inc flu hosp,2,2025-02-22,12,quantile,0.75,116.54752794735262
2025-02-08,wk inc flu hosp,2,2025-02-22,12,quantile,0.8,196.78560086826394
2025-02-08,wk inc flu hosp,2,2025-02-22,12,quantile,0.85,280.4133080482539
2025-02-08,wk inc flu hosp,2,2025-02-22,12,quantile,0.9,442.6773041732969
2025-02-08,wk inc flu hosp,2,2025-02-22,12,quantile,0.95,1006.9107856448238
2025-02-08,wk inc flu hosp,2,2025-02-22,12,quantile,0.975,1474.6661474674113
2025-02-08,wk inc flu hosp,2,2025-02-22,12,quantile,0.99,1826.9913498402861
2025-02-08,wk inc flu hosp,3,2025-03-01,12,quantile,0.01,0.0
2025-02-08,wk inc flu hosp,3,2025-03-01,12,quantile,0.025,0.0
2025-02-08,wk inc flu hosp,3,2025-03-01,12,quantile,0.05,0.0
2025-02-08,wk inc flu hosp,3,2025-03-01,12,quantile,0.1,0.0
2025-02-08,wk inc flu hosp,3,2025-03-01,12,quantile,0.15,0.0
2025-02-08,wk inc flu hosp,3,2025-03-01,12,quantile,0.2,0.0
2025-02-08,wk inc flu hosp,3,2025-03-01,12,quantile,0.25,8.5694569137618
2025-02-08,wk inc flu hosp,3,2025-03-01,12,quantile,0.3,10.40865543138655
2025-02-08,wk inc flu hosp,3,2025-03-01,12,quantile,0.35,13.280178028665427
2025-02-08,wk inc flu hosp,3,2025-03-01,12,quantile,0.4,15.391314968680577
2025-02-08,wk inc flu hosp,3,2025-03-01,12,quantile,0.45,18.115569942132325
2025-02-08,wk inc flu hosp,3,2025-03-01,12,quantile,0.5,24.18923623203508
2025-02-08,wk inc flu hosp,3,2025-03-01,12,quantile,0.55,29.92063338686828
2025-02-08,wk inc flu hosp,3,2025-03-01,12,quantile,0.6,36.173590995993735
2025-02-08,wk inc flu hosp,3,2025-03-01,12,quantile,0.65,43.641065845605695
2025-02-08,wk inc flu hosp,3,2025-03-01,12,quantile,0.7,102.93404535938028
2025-02-08,wk inc flu hosp,3,2025-03-01,12,quantile,0.75,117.63439489870707
2025-02-08,wk inc flu hosp,3,2025-03-01,12,quantile,0.8,172.6171614885723
2025-02-08,wk inc flu hosp,3,2025-03-01,12,quantile,0.85,251.74631951466105
2025-02-08,wk inc flu hosp,3,2025-03-01,12,quantile,0.9,305.15239296869413
2025-02-08,wk inc flu hosp,3,2025-03-01,12,quantile,0.95,724.8660625365592
2025-02-08,wk inc flu hosp,3,2025-03-01,12,quantile,0.975,1303.3736392155815
2025-02-08,wk inc flu hosp,3,2025-03-01,12,quantile,0.99,1826.9200777394385
2025-02-08,wk inc flu hosp,0,2025-02-08,13,quantile,0.01,226.6447735184269
2025-02-08,wk inc flu hosp,0,2025-02-08,13,quantile,0.025,535.6405421473193
2025-02-08,wk inc flu hosp,0,2025-02-08,13,quantile,0.05,550.5787368456217
2025-02-08,wk inc flu hosp,0,2025-02-08,13,quantile,0.1,642.9127450817518
2025-02-08,wk inc flu hosp,0,2025-02-08,13,quantile,0.15,750.3108268931404
2025-02-08,wk inc flu hosp,0,2025-02-08,13,quantile,0.2,778.244207259131
2025-02-08,wk inc flu hosp,0,2025-02-08,13,quantile,0.25,818.9390025195025
2025-02-08,wk inc flu hosp,0,2025-02-08,13,quantile,0.3,836.1154364165704
2025-02-08,wk inc flu hosp,0,2025-02-08,13,quantile,0.35,867.4315853060643
2025-02-08,wk inc flu hosp,0,2025-02-08,13,quantile,0.4,878.7089492305169
2025-02-08,wk inc flu hosp,0,2025-02-08,13,quantile,0.45,974.1942696929048
2025-02-08,wk inc flu hosp,0,2025-02-08,13,quantile,0.5,1035.6851318071758
2025-02-08,wk inc flu hosp,0,2025-02-08,13,quantile,0.55,1056.6779779007238
2025-02-08,wk inc flu hosp,0,2025-02-08,13,quantile,0.6,1077.9200908476791
2025-02-08,wk inc flu hosp,0,2025-02-08,13,quantile,0.65,1141.627676185228
2025-02-08,wk inc flu hosp,0,2025-02-08,13,quantile,0.7,1188.955379252129
2025-02-08,wk inc flu hosp,0,2025-02-08,13,quantile,0.75,1204.5587908254167
2025-02-08,wk inc flu hosp,0,2025-02-08,13,quantile,0.8,1240.108226885841
2025-02-08,wk inc flu hosp,0,2025-02-08,13,quantile,0.85,1265.4795190505458
2025-02-08,wk inc flu hosp,0,2025-02-08,13,quantile,0.9,1452.65576952501
2025-02-08,wk inc flu hosp,0,2025-02-08,13,quantile,0.95,1482.2640253373322
2025-02-08,wk inc flu hosp,0,2025-02-08,13,quantile,0.975,1755.285257159981
2025-02-08,wk inc flu hosp,0,2025-02-08,13,quantile,0.99,1899.0121746094185
2025-02-08,wk inc flu hosp,1,2025-02-15,13,quantile,0.01,193.2645674389945
2025-02-08,wk inc flu hosp,1,2025-02-15,13,quantile,0.025,240.61026970887585
2025-02-08,wk inc flu hosp,1,2025-02-15,13,quantile,0.05,304.0156830286587
2025-02-08,wk inc flu hosp,1,2025-02-15,13,quantile,0.1,412.1283534303239
2025-02-08,wk inc flu hosp,1,2025-02-15,13,quantile,0.15,466.30623567783545
2025-02-08,wk inc flu hosp,1,2025-02-15,13,quantile,0.2,516.8297952425969
2025-02-08,wk inc flu hosp,1,2025-02-15,13,quantile,0.25,568.3567347827573
2025-02-08,wk inc flu hosp,1,2025-02-15,13,quantile,0.3,599.4887500146473
2025-02-08,wk inc flu hosp,1,2025-02-15,13,quantile,0.35,648.6110933791059
2025-02-08,wk inc flu hosp,1,2025-02-15,13,quantile,0.4,690.596223973352
2025-02-08,wk inc flu hosp,1,2025-02-15,13,quantile,0.45,731.096325969129
2025-02-08,wk inc flu hosp,1,2025-02-15,13,quantile,0.5,774.3956092549588
2025-02-08,wk inc flu hosp,1,2025-02-15,13,quantile,0.55,809.9929097300578
2025-02-08,wk inc flu hosp,1,2025-02-15,13,quantile,0.6,853.5196546339492
2025-02-08,wk inc flu hosp,1,2025-02-15,13,quantile,0.65,913.1974204305194
2025-02-08,wk inc flu hosp,1,2025-02-15,13,quantile,0.7,979.8249032986606
2025-02-08,wk inc flu hosp,1,2025-02-15,13,quantile,0.75,1045.586042741817
2025-02-08,wk inc flu hosp,1,2025-02-15,13,quantile,0.8,1106.3979629714777
2025-02-08,wk inc flu hosp,1,2025-02-15,13,quantile,0.85,1206.0269468787396
2025-02-08,wk inc flu hosp,1,2025-02-15,13,quantile,0.9,1310.7750646540348
2025-02-08,wk inc flu hosp,1,2025-02-15,13,quantile,0.95,1500.2505953159985
2025-02-08,wk inc flu hosp,1,2025-02-15,13,quantile,0.975,1747.0233104354984
2025-02-08,wk inc flu hosp,1,2025-02-15,13,quantile,0.99,1954.3028606149735
2025-02-08,wk inc flu hosp,2,2025-02-22,13,quantile,0.01,113.15388583152448
2025-02-08,wk inc flu hosp,2,2025-02-22,13,quantile,0.025,164.1014501228086
2025-02-08,wk inc flu hosp,2,2025-02-22,13,quantile,0.05,217.48486400829458
2025-02-08,wk inc flu hosp,2,2025-02-22,13,quantile,0.1,275.5964985686741
2025-02-08,wk inc flu hosp,2,2025-02-22,13,quantile,0.15,332.58197488370723
2025-02-08,wk inc flu hosp,2,2025-02-22,13,quantile,0.2,370.1492597265683
2025-02-08,wk inc flu hosp,2,2025-02-22,13,quantile,0.25,416.42437803077087
2025-02-08,wk inc flu hosp,2,2025-02-22,13,quantile,0.3,470.1333917053338
2025-02-08,wk inc flu hosp,2,2025-02-22,13,quantile,0.35,506.9673485446955
2025-02-08,wk inc flu hosp,2,2025-02-22,13,quantile,0.4,547.579901223382
2025-02-08,wk inc flu hosp,2,2025-02-22,13,quantile,0.45,586.2882081824033
2025-02-08,wk inc flu hosp,2,2025-02-22,13,quantile,0.5,624.8533432132399
2025-02-08,wk inc flu hosp,2,2025-02-22,13,quantile,0.55,674.15224708597
2025-02-08,wk inc flu hosp,2,2025-02-22,13,quantile,0.6,706.3913804597911
2025-02-08,wk inc flu hosp,2,2025-02-22,13,quantile,0.65,751.3265544561968
2025-02-08,wk inc flu hosp,2,2025-02-22,13,quantile,0.7,804.4955525437548
2025-02-08,wk inc flu hosp,2,2025-02-22,13,quantile,0.75,868.8040652139866
2025-02-08,wk inc flu hosp,2,2025-02-22,13,quantile,0.8,941.2393129735012
2025-02-08,wk inc flu hosp,2,2025-02-22,13,quantile,0.85,1031.3786160958143
2025-02-08,wk inc flu hosp,2,2025-02-22,13,quantile,0.9,1195.6181518015128
2025-02-08,wk inc flu hosp,2,2025-02-22,13,quantile,0.95,1430.0464193264115
2025-02-08,wk inc flu hosp,2,2025-02-22,13,quantile,0.975,1656.3985957753898
2025-02-08,wk inc flu hosp,2,2025-02-22,13,quantile,0.99,1960.279281059657
2025-02-08,wk inc flu hosp,3,2025-03-01,13,quantile,0.01,49.27465578300063
2025-02-08,wk inc flu hosp,3,2025-03-01,13,quantile,0.025,87.11025427920501
2025-02-08,wk inc flu hosp,3,2025-03-01,13,quantile,0.05,129.17111925816053
2025-02-08,wk inc flu hosp,3,2025-03-01,13,quantile,0.1,182.3231076313811
2025-02-08,wk inc flu hosp,3,2025-03-01,13,quantile,0.15,223.844766522253
2025-02-08,wk inc flu hosp,3,2025-03-01,13,quantile,0.2,273.74173841659456
2025-02-08,wk inc flu hosp,3,2025-03-01,13,quantile,0.25,308.30702350886554
2025-02-08,wk inc flu hosp,3,2025-03-01,13,quantile,0.3,340.03199450765567
2025-02-08,wk inc flu hosp,3,2025-03-01,13,quantile,0.35,381.2681354931177
2025-02-08,wk inc flu hosp,3,2025-03-01,13,quantile,0.4,416.8838486498997
2025-02-08,wk inc flu hosp,3,2025-03-01,13,quantile,0.45,461.24413579753514
2025-02-08,wk inc flu hosp,3,2025-03-01,13,quantile,0.5,500.4437102781674
2025-02-08,wk inc flu hosp,3,2025-03-01,13,quantile,0.55,543.8787520436678
2025-02-08,wk inc flu hosp,3,2025-03-01,13,quantile,0.6,584.5115342418458
2025-02-08,wk inc flu hosp,3,2025-03-01,13,quantile,0.65,624.7802655274517
2025-02-08,wk inc flu hosp,3,2025-03-01,13,quantile,0.7,670.7077502661673
2025-02-08,wk inc flu hosp,3,2025-03-01,13,quantile,0.75,731.5486639707685
2025-02-08,wk inc flu hosp,3,2025-03-01,13,quantile,0.8,794.2337295817348
2025-02-08,wk inc flu hosp,3,2025-03-01,13,quantile,0.85,884.6604282760637
2025-02-08,wk inc flu hosp,3,2025-03-01,13,quantile,0.9,1001.9380444734664
2025-02-08,wk inc flu hosp,3,2025-03-01,13,quantile,0.95,1266.8848776750701
2025-02-08,wk inc flu hosp,3,2025-03-01,13,quantile,0.975,1435.7158397613284
2025-02-08,wk inc flu hosp,3,2025-03-01,13,quantile,0.99,1660.8610664979124
2025-02-08,wk inc flu hosp,0,2025-02-08,15,quantile,0.01,8.003305003085979
2025-02-08,wk inc flu hosp,0,2025-02-08,15,quantile,0.025,19.32933493947933
2025-02-08,wk inc flu hosp,0,2025-02-08,15,quantile,0.05,31.3126087740803
2025-02-08,wk inc flu hosp,0,2025-02-08,15,quantile,0.1,37.60705784433884
2025-02-08,wk inc flu hosp,0,2025-02-08,15,quantile,0.15,43.50974376113744
2025-02-08,wk inc flu hosp,0,2025-02-08,15,quantile,0.2,53.08484164530251
2025-02-08,wk inc flu hosp,0,2025-02-08,15,quantile,0.25,55.25785712727653
2025-02-08,wk inc flu hosp,0,2025-02-08,15,quantile,0.3,57.39112326767551
2025-02-08,wk inc flu hosp,0,2025-02-08,15,quantile,0.35,68.02896099563998
2025-02-08,wk inc flu hosp,0,2025-02-08,15,quantile,0.4,71.1320989811985
2025-02-08,wk inc flu hosp,0,2025-02-08,15,quantile,0.45,74.69420576346586
2025-02-08,wk inc flu hosp,0,2025-02-08,15,quantile,0.5,77.09382621710768
2025-02-08,wk inc flu hosp,0,2025-02-08,15,quantile,0.55,81.13828932166243
2025-02-08,wk inc flu hosp,0,2025-02-08,15,quantile,0.6,87.29120702408164
2025-02-08,wk inc flu hosp,0,2025-02-08,15,quantile,0.65,89.7926342195514
2025-02-08,wk inc flu hosp,0,2025-02-08,15,quantile,0.7,89.97883306886298
2025-02-08,wk inc flu hosp,0,2025-02-08,15,quantile,0.75,102.03197223366875
2025-02-08,wk inc flu hosp,0,2025-02-08,15,quantile,0.8,105.57735544417153
2025-02-08,wk inc flu hosp,0,2025-02-08,15,quantile,0.85,110.98381545669139
2025-02-08,wk inc flu hosp,0,2025-02-08,15,quantile,0.9,124.45596135996848
2025-02-08,wk inc flu hosp,0,2025-02-08,15,quantile,0.95,148.25569596735517
2025-02-08,wk inc flu hosp,0,2025-02-08,15,quantile,0.975,154.19497494102183
2025-02-08,wk inc flu hosp,0,2025-02-08,15,quantile,0.99,285.4539092426258
2025-02-08,wk inc flu hosp,1,2025-02-15,15,quantile,0.01,6.146274804222018
2025-02-08,wk inc flu hosp,1,2025-02-15,15,quantile,0.025,13.898760603299946
2025-02-08,wk inc flu hosp,1,2025-02-15,15,quantile,0.05,20.218178259884468
2025-02-08,wk inc flu hosp,1,2025-02-15,15,quantile,0.1,29.951410261437935
2025-02-08,wk inc flu hosp,1,2025-02-15,15,quantile,0.15,36.86948060970203
2025-02-08,wk inc flu hosp,1,2025-02-15,15,quantile,0.2,44.28325424347198
2025-02-08,wk inc flu hosp,1,2025-02-15,15,quantile,0.25,50.765643502883655
2025-02-08,wk inc flu hosp,1,2025-02-15,15,quantile,0.3,56.25941042987407
2025-02-08,wk inc flu hosp,1,2025-02-15,15,quantile,0.35,60.79851168885978
2025-02-08,wk inc flu hosp,1,2025-02-15,15,quantile,0.4,65.0426648470089
2025-02-08,wk inc flu hosp,1,2025-02-15,15,quantile,0.45,70.65163879735525
2025-02-08,wk inc flu hosp,1,2025-02-15,15,quantile,0.5,74.98339642619771
2025-02-08,wk inc flu hosp,1,2025-02-15,15,quantile,0.55,81.16488551998957
2025-02-08,wk inc flu hosp,1,2025-02-15,15,quantile,0.6,88.16982379524386
2025-02-08,wk inc flu hosp,1,2025-02-15,15,quantile,0.65,93.59883491225851
2025-02-08,wk inc flu hosp,1,2025-02-15,15,quantile,0.7,99.16068285466467
2025-02-08,wk inc flu hosp,1,2025-02-15,15,quantile,0.75,106.99867880963346
2025-02-08,wk inc flu hosp,1,2025-02-15,15,quantile,0.8,115.37290156978781
2025-02-08,wk inc flu hosp,1,2025-02-15,15,quantile,0.85,126.82852255258916
2025-02-08,wk inc flu hosp,1,2025-02-15,15,quantile,0.9,134.3321894517715
2025-02-08,wk inc flu hosp,1,2025-02-15,15,quantile,0.95,155.13855466883084
2025-02-08,wk inc flu hosp,1,2025-02-15,15,quantile,0.975,190.28572581692416
2025-02-08,wk inc flu hosp,1,2025-02-15,15,quantile,0.99,252.1175767726584
2025-02-08,wk inc flu hosp,2,2025-02-22,15,quantile,0.01,4.5674164301043465
2025-02-08,wk inc flu hosp,2,2025-02-22,15,quantile,0.025,9.608747471826407
2025-02-08,wk inc flu hosp,2,2025-02-22,15,quantile,0.05,14.546813363856192
2025-02-08,wk inc flu hosp,2,2025-02-22,15,quantile,0.1,25.74409372352915
2025-02-08,wk inc flu hosp,2,2025-02-22,15,quantile,0.15,33.967289943773565
2025-02-08,wk inc flu hosp,2,2025-02-22,15,quantile,0.2,40.02677089753823
2025-02-08,wk inc flu hosp,2,2025-02-22,15,quantile,0.25,46.782689457966164
2025-02-08,wk inc flu hosp,2,2025-02-22,15,quantile,0.3,54.68475626347403
2025-02-08,wk inc flu hosp,2,2025-02-22,15,quantile,0.35,60.18729082877324
2025-02-08,wk inc flu hosp,2,2025-02-22,15,quantile,0.4,64.66696355293605
2025-02-08,wk inc flu hosp,2,2025-02-22,15,quantile,0.45,70.3486171130393
2025-02-08,wk inc flu hosp,2,2025-02-22,15,quantile,0.5,77.59999222705022
2025-02-08,wk inc flu hosp,2,2025-02-22,15,quantile,0.55,83.36118737599652
2025-02-08,wk inc flu hosp,2,2025-02-22,15,quantile,0.6,89.60650307641826
2025-02-08,wk inc flu hosp,2,2025-02-22,15,quantile,0.65,96.89842973258665
2025-02-08,wk inc flu hosp,2,2025-02-22,15,quantile,0.7,104.15393700321954
2025-02-08,wk inc flu hosp,2,2025-02-22,15,quantile,0.75,111.94312682445485
2025-02-08,wk inc flu hosp,2,2025-02-22,15,quantile,0.8,121.61652514138645
2025-02-08,wk inc flu hosp,2,2025-02-22,15,quantile,0.85,134.50689038993315
2025-02-08,wk inc flu hosp,2,2025-02-22,15,quantile,0.9,150.43081261327757
2025-02-08,wk inc flu hosp,2,2025-02-22,15,quantile,0.95,181.77467972385375
2025-02-08,wk inc flu hosp,2,2025-02-22,15,quantile,0.975,223.50262414184732
2025-02-08,wk inc flu hosp,2,2025-02-22,15,quantile,0.99,257.61485096134436
2025-02-08,wk inc flu hosp,3,2025-03-01,15,quantile,0.01,0.0
2025-02-08,wk inc flu hosp,3,2025-03-01,15,quantile,0.025,1.5109261220900108
2025-02-08,wk inc flu hosp,3,2025-03-01,15,quantile,0.05,7.517031652331621
2025-02-08,wk inc flu hosp,3,2025-03-01,15,quantile,0.1,19.17707612020347
2025-02-08,wk inc flu hosp,3,2025-03-01,15,quantile,0.15,24.745368792381978
2025-02-08,wk inc flu hosp,3,2025-03-01,15,quantile,0.2,32.40175727061828
2025-02-08,wk inc flu hosp,3,2025-03-01,15,quantile,0.25,40.738975332698786
2025-02-08,wk inc flu hosp,3,2025-03-01,15,quantile,0.3,47.08553896164841
2025-02-08,wk inc flu hosp,3,2025-03-01,15,quantile,0.35,54.01736076608222
2025-02-08,wk inc flu hosp,3,2025-03-01,15,quantile,0.4,60.194457793256795
2025-02-08,wk inc flu hosp,3,2025-03-01,15,quantile,0.45,65.30239375030408
2025-02-08,wk inc flu hosp,3,2025-03-01,15,quantile,0.5,70.81823519045791
2025-02-08,wk inc flu hosp,3,2025-03-01,15,quantile,0.55,78.18605502078628
2025-02-08,wk inc flu hosp,3,2025-03-01,15,quantile,0.6,85.33335136737732
2025-02-08,wk inc flu hosp,3,2025-03-01,15,quantile,0.65,93.44089067592967
2025-02-08,wk inc flu hosp,3,2025-03-01,15,quantile,0.7,101.67775078256355
2025-02-08,wk inc flu hosp,3,2025-03-01,15,quantile,0.75,110.54441992970301
2025-02-08,wk inc flu hosp,3,2025-03-01,15,quantile,0.8,123.40659213178753
2025-02-08,wk inc flu hosp,3,2025-03-01,15,quantile,0.85,137.03119621122164
2025-02-08,wk inc flu hosp,3,2025-03-01,15,quantile,0.9,154.84567443289723
2025-02-08,wk inc flu hosp,3,2025-03-01,15,quantile,0.95,178.53634570137467
2025-02-08,wk inc flu hosp,3,2025-03-01,15,quantile,0.975,208.006936457914
2025-02-08,wk inc flu hosp,3,2025-03-01,15,quantile,0.99,243.5890550095552
2025-02-08,wk inc flu hosp,0,2025-02-08,16,quantile,0.01,0.0
2025-02-08,wk inc flu hosp,0,2025-02-08,16,quantile,0.025,39.63759259078937
2025-02-08,wk inc flu hosp,0,2025-02-08,16,quantile,0.05,55.65010101584099
2025-02-08,wk inc flu hosp,0,2025-02-08,16,quantile,0.1,73.87160670066906
2025-02-08,wk inc flu hosp,0,2025-02-08,16,quantile,0.15,85.24642128586102
2025-02-08,wk inc flu hosp,0,2025-02-08,16,quantile,0.2,94.63480946719015
2025-02-08,wk inc flu hosp,0,2025-02-08,16,quantile,0.25,99.27758020723473
2025-02-08,wk inc flu hosp,0,2025-02-08,16,quantile,0.3,102.8409177203901
2025-02-08,wk inc flu hosp,0,2025-02-08,16,quantile,0.35,107.52874944777717
2025-02-08,wk inc flu hosp,0,2025-02-08,16,quantile,0.4,112.76367826715398
2025-02-08,wk inc flu hosp,0,2025-02-08,16,quantile,0.45,116.24330004410295
2025-02-08,wk inc flu hosp,0,2025-02-08,16,quantile,0.5,123.2303418122245
2025-02-08,wk inc flu hosp,0,2025-02-08,16,quantile,0.55,127.85642719234455
2025-02-08,wk inc flu hosp,0,2025-02-08,16,quantile,0.6,145.51986423645766
2025-02-08,wk inc flu hosp,0,2025-02-08,16,quantile,0.65,148.31658980721352
2025-02-08,wk inc flu hosp,0,2025-02-08,16,quantile,0.7,156.68007871139108
2025-02-08,wk inc flu hosp,0,2025-02-08,16,quantile,0.75,166.3612158681307
2025-02-08,wk inc flu hosp,0,2025-02-08,16,quantile,0.8,176.92380769127158
2025-02-08,wk inc flu hosp,0,2025-02-08,16,quantile,0.85,189.5394243671772
2025-02-08,wk inc flu hosp,0,2025-02-08,16,quantile,0.9,217.38780332773743
2025-02-08,wk inc flu hosp,0,2025-02-08,16,quantile,0.95,228.66641297423087
2025-02-08,wk inc flu hosp,0,2025-02-08,16,quantile,0.975,268.66576032485386
2025-02-08,wk inc flu hosp,0,2025-02-08,16,quantile,0.99,300.6808129160656
2025-02-08,wk inc flu hosp,1,2025-02-15,16,quantile,0.01,0.0
2025-02-08,wk inc flu hosp,1,2025-02-15,16,quantile,0.025,14.881872621363401
2025-02-08,wk inc flu hosp,1,2025-02-15,16,quantile,0.05,33.228268373327126
2025-02-08,wk inc flu hosp,1,2025-02-15,16,quantile,0.1,48.62799467305315
2025-02-08,wk inc flu hosp,1,2025-02-15,16,quantile,0.15,62.57499877360625
2025-02-08,wk inc flu hosp,1,2025-02-15,16,quantile,0.2,72.77052344219695
2025-02-08,wk inc flu hosp,1,2025-02-15,16,quantile,0.25,81.58058648668089
2025-02-08,wk inc flu hosp,1,2025-02-15,16,quantile,0.3,89.39962254410882
2025-02-08,wk inc flu hosp,1,2025-02-15,16,quantile,0.35,97.24863162496908
2025-02-08,wk inc flu hosp,1,2025-02-15,16,quantile,0.4,103.93814486556862
2025-02-08,wk inc flu hosp,1,2025-02-15,16,quantile,0.45,111.50035915942358
2025-02-08,wk inc flu hosp,1,2025-02-15,16,quantile,0.5,117.77105730005195
2025-02-08,wk inc flu hosp,1,2025-02-15,16,quantile,0.55,124.03633889215078
2025-02-08,wk inc flu hosp,1,2025-02-15,16,quantile,0.6,134.0973907095091
2025-02-08,wk inc flu hosp,1,2025-02-15,16,quantile,0.65,143.16234118454108
2025-02-08,wk inc flu hosp,1,2025-02-15,16,quantile,0.7,153.4866920443496
2025-02-08,wk inc flu hosp,1,2025-02-15,16,quantile,0.75,166.29844881380868
2025-02-08,wk inc flu hosp,1,2025-02-15,16,quantile,0.8,179.844596532893
2025-02-08,wk inc flu hosp,1,2025-02-15,16,quantile,0.85,196.80178428124657
2025-02-08,wk inc flu hosp,1,2025-02-15,16,quantile,0.9,224.86293311479338
2025-02-08,wk inc flu hosp,1,2025-02-15,16,quantile,0.95,278.0789170890208
2025-02-08,wk inc flu hosp,1,2025-02-15,16,quantile,0.975,293.982337053406
2025-02-08,wk inc flu hosp,1,2025-02-15,16,quantile,0.99,320.3720543374956
2025-02-08,wk inc flu hosp,2,2025-02-22,16,quantile,0.01,0.0
2025-02-08,wk inc flu hosp,2,2025-02-22,16,quantile,0.025,3.529171919942693
2025-02-08,wk inc flu hosp,2,2025-02-22,16,quantile,0.05,20.930466455139932
2025-02-08,wk inc flu hosp,2,2025-02-22,16,quantile,0.1,34.01306329438156
2025-02-08,wk inc flu hosp,2,2025-02-22,16,quantile,0.15,44.61584941998305
2025-02-08,wk inc flu hosp,2,2025-02-22,16,quantile,0.2,54.83458014090996
2025-02-08,wk inc flu hosp,2,2025-02-22,16,quantile,0.25,62.65766303317087
2025-02-08,wk inc flu hosp,2,2025-02-22,16,quantile,0.3,70.83711152540958
2025-02-08,wk inc flu hosp,2,2025-02-22,16,quantile,0.35,76.58394785508673
2025-02-08,wk inc flu hosp,2,2025-02-22,16,quantile,0.4,85.72646290035709
2025-02-08,wk inc flu hosp,2,2025-02-22,16,quantile,0.45,93.7234645050647
2025-02-08,wk inc flu hosp,2,2025-02-22,16,quantile,0.5,101.74726954867245
2025-02-08,wk inc flu hosp,2,2025-02-22,16,quantile,0.55,113.3123873179617
2025-02-08,wk inc flu hosp,2,2025-02-22,16,quantile,0.6,120.80113060110328
2025-02-08,wk inc flu hosp,2,2025-02-22,16,quantile,0.65,129.06574359273856
2025-02-08,wk inc flu hosp,2,2025-02-22,16,quantile,0.7,142.74197500350843
2025-02-08,wk inc flu hosp,2,2025-02-22,16,quantile,0.75,155.42403260351745
2025-02-08,wk inc flu hosp,2,2025-02-22,16,quantile,0.8,169.11809627769313
2025-02-08,wk inc flu hosp,2,2025-02-22,16,quantile,0.85,187.53589795260245
2025-02-08,wk inc flu hosp,2,2025-02-22,16,quantile,0.9,218.13711863138604
2025-02-08,wk inc flu hosp,2,2025-02-22,16,quantile,0.95,256.5418152803608
2025-02-08,wk inc flu hosp,2,2025-02-22,16,quantile,0.975,299.06442837679765
2025-02-08,wk inc flu hosp,2,2025-02-22,16,quantile,0.99,328.6946560310843
2025-02-08,wk inc flu hosp,3,2025-03-01,16,quantile,0.01,0.0
2025-02-08,wk inc flu hosp,3,2025-03-01,16,quantile,0.025,1.348609669969523
2025-02-08,wk inc flu hosp,3,2025-03-01,16,quantile,0.05,10.056524422765403
2025-02-08,wk inc flu hosp,3,2025-03-01,16,quantile,0.1,22.082021683629765
2025-02-08,wk inc flu hosp,3,2025-03-01,16,quantile,0.15,29.231828295462233
2025-02-08,wk inc flu hosp,3,2025-03-01,16,quantile,0.2,37.599737790863756
2025-02-08,wk inc flu hosp,3,2025-03-01,16,quantile,0.25,44.28858531869058
2025-02-08,wk inc flu hosp,3,2025-03-01,16,quantile,0.3,53.92701048483647
2025-02-08,wk inc flu hosp,3,2025-03-01,16,quantile,0.35,60.7076172212807
2025-02-08,wk inc flu hosp,3,2025-03-01,16,quantile,0.4,69.36990820900172
2025-02-08,wk inc flu hosp,3,2025-03-01,16,quantile,0.45,78.8530495746183
2025-02-08,wk inc flu hosp,3,2025-03-01,16,quantile,0.5,88.94177903614312
2025-02-08,wk inc flu hosp,3,2025-03-01,16,quantile,0.55,97.95770493035734
2025-02-08,wk inc flu hosp,3,2025-03-01,16,quantile,0.6,106.66142872433895
2025-02-08,wk inc flu hosp,3,2025-03-01,16,quantile,0.65,116.64447000800467
2025-02-08,wk inc flu hosp,3,2025-03-01,16,quantile,0.7,128.10090936488075
2025-02-08,wk inc flu hosp,3,2025-03-01,16,quantile,0.75,139.13802055775838
2025-02-08,wk inc flu hosp,3,2025-03-01,16,quantile,0.8,153.9227003030826
2025-02-08,wk inc flu hosp,3,2025-03-01,16,quantile,0.85,173.95107585462767
2025-02-08,wk inc flu hosp,3,2025-03-01,16,quantile,0.9,205.3890269819953
2025-02-08,wk inc flu hosp,3,2025-03-01,16,quantile,0.95,249.2507959025743
2025-02-08,wk inc flu hosp,3,2025-03-01,16,quantile,0.975,280.01053485857386
2025-02-08,wk inc flu hosp,3,2025-03-01,16,quantile,0.99,317.2911826904605
2025-02-08,wk inc flu hosp,0,2025-02-08,17,quantile,0.01,610.1672823531254
2025-02-08,wk inc flu hosp,0,2025-02-08,17,quantile,0.025,1217.6024124796859
2025-02-08,wk inc flu hosp,0,2025-02-08,17,quantile,0.05,1350.8933792525788
2025-02-08,wk inc flu hosp,0,2025-02-08,17,quantile,0.1,1644.7707522250778
2025-02-08,wk inc flu hosp,0,2025-02-08,17,quantile,0.15,1770.102063173183
2025-02-08,wk inc flu hosp,0,2025-02-08,17,quantile,0.2,1809.0565019096532
2025-02-08,wk inc flu hosp,0,2025-02-08,17,quantile,0.25,1847.9934225531333
2025-02-08,wk inc flu hosp,0,2025-02-08,17,quantile,0.3,1883.3754130609723
2025-02-08,wk inc flu hosp,0,2025-02-08,17,quantile,0.35,2028.2783319476307
2025-02-08,wk inc flu hosp,0,2025-02-08,17,quantile,0.4,2072.508227980742
2025-02-08,wk inc flu hosp,0,2025-02-08,17,quantile,0.45,2137.9177892372577
2025-02-08,wk inc flu hosp,0,2025-02-08,17,quantile,0.5,2214.3843599394268
2025-02-08,wk inc flu hosp,0,2025-02-08,17,quantile,0.55,2226.8588108391486
2025-02-08,wk inc flu hosp,0,2025-02-08,17,quantile,0.6,2316.6243009239097
2025-02-08,wk inc flu hosp,0,2025-02-08,17,quantile,0.65,2434.780810829172
2025-02-08,wk inc flu hosp,0,2025-02-08,17,quantile,0.7,2454.4585426348467
2025-02-08,wk inc flu hosp,0,2025-02-08,17,quantile,0.75,2606.7650218851277
2025-02-08,wk inc flu hosp,0,2025-02-08,17,quantile,0.8,2779.9945477978213
2025-02-08,wk inc flu hosp,0,2025-02-08,17,quantile,0.85,2801.41785824451
2025-02-08,wk inc flu hosp,0,2025-02-08,17,quantile,0.9,2956.006953230789
2025-02-08,wk inc flu hosp,0,2025-02-08,17,quantile,0.95,3032.525625936965
2025-02-08,wk inc flu hosp,0,2025-02-08,17,quantile,0.975,3255.9354186391583
2025-02-08,wk inc flu hosp,0,2025-02-08,17,quantile,0.99,3299.2570506868683
2025-02-08,wk inc flu hosp,1,2025-02-15,17,quantile,0.01,477.84054489411545
2025-02-08,wk inc flu hosp,1,2025-02-15,17,quantile,0.025,752.1560817967745
2025-02-08,wk inc flu hosp,1,2025-02-15,17,quantile,0.05,967.9196620257939
2025-02-08,wk inc flu hosp,1,2025-02-15,17,quantile,0.1,1315.8563939003625
2025-02-08,wk inc flu hosp,1,2025-02-15,17,quantile,0.15,1445.9836586663284
2025-02-08,wk inc flu hosp,1,2025-02-15,17,quantile,0.2,1556.2730113695488
2025-02-08,wk inc flu hosp,1,2025-02-15,17,quantile,0.25,1653.5499845417864
2025-02-08,wk inc flu hosp,1,2025-02-15,17,quantile,0.3,1743.3802770008501
2025-02-08,wk inc flu hosp,1,2025-02-15,17,quantile,0.35,1842.4419468110686
2025-02-08,wk inc flu hosp,1,2025-02-15,17,quantile,0.4,1922.053900449927
2025-02-08,wk inc flu hosp,1,2025-02-15,17,quantile,0.45,2028.2841729783438
2025-02-08,wk inc flu hosp,1,2025-02-15,17,quantile,0.5,2091.9635462638907
2025-02-08,wk inc flu hosp,1,2025-02-15,17,quantile,0.55,2194.3725937312065
2025-02-08,wk inc flu hosp,1,2025-02-15,17,quantile,0.6,2286.5822500653585
2025-02-08,wk inc flu hosp,1,2025-02-15,17,quantile,0.65,2407.966087395403
2025-02-08,wk inc flu hosp,1,2025-02-15,17,quantile,0.7,2494.9692827111194
2025-02-08,wk inc flu hosp,1,2025-02-15,17,quantile,0.75,2612.4870885792643
2025-02-08,wk inc flu hosp,1,2025-02-15,17,quantile,0.8,2760.8386506059956
2025-02-08,wk inc flu hosp,1,2025-02-15,17,quantile,0.85,2942.192399128498
2025-02-08,wk inc flu hosp,1,2025-02-15,17,quantile,0.9,3201.7730747094224
2025-02-08,wk inc flu hosp,1,2025-02-15,17,quantile,0.95,3537.0152254455797
2025-02-08,wk inc flu hosp,1,2025-02-15,17,quantile,0.975,3784.645122434572
2025-02-08,wk inc flu hosp,1,2025-02-15,17,quantile,0.99,3963.6143904267865
2025-02-08,wk inc flu hosp,2,2025-02-22,17,quantile,0.01,245.89179228318937
2025-02-08,wk inc flu hosp,2,2025-02-22,17,quantile,0.025,463.9819708132897
2025-02-08,wk inc flu hosp,2,2025-02-22,17,quantile,0.05,670.6709767922684
2025-02-08,wk inc flu hosp,2,2025-02-22,17,quantile,0.1,900.0591532735715
2025-02-08,wk inc flu hosp,2,2025-02-22,17,quantile,0.15,1104.2612221933439
2025-02-08,wk inc flu hosp,2,2025-02-22,17,quantile,0.2,1244.5596448959498
2025-02-08,wk inc flu hosp,2,2025-02-22,17,quantile,0.25,1342.9519020730977
2025-02-08,wk inc flu hosp,2,2025-02-22,17,quantile,0.3,1463.5464048834137
2025-02-08,wk inc flu hosp,2,2025-02-22,17,quantile,0.35,1558.1802014185655
2025-02-08,wk inc flu hosp,2,2025-02-22,17,quantile,0.4,1657.253656135478
2025-02-08,wk inc flu hosp,2,2025-02-22,17,quantile,0.45,1735.7054391348927
2025-02-08,wk inc flu hosp,2,2025-02-22,17,quantile,0.5,1871.7080149929639
2025-02-08,wk inc flu hosp,2,2025-02-22,17,quantile,0.55,2001.244305300618
2025-02-08,wk inc flu hosp,2,2025-02-22,17,quantile,0.6,2119.9716527936107
2025-02-08,wk inc flu hosp,2,2025-02-22,17,quantile,0.65,2204.7661588485175
2025-02-08,wk inc flu hosp,2,2025-02-22,17,quantile,0.7,2316.422298954213
2025-02-08,wk inc flu hosp,2,2025-02-22,17,quantile,0.75,2488.539920265303
2025-02-08,wk inc flu hosp,2,2025-02-22,17,quantile,0.8,2625.0620280432545
2025-02-08,wk inc flu hosp,2,2025-02-22,17,quantile,0.85,2799.450067934578
2025-02-08,wk inc flu hosp,2,2025-02-22,17,quantile,0.9,3078.431102812772
2025-02-08,wk inc flu hosp,2,2025-02-22,17,quantile,0.95,3407.1547963797257
2025-02-08,wk inc flu hosp,2,2025-02-22,17,quantile,0.975,3715.0115083519727
2025-02-08,wk inc flu hosp,2,2025-02-22,17,quantile,0.99,4065.0896060492373
2025-02-08,wk inc flu hosp,3,2025-03-01,17,quantile,0.01,199.4317989359008
2025-02-08,wk inc flu hosp,3,2025-03-01,17,quantile,0.025,321.98557168016026
2025-02-08,wk inc flu hosp,3,2025-03-01,17,quantile,0.05,497.74522088004124
2025-02-08,wk inc flu hosp,3,2025-03-01,17,quantile,0.1,721.5557145889622
2025-02-08,wk inc flu hosp,3,2025-03-01,17,quantile,0.15,848.2797339606643
2025-02-08,wk inc flu hosp,3,2025-03-01,17,quantile,0.2,960.4146932904619
2025-02-08,wk inc flu hosp,3,2025-03-01,17,quantile,0.25,1089.6061952140378
2025-02-08,wk inc flu hosp,3,2025-03-01,17,quantile,0.3,1194.4583652058868
2025-02-08,wk inc flu hosp,3,2025-03-01,17,quantile,0.35,1315.4438559646098
2025-02-08,wk inc flu hosp,3,2025-03-01,17,quantile,0.4,1432.54935769459
2025-02-08,wk inc flu hosp,3,2025-03-01,17,quantile,0.45,1543.9174294833435
2025-02-08,wk inc flu hosp,3,2025-03-01,17,quantile,0.5,1652.2375215623988
2025-02-08,wk inc flu hosp,3,2025-03-01,17,quantile,0.55,1760.3958659248378
2025-02-08,wk inc flu hosp,3,2025-03-01,17,quantile,0.6,1866.6872451697618
2025-02-08,wk inc flu hosp,3,2025-03-01,17,quantile,0.65,1998.186302240387
2025-02-08,wk inc flu hosp,3,2025-03-01,17,quantile,0.7,2145.8872552093685
2025-02-08,wk inc flu hosp,3,2025-03-01,17,quantile,0.75,2300.9176735060937
2025-02-08,wk inc flu hosp,3,2025-03-01,17,quantile,0.8,2489.4499769312774
2025-02-08,wk inc flu hosp,3,2025-03-01,17,quantile,0.85,2661.9785705482186
2025-02-08,wk inc flu hosp,3,2025-03-01,17,quantile,0.9,2988.8720930991626
2025-02-08,wk inc flu hosp,3,2025-03-01,17,quantile,0.95,3358.473004438307
2025-02-08,wk inc flu hosp,3,2025-03-01,17,quantile,0.975,3709.6817999459954
2025-02-08,wk inc flu hosp,3,2025-03-01,17,quantile,0.99,4263.022476950026
2025-02-08,wk inc flu hosp,0,2025-02-08,18,quantile,0.01,476.85915455420275
2025-02-08,wk inc flu hosp,0,2025-02-08,18,quantile,0.025,486.00647484613927
2025-02-08,wk inc flu hosp,0,2025-02-08,18,quantile,0.05,588.4302473882345
2025-02-08,wk inc flu hosp,0,2025-02-08,18,quantile,0.1,655.9474468551532
2025-02-08,wk inc flu hosp,0,2025-02-08,18,quantile,0.15,774.3686996652128
2025-02-08,wk inc flu hosp,0,2025-02-08,18,quantile,0.2,815.0431178023608
2025-02-08,wk inc flu hosp,0,2025-02-08,18,quantile,0.25,831.6616640388031
2025-02-08,wk inc flu hosp,0,2025-02-08,18,quantile,0.3,841.0848505591687
2025-02-08,wk inc flu hosp,0,2025-02-08,18,quantile,0.35,855.8397301105789
2025-02-08,wk inc flu hosp,0,2025-02-08,18,quantile,0.4,998.3994270718327
2025-02-08,wk inc flu hosp,0,2025-02-08,18,quantile,0.45,1017.2081716077198
2025-02-08,wk inc flu hosp,0,2025-02-08,18,quantile,0.5,1071.7071406167292
2025-02-08,wk inc flu hosp,0,2025-02-08,18,quantile,0.55,1121.5429265805758
2025-02-08,wk inc flu hosp,0,2025-02-08,18,quantile,0.6,1168.3327434535252
2025-02-08,wk inc flu hosp,0,2025-02-08,18,quantile,0.65,1228.9693789185787
2025-02-08,wk inc flu hosp,0,2025-02-08,18,quantile,0.7,1233.951610535721
2025-02-08,wk inc flu hosp,0,2025-02-08,18,quantile,0.75,1248.5607067453025
2025-02-08,wk inc flu hosp,0,2025-02-08,18,quantile,0.8,1282.485445060157
2025-02-08,wk inc flu hosp,0,2025-02-08,18,quantile,0.85,1306.2898134846382
2025-02-08,wk inc flu hosp,0,2025-02-08,18,quantile,0.9,1328.9004686185247
2025-02-08,wk inc flu hosp,0,2025-02-08,18,quantile,0.95,1487.7694804048597
2025-02-08,wk inc flu hosp,0,2025-02-08,18,quantile,0.975,1578.965683305213
2025-02-08,wk inc flu hosp,0,2025-02-08,18,quantile,0.99,1708.1119197307685
2025-02-08,wk inc flu hosp,1,2025-02-15,18,quantile,0.01,298.10714658006594
2025-02-08,wk inc flu hosp,1,2025-02-15,18,quantile,0.025,359.59503991879996
2025-02-08,wk inc flu hosp,1,2025-02-15,18,quantile,0.05,411.1458947509172
2025-02-08,wk inc flu hosp,1,2025-02-15,18,quantile,0.1,490.8293882859562
2025-02-08,wk inc flu hosp,1,2025-02-15,18,quantile,0.15,554.0656778901619
2025-02-08,wk inc flu hosp,1,2025-02-15,18,quantile,0.2,597.1841340801781
2025-02-08,wk inc flu hosp,1,2025-02-15,18,quantile,0.25,642.4526778809911
2025-02-08,wk inc flu hosp,1,2025-02-15,18,quantile,0.3,697.8536030835289
2025-02-08,wk inc flu hosp,1,2025-02-15,18,quantile,0.35,742.0069532989035
2025-02-08,wk inc flu hosp,1,2025-02-15,18,quantile,0.4,793.9492565552179
2025-02-08,wk inc flu hosp,1,2025-02-15,18,quantile,0.45,844.1843547451792
2025-02-08,wk inc flu hosp,1,2025-02-15,18,quantile,0.5,884.489457592262
2025-02-08,wk inc flu hosp,1,2025-02-15,18,quantile,0.55,919.955000332099
2025-02-08,wk inc flu hosp,1,2025-02-15,18,quantile,0.6,974.8061451062229
2025-02-08,wk inc flu hosp,1,2025-02-15,18,quantile,0.65,1035.0316346927823
2025-02-08,wk inc flu hosp,1,2025-02-15,18,quantile,0.7,1098.5741347089504
2025-02-08,wk inc flu hosp,1,2025-02-15,18,quantile,0.75,1157.754663359004
2025-02-08,wk inc flu hosp,1,2025-02-15,18,quantile,0.8,1210.2294188090675
2025-02-08,wk inc flu hosp,1,2025-02-15,18,quantile,0.85,1293.973081325702
2025-02-08,wk inc flu hosp,1,2025-02-15,18,quantile,0.9,1382.0256900834218
2025-02-08,wk inc flu hosp,1,2025-02-15,18,quantile,0.95,1490.3864783029358
2025-02-08,wk inc flu hosp,1,2025-02-15,18,quantile,0.975,1612.4681299361887
2025-02-08,wk inc flu hosp,1,2025-02-15,18,quantile,0.99,1742.5888976575757
2025-02-08,wk inc flu hosp,2,2025-02-22,18,quantile,0.01,179.06484298548816
2025-02-08,wk inc flu hosp,2,2025-02-22,18,quantile,0.025,248.33697815388436
2025-02-08,wk inc flu hosp,2,2025-02-22,18,quantile,0.05,288.82893616538894
2025-02-08,wk inc flu hosp,2,2025-02-22,18,quantile,0.1,371.78390406431146
2025-02-08,wk inc flu hosp,2,2025-02-22,18,quantile,0.15,439.21561970811246
2025-02-08,wk inc flu hosp,2,2025-02-22,18,quantile,0.2,483.42638061082226
2025-02-08,wk inc flu hosp,2,2025-02-22,18,quantile,0.25,520.2601082941331
2025-02-08,wk inc flu hosp,2,2025-02-22,18,quantile,0.3,556.8070882931864
2025-02-08,wk inc flu hosp,2,2025-02-22,18,quantile,0.35,591.125268581989
2025-02-08,wk inc flu hosp,2,2025-02-22,18,quantile,0.4,633.2647881265686
2025-02-08,wk inc flu hosp,2,2025-02-22,18,quantile,0.45,672.8962955053534
2025-02-08,wk inc flu hosp,2,2025-02-22,18,quantile,0.5,724.8860272694421
2025-02-08,wk inc flu hosp,2,2025-02-22,18,quantile,0.55,777.8435993531422
2025-02-08,wk inc flu hosp,2,2025-02-22,18,quantile,0.6,832.5774793147847
2025-02-08,wk inc flu hosp,2,2025-02-22,18,quantile,0.65,878.6760070520013
2025-02-08,wk inc flu hosp,2,2025-02-22,18,quantile,0.7,940.3179703421887
2025-02-08,wk inc flu hosp,2,2025-02-22,18,quantile,0.75,1008.7909617139303
2025-02-08,wk inc flu hosp,2,2025-02-22,18,quantile,0.8,1076.3555965988155
2025-02-08,wk inc flu hosp,2,2025-02-22,18,quantile,0.85,1163.9557195209445
2025-02-08,wk inc flu hosp,2,2025-02-22,18,quantile,0.9,1250.9103223292539
2025-02-08,wk inc flu hosp,2,2025-02-22,18,quantile,0.95,1384.1697626303435
2025-02-08,wk inc flu hosp,2,2025-02-22,18,quantile,0.975,1487.157173804457
2025-02-08,wk inc flu hosp,2,2025-02-22,18,quantile,0.99,1637.9438518874579
2025-02-08,wk inc flu hosp,3,2025-03-01,18,quantile,0.01,110.49711655906563
2025-02-08,wk inc flu hosp,3,2025-03-01,18,quantile,0.025,151.17884410457282
2025-02-08,wk inc flu hosp,3,2025-03-01,18,quantile,0.05,197.21049107797995
2025-02-08,wk inc flu hosp,3,2025-03-01,18,quantile,0.1,263.8032208671707
2025-02-08,wk inc flu hosp,3,2025-03-01,18,quantile,0.15,311.25402541407647
2025-02-08,wk inc flu hosp,3,2025-03-01,18,quantile,0.2,367.0272930631669
2025-02-08,wk inc flu hosp,3,2025-03-01,18,quantile,0.25,406.7030097039552
2025-02-08,wk inc flu hosp,3,2025-03-01,18,quantile,0.3,443.18265850309365
2025-02-08,wk inc flu hosp,3,2025-03-01,18,quantile,0.35,473.5399355133985
2025-02-08,wk inc flu hosp,3,2025-03-01,18,quantile,0.4,506.5051271085811
2025-02-08,wk inc flu hosp,3,2025-03-01,18,quantile,0.45,545.3024031518389
2025-02-08,wk inc flu hosp,3,2025-03-01,18,quantile,0.5,602.4476747505239
2025-02-08,wk inc flu hosp,3,2025-03-01,18,quantile,0.55,637.0262954120739
2025-02-08,wk inc flu hosp,3,2025-03-01,18,quantile,0.6,691.1846042968407
2025-02-08,wk inc flu hosp,3,2025-03-01,18,quantile,0.65,758.4022963773687
2025-02-08,wk inc flu hosp,3,2025-03-01,18,quantile,0.7,798.6995156380013
2025-02-08,wk inc flu hosp,3,2025-03-01,18,quantile,0.75,856.375768233168
2025-02-08,wk inc flu hosp,3,2025-03-01,18,quantile,0.8,927.231757782342
2025-02-08,wk inc flu hosp,3,2025-03-01,18,quantile,0.85,1014.5198828906621
2025-02-08,wk inc flu hosp,3,2025-03-01,18,quantile,0.9,1116.5321321362942
2025-02-08,wk inc flu hosp,3,2025-03-01,18,quantile,0.95,1241.9819996683016
2025-02-08,wk inc flu hosp,3,2025-03-01,18,quantile,0.975,1382.6691545977637
2025-02-08,wk inc flu hosp,3,2025-03-01,18,quantile,0.99,1485.3784143924395
2025-02-08,wk inc flu hosp,0,2025-02-08,19,quantile,0.01,73.56535502250368
2025-02-08,wk inc flu hosp,0,2025-02-08,19,quantile,0.025,131.82336321827086
2025-02-08,wk inc flu hosp,0,2025-02-08,19,quantile,0.05,175.16061499128665
2025-02-08,wk inc flu hosp,0,2025-02-08,19,quantile,0.1,189.3547507397281
2025-02-08,wk inc flu hosp,0,2025-02-08,19,quantile,0.15,203.44719321579333
2025-02-08,wk inc flu hosp,0,2025-02-08,19,quantile,0.2,217.8791856222057
2025-02-08,wk inc flu hosp,0,2025-02-08,19,quantile,0.25,228.62338721688886
2025-02-08,wk inc flu hosp,0,2025-02-08,19,quantile,0.3,247.38951869345416
2025-02-08,wk inc flu hosp,0,2025-02-08,19,quantile,0.35,247.84565562071774
2025-02-08,wk inc flu hosp,0,2025-02-08,19,quantile,0.4,268.40320753242924
2025-02-08,wk inc flu hosp,0,2025-02-08,19,quantile,0.45,275.38059773340825
2025-02-08,wk inc flu hosp,0,2025-02-08,19,quantile,0.5,288.5444527498844
2025-02-08,wk inc flu hosp,0,2025-02-08,19,quantile,0.55,311.4675594465928
2025-02-08,wk inc flu hosp,0,2025-02-08,19,quantile,0.6,322.4645442350554
2025-02-08,wk inc flu hosp,0,2025-02-08,19,quantile,0.65,334.2241764418015
2025-02-08,wk inc flu hosp,0,2025-02-08,19,quantile,0.7,347.6638187874415
2025-02-08,wk inc flu hosp,0,2025-02-08,19,quantile,0.75,358.9282581994887
2025-02-08,wk inc flu hosp,0,2025-02-08,19,quantile,0.8,374.06412718392784
2025-02-08,wk inc flu hosp,0,2025-02-08,19,quantile,0.85,424.7626462183979
2025-02-08,wk inc flu hosp,0,2025-02-08,19,quantile,0.9,433.2794747172716
2025-02-08,wk inc flu hosp,0,2025-02-08,19,quantile,0.95,440.6558772834044
2025-02-08,wk inc flu hosp,0,2025-02-08,19,quantile,0.975,464.0744679348851
2025-02-08,wk inc flu hosp,0,2025-02-08,19,quantile,0.99,504.8381886453759
2025-02-08,wk inc flu hosp,1,2025-02-15,19,quantile,0.01,65.15444756809818
2025-02-08,wk inc flu hosp,1,2025-02-15,19,quantile,0.025,93.04753096504032
2025-02-08,wk inc flu hosp,1,2025-02-15,19,quantile,0.05,121.53252254632524
2025-02-08,wk inc flu hosp,1,2025-02-15,19,quantile,0.1,145.93737497931295
2025-02-08,wk inc flu hosp,1,2025-02-15,19,quantile,0.15,167.50368641169104
2025-02-08,wk inc flu hosp,1,2025-02-15,19,quantile,0.2,181.1849670238729
2025-02-08,wk inc flu hosp,1,2025-02-15,19,quantile,0.25,193.76871822748055
2025-02-08,wk inc flu hosp,1,2025-02-15,19,quantile,0.3,205.684721062532
2025-02-08,wk inc flu hosp,1,2025-02-15,19,quantile,0.35,216.68732820587735
2025-02-08,wk inc flu hosp,1,2025-02-15,19,quantile,0.4,230.1391966019174
2025-02-08,wk inc flu hosp,1,2025-02-15,19,quantile,0.45,241.80572364480125
2025-02-08,wk inc flu hosp,1,2025-02-15,19,quantile,0.5,253.925541141236
2025-02-08,wk inc flu hosp,1,2025-02-15,19,quantile,0.55,264.9152728459832
2025-02-08,wk inc flu hosp,1,2025-02-15,19,quantile,0.6,275.9530421160412
2025-02-08,wk inc flu hosp,1,2025-02-15,19,quantile,0.65,291.8632319399503
2025-02-08,wk inc flu hosp,1,2025-02-15,19,quantile,0.7,304.9271219854433
2025-02-08,wk inc flu hosp,1,2025-02-15,19,quantile,0.75,318.6642769982788
2025-02-08,wk inc flu hosp,1,2025-02-15,19,quantile,0.8,335.14047718348877
2025-02-08,wk inc flu hosp,1,2025-02-15,19,quantile,0.85,354.6273167089542
2025-02-08,wk inc flu hosp,1,2025-02-15,19,quantile,0.9,383.55994125717405
2025-02-08,wk inc flu hosp,1,2025-02-15,19,quantile,0.95,418.1835546096944
2025-02-08,wk inc flu hosp,1,2025-02-15,19,quantile,0.975,436.41469098427757
2025-02-08,wk inc flu hosp,1,2025-02-15,19,quantile,0.99,464.8144497750226
2025-02-08,wk inc flu hosp,2,2025-02-22,19,quantile,0.01,38.11645013885965
2025-02-08,wk inc flu hosp,2,2025-02-22,19,quantile,0.025,60.3039105801581
2025-02-08,wk inc flu hosp,2,2025-02-22,19,quantile,0.05,83.3622546616733
2025-02-08,wk inc flu hosp,2,2025-02-22,19,quantile,0.1,107.55340816741096
2025-02-08,wk inc flu hosp,2,2025-02-22,19,quantile,0.15,122.87627324684162
2025-02-08,wk inc flu hosp,2,2025-02-22,19,quantile,0.2,138.021316001632
2025-02-08,wk inc flu hosp,2,2025-02-22,19,quantile,0.25,151.58410816434406
2025-02-08,wk inc flu hosp,2,2025-02-22,19,quantile,0.3,163.04003792832157
2025-02-08,wk inc flu hosp,2,2025-02-22,19,quantile,0.35,173.5322901011885
2025-02-08,wk inc flu hosp,2,2025-02-22,19,quantile,0.4,183.38772828979702
2025-02-08,wk inc flu hosp,2,2025-02-22,19,quantile,0.45,192.84486873269145
2025-02-08,wk inc flu hosp,2,2025-02-22,19,quantile,0.5,203.56188302172833
2025-02-08,wk inc flu hosp,2,2025-02-22,19,quantile,0.55,214.34972024633683
2025-02-08,wk inc flu hosp,2,2025-02-22,19,quantile,0.6,226.88749285488876
2025-02-08,wk inc flu hosp,2,2025-02-22,19,quantile,0.65,239.7720644942657
2025-02-08,wk inc flu hosp,2,2025-02-22,19,quantile,0.7,255.30198691806697
2025-02-08,wk inc flu hosp,2,2025-02-22,19,quantile,0.75,269.03271511329007
2025-02-08,wk inc flu hosp,2,2025-02-22,19,quantile,0.8,287.25145800547625
2025-02-08,wk inc flu hosp,2,2025-02-22,19,quantile,0.85,307.25540617697465
2025-02-08,wk inc flu hosp,2,2025-02-22,19,quantile,0.9,341.6543959991059
2025-02-08,wk inc flu hosp,2,2025-02-22,19,quantile,0.95,382.87087664028445
2025-02-08,wk inc flu hosp,2,2025-02-22,19,quantile,0.975,407.6841696827714
2025-02-08,wk inc flu hosp,2,2025-02-22,19,quantile,0.99,428.68973300398426
2025-02-08,wk inc flu hosp,3,2025-03-01,19,quantile,0.01,19.80678598335838
2025-02-08,wk inc flu hosp,3,2025-03-01,19,quantile,0.025,35.585661127117106
2025-02-08,wk inc flu hosp,3,2025-03-01,19,quantile,0.05,48.6894439308707
2025-02-08,wk inc flu hosp,3,2025-03-01,19,quantile,0.1,70.01281558952678
2025-02-08,wk inc flu hosp,3,2025-03-01,19,quantile,0.15,84.70888804078133
2025-02-08,wk inc flu hosp,3,2025-03-01,19,quantile,0.2,97.49293680696508
2025-02-08,wk inc flu hosp,3,2025-03-01,19,quantile,0.25,110.85565365955648
2025-02-08,wk inc flu hosp,3,2025-03-01,19,quantile,0.3,126.27765473256439
2025-02-08,wk inc flu hosp,3,2025-03-01,19,quantile,0.35,138.29994461681093
2025-02-08,wk inc flu hosp,3,2025-03-01,19,quantile,0.4,147.39302808647324
2025-02-08,wk inc flu hosp,3,2025-03-01,19,quantile,0.45,160.75508141954734
2025-02-08,wk inc flu hosp,3,2025-03-01,19,quantile,0.5,173.89325068128173
2025-02-08,wk inc flu hosp,3,2025-03-01,19,quantile,0.55,185.1841744896867
2025-02-08,wk inc flu hosp,3,2025-03-01,19,quantile,0.6,195.81957845381
2025-02-08,wk inc flu hosp,3,2025-03-01,19,quantile,0.65,213.24928250988515
2025-02-08,wk inc flu hosp,3,2025-03-01,19,quantile,0.7,226.8181561150017
2025-02-08,wk inc flu hosp,3,2025-03-01,19,quantile,0.75,243.85353178812898
2025-02-08,wk inc flu hosp,3,2025-03-01,19,quantile,0.8,259.6371603729304
2025-02-08,wk inc flu hosp,3,2025-03-01,19,quantile,0.85,286.5251373739912
2025-02-08,wk inc flu hosp,3,2025-03-01,19,quantile,0.9,317.10785079215634
2025-02-08,wk inc flu hosp,3,2025-03-01,19,quantile,0.95,355.48390843012965
2025-02-08,wk inc flu hosp,3,2025-03-01,19,quantile,0.975,376.7959033282559
2025-02-08,wk inc flu hosp,3,2025-03-01,19,quantile,0.99,405.1783698283506
2025-02-08,wk inc flu hosp,0,2025-02-08,20,quantile,0.01,162.89912334993883
2025-02-08,wk inc flu hosp,0,2025-02-08,20,quantile,0.025,163.498193695185
2025-02-08,wk inc flu hosp,0,2025-02-08,20,quantile,0.05,179.59369328103537
2025-02-08,wk inc flu hosp,0,2025-02-08,20,quantile,0.1,206.76584599171142
2025-02-08,wk inc flu hosp,0,2025-02-08,20,quantile,0.15,219.95442289404014
2025-02-08,wk inc flu hosp,0,2025-02-08,20,quantile,0.2,239.47330943157257
2025-02-08,wk inc flu hosp,0,2025-02-08,20,quantile,0.25,252.37685488973403
2025-02-08,wk inc flu hosp,0,2025-02-08,20,quantile,0.3,266.99077140156214
2025-02-08,wk inc flu hosp,0,2025-02-08,20,quantile,0.35,283.01539700715426
2025-02-08,wk inc flu hosp,0,2025-02-08,20,quantile,0.4,288.5237116390953
2025-02-08,wk inc flu hosp,0,2025-02-08,20,quantile,0.45,299.4283568594012
2025-02-08,wk inc flu hosp,0,2025-02-08,20,quantile,0.5,310.3251450415488
2025-02-08,wk inc flu hosp,0,2025-02-08,20,quantile,0.55,318.2269959569911
2025-02-08,wk inc flu hosp,0,2025-02-08,20,quantile,0.6,332.998666724711
2025-02-08,wk inc flu hosp,0,2025-02-08,20,quantile,0.65,344.86616754096525
2025-02-08,wk inc flu hosp,0,2025-02-08,20,quantile,0.7,354.28548688460296
2025-02-08,wk inc flu hosp,0,2025-02-08,20,quantile,0.75,361.3565553781669
2025-02-08,wk inc flu hosp,0,2025-02-08,20,quantile,0.8,386.06159241889475
2025-02-08,wk inc flu hosp,0,2025-02-08,20,quantile,0.85,407.741693153498
2025-02-08,wk inc flu hosp,0,2025-02-08,20,quantile,0.9,450.83907742463236
2025-02-08,wk inc flu hosp,0,2025-02-08,20,quantile,0.95,479.3868568556641
2025-02-08,wk inc flu hosp,0,2025-02-08,20,quantile,0.975,540.0338793234149
2025-02-08,wk inc flu hosp,0,2025-02-08,20,quantile,0.99,563.6568960375293
2025-02-08,wk inc flu hosp,1,2025-02-15,20,quantile,0.01,126.89611901198089
2025-02-08,wk inc flu hosp,1,2025-02-15,20,quantile,0.025,149.23736677562232
2025-02-08,wk inc flu hosp,1,2025-02-15,20,quantile,0.05,166.14425731176908
2025-02-08,wk inc flu hosp,1,2025-02-15,20,quantile,0.1,188.48619299070918
2025-02-08,wk inc flu hosp,1,2025-02-15,20,quantile,0.15,207.60569083915604
2025-02-08,wk inc flu hosp,1,2025-02-15,20,quantile,0.2,225.15057430744602
2025-02-08,wk inc flu hosp,1,2025-02-15,20,quantile,0.25,239.17022653343457
2025-02-08,wk inc flu hosp,1,2025-02-15,20,quantile,0.3,253.85001610102407
2025-02-08,wk inc flu hosp,1,2025-02-15,20,quantile,0.35,267.0814779549456
2025-02-08,wk inc flu hosp,1,2025-02-15,20,quantile,0.4,281.2104552262963
2025-02-08,wk inc flu hosp,1,2025-02-15,20,quantile,0.45,292.5472464374916
2025-02-08,wk inc flu hosp,1,2025-02-15,20,quantile,0.5,307.4008010413221
2025-02-08,wk inc flu hosp,1,2025-02-15,20,quantile,0.55,320.72990883493674
2025-02-08,wk inc flu hosp,1,2025-02-15,20,quantile,0.6,336.6189142429679
2025-02-08,wk inc flu hosp,1,2025-02-15,20,quantile,0.65,348.66370053653657
2025-02-08,wk inc flu hosp,1,2025-02-15,20,quantile,0.7,363.4049648226941
2025-02-08,wk inc flu hosp,1,2025-02-15,20,quantile,0.75,386.5641557172576
2025-02-08,wk inc flu hosp,1,2025-02-15,20,quantile,0.8,405.60532233086343
2025-02-08,wk inc flu hosp,1,2025-02-15,20,quantile,0.85,429.53284326667097
2025-02-08,wk inc flu hosp,1,2025-02-15,20,quantile,0.9,466.18341834183065
2025-02-08,wk inc flu hosp,1,2025-02-15,20,quantile,0.95,514.4679738167789
2025-02-08,wk inc flu hosp,1,2025-02-15,20,quantile,0.975,564.0452435074086
2025-02-08,wk inc flu hosp,1,2025-02-15,20,quantile,0.99,604.8469367426904
2025-02-08,wk inc flu hosp,2,2025-02-22,20,quantile,0.01,104.81502278461312
2025-02-08,wk inc flu hosp,2,2025-02-22,20,quantile,0.025,119.73319193372316
2025-02-08,wk inc flu hosp,2,2025-02-22,20,quantile,0.05,141.44725119897217
2025-02-08,wk inc flu hosp,2,2025-02-22,20,quantile,0.1,170.07087177508245
2025-02-08,wk inc flu hosp,2,2025-02-22,20,quantile,0.15,199.38262658202592
2025-02-08,wk inc flu hosp,2,2025-02-22,20,quantile,0.2,221.48562358506132
2025-02-08,wk inc flu hosp,2,2025-02-22,20,quantile,0.25,241.73478941579268
2025-02-08,wk inc flu hosp,2,2025-02-22,20,quantile,0.3,260.83764764439934
2025-02-08,wk inc flu hosp,2,2025-02-22,20,quantile,0.35,275.7302564512424
2025-02-08,wk inc flu hosp,2,2025-02-22,20,quantile,0.4,290.7090248764199
2025-02-08,wk inc flu hosp,2,2025-02-22,20,quantile,0.45,302.3356182304699
2025-02-08,wk inc flu hosp,2,2025-02-22,20,quantile,0.5,316.3852465218697
2025-02-08,wk inc flu hosp,2,2025-02-22,20,quantile,0.55,331.1403898400255
2025-02-08,wk inc flu hosp,2,2025-02-22,20,quantile,0.6,349.08236360814584
2025-02-08,wk inc flu hosp,2,2025-02-22,20,quantile,0.65,364.2005590157205
2025-02-08,wk inc flu hosp,2,2025-02-22,20,quantile,0.7,381.4709197003759
2025-02-08,wk inc flu hosp,2,2025-02-22,20,quantile,0.75,403.3667328831868
2025-02-08,wk inc flu hosp,2,2025-02-22,20,quantile,0.8,424.5824055131639
2025-02-08,wk inc flu hosp,2,2025-02-22,20,quantile,0.85,457.071112431264
2025-02-08,wk inc flu hosp,2,2025-02-22,20,quantile,0.9,496.63925228319204
2025-02-08,wk inc flu hosp,2,2025-02-22,20,quantile,0.95,539.9839962788272
2025-02-08,wk inc flu hosp,2,2025-02-22,20,quantile,0.975,585.6052394881458
2025-02-08,wk inc flu hosp,2,2025-02-22,20,quantile,0.99,621.4967529501772
2025-02-08,wk inc flu hosp,3,2025-03-01,20,quantile,0.01,70.32806989742143
2025-02-08,wk inc flu hosp,3,2025-03-01,20,quantile,0.025,98.83487568332197
2025-02-08,wk inc flu hosp,3,2025-03-01,20,quantile,0.05,124.48817356602484
2025-02-08,wk inc flu hosp,3,2025-03-01,20,quantile,0.1,155.7422257316471
2025-02-08,wk inc flu hosp,3,2025-03-01,20,quantile,0.15,182.2552573013634
2025-02-08,wk inc flu hosp,3,2025-03-01,20,quantile,0.2,208.00822997489541
2025-02-08,wk inc flu hosp,3,2025-03-01,20,quantile,0.25,227.71023270271064
2025-02-08,wk inc flu hosp,3,2025-03-01,20,quantile,0.3,243.35154124127746
2025-02-08,wk inc flu hosp,3,2025-03-01,20,quantile,0.35,256.79006718194233
2025-02-08,wk inc flu hosp,3,2025-03-01,20,quantile,0.4,272.9489711268908
2025-02-08,wk inc flu hosp,3,2025-03-01,20,quantile,0.45,288.0398293048904
2025-02-08,wk inc flu hosp,3,2025-03-01,20,quantile,0.5,304.15037150252533
2025-02-08,wk inc flu hosp,3,2025-03-01,20,quantile,0.55,317.2321901271976
2025-02-08,wk inc flu hosp,3,2025-03-01,20,quantile,0.6,337.70927891632874
2025-02-08,wk inc flu hosp,3,2025-03-01,20,quantile,0.65,350.7942958769352
2025-02-08,wk inc flu hosp,3,2025-03-01,20,quantile,0.7,371.2830337960567
2025-02-08,wk inc flu hosp,3,2025-03-01,20,quantile,0.75,391.5187655115394
2025-02-08,wk inc flu hosp,3,2025-03-01,20,quantile,0.8,414.38069842892355
2025-02-08,wk inc flu hosp,3,2025-03-01,20,quantile,0.85,449.10563378434216
2025-02-08,wk inc flu hosp,3,2025-03-01,20,quantile,0.9,486.3004820628039
2025-02-08,wk inc flu hosp,3,2025-03-01,20,quantile,0.95,533.7875917255296
2025-02-08,wk inc flu hosp,3,2025-03-01,20,quantile,0.975,584.3028660652352
2025-02-08,wk inc flu hosp,3,2025-03-01,20,quantile,0.99,638.5814809708235
2025-02-08,wk inc flu hosp,0,2025-02-08,21,quantile,0.01,284.04103973649757
2025-02-08,wk inc flu hosp,0,2025-02-08,21,quantile,0.025,320.08100752984257
2025-02-08,wk inc flu hosp,0,2025-02-08,21,quantile,0.05,333.3597327715895
2025-02-08,wk inc flu hosp,0,2025-02-08,21,quantile,0.1,395.91920487028574
2025-02-08,wk inc flu hosp,0,2025-02-08,21,quantile,0.15,448.5580483224319
2025-02-08,wk inc flu hosp,0,2025-02-08,21,quantile,0.2,482.82556628184653
2025-02-08,wk inc flu hosp,0,2025-02-08,21,quantile,0.25,528.2125140512585
2025-02-08,wk inc flu hosp,0,2025-02-08,21,quantile,0.3,530.2928237813663
2025-02-08,wk inc flu hosp,0,2025-02-08,21,quantile,0.35,613.0671156871437
2025-02-08,wk inc flu hosp,0,2025-02-08,21,quantile,0.4,653.2501544098027
2025-02-08,wk inc flu hosp,0,2025-02-08,21,quantile,0.45,674.7672970445807
2025-02-08,wk inc flu hosp,0,2025-02-08,21,quantile,0.5,695.3148481898065
2025-02-08,wk inc flu hosp,0,2025-02-08,21,quantile,0.55,723.6881498931731
2025-02-08,wk inc flu hosp,0,2025-02-08,21,quantile,0.6,751.1932045033199
2025-02-08,wk inc flu hosp,0,2025-02-08,21,quantile,0.65,760.9711648353599
2025-02-08,wk inc flu hosp,0,2025-02-08,21,quantile,0.7,778.1641317364702
2025-02-08,wk inc flu hosp,0,2025-02-08,21,quantile,0.75,804.0377905919025
2025-02-08,wk inc flu hosp,0,2025-02-08,21,quantile,0.8,822.5413772092596
2025-02-08,wk inc flu hosp,0,2025-02-08,21,quantile,0.85,908.0721392528721
2025-02-08,wk inc flu hosp,0,2025-02-08,21,quantile,0.9,942.3708427812169
2025-02-08,wk inc flu hosp,0,2025-02-08,21,quantile,0.95,1036.672276855112
2025-02-08,wk inc flu hosp,0,2025-02-08,21,quantile,0.975,1102.6205003140235
2025-02-08,wk inc flu hosp,0,2025-02-08,21,quantile,0.99,1205.5502369853054
2025-02-08,wk inc flu hosp,1,2025-02-15,21,quantile,0.01,126.93725559595184
2025-02-08,wk inc flu hosp,1,2025-02-15,21,quantile,0.025,199.2941866589651
2025-02-08,wk inc flu hosp,1,2025-02-15,21,quantile,0.05,244.1886159712508
2025-02-08,wk inc flu hosp,1,2025-02-15,21,quantile,0.1,314.648981399343
2025-02-08,wk inc flu hosp,1,2025-02-15,21,quantile,0.15,379.7626089642495
2025-02-08,wk inc flu hosp,1,2025-02-15,21,quantile,0.2,432.9639582039488
2025-02-08,wk inc flu hosp,1,2025-02-15,21,quantile,0.25,488.39746265504425
2025-02-08,wk inc flu hosp,1,2025-02-15,21,quantile,0.3,542.5247335739894
2025-02-08,wk inc flu hosp,1,2025-02-15,21,quantile,0.35,580.0737693737597
2025-02-08,wk inc flu hosp,1,2025-02-15,21,quantile,0.4,614.6130987829049
2025-02-08,wk inc flu hosp,1,2025-02-15,21,quantile,0.45,665.0095959472343
2025-02-08,wk inc flu hosp,1,2025-02-15,21,quantile,0.5,721.4877583379856
2025-02-08,wk inc flu hosp,1,2025-02-15,21,quantile,0.55,773.8198999185622
2025-02-08,wk inc flu hosp,1,2025-02-15,21,quantile,0.6,830.875670199842
2025-02-08,wk inc flu hosp,1,2025-02-15,21,quantile,0.65,875.2370023133818
2025-02-08,wk inc flu hosp,1,2025-02-15,21,quantile,0.7,912.5264206309828
2025-02-08,wk inc flu hosp,1,2025-02-15,21,quantile,0.75,963.0975865006584
2025-02-08,wk inc flu hosp,1,2025-02-15,21,quantile,0.8,1016.0973690635448
2025-02-08,wk inc flu hosp,1,2025-02-15,21,quantile,0.85,1083.1986410929771
2025-02-08,wk inc flu hosp,1,2025-02-15,21,quantile,0.9,1178.171093564174
2025-02-08,wk inc flu hosp,1,2025-02-15,21,quantile,0.95,1311.801210347966
2025-02-08,wk inc flu hosp,1,2025-02-15,21,quantile,0.975,1391.710375602726
2025-02-08,wk inc flu hosp,1,2025-02-15,21,quantile,0.99,1515.8501985858795
2025-02-08,wk inc flu hosp,2,2025-02-22,21,quantile,0.01,72.12275454666685
2025-02-08,wk inc flu hosp,2,2025-02-22,21,quantile,0.025,117.85090033023134
2025-02-08,wk inc flu hosp,2,2025-02-22,21,quantile,0.05,169.72871319992566
2025-02-08,wk inc flu hosp,2,2025-02-22,21,quantile,0.1,241.05733071385086
2025-02-08,wk inc flu hosp,2,2025-02-22,21,quantile,0.15,306.40469269339553
2025-02-08,wk inc flu hosp,2,2025-02-22,21,quantile,0.2,359.17376480944444
2025-02-08,wk inc flu hosp,2,2025-02-22,21,quantile,0.25,408.13457771247596
2025-02-08,wk inc flu hosp,2,2025-02-22,21,quantile,0.3,472.3593306509285
2025-02-08,wk inc flu hosp,2,2025-02-22,21,quantile,0.35,521.2360221105449
2025-02-08,wk inc flu hosp,2,2025-02-22,21,quantile,0.4,583.1272901739924
2025-02-08,wk inc flu hosp,2,2025-02-22,21,quantile,0.45,664.1343564392629
2025-02-08,wk inc flu hosp,2,2025-02-22,21,quantile,0.5,721.4454011152163
2025-02-08,wk inc flu hosp,2,2025-02-22,21,quantile,0.55,776.6878687147515
2025-02-08,wk inc flu hosp,2,2025-02-22,21,quantile,0.6,828.8427008462999
2025-02-08,wk inc flu hosp,2,2025-02-22,21,quantile,0.65,906.9677755822805
2025-02-08,wk inc flu hosp,2,2025-02-22,21,quantile,0.7,963.9597370152729
2025-02-08,wk inc flu hosp,2,2025-02-22,21,quantile,0.75,1017.3999632457736
2025-02-08,wk inc flu hosp,2,2025-02-22,21,quantile,0.8,1083.4345528099843
2025-02-08,wk inc flu hosp,2,2025-02-22,21,quantile,0.85,1168.5294122043213
2025-02-08,wk inc flu hosp,2,2025-02-22,21,quantile,0.9,1241.83253363857
2025-02-08,wk inc flu hosp,2,2025-02-22,21,quantile,0.95,1377.7734162332576
2025-02-08,wk inc flu hosp,2,2025-02-22,21,quantile,0.975,1479.7222212438423
2025-02-08,wk inc flu hosp,2,2025-02-22,21,quantile,0.99,1573.7745898998596
2025-02-08,wk inc flu hosp,3,2025-03-01,21,quantile,0.01,44.91451774582578
2025-02-08,wk inc flu hosp,3,2025-03-01,21,quantile,0.025,66.05357349971999
2025-02-08,wk inc flu hosp,3,2025-03-01,21,quantile,0.05,109.69461978477202
2025-02-08,wk inc flu hosp,3,2025-03-01,21,quantile,0.1,175.73466443199396
2025-02-08,wk inc flu hosp,3,2025-03-01,21,quantile,0.15,235.62620426660223
2025-02-08,wk inc flu hosp,3,2025-03-01,21,quantile,0.2,296.6567409195058
2025-02-08,wk inc flu hosp,3,2025-03-01,21,quantile,0.25,351.1461190300698
2025-02-08,wk inc flu hosp,3,2025-03-01,21,quantile,0.3,419.2883394017583
2025-02-08,wk inc flu hosp,3,2025-03-01,21,quantile,0.35,494.1132632066237
2025-02-08,wk inc flu hosp,3,2025-03-01,21,quantile,0.4,566.0733159634113
2025-02-08,wk inc flu hosp,3,2025-03-01,21,quantile,0.45,635.5681457579518
2025-02-08,wk inc flu hosp,3,2025-03-01,21,quantile,0.5,703.5083633487968
2025-02-08,wk inc flu hosp,3,2025-03-01,21,quantile,0.55,764.7242173686396
2025-02-08,wk inc flu hosp,3,2025-03-01,21,quantile,0.6,816.0062107841559
2025-02-08,wk inc flu hosp,3,2025-03-01,21,quantile,0.65,862.048093788129
2025-02-08,wk inc flu hosp,3,2025-03-01,21,quantile,0.7,949.7742254646288
2025-02-08,wk inc flu hosp,3,2025-03-01,21,quantile,0.75,1012.9403919743606
2025-02-08,wk inc flu hosp,3,2025-03-01,21,quantile,0.8,1078.439883000391
2025-02-08,wk inc flu hosp,3,2025-03-01,21,quantile,0.85,1150.1144908230053
2025-02-08,wk inc flu hosp,3,2025-03-01,21,quantile,0.9,1215.4074888320515
2025-02-08,wk inc flu hosp,3,2025-03-01,21,quantile,0.95,1317.9792848821025
2025-02-08,wk inc flu hosp,3,2025-03-01,21,quantile,0.975,1369.549713509381
2025-02-08,wk inc flu hosp,3,2025-03-01,21,quantile,0.99,1533.7830593162525
2025-02-08,wk inc flu hosp,0,2025-02-08,22,quantile,0.01,0.0
2025-02-08,wk inc flu hosp,0,2025-02-08,22,quantile,0.025,254.16979587007958
2025-02-08,wk inc flu hosp,0,2025-02-08,22,quantile,0.05,276.37019978631815
2025-02-08,wk inc flu hosp,0,2025-02-08,22,quantile,0.1,304.3015031165411
2025-02-08,wk inc flu hosp,0,2025-02-08,22,quantile,0.15,341.154442531069
2025-02-08,wk inc flu hosp,0,2025-02-08,22,quantile,0.2,359.6401450751397
2025-02-08,wk inc flu hosp,0,2025-02-08,22,quantile,0.25,384.68215843331313
2025-02-08,wk inc flu hosp,0,2025-02-08,22,quantile,0.3,416.5237891970093
2025-02-08,wk inc flu hosp,0,2025-02-08,22,quantile,0.35,424.9956553667285
2025-02-08,wk inc flu hosp,0,2025-02-08,22,quantile,0.4,426.71891347686056
2025-02-08,wk inc flu hosp,0,2025-02-08,22,quantile,0.45,446.6405803594566
2025-02-08,wk inc flu hosp,0,2025-02-08,22,quantile,0.5,468.598250158097
2025-02-08,wk inc flu hosp,0,2025-02-08,22,quantile,0.55,471.6669990842793
2025-02-08,wk inc flu hosp,0,2025-02-08,22,quantile,0.6,473.9787434555263
2025-02-08,wk inc flu hosp,0,2025-02-08,22,quantile,0.65,479.0611443419355
2025-02-08,wk inc flu hosp,0,2025-02-08,22,quantile,0.7,502.90167844125295
2025-02-08,wk inc flu hosp,0,2025-02-08,22,quantile,0.75,520.5326391474679
2025-02-08,wk inc flu hosp,0,2025-02-08,22,quantile,0.8,531.0128987661867
2025-02-08,wk inc flu hosp,0,2025-02-08,22,quantile,0.85,539.2172849507485
2025-02-08,wk inc flu hosp,0,2025-02-08,22,quantile,0.9,570.8958536641363
2025-02-08,wk inc flu hosp,0,2025-02-08,22,quantile,0.95,667.0631946472184
2025-02-08,wk inc flu hosp,0,2025-02-08,22,quantile,0.975,699.7408927201471
2025-02-08,wk inc flu hosp,0,2025-02-08,22,quantile,0.99,749.8361719038963
2025-02-08,wk inc flu hosp,1,2025-02-15,22,quantile,0.01,0.0
2025-02-08,wk inc flu hosp,1,2025-02-15,22,quantile,0.025,43.34850914805566
2025-02-08,wk inc flu hosp,1,2025-02-15,22,quantile,0.05,134.64659830128173
2025-02-08,wk inc flu hosp,1,2025-02-15,22,quantile,0.1,197.9359418005665
2025-02-08,wk inc flu hosp,1,2025-02-15,22,quantile,0.15,221.88497927006742
2025-02-08,wk inc flu hosp,1,2025-02-15,22,quantile,0.2,245.57900289535854
2025-02-08,wk inc flu hosp,1,2025-02-15,22,quantile,0.25,264.7974424642786
2025-02-08,wk inc flu hosp,1,2025-02-15,22,quantile,0.3,281.8645439086916
2025-02-08,wk inc flu hosp,1,2025-02-15,22,quantile,0.35,300.55851249487785
2025-02-08,wk inc flu hosp,1,2025-02-15,22,quantile,0.4,315.2661422634155
2025-02-08,wk inc flu hosp,1,2025-02-15,22,quantile,0.45,333.2142182625436
2025-02-08,wk inc flu hosp,1,2025-02-15,22,quantile,0.5,351.62609688822295
2025-02-08,wk inc flu hosp,1,2025-02-15,22,quantile,0.55,368.4441282017885
2025-02-08,wk inc flu hosp,1,2025-02-15,22,quantile,0.6,389.77820385571295
2025-02-08,wk inc flu hosp,1,2025-02-15,22,quantile,0.65,401.91219852757354
2025-02-08,wk inc flu hosp,1,2025-02-15,22,quantile,0.7,414.82383628154435
2025-02-08,wk inc flu hosp,1,2025-02-15,22,quantile,0.75,442.4874354476367
2025-02-08,wk inc flu hosp,1,2025-02-15,22,quantile,0.8,472.46853665469814
2025-02-08,wk inc flu hosp,1,2025-02-15,22,quantile,0.85,507.0476785203589
2025-02-08,wk inc flu hosp,1,2025-02-15,22,quantile,0.9,552.9627223599816
2025-02-08,wk inc flu hosp,1,2025-02-15,22,quantile,0.95,613.2632701450162
2025-02-08,wk inc flu hosp,1,2025-02-15,22,quantile,0.975,679.7875879967446
2025-02-08,wk inc flu hosp,1,2025-02-15,22,quantile,0.99,780.6139290779099
2025-02-08,wk inc flu hosp,2,2025-02-22,22,quantile,0.01,0.0
2025-02-08,wk inc flu hosp,2,2025-02-22,22,quantile,0.025,19.971821964248452
2025-02-08,wk inc flu hosp,2,2025-02-22,22,quantile,0.05,54.65337821806773
2025-02-08,wk inc flu hosp,2,2025-02-22,22,quantile,0.1,114.0795784491087
2025-02-08,wk inc flu hosp,2,2025-02-22,22,quantile,0.15,145.08419388648932
2025-02-08,wk inc flu hosp,2,2025-02-22,22,quantile,0.2,168.29076726106064
2025-02-08,wk inc flu hosp,2,2025-02-22,22,quantile,0.25,186.32577993367562
2025-02-08,wk inc flu hosp,2,2025-02-22,22,quantile,0.3,205.24659718032038
2025-02-08,wk inc flu hosp,2,2025-02-22,22,quantile,0.35,221.8264044268666
2025-02-08,wk inc flu hosp,2,2025-02-22,22,quantile,0.4,236.17157448416955
2025-02-08,wk inc flu hosp,2,2025-02-22,22,quantile,0.45,257.66339576628167
2025-02-08,wk inc flu hosp,2,2025-02-22,22,quantile,0.5,277.1135170208184
2025-02-08,wk inc flu hosp,2,2025-02-22,22,quantile,0.55,296.3364539122756
2025-02-08,wk inc flu hosp,2,2025-02-22,22,quantile,0.6,315.54891319560005
2025-02-08,wk inc flu hosp,2,2025-02-22,22,quantile,0.65,333.8122664046888
2025-02-08,wk inc flu hosp,2,2025-02-22,22,quantile,0.7,352.2175739425099
2025-02-08,wk inc flu hosp,2,2025-02-22,22,quantile,0.75,373.34697699265814
2025-02-08,wk inc flu hosp,2,2025-02-22,22,quantile,0.8,398.60358944727557
2025-02-08,wk inc flu hosp,2,2025-02-22,22,quantile,0.85,438.10499504978844
2025-02-08,wk inc flu hosp,2,2025-02-22,22,quantile,0.9,480.03016754190725
2025-02-08,wk inc flu hosp,2,2025-02-22,22,quantile,0.95,547.8168177395056
2025-02-08,wk inc flu hosp,2,2025-02-22,22,quantile,0.975,618.0214028024828
2025-02-08,wk inc flu hosp,2,2025-02-22,22,quantile,0.99,703.8755889337955
2025-02-08,wk inc flu hosp,3,2025-03-01,22,quantile,0.01,0.0
2025-02-08,wk inc flu hosp,3,2025-03-01,22,quantile,0.025,16.53806259859715
2025-02-08,wk inc flu hosp,3,2025-03-01,22,quantile,0.05,34.523819574837276
2025-02-08,wk inc flu hosp,3,2025-03-01,22,quantile,0.1,76.7190693899433
2025-02-08,wk inc flu hosp,3,2025-03-01,22,quantile,0.15,99.31442343364948
2025-02-08,wk inc flu hosp,3,2025-03-01,22,quantile,0.2,120.7095819141961
2025-02-08,wk inc flu hosp,3,2025-03-01,22,quantile,0.25,137.68026370891468
2025-02-08,wk inc flu hosp,3,2025-03-01,22,quantile,0.3,155.90814061450294
2025-02-08,wk inc flu hosp,3,2025-03-01,22,quantile,0.35,172.10651137737185
2025-02-08,wk inc flu hosp,3,2025-03-01,22,quantile,0.4,187.309926091337
2025-02-08,wk inc flu hosp,3,2025-03-01,22,quantile,0.45,201.29318006994086
2025-02-08,wk inc flu hosp,3,2025-03-01,22,quantile,0.5,221.72013234499613
2025-02-08,wk inc flu hosp,3,2025-03-01,22,quantile,0.55,240.6331924398789
2025-02-08,wk inc flu hosp,3,2025-03-01,22,quantile,0.6,255.40297115766592
2025-02-08,wk inc flu hosp,3,2025-03-01,22,quantile,0.65,275.8454777976114
2025-02-08,wk inc flu hosp,3,2025-03-01,22,quantile,0.7,294.81280960054295
2025-02-08,wk inc flu hosp,3,2025-03-01,22,quantile,0.75,317.39268837189843
2025-02-08,wk inc flu hosp,3,2025-03-01,22,quantile,0.8,345.30741267045
2025-02-08,wk inc flu hosp,3,2025-03-01,22,quantile,0.85,378.09624980370864
2025-02-08,wk inc flu hosp,3,2025-03-01,22,quantile,0.9,423.14566681275284
2025-02-08,wk inc flu hosp,3,2025-03-01,22,quantile,0.95,496.92707753209663
2025-02-08,wk inc flu hosp,3,2025-03-01,22,quantile,0.975,553.8199802810495
2025-02-08,wk inc flu hosp,3,2025-03-01,22,quantile,0.99,615.6515753622323
2025-02-08,wk inc flu hosp,0,2025-02-08,23,quantile,0.01,51.82781565491875
2025-02-08,wk inc flu hosp,0,2025-02-08,23,quantile,0.025,86.19559444785178
2025-02-08,wk inc flu hosp,0,2025-02-08,23,quantile,0.05,91.28399784184404
2025-02-08,wk inc flu hosp,0,2025-02-08,23,quantile,0.1,103.5670807635601
2025-02-08,wk inc flu hosp,0,2025-02-08,23,quantile,0.15,117.79583667103047
2025-02-08,wk inc flu hosp,0,2025-02-08,23,quantile,0.2,134.5372042920286
2025-02-08,wk inc flu hosp,0,2025-02-08,23,quantile,0.25,141.75343234607897
2025-02-08,wk inc flu hosp,0,2025-02-08,23,quantile,0.3,144.14404229547097
2025-02-08,wk inc flu hosp,0,2025-02-08,23,quantile,0.35,145.53719330649093
2025-02-08,wk inc flu hosp,0,2025-02-08,23,quantile,0.4,147.918565935437
2025-02-08,wk inc flu hosp,0,2025-02-08,23,quantile,0.45,157.5840248872094
2025-02-08,wk inc flu hosp,0,2025-02-08,23,quantile,0.5,168.79549000649652
2025-02-08,wk inc flu hosp,0,2025-02-08,23,quantile,0.55,175.943058456937
2025-02-08,wk inc flu hosp,0,2025-02-08,23,quantile,0.6,181.35509061975787
2025-02-08,wk inc flu hosp,0,2025-02-08,23,quantile,0.65,183.57312387003262
2025-02-08,wk inc flu hosp,0,2025-02-08,23,quantile,0.7,184.4154714293333
2025-02-08,wk inc flu hosp,0,2025-02-08,23,quantile,0.75,190.37637595607697
2025-02-08,wk inc flu hosp,0,2025-02-08,23,quantile,0.8,192.4533360164673
2025-02-08,wk inc flu hosp,0,2025-02-08,23,quantile,0.85,199.653138342813
2025-02-08,wk inc flu hosp,0,2025-02-08,23,quantile,0.9,218.2909582343816
2025-02-08,wk inc flu hosp,0,2025-02-08,23,quantile,0.95,229.03529727709744
2025-02-08,wk inc flu hosp,0,2025-02-08,23,quantile,0.975,239.66580887628015
2025-02-08,wk inc flu hosp,0,2025-02-08,23,quantile,0.99,262.2233513899824
2025-02-08,wk inc flu hosp,1,2025-02-15,23,quantile,0.01,41.00357666942196
2025-02-08,wk inc flu hosp,1,2025-02-15,23,quantile,0.025,54.16191914516393
2025-02-08,wk inc flu hosp,1,2025-02-15,23,quantile,0.05,70.86501297622526
2025-02-08,wk inc flu hosp,1,2025-02-15,23,quantile,0.1,89.33523470892493
2025-02-08,wk inc flu hosp,1,2025-02-15,23,quantile,0.15,98.8094018287557
2025-02-08,wk inc flu hosp,1,2025-02-15,23,quantile,0.2,107.98982335011465
2025-02-08,wk inc flu hosp,1,2025-02-15,23,quantile,0.25,118.32143306928596
2025-02-08,wk inc flu hosp,1,2025-02-15,23,quantile,0.3,130.80118715624369
2025-02-08,wk inc flu hosp,1,2025-02-15,23,quantile,0.35,138.6020754489653
2025-02-08,wk inc flu hosp,1,2025-02-15,23,quantile,0.4,143.60720220113083
2025-02-08,wk inc flu hosp,1,2025-02-15,23,quantile,0.45,146.46734646874836
2025-02-08,wk inc flu hosp,1,2025-02-15,23,quantile,0.5,149.56225375398827
2025-02-08,wk inc flu hosp,1,2025-02-15,23,quantile,0.55,154.14357192959304
2025-02-08,wk inc flu hosp,1,2025-02-15,23,quantile,0.6,166.05356503698778
2025-02-08,wk inc flu hosp,1,2025-02-15,23,quantile,0.65,174.49045214780463
2025-02-08,wk inc flu hosp,1,2025-02-15,23,quantile,0.7,186.4684979534862
2025-02-08,wk inc flu hosp,1,2025-02-15,23,quantile,0.75,192.4513360795779
2025-02-08,wk inc flu hosp,1,2025-02-15,23,quantile,0.8,195.87524544687025
2025-02-08,wk inc flu hosp,1,2025-02-15,23,quantile,0.85,200.51959022781506
2025-02-08,wk inc flu hosp,1,2025-02-15,23,quantile,0.9,208.55582530598372
2025-02-08,wk inc flu hosp,1,2025-02-15,23,quantile,0.95,232.88351465016632
2025-02-08,wk inc flu hosp,1,2025-02-15,23,quantile,0.975,243.49156640194354
2025-02-08,wk inc flu hosp,1,2025-02-15,23,quantile,0.99,255.35578916533083
2025-02-08,wk inc flu hosp,2,2025-02-22,23,quantile,0.01,28.26454144222431
2025-02-08,wk inc flu hosp,2,2025-02-22,23,quantile,0.025,36.67171108679389
2025-02-08,wk inc flu hosp,2,2025-02-22,23,quantile,0.05,43.20135922958859
2025-02-08,wk inc flu hosp,2,2025-02-22,23,quantile,0.1,64.57511318575949
2025-02-08,wk inc flu hosp,2,2025-02-22,23,quantile,0.15,78.82295574794543
2025-02-08,wk inc flu hosp,2,2025-02-22,23,quantile,0.2,91.62392144416279
2025-02-08,wk inc flu hosp,2,2025-02-22,23,quantile,0.25,100.16444655272846
2025-02-08,wk inc flu hosp,2,2025-02-22,23,quantile,0.3,114.6470874285375
2025-02-08,wk inc flu hosp,2,2025-02-22,23,quantile,0.35,122.87869699226076
2025-02-08,wk inc flu hosp,2,2025-02-22,23,quantile,0.4,133.4158121125947
2025-02-08,wk inc flu hosp,2,2025-02-22,23,quantile,0.45,139.5391727687878
2025-02-08,wk inc flu hosp,2,2025-02-22,23,quantile,0.5,144.78418764518858
2025-02-08,wk inc flu hosp,2,2025-02-22,23,quantile,0.55,148.65610316915073
2025-02-08,wk inc flu hosp,2,2025-02-22,23,quantile,0.6,153.53500671865837
2025-02-08,wk inc flu hosp,2,2025-02-22,23,quantile,0.65,165.11426790394535
2025-02-08,wk inc flu hosp,2,2025-02-22,23,quantile,0.7,173.60233421335195
2025-02-08,wk inc flu hosp,2,2025-02-22,23,quantile,0.75,182.21176612504658
2025-02-08,wk inc flu hosp,2,2025-02-22,23,quantile,0.8,191.64253971331294
2025-02-08,wk inc flu hosp,2,2025-02-22,23,quantile,0.85,196.81509043711594
2025-02-08,wk inc flu hosp,2,2025-02-22,23,quantile,0.9,205.10294698082208
2025-02-08,wk inc flu hosp,2,2025-02-22,23,quantile,0.95,233.41131208403633
2025-02-08,wk inc flu hosp,2,2025-02-22,23,quantile,0.975,248.89307813833724
2025-02-08,wk inc flu hosp,2,2025-02-22,23,quantile,0.99,269.09751522389877
2025-02-08,wk inc flu hosp,3,2025-03-01,23,quantile,0.01,16.307798239732637
2025-02-08,wk inc flu hosp,3,2025-03-01,23,quantile,0.025,23.160003672076297
2025-02-08,wk inc flu hosp,3,2025-03-01,23,quantile,0.05,30.669359473482277
2025-02-08,wk inc flu hosp,3,2025-03-01,23,quantile,0.1,45.61700955100529
2025-02-08,wk inc flu hosp,3,2025-03-01,23,quantile,0.15,56.37202521687714
2025-02-08,wk inc flu hosp,3,2025-03-01,23,quantile,0.2,66.03290311839407
2025-02-08,wk inc flu hosp,3,2025-03-01,23,quantile,0.25,80.60256294159657
2025-02-08,wk inc flu hosp,3,2025-03-01,23,quantile,0.3,89.37371584485389
2025-02-08,wk inc flu hosp,3,2025-03-01,23,quantile,0.35,97.45777805524283
2025-02-08,wk inc flu hosp,3,2025-03-01,23,quantile,0.4,106.39038157641131
2025-02-08,wk inc flu hosp,3,2025-03-01,23,quantile,0.45,114.67380770641483
2025-02-08,wk inc flu hosp,3,2025-03-01,23,quantile,0.5,127.14763587446828
2025-02-08,wk inc flu hosp,3,2025-03-01,23,quantile,0.55,135.0724129799913
2025-02-08,wk inc flu hosp,3,2025-03-01,23,quantile,0.6,143.288866137693
2025-02-08,wk inc flu hosp,3,2025-03-01,23,quantile,0.65,151.28052540174852
2025-02-08,wk inc flu hosp,3,2025-03-01,23,quantile,0.7,158.13375617687598
2025-02-08,wk inc flu hosp,3,2025-03-01,23,quantile,0.75,166.2237340800293
2025-02-08,wk inc flu hosp,3,2025-03-01,23,quantile,0.8,177.8622422538099
2025-02-08,wk inc flu hosp,3,2025-03-01,23,quantile,0.85,184.99998039686992
2025-02-08,wk inc flu hosp,3,2025-03-01,23,quantile,0.9,193.48493030119303
2025-02-08,wk inc flu hosp,3,2025-03-01,23,quantile,0.95,212.18990880884823
2025-02-08,wk inc flu hosp,3,2025-03-01,23,quantile,0.975,220.5257312580981
2025-02-08,wk inc flu hosp,3,2025-03-01,23,quantile,0.99,228.3815058868568
2025-02-08,wk inc flu hosp,0,2025-02-08,24,quantile,0.01,179.81347708793834
2025-02-08,wk inc flu hosp,0,2025-02-08,24,quantile,0.025,243.95671994578055
2025-02-08,wk inc flu hosp,0,2025-02-08,24,quantile,0.05,341.30555162624495
2025-02-08,wk inc flu hosp,0,2025-02-08,24,quantile,0.1,435.51626337825326
2025-02-08,wk inc flu hosp,0,2025-02-08,24,quantile,0.15,456.75406141294656
2025-02-08,wk inc flu hosp,0,2025-02-08,24,quantile,0.2,579.6407777819778
2025-02-08,wk inc flu hosp,0,2025-02-08,24,quantile,0.25,596.0816846720867
2025-02-08,wk inc flu hosp,0,2025-02-08,24,quantile,0.3,615.0398878389523
2025-02-08,wk inc flu hosp,0,2025-02-08,24,quantile,0.35,672.810521820733
2025-02-08,wk inc flu hosp,0,2025-02-08,24,quantile,0.4,693.0992938085319
2025-02-08,wk inc flu hosp,0,2025-02-08,24,quantile,0.45,760.3777868312173
2025-02-08,wk inc flu hosp,0,2025-02-08,24,quantile,0.5,768.1337478563173
2025-02-08,wk inc flu hosp,0,2025-02-08,24,quantile,0.55,790.0402344504485
2025-02-08,wk inc flu hosp,0,2025-02-08,24,quantile,0.6,801.1048933629044
2025-02-08,wk inc flu hosp,0,2025-02-08,24,quantile,0.65,832.0831440564789
2025-02-08,wk inc flu hosp,0,2025-02-08,24,quantile,0.7,857.1659094138216
2025-02-08,wk inc flu hosp,0,2025-02-08,24,quantile,0.75,914.4978669705345
2025-02-08,wk inc flu hosp,0,2025-02-08,24,quantile,0.8,969.0979113680867
2025-02-08,wk inc flu hosp,0,2025-02-08,24,quantile,0.85,1029.3632644648533
2025-02-08,wk inc flu hosp,0,2025-02-08,24,quantile,0.9,1082.5158555931982
2025-02-08,wk inc flu hosp,0,2025-02-08,24,quantile,0.95,1215.397728490359
2025-02-08,wk inc flu hosp,0,2025-02-08,24,quantile,0.975,1258.2082689448216
2025-02-08,wk inc flu hosp,0,2025-02-08,24,quantile,0.99,1285.034453939971
2025-02-08,wk inc flu hosp,1,2025-02-15,24,quantile,0.01,165.0444234648522
2025-02-08,wk inc flu hosp,1,2025-02-15,24,quantile,0.025,212.58566780446628
2025-02-08,wk inc flu hosp,1,2025-02-15,24,quantile,0.05,261.24935243513784
2025-02-08,wk inc flu hosp,1,2025-02-15,24,quantile,0.1,326.20108111738836
2025-02-08,wk inc flu hosp,1,2025-02-15,24,quantile,0.15,381.8680061924541
2025-02-08,wk inc flu hosp,1,2025-02-15,24,quantile,0.2,449.8882099932363
2025-02-08,wk inc flu hosp,1,2025-02-15,24,quantile,0.25,495.249872909483
2025-02-08,wk inc flu hosp,1,2025-02-15,24,quantile,0.3,544.748568020232
2025-02-08,wk inc flu hosp,1,2025-02-15,24,quantile,0.35,607.6348672586007
2025-02-08,wk inc flu hosp,1,2025-02-15,24,quantile,0.4,645.963217684837
2025-02-08,wk inc flu hosp,1,2025-02-15,24,quantile,0.45,684.3510808712754
2025-02-08,wk inc flu hosp,1,2025-02-15,24,quantile,0.5,730.5000276554448
2025-02-08,wk inc flu hosp,1,2025-02-15,24,quantile,0.55,775.5902144079424
2025-02-08,wk inc flu hosp,1,2025-02-15,24,quantile,0.6,819.7673402449368
2025-02-08,wk inc flu hosp,1,2025-02-15,24,quantile,0.65,849.3967780851168
2025-02-08,wk inc flu hosp,1,2025-02-15,24,quantile,0.7,886.4793757785365
2025-02-08,wk inc flu hosp,1,2025-02-15,24,quantile,0.75,920.9122753307178
2025-02-08,wk inc flu hosp,1,2025-02-15,24,quantile,0.8,957.1793958074234
2025-02-08,wk inc flu hosp,1,2025-02-15,24,quantile,0.85,1041.4681179300455
2025-02-08,wk inc flu hosp,1,2025-02-15,24,quantile,0.9,1140.1608385052457
2025-02-08,wk inc flu hosp,1,2025-02-15,24,quantile,0.95,1237.967500253301
2025-02-08,wk inc flu hosp,1,2025-02-15,24,quantile,0.975,1322.1421334597633
2025-02-08,wk inc flu hosp,1,2025-02-15,24,quantile,0.99,1370.093934261148
2025-02-08,wk inc flu hosp,2,2025-02-22,24,quantile,0.01,105.05645979822913
2025-02-08,wk inc flu hosp,2,2025-02-22,24,quantile,0.025,149.54233438221445
2025-02-08,wk inc flu hosp,2,2025-02-22,24,quantile,0.05,197.77594979459138
2025-02-08,wk inc flu hosp,2,2025-02-22,24,quantile,0.1,255.18962385036102
2025-02-08,wk inc flu hosp,2,2025-02-22,24,quantile,0.15,307.1670193609604
2025-02-08,wk inc flu hosp,2,2025-02-22,24,quantile,0.2,367.25542069767704
2025-02-08,wk inc flu hosp,2,2025-02-22,24,quantile,0.25,422.8797560071806
2025-02-08,wk inc flu hosp,2,2025-02-22,24,quantile,0.3,473.12851148602647
2025-02-08,wk inc flu hosp,2,2025-02-22,24,quantile,0.35,508.2501257480993
2025-02-08,wk inc flu hosp,2,2025-02-22,24,quantile,0.4,553.5279939547796
2025-02-08,wk inc flu hosp,2,2025-02-22,24,quantile,0.45,624.8955398918272
2025-02-08,wk inc flu hosp,2,2025-02-22,24,quantile,0.5,672.8739148270071
2025-02-08,wk inc flu hosp,2,2025-02-22,24,quantile,0.55,721.6474080693349
2025-02-08,wk inc flu hosp,2,2025-02-22,24,quantile,0.6,765.4180181250762
2025-02-08,wk inc flu hosp,2,2025-02-22,24,quantile,0.65,811.1571108233815
2025-02-08,wk inc flu hosp,2,2025-02-22,24,quantile,0.7,855.0569186593448
2025-02-08,wk inc flu hosp,2,2025-02-22,24,quantile,0.75,901.669149629631
2025-02-08,wk inc flu hosp,2,2025-02-22,24,quantile,0.8,946.3578230311796
2025-02-08,wk inc flu hosp,2,2025-02-22,24,quantile,0.85,999.4227738435743
2025-02-08,wk inc flu hosp,2,2025-02-22,24,quantile,0.9,1106.747520520472
2025-02-08,wk inc flu hosp,2,2025-02-22,24,quantile,0.95,1260.3688032510663
2025-02-08,wk inc flu hosp,2,2025-02-22,24,quantile,0.975,1350.5989712071616
2025-02-08,wk inc flu hosp,2,2025-02-22,24,quantile,0.99,1402.473584812718
2025-02-08,wk inc flu hosp,3,2025-03-01,24,quantile,0.01,82.89615096030374
2025-02-08,wk inc flu hosp,3,2025-03-01,24,quantile,0.025,111.59445959435342
2025-02-08,wk inc flu hosp,3,2025-03-01,24,quantile,0.05,160.84588801016537
2025-02-08,wk inc flu hosp,3,2025-03-01,24,quantile,0.1,208.85438839775264
2025-02-08,wk inc flu hosp,3,2025-03-01,24,quantile,0.15,263.5705453374949
2025-02-08,wk inc flu hosp,3,2025-03-01,24,quantile,0.2,304.04028826192075
2025-02-08,wk inc flu hosp,3,2025-03-01,24,quantile,0.25,357.1130055812439
2025-02-08,wk inc flu hosp,3,2025-03-01,24,quantile,0.3,406.86722306852005
2025-02-08,wk inc flu hosp,3,2025-03-01,24,quantile,0.35,462.86258211000325
2025-02-08,wk inc flu hosp,3,2025-03-01,24,quantile,0.4,517.0686009125188
2025-02-08,wk inc flu hosp,3,2025-03-01,24,quantile,0.45,562.0100150624111
2025-02-08,wk inc flu hosp,3,2025-03-01,24,quantile,0.5,619.3424495297133
2025-02-08,wk inc flu hosp,3,2025-03-01,24,quantile,0.55,681.7410314670818
2025-02-08,wk inc flu hosp,3,2025-03-01,24,quantile,0.6,735.1875982031453
2025-02-08,wk inc flu hosp,3,2025-03-01,24,quantile,0.65,780.9231085132233
2025-02-08,wk inc flu hosp,3,2025-03-01,24,quantile,0.7,834.4167750520542
2025-02-08,wk inc flu hosp,3,2025-03-01,24,quantile,0.75,889.8213444918916
2025-02-08,wk inc flu hosp,3,2025-03-01,24,quantile,0.8,935.9790832070936
2025-02-08,wk inc flu hosp,3,2025-03-01,24,quantile,0.85,991.5390594880051
2025-02-08,wk inc flu hosp,3,2025-03-01,24,quantile,0.9,1105.9315672664904
2025-02-08,wk inc flu hosp,3,2025-03-01,24,quantile,0.95,1226.1260414442434
2025-02-08,wk inc flu hosp,3,2025-03-01,24,quantile,0.975,1313.2057009079028
2025-02-08,wk inc flu hosp,3,2025-03-01,24,quantile,0.99,1390.1048783401775
2025-02-08,wk inc flu hosp,0,2025-02-08,25,quantile,0.01,330.7566387151583
2025-02-08,wk inc flu hosp,0,2025-02-08,25,quantile,0.025,414.35249693648683
2025-02-08,wk inc flu hosp,0,2025-02-08,25,quantile,0.05,437.2920970458032
2025-02-08,wk inc flu hosp,0,2025-02-08,25,quantile,0.1,555.1783135873519
2025-02-08,wk inc flu hosp,0,2025-02-08,25,quantile,0.15,561.4509516816223
2025-02-08,wk inc flu hosp,0,2025-02-08,25,quantile,0.2,643.9000688262294
2025-02-08,wk inc flu hosp,0,2025-02-08,25,quantile,0.25,660.7818612356396
2025-02-08,wk inc flu hosp,0,2025-02-08,25,quantile,0.3,673.345138118577
2025-02-08,wk inc flu hosp,0,2025-02-08,25,quantile,0.35,695.8318084803294
2025-02-08,wk inc flu hosp,0,2025-02-08,25,quantile,0.4,765.5258801618204
2025-02-08,wk inc flu hosp,0,2025-02-08,25,quantile,0.45,769.5462010155287
2025-02-08,wk inc flu hosp,0,2025-02-08,25,quantile,0.5,777.8634028018871
2025-02-08,wk inc flu hosp,0,2025-02-08,25,quantile,0.55,815.0589195459861
2025-02-08,wk inc flu hosp,0,2025-02-08,25,quantile,0.6,844.1937141785604
2025-02-08,wk inc flu hosp,0,2025-02-08,25,quantile,0.65,886.2569767858387
2025-02-08,wk inc flu hosp,0,2025-02-08,25,quantile,0.7,926.2981605623213
2025-02-08,wk inc flu hosp,0,2025-02-08,25,quantile,0.75,934.949474989965
2025-02-08,wk inc flu hosp,0,2025-02-08,25,quantile,0.8,940.9798474108304
2025-02-08,wk inc flu hosp,0,2025-02-08,25,quantile,0.85,1038.0983364893618
2025-02-08,wk inc flu hosp,0,2025-02-08,25,quantile,0.9,1100.44068754974
2025-02-08,wk inc flu hosp,0,2025-02-08,25,quantile,0.95,1111.8845052536722
2025-02-08,wk inc flu hosp,0,2025-02-08,25,quantile,0.975,1119.8500490790373
2025-02-08,wk inc flu hosp,0,2025-02-08,25,quantile,0.99,1134.8481008894398
2025-02-08,wk inc flu hosp,1,2025-02-15,25,quantile,0.01,269.7939997246952
2025-02-08,wk inc flu hosp,1,2025-02-15,25,quantile,0.025,298.878244049415
2025-02-08,wk inc flu hosp,1,2025-02-15,25,quantile,0.05,350.4902631189731
2025-02-08,wk inc flu hosp,1,2025-02-15,25,quantile,0.1,406.05229659694004
2025-02-08,wk inc flu hosp,1,2025-02-15,25,quantile,0.15,460.375811346947
2025-02-08,wk inc flu hosp,1,2025-02-15,25,quantile,0.2,511.5017789595128
2025-02-08,wk inc flu hosp,1,2025-02-15,25,quantile,0.25,547.1937671460516
2025-02-08,wk inc flu hosp,1,2025-02-15,25,quantile,0.3,582.7088417720175
2025-02-08,wk inc flu hosp,1,2025-02-15,25,quantile,0.35,623.2217106006291
2025-02-08,wk inc flu hosp,1,2025-02-15,25,quantile,0.4,637.629547051344
2025-02-08,wk inc flu hosp,1,2025-02-15,25,quantile,0.45,656.2231968937646
2025-02-08,wk inc flu hosp,1,2025-02-15,25,quantile,0.5,680.459135141886
2025-02-08,wk inc flu hosp,1,2025-02-15,25,quantile,0.55,716.6378590329199
2025-02-08,wk inc flu hosp,1,2025-02-15,25,quantile,0.6,748.595238648293
2025-02-08,wk inc flu hosp,1,2025-02-15,25,quantile,0.65,777.3991278609411
2025-02-08,wk inc flu hosp,1,2025-02-15,25,quantile,0.7,814.7122869240212
2025-02-08,wk inc flu hosp,1,2025-02-15,25,quantile,0.75,851.6756113966554
2025-02-08,wk inc flu hosp,1,2025-02-15,25,quantile,0.8,890.2303415494883
2025-02-08,wk inc flu hosp,1,2025-02-15,25,quantile,0.85,925.7425075709009
2025-02-08,wk inc flu hosp,1,2025-02-15,25,quantile,0.9,1011.159656947779
2025-02-08,wk inc flu hosp,1,2025-02-15,25,quantile,0.95,1080.9787870063387
2025-02-08,wk inc flu hosp,1,2025-02-15,25,quantile,0.975,1100.4166543789206
2025-02-08,wk inc flu hosp,1,2025-02-15,25,quantile,0.99,1116.4411853402419
2025-02-08,wk inc flu hosp,2,2025-02-22,25,quantile,0.01,196.09949468340636
2025-02-08,wk inc flu hosp,2,2025-02-22,25,quantile,0.025,238.43161135411935
2025-02-08,wk inc flu hosp,2,2025-02-22,25,quantile,0.05,278.7636696836051
2025-02-08,wk inc flu hosp,2,2025-02-22,25,quantile,0.1,336.9731026022792
2025-02-08,wk inc flu hosp,2,2025-02-22,25,quantile,0.15,393.22886454172396
2025-02-08,wk inc flu hosp,2,2025-02-22,25,quantile,0.2,439.7566172937049
2025-02-08,wk inc flu hosp,2,2025-02-22,25,quantile,0.25,477.77247493359954
2025-02-08,wk inc flu hosp,2,2025-02-22,25,quantile,0.3,516.3422473420949
2025-02-08,wk inc flu hosp,2,2025-02-22,25,quantile,0.35,543.8627296061571
2025-02-08,wk inc flu hosp,2,2025-02-22,25,quantile,0.4,577.3221209587817
2025-02-08,wk inc flu hosp,2,2025-02-22,25,quantile,0.45,608.916222882791
2025-02-08,wk inc flu hosp,2,2025-02-22,25,quantile,0.5,633.2891661818143
2025-02-08,wk inc flu hosp,2,2025-02-22,25,quantile,0.55,656.3247691324908
2025-02-08,wk inc flu hosp,2,2025-02-22,25,quantile,0.6,684.9743615631502
2025-02-08,wk inc flu hosp,2,2025-02-22,25,quantile,0.65,719.77310934812
2025-02-08,wk inc flu hosp,2,2025-02-22,25,quantile,0.7,755.5659069354364
2025-02-08,wk inc flu hosp,2,2025-02-22,25,quantile,0.75,789.9128024865522
2025-02-08,wk inc flu hosp,2,2025-02-22,25,quantile,0.8,833.2304740105876
2025-02-08,wk inc flu hosp,2,2025-02-22,25,quantile,0.85,877.8481059775545
2025-02-08,wk inc flu hosp,2,2025-02-22,25,quantile,0.9,925.106442164145
2025-02-08,wk inc flu hosp,2,2025-02-22,25,quantile,0.95,1041.8958957334025
2025-02-08,wk inc flu hosp,2,2025-02-22,25,quantile,0.975,1087.7252019174098
2025-02-08,wk inc flu hosp,2,2025-02-22,25,quantile,0.99,1112.8594488929189
2025-02-08,wk inc flu hosp,3,2025-03-01,25,quantile,0.01,145.36403508982872
2025-02-08,wk inc flu hosp,3,2025-03-01,25,quantile,0.025,206.22875961809302
2025-02-08,wk inc flu hosp,3,2025-03-01,25,quantile,0.05,237.75759397478728
2025-02-08,wk inc flu hosp,3,2025-03-01,25,quantile,0.1,294.6072630623778
2025-02-08,wk inc flu hosp,3,2025-03-01,25,quantile,0.15,344.2772868784617
2025-02-08,wk inc flu hosp,3,2025-03-01,25,quantile,0.2,380.0429421095361
2025-02-08,wk inc flu hosp,3,2025-03-01,25,quantile,0.25,414.3407585166764
2025-02-08,wk inc flu hosp,3,2025-03-01,25,quantile,0.3,459.64086781265354
2025-02-08,wk inc flu hosp,3,2025-03-01,25,quantile,0.35,497.06692509416877
2025-02-08,wk inc flu hosp,3,2025-03-01,25,quantile,0.4,525.730714459289
2025-02-08,wk inc flu hosp,3,2025-03-01,25,quantile,0.45,549.6772846597609
2025-02-08,wk inc flu hosp,3,2025-03-01,25,quantile,0.5,583.3664540246367
2025-02-08,wk inc flu hosp,3,2025-03-01,25,quantile,0.55,609.9892181754307
2025-02-08,wk inc flu hosp,3,2025-03-01,25,quantile,0.6,641.0476209316191
2025-02-08,wk inc flu hosp,3,2025-03-01,25,quantile,0.65,674.7809134838321
2025-02-08,wk inc flu hosp,3,2025-03-01,25,quantile,0.7,707.0227899414411
2025-02-08,wk inc flu hosp,3,2025-03-01,25,quantile,0.75,737.3650848981483
2025-02-08,wk inc flu hosp,3,2025-03-01,25,quantile,0.8,774.9309085002993
2025-02-08,wk inc flu hosp,3,2025-03-01,25,quantile,0.85,827.2837442981419
2025-02-08,wk inc flu hosp,3,2025-03-01,25,quantile,0.9,875.8376007950495
2025-02-08,wk inc flu hosp,3,2025-03-01,25,quantile,0.95,946.5608058311526
2025-02-08,wk inc flu hosp,3,2025-03-01,25,quantile,0.975,1013.575244456753
2025-02-08,wk inc flu hosp,3,2025-03-01,25,quantile,0.99,1081.4750046603162
2025-02-08,wk inc flu hosp,0,2025-02-08,26,quantile,0.01,407.15852806668914
2025-02-08,wk inc flu hosp,0,2025-02-08,26,quantile,0.025,469.5411283240241
2025-02-08,wk inc flu hosp,0,2025-02-08,26,quantile,0.05,568.7061538270875
2025-02-08,wk inc flu hosp,0,2025-02-08,26,quantile,0.1,607.1205690757411
2025-02-08,wk inc flu hosp,0,2025-02-08,26,quantile,0.15,617.1261389711738
2025-02-08,wk inc flu hosp,0,2025-02-08,26,quantile,0.2,678.8461191608712
2025-02-08,wk inc flu hosp,0,2025-02-08,26,quantile,0.25,695.3079681524507
2025-02-08,wk inc flu hosp,0,2025-02-08,26,quantile,0.3,718.3068893374444
2025-02-08,wk inc flu hosp,0,2025-02-08,26,quantile,0.35,739.6350852659823
2025-02-08,wk inc flu hosp,0,2025-02-08,26,quantile,0.4,758.1044201329605
2025-02-08,wk inc flu hosp,0,2025-02-08,26,quantile,0.45,805.7690964821772
2025-02-08,wk inc flu hosp,0,2025-02-08,26,quantile,0.5,846.6144988666003
2025-02-08,wk inc flu hosp,0,2025-02-08,26,quantile,0.55,869.8637278814673
2025-02-08,wk inc flu hosp,0,2025-02-08,26,quantile,0.6,901.25993934036
2025-02-08,wk inc flu hosp,0,2025-02-08,26,quantile,0.65,917.225664198928
2025-02-08,wk inc flu hosp,0,2025-02-08,26,quantile,0.7,930.9406785553107
2025-02-08,wk inc flu hosp,0,2025-02-08,26,quantile,0.75,965.0866305020808
2025-02-08,wk inc flu hosp,0,2025-02-08,26,quantile,0.8,1012.8460331435236
2025-02-08,wk inc flu hosp,0,2025-02-08,26,quantile,0.85,1046.7395145507298
2025-02-08,wk inc flu hosp,0,2025-02-08,26,quantile,0.9,1124.619816525937
2025-02-08,wk inc flu hosp,0,2025-02-08,26,quantile,0.95,1245.157495274233
2025-02-08,wk inc flu hosp,0,2025-02-08,26,quantile,0.975,1251.0736807908029
2025-02-08,wk inc flu hosp,0,2025-02-08,26,quantile,0.99,1264.5636346480812
2025-02-08,wk inc flu hosp,1,2025-02-15,26,quantile,0.01,249.91523359536853
2025-02-08,wk inc flu hosp,1,2025-02-15,26,quantile,0.025,306.1353389008815
2025-02-08,wk inc flu hosp,1,2025-02-15,26,quantile,0.05,352.7481989754199
2025-02-08,wk inc flu hosp,1,2025-02-15,26,quantile,0.1,442.7163311802772
2025-02-08,wk inc flu hosp,1,2025-02-15,26,quantile,0.15,494.1942392542052
2025-02-08,wk inc flu hosp,1,2025-02-15,26,quantile,0.2,533.4812775828839
2025-02-08,wk inc flu hosp,1,2025-02-15,26,quantile,0.25,569.5077566040223
2025-02-08,wk inc flu hosp,1,2025-02-15,26,quantile,0.3,595.8331228301276
2025-02-08,wk inc flu hosp,1,2025-02-15,26,quantile,0.35,629.8305337991038
2025-02-08,wk inc flu hosp,1,2025-02-15,26,quantile,0.4,656.4402008136015
2025-02-08,wk inc flu hosp,1,2025-02-15,26,quantile,0.45,688.6590919983742
2025-02-08,wk inc flu hosp,1,2025-02-15,26,quantile,0.5,715.1191910600801
2025-02-08,wk inc flu hosp,1,2025-02-15,26,quantile,0.55,741.6756710557264
2025-02-08,wk inc flu hosp,1,2025-02-15,26,quantile,0.6,776.5416526351128
2025-02-08,wk inc flu hosp,1,2025-02-15,26,quantile,0.65,811.4231625956215
2025-02-08,wk inc flu hosp,1,2025-02-15,26,quantile,0.7,856.469666355329
2025-02-08,wk inc flu hosp,1,2025-02-15,26,quantile,0.75,889.974546012966
2025-02-08,wk inc flu hosp,1,2025-02-15,26,quantile,0.8,932.8808135936755
2025-02-08,wk inc flu hosp,1,2025-02-15,26,quantile,0.85,974.4285290664518
2025-02-08,wk inc flu hosp,1,2025-02-15,26,quantile,0.9,1042.0481065293643
2025-02-08,wk inc flu hosp,1,2025-02-15,26,quantile,0.95,1137.5949235127468
2025-02-08,wk inc flu hosp,1,2025-02-15,26,quantile,0.975,1231.0583217754795
2025-02-08,wk inc flu hosp,1,2025-02-15,26,quantile,0.99,1274.2909492893777
2025-02-08,wk inc flu hosp,2,2025-02-22,26,quantile,0.01,170.89705647759288
2025-02-08,wk inc flu hosp,2,2025-02-22,26,quantile,0.025,213.7066875922236
2025-02-08,wk inc flu hosp,2,2025-02-22,26,quantile,0.05,263.5598160399719
2025-02-08,wk inc flu hosp,2,2025-02-22,26,quantile,0.1,330.11793479575067
2025-02-08,wk inc flu hosp,2,2025-02-22,26,quantile,0.15,367.8779739594736
2025-02-08,wk inc flu hosp,2,2025-02-22,26,quantile,0.2,407.3505758049234
2025-02-08,wk inc flu hosp,2,2025-02-22,26,quantile,0.25,447.30404874949636
2025-02-08,wk inc flu hosp,2,2025-02-22,26,quantile,0.3,496.28049327915375
2025-02-08,wk inc flu hosp,2,2025-02-22,26,quantile,0.35,534.4945843707625
2025-02-08,wk inc flu hosp,2,2025-02-22,26,quantile,0.4,564.3968169998074
2025-02-08,wk inc flu hosp,2,2025-02-22,26,quantile,0.45,597.7420437017782
2025-02-08,wk inc flu hosp,2,2025-02-22,26,quantile,0.5,625.9036039263051
2025-02-08,wk inc flu hosp,2,2025-02-22,26,quantile,0.55,672.5145037905946
2025-02-08,wk inc flu hosp,2,2025-02-22,26,quantile,0.6,707.7392270462941
2025-02-08,wk inc flu hosp,2,2025-02-22,26,quantile,0.65,736.5271407849218
2025-02-08,wk inc flu hosp,2,2025-02-22,26,quantile,0.7,782.4020727521282
2025-02-08,wk inc flu hosp,2,2025-02-22,26,quantile,0.75,826.3724379692885
2025-02-08,wk inc flu hosp,2,2025-02-22,26,quantile,0.8,870.8852656082254
2025-02-08,wk inc flu hosp,2,2025-02-22,26,quantile,0.85,913.2195508876578
2025-02-08,wk inc flu hosp,2,2025-02-22,26,quantile,0.9,989.2080354252109
2025-02-08,wk inc flu hosp,2,2025-02-22,26,quantile,0.95,1104.8205392452778
2025-02-08,wk inc flu hosp,2,2025-02-22,26,quantile,0.975,1201.477517450962
2025-02-08,wk inc flu hosp,2,2025-02-22,26,quantile,0.99,1263.0594011827818
2025-02-08,wk inc flu hosp,3,2025-03-01,26,quantile,0.01,103.47508758561969
2025-02-08,wk inc flu hosp,3,2025-03-01,26,quantile,0.025,139.3385027675107
2025-02-08,wk inc flu hosp,3,2025-03-01,26,quantile,0.05,177.68818955446721
2025-02-08,wk inc flu hosp,3,2025-03-01,26,quantile,0.1,226.5030370631964
2025-02-08,wk inc flu hosp,3,2025-03-01,26,quantile,0.15,267.25632678341987
2025-02-08,wk inc flu hosp,3,2025-03-01,26,quantile,0.2,302.7705947777305
2025-02-08,wk inc flu hosp,3,2025-03-01,26,quantile,0.25,341.24977031332867
2025-02-08,wk inc flu hosp,3,2025-03-01,26,quantile,0.3,377.47440859047214
2025-02-08,wk inc flu hosp,3,2025-03-01,26,quantile,0.35,415.3597546493506
2025-02-08,wk inc flu hosp,3,2025-03-01,26,quantile,0.4,457.6555393078046
2025-02-08,wk inc flu hosp,3,2025-03-01,26,quantile,0.45,496.88465193322594
2025-02-08,wk inc flu hosp,3,2025-03-01,26,quantile,0.5,528.7644747914643
2025-02-08,wk inc flu hosp,3,2025-03-01,26,quantile,0.55,566.6490345292625
2025-02-08,wk inc flu hosp,3,2025-03-01,26,quantile,0.6,601.0750159645916
2025-02-08,wk inc flu hosp,3,2025-03-01,26,quantile,0.65,633.1426189788975
2025-02-08,wk inc flu hosp,3,2025-03-01,26,quantile,0.7,667.69490777352
2025-02-08,wk inc flu hosp,3,2025-03-01,26,quantile,0.75,706.2692758744598
2025-02-08,wk inc flu hosp,3,2025-03-01,26,quantile,0.8,744.4005039987038
2025-02-08,wk inc flu hosp,3,2025-03-01,26,quantile,0.85,791.6212998124523
2025-02-08,wk inc flu hosp,3,2025-03-01,26,quantile,0.9,864.3726599212781
2025-02-08,wk inc flu hosp,3,2025-03-01,26,quantile,0.95,955.0518862720864
2025-02-08,wk inc flu hosp,3,2025-03-01,26,quantile,0.975,1052.3054040177367
2025-02-08,wk inc flu hosp,3,2025-03-01,26,quantile,0.99,1106.4336988132243
2025-02-08,wk inc flu hosp,0,2025-02-08,27,quantile,0.01,63.94465873380954
2025-02-08,wk inc flu hosp,0,2025-02-08,27,quantile,0.025,386.6458468426804
2025-02-08,wk inc flu hosp,0,2025-02-08,27,quantile,0.05,472.9679301241848
2025-02-08,wk inc flu hosp,0,2025-02-08,27,quantile,0.1,545.1873829079996
2025-02-08,wk inc flu hosp,0,2025-02-08,27,quantile,0.15,619.9462097035685
2025-02-08,wk inc flu hosp,0,2025-02-08,27,quantile,0.2,653.8488658211564
2025-02-08,wk inc flu hosp,0,2025-02-08,27,quantile,0.25,687.872000710974
2025-02-08,wk inc flu hosp,0,2025-02-08,27,quantile,0.3,712.3784643950969
2025-02-08,wk inc flu hosp,0,2025-02-08,27,quantile,0.35,739.094883664332
2025-02-08,wk inc flu hosp,0,2025-02-08,27,quantile,0.4,772.3661393048366
2025-02-08,wk inc flu hosp,0,2025-02-08,27,quantile,0.45,796.645156999959
2025-02-08,wk inc flu hosp,0,2025-02-08,27,quantile,0.5,803.8975565716598
2025-02-08,wk inc flu hosp,0,2025-02-08,27,quantile,0.55,847.8565652308347
2025-02-08,wk inc flu hosp,0,2025-02-08,27,quantile,0.6,892.0081055887541
2025-02-08,wk inc flu hosp,0,2025-02-08,27,quantile,0.65,926.4145140827268
2025-02-08,wk inc flu hosp,0,2025-02-08,27,quantile,0.7,949.1494925123844
2025-02-08,wk inc flu hosp,0,2025-02-08,27,quantile,0.75,958.5021882765262
2025-02-08,wk inc flu hosp,0,2025-02-08,27,quantile,0.8,1033.2236058187073
2025-02-08,wk inc flu hosp,0,2025-02-08,27,quantile,0.85,1088.1895830006379
2025-02-08,wk inc flu hosp,0,2025-02-08,27,quantile,0.9,1143.5558718672212
2025-02-08,wk inc flu hosp,0,2025-02-08,27,quantile,0.95,1276.013257486826
2025-02-08,wk inc flu hosp,0,2025-02-08,27,quantile,0.975,1356.4551610063836
2025-02-08,wk inc flu hosp,0,2025-02-08,27,quantile,0.99,1452.9732184468462
2025-02-08,wk inc flu hosp,1,2025-02-15,27,quantile,0.01,69.29672995472953
2025-02-08,wk inc flu hosp,1,2025-02-15,27,quantile,0.025,159.81037992397043
2025-02-08,wk inc flu hosp,1,2025-02-15,27,quantile,0.05,304.2341850920007
2025-02-08,wk inc flu hosp,1,2025-02-15,27,quantile,0.1,401.2008147873163
2025-02-08,wk inc flu hosp,1,2025-02-15,27,quantile,0.15,487.7634234024972
2025-02-08,wk inc flu hosp,1,2025-02-15,27,quantile,0.2,541.3341557820378
2025-02-08,wk inc flu hosp,1,2025-02-15,27,quantile,0.25,590.7380045112761
2025-02-08,wk inc flu hosp,1,2025-02-15,27,quantile,0.3,634.3330486880751
2025-02-08,wk inc flu hosp,1,2025-02-15,27,quantile,0.35,670.0075695122429
2025-02-08,wk inc flu hosp,1,2025-02-15,27,quantile,0.4,701.8060714377481
2025-02-08,wk inc flu hosp,1,2025-02-15,27,quantile,0.45,734.0607432773372
2025-02-08,wk inc flu hosp,1,2025-02-15,27,quantile,0.5,767.2963453274488
2025-02-08,wk inc flu hosp,1,2025-02-15,27,quantile,0.55,806.5005753100498
2025-02-08,wk inc flu hosp,1,2025-02-15,27,quantile,0.6,854.8876610965615
2025-02-08,wk inc flu hosp,1,2025-02-15,27,quantile,0.65,901.6744122485309
2025-02-08,wk inc flu hosp,1,2025-02-15,27,quantile,0.7,962.896164008678
2025-02-08,wk inc flu hosp,1,2025-02-15,27,quantile,0.75,1008.0228784674516
2025-02-08,wk inc flu hosp,1,2025-02-15,27,quantile,0.8,1060.3227821956696
2025-02-08,wk inc flu hosp,1,2025-02-15,27,quantile,0.85,1127.8788619439836
2025-02-08,wk inc flu hosp,1,2025-02-15,27,quantile,0.9,1227.0744211406093
2025-02-08,wk inc flu hosp,1,2025-02-15,27,quantile,0.95,1375.7349529091714
2025-02-08,wk inc flu hosp,1,2025-02-15,27,quantile,0.975,1522.4703641385508
2025-02-08,wk inc flu hosp,1,2025-02-15,27,quantile,0.99,1679.7722495306566
2025-02-08,wk inc flu hosp,2,2025-02-22,27,quantile,0.01,67.45507971721143
2025-02-08,wk inc flu hosp,2,2025-02-22,27,quantile,0.025,124.71608859582585
2025-02-08,wk inc flu hosp,2,2025-02-22,27,quantile,0.05,229.17054362019178
2025-02-08,wk inc flu hosp,2,2025-02-22,27,quantile,0.1,325.86283983599964
2025-02-08,wk inc flu hosp,2,2025-02-22,27,quantile,0.15,406.92976020322016
2025-02-08,wk inc flu hosp,2,2025-02-22,27,quantile,0.2,467.07834498236093
2025-02-08,wk inc flu hosp,2,2025-02-22,27,quantile,0.25,511.53589598194446
2025-02-08,wk inc flu hosp,2,2025-02-22,27,quantile,0.3,567.7760108182543
2025-02-08,wk inc flu hosp,2,2025-02-22,27,quantile,0.35,606.9891716666467
2025-02-08,wk inc flu hosp,2,2025-02-22,27,quantile,0.4,654.3322520399404
2025-02-08,wk inc flu hosp,2,2025-02-22,27,quantile,0.45,694.6441249529232
2025-02-08,wk inc flu hosp,2,2025-02-22,27,quantile,0.5,730.4151956521819
2025-02-08,wk inc flu hosp,2,2025-02-22,27,quantile,0.55,771.8268172027983
2025-02-08,wk inc flu hosp,2,2025-02-22,27,quantile,0.6,807.1182534390938
2025-02-08,wk inc flu hosp,2,2025-02-22,27,quantile,0.65,862.0838407137074
2025-02-08,wk inc flu hosp,2,2025-02-22,27,quantile,0.7,920.0411319268446
2025-02-08,wk inc flu hosp,2,2025-02-22,27,quantile,0.75,1000.7375382735752
2025-02-08,wk inc flu hosp,2,2025-02-22,27,quantile,0.8,1070.0817507165705
2025-02-08,wk inc flu hosp,2,2025-02-22,27,quantile,0.85,1148.8495414554598
2025-02-08,wk inc flu hosp,2,2025-02-22,27,quantile,0.9,1259.2223686813638
2025-02-08,wk inc flu hosp,2,2025-02-22,27,quantile,0.95,1389.1552456227946
2025-02-08,wk inc flu hosp,2,2025-02-22,27,quantile,0.975,1558.2931703393265
2025-02-08,wk inc flu hosp,2,2025-02-22,27,quantile,0.99,1689.0906365162614
2025-02-08,wk inc flu hosp,3,2025-03-01,27,quantile,0.01,59.16260993824946
2025-02-08,wk inc flu hosp,3,2025-03-01,27,quantile,0.025,112.36992620912702
2025-02-08,wk inc flu hosp,3,2025-03-01,27,quantile,0.05,188.721128628367
2025-02-08,wk inc flu hosp,3,2025-03-01,27,quantile,0.1,258.17689919700723
2025-02-08,wk inc flu hosp,3,2025-03-01,27,quantile,0.15,320.6665409232932
2025-02-08,wk inc flu hosp,3,2025-03-01,27,quantile,0.2,387.5941894468797
2025-02-08,wk inc flu hosp,3,2025-03-01,27,quantile,0.25,441.44367214352496
2025-02-08,wk inc flu hosp,3,2025-03-01,27,quantile,0.3,496.3280176064226
2025-02-08,wk inc flu hosp,3,2025-03-01,27,quantile,0.35,542.4686065389634
2025-02-08,wk inc flu hosp,3,2025-03-01,27,quantile,0.4,593.9861622446069
2025-02-08,wk inc flu hosp,3,2025-03-01,27,quantile,0.45,642.8475669227867
2025-02-08,wk inc flu hosp,3,2025-03-01,27,quantile,0.5,683.1329734875719
2025-02-08,wk inc flu hosp,3,2025-03-01,27,quantile,0.55,729.867725186856
2025-02-08,wk inc flu hosp,3,2025-03-01,27,quantile,0.6,768.8084594971656
2025-02-08,wk inc flu hosp,3,2025-03-01,27,quantile,0.65,810.891560137459
2025-02-08,wk inc flu hosp,3,2025-03-01,27,quantile,0.7,873.6563747586642
2025-02-08,wk inc flu hosp,3,2025-03-01,27,quantile,0.75,942.729434431762
2025-02-08,wk inc flu hosp,3,2025-03-01,27,quantile,0.8,1009.1037453895582
2025-02-08,wk inc flu hosp,3,2025-03-01,27,quantile,0.85,1095.1149665965165
2025-02-08,wk inc flu hosp,3,2025-03-01,27,quantile,0.9,1186.4817552956565
2025-02-08,wk inc flu hosp,3,2025-03-01,27,quantile,0.95,1324.2496041108384
2025-02-08,wk inc flu hosp,3,2025-03-01,27,quantile,0.975,1439.7325077787218
2025-02-08,wk inc flu hosp,3,2025-03-01,27,quantile,0.99,1611.6228835384884
2025-02-08,wk inc flu hosp,0,2025-02-08,28,quantile,0.01,272.5573200071752
2025-02-08,wk inc flu hosp,0,2025-02-08,28,quantile,0.025,350.8660511464297
2025-02-08,wk inc flu hosp,0,2025-02-08,28,quantile,0.05,362.524526255521
2025-02-08,wk inc flu hosp,0,2025-02-08,28,quantile,0.1,379.18854317316885
2025-02-08,wk inc flu hosp,0,2025-02-08,28,quantile,0.15,405.7557284871556
2025-02-08,wk inc flu hosp,0,2025-02-08,28,quantile,0.2,419.5306330641583
2025-02-08,wk inc flu hosp,0,2025-02-08,28,quantile,0.25,466.3756321842773
2025-02-08,wk inc flu hosp,0,2025-02-08,28,quantile,0.3,475.52635626473773
2025-02-08,wk inc flu hosp,0,2025-02-08,28,quantile,0.35,475.7699467379427
2025-02-08,wk inc flu hosp,0,2025-02-08,28,quantile,0.4,479.19641490279787
2025-02-08,wk inc flu hosp,0,2025-02-08,28,quantile,0.45,485.2039533076822
2025-02-08,wk inc flu hosp,0,2025-02-08,28,quantile,0.5,512.107027068599
2025-02-08,wk inc flu hosp,0,2025-02-08,28,quantile,0.55,531.3519861807184
2025-02-08,wk inc flu hosp,0,2025-02-08,28,quantile,0.6,549.4874667019908
2025-02-08,wk inc flu hosp,0,2025-02-08,28,quantile,0.65,567.1797683651738
2025-02-08,wk inc flu hosp,0,2025-02-08,28,quantile,0.7,582.7254662853476
2025-02-08,wk inc flu hosp,0,2025-02-08,28,quantile,0.75,594.307893612976
2025-02-08,wk inc flu hosp,0,2025-02-08,28,quantile,0.8,606.4528220956765
2025-02-08,wk inc flu hosp,0,2025-02-08,28,quantile,0.85,631.9492963746852
2025-02-08,wk inc flu hosp,0,2025-02-08,28,quantile,0.9,682.7756734722677
2025-02-08,wk inc flu hosp,0,2025-02-08,28,quantile,0.95,731.7160124646192
2025-02-08,wk inc flu hosp,0,2025-02-08,28,quantile,0.975,751.086844400643
2025-02-08,wk inc flu hosp,0,2025-02-08,28,quantile,0.99,811.9187621715478
2025-02-08,wk inc flu hosp,1,2025-02-15,28,quantile,0.01,215.85218136423347
2025-02-08,wk inc flu hosp,1,2025-02-15,28,quantile,0.025,238.6222154908019
2025-02-08,wk inc flu hosp,1,2025-02-15,28,quantile,0.05,269.12786786117874
2025-02-08,wk inc flu hosp,1,2025-02-15,28,quantile,0.1,317.53493297179625
2025-02-08,wk inc flu hosp,1,2025-02-15,28,quantile,0.15,350.42321435651417
2025-02-08,wk inc flu hosp,1,2025-02-15,28,quantile,0.2,373.64247702625494
2025-02-08,wk inc flu hosp,1,2025-02-15,28,quantile,0.25,391.62707751492474
2025-02-08,wk inc flu hosp,1,2025-02-15,28,quantile,0.3,412.6024940015606
2025-02-08,wk inc flu hosp,1,2025-02-15,28,quantile,0.35,428.24237291795833
2025-02-08,wk inc flu hosp,1,2025-02-15,28,quantile,0.4,446.1445873642793
2025-02-08,wk inc flu hosp,1,2025-02-15,28,quantile,0.45,464.18550435507
2025-02-08,wk inc flu hosp,1,2025-02-15,28,quantile,0.5,481.73208143472675
2025-02-08,wk inc flu hosp,1,2025-02-15,28,quantile,0.55,498.6609097925708
2025-02-08,wk inc flu hosp,1,2025-02-15,28,quantile,0.6,513.2341893086414
2025-02-08,wk inc flu hosp,1,2025-02-15,28,quantile,0.65,528.9321514302317
2025-02-08,wk inc flu hosp,1,2025-02-15,28,quantile,0.7,548.8262822942272
2025-02-08,wk inc flu hosp,1,2025-02-15,28,quantile,0.75,575.2455986154723
2025-02-08,wk inc flu hosp,1,2025-02-15,28,quantile,0.8,597.5286829794784
2025-02-08,wk inc flu hosp,1,2025-02-15,28,quantile,0.85,620.041688091966
2025-02-08,wk inc flu hosp,1,2025-02-15,28,quantile,0.9,650.9457731168471
2025-02-08,wk inc flu hosp,1,2025-02-15,28,quantile,0.95,710.3533274548761
2025-02-08,wk inc flu hosp,1,2025-02-15,28,quantile,0.975,742.0552680853395
2025-02-08,wk inc flu hosp,1,2025-02-15,28,quantile,0.99,800.6123426005531
2025-02-08,wk inc flu hosp,2,2025-02-22,28,quantile,0.01,166.38759078506777
2025-02-08,wk inc flu hosp,2,2025-02-22,28,quantile,0.025,191.72360207128204
2025-02-08,wk inc flu hosp,2,2025-02-22,28,quantile,0.05,217.2272253098915
2025-02-08,wk inc flu hosp,2,2025-02-22,28,quantile,0.1,261.2467417057113
2025-02-08,wk inc flu hosp,2,2025-02-22,28,quantile,0.15,291.16808480285783
2025-02-08,wk inc flu hosp,2,2025-02-22,28,quantile,0.2,317.8581550794067
2025-02-08,wk inc flu hosp,2,2025-02-22,28,quantile,0.25,338.2570876682148
2025-02-08,wk inc flu hosp,2,2025-02-22,28,quantile,0.3,357.48659869856357
2025-02-08,wk inc flu hosp,2,2025-02-22,28,quantile,0.35,375.79998812679366
2025-02-08,wk inc flu hosp,2,2025-02-22,28,quantile,0.4,389.22606442264936
2025-02-08,wk inc flu hosp,2,2025-02-22,28,quantile,0.45,408.14292770983354
2025-02-08,wk inc flu hosp,2,2025-02-22,28,quantile,0.5,424.8728541318044
2025-02-08,wk inc flu hosp,2,2025-02-22,28,quantile,0.55,444.70416714728077
2025-02-08,wk inc flu hosp,2,2025-02-22,28,quantile,0.6,467.983814971993
2025-02-08,wk inc flu hosp,2,2025-02-22,28,quantile,0.65,485.85681471035775
2025-02-08,wk inc flu hosp,2,2025-02-22,28,quantile,0.7,503.43179234175386
2025-02-08,wk inc flu hosp,2,2025-02-22,28,quantile,0.75,531.3946854776606
2025-02-08,wk inc flu hosp,2,2025-02-22,28,quantile,0.8,558.2749557969129
2025-02-08,wk inc flu hosp,2,2025-02-22,28,quantile,0.85,583.9352861101329
2025-02-08,wk inc flu hosp,2,2025-02-22,28,quantile,0.9,623.2679109903477
2025-02-08,wk inc flu hosp,2,2025-02-22,28,quantile,0.95,673.4412123307754
2025-02-08,wk inc flu hosp,2,2025-02-22,28,quantile,0.975,712.5900390852164
2025-02-08,wk inc flu hosp,2,2025-02-22,28,quantile,0.99,769.4167629330875
2025-02-08,wk inc flu hosp,3,2025-03-01,28,quantile,0.01,138.518729488544
2025-02-08,wk inc flu hosp,3,2025-03-01,28,quantile,0.025,150.0107789769006
2025-02-08,wk inc flu hosp,3,2025-03-01,28,quantile,0.05,171.03133593796022
2025-02-08,wk inc flu hosp,3,2025-03-01,28,quantile,0.1,202.5793966968359
2025-02-08,wk inc flu hosp,3,2025-03-01,28,quantile,0.15,225.6465293258511
2025-02-08,wk inc flu hosp,3,2025-03-01,28,quantile,0.2,246.50773082051862
2025-02-08,wk inc flu hosp,3,2025-03-01,28,quantile,0.25,263.49357894830916
2025-02-08,wk inc flu hosp,3,2025-03-01,28,quantile,0.3,276.91964677518627
2025-02-08,wk inc flu hosp,3,2025-03-01,28,quantile,0.35,299.2095801930749
2025-02-08,wk inc flu hosp,3,2025-03-01,28,quantile,0.4,315.590402823425
2025-02-08,wk inc flu hosp,3,2025-03-01,28,quantile,0.45,334.04391723432553
2025-02-08,wk inc flu hosp,3,2025-03-01,28,quantile,0.5,352.39461357179334
2025-02-08,wk inc flu hosp,3,2025-03-01,28,quantile,0.55,367.92524138928803
2025-02-08,wk inc flu hosp,3,2025-03-01,28,quantile,0.6,386.904891845078
2025-02-08,wk inc flu hosp,3,2025-03-01,28,quantile,0.65,409.9079196235171
2025-02-08,wk inc flu hosp,3,2025-03-01,28,quantile,0.7,427.53116564393696
2025-02-08,wk inc flu hosp,3,2025-03-01,28,quantile,0.75,448.5229978648049
2025-02-08,wk inc flu hosp,3,2025-03-01,28,quantile,0.8,470.30283730717355
2025-02-08,wk inc flu hosp,3,2025-03-01,28,quantile,0.85,498.716561689686
2025-02-08,wk inc flu hosp,3,2025-03-01,28,quantile,0.9,542.2032978531478
2025-02-08,wk inc flu hosp,3,2025-03-01,28,quantile,0.95,580.6961008834045
2025-02-08,wk inc flu hosp,3,2025-03-01,28,quantile,0.975,633.8586283037547
2025-02-08,wk inc flu hosp,3,2025-03-01,28,quantile,0.99,712.7320126474978
2025-02-08,wk inc flu hosp,0,2025-02-08,29,quantile,0.01,114.14727972442975
2025-02-08,wk inc flu hosp,0,2025-02-08,29,quantile,0.025,151.85911786786258
2025-02-08,wk inc flu hosp,0,2025-02-08,29,quantile,0.05,199.55882345266738
2025-02-08,wk inc flu hosp,0,2025-02-08,29,quantile,0.1,283.24469943100763
2025-02-08,wk inc flu hosp,0,2025-02-08,29,quantile,0.15,407.13416657002824
2025-02-08,wk inc flu hosp,0,2025-02-08,29,quantile,0.2,442.00227447630704
2025-02-08,wk inc flu hosp,0,2025-02-08,29,quantile,0.25,563.8093535818193
2025-02-08,wk inc flu hosp,0,2025-02-08,29,quantile,0.3,685.3943218995369
2025-02-08,wk inc flu hosp,0,2025-02-08,29,quantile,0.35,724.5423023061132
2025-02-08,wk inc flu hosp,0,2025-02-08,29,quantile,0.4,792.8774875173847
2025-02-08,wk inc flu hosp,0,2025-02-08,29,quantile,0.45,858.9685549520946
2025-02-08,wk inc flu hosp,0,2025-02-08,29,quantile,0.5,893.14910389576
2025-02-08,wk inc flu hosp,0,2025-02-08,29,quantile,0.55,906.4211420263945
2025-02-08,wk inc flu hosp,0,2025-02-08,29,quantile,0.6,988.8814159744068
2025-02-08,wk inc flu hosp,0,2025-02-08,29,quantile,0.65,1050.9262606899713
2025-02-08,wk inc flu hosp,0,2025-02-08,29,quantile,0.7,1107.3306840686826
2025-02-08,wk inc flu hosp,0,2025-02-08,29,quantile,0.75,1210.1334122743888
2025-02-08,wk inc flu hosp,0,2025-02-08,29,quantile,0.8,1278.18678521752
2025-02-08,wk inc flu hosp,0,2025-02-08,29,quantile,0.85,1315.68722278826
2025-02-08,wk inc flu hosp,0,2025-02-08,29,quantile,0.9,1424.6729952908136
2025-02-08,wk inc flu hosp,0,2025-02-08,29,quantile,0.95,1678.3455570670887
2025-02-08,wk inc flu hosp,0,2025-02-08,29,quantile,0.975,1733.520120076187
2025-02-08,wk inc flu hosp,0,2025-02-08,29,quantile,0.99,1892.2266982623396
2025-02-08,wk inc flu hosp,1,2025-02-15,29,quantile,0.01,137.4640843731889
2025-02-08,wk inc flu hosp,1,2025-02-15,29,quantile,0.025,172.56458843090826
2025-02-08,wk inc flu hosp,1,2025-02-15,29,quantile,0.05,238.055704049674
2025-02-08,wk inc flu hosp,1,2025-02-15,29,quantile,0.1,370.1589092790566
2025-02-08,wk inc flu hosp,1,2025-02-15,29,quantile,0.15,450.2364068241906
2025-02-08,wk inc flu hosp,1,2025-02-15,29,quantile,0.2,548.9844059838314
2025-02-08,wk inc flu hosp,1,2025-02-15,29,quantile,0.25,634.321621357733
2025-02-08,wk inc flu hosp,1,2025-02-15,29,quantile,0.3,728.2009273325226
2025-02-08,wk inc flu hosp,1,2025-02-15,29,quantile,0.35,804.462830985158
2025-02-08,wk inc flu hosp,1,2025-02-15,29,quantile,0.4,859.3653859427727
2025-02-08,wk inc flu hosp,1,2025-02-15,29,quantile,0.45,917.3053089392756
2025-02-08,wk inc flu hosp,1,2025-02-15,29,quantile,0.5,972.6150833892673
2025-02-08,wk inc flu hosp,1,2025-02-15,29,quantile,0.55,1029.9041173989847
2025-02-08,wk inc flu hosp,1,2025-02-15,29,quantile,0.6,1083.9405477642226
2025-02-08,wk inc flu hosp,1,2025-02-15,29,quantile,0.65,1146.9070241906445
2025-02-08,wk inc flu hosp,1,2025-02-15,29,quantile,0.7,1222.8874547074763
2025-02-08,wk inc flu hosp,1,2025-02-15,29,quantile,0.75,1313.5428665309557
2025-02-08,wk inc flu hosp,1,2025-02-15,29,quantile,0.8,1383.944966073971
2025-02-08,wk inc flu hosp,1,2025-02-15,29,quantile,0.85,1507.378512771626
2025-02-08,wk inc flu hosp,1,2025-02-15,29,quantile,0.9,1643.6776319947921
2025-02-08,wk inc flu hosp,1,2025-02-15,29,quantile,0.95,1850.098058935441
2025-02-08,wk inc flu hosp,1,2025-02-15,29,quantile,0.975,2034.8319662898487
2025-02-08,wk inc flu hosp,1,2025-02-15,29,quantile,0.99,2117.519794987732
2025-02-08,wk inc flu hosp,2,2025-02-22,29,quantile,0.01,125.20609325068467
2025-02-08,wk inc flu hosp,2,2025-02-22,29,quantile,0.025,167.59913868881674
2025-02-08,wk inc flu hosp,2,2025-02-22,29,quantile,0.05,252.3356217862198
2025-02-08,wk inc flu hosp,2,2025-02-22,29,quantile,0.1,380.7457923388684
2025-02-08,wk inc flu hosp,2,2025-02-22,29,quantile,0.15,493.65977923479716
2025-02-08,wk inc flu hosp,2,2025-02-22,29,quantile,0.2,595.6844411273713
2025-02-08,wk inc flu hosp,2,2025-02-22,29,quantile,0.25,685.7732550563319
2025-02-08,wk inc flu hosp,2,2025-02-22,29,quantile,0.3,772.8167978227724
2025-02-08,wk inc flu hosp,2,2025-02-22,29,quantile,0.35,840.8696030372063
2025-02-08,wk inc flu hosp,2,2025-02-22,29,quantile,0.4,909.6866520850626
2025-02-08,wk inc flu hosp,2,2025-02-22,29,quantile,0.45,972.7044509183862
2025-02-08,wk inc flu hosp,2,2025-02-22,29,quantile,0.5,1017.6983215259693
2025-02-08,wk inc flu hosp,2,2025-02-22,29,quantile,0.55,1066.3018821849914
2025-02-08,wk inc flu hosp,2,2025-02-22,29,quantile,0.6,1143.0291989507223
2025-02-08,wk inc flu hosp,2,2025-02-22,29,quantile,0.65,1222.5990476945917
2025-02-08,wk inc flu hosp,2,2025-02-22,29,quantile,0.7,1280.489023483247
2025-02-08,wk inc flu hosp,2,2025-02-22,29,quantile,0.75,1356.8488554401138
2025-02-08,wk inc flu hosp,2,2025-02-22,29,quantile,0.8,1454.3230956913212
2025-02-08,wk inc flu hosp,2,2025-02-22,29,quantile,0.85,1571.6700901866934
2025-02-08,wk inc flu hosp,2,2025-02-22,29,quantile,0.9,1742.4031889583105
2025-02-08,wk inc flu hosp,2,2025-02-22,29,quantile,0.95,1948.555593825021
2025-02-08,wk inc flu hosp,2,2025-02-22,29,quantile,0.975,2143.508909220351
2025-02-08,wk inc flu hosp,2,2025-02-22,29,quantile,0.99,2338.007655428829
2025-02-08,wk inc flu hosp,3,2025-03-01,29,quantile,0.01,95.33071862576817
2025-02-08,wk inc flu hosp,3,2025-03-01,29,quantile,0.025,150.69963707388644
2025-02-08,wk inc flu hosp,3,2025-03-01,29,quantile,0.05,200.54003559234155
2025-02-08,wk inc flu hosp,3,2025-03-01,29,quantile,0.1,287.66468735299577
2025-02-08,wk inc flu hosp,3,2025-03-01,29,quantile,0.15,358.46308883342687
2025-02-08,wk inc flu hosp,3,2025-03-01,29,quantile,0.2,438.2858170009624
2025-02-08,wk inc flu hosp,3,2025-03-01,29,quantile,0.25,513.8029336153282
2025-02-08,wk inc flu hosp,3,2025-03-01,29,quantile,0.3,608.1594935412468
2025-02-08,wk inc flu hosp,3,2025-03-01,29,quantile,0.35,677.6520239279051
2025-02-08,wk inc flu hosp,3,2025-03-01,29,quantile,0.4,737.6988050071733
2025-02-08,wk inc flu hosp,3,2025-03-01,29,quantile,0.45,792.5737133044972
2025-02-08,wk inc flu hosp,3,2025-03-01,29,quantile,0.5,855.6775746213773
2025-02-08,wk inc flu hosp,3,2025-03-01,29,quantile,0.55,920.0990494615257
2025-02-08,wk inc flu hosp,3,2025-03-01,29,quantile,0.6,975.1556110451094
2025-02-08,wk inc flu hosp,3,2025-03-01,29,quantile,0.65,1034.9555993560869
2025-02-08,wk inc flu hosp,3,2025-03-01,29,quantile,0.7,1107.0266988161954
2025-02-08,wk inc flu hosp,3,2025-03-01,29,quantile,0.75,1184.022796280826
2025-02-08,wk inc flu hosp,3,2025-03-01,29,quantile,0.8,1274.1572749787872
2025-02-08,wk inc flu hosp,3,2025-03-01,29,quantile,0.85,1379.9831606586913
2025-02-08,wk inc flu hosp,3,2025-03-01,29,quantile,0.9,1532.4116834568192
2025-02-08,wk inc flu hosp,3,2025-03-01,29,quantile,0.95,1736.6367320035592
2025-02-08,wk inc flu hosp,3,2025-03-01,29,quantile,0.975,1964.854373397755
2025-02-08,wk inc flu hosp,3,2025-03-01,29,quantile,0.99,2088.2270017211913
2025-02-08,wk inc flu hosp,0,2025-02-08,30,quantile,0.01,0.0
2025-02-08,wk inc flu hosp,0,2025-02-08,30,quantile,0.025,0.0
2025-02-08,wk inc flu hosp,0,2025-02-08,30,quantile,0.05,9.153375777044488
2025-02-08,wk inc flu hosp,0,2025-02-08,30,quantile,0.1,12.300122976180543
2025-02-08,wk inc flu hosp,0,2025-02-08,30,quantile,0.15,17.11190972770301
2025-02-08,wk inc flu hosp,0,2025-02-08,30,quantile,0.2,28.530482336486916
2025-02-08,wk inc flu hosp,0,2025-02-08,30,quantile,0.25,39.90972172452606
2025-02-08,wk inc flu hosp,0,2025-02-08,30,quantile,0.3,50.55070330577815
2025-02-08,wk inc flu hosp,0,2025-02-08,30,quantile,0.35,64.14666702274582
2025-02-08,wk inc flu hosp,0,2025-02-08,30,quantile,0.4,65.72369467244023
2025-02-08,wk inc flu hosp,0,2025-02-08,30,quantile,0.45,66.88322691749555
2025-02-08,wk inc flu hosp,0,2025-02-08,30,quantile,0.5,70.82712504406288
2025-02-08,wk inc flu hosp,0,2025-02-08,30,quantile,0.55,74.73526225999031
2025-02-08,wk inc flu hosp,0,2025-02-08,30,quantile,0.6,83.14007520546203
2025-02-08,wk inc flu hosp,0,2025-02-08,30,quantile,0.65,108.53878257879741
2025-02-08,wk inc flu hosp,0,2025-02-08,30,quantile,0.7,116.69227594961731
2025-02-08,wk inc flu hosp,0,2025-02-08,30,quantile,0.75,122.15089584273032
2025-02-08,wk inc flu hosp,0,2025-02-08,30,quantile,0.8,126.91479504688807
2025-02-08,wk inc flu hosp,0,2025-02-08,30,quantile,0.85,132.2854347169679
2025-02-08,wk inc flu hosp,0,2025-02-08,30,quantile,0.9,143.53713936471001
2025-02-08,wk inc flu hosp,0,2025-02-08,30,quantile,0.95,214.23426876833457
2025-02-08,wk inc flu hosp,0,2025-02-08,30,quantile,0.975,241.89918686889447
2025-02-08,wk inc flu hosp,0,2025-02-08,30,quantile,0.99,273.442500709537
2025-02-08,wk inc flu hosp,1,2025-02-15,30,quantile,0.01,0.0
2025-02-08,wk inc flu hosp,1,2025-02-15,30,quantile,0.025,0.0
2025-02-08,wk inc flu hosp,1,2025-02-15,30,quantile,0.05,9.906957107322496
2025-02-08,wk inc flu hosp,1,2025-02-15,30,quantile,0.1,11.064473722967378
2025-02-08,wk inc flu hosp,1,2025-02-15,30,quantile,0.15,13.412866472187892
2025-02-08,wk inc flu hosp,1,2025-02-15,30,quantile,0.2,20.236531822940282
2025-02-08,wk inc flu hosp,1,2025-02-15,30,quantile,0.25,30.34771776415576
2025-02-08,wk inc flu hosp,1,2025-02-15,30,quantile,0.3,41.79587269947752
2025-02-08,wk inc flu hosp,1,2025-02-15,30,quantile,0.35,63.378280262202274
2025-02-08,wk inc flu hosp,1,2025-02-15,30,quantile,0.4,64.32154275794966
2025-02-08,wk inc flu hosp,1,2025-02-15,30,quantile,0.45,65.04274852423222
2025-02-08,wk inc flu hosp,1,2025-02-15,30,quantile,0.5,66.62858365273146
2025-02-08,wk inc flu hosp,1,2025-02-15,30,quantile,0.55,70.05973047843052
2025-02-08,wk inc flu hosp,1,2025-02-15,30,quantile,0.6,74.64989765627539
2025-02-08,wk inc flu hosp,1,2025-02-15,30,quantile,0.65,82.0505900292789
2025-02-08,wk inc flu hosp,1,2025-02-15,30,quantile,0.7,107.3101227978657
2025-02-08,wk inc flu hosp,1,2025-02-15,30,quantile,0.75,116.78538328444785
2025-02-08,wk inc flu hosp,1,2025-02-15,30,quantile,0.8,122.54881548806095
2025-02-08,wk inc flu hosp,1,2025-02-15,30,quantile,0.85,128.1324945130824
2025-02-08,wk inc flu hosp,1,2025-02-15,30,quantile,0.9,135.5431166934932
2025-02-08,wk inc flu hosp,1,2025-02-15,30,quantile,0.95,187.7779340759413
2025-02-08,wk inc flu hosp,1,2025-02-15,30,quantile,0.975,226.33413039254089
2025-02-08,wk inc flu hosp,1,2025-02-15,30,quantile,0.99,249.44819655067565
2025-02-08,wk inc flu hosp,2,2025-02-22,30,quantile,0.01,0.0
2025-02-08,wk inc flu hosp,2,2025-02-22,30,quantile,0.025,0.0
2025-02-08,wk inc flu hosp,2,2025-02-22,30,quantile,0.05,10.575948313915292
2025-02-08,wk inc flu hosp,2,2025-02-22,30,quantile,0.1,13.128694949971496
2025-02-08,wk inc flu hosp,2,2025-02-22,30,quantile,0.15,18.048119744294993
2025-02-08,wk inc flu hosp,2,2025-02-22,30,quantile,0.2,29.680613692848244
2025-02-08,wk inc flu hosp,2,2025-02-22,30,quantile,0.25,41.40635723596303
2025-02-08,wk inc flu hosp,2,2025-02-22,30,quantile,0.3,60.85259449466794
2025-02-08,wk inc flu hosp,2,2025-02-22,30,quantile,0.35,63.11589765037378
2025-02-08,wk inc flu hosp,2,2025-02-22,30,quantile,0.4,64.33901252869859
2025-02-08,wk inc flu hosp,2,2025-02-22,30,quantile,0.45,65.6504299515631
2025-02-08,wk inc flu hosp,2,2025-02-22,30,quantile,0.5,68.25540704821591
2025-02-08,wk inc flu hosp,2,2025-02-22,30,quantile,0.55,72.51165644505649
2025-02-08,wk inc flu hosp,2,2025-02-22,30,quantile,0.6,81.85677204651317
2025-02-08,wk inc flu hosp,2,2025-02-22,30,quantile,0.65,104.56148885434327
2025-02-08,wk inc flu hosp,2,2025-02-22,30,quantile,0.7,113.69282564709536
2025-02-08,wk inc flu hosp,2,2025-02-22,30,quantile,0.75,120.09870988848014
2025-02-08,wk inc flu hosp,2,2025-02-22,30,quantile,0.8,125.86977868069174
2025-02-08,wk inc flu hosp,2,2025-02-22,30,quantile,0.85,128.82322285682
2025-02-08,wk inc flu hosp,2,2025-02-22,30,quantile,0.9,137.01959532430493
2025-02-08,wk inc flu hosp,2,2025-02-22,30,quantile,0.95,206.26126687140933
2025-02-08,wk inc flu hosp,2,2025-02-22,30,quantile,0.975,234.26719067440334
2025-02-08,wk inc flu hosp,2,2025-02-22,30,quantile,0.99,264.52798859620697
2025-02-08,wk inc flu hosp,3,2025-03-01,30,quantile,0.01,0.0
2025-02-08,wk inc flu hosp,3,2025-03-01,30,quantile,0.025,0.0
2025-02-08,wk inc flu hosp,3,2025-03-01,30,quantile,0.05,1.709759830118597
2025-02-08,wk inc flu hosp,3,2025-03-01,30,quantile,0.1,4.738218765689368
2025-02-08,wk inc flu hosp,3,2025-03-01,30,quantile,0.15,8.973000036202226
2025-02-08,wk inc flu hosp,3,2025-03-01,30,quantile,0.2,12.98364177247628
2025-02-08,wk inc flu hosp,3,2025-03-01,30,quantile,0.25,16.72599844576751
2025-02-08,wk inc flu hosp,3,2025-03-01,30,quantile,0.3,22.1068043396558
2025-02-08,wk inc flu hosp,3,2025-03-01,30,quantile,0.35,38.79447051534119
2025-02-08,wk inc flu hosp,3,2025-03-01,30,quantile,0.4,40.8608466103451
2025-02-08,wk inc flu hosp,3,2025-03-01,30,quantile,0.45,42.24432570989987
2025-02-08,wk inc flu hosp,3,2025-03-01,30,quantile,0.5,45.353691109613365
2025-02-08,wk inc flu hosp,3,2025-03-01,30,quantile,0.55,49.63585827943387
2025-02-08,wk inc flu hosp,3,2025-03-01,30,quantile,0.6,53.950745592538446
2025-02-08,wk inc flu hosp,3,2025-03-01,30,quantile,0.65,67.08871920064122
2025-02-08,wk inc flu hosp,3,2025-03-01,30,quantile,0.7,79.25045507329584
2025-02-08,wk inc flu hosp,3,2025-03-01,30,quantile,0.75,85.17902048624637
2025-02-08,wk inc flu hosp,3,2025-03-01,30,quantile,0.8,93.47670238340112
2025-02-08,wk inc flu hosp,3,2025-03-01,30,quantile,0.85,96.90731926280532
2025-02-08,wk inc flu hosp,3,2025-03-01,30,quantile,0.9,101.04364205739599
2025-02-08,wk inc flu hosp,3,2025-03-01,30,quantile,0.95,169.04965694556506
2025-02-08,wk inc flu hosp,3,2025-03-01,30,quantile,0.975,197.23974653825928
2025-02-08,wk inc flu hosp,3,2025-03-01,30,quantile,0.99,264.0533427196401
2025-02-08,wk inc flu hosp,0,2025-02-08,31,quantile,0.01,47.08371183494492
2025-02-08,wk inc flu hosp,0,2025-02-08,31,quantile,0.025,68.76359404139417
2025-02-08,wk inc flu hosp,0,2025-02-08,31,quantile,0.05,119.79050332832587
2025-02-08,wk inc flu hosp,0,2025-02-08,31,quantile,0.1,147.2622540888199
2025-02-08,wk inc flu hosp,0,2025-02-08,31,quantile,0.15,155.09833355475976
2025-02-08,wk inc flu hosp,0,2025-02-08,31,quantile,0.2,165.21665105342944
2025-02-08,wk inc flu hosp,0,2025-02-08,31,quantile,0.25,171.2926757354275
2025-02-08,wk inc flu hosp,0,2025-02-08,31,quantile,0.3,186.07536172452436
2025-02-08,wk inc flu hosp,0,2025-02-08,31,quantile,0.35,196.37617801272884
2025-02-08,wk inc flu hosp,0,2025-02-08,31,quantile,0.4,206.2803763182711
2025-02-08,wk inc flu hosp,0,2025-02-08,31,quantile,0.45,218.08086058395355
2025-02-08,wk inc flu hosp,0,2025-02-08,31,quantile,0.5,224.89002728891225
2025-02-08,wk inc flu hosp,0,2025-02-08,31,quantile,0.55,226.9596510921559
2025-02-08,wk inc flu hosp,0,2025-02-08,31,quantile,0.6,238.63324450942193
2025-02-08,wk inc flu hosp,0,2025-02-08,31,quantile,0.65,250.67094215353828
2025-02-08,wk inc flu hosp,0,2025-02-08,31,quantile,0.7,261.0228802042961
2025-02-08,wk inc flu hosp,0,2025-02-08,31,quantile,0.75,274.85472780619
2025-02-08,wk inc flu hosp,0,2025-02-08,31,quantile,0.8,287.56518764720295
2025-02-08,wk inc flu hosp,0,2025-02-08,31,quantile,0.85,302.1477317427912
2025-02-08,wk inc flu hosp,0,2025-02-08,31,quantile,0.9,336.5218020947572
2025-02-08,wk inc flu hosp,0,2025-02-08,31,quantile,0.95,373.96689226806757
2025-02-08,wk inc flu hosp,0,2025-02-08,31,quantile,0.975,385.9148082667343
2025-02-08,wk inc flu hosp,0,2025-02-08,31,quantile,0.99,415.5009414196799
2025-02-08,wk inc flu hosp,1,2025-02-15,31,quantile,0.01,32.55865291413385
2025-02-08,wk inc flu hosp,1,2025-02-15,31,quantile,0.025,50.53636134267654
2025-02-08,wk inc flu hosp,1,2025-02-15,31,quantile,0.05,72.41782955228594
2025-02-08,wk inc flu hosp,1,2025-02-15,31,quantile,0.1,102.92177502242644
2025-02-08,wk inc flu hosp,1,2025-02-15,31,quantile,0.15,120.04146054132845
2025-02-08,wk inc flu hosp,1,2025-02-15,31,quantile,0.2,132.09450256932283
2025-02-08,wk inc flu hosp,1,2025-02-15,31,quantile,0.25,142.183107623536
2025-02-08,wk inc flu hosp,1,2025-02-15,31,quantile,0.3,154.03479150397547
2025-02-08,wk inc flu hosp,1,2025-02-15,31,quantile,0.35,165.08075310554892
2025-02-08,wk inc flu hosp,1,2025-02-15,31,quantile,0.4,174.70455421787153
2025-02-08,wk inc flu hosp,1,2025-02-15,31,quantile,0.45,184.66310627173112
2025-02-08,wk inc flu hosp,1,2025-02-15,31,quantile,0.5,193.02073079970177
2025-02-08,wk inc flu hosp,1,2025-02-15,31,quantile,0.55,203.8124238978971
2025-02-08,wk inc flu hosp,1,2025-02-15,31,quantile,0.6,212.22135809889855
2025-02-08,wk inc flu hosp,1,2025-02-15,31,quantile,0.65,225.19710384061693
2025-02-08,wk inc flu hosp,1,2025-02-15,31,quantile,0.7,237.01868343414156
2025-02-08,wk inc flu hosp,1,2025-02-15,31,quantile,0.75,252.08887124131448
2025-02-08,wk inc flu hosp,1,2025-02-15,31,quantile,0.8,268.92499895553743
2025-02-08,wk inc flu hosp,1,2025-02-15,31,quantile,0.85,291.0985670116496
2025-02-08,wk inc flu hosp,1,2025-02-15,31,quantile,0.9,323.680976027645
2025-02-08,wk inc flu hosp,1,2025-02-15,31,quantile,0.95,354.32709985967205
2025-02-08,wk inc flu hosp,1,2025-02-15,31,quantile,0.975,382.48347161273506
2025-02-08,wk inc flu hosp,1,2025-02-15,31,quantile,0.99,405.6604686054351
2025-02-08,wk inc flu hosp,2,2025-02-22,31,quantile,0.01,29.951340164107023
2025-02-08,wk inc flu hosp,2,2025-02-22,31,quantile,0.025,42.137074662732594
2025-02-08,wk inc flu hosp,2,2025-02-22,31,quantile,0.05,58.91694062869899
2025-02-08,wk inc flu hosp,2,2025-02-22,31,quantile,0.1,90.45312441489605
2025-02-08,wk inc flu hosp,2,2025-02-22,31,quantile,0.15,104.94728960957617
2025-02-08,wk inc flu hosp,2,2025-02-22,31,quantile,0.2,117.29210970145805
2025-02-08,wk inc flu hosp,2,2025-02-22,31,quantile,0.25,130.328648258327
2025-02-08,wk inc flu hosp,2,2025-02-22,31,quantile,0.3,141.1223582803118
2025-02-08,wk inc flu hosp,2,2025-02-22,31,quantile,0.35,147.33607277613427
2025-02-08,wk inc flu hosp,2,2025-02-22,31,quantile,0.4,156.70988914750964
2025-02-08,wk inc flu hosp,2,2025-02-22,31,quantile,0.45,164.2349937216363
2025-02-08,wk inc flu hosp,2,2025-02-22,31,quantile,0.5,173.551507686854
2025-02-08,wk inc flu hosp,2,2025-02-22,31,quantile,0.55,182.59921564354536
2025-02-08,wk inc flu hosp,2,2025-02-22,31,quantile,0.6,193.87100994654665
2025-02-08,wk inc flu hosp,2,2025-02-22,31,quantile,0.65,205.1094458724416
2025-02-08,wk inc flu hosp,2,2025-02-22,31,quantile,0.7,215.99359712069798
2025-02-08,wk inc flu hosp,2,2025-02-22,31,quantile,0.75,231.34981275211007
2025-02-08,wk inc flu hosp,2,2025-02-22,31,quantile,0.8,248.96412059531858
2025-02-08,wk inc flu hosp,2,2025-02-22,31,quantile,0.85,267.18643496416826
2025-02-08,wk inc flu hosp,2,2025-02-22,31,quantile,0.9,290.74943728537
2025-02-08,wk inc flu hosp,2,2025-02-22,31,quantile,0.95,326.7164017211888
2025-02-08,wk inc flu hosp,2,2025-02-22,31,quantile,0.975,359.1182468825974
2025-02-08,wk inc flu hosp,2,2025-02-22,31,quantile,0.99,390.8060334757565
2025-02-08,wk inc flu hosp,3,2025-03-01,31,quantile,0.01,18.512487061696756
2025-02-08,wk inc flu hosp,3,2025-03-01,31,quantile,0.025,37.503684291546485
2025-02-08,wk inc flu hosp,3,2025-03-01,31,quantile,0.05,52.875609946081774
2025-02-08,wk inc flu hosp,3,2025-03-01,31,quantile,0.1,77.11806287929372
2025-02-08,wk inc flu hosp,3,2025-03-01,31,quantile,0.15,91.59200445330976
2025-02-08,wk inc flu hosp,3,2025-03-01,31,quantile,0.2,104.78352187046423
2025-02-08,wk inc flu hosp,3,2025-03-01,31,quantile,0.25,113.64458297649264
2025-02-08,wk inc flu hosp,3,2025-03-01,31,quantile,0.3,120.82815879932346
2025-02-08,wk inc flu hosp,3,2025-03-01,31,quantile,0.35,128.4415107653024
2025-02-08,wk inc flu hosp,3,2025-03-01,31,quantile,0.4,137.50543945095833
2025-02-08,wk inc flu hosp,3,2025-03-01,31,quantile,0.45,145.85569095764876
2025-02-08,wk inc flu hosp,3,2025-03-01,31,quantile,0.5,155.18355465945012
2025-02-08,wk inc flu hosp,3,2025-03-01,31,quantile,0.55,164.7563975072898
2025-02-08,wk inc flu hosp,3,2025-03-01,31,quantile,0.6,172.10319113551188
2025-02-08,wk inc flu hosp,3,2025-03-01,31,quantile,0.65,182.08002199867963
2025-02-08,wk inc flu hosp,3,2025-03-01,31,quantile,0.7,193.330519696106
2025-02-08,wk inc flu hosp,3,2025-03-01,31,quantile,0.75,205.4704688950944
2025-02-08,wk inc flu hosp,3,2025-03-01,31,quantile,0.8,218.4370512805292
2025-02-08,wk inc flu hosp,3,2025-03-01,31,quantile,0.85,237.2661067492359
2025-02-08,wk inc flu hosp,3,2025-03-01,31,quantile,0.9,259.2755221243044
2025-02-08,wk inc flu hosp,3,2025-03-01,31,quantile,0.95,291.61248701837496
2025-02-08,wk inc flu hosp,3,2025-03-01,31,quantile,0.975,338.4334765609542
2025-02-08,wk inc flu hosp,3,2025-03-01,31,quantile,0.99,370.6324949811425
2025-02-08,wk inc flu hosp,0,2025-02-08,32,quantile,0.01,37.6413052257218
2025-02-08,wk inc flu hosp,0,2025-02-08,32,quantile,0.025,50.34365763292195
2025-02-08,wk inc flu hosp,0,2025-02-08,32,quantile,0.05,70.35588535794425
2025-02-08,wk inc flu hosp,0,2025-02-08,32,quantile,0.1,91.30763792562716
2025-02-08,wk inc flu hosp,0,2025-02-08,32,quantile,0.15,97.89551696721959
2025-02-08,wk inc flu hosp,0,2025-02-08,32,quantile,0.2,108.795541907375
2025-02-08,wk inc flu hosp,0,2025-02-08,32,quantile,0.25,110.94683408034741
2025-02-08,wk inc flu hosp,0,2025-02-08,32,quantile,0.3,112.79292514197063
2025-02-08,wk inc flu hosp,0,2025-02-08,32,quantile,0.35,113.74702934527068
2025-02-08,wk inc flu hosp,0,2025-02-08,32,quantile,0.4,134.8286356366887
2025-02-08,wk inc flu hosp,0,2025-02-08,32,quantile,0.45,138.91259885132717
2025-02-08,wk inc flu hosp,0,2025-02-08,32,quantile,0.5,140.16438410263515
2025-02-08,wk inc flu hosp,0,2025-02-08,32,quantile,0.55,141.693232860878
2025-02-08,wk inc flu hosp,0,2025-02-08,32,quantile,0.6,145.9276658080027
2025-02-08,wk inc flu hosp,0,2025-02-08,32,quantile,0.65,166.297397143674
2025-02-08,wk inc flu hosp,0,2025-02-08,32,quantile,0.7,168.90144619885376
2025-02-08,wk inc flu hosp,0,2025-02-08,32,quantile,0.75,170.3769382759519
2025-02-08,wk inc flu hosp,0,2025-02-08,32,quantile,0.8,173.9035074829015
2025-02-08,wk inc flu hosp,0,2025-02-08,32,quantile,0.85,187.72186092447583
2025-02-08,wk inc flu hosp,0,2025-02-08,32,quantile,0.9,198.35096962838145
2025-02-08,wk inc flu hosp,0,2025-02-08,32,quantile,0.95,239.73705919175012
2025-02-08,wk inc flu hosp,0,2025-02-08,32,quantile,0.975,288.1223603968499
2025-02-08,wk inc flu hosp,0,2025-02-08,32,quantile,0.99,386.0590625546578
2025-02-08,wk inc flu hosp,1,2025-02-15,32,quantile,0.01,27.73606998525748
2025-02-08,wk inc flu hosp,1,2025-02-15,32,quantile,0.025,35.84510197418172
2025-02-08,wk inc flu hosp,1,2025-02-15,32,quantile,0.05,47.70862852111533
2025-02-08,wk inc flu hosp,1,2025-02-15,32,quantile,0.1,60.96241855730362
2025-02-08,wk inc flu hosp,1,2025-02-15,32,quantile,0.15,68.01916054185823
2025-02-08,wk inc flu hosp,1,2025-02-15,32,quantile,0.2,72.98838072211814
2025-02-08,wk inc flu hosp,1,2025-02-15,32,quantile,0.25,80.61907064781849
2025-02-08,wk inc flu hosp,1,2025-02-15,32,quantile,0.3,88.87775816982602
2025-02-08,wk inc flu hosp,1,2025-02-15,32,quantile,0.35,95.46407499296899
2025-02-08,wk inc flu hosp,1,2025-02-15,32,quantile,0.4,100.49347038184625
2025-02-08,wk inc flu hosp,1,2025-02-15,32,quantile,0.45,110.51323326417389
2025-02-08,wk inc flu hosp,1,2025-02-15,32,quantile,0.5,114.90250625237945
2025-02-08,wk inc flu hosp,1,2025-02-15,32,quantile,0.55,119.15113467227421
2025-02-08,wk inc flu hosp,1,2025-02-15,32,quantile,0.6,129.82103973133238
2025-02-08,wk inc flu hosp,1,2025-02-15,32,quantile,0.65,139.871319975126
2025-02-08,wk inc flu hosp,1,2025-02-15,32,quantile,0.7,145.63528223655774
2025-02-08,wk inc flu hosp,1,2025-02-15,32,quantile,0.75,156.0524100324911
2025-02-08,wk inc flu hosp,1,2025-02-15,32,quantile,0.8,170.86482997931273
2025-02-08,wk inc flu hosp,1,2025-02-15,32,quantile,0.85,183.96375115833132
2025-02-08,wk inc flu hosp,1,2025-02-15,32,quantile,0.9,217.7183559192771
2025-02-08,wk inc flu hosp,1,2025-02-15,32,quantile,0.95,262.3727796098207
2025-02-08,wk inc flu hosp,1,2025-02-15,32,quantile,0.975,338.53036755827287
2025-02-08,wk inc flu hosp,1,2025-02-15,32,quantile,0.99,374.84694963147626
2025-02-08,wk inc flu hosp,2,2025-02-22,32,quantile,0.01,9.358209658472338
2025-02-08,wk inc flu hosp,2,2025-02-22,32,quantile,0.025,23.17546598657897
2025-02-08,wk inc flu hosp,2,2025-02-22,32,quantile,0.05,31.655454614928946
2025-02-08,wk inc flu hosp,2,2025-02-22,32,quantile,0.1,41.706726994351676
2025-02-08,wk inc flu hosp,2,2025-02-22,32,quantile,0.15,52.4722456743743
2025-02-08,wk inc flu hosp,2,2025-02-22,32,quantile,0.2,59.978243351162895
2025-02-08,wk inc flu hosp,2,2025-02-22,32,quantile,0.25,66.6244718707894
2025-02-08,wk inc flu hosp,2,2025-02-22,32,quantile,0.3,73.50345670244874
2025-02-08,wk inc flu hosp,2,2025-02-22,32,quantile,0.35,80.50596363181656
2025-02-08,wk inc flu hosp,2,2025-02-22,32,quantile,0.4,86.2174402525278
2025-02-08,wk inc flu hosp,2,2025-02-22,32,quantile,0.45,92.98539345507882
2025-02-08,wk inc flu hosp,2,2025-02-22,32,quantile,0.5,99.61948293844632
2025-02-08,wk inc flu hosp,2,2025-02-22,32,quantile,0.55,107.88174440677457
2025-02-08,wk inc flu hosp,2,2025-02-22,32,quantile,0.6,116.08170670153886
2025-02-08,wk inc flu hosp,2,2025-02-22,32,quantile,0.65,126.10544352862117
2025-02-08,wk inc flu hosp,2,2025-02-22,32,quantile,0.7,138.9771199987419
2025-02-08,wk inc flu hosp,2,2025-02-22,32,quantile,0.75,151.95177500356056
2025-02-08,wk inc flu hosp,2,2025-02-22,32,quantile,0.8,177.0440238631506
2025-02-08,wk inc flu hosp,2,2025-02-22,32,quantile,0.85,197.4430948164152
2025-02-08,wk inc flu hosp,2,2025-02-22,32,quantile,0.9,239.99652344996872
2025-02-08,wk inc flu hosp,2,2025-02-22,32,quantile,0.95,306.4460200168191
2025-02-08,wk inc flu hosp,2,2025-02-22,32,quantile,0.975,352.7326750779772
2025-02-08,wk inc flu hosp,2,2025-02-22,32,quantile,0.99,408.36346803137445
2025-02-08,wk inc flu hosp,3,2025-03-01,32,quantile,0.01,0.0
2025-02-08,wk inc flu hosp,3,2025-03-01,32,quantile,0.025,4.45327686877346
2025-02-08,wk inc flu hosp,3,2025-03-01,32,quantile,0.05,18.072937690982926
2025-02-08,wk inc flu hosp,3,2025-03-01,32,quantile,0.1,29.76657531930614
2025-02-08,wk inc flu hosp,3,2025-03-01,32,quantile,0.15,36.77627369199901
2025-02-08,wk inc flu hosp,3,2025-03-01,32,quantile,0.2,43.90992987191632
2025-02-08,wk inc flu hosp,3,2025-03-01,32,quantile,0.25,51.51169730702433
2025-02-08,wk inc flu hosp,3,2025-03-01,32,quantile,0.3,58.41578718683766
2025-02-08,wk inc flu hosp,3,2025-03-01,32,quantile,0.35,64.96106222489351
2025-02-08,wk inc flu hosp,3,2025-03-01,32,quantile,0.4,72.43733350591684
2025-02-08,wk inc flu hosp,3,2025-03-01,32,quantile,0.45,79.79970599927293
2025-02-08,wk inc flu hosp,3,2025-03-01,32,quantile,0.5,88.08274390489592
2025-02-08,wk inc flu hosp,3,2025-03-01,32,quantile,0.55,97.68076846954149
2025-02-08,wk inc flu hosp,3,2025-03-01,32,quantile,0.6,107.81179910132363
2025-02-08,wk inc flu hosp,3,2025-03-01,32,quantile,0.65,117.60489620958938
2025-02-08,wk inc flu hosp,3,2025-03-01,32,quantile,0.7,133.97468159906077
2025-02-08,wk inc flu hosp,3,2025-03-01,32,quantile,0.75,151.5339083134812
2025-02-08,wk inc flu hosp,3,2025-03-01,32,quantile,0.8,174.0973844441381
2025-02-08,wk inc flu hosp,3,2025-03-01,32,quantile,0.85,204.6685088785772
2025-02-08,wk inc flu hosp,3,2025-03-01,32,quantile,0.9,248.68639346481365
2025-02-08,wk inc flu hosp,3,2025-03-01,32,quantile,0.95,322.62240960733214
2025-02-08,wk inc flu hosp,3,2025-03-01,32,quantile,0.975,352.85949669665854
2025-02-08,wk inc flu hosp,3,2025-03-01,32,quantile,0.99,391.82941269436935
2025-02-08,wk inc flu hosp,0,2025-02-08,33,quantile,0.01,36.07194681752394
2025-02-08,wk inc flu hosp,0,2025-02-08,33,quantile,0.025,38.82704170582056
2025-02-08,wk inc flu hosp,0,2025-02-08,33,quantile,0.05,47.592673569970025
2025-02-08,wk inc flu hosp,0,2025-02-08,33,quantile,0.1,62.8792494560406
2025-02-08,wk inc flu hosp,0,2025-02-08,33,quantile,0.15,65.99418929576971
2025-02-08,wk inc flu hosp,0,2025-02-08,33,quantile,0.2,69.21468778032194
2025-02-08,wk inc flu hosp,0,2025-02-08,33,quantile,0.25,77.62189549778401
2025-02-08,wk inc flu hosp,0,2025-02-08,33,quantile,0.3,79.4308673257586
2025-02-08,wk inc flu hosp,0,2025-02-08,33,quantile,0.35,83.08659145409565
2025-02-08,wk inc flu hosp,0,2025-02-08,33,quantile,0.4,91.08667671269029
2025-02-08,wk inc flu hosp,0,2025-02-08,33,quantile,0.45,91.88884449201997
2025-02-08,wk inc flu hosp,0,2025-02-08,33,quantile,0.5,99.18125534300944
2025-02-08,wk inc flu hosp,0,2025-02-08,33,quantile,0.55,109.26684578130129
2025-02-08,wk inc flu hosp,0,2025-02-08,33,quantile,0.6,111.72796658537585
2025-02-08,wk inc flu hosp,0,2025-02-08,33,quantile,0.65,114.20014568354537
2025-02-08,wk inc flu hosp,0,2025-02-08,33,quantile,0.7,120.14568081097107
2025-02-08,wk inc flu hosp,0,2025-02-08,33,quantile,0.75,123.22393002970148
2025-02-08,wk inc flu hosp,0,2025-02-08,33,quantile,0.8,131.62017452229466
2025-02-08,wk inc flu hosp,0,2025-02-08,33,quantile,0.85,143.2865941052336
2025-02-08,wk inc flu hosp,0,2025-02-08,33,quantile,0.9,154.2944168407525
2025-02-08,wk inc flu hosp,0,2025-02-08,33,quantile,0.95,160.94454000832403
2025-02-08,wk inc flu hosp,0,2025-02-08,33,quantile,0.975,173.1081923750391
2025-02-08,wk inc flu hosp,0,2025-02-08,33,quantile,0.99,184.44444782154187
2025-02-08,wk inc flu hosp,1,2025-02-15,33,quantile,0.01,14.790980980851986
2025-02-08,wk inc flu hosp,1,2025-02-15,33,quantile,0.025,20.59322504842701
2025-02-08,wk inc flu hosp,1,2025-02-15,33,quantile,0.05,27.890040863571834
2025-02-08,wk inc flu hosp,1,2025-02-15,33,quantile,0.1,35.975491120804975
2025-02-08,wk inc flu hosp,1,2025-02-15,33,quantile,0.15,43.401529095481735
2025-02-08,wk inc flu hosp,1,2025-02-15,33,quantile,0.2,49.73157042452244
2025-02-08,wk inc flu hosp,1,2025-02-15,33,quantile,0.25,56.67233677807453
2025-02-08,wk inc flu hosp,1,2025-02-15,33,quantile,0.3,63.26253791259537
2025-02-08,wk inc flu hosp,1,2025-02-15,33,quantile,0.35,68.93297234273008
2025-02-08,wk inc flu hosp,1,2025-02-15,33,quantile,0.4,73.71330988224913
2025-02-08,wk inc flu hosp,1,2025-02-15,33,quantile,0.45,78.99828723024234
2025-02-08,wk inc flu hosp,1,2025-02-15,33,quantile,0.5,82.17991845557779
2025-02-08,wk inc flu hosp,1,2025-02-15,33,quantile,0.55,87.71078840250516
2025-02-08,wk inc flu hosp,1,2025-02-15,33,quantile,0.6,94.48113909469086
2025-02-08,wk inc flu hosp,1,2025-02-15,33,quantile,0.65,101.03780734732572
2025-02-08,wk inc flu hosp,1,2025-02-15,33,quantile,0.7,111.49611191674342
2025-02-08,wk inc flu hosp,1,2025-02-15,33,quantile,0.75,118.14045873583323
2025-02-08,wk inc flu hosp,1,2025-02-15,33,quantile,0.8,123.44706216894018
2025-02-08,wk inc flu hosp,1,2025-02-15,33,quantile,0.85,132.00035901910627
2025-02-08,wk inc flu hosp,1,2025-02-15,33,quantile,0.9,144.4342492485827
2025-02-08,wk inc flu hosp,1,2025-02-15,33,quantile,0.95,161.93054486973622
2025-02-08,wk inc flu hosp,1,2025-02-15,33,quantile,0.975,167.6215033492603
2025-02-08,wk inc flu hosp,1,2025-02-15,33,quantile,0.99,179.47342709825907
2025-02-08,wk inc flu hosp,2,2025-02-22,33,quantile,0.01,6.515670078511148
2025-02-08,wk inc flu hosp,2,2025-02-22,33,quantile,0.025,11.829842638794366
2025-02-08,wk inc flu hosp,2,2025-02-22,33,quantile,0.05,15.016345467431716
2025-02-08,wk inc flu hosp,2,2025-02-22,33,quantile,0.1,19.402838346108062
2025-02-08,wk inc flu hosp,2,2025-02-22,33,quantile,0.15,26.546907148742868
2025-02-08,wk inc flu hosp,2,2025-02-22,33,quantile,0.2,30.872940439567987
2025-02-08,wk inc flu hosp,2,2025-02-22,33,quantile,0.25,36.250930947531316
2025-02-08,wk inc flu hosp,2,2025-02-22,33,quantile,0.3,41.42440102835923
2025-02-08,wk inc flu hosp,2,2025-02-22,33,quantile,0.35,48.42717643034609
2025-02-08,wk inc flu hosp,2,2025-02-22,33,quantile,0.4,57.87594981336137
2025-02-08,wk inc flu hosp,2,2025-02-22,33,quantile,0.45,64.59809726390813
2025-02-08,wk inc flu hosp,2,2025-02-22,33,quantile,0.5,69.61742915524111
2025-02-08,wk inc flu hosp,2,2025-02-22,33,quantile,0.55,75.69809660981161
2025-02-08,wk inc flu hosp,2,2025-02-22,33,quantile,0.6,82.11204561058828
2025-02-08,wk inc flu hosp,2,2025-02-22,33,quantile,0.65,87.84037586957163
2025-02-08,wk inc flu hosp,2,2025-02-22,33,quantile,0.7,94.75263221030231
2025-02-08,wk inc flu hosp,2,2025-02-22,33,quantile,0.75,102.86446566109633
2025-02-08,wk inc flu hosp,2,2025-02-22,33,quantile,0.8,111.72329291324898
2025-02-08,wk inc flu hosp,2,2025-02-22,33,quantile,0.85,120.67423890783145
2025-02-08,wk inc flu hosp,2,2025-02-22,33,quantile,0.9,132.272482687955
2025-02-08,wk inc flu hosp,2,2025-02-22,33,quantile,0.95,153.46022531682397
2025-02-08,wk inc flu hosp,2,2025-02-22,33,quantile,0.975,163.12970319386878
2025-02-08,wk inc flu hosp,2,2025-02-22,33,quantile,0.99,172.3071042956375
2025-02-08,wk inc flu hosp,3,2025-03-01,33,quantile,0.01,2.587872554743933
2025-02-08,wk inc flu hosp,3,2025-03-01,33,quantile,0.025,5.866789352178646
2025-02-08,wk inc flu hosp,3,2025-03-01,33,quantile,0.05,8.882229403813168
2025-02-08,wk inc flu hosp,3,2025-03-01,33,quantile,0.1,13.536704107902864
2025-02-08,wk inc flu hosp,3,2025-03-01,33,quantile,0.15,17.06981287699829
2025-02-08,wk inc flu hosp,3,2025-03-01,33,quantile,0.2,20.194876730254244
2025-02-08,wk inc flu hosp,3,2025-03-01,33,quantile,0.25,23.547143989905386
2025-02-08,wk inc flu hosp,3,2025-03-01,33,quantile,0.3,28.499599955810762
2025-02-08,wk inc flu hosp,3,2025-03-01,33,quantile,0.35,33.36732483827418
2025-02-08,wk inc flu hosp,3,2025-03-01,33,quantile,0.4,37.66585858356752
2025-02-08,wk inc flu hosp,3,2025-03-01,33,quantile,0.45,43.24391391868917
2025-02-08,wk inc flu hosp,3,2025-03-01,33,quantile,0.5,48.73851023060284
2025-02-08,wk inc flu hosp,3,2025-03-01,33,quantile,0.55,57.5254742961737
2025-02-08,wk inc flu hosp,3,2025-03-01,33,quantile,0.6,66.73081713740747
2025-02-08,wk inc flu hosp,3,2025-03-01,33,quantile,0.65,72.66548302477975
2025-02-08,wk inc flu hosp,3,2025-03-01,33,quantile,0.7,80.97159148506317
2025-02-08,wk inc flu hosp,3,2025-03-01,33,quantile,0.75,87.24728220625829
2025-02-08,wk inc flu hosp,3,2025-03-01,33,quantile,0.8,96.84067752976064
2025-02-08,wk inc flu hosp,3,2025-03-01,33,quantile,0.85,110.18953484115963
2025-02-08,wk inc flu hosp,3,2025-03-01,33,quantile,0.9,122.69302051492322
2025-02-08,wk inc flu hosp,3,2025-03-01,33,quantile,0.95,144.7289468193594
2025-02-08,wk inc flu hosp,3,2025-03-01,33,quantile,0.975,160.0030869911858
2025-02-08,wk inc flu hosp,3,2025-03-01,33,quantile,0.99,169.29362401837813
2025-02-08,wk inc flu hosp,0,2025-02-08,34,quantile,0.01,665.4499523881263
2025-02-08,wk inc flu hosp,0,2025-02-08,34,quantile,0.025,988.1547791872572
2025-02-08,wk inc flu hosp,0,2025-02-08,34,quantile,0.05,1059.9624277569285
2025-02-08,wk inc flu hosp,0,2025-02-08,34,quantile,0.1,1264.5414417189306
2025-02-08,wk inc flu hosp,0,2025-02-08,34,quantile,0.15,1337.1957971685054
2025-02-08,wk inc flu hosp,0,2025-02-08,34,quantile,0.2,1390.4826314322922
2025-02-08,wk inc flu hosp,0,2025-02-08,34,quantile,0.25,1466.0305336598706
2025-02-08,wk inc flu hosp,0,2025-02-08,34,quantile,0.3,1492.6027099155594
2025-02-08,wk inc flu hosp,0,2025-02-08,34,quantile,0.35,1562.906739747423
2025-02-08,wk inc flu hosp,0,2025-02-08,34,quantile,0.4,1618.3038429828914
2025-02-08,wk inc flu hosp,0,2025-02-08,34,quantile,0.45,1672.1884696459354
2025-02-08,wk inc flu hosp,0,2025-02-08,34,quantile,0.5,1735.4426588233755
2025-02-08,wk inc flu hosp,0,2025-02-08,34,quantile,0.55,1836.4062536760362
2025-02-08,wk inc flu hosp,0,2025-02-08,34,quantile,0.6,1860.0445263551262
2025-02-08,wk inc flu hosp,0,2025-02-08,34,quantile,0.65,1876.6802201407743
2025-02-08,wk inc flu hosp,0,2025-02-08,34,quantile,0.7,1999.9124849800587
2025-02-08,wk inc flu hosp,0,2025-02-08,34,quantile,0.75,2143.0852820292334
2025-02-08,wk inc flu hosp,0,2025-02-08,34,quantile,0.8,2244.4058699709612
2025-02-08,wk inc flu hosp,0,2025-02-08,34,quantile,0.85,2360.2796848790763
2025-02-08,wk inc flu hosp,0,2025-02-08,34,quantile,0.9,2544.012217503685
2025-02-08,wk inc flu hosp,0,2025-02-08,34,quantile,0.95,2750.4403322133544
2025-02-08,wk inc flu hosp,0,2025-02-08,34,quantile,0.975,2891.3573493085723
2025-02-08,wk inc flu hosp,0,2025-02-08,34,quantile,0.99,3039.9120268781635
2025-02-08,wk inc flu hosp,1,2025-02-15,34,quantile,0.01,506.06862392253487
2025-02-08,wk inc flu hosp,1,2025-02-15,34,quantile,0.025,599.3457235184021
2025-02-08,wk inc flu hosp,1,2025-02-15,34,quantile,0.05,755.2635978881644
2025-02-08,wk inc flu hosp,1,2025-02-15,34,quantile,0.1,934.1129493853799
2025-02-08,wk inc flu hosp,1,2025-02-15,34,quantile,0.15,1044.5373997832314
2025-02-08,wk inc flu hosp,1,2025-02-15,34,quantile,0.2,1123.3513134006284
2025-02-08,wk inc flu hosp,1,2025-02-15,34,quantile,0.25,1227.0974138733072
2025-02-08,wk inc flu hosp,1,2025-02-15,34,quantile,0.3,1298.3848446546033
2025-02-08,wk inc flu hosp,1,2025-02-15,34,quantile,0.35,1381.324321218347
2025-02-08,wk inc flu hosp,1,2025-02-15,34,quantile,0.4,1464.5684331294713
2025-02-08,wk inc flu hosp,1,2025-02-15,34,quantile,0.45,1548.8273008299784
2025-02-08,wk inc flu hosp,1,2025-02-15,34,quantile,0.5,1630.2356954676704
2025-02-08,wk inc flu hosp,1,2025-02-15,34,quantile,0.55,1686.2999155743503
2025-02-08,wk inc flu hosp,1,2025-02-15,34,quantile,0.6,1748.5014336558445
2025-02-08,wk inc flu hosp,1,2025-02-15,34,quantile,0.65,1809.585088037375
2025-02-08,wk inc flu hosp,1,2025-02-15,34,quantile,0.7,1917.6931112964794
2025-02-08,wk inc flu hosp,1,2025-02-15,34,quantile,0.75,1991.3874149629185
2025-02-08,wk inc flu hosp,1,2025-02-15,34,quantile,0.8,2124.3911476034004
2025-02-08,wk inc flu hosp,1,2025-02-15,34,quantile,0.85,2241.897663910667
2025-02-08,wk inc flu hosp,1,2025-02-15,34,quantile,0.9,2423.592580759223
2025-02-08,wk inc flu hosp,1,2025-02-15,34,quantile,0.95,2838.7015744372225
2025-02-08,wk inc flu hosp,1,2025-02-15,34,quantile,0.975,3101.392930817972
2025-02-08,wk inc flu hosp,1,2025-02-15,34,quantile,0.99,3479.4092989150868
2025-02-08,wk inc flu hosp,2,2025-02-22,34,quantile,0.01,323.50101743165703
2025-02-08,wk inc flu hosp,2,2025-02-22,34,quantile,0.025,390.87892076500174
2025-02-08,wk inc flu hosp,2,2025-02-22,34,quantile,0.05,511.59955078398195
2025-02-08,wk inc flu hosp,2,2025-02-22,34,quantile,0.1,707.153869588592
2025-02-08,wk inc flu hosp,2,2025-02-22,34,quantile,0.15,820.4469380823538
2025-02-08,wk inc flu hosp,2,2025-02-22,34,quantile,0.2,921.7895755314606
2025-02-08,wk inc flu hosp,2,2025-02-22,34,quantile,0.25,1004.9420569406954
2025-02-08,wk inc flu hosp,2,2025-02-22,34,quantile,0.3,1092.315205235721
2025-02-08,wk inc flu hosp,2,2025-02-22,34,quantile,0.35,1187.69468343153
2025-02-08,wk inc flu hosp,2,2025-02-22,34,quantile,0.4,1281.4121175219946
2025-02-08,wk inc flu hosp,2,2025-02-22,34,quantile,0.45,1363.0235615835156
2025-02-08,wk inc flu hosp,2,2025-02-22,34,quantile,0.5,1442.2981032105972
2025-02-08,wk inc flu hosp,2,2025-02-22,34,quantile,0.55,1545.823411998012
2025-02-08,wk inc flu hosp,2,2025-02-22,34,quantile,0.6,1640.5268922241926
2025-02-08,wk inc flu hosp,2,2025-02-22,34,quantile,0.65,1715.7994253767463
2025-02-08,wk inc flu hosp,2,2025-02-22,34,quantile,0.7,1810.2976605427637
2025-02-08,wk inc flu hosp,2,2025-02-22,34,quantile,0.75,1912.494282570998
2025-02-08,wk inc flu hosp,2,2025-02-22,34,quantile,0.8,2064.5291076615254
2025-02-08,wk inc flu hosp,2,2025-02-22,34,quantile,0.85,2265.515700529704
2025-02-08,wk inc flu hosp,2,2025-02-22,34,quantile,0.9,2476.3091418353074
2025-02-08,wk inc flu hosp,2,2025-02-22,34,quantile,0.95,2795.6446664011905
2025-02-08,wk inc flu hosp,2,2025-02-22,34,quantile,0.975,3197.1514745915165
2025-02-08,wk inc flu hosp,2,2025-02-22,34,quantile,0.99,3554.6944821978436
2025-02-08,wk inc flu hosp,3,2025-03-01,34,quantile,0.01,208.8237419260793
2025-02-08,wk inc flu hosp,3,2025-03-01,34,quantile,0.025,275.4613318714702
2025-02-08,wk inc flu hosp,3,2025-03-01,34,quantile,0.05,375.36744002974757
2025-02-08,wk inc flu hosp,3,2025-03-01,34,quantile,0.1,519.1678759818336
2025-02-08,wk inc flu hosp,3,2025-03-01,34,quantile,0.15,642.5541873322811
2025-02-08,wk inc flu hosp,3,2025-03-01,34,quantile,0.2,732.5900254021166
2025-02-08,wk inc flu hosp,3,2025-03-01,34,quantile,0.25,830.7327478808099
2025-02-08,wk inc flu hosp,3,2025-03-01,34,quantile,0.3,920.5316022717586
2025-02-08,wk inc flu hosp,3,2025-03-01,34,quantile,0.35,1014.1668676800939
2025-02-08,wk inc flu hosp,3,2025-03-01,34,quantile,0.4,1128.3070917880927
2025-02-08,wk inc flu hosp,3,2025-03-01,34,quantile,0.45,1220.9010450006158
2025-02-08,wk inc flu hosp,3,2025-03-01,34,quantile,0.5,1308.7444834482562
2025-02-08,wk inc flu hosp,3,2025-03-01,34,quantile,0.55,1399.5866532028647
2025-02-08,wk inc flu hosp,3,2025-03-01,34,quantile,0.6,1502.6945321745777
2025-02-08,wk inc flu hosp,3,2025-03-01,34,quantile,0.65,1614.0776095704543
2025-02-08,wk inc flu hosp,3,2025-03-01,34,quantile,0.7,1731.493813613921
2025-02-08,wk inc flu hosp,3,2025-03-01,34,quantile,0.75,1823.6712206532488
2025-02-08,wk inc flu hosp,3,2025-03-01,34,quantile,0.8,2010.0094062589062
2025-02-08,wk inc flu hosp,3,2025-03-01,34,quantile,0.85,2210.2828210629677
2025-02-08,wk inc flu hosp,3,2025-03-01,34,quantile,0.9,2438.91166363051
2025-02-08,wk inc flu hosp,3,2025-03-01,34,quantile,0.95,2969.887527534566
2025-02-08,wk inc flu hosp,3,2025-03-01,34,quantile,0.975,3340.775818089183
2025-02-08,wk inc flu hosp,3,2025-03-01,34,quantile,0.99,3681.8428959469006
2025-02-08,wk inc flu hosp,0,2025-02-08,35,quantile,0.01,80.49780018698746
2025-02-08,wk inc flu hosp,0,2025-02-08,35,quantile,0.025,95.9293023829483
2025-02-08,wk inc flu hosp,0,2025-02-08,35,quantile,0.05,106.25529902133741
2025-02-08,wk inc flu hosp,0,2025-02-08,35,quantile,0.1,116.02350028707129
2025-02-08,wk inc flu hosp,0,2025-02-08,35,quantile,0.15,142.38195798008027
2025-02-08,wk inc flu hosp,0,2025-02-08,35,quantile,0.2,146.770746281985
2025-02-08,wk inc flu hosp,0,2025-02-08,35,quantile,0.25,154.17730887459456
2025-02-08,wk inc flu hosp,0,2025-02-08,35,quantile,0.3,155.27657022620144
2025-02-08,wk inc flu hosp,0,2025-02-08,35,quantile,0.35,161.88472568717367
2025-02-08,wk inc flu hosp,0,2025-02-08,35,quantile,0.4,165.21230561171362
2025-02-08,wk inc flu hosp,0,2025-02-08,35,quantile,0.45,168.40050326893152
2025-02-08,wk inc flu hosp,0,2025-02-08,35,quantile,0.5,171.0847591481829
2025-02-08,wk inc flu hosp,0,2025-02-08,35,quantile,0.55,177.3821079969493
2025-02-08,wk inc flu hosp,0,2025-02-08,35,quantile,0.6,183.5078011681647
2025-02-08,wk inc flu hosp,0,2025-02-08,35,quantile,0.65,193.06586327880146
2025-02-08,wk inc flu hosp,0,2025-02-08,35,quantile,0.7,209.9785470970538
2025-02-08,wk inc flu hosp,0,2025-02-08,35,quantile,0.75,217.15836364779722
2025-02-08,wk inc flu hosp,0,2025-02-08,35,quantile,0.8,223.5208566768888
2025-02-08,wk inc flu hosp,0,2025-02-08,35,quantile,0.85,238.04137566440042
2025-02-08,wk inc flu hosp,0,2025-02-08,35,quantile,0.9,253.71005741207432
2025-02-08,wk inc flu hosp,0,2025-02-08,35,quantile,0.95,274.1550172384652
2025-02-08,wk inc flu hosp,0,2025-02-08,35,quantile,0.975,283.42258049640304
2025-02-08,wk inc flu hosp,0,2025-02-08,35,quantile,0.99,317.8296488947997
2025-02-08,wk inc flu hosp,1,2025-02-15,35,quantile,0.01,32.59598430429137
2025-02-08,wk inc flu hosp,1,2025-02-15,35,quantile,0.025,49.66403776585667
2025-02-08,wk inc flu hosp,1,2025-02-15,35,quantile,0.05,60.91140937356237
2025-02-08,wk inc flu hosp,1,2025-02-15,35,quantile,0.1,81.78931245889785
2025-02-08,wk inc flu hosp,1,2025-02-15,35,quantile,0.15,97.19196050959658
2025-02-08,wk inc flu hosp,1,2025-02-15,35,quantile,0.2,103.80370394746915
2025-02-08,wk inc flu hosp,1,2025-02-15,35,quantile,0.25,113.97340581781259
2025-02-08,wk inc flu hosp,1,2025-02-15,35,quantile,0.3,122.7398373119609
2025-02-08,wk inc flu hosp,1,2025-02-15,35,quantile,0.35,129.0416622932485
2025-02-08,wk inc flu hosp,1,2025-02-15,35,quantile,0.4,136.3301527468135
2025-02-08,wk inc flu hosp,1,2025-02-15,35,quantile,0.45,144.6044468693147
2025-02-08,wk inc flu hosp,1,2025-02-15,35,quantile,0.5,153.4310960309672
2025-02-08,wk inc flu hosp,1,2025-02-15,35,quantile,0.55,165.02937269349957
2025-02-08,wk inc flu hosp,1,2025-02-15,35,quantile,0.6,174.95070806398869
2025-02-08,wk inc flu hosp,1,2025-02-15,35,quantile,0.65,181.42636131593727
2025-02-08,wk inc flu hosp,1,2025-02-15,35,quantile,0.7,188.8726032516218
2025-02-08,wk inc flu hosp,1,2025-02-15,35,quantile,0.75,197.673299510275
2025-02-08,wk inc flu hosp,1,2025-02-15,35,quantile,0.8,208.59560912785648
2025-02-08,wk inc flu hosp,1,2025-02-15,35,quantile,0.85,223.05957249540725
2025-02-08,wk inc flu hosp,1,2025-02-15,35,quantile,0.9,242.62798259715848
2025-02-08,wk inc flu hosp,1,2025-02-15,35,quantile,0.95,269.56740909054514
2025-02-08,wk inc flu hosp,1,2025-02-15,35,quantile,0.975,291.4400653107055
2025-02-08,wk inc flu hosp,1,2025-02-15,35,quantile,0.99,322.88687334031596
2025-02-08,wk inc flu hosp,2,2025-02-22,35,quantile,0.01,14.091544202044668
2025-02-08,wk inc flu hosp,2,2025-02-22,35,quantile,0.025,24.43039611384324
2025-02-08,wk inc flu hosp,2,2025-02-22,35,quantile,0.05,34.851868706404886
2025-02-08,wk inc flu hosp,2,2025-02-22,35,quantile,0.1,53.451400271819
2025-02-08,wk inc flu hosp,2,2025-02-22,35,quantile,0.15,62.52163739590972
2025-02-08,wk inc flu hosp,2,2025-02-22,35,quantile,0.2,71.47603081668375
2025-02-08,wk inc flu hosp,2,2025-02-22,35,quantile,0.25,81.75367846575175
2025-02-08,wk inc flu hosp,2,2025-02-22,35,quantile,0.3,90.55603899184966
2025-02-08,wk inc flu hosp,2,2025-02-22,35,quantile,0.35,100.69108004984098
2025-02-08,wk inc flu hosp,2,2025-02-22,35,quantile,0.4,108.74067414169768
2025-02-08,wk inc flu hosp,2,2025-02-22,35,quantile,0.45,119.98587883471616
2025-02-08,wk inc flu hosp,2,2025-02-22,35,quantile,0.5,130.2768489814704
2025-02-08,wk inc flu hosp,2,2025-02-22,35,quantile,0.55,139.15372001874894
2025-02-08,wk inc flu hosp,2,2025-02-22,35,quantile,0.6,149.7599407046573
2025-02-08,wk inc flu hosp,2,2025-02-22,35,quantile,0.65,158.36444211352656
2025-02-08,wk inc flu hosp,2,2025-02-22,35,quantile,0.7,170.53099761442718
2025-02-08,wk inc flu hosp,2,2025-02-22,35,quantile,0.75,182.86149636324217
2025-02-08,wk inc flu hosp,2,2025-02-22,35,quantile,0.8,192.95336102171566
2025-02-08,wk inc flu hosp,2,2025-02-22,35,quantile,0.85,205.54160211537695
2025-02-08,wk inc flu hosp,2,2025-02-22,35,quantile,0.9,223.9004646734648
2025-02-08,wk inc flu hosp,2,2025-02-22,35,quantile,0.95,250.2372337166379
2025-02-08,wk inc flu hosp,2,2025-02-22,35,quantile,0.975,270.6222688546569
2025-02-08,wk inc flu hosp,2,2025-02-22,35,quantile,0.99,310.9529061845546
2025-02-08,wk inc flu hosp,3,2025-03-01,35,quantile,0.01,0.0
2025-02-08,wk inc flu hosp,3,2025-03-01,35,quantile,0.025,10.435039914666433
2025-02-08,wk inc flu hosp,3,2025-03-01,35,quantile,0.05,19.0016332119388
2025-02-08,wk inc flu hosp,3,2025-03-01,35,quantile,0.1,28.421097371690596
2025-02-08,wk inc flu hosp,3,2025-03-01,35,quantile,0.15,39.7887310303759
2025-02-08,wk inc flu hosp,3,2025-03-01,35,quantile,0.2,47.662008005891494
2025-02-08,wk inc flu hosp,3,2025-03-01,35,quantile,0.25,55.470608919521574
2025-02-08,wk inc flu hosp,3,2025-03-01,35,quantile,0.3,62.92096194393662
2025-02-08,wk inc flu hosp,3,2025-03-01,35,quantile,0.35,72.3155404618251
2025-02-08,wk inc flu hosp,3,2025-03-01,35,quantile,0.4,79.92016174502062
2025-02-08,wk inc flu hosp,3,2025-03-01,35,quantile,0.45,89.25136727014424
2025-02-08,wk inc flu hosp,3,2025-03-01,35,quantile,0.5,98.03788140447185
2025-02-08,wk inc flu hosp,3,2025-03-01,35,quantile,0.55,106.9228437682996
2025-02-08,wk inc flu hosp,3,2025-03-01,35,quantile,0.6,116.57389862862513
2025-02-08,wk inc flu hosp,3,2025-03-01,35,quantile,0.65,126.8359534183898
2025-02-08,wk inc flu hosp,3,2025-03-01,35,quantile,0.7,137.16956275184938
2025-02-08,wk inc flu hosp,3,2025-03-01,35,quantile,0.75,151.469197630103
2025-02-08,wk inc flu hosp,3,2025-03-01,35,quantile,0.8,163.01721704355742
2025-02-08,wk inc flu hosp,3,2025-03-01,35,quantile,0.85,177.18982118799883
2025-02-08,wk inc flu hosp,3,2025-03-01,35,quantile,0.9,193.07602004389503
2025-02-08,wk inc flu hosp,3,2025-03-01,35,quantile,0.95,216.18337538480836
2025-02-08,wk inc flu hosp,3,2025-03-01,35,quantile,0.975,237.14910372949495
2025-02-08,wk inc flu hosp,3,2025-03-01,35,quantile,0.99,270.931181890298
2025-02-08,wk inc flu hosp,0,2025-02-08,36,quantile,0.01,758.0260402635428
2025-02-08,wk inc flu hosp,0,2025-02-08,36,quantile,0.025,1287.516127728189
2025-02-08,wk inc flu hosp,0,2025-02-08,36,quantile,0.05,1320.9895069006243
2025-02-08,wk inc flu hosp,0,2025-02-08,36,quantile,0.1,1408.1099710335761
2025-02-08,wk inc flu hosp,0,2025-02-08,36,quantile,0.15,1481.8117354090334
2025-02-08,wk inc flu hosp,0,2025-02-08,36,quantile,0.2,1608.1389104829268
2025-02-08,wk inc flu hosp,0,2025-02-08,36,quantile,0.25,1683.0247154710437
2025-02-08,wk inc flu hosp,0,2025-02-08,36,quantile,0.3,1727.533763195144
2025-02-08,wk inc flu hosp,0,2025-02-08,36,quantile,0.35,1758.6681022050227
2025-02-08,wk inc flu hosp,0,2025-02-08,36,quantile,0.4,1758.7403572418514
2025-02-08,wk inc flu hosp,0,2025-02-08,36,quantile,0.45,1810.3769143421816
2025-02-08,wk inc flu hosp,0,2025-02-08,36,quantile,0.5,1985.671368974078
2025-02-08,wk inc flu hosp,0,2025-02-08,36,quantile,0.55,2086.8619416897127
2025-02-08,wk inc flu hosp,0,2025-02-08,36,quantile,0.6,2118.1411869550307
2025-02-08,wk inc flu hosp,0,2025-02-08,36,quantile,0.65,2192.702628930355
2025-02-08,wk inc flu hosp,0,2025-02-08,36,quantile,0.7,2336.0804966401415
2025-02-08,wk inc flu hosp,0,2025-02-08,36,quantile,0.75,2396.097132293019
2025-02-08,wk inc flu hosp,0,2025-02-08,36,quantile,0.8,2486.146105147487
2025-02-08,wk inc flu hosp,0,2025-02-08,36,quantile,0.85,2699.28199061686
2025-02-08,wk inc flu hosp,0,2025-02-08,36,quantile,0.9,2762.5907437053597
2025-02-08,wk inc flu hosp,0,2025-02-08,36,quantile,0.95,3066.7212550358827
2025-02-08,wk inc flu hosp,0,2025-02-08,36,quantile,0.975,3270.760900688332
2025-02-08,wk inc flu hosp,0,2025-02-08,36,quantile,0.99,3288.2495285081604
2025-02-08,wk inc flu hosp,1,2025-02-15,36,quantile,0.01,455.59262766616007
2025-02-08,wk inc flu hosp,1,2025-02-15,36,quantile,0.025,601.8288803951125
2025-02-08,wk inc flu hosp,1,2025-02-15,36,quantile,0.05,688.3341611728429
2025-02-08,wk inc flu hosp,1,2025-02-15,36,quantile,0.1,844.9132267957848
2025-02-08,wk inc flu hosp,1,2025-02-15,36,quantile,0.15,935.6330813018371
2025-02-08,wk inc flu hosp,1,2025-02-15,36,quantile,0.2,1014.5567419544066
2025-02-08,wk inc flu hosp,1,2025-02-15,36,quantile,0.25,1126.5526408974185
2025-02-08,wk inc flu hosp,1,2025-02-15,36,quantile,0.3,1213.3925150085588
2025-02-08,wk inc flu hosp,1,2025-02-15,36,quantile,0.35,1268.270231345583
2025-02-08,wk inc flu hosp,1,2025-02-15,36,quantile,0.4,1323.2413884003038
2025-02-08,wk inc flu hosp,1,2025-02-15,36,quantile,0.45,1397.8454794439674
2025-02-08,wk inc flu hosp,1,2025-02-15,36,quantile,0.5,1495.528052386798
2025-02-08,wk inc flu hosp,1,2025-02-15,36,quantile,0.55,1571.6735380893163
2025-02-08,wk inc flu hosp,1,2025-02-15,36,quantile,0.6,1657.7463545363437
2025-02-08,wk inc flu hosp,1,2025-02-15,36,quantile,0.65,1735.0123361985434
2025-02-08,wk inc flu hosp,1,2025-02-15,36,quantile,0.7,1815.6914070210648
2025-02-08,wk inc flu hosp,1,2025-02-15,36,quantile,0.75,1931.8314568882877
2025-02-08,wk inc flu hosp,1,2025-02-15,36,quantile,0.8,2048.6240440145298
2025-02-08,wk inc flu hosp,1,2025-02-15,36,quantile,0.85,2199.4956740573475
2025-02-08,wk inc flu hosp,1,2025-02-15,36,quantile,0.9,2355.746418828237
2025-02-08,wk inc flu hosp,1,2025-02-15,36,quantile,0.95,2636.4654216658764
2025-02-08,wk inc flu hosp,1,2025-02-15,36,quantile,0.975,2765.784417003136
2025-02-08,wk inc flu hosp,1,2025-02-15,36,quantile,0.99,2955.474892544648
2025-02-08,wk inc flu hosp,2,2025-02-22,36,quantile,0.01,225.6377331311121
2025-02-08,wk inc flu hosp,2,2025-02-22,36,quantile,0.025,288.35516805082995
2025-02-08,wk inc flu hosp,2,2025-02-22,36,quantile,0.05,385.66227388647076
2025-02-08,wk inc flu hosp,2,2025-02-22,36,quantile,0.1,476.82736895911313
2025-02-08,wk inc flu hosp,2,2025-02-22,36,quantile,0.15,550.2617069975014
2025-02-08,wk inc flu hosp,2,2025-02-22,36,quantile,0.2,616.7019293662768
2025-02-08,wk inc flu hosp,2,2025-02-22,36,quantile,0.25,693.5516617415919
2025-02-08,wk inc flu hosp,2,2025-02-22,36,quantile,0.3,751.536006170016
2025-02-08,wk inc flu hosp,2,2025-02-22,36,quantile,0.35,808.367016627424
2025-02-08,wk inc flu hosp,2,2025-02-22,36,quantile,0.4,879.1614278776142
2025-02-08,wk inc flu hosp,2,2025-02-22,36,quantile,0.45,942.2607776265659
2025-02-08,wk inc flu hosp,2,2025-02-22,36,quantile,0.5,1018.1173142165298
2025-02-08,wk inc flu hosp,2,2025-02-22,36,quantile,0.55,1099.5400878555886
2025-02-08,wk inc flu hosp,2,2025-02-22,36,quantile,0.6,1181.4119266155133
2025-02-08,wk inc flu hosp,2,2025-02-22,36,quantile,0.65,1286.774894383127
2025-02-08,wk inc flu hosp,2,2025-02-22,36,quantile,0.7,1423.7387878080094
2025-02-08,wk inc flu hosp,2,2025-02-22,36,quantile,0.75,1547.8058460695208
2025-02-08,wk inc flu hosp,2,2025-02-22,36,quantile,0.8,1672.0004115364195
2025-02-08,wk inc flu hosp,2,2025-02-22,36,quantile,0.85,1845.5413375198877
2025-02-08,wk inc flu hosp,2,2025-02-22,36,quantile,0.9,2037.4069443256008
2025-02-08,wk inc flu hosp,2,2025-02-22,36,quantile,0.95,2366.650140777903
2025-02-08,wk inc flu hosp,2,2025-02-22,36,quantile,0.975,2637.2929238671527
2025-02-08,wk inc flu hosp,2,2025-02-22,36,quantile,0.99,2992.795389425958
2025-02-08,wk inc flu hosp,3,2025-03-01,36,quantile,0.01,131.20071167031367
2025-02-08,wk inc flu hosp,3,2025-03-01,36,quantile,0.025,188.6344408404518
2025-02-08,wk inc flu hosp,3,2025-03-01,36,quantile,0.05,231.8297346330841
2025-02-08,wk inc flu hosp,3,2025-03-01,36,quantile,0.1,287.77841705202945
2025-02-08,wk inc flu hosp,3,2025-03-01,36,quantile,0.15,334.4876254575981
2025-02-08,wk inc flu hosp,3,2025-03-01,36,quantile,0.2,370.8848225850905
2025-02-08,wk inc flu hosp,3,2025-03-01,36,quantile,0.25,406.26787181999134
2025-02-08,wk inc flu hosp,3,2025-03-01,36,quantile,0.3,447.34043069557237
2025-02-08,wk inc flu hosp,3,2025-03-01,36,quantile,0.35,490.4457382129062
2025-02-08,wk inc flu hosp,3,2025-03-01,36,quantile,0.4,553.4989110444934
2025-02-08,wk inc flu hosp,3,2025-03-01,36,quantile,0.45,602.8356622501531
2025-02-08,wk inc flu hosp,3,2025-03-01,36,quantile,0.5,660.6965725673604
2025-02-08,wk inc flu hosp,3,2025-03-01,36,quantile,0.55,711.9792009174349
2025-02-08,wk inc flu hosp,3,2025-03-01,36,quantile,0.6,786.5678959573595
2025-02-08,wk inc flu hosp,3,2025-03-01,36,quantile,0.65,853.4809062666312
2025-02-08,wk inc flu hosp,3,2025-03-01,36,quantile,0.7,949.1481979946731
2025-02-08,wk inc flu hosp,3,2025-03-01,36,quantile,0.75,1076.1761536591644
2025-02-08,wk inc flu hosp,3,2025-03-01,36,quantile,0.8,1212.5413481029586
2025-02-08,wk inc flu hosp,3,2025-03-01,36,quantile,0.85,1398.62715914074
2025-02-08,wk inc flu hosp,3,2025-03-01,36,quantile,0.9,1608.7718927623466
2025-02-08,wk inc flu hosp,3,2025-03-01,36,quantile,0.95,1957.681324773482
2025-02-08,wk inc flu hosp,3,2025-03-01,36,quantile,0.975,2316.3127615997696
2025-02-08,wk inc flu hosp,3,2025-03-01,36,quantile,0.99,2737.1719696769196
2025-02-08,wk inc flu hosp,0,2025-02-08,37,quantile,0.01,514.7666572433649
2025-02-08,wk inc flu hosp,0,2025-02-08,37,quantile,0.025,758.6055201098343
2025-02-08,wk inc flu hosp,0,2025-02-08,37,quantile,0.05,1154.2347721115975
2025-02-08,wk inc flu hosp,0,2025-02-08,37,quantile,0.1,1198.4164785756484
2025-02-08,wk inc flu hosp,0,2025-02-08,37,quantile,0.15,1204.5350114381276
2025-02-08,wk inc flu hosp,0,2025-02-08,37,quantile,0.2,1272.9160885139963
2025-02-08,wk inc flu hosp,0,2025-02-08,37,quantile,0.25,1375.5608386657707
2025-02-08,wk inc flu hosp,0,2025-02-08,37,quantile,0.3,1447.7422158992827
2025-02-08,wk inc flu hosp,0,2025-02-08,37,quantile,0.35,1561.5054503591239
2025-02-08,wk inc flu hosp,0,2025-02-08,37,quantile,0.4,1571.0361531618453
2025-02-08,wk inc flu hosp,0,2025-02-08,37,quantile,0.45,1593.9619117845514
2025-02-08,wk inc flu hosp,0,2025-02-08,37,quantile,0.5,1683.6243550682116
2025-02-08,wk inc flu hosp,0,2025-02-08,37,quantile,0.55,1753.4163848953287
2025-02-08,wk inc flu hosp,0,2025-02-08,37,quantile,0.6,1789.8299287201896
2025-02-08,wk inc flu hosp,0,2025-02-08,37,quantile,0.65,1955.3999880822714
2025-02-08,wk inc flu hosp,0,2025-02-08,37,quantile,0.7,2001.3437875021748
2025-02-08,wk inc flu hosp,0,2025-02-08,37,quantile,0.75,2063.9327324240626
2025-02-08,wk inc flu hosp,0,2025-02-08,37,quantile,0.8,2086.6332396428766
2025-02-08,wk inc flu hosp,0,2025-02-08,37,quantile,0.85,2103.6154399915663
2025-02-08,wk inc flu hosp,0,2025-02-08,37,quantile,0.9,2171.538770175674
2025-02-08,wk inc flu hosp,0,2025-02-08,37,quantile,0.95,2584.4793805844733
2025-02-08,wk inc flu hosp,0,2025-02-08,37,quantile,0.975,2858.670794984038
2025-02-08,wk inc flu hosp,0,2025-02-08,37,quantile,0.99,3140.504929065949
2025-02-08,wk inc flu hosp,1,2025-02-15,37,quantile,0.01,326.8602223796734
2025-02-08,wk inc flu hosp,1,2025-02-15,37,quantile,0.025,442.63001531529756
2025-02-08,wk inc flu hosp,1,2025-02-15,37,quantile,0.05,612.0599596654672
2025-02-08,wk inc flu hosp,1,2025-02-15,37,quantile,0.1,832.7494546674466
2025-02-08,wk inc flu hosp,1,2025-02-15,37,quantile,0.15,976.4291573729987
2025-02-08,wk inc flu hosp,1,2025-02-15,37,quantile,0.2,1070.1851896374237
2025-02-08,wk inc flu hosp,1,2025-02-15,37,quantile,0.25,1171.3137411129924
2025-02-08,wk inc flu hosp,1,2025-02-15,37,quantile,0.3,1230.2206776391795
2025-02-08,wk inc flu hosp,1,2025-02-15,37,quantile,0.35,1286.2599574693897
2025-02-08,wk inc flu hosp,1,2025-02-15,37,quantile,0.4,1320.109497437261
2025-02-08,wk inc flu hosp,1,2025-02-15,37,quantile,0.45,1383.839357606687
2025-02-08,wk inc flu hosp,1,2025-02-15,37,quantile,0.5,1455.5660884259817
2025-02-08,wk inc flu hosp,1,2025-02-15,37,quantile,0.55,1516.1030674163492
2025-02-08,wk inc flu hosp,1,2025-02-15,37,quantile,0.6,1581.398546562734
2025-02-08,wk inc flu hosp,1,2025-02-15,37,quantile,0.65,1685.6214126703992
2025-02-08,wk inc flu hosp,1,2025-02-15,37,quantile,0.7,1788.885307934865
2025-02-08,wk inc flu hosp,1,2025-02-15,37,quantile,0.75,1863.8635162438136
2025-02-08,wk inc flu hosp,1,2025-02-15,37,quantile,0.8,1982.177712533147
2025-02-08,wk inc flu hosp,1,2025-02-15,37,quantile,0.85,2106.867028533541
2025-02-08,wk inc flu hosp,1,2025-02-15,37,quantile,0.9,2212.9330139394765
2025-02-08,wk inc flu hosp,1,2025-02-15,37,quantile,0.95,2338.0282081951314
2025-02-08,wk inc flu hosp,1,2025-02-15,37,quantile,0.975,2697.565581930589
2025-02-08,wk inc flu hosp,1,2025-02-15,37,quantile,0.99,3220.3633777876576
2025-02-08,wk inc flu hosp,2,2025-02-22,37,quantile,0.01,204.0428991498021
2025-02-08,wk inc flu hosp,2,2025-02-22,37,quantile,0.025,296.68026138332925
2025-02-08,wk inc flu hosp,2,2025-02-22,37,quantile,0.05,438.00893983518785
2025-02-08,wk inc flu hosp,2,2025-02-22,37,quantile,0.1,638.0392425764522
2025-02-08,wk inc flu hosp,2,2025-02-22,37,quantile,0.15,765.5890713156763
2025-02-08,wk inc flu hosp,2,2025-02-22,37,quantile,0.2,850.4045724129061
2025-02-08,wk inc flu hosp,2,2025-02-22,37,quantile,0.25,928.2357776191543
2025-02-08,wk inc flu hosp,2,2025-02-22,37,quantile,0.3,1014.1073748968797
2025-02-08,wk inc flu hosp,2,2025-02-22,37,quantile,0.35,1107.8675904250679
2025-02-08,wk inc flu hosp,2,2025-02-22,37,quantile,0.4,1181.7932455621574
2025-02-08,wk inc flu hosp,2,2025-02-22,37,quantile,0.45,1249.2860887098243
2025-02-08,wk inc flu hosp,2,2025-02-22,37,quantile,0.5,1297.6893419589537
2025-02-08,wk inc flu hosp,2,2025-02-22,37,quantile,0.55,1342.9041616204147
2025-02-08,wk inc flu hosp,2,2025-02-22,37,quantile,0.6,1409.703266426807
2025-02-08,wk inc flu hosp,2,2025-02-22,37,quantile,0.65,1509.4807193380148
2025-02-08,wk inc flu hosp,2,2025-02-22,37,quantile,0.7,1620.2938125274418
2025-02-08,wk inc flu hosp,2,2025-02-22,37,quantile,0.75,1727.2656864417418
2025-02-08,wk inc flu hosp,2,2025-02-22,37,quantile,0.8,1835.9169041176667
2025-02-08,wk inc flu hosp,2,2025-02-22,37,quantile,0.85,2006.2779695646025
2025-02-08,wk inc flu hosp,2,2025-02-22,37,quantile,0.9,2136.5746503050486
2025-02-08,wk inc flu hosp,2,2025-02-22,37,quantile,0.95,2305.120313356552
2025-02-08,wk inc flu hosp,2,2025-02-22,37,quantile,0.975,2512.823405573221
2025-02-08,wk inc flu hosp,2,2025-02-22,37,quantile,0.99,2980.161150671942
2025-02-08,wk inc flu hosp,3,2025-03-01,37,quantile,0.01,92.35824880446678
2025-02-08,wk inc flu hosp,3,2025-03-01,37,quantile,0.025,173.12125043568264
2025-02-08,wk inc flu hosp,3,2025-03-01,37,quantile,0.05,295.76009089585733
2025-02-08,wk inc flu hosp,3,2025-03-01,37,quantile,0.1,475.14239378184925
2025-02-08,wk inc flu hosp,3,2025-03-01,37,quantile,0.15,585.0581950087097
2025-02-08,wk inc flu hosp,3,2025-03-01,37,quantile,0.2,671.4899405849279
2025-02-08,wk inc flu hosp,3,2025-03-01,37,quantile,0.25,733.6148589117445
2025-02-08,wk inc flu hosp,3,2025-03-01,37,quantile,0.3,816.8114953452483
2025-02-08,wk inc flu hosp,3,2025-03-01,37,quantile,0.35,871.2522816768068
2025-02-08,wk inc flu hosp,3,2025-03-01,37,quantile,0.4,942.581060004347
2025-02-08,wk inc flu hosp,3,2025-03-01,37,quantile,0.45,1028.465747356322
2025-02-08,wk inc flu hosp,3,2025-03-01,37,quantile,0.5,1097.1053713864478
2025-02-08,wk inc flu hosp,3,2025-03-01,37,quantile,0.55,1157.5212940911783
2025-02-08,wk inc flu hosp,3,2025-03-01,37,quantile,0.6,1213.4518585081726
2025-02-08,wk inc flu hosp,3,2025-03-01,37,quantile,0.65,1275.356480553243
2025-02-08,wk inc flu hosp,3,2025-03-01,37,quantile,0.7,1347.900742246632
2025-02-08,wk inc flu hosp,3,2025-03-01,37,quantile,0.75,1452.7607283992586
2025-02-08,wk inc flu hosp,3,2025-03-01,37,quantile,0.8,1583.1209831403103
2025-02-08,wk inc flu hosp,3,2025-03-01,37,quantile,0.85,1702.1253041449224
2025-02-08,wk inc flu hosp,3,2025-03-01,37,quantile,0.9,1873.3834801005935
2025-02-08,wk inc flu hosp,3,2025-03-01,37,quantile,0.95,2090.7610684275382
2025-02-08,wk inc flu hosp,3,2025-03-01,37,quantile,0.975,2390.5499827452454
2025-02-08,wk inc flu hosp,3,2025-03-01,37,quantile,0.99,2688.8556692842785
2025-02-08,wk inc flu hosp,0,2025-02-08,38,quantile,0.01,15.150690145163939
2025-02-08,wk inc flu hosp,0,2025-02-08,38,quantile,0.025,27.110352639097524
2025-02-08,wk inc flu hosp,0,2025-02-08,38,quantile,0.05,40.67779344545808
2025-02-08,wk inc flu hosp,0,2025-02-08,38,quantile,0.1,56.123581432412045
2025-02-08,wk inc flu hosp,0,2025-02-08,38,quantile,0.15,64.07495206835148
2025-02-08,wk inc flu hosp,0,2025-02-08,38,quantile,0.2,69.0390255312024
2025-02-08,wk inc flu hosp,0,2025-02-08,38,quantile,0.25,72.05219217972785
2025-02-08,wk inc flu hosp,0,2025-02-08,38,quantile,0.3,74.7844822305327
2025-02-08,wk inc flu hosp,0,2025-02-08,38,quantile,0.35,79.94359965151008
2025-02-08,wk inc flu hosp,0,2025-02-08,38,quantile,0.4,82.07877747457569
2025-02-08,wk inc flu hosp,0,2025-02-08,38,quantile,0.45,90.97301728876478
2025-02-08,wk inc flu hosp,0,2025-02-08,38,quantile,0.5,96.97455890065936
2025-02-08,wk inc flu hosp,0,2025-02-08,38,quantile,0.55,97.3814882877923
2025-02-08,wk inc flu hosp,0,2025-02-08,38,quantile,0.6,97.9550498479503
2025-02-08,wk inc flu hosp,0,2025-02-08,38,quantile,0.65,104.55185690528309
2025-02-08,wk inc flu hosp,0,2025-02-08,38,quantile,0.7,109.00991418867419
2025-02-08,wk inc flu hosp,0,2025-02-08,38,quantile,0.75,117.3971199404775
2025-02-08,wk inc flu hosp,0,2025-02-08,38,quantile,0.8,122.8472367936746
2025-02-08,wk inc flu hosp,0,2025-02-08,38,quantile,0.85,133.77607650338322
2025-02-08,wk inc flu hosp,0,2025-02-08,38,quantile,0.9,147.02030944460276
2025-02-08,wk inc flu hosp,0,2025-02-08,38,quantile,0.95,151.5570051303267
2025-02-08,wk inc flu hosp,0,2025-02-08,38,quantile,0.975,162.9494675041443
2025-02-08,wk inc flu hosp,0,2025-02-08,38,quantile,0.99,183.65868448469263
2025-02-08,wk inc flu hosp,1,2025-02-15,38,quantile,0.01,16.145453879043263
2025-02-08,wk inc flu hosp,1,2025-02-15,38,quantile,0.025,21.511662755155992
2025-02-08,wk inc flu hosp,1,2025-02-15,38,quantile,0.05,30.621500998821276
2025-02-08,wk inc flu hosp,1,2025-02-15,38,quantile,0.1,42.23291354351602
2025-02-08,wk inc flu hosp,1,2025-02-15,38,quantile,0.15,51.15022708768262
2025-02-08,wk inc flu hosp,1,2025-02-15,38,quantile,0.2,60.28608799885387
2025-02-08,wk inc flu hosp,1,2025-02-15,38,quantile,0.25,65.6522860476982
2025-02-08,wk inc flu hosp,1,2025-02-15,38,quantile,0.3,69.60069020463033
2025-02-08,wk inc flu hosp,1,2025-02-15,38,quantile,0.35,74.92869806911384
2025-02-08,wk inc flu hosp,1,2025-02-15,38,quantile,0.4,78.69657526592033
2025-02-08,wk inc flu hosp,1,2025-02-15,38,quantile,0.45,82.83276530722877
2025-02-08,wk inc flu hosp,1,2025-02-15,38,quantile,0.5,87.99192036869438
2025-02-08,wk inc flu hosp,1,2025-02-15,38,quantile,0.55,93.99814906680183
2025-02-08,wk inc flu hosp,1,2025-02-15,38,quantile,0.6,99.36361450395437
2025-02-08,wk inc flu hosp,1,2025-02-15,38,quantile,0.65,102.37632577123607
2025-02-08,wk inc flu hosp,1,2025-02-15,38,quantile,0.7,106.18793522628569
2025-02-08,wk inc flu hosp,1,2025-02-15,38,quantile,0.75,112.95513208551708
2025-02-08,wk inc flu hosp,1,2025-02-15,38,quantile,0.8,121.05124437515576
2025-02-08,wk inc flu hosp,1,2025-02-15,38,quantile,0.85,131.1365896082114
2025-02-08,wk inc flu hosp,1,2025-02-15,38,quantile,0.9,145.02496544244423
2025-02-08,wk inc flu hosp,1,2025-02-15,38,quantile,0.95,158.77651224400606
2025-02-08,wk inc flu hosp,1,2025-02-15,38,quantile,0.975,176.1767030895845
2025-02-08,wk inc flu hosp,1,2025-02-15,38,quantile,0.99,192.48502459380538
2025-02-08,wk inc flu hosp,2,2025-02-22,38,quantile,0.01,11.336191962279308
2025-02-08,wk inc flu hosp,2,2025-02-22,38,quantile,0.025,15.582180602803462
2025-02-08,wk inc flu hosp,2,2025-02-22,38,quantile,0.05,22.088370483974106
2025-02-08,wk inc flu hosp,2,2025-02-22,38,quantile,0.1,30.629230519562164
2025-02-08,wk inc flu hosp,2,2025-02-22,38,quantile,0.15,38.996824425698854
2025-02-08,wk inc flu hosp,2,2025-02-22,38,quantile,0.2,47.05191104683483
2025-02-08,wk inc flu hosp,2,2025-02-22,38,quantile,0.25,54.41121898246472
2025-02-08,wk inc flu hosp,2,2025-02-22,38,quantile,0.3,59.762281120550924
2025-02-08,wk inc flu hosp,2,2025-02-22,38,quantile,0.35,65.26307696487187
2025-02-08,wk inc flu hosp,2,2025-02-22,38,quantile,0.4,68.87057516938978
2025-02-08,wk inc flu hosp,2,2025-02-22,38,quantile,0.45,72.7801051238469
2025-02-08,wk inc flu hosp,2,2025-02-22,38,quantile,0.5,76.37481976087119
2025-02-08,wk inc flu hosp,2,2025-02-22,38,quantile,0.55,81.35700729133974
2025-02-08,wk inc flu hosp,2,2025-02-22,38,quantile,0.6,86.14708447823871
2025-02-08,wk inc flu hosp,2,2025-02-22,38,quantile,0.65,92.7012033783363
2025-02-08,wk inc flu hosp,2,2025-02-22,38,quantile,0.7,101.3484599544156
2025-02-08,wk inc flu hosp,2,2025-02-22,38,quantile,0.75,105.75189633943397
2025-02-08,wk inc flu hosp,2,2025-02-22,38,quantile,0.8,112.25489152067317
2025-02-08,wk inc flu hosp,2,2025-02-22,38,quantile,0.85,119.57835368325772
2025-02-08,wk inc flu hosp,2,2025-02-22,38,quantile,0.9,130.47296128367364
2025-02-08,wk inc flu hosp,2,2025-02-22,38,quantile,0.95,151.81355533380415
2025-02-08,wk inc flu hosp,2,2025-02-22,38,quantile,0.975,158.05902951305134
2025-02-08,wk inc flu hosp,2,2025-02-22,38,quantile,0.99,176.60796429928328
2025-02-08,wk inc flu hosp,3,2025-03-01,38,quantile,0.01,5.491241733181855
2025-02-08,wk inc flu hosp,3,2025-03-01,38,quantile,0.025,10.406683429412588
2025-02-08,wk inc flu hosp,3,2025-03-01,38,quantile,0.05,15.053426920585991
2025-02-08,wk inc flu hosp,3,2025-03-01,38,quantile,0.1,21.842470602057073
2025-02-08,wk inc flu hosp,3,2025-03-01,38,quantile,0.15,30.571445993388984
2025-02-08,wk inc flu hosp,3,2025-03-01,38,quantile,0.2,39.46707362543424
2025-02-08,wk inc flu hosp,3,2025-03-01,38,quantile,0.25,47.36413293431413
2025-02-08,wk inc flu hosp,3,2025-03-01,38,quantile,0.3,55.14883066525273
2025-02-08,wk inc flu hosp,3,2025-03-01,38,quantile,0.35,61.24547836142517
2025-02-08,wk inc flu hosp,3,2025-03-01,38,quantile,0.4,65.9580895680577
2025-02-08,wk inc flu hosp,3,2025-03-01,38,quantile,0.45,70.04439232980566
2025-02-08,wk inc flu hosp,3,2025-03-01,38,quantile,0.5,75.70791629128766
2025-02-08,wk inc flu hosp,3,2025-03-01,38,quantile,0.55,79.9589136296604
2025-02-08,wk inc flu hosp,3,2025-03-01,38,quantile,0.6,85.67465539977388
2025-02-08,wk inc flu hosp,3,2025-03-01,38,quantile,0.65,91.77524755343751
2025-02-08,wk inc flu hosp,3,2025-03-01,38,quantile,0.7,97.98807633192007
2025-02-08,wk inc flu hosp,3,2025-03-01,38,quantile,0.75,104.07927783326846
2025-02-08,wk inc flu hosp,3,2025-03-01,38,quantile,0.8,109.58706852307503
2025-02-08,wk inc flu hosp,3,2025-03-01,38,quantile,0.85,117.8866991579077
2025-02-08,wk inc flu hosp,3,2025-03-01,38,quantile,0.9,128.61615101483176
2025-02-08,wk inc flu hosp,3,2025-03-01,38,quantile,0.95,149.68296925338134
2025-02-08,wk inc flu hosp,3,2025-03-01,38,quantile,0.975,159.98352935605485
2025-02-08,wk inc flu hosp,3,2025-03-01,38,quantile,0.99,179.93094592105078
2025-02-08,wk inc flu hosp,0,2025-02-08,39,quantile,0.01,322.7347207757878
2025-02-08,wk inc flu hosp,0,2025-02-08,39,quantile,0.025,400.6263016041317
2025-02-08,wk inc flu hosp,0,2025-02-08,39,quantile,0.05,635.2369410309752
2025-02-08,wk inc flu hosp,0,2025-02-08,39,quantile,0.1,717.6715743348145
2025-02-08,wk inc flu hosp,0,2025-02-08,39,quantile,0.15,755.0796646216852
2025-02-08,wk inc flu hosp,0,2025-02-08,39,quantile,0.2,784.0277226261819
2025-02-08,wk inc flu hosp,0,2025-02-08,39,quantile,0.25,917.4356940085969
2025-02-08,wk inc flu hosp,0,2025-02-08,39,quantile,0.3,935.6055876750974
2025-02-08,wk inc flu hosp,0,2025-02-08,39,quantile,0.35,1001.2194701341385
2025-02-08,wk inc flu hosp,0,2025-02-08,39,quantile,0.4,1009.8968084920508
2025-02-08,wk inc flu hosp,0,2025-02-08,39,quantile,0.45,1022.0340894095749
2025-02-08,wk inc flu hosp,0,2025-02-08,39,quantile,0.5,1047.099656560287
2025-02-08,wk inc flu hosp,0,2025-02-08,39,quantile,0.55,1122.214942345052
2025-02-08,wk inc flu hosp,0,2025-02-08,39,quantile,0.6,1159.93696526512
2025-02-08,wk inc flu hosp,0,2025-02-08,39,quantile,0.65,1241.0146429204526
2025-02-08,wk inc flu hosp,0,2025-02-08,39,quantile,0.7,1306.7602165866008
2025-02-08,wk inc flu hosp,0,2025-02-08,39,quantile,0.75,1375.1740338523994
2025-02-08,wk inc flu hosp,0,2025-02-08,39,quantile,0.8,1430.6876720867865
2025-02-08,wk inc flu hosp,0,2025-02-08,39,quantile,0.85,1468.3435017989627
2025-02-08,wk inc flu hosp,0,2025-02-08,39,quantile,0.9,1699.8995446950125
2025-02-08,wk inc flu hosp,0,2025-02-08,39,quantile,0.95,1853.2265521225315
2025-02-08,wk inc flu hosp,0,2025-02-08,39,quantile,0.975,1980.6326676247973
2025-02-08,wk inc flu hosp,0,2025-02-08,39,quantile,0.99,2155.846995860142
2025-02-08,wk inc flu hosp,1,2025-02-15,39,quantile,0.01,274.23971030819183
2025-02-08,wk inc flu hosp,1,2025-02-15,39,quantile,0.025,347.6500658722418
2025-02-08,wk inc flu hosp,1,2025-02-15,39,quantile,0.05,455.02189548182406
2025-02-08,wk inc flu hosp,1,2025-02-15,39,quantile,0.1,561.1985264181772
2025-02-08,wk inc flu hosp,1,2025-02-15,39,quantile,0.15,639.8836068202739
2025-02-08,wk inc flu hosp,1,2025-02-15,39,quantile,0.2,685.760770363542
2025-02-08,wk inc flu hosp,1,2025-02-15,39,quantile,0.25,724.7818020185142
2025-02-08,wk inc flu hosp,1,2025-02-15,39,quantile,0.3,766.8966297076529
2025-02-08,wk inc flu hosp,1,2025-02-15,39,quantile,0.35,847.9016764167532
2025-02-08,wk inc flu hosp,1,2025-02-15,39,quantile,0.4,880.7678882364241
2025-02-08,wk inc flu hosp,1,2025-02-15,39,quantile,0.45,901.4169285046979
2025-02-08,wk inc flu hosp,1,2025-02-15,39,quantile,0.5,932.0104997229821
2025-02-08,wk inc flu hosp,1,2025-02-15,39,quantile,0.55,966.4183939810099
2025-02-08,wk inc flu hosp,1,2025-02-15,39,quantile,0.6,990.3196208990661
2025-02-08,wk inc flu hosp,1,2025-02-15,39,quantile,0.65,1031.98481738997
2025-02-08,wk inc flu hosp,1,2025-02-15,39,quantile,0.7,1086.5516314358395
2025-02-08,wk inc flu hosp,1,2025-02-15,39,quantile,0.75,1182.9455291117165
2025-02-08,wk inc flu hosp,1,2025-02-15,39,quantile,0.8,1253.8020650262633
2025-02-08,wk inc flu hosp,1,2025-02-15,39,quantile,0.85,1313.697287696693
2025-02-08,wk inc flu hosp,1,2025-02-15,39,quantile,0.9,1382.9780248270408
2025-02-08,wk inc flu hosp,1,2025-02-15,39,quantile,0.95,1610.2769300473817
2025-02-08,wk inc flu hosp,1,2025-02-15,39,quantile,0.975,1758.3733089879615
2025-02-08,wk inc flu hosp,1,2025-02-15,39,quantile,0.99,1994.7406072622407
2025-02-08,wk inc flu hosp,2,2025-02-22,39,quantile,0.01,221.3912006113867
2025-02-08,wk inc flu hosp,2,2025-02-22,39,quantile,0.025,265.4556487722869
2025-02-08,wk inc flu hosp,2,2025-02-22,39,quantile,0.05,323.9198531829688
2025-02-08,wk inc flu hosp,2,2025-02-22,39,quantile,0.1,414.8247556850473
2025-02-08,wk inc flu hosp,2,2025-02-22,39,quantile,0.15,484.98384801549827
2025-02-08,wk inc flu hosp,2,2025-02-22,39,quantile,0.2,541.9787206811847
2025-02-08,wk inc flu hosp,2,2025-02-22,39,quantile,0.25,581.6625327581507
2025-02-08,wk inc flu hosp,2,2025-02-22,39,quantile,0.3,613.6778775740622
2025-02-08,wk inc flu hosp,2,2025-02-22,39,quantile,0.35,661.6559507313523
2025-02-08,wk inc flu hosp,2,2025-02-22,39,quantile,0.4,705.4208945582121
2025-02-08,wk inc flu hosp,2,2025-02-22,39,quantile,0.45,761.8995198478395
2025-02-08,wk inc flu hosp,2,2025-02-22,39,quantile,0.5,807.1640401011218
2025-02-08,wk inc flu hosp,2,2025-02-22,39,quantile,0.55,846.4100556963779
2025-02-08,wk inc flu hosp,2,2025-02-22,39,quantile,0.6,880.5831287253479
2025-02-08,wk inc flu hosp,2,2025-02-22,39,quantile,0.65,910.8336181435315
2025-02-08,wk inc flu hosp,2,2025-02-22,39,quantile,0.7,959.0184711350122
2025-02-08,wk inc flu hosp,2,2025-02-22,39,quantile,0.75,1011.8250576494381
2025-02-08,wk inc flu hosp,2,2025-02-22,39,quantile,0.8,1077.2363751964779
2025-02-08,wk inc flu hosp,2,2025-02-22,39,quantile,0.85,1153.4730556874263
2025-02-08,wk inc flu hosp,2,2025-02-22,39,quantile,0.9,1238.1229552611228
2025-02-08,wk inc flu hosp,2,2025-02-22,39,quantile,0.95,1387.5639979613545
2025-02-08,wk inc flu hosp,2,2025-02-22,39,quantile,0.975,1557.5417389955492
2025-02-08,wk inc flu hosp,2,2025-02-22,39,quantile,0.99,1732.0523517273164
2025-02-08,wk inc flu hosp,3,2025-03-01,39,quantile,0.01,148.75506403244972
2025-02-08,wk inc flu hosp,3,2025-03-01,39,quantile,0.025,199.8857142556574
2025-02-08,wk inc flu hosp,3,2025-03-01,39,quantile,0.05,239.79518379750712
2025-02-08,wk inc flu hosp,3,2025-03-01,39,quantile,0.1,314.0046262278607
2025-02-08,wk inc flu hosp,3,2025-03-01,39,quantile,0.15,354.7573894788554
2025-02-08,wk inc flu hosp,3,2025-03-01,39,quantile,0.2,402.84794577750745
2025-02-08,wk inc flu hosp,3,2025-03-01,39,quantile,0.25,440.1041579503577
2025-02-08,wk inc flu hosp,3,2025-03-01,39,quantile,0.3,473.4806281321233
2025-02-08,wk inc flu hosp,3,2025-03-01,39,quantile,0.35,505.4281427024554
2025-02-08,wk inc flu hosp,3,2025-03-01,39,quantile,0.4,547.8895426095445
2025-02-08,wk inc flu hosp,3,2025-03-01,39,quantile,0.45,589.8294309337083
2025-02-08,wk inc flu hosp,3,2025-03-01,39,quantile,0.5,622.1430539302231
2025-02-08,wk inc flu hosp,3,2025-03-01,39,quantile,0.55,668.578242494354
2025-02-08,wk inc flu hosp,3,2025-03-01,39,quantile,0.6,712.7032001962637
2025-02-08,wk inc flu hosp,3,2025-03-01,39,quantile,0.65,759.1875160757902
2025-02-08,wk inc flu hosp,3,2025-03-01,39,quantile,0.7,817.6175307178107
2025-02-08,wk inc flu hosp,3,2025-03-01,39,quantile,0.75,862.8986362940751
2025-02-08,wk inc flu hosp,3,2025-03-01,39,quantile,0.8,914.6077078029756
2025-02-08,wk inc flu hosp,3,2025-03-01,39,quantile,0.85,989.8287543211103
2025-02-08,wk inc flu hosp,3,2025-03-01,39,quantile,0.9,1099.0415271953468
2025-02-08,wk inc flu hosp,3,2025-03-01,39,quantile,0.95,1227.3861345434218
2025-02-08,wk inc flu hosp,3,2025-03-01,39,quantile,0.975,1371.8956659637997
2025-02-08,wk inc flu hosp,3,2025-03-01,39,quantile,0.99,1514.936999909463
2025-02-08,wk inc flu hosp,0,2025-02-08,40,quantile,0.01,366.7869029532145
2025-02-08,wk inc flu hosp,0,2025-02-08,40,quantile,0.025,418.9584982699645
2025-02-08,wk inc flu hosp,0,2025-02-08,40,quantile,0.05,508.99855371111596
2025-02-08,wk inc flu hosp,0,2025-02-08,40,quantile,0.1,637.0861858801856
2025-02-08,wk inc flu hosp,0,2025-02-08,40,quantile,0.15,725.0218171322228
2025-02-08,wk inc flu hosp,0,2025-02-08,40,quantile,0.2,772.1139367601032
2025-02-08,wk inc flu hosp,0,2025-02-08,40,quantile,0.25,797.0670953614334
2025-02-08,wk inc flu hosp,0,2025-02-08,40,quantile,0.3,820.4512785540566
2025-02-08,wk inc flu hosp,0,2025-02-08,40,quantile,0.35,851.274713381343
2025-02-08,wk inc flu hosp,0,2025-02-08,40,quantile,0.4,869.7927819241697
2025-02-08,wk inc flu hosp,0,2025-02-08,40,quantile,0.45,870.8508042313133
2025-02-08,wk inc flu hosp,0,2025-02-08,40,quantile,0.5,890.3106518925752
2025-02-08,wk inc flu hosp,0,2025-02-08,40,quantile,0.55,947.7718865785363
2025-02-08,wk inc flu hosp,0,2025-02-08,40,quantile,0.6,966.322112772047
2025-02-08,wk inc flu hosp,0,2025-02-08,40,quantile,0.65,989.5202358928984
2025-02-08,wk inc flu hosp,0,2025-02-08,40,quantile,0.7,1043.061222687228
2025-02-08,wk inc flu hosp,0,2025-02-08,40,quantile,0.75,1087.8119394370967
2025-02-08,wk inc flu hosp,0,2025-02-08,40,quantile,0.8,1143.795300514769
2025-02-08,wk inc flu hosp,0,2025-02-08,40,quantile,0.85,1204.6352745157137
2025-02-08,wk inc flu hosp,0,2025-02-08,40,quantile,0.9,1292.562416821811
2025-02-08,wk inc flu hosp,0,2025-02-08,40,quantile,0.95,1383.8862120272101
2025-02-08,wk inc flu hosp,0,2025-02-08,40,quantile,0.975,1504.0806532841216
2025-02-08,wk inc flu hosp,0,2025-02-08,40,quantile,0.99,1522.2908663962044
2025-02-08,wk inc flu hosp,1,2025-02-15,40,quantile,0.01,314.65860209302116
2025-02-08,wk inc flu hosp,1,2025-02-15,40,quantile,0.025,381.64471879818467
2025-02-08,wk inc flu hosp,1,2025-02-15,40,quantile,0.05,456.6258105811523
2025-02-08,wk inc flu hosp,1,2025-02-15,40,quantile,0.1,556.8701508029287
2025-02-08,wk inc flu hosp,1,2025-02-15,40,quantile,0.15,647.3848413941206
2025-02-08,wk inc flu hosp,1,2025-02-15,40,quantile,0.2,702.3445872948811
2025-02-08,wk inc flu hosp,1,2025-02-15,40,quantile,0.25,751.2327442893958
2025-02-08,wk inc flu hosp,1,2025-02-15,40,quantile,0.3,792.7846585458051
2025-02-08,wk inc flu hosp,1,2025-02-15,40,quantile,0.35,832.4336860101326
2025-02-08,wk inc flu hosp,1,2025-02-15,40,quantile,0.4,866.9822274521463
2025-02-08,wk inc flu hosp,1,2025-02-15,40,quantile,0.45,899.7010626234361
2025-02-08,wk inc flu hosp,1,2025-02-15,40,quantile,0.5,934.5474902871229
2025-02-08,wk inc flu hosp,1,2025-02-15,40,quantile,0.55,961.6814100149858
2025-02-08,wk inc flu hosp,1,2025-02-15,40,quantile,0.6,999.1379493098133
2025-02-08,wk inc flu hosp,1,2025-02-15,40,quantile,0.65,1028.1320923112828
2025-02-08,wk inc flu hosp,1,2025-02-15,40,quantile,0.7,1068.3804418535392
2025-02-08,wk inc flu hosp,1,2025-02-15,40,quantile,0.75,1126.0998383624408
2025-02-08,wk inc flu hosp,1,2025-02-15,40,quantile,0.8,1180.2414427182284
2025-02-08,wk inc flu hosp,1,2025-02-15,40,quantile,0.85,1235.7259288005146
2025-02-08,wk inc flu hosp,1,2025-02-15,40,quantile,0.9,1320.7685315837025
2025-02-08,wk inc flu hosp,1,2025-02-15,40,quantile,0.95,1464.51437474929
2025-02-08,wk inc flu hosp,1,2025-02-15,40,quantile,0.975,1541.896815784334
2025-02-08,wk inc flu hosp,1,2025-02-15,40,quantile,0.99,1666.1156505793974
2025-02-08,wk inc flu hosp,2,2025-02-22,40,quantile,0.01,280.2072386504458
2025-02-08,wk inc flu hosp,2,2025-02-22,40,quantile,0.025,314.98316994985913
2025-02-08,wk inc flu hosp,2,2025-02-22,40,quantile,0.05,392.6975769464567
2025-02-08,wk inc flu hosp,2,2025-02-22,40,quantile,0.1,491.52309981532716
2025-02-08,wk inc flu hosp,2,2025-02-22,40,quantile,0.15,565.0018186784828
2025-02-08,wk inc flu hosp,2,2025-02-22,40,quantile,0.2,629.1229458692168
2025-02-08,wk inc flu hosp,2,2025-02-22,40,quantile,0.25,689.0638751250629
2025-02-08,wk inc flu hosp,2,2025-02-22,40,quantile,0.3,744.7503781034734
2025-02-08,wk inc flu hosp,2,2025-02-22,40,quantile,0.35,784.8762737940191
2025-02-08,wk inc flu hosp,2,2025-02-22,40,quantile,0.4,829.9347536522242
2025-02-08,wk inc flu hosp,2,2025-02-22,40,quantile,0.45,871.4002309510096
2025-02-08,wk inc flu hosp,2,2025-02-22,40,quantile,0.5,905.3559547885872
2025-02-08,wk inc flu hosp,2,2025-02-22,40,quantile,0.55,951.2848207851118
2025-02-08,wk inc flu hosp,2,2025-02-22,40,quantile,0.6,982.0843721618745
2025-02-08,wk inc flu hosp,2,2025-02-22,40,quantile,0.65,1009.3123540828025
2025-02-08,wk inc flu hosp,2,2025-02-22,40,quantile,0.7,1048.4908499173885
2025-02-08,wk inc flu hosp,2,2025-02-22,40,quantile,0.75,1103.2895180787566
2025-02-08,wk inc flu hosp,2,2025-02-22,40,quantile,0.8,1167.8567791168116
2025-02-08,wk inc flu hosp,2,2025-02-22,40,quantile,0.85,1243.913874388043
2025-02-08,wk inc flu hosp,2,2025-02-22,40,quantile,0.9,1336.0853880871382
2025-02-08,wk inc flu hosp,2,2025-02-22,40,quantile,0.95,1485.341355676601
2025-02-08,wk inc flu hosp,2,2025-02-22,40,quantile,0.975,1584.7457399064558
2025-02-08,wk inc flu hosp,2,2025-02-22,40,quantile,0.99,1752.7549764562004
2025-02-08,wk inc flu hosp,3,2025-03-01,40,quantile,0.01,172.5141751584038
2025-02-08,wk inc flu hosp,3,2025-03-01,40,quantile,0.025,253.90761916913743
2025-02-08,wk inc flu hosp,3,2025-03-01,40,quantile,0.05,306.92351849365025
2025-02-08,wk inc flu hosp,3,2025-03-01,40,quantile,0.1,399.18099731712357
2025-02-08,wk inc flu hosp,3,2025-03-01,40,quantile,0.15,468.09069146892705
2025-02-08,wk inc flu hosp,3,2025-03-01,40,quantile,0.2,525.3951895805858
2025-02-08,wk inc flu hosp,3,2025-03-01,40,quantile,0.25,589.3500638565004
2025-02-08,wk inc flu hosp,3,2025-03-01,40,quantile,0.3,642.9730909085498
2025-02-08,wk inc flu hosp,3,2025-03-01,40,quantile,0.35,690.4700252954999
2025-02-08,wk inc flu hosp,3,2025-03-01,40,quantile,0.4,732.1913696541471
2025-02-08,wk inc flu hosp,3,2025-03-01,40,quantile,0.45,778.2480766702517
2025-02-08,wk inc flu hosp,3,2025-03-01,40,quantile,0.5,822.6674796443275
2025-02-08,wk inc flu hosp,3,2025-03-01,40,quantile,0.55,865.2139113031913
2025-02-08,wk inc flu hosp,3,2025-03-01,40,quantile,0.6,910.2315104258369
2025-02-08,wk inc flu hosp,3,2025-03-01,40,quantile,0.65,949.1542334006299
2025-02-08,wk inc flu hosp,3,2025-03-01,40,quantile,0.7,987.8110556919389
2025-02-08,wk inc flu hosp,3,2025-03-01,40,quantile,0.75,1033.0878344711882
2025-02-08,wk inc flu hosp,3,2025-03-01,40,quantile,0.8,1089.947751142977
2025-02-08,wk inc flu hosp,3,2025-03-01,40,quantile,0.85,1176.0209799400427
2025-02-08,wk inc flu hosp,3,2025-03-01,40,quantile,0.9,1256.8678672215271
2025-02-08,wk inc flu hosp,3,2025-03-01,40,quantile,0.95,1393.9004596928826
2025-02-08,wk inc flu hosp,3,2025-03-01,40,quantile,0.975,1483.0301158315315
2025-02-08,wk inc flu hosp,3,2025-03-01,40,quantile,0.99,1568.6920169613213
2025-02-08,wk inc flu hosp,0,2025-02-08,41,quantile,0.01,191.5447046718173
2025-02-08,wk inc flu hosp,0,2025-02-08,41,quantile,0.025,213.75864754702718
2025-02-08,wk inc flu hosp,0,2025-02-08,41,quantile,0.05,224.71451463205847
2025-02-08,wk inc flu hosp,0,2025-02-08,41,quantile,0.1,279.9524431840482
2025-02-08,wk inc flu hosp,0,2025-02-08,41,quantile,0.15,287.3928351103946
2025-02-08,wk inc flu hosp,0,2025-02-08,41,quantile,0.2,309.54450209606296
2025-02-08,wk inc flu hosp,0,2025-02-08,41,quantile,0.25,326.9234084546814
2025-02-08,wk inc flu hosp,0,2025-02-08,41,quantile,0.3,352.00520862712506
2025-02-08,wk inc flu hosp,0,2025-02-08,41,quantile,0.35,370.2282930394594
2025-02-08,wk inc flu hosp,0,2025-02-08,41,quantile,0.4,374.90836043328494
2025-02-08,wk inc flu hosp,0,2025-02-08,41,quantile,0.45,412.78989281926454
2025-02-08,wk inc flu hosp,0,2025-02-08,41,quantile,0.5,417.2681866433102
2025-02-08,wk inc flu hosp,0,2025-02-08,41,quantile,0.55,431.23733691030156
2025-02-08,wk inc flu hosp,0,2025-02-08,41,quantile,0.6,445.111496625179
2025-02-08,wk inc flu hosp,0,2025-02-08,41,quantile,0.65,482.0996779524399
2025-02-08,wk inc flu hosp,0,2025-02-08,41,quantile,0.7,496.56268161028476
2025-02-08,wk inc flu hosp,0,2025-02-08,41,quantile,0.75,500.14445497545086
2025-02-08,wk inc flu hosp,0,2025-02-08,41,quantile,0.8,519.8914807769518
2025-02-08,wk inc flu hosp,0,2025-02-08,41,quantile,0.85,560.3873252280166
2025-02-08,wk inc flu hosp,0,2025-02-08,41,quantile,0.9,587.5218864994716
2025-02-08,wk inc flu hosp,0,2025-02-08,41,quantile,0.95,626.3803162237008
2025-02-08,wk inc flu hosp,0,2025-02-08,41,quantile,0.975,655.5147534981849
2025-02-08,wk inc flu hosp,0,2025-02-08,41,quantile,0.99,677.2177988633482
2025-02-08,wk inc flu hosp,1,2025-02-15,41,quantile,0.01,103.53485214977066
2025-02-08,wk inc flu hosp,1,2025-02-15,41,quantile,0.025,127.4648385449077
2025-02-08,wk inc flu hosp,1,2025-02-15,41,quantile,0.05,152.82202774596993
2025-02-08,wk inc flu hosp,1,2025-02-15,41,quantile,0.1,180.5214402995841
2025-02-08,wk inc flu hosp,1,2025-02-15,41,quantile,0.15,202.57209474385613
2025-02-08,wk inc flu hosp,1,2025-02-15,41,quantile,0.2,223.626563066215
2025-02-08,wk inc flu hosp,1,2025-02-15,41,quantile,0.25,242.79604351260392
2025-02-08,wk inc flu hosp,1,2025-02-15,41,quantile,0.3,260.34772970640665
2025-02-08,wk inc flu hosp,1,2025-02-15,41,quantile,0.35,276.5048850006482
2025-02-08,wk inc flu hosp,1,2025-02-15,41,quantile,0.4,286.833001320863
2025-02-08,wk inc flu hosp,1,2025-02-15,41,quantile,0.45,303.1096035655579
2025-02-08,wk inc flu hosp,1,2025-02-15,41,quantile,0.5,323.37027543793545
2025-02-08,wk inc flu hosp,1,2025-02-15,41,quantile,0.55,346.01361154223713
2025-02-08,wk inc flu hosp,1,2025-02-15,41,quantile,0.6,360.60686349987014
2025-02-08,wk inc flu hosp,1,2025-02-15,41,quantile,0.65,383.936942931314
2025-02-08,wk inc flu hosp,1,2025-02-15,41,quantile,0.7,406.9705714876091
2025-02-08,wk inc flu hosp,1,2025-02-15,41,quantile,0.75,425.24629069832434
2025-02-08,wk inc flu hosp,1,2025-02-15,41,quantile,0.8,453.72970921790096
2025-02-08,wk inc flu hosp,1,2025-02-15,41,quantile,0.85,482.8135520479002
2025-02-08,wk inc flu hosp,1,2025-02-15,41,quantile,0.9,521.512613204737
2025-02-08,wk inc flu hosp,1,2025-02-15,41,quantile,0.95,572.9943432530986
2025-02-08,wk inc flu hosp,1,2025-02-15,41,quantile,0.975,614.7115759705189
2025-02-08,wk inc flu hosp,1,2025-02-15,41,quantile,0.99,647.4597730297913
2025-02-08,wk inc flu hosp,2,2025-02-22,41,quantile,0.01,63.38843150422405
2025-02-08,wk inc flu hosp,2,2025-02-22,41,quantile,0.025,83.673076296511
2025-02-08,wk inc flu hosp,2,2025-02-22,41,quantile,0.05,105.1469375566211
2025-02-08,wk inc flu hosp,2,2025-02-22,41,quantile,0.1,129.14909419589628
2025-02-08,wk inc flu hosp,2,2025-02-22,41,quantile,0.15,147.09979921991024
2025-02-08,wk inc flu hosp,2,2025-02-22,41,quantile,0.2,162.29796915198187
2025-02-08,wk inc flu hosp,2,2025-02-22,41,quantile,0.25,179.24099339598487
2025-02-08,wk inc flu hosp,2,2025-02-22,41,quantile,0.3,194.35371787077602
2025-02-08,wk inc flu hosp,2,2025-02-22,41,quantile,0.35,206.5792298473211
2025-02-08,wk inc flu hosp,2,2025-02-22,41,quantile,0.4,221.74309227594034
2025-02-08,wk inc flu hosp,2,2025-02-22,41,quantile,0.45,240.5216554257047
2025-02-08,wk inc flu hosp,2,2025-02-22,41,quantile,0.5,258.7604544115627
2025-02-08,wk inc flu hosp,2,2025-02-22,41,quantile,0.55,275.386117355975
2025-02-08,wk inc flu hosp,2,2025-02-22,41,quantile,0.6,293.2866283909664
2025-02-08,wk inc flu hosp,2,2025-02-22,41,quantile,0.65,308.78057578116363
2025-02-08,wk inc flu hosp,2,2025-02-22,41,quantile,0.7,328.0001001608385
2025-02-08,wk inc flu hosp,2,2025-02-22,41,quantile,0.75,356.3822647211112
2025-02-08,wk inc flu hosp,2,2025-02-22,41,quantile,0.8,382.9281161479487
2025-02-08,wk inc flu hosp,2,2025-02-22,41,quantile,0.85,414.1443790876822
2025-02-08,wk inc flu hosp,2,2025-02-22,41,quantile,0.9,449.10133917556334
2025-02-08,wk inc flu hosp,2,2025-02-22,41,quantile,0.95,517.4996166387134
2025-02-08,wk inc flu hosp,2,2025-02-22,41,quantile,0.975,571.917897250145
2025-02-08,wk inc flu hosp,2,2025-02-22,41,quantile,0.99,608.4748230045906
2025-02-08,wk inc flu hosp,3,2025-03-01,41,quantile,0.01,43.33275615955006
2025-02-08,wk inc flu hosp,3,2025-03-01,41,quantile,0.025,59.23767850744743
2025-02-08,wk inc flu hosp,3,2025-03-01,41,quantile,0.05,68.91622308777822
2025-02-08,wk inc flu hosp,3,2025-03-01,41,quantile,0.1,91.06656272332461
2025-02-08,wk inc flu hosp,3,2025-03-01,41,quantile,0.15,107.10590290714482
2025-02-08,wk inc flu hosp,3,2025-03-01,41,quantile,0.2,123.26550847595541
2025-02-08,wk inc flu hosp,3,2025-03-01,41,quantile,0.25,134.6036017897461
2025-02-08,wk inc flu hosp,3,2025-03-01,41,quantile,0.3,147.0490294754852
2025-02-08,wk inc flu hosp,3,2025-03-01,41,quantile,0.35,159.1118370102298
2025-02-08,wk inc flu hosp,3,2025-03-01,41,quantile,0.4,174.23402315554554
2025-02-08,wk inc flu hosp,3,2025-03-01,41,quantile,0.45,189.67053047877675
2025-02-08,wk inc flu hosp,3,2025-03-01,41,quantile,0.5,204.8837244071207
2025-02-08,wk inc flu hosp,3,2025-03-01,41,quantile,0.55,220.05632353327428
2025-02-08,wk inc flu hosp,3,2025-03-01,41,quantile,0.6,231.6847890088548
2025-02-08,wk inc flu hosp,3,2025-03-01,41,quantile,0.65,249.28193355063007
2025-02-08,wk inc flu hosp,3,2025-03-01,41,quantile,0.7,269.3898502974246
2025-02-08,wk inc flu hosp,3,2025-03-01,41,quantile,0.75,291.81080485996995
2025-02-08,wk inc flu hosp,3,2025-03-01,41,quantile,0.8,317.63198742402614
2025-02-08,wk inc flu hosp,3,2025-03-01,41,quantile,0.85,347.09251392320436
2025-02-08,wk inc flu hosp,3,2025-03-01,41,quantile,0.9,385.80951249050486
2025-02-08,wk inc flu hosp,3,2025-03-01,41,quantile,0.95,431.34972505593913
2025-02-08,wk inc flu hosp,3,2025-03-01,41,quantile,0.975,482.041870203073
2025-02-08,wk inc flu hosp,3,2025-03-01,41,quantile,0.99,549.5795469709497
2025-02-08,wk inc flu hosp,0,2025-02-08,42,quantile,0.01,2058.9313375277243
2025-02-08,wk inc flu hosp,0,2025-02-08,42,quantile,0.025,2339.833244669988
2025-02-08,wk inc flu hosp,0,2025-02-08,42,quantile,0.05,2623.6708997441524
2025-02-08,wk inc flu hosp,0,2025-02-08,42,quantile,0.1,2860.468367469665
2025-02-08,wk inc flu hosp,0,2025-02-08,42,quantile,0.15,3074.8432930211766
2025-02-08,wk inc flu hosp,0,2025-02-08,42,quantile,0.2,3381.2796048994996
2025-02-08,wk inc flu hosp,0,2025-02-08,42,quantile,0.25,3411.2809773752742
2025-02-08,wk inc flu hosp,0,2025-02-08,42,quantile,0.3,3469.2520851814525
2025-02-08,wk inc flu hosp,0,2025-02-08,42,quantile,0.35,3690.9359560740995
2025-02-08,wk inc flu hosp,0,2025-02-08,42,quantile,0.4,3804.75611505753
2025-02-08,wk inc flu hosp,0,2025-02-08,42,quantile,0.45,3915.8938117700955
2025-02-08,wk inc flu hosp,0,2025-02-08,42,quantile,0.5,4267.589959977146
2025-02-08,wk inc flu hosp,0,2025-02-08,42,quantile,0.55,4300.600072894642
2025-02-08,wk inc flu hosp,0,2025-02-08,42,quantile,0.6,4402.264864513739
2025-02-08,wk inc flu hosp,0,2025-02-08,42,quantile,0.65,4447.932973430721
2025-02-08,wk inc flu hosp,0,2025-02-08,42,quantile,0.7,4582.643012775551
2025-02-08,wk inc flu hosp,0,2025-02-08,42,quantile,0.75,4936.013398623619
2025-02-08,wk inc flu hosp,0,2025-02-08,42,quantile,0.8,5066.515769370939
2025-02-08,wk inc flu hosp,0,2025-02-08,42,quantile,0.85,5251.5568944720935
2025-02-08,wk inc flu hosp,0,2025-02-08,42,quantile,0.9,5695.65293960759
2025-02-08,wk inc flu hosp,0,2025-02-08,42,quantile,0.95,6091.796494829802
2025-02-08,wk inc flu hosp,0,2025-02-08,42,quantile,0.975,7107.585208268706
2025-02-08,wk inc flu hosp,0,2025-02-08,42,quantile,0.99,7531.420389419126
2025-02-08,wk inc flu hosp,1,2025-02-15,42,quantile,0.01,1636.7424582770502
2025-02-08,wk inc flu hosp,1,2025-02-15,42,quantile,0.025,1874.9631880955258
2025-02-08,wk inc flu hosp,1,2025-02-15,42,quantile,0.05,2118.392956302141
2025-02-08,wk inc flu hosp,1,2025-02-15,42,quantile,0.1,2447.972119228568
2025-02-08,wk inc flu hosp,1,2025-02-15,42,quantile,0.15,2734.605074501449
2025-02-08,wk inc flu hosp,1,2025-02-15,42,quantile,0.2,2963.0422046508484
2025-02-08,wk inc flu hosp,1,2025-02-15,42,quantile,0.25,3156.5358500263806
2025-02-08,wk inc flu hosp,1,2025-02-15,42,quantile,0.3,3375.0522160298287
2025-02-08,wk inc flu hosp,1,2025-02-15,42,quantile,0.35,3639.93149643793
2025-02-08,wk inc flu hosp,1,2025-02-15,42,quantile,0.4,3778.4438531776304
2025-02-08,wk inc flu hosp,1,2025-02-15,42,quantile,0.45,3945.655445532119
2025-02-08,wk inc flu hosp,1,2025-02-15,42,quantile,0.5,4142.424865339209
2025-02-08,wk inc flu hosp,1,2025-02-15,42,quantile,0.55,4284.191540480165
2025-02-08,wk inc flu hosp,1,2025-02-15,42,quantile,0.6,4509.65156871573
2025-02-08,wk inc flu hosp,1,2025-02-15,42,quantile,0.65,4797.477321078993
2025-02-08,wk inc flu hosp,1,2025-02-15,42,quantile,0.7,5000.062881627848
2025-02-08,wk inc flu hosp,1,2025-02-15,42,quantile,0.75,5392.086964148969
2025-02-08,wk inc flu hosp,1,2025-02-15,42,quantile,0.8,5698.608286128266
2025-02-08,wk inc flu hosp,1,2025-02-15,42,quantile,0.85,6037.965589853544
2025-02-08,wk inc flu hosp,1,2025-02-15,42,quantile,0.9,6511.659619820289
2025-02-08,wk inc flu hosp,1,2025-02-15,42,quantile,0.95,7145.355918764523
2025-02-08,wk inc flu hosp,1,2025-02-15,42,quantile,0.975,8152.896402610999
2025-02-08,wk inc flu hosp,1,2025-02-15,42,quantile,0.99,9212.34198142779
2025-02-08,wk inc flu hosp,2,2025-02-22,42,quantile,0.01,1005.585983626327
2025-02-08,wk inc flu hosp,2,2025-02-22,42,quantile,0.025,1361.595856424496
2025-02-08,wk inc flu hosp,2,2025-02-22,42,quantile,0.05,1641.8243492455026
2025-02-08,wk inc flu hosp,2,2025-02-22,42,quantile,0.1,2051.5926864245353
2025-02-08,wk inc flu hosp,2,2025-02-22,42,quantile,0.15,2372.2621880064116
2025-02-08,wk inc flu hosp,2,2025-02-22,42,quantile,0.2,2658.7403206256436
2025-02-08,wk inc flu hosp,2,2025-02-22,42,quantile,0.25,2857.9313173397104
2025-02-08,wk inc flu hosp,2,2025-02-22,42,quantile,0.3,3157.4001385308916
2025-02-08,wk inc flu hosp,2,2025-02-22,42,quantile,0.35,3352.957053289204
2025-02-08,wk inc flu hosp,2,2025-02-22,42,quantile,0.4,3651.289337828123
2025-02-08,wk inc flu hosp,2,2025-02-22,42,quantile,0.45,3883.044639874717
2025-02-08,wk inc flu hosp,2,2025-02-22,42,quantile,0.5,4122.896831278171
2025-02-08,wk inc flu hosp,2,2025-02-22,42,quantile,0.55,4361.922262129008
2025-02-08,wk inc flu hosp,2,2025-02-22,42,quantile,0.6,4656.2808694496025
2025-02-08,wk inc flu hosp,2,2025-02-22,42,quantile,0.65,4909.3661169385305
2025-02-08,wk inc flu hosp,2,2025-02-22,42,quantile,0.7,5122.109483886702
2025-02-08,wk inc flu hosp,2,2025-02-22,42,quantile,0.75,5393.011445490609
2025-02-08,wk inc flu hosp,2,2025-02-22,42,quantile,0.8,5797.487940868893
2025-02-08,wk inc flu hosp,2,2025-02-22,42,quantile,0.85,6194.973255081836
2025-02-08,wk inc flu hosp,2,2025-02-22,42,quantile,0.9,6824.549862691764
2025-02-08,wk inc flu hosp,2,2025-02-22,42,quantile,0.95,7591.088089135404
2025-02-08,wk inc flu hosp,2,2025-02-22,42,quantile,0.975,8431.519101452257
2025-02-08,wk inc flu hosp,2,2025-02-22,42,quantile,0.99,9554.632112044312
2025-02-08,wk inc flu hosp,3,2025-03-01,42,quantile,0.01,800.7694495991745
2025-02-08,wk inc flu hosp,3,2025-03-01,42,quantile,0.025,999.9878049849468
2025-02-08,wk inc flu hosp,3,2025-03-01,42,quantile,0.05,1244.3219851964252
2025-02-08,wk inc flu hosp,3,2025-03-01,42,quantile,0.1,1632.5247807225062
2025-02-08,wk inc flu hosp,3,2025-03-01,42,quantile,0.15,1929.8255863764862
2025-02-08,wk inc flu hosp,3,2025-03-01,42,quantile,0.2,2223.556681417736
2025-02-08,wk inc flu hosp,3,2025-03-01,42,quantile,0.25,2565.012500500079
2025-02-08,wk inc flu hosp,3,2025-03-01,42,quantile,0.3,2797.0605076685342
2025-02-08,wk inc flu hosp,3,2025-03-01,42,quantile,0.35,3040.2612167902234
2025-02-08,wk inc flu hosp,3,2025-03-01,42,quantile,0.4,3320.460788239537
2025-02-08,wk inc flu hosp,3,2025-03-01,42,quantile,0.45,3590.4993248896603
2025-02-08,wk inc flu hosp,3,2025-03-01,42,quantile,0.5,3883.6169898209628
2025-02-08,wk inc flu hosp,3,2025-03-01,42,quantile,0.55,4103.563184410857
2025-02-08,wk inc flu hosp,3,2025-03-01,42,quantile,0.6,4326.534917978995
2025-02-08,wk inc flu hosp,3,2025-03-01,42,quantile,0.65,4580.745845558124
2025-02-08,wk inc flu hosp,3,2025-03-01,42,quantile,0.7,4873.305114930997
2025-02-08,wk inc flu hosp,3,2025-03-01,42,quantile,0.75,5218.021478653839
2025-02-08,wk inc flu hosp,3,2025-03-01,42,quantile,0.8,5590.010893718969
2025-02-08,wk inc flu hosp,3,2025-03-01,42,quantile,0.85,5969.454804619567
2025-02-08,wk inc flu hosp,3,2025-03-01,42,quantile,0.9,6528.92136806748
2025-02-08,wk inc flu hosp,3,2025-03-01,42,quantile,0.95,7336.299819996834
2025-02-08,wk inc flu hosp,3,2025-03-01,42,quantile,0.975,8158.0293605157185
2025-02-08,wk inc flu hosp,3,2025-03-01,42,quantile,0.99,9115.615617470665
2025-02-08,wk inc flu hosp,0,2025-02-08,44,quantile,0.01,18.220867823986453
2025-02-08,wk inc flu hosp,0,2025-02-08,44,quantile,0.025,61.979572857975306
2025-02-08,wk inc flu hosp,0,2025-02-08,44,quantile,0.05,85.07990730777873
2025-02-08,wk inc flu hosp,0,2025-02-08,44,quantile,0.1,86.34281290844777
2025-02-08,wk inc flu hosp,0,2025-02-08,44,quantile,0.15,92.90916524973791
2025-02-08,wk inc flu hosp,0,2025-02-08,44,quantile,0.2,100.02843612812748
2025-02-08,wk inc flu hosp,0,2025-02-08,44,quantile,0.25,113.76288252469668
2025-02-08,wk inc flu hosp,0,2025-02-08,44,quantile,0.3,118.6106868247364
2025-02-08,wk inc flu hosp,0,2025-02-08,44,quantile,0.35,124.82219472235427
2025-02-08,wk inc flu hosp,0,2025-02-08,44,quantile,0.4,131.73854803321564
2025-02-08,wk inc flu hosp,0,2025-02-08,44,quantile,0.45,136.36095900383114
2025-02-08,wk inc flu hosp,0,2025-02-08,44,quantile,0.5,138.5155447096937
2025-02-08,wk inc flu hosp,0,2025-02-08,44,quantile,0.55,145.54013271867018
2025-02-08,wk inc flu hosp,0,2025-02-08,44,quantile,0.6,148.08657803324516
2025-02-08,wk inc flu hosp,0,2025-02-08,44,quantile,0.65,154.45758459280694
2025-02-08,wk inc flu hosp,0,2025-02-08,44,quantile,0.7,161.10871924762716
2025-02-08,wk inc flu hosp,0,2025-02-08,44,quantile,0.75,165.87617265652602
2025-02-08,wk inc flu hosp,0,2025-02-08,44,quantile,0.8,177.51669138214245
2025-02-08,wk inc flu hosp,0,2025-02-08,44,quantile,0.85,190.86023277571485
2025-02-08,wk inc flu hosp,0,2025-02-08,44,quantile,0.9,196.861596636771
2025-02-08,wk inc flu hosp,0,2025-02-08,44,quantile,0.95,217.4195013358141
2025-02-08,wk inc flu hosp,0,2025-02-08,44,quantile,0.975,227.9863819559395
2025-02-08,wk inc flu hosp,0,2025-02-08,44,quantile,0.99,234.3052981116297
2025-02-08,wk inc flu hosp,1,2025-02-15,44,quantile,0.01,10.891100507261433
2025-02-08,wk inc flu hosp,1,2025-02-15,44,quantile,0.025,23.88554908302931
2025-02-08,wk inc flu hosp,1,2025-02-15,44,quantile,0.05,43.03125421342295
2025-02-08,wk inc flu hosp,1,2025-02-15,44,quantile,0.1,58.91404880070555
2025-02-08,wk inc flu hosp,1,2025-02-15,44,quantile,0.15,70.13842922671486
2025-02-08,wk inc flu hosp,1,2025-02-15,44,quantile,0.2,78.95718007173632
2025-02-08,wk inc flu hosp,1,2025-02-15,44,quantile,0.25,87.05356984417138
2025-02-08,wk inc flu hosp,1,2025-02-15,44,quantile,0.3,97.16988665394021
2025-02-08,wk inc flu hosp,1,2025-02-15,44,quantile,0.35,103.0121325369597
2025-02-08,wk inc flu hosp,1,2025-02-15,44,quantile,0.4,110.63572880061598
2025-02-08,wk inc flu hosp,1,2025-02-15,44,quantile,0.45,120.55810725379521
2025-02-08,wk inc flu hosp,1,2025-02-15,44,quantile,0.5,127.19476099670456
2025-02-08,wk inc flu hosp,1,2025-02-15,44,quantile,0.55,135.0729657960399
2025-02-08,wk inc flu hosp,1,2025-02-15,44,quantile,0.6,141.75774896124312
2025-02-08,wk inc flu hosp,1,2025-02-15,44,quantile,0.65,147.66275538076923
2025-02-08,wk inc flu hosp,1,2025-02-15,44,quantile,0.7,154.84079190229286
2025-02-08,wk inc flu hosp,1,2025-02-15,44,quantile,0.75,162.62496565103848
2025-02-08,wk inc flu hosp,1,2025-02-15,44,quantile,0.8,172.36411514430043
2025-02-08,wk inc flu hosp,1,2025-02-15,44,quantile,0.85,179.6209824898756
2025-02-08,wk inc flu hosp,1,2025-02-15,44,quantile,0.9,200.14880840242958
2025-02-08,wk inc flu hosp,1,2025-02-15,44,quantile,0.95,216.3903559474908
2025-02-08,wk inc flu hosp,1,2025-02-15,44,quantile,0.975,234.36188490097783
2025-02-08,wk inc flu hosp,1,2025-02-15,44,quantile,0.99,241.82361799708627
2025-02-08,wk inc flu hosp,2,2025-02-22,44,quantile,0.01,2.776299609506542
2025-02-08,wk inc flu hosp,2,2025-02-22,44,quantile,0.025,10.228664906988168
2025-02-08,wk inc flu hosp,2,2025-02-22,44,quantile,0.05,21.173556598739204
2025-02-08,wk inc flu hosp,2,2025-02-22,44,quantile,0.1,34.69221456587511
2025-02-08,wk inc flu hosp,2,2025-02-22,44,quantile,0.15,46.79635213154205
2025-02-08,wk inc flu hosp,2,2025-02-22,44,quantile,0.2,54.43104080076849
2025-02-08,wk inc flu hosp,2,2025-02-22,44,quantile,0.25,62.016353500881735
2025-02-08,wk inc flu hosp,2,2025-02-22,44,quantile,0.3,72.45932077365418
2025-02-08,wk inc flu hosp,2,2025-02-22,44,quantile,0.35,81.60992000599398
2025-02-08,wk inc flu hosp,2,2025-02-22,44,quantile,0.4,87.56198065827957
2025-02-08,wk inc flu hosp,2,2025-02-22,44,quantile,0.45,95.92440893097567
2025-02-08,wk inc flu hosp,2,2025-02-22,44,quantile,0.5,106.49968876136408
2025-02-08,wk inc flu hosp,2,2025-02-22,44,quantile,0.55,113.90962371609137
2025-02-08,wk inc flu hosp,2,2025-02-22,44,quantile,0.6,123.82867782689614
2025-02-08,wk inc flu hosp,2,2025-02-22,44,quantile,0.65,133.86533814525504
2025-02-08,wk inc flu hosp,2,2025-02-22,44,quantile,0.7,141.55852619229583
2025-02-08,wk inc flu hosp,2,2025-02-22,44,quantile,0.75,151.45929796711857
2025-02-08,wk inc flu hosp,2,2025-02-22,44,quantile,0.8,160.2961309798557
2025-02-08,wk inc flu hosp,2,2025-02-22,44,quantile,0.85,173.9931628613653
2025-02-08,wk inc flu hosp,2,2025-02-22,44,quantile,0.9,190.08682020208852
2025-02-08,wk inc flu hosp,2,2025-02-22,44,quantile,0.95,214.57954359364732
2025-02-08,wk inc flu hosp,2,2025-02-22,44,quantile,0.975,227.74313470662335
2025-02-08,wk inc flu hosp,2,2025-02-22,44,quantile,0.99,243.71386996975133
2025-02-08,wk inc flu hosp,3,2025-03-01,44,quantile,0.01,0.0
2025-02-08,wk inc flu hosp,3,2025-03-01,44,quantile,0.025,3.9590156240676166
2025-02-08,wk inc flu hosp,3,2025-03-01,44,quantile,0.05,9.472090449621305
2025-02-08,wk inc flu hosp,3,2025-03-01,44,quantile,0.1,20.07244192056418
2025-02-08,wk inc flu hosp,3,2025-03-01,44,quantile,0.15,28.918851854221348
2025-02-08,wk inc flu hosp,3,2025-03-01,44,quantile,0.2,36.09832856466944
2025-02-08,wk inc flu hosp,3,2025-03-01,44,quantile,0.25,42.397865354492176
2025-02-08,wk inc flu hosp,3,2025-03-01,44,quantile,0.3,50.375828694867884
2025-02-08,wk inc flu hosp,3,2025-03-01,44,quantile,0.35,58.28340878594998
2025-02-08,wk inc flu hosp,3,2025-03-01,44,quantile,0.4,66.20369120340187
2025-02-08,wk inc flu hosp,3,2025-03-01,44,quantile,0.45,73.05861448250243
2025-02-08,wk inc flu hosp,3,2025-03-01,44,quantile,0.5,80.93975022421725
2025-02-08,wk inc flu hosp,3,2025-03-01,44,quantile,0.55,87.59833956052809
2025-02-08,wk inc flu hosp,3,2025-03-01,44,quantile,0.6,98.61402142424987
2025-02-08,wk inc flu hosp,3,2025-03-01,44,quantile,0.65,110.15361505187376
2025-02-08,wk inc flu hosp,3,2025-03-01,44,quantile,0.7,119.5054273922022
2025-02-08,wk inc flu hosp,3,2025-03-01,44,quantile,0.75,132.8488421602844
2025-02-08,wk inc flu hosp,3,2025-03-01,44,quantile,0.8,143.0041098479585
2025-02-08,wk inc flu hosp,3,2025-03-01,44,quantile,0.85,154.6603698201951
2025-02-08,wk inc flu hosp,3,2025-03-01,44,quantile,0.9,172.95444438417957
2025-02-08,wk inc flu hosp,3,2025-03-01,44,quantile,0.95,197.99496825568625
2025-02-08,wk inc flu hosp,3,2025-03-01,44,quantile,0.975,210.74891872601629
2025-02-08,wk inc flu hosp,3,2025-03-01,44,quantile,0.99,222.94635848786837
2025-02-08,wk inc flu hosp,0,2025-02-08,45,quantile,0.01,188.25940073328178
2025-02-08,wk inc flu hosp,0,2025-02-08,45,quantile,0.025,211.91995771329215
2025-02-08,wk inc flu hosp,0,2025-02-08,45,quantile,0.05,267.5477940469152
2025-02-08,wk inc flu hosp,0,2025-02-08,45,quantile,0.1,345.9284157494566
2025-02-08,wk inc flu hosp,0,2025-02-08,45,quantile,0.15,409.1215300812934
2025-02-08,wk inc flu hosp,0,2025-02-08,45,quantile,0.2,434.5806275857465
2025-02-08,wk inc flu hosp,0,2025-02-08,45,quantile,0.25,460.5335180157269
2025-02-08,wk inc flu hosp,0,2025-02-08,45,quantile,0.3,491.68216364945715
2025-02-08,wk inc flu hosp,0,2025-02-08,45,quantile,0.35,516.632108075668
2025-02-08,wk inc flu hosp,0,2025-02-08,45,quantile,0.4,541.9432696422953
2025-02-08,wk inc flu hosp,0,2025-02-08,45,quantile,0.45,553.9159384096205
2025-02-08,wk inc flu hosp,0,2025-02-08,45,quantile,0.5,568.4699048308356
2025-02-08,wk inc flu hosp,0,2025-02-08,45,quantile,0.55,596.0132461153268
2025-02-08,wk inc flu hosp,0,2025-02-08,45,quantile,0.6,601.4827205046427
2025-02-08,wk inc flu hosp,0,2025-02-08,45,quantile,0.65,631.9787561510943
2025-02-08,wk inc flu hosp,0,2025-02-08,45,quantile,0.7,635.6023078296259
2025-02-08,wk inc flu hosp,0,2025-02-08,45,quantile,0.75,643.8046523354433
2025-02-08,wk inc flu hosp,0,2025-02-08,45,quantile,0.8,699.1032461291179
2025-02-08,wk inc flu hosp,0,2025-02-08,45,quantile,0.85,754.4537690069667
2025-02-08,wk inc flu hosp,0,2025-02-08,45,quantile,0.9,869.9513034474899
2025-02-08,wk inc flu hosp,0,2025-02-08,45,quantile,0.95,895.1966670367384
2025-02-08,wk inc flu hosp,0,2025-02-08,45,quantile,0.975,907.2519116996863
2025-02-08,wk inc flu hosp,0,2025-02-08,45,quantile,0.99,931.5793107358268
2025-02-08,wk inc flu hosp,1,2025-02-15,45,quantile,0.01,136.747152530695
2025-02-08,wk inc flu hosp,1,2025-02-15,45,quantile,0.025,169.15628491137414
2025-02-08,wk inc flu hosp,1,2025-02-15,45,quantile,0.05,189.81600892534905
2025-02-08,wk inc flu hosp,1,2025-02-15,45,quantile,0.1,234.23352841194068
2025-02-08,wk inc flu hosp,1,2025-02-15,45,quantile,0.15,290.1129682662388
2025-02-08,wk inc flu hosp,1,2025-02-15,45,quantile,0.2,337.17593685667913
2025-02-08,wk inc flu hosp,1,2025-02-15,45,quantile,0.25,367.46688708730704
2025-02-08,wk inc flu hosp,1,2025-02-15,45,quantile,0.3,388.3162030585279
2025-02-08,wk inc flu hosp,1,2025-02-15,45,quantile,0.35,409.16261813708195
2025-02-08,wk inc flu hosp,1,2025-02-15,45,quantile,0.4,430.196207214913
2025-02-08,wk inc flu hosp,1,2025-02-15,45,quantile,0.45,454.86712315066904
2025-02-08,wk inc flu hosp,1,2025-02-15,45,quantile,0.5,475.1160231544045
2025-02-08,wk inc flu hosp,1,2025-02-15,45,quantile,0.55,491.66730471594343
2025-02-08,wk inc flu hosp,1,2025-02-15,45,quantile,0.6,506.8878191132774
2025-02-08,wk inc flu hosp,1,2025-02-15,45,quantile,0.65,527.8122110497287
2025-02-08,wk inc flu hosp,1,2025-02-15,45,quantile,0.7,548.3781898808834
2025-02-08,wk inc flu hosp,1,2025-02-15,45,quantile,0.75,576.4850420468774
2025-02-08,wk inc flu hosp,1,2025-02-15,45,quantile,0.8,600.2146269500821
2025-02-08,wk inc flu hosp,1,2025-02-15,45,quantile,0.85,632.4199416666169
2025-02-08,wk inc flu hosp,1,2025-02-15,45,quantile,0.9,706.3052269609404
2025-02-08,wk inc flu hosp,1,2025-02-15,45,quantile,0.95,786.3175122286985
2025-02-08,wk inc flu hosp,1,2025-02-15,45,quantile,0.975,831.105868879872
2025-02-08,wk inc flu hosp,1,2025-02-15,45,quantile,0.99,862.029264370585
2025-02-08,wk inc flu hosp,2,2025-02-22,45,quantile,0.01,94.27192884589958
2025-02-08,wk inc flu hosp,2,2025-02-22,45,quantile,0.025,114.83630051328434
2025-02-08,wk inc flu hosp,2,2025-02-22,45,quantile,0.05,155.05606454890258
2025-02-08,wk inc flu hosp,2,2025-02-22,45,quantile,0.1,193.66824461683063
2025-02-08,wk inc flu hosp,2,2025-02-22,45,quantile,0.15,233.51068848820148
2025-02-08,wk inc flu hosp,2,2025-02-22,45,quantile,0.2,270.10536095847704
2025-02-08,wk inc flu hosp,2,2025-02-22,45,quantile,0.25,298.31178599123143
2025-02-08,wk inc flu hosp,2,2025-02-22,45,quantile,0.3,334.92808703910526
2025-02-08,wk inc flu hosp,2,2025-02-22,45,quantile,0.35,353.6004531140362
2025-02-08,wk inc flu hosp,2,2025-02-22,45,quantile,0.4,376.98443757423513
2025-02-08,wk inc flu hosp,2,2025-02-22,45,quantile,0.45,406.86070733767787
2025-02-08,wk inc flu hosp,2,2025-02-22,45,quantile,0.5,427.4523060451812
2025-02-08,wk inc flu hosp,2,2025-02-22,45,quantile,0.55,450.7451489185461
2025-02-08,wk inc flu hosp,2,2025-02-22,45,quantile,0.6,472.37986689653934
2025-02-08,wk inc flu hosp,2,2025-02-22,45,quantile,0.65,485.47183024925334
2025-02-08,wk inc flu hosp,2,2025-02-22,45,quantile,0.7,510.9930605038121
2025-02-08,wk inc flu hosp,2,2025-02-22,45,quantile,0.75,538.8903474687285
2025-02-08,wk inc flu hosp,2,2025-02-22,45,quantile,0.8,563.6282566851489
2025-02-08,wk inc flu hosp,2,2025-02-22,45,quantile,0.85,586.050328508746
2025-02-08,wk inc flu hosp,2,2025-02-22,45,quantile,0.9,630.4598985761046
2025-02-08,wk inc flu hosp,2,2025-02-22,45,quantile,0.95,708.5339307928933
2025-02-08,wk inc flu hosp,2,2025-02-22,45,quantile,0.975,762.51015077204
2025-02-08,wk inc flu hosp,2,2025-02-22,45,quantile,0.99,806.5777775261424
2025-02-08,wk inc flu hosp,3,2025-03-01,45,quantile,0.01,61.52516840882638
2025-02-08,wk inc flu hosp,3,2025-03-01,45,quantile,0.025,84.89404141201345
2025-02-08,wk inc flu hosp,3,2025-03-01,45,quantile,0.05,118.95986619140997
2025-02-08,wk inc flu hosp,3,2025-03-01,45,quantile,0.1,155.22235943823355
2025-02-08,wk inc flu hosp,3,2025-03-01,45,quantile,0.15,190.67742264044583
2025-02-08,wk inc flu hosp,3,2025-03-01,45,quantile,0.2,219.56251138134928
2025-02-08,wk inc flu hosp,3,2025-03-01,45,quantile,0.25,247.6436323000832
2025-02-08,wk inc flu hosp,3,2025-03-01,45,quantile,0.3,281.77819722075645
2025-02-08,wk inc flu hosp,3,2025-03-01,45,quantile,0.35,308.97143058614114
2025-02-08,wk inc flu hosp,3,2025-03-01,45,quantile,0.4,335.85487397767616
2025-02-08,wk inc flu hosp,3,2025-03-01,45,quantile,0.45,353.3397550571035
2025-02-08,wk inc flu hosp,3,2025-03-01,45,quantile,0.5,370.2675761648278
2025-02-08,wk inc flu hosp,3,2025-03-01,45,quantile,0.55,390.31989383035506
2025-02-08,wk inc flu hosp,3,2025-03-01,45,quantile,0.6,408.32095306288204
2025-02-08,wk inc flu hosp,3,2025-03-01,45,quantile,0.65,434.684155255976
2025-02-08,wk inc flu hosp,3,2025-03-01,45,quantile,0.7,460.24928128169256
2025-02-08,wk inc flu hosp,3,2025-03-01,45,quantile,0.75,486.3602904445084
2025-02-08,wk inc flu hosp,3,2025-03-01,45,quantile,0.8,516.3068392728194
2025-02-08,wk inc flu hosp,3,2025-03-01,45,quantile,0.85,545.8092468760105
2025-02-08,wk inc flu hosp,3,2025-03-01,45,quantile,0.9,585.0931903268003
2025-02-08,wk inc flu hosp,3,2025-03-01,45,quantile,0.95,660.9760567846712
2025-02-08,wk inc flu hosp,3,2025-03-01,45,quantile,0.975,714.3264367218723
2025-02-08,wk inc flu hosp,3,2025-03-01,45,quantile,0.99,763.0123838230982
2025-02-08,wk inc flu hosp,0,2025-02-08,46,quantile,0.01,45.90390889331477
2025-02-08,wk inc flu hosp,0,2025-02-08,46,quantile,0.025,50.80844537676564
2025-02-08,wk inc flu hosp,0,2025-02-08,46,quantile,0.05,65.9222824702037
2025-02-08,wk inc flu hosp,0,2025-02-08,46,quantile,0.1,75.71377201785945
2025-02-08,wk inc flu hosp,0,2025-02-08,46,quantile,0.15,82.96821393400967
2025-02-08,wk inc flu hosp,0,2025-02-08,46,quantile,0.2,90.98172656464662
2025-02-08,wk inc flu hosp,0,2025-02-08,46,quantile,0.25,98.11854187080526
2025-02-08,wk inc flu hosp,0,2025-02-08,46,quantile,0.3,101.85116027620043
2025-02-08,wk inc flu hosp,0,2025-02-08,46,quantile,0.35,104.33300435197219
2025-02-08,wk inc flu hosp,0,2025-02-08,46,quantile,0.4,105.78450674367599
2025-02-08,wk inc flu hosp,0,2025-02-08,46,quantile,0.45,107.0842358667979
2025-02-08,wk inc flu hosp,0,2025-02-08,46,quantile,0.5,111.66937421666812
2025-02-08,wk inc flu hosp,0,2025-02-08,46,quantile,0.55,116.36212232366101
2025-02-08,wk inc flu hosp,0,2025-02-08,46,quantile,0.6,122.49783706276966
2025-02-08,wk inc flu hosp,0,2025-02-08,46,quantile,0.65,128.35693712366188
2025-02-08,wk inc flu hosp,0,2025-02-08,46,quantile,0.7,128.9530437898725
2025-02-08,wk inc flu hosp,0,2025-02-08,46,quantile,0.75,131.47403983578596
2025-02-08,wk inc flu hosp,0,2025-02-08,46,quantile,0.8,139.29102553925242
2025-02-08,wk inc flu hosp,0,2025-02-08,46,quantile,0.85,140.46716806885667
2025-02-08,wk inc flu hosp,0,2025-02-08,46,quantile,0.9,144.80800693951772
2025-02-08,wk inc flu hosp,0,2025-02-08,46,quantile,0.95,164.92341473756957
2025-02-08,wk inc flu hosp,0,2025-02-08,46,quantile,0.975,175.63514931814606
2025-02-08,wk inc flu hosp,0,2025-02-08,46,quantile,0.99,189.56110839657558
2025-02-08,wk inc flu hosp,1,2025-02-15,46,quantile,0.01,40.425145582571005
2025-02-08,wk inc flu hosp,1,2025-02-15,46,quantile,0.025,47.304086690482876
2025-02-08,wk inc flu hosp,1,2025-02-15,46,quantile,0.05,53.31612117673154
2025-02-08,wk inc flu hosp,1,2025-02-15,46,quantile,0.1,64.77503754365782
2025-02-08,wk inc flu hosp,1,2025-02-15,46,quantile,0.15,71.7979404637815
2025-02-08,wk inc flu hosp,1,2025-02-15,46,quantile,0.2,79.06345272246195
2025-02-08,wk inc flu hosp,1,2025-02-15,46,quantile,0.25,84.38838442330203
2025-02-08,wk inc flu hosp,1,2025-02-15,46,quantile,0.3,88.88664360648733
2025-02-08,wk inc flu hosp,1,2025-02-15,46,quantile,0.35,93.01753904619274
2025-02-08,wk inc flu hosp,1,2025-02-15,46,quantile,0.4,96.95202735322908
2025-02-08,wk inc flu hosp,1,2025-02-15,46,quantile,0.45,101.82826682236661
2025-02-08,wk inc flu hosp,1,2025-02-15,46,quantile,0.5,105.91102481151626
2025-02-08,wk inc flu hosp,1,2025-02-15,46,quantile,0.55,110.5306312941452
2025-02-08,wk inc flu hosp,1,2025-02-15,46,quantile,0.6,114.19727566719665
2025-02-08,wk inc flu hosp,1,2025-02-15,46,quantile,0.65,118.58990444517735
2025-02-08,wk inc flu hosp,1,2025-02-15,46,quantile,0.7,123.46258954948627
2025-02-08,wk inc flu hosp,1,2025-02-15,46,quantile,0.75,129.32542419263882
2025-02-08,wk inc flu hosp,1,2025-02-15,46,quantile,0.8,136.01024507263196
2025-02-08,wk inc flu hosp,1,2025-02-15,46,quantile,0.85,143.16185561535428
2025-02-08,wk inc flu hosp,1,2025-02-15,46,quantile,0.9,151.46617842158184
2025-02-08,wk inc flu hosp,1,2025-02-15,46,quantile,0.95,169.43910002835725
2025-02-08,wk inc flu hosp,1,2025-02-15,46,quantile,0.975,179.672220564511
2025-02-08,wk inc flu hosp,1,2025-02-15,46,quantile,0.99,193.22872905424688
2025-02-08,wk inc flu hosp,2,2025-02-22,46,quantile,0.01,28.787934387935717
2025-02-08,wk inc flu hosp,2,2025-02-22,46,quantile,0.025,35.61798096004238
2025-02-08,wk inc flu hosp,2,2025-02-22,46,quantile,0.05,42.153491917727315
2025-02-08,wk inc flu hosp,2,2025-02-22,46,quantile,0.1,53.30422569005227
2025-02-08,wk inc flu hosp,2,2025-02-22,46,quantile,0.15,61.93155417761013
2025-02-08,wk inc flu hosp,2,2025-02-22,46,quantile,0.2,69.96641371458956
2025-02-08,wk inc flu hosp,2,2025-02-22,46,quantile,0.25,74.66168296925494
2025-02-08,wk inc flu hosp,2,2025-02-22,46,quantile,0.3,78.95820631348248
2025-02-08,wk inc flu hosp,2,2025-02-22,46,quantile,0.35,83.14625337574971
2025-02-08,wk inc flu hosp,2,2025-02-22,46,quantile,0.4,88.23007838937211
2025-02-08,wk inc flu hosp,2,2025-02-22,46,quantile,0.45,93.66793907868853
2025-02-08,wk inc flu hosp,2,2025-02-22,46,quantile,0.5,97.65474422380092
2025-02-08,wk inc flu hosp,2,2025-02-22,46,quantile,0.55,102.18470166286502
2025-02-08,wk inc flu hosp,2,2025-02-22,46,quantile,0.6,105.47868098104216
2025-02-08,wk inc flu hosp,2,2025-02-22,46,quantile,0.65,110.89725487927433
2025-02-08,wk inc flu hosp,2,2025-02-22,46,quantile,0.7,116.36827403690158
2025-02-08,wk inc flu hosp,2,2025-02-22,46,quantile,0.75,121.6893585978442
2025-02-08,wk inc flu hosp,2,2025-02-22,46,quantile,0.8,129.65524777339303
2025-02-08,wk inc flu hosp,2,2025-02-22,46,quantile,0.85,135.84473687010788
2025-02-08,wk inc flu hosp,2,2025-02-22,46,quantile,0.9,143.5080311207747
2025-02-08,wk inc flu hosp,2,2025-02-22,46,quantile,0.95,157.94983479154263
2025-02-08,wk inc flu hosp,2,2025-02-22,46,quantile,0.975,173.87971875924688
2025-02-08,wk inc flu hosp,2,2025-02-22,46,quantile,0.99,185.19006835071508
2025-02-08,wk inc flu hosp,3,2025-03-01,46,quantile,0.01,19.59367922151216
2025-02-08,wk inc flu hosp,3,2025-03-01,46,quantile,0.025,26.519790183689093
2025-02-08,wk inc flu hosp,3,2025-03-01,46,quantile,0.05,32.50310244487993
2025-02-08,wk inc flu hosp,3,2025-03-01,46,quantile,0.1,43.74309939636321
2025-02-08,wk inc flu hosp,3,2025-03-01,46,quantile,0.15,49.74794164985933
2025-02-08,wk inc flu hosp,3,2025-03-01,46,quantile,0.2,55.86963837600114
2025-02-08,wk inc flu hosp,3,2025-03-01,46,quantile,0.25,60.84620394269234
2025-02-08,wk inc flu hosp,3,2025-03-01,46,quantile,0.3,65.03576769207092
2025-02-08,wk inc flu hosp,3,2025-03-01,46,quantile,0.35,69.09984764786614
2025-02-08,wk inc flu hosp,3,2025-03-01,46,quantile,0.4,73.04711130947906
2025-02-08,wk inc flu hosp,3,2025-03-01,46,quantile,0.45,76.283296150478
2025-02-08,wk inc flu hosp,3,2025-03-01,46,quantile,0.5,81.22325370506297
2025-02-08,wk inc flu hosp,3,2025-03-01,46,quantile,0.55,85.33149306042006
2025-02-08,wk inc flu hosp,3,2025-03-01,46,quantile,0.6,88.77039950483551
2025-02-08,wk inc flu hosp,3,2025-03-01,46,quantile,0.65,93.10430310259599
2025-02-08,wk inc flu hosp,3,2025-03-01,46,quantile,0.7,98.17453077932977
2025-02-08,wk inc flu hosp,3,2025-03-01,46,quantile,0.75,102.74136086399909
2025-02-08,wk inc flu hosp,3,2025-03-01,46,quantile,0.8,107.04328202136027
2025-02-08,wk inc flu hosp,3,2025-03-01,46,quantile,0.85,112.30438361795974
2025-02-08,wk inc flu hosp,3,2025-03-01,46,quantile,0.9,120.800252060445
2025-02-08,wk inc flu hosp,3,2025-03-01,46,quantile,0.95,134.3676208941131
2025-02-08,wk inc flu hosp,3,2025-03-01,46,quantile,0.975,143.89087540797877
2025-02-08,wk inc flu hosp,3,2025-03-01,46,quantile,0.99,151.94412992894794
2025-02-08,wk inc flu hosp,0,2025-02-08,47,quantile,0.01,0.0
2025-02-08,wk inc flu hosp,0,2025-02-08,47,quantile,0.025,216.241889818453
2025-02-08,wk inc flu hosp,0,2025-02-08,47,quantile,0.05,356.3855936496497
2025-02-08,wk inc flu hosp,0,2025-02-08,47,quantile,0.1,455.59416982201355
2025-02-08,wk inc flu hosp,0,2025-02-08,47,quantile,0.15,560.2005687282356
2025-02-08,wk inc flu hosp,0,2025-02-08,47,quantile,0.2,609.0307744568373
2025-02-08,wk inc flu hosp,0,2025-02-08,47,quantile,0.25,616.8982822628857
2025-02-08,wk inc flu hosp,0,2025-02-08,47,quantile,0.3,629.3264414808206
2025-02-08,wk inc flu hosp,0,2025-02-08,47,quantile,0.35,673.5051052986711
2025-02-08,wk inc flu hosp,0,2025-02-08,47,quantile,0.4,750.0703788980429
2025-02-08,wk inc flu hosp,0,2025-02-08,47,quantile,0.45,763.4022319670543
2025-02-08,wk inc flu hosp,0,2025-02-08,47,quantile,0.5,775.500984169595
2025-02-08,wk inc flu hosp,0,2025-02-08,47,quantile,0.55,781.930500037999
2025-02-08,wk inc flu hosp,0,2025-02-08,47,quantile,0.6,864.3248748576463
2025-02-08,wk inc flu hosp,0,2025-02-08,47,quantile,0.65,888.1103003979316
2025-02-08,wk inc flu hosp,0,2025-02-08,47,quantile,0.7,899.3672654866461
2025-02-08,wk inc flu hosp,0,2025-02-08,47,quantile,0.75,969.3125196348153
2025-02-08,wk inc flu hosp,0,2025-02-08,47,quantile,0.8,1007.4584349358578
2025-02-08,wk inc flu hosp,0,2025-02-08,47,quantile,0.85,1062.8634751177005
2025-02-08,wk inc flu hosp,0,2025-02-08,47,quantile,0.9,1156.7399277804282
2025-02-08,wk inc flu hosp,0,2025-02-08,47,quantile,0.95,1292.1416051718961
2025-02-08,wk inc flu hosp,0,2025-02-08,47,quantile,0.975,1336.1412727818893
2025-02-08,wk inc flu hosp,0,2025-02-08,47,quantile,0.99,1619.0279021399924
2025-02-08,wk inc flu hosp,1,2025-02-15,47,quantile,0.01,0.0
2025-02-08,wk inc flu hosp,1,2025-02-15,47,quantile,0.025,94.19743826659774
2025-02-08,wk inc flu hosp,1,2025-02-15,47,quantile,0.05,212.3472144592507
2025-02-08,wk inc flu hosp,1,2025-02-15,47,quantile,0.1,312.0835804678847
2025-02-08,wk inc flu hosp,1,2025-02-15,47,quantile,0.15,375.5433787359208
2025-02-08,wk inc flu hosp,1,2025-02-15,47,quantile,0.2,449.92391776048504
2025-02-08,wk inc flu hosp,1,2025-02-15,47,quantile,0.25,502.2089459340517
2025-02-08,wk inc flu hosp,1,2025-02-15,47,quantile,0.3,542.5045977725375
2025-02-08,wk inc flu hosp,1,2025-02-15,47,quantile,0.35,587.607721404455
2025-02-08,wk inc flu hosp,1,2025-02-15,47,quantile,0.4,623.2978003460078
2025-02-08,wk inc flu hosp,1,2025-02-15,47,quantile,0.45,660.5599949147687
2025-02-08,wk inc flu hosp,1,2025-02-15,47,quantile,0.5,690.7871091908212
2025-02-08,wk inc flu hosp,1,2025-02-15,47,quantile,0.55,722.6216019350265
2025-02-08,wk inc flu hosp,1,2025-02-15,47,quantile,0.6,763.3119432068884
2025-02-08,wk inc flu hosp,1,2025-02-15,47,quantile,0.65,804.8921295423518
2025-02-08,wk inc flu hosp,1,2025-02-15,47,quantile,0.7,842.520176831014
2025-02-08,wk inc flu hosp,1,2025-02-15,47,quantile,0.75,894.413093940291
2025-02-08,wk inc flu hosp,1,2025-02-15,47,quantile,0.8,948.6268672806298
2025-02-08,wk inc flu hosp,1,2025-02-15,47,quantile,0.85,1035.8261532105275
2025-02-08,wk inc flu hosp,1,2025-02-15,47,quantile,0.9,1128.2718702709803
2025-02-08,wk inc flu hosp,1,2025-02-15,47,quantile,0.95,1257.1485822597328
2025-02-08,wk inc flu hosp,1,2025-02-15,47,quantile,0.975,1388.052043862196
2025-02-08,wk inc flu hosp,1,2025-02-15,47,quantile,0.99,1582.046359076281
2025-02-08,wk inc flu hosp,2,2025-02-22,47,quantile,0.01,0.0
2025-02-08,wk inc flu hosp,2,2025-02-22,47,quantile,0.025,50.569683925670375
2025-02-08,wk inc flu hosp,2,2025-02-22,47,quantile,0.05,108.12976137084529
2025-02-08,wk inc flu hosp,2,2025-02-22,47,quantile,0.1,195.3638268698568
2025-02-08,wk inc flu hosp,2,2025-02-22,47,quantile,0.15,263.5399671780102
2025-02-08,wk inc flu hosp,2,2025-02-22,47,quantile,0.2,331.19726601389607
2025-02-08,wk inc flu hosp,2,2025-02-22,47,quantile,0.25,386.0566823964591
2025-02-08,wk inc flu hosp,2,2025-02-22,47,quantile,0.3,430.9245036871232
2025-02-08,wk inc flu hosp,2,2025-02-22,47,quantile,0.35,481.0828723259258
2025-02-08,wk inc flu hosp,2,2025-02-22,47,quantile,0.4,515.3935325290963
2025-02-08,wk inc flu hosp,2,2025-02-22,47,quantile,0.45,558.3245831338028
2025-02-08,wk inc flu hosp,2,2025-02-22,47,quantile,0.5,592.7089192416823
2025-02-08,wk inc flu hosp,2,2025-02-22,47,quantile,0.55,631.6904805750305
2025-02-08,wk inc flu hosp,2,2025-02-22,47,quantile,0.6,675.7677331995578
2025-02-08,wk inc flu hosp,2,2025-02-22,47,quantile,0.65,712.6400688577576
2025-02-08,wk inc flu hosp,2,2025-02-22,47,quantile,0.7,779.5276293568502
2025-02-08,wk inc flu hosp,2,2025-02-22,47,quantile,0.75,829.0810192029714
2025-02-08,wk inc flu hosp,2,2025-02-22,47,quantile,0.8,874.6493564398788
2025-02-08,wk inc flu hosp,2,2025-02-22,47,quantile,0.85,944.9564098220332
2025-02-08,wk inc flu hosp,2,2025-02-22,47,quantile,0.9,1046.82682325906
2025-02-08,wk inc flu hosp,2,2025-02-22,47,quantile,0.95,1226.92924170779
2025-02-08,wk inc flu hosp,2,2025-02-22,47,quantile,0.975,1334.5706172930336
2025-02-08,wk inc flu hosp,2,2025-02-22,47,quantile,0.99,1453.2954608017549
2025-02-08,wk inc flu hosp,3,2025-03-01,47,quantile,0.01,0.0
2025-02-08,wk inc flu hosp,3,2025-03-01,47,quantile,0.025,24.05789111491508
2025-02-08,wk inc flu hosp,3,2025-03-01,47,quantile,0.05,63.298767916713345
2025-02-08,wk inc flu hosp,3,2025-03-01,47,quantile,0.1,103.99043086006292
2025-02-08,wk inc flu hosp,3,2025-03-01,47,quantile,0.15,147.30273428034954
2025-02-08,wk inc flu hosp,3,2025-03-01,47,quantile,0.2,188.49767177243368
2025-02-08,wk inc flu hosp,3,2025-03-01,47,quantile,0.25,245.1600803175382
2025-02-08,wk inc flu hosp,3,2025-03-01,47,quantile,0.3,296.91969677833646
2025-02-08,wk inc flu hosp,3,2025-03-01,47,quantile,0.35,340.8639525439505
2025-02-08,wk inc flu hosp,3,2025-03-01,47,quantile,0.4,380.38885992450975
2025-02-08,wk inc flu hosp,3,2025-03-01,47,quantile,0.45,429.20278696431876
2025-02-08,wk inc flu hosp,3,2025-03-01,47,quantile,0.5,469.77243769572635
2025-02-08,wk inc flu hosp,3,2025-03-01,47,quantile,0.55,519.0111864687734
2025-02-08,wk inc flu hosp,3,2025-03-01,47,quantile,0.6,566.3626771342441
2025-02-08,wk inc flu hosp,3,2025-03-01,47,quantile,0.65,604.5478493869784
2025-02-08,wk inc flu hosp,3,2025-03-01,47,quantile,0.7,655.8531106432063
2025-02-08,wk inc flu hosp,3,2025-03-01,47,quantile,0.75,706.4715535590669
2025-02-08,wk inc flu hosp,3,2025-03-01,47,quantile,0.8,762.2200856608481
2025-02-08,wk inc flu hosp,3,2025-03-01,47,quantile,0.85,839.5870932748522
2025-02-08,wk inc flu hosp,3,2025-03-01,47,quantile,0.9,926.5695112508271
2025-02-08,wk inc flu hosp,3,2025-03-01,47,quantile,0.95,1099.3501017346603
2025-02-08,wk inc flu hosp,3,2025-03-01,47,quantile,0.975,1251.171625045553
2025-02-08,wk inc flu hosp,3,2025-03-01,47,quantile,0.99,1357.9038763610142
2025-02-08,wk inc flu hosp,0,2025-02-08,48,quantile,0.01,2089.6887451854523
2025-02-08,wk inc flu hosp,0,2025-02-08,48,quantile,0.025,2746.896148809172
2025-02-08,wk inc flu hosp,0,2025-02-08,48,quantile,0.05,2905.295779385255
2025-02-08,wk inc flu hosp,0,2025-02-08,48,quantile,0.1,3344.4324564136605
2025-02-08,wk inc flu hosp,0,2025-02-08,48,quantile,0.15,3470.959473685829
2025-02-08,wk inc flu hosp,0,2025-02-08,48,quantile,0.2,3663.270821325383
2025-02-08,wk inc flu hosp,0,2025-02-08,48,quantile,0.25,4038.5627707318145
2025-02-08,wk inc flu hosp,0,2025-02-08,48,quantile,0.3,4125.936767599233
2025-02-08,wk inc flu hosp,0,2025-02-08,48,quantile,0.35,4308.269288027147
2025-02-08,wk inc flu hosp,0,2025-02-08,48,quantile,0.4,4407.068913761688
2025-02-08,wk inc flu hosp,0,2025-02-08,48,quantile,0.45,4481.989034284693
2025-02-08,wk inc flu hosp,0,2025-02-08,48,quantile,0.5,4599.476274937597
2025-02-08,wk inc flu hosp,0,2025-02-08,48,quantile,0.55,4699.213278838771
2025-02-08,wk inc flu hosp,0,2025-02-08,48,quantile,0.6,4738.098339649183
2025-02-08,wk inc flu hosp,0,2025-02-08,48,quantile,0.65,5031.965865363983
2025-02-08,wk inc flu hosp,0,2025-02-08,48,quantile,0.7,5195.691292335287
2025-02-08,wk inc flu hosp,0,2025-02-08,48,quantile,0.75,5260.535681271492
2025-02-08,wk inc flu hosp,0,2025-02-08,48,quantile,0.8,5459.884727820038
2025-02-08,wk inc flu hosp,0,2025-02-08,48,quantile,0.85,5573.064092029008
2025-02-08,wk inc flu hosp,0,2025-02-08,48,quantile,0.9,6013.554744817545
2025-02-08,wk inc flu hosp,0,2025-02-08,48,quantile,0.95,6612.251112017287
2025-02-08,wk inc flu hosp,0,2025-02-08,48,quantile,0.975,7050.174668057801
2025-02-08,wk inc flu hosp,0,2025-02-08,48,quantile,0.99,7266.749844953146
2025-02-08,wk inc flu hosp,1,2025-02-15,48,quantile,0.01,1728.7562172305823
2025-02-08,wk inc flu hosp,1,2025-02-15,48,quantile,0.025,2165.4362493924446
2025-02-08,wk inc flu hosp,1,2025-02-15,48,quantile,0.05,2438.4025035226828
2025-02-08,wk inc flu hosp,1,2025-02-15,48,quantile,0.1,2921.6424942232197
2025-02-08,wk inc flu hosp,1,2025-02-15,48,quantile,0.15,3254.359009202813
2025-02-08,wk inc flu hosp,1,2025-02-15,48,quantile,0.2,3521.962215148426
2025-02-08,wk inc flu hosp,1,2025-02-15,48,quantile,0.25,3750.3829260052444
2025-02-08,wk inc flu hosp,1,2025-02-15,48,quantile,0.3,3940.875214630045
2025-02-08,wk inc flu hosp,1,2025-02-15,48,quantile,0.35,4180.993522260098
2025-02-08,wk inc flu hosp,1,2025-02-15,48,quantile,0.4,4376.809912337833
2025-02-08,wk inc flu hosp,1,2025-02-15,48,quantile,0.45,4548.30804172614
2025-02-08,wk inc flu hosp,1,2025-02-15,48,quantile,0.5,4769.098166014168
2025-02-08,wk inc flu hosp,1,2025-02-15,48,quantile,0.55,4945.333188549443
2025-02-08,wk inc flu hosp,1,2025-02-15,48,quantile,0.6,5141.10929019736
2025-02-08,wk inc flu hosp,1,2025-02-15,48,quantile,0.65,5283.7388569302575
2025-02-08,wk inc flu hosp,1,2025-02-15,48,quantile,0.7,5475.597836361605
2025-02-08,wk inc flu hosp,1,2025-02-15,48,quantile,0.75,5689.620207042321
2025-02-08,wk inc flu hosp,1,2025-02-15,48,quantile,0.8,5952.009092829034
2025-02-08,wk inc flu hosp,1,2025-02-15,48,quantile,0.85,6352.899211527531
2025-02-08,wk inc flu hosp,1,2025-02-15,48,quantile,0.9,6729.98656829136
2025-02-08,wk inc flu hosp,1,2025-02-15,48,quantile,0.95,7289.533069365346
2025-02-08,wk inc flu hosp,1,2025-02-15,48,quantile,0.975,8014.210983000606
2025-02-08,wk inc flu hosp,1,2025-02-15,48,quantile,0.99,8448.21186878019
2025-02-08,wk inc flu hosp,2,2025-02-22,48,quantile,0.01,1047.0861284379216
2025-02-08,wk inc flu hosp,2,2025-02-22,48,quantile,0.025,1478.7627263533782
2025-02-08,wk inc flu hosp,2,2025-02-22,48,quantile,0.05,1943.9313535178153
2025-02-08,wk inc flu hosp,2,2025-02-22,48,quantile,0.1,2356.880912779434
2025-02-08,wk inc flu hosp,2,2025-02-22,48,quantile,0.15,2677.7369660496875
2025-02-08,wk inc flu hosp,2,2025-02-22,48,quantile,0.2,3021.8189446428696
2025-02-08,wk inc flu hosp,2,2025-02-22,48,quantile,0.25,3339.44482733162
2025-02-08,wk inc flu hosp,2,2025-02-22,48,quantile,0.3,3563.4207728661095
2025-02-08,wk inc flu hosp,2,2025-02-22,48,quantile,0.35,3840.448000874516
2025-02-08,wk inc flu hosp,2,2025-02-22,48,quantile,0.4,4052.0861641012084
2025-02-08,wk inc flu hosp,2,2025-02-22,48,quantile,0.45,4311.241458744637
2025-02-08,wk inc flu hosp,2,2025-02-22,48,quantile,0.5,4540.035528728522
2025-02-08,wk inc flu hosp,2,2025-02-22,48,quantile,0.55,4793.561980481454
2025-02-08,wk inc flu hosp,2,2025-02-22,48,quantile,0.6,4979.095013997932
2025-02-08,wk inc flu hosp,2,2025-02-22,48,quantile,0.65,5192.385174634528
2025-02-08,wk inc flu hosp,2,2025-02-22,48,quantile,0.7,5418.423690520192
2025-02-08,wk inc flu hosp,2,2025-02-22,48,quantile,0.75,5685.142786536465
2025-02-08,wk inc flu hosp,2,2025-02-22,48,quantile,0.8,5986.911494401973
2025-02-08,wk inc flu hosp,2,2025-02-22,48,quantile,0.85,6325.874575471966
2025-02-08,wk inc flu hosp,2,2025-02-22,48,quantile,0.9,6763.704516277193
2025-02-08,wk inc flu hosp,2,2025-02-22,48,quantile,0.95,7272.006871821321
2025-02-08,wk inc flu hosp,2,2025-02-22,48,quantile,0.975,7915.826422569711
2025-02-08,wk inc flu hosp,2,2025-02-22,48,quantile,0.99,8422.452308457576
2025-02-08,wk inc flu hosp,3,2025-03-01,48,quantile,0.01,745.756647470441
2025-02-08,wk inc flu hosp,3,2025-03-01,48,quantile,0.025,1057.458945001905
2025-02-08,wk inc flu hosp,3,2025-03-01,48,quantile,0.05,1336.0066061797656
2025-02-08,wk inc flu hosp,3,2025-03-01,48,quantile,0.1,1711.6091655317614
2025-02-08,wk inc flu hosp,3,2025-03-01,48,quantile,0.15,2077.170254389195
2025-02-08,wk inc flu hosp,3,2025-03-01,48,quantile,0.2,2413.2581608446717
2025-02-08,wk inc flu hosp,3,2025-03-01,48,quantile,0.25,2739.6685724724493
2025-02-08,wk inc flu hosp,3,2025-03-01,48,quantile,0.3,3037.2725420000584
2025-02-08,wk inc flu hosp,3,2025-03-01,48,quantile,0.35,3258.591464800648
2025-02-08,wk inc flu hosp,3,2025-03-01,48,quantile,0.4,3504.661365722604
2025-02-08,wk inc flu hosp,3,2025-03-01,48,quantile,0.45,3699.233304057045
2025-02-08,wk inc flu hosp,3,2025-03-01,48,quantile,0.5,3978.9121745088005
2025-02-08,wk inc flu hosp,3,2025-03-01,48,quantile,0.55,4246.455480875073
2025-02-08,wk inc flu hosp,3,2025-03-01,48,quantile,0.6,4564.138768190475
2025-02-08,wk inc flu hosp,3,2025-03-01,48,quantile,0.65,4784.687906011822
2025-02-08,wk inc flu hosp,3,2025-03-01,48,quantile,0.7,5054.560229608454
2025-02-08,wk inc flu hosp,3,2025-03-01,48,quantile,0.75,5293.405852586773
2025-02-08,wk inc flu hosp,3,2025-03-01,48,quantile,0.8,5592.571946008216
2025-02-08,wk inc flu hosp,3,2025-03-01,48,quantile,0.85,5981.201404443164
2025-02-08,wk inc flu hosp,3,2025-03-01,48,quantile,0.9,6503.993531290456
2025-02-08,wk inc flu hosp,3,2025-03-01,48,quantile,0.95,7048.513599926787
2025-02-08,wk inc flu hosp,3,2025-03-01,48,quantile,0.975,7613.018739626138
2025-02-08,wk inc flu hosp,3,2025-03-01,48,quantile,0.99,8256.291342283681
2025-02-08,wk inc flu hosp,0,2025-02-08,49,quantile,0.01,12.509329892554675
2025-02-08,wk inc flu hosp,0,2025-02-08,49,quantile,0.025,63.98825317742695
2025-02-08,wk inc flu hosp,0,2025-02-08,49,quantile,0.05,80.96750428298678
2025-02-08,wk inc flu hosp,0,2025-02-08,49,quantile,0.1,115.11697535653694
2025-02-08,wk inc flu hosp,0,2025-02-08,49,quantile,0.15,134.11052504575494
2025-02-08,wk inc flu hosp,0,2025-02-08,49,quantile,0.2,136.88921935606155
2025-02-08,wk inc flu hosp,0,2025-02-08,49,quantile,0.25,139.2977279050943
2025-02-08,wk inc flu hosp,0,2025-02-08,49,quantile,0.3,139.74228442814342
2025-02-08,wk inc flu hosp,0,2025-02-08,49,quantile,0.35,149.209292366816
2025-02-08,wk inc flu hosp,0,2025-02-08,49,quantile,0.4,153.7467285604361
2025-02-08,wk inc flu hosp,0,2025-02-08,49,quantile,0.45,157.42408414554032
2025-02-08,wk inc flu hosp,0,2025-02-08,49,quantile,0.5,160.72097195046518
2025-02-08,wk inc flu hosp,0,2025-02-08,49,quantile,0.55,177.48044806685488
2025-02-08,wk inc flu hosp,0,2025-02-08,49,quantile,0.6,189.00704047158123
2025-02-08,wk inc flu hosp,0,2025-02-08,49,quantile,0.65,191.59050183988964
2025-02-08,wk inc flu hosp,0,2025-02-08,49,quantile,0.7,197.5066035091854
2025-02-08,wk inc flu hosp,0,2025-02-08,49,quantile,0.75,203.15512156765925
2025-02-08,wk inc flu hosp,0,2025-02-08,49,quantile,0.8,214.4924857148418
2025-02-08,wk inc flu hosp,0,2025-02-08,49,quantile,0.85,255.34267721717708
2025-02-08,wk inc flu hosp,0,2025-02-08,49,quantile,0.9,262.14588650997774
2025-02-08,wk inc flu hosp,0,2025-02-08,49,quantile,0.95,275.5308531185662
2025-02-08,wk inc flu hosp,0,2025-02-08,49,quantile,0.975,315.8250107143885
2025-02-08,wk inc flu hosp,0,2025-02-08,49,quantile,0.99,554.8690456475177
2025-02-08,wk inc flu hosp,1,2025-02-15,49,quantile,0.01,4.120294396740117
2025-02-08,wk inc flu hosp,1,2025-02-15,49,quantile,0.025,55.81764089561664
2025-02-08,wk inc flu hosp,1,2025-02-15,49,quantile,0.05,69.17290365385665
2025-02-08,wk inc flu hosp,1,2025-02-15,49,quantile,0.1,95.49551257364419
2025-02-08,wk inc flu hosp,1,2025-02-15,49,quantile,0.15,110.12502686891729
2025-02-08,wk inc flu hosp,1,2025-02-15,49,quantile,0.2,119.58891131350845
2025-02-08,wk inc flu hosp,1,2025-02-15,49,quantile,0.25,125.56108793063466
2025-02-08,wk inc flu hosp,1,2025-02-15,49,quantile,0.3,133.8505138574574
2025-02-08,wk inc flu hosp,1,2025-02-15,49,quantile,0.35,141.53095507980385
2025-02-08,wk inc flu hosp,1,2025-02-15,49,quantile,0.4,150.06844185856963
2025-02-08,wk inc flu hosp,1,2025-02-15,49,quantile,0.45,159.20287007577988
2025-02-08,wk inc flu hosp,1,2025-02-15,49,quantile,0.5,167.15955671765533
2025-02-08,wk inc flu hosp,1,2025-02-15,49,quantile,0.55,174.82624159796248
2025-02-08,wk inc flu hosp,1,2025-02-15,49,quantile,0.6,183.8452142579933
2025-02-08,wk inc flu hosp,1,2025-02-15,49,quantile,0.65,194.6810916398566
2025-02-08,wk inc flu hosp,1,2025-02-15,49,quantile,0.7,203.18672604140332
2025-02-08,wk inc flu hosp,1,2025-02-15,49,quantile,0.75,214.8545231048632
2025-02-08,wk inc flu hosp,1,2025-02-15,49,quantile,0.8,229.29128117327957
2025-02-08,wk inc flu hosp,1,2025-02-15,49,quantile,0.85,249.71100638191172
2025-02-08,wk inc flu hosp,1,2025-02-15,49,quantile,0.9,265.5796871911292
2025-02-08,wk inc flu hosp,1,2025-02-15,49,quantile,0.95,310.83619543283874
2025-02-08,wk inc flu hosp,1,2025-02-15,49,quantile,0.975,366.2758949138442
2025-02-08,wk inc flu hosp,1,2025-02-15,49,quantile,0.99,463.3687560046481
2025-02-08,wk inc flu hosp,2,2025-02-22,49,quantile,0.01,0.0
2025-02-08,wk inc flu hosp,2,2025-02-22,49,quantile,0.025,32.880172357265366
2025-02-08,wk inc flu hosp,2,2025-02-22,49,quantile,0.05,61.69123329458633
2025-02-08,wk inc flu hosp,2,2025-02-22,49,quantile,0.1,84.89434686636453
2025-02-08,wk inc flu hosp,2,2025-02-22,49,quantile,0.15,98.19877676997409
2025-02-08,wk inc flu hosp,2,2025-02-22,49,quantile,0.2,105.39379701809868
2025-02-08,wk inc flu hosp,2,2025-02-22,49,quantile,0.25,115.98197010638297
2025-02-08,wk inc flu hosp,2,2025-02-22,49,quantile,0.3,124.84654366283095
2025-02-08,wk inc flu hosp,2,2025-02-22,49,quantile,0.35,132.84896693098327
2025-02-08,wk inc flu hosp,2,2025-02-22,49,quantile,0.4,142.43353052446636
2025-02-08,wk inc flu hosp,2,2025-02-22,49,quantile,0.45,151.82568102964422
2025-02-08,wk inc flu hosp,2,2025-02-22,49,quantile,0.5,160.3470145062119
2025-02-08,wk inc flu hosp,2,2025-02-22,49,quantile,0.55,169.14810673035697
2025-02-08,wk inc flu hosp,2,2025-02-22,49,quantile,0.6,179.61011670567632
2025-02-08,wk inc flu hosp,2,2025-02-22,49,quantile,0.65,189.48209461647158
2025-02-08,wk inc flu hosp,2,2025-02-22,49,quantile,0.7,203.89388555611214
2025-02-08,wk inc flu hosp,2,2025-02-22,49,quantile,0.75,218.8648282211557
2025-02-08,wk inc flu hosp,2,2025-02-22,49,quantile,0.8,230.41426224010135
2025-02-08,wk inc flu hosp,2,2025-02-22,49,quantile,0.85,249.55493918458794
2025-02-08,wk inc flu hosp,2,2025-02-22,49,quantile,0.9,283.6311285512317
2025-02-08,wk inc flu hosp,2,2025-02-22,49,quantile,0.95,336.7873579169393
2025-02-08,wk inc flu hosp,2,2025-02-22,49,quantile,0.975,406.7906710077328
2025-02-08,wk inc flu hosp,2,2025-02-22,49,quantile,0.99,512.3117047552056
2025-02-08,wk inc flu hosp,3,2025-03-01,49,quantile,0.01,0.0
2025-02-08,wk inc flu hosp,3,2025-03-01,49,quantile,0.025,31.653429720773275
2025-02-08,wk inc flu hosp,3,2025-03-01,49,quantile,0.05,46.90310140580961
2025-02-08,wk inc flu hosp,3,2025-03-01,49,quantile,0.1,67.7391654679625
2025-02-08,wk inc flu hosp,3,2025-03-01,49,quantile,0.15,79.70317132384591
2025-02-08,wk inc flu hosp,3,2025-03-01,49,quantile,0.2,91.22471119772077
2025-02-08,wk inc flu hosp,3,2025-03-01,49,quantile,0.25,99.27744013830026
2025-02-08,wk inc flu hosp,3,2025-03-01,49,quantile,0.3,108.72035449841104
2025-02-08,wk inc flu hosp,3,2025-03-01,49,quantile,0.35,116.8805368704808
2025-02-08,wk inc flu hosp,3,2025-03-01,49,quantile,0.4,125.88908004287137
2025-02-08,wk inc flu hosp,3,2025-03-01,49,quantile,0.45,134.71808089613816
2025-02-08,wk inc flu hosp,3,2025-03-01,49,quantile,0.5,144.5197611505444
2025-02-08,wk inc flu hosp,3,2025-03-01,49,quantile,0.55,153.3953990885871
2025-02-08,wk inc flu hosp,3,2025-03-01,49,quantile,0.6,164.5057855898665
2025-02-08,wk inc flu hosp,3,2025-03-01,49,quantile,0.65,176.34717010020657
2025-02-08,wk inc flu hosp,3,2025-03-01,49,quantile,0.7,186.0996533880197
2025-02-08,wk inc flu hosp,3,2025-03-01,49,quantile,0.75,200.73824065296733
2025-02-08,wk inc flu hosp,3,2025-03-01,49,quantile,0.8,215.18195681402406
2025-02-08,wk inc flu hosp,3,2025-03-01,49,quantile,0.85,244.42575747146407
2025-02-08,wk inc flu hosp,3,2025-03-01,49,quantile,0.9,277.01134833262796
2025-02-08,wk inc flu hosp,3,2025-03-01,49,quantile,0.95,329.6028761171564
2025-02-08,wk inc flu hosp,3,2025-03-01,49,quantile,0.975,407.13299905692446
2025-02-08,wk inc flu hosp,3,2025-03-01,49,quantile,0.99,519.8640449818766
2025-02-08,wk inc flu hosp,0,2025-02-08,50,quantile,0.01,18.150516769889627
2025-02-08,wk inc flu hosp,0,2025-02-08,50,quantile,0.025,24.358074920714014
2025-02-08,wk inc flu hosp,0,2025-02-08,50,quantile,0.05,26.328106151843965
2025-02-08,wk inc flu hosp,0,2025-02-08,50,quantile,0.1,31.552393037509272
2025-02-08,wk inc flu hosp,0,2025-02-08,50,quantile,0.15,39.89388503107078
2025-02-08,wk inc flu hosp,0,2025-02-08,50,quantile,0.2,40.2887352901297
2025-02-08,wk inc flu hosp,0,2025-02-08,50,quantile,0.25,45.42424968093512
2025-02-08,wk inc flu hosp,0,2025-02-08,50,quantile,0.3,47.341072998481806
2025-02-08,wk inc flu hosp,0,2025-02-08,50,quantile,0.35,48.57802258211162
2025-02-08,wk inc flu hosp,0,2025-02-08,50,quantile,0.4,50.42247958209315
2025-02-08,wk inc flu hosp,0,2025-02-08,50,quantile,0.45,51.393193525339306
2025-02-08,wk inc flu hosp,0,2025-02-08,50,quantile,0.5,54.25156445279285
2025-02-08,wk inc flu hosp,0,2025-02-08,50,quantile,0.55,58.285888172125745
2025-02-08,wk inc flu hosp,0,2025-02-08,50,quantile,0.6,59.44197867775482
2025-02-08,wk inc flu hosp,0,2025-02-08,50,quantile,0.65,60.27723505990525
2025-02-08,wk inc flu hosp,0,2025-02-08,50,quantile,0.7,64.99882196930785
2025-02-08,wk inc flu hosp,0,2025-02-08,50,quantile,0.75,68.8566829923265
2025-02-08,wk inc flu hosp,0,2025-02-08,50,quantile,0.8,71.89901974872996
2025-02-08,wk inc flu hosp,0,2025-02-08,50,quantile,0.85,77.26202991303022
2025-02-08,wk inc flu hosp,0,2025-02-08,50,quantile,0.9,78.07324126102186
2025-02-08,wk inc flu hosp,0,2025-02-08,50,quantile,0.95,84.76569278343227
2025-02-08,wk inc flu hosp,0,2025-02-08,50,quantile,0.975,91.53449194945472
2025-02-08,wk inc flu hosp,0,2025-02-08,50,quantile,0.99,103.38774512971499
2025-02-08,wk inc flu hosp,1,2025-02-15,50,quantile,0.01,13.846052046813348
2025-02-08,wk inc flu hosp,1,2025-02-15,50,quantile,0.025,16.238923749770386
2025-02-08,wk inc flu hosp,1,2025-02-15,50,quantile,0.05,19.97582887824617
2025-02-08,wk inc flu hosp,1,2025-02-15,50,quantile,0.1,24.95176370462855
2025-02-08,wk inc flu hosp,1,2025-02-15,50,quantile,0.15,28.455100183137226
2025-02-08,wk inc flu hosp,1,2025-02-15,50,quantile,0.2,32.59435972730621
2025-02-08,wk inc flu hosp,1,2025-02-15,50,quantile,0.25,37.69912940458727
2025-02-08,wk inc flu hosp,1,2025-02-15,50,quantile,0.3,40.27090010758754
2025-02-08,wk inc flu hosp,1,2025-02-15,50,quantile,0.35,42.491991677372035
2025-02-08,wk inc flu hosp,1,2025-02-15,50,quantile,0.4,45.3812527229498
2025-02-08,wk inc flu hosp,1,2025-02-15,50,quantile,0.45,47.184870091935764
2025-02-08,wk inc flu hosp,1,2025-02-15,50,quantile,0.5,49.38637017912646
2025-02-08,wk inc flu hosp,1,2025-02-15,50,quantile,0.55,51.40227756905092
2025-02-08,wk inc flu hosp,1,2025-02-15,50,quantile,0.6,54.36166448903413
2025-02-08,wk inc flu hosp,1,2025-02-15,50,quantile,0.65,57.99195950218933
2025-02-08,wk inc flu hosp,1,2025-02-15,50,quantile,0.7,60.70755543651041
2025-02-08,wk inc flu hosp,1,2025-02-15,50,quantile,0.75,64.0626322082305
2025-02-08,wk inc flu hosp,1,2025-02-15,50,quantile,0.8,68.12860029561949
2025-02-08,wk inc flu hosp,1,2025-02-15,50,quantile,0.85,72.14150952329202
2025-02-08,wk inc flu hosp,1,2025-02-15,50,quantile,0.9,78.23799871346635
2025-02-08,wk inc flu hosp,1,2025-02-15,50,quantile,0.95,84.71378889052355
2025-02-08,wk inc flu hosp,1,2025-02-15,50,quantile,0.975,90.76814675135756
2025-02-08,wk inc flu hosp,1,2025-02-15,50,quantile,0.99,100.99193920426517
2025-02-08,wk inc flu hosp,2,2025-02-22,50,quantile,0.01,9.827645598271483
2025-02-08,wk inc flu hosp,2,2025-02-22,50,quantile,0.025,12.67082100421158
2025-02-08,wk inc flu hosp,2,2025-02-22,50,quantile,0.05,14.700380593974494
2025-02-08,wk inc flu hosp,2,2025-02-22,50,quantile,0.1,19.653541659376014
2025-02-08,wk inc flu hosp,2,2025-02-22,50,quantile,0.15,24.30909725127287
2025-02-08,wk inc flu hosp,2,2025-02-22,50,quantile,0.2,28.323387178351446
2025-02-08,wk inc flu hosp,2,2025-02-22,50,quantile,0.25,32.543232388177806
2025-02-08,wk inc flu hosp,2,2025-02-22,50,quantile,0.3,36.71174064687791
2025-02-08,wk inc flu hosp,2,2025-02-22,50,quantile,0.35,38.925723187888316
2025-02-08,wk inc flu hosp,2,2025-02-22,50,quantile,0.4,41.416849982473025
2025-02-08,wk inc flu hosp,2,2025-02-22,50,quantile,0.45,43.92429503531707
2025-02-08,wk inc flu hosp,2,2025-02-22,50,quantile,0.5,46.48555315966962
2025-02-08,wk inc flu hosp,2,2025-02-22,50,quantile,0.55,48.85968834795067
2025-02-08,wk inc flu hosp,2,2025-02-22,50,quantile,0.6,51.75575888494246
2025-02-08,wk inc flu hosp,2,2025-02-22,50,quantile,0.65,54.15499408051315
2025-02-08,wk inc flu hosp,2,2025-02-22,50,quantile,0.7,57.828017975382416
2025-02-08,wk inc flu hosp,2,2025-02-22,50,quantile,0.75,61.27940621898041
2025-02-08,wk inc flu hosp,2,2025-02-22,50,quantile,0.8,65.67815170056285
2025-02-08,wk inc flu hosp,2,2025-02-22,50,quantile,0.85,69.36054143491009
2025-02-08,wk inc flu hosp,2,2025-02-22,50,quantile,0.9,74.05049790937557
2025-02-08,wk inc flu hosp,2,2025-02-22,50,quantile,0.95,83.38747271767272
2025-02-08,wk inc flu hosp,2,2025-02-22,50,quantile,0.975,89.44044039384643
2025-02-08,wk inc flu hosp,2,2025-02-22,50,quantile,0.99,99.78260118281581
2025-02-08,wk inc flu hosp,3,2025-03-01,50,quantile,0.01,6.458724818419784
2025-02-08,wk inc flu hosp,3,2025-03-01,50,quantile,0.025,8.646284185772211
2025-02-08,wk inc flu hosp,3,2025-03-01,50,quantile,0.05,11.897626401308164
2025-02-08,wk inc flu hosp,3,2025-03-01,50,quantile,0.1,15.336519971376433
2025-02-08,wk inc flu hosp,3,2025-03-01,50,quantile,0.15,19.512083427798807
2025-02-08,wk inc flu hosp,3,2025-03-01,50,quantile,0.2,22.209250317635075
2025-02-08,wk inc flu hosp,3,2025-03-01,50,quantile,0.25,25.14075020105895
2025-02-08,wk inc flu hosp,3,2025-03-01,50,quantile,0.3,27.133026118066585
2025-02-08,wk inc flu hosp,3,2025-03-01,50,quantile,0.35,29.8578044712394
2025-02-08,wk inc flu hosp,3,2025-03-01,50,quantile,0.4,32.81486700454335
2025-02-08,wk inc flu hosp,3,2025-03-01,50,quantile,0.45,35.288436565680826
2025-02-08,wk inc flu hosp,3,2025-03-01,50,quantile,0.5,37.30079265244108
2025-02-08,wk inc flu hosp,3,2025-03-01,50,quantile,0.55,39.31702048524622
2025-02-08,wk inc flu hosp,3,2025-03-01,50,quantile,0.6,41.75366274511174
2025-02-08,wk inc flu hosp,3,2025-03-01,50,quantile,0.65,44.02348229196993
2025-02-08,wk inc flu hosp,3,2025-03-01,50,quantile,0.7,46.86330926677809
2025-02-08,wk inc flu hosp,3,2025-03-01,50,quantile,0.75,49.925579808256295
2025-02-08,wk inc flu hosp,3,2025-03-01,50,quantile,0.8,53.43423176056403
2025-02-08,wk inc flu hosp,3,2025-03-01,50,quantile,0.85,56.44567773062499
2025-02-08,wk inc flu hosp,3,2025-03-01,50,quantile,0.9,60.75632882780801
2025-02-08,wk inc flu hosp,3,2025-03-01,50,quantile,0.95,66.65427992613942
2025-02-08,wk inc flu hosp,3,2025-03-01,50,quantile,0.975,72.6496227156835
2025-02-08,wk inc flu hosp,3,2025-03-01,50,quantile,0.99,81.24107815912944
2025-02-08,wk inc flu hosp,0,2025-02-08,51,quantile,0.01,337.06127036268896
2025-02-08,wk inc flu hosp,0,2025-02-08,51,quantile,0.025,338.9554400656647
2025-02-08,wk inc flu hosp,0,2025-02-08,51,quantile,0.05,583.8750195317645
2025-02-08,wk inc flu hosp,0,2025-02-08,51,quantile,0.1,683.2012404165217
2025-02-08,wk inc flu hosp,0,2025-02-08,51,quantile,0.15,718.7450059226104
2025-02-08,wk inc flu hosp,0,2025-02-08,51,quantile,0.2,772.5499636180637
2025-02-08,wk inc flu hosp,0,2025-02-08,51,quantile,0.25,797.1548902296165
2025-02-08,wk inc flu hosp,0,2025-02-08,51,quantile,0.3,817.7033460621498
2025-02-08,wk inc flu hosp,0,2025-02-08,51,quantile,0.35,836.4663696304265
2025-02-08,wk inc flu hosp,0,2025-02-08,51,quantile,0.4,908.6314906080798
2025-02-08,wk inc flu hosp,0,2025-02-08,51,quantile,0.45,936.624052679817
2025-02-08,wk inc flu hosp,0,2025-02-08,51,quantile,0.5,963.9306735128866
2025-02-08,wk inc flu hosp,0,2025-02-08,51,quantile,0.55,1014.3767591092053
2025-02-08,wk inc flu hosp,0,2025-02-08,51,quantile,0.6,1022.7414905008301
2025-02-08,wk inc flu hosp,0,2025-02-08,51,quantile,0.65,1082.0802249210426
2025-02-08,wk inc flu hosp,0,2025-02-08,51,quantile,0.7,1115.3838954404198
2025-02-08,wk inc flu hosp,0,2025-02-08,51,quantile,0.75,1124.6873125944633
2025-02-08,wk inc flu hosp,0,2025-02-08,51,quantile,0.8,1134.9898717422313
2025-02-08,wk inc flu hosp,0,2025-02-08,51,quantile,0.85,1162.730141515355
2025-02-08,wk inc flu hosp,0,2025-02-08,51,quantile,0.9,1313.7062907102122
2025-02-08,wk inc flu hosp,0,2025-02-08,51,quantile,0.95,1324.116383954779
2025-02-08,wk inc flu hosp,0,2025-02-08,51,quantile,0.975,1474.0026652678969
2025-02-08,wk inc flu hosp,0,2025-02-08,51,quantile,0.99,1579.6265160589553
2025-02-08,wk inc flu hosp,1,2025-02-15,51,quantile,0.01,266.4400337458459
2025-02-08,wk inc flu hosp,1,2025-02-15,51,quantile,0.025,307.5463095493232
2025-02-08,wk inc flu hosp,1,2025-02-15,51,quantile,0.05,367.4939458231826
2025-02-08,wk inc flu hosp,1,2025-02-15,51,quantile,0.1,487.4027069213525
2025-02-08,wk inc flu hosp,1,2025-02-15,51,quantile,0.15,551.1011204848896
2025-02-08,wk inc flu hosp,1,2025-02-15,51,quantile,0.2,613.5351502419331
2025-02-08,wk inc flu hosp,1,2025-02-15,51,quantile,0.25,664.6814105819205
2025-02-08,wk inc flu hosp,1,2025-02-15,51,quantile,0.3,712.0267791173451
2025-02-08,wk inc flu hosp,1,2025-02-15,51,quantile,0.35,753.7693998681408
2025-02-08,wk inc flu hosp,1,2025-02-15,51,quantile,0.4,800.9383357929992
2025-02-08,wk inc flu hosp,1,2025-02-15,51,quantile,0.45,839.5180989151485
2025-02-08,wk inc flu hosp,1,2025-02-15,51,quantile,0.5,870.1677156414296
2025-02-08,wk inc flu hosp,1,2025-02-15,51,quantile,0.55,907.6217308297709
2025-02-08,wk inc flu hosp,1,2025-02-15,51,quantile,0.6,951.8042483130653
2025-02-08,wk inc flu hosp,1,2025-02-15,51,quantile,0.65,991.6880213870984
2025-02-08,wk inc flu hosp,1,2025-02-15,51,quantile,0.7,1029.3659208305226
2025-02-08,wk inc flu hosp,1,2025-02-15,51,quantile,0.75,1072.0560780550802
2025-02-08,wk inc flu hosp,1,2025-02-15,51,quantile,0.8,1131.2150483871706
2025-02-08,wk inc flu hosp,1,2025-02-15,51,quantile,0.85,1168.4281230305955
2025-02-08,wk inc flu hosp,1,2025-02-15,51,quantile,0.9,1261.4580328094323
2025-02-08,wk inc flu hosp,1,2025-02-15,51,quantile,0.95,1387.3003090833527
2025-02-08,wk inc flu hosp,1,2025-02-15,51,quantile,0.975,1513.0868926072944
2025-02-08,wk inc flu hosp,1,2025-02-15,51,quantile,0.99,1636.7498630580958
2025-02-08,wk inc flu hosp,2,2025-02-22,51,quantile,0.01,184.8641580911168
2025-02-08,wk inc flu hosp,2,2025-02-22,51,quantile,0.025,231.94451549295155
2025-02-08,wk inc flu hosp,2,2025-02-22,51,quantile,0.05,279.69206602696903
2025-02-08,wk inc flu hosp,2,2025-02-22,51,quantile,0.1,361.3756857068519
2025-02-08,wk inc flu hosp,2,2025-02-22,51,quantile,0.15,433.6024837515725
2025-02-08,wk inc flu hosp,2,2025-02-22,51,quantile,0.2,490.2629781264843
2025-02-08,wk inc flu hosp,2,2025-02-22,51,quantile,0.25,522.3878388204049
2025-02-08,wk inc flu hosp,2,2025-02-22,51,quantile,0.3,576.9576701297976
2025-02-08,wk inc flu hosp,2,2025-02-22,51,quantile,0.35,632.5610520755743
2025-02-08,wk inc flu hosp,2,2025-02-22,51,quantile,0.4,686.8617818342555
2025-02-08,wk inc flu hosp,2,2025-02-22,51,quantile,0.45,723.8671019607292
2025-02-08,wk inc flu hosp,2,2025-02-22,51,quantile,0.5,762.4302820945159
2025-02-08,wk inc flu hosp,2,2025-02-22,51,quantile,0.55,802.4233721535388
2025-02-08,wk inc flu hosp,2,2025-02-22,51,quantile,0.6,852.002055554164
2025-02-08,wk inc flu hosp,2,2025-02-22,51,quantile,0.65,898.0442429732273
2025-02-08,wk inc flu hosp,2,2025-02-22,51,quantile,0.7,948.5823833557822
2025-02-08,wk inc flu hosp,2,2025-02-22,51,quantile,0.75,1006.8354225385249
2025-02-08,wk inc flu hosp,2,2025-02-22,51,quantile,0.8,1053.2859653831372
2025-02-08,wk inc flu hosp,2,2025-02-22,51,quantile,0.85,1112.155326509609
2025-02-08,wk inc flu hosp,2,2025-02-22,51,quantile,0.9,1211.1466625494918
2025-02-08,wk inc flu hosp,2,2025-02-22,51,quantile,0.95,1338.834878925056
2025-02-08,wk inc flu hosp,2,2025-02-22,51,quantile,0.975,1464.4077295354812
2025-02-08,wk inc flu hosp,2,2025-02-22,51,quantile,0.99,1665.6796910740673
2025-02-08,wk inc flu hosp,3,2025-03-01,51,quantile,0.01,114.6152589224805
2025-02-08,wk inc flu hosp,3,2025-03-01,51,quantile,0.025,174.40082817639177
2025-02-08,wk inc flu hosp,3,2025-03-01,51,quantile,0.05,217.9467706775541
2025-02-08,wk inc flu hosp,3,2025-03-01,51,quantile,0.1,280.5631044076238
2025-02-08,wk inc flu hosp,3,2025-03-01,51,quantile,0.15,327.6857336522801
2025-02-08,wk inc flu hosp,3,2025-03-01,51,quantile,0.2,385.13283689230946
2025-02-08,wk inc flu hosp,3,2025-03-01,51,quantile,0.25,431.97251063898375
2025-02-08,wk inc flu hosp,3,2025-03-01,51,quantile,0.3,485.5822445285214
2025-02-08,wk inc flu hosp,3,2025-03-01,51,quantile,0.35,525.3352348968783
2025-02-08,wk inc flu hosp,3,2025-03-01,51,quantile,0.4,569.4256084493621
2025-02-08,wk inc flu hosp,3,2025-03-01,51,quantile,0.45,621.5360266783941
2025-02-08,wk inc flu hosp,3,2025-03-01,51,quantile,0.5,665.6518327210488
2025-02-08,wk inc flu hosp,3,2025-03-01,51,quantile,0.55,718.5346268186131
2025-02-08,wk inc flu hosp,3,2025-03-01,51,quantile,0.6,764.3872759486494
2025-02-08,wk inc flu hosp,3,2025-03-01,51,quantile,0.65,804.6587316212778
2025-02-08,wk inc flu hosp,3,2025-03-01,51,quantile,0.7,847.9702917356047
2025-02-08,wk inc flu hosp,3,2025-03-01,51,quantile,0.75,904.5256231196806
2025-02-08,wk inc flu hosp,3,2025-03-01,51,quantile,0.8,974.3181380378483
2025-02-08,wk inc flu hosp,3,2025-03-01,51,quantile,0.85,1039.9638099878048
2025-02-08,wk inc flu hosp,3,2025-03-01,51,quantile,0.9,1126.8770314979195
2025-02-08,wk inc flu hosp,3,2025-03-01,51,quantile,0.95,1241.8834613534777
2025-02-08,wk inc flu hosp,3,2025-03-01,51,quantile,0.975,1345.1930110542712
2025-02-08,wk inc flu hosp,3,2025-03-01,51,quantile,0.99,1512.2598382081744
2025-02-08,wk inc flu hosp,0,2025-02-08,53,quantile,0.01,282.60166923025974
2025-02-08,wk inc flu hosp,0,2025-02-08,53,quantile,0.025,287.6110095169624
2025-02-08,wk inc flu hosp,0,2025-02-08,53,quantile,0.05,304.19478853655636
2025-02-08,wk inc flu hosp,0,2025-02-08,53,quantile,0.1,343.40952783150124
2025-02-08,wk inc flu hosp,0,2025-02-08,53,quantile,0.15,395.49072660192274
2025-02-08,wk inc flu hosp,0,2025-02-08,53,quantile,0.2,402.5307762284222
2025-02-08,wk inc flu hosp,0,2025-02-08,53,quantile,0.25,419.8610850936493
2025-02-08,wk inc flu hosp,0,2025-02-08,53,quantile,0.3,446.226162863302
2025-02-08,wk inc flu hosp,0,2025-02-08,53,quantile,0.35,454.2262359673318
2025-02-08,wk inc flu hosp,0,2025-02-08,53,quantile,0.4,475.5829613067179
2025-02-08,wk inc flu hosp,0,2025-02-08,53,quantile,0.45,485.96171146175516
2025-02-08,wk inc flu hosp,0,2025-02-08,53,quantile,0.5,498.5592295950544
2025-02-08,wk inc flu hosp,0,2025-02-08,53,quantile,0.55,521.1114317887518
2025-02-08,wk inc flu hosp,0,2025-02-08,53,quantile,0.6,535.9685455196264
2025-02-08,wk inc flu hosp,0,2025-02-08,53,quantile,0.65,574.634653605316
2025-02-08,wk inc flu hosp,0,2025-02-08,53,quantile,0.7,600.0687106324236
2025-02-08,wk inc flu hosp,0,2025-02-08,53,quantile,0.75,614.4488373090089
2025-02-08,wk inc flu hosp,0,2025-02-08,53,quantile,0.8,625.6673265473087
2025-02-08,wk inc flu hosp,0,2025-02-08,53,quantile,0.85,684.587507473607
2025-02-08,wk inc flu hosp,0,2025-02-08,53,quantile,0.9,742.6020211167522
2025-02-08,wk inc flu hosp,0,2025-02-08,53,quantile,0.95,769.2632565541356
2025-02-08,wk inc flu hosp,0,2025-02-08,53,quantile,0.975,876.5927600540382
2025-02-08,wk inc flu hosp,0,2025-02-08,53,quantile,0.99,925.2193225692137
2025-02-08,wk inc flu hosp,1,2025-02-15,53,quantile,0.01,159.5027046569454
2025-02-08,wk inc flu hosp,1,2025-02-15,53,quantile,0.025,183.2840665001191
2025-02-08,wk inc flu hosp,1,2025-02-15,53,quantile,0.05,212.77388425299924
2025-02-08,wk inc flu hosp,1,2025-02-15,53,quantile,0.1,247.05459156675963
2025-02-08,wk inc flu hosp,1,2025-02-15,53,quantile,0.15,277.40861956001334
2025-02-08,wk inc flu hosp,1,2025-02-15,53,quantile,0.2,301.65785150978405
2025-02-08,wk inc flu hosp,1,2025-02-15,53,quantile,0.25,318.64213231269315
2025-02-08,wk inc flu hosp,1,2025-02-15,53,quantile,0.3,340.9762610955041
2025-02-08,wk inc flu hosp,1,2025-02-15,53,quantile,0.35,357.2241432830155
2025-02-08,wk inc flu hosp,1,2025-02-15,53,quantile,0.4,376.039573846281
2025-02-08,wk inc flu hosp,1,2025-02-15,53,quantile,0.45,402.27599336186415
2025-02-08,wk inc flu hosp,1,2025-02-15,53,quantile,0.5,422.6352404643708
2025-02-08,wk inc flu hosp,1,2025-02-15,53,quantile,0.55,441.9932117323063
2025-02-08,wk inc flu hosp,1,2025-02-15,53,quantile,0.6,461.1024977993982
2025-02-08,wk inc flu hosp,1,2025-02-15,53,quantile,0.65,487.9008002901154
2025-02-08,wk inc flu hosp,1,2025-02-15,53,quantile,0.7,512.8842234319555
2025-02-08,wk inc flu hosp,1,2025-02-15,53,quantile,0.75,533.6776123025512
2025-02-08,wk inc flu hosp,1,2025-02-15,53,quantile,0.8,566.4491674721929
2025-02-08,wk inc flu hosp,1,2025-02-15,53,quantile,0.85,613.0912297920918
2025-02-08,wk inc flu hosp,1,2025-02-15,53,quantile,0.9,670.0227700037645
2025-02-08,wk inc flu hosp,1,2025-02-15,53,quantile,0.95,745.7174992927039
2025-02-08,wk inc flu hosp,1,2025-02-15,53,quantile,0.975,859.3220131345286
2025-02-08,wk inc flu hosp,1,2025-02-15,53,quantile,0.99,969.0176899389127
2025-02-08,wk inc flu hosp,2,2025-02-22,53,quantile,0.01,113.37182973690398
2025-02-08,wk inc flu hosp,2,2025-02-22,53,quantile,0.025,133.98147522468025
2025-02-08,wk inc flu hosp,2,2025-02-22,53,quantile,0.05,153.70331964225232
2025-02-08,wk inc flu hosp,2,2025-02-22,53,quantile,0.1,192.43439748158463
2025-02-08,wk inc flu hosp,2,2025-02-22,53,quantile,0.15,213.1189377271677
2025-02-08,wk inc flu hosp,2,2025-02-22,53,quantile,0.2,233.40091260964874
2025-02-08,wk inc flu hosp,2,2025-02-22,53,quantile,0.25,251.37592499643605
2025-02-08,wk inc flu hosp,2,2025-02-22,53,quantile,0.3,275.7493422990399
2025-02-08,wk inc flu hosp,2,2025-02-22,53,quantile,0.35,292.28540381439586
2025-02-08,wk inc flu hosp,2,2025-02-22,53,quantile,0.4,310.89253730046977
2025-02-08,wk inc flu hosp,2,2025-02-22,53,quantile,0.45,332.680366831607
2025-02-08,wk inc flu hosp,2,2025-02-22,53,quantile,0.5,351.62648514794114
2025-02-08,wk inc flu hosp,2,2025-02-22,53,quantile,0.55,366.9530280684735
2025-02-08,wk inc flu hosp,2,2025-02-22,53,quantile,0.6,394.44770121255954
2025-02-08,wk inc flu hosp,2,2025-02-22,53,quantile,0.65,417.78626303927393
2025-02-08,wk inc flu hosp,2,2025-02-22,53,quantile,0.7,448.13409906981525
2025-02-08,wk inc flu hosp,2,2025-02-22,53,quantile,0.75,478.60772694329586
2025-02-08,wk inc flu hosp,2,2025-02-22,53,quantile,0.8,516.3362036363102
2025-02-08,wk inc flu hosp,2,2025-02-22,53,quantile,0.85,558.2778735176797
2025-02-08,wk inc flu hosp,2,2025-02-22,53,quantile,0.9,623.4999083758673
2025-02-08,wk inc flu hosp,2,2025-02-22,53,quantile,0.95,720.7652802351488
2025-02-08,wk inc flu hosp,2,2025-02-22,53,quantile,0.975,801.5172535206714
2025-02-08,wk inc flu hosp,2,2025-02-22,53,quantile,0.99,925.4908455571846
2025-02-08,wk inc flu hosp,3,2025-03-01,53,quantile,0.01,86.30513967442405
2025-02-08,wk inc flu hosp,3,2025-03-01,53,quantile,0.025,101.1164688173955
2025-02-08,wk inc flu hosp,3,2025-03-01,53,quantile,0.05,118.61305476243477
2025-02-08,wk inc flu hosp,3,2025-03-01,53,quantile,0.1,143.28199001271764
2025-02-08,wk inc flu hosp,3,2025-03-01,53,quantile,0.15,158.90133381703106
2025-02-08,wk inc flu hosp,3,2025-03-01,53,quantile,0.2,179.13348072583997
2025-02-08,wk inc flu hosp,3,2025-03-01,53,quantile,0.25,197.6400479989648
2025-02-08,wk inc flu hosp,3,2025-03-01,53,quantile,0.3,212.41095701861155
2025-02-08,wk inc flu hosp,3,2025-03-01,53,quantile,0.35,231.88213856252386
2025-02-08,wk inc flu hosp,3,2025-03-01,53,quantile,0.4,250.27217348208265
2025-02-08,wk inc flu hosp,3,2025-03-01,53,quantile,0.45,272.07920150604565
2025-02-08,wk inc flu hosp,3,2025-03-01,53,quantile,0.5,288.4053076719415
2025-02-08,wk inc flu hosp,3,2025-03-01,53,quantile,0.55,307.5971715389511
2025-02-08,wk inc flu hosp,3,2025-03-01,53,quantile,0.6,322.8363579917583
2025-02-08,wk inc flu hosp,3,2025-03-01,53,quantile,0.65,348.199653212593
2025-02-08,wk inc flu hosp,3,2025-03-01,53,quantile,0.7,374.844669601551
2025-02-08,wk inc flu hosp,3,2025-03-01,53,quantile,0.75,403.3642290750009
2025-02-08,wk inc flu hosp,3,2025-03-01,53,quantile,0.8,436.3543224631515
2025-02-08,wk inc flu hosp,3,2025-03-01,53,quantile,0.85,477.31552598608056
2025-02-08,wk inc flu hosp,3,2025-03-01,53,quantile,0.9,535.2229101093551
2025-02-08,wk inc flu hosp,3,2025-03-01,53,quantile,0.95,602.7292329309317
2025-02-08,wk inc flu hosp,3,2025-03-01,53,quantile,0.975,677.639195175852
2025-02-08,wk inc flu hosp,3,2025-03-01,53,quantile,0.99,772.0553231019232
2025-02-08,wk inc flu hosp,0,2025-02-08,54,quantile,0.01,70.38175901861104
2025-02-08,wk inc flu hosp,0,2025-02-08,54,quantile,0.025,81.15075529205306
2025-02-08,wk inc flu hosp,0,2025-02-08,54,quantile,0.05,139.69733315579106
2025-02-08,wk inc flu hosp,0,2025-02-08,54,quantile,0.1,178.31518700816213
2025-02-08,wk inc flu hosp,0,2025-02-08,54,quantile,0.15,201.05260317378284
2025-02-08,wk inc flu hosp,0,2025-02-08,54,quantile,0.2,223.9592944861367
2025-02-08,wk inc flu hosp,0,2025-02-08,54,quantile,0.25,239.0441263136823
2025-02-08,wk inc flu hosp,0,2025-02-08,54,quantile,0.3,247.29261145535293
2025-02-08,wk inc flu hosp,0,2025-02-08,54,quantile,0.35,260.23466808048
2025-02-08,wk inc flu hosp,0,2025-02-08,54,quantile,0.4,293.39301544726766
2025-02-08,wk inc flu hosp,0,2025-02-08,54,quantile,0.45,321.2072542012295
2025-02-08,wk inc flu hosp,0,2025-02-08,54,quantile,0.5,326.1487174477787
2025-02-08,wk inc flu hosp,0,2025-02-08,54,quantile,0.55,351.5240703364998
2025-02-08,wk inc flu hosp,0,2025-02-08,54,quantile,0.6,363.46234623544603
2025-02-08,wk inc flu hosp,0,2025-02-08,54,quantile,0.65,373.3663107232281
2025-02-08,wk inc flu hosp,0,2025-02-08,54,quantile,0.7,379.98364439915485
2025-02-08,wk inc flu hosp,0,2025-02-08,54,quantile,0.75,416.23236360057206
2025-02-08,wk inc flu hosp,0,2025-02-08,54,quantile,0.8,450.8619016136664
2025-02-08,wk inc flu hosp,0,2025-02-08,54,quantile,0.85,461.8064879264408
2025-02-08,wk inc flu hosp,0,2025-02-08,54,quantile,0.9,499.45045807309737
2025-02-08,wk inc flu hosp,0,2025-02-08,54,quantile,0.95,576.981195700707
2025-02-08,wk inc flu hosp,0,2025-02-08,54,quantile,0.975,608.6288301997092
2025-02-08,wk inc flu hosp,0,2025-02-08,54,quantile,0.99,665.3561398203921
2025-02-08,wk inc flu hosp,1,2025-02-15,54,quantile,0.01,57.74667193045234
2025-02-08,wk inc flu hosp,1,2025-02-15,54,quantile,0.025,75.50327744871059
2025-02-08,wk inc flu hosp,1,2025-02-15,54,quantile,0.05,113.56110726156865
2025-02-08,wk inc flu hosp,1,2025-02-15,54,quantile,0.1,159.14587074223556
2025-02-08,wk inc flu hosp,1,2025-02-15,54,quantile,0.15,195.01928358657102
2025-02-08,wk inc flu hosp,1,2025-02-15,54,quantile,0.2,224.97155575459414
2025-02-08,wk inc flu hosp,1,2025-02-15,54,quantile,0.25,244.44469307352375
2025-02-08,wk inc flu hosp,1,2025-02-15,54,quantile,0.3,266.37409665183765
2025-02-08,wk inc flu hosp,1,2025-02-15,54,quantile,0.35,286.5558817666417
2025-02-08,wk inc flu hosp,1,2025-02-15,54,quantile,0.4,309.6947888090048
2025-02-08,wk inc flu hosp,1,2025-02-15,54,quantile,0.45,325.38419550160955
2025-02-08,wk inc flu hosp,1,2025-02-15,54,quantile,0.5,352.4100035366198
2025-02-08,wk inc flu hosp,1,2025-02-15,54,quantile,0.55,373.1068972853066
2025-02-08,wk inc flu hosp,1,2025-02-15,54,quantile,0.6,406.6902864839122
2025-02-08,wk inc flu hosp,1,2025-02-15,54,quantile,0.65,427.4879896698566
2025-02-08,wk inc flu hosp,1,2025-02-15,54,quantile,0.7,455.4539182288544
2025-02-08,wk inc flu hosp,1,2025-02-15,54,quantile,0.75,469.40602551088244
2025-02-08,wk inc flu hosp,1,2025-02-15,54,quantile,0.8,489.3941333807291
2025-02-08,wk inc flu hosp,1,2025-02-15,54,quantile,0.85,546.7357835714854
2025-02-08,wk inc flu hosp,1,2025-02-15,54,quantile,0.9,596.7317051321926
2025-02-08,wk inc flu hosp,1,2025-02-15,54,quantile,0.95,662.0101215818935
2025-02-08,wk inc flu hosp,1,2025-02-15,54,quantile,0.975,714.7156266420772
2025-02-08,wk inc flu hosp,1,2025-02-15,54,quantile,0.99,768.7751609886042
2025-02-08,wk inc flu hosp,2,2025-02-22,54,quantile,0.01,56.9337153078222
2025-02-08,wk inc flu hosp,2,2025-02-22,54,quantile,0.025,77.67792164428324
2025-02-08,wk inc flu hosp,2,2025-02-22,54,quantile,0.05,105.80860179762728
2025-02-08,wk inc flu hosp,2,2025-02-22,54,quantile,0.1,158.51193943394048
2025-02-08,wk inc flu hosp,2,2025-02-22,54,quantile,0.15,200.56793949892267
2025-02-08,wk inc flu hosp,2,2025-02-22,54,quantile,0.2,225.91687964274254
2025-02-08,wk inc flu hosp,2,2025-02-22,54,quantile,0.25,245.5204519612936
2025-02-08,wk inc flu hosp,2,2025-02-22,54,quantile,0.3,266.76933118492286
2025-02-08,wk inc flu hosp,2,2025-02-22,54,quantile,0.35,284.5357660877614
2025-02-08,wk inc flu hosp,2,2025-02-22,54,quantile,0.4,301.1446327558886
2025-02-08,wk inc flu hosp,2,2025-02-22,54,quantile,0.45,335.56400118365855
2025-02-08,wk inc flu hosp,2,2025-02-22,54,quantile,0.5,363.0553024213726
2025-02-08,wk inc flu hosp,2,2025-02-22,54,quantile,0.55,385.94466263751457
2025-02-08,wk inc flu hosp,2,2025-02-22,54,quantile,0.6,413.630458087785
2025-02-08,wk inc flu hosp,2,2025-02-22,54,quantile,0.65,434.4604502660913
2025-02-08,wk inc flu hosp,2,2025-02-22,54,quantile,0.7,463.30030066548096
2025-02-08,wk inc flu hosp,2,2025-02-22,54,quantile,0.75,482.00765074773557
2025-02-08,wk inc flu hosp,2,2025-02-22,54,quantile,0.8,513.4720536136455
2025-02-08,wk inc flu hosp,2,2025-02-22,54,quantile,0.85,567.9226556203243
2025-02-08,wk inc flu hosp,2,2025-02-22,54,quantile,0.9,608.4973692928987
2025-02-08,wk inc flu hosp,2,2025-02-22,54,quantile,0.95,690.6954024472828
2025-02-08,wk inc flu hosp,2,2025-02-22,54,quantile,0.975,732.1926331519148
2025-02-08,wk inc flu hosp,2,2025-02-22,54,quantile,0.99,776.989248231346
2025-02-08,wk inc flu hosp,3,2025-03-01,54,quantile,0.01,53.883021228213664
2025-02-08,wk inc flu hosp,3,2025-03-01,54,quantile,0.025,86.8488565570595
2025-02-08,wk inc flu hosp,3,2025-03-01,54,quantile,0.05,114.20903557290315
2025-02-08,wk inc flu hosp,3,2025-03-01,54,quantile,0.1,151.89475515700218
2025-02-08,wk inc flu hosp,3,2025-03-01,54,quantile,0.15,181.17051718190822
2025-02-08,wk inc flu hosp,3,2025-03-01,54,quantile,0.2,206.3542874180998
2025-02-08,wk inc flu hosp,3,2025-03-01,54,quantile,0.25,225.83351254374463
2025-02-08,wk inc flu hosp,3,2025-03-01,54,quantile,0.3,244.10781961218996
2025-02-08,wk inc flu hosp,3,2025-03-01,54,quantile,0.35,260.4550971096334
2025-02-08,wk inc flu hosp,3,2025-03-01,54,quantile,0.4,282.50326983036837
2025-02-08,wk inc flu hosp,3,2025-03-01,54,quantile,0.45,303.4056741920751
2025-02-08,wk inc flu hosp,3,2025-03-01,54,quantile,0.5,327.3735882951727
2025-02-08,wk inc flu hosp,3,2025-03-01,54,quantile,0.55,346.5973510879294
2025-02-08,wk inc flu hosp,3,2025-03-01,54,quantile,0.6,364.36668834973045
2025-02-08,wk inc flu hosp,3,2025-03-01,54,quantile,0.65,391.2350343447147
2025-02-08,wk inc flu hosp,3,2025-03-01,54,quantile,0.7,418.92566760226003
2025-02-08,wk inc flu hosp,3,2025-03-01,54,quantile,0.75,441.32355291103994
2025-02-08,wk inc flu hosp,3,2025-03-01,54,quantile,0.8,451.84053329404793
2025-02-08,wk inc flu hosp,3,2025-03-01,54,quantile,0.85,502.7920207499539
2025-02-08,wk inc flu hosp,3,2025-03-01,54,quantile,0.9,553.8887177838433
2025-02-08,wk inc flu hosp,3,2025-03-01,54,quantile,0.95,624.2951581923874
2025-02-08,wk inc flu hosp,3,2025-03-01,54,quantile,0.975,708.0065661830038
2025-02-08,wk inc flu hosp,3,2025-03-01,54,quantile,0.99,747.8090455110637
2025-02-08,wk inc flu hosp,0,2025-02-08,55,quantile,0.01,0.0
2025-02-08,wk inc flu hosp,0,2025-02-08,55,quantile,0.025,475.15981066701454
2025-02-08,wk inc flu hosp,0,2025-02-08,55,quantile,0.05,502.9074722141973
2025-02-08,wk inc flu hosp,0,2025-02-08,55,quantile,0.1,619.144324806952
2025-02-08,wk inc flu hosp,0,2025-02-08,55,quantile,0.15,649.4103456691554
2025-02-08,wk inc flu hosp,0,2025-02-08,55,quantile,0.2,755.8757647961232
2025-02-08,wk inc flu hosp,0,2025-02-08,55,quantile,0.25,761.1726927992979
2025-02-08,wk inc flu hosp,0,2025-02-08,55,quantile,0.3,764.9530338894008
2025-02-08,wk inc flu hosp,0,2025-02-08,55,quantile,0.35,775.7299576062891
2025-02-08,wk inc flu hosp,0,2025-02-08,55,quantile,0.4,837.3943188627469
2025-02-08,wk inc flu hosp,0,2025-02-08,55,quantile,0.45,858.2960955779348
2025-02-08,wk inc flu hosp,0,2025-02-08,55,quantile,0.5,863.5427298139667
2025-02-08,wk inc flu hosp,0,2025-02-08,55,quantile,0.55,908.0167708515519
2025-02-08,wk inc flu hosp,0,2025-02-08,55,quantile,0.6,964.4537916591976
2025-02-08,wk inc flu hosp,0,2025-02-08,55,quantile,0.65,986.3591663230704
2025-02-08,wk inc flu hosp,0,2025-02-08,55,quantile,0.7,1026.6415866196653
2025-02-08,wk inc flu hosp,0,2025-02-08,55,quantile,0.75,1054.5570928543823
2025-02-08,wk inc flu hosp,0,2025-02-08,55,quantile,0.8,1071.592385513718
2025-02-08,wk inc flu hosp,0,2025-02-08,55,quantile,0.85,1114.7248651964612
2025-02-08,wk inc flu hosp,0,2025-02-08,55,quantile,0.9,1200.3401602072172
2025-02-08,wk inc flu hosp,0,2025-02-08,55,quantile,0.95,1275.9899731021246
2025-02-08,wk inc flu hosp,0,2025-02-08,55,quantile,0.975,1327.846049383903
2025-02-08,wk inc flu hosp,0,2025-02-08,55,quantile,0.99,1344.6278494934124
2025-02-08,wk inc flu hosp,1,2025-02-15,55,quantile,0.01,0.0
2025-02-08,wk inc flu hosp,1,2025-02-15,55,quantile,0.025,111.86270301357465
2025-02-08,wk inc flu hosp,1,2025-02-15,55,quantile,0.05,358.44553416106254
2025-02-08,wk inc flu hosp,1,2025-02-15,55,quantile,0.1,470.8319709746489
2025-02-08,wk inc flu hosp,1,2025-02-15,55,quantile,0.15,554.5719637726426
2025-02-08,wk inc flu hosp,1,2025-02-15,55,quantile,0.2,608.1330678304516
2025-02-08,wk inc flu hosp,1,2025-02-15,55,quantile,0.25,651.4290024430366
2025-02-08,wk inc flu hosp,1,2025-02-15,55,quantile,0.3,678.4602301893241
2025-02-08,wk inc flu hosp,1,2025-02-15,55,quantile,0.35,712.2477447948758
2025-02-08,wk inc flu hosp,1,2025-02-15,55,quantile,0.4,746.8841704946451
2025-02-08,wk inc flu hosp,1,2025-02-15,55,quantile,0.45,776.730360631899
2025-02-08,wk inc flu hosp,1,2025-02-15,55,quantile,0.5,795.5434747470899
2025-02-08,wk inc flu hosp,1,2025-02-15,55,quantile,0.55,825.7593142273258
2025-02-08,wk inc flu hosp,1,2025-02-15,55,quantile,0.6,861.7840990674771
2025-02-08,wk inc flu hosp,1,2025-02-15,55,quantile,0.65,904.5874368624811
2025-02-08,wk inc flu hosp,1,2025-02-15,55,quantile,0.7,926.9187083618513
2025-02-08,wk inc flu hosp,1,2025-02-15,55,quantile,0.75,976.2445592228983
2025-02-08,wk inc flu hosp,1,2025-02-15,55,quantile,0.8,1025.2856094838048
2025-02-08,wk inc flu hosp,1,2025-02-15,55,quantile,0.85,1088.2235993388567
2025-02-08,wk inc flu hosp,1,2025-02-15,55,quantile,0.9,1160.0071413724256
2025-02-08,wk inc flu hosp,1,2025-02-15,55,quantile,0.95,1254.3707131285798
2025-02-08,wk inc flu hosp,1,2025-02-15,55,quantile,0.975,1329.1335709239074
2025-02-08,wk inc flu hosp,1,2025-02-15,55,quantile,0.99,1370.2218587217978
2025-02-08,wk inc flu hosp,2,2025-02-22,55,quantile,0.01,0.0
2025-02-08,wk inc flu hosp,2,2025-02-22,55,quantile,0.025,90.26548020948013
2025-02-08,wk inc flu hosp,2,2025-02-22,55,quantile,0.05,230.87127802567358
2025-02-08,wk inc flu hosp,2,2025-02-22,55,quantile,0.1,370.26283873681524
2025-02-08,wk inc flu hosp,2,2025-02-22,55,quantile,0.15,440.2876527915323
2025-02-08,wk inc flu hosp,2,2025-02-22,55,quantile,0.2,517.0830948590033
2025-02-08,wk inc flu hosp,2,2025-02-22,55,quantile,0.25,559.8828633753329
2025-02-08,wk inc flu hosp,2,2025-02-22,55,quantile,0.3,613.0903877551951
2025-02-08,wk inc flu hosp,2,2025-02-22,55,quantile,0.35,645.1009820475945
2025-02-08,wk inc flu hosp,2,2025-02-22,55,quantile,0.4,683.8858758903351
2025-02-08,wk inc flu hosp,2,2025-02-22,55,quantile,0.45,722.6571053602797
2025-02-08,wk inc flu hosp,2,2025-02-22,55,quantile,0.5,760.9171874646395
2025-02-08,wk inc flu hosp,2,2025-02-22,55,quantile,0.55,798.5504680135471
2025-02-08,wk inc flu hosp,2,2025-02-22,55,quantile,0.6,826.1984301354265
2025-02-08,wk inc flu hosp,2,2025-02-22,55,quantile,0.65,852.5171739919887
2025-02-08,wk inc flu hosp,2,2025-02-22,55,quantile,0.7,886.094080783438
2025-02-08,wk inc flu hosp,2,2025-02-22,55,quantile,0.75,925.823570643478
2025-02-08,wk inc flu hosp,2,2025-02-22,55,quantile,0.8,973.7325566846921
2025-02-08,wk inc flu hosp,2,2025-02-22,55,quantile,0.85,1024.169816462058
2025-02-08,wk inc flu hosp,2,2025-02-22,55,quantile,0.9,1088.5108441838893
2025-02-08,wk inc flu hosp,2,2025-02-22,55,quantile,0.95,1169.9303162385497
2025-02-08,wk inc flu hosp,2,2025-02-22,55,quantile,0.975,1242.6255995280214
2025-02-08,wk inc flu hosp,2,2025-02-22,55,quantile,0.99,1306.6887685036334
2025-02-08,wk inc flu hosp,3,2025-03-01,55,quantile,0.01,0.0
2025-02-08,wk inc flu hosp,3,2025-03-01,55,quantile,0.025,39.74121213193714
2025-02-08,wk inc flu hosp,3,2025-03-01,55,quantile,0.05,169.48606597297814
2025-02-08,wk inc flu hosp,3,2025-03-01,55,quantile,0.1,264.9170015633462
2025-02-08,wk inc flu hosp,3,2025-03-01,55,quantile,0.15,339.0033082012893
2025-02-08,wk inc flu hosp,3,2025-03-01,55,quantile,0.2,416.67626259788113
2025-02-08,wk inc flu hosp,3,2025-03-01,55,quantile,0.25,479.8346808860176
2025-02-08,wk inc flu hosp,3,2025-03-01,55,quantile,0.3,521.5727056921704
2025-02-08,wk inc flu hosp,3,2025-03-01,55,quantile,0.35,570.575855178719
2025-02-08,wk inc flu hosp,3,2025-03-01,55,quantile,0.4,617.0078036463674
2025-02-08,wk inc flu hosp,3,2025-03-01,55,quantile,0.45,662.4066774212296
2025-02-08,wk inc flu hosp,3,2025-03-01,55,quantile,0.5,700.9879322211725
2025-02-08,wk inc flu hosp,3,2025-03-01,55,quantile,0.55,738.8529202342079
2025-02-08,wk inc flu hosp,3,2025-03-01,55,quantile,0.6,775.2649420626914
2025-02-08,wk inc flu hosp,3,2025-03-01,55,quantile,0.65,811.131913870962
2025-02-08,wk inc flu hosp,3,2025-03-01,55,quantile,0.7,859.8976476831152
2025-02-08,wk inc flu hosp,3,2025-03-01,55,quantile,0.75,908.1323891513357
2025-02-08,wk inc flu hosp,3,2025-03-01,55,quantile,0.8,952.4928431653714
2025-02-08,wk inc flu hosp,3,2025-03-01,55,quantile,0.85,1017.4765394269167
2025-02-08,wk inc flu hosp,3,2025-03-01,55,quantile,0.9,1079.6869445102752
2025-02-08,wk inc flu hosp,3,2025-03-01,55,quantile,0.95,1190.100006027367
2025-02-08,wk inc flu hosp,3,2025-03-01,55,quantile,0.975,1285.2652505254616
2025-02-08,wk inc flu hosp,3,2025-03-01,55,quantile,0.99,1375.3606156218084
2025-02-08,wk inc flu hosp,0,2025-02-08,56,quantile,0.01,33.673120163454065
2025-02-08,wk inc flu hosp,0,2025-02-08,56,quantile,0.025,41.51799122561958
2025-02-08,wk inc flu hosp,0,2025-02-08,56,quantile,0.05,52.24511630408201
2025-02-08,wk inc flu hosp,0,2025-02-08,56,quantile,0.1,61.25391684427551
2025-02-08,wk inc flu hosp,0,2025-02-08,56,quantile,0.15,65.16026358324098
2025-02-08,wk inc flu hosp,0,2025-02-08,56,quantile,0.2,67.57250853321244
2025-02-08,wk inc flu hosp,0,2025-02-08,56,quantile,0.25,72.38888204689003
2025-02-08,wk inc flu hosp,0,2025-02-08,56,quantile,0.3,81.2916373616816
2025-02-08,wk inc flu hosp,0,2025-02-08,56,quantile,0.35,87.48972479296722
2025-02-08,wk inc flu hosp,0,2025-02-08,56,quantile,0.4,89.08647088720248
2025-02-08,wk inc flu hosp,0,2025-02-08,56,quantile,0.45,90.57874657341218
2025-02-08,wk inc flu hosp,0,2025-02-08,56,quantile,0.5,92.22545074056143
2025-02-08,wk inc flu hosp,0,2025-02-08,56,quantile,0.55,95.74049557189268
2025-02-08,wk inc flu hosp,0,2025-02-08,56,quantile,0.6,99.95918954791398
2025-02-08,wk inc flu hosp,0,2025-02-08,56,quantile,0.65,110.3720456990004
2025-02-08,wk inc flu hosp,0,2025-02-08,56,quantile,0.7,113.9627603386563
2025-02-08,wk inc flu hosp,0,2025-02-08,56,quantile,0.75,118.77472977389291
2025-02-08,wk inc flu hosp,0,2025-02-08,56,quantile,0.8,122.66704313258676
2025-02-08,wk inc flu hosp,0,2025-02-08,56,quantile,0.85,136.97043698281135
2025-02-08,wk inc flu hosp,0,2025-02-08,56,quantile,0.9,153.96489794240154
2025-02-08,wk inc flu hosp,0,2025-02-08,56,quantile,0.95,162.13264697070287
2025-02-08,wk inc flu hosp,0,2025-02-08,56,quantile,0.975,184.32435761230533
2025-02-08,wk inc flu hosp,0,2025-02-08,56,quantile,0.99,191.3510830061353
2025-02-08,wk inc flu hosp,1,2025-02-15,56,quantile,0.01,25.676152280458023
2025-02-08,wk inc flu hosp,1,2025-02-15,56,quantile,0.025,32.57380616919993
2025-02-08,wk inc flu hosp,1,2025-02-15,56,quantile,0.05,41.86528382641115
2025-02-08,wk inc flu hosp,1,2025-02-15,56,quantile,0.1,52.36588670592279
2025-02-08,wk inc flu hosp,1,2025-02-15,56,quantile,0.15,59.566318743339984
2025-02-08,wk inc flu hosp,1,2025-02-15,56,quantile,0.2,64.91018796368348
2025-02-08,wk inc flu hosp,1,2025-02-15,56,quantile,0.25,68.55331235764157
2025-02-08,wk inc flu hosp,1,2025-02-15,56,quantile,0.3,73.74211267756131
2025-02-08,wk inc flu hosp,1,2025-02-15,56,quantile,0.35,79.31295657670265
2025-02-08,wk inc flu hosp,1,2025-02-15,56,quantile,0.4,83.8655798823878
2025-02-08,wk inc flu hosp,1,2025-02-15,56,quantile,0.45,88.77866361267502
2025-02-08,wk inc flu hosp,1,2025-02-15,56,quantile,0.5,93.71580600665149
2025-02-08,wk inc flu hosp,1,2025-02-15,56,quantile,0.55,101.97252704567072
2025-02-08,wk inc flu hosp,1,2025-02-15,56,quantile,0.6,106.57643170484205
2025-02-08,wk inc flu hosp,1,2025-02-15,56,quantile,0.65,114.72853020396877
2025-02-08,wk inc flu hosp,1,2025-02-15,56,quantile,0.7,122.5117197032145
2025-02-08,wk inc flu hosp,1,2025-02-15,56,quantile,0.75,130.8075117841329
2025-02-08,wk inc flu hosp,1,2025-02-15,56,quantile,0.8,142.14591702350262
2025-02-08,wk inc flu hosp,1,2025-02-15,56,quantile,0.85,153.9679665794444
2025-02-08,wk inc flu hosp,1,2025-02-15,56,quantile,0.9,170.3752098639915
2025-02-08,wk inc flu hosp,1,2025-02-15,56,quantile,0.95,192.43409981904563
2025-02-08,wk inc flu hosp,1,2025-02-15,56,quantile,0.975,216.05094021624492
2025-02-08,wk inc flu hosp,1,2025-02-15,56,quantile,0.99,246.2365295851298
2025-02-08,wk inc flu hosp,2,2025-02-22,56,quantile,0.01,22.755194412942593
2025-02-08,wk inc flu hosp,2,2025-02-22,56,quantile,0.025,30.029951923411755
2025-02-08,wk inc flu hosp,2,2025-02-22,56,quantile,0.05,37.09106260870159
2025-02-08,wk inc flu hosp,2,2025-02-22,56,quantile,0.1,45.59148376282411
2025-02-08,wk inc flu hosp,2,2025-02-22,56,quantile,0.15,52.87519886010778
2025-02-08,wk inc flu hosp,2,2025-02-22,56,quantile,0.2,58.02132139125506
2025-02-08,wk inc flu hosp,2,2025-02-22,56,quantile,0.25,64.06683379249824
2025-02-08,wk inc flu hosp,2,2025-02-22,56,quantile,0.3,70.71560325153592
2025-02-08,wk inc flu hosp,2,2025-02-22,56,quantile,0.35,76.63687284485314
2025-02-08,wk inc flu hosp,2,2025-02-22,56,quantile,0.4,82.19528606462627
2025-02-08,wk inc flu hosp,2,2025-02-22,56,quantile,0.45,88.34548515033612
2025-02-08,wk inc flu hosp,2,2025-02-22,56,quantile,0.5,93.85045883154572
2025-02-08,wk inc flu hosp,2,2025-02-22,56,quantile,0.55,101.60097410181436
2025-02-08,wk inc flu hosp,2,2025-02-22,56,quantile,0.6,108.71504957419491
2025-02-08,wk inc flu hosp,2,2025-02-22,56,quantile,0.65,116.82874693464701
2025-02-08,wk inc flu hosp,2,2025-02-22,56,quantile,0.7,126.7151189789779
2025-02-08,wk inc flu hosp,2,2025-02-22,56,quantile,0.75,139.3294091562338
2025-02-08,wk inc flu hosp,2,2025-02-22,56,quantile,0.8,153.97405830827603
2025-02-08,wk inc flu hosp,2,2025-02-22,56,quantile,0.85,167.10607643718345
2025-02-08,wk inc flu hosp,2,2025-02-22,56,quantile,0.9,188.88676589256153
2025-02-08,wk inc flu hosp,2,2025-02-22,56,quantile,0.95,225.41832568828107
2025-02-08,wk inc flu hosp,2,2025-02-22,56,quantile,0.975,252.1598479940332
2025-02-08,wk inc flu hosp,2,2025-02-22,56,quantile,0.99,289.7361753559119
2025-02-08,wk inc flu hosp,3,2025-03-01,56,quantile,0.01,13.500650608631464
2025-02-08,wk inc flu hosp,3,2025-03-01,56,quantile,0.025,19.583232970015104
2025-02-08,wk inc flu hosp,3,2025-03-01,56,quantile,0.05,25.835028536273583
2025-02-08,wk inc flu hosp,3,2025-03-01,56,quantile,0.1,35.61366270275203
2025-02-08,wk inc flu hosp,3,2025-03-01,56,quantile,0.15,42.70814410688177
2025-02-08,wk inc flu hosp,3,2025-03-01,56,quantile,0.2,47.841939230705876
2025-02-08,wk inc flu hosp,3,2025-03-01,56,quantile,0.25,53.607742369972165
2025-02-08,wk inc flu hosp,3,2025-03-01,56,quantile,0.3,59.0315662739581
2025-02-08,wk inc flu hosp,3,2025-03-01,56,quantile,0.35,64.30417426782869
2025-02-08,wk inc flu hosp,3,2025-03-01,56,quantile,0.4,71.1681714622064
2025-02-08,wk inc flu hosp,3,2025-03-01,56,quantile,0.45,77.66713080687934
2025-02-08,wk inc flu hosp,3,2025-03-01,56,quantile,0.5,84.21797562348573
2025-02-08,wk inc flu hosp,3,2025-03-01,56,quantile,0.55,92.52329995533503
2025-02-08,wk inc flu hosp,3,2025-03-01,56,quantile,0.6,100.02903593425846
2025-02-08,wk inc flu hosp,3,2025-03-01,56,quantile,0.65,109.02792766222684
2025-02-08,wk inc flu hosp,3,2025-03-01,56,quantile,0.7,121.00094778925668
2025-02-08,wk inc flu hosp,3,2025-03-01,56,quantile,0.75,136.57829825215848
2025-02-08,wk inc flu hosp,3,2025-03-01,56,quantile,0.8,154.82969214149557
2025-02-08,wk inc flu hosp,3,2025-03-01,56,quantile,0.85,175.4071038228965
2025-02-08,wk inc flu hosp,3,2025-03-01,56,quantile,0.9,204.00985516604547
2025-02-08,wk inc flu hosp,3,2025-03-01,56,quantile,0.95,240.83156826557615
2025-02-08,wk inc flu hosp,3,2025-03-01,56,quantile,0.975,271.5868262079216
2025-02-08,wk inc flu hosp,3,2025-03-01,56,quantile,0.99,304.4254151375433
2025-02-08,wk inc flu hosp,0,2025-02-08,72,quantile,0.01,0.0
2025-02-08,wk inc flu hosp,0,2025-02-08,72,quantile,0.025,0.0
2025-02-08,wk inc flu hosp,0,2025-02-08,72,quantile,0.05,0.0
2025-02-08,wk inc flu hosp,0,2025-02-08,72,quantile,0.1,0.0
2025-02-08,wk inc flu hosp,0,2025-02-08,72,quantile,0.15,50.40285389540041
2025-02-08,wk inc flu hosp,0,2025-02-08,72,quantile,0.2,56.35916942680374
2025-02-08,wk inc flu hosp,0,2025-02-08,72,quantile,0.25,64.18149783697226
2025-02-08,wk inc flu hosp,0,2025-02-08,72,quantile,0.3,77.8610368357625
2025-02-08,wk inc flu hosp,0,2025-02-08,72,quantile,0.35,81.4712748655358
2025-02-08,wk inc flu hosp,0,2025-02-08,72,quantile,0.4,111.02046343025886
2025-02-08,wk inc flu hosp,0,2025-02-08,72,quantile,0.45,117.79612990139839
2025-02-08,wk inc flu hosp,0,2025-02-08,72,quantile,0.5,120.66054077956531
2025-02-08,wk inc flu hosp,0,2025-02-08,72,quantile,0.55,123.51622639997179
2025-02-08,wk inc flu hosp,0,2025-02-08,72,quantile,0.6,128.34277042365625
2025-02-08,wk inc flu hosp,0,2025-02-08,72,quantile,0.65,154.1820234680501
2025-02-08,wk inc flu hosp,0,2025-02-08,72,quantile,0.7,172.08185433078063
2025-02-08,wk inc flu hosp,0,2025-02-08,72,quantile,0.75,189.44243626592404
2025-02-08,wk inc flu hosp,0,2025-02-08,72,quantile,0.8,217.27080073521725
2025-02-08,wk inc flu hosp,0,2025-02-08,72,quantile,0.85,240.77471040129436
2025-02-08,wk inc flu hosp,0,2025-02-08,72,quantile,0.9,270.5044660677585
2025-02-08,wk inc flu hosp,0,2025-02-08,72,quantile,0.95,405.5142561731415
2025-02-08,wk inc flu hosp,0,2025-02-08,72,quantile,0.975,657.7406048481133
2025-02-08,wk inc flu hosp,0,2025-02-08,72,quantile,0.99,1060.470368014207
2025-02-08,wk inc flu hosp,1,2025-02-15,72,quantile,0.01,0.0
2025-02-08,wk inc flu hosp,1,2025-02-15,72,quantile,0.025,0.0
2025-02-08,wk inc flu hosp,1,2025-02-15,72,quantile,0.05,0.0
2025-02-08,wk inc flu hosp,1,2025-02-15,72,quantile,0.1,0.0
2025-02-08,wk inc flu hosp,1,2025-02-15,72,quantile,0.15,25.541406767294216
2025-02-08,wk inc flu hosp,1,2025-02-15,72,quantile,0.2,30.993821597094463
2025-02-08,wk inc flu hosp,1,2025-02-15,72,quantile,0.25,40.148858346626795
2025-02-08,wk inc flu hosp,1,2025-02-15,72,quantile,0.3,52.582928971639575
2025-02-08,wk inc flu hosp,1,2025-02-15,72,quantile,0.35,64.0117547269457
2025-02-08,wk inc flu hosp,1,2025-02-15,72,quantile,0.4,86.24891404906134
2025-02-08,wk inc flu hosp,1,2025-02-15,72,quantile,0.45,92.82634415334323
2025-02-08,wk inc flu hosp,1,2025-02-15,72,quantile,0.5,97.73261496808058
2025-02-08,wk inc flu hosp,1,2025-02-15,72,quantile,0.55,103.21046897913807
2025-02-08,wk inc flu hosp,1,2025-02-15,72,quantile,0.6,115.23919912841316
2025-02-08,wk inc flu hosp,1,2025-02-15,72,quantile,0.65,134.09054646067577
2025-02-08,wk inc flu hosp,1,2025-02-15,72,quantile,0.7,148.8476218009695
2025-02-08,wk inc flu hosp,1,2025-02-15,72,quantile,0.75,171.50929031472677
2025-02-08,wk inc flu hosp,1,2025-02-15,72,quantile,0.8,196.3098876998509
2025-02-08,wk inc flu hosp,1,2025-02-15,72,quantile,0.85,218.98900008465634
2025-02-08,wk inc flu hosp,1,2025-02-15,72,quantile,0.9,280.9698327845772
2025-02-08,wk inc flu hosp,1,2025-02-15,72,quantile,0.95,404.1526404187696
2025-02-08,wk inc flu hosp,1,2025-02-15,72,quantile,0.975,598.1173367083953
2025-02-08,wk inc flu hosp,1,2025-02-15,72,quantile,0.99,999.892360386224
2025-02-08,wk inc flu hosp,2,2025-02-22,72,quantile,0.01,0.0
2025-02-08,wk inc flu hosp,2,2025-02-22,72,quantile,0.025,0.0
2025-02-08,wk inc flu hosp,2,2025-02-22,72,quantile,0.05,0.0
2025-02-08,wk inc flu hosp,2,2025-02-22,72,quantile,0.1,0.0
2025-02-08,wk inc flu hosp,2,2025-02-22,72,quantile,0.15,11.947692506884218
2025-02-08,wk inc flu hosp,2,2025-02-22,72,quantile,0.2,18.41534934594901
2025-02-08,wk inc flu hosp,2,2025-02-22,72,quantile,0.25,31.609745862574385
2025-02-08,wk inc flu hosp,2,2025-02-22,72,quantile,0.3,42.670540246770564
2025-02-08,wk inc flu hosp,2,2025-02-22,72,quantile,0.35,58.86459274284477
2025-02-08,wk inc flu hosp,2,2025-02-22,72,quantile,0.4,74.19531855605277
2025-02-08,wk inc flu hosp,2,2025-02-22,72,quantile,0.45,79.7758162564602
2025-02-08,wk inc flu hosp,2,2025-02-22,72,quantile,0.5,85.63228947974235
2025-02-08,wk inc flu hosp,2,2025-02-22,72,quantile,0.55,95.28302438836626
2025-02-08,wk inc flu hosp,2,2025-02-22,72,quantile,0.6,108.89328782066383
2025-02-08,wk inc flu hosp,2,2025-02-22,72,quantile,0.65,121.45321149739911
2025-02-08,wk inc flu hosp,2,2025-02-22,72,quantile,0.7,138.15302396646848
2025-02-08,wk inc flu hosp,2,2025-02-22,72,quantile,0.75,159.72998771218735
2025-02-08,wk inc flu hosp,2,2025-02-22,72,quantile,0.8,180.8624828700107
2025-02-08,wk inc flu hosp,2,2025-02-22,72,quantile,0.85,203.9082786075501
2025-02-08,wk inc flu hosp,2,2025-02-22,72,quantile,0.9,263.19003438356856
2025-02-08,wk inc flu hosp,2,2025-02-22,72,quantile,0.95,377.99026178739024
2025-02-08,wk inc flu hosp,2,2025-02-22,72,quantile,0.975,745.5065669653397
2025-02-08,wk inc flu hosp,2,2025-02-22,72,quantile,0.99,1046.167893479624
2025-02-08,wk inc flu hosp,3,2025-03-01,72,quantile,0.01,0.0
2025-02-08,wk inc flu hosp,3,2025-03-01,72,quantile,0.025,0.0
2025-02-08,wk inc flu hosp,3,2025-03-01,72,quantile,0.05,0.0
2025-02-08,wk inc flu hosp,3,2025-03-01,72,quantile,0.1,0.0
2025-02-08,wk inc flu hosp,3,2025-03-01,72,quantile,0.15,0.1110187226658838
2025-02-08,wk inc flu hosp,3,2025-03-01,72,quantile,0.2,12.361859350442874
2025-02-08,wk inc flu hosp,3,2025-03-01,72,quantile,0.25,21.924956047161476
2025-02-08,wk inc flu hosp,3,2025-03-01,72,quantile,0.3,28.976137345000208
2025-02-08,wk inc flu hosp,3,2025-03-01,72,quantile,0.35,37.476481283731054
2025-02-08,wk inc flu hosp,3,2025-03-01,72,quantile,0.4,45.867088611003325
2025-02-08,wk inc flu hosp,3,2025-03-01,72,quantile,0.45,52.439627545343114
2025-02-08,wk inc flu hosp,3,2025-03-01,72,quantile,0.5,60.15661982077701
2025-02-08,wk inc flu hosp,3,2025-03-01,72,quantile,0.55,68.13711345474191
2025-02-08,wk inc flu hosp,3,2025-03-01,72,quantile,0.6,93.90546573178565
2025-02-08,wk inc flu hosp,3,2025-03-01,72,quantile,0.65,104.1779305477115
2025-02-08,wk inc flu hosp,3,2025-03-01,72,quantile,0.7,122.91966462820791
2025-02-08,wk inc flu hosp,3,2025-03-01,72,quantile,0.75,144.13084406443866
2025-02-08,wk inc flu hosp,3,2025-03-01,72,quantile,0.8,157.34737284400458
2025-02-08,wk inc flu hosp,3,2025-03-01,72,quantile,0.85,180.6412854226336
2025-02-08,wk inc flu hosp,3,2025-03-01,72,quantile,0.9,251.11291701739984
2025-02-08,wk inc flu hosp,3,2025-03-01,72,quantile,0.95,363.5301658921543
2025-02-08,wk inc flu hosp,3,2025-03-01,72,quantile,0.975,478.91235991656964
2025-02-08,wk inc flu hosp,3,2025-03-01,72,quantile,0.99,967.6361157924225
2025-02-08,wk flu hosp rate change,0,2025-02-08,US,pmf,stable,0.166
2025-02-08,wk flu hosp rate change,0,2025-02-08,US,pmf,increase,0.191
2025-02-08,wk flu hosp rate change,0,2025-02-08,US,pmf,large_increase,0.38
2025-02-08,wk flu hosp rate change,0,2025-02-08,US,pmf,decrease,0.081
2025-02-08,wk flu hosp rate change,0,2025-02-08,US,pmf,large_decrease,0.182
2025-02-08,wk flu hosp rate change,1,2025-02-15,US,pmf,stable,0.103
2025-02-08,wk flu hosp rate change,1,2025-02-15,US,pmf,increase,0.338
2025-02-08,wk flu hosp rate change,1,2025-02-15,US,pmf,large_increase,0.251
2025-02-08,wk flu hosp rate change,1,2025-02-15,US,pmf,decrease,0.16
2025-02-08,wk flu hosp rate change,1,2025-02-15,US,pmf,large_decrease,0.148
2025-02-08,wk flu hosp rate change,2,2025-02-22,US,pmf,stable,0.1420000000000001
2025-02-08,wk flu hosp rate change,2,2025-02-22,US,pmf,increase,0.342
2025-02-08,wk flu hosp rate change,2,2025-02-22,US,pmf,large_increase,0.202
2025-02-08,wk flu hosp rate change,2,2025-02-22,US,pmf,decrease,0.186
2025-02-08,wk flu hosp rate change,2,2025-02-22,US,pmf,large_decrease,0.128
2025-02-08,wk flu hosp rate change,3,2025-03-01,US,pmf,stable,0.227
2025-02-08,wk flu hosp rate change,3,2025-03-01,US,pmf,increase,0.318
2025-02-08,wk flu hosp rate change,3,2025-03-01,US,pmf,large_increase,0.093
2025-02-08,wk flu hosp rate change,3,2025-03-01,US,pmf,decrease,0.234
2025-02-08,wk flu hosp rate change,3,2025-03-01,US,pmf,large_decrease,0.128
2025-02-08,wk flu hosp rate change,0,2025-02-08,01,pmf,stable,0.09
2025-02-08,wk flu hosp rate change,0,2025-02-08,01,pmf,increase,0.148
2025-02-08,wk flu hosp rate change,0,2025-02-08,01,pmf,large_increase,0.281
2025-02-08,wk flu hosp rate change,0,2025-02-08,01,pmf,decrease,0.223
2025-02-08,wk flu hosp rate change,0,2025-02-08,01,pmf,large_decrease,0.258
2025-02-08,wk flu hosp rate change,1,2025-02-15,01,pmf,stable,0.067
2025-02-08,wk flu hosp rate change,1,2025-02-15,01,pmf,increase,0.146
2025-02-08,wk flu hosp rate change,1,2025-02-15,01,pmf,large_increase,0.214
2025-02-08,wk flu hosp rate change,1,2025-02-15,01,pmf,decrease,0.25
2025-02-08,wk flu hosp rate change,1,2025-02-15,01,pmf,large_decrease,0.323
2025-02-08,wk flu hosp rate change,2,2025-02-22,01,pmf,stable,0.106
2025-02-08,wk flu hosp rate change,2,2025-02-22,01,pmf,increase,0.152
2025-02-08,wk flu hosp rate change,2,2025-02-22,01,pmf,large_increase,0.132
2025-02-08,wk flu hosp rate change,2,2025-02-22,01,pmf,decrease,0.245
2025-02-08,wk flu hosp rate change,2,2025-02-22,01,pmf,large_decrease,0.365
2025-02-08,wk flu hosp rate change,3,2025-03-01,01,pmf,stable,0.096
2025-02-08,wk flu hosp rate change,3,2025-03-01,01,pmf,increase,0.124
2025-02-08,wk flu hosp rate change,3,2025-03-01,01,pmf,large_increase,0.075
2025-02-08,wk flu hosp rate change,3,2025-03-01,01,pmf,decrease,0.262
2025-02-08,wk flu hosp rate change,3,2025-03-01,01,pmf,large_decrease,0.443
2025-02-08,wk flu hosp rate change,0,2025-02-08,02,pmf,stable,0.1389999999999999
2025-02-08,wk flu hosp rate change,0,2025-02-08,02,pmf,increase,0.245
2025-02-08,wk flu hosp rate change,0,2025-02-08,02,pmf,large_increase,0.126
2025-02-08,wk flu hosp rate change,0,2025-02-08,02,pmf,decrease,0.391
2025-02-08,wk flu hosp rate change,0,2025-02-08,02,pmf,large_decrease,0.099
2025-02-08,wk flu hosp rate change,1,2025-02-15,02,pmf,stable,0.18100000000000005
2025-02-08,wk flu hosp rate change,1,2025-02-15,02,pmf,increase,0.282
2025-02-08,wk flu hosp rate change,1,2025-02-15,02,pmf,large_increase,0.109
2025-02-08,wk flu hosp rate change,1,2025-02-15,02,pmf,decrease,0.383
2025-02-08,wk flu hosp rate change,1,2025-02-15,02,pmf,large_decrease,0.045
2025-02-08,wk flu hosp rate change,2,2025-02-22,02,pmf,stable,0.20500000000000007
2025-02-08,wk flu hosp rate change,2,2025-02-22,02,pmf,increase,0.264
2025-02-08,wk flu hosp rate change,2,2025-02-22,02,pmf,large_increase,0.108
2025-02-08,wk flu hosp rate change,2,2025-02-22,02,pmf,decrease,0.422
2025-02-08,wk flu hosp rate change,2,2025-02-22,02,pmf,large_decrease,0.001
2025-02-08,wk flu hosp rate change,3,2025-03-01,02,pmf,stable,0.261
2025-02-08,wk flu hosp rate change,3,2025-03-01,02,pmf,increase,0.275
2025-02-08,wk flu hosp rate change,3,2025-03-01,02,pmf,large_increase,0.095
2025-02-08,wk flu hosp rate change,3,2025-03-01,02,pmf,decrease,0.368
2025-02-08,wk flu hosp rate change,3,2025-03-01,02,pmf,large_decrease,0.001
2025-02-08,wk flu hosp rate change,0,2025-02-08,04,pmf,stable,0.09
2025-02-08,wk flu hosp rate change,0,2025-02-08,04,pmf,increase,0.038
2025-02-08,wk flu hosp rate change,0,2025-02-08,04,pmf,large_increase,0.077
2025-02-08,wk flu hosp rate change,0,2025-02-08,04,pmf,decrease,0.141
2025-02-08,wk flu hosp rate change,0,2025-02-08,04,pmf,large_decrease,0.654
2025-02-08,wk flu hosp rate change,1,2025-02-15,04,pmf,stable,0.04
2025-02-08,wk flu hosp rate change,1,2025-02-15,04,pmf,increase,0.051
2025-02-08,wk flu hosp rate change,1,2025-02-15,04,pmf,large_increase,0.014
2025-02-08,wk flu hosp rate change,1,2025-02-15,04,pmf,decrease,0.182
2025-02-08,wk flu hosp rate change,1,2025-02-15,04,pmf,large_decrease,0.713
2025-02-08,wk flu hosp rate change,2,2025-02-22,04,pmf,stable,0.032
2025-02-08,wk flu hosp rate change,2,2025-02-22,04,pmf,increase,0.027
2025-02-08,wk flu hosp rate change,2,2025-02-22,04,pmf,large_increase,0.008
2025-02-08,wk flu hosp rate change,2,2025-02-22,04,pmf,decrease,0.149
2025-02-08,wk flu hosp rate change,2,2025-02-22,04,pmf,large_decrease,0.784
2025-02-08,wk flu hosp rate change,3,2025-03-01,04,pmf,stable,0.02300000000000011
2025-02-08,wk flu hosp rate change,3,2025-03-01,04,pmf,increase,0.014
2025-02-08,wk flu hosp rate change,3,2025-03-01,04,pmf,large_increase,0.001
2025-02-08,wk flu hosp rate change,3,2025-03-01,04,pmf,decrease,0.133
2025-02-08,wk flu hosp rate change,3,2025-03-01,04,pmf,large_decrease,0.829
2025-02-08,wk flu hosp rate change,0,2025-02-08,05,pmf,stable,0.01
2025-02-08,wk flu hosp rate change,0,2025-02-08,05,pmf,increase,0.1
2025-02-08,wk flu hosp rate change,0,2025-02-08,05,pmf,large_increase,0.453
2025-02-08,wk flu hosp rate change,0,2025-02-08,05,pmf,decrease,0.148
2025-02-08,wk flu hosp rate change,0,2025-02-08,05,pmf,large_decrease,0.289
2025-02-08,wk flu hosp rate change,1,2025-02-15,05,pmf,stable,0.048
2025-02-08,wk flu hosp rate change,1,2025-02-15,05,pmf,increase,0.111
2025-02-08,wk flu hosp rate change,1,2025-02-15,05,pmf,large_increase,0.463
2025-02-08,wk flu hosp rate change,1,2025-02-15,05,pmf,decrease,0.118
2025-02-08,wk flu hosp rate change,1,2025-02-15,05,pmf,large_decrease,0.26
2025-02-08,wk flu hosp rate change,2,2025-02-22,05,pmf,stable,0.05
2025-02-08,wk flu hosp rate change,2,2025-02-22,05,pmf,increase,0.102
2025-02-08,wk flu hosp rate change,2,2025-02-22,05,pmf,large_increase,0.468
2025-02-08,wk flu hosp rate change,2,2025-02-22,05,pmf,decrease,0.13
2025-02-08,wk flu hosp rate change,2,2025-02-22,05,pmf,large_decrease,0.25
2025-02-08,wk flu hosp rate change,3,2025-03-01,05,pmf,stable,0.068
2025-02-08,wk flu hosp rate change,3,2025-03-01,05,pmf,increase,0.1
2025-02-08,wk flu hosp rate change,3,2025-03-01,05,pmf,large_increase,0.42
2025-02-08,wk flu hosp rate change,3,2025-03-01,05,pmf,decrease,0.151
2025-02-08,wk flu hosp rate change,3,2025-03-01,05,pmf,large_decrease,0.261
2025-02-08,wk flu hosp rate change,0,2025-02-08,06,pmf,stable,0.006999999999999888
2025-02-08,wk flu hosp rate change,0,2025-02-08,06,pmf,increase,0.039
2025-02-08,wk flu hosp rate change,0,2025-02-08,06,pmf,large_increase,0.001
2025-02-08,wk flu hosp rate change,0,2025-02-08,06,pmf,decrease,0.154
2025-02-08,wk flu hosp rate change,0,2025-02-08,06,pmf,large_decrease,0.799
2025-02-08,wk flu hosp rate change,1,2025-02-15,06,pmf,stable,0.01800000000000011
2025-02-08,wk flu hosp rate change,1,2025-02-15,06,pmf,increase,0.014
2025-02-08,wk flu hosp rate change,1,2025-02-15,06,pmf,large_increase,0.001
2025-02-08,wk flu hosp rate change,1,2025-02-15,06,pmf,decrease,0.253
2025-02-08,wk flu hosp rate change,1,2025-02-15,06,pmf,large_decrease,0.714
2025-02-08,wk flu hosp rate change,2,2025-02-22,06,pmf,stable,0.019999999999999997
2025-02-08,wk flu hosp rate change,2,2025-02-22,06,pmf,increase,0.001
2025-02-08,wk flu hosp rate change,2,2025-02-22,06,pmf,large_increase,0.001
2025-02-08,wk flu hosp rate change,2,2025-02-22,06,pmf,decrease,0.454
2025-02-08,wk flu hosp rate change,2,2025-02-22,06,pmf,large_decrease,0.524
2025-02-08,wk flu hosp rate change,3,2025-03-01,06,pmf,stable,0.011999999999999999
2025-02-08,wk flu hosp rate change,3,2025-03-01,06,pmf,increase,0.001
2025-02-08,wk flu hosp rate change,3,2025-03-01,06,pmf,large_increase,0.001
2025-02-08,wk flu hosp rate change,3,2025-03-01,06,pmf,decrease,0.48
2025-02-08,wk flu hosp rate change,3,2025-03-01,06,pmf,large_decrease,0.506
2025-02-08,wk flu hosp rate change,0,2025-02-08,08,pmf,stable,0.129
2025-02-08,wk flu hosp rate change,0,2025-02-08,08,pmf,increase,0.151
2025-02-08,wk flu hosp rate change,0,2025-02-08,08,pmf,large_increase,0.134
2025-02-08,wk flu hosp rate change,0,2025-02-08,08,pmf,decrease,0.27
2025-02-08,wk flu hosp rate change,0,2025-02-08,08,pmf,large_decrease,0.316
2025-02-08,wk flu hosp rate change,1,2025-02-15,08,pmf,stable,0.113
2025-02-08,wk flu hosp rate change,1,2025-02-15,08,pmf,increase,0.182
2025-02-08,wk flu hosp rate change,1,2025-02-15,08,pmf,large_increase,0.072
2025-02-08,wk flu hosp rate change,1,2025-02-15,08,pmf,decrease,0.396
2025-02-08,wk flu hosp rate change,1,2025-02-15,08,pmf,large_decrease,0.237
2025-02-08,wk flu hosp rate change,2,2025-02-22,08,pmf,stable,0.137
2025-02-08,wk flu hosp rate change,2,2025-02-22,08,pmf,increase,0.164
2025-02-08,wk flu hosp rate change,2,2025-02-22,08,pmf,large_increase,0.037
2025-02-08,wk flu hosp rate change,2,2025-02-22,08,pmf,decrease,0.449
2025-02-08,wk flu hosp rate change,2,2025-02-22,08,pmf,large_decrease,0.213
2025-02-08,wk flu hosp rate change,3,2025-03-01,08,pmf,stable,0.2
2025-02-08,wk flu hosp rate change,3,2025-03-01,08,pmf,increase,0.133
2025-02-08,wk flu hosp rate change,3,2025-03-01,08,pmf,large_increase,0.012
2025-02-08,wk flu hosp rate change,3,2025-03-01,08,pmf,decrease,0.446
2025-02-08,wk flu hosp rate change,3,2025-03-01,08,pmf,large_decrease,0.209
2025-02-08,wk flu hosp rate change,0,2025-02-08,09,pmf,stable,0.134
2025-02-08,wk flu hosp rate change,0,2025-02-08,09,pmf,increase,0.109
2025-02-08,wk flu hosp rate change,0,2025-02-08,09,pmf,large_increase,0.079
2025-02-08,wk flu hosp rate change,0,2025-02-08,09,pmf,decrease,0.167
2025-02-08,wk flu hosp rate change,0,2025-02-08,09,pmf,large_decrease,0.511
2025-02-08,wk flu hosp rate change,1,2025-02-15,09,pmf,stable,0.096
2025-02-08,wk flu hosp rate change,1,2025-02-15,09,pmf,increase,0.065
2025-02-08,wk flu hosp rate change,1,2025-02-15,09,pmf,large_increase,0.012
2025-02-08,wk flu hosp rate change,1,2025-02-15,09,pmf,decrease,0.286
2025-02-08,wk flu hosp rate change,1,2025-02-15,09,pmf,large_decrease,0.541
2025-02-08,wk flu hosp rate change,2,2025-02-22,09,pmf,stable,0.081
2025-02-08,wk flu hosp rate change,2,2025-02-22,09,pmf,increase,0.048
2025-02-08,wk flu hosp rate change,2,2025-02-22,09,pmf,large_increase,0.002
2025-02-08,wk flu hosp rate change,2,2025-02-22,09,pmf,decrease,0.315
2025-02-08,wk flu hosp rate change,2,2025-02-22,09,pmf,large_decrease,0.554
2025-02-08,wk flu hosp rate change,3,2025-03-01,09,pmf,stable,0.05800000000000011
2025-02-08,wk flu hosp rate change,3,2025-03-01,09,pmf,increase,0.021
2025-02-08,wk flu hosp rate change,3,2025-03-01,09,pmf,large_increase,0.001
2025-02-08,wk flu hosp rate change,3,2025-03-01,09,pmf,decrease,0.347
2025-02-08,wk flu hosp rate change,3,2025-03-01,09,pmf,large_decrease,0.573
2025-02-08,wk flu hosp rate change,0,2025-02-08,10,pmf,stable,0.014999999999999833
2025-02-08,wk flu hosp rate change,0,2025-02-08,10,pmf,increase,0.085
2025-02-08,wk flu hosp rate change,0,2025-02-08,10,pmf,large_increase,0.537
2025-02-08,wk flu hosp rate change,0,2025-02-08,10,pmf,decrease,0.099
2025-02-08,wk flu hosp rate change,0,2025-02-08,10,pmf,large_decrease,0.264
2025-02-08,wk flu hosp rate change,1,2025-02-15,10,pmf,stable,0.054999999999999855
2025-02-08,wk flu hosp rate change,1,2025-02-15,10,pmf,increase,0.104
2025-02-08,wk flu hosp rate change,1,2025-02-15,10,pmf,large_increase,0.459
2025-02-08,wk flu hosp rate change,1,2025-02-15,10,pmf,decrease,0.114
2025-02-08,wk flu hosp rate change,1,2025-02-15,10,pmf,large_decrease,0.268
2025-02-08,wk flu hosp rate change,2,2025-02-22,10,pmf,stable,0.05799999999999998
2025-02-08,wk flu hosp rate change,2,2025-02-22,10,pmf,increase,0.136
2025-02-08,wk flu hosp rate change,2,2025-02-22,10,pmf,large_increase,0.401
2025-02-08,wk flu hosp rate change,2,2025-02-22,10,pmf,decrease,0.151
2025-02-08,wk flu hosp rate change,2,2025-02-22,10,pmf,large_decrease,0.254
2025-02-08,wk flu hosp rate change,3,2025-03-01,10,pmf,stable,0.07
2025-02-08,wk flu hosp rate change,3,2025-03-01,10,pmf,increase,0.145
2025-02-08,wk flu hosp rate change,3,2025-03-01,10,pmf,large_increase,0.284
2025-02-08,wk flu hosp rate change,3,2025-03-01,10,pmf,decrease,0.192
2025-02-08,wk flu hosp rate change,3,2025-03-01,10,pmf,large_decrease,0.309
2025-02-08,wk flu hosp rate change,0,2025-02-08,11,pmf,stable,0.010000000000000037
2025-02-08,wk flu hosp rate change,0,2025-02-08,11,pmf,increase,0.017
2025-02-08,wk flu hosp rate change,0,2025-02-08,11,pmf,large_increase,0.105
2025-02-08,wk flu hosp rate change,0,2025-02-08,11,pmf,decrease,0.083
2025-02-08,wk flu hosp rate change,0,2025-02-08,11,pmf,large_decrease,0.785
2025-02-08,wk flu hosp rate change,1,2025-02-15,11,pmf,stable,0.023999999999999952
2025-02-08,wk flu hosp rate change,1,2025-02-15,11,pmf,increase,0.043
2025-02-08,wk flu hosp rate change,1,2025-02-15,11,pmf,large_increase,0.046
2025-02-08,wk flu hosp rate change,1,2025-02-15,11,pmf,decrease,0.09
2025-02-08,wk flu hosp rate change,1,2025-02-15,11,pmf,large_decrease,0.797
2025-02-08,wk flu hosp rate change,2,2025-02-22,11,pmf,stable,0.02400000000000009
2025-02-08,wk flu hosp rate change,2,2025-02-22,11,pmf,increase,0.044
2025-02-08,wk flu hosp rate change,2,2025-02-22,11,pmf,large_increase,0.021
2025-02-08,wk flu hosp rate change,2,2025-02-22,11,pmf,decrease,0.098
2025-02-08,wk flu hosp rate change,2,2025-02-22,11,pmf,large_decrease,0.813
2025-02-08,wk flu hosp rate change,3,2025-03-01,11,pmf,stable,0.02599999999999999
2025-02-08,wk flu hosp rate change,3,2025-03-01,11,pmf,increase,0.033
2025-02-08,wk flu hosp rate change,3,2025-03-01,11,pmf,large_increase,0.001
2025-02-08,wk flu hosp rate change,3,2025-03-01,11,pmf,decrease,0.099
2025-02-08,wk flu hosp rate change,3,2025-03-01,11,pmf,large_decrease,0.841
2025-02-08,wk flu hosp rate change,0,2025-02-08,12,pmf,stable,-0.0030000000000000035
2025-02-08,wk flu hosp rate change,0,2025-02-08,12,pmf,increase,0.001
2025-02-08,wk flu hosp rate change,0,2025-02-08,12,pmf,large_increase,0.001
2025-02-08,wk flu hosp rate change,0,2025-02-08,12,pmf,decrease,0.001
2025-02-08,wk flu hosp rate change,0,2025-02-08,12,pmf,large_decrease,1.0
2025-02-08,wk flu hosp rate change,1,2025-02-15,12,pmf,stable,-0.0030000000000000035
2025-02-08,wk flu hosp rate change,1,2025-02-15,12,pmf,increase,0.001
2025-02-08,wk flu hosp rate change,1,2025-02-15,12,pmf,large_increase,0.001
2025-02-08,wk flu hosp rate change,1,2025-02-15,12,pmf,decrease,0.001
2025-02-08,wk flu hosp rate change,1,2025-02-15,12,pmf,large_decrease,1.0
2025-02-08,wk flu hosp rate change,2,2025-02-22,12,pmf,stable,-0.0030000000000000035
2025-02-08,wk flu hosp rate change,2,2025-02-22,12,pmf,increase,0.001
2025-02-08,wk flu hosp rate change,2,2025-02-22,12,pmf,large_increase,0.001
2025-02-08,wk flu hosp rate change,2,2025-02-22,12,pmf,decrease,0.001
2025-02-08,wk flu hosp rate change,2,2025-02-22,12,pmf,large_decrease,1.0
2025-02-08,wk flu hosp rate change,3,2025-03-01,12,pmf,stable,-0.0030000000000000035
2025-02-08,wk flu hosp rate change,3,2025-03-01,12,pmf,increase,0.001
2025-02-08,wk flu hosp rate change,3,2025-03-01,12,pmf,large_increase,0.001
2025-02-08,wk flu hosp rate change,3,2025-03-01,12,pmf,decrease,0.001
2025-02-08,wk flu hosp rate change,3,2025-03-01,12,pmf,large_decrease,1.0
2025-02-08,wk flu hosp rate change,0,2025-02-08,13,pmf,stable,0.112
2025-02-08,wk flu hosp rate change,0,2025-02-08,13,pmf,increase,0.042
2025-02-08,wk flu hosp rate change,0,2025-02-08,13,pmf,large_increase,0.109
2025-02-08,wk flu hosp rate change,0,2025-02-08,13,pmf,decrease,0.217
2025-02-08,wk flu hosp rate change,0,2025-02-08,13,pmf,large_decrease,0.52
2025-02-08,wk flu hosp rate change,1,2025-02-15,13,pmf,stable,0.061
2025-02-08,wk flu hosp rate change,1,2025-02-15,13,pmf,increase,0.071
2025-02-08,wk flu hosp rate change,1,2025-02-15,13,pmf,large_increase,0.039
2025-02-08,wk flu hosp rate change,1,2025-02-15,13,pmf,decrease,0.192
2025-02-08,wk flu hosp rate change,1,2025-02-15,13,pmf,large_decrease,0.637
2025-02-08,wk flu hosp rate change,2,2025-02-22,13,pmf,stable,0.042
2025-02-08,wk flu hosp rate change,2,2025-02-22,13,pmf,increase,0.045
2025-02-08,wk flu hosp rate change,2,2025-02-22,13,pmf,large_increase,0.024
2025-02-08,wk flu hosp rate change,2,2025-02-22,13,pmf,decrease,0.199
2025-02-08,wk flu hosp rate change,2,2025-02-22,13,pmf,large_decrease,0.69
2025-02-08,wk flu hosp rate change,3,2025-03-01,13,pmf,stable,0.034
2025-02-08,wk flu hosp rate change,3,2025-03-01,13,pmf,increase,0.031
2025-02-08,wk flu hosp rate change,3,2025-03-01,13,pmf,large_increase,0.008
2025-02-08,wk flu hosp rate change,3,2025-03-01,13,pmf,decrease,0.222
2025-02-08,wk flu hosp rate change,3,2025-03-01,13,pmf,large_decrease,0.705
2025-02-08,wk flu hosp rate change,0,2025-02-08,15,pmf,stable,0.1
2025-02-08,wk flu hosp rate change,0,2025-02-08,15,pmf,increase,0.275
2025-02-08,wk flu hosp rate change,0,2025-02-08,15,pmf,large_increase,0.285
2025-02-08,wk flu hosp rate change,0,2025-02-08,15,pmf,decrease,0.183
2025-02-08,wk flu hosp rate change,0,2025-02-08,15,pmf,large_decrease,0.157
2025-02-08,wk flu hosp rate change,1,2025-02-15,15,pmf,stable,0.14400000000000007
2025-02-08,wk flu hosp rate change,1,2025-02-15,15,pmf,increase,0.271
2025-02-08,wk flu hosp rate change,1,2025-02-15,15,pmf,large_increase,0.211
2025-02-08,wk flu hosp rate change,1,2025-02-15,15,pmf,decrease,0.291
2025-02-08,wk flu hosp rate change,1,2025-02-15,15,pmf,large_decrease,0.083
2025-02-08,wk flu hosp rate change,2,2025-02-22,15,pmf,stable,0.1740000000000001
2025-02-08,wk flu hosp rate change,2,2025-02-22,15,pmf,increase,0.302
2025-02-08,wk flu hosp rate change,2,2025-02-22,15,pmf,large_increase,0.176
2025-02-08,wk flu hosp rate change,2,2025-02-22,15,pmf,decrease,0.309
2025-02-08,wk flu hosp rate change,2,2025-02-22,15,pmf,large_decrease,0.039
2025-02-08,wk flu hosp rate change,3,2025-03-01,15,pmf,stable,0.22500000000000012
2025-02-08,wk flu hosp rate change,3,2025-03-01,15,pmf,increase,0.279
2025-02-08,wk flu hosp rate change,3,2025-03-01,15,pmf,large_increase,0.131
2025-02-08,wk flu hosp rate change,3,2025-03-01,15,pmf,decrease,0.364
2025-02-08,wk flu hosp rate change,3,2025-03-01,15,pmf,large_decrease,0.001
2025-02-08,wk flu hosp rate change,0,2025-02-08,16,pmf,stable,0.05699999999999994
2025-02-08,wk flu hosp rate change,0,2025-02-08,16,pmf,increase,0.113
2025-02-08,wk flu hosp rate change,0,2025-02-08,16,pmf,large_increase,0.145
2025-02-08,wk flu hosp rate change,0,2025-02-08,16,pmf,decrease,0.179
2025-02-08,wk flu hosp rate change,0,2025-02-08,16,pmf,large_decrease,0.506
2025-02-08,wk flu hosp rate change,1,2025-02-15,16,pmf,stable,0.086
2025-02-08,wk flu hosp rate change,1,2025-02-15,16,pmf,increase,0.133
2025-02-08,wk flu hosp rate change,1,2025-02-15,16,pmf,large_increase,0.11
2025-02-08,wk flu hosp rate change,1,2025-02-15,16,pmf,decrease,0.31
2025-02-08,wk flu hosp rate change,1,2025-02-15,16,pmf,large_decrease,0.361
2025-02-08,wk flu hosp rate change,2,2025-02-22,16,pmf,stable,0.098
2025-02-08,wk flu hosp rate change,2,2025-02-22,16,pmf,increase,0.124
2025-02-08,wk flu hosp rate change,2,2025-02-22,16,pmf,large_increase,0.069
2025-02-08,wk flu hosp rate change,2,2025-02-22,16,pmf,decrease,0.342
2025-02-08,wk flu hosp rate change,2,2025-02-22,16,pmf,large_decrease,0.367
2025-02-08,wk flu hosp rate change,3,2025-03-01,16,pmf,stable,0.111
2025-02-08,wk flu hosp rate change,3,2025-03-01,16,pmf,increase,0.097
2025-02-08,wk flu hosp rate change,3,2025-03-01,16,pmf,large_increase,0.047
2025-02-08,wk flu hosp rate change,3,2025-03-01,16,pmf,decrease,0.402
2025-02-08,wk flu hosp rate change,3,2025-03-01,16,pmf,large_decrease,0.343
2025-02-08,wk flu hosp rate change,0,2025-02-08,17,pmf,stable,0.077
2025-02-08,wk flu hosp rate change,0,2025-02-08,17,pmf,increase,0.149
2025-02-08,wk flu hosp rate change,0,2025-02-08,17,pmf,large_increase,0.405
2025-02-08,wk flu hosp rate change,0,2025-02-08,17,pmf,decrease,0.084
2025-02-08,wk flu hosp rate change,0,2025-02-08,17,pmf,large_decrease,0.285
2025-02-08,wk flu hosp rate change,1,2025-02-15,17,pmf,stable,0.08
2025-02-08,wk flu hosp rate change,1,2025-02-15,17,pmf,increase,0.158
2025-02-08,wk flu hosp rate change,1,2025-02-15,17,pmf,large_increase,0.316
2025-02-08,wk flu hosp rate change,1,2025-02-15,17,pmf,decrease,0.161
2025-02-08,wk flu hosp rate change,1,2025-02-15,17,pmf,large_decrease,0.285
2025-02-08,wk flu hosp rate change,2,2025-02-22,17,pmf,stable,0.0880000000000001
2025-02-08,wk flu hosp rate change,2,2025-02-22,17,pmf,increase,0.145
2025-02-08,wk flu hosp rate change,2,2025-02-22,17,pmf,large_increase,0.217
2025-02-08,wk flu hosp rate change,2,2025-02-22,17,pmf,decrease,0.188
2025-02-08,wk flu hosp rate change,2,2025-02-22,17,pmf,large_decrease,0.362
2025-02-08,wk flu hosp rate change,3,2025-03-01,17,pmf,stable,0.085
2025-02-08,wk flu hosp rate change,3,2025-03-01,17,pmf,increase,0.138
2025-02-08,wk flu hosp rate change,3,2025-03-01,17,pmf,large_increase,0.144
2025-02-08,wk flu hosp rate change,3,2025-03-01,17,pmf,decrease,0.225
2025-02-08,wk flu hosp rate change,3,2025-03-01,17,pmf,large_decrease,0.408
2025-02-08,wk flu hosp rate change,0,2025-02-08,18,pmf,stable,0.043
2025-02-08,wk flu hosp rate change,0,2025-02-08,18,pmf,increase,0.103
2025-02-08,wk flu hosp rate change,0,2025-02-08,18,pmf,large_increase,0.333
2025-02-08,wk flu hosp rate change,0,2025-02-08,18,pmf,decrease,0.123
2025-02-08,wk flu hosp rate change,0,2025-02-08,18,pmf,large_decrease,0.398
2025-02-08,wk flu hosp rate change,1,2025-02-15,18,pmf,stable,0.061
2025-02-08,wk flu hosp rate change,1,2025-02-15,18,pmf,increase,0.126
2025-02-08,wk flu hosp rate change,1,2025-02-15,18,pmf,large_increase,0.128
2025-02-08,wk flu hosp rate change,1,2025-02-15,18,pmf,decrease,0.152
2025-02-08,wk flu hosp rate change,1,2025-02-15,18,pmf,large_decrease,0.533
2025-02-08,wk flu hosp rate change,2,2025-02-22,18,pmf,stable,0.06
2025-02-08,wk flu hosp rate change,2,2025-02-22,18,pmf,increase,0.102
2025-02-08,wk flu hosp rate change,2,2025-02-22,18,pmf,large_increase,0.049
2025-02-08,wk flu hosp rate change,2,2025-02-22,18,pmf,decrease,0.185
2025-02-08,wk flu hosp rate change,2,2025-02-22,18,pmf,large_decrease,0.604
2025-02-08,wk flu hosp rate change,3,2025-03-01,18,pmf,stable,0.064
2025-02-08,wk flu hosp rate change,3,2025-03-01,18,pmf,increase,0.059
2025-02-08,wk flu hosp rate change,3,2025-03-01,18,pmf,large_increase,0.014
2025-02-08,wk flu hosp rate change,3,2025-03-01,18,pmf,decrease,0.196
2025-02-08,wk flu hosp rate change,3,2025-03-01,18,pmf,large_decrease,0.667
2025-02-08,wk flu hosp rate change,0,2025-02-08,19,pmf,stable,0.013
2025-02-08,wk flu hosp rate change,0,2025-02-08,19,pmf,increase,0.144
2025-02-08,wk flu hosp rate change,0,2025-02-08,19,pmf,large_increase,0.029
2025-02-08,wk flu hosp rate change,0,2025-02-08,19,pmf,decrease,0.132
2025-02-08,wk flu hosp rate change,0,2025-02-08,19,pmf,large_decrease,0.682
2025-02-08,wk flu hosp rate change,1,2025-02-15,19,pmf,stable,0.045
2025-02-08,wk flu hosp rate change,1,2025-02-15,19,pmf,increase,0.057
2025-02-08,wk flu hosp rate change,1,2025-02-15,19,pmf,large_increase,0.001
2025-02-08,wk flu hosp rate change,1,2025-02-15,19,pmf,decrease,0.217
2025-02-08,wk flu hosp rate change,1,2025-02-15,19,pmf,large_decrease,0.68
2025-02-08,wk flu hosp rate change,2,2025-02-22,19,pmf,stable,0.04300000000000011
2025-02-08,wk flu hosp rate change,2,2025-02-22,19,pmf,increase,0.014
2025-02-08,wk flu hosp rate change,2,2025-02-22,19,pmf,large_increase,0.001
2025-02-08,wk flu hosp rate change,2,2025-02-22,19,pmf,decrease,0.19
2025-02-08,wk flu hosp rate change,2,2025-02-22,19,pmf,large_decrease,0.752
2025-02-08,wk flu hosp rate change,3,2025-03-01,19,pmf,stable,0.03700000000000011
2025-02-08,wk flu hosp rate change,3,2025-03-01,19,pmf,increase,0.004
2025-02-08,wk flu hosp rate change,3,2025-03-01,19,pmf,large_increase,0.001
2025-02-08,wk flu hosp rate change,3,2025-03-01,19,pmf,decrease,0.228
2025-02-08,wk flu hosp rate change,3,2025-03-01,19,pmf,large_decrease,0.73
2025-02-08,wk flu hosp rate change,0,2025-02-08,20,pmf,stable,0.06799999999999999
2025-02-08,wk flu hosp rate change,0,2025-02-08,20,pmf,increase,0.193
2025-02-08,wk flu hosp rate change,0,2025-02-08,20,pmf,large_increase,0.215
2025-02-08,wk flu hosp rate change,0,2025-02-08,20,pmf,decrease,0.214
2025-02-08,wk flu hosp rate change,0,2025-02-08,20,pmf,large_decrease,0.31
2025-02-08,wk flu hosp rate change,1,2025-02-15,20,pmf,stable,0.102
2025-02-08,wk flu hosp rate change,1,2025-02-15,20,pmf,increase,0.212
2025-02-08,wk flu hosp rate change,1,2025-02-15,20,pmf,large_increase,0.186
2025-02-08,wk flu hosp rate change,1,2025-02-15,20,pmf,decrease,0.267
2025-02-08,wk flu hosp rate change,1,2025-02-15,20,pmf,large_decrease,0.233
2025-02-08,wk flu hosp rate change,2,2025-02-22,20,pmf,stable,0.13500000000000012
2025-02-08,wk flu hosp rate change,2,2025-02-22,20,pmf,increase,0.245
2025-02-08,wk flu hosp rate change,2,2025-02-22,20,pmf,large_increase,0.175
2025-02-08,wk flu hosp rate change,2,2025-02-22,20,pmf,decrease,0.289
2025-02-08,wk flu hosp rate change,2,2025-02-22,20,pmf,large_decrease,0.156
2025-02-08,wk flu hosp rate change,3,2025-03-01,20,pmf,stable,0.198
2025-02-08,wk flu hosp rate change,3,2025-03-01,20,pmf,increase,0.227
2025-02-08,wk flu hosp rate change,3,2025-03-01,20,pmf,large_increase,0.122
2025-02-08,wk flu hosp rate change,3,2025-03-01,20,pmf,decrease,0.316
2025-02-08,wk flu hosp rate change,3,2025-03-01,20,pmf,large_decrease,0.137
2025-02-08,wk flu hosp rate change,0,2025-02-08,21,pmf,stable,0.033
2025-02-08,wk flu hosp rate change,0,2025-02-08,21,pmf,increase,0.136
2025-02-08,wk flu hosp rate change,0,2025-02-08,21,pmf,large_increase,0.472
2025-02-08,wk flu hosp rate change,0,2025-02-08,21,pmf,decrease,0.046
2025-02-08,wk flu hosp rate change,0,2025-02-08,21,pmf,large_decrease,0.313
2025-02-08,wk flu hosp rate change,1,2025-02-15,21,pmf,stable,0.049
2025-02-08,wk flu hosp rate change,1,2025-02-15,21,pmf,increase,0.104
2025-02-08,wk flu hosp rate change,1,2025-02-15,21,pmf,large_increase,0.454
2025-02-08,wk flu hosp rate change,1,2025-02-15,21,pmf,decrease,0.133
2025-02-08,wk flu hosp rate change,1,2025-02-15,21,pmf,large_decrease,0.26
2025-02-08,wk flu hosp rate change,2,2025-02-22,21,pmf,stable,0.044
2025-02-08,wk flu hosp rate change,2,2025-02-22,21,pmf,increase,0.134
2025-02-08,wk flu hosp rate change,2,2025-02-22,21,pmf,large_increase,0.412
2025-02-08,wk flu hosp rate change,2,2025-02-22,21,pmf,decrease,0.127
2025-02-08,wk flu hosp rate change,2,2025-02-22,21,pmf,large_decrease,0.283
2025-02-08,wk flu hosp rate change,3,2025-03-01,21,pmf,stable,0.063
2025-02-08,wk flu hosp rate change,3,2025-03-01,21,pmf,increase,0.168
2025-02-08,wk flu hosp rate change,3,2025-03-01,21,pmf,large_increase,0.353
2025-02-08,wk flu hosp rate change,3,2025-03-01,21,pmf,decrease,0.129
2025-02-08,wk flu hosp rate change,3,2025-03-01,21,pmf,large_decrease,0.287
2025-02-08,wk flu hosp rate change,0,2025-02-08,22,pmf,stable,0.089
2025-02-08,wk flu hosp rate change,0,2025-02-08,22,pmf,increase,0.05
2025-02-08,wk flu hosp rate change,0,2025-02-08,22,pmf,large_increase,0.068
2025-02-08,wk flu hosp rate change,0,2025-02-08,22,pmf,decrease,0.305
2025-02-08,wk flu hosp rate change,0,2025-02-08,22,pmf,large_decrease,0.488
2025-02-08,wk flu hosp rate change,1,2025-02-15,22,pmf,stable,0.043
2025-02-08,wk flu hosp rate change,1,2025-02-15,22,pmf,increase,0.06
2025-02-08,wk flu hosp rate change,1,2025-02-15,22,pmf,large_increase,0.025
2025-02-08,wk flu hosp rate change,1,2025-02-15,22,pmf,decrease,0.21
2025-02-08,wk flu hosp rate change,1,2025-02-15,22,pmf,large_decrease,0.662
2025-02-08,wk flu hosp rate change,2,2025-02-22,22,pmf,stable,0.037
2025-02-08,wk flu hosp rate change,2,2025-02-22,22,pmf,increase,0.031
2025-02-08,wk flu hosp rate change,2,2025-02-22,22,pmf,large_increase,0.009
2025-02-08,wk flu hosp rate change,2,2025-02-22,22,pmf,decrease,0.203
2025-02-08,wk flu hosp rate change,2,2025-02-22,22,pmf,large_decrease,0.72
2025-02-08,wk flu hosp rate change,3,2025-03-01,22,pmf,stable,0.034
2025-02-08,wk flu hosp rate change,3,2025-03-01,22,pmf,increase,0.014
2025-02-08,wk flu hosp rate change,3,2025-03-01,22,pmf,large_increase,0.002
2025-02-08,wk flu hosp rate change,3,2025-03-01,22,pmf,decrease,0.205
2025-02-08,wk flu hosp rate change,3,2025-03-01,22,pmf,large_decrease,0.745
2025-02-08,wk flu hosp rate change,0,2025-02-08,23,pmf,stable,0.044999999999999846
2025-02-08,wk flu hosp rate change,0,2025-02-08,23,pmf,increase,0.107
2025-02-08,wk flu hosp rate change,0,2025-02-08,23,pmf,large_increase,0.459
2025-02-08,wk flu hosp rate change,0,2025-02-08,23,pmf,decrease,0.222
2025-02-08,wk flu hosp rate change,0,2025-02-08,23,pmf,large_decrease,0.167
2025-02-08,wk flu hosp rate change,1,2025-02-15,23,pmf,stable,0.16600000000000006
2025-02-08,wk flu hosp rate change,1,2025-02-15,23,pmf,increase,0.183
2025-02-08,wk flu hosp rate change,1,2025-02-15,23,pmf,large_increase,0.245
2025-02-08,wk flu hosp rate change,1,2025-02-15,23,pmf,decrease,0.202
2025-02-08,wk flu hosp rate change,1,2025-02-15,23,pmf,large_decrease,0.204
2025-02-08,wk flu hosp rate change,2,2025-02-22,23,pmf,stable,0.1699999999999999
2025-02-08,wk flu hosp rate change,2,2025-02-22,23,pmf,increase,0.275
2025-02-08,wk flu hosp rate change,2,2025-02-22,23,pmf,large_increase,0.092
2025-02-08,wk flu hosp rate change,2,2025-02-22,23,pmf,decrease,0.245
2025-02-08,wk flu hosp rate change,2,2025-02-22,23,pmf,large_decrease,0.218
2025-02-08,wk flu hosp rate change,3,2025-03-01,23,pmf,stable,0.18
2025-02-08,wk flu hosp rate change,3,2025-03-01,23,pmf,increase,0.235
2025-02-08,wk flu hosp rate change,3,2025-03-01,23,pmf,large_increase,0.025
2025-02-08,wk flu hosp rate change,3,2025-03-01,23,pmf,decrease,0.307
2025-02-08,wk flu hosp rate change,3,2025-03-01,23,pmf,large_decrease,0.253
2025-02-08,wk flu hosp rate change,0,2025-02-08,24,pmf,stable,0.032
2025-02-08,wk flu hosp rate change,0,2025-02-08,24,pmf,increase,0.204
2025-02-08,wk flu hosp rate change,0,2025-02-08,24,pmf,large_increase,0.36
2025-02-08,wk flu hosp rate change,0,2025-02-08,24,pmf,decrease,0.104
2025-02-08,wk flu hosp rate change,0,2025-02-08,24,pmf,large_decrease,0.3
2025-02-08,wk flu hosp rate change,1,2025-02-15,24,pmf,stable,0.067
2025-02-08,wk flu hosp rate change,1,2025-02-15,24,pmf,increase,0.207
2025-02-08,wk flu hosp rate change,1,2025-02-15,24,pmf,large_increase,0.27
2025-02-08,wk flu hosp rate change,1,2025-02-15,24,pmf,decrease,0.162
2025-02-08,wk flu hosp rate change,1,2025-02-15,24,pmf,large_decrease,0.294
2025-02-08,wk flu hosp rate change,2,2025-02-22,24,pmf,stable,0.087
2025-02-08,wk flu hosp rate change,2,2025-02-22,24,pmf,increase,0.224
2025-02-08,wk flu hosp rate change,2,2025-02-22,24,pmf,large_increase,0.183
2025-02-08,wk flu hosp rate change,2,2025-02-22,24,pmf,decrease,0.207
2025-02-08,wk flu hosp rate change,2,2025-02-22,24,pmf,large_decrease,0.299
2025-02-08,wk flu hosp rate change,3,2025-03-01,24,pmf,stable,0.115
2025-02-08,wk flu hosp rate change,3,2025-03-01,24,pmf,increase,0.213
2025-02-08,wk flu hosp rate change,3,2025-03-01,24,pmf,large_increase,0.137
2025-02-08,wk flu hosp rate change,3,2025-03-01,24,pmf,decrease,0.232
2025-02-08,wk flu hosp rate change,3,2025-03-01,24,pmf,large_decrease,0.303
2025-02-08,wk flu hosp rate change,0,2025-02-08,25,pmf,stable,-0.0030000000000000035
2025-02-08,wk flu hosp rate change,0,2025-02-08,25,pmf,increase,0.001
2025-02-08,wk flu hosp rate change,0,2025-02-08,25,pmf,large_increase,0.001
2025-02-08,wk flu hosp rate change,0,2025-02-08,25,pmf,decrease,0.001
2025-02-08,wk flu hosp rate change,0,2025-02-08,25,pmf,large_decrease,1.0
2025-02-08,wk flu hosp rate change,1,2025-02-15,25,pmf,stable,-0.0020000000000001137
2025-02-08,wk flu hosp rate change,1,2025-02-15,25,pmf,increase,0.001
2025-02-08,wk flu hosp rate change,1,2025-02-15,25,pmf,large_increase,0.001
2025-02-08,wk flu hosp rate change,1,2025-02-15,25,pmf,decrease,0.063
2025-02-08,wk flu hosp rate change,1,2025-02-15,25,pmf,large_decrease,0.937
2025-02-08,wk flu hosp rate change,2,2025-02-22,25,pmf,stable,-0.0020000000000001137
2025-02-08,wk flu hosp rate change,2,2025-02-22,25,pmf,increase,0.001
2025-02-08,wk flu hosp rate change,2,2025-02-22,25,pmf,large_increase,0.001
2025-02-08,wk flu hosp rate change,2,2025-02-22,25,pmf,decrease,0.074
2025-02-08,wk flu hosp rate change,2,2025-02-22,25,pmf,large_decrease,0.926
2025-02-08,wk flu hosp rate change,3,2025-03-01,25,pmf,stable,-0.0020000000000001137
2025-02-08,wk flu hosp rate change,3,2025-03-01,25,pmf,increase,0.001
2025-02-08,wk flu hosp rate change,3,2025-03-01,25,pmf,large_increase,0.001
2025-02-08,wk flu hosp rate change,3,2025-03-01,25,pmf,decrease,0.063
2025-02-08,wk flu hosp rate change,3,2025-03-01,25,pmf,large_decrease,0.937
2025-02-08,wk flu hosp rate change,0,2025-02-08,26,pmf,stable,0.142
2025-02-08,wk flu hosp rate change,0,2025-02-08,26,pmf,increase,0.155
2025-02-08,wk flu hosp rate change,0,2025-02-08,26,pmf,large_increase,0.107
2025-02-08,wk flu hosp rate change,0,2025-02-08,26,pmf,decrease,0.195
2025-02-08,wk flu hosp rate change,0,2025-02-08,26,pmf,large_decrease,0.401
2025-02-08,wk flu hosp rate change,1,2025-02-15,26,pmf,stable,0.115
2025-02-08,wk flu hosp rate change,1,2025-02-15,26,pmf,increase,0.119
2025-02-08,wk flu hosp rate change,1,2025-02-15,26,pmf,large_increase,0.027
2025-02-08,wk flu hosp rate change,1,2025-02-15,26,pmf,decrease,0.391
2025-02-08,wk flu hosp rate change,1,2025-02-15,26,pmf,large_decrease,0.348
2025-02-08,wk flu hosp rate change,2,2025-02-22,26,pmf,stable,0.1149999999999999
2025-02-08,wk flu hosp rate change,2,2025-02-22,26,pmf,increase,0.098
2025-02-08,wk flu hosp rate change,2,2025-02-22,26,pmf,large_increase,0.001
2025-02-08,wk flu hosp rate change,2,2025-02-22,26,pmf,decrease,0.447
2025-02-08,wk flu hosp rate change,2,2025-02-22,26,pmf,large_decrease,0.339
2025-02-08,wk flu hosp rate change,3,2025-03-01,26,pmf,stable,0.09200000000000011
2025-02-08,wk flu hosp rate change,3,2025-03-01,26,pmf,increase,0.031
2025-02-08,wk flu hosp rate change,3,2025-03-01,26,pmf,large_increase,0.001
2025-02-08,wk flu hosp rate change,3,2025-03-01,26,pmf,decrease,0.513
2025-02-08,wk flu hosp rate change,3,2025-03-01,26,pmf,large_decrease,0.363
2025-02-08,wk flu hosp rate change,0,2025-02-08,27,pmf,stable,0.033
2025-02-08,wk flu hosp rate change,0,2025-02-08,27,pmf,increase,0.126
2025-02-08,wk flu hosp rate change,0,2025-02-08,27,pmf,large_increase,0.306
2025-02-08,wk flu hosp rate change,0,2025-02-08,27,pmf,decrease,0.159
2025-02-08,wk flu hosp rate change,0,2025-02-08,27,pmf,large_decrease,0.376
2025-02-08,wk flu hosp rate change,1,2025-02-15,27,pmf,stable,0.058
2025-02-08,wk flu hosp rate change,1,2025-02-15,27,pmf,increase,0.147
2025-02-08,wk flu hosp rate change,1,2025-02-15,27,pmf,large_increase,0.234
2025-02-08,wk flu hosp rate change,1,2025-02-15,27,pmf,decrease,0.197
2025-02-08,wk flu hosp rate change,1,2025-02-15,27,pmf,large_decrease,0.364
2025-02-08,wk flu hosp rate change,2,2025-02-22,27,pmf,stable,0.074
2025-02-08,wk flu hosp rate change,2,2025-02-22,27,pmf,increase,0.131
2025-02-08,wk flu hosp rate change,2,2025-02-22,27,pmf,large_increase,0.19
2025-02-08,wk flu hosp rate change,2,2025-02-22,27,pmf,decrease,0.241
2025-02-08,wk flu hosp rate change,2,2025-02-22,27,pmf,large_decrease,0.364
2025-02-08,wk flu hosp rate change,3,2025-03-01,27,pmf,stable,0.096
2025-02-08,wk flu hosp rate change,3,2025-03-01,27,pmf,increase,0.147
2025-02-08,wk flu hosp rate change,3,2025-03-01,27,pmf,large_increase,0.129
2025-02-08,wk flu hosp rate change,3,2025-03-01,27,pmf,decrease,0.258
2025-02-08,wk flu hosp rate change,3,2025-03-01,27,pmf,large_decrease,0.37
2025-02-08,wk flu hosp rate change,0,2025-02-08,28,pmf,stable,0.049000000000000106
2025-02-08,wk flu hosp rate change,0,2025-02-08,28,pmf,increase,0.126
2025-02-08,wk flu hosp rate change,0,2025-02-08,28,pmf,large_increase,0.319
2025-02-08,wk flu hosp rate change,0,2025-02-08,28,pmf,decrease,0.217
2025-02-08,wk flu hosp rate change,0,2025-02-08,28,pmf,large_decrease,0.289
2025-02-08,wk flu hosp rate change,1,2025-02-15,28,pmf,stable,0.089
2025-02-08,wk flu hosp rate change,1,2025-02-15,28,pmf,increase,0.157
2025-02-08,wk flu hosp rate change,1,2025-02-15,28,pmf,large_increase,0.167
2025-02-08,wk flu hosp rate change,1,2025-02-15,28,pmf,decrease,0.219
2025-02-08,wk flu hosp rate change,1,2025-02-15,28,pmf,large_decrease,0.368
2025-02-08,wk flu hosp rate change,2,2025-02-22,28,pmf,stable,0.075
2025-02-08,wk flu hosp rate change,2,2025-02-22,28,pmf,increase,0.146
2025-02-08,wk flu hosp rate change,2,2025-02-22,28,pmf,large_increase,0.079
2025-02-08,wk flu hosp rate change,2,2025-02-22,28,pmf,decrease,0.257
2025-02-08,wk flu hosp rate change,2,2025-02-22,28,pmf,large_decrease,0.443
2025-02-08,wk flu hosp rate change,3,2025-03-01,28,pmf,stable,0.079
2025-02-08,wk flu hosp rate change,3,2025-03-01,28,pmf,increase,0.062
2025-02-08,wk flu hosp rate change,3,2025-03-01,28,pmf,large_increase,0.018
2025-02-08,wk flu hosp rate change,3,2025-03-01,28,pmf,decrease,0.265
2025-02-08,wk flu hosp rate change,3,2025-03-01,28,pmf,large_decrease,0.576
2025-02-08,wk flu hosp rate change,0,2025-02-08,29,pmf,stable,0.037
2025-02-08,wk flu hosp rate change,0,2025-02-08,29,pmf,increase,0.117
2025-02-08,wk flu hosp rate change,0,2025-02-08,29,pmf,large_increase,0.423
2025-02-08,wk flu hosp rate change,0,2025-02-08,29,pmf,decrease,0.058
2025-02-08,wk flu hosp rate change,0,2025-02-08,29,pmf,large_decrease,0.365
2025-02-08,wk flu hosp rate change,1,2025-02-15,29,pmf,stable,0.057
2025-02-08,wk flu hosp rate change,1,2025-02-15,29,pmf,increase,0.134
2025-02-08,wk flu hosp rate change,1,2025-02-15,29,pmf,large_increase,0.447
2025-02-08,wk flu hosp rate change,1,2025-02-15,29,pmf,decrease,0.104
2025-02-08,wk flu hosp rate change,1,2025-02-15,29,pmf,large_decrease,0.258
2025-02-08,wk flu hosp rate change,2,2025-02-22,29,pmf,stable,0.06
2025-02-08,wk flu hosp rate change,2,2025-02-22,29,pmf,increase,0.188
2025-02-08,wk flu hosp rate change,2,2025-02-22,29,pmf,large_increase,0.427
2025-02-08,wk flu hosp rate change,2,2025-02-22,29,pmf,decrease,0.122
2025-02-08,wk flu hosp rate change,2,2025-02-22,29,pmf,large_decrease,0.203
2025-02-08,wk flu hosp rate change,3,2025-03-01,29,pmf,stable,0.10600000000000011
2025-02-08,wk flu hosp rate change,3,2025-03-01,29,pmf,increase,0.185
2025-02-08,wk flu hosp rate change,3,2025-03-01,29,pmf,large_increase,0.272
2025-02-08,wk flu hosp rate change,3,2025-03-01,29,pmf,decrease,0.176
2025-02-08,wk flu hosp rate change,3,2025-03-01,29,pmf,large_decrease,0.261
2025-02-08,wk flu hosp rate change,0,2025-02-08,30,pmf,stable,0.024000000000000063
2025-02-08,wk flu hosp rate change,0,2025-02-08,30,pmf,increase,0.021
2025-02-08,wk flu hosp rate change,0,2025-02-08,30,pmf,large_increase,0.373
2025-02-08,wk flu hosp rate change,0,2025-02-08,30,pmf,decrease,0.245
2025-02-08,wk flu hosp rate change,0,2025-02-08,30,pmf,large_decrease,0.337
2025-02-08,wk flu hosp rate change,1,2025-02-15,30,pmf,stable,0.03599999999999995
2025-02-08,wk flu hosp rate change,1,2025-02-15,30,pmf,increase,0.096
2025-02-08,wk flu hosp rate change,1,2025-02-15,30,pmf,large_increase,0.246
2025-02-08,wk flu hosp rate change,1,2025-02-15,30,pmf,decrease,0.288
2025-02-08,wk flu hosp rate change,1,2025-02-15,30,pmf,large_decrease,0.334
2025-02-08,wk flu hosp rate change,2,2025-02-22,30,pmf,stable,0.029000000000000095
2025-02-08,wk flu hosp rate change,2,2025-02-22,30,pmf,increase,0.237
2025-02-08,wk flu hosp rate change,2,2025-02-22,30,pmf,large_increase,0.161
2025-02-08,wk flu hosp rate change,2,2025-02-22,30,pmf,decrease,0.343
2025-02-08,wk flu hosp rate change,2,2025-02-22,30,pmf,large_decrease,0.23
2025-02-08,wk flu hosp rate change,3,2025-03-01,30,pmf,stable,0.159
2025-02-08,wk flu hosp rate change,3,2025-03-01,30,pmf,increase,0.118
2025-02-08,wk flu hosp rate change,3,2025-03-01,30,pmf,large_increase,0.071
2025-02-08,wk flu hosp rate change,3,2025-03-01,30,pmf,decrease,0.344
2025-02-08,wk flu hosp rate change,3,2025-03-01,30,pmf,large_decrease,0.308
2025-02-08,wk flu hosp rate change,0,2025-02-08,31,pmf,stable,0.05099999999999999
2025-02-08,wk flu hosp rate change,0,2025-02-08,31,pmf,increase,0.035
2025-02-08,wk flu hosp rate change,0,2025-02-08,31,pmf,large_increase,0.121
2025-02-08,wk flu hosp rate change,0,2025-02-08,31,pmf,decrease,0.106
2025-02-08,wk flu hosp rate change,0,2025-02-08,31,pmf,large_decrease,0.687
2025-02-08,wk flu hosp rate change,1,2025-02-15,31,pmf,stable,0.041
2025-02-08,wk flu hosp rate change,1,2025-02-15,31,pmf,increase,0.077
2025-02-08,wk flu hosp rate change,1,2025-02-15,31,pmf,large_increase,0.052
2025-02-08,wk flu hosp rate change,1,2025-02-15,31,pmf,decrease,0.157
2025-02-08,wk flu hosp rate change,1,2025-02-15,31,pmf,large_decrease,0.673
2025-02-08,wk flu hosp rate change,2,2025-02-22,31,pmf,stable,0.045
2025-02-08,wk flu hosp rate change,2,2025-02-22,31,pmf,increase,0.063
2025-02-08,wk flu hosp rate change,2,2025-02-22,31,pmf,large_increase,0.018
2025-02-08,wk flu hosp rate change,2,2025-02-22,31,pmf,decrease,0.19
2025-02-08,wk flu hosp rate change,2,2025-02-22,31,pmf,large_decrease,0.684
2025-02-08,wk flu hosp rate change,3,2025-03-01,31,pmf,stable,0.035
2025-02-08,wk flu hosp rate change,3,2025-03-01,31,pmf,increase,0.037
2025-02-08,wk flu hosp rate change,3,2025-03-01,31,pmf,large_increase,0.005
2025-02-08,wk flu hosp rate change,3,2025-03-01,31,pmf,decrease,0.232
2025-02-08,wk flu hosp rate change,3,2025-03-01,31,pmf,large_decrease,0.691
2025-02-08,wk flu hosp rate change,0,2025-02-08,32,pmf,stable,0.19100000000000011
2025-02-08,wk flu hosp rate change,0,2025-02-08,32,pmf,increase,0.112
2025-02-08,wk flu hosp rate change,0,2025-02-08,32,pmf,large_increase,0.068
2025-02-08,wk flu hosp rate change,0,2025-02-08,32,pmf,decrease,0.274
2025-02-08,wk flu hosp rate change,0,2025-02-08,32,pmf,large_decrease,0.355
2025-02-08,wk flu hosp rate change,1,2025-02-15,32,pmf,stable,0.114
2025-02-08,wk flu hosp rate change,1,2025-02-15,32,pmf,increase,0.099
2025-02-08,wk flu hosp rate change,1,2025-02-15,32,pmf,large_increase,0.05
2025-02-08,wk flu hosp rate change,1,2025-02-15,32,pmf,decrease,0.535
2025-02-08,wk flu hosp rate change,1,2025-02-15,32,pmf,large_decrease,0.202
2025-02-08,wk flu hosp rate change,2,2025-02-22,32,pmf,stable,0.109
2025-02-08,wk flu hosp rate change,2,2025-02-22,32,pmf,increase,0.112
2025-02-08,wk flu hosp rate change,2,2025-02-22,32,pmf,large_increase,0.055
2025-02-08,wk flu hosp rate change,2,2025-02-22,32,pmf,decrease,0.626
2025-02-08,wk flu hosp rate change,2,2025-02-22,32,pmf,large_decrease,0.098
2025-02-08,wk flu hosp rate change,3,2025-03-01,32,pmf,stable,0.13
2025-02-08,wk flu hosp rate change,3,2025-03-01,32,pmf,increase,0.112
2025-02-08,wk flu hosp rate change,3,2025-03-01,32,pmf,large_increase,0.045
2025-02-08,wk flu hosp rate change,3,2025-03-01,32,pmf,decrease,0.683
2025-02-08,wk flu hosp rate change,3,2025-03-01,32,pmf,large_decrease,0.03
2025-02-08,wk flu hosp rate change,0,2025-02-08,33,pmf,stable,0.06399999999999989
2025-02-08,wk flu hosp rate change,0,2025-02-08,33,pmf,increase,0.219
2025-02-08,wk flu hosp rate change,0,2025-02-08,33,pmf,large_increase,0.205
2025-02-08,wk flu hosp rate change,0,2025-02-08,33,pmf,decrease,0.167
2025-02-08,wk flu hosp rate change,0,2025-02-08,33,pmf,large_decrease,0.345
2025-02-08,wk flu hosp rate change,1,2025-02-15,33,pmf,stable,0.08299999999999996
2025-02-08,wk flu hosp rate change,1,2025-02-15,33,pmf,increase,0.194
2025-02-08,wk flu hosp rate change,1,2025-02-15,33,pmf,large_increase,0.092
2025-02-08,wk flu hosp rate change,1,2025-02-15,33,pmf,decrease,0.326
2025-02-08,wk flu hosp rate change,1,2025-02-15,33,pmf,large_decrease,0.305
2025-02-08,wk flu hosp rate change,2,2025-02-22,33,pmf,stable,0.11600000000000012
2025-02-08,wk flu hosp rate change,2,2025-02-22,33,pmf,increase,0.146
2025-02-08,wk flu hosp rate change,2,2025-02-22,33,pmf,large_increase,0.031
2025-02-08,wk flu hosp rate change,2,2025-02-22,33,pmf,decrease,0.347
2025-02-08,wk flu hosp rate change,2,2025-02-22,33,pmf,large_decrease,0.36
2025-02-08,wk flu hosp rate change,3,2025-03-01,33,pmf,stable,0.114
2025-02-08,wk flu hosp rate change,3,2025-03-01,33,pmf,increase,0.109
2025-02-08,wk flu hosp rate change,3,2025-03-01,33,pmf,large_increase,0.004
2025-02-08,wk flu hosp rate change,3,2025-03-01,33,pmf,decrease,0.391
2025-02-08,wk flu hosp rate change,3,2025-03-01,33,pmf,large_decrease,0.382
2025-02-08,wk flu hosp rate change,0,2025-02-08,34,pmf,stable,0.023
2025-02-08,wk flu hosp rate change,0,2025-02-08,34,pmf,increase,0.14
2025-02-08,wk flu hosp rate change,0,2025-02-08,34,pmf,large_increase,0.316
2025-02-08,wk flu hosp rate change,0,2025-02-08,34,pmf,decrease,0.08
2025-02-08,wk flu hosp rate change,0,2025-02-08,34,pmf,large_decrease,0.441
2025-02-08,wk flu hosp rate change,1,2025-02-15,34,pmf,stable,0.062
2025-02-08,wk flu hosp rate change,1,2025-02-15,34,pmf,increase,0.119
2025-02-08,wk flu hosp rate change,1,2025-02-15,34,pmf,large_increase,0.22
2025-02-08,wk flu hosp rate change,1,2025-02-15,34,pmf,decrease,0.173
2025-02-08,wk flu hosp rate change,1,2025-02-15,34,pmf,large_decrease,0.426
2025-02-08,wk flu hosp rate change,2,2025-02-22,34,pmf,stable,0.06400000000000011
2025-02-08,wk flu hosp rate change,2,2025-02-22,34,pmf,increase,0.1
2025-02-08,wk flu hosp rate change,2,2025-02-22,34,pmf,large_increase,0.177
2025-02-08,wk flu hosp rate change,2,2025-02-22,34,pmf,decrease,0.174
2025-02-08,wk flu hosp rate change,2,2025-02-22,34,pmf,large_decrease,0.485
2025-02-08,wk flu hosp rate change,3,2025-03-01,34,pmf,stable,0.082
2025-02-08,wk flu hosp rate change,3,2025-03-01,34,pmf,increase,0.096
2025-02-08,wk flu hosp rate change,3,2025-03-01,34,pmf,large_increase,0.137
2025-02-08,wk flu hosp rate change,3,2025-03-01,34,pmf,decrease,0.178
2025-02-08,wk flu hosp rate change,3,2025-03-01,34,pmf,large_decrease,0.507
2025-02-08,wk flu hosp rate change,0,2025-02-08,35,pmf,stable,0.02699999999999997
2025-02-08,wk flu hosp rate change,0,2025-02-08,35,pmf,increase,0.16
2025-02-08,wk flu hosp rate change,0,2025-02-08,35,pmf,large_increase,0.169
2025-02-08,wk flu hosp rate change,0,2025-02-08,35,pmf,decrease,0.318
2025-02-08,wk flu hosp rate change,0,2025-02-08,35,pmf,large_decrease,0.326
2025-02-08,wk flu hosp rate change,1,2025-02-15,35,pmf,stable,0.118
2025-02-08,wk flu hosp rate change,1,2025-02-15,35,pmf,increase,0.142
2025-02-08,wk flu hosp rate change,1,2025-02-15,35,pmf,large_increase,0.066
2025-02-08,wk flu hosp rate change,1,2025-02-15,35,pmf,decrease,0.303
2025-02-08,wk flu hosp rate change,1,2025-02-15,35,pmf,large_decrease,0.371
2025-02-08,wk flu hosp rate change,2,2025-02-22,35,pmf,stable,0.128
2025-02-08,wk flu hosp rate change,2,2025-02-22,35,pmf,increase,0.113
2025-02-08,wk flu hosp rate change,2,2025-02-22,35,pmf,large_increase,0.022
2025-02-08,wk flu hosp rate change,2,2025-02-22,35,pmf,decrease,0.332
2025-02-08,wk flu hosp rate change,2,2025-02-22,35,pmf,large_decrease,0.405
2025-02-08,wk flu hosp rate change,3,2025-03-01,35,pmf,stable,0.113
2025-02-08,wk flu hosp rate change,3,2025-03-01,35,pmf,increase,0.047
2025-02-08,wk flu hosp rate change,3,2025-03-01,35,pmf,large_increase,0.003
2025-02-08,wk flu hosp rate change,3,2025-03-01,35,pmf,decrease,0.387
2025-02-08,wk flu hosp rate change,3,2025-03-01,35,pmf,large_decrease,0.45
2025-02-08,wk flu hosp rate change,0,2025-02-08,36,pmf,stable,0.016
2025-02-08,wk flu hosp rate change,0,2025-02-08,36,pmf,increase,0.032
2025-02-08,wk flu hosp rate change,0,2025-02-08,36,pmf,large_increase,0.035
2025-02-08,wk flu hosp rate change,0,2025-02-08,36,pmf,decrease,0.11
2025-02-08,wk flu hosp rate change,0,2025-02-08,36,pmf,large_decrease,0.807
2025-02-08,wk flu hosp rate change,1,2025-02-15,36,pmf,stable,0.01300000000000011
2025-02-08,wk flu hosp rate change,1,2025-02-15,36,pmf,increase,0.009
2025-02-08,wk flu hosp rate change,1,2025-02-15,36,pmf,large_increase,0.001
2025-02-08,wk flu hosp rate change,1,2025-02-15,36,pmf,decrease,0.097
2025-02-08,wk flu hosp rate change,1,2025-02-15,36,pmf,large_decrease,0.88
2025-02-08,wk flu hosp rate change,2,2025-02-22,36,pmf,stable,0.010999999999999888
2025-02-08,wk flu hosp rate change,2,2025-02-22,36,pmf,increase,0.008
2025-02-08,wk flu hosp rate change,2,2025-02-22,36,pmf,large_increase,0.001
2025-02-08,wk flu hosp rate change,2,2025-02-22,36,pmf,decrease,0.068
2025-02-08,wk flu hosp rate change,2,2025-02-22,36,pmf,large_decrease,0.912
2025-02-08,wk flu hosp rate change,3,2025-03-01,36,pmf,stable,0.01000000000000011
2025-02-08,wk flu hosp rate change,3,2025-03-01,36,pmf,increase,0.002
2025-02-08,wk flu hosp rate change,3,2025-03-01,36,pmf,large_increase,0.001
2025-02-08,wk flu hosp rate change,3,2025-03-01,36,pmf,decrease,0.047
2025-02-08,wk flu hosp rate change,3,2025-03-01,36,pmf,large_decrease,0.94
2025-02-08,wk flu hosp rate change,0,2025-02-08,37,pmf,stable,0.014
2025-02-08,wk flu hosp rate change,0,2025-02-08,37,pmf,increase,0.116
2025-02-08,wk flu hosp rate change,0,2025-02-08,37,pmf,large_increase,0.258
2025-02-08,wk flu hosp rate change,0,2025-02-08,37,pmf,decrease,0.112
2025-02-08,wk flu hosp rate change,0,2025-02-08,37,pmf,large_decrease,0.5
2025-02-08,wk flu hosp rate change,1,2025-02-15,37,pmf,stable,0.066
2025-02-08,wk flu hosp rate change,1,2025-02-15,37,pmf,increase,0.112
2025-02-08,wk flu hosp rate change,1,2025-02-15,37,pmf,large_increase,0.116
2025-02-08,wk flu hosp rate change,1,2025-02-15,37,pmf,decrease,0.128
2025-02-08,wk flu hosp rate change,1,2025-02-15,37,pmf,large_decrease,0.578
2025-02-08,wk flu hosp rate change,2,2025-02-22,37,pmf,stable,0.055
2025-02-08,wk flu hosp rate change,2,2025-02-22,37,pmf,increase,0.112
2025-02-08,wk flu hosp rate change,2,2025-02-22,37,pmf,large_increase,0.052
2025-02-08,wk flu hosp rate change,2,2025-02-22,37,pmf,decrease,0.172
2025-02-08,wk flu hosp rate change,2,2025-02-22,37,pmf,large_decrease,0.609
2025-02-08,wk flu hosp rate change,3,2025-03-01,37,pmf,stable,0.051
2025-02-08,wk flu hosp rate change,3,2025-03-01,37,pmf,increase,0.059
2025-02-08,wk flu hosp rate change,3,2025-03-01,37,pmf,large_increase,0.024
2025-02-08,wk flu hosp rate change,3,2025-03-01,37,pmf,decrease,0.186
2025-02-08,wk flu hosp rate change,3,2025-03-01,37,pmf,large_decrease,0.68
2025-02-08,wk flu hosp rate change,0,2025-02-08,38,pmf,stable,0.05499999999999994
2025-02-08,wk flu hosp rate change,0,2025-02-08,38,pmf,increase,0.092
2025-02-08,wk flu hosp rate change,0,2025-02-08,38,pmf,large_increase,0.276
2025-02-08,wk flu hosp rate change,0,2025-02-08,38,pmf,decrease,0.157
2025-02-08,wk flu hosp rate change,0,2025-02-08,38,pmf,large_decrease,0.42
2025-02-08,wk flu hosp rate change,1,2025-02-15,38,pmf,stable,0.10200000000000001
2025-02-08,wk flu hosp rate change,1,2025-02-15,38,pmf,increase,0.147
2025-02-08,wk flu hosp rate change,1,2025-02-15,38,pmf,large_increase,0.186
2025-02-08,wk flu hosp rate change,1,2025-02-15,38,pmf,decrease,0.19
2025-02-08,wk flu hosp rate change,1,2025-02-15,38,pmf,large_decrease,0.375
2025-02-08,wk flu hosp rate change,2,2025-02-22,38,pmf,stable,0.08299999999999993
2025-02-08,wk flu hosp rate change,2,2025-02-22,38,pmf,increase,0.16
2025-02-08,wk flu hosp rate change,2,2025-02-22,38,pmf,large_increase,0.095
2025-02-08,wk flu hosp rate change,2,2025-02-22,38,pmf,decrease,0.268
2025-02-08,wk flu hosp rate change,2,2025-02-22,38,pmf,large_decrease,0.394
2025-02-08,wk flu hosp rate change,3,2025-03-01,38,pmf,stable,0.13199999999999998
2025-02-08,wk flu hosp rate change,3,2025-03-01,38,pmf,increase,0.137
2025-02-08,wk flu hosp rate change,3,2025-03-01,38,pmf,large_increase,0.076
2025-02-08,wk flu hosp rate change,3,2025-03-01,38,pmf,decrease,0.31
2025-02-08,wk flu hosp rate change,3,2025-03-01,38,pmf,large_decrease,0.345
2025-02-08,wk flu hosp rate change,0,2025-02-08,39,pmf,stable,-0.0030000000000000035
2025-02-08,wk flu hosp rate change,0,2025-02-08,39,pmf,increase,0.001
2025-02-08,wk flu hosp rate change,0,2025-02-08,39,pmf,large_increase,0.001
2025-02-08,wk flu hosp rate change,0,2025-02-08,39,pmf,decrease,0.001
2025-02-08,wk flu hosp rate change,0,2025-02-08,39,pmf,large_decrease,1.0
2025-02-08,wk flu hosp rate change,1,2025-02-15,39,pmf,stable,-0.0019999999999998916
2025-02-08,wk flu hosp rate change,1,2025-02-15,39,pmf,increase,0.001
2025-02-08,wk flu hosp rate change,1,2025-02-15,39,pmf,large_increase,0.001
2025-02-08,wk flu hosp rate change,1,2025-02-15,39,pmf,decrease,0.005
2025-02-08,wk flu hosp rate change,1,2025-02-15,39,pmf,large_decrease,0.995
2025-02-08,wk flu hosp rate change,2,2025-02-22,39,pmf,stable,-0.0019999999999998916
2025-02-08,wk flu hosp rate change,2,2025-02-22,39,pmf,increase,0.001
2025-02-08,wk flu hosp rate change,2,2025-02-22,39,pmf,large_increase,0.001
2025-02-08,wk flu hosp rate change,2,2025-02-22,39,pmf,decrease,0.007
2025-02-08,wk flu hosp rate change,2,2025-02-22,39,pmf,large_decrease,0.993
2025-02-08,wk flu hosp rate change,3,2025-03-01,39,pmf,stable,-0.0019999999999998916
2025-02-08,wk flu hosp rate change,3,2025-03-01,39,pmf,increase,0.001
2025-02-08,wk flu hosp rate change,3,2025-03-01,39,pmf,large_increase,0.001
2025-02-08,wk flu hosp rate change,3,2025-03-01,39,pmf,decrease,0.004
2025-02-08,wk flu hosp rate change,3,2025-03-01,39,pmf,large_decrease,0.996
2025-02-08,wk flu hosp rate change,0,2025-02-08,40,pmf,stable,0.063
2025-02-08,wk flu hosp rate change,0,2025-02-08,40,pmf,increase,0.066
2025-02-08,wk flu hosp rate change,0,2025-02-08,40,pmf,large_increase,0.315
2025-02-08,wk flu hosp rate change,0,2025-02-08,40,pmf,decrease,0.053
2025-02-08,wk flu hosp rate change,0,2025-02-08,40,pmf,large_decrease,0.503
2025-02-08,wk flu hosp rate change,1,2025-02-15,40,pmf,stable,0.063
2025-02-08,wk flu hosp rate change,1,2025-02-15,40,pmf,increase,0.14
2025-02-08,wk flu hosp rate change,1,2025-02-15,40,pmf,large_increase,0.285
2025-02-08,wk flu hosp rate change,1,2025-02-15,40,pmf,decrease,0.156
2025-02-08,wk flu hosp rate change,1,2025-02-15,40,pmf,large_decrease,0.356
2025-02-08,wk flu hosp rate change,2,2025-02-22,40,pmf,stable,0.081
2025-02-08,wk flu hosp rate change,2,2025-02-22,40,pmf,increase,0.155
2025-02-08,wk flu hosp rate change,2,2025-02-22,40,pmf,large_increase,0.232
2025-02-08,wk flu hosp rate change,2,2025-02-22,40,pmf,decrease,0.162
2025-02-08,wk flu hosp rate change,2,2025-02-22,40,pmf,large_decrease,0.37
2025-02-08,wk flu hosp rate change,3,2025-03-01,40,pmf,stable,0.099
2025-02-08,wk flu hosp rate change,3,2025-03-01,40,pmf,increase,0.124
2025-02-08,wk flu hosp rate change,3,2025-03-01,40,pmf,large_increase,0.161
2025-02-08,wk flu hosp rate change,3,2025-03-01,40,pmf,decrease,0.194
2025-02-08,wk flu hosp rate change,3,2025-03-01,40,pmf,large_decrease,0.422
2025-02-08,wk flu hosp rate change,0,2025-02-08,41,pmf,stable,0.129
2025-02-08,wk flu hosp rate change,0,2025-02-08,41,pmf,increase,0.081
2025-02-08,wk flu hosp rate change,0,2025-02-08,41,pmf,large_increase,0.146
2025-02-08,wk flu hosp rate change,0,2025-02-08,41,pmf,decrease,0.116
2025-02-08,wk flu hosp rate change,0,2025-02-08,41,pmf,large_decrease,0.528
2025-02-08,wk flu hosp rate change,1,2025-02-15,41,pmf,stable,0.06
2025-02-08,wk flu hosp rate change,1,2025-02-15,41,pmf,increase,0.089
2025-02-08,wk flu hosp rate change,1,2025-02-15,41,pmf,large_increase,0.02
2025-02-08,wk flu hosp rate change,1,2025-02-15,41,pmf,decrease,0.22
2025-02-08,wk flu hosp rate change,1,2025-02-15,41,pmf,large_decrease,0.611
2025-02-08,wk flu hosp rate change,2,2025-02-22,41,pmf,stable,0.038
2025-02-08,wk flu hosp rate change,2,2025-02-22,41,pmf,increase,0.047
2025-02-08,wk flu hosp rate change,2,2025-02-22,41,pmf,large_increase,0.001
2025-02-08,wk flu hosp rate change,2,2025-02-22,41,pmf,decrease,0.222
2025-02-08,wk flu hosp rate change,2,2025-02-22,41,pmf,large_decrease,0.692
2025-02-08,wk flu hosp rate change,3,2025-03-01,41,pmf,stable,0.02300000000000011
2025-02-08,wk flu hosp rate change,3,2025-03-01,41,pmf,increase,0.015
2025-02-08,wk flu hosp rate change,3,2025-03-01,41,pmf,large_increase,0.001
2025-02-08,wk flu hosp rate change,3,2025-03-01,41,pmf,decrease,0.235
2025-02-08,wk flu hosp rate change,3,2025-03-01,41,pmf,large_decrease,0.726
2025-02-08,wk flu hosp rate change,0,2025-02-08,42,pmf,stable,0.032
2025-02-08,wk flu hosp rate change,0,2025-02-08,42,pmf,increase,0.072
2025-02-08,wk flu hosp rate change,0,2025-02-08,42,pmf,large_increase,0.546
2025-02-08,wk flu hosp rate change,0,2025-02-08,42,pmf,decrease,0.04
2025-02-08,wk flu hosp rate change,0,2025-02-08,42,pmf,large_decrease,0.31
2025-02-08,wk flu hosp rate change,1,2025-02-15,42,pmf,stable,0.049
2025-02-08,wk flu hosp rate change,1,2025-02-15,42,pmf,increase,0.086
2025-02-08,wk flu hosp rate change,1,2025-02-15,42,pmf,large_increase,0.506
2025-02-08,wk flu hosp rate change,1,2025-02-15,42,pmf,decrease,0.067
2025-02-08,wk flu hosp rate change,1,2025-02-15,42,pmf,large_decrease,0.292
2025-02-08,wk flu hosp rate change,2,2025-02-22,42,pmf,stable,0.038
2025-02-08,wk flu hosp rate change,2,2025-02-22,42,pmf,increase,0.089
2025-02-08,wk flu hosp rate change,2,2025-02-22,42,pmf,large_increase,0.475
2025-02-08,wk flu hosp rate change,2,2025-02-22,42,pmf,decrease,0.082
2025-02-08,wk flu hosp rate change,2,2025-02-22,42,pmf,large_decrease,0.316
2025-02-08,wk flu hosp rate change,3,2025-03-01,42,pmf,stable,0.043
2025-02-08,wk flu hosp rate change,3,2025-03-01,42,pmf,increase,0.119
2025-02-08,wk flu hosp rate change,3,2025-03-01,42,pmf,large_increase,0.386
2025-02-08,wk flu hosp rate change,3,2025-03-01,42,pmf,decrease,0.097
2025-02-08,wk flu hosp rate change,3,2025-03-01,42,pmf,large_decrease,0.355
2025-02-08,wk flu hosp rate change,0,2025-02-08,44,pmf,stable,0.10200000000000004
2025-02-08,wk flu hosp rate change,0,2025-02-08,44,pmf,increase,0.123
2025-02-08,wk flu hosp rate change,0,2025-02-08,44,pmf,large_increase,0.243
2025-02-08,wk flu hosp rate change,0,2025-02-08,44,pmf,decrease,0.148
2025-02-08,wk flu hosp rate change,0,2025-02-08,44,pmf,large_decrease,0.384
2025-02-08,wk flu hosp rate change,1,2025-02-15,44,pmf,stable,0.08600000000000005
2025-02-08,wk flu hosp rate change,1,2025-02-15,44,pmf,increase,0.16
2025-02-08,wk flu hosp rate change,1,2025-02-15,44,pmf,large_increase,0.145
2025-02-08,wk flu hosp rate change,1,2025-02-15,44,pmf,decrease,0.185
2025-02-08,wk flu hosp rate change,1,2025-02-15,44,pmf,large_decrease,0.424
2025-02-08,wk flu hosp rate change,2,2025-02-22,44,pmf,stable,0.07699999999999986
2025-02-08,wk flu hosp rate change,2,2025-02-22,44,pmf,increase,0.131
2025-02-08,wk flu hosp rate change,2,2025-02-22,44,pmf,large_increase,0.099
2025-02-08,wk flu hosp rate change,2,2025-02-22,44,pmf,decrease,0.202
2025-02-08,wk flu hosp rate change,2,2025-02-22,44,pmf,large_decrease,0.491
2025-02-08,wk flu hosp rate change,3,2025-03-01,44,pmf,stable,0.088
2025-02-08,wk flu hosp rate change,3,2025-03-01,44,pmf,increase,0.094
2025-02-08,wk flu hosp rate change,3,2025-03-01,44,pmf,large_increase,0.042
2025-02-08,wk flu hosp rate change,3,2025-03-01,44,pmf,decrease,0.198
2025-02-08,wk flu hosp rate change,3,2025-03-01,44,pmf,large_decrease,0.578
2025-02-08,wk flu hosp rate change,0,2025-02-08,45,pmf,stable,-0.0030000000000000035
2025-02-08,wk flu hosp rate change,0,2025-02-08,45,pmf,increase,0.001
2025-02-08,wk flu hosp rate change,0,2025-02-08,45,pmf,large_increase,0.001
2025-02-08,wk flu hosp rate change,0,2025-02-08,45,pmf,decrease,0.001
2025-02-08,wk flu hosp rate change,0,2025-02-08,45,pmf,large_decrease,1.0
2025-02-08,wk flu hosp rate change,1,2025-02-15,45,pmf,stable,-0.0030000000000000035
2025-02-08,wk flu hosp rate change,1,2025-02-15,45,pmf,increase,0.001
2025-02-08,wk flu hosp rate change,1,2025-02-15,45,pmf,large_increase,0.001
2025-02-08,wk flu hosp rate change,1,2025-02-15,45,pmf,decrease,0.001
2025-02-08,wk flu hosp rate change,1,2025-02-15,45,pmf,large_decrease,1.0
2025-02-08,wk flu hosp rate change,2,2025-02-22,45,pmf,stable,-0.0030000000000000035
2025-02-08,wk flu hosp rate change,2,2025-02-22,45,pmf,increase,0.001
2025-02-08,wk flu hosp rate change,2,2025-02-22,45,pmf,large_increase,0.001
2025-02-08,wk flu hosp rate change,2,2025-02-22,45,pmf,decrease,0.001
2025-02-08,wk flu hosp rate change,2,2025-02-22,45,pmf,large_decrease,1.0
2025-02-08,wk flu hosp rate change,3,2025-03-01,45,pmf,stable,-0.0030000000000000035
2025-02-08,wk flu hosp rate change,3,2025-03-01,45,pmf,increase,0.001
2025-02-08,wk flu hosp rate change,3,2025-03-01,45,pmf,large_increase,0.001
2025-02-08,wk flu hosp rate change,3,2025-03-01,45,pmf,decrease,0.001
2025-02-08,wk flu hosp rate change,3,2025-03-01,45,pmf,large_decrease,1.0
2025-02-08,wk flu hosp rate change,0,2025-02-08,46,pmf,stable,0.09800000000000003
2025-02-08,wk flu hosp rate change,0,2025-02-08,46,pmf,increase,0.051
2025-02-08,wk flu hosp rate change,0,2025-02-08,46,pmf,large_increase,0.075
2025-02-08,wk flu hosp rate change,0,2025-02-08,46,pmf,decrease,0.173
2025-02-08,wk flu hosp rate change,0,2025-02-08,46,pmf,large_decrease,0.603
2025-02-08,wk flu hosp rate change,1,2025-02-15,46,pmf,stable,0.05999999999999983
2025-02-08,wk flu hosp rate change,1,2025-02-15,46,pmf,increase,0.093
2025-02-08,wk flu hosp rate change,1,2025-02-15,46,pmf,large_increase,0.054
2025-02-08,wk flu hosp rate change,1,2025-02-15,46,pmf,decrease,0.234
2025-02-08,wk flu hosp rate change,1,2025-02-15,46,pmf,large_decrease,0.559
2025-02-08,wk flu hosp rate change,2,2025-02-22,46,pmf,stable,0.08199999999999996
2025-02-08,wk flu hosp rate change,2,2025-02-22,46,pmf,increase,0.071
2025-02-08,wk flu hosp rate change,2,2025-02-22,46,pmf,large_increase,0.021
2025-02-08,wk flu hosp rate change,2,2025-02-22,46,pmf,decrease,0.276
2025-02-08,wk flu hosp rate change,2,2025-02-22,46,pmf,large_decrease,0.55
2025-02-08,wk flu hosp rate change,3,2025-03-01,46,pmf,stable,0.04699999999999999
2025-02-08,wk flu hosp rate change,3,2025-03-01,46,pmf,increase,0.014
2025-02-08,wk flu hosp rate change,3,2025-03-01,46,pmf,large_increase,0.001
2025-02-08,wk flu hosp rate change,3,2025-03-01,46,pmf,decrease,0.29
2025-02-08,wk flu hosp rate change,3,2025-03-01,46,pmf,large_decrease,0.648
2025-02-08,wk flu hosp rate change,0,2025-02-08,47,pmf,stable,0.124
2025-02-08,wk flu hosp rate change,0,2025-02-08,47,pmf,increase,0.104
2025-02-08,wk flu hosp rate change,0,2025-02-08,47,pmf,large_increase,0.166
2025-02-08,wk flu hosp rate change,0,2025-02-08,47,pmf,decrease,0.079
2025-02-08,wk flu hosp rate change,0,2025-02-08,47,pmf,large_decrease,0.527
2025-02-08,wk flu hosp rate change,1,2025-02-15,47,pmf,stable,0.06
2025-02-08,wk flu hosp rate change,1,2025-02-15,47,pmf,increase,0.108
2025-02-08,wk flu hosp rate change,1,2025-02-15,47,pmf,large_increase,0.106
2025-02-08,wk flu hosp rate change,1,2025-02-15,47,pmf,decrease,0.236
2025-02-08,wk flu hosp rate change,1,2025-02-15,47,pmf,large_decrease,0.49
2025-02-08,wk flu hosp rate change,2,2025-02-22,47,pmf,stable,0.076
2025-02-08,wk flu hosp rate change,2,2025-02-22,47,pmf,increase,0.09
2025-02-08,wk flu hosp rate change,2,2025-02-22,47,pmf,large_increase,0.059
2025-02-08,wk flu hosp rate change,2,2025-02-22,47,pmf,decrease,0.248
2025-02-08,wk flu hosp rate change,2,2025-02-22,47,pmf,large_decrease,0.527
2025-02-08,wk flu hosp rate change,3,2025-03-01,47,pmf,stable,0.067
2025-02-08,wk flu hosp rate change,3,2025-03-01,47,pmf,increase,0.061
2025-02-08,wk flu hosp rate change,3,2025-03-01,47,pmf,large_increase,0.025
2025-02-08,wk flu hosp rate change,3,2025-03-01,47,pmf,decrease,0.266
2025-02-08,wk flu hosp rate change,3,2025-03-01,47,pmf,large_decrease,0.581
2025-02-08,wk flu hosp rate change,0,2025-02-08,48,pmf,stable,0.05
2025-02-08,wk flu hosp rate change,0,2025-02-08,48,pmf,increase,0.248
2025-02-08,wk flu hosp rate change,0,2025-02-08,48,pmf,large_increase,0.403
2025-02-08,wk flu hosp rate change,0,2025-02-08,48,pmf,decrease,0.096
2025-02-08,wk flu hosp rate change,0,2025-02-08,48,pmf,large_decrease,0.203
2025-02-08,wk flu hosp rate change,1,2025-02-15,48,pmf,stable,0.079
2025-02-08,wk flu hosp rate change,1,2025-02-15,48,pmf,increase,0.2
2025-02-08,wk flu hosp rate change,1,2025-02-15,48,pmf,large_increase,0.402
2025-02-08,wk flu hosp rate change,1,2025-02-15,48,pmf,decrease,0.156
2025-02-08,wk flu hosp rate change,1,2025-02-15,48,pmf,large_decrease,0.163
2025-02-08,wk flu hosp rate change,2,2025-02-22,48,pmf,stable,0.079
2025-02-08,wk flu hosp rate change,2,2025-02-22,48,pmf,increase,0.23
2025-02-08,wk flu hosp rate change,2,2025-02-22,48,pmf,large_increase,0.298
2025-02-08,wk flu hosp rate change,2,2025-02-22,48,pmf,decrease,0.197
2025-02-08,wk flu hosp rate change,2,2025-02-22,48,pmf,large_decrease,0.196
2025-02-08,wk flu hosp rate change,3,2025-03-01,48,pmf,stable,0.103
2025-02-08,wk flu hosp rate change,3,2025-03-01,48,pmf,increase,0.222
2025-02-08,wk flu hosp rate change,3,2025-03-01,48,pmf,large_increase,0.187
2025-02-08,wk flu hosp rate change,3,2025-03-01,48,pmf,decrease,0.247
2025-02-08,wk flu hosp rate change,3,2025-03-01,48,pmf,large_decrease,0.241
2025-02-08,wk flu hosp rate change,0,2025-02-08,49,pmf,stable,0.173
2025-02-08,wk flu hosp rate change,0,2025-02-08,49,pmf,increase,0.097
2025-02-08,wk flu hosp rate change,0,2025-02-08,49,pmf,large_increase,0.153
2025-02-08,wk flu hosp rate change,0,2025-02-08,49,pmf,decrease,0.413
2025-02-08,wk flu hosp rate change,0,2025-02-08,49,pmf,large_decrease,0.164
2025-02-08,wk flu hosp rate change,1,2025-02-15,49,pmf,stable,0.179
2025-02-08,wk flu hosp rate change,1,2025-02-15,49,pmf,increase,0.203
2025-02-08,wk flu hosp rate change,1,2025-02-15,49,pmf,large_increase,0.062
2025-02-08,wk flu hosp rate change,1,2025-02-15,49,pmf,decrease,0.469
2025-02-08,wk flu hosp rate change,1,2025-02-15,49,pmf,large_decrease,0.087
2025-02-08,wk flu hosp rate change,2,2025-02-22,49,pmf,stable,0.192
2025-02-08,wk flu hosp rate change,2,2025-02-22,49,pmf,increase,0.206
2025-02-08,wk flu hosp rate change,2,2025-02-22,49,pmf,large_increase,0.052
2025-02-08,wk flu hosp rate change,2,2025-02-22,49,pmf,decrease,0.51
2025-02-08,wk flu hosp rate change,2,2025-02-22,49,pmf,large_decrease,0.04
2025-02-08,wk flu hosp rate change,3,2025-03-01,49,pmf,stable,0.245
2025-02-08,wk flu hosp rate change,3,2025-03-01,49,pmf,increase,0.146
2025-02-08,wk flu hosp rate change,3,2025-03-01,49,pmf,large_increase,0.037
2025-02-08,wk flu hosp rate change,3,2025-03-01,49,pmf,decrease,0.551
2025-02-08,wk flu hosp rate change,3,2025-03-01,49,pmf,large_decrease,0.021
2025-02-08,wk flu hosp rate change,0,2025-02-08,50,pmf,stable,0.030999999999999917
2025-02-08,wk flu hosp rate change,0,2025-02-08,50,pmf,increase,0.118
2025-02-08,wk flu hosp rate change,0,2025-02-08,50,pmf,large_increase,0.049
2025-02-08,wk flu hosp rate change,0,2025-02-08,50,pmf,decrease,0.123
2025-02-08,wk flu hosp rate change,0,2025-02-08,50,pmf,large_decrease,0.679
2025-02-08,wk flu hosp rate change,1,2025-02-15,50,pmf,stable,0.057999999999999996
2025-02-08,wk flu hosp rate change,1,2025-02-15,50,pmf,increase,0.092
2025-02-08,wk flu hosp rate change,1,2025-02-15,50,pmf,large_increase,0.017
2025-02-08,wk flu hosp rate change,1,2025-02-15,50,pmf,decrease,0.229
2025-02-08,wk flu hosp rate change,1,2025-02-15,50,pmf,large_decrease,0.604
2025-02-08,wk flu hosp rate change,2,2025-02-22,50,pmf,stable,0.07299999999999982
2025-02-08,wk flu hosp rate change,2,2025-02-22,50,pmf,increase,0.066
2025-02-08,wk flu hosp rate change,2,2025-02-22,50,pmf,large_increase,0.01
2025-02-08,wk flu hosp rate change,2,2025-02-22,50,pmf,decrease,0.317
2025-02-08,wk flu hosp rate change,2,2025-02-22,50,pmf,large_decrease,0.534
2025-02-08,wk flu hosp rate change,3,2025-03-01,50,pmf,stable,0.03500000000000009
2025-02-08,wk flu hosp rate change,3,2025-03-01,50,pmf,increase,0.011
2025-02-08,wk flu hosp rate change,3,2025-03-01,50,pmf,large_increase,0.001
2025-02-08,wk flu hosp rate change,3,2025-03-01,50,pmf,decrease,0.355
2025-02-08,wk flu hosp rate change,3,2025-03-01,50,pmf,large_decrease,0.598
2025-02-08,wk flu hosp rate change,0,2025-02-08,51,pmf,stable,0.054
2025-02-08,wk flu hosp rate change,0,2025-02-08,51,pmf,increase,0.238
2025-02-08,wk flu hosp rate change,0,2025-02-08,51,pmf,large_increase,0.216
2025-02-08,wk flu hosp rate change,0,2025-02-08,51,pmf,decrease,0.145
2025-02-08,wk flu hosp rate change,0,2025-02-08,51,pmf,large_decrease,0.347
2025-02-08,wk flu hosp rate change,1,2025-02-15,51,pmf,stable,0.111
2025-02-08,wk flu hosp rate change,1,2025-02-15,51,pmf,increase,0.196
2025-02-08,wk flu hosp rate change,1,2025-02-15,51,pmf,large_increase,0.106
2025-02-08,wk flu hosp rate change,1,2025-02-15,51,pmf,decrease,0.278
2025-02-08,wk flu hosp rate change,1,2025-02-15,51,pmf,large_decrease,0.309
2025-02-08,wk flu hosp rate change,2,2025-02-22,51,pmf,stable,0.12
2025-02-08,wk flu hosp rate change,2,2025-02-22,51,pmf,increase,0.156
2025-02-08,wk flu hosp rate change,2,2025-02-22,51,pmf,large_increase,0.053
2025-02-08,wk flu hosp rate change,2,2025-02-22,51,pmf,decrease,0.318
2025-02-08,wk flu hosp rate change,2,2025-02-22,51,pmf,large_decrease,0.353
2025-02-08,wk flu hosp rate change,3,2025-03-01,51,pmf,stable,0.126
2025-02-08,wk flu hosp rate change,3,2025-03-01,51,pmf,increase,0.119
2025-02-08,wk flu hosp rate change,3,2025-03-01,51,pmf,large_increase,0.013
2025-02-08,wk flu hosp rate change,3,2025-03-01,51,pmf,decrease,0.366
2025-02-08,wk flu hosp rate change,3,2025-03-01,51,pmf,large_decrease,0.376
2025-02-08,wk flu hosp rate change,0,2025-02-08,53,pmf,stable,0.131
2025-02-08,wk flu hosp rate change,0,2025-02-08,53,pmf,increase,0.091
2025-02-08,wk flu hosp rate change,0,2025-02-08,53,pmf,large_increase,0.088
2025-02-08,wk flu hosp rate change,0,2025-02-08,53,pmf,decrease,0.241
2025-02-08,wk flu hosp rate change,0,2025-02-08,53,pmf,large_decrease,0.449
2025-02-08,wk flu hosp rate change,1,2025-02-15,53,pmf,stable,0.07
2025-02-08,wk flu hosp rate change,1,2025-02-15,53,pmf,increase,0.083
2025-02-08,wk flu hosp rate change,1,2025-02-15,53,pmf,large_increase,0.026
2025-02-08,wk flu hosp rate change,1,2025-02-15,53,pmf,decrease,0.406
2025-02-08,wk flu hosp rate change,1,2025-02-15,53,pmf,large_decrease,0.415
2025-02-08,wk flu hosp rate change,2,2025-02-22,53,pmf,stable,0.075
2025-02-08,wk flu hosp rate change,2,2025-02-22,53,pmf,increase,0.062
2025-02-08,wk flu hosp rate change,2,2025-02-22,53,pmf,large_increase,0.01
2025-02-08,wk flu hosp rate change,2,2025-02-22,53,pmf,decrease,0.468
2025-02-08,wk flu hosp rate change,2,2025-02-22,53,pmf,large_decrease,0.385
2025-02-08,wk flu hosp rate change,3,2025-03-01,53,pmf,stable,0.073
2025-02-08,wk flu hosp rate change,3,2025-03-01,53,pmf,increase,0.023
2025-02-08,wk flu hosp rate change,3,2025-03-01,53,pmf,large_increase,0.001
2025-02-08,wk flu hosp rate change,3,2025-03-01,53,pmf,decrease,0.565
2025-02-08,wk flu hosp rate change,3,2025-03-01,53,pmf,large_decrease,0.338
2025-02-08,wk flu hosp rate change,0,2025-02-08,54,pmf,stable,0.010000000000000078
2025-02-08,wk flu hosp rate change,0,2025-02-08,54,pmf,increase,0.045
2025-02-08,wk flu hosp rate change,0,2025-02-08,54,pmf,large_increase,0.599
2025-02-08,wk flu hosp rate change,0,2025-02-08,54,pmf,decrease,0.119
2025-02-08,wk flu hosp rate change,0,2025-02-08,54,pmf,large_decrease,0.227
2025-02-08,wk flu hosp rate change,1,2025-02-15,54,pmf,stable,0.048999999999999995
2025-02-08,wk flu hosp rate change,1,2025-02-15,54,pmf,increase,0.109
2025-02-08,wk flu hosp rate change,1,2025-02-15,54,pmf,large_increase,0.573
2025-02-08,wk flu hosp rate change,1,2025-02-15,54,pmf,decrease,0.091
2025-02-08,wk flu hosp rate change,1,2025-02-15,54,pmf,large_decrease,0.178
2025-02-08,wk flu hosp rate change,2,2025-02-22,54,pmf,stable,0.055
2025-02-08,wk flu hosp rate change,2,2025-02-22,54,pmf,increase,0.124
2025-02-08,wk flu hosp rate change,2,2025-02-22,54,pmf,large_increase,0.551
2025-02-08,wk flu hosp rate change,2,2025-02-22,54,pmf,decrease,0.129
2025-02-08,wk flu hosp rate change,2,2025-02-22,54,pmf,large_decrease,0.141
2025-02-08,wk flu hosp rate change,3,2025-03-01,54,pmf,stable,0.091
2025-02-08,wk flu hosp rate change,3,2025-03-01,54,pmf,increase,0.171
2025-02-08,wk flu hosp rate change,3,2025-03-01,54,pmf,large_increase,0.43
2025-02-08,wk flu hosp rate change,3,2025-03-01,54,pmf,decrease,0.167
2025-02-08,wk flu hosp rate change,3,2025-03-01,54,pmf,large_decrease,0.141
2025-02-08,wk flu hosp rate change,0,2025-02-08,55,pmf,stable,0.055
2025-02-08,wk flu hosp rate change,0,2025-02-08,55,pmf,increase,0.175
2025-02-08,wk flu hosp rate change,0,2025-02-08,55,pmf,large_increase,0.17
2025-02-08,wk flu hosp rate change,0,2025-02-08,55,pmf,decrease,0.072
2025-02-08,wk flu hosp rate change,0,2025-02-08,55,pmf,large_decrease,0.528
2025-02-08,wk flu hosp rate change,1,2025-02-15,55,pmf,stable,0.062
2025-02-08,wk flu hosp rate change,1,2025-02-15,55,pmf,increase,0.109
2025-02-08,wk flu hosp rate change,1,2025-02-15,55,pmf,large_increase,0.101
2025-02-08,wk flu hosp rate change,1,2025-02-15,55,pmf,decrease,0.211
2025-02-08,wk flu hosp rate change,1,2025-02-15,55,pmf,large_decrease,0.517
2025-02-08,wk flu hosp rate change,2,2025-02-22,55,pmf,stable,0.082
2025-02-08,wk flu hosp rate change,2,2025-02-22,55,pmf,increase,0.118
2025-02-08,wk flu hosp rate change,2,2025-02-22,55,pmf,large_increase,0.034
2025-02-08,wk flu hosp rate change,2,2025-02-22,55,pmf,decrease,0.281
2025-02-08,wk flu hosp rate change,2,2025-02-22,55,pmf,large_decrease,0.485
2025-02-08,wk flu hosp rate change,3,2025-03-01,55,pmf,stable,0.096
2025-02-08,wk flu hosp rate change,3,2025-03-01,55,pmf,increase,0.106
2025-02-08,wk flu hosp rate change,3,2025-03-01,55,pmf,large_increase,0.027
2025-02-08,wk flu hosp rate change,3,2025-03-01,55,pmf,decrease,0.291
2025-02-08,wk flu hosp rate change,3,2025-03-01,55,pmf,large_decrease,0.48
2025-02-08,wk flu hosp rate change,0,2025-02-08,56,pmf,stable,0.03700000000000006
2025-02-08,wk flu hosp rate change,0,2025-02-08,56,pmf,increase,0.036
2025-02-08,wk flu hosp rate change,0,2025-02-08,56,pmf,large_increase,0.351
2025-02-08,wk flu hosp rate change,0,2025-02-08,56,pmf,decrease,0.137
2025-02-08,wk flu hosp rate change,0,2025-02-08,56,pmf,large_decrease,0.439
2025-02-08,wk flu hosp rate change,1,2025-02-15,56,pmf,stable,0.03399999999999989
2025-02-08,wk flu hosp rate change,1,2025-02-15,56,pmf,increase,0.116
2025-02-08,wk flu hosp rate change,1,2025-02-15,56,pmf,large_increase,0.326
2025-02-08,wk flu hosp rate change,1,2025-02-15,56,pmf,decrease,0.138
2025-02-08,wk flu hosp rate change,1,2025-02-15,56,pmf,large_decrease,0.386
2025-02-08,wk flu hosp rate change,2,2025-02-22,56,pmf,stable,0.052000000000000046
2025-02-08,wk flu hosp rate change,2,2025-02-22,56,pmf,increase,0.114
2025-02-08,wk flu hosp rate change,2,2025-02-22,56,pmf,large_increase,0.318
2025-02-08,wk flu hosp rate change,2,2025-02-22,56,pmf,decrease,0.166
2025-02-08,wk flu hosp rate change,2,2025-02-22,56,pmf,large_decrease,0.35
2025-02-08,wk flu hosp rate change,3,2025-03-01,56,pmf,stable,0.07200000000000006
2025-02-08,wk flu hosp rate change,3,2025-03-01,56,pmf,increase,0.096
2025-02-08,wk flu hosp rate change,3,2025-03-01,56,pmf,large_increase,0.272
2025-02-08,wk flu hosp rate change,3,2025-03-01,56,pmf,decrease,0.161
2025-02-08,wk flu hosp rate change,3,2025-03-01,56,pmf,large_decrease,0.399
2025-02-08,wk flu hosp rate change,0,2025-02-08,72,pmf,stable,0.007999999999999998
2025-02-08,wk flu hosp rate change,0,2025-02-08,72,pmf,increase,0.162
2025-02-08,wk flu hosp rate change,0,2025-02-08,72,pmf,large_increase,0.722
2025-02-08,wk flu hosp rate change,0,2025-02-08,72,pmf,decrease,0.107
2025-02-08,wk flu hosp rate change,0,2025-02-08,72,pmf,large_decrease,0.001
2025-02-08,wk flu hosp rate change,1,2025-02-15,72,pmf,stable,0.1020000000000001
2025-02-08,wk flu hosp rate change,1,2025-02-15,72,pmf,increase,0.38
2025-02-08,wk flu hosp rate change,1,2025-02-15,72,pmf,large_increase,0.4
2025-02-08,wk flu hosp rate change,1,2025-02-15,72,pmf,decrease,0.117
2025-02-08,wk flu hosp rate change,1,2025-02-15,72,pmf,large_decrease,0.001
2025-02-08,wk flu hosp rate change,2,2025-02-22,72,pmf,stable,0.2910000000000002
2025-02-08,wk flu hosp rate change,2,2025-02-22,72,pmf,increase,0.433
2025-02-08,wk flu hosp rate change,2,2025-02-22,72,pmf,large_increase,0.274
2025-02-08,wk flu hosp rate change,2,2025-02-22,72,pmf,decrease,0.001
2025-02-08,wk flu hosp rate change,2,2025-02-22,72,pmf,large_decrease,0.001
2025-02-08,wk flu hosp rate change,3,2025-03-01,72,pmf,stable,0.4430000000000002
2025-02-08,wk flu hosp rate change,3,2025-03-01,72,pmf,increase,0.402
2025-02-08,wk flu hosp rate change,3,2025-03-01,72,pmf,large_increase,0.153
2025-02-08,wk flu hosp rate change,3,2025-03-01,72,pmf,decrease,0.001
2025-02-08,wk flu hosp rate change,3,2025-03-01,72,pmf,large_decrease,0.001
