reference_date,target,horizon,target_end_date,location,output_type,output_type_id,value
2024-11-30,wk inc flu hosp,0,2024-11-30,US,quantile,0.01,1952.0
2024-11-30,wk inc flu hosp,0,2024-11-30,US,quantile,0.025,2654.0
2024-11-30,wk inc flu hosp,0,2024-11-30,US,quantile,0.05,2916.0
2024-11-30,wk inc flu hosp,0,2024-11-30,US,quantile,0.1,3101.0
2024-11-30,wk inc flu hosp,0,2024-11-30,US,quantile,0.15,3255.0
2024-11-30,wk inc flu hosp,0,2024-11-30,US,quantile,0.2,3370.0
2024-11-30,wk inc flu hosp,0,2024-11-30,US,quantile,0.25,3456.0
2024-11-30,wk inc flu hosp,0,2024-11-30,US,quantile,0.3,3530.0
2024-11-30,wk inc flu hosp,0,2024-11-30,US,quantile,0.35,3585.0
2024-11-30,wk inc flu hosp,0,2024-11-30,US,quantile,0.4,3651.0
2024-11-30,wk inc flu hosp,0,2024-11-30,US,quantile,0.45,3718.0
2024-11-30,wk inc flu hosp,0,2024-11-30,US,quantile,0.5,3795.0
2024-11-30,wk inc flu hosp,0,2024-11-30,US,quantile,0.55,3863.0
2024-11-30,wk inc flu hosp,0,2024-11-30,US,quantile,0.6,3961.0
2024-11-30,wk inc flu hosp,0,2024-11-30,US,quantile,0.65,4030.0
2024-11-30,wk inc flu hosp,0,2024-11-30,US,quantile,0.7,4099.0
2024-11-30,wk inc flu hosp,0,2024-11-30,US,quantile,0.75,4203.0
2024-11-30,wk inc flu hosp,0,2024-11-30,US,quantile,0.8,4324.0
2024-11-30,wk inc flu hosp,0,2024-11-30,US,quantile,0.85,4453.0
2024-11-30,wk inc flu hosp,0,2024-11-30,US,quantile,0.9,4747.0
2024-11-30,wk inc flu hosp,0,2024-11-30,US,quantile,0.95,4984.0
2024-11-30,wk inc flu hosp,0,2024-11-30,US,quantile,0.975,5510.0
2024-11-30,wk inc flu hosp,0,2024-11-30,US,quantile,0.99,6407.0
2024-11-30,wk inc flu hosp,1,2024-12-07,US,quantile,0.01,1246.0
2024-11-30,wk inc flu hosp,1,2024-12-07,US,quantile,0.025,1629.0
2024-11-30,wk inc flu hosp,1,2024-12-07,US,quantile,0.05,2005.0
2024-11-30,wk inc flu hosp,1,2024-12-07,US,quantile,0.1,2450.0
2024-11-30,wk inc flu hosp,1,2024-12-07,US,quantile,0.15,2768.0
2024-11-30,wk inc flu hosp,1,2024-12-07,US,quantile,0.2,3059.0
2024-11-30,wk inc flu hosp,1,2024-12-07,US,quantile,0.25,3310.0
2024-11-30,wk inc flu hosp,1,2024-12-07,US,quantile,0.3,3567.0
2024-11-30,wk inc flu hosp,1,2024-12-07,US,quantile,0.35,3807.0
2024-11-30,wk inc flu hosp,1,2024-12-07,US,quantile,0.4,4043.0
2024-11-30,wk inc flu hosp,1,2024-12-07,US,quantile,0.45,4307.0
2024-11-30,wk inc flu hosp,1,2024-12-07,US,quantile,0.5,4585.0
2024-11-30,wk inc flu hosp,1,2024-12-07,US,quantile,0.55,4864.0
2024-11-30,wk inc flu hosp,1,2024-12-07,US,quantile,0.6,5127.0
2024-11-30,wk inc flu hosp,1,2024-12-07,US,quantile,0.65,5443.0
2024-11-30,wk inc flu hosp,1,2024-12-07,US,quantile,0.7,5763.0
2024-11-30,wk inc flu hosp,1,2024-12-07,US,quantile,0.75,6255.0
2024-11-30,wk inc flu hosp,1,2024-12-07,US,quantile,0.8,6785.0
2024-11-30,wk inc flu hosp,1,2024-12-07,US,quantile,0.85,7458.0
2024-11-30,wk inc flu hosp,1,2024-12-07,US,quantile,0.9,8547.0
2024-11-30,wk inc flu hosp,1,2024-12-07,US,quantile,0.95,10480.0
2024-11-30,wk inc flu hosp,1,2024-12-07,US,quantile,0.975,11943.0
2024-11-30,wk inc flu hosp,1,2024-12-07,US,quantile,0.99,13615.0
2024-11-30,wk inc flu hosp,2,2024-12-14,US,quantile,0.01,1828.0
2024-11-30,wk inc flu hosp,2,2024-12-14,US,quantile,0.025,2152.0
2024-11-30,wk inc flu hosp,2,2024-12-14,US,quantile,0.05,2586.0
2024-11-30,wk inc flu hosp,2,2024-12-14,US,quantile,0.1,3255.0
2024-11-30,wk inc flu hosp,2,2024-12-14,US,quantile,0.15,3681.0
2024-11-30,wk inc flu hosp,2,2024-12-14,US,quantile,0.2,4031.0
2024-11-30,wk inc flu hosp,2,2024-12-14,US,quantile,0.25,4343.0
2024-11-30,wk inc flu hosp,2,2024-12-14,US,quantile,0.3,4636.0
2024-11-30,wk inc flu hosp,2,2024-12-14,US,quantile,0.35,4926.0
2024-11-30,wk inc flu hosp,2,2024-12-14,US,quantile,0.4,5232.0
2024-11-30,wk inc flu hosp,2,2024-12-14,US,quantile,0.45,5555.0
2024-11-30,wk inc flu hosp,2,2024-12-14,US,quantile,0.5,5906.0
2024-11-30,wk inc flu hosp,2,2024-12-14,US,quantile,0.55,6275.0
2024-11-30,wk inc flu hosp,2,2024-12-14,US,quantile,0.6,6606.0
2024-11-30,wk inc flu hosp,2,2024-12-14,US,quantile,0.65,7048.0
2024-11-30,wk inc flu hosp,2,2024-12-14,US,quantile,0.7,7491.0
2024-11-30,wk inc flu hosp,2,2024-12-14,US,quantile,0.75,8162.0
2024-11-30,wk inc flu hosp,2,2024-12-14,US,quantile,0.8,8945.0
2024-11-30,wk inc flu hosp,2,2024-12-14,US,quantile,0.85,9980.0
2024-11-30,wk inc flu hosp,2,2024-12-14,US,quantile,0.9,11690.0
2024-11-30,wk inc flu hosp,2,2024-12-14,US,quantile,0.95,15235.0
2024-11-30,wk inc flu hosp,2,2024-12-14,US,quantile,0.975,17414.0
2024-11-30,wk inc flu hosp,2,2024-12-14,US,quantile,0.99,20335.0
2024-11-30,wk inc flu hosp,3,2024-12-21,US,quantile,0.01,2031.0
2024-11-30,wk inc flu hosp,3,2024-12-21,US,quantile,0.025,2440.0
2024-11-30,wk inc flu hosp,3,2024-12-21,US,quantile,0.05,2910.0
2024-11-30,wk inc flu hosp,3,2024-12-21,US,quantile,0.1,3723.0
2024-11-30,wk inc flu hosp,3,2024-12-21,US,quantile,0.15,4236.0
2024-11-30,wk inc flu hosp,3,2024-12-21,US,quantile,0.2,4664.0
2024-11-30,wk inc flu hosp,3,2024-12-21,US,quantile,0.25,5081.0
2024-11-30,wk inc flu hosp,3,2024-12-21,US,quantile,0.3,5489.0
2024-11-30,wk inc flu hosp,3,2024-12-21,US,quantile,0.35,5883.0
2024-11-30,wk inc flu hosp,3,2024-12-21,US,quantile,0.4,6232.0
2024-11-30,wk inc flu hosp,3,2024-12-21,US,quantile,0.45,6609.0
2024-11-30,wk inc flu hosp,3,2024-12-21,US,quantile,0.5,7042.0
2024-11-30,wk inc flu hosp,3,2024-12-21,US,quantile,0.55,7492.0
2024-11-30,wk inc flu hosp,3,2024-12-21,US,quantile,0.6,8012.0
2024-11-30,wk inc flu hosp,3,2024-12-21,US,quantile,0.65,8621.0
2024-11-30,wk inc flu hosp,3,2024-12-21,US,quantile,0.7,9277.0
2024-11-30,wk inc flu hosp,3,2024-12-21,US,quantile,0.75,10111.0
2024-11-30,wk inc flu hosp,3,2024-12-21,US,quantile,0.8,11081.0
2024-11-30,wk inc flu hosp,3,2024-12-21,US,quantile,0.85,12484.0
2024-11-30,wk inc flu hosp,3,2024-12-21,US,quantile,0.9,14689.0
2024-11-30,wk inc flu hosp,3,2024-12-21,US,quantile,0.95,18725.0
2024-11-30,wk inc flu hosp,3,2024-12-21,US,quantile,0.975,22009.0
2024-11-30,wk inc flu hosp,3,2024-12-21,US,quantile,0.99,26453.0
2024-11-30,wk inc flu hosp,0,2024-11-30,01,quantile,0.01,19.0
2024-11-30,wk inc flu hosp,0,2024-11-30,01,quantile,0.025,34.0
2024-11-30,wk inc flu hosp,0,2024-11-30,01,quantile,0.05,42.0
2024-11-30,wk inc flu hosp,0,2024-11-30,01,quantile,0.1,43.0
2024-11-30,wk inc flu hosp,0,2024-11-30,01,quantile,0.15,45.0
2024-11-30,wk inc flu hosp,0,2024-11-30,01,quantile,0.2,46.0
2024-11-30,wk inc flu hosp,0,2024-11-30,01,quantile,0.25,47.0
2024-11-30,wk inc flu hosp,0,2024-11-30,01,quantile,0.3,48.0
2024-11-30,wk inc flu hosp,0,2024-11-30,01,quantile,0.35,49.0
2024-11-30,wk inc flu hosp,0,2024-11-30,01,quantile,0.4,51.0
2024-11-30,wk inc flu hosp,0,2024-11-30,01,quantile,0.45,52.0
2024-11-30,wk inc flu hosp,0,2024-11-30,01,quantile,0.5,53.0
2024-11-30,wk inc flu hosp,0,2024-11-30,01,quantile,0.55,54.0
2024-11-30,wk inc flu hosp,0,2024-11-30,01,quantile,0.6,55.0
2024-11-30,wk inc flu hosp,0,2024-11-30,01,quantile,0.65,56.0
2024-11-30,wk inc flu hosp,0,2024-11-30,01,quantile,0.7,58.0
2024-11-30,wk inc flu hosp,0,2024-11-30,01,quantile,0.75,59.0
2024-11-30,wk inc flu hosp,0,2024-11-30,01,quantile,0.8,62.0
2024-11-30,wk inc flu hosp,0,2024-11-30,01,quantile,0.85,66.0
2024-11-30,wk inc flu hosp,0,2024-11-30,01,quantile,0.9,73.0
2024-11-30,wk inc flu hosp,0,2024-11-30,01,quantile,0.95,81.0
2024-11-30,wk inc flu hosp,0,2024-11-30,01,quantile,0.975,102.0
2024-11-30,wk inc flu hosp,0,2024-11-30,01,quantile,0.99,158.0
2024-11-30,wk inc flu hosp,1,2024-12-07,01,quantile,0.01,13.0
2024-11-30,wk inc flu hosp,1,2024-12-07,01,quantile,0.025,20.0
2024-11-30,wk inc flu hosp,1,2024-12-07,01,quantile,0.05,27.0
2024-11-30,wk inc flu hosp,1,2024-12-07,01,quantile,0.1,34.0
2024-11-30,wk inc flu hosp,1,2024-12-07,01,quantile,0.15,38.0
2024-11-30,wk inc flu hosp,1,2024-12-07,01,quantile,0.2,43.0
2024-11-30,wk inc flu hosp,1,2024-12-07,01,quantile,0.25,50.0
2024-11-30,wk inc flu hosp,1,2024-12-07,01,quantile,0.3,56.0
2024-11-30,wk inc flu hosp,1,2024-12-07,01,quantile,0.35,63.0
2024-11-30,wk inc flu hosp,1,2024-12-07,01,quantile,0.4,69.0
2024-11-30,wk inc flu hosp,1,2024-12-07,01,quantile,0.45,74.0
2024-11-30,wk inc flu hosp,1,2024-12-07,01,quantile,0.5,81.0
2024-11-30,wk inc flu hosp,1,2024-12-07,01,quantile,0.55,86.0
2024-11-30,wk inc flu hosp,1,2024-12-07,01,quantile,0.6,93.0
2024-11-30,wk inc flu hosp,1,2024-12-07,01,quantile,0.65,101.0
2024-11-30,wk inc flu hosp,1,2024-12-07,01,quantile,0.7,110.0
2024-11-30,wk inc flu hosp,1,2024-12-07,01,quantile,0.75,120.0
2024-11-30,wk inc flu hosp,1,2024-12-07,01,quantile,0.8,131.0
2024-11-30,wk inc flu hosp,1,2024-12-07,01,quantile,0.85,143.0
2024-11-30,wk inc flu hosp,1,2024-12-07,01,quantile,0.9,169.0
2024-11-30,wk inc flu hosp,1,2024-12-07,01,quantile,0.95,211.0
2024-11-30,wk inc flu hosp,1,2024-12-07,01,quantile,0.975,254.0
2024-11-30,wk inc flu hosp,1,2024-12-07,01,quantile,0.99,311.0
2024-11-30,wk inc flu hosp,2,2024-12-14,01,quantile,0.01,18.0
2024-11-30,wk inc flu hosp,2,2024-12-14,01,quantile,0.025,24.0
2024-11-30,wk inc flu hosp,2,2024-12-14,01,quantile,0.05,33.0
2024-11-30,wk inc flu hosp,2,2024-12-14,01,quantile,0.1,42.0
2024-11-30,wk inc flu hosp,2,2024-12-14,01,quantile,0.15,47.0
2024-11-30,wk inc flu hosp,2,2024-12-14,01,quantile,0.2,56.0
2024-11-30,wk inc flu hosp,2,2024-12-14,01,quantile,0.25,63.0
2024-11-30,wk inc flu hosp,2,2024-12-14,01,quantile,0.3,70.0
2024-11-30,wk inc flu hosp,2,2024-12-14,01,quantile,0.35,78.0
2024-11-30,wk inc flu hosp,2,2024-12-14,01,quantile,0.4,85.0
2024-11-30,wk inc flu hosp,2,2024-12-14,01,quantile,0.45,93.0
2024-11-30,wk inc flu hosp,2,2024-12-14,01,quantile,0.5,102.0
2024-11-30,wk inc flu hosp,2,2024-12-14,01,quantile,0.55,111.0
2024-11-30,wk inc flu hosp,2,2024-12-14,01,quantile,0.6,119.0
2024-11-30,wk inc flu hosp,2,2024-12-14,01,quantile,0.65,130.0
2024-11-30,wk inc flu hosp,2,2024-12-14,01,quantile,0.7,141.0
2024-11-30,wk inc flu hosp,2,2024-12-14,01,quantile,0.75,154.0
2024-11-30,wk inc flu hosp,2,2024-12-14,01,quantile,0.8,170.0
2024-11-30,wk inc flu hosp,2,2024-12-14,01,quantile,0.85,190.0
2024-11-30,wk inc flu hosp,2,2024-12-14,01,quantile,0.9,228.0
2024-11-30,wk inc flu hosp,2,2024-12-14,01,quantile,0.95,286.0
2024-11-30,wk inc flu hosp,2,2024-12-14,01,quantile,0.975,347.0
2024-11-30,wk inc flu hosp,2,2024-12-14,01,quantile,0.99,432.0
2024-11-30,wk inc flu hosp,3,2024-12-21,01,quantile,0.01,18.0
2024-11-30,wk inc flu hosp,3,2024-12-21,01,quantile,0.025,23.0
2024-11-30,wk inc flu hosp,3,2024-12-21,01,quantile,0.05,30.0
2024-11-30,wk inc flu hosp,3,2024-12-21,01,quantile,0.1,42.0
2024-11-30,wk inc flu hosp,3,2024-12-21,01,quantile,0.15,52.0
2024-11-30,wk inc flu hosp,3,2024-12-21,01,quantile,0.2,61.0
2024-11-30,wk inc flu hosp,3,2024-12-21,01,quantile,0.25,71.0
2024-11-30,wk inc flu hosp,3,2024-12-21,01,quantile,0.3,80.0
2024-11-30,wk inc flu hosp,3,2024-12-21,01,quantile,0.35,89.0
2024-11-30,wk inc flu hosp,3,2024-12-21,01,quantile,0.4,99.0
2024-11-30,wk inc flu hosp,3,2024-12-21,01,quantile,0.45,110.0
2024-11-30,wk inc flu hosp,3,2024-12-21,01,quantile,0.5,120.0
2024-11-30,wk inc flu hosp,3,2024-12-21,01,quantile,0.55,132.0
2024-11-30,wk inc flu hosp,3,2024-12-21,01,quantile,0.6,144.0
2024-11-30,wk inc flu hosp,3,2024-12-21,01,quantile,0.65,157.0
2024-11-30,wk inc flu hosp,3,2024-12-21,01,quantile,0.7,171.0
2024-11-30,wk inc flu hosp,3,2024-12-21,01,quantile,0.75,188.0
2024-11-30,wk inc flu hosp,3,2024-12-21,01,quantile,0.8,210.0
2024-11-30,wk inc flu hosp,3,2024-12-21,01,quantile,0.85,238.0
2024-11-30,wk inc flu hosp,3,2024-12-21,01,quantile,0.9,285.0
2024-11-30,wk inc flu hosp,3,2024-12-21,01,quantile,0.95,364.0
2024-11-30,wk inc flu hosp,3,2024-12-21,01,quantile,0.975,441.0
2024-11-30,wk inc flu hosp,3,2024-12-21,01,quantile,0.99,509.0
2024-11-30,wk inc flu hosp,0,2024-11-30,02,quantile,0.01,1.0
2024-11-30,wk inc flu hosp,0,2024-11-30,02,quantile,0.025,1.0
2024-11-30,wk inc flu hosp,0,2024-11-30,02,quantile,0.05,1.0
2024-11-30,wk inc flu hosp,0,2024-11-30,02,quantile,0.1,2.0
2024-11-30,wk inc flu hosp,0,2024-11-30,02,quantile,0.15,2.0
2024-11-30,wk inc flu hosp,0,2024-11-30,02,quantile,0.2,2.0
2024-11-30,wk inc flu hosp,0,2024-11-30,02,quantile,0.25,3.0
2024-11-30,wk inc flu hosp,0,2024-11-30,02,quantile,0.3,3.0
2024-11-30,wk inc flu hosp,0,2024-11-30,02,quantile,0.35,4.0
2024-11-30,wk inc flu hosp,0,2024-11-30,02,quantile,0.4,4.0
2024-11-30,wk inc flu hosp,0,2024-11-30,02,quantile,0.45,5.0
2024-11-30,wk inc flu hosp,0,2024-11-30,02,quantile,0.5,5.0
2024-11-30,wk inc flu hosp,0,2024-11-30,02,quantile,0.55,6.0
2024-11-30,wk inc flu hosp,0,2024-11-30,02,quantile,0.6,6.0
2024-11-30,wk inc flu hosp,0,2024-11-30,02,quantile,0.65,7.0
2024-11-30,wk inc flu hosp,0,2024-11-30,02,quantile,0.7,8.0
2024-11-30,wk inc flu hosp,0,2024-11-30,02,quantile,0.75,8.0
2024-11-30,wk inc flu hosp,0,2024-11-30,02,quantile,0.8,9.0
2024-11-30,wk inc flu hosp,0,2024-11-30,02,quantile,0.85,11.0
2024-11-30,wk inc flu hosp,0,2024-11-30,02,quantile,0.9,13.0
2024-11-30,wk inc flu hosp,0,2024-11-30,02,quantile,0.95,16.0
2024-11-30,wk inc flu hosp,0,2024-11-30,02,quantile,0.975,20.0
2024-11-30,wk inc flu hosp,0,2024-11-30,02,quantile,0.99,24.0
2024-11-30,wk inc flu hosp,1,2024-12-07,02,quantile,0.01,0.0
2024-11-30,wk inc flu hosp,1,2024-12-07,02,quantile,0.025,1.0
2024-11-30,wk inc flu hosp,1,2024-12-07,02,quantile,0.05,1.0
2024-11-30,wk inc flu hosp,1,2024-12-07,02,quantile,0.1,1.0
2024-11-30,wk inc flu hosp,1,2024-12-07,02,quantile,0.15,1.0
2024-11-30,wk inc flu hosp,1,2024-12-07,02,quantile,0.2,2.0
2024-11-30,wk inc flu hosp,1,2024-12-07,02,quantile,0.25,2.0
2024-11-30,wk inc flu hosp,1,2024-12-07,02,quantile,0.3,3.0
2024-11-30,wk inc flu hosp,1,2024-12-07,02,quantile,0.35,4.0
2024-11-30,wk inc flu hosp,1,2024-12-07,02,quantile,0.4,4.0
2024-11-30,wk inc flu hosp,1,2024-12-07,02,quantile,0.45,5.0
2024-11-30,wk inc flu hosp,1,2024-12-07,02,quantile,0.5,6.0
2024-11-30,wk inc flu hosp,1,2024-12-07,02,quantile,0.55,7.0
2024-11-30,wk inc flu hosp,1,2024-12-07,02,quantile,0.6,8.0
2024-11-30,wk inc flu hosp,1,2024-12-07,02,quantile,0.65,9.0
2024-11-30,wk inc flu hosp,1,2024-12-07,02,quantile,0.7,10.0
2024-11-30,wk inc flu hosp,1,2024-12-07,02,quantile,0.75,11.0
2024-11-30,wk inc flu hosp,1,2024-12-07,02,quantile,0.8,13.0
2024-11-30,wk inc flu hosp,1,2024-12-07,02,quantile,0.85,15.0
2024-11-30,wk inc flu hosp,1,2024-12-07,02,quantile,0.9,18.0
2024-11-30,wk inc flu hosp,1,2024-12-07,02,quantile,0.95,23.0
2024-11-30,wk inc flu hosp,1,2024-12-07,02,quantile,0.975,27.0
2024-11-30,wk inc flu hosp,1,2024-12-07,02,quantile,0.99,33.0
2024-11-30,wk inc flu hosp,2,2024-12-14,02,quantile,0.01,1.0
2024-11-30,wk inc flu hosp,2,2024-12-14,02,quantile,0.025,1.0
2024-11-30,wk inc flu hosp,2,2024-12-14,02,quantile,0.05,1.0
2024-11-30,wk inc flu hosp,2,2024-12-14,02,quantile,0.1,1.0
2024-11-30,wk inc flu hosp,2,2024-12-14,02,quantile,0.15,2.0
2024-11-30,wk inc flu hosp,2,2024-12-14,02,quantile,0.2,3.0
2024-11-30,wk inc flu hosp,2,2024-12-14,02,quantile,0.25,3.0
2024-11-30,wk inc flu hosp,2,2024-12-14,02,quantile,0.3,4.0
2024-11-30,wk inc flu hosp,2,2024-12-14,02,quantile,0.35,5.0
2024-11-30,wk inc flu hosp,2,2024-12-14,02,quantile,0.4,6.0
2024-11-30,wk inc flu hosp,2,2024-12-14,02,quantile,0.45,7.0
2024-11-30,wk inc flu hosp,2,2024-12-14,02,quantile,0.5,8.0
2024-11-30,wk inc flu hosp,2,2024-12-14,02,quantile,0.55,9.0
2024-11-30,wk inc flu hosp,2,2024-12-14,02,quantile,0.6,10.0
2024-11-30,wk inc flu hosp,2,2024-12-14,02,quantile,0.65,11.0
2024-11-30,wk inc flu hosp,2,2024-12-14,02,quantile,0.7,13.0
2024-11-30,wk inc flu hosp,2,2024-12-14,02,quantile,0.75,14.0
2024-11-30,wk inc flu hosp,2,2024-12-14,02,quantile,0.8,16.0
2024-11-30,wk inc flu hosp,2,2024-12-14,02,quantile,0.85,19.0
2024-11-30,wk inc flu hosp,2,2024-12-14,02,quantile,0.9,23.0
2024-11-30,wk inc flu hosp,2,2024-12-14,02,quantile,0.95,31.0
2024-11-30,wk inc flu hosp,2,2024-12-14,02,quantile,0.975,38.0
2024-11-30,wk inc flu hosp,2,2024-12-14,02,quantile,0.99,49.0
2024-11-30,wk inc flu hosp,3,2024-12-21,02,quantile,0.01,0.0
2024-11-30,wk inc flu hosp,3,2024-12-21,02,quantile,0.025,1.0
2024-11-30,wk inc flu hosp,3,2024-12-21,02,quantile,0.05,1.0
2024-11-30,wk inc flu hosp,3,2024-12-21,02,quantile,0.1,1.0
2024-11-30,wk inc flu hosp,3,2024-12-21,02,quantile,0.15,2.0
2024-11-30,wk inc flu hosp,3,2024-12-21,02,quantile,0.2,3.0
2024-11-30,wk inc flu hosp,3,2024-12-21,02,quantile,0.25,4.0
2024-11-30,wk inc flu hosp,3,2024-12-21,02,quantile,0.3,5.0
2024-11-30,wk inc flu hosp,3,2024-12-21,02,quantile,0.35,6.0
2024-11-30,wk inc flu hosp,3,2024-12-21,02,quantile,0.4,7.0
2024-11-30,wk inc flu hosp,3,2024-12-21,02,quantile,0.45,8.0
2024-11-30,wk inc flu hosp,3,2024-12-21,02,quantile,0.5,9.0
2024-11-30,wk inc flu hosp,3,2024-12-21,02,quantile,0.55,10.0
2024-11-30,wk inc flu hosp,3,2024-12-21,02,quantile,0.6,11.0
2024-11-30,wk inc flu hosp,3,2024-12-21,02,quantile,0.65,13.0
2024-11-30,wk inc flu hosp,3,2024-12-21,02,quantile,0.7,15.0
2024-11-30,wk inc flu hosp,3,2024-12-21,02,quantile,0.75,16.0
2024-11-30,wk inc flu hosp,3,2024-12-21,02,quantile,0.8,19.0
2024-11-30,wk inc flu hosp,3,2024-12-21,02,quantile,0.85,22.0
2024-11-30,wk inc flu hosp,3,2024-12-21,02,quantile,0.9,27.0
2024-11-30,wk inc flu hosp,3,2024-12-21,02,quantile,0.95,37.0
2024-11-30,wk inc flu hosp,3,2024-12-21,02,quantile,0.975,45.0
2024-11-30,wk inc flu hosp,3,2024-12-21,02,quantile,0.99,56.0
2024-11-30,wk inc flu hosp,0,2024-11-30,04,quantile,0.01,322.0
2024-11-30,wk inc flu hosp,0,2024-11-30,04,quantile,0.025,377.0
2024-11-30,wk inc flu hosp,0,2024-11-30,04,quantile,0.05,417.0
2024-11-30,wk inc flu hosp,0,2024-11-30,04,quantile,0.1,446.0
2024-11-30,wk inc flu hosp,0,2024-11-30,04,quantile,0.15,485.0
2024-11-30,wk inc flu hosp,0,2024-11-30,04,quantile,0.2,512.0
2024-11-30,wk inc flu hosp,0,2024-11-30,04,quantile,0.25,529.0
2024-11-30,wk inc flu hosp,0,2024-11-30,04,quantile,0.3,553.0
2024-11-30,wk inc flu hosp,0,2024-11-30,04,quantile,0.35,567.0
2024-11-30,wk inc flu hosp,0,2024-11-30,04,quantile,0.4,576.0
2024-11-30,wk inc flu hosp,0,2024-11-30,04,quantile,0.45,587.0
2024-11-30,wk inc flu hosp,0,2024-11-30,04,quantile,0.5,600.0
2024-11-30,wk inc flu hosp,0,2024-11-30,04,quantile,0.55,615.0
2024-11-30,wk inc flu hosp,0,2024-11-30,04,quantile,0.6,633.0
2024-11-30,wk inc flu hosp,0,2024-11-30,04,quantile,0.65,659.0
2024-11-30,wk inc flu hosp,0,2024-11-30,04,quantile,0.7,675.0
2024-11-30,wk inc flu hosp,0,2024-11-30,04,quantile,0.75,698.0
2024-11-30,wk inc flu hosp,0,2024-11-30,04,quantile,0.8,711.0
2024-11-30,wk inc flu hosp,0,2024-11-30,04,quantile,0.85,731.0
2024-11-30,wk inc flu hosp,0,2024-11-30,04,quantile,0.9,777.0
2024-11-30,wk inc flu hosp,0,2024-11-30,04,quantile,0.95,819.0
2024-11-30,wk inc flu hosp,0,2024-11-30,04,quantile,0.975,887.0
2024-11-30,wk inc flu hosp,0,2024-11-30,04,quantile,0.99,923.0
2024-11-30,wk inc flu hosp,1,2024-12-07,04,quantile,0.01,223.0
2024-11-30,wk inc flu hosp,1,2024-12-07,04,quantile,0.025,265.0
2024-11-30,wk inc flu hosp,1,2024-12-07,04,quantile,0.05,315.0
2024-11-30,wk inc flu hosp,1,2024-12-07,04,quantile,0.1,378.0
2024-11-30,wk inc flu hosp,1,2024-12-07,04,quantile,0.15,412.0
2024-11-30,wk inc flu hosp,1,2024-12-07,04,quantile,0.2,448.0
2024-11-30,wk inc flu hosp,1,2024-12-07,04,quantile,0.25,483.0
2024-11-30,wk inc flu hosp,1,2024-12-07,04,quantile,0.3,510.0
2024-11-30,wk inc flu hosp,1,2024-12-07,04,quantile,0.35,536.0
2024-11-30,wk inc flu hosp,1,2024-12-07,04,quantile,0.4,557.0
2024-11-30,wk inc flu hosp,1,2024-12-07,04,quantile,0.45,579.0
2024-11-30,wk inc flu hosp,1,2024-12-07,04,quantile,0.5,602.0
2024-11-30,wk inc flu hosp,1,2024-12-07,04,quantile,0.55,623.0
2024-11-30,wk inc flu hosp,1,2024-12-07,04,quantile,0.6,644.0
2024-11-30,wk inc flu hosp,1,2024-12-07,04,quantile,0.65,666.0
2024-11-30,wk inc flu hosp,1,2024-12-07,04,quantile,0.7,690.0
2024-11-30,wk inc flu hosp,1,2024-12-07,04,quantile,0.75,725.0
2024-11-30,wk inc flu hosp,1,2024-12-07,04,quantile,0.8,757.0
2024-11-30,wk inc flu hosp,1,2024-12-07,04,quantile,0.85,796.0
2024-11-30,wk inc flu hosp,1,2024-12-07,04,quantile,0.9,852.0
2024-11-30,wk inc flu hosp,1,2024-12-07,04,quantile,0.95,934.0
2024-11-30,wk inc flu hosp,1,2024-12-07,04,quantile,0.975,1024.0
2024-11-30,wk inc flu hosp,1,2024-12-07,04,quantile,0.99,1147.0
2024-11-30,wk inc flu hosp,2,2024-12-14,04,quantile,0.01,209.0
2024-11-30,wk inc flu hosp,2,2024-12-14,04,quantile,0.025,253.0
2024-11-30,wk inc flu hosp,2,2024-12-14,04,quantile,0.05,301.0
2024-11-30,wk inc flu hosp,2,2024-12-14,04,quantile,0.1,362.0
2024-11-30,wk inc flu hosp,2,2024-12-14,04,quantile,0.15,409.0
2024-11-30,wk inc flu hosp,2,2024-12-14,04,quantile,0.2,452.0
2024-11-30,wk inc flu hosp,2,2024-12-14,04,quantile,0.25,488.0
2024-11-30,wk inc flu hosp,2,2024-12-14,04,quantile,0.3,514.0
2024-11-30,wk inc flu hosp,2,2024-12-14,04,quantile,0.35,543.0
2024-11-30,wk inc flu hosp,2,2024-12-14,04,quantile,0.4,573.0
2024-11-30,wk inc flu hosp,2,2024-12-14,04,quantile,0.45,596.0
2024-11-30,wk inc flu hosp,2,2024-12-14,04,quantile,0.5,622.0
2024-11-30,wk inc flu hosp,2,2024-12-14,04,quantile,0.55,646.0
2024-11-30,wk inc flu hosp,2,2024-12-14,04,quantile,0.6,669.0
2024-11-30,wk inc flu hosp,2,2024-12-14,04,quantile,0.65,698.0
2024-11-30,wk inc flu hosp,2,2024-12-14,04,quantile,0.7,726.0
2024-11-30,wk inc flu hosp,2,2024-12-14,04,quantile,0.75,758.0
2024-11-30,wk inc flu hosp,2,2024-12-14,04,quantile,0.8,799.0
2024-11-30,wk inc flu hosp,2,2024-12-14,04,quantile,0.85,839.0
2024-11-30,wk inc flu hosp,2,2024-12-14,04,quantile,0.9,898.0
2024-11-30,wk inc flu hosp,2,2024-12-14,04,quantile,0.95,995.0
2024-11-30,wk inc flu hosp,2,2024-12-14,04,quantile,0.975,1079.0
2024-11-30,wk inc flu hosp,2,2024-12-14,04,quantile,0.99,1273.0
2024-11-30,wk inc flu hosp,3,2024-12-21,04,quantile,0.01,218.0
2024-11-30,wk inc flu hosp,3,2024-12-21,04,quantile,0.025,266.0
2024-11-30,wk inc flu hosp,3,2024-12-21,04,quantile,0.05,313.0
2024-11-30,wk inc flu hosp,3,2024-12-21,04,quantile,0.1,376.0
2024-11-30,wk inc flu hosp,3,2024-12-21,04,quantile,0.15,418.0
2024-11-30,wk inc flu hosp,3,2024-12-21,04,quantile,0.2,460.0
2024-11-30,wk inc flu hosp,3,2024-12-21,04,quantile,0.25,498.0
2024-11-30,wk inc flu hosp,3,2024-12-21,04,quantile,0.3,533.0
2024-11-30,wk inc flu hosp,3,2024-12-21,04,quantile,0.35,560.0
2024-11-30,wk inc flu hosp,3,2024-12-21,04,quantile,0.4,590.0
2024-11-30,wk inc flu hosp,3,2024-12-21,04,quantile,0.45,622.0
2024-11-30,wk inc flu hosp,3,2024-12-21,04,quantile,0.5,647.0
2024-11-30,wk inc flu hosp,3,2024-12-21,04,quantile,0.55,674.0
2024-11-30,wk inc flu hosp,3,2024-12-21,04,quantile,0.6,699.0
2024-11-30,wk inc flu hosp,3,2024-12-21,04,quantile,0.65,728.0
2024-11-30,wk inc flu hosp,3,2024-12-21,04,quantile,0.7,758.0
2024-11-30,wk inc flu hosp,3,2024-12-21,04,quantile,0.75,791.0
2024-11-30,wk inc flu hosp,3,2024-12-21,04,quantile,0.8,831.0
2024-11-30,wk inc flu hosp,3,2024-12-21,04,quantile,0.85,885.0
2024-11-30,wk inc flu hosp,3,2024-12-21,04,quantile,0.9,947.0
2024-11-30,wk inc flu hosp,3,2024-12-21,04,quantile,0.95,1034.0
2024-11-30,wk inc flu hosp,3,2024-12-21,04,quantile,0.975,1123.0
2024-11-30,wk inc flu hosp,3,2024-12-21,04,quantile,0.99,1246.0
2024-11-30,wk inc flu hosp,0,2024-11-30,05,quantile,0.01,1.0
2024-11-30,wk inc flu hosp,0,2024-11-30,05,quantile,0.025,1.0
2024-11-30,wk inc flu hosp,0,2024-11-30,05,quantile,0.05,1.0
2024-11-30,wk inc flu hosp,0,2024-11-30,05,quantile,0.1,1.0
2024-11-30,wk inc flu hosp,0,2024-11-30,05,quantile,0.15,2.0
2024-11-30,wk inc flu hosp,0,2024-11-30,05,quantile,0.2,3.0
2024-11-30,wk inc flu hosp,0,2024-11-30,05,quantile,0.25,4.0
2024-11-30,wk inc flu hosp,0,2024-11-30,05,quantile,0.3,4.0
2024-11-30,wk inc flu hosp,0,2024-11-30,05,quantile,0.35,5.0
2024-11-30,wk inc flu hosp,0,2024-11-30,05,quantile,0.4,5.0
2024-11-30,wk inc flu hosp,0,2024-11-30,05,quantile,0.45,6.0
2024-11-30,wk inc flu hosp,0,2024-11-30,05,quantile,0.5,7.0
2024-11-30,wk inc flu hosp,0,2024-11-30,05,quantile,0.55,8.0
2024-11-30,wk inc flu hosp,0,2024-11-30,05,quantile,0.6,10.0
2024-11-30,wk inc flu hosp,0,2024-11-30,05,quantile,0.65,11.0
2024-11-30,wk inc flu hosp,0,2024-11-30,05,quantile,0.7,13.0
2024-11-30,wk inc flu hosp,0,2024-11-30,05,quantile,0.75,15.0
2024-11-30,wk inc flu hosp,0,2024-11-30,05,quantile,0.8,19.0
2024-11-30,wk inc flu hosp,0,2024-11-30,05,quantile,0.85,23.0
2024-11-30,wk inc flu hosp,0,2024-11-30,05,quantile,0.9,29.0
2024-11-30,wk inc flu hosp,0,2024-11-30,05,quantile,0.95,43.0
2024-11-30,wk inc flu hosp,0,2024-11-30,05,quantile,0.975,53.0
2024-11-30,wk inc flu hosp,0,2024-11-30,05,quantile,0.99,67.0
2024-11-30,wk inc flu hosp,1,2024-12-07,05,quantile,0.01,1.0
2024-11-30,wk inc flu hosp,1,2024-12-07,05,quantile,0.025,1.0
2024-11-30,wk inc flu hosp,1,2024-12-07,05,quantile,0.05,1.0
2024-11-30,wk inc flu hosp,1,2024-12-07,05,quantile,0.1,2.0
2024-11-30,wk inc flu hosp,1,2024-12-07,05,quantile,0.15,6.0
2024-11-30,wk inc flu hosp,1,2024-12-07,05,quantile,0.2,10.0
2024-11-30,wk inc flu hosp,1,2024-12-07,05,quantile,0.25,12.0
2024-11-30,wk inc flu hosp,1,2024-12-07,05,quantile,0.3,15.0
2024-11-30,wk inc flu hosp,1,2024-12-07,05,quantile,0.35,19.0
2024-11-30,wk inc flu hosp,1,2024-12-07,05,quantile,0.4,24.0
2024-11-30,wk inc flu hosp,1,2024-12-07,05,quantile,0.45,27.0
2024-11-30,wk inc flu hosp,1,2024-12-07,05,quantile,0.5,31.0
2024-11-30,wk inc flu hosp,1,2024-12-07,05,quantile,0.55,35.0
2024-11-30,wk inc flu hosp,1,2024-12-07,05,quantile,0.6,39.0
2024-11-30,wk inc flu hosp,1,2024-12-07,05,quantile,0.65,44.0
2024-11-30,wk inc flu hosp,1,2024-12-07,05,quantile,0.7,48.0
2024-11-30,wk inc flu hosp,1,2024-12-07,05,quantile,0.75,54.0
2024-11-30,wk inc flu hosp,1,2024-12-07,05,quantile,0.8,61.0
2024-11-30,wk inc flu hosp,1,2024-12-07,05,quantile,0.85,69.0
2024-11-30,wk inc flu hosp,1,2024-12-07,05,quantile,0.9,84.0
2024-11-30,wk inc flu hosp,1,2024-12-07,05,quantile,0.95,108.0
2024-11-30,wk inc flu hosp,1,2024-12-07,05,quantile,0.975,130.0
2024-11-30,wk inc flu hosp,1,2024-12-07,05,quantile,0.99,152.0
2024-11-30,wk inc flu hosp,2,2024-12-14,05,quantile,0.01,1.0
2024-11-30,wk inc flu hosp,2,2024-12-14,05,quantile,0.025,1.0
2024-11-30,wk inc flu hosp,2,2024-12-14,05,quantile,0.05,1.0
2024-11-30,wk inc flu hosp,2,2024-12-14,05,quantile,0.1,6.0
2024-11-30,wk inc flu hosp,2,2024-12-14,05,quantile,0.15,11.0
2024-11-30,wk inc flu hosp,2,2024-12-14,05,quantile,0.2,15.0
2024-11-30,wk inc flu hosp,2,2024-12-14,05,quantile,0.25,19.0
2024-11-30,wk inc flu hosp,2,2024-12-14,05,quantile,0.3,23.0
2024-11-30,wk inc flu hosp,2,2024-12-14,05,quantile,0.35,28.0
2024-11-30,wk inc flu hosp,2,2024-12-14,05,quantile,0.4,33.0
2024-11-30,wk inc flu hosp,2,2024-12-14,05,quantile,0.45,38.0
2024-11-30,wk inc flu hosp,2,2024-12-14,05,quantile,0.5,42.0
2024-11-30,wk inc flu hosp,2,2024-12-14,05,quantile,0.55,47.0
2024-11-30,wk inc flu hosp,2,2024-12-14,05,quantile,0.6,52.0
2024-11-30,wk inc flu hosp,2,2024-12-14,05,quantile,0.65,58.0
2024-11-30,wk inc flu hosp,2,2024-12-14,05,quantile,0.7,63.0
2024-11-30,wk inc flu hosp,2,2024-12-14,05,quantile,0.75,71.0
2024-11-30,wk inc flu hosp,2,2024-12-14,05,quantile,0.8,81.0
2024-11-30,wk inc flu hosp,2,2024-12-14,05,quantile,0.85,92.0
2024-11-30,wk inc flu hosp,2,2024-12-14,05,quantile,0.9,111.0
2024-11-30,wk inc flu hosp,2,2024-12-14,05,quantile,0.95,142.0
2024-11-30,wk inc flu hosp,2,2024-12-14,05,quantile,0.975,170.0
2024-11-30,wk inc flu hosp,2,2024-12-14,05,quantile,0.99,198.0
2024-11-30,wk inc flu hosp,3,2024-12-21,05,quantile,0.01,2.0
2024-11-30,wk inc flu hosp,3,2024-12-21,05,quantile,0.025,3.0
2024-11-30,wk inc flu hosp,3,2024-12-21,05,quantile,0.05,4.0
2024-11-30,wk inc flu hosp,3,2024-12-21,05,quantile,0.1,7.0
2024-11-30,wk inc flu hosp,3,2024-12-21,05,quantile,0.15,13.0
2024-11-30,wk inc flu hosp,3,2024-12-21,05,quantile,0.2,18.0
2024-11-30,wk inc flu hosp,3,2024-12-21,05,quantile,0.25,24.0
2024-11-30,wk inc flu hosp,3,2024-12-21,05,quantile,0.3,30.0
2024-11-30,wk inc flu hosp,3,2024-12-21,05,quantile,0.35,35.0
2024-11-30,wk inc flu hosp,3,2024-12-21,05,quantile,0.4,41.0
2024-11-30,wk inc flu hosp,3,2024-12-21,05,quantile,0.45,46.0
2024-11-30,wk inc flu hosp,3,2024-12-21,05,quantile,0.5,50.0
2024-11-30,wk inc flu hosp,3,2024-12-21,05,quantile,0.55,56.0
2024-11-30,wk inc flu hosp,3,2024-12-21,05,quantile,0.6,62.0
2024-11-30,wk inc flu hosp,3,2024-12-21,05,quantile,0.65,69.0
2024-11-30,wk inc flu hosp,3,2024-12-21,05,quantile,0.7,77.0
2024-11-30,wk inc flu hosp,3,2024-12-21,05,quantile,0.75,87.0
2024-11-30,wk inc flu hosp,3,2024-12-21,05,quantile,0.8,98.0
2024-11-30,wk inc flu hosp,3,2024-12-21,05,quantile,0.85,112.0
2024-11-30,wk inc flu hosp,3,2024-12-21,05,quantile,0.9,135.0
2024-11-30,wk inc flu hosp,3,2024-12-21,05,quantile,0.95,172.0
2024-11-30,wk inc flu hosp,3,2024-12-21,05,quantile,0.975,211.0
2024-11-30,wk inc flu hosp,3,2024-12-21,05,quantile,0.99,258.0
2024-11-30,wk inc flu hosp,0,2024-11-30,06,quantile,0.01,191.0
2024-11-30,wk inc flu hosp,0,2024-11-30,06,quantile,0.025,281.0
2024-11-30,wk inc flu hosp,0,2024-11-30,06,quantile,0.05,310.0
2024-11-30,wk inc flu hosp,0,2024-11-30,06,quantile,0.1,356.0
2024-11-30,wk inc flu hosp,0,2024-11-30,06,quantile,0.15,391.0
2024-11-30,wk inc flu hosp,0,2024-11-30,06,quantile,0.2,420.0
2024-11-30,wk inc flu hosp,0,2024-11-30,06,quantile,0.25,440.0
2024-11-30,wk inc flu hosp,0,2024-11-30,06,quantile,0.3,458.0
2024-11-30,wk inc flu hosp,0,2024-11-30,06,quantile,0.35,472.0
2024-11-30,wk inc flu hosp,0,2024-11-30,06,quantile,0.4,485.0
2024-11-30,wk inc flu hosp,0,2024-11-30,06,quantile,0.45,501.0
2024-11-30,wk inc flu hosp,0,2024-11-30,06,quantile,0.5,516.0
2024-11-30,wk inc flu hosp,0,2024-11-30,06,quantile,0.55,535.0
2024-11-30,wk inc flu hosp,0,2024-11-30,06,quantile,0.6,564.0
2024-11-30,wk inc flu hosp,0,2024-11-30,06,quantile,0.65,590.0
2024-11-30,wk inc flu hosp,0,2024-11-30,06,quantile,0.7,607.0
2024-11-30,wk inc flu hosp,0,2024-11-30,06,quantile,0.75,634.0
2024-11-30,wk inc flu hosp,0,2024-11-30,06,quantile,0.8,682.0
2024-11-30,wk inc flu hosp,0,2024-11-30,06,quantile,0.85,707.0
2024-11-30,wk inc flu hosp,0,2024-11-30,06,quantile,0.9,742.0
2024-11-30,wk inc flu hosp,0,2024-11-30,06,quantile,0.95,810.0
2024-11-30,wk inc flu hosp,0,2024-11-30,06,quantile,0.975,860.0
2024-11-30,wk inc flu hosp,0,2024-11-30,06,quantile,0.99,941.0
2024-11-30,wk inc flu hosp,1,2024-12-07,06,quantile,0.01,131.0
2024-11-30,wk inc flu hosp,1,2024-12-07,06,quantile,0.025,187.0
2024-11-30,wk inc flu hosp,1,2024-12-07,06,quantile,0.05,236.0
2024-11-30,wk inc flu hosp,1,2024-12-07,06,quantile,0.1,280.0
2024-11-30,wk inc flu hosp,1,2024-12-07,06,quantile,0.15,319.0
2024-11-30,wk inc flu hosp,1,2024-12-07,06,quantile,0.2,360.0
2024-11-30,wk inc flu hosp,1,2024-12-07,06,quantile,0.25,399.0
2024-11-30,wk inc flu hosp,1,2024-12-07,06,quantile,0.3,430.0
2024-11-30,wk inc flu hosp,1,2024-12-07,06,quantile,0.35,457.0
2024-11-30,wk inc flu hosp,1,2024-12-07,06,quantile,0.4,489.0
2024-11-30,wk inc flu hosp,1,2024-12-07,06,quantile,0.45,519.0
2024-11-30,wk inc flu hosp,1,2024-12-07,06,quantile,0.5,551.0
2024-11-30,wk inc flu hosp,1,2024-12-07,06,quantile,0.55,586.0
2024-11-30,wk inc flu hosp,1,2024-12-07,06,quantile,0.6,621.0
2024-11-30,wk inc flu hosp,1,2024-12-07,06,quantile,0.65,658.0
2024-11-30,wk inc flu hosp,1,2024-12-07,06,quantile,0.7,705.0
2024-11-30,wk inc flu hosp,1,2024-12-07,06,quantile,0.75,752.0
2024-11-30,wk inc flu hosp,1,2024-12-07,06,quantile,0.8,810.0
2024-11-30,wk inc flu hosp,1,2024-12-07,06,quantile,0.85,890.0
2024-11-30,wk inc flu hosp,1,2024-12-07,06,quantile,0.9,1019.0
2024-11-30,wk inc flu hosp,1,2024-12-07,06,quantile,0.95,1222.0
2024-11-30,wk inc flu hosp,1,2024-12-07,06,quantile,0.975,1414.0
2024-11-30,wk inc flu hosp,1,2024-12-07,06,quantile,0.99,1640.0
2024-11-30,wk inc flu hosp,2,2024-12-14,06,quantile,0.01,195.0
2024-11-30,wk inc flu hosp,2,2024-12-14,06,quantile,0.025,251.0
2024-11-30,wk inc flu hosp,2,2024-12-14,06,quantile,0.05,311.0
2024-11-30,wk inc flu hosp,2,2024-12-14,06,quantile,0.1,372.0
2024-11-30,wk inc flu hosp,2,2024-12-14,06,quantile,0.15,416.0
2024-11-30,wk inc flu hosp,2,2024-12-14,06,quantile,0.2,458.0
2024-11-30,wk inc flu hosp,2,2024-12-14,06,quantile,0.25,499.0
2024-11-30,wk inc flu hosp,2,2024-12-14,06,quantile,0.3,536.0
2024-11-30,wk inc flu hosp,2,2024-12-14,06,quantile,0.35,575.0
2024-11-30,wk inc flu hosp,2,2024-12-14,06,quantile,0.4,608.0
2024-11-30,wk inc flu hosp,2,2024-12-14,06,quantile,0.45,644.0
2024-11-30,wk inc flu hosp,2,2024-12-14,06,quantile,0.5,682.0
2024-11-30,wk inc flu hosp,2,2024-12-14,06,quantile,0.55,726.0
2024-11-30,wk inc flu hosp,2,2024-12-14,06,quantile,0.6,772.0
2024-11-30,wk inc flu hosp,2,2024-12-14,06,quantile,0.65,828.0
2024-11-30,wk inc flu hosp,2,2024-12-14,06,quantile,0.7,885.0
2024-11-30,wk inc flu hosp,2,2024-12-14,06,quantile,0.75,957.0
2024-11-30,wk inc flu hosp,2,2024-12-14,06,quantile,0.8,1032.0
2024-11-30,wk inc flu hosp,2,2024-12-14,06,quantile,0.85,1140.0
2024-11-30,wk inc flu hosp,2,2024-12-14,06,quantile,0.9,1321.0
2024-11-30,wk inc flu hosp,2,2024-12-14,06,quantile,0.95,1706.0
2024-11-30,wk inc flu hosp,2,2024-12-14,06,quantile,0.975,2031.0
2024-11-30,wk inc flu hosp,2,2024-12-14,06,quantile,0.99,2559.0
2024-11-30,wk inc flu hosp,3,2024-12-21,06,quantile,0.01,231.0
2024-11-30,wk inc flu hosp,3,2024-12-21,06,quantile,0.025,301.0
2024-11-30,wk inc flu hosp,3,2024-12-21,06,quantile,0.05,363.0
2024-11-30,wk inc flu hosp,3,2024-12-21,06,quantile,0.1,432.0
2024-11-30,wk inc flu hosp,3,2024-12-21,06,quantile,0.15,496.0
2024-11-30,wk inc flu hosp,3,2024-12-21,06,quantile,0.2,550.0
2024-11-30,wk inc flu hosp,3,2024-12-21,06,quantile,0.25,598.0
2024-11-30,wk inc flu hosp,3,2024-12-21,06,quantile,0.3,642.0
2024-11-30,wk inc flu hosp,3,2024-12-21,06,quantile,0.35,682.0
2024-11-30,wk inc flu hosp,3,2024-12-21,06,quantile,0.4,719.0
2024-11-30,wk inc flu hosp,3,2024-12-21,06,quantile,0.45,764.0
2024-11-30,wk inc flu hosp,3,2024-12-21,06,quantile,0.5,805.0
2024-11-30,wk inc flu hosp,3,2024-12-21,06,quantile,0.55,853.0
2024-11-30,wk inc flu hosp,3,2024-12-21,06,quantile,0.6,906.0
2024-11-30,wk inc flu hosp,3,2024-12-21,06,quantile,0.65,969.0
2024-11-30,wk inc flu hosp,3,2024-12-21,06,quantile,0.7,1031.0
2024-11-30,wk inc flu hosp,3,2024-12-21,06,quantile,0.75,1128.0
2024-11-30,wk inc flu hosp,3,2024-12-21,06,quantile,0.8,1239.0
2024-11-30,wk inc flu hosp,3,2024-12-21,06,quantile,0.85,1389.0
2024-11-30,wk inc flu hosp,3,2024-12-21,06,quantile,0.9,1653.0
2024-11-30,wk inc flu hosp,3,2024-12-21,06,quantile,0.95,2127.0
2024-11-30,wk inc flu hosp,3,2024-12-21,06,quantile,0.975,2614.0
2024-11-30,wk inc flu hosp,3,2024-12-21,06,quantile,0.99,3301.0
2024-11-30,wk inc flu hosp,0,2024-11-30,08,quantile,0.01,3.0
2024-11-30,wk inc flu hosp,0,2024-11-30,08,quantile,0.025,3.0
2024-11-30,wk inc flu hosp,0,2024-11-30,08,quantile,0.05,8.0
2024-11-30,wk inc flu hosp,0,2024-11-30,08,quantile,0.1,11.0
2024-11-30,wk inc flu hosp,0,2024-11-30,08,quantile,0.15,17.0
2024-11-30,wk inc flu hosp,0,2024-11-30,08,quantile,0.2,19.0
2024-11-30,wk inc flu hosp,0,2024-11-30,08,quantile,0.25,21.0
2024-11-30,wk inc flu hosp,0,2024-11-30,08,quantile,0.3,22.0
2024-11-30,wk inc flu hosp,0,2024-11-30,08,quantile,0.35,25.0
2024-11-30,wk inc flu hosp,0,2024-11-30,08,quantile,0.4,30.0
2024-11-30,wk inc flu hosp,0,2024-11-30,08,quantile,0.45,33.0
2024-11-30,wk inc flu hosp,0,2024-11-30,08,quantile,0.5,36.0
2024-11-30,wk inc flu hosp,0,2024-11-30,08,quantile,0.55,38.0
2024-11-30,wk inc flu hosp,0,2024-11-30,08,quantile,0.6,39.0
2024-11-30,wk inc flu hosp,0,2024-11-30,08,quantile,0.65,42.0
2024-11-30,wk inc flu hosp,0,2024-11-30,08,quantile,0.7,46.0
2024-11-30,wk inc flu hosp,0,2024-11-30,08,quantile,0.75,48.0
2024-11-30,wk inc flu hosp,0,2024-11-30,08,quantile,0.8,49.0
2024-11-30,wk inc flu hosp,0,2024-11-30,08,quantile,0.85,54.0
2024-11-30,wk inc flu hosp,0,2024-11-30,08,quantile,0.9,62.0
2024-11-30,wk inc flu hosp,0,2024-11-30,08,quantile,0.95,73.0
2024-11-30,wk inc flu hosp,0,2024-11-30,08,quantile,0.975,81.0
2024-11-30,wk inc flu hosp,0,2024-11-30,08,quantile,0.99,118.0
2024-11-30,wk inc flu hosp,1,2024-12-07,08,quantile,0.01,5.0
2024-11-30,wk inc flu hosp,1,2024-12-07,08,quantile,0.025,6.0
2024-11-30,wk inc flu hosp,1,2024-12-07,08,quantile,0.05,9.0
2024-11-30,wk inc flu hosp,1,2024-12-07,08,quantile,0.1,13.0
2024-11-30,wk inc flu hosp,1,2024-12-07,08,quantile,0.15,17.0
2024-11-30,wk inc flu hosp,1,2024-12-07,08,quantile,0.2,22.0
2024-11-30,wk inc flu hosp,1,2024-12-07,08,quantile,0.25,26.0
2024-11-30,wk inc flu hosp,1,2024-12-07,08,quantile,0.3,29.0
2024-11-30,wk inc flu hosp,1,2024-12-07,08,quantile,0.35,32.0
2024-11-30,wk inc flu hosp,1,2024-12-07,08,quantile,0.4,35.0
2024-11-30,wk inc flu hosp,1,2024-12-07,08,quantile,0.45,38.0
2024-11-30,wk inc flu hosp,1,2024-12-07,08,quantile,0.5,42.0
2024-11-30,wk inc flu hosp,1,2024-12-07,08,quantile,0.55,46.0
2024-11-30,wk inc flu hosp,1,2024-12-07,08,quantile,0.6,49.0
2024-11-30,wk inc flu hosp,1,2024-12-07,08,quantile,0.65,54.0
2024-11-30,wk inc flu hosp,1,2024-12-07,08,quantile,0.7,57.0
2024-11-30,wk inc flu hosp,1,2024-12-07,08,quantile,0.75,62.0
2024-11-30,wk inc flu hosp,1,2024-12-07,08,quantile,0.8,67.0
2024-11-30,wk inc flu hosp,1,2024-12-07,08,quantile,0.85,74.0
2024-11-30,wk inc flu hosp,1,2024-12-07,08,quantile,0.9,84.0
2024-11-30,wk inc flu hosp,1,2024-12-07,08,quantile,0.95,103.0
2024-11-30,wk inc flu hosp,1,2024-12-07,08,quantile,0.975,123.0
2024-11-30,wk inc flu hosp,1,2024-12-07,08,quantile,0.99,145.0
2024-11-30,wk inc flu hosp,2,2024-12-14,08,quantile,0.01,7.0
2024-11-30,wk inc flu hosp,2,2024-12-14,08,quantile,0.025,9.0
2024-11-30,wk inc flu hosp,2,2024-12-14,08,quantile,0.05,15.0
2024-11-30,wk inc flu hosp,2,2024-12-14,08,quantile,0.1,21.0
2024-11-30,wk inc flu hosp,2,2024-12-14,08,quantile,0.15,26.0
2024-11-30,wk inc flu hosp,2,2024-12-14,08,quantile,0.2,30.0
2024-11-30,wk inc flu hosp,2,2024-12-14,08,quantile,0.25,34.0
2024-11-30,wk inc flu hosp,2,2024-12-14,08,quantile,0.3,37.0
2024-11-30,wk inc flu hosp,2,2024-12-14,08,quantile,0.35,41.0
2024-11-30,wk inc flu hosp,2,2024-12-14,08,quantile,0.4,45.0
2024-11-30,wk inc flu hosp,2,2024-12-14,08,quantile,0.45,49.0
2024-11-30,wk inc flu hosp,2,2024-12-14,08,quantile,0.5,52.0
2024-11-30,wk inc flu hosp,2,2024-12-14,08,quantile,0.55,56.0
2024-11-30,wk inc flu hosp,2,2024-12-14,08,quantile,0.6,60.0
2024-11-30,wk inc flu hosp,2,2024-12-14,08,quantile,0.65,65.0
2024-11-30,wk inc flu hosp,2,2024-12-14,08,quantile,0.7,69.0
2024-11-30,wk inc flu hosp,2,2024-12-14,08,quantile,0.75,76.0
2024-11-30,wk inc flu hosp,2,2024-12-14,08,quantile,0.8,83.0
2024-11-30,wk inc flu hosp,2,2024-12-14,08,quantile,0.85,93.0
2024-11-30,wk inc flu hosp,2,2024-12-14,08,quantile,0.9,107.0
2024-11-30,wk inc flu hosp,2,2024-12-14,08,quantile,0.95,136.0
2024-11-30,wk inc flu hosp,2,2024-12-14,08,quantile,0.975,165.0
2024-11-30,wk inc flu hosp,2,2024-12-14,08,quantile,0.99,198.0
2024-11-30,wk inc flu hosp,3,2024-12-21,08,quantile,0.01,11.0
2024-11-30,wk inc flu hosp,3,2024-12-21,08,quantile,0.025,15.0
2024-11-30,wk inc flu hosp,3,2024-12-21,08,quantile,0.05,19.0
2024-11-30,wk inc flu hosp,3,2024-12-21,08,quantile,0.1,26.0
2024-11-30,wk inc flu hosp,3,2024-12-21,08,quantile,0.15,32.0
2024-11-30,wk inc flu hosp,3,2024-12-21,08,quantile,0.2,37.0
2024-11-30,wk inc flu hosp,3,2024-12-21,08,quantile,0.25,42.0
2024-11-30,wk inc flu hosp,3,2024-12-21,08,quantile,0.3,46.0
2024-11-30,wk inc flu hosp,3,2024-12-21,08,quantile,0.35,50.0
2024-11-30,wk inc flu hosp,3,2024-12-21,08,quantile,0.4,54.0
2024-11-30,wk inc flu hosp,3,2024-12-21,08,quantile,0.45,59.0
2024-11-30,wk inc flu hosp,3,2024-12-21,08,quantile,0.5,63.0
2024-11-30,wk inc flu hosp,3,2024-12-21,08,quantile,0.55,68.0
2024-11-30,wk inc flu hosp,3,2024-12-21,08,quantile,0.6,73.0
2024-11-30,wk inc flu hosp,3,2024-12-21,08,quantile,0.65,79.0
2024-11-30,wk inc flu hosp,3,2024-12-21,08,quantile,0.7,85.0
2024-11-30,wk inc flu hosp,3,2024-12-21,08,quantile,0.75,93.0
2024-11-30,wk inc flu hosp,3,2024-12-21,08,quantile,0.8,100.0
2024-11-30,wk inc flu hosp,3,2024-12-21,08,quantile,0.85,112.0
2024-11-30,wk inc flu hosp,3,2024-12-21,08,quantile,0.9,129.0
2024-11-30,wk inc flu hosp,3,2024-12-21,08,quantile,0.95,165.0
2024-11-30,wk inc flu hosp,3,2024-12-21,08,quantile,0.975,208.0
2024-11-30,wk inc flu hosp,3,2024-12-21,08,quantile,0.99,254.0
2024-11-30,wk inc flu hosp,0,2024-11-30,09,quantile,0.01,0.0
2024-11-30,wk inc flu hosp,0,2024-11-30,09,quantile,0.025,0.0
2024-11-30,wk inc flu hosp,0,2024-11-30,09,quantile,0.05,1.0
2024-11-30,wk inc flu hosp,0,2024-11-30,09,quantile,0.1,2.0
2024-11-30,wk inc flu hosp,0,2024-11-30,09,quantile,0.15,2.0
2024-11-30,wk inc flu hosp,0,2024-11-30,09,quantile,0.2,3.0
2024-11-30,wk inc flu hosp,0,2024-11-30,09,quantile,0.25,3.0
2024-11-30,wk inc flu hosp,0,2024-11-30,09,quantile,0.3,3.0
2024-11-30,wk inc flu hosp,0,2024-11-30,09,quantile,0.35,3.0
2024-11-30,wk inc flu hosp,0,2024-11-30,09,quantile,0.4,4.0
2024-11-30,wk inc flu hosp,0,2024-11-30,09,quantile,0.45,5.0
2024-11-30,wk inc flu hosp,0,2024-11-30,09,quantile,0.5,5.0
2024-11-30,wk inc flu hosp,0,2024-11-30,09,quantile,0.55,6.0
2024-11-30,wk inc flu hosp,0,2024-11-30,09,quantile,0.6,6.0
2024-11-30,wk inc flu hosp,0,2024-11-30,09,quantile,0.65,7.0
2024-11-30,wk inc flu hosp,0,2024-11-30,09,quantile,0.7,8.0
2024-11-30,wk inc flu hosp,0,2024-11-30,09,quantile,0.75,9.0
2024-11-30,wk inc flu hosp,0,2024-11-30,09,quantile,0.8,11.0
2024-11-30,wk inc flu hosp,0,2024-11-30,09,quantile,0.85,13.0
2024-11-30,wk inc flu hosp,0,2024-11-30,09,quantile,0.9,17.0
2024-11-30,wk inc flu hosp,0,2024-11-30,09,quantile,0.95,25.0
2024-11-30,wk inc flu hosp,0,2024-11-30,09,quantile,0.975,48.0
2024-11-30,wk inc flu hosp,0,2024-11-30,09,quantile,0.99,61.0
2024-11-30,wk inc flu hosp,1,2024-12-07,09,quantile,0.01,0.0
2024-11-30,wk inc flu hosp,1,2024-12-07,09,quantile,0.025,0.0
2024-11-30,wk inc flu hosp,1,2024-12-07,09,quantile,0.05,1.0
2024-11-30,wk inc flu hosp,1,2024-12-07,09,quantile,0.1,2.0
2024-11-30,wk inc flu hosp,1,2024-12-07,09,quantile,0.15,2.0
2024-11-30,wk inc flu hosp,1,2024-12-07,09,quantile,0.2,4.0
2024-11-30,wk inc flu hosp,1,2024-12-07,09,quantile,0.25,5.0
2024-11-30,wk inc flu hosp,1,2024-12-07,09,quantile,0.3,7.0
2024-11-30,wk inc flu hosp,1,2024-12-07,09,quantile,0.35,10.0
2024-11-30,wk inc flu hosp,1,2024-12-07,09,quantile,0.4,13.0
2024-11-30,wk inc flu hosp,1,2024-12-07,09,quantile,0.45,16.0
2024-11-30,wk inc flu hosp,1,2024-12-07,09,quantile,0.5,19.0
2024-11-30,wk inc flu hosp,1,2024-12-07,09,quantile,0.55,22.0
2024-11-30,wk inc flu hosp,1,2024-12-07,09,quantile,0.6,25.0
2024-11-30,wk inc flu hosp,1,2024-12-07,09,quantile,0.65,29.0
2024-11-30,wk inc flu hosp,1,2024-12-07,09,quantile,0.7,33.0
2024-11-30,wk inc flu hosp,1,2024-12-07,09,quantile,0.75,38.0
2024-11-30,wk inc flu hosp,1,2024-12-07,09,quantile,0.8,44.0
2024-11-30,wk inc flu hosp,1,2024-12-07,09,quantile,0.85,50.0
2024-11-30,wk inc flu hosp,1,2024-12-07,09,quantile,0.9,60.0
2024-11-30,wk inc flu hosp,1,2024-12-07,09,quantile,0.95,90.0
2024-11-30,wk inc flu hosp,1,2024-12-07,09,quantile,0.975,115.0
2024-11-30,wk inc flu hosp,1,2024-12-07,09,quantile,0.99,136.0
2024-11-30,wk inc flu hosp,2,2024-12-14,09,quantile,0.01,1.0
2024-11-30,wk inc flu hosp,2,2024-12-14,09,quantile,0.025,1.0
2024-11-30,wk inc flu hosp,2,2024-12-14,09,quantile,0.05,2.0
2024-11-30,wk inc flu hosp,2,2024-12-14,09,quantile,0.1,4.0
2024-11-30,wk inc flu hosp,2,2024-12-14,09,quantile,0.15,6.0
2024-11-30,wk inc flu hosp,2,2024-12-14,09,quantile,0.2,7.0
2024-11-30,wk inc flu hosp,2,2024-12-14,09,quantile,0.25,11.0
2024-11-30,wk inc flu hosp,2,2024-12-14,09,quantile,0.3,15.0
2024-11-30,wk inc flu hosp,2,2024-12-14,09,quantile,0.35,18.0
2024-11-30,wk inc flu hosp,2,2024-12-14,09,quantile,0.4,22.0
2024-11-30,wk inc flu hosp,2,2024-12-14,09,quantile,0.45,26.0
2024-11-30,wk inc flu hosp,2,2024-12-14,09,quantile,0.5,30.0
2024-11-30,wk inc flu hosp,2,2024-12-14,09,quantile,0.55,34.0
2024-11-30,wk inc flu hosp,2,2024-12-14,09,quantile,0.6,38.0
2024-11-30,wk inc flu hosp,2,2024-12-14,09,quantile,0.65,44.0
2024-11-30,wk inc flu hosp,2,2024-12-14,09,quantile,0.7,49.0
2024-11-30,wk inc flu hosp,2,2024-12-14,09,quantile,0.75,55.0
2024-11-30,wk inc flu hosp,2,2024-12-14,09,quantile,0.8,62.0
2024-11-30,wk inc flu hosp,2,2024-12-14,09,quantile,0.85,73.0
2024-11-30,wk inc flu hosp,2,2024-12-14,09,quantile,0.9,88.0
2024-11-30,wk inc flu hosp,2,2024-12-14,09,quantile,0.95,116.0
2024-11-30,wk inc flu hosp,2,2024-12-14,09,quantile,0.975,140.0
2024-11-30,wk inc flu hosp,2,2024-12-14,09,quantile,0.99,165.0
2024-11-30,wk inc flu hosp,3,2024-12-21,09,quantile,0.01,2.0
2024-11-30,wk inc flu hosp,3,2024-12-21,09,quantile,0.025,2.0
2024-11-30,wk inc flu hosp,3,2024-12-21,09,quantile,0.05,3.0
2024-11-30,wk inc flu hosp,3,2024-12-21,09,quantile,0.1,4.0
2024-11-30,wk inc flu hosp,3,2024-12-21,09,quantile,0.15,7.0
2024-11-30,wk inc flu hosp,3,2024-12-21,09,quantile,0.2,10.0
2024-11-30,wk inc flu hosp,3,2024-12-21,09,quantile,0.25,16.0
2024-11-30,wk inc flu hosp,3,2024-12-21,09,quantile,0.3,20.0
2024-11-30,wk inc flu hosp,3,2024-12-21,09,quantile,0.35,24.0
2024-11-30,wk inc flu hosp,3,2024-12-21,09,quantile,0.4,29.0
2024-11-30,wk inc flu hosp,3,2024-12-21,09,quantile,0.45,33.0
2024-11-30,wk inc flu hosp,3,2024-12-21,09,quantile,0.5,37.0
2024-11-30,wk inc flu hosp,3,2024-12-21,09,quantile,0.55,42.0
2024-11-30,wk inc flu hosp,3,2024-12-21,09,quantile,0.6,47.0
2024-11-30,wk inc flu hosp,3,2024-12-21,09,quantile,0.65,52.0
2024-11-30,wk inc flu hosp,3,2024-12-21,09,quantile,0.7,58.0
2024-11-30,wk inc flu hosp,3,2024-12-21,09,quantile,0.75,67.0
2024-11-30,wk inc flu hosp,3,2024-12-21,09,quantile,0.8,77.0
2024-11-30,wk inc flu hosp,3,2024-12-21,09,quantile,0.85,92.0
2024-11-30,wk inc flu hosp,3,2024-12-21,09,quantile,0.9,108.0
2024-11-30,wk inc flu hosp,3,2024-12-21,09,quantile,0.95,135.0
2024-11-30,wk inc flu hosp,3,2024-12-21,09,quantile,0.975,161.0
2024-11-30,wk inc flu hosp,3,2024-12-21,09,quantile,0.99,202.0
2024-11-30,wk inc flu hosp,0,2024-11-30,10,quantile,0.01,1.0
2024-11-30,wk inc flu hosp,0,2024-11-30,10,quantile,0.025,1.0
2024-11-30,wk inc flu hosp,0,2024-11-30,10,quantile,0.05,1.0
2024-11-30,wk inc flu hosp,0,2024-11-30,10,quantile,0.1,1.0
2024-11-30,wk inc flu hosp,0,2024-11-30,10,quantile,0.15,3.0
2024-11-30,wk inc flu hosp,0,2024-11-30,10,quantile,0.2,3.0
2024-11-30,wk inc flu hosp,0,2024-11-30,10,quantile,0.25,4.0
2024-11-30,wk inc flu hosp,0,2024-11-30,10,quantile,0.3,5.0
2024-11-30,wk inc flu hosp,0,2024-11-30,10,quantile,0.35,5.0
2024-11-30,wk inc flu hosp,0,2024-11-30,10,quantile,0.4,7.0
2024-11-30,wk inc flu hosp,0,2024-11-30,10,quantile,0.45,8.0
2024-11-30,wk inc flu hosp,0,2024-11-30,10,quantile,0.5,9.0
2024-11-30,wk inc flu hosp,0,2024-11-30,10,quantile,0.55,10.0
2024-11-30,wk inc flu hosp,0,2024-11-30,10,quantile,0.6,11.0
2024-11-30,wk inc flu hosp,0,2024-11-30,10,quantile,0.65,12.0
2024-11-30,wk inc flu hosp,0,2024-11-30,10,quantile,0.7,13.0
2024-11-30,wk inc flu hosp,0,2024-11-30,10,quantile,0.75,15.0
2024-11-30,wk inc flu hosp,0,2024-11-30,10,quantile,0.8,16.0
2024-11-30,wk inc flu hosp,0,2024-11-30,10,quantile,0.85,18.0
2024-11-30,wk inc flu hosp,0,2024-11-30,10,quantile,0.9,21.0
2024-11-30,wk inc flu hosp,0,2024-11-30,10,quantile,0.95,24.0
2024-11-30,wk inc flu hosp,0,2024-11-30,10,quantile,0.975,32.0
2024-11-30,wk inc flu hosp,0,2024-11-30,10,quantile,0.99,38.0
2024-11-30,wk inc flu hosp,1,2024-12-07,10,quantile,0.01,0.0
2024-11-30,wk inc flu hosp,1,2024-12-07,10,quantile,0.025,0.0
2024-11-30,wk inc flu hosp,1,2024-12-07,10,quantile,0.05,1.0
2024-11-30,wk inc flu hosp,1,2024-12-07,10,quantile,0.1,1.0
2024-11-30,wk inc flu hosp,1,2024-12-07,10,quantile,0.15,2.0
2024-11-30,wk inc flu hosp,1,2024-12-07,10,quantile,0.2,3.0
2024-11-30,wk inc flu hosp,1,2024-12-07,10,quantile,0.25,4.0
2024-11-30,wk inc flu hosp,1,2024-12-07,10,quantile,0.3,6.0
2024-11-30,wk inc flu hosp,1,2024-12-07,10,quantile,0.35,7.0
2024-11-30,wk inc flu hosp,1,2024-12-07,10,quantile,0.4,8.0
2024-11-30,wk inc flu hosp,1,2024-12-07,10,quantile,0.45,10.0
2024-11-30,wk inc flu hosp,1,2024-12-07,10,quantile,0.5,12.0
2024-11-30,wk inc flu hosp,1,2024-12-07,10,quantile,0.55,13.0
2024-11-30,wk inc flu hosp,1,2024-12-07,10,quantile,0.6,15.0
2024-11-30,wk inc flu hosp,1,2024-12-07,10,quantile,0.65,18.0
2024-11-30,wk inc flu hosp,1,2024-12-07,10,quantile,0.7,20.0
2024-11-30,wk inc flu hosp,1,2024-12-07,10,quantile,0.75,22.0
2024-11-30,wk inc flu hosp,1,2024-12-07,10,quantile,0.8,25.0
2024-11-30,wk inc flu hosp,1,2024-12-07,10,quantile,0.85,30.0
2024-11-30,wk inc flu hosp,1,2024-12-07,10,quantile,0.9,35.0
2024-11-30,wk inc flu hosp,1,2024-12-07,10,quantile,0.95,50.0
2024-11-30,wk inc flu hosp,1,2024-12-07,10,quantile,0.975,63.0
2024-11-30,wk inc flu hosp,1,2024-12-07,10,quantile,0.99,75.0
2024-11-30,wk inc flu hosp,2,2024-12-14,10,quantile,0.01,0.0
2024-11-30,wk inc flu hosp,2,2024-12-14,10,quantile,0.025,0.0
2024-11-30,wk inc flu hosp,2,2024-12-14,10,quantile,0.05,0.0
2024-11-30,wk inc flu hosp,2,2024-12-14,10,quantile,0.1,2.0
2024-11-30,wk inc flu hosp,2,2024-12-14,10,quantile,0.15,3.0
2024-11-30,wk inc flu hosp,2,2024-12-14,10,quantile,0.2,4.0
2024-11-30,wk inc flu hosp,2,2024-12-14,10,quantile,0.25,6.0
2024-11-30,wk inc flu hosp,2,2024-12-14,10,quantile,0.3,7.0
2024-11-30,wk inc flu hosp,2,2024-12-14,10,quantile,0.35,9.0
2024-11-30,wk inc flu hosp,2,2024-12-14,10,quantile,0.4,11.0
2024-11-30,wk inc flu hosp,2,2024-12-14,10,quantile,0.45,13.0
2024-11-30,wk inc flu hosp,2,2024-12-14,10,quantile,0.5,15.0
2024-11-30,wk inc flu hosp,2,2024-12-14,10,quantile,0.55,18.0
2024-11-30,wk inc flu hosp,2,2024-12-14,10,quantile,0.6,20.0
2024-11-30,wk inc flu hosp,2,2024-12-14,10,quantile,0.65,23.0
2024-11-30,wk inc flu hosp,2,2024-12-14,10,quantile,0.7,27.0
2024-11-30,wk inc flu hosp,2,2024-12-14,10,quantile,0.75,30.0
2024-11-30,wk inc flu hosp,2,2024-12-14,10,quantile,0.8,36.0
2024-11-30,wk inc flu hosp,2,2024-12-14,10,quantile,0.85,42.0
2024-11-30,wk inc flu hosp,2,2024-12-14,10,quantile,0.9,53.0
2024-11-30,wk inc flu hosp,2,2024-12-14,10,quantile,0.95,81.0
2024-11-30,wk inc flu hosp,2,2024-12-14,10,quantile,0.975,101.0
2024-11-30,wk inc flu hosp,2,2024-12-14,10,quantile,0.99,128.0
2024-11-30,wk inc flu hosp,3,2024-12-21,10,quantile,0.01,0.0
2024-11-30,wk inc flu hosp,3,2024-12-21,10,quantile,0.025,0.0
2024-11-30,wk inc flu hosp,3,2024-12-21,10,quantile,0.05,1.0
2024-11-30,wk inc flu hosp,3,2024-12-21,10,quantile,0.1,2.0
2024-11-30,wk inc flu hosp,3,2024-12-21,10,quantile,0.15,4.0
2024-11-30,wk inc flu hosp,3,2024-12-21,10,quantile,0.2,5.0
2024-11-30,wk inc flu hosp,3,2024-12-21,10,quantile,0.25,7.0
2024-11-30,wk inc flu hosp,3,2024-12-21,10,quantile,0.3,10.0
2024-11-30,wk inc flu hosp,3,2024-12-21,10,quantile,0.35,12.0
2024-11-30,wk inc flu hosp,3,2024-12-21,10,quantile,0.4,14.0
2024-11-30,wk inc flu hosp,3,2024-12-21,10,quantile,0.45,16.0
2024-11-30,wk inc flu hosp,3,2024-12-21,10,quantile,0.5,18.0
2024-11-30,wk inc flu hosp,3,2024-12-21,10,quantile,0.55,21.0
2024-11-30,wk inc flu hosp,3,2024-12-21,10,quantile,0.6,25.0
2024-11-30,wk inc flu hosp,3,2024-12-21,10,quantile,0.65,28.0
2024-11-30,wk inc flu hosp,3,2024-12-21,10,quantile,0.7,33.0
2024-11-30,wk inc flu hosp,3,2024-12-21,10,quantile,0.75,38.0
2024-11-30,wk inc flu hosp,3,2024-12-21,10,quantile,0.8,45.0
2024-11-30,wk inc flu hosp,3,2024-12-21,10,quantile,0.85,55.0
2024-11-30,wk inc flu hosp,3,2024-12-21,10,quantile,0.9,71.0
2024-11-30,wk inc flu hosp,3,2024-12-21,10,quantile,0.95,105.0
2024-11-30,wk inc flu hosp,3,2024-12-21,10,quantile,0.975,128.0
2024-11-30,wk inc flu hosp,3,2024-12-21,10,quantile,0.99,148.0
2024-11-30,wk inc flu hosp,0,2024-11-30,11,quantile,0.01,0.0
2024-11-30,wk inc flu hosp,0,2024-11-30,11,quantile,0.025,1.0
2024-11-30,wk inc flu hosp,0,2024-11-30,11,quantile,0.05,1.0
2024-11-30,wk inc flu hosp,0,2024-11-30,11,quantile,0.1,1.0
2024-11-30,wk inc flu hosp,0,2024-11-30,11,quantile,0.15,2.0
2024-11-30,wk inc flu hosp,0,2024-11-30,11,quantile,0.2,2.0
2024-11-30,wk inc flu hosp,0,2024-11-30,11,quantile,0.25,2.0
2024-11-30,wk inc flu hosp,0,2024-11-30,11,quantile,0.3,3.0
2024-11-30,wk inc flu hosp,0,2024-11-30,11,quantile,0.35,4.0
2024-11-30,wk inc flu hosp,0,2024-11-30,11,quantile,0.4,5.0
2024-11-30,wk inc flu hosp,0,2024-11-30,11,quantile,0.45,6.0
2024-11-30,wk inc flu hosp,0,2024-11-30,11,quantile,0.5,7.0
2024-11-30,wk inc flu hosp,0,2024-11-30,11,quantile,0.55,8.0
2024-11-30,wk inc flu hosp,0,2024-11-30,11,quantile,0.6,9.0
2024-11-30,wk inc flu hosp,0,2024-11-30,11,quantile,0.65,10.0
2024-11-30,wk inc flu hosp,0,2024-11-30,11,quantile,0.7,11.0
2024-11-30,wk inc flu hosp,0,2024-11-30,11,quantile,0.75,12.0
2024-11-30,wk inc flu hosp,0,2024-11-30,11,quantile,0.8,13.0
2024-11-30,wk inc flu hosp,0,2024-11-30,11,quantile,0.85,14.0
2024-11-30,wk inc flu hosp,0,2024-11-30,11,quantile,0.9,16.0
2024-11-30,wk inc flu hosp,0,2024-11-30,11,quantile,0.95,21.0
2024-11-30,wk inc flu hosp,0,2024-11-30,11,quantile,0.975,26.0
2024-11-30,wk inc flu hosp,0,2024-11-30,11,quantile,0.99,33.0
2024-11-30,wk inc flu hosp,1,2024-12-07,11,quantile,0.01,1.0
2024-11-30,wk inc flu hosp,1,2024-12-07,11,quantile,0.025,1.0
2024-11-30,wk inc flu hosp,1,2024-12-07,11,quantile,0.05,1.0
2024-11-30,wk inc flu hosp,1,2024-12-07,11,quantile,0.1,2.0
2024-11-30,wk inc flu hosp,1,2024-12-07,11,quantile,0.15,2.0
2024-11-30,wk inc flu hosp,1,2024-12-07,11,quantile,0.2,2.0
2024-11-30,wk inc flu hosp,1,2024-12-07,11,quantile,0.25,4.0
2024-11-30,wk inc flu hosp,1,2024-12-07,11,quantile,0.3,5.0
2024-11-30,wk inc flu hosp,1,2024-12-07,11,quantile,0.35,6.0
2024-11-30,wk inc flu hosp,1,2024-12-07,11,quantile,0.4,7.0
2024-11-30,wk inc flu hosp,1,2024-12-07,11,quantile,0.45,8.0
2024-11-30,wk inc flu hosp,1,2024-12-07,11,quantile,0.5,9.0
2024-11-30,wk inc flu hosp,1,2024-12-07,11,quantile,0.55,10.0
2024-11-30,wk inc flu hosp,1,2024-12-07,11,quantile,0.6,11.0
2024-11-30,wk inc flu hosp,1,2024-12-07,11,quantile,0.65,13.0
2024-11-30,wk inc flu hosp,1,2024-12-07,11,quantile,0.7,14.0
2024-11-30,wk inc flu hosp,1,2024-12-07,11,quantile,0.75,15.0
2024-11-30,wk inc flu hosp,1,2024-12-07,11,quantile,0.8,17.0
2024-11-30,wk inc flu hosp,1,2024-12-07,11,quantile,0.85,19.0
2024-11-30,wk inc flu hosp,1,2024-12-07,11,quantile,0.9,22.0
2024-11-30,wk inc flu hosp,1,2024-12-07,11,quantile,0.95,27.0
2024-11-30,wk inc flu hosp,1,2024-12-07,11,quantile,0.975,34.0
2024-11-30,wk inc flu hosp,1,2024-12-07,11,quantile,0.99,40.0
2024-11-30,wk inc flu hosp,2,2024-12-14,11,quantile,0.01,1.0
2024-11-30,wk inc flu hosp,2,2024-12-14,11,quantile,0.025,1.0
2024-11-30,wk inc flu hosp,2,2024-12-14,11,quantile,0.05,1.0
2024-11-30,wk inc flu hosp,2,2024-12-14,11,quantile,0.1,2.0
2024-11-30,wk inc flu hosp,2,2024-12-14,11,quantile,0.15,3.0
2024-11-30,wk inc flu hosp,2,2024-12-14,11,quantile,0.2,5.0
2024-11-30,wk inc flu hosp,2,2024-12-14,11,quantile,0.25,6.0
2024-11-30,wk inc flu hosp,2,2024-12-14,11,quantile,0.3,7.0
2024-11-30,wk inc flu hosp,2,2024-12-14,11,quantile,0.35,9.0
2024-11-30,wk inc flu hosp,2,2024-12-14,11,quantile,0.4,10.0
2024-11-30,wk inc flu hosp,2,2024-12-14,11,quantile,0.45,11.0
2024-11-30,wk inc flu hosp,2,2024-12-14,11,quantile,0.5,12.0
2024-11-30,wk inc flu hosp,2,2024-12-14,11,quantile,0.55,14.0
2024-11-30,wk inc flu hosp,2,2024-12-14,11,quantile,0.6,15.0
2024-11-30,wk inc flu hosp,2,2024-12-14,11,quantile,0.65,16.0
2024-11-30,wk inc flu hosp,2,2024-12-14,11,quantile,0.7,18.0
2024-11-30,wk inc flu hosp,2,2024-12-14,11,quantile,0.75,19.0
2024-11-30,wk inc flu hosp,2,2024-12-14,11,quantile,0.8,22.0
2024-11-30,wk inc flu hosp,2,2024-12-14,11,quantile,0.85,24.0
2024-11-30,wk inc flu hosp,2,2024-12-14,11,quantile,0.9,29.0
2024-11-30,wk inc flu hosp,2,2024-12-14,11,quantile,0.95,37.0
2024-11-30,wk inc flu hosp,2,2024-12-14,11,quantile,0.975,46.0
2024-11-30,wk inc flu hosp,2,2024-12-14,11,quantile,0.99,56.0
2024-11-30,wk inc flu hosp,3,2024-12-21,11,quantile,0.01,1.0
2024-11-30,wk inc flu hosp,3,2024-12-21,11,quantile,0.025,1.0
2024-11-30,wk inc flu hosp,3,2024-12-21,11,quantile,0.05,2.0
2024-11-30,wk inc flu hosp,3,2024-12-21,11,quantile,0.1,3.0
2024-11-30,wk inc flu hosp,3,2024-12-21,11,quantile,0.15,4.0
2024-11-30,wk inc flu hosp,3,2024-12-21,11,quantile,0.2,5.0
2024-11-30,wk inc flu hosp,3,2024-12-21,11,quantile,0.25,7.0
2024-11-30,wk inc flu hosp,3,2024-12-21,11,quantile,0.3,9.0
2024-11-30,wk inc flu hosp,3,2024-12-21,11,quantile,0.35,10.0
2024-11-30,wk inc flu hosp,3,2024-12-21,11,quantile,0.4,11.0
2024-11-30,wk inc flu hosp,3,2024-12-21,11,quantile,0.45,12.0
2024-11-30,wk inc flu hosp,3,2024-12-21,11,quantile,0.5,14.0
2024-11-30,wk inc flu hosp,3,2024-12-21,11,quantile,0.55,15.0
2024-11-30,wk inc flu hosp,3,2024-12-21,11,quantile,0.6,17.0
2024-11-30,wk inc flu hosp,3,2024-12-21,11,quantile,0.65,19.0
2024-11-30,wk inc flu hosp,3,2024-12-21,11,quantile,0.7,20.0
2024-11-30,wk inc flu hosp,3,2024-12-21,11,quantile,0.75,23.0
2024-11-30,wk inc flu hosp,3,2024-12-21,11,quantile,0.8,26.0
2024-11-30,wk inc flu hosp,3,2024-12-21,11,quantile,0.85,29.0
2024-11-30,wk inc flu hosp,3,2024-12-21,11,quantile,0.9,36.0
2024-11-30,wk inc flu hosp,3,2024-12-21,11,quantile,0.95,49.0
2024-11-30,wk inc flu hosp,3,2024-12-21,11,quantile,0.975,65.0
2024-11-30,wk inc flu hosp,3,2024-12-21,11,quantile,0.99,78.0
2024-11-30,wk inc flu hosp,0,2024-11-30,12,quantile,0.01,150.0
2024-11-30,wk inc flu hosp,0,2024-11-30,12,quantile,0.025,218.0
2024-11-30,wk inc flu hosp,0,2024-11-30,12,quantile,0.05,291.0
2024-11-30,wk inc flu hosp,0,2024-11-30,12,quantile,0.1,343.0
2024-11-30,wk inc flu hosp,0,2024-11-30,12,quantile,0.15,353.0
2024-11-30,wk inc flu hosp,0,2024-11-30,12,quantile,0.2,362.0
2024-11-30,wk inc flu hosp,0,2024-11-30,12,quantile,0.25,370.0
2024-11-30,wk inc flu hosp,0,2024-11-30,12,quantile,0.3,378.0
2024-11-30,wk inc flu hosp,0,2024-11-30,12,quantile,0.35,391.0
2024-11-30,wk inc flu hosp,0,2024-11-30,12,quantile,0.4,401.0
2024-11-30,wk inc flu hosp,0,2024-11-30,12,quantile,0.45,415.0
2024-11-30,wk inc flu hosp,0,2024-11-30,12,quantile,0.5,433.0
2024-11-30,wk inc flu hosp,0,2024-11-30,12,quantile,0.55,442.0
2024-11-30,wk inc flu hosp,0,2024-11-30,12,quantile,0.6,450.0
2024-11-30,wk inc flu hosp,0,2024-11-30,12,quantile,0.65,461.0
2024-11-30,wk inc flu hosp,0,2024-11-30,12,quantile,0.7,470.0
2024-11-30,wk inc flu hosp,0,2024-11-30,12,quantile,0.75,477.0
2024-11-30,wk inc flu hosp,0,2024-11-30,12,quantile,0.8,492.0
2024-11-30,wk inc flu hosp,0,2024-11-30,12,quantile,0.85,506.0
2024-11-30,wk inc flu hosp,0,2024-11-30,12,quantile,0.9,530.0
2024-11-30,wk inc flu hosp,0,2024-11-30,12,quantile,0.95,563.0
2024-11-30,wk inc flu hosp,0,2024-11-30,12,quantile,0.975,589.0
2024-11-30,wk inc flu hosp,0,2024-11-30,12,quantile,0.99,610.0
2024-11-30,wk inc flu hosp,1,2024-12-07,12,quantile,0.01,152.0
2024-11-30,wk inc flu hosp,1,2024-12-07,12,quantile,0.025,181.0
2024-11-30,wk inc flu hosp,1,2024-12-07,12,quantile,0.05,230.0
2024-11-30,wk inc flu hosp,1,2024-12-07,12,quantile,0.1,274.0
2024-11-30,wk inc flu hosp,1,2024-12-07,12,quantile,0.15,300.0
2024-11-30,wk inc flu hosp,1,2024-12-07,12,quantile,0.2,323.0
2024-11-30,wk inc flu hosp,1,2024-12-07,12,quantile,0.25,343.0
2024-11-30,wk inc flu hosp,1,2024-12-07,12,quantile,0.3,363.0
2024-11-30,wk inc flu hosp,1,2024-12-07,12,quantile,0.35,381.0
2024-11-30,wk inc flu hosp,1,2024-12-07,12,quantile,0.4,399.0
2024-11-30,wk inc flu hosp,1,2024-12-07,12,quantile,0.45,419.0
2024-11-30,wk inc flu hosp,1,2024-12-07,12,quantile,0.5,439.0
2024-11-30,wk inc flu hosp,1,2024-12-07,12,quantile,0.55,462.0
2024-11-30,wk inc flu hosp,1,2024-12-07,12,quantile,0.6,484.0
2024-11-30,wk inc flu hosp,1,2024-12-07,12,quantile,0.65,513.0
2024-11-30,wk inc flu hosp,1,2024-12-07,12,quantile,0.7,543.0
2024-11-30,wk inc flu hosp,1,2024-12-07,12,quantile,0.75,581.0
2024-11-30,wk inc flu hosp,1,2024-12-07,12,quantile,0.8,619.0
2024-11-30,wk inc flu hosp,1,2024-12-07,12,quantile,0.85,673.0
2024-11-30,wk inc flu hosp,1,2024-12-07,12,quantile,0.9,752.0
2024-11-30,wk inc flu hosp,1,2024-12-07,12,quantile,0.95,905.0
2024-11-30,wk inc flu hosp,1,2024-12-07,12,quantile,0.975,1052.0
2024-11-30,wk inc flu hosp,1,2024-12-07,12,quantile,0.99,1226.0
2024-11-30,wk inc flu hosp,2,2024-12-14,12,quantile,0.01,135.0
2024-11-30,wk inc flu hosp,2,2024-12-14,12,quantile,0.025,168.0
2024-11-30,wk inc flu hosp,2,2024-12-14,12,quantile,0.05,213.0
2024-11-30,wk inc flu hosp,2,2024-12-14,12,quantile,0.1,264.0
2024-11-30,wk inc flu hosp,2,2024-12-14,12,quantile,0.15,294.0
2024-11-30,wk inc flu hosp,2,2024-12-14,12,quantile,0.2,319.0
2024-11-30,wk inc flu hosp,2,2024-12-14,12,quantile,0.25,344.0
2024-11-30,wk inc flu hosp,2,2024-12-14,12,quantile,0.3,365.0
2024-11-30,wk inc flu hosp,2,2024-12-14,12,quantile,0.35,389.0
2024-11-30,wk inc flu hosp,2,2024-12-14,12,quantile,0.4,410.0
2024-11-30,wk inc flu hosp,2,2024-12-14,12,quantile,0.45,436.0
2024-11-30,wk inc flu hosp,2,2024-12-14,12,quantile,0.5,458.0
2024-11-30,wk inc flu hosp,2,2024-12-14,12,quantile,0.55,484.0
2024-11-30,wk inc flu hosp,2,2024-12-14,12,quantile,0.6,512.0
2024-11-30,wk inc flu hosp,2,2024-12-14,12,quantile,0.65,550.0
2024-11-30,wk inc flu hosp,2,2024-12-14,12,quantile,0.7,590.0
2024-11-30,wk inc flu hosp,2,2024-12-14,12,quantile,0.75,633.0
2024-11-30,wk inc flu hosp,2,2024-12-14,12,quantile,0.8,687.0
2024-11-30,wk inc flu hosp,2,2024-12-14,12,quantile,0.85,777.0
2024-11-30,wk inc flu hosp,2,2024-12-14,12,quantile,0.9,881.0
2024-11-30,wk inc flu hosp,2,2024-12-14,12,quantile,0.95,1070.0
2024-11-30,wk inc flu hosp,2,2024-12-14,12,quantile,0.975,1306.0
2024-11-30,wk inc flu hosp,2,2024-12-14,12,quantile,0.99,1516.0
2024-11-30,wk inc flu hosp,3,2024-12-21,12,quantile,0.01,135.0
2024-11-30,wk inc flu hosp,3,2024-12-21,12,quantile,0.025,165.0
2024-11-30,wk inc flu hosp,3,2024-12-21,12,quantile,0.05,213.0
2024-11-30,wk inc flu hosp,3,2024-12-21,12,quantile,0.1,281.0
2024-11-30,wk inc flu hosp,3,2024-12-21,12,quantile,0.15,323.0
2024-11-30,wk inc flu hosp,3,2024-12-21,12,quantile,0.2,354.0
2024-11-30,wk inc flu hosp,3,2024-12-21,12,quantile,0.25,378.0
2024-11-30,wk inc flu hosp,3,2024-12-21,12,quantile,0.3,402.0
2024-11-30,wk inc flu hosp,3,2024-12-21,12,quantile,0.35,428.0
2024-11-30,wk inc flu hosp,3,2024-12-21,12,quantile,0.4,451.0
2024-11-30,wk inc flu hosp,3,2024-12-21,12,quantile,0.45,475.0
2024-11-30,wk inc flu hosp,3,2024-12-21,12,quantile,0.5,501.0
2024-11-30,wk inc flu hosp,3,2024-12-21,12,quantile,0.55,530.0
2024-11-30,wk inc flu hosp,3,2024-12-21,12,quantile,0.6,558.0
2024-11-30,wk inc flu hosp,3,2024-12-21,12,quantile,0.65,601.0
2024-11-30,wk inc flu hosp,3,2024-12-21,12,quantile,0.7,649.0
2024-11-30,wk inc flu hosp,3,2024-12-21,12,quantile,0.75,694.0
2024-11-30,wk inc flu hosp,3,2024-12-21,12,quantile,0.8,759.0
2024-11-30,wk inc flu hosp,3,2024-12-21,12,quantile,0.85,860.0
2024-11-30,wk inc flu hosp,3,2024-12-21,12,quantile,0.9,985.0
2024-11-30,wk inc flu hosp,3,2024-12-21,12,quantile,0.95,1244.0
2024-11-30,wk inc flu hosp,3,2024-12-21,12,quantile,0.975,1433.0
2024-11-30,wk inc flu hosp,3,2024-12-21,12,quantile,0.99,1603.0
2024-11-30,wk inc flu hosp,0,2024-11-30,13,quantile,0.01,23.0
2024-11-30,wk inc flu hosp,0,2024-11-30,13,quantile,0.025,29.0
2024-11-30,wk inc flu hosp,0,2024-11-30,13,quantile,0.05,35.0
2024-11-30,wk inc flu hosp,0,2024-11-30,13,quantile,0.1,39.0
2024-11-30,wk inc flu hosp,0,2024-11-30,13,quantile,0.15,42.0
2024-11-30,wk inc flu hosp,0,2024-11-30,13,quantile,0.2,44.0
2024-11-30,wk inc flu hosp,0,2024-11-30,13,quantile,0.25,46.0
2024-11-30,wk inc flu hosp,0,2024-11-30,13,quantile,0.3,48.0
2024-11-30,wk inc flu hosp,0,2024-11-30,13,quantile,0.35,51.0
2024-11-30,wk inc flu hosp,0,2024-11-30,13,quantile,0.4,53.0
2024-11-30,wk inc flu hosp,0,2024-11-30,13,quantile,0.45,56.0
2024-11-30,wk inc flu hosp,0,2024-11-30,13,quantile,0.5,59.0
2024-11-30,wk inc flu hosp,0,2024-11-30,13,quantile,0.55,64.0
2024-11-30,wk inc flu hosp,0,2024-11-30,13,quantile,0.6,67.0
2024-11-30,wk inc flu hosp,0,2024-11-30,13,quantile,0.65,70.0
2024-11-30,wk inc flu hosp,0,2024-11-30,13,quantile,0.7,72.0
2024-11-30,wk inc flu hosp,0,2024-11-30,13,quantile,0.75,75.0
2024-11-30,wk inc flu hosp,0,2024-11-30,13,quantile,0.8,81.0
2024-11-30,wk inc flu hosp,0,2024-11-30,13,quantile,0.85,89.0
2024-11-30,wk inc flu hosp,0,2024-11-30,13,quantile,0.9,93.0
2024-11-30,wk inc flu hosp,0,2024-11-30,13,quantile,0.95,129.0
2024-11-30,wk inc flu hosp,0,2024-11-30,13,quantile,0.975,142.0
2024-11-30,wk inc flu hosp,0,2024-11-30,13,quantile,0.99,153.0
2024-11-30,wk inc flu hosp,1,2024-12-07,13,quantile,0.01,12.0
2024-11-30,wk inc flu hosp,1,2024-12-07,13,quantile,0.025,14.0
2024-11-30,wk inc flu hosp,1,2024-12-07,13,quantile,0.05,17.0
2024-11-30,wk inc flu hosp,1,2024-12-07,13,quantile,0.1,25.0
2024-11-30,wk inc flu hosp,1,2024-12-07,13,quantile,0.15,30.0
2024-11-30,wk inc flu hosp,1,2024-12-07,13,quantile,0.2,36.0
2024-11-30,wk inc flu hosp,1,2024-12-07,13,quantile,0.25,43.0
2024-11-30,wk inc flu hosp,1,2024-12-07,13,quantile,0.3,50.0
2024-11-30,wk inc flu hosp,1,2024-12-07,13,quantile,0.35,57.0
2024-11-30,wk inc flu hosp,1,2024-12-07,13,quantile,0.4,64.0
2024-11-30,wk inc flu hosp,1,2024-12-07,13,quantile,0.45,71.0
2024-11-30,wk inc flu hosp,1,2024-12-07,13,quantile,0.5,79.0
2024-11-30,wk inc flu hosp,1,2024-12-07,13,quantile,0.55,85.0
2024-11-30,wk inc flu hosp,1,2024-12-07,13,quantile,0.6,92.0
2024-11-30,wk inc flu hosp,1,2024-12-07,13,quantile,0.65,100.0
2024-11-30,wk inc flu hosp,1,2024-12-07,13,quantile,0.7,109.0
2024-11-30,wk inc flu hosp,1,2024-12-07,13,quantile,0.75,120.0
2024-11-30,wk inc flu hosp,1,2024-12-07,13,quantile,0.8,132.0
2024-11-30,wk inc flu hosp,1,2024-12-07,13,quantile,0.85,146.0
2024-11-30,wk inc flu hosp,1,2024-12-07,13,quantile,0.9,170.0
2024-11-30,wk inc flu hosp,1,2024-12-07,13,quantile,0.95,221.0
2024-11-30,wk inc flu hosp,1,2024-12-07,13,quantile,0.975,258.0
2024-11-30,wk inc flu hosp,1,2024-12-07,13,quantile,0.99,311.0
2024-11-30,wk inc flu hosp,2,2024-12-14,13,quantile,0.01,17.0
2024-11-30,wk inc flu hosp,2,2024-12-14,13,quantile,0.025,20.0
2024-11-30,wk inc flu hosp,2,2024-12-14,13,quantile,0.05,30.0
2024-11-30,wk inc flu hosp,2,2024-12-14,13,quantile,0.1,42.0
2024-11-30,wk inc flu hosp,2,2024-12-14,13,quantile,0.15,49.0
2024-11-30,wk inc flu hosp,2,2024-12-14,13,quantile,0.2,58.0
2024-11-30,wk inc flu hosp,2,2024-12-14,13,quantile,0.25,68.0
2024-11-30,wk inc flu hosp,2,2024-12-14,13,quantile,0.3,77.0
2024-11-30,wk inc flu hosp,2,2024-12-14,13,quantile,0.35,85.0
2024-11-30,wk inc flu hosp,2,2024-12-14,13,quantile,0.4,93.0
2024-11-30,wk inc flu hosp,2,2024-12-14,13,quantile,0.45,102.0
2024-11-30,wk inc flu hosp,2,2024-12-14,13,quantile,0.5,110.0
2024-11-30,wk inc flu hosp,2,2024-12-14,13,quantile,0.55,119.0
2024-11-30,wk inc flu hosp,2,2024-12-14,13,quantile,0.6,128.0
2024-11-30,wk inc flu hosp,2,2024-12-14,13,quantile,0.65,138.0
2024-11-30,wk inc flu hosp,2,2024-12-14,13,quantile,0.7,148.0
2024-11-30,wk inc flu hosp,2,2024-12-14,13,quantile,0.75,162.0
2024-11-30,wk inc flu hosp,2,2024-12-14,13,quantile,0.8,177.0
2024-11-30,wk inc flu hosp,2,2024-12-14,13,quantile,0.85,200.0
2024-11-30,wk inc flu hosp,2,2024-12-14,13,quantile,0.9,233.0
2024-11-30,wk inc flu hosp,2,2024-12-14,13,quantile,0.95,312.0
2024-11-30,wk inc flu hosp,2,2024-12-14,13,quantile,0.975,392.0
2024-11-30,wk inc flu hosp,2,2024-12-14,13,quantile,0.99,493.0
2024-11-30,wk inc flu hosp,3,2024-12-21,13,quantile,0.01,19.0
2024-11-30,wk inc flu hosp,3,2024-12-21,13,quantile,0.025,26.0
2024-11-30,wk inc flu hosp,3,2024-12-21,13,quantile,0.05,31.0
2024-11-30,wk inc flu hosp,3,2024-12-21,13,quantile,0.1,46.0
2024-11-30,wk inc flu hosp,3,2024-12-21,13,quantile,0.15,56.0
2024-11-30,wk inc flu hosp,3,2024-12-21,13,quantile,0.2,68.0
2024-11-30,wk inc flu hosp,3,2024-12-21,13,quantile,0.25,81.0
2024-11-30,wk inc flu hosp,3,2024-12-21,13,quantile,0.3,91.0
2024-11-30,wk inc flu hosp,3,2024-12-21,13,quantile,0.35,99.0
2024-11-30,wk inc flu hosp,3,2024-12-21,13,quantile,0.4,109.0
2024-11-30,wk inc flu hosp,3,2024-12-21,13,quantile,0.45,120.0
2024-11-30,wk inc flu hosp,3,2024-12-21,13,quantile,0.5,129.0
2024-11-30,wk inc flu hosp,3,2024-12-21,13,quantile,0.55,139.0
2024-11-30,wk inc flu hosp,3,2024-12-21,13,quantile,0.6,150.0
2024-11-30,wk inc flu hosp,3,2024-12-21,13,quantile,0.65,162.0
2024-11-30,wk inc flu hosp,3,2024-12-21,13,quantile,0.7,175.0
2024-11-30,wk inc flu hosp,3,2024-12-21,13,quantile,0.75,191.0
2024-11-30,wk inc flu hosp,3,2024-12-21,13,quantile,0.8,213.0
2024-11-30,wk inc flu hosp,3,2024-12-21,13,quantile,0.85,240.0
2024-11-30,wk inc flu hosp,3,2024-12-21,13,quantile,0.9,287.0
2024-11-30,wk inc flu hosp,3,2024-12-21,13,quantile,0.95,389.0
2024-11-30,wk inc flu hosp,3,2024-12-21,13,quantile,0.975,522.0
2024-11-30,wk inc flu hosp,3,2024-12-21,13,quantile,0.99,657.0
2024-11-30,wk inc flu hosp,0,2024-11-30,15,quantile,0.01,1.0
2024-11-30,wk inc flu hosp,0,2024-11-30,15,quantile,0.025,1.0
2024-11-30,wk inc flu hosp,0,2024-11-30,15,quantile,0.05,2.0
2024-11-30,wk inc flu hosp,0,2024-11-30,15,quantile,0.1,4.0
2024-11-30,wk inc flu hosp,0,2024-11-30,15,quantile,0.15,5.0
2024-11-30,wk inc flu hosp,0,2024-11-30,15,quantile,0.2,7.0
2024-11-30,wk inc flu hosp,0,2024-11-30,15,quantile,0.25,8.0
2024-11-30,wk inc flu hosp,0,2024-11-30,15,quantile,0.3,9.0
2024-11-30,wk inc flu hosp,0,2024-11-30,15,quantile,0.35,9.0
2024-11-30,wk inc flu hosp,0,2024-11-30,15,quantile,0.4,10.0
2024-11-30,wk inc flu hosp,0,2024-11-30,15,quantile,0.45,11.0
2024-11-30,wk inc flu hosp,0,2024-11-30,15,quantile,0.5,12.0
2024-11-30,wk inc flu hosp,0,2024-11-30,15,quantile,0.55,13.0
2024-11-30,wk inc flu hosp,0,2024-11-30,15,quantile,0.6,14.0
2024-11-30,wk inc flu hosp,0,2024-11-30,15,quantile,0.65,15.0
2024-11-30,wk inc flu hosp,0,2024-11-30,15,quantile,0.7,16.0
2024-11-30,wk inc flu hosp,0,2024-11-30,15,quantile,0.75,18.0
2024-11-30,wk inc flu hosp,0,2024-11-30,15,quantile,0.8,20.0
2024-11-30,wk inc flu hosp,0,2024-11-30,15,quantile,0.85,22.0
2024-11-30,wk inc flu hosp,0,2024-11-30,15,quantile,0.9,28.0
2024-11-30,wk inc flu hosp,0,2024-11-30,15,quantile,0.95,35.0
2024-11-30,wk inc flu hosp,0,2024-11-30,15,quantile,0.975,52.0
2024-11-30,wk inc flu hosp,0,2024-11-30,15,quantile,0.99,67.0
2024-11-30,wk inc flu hosp,1,2024-12-07,15,quantile,0.01,1.0
2024-11-30,wk inc flu hosp,1,2024-12-07,15,quantile,0.025,1.0
2024-11-30,wk inc flu hosp,1,2024-12-07,15,quantile,0.05,1.0
2024-11-30,wk inc flu hosp,1,2024-12-07,15,quantile,0.1,2.0
2024-11-30,wk inc flu hosp,1,2024-12-07,15,quantile,0.15,3.0
2024-11-30,wk inc flu hosp,1,2024-12-07,15,quantile,0.2,5.0
2024-11-30,wk inc flu hosp,1,2024-12-07,15,quantile,0.25,6.0
2024-11-30,wk inc flu hosp,1,2024-12-07,15,quantile,0.3,8.0
2024-11-30,wk inc flu hosp,1,2024-12-07,15,quantile,0.35,8.0
2024-11-30,wk inc flu hosp,1,2024-12-07,15,quantile,0.4,9.0
2024-11-30,wk inc flu hosp,1,2024-12-07,15,quantile,0.45,11.0
2024-11-30,wk inc flu hosp,1,2024-12-07,15,quantile,0.5,12.0
2024-11-30,wk inc flu hosp,1,2024-12-07,15,quantile,0.55,13.0
2024-11-30,wk inc flu hosp,1,2024-12-07,15,quantile,0.6,15.0
2024-11-30,wk inc flu hosp,1,2024-12-07,15,quantile,0.65,16.0
2024-11-30,wk inc flu hosp,1,2024-12-07,15,quantile,0.7,18.0
2024-11-30,wk inc flu hosp,1,2024-12-07,15,quantile,0.75,20.0
2024-11-30,wk inc flu hosp,1,2024-12-07,15,quantile,0.8,22.0
2024-11-30,wk inc flu hosp,1,2024-12-07,15,quantile,0.85,25.0
2024-11-30,wk inc flu hosp,1,2024-12-07,15,quantile,0.9,30.0
2024-11-30,wk inc flu hosp,1,2024-12-07,15,quantile,0.95,39.0
2024-11-30,wk inc flu hosp,1,2024-12-07,15,quantile,0.975,53.0
2024-11-30,wk inc flu hosp,1,2024-12-07,15,quantile,0.99,68.0
2024-11-30,wk inc flu hosp,2,2024-12-14,15,quantile,0.01,0.0
2024-11-30,wk inc flu hosp,2,2024-12-14,15,quantile,0.025,1.0
2024-11-30,wk inc flu hosp,2,2024-12-14,15,quantile,0.05,1.0
2024-11-30,wk inc flu hosp,2,2024-12-14,15,quantile,0.1,3.0
2024-11-30,wk inc flu hosp,2,2024-12-14,15,quantile,0.15,3.0
2024-11-30,wk inc flu hosp,2,2024-12-14,15,quantile,0.2,6.0
2024-11-30,wk inc flu hosp,2,2024-12-14,15,quantile,0.25,8.0
2024-11-30,wk inc flu hosp,2,2024-12-14,15,quantile,0.3,9.0
2024-11-30,wk inc flu hosp,2,2024-12-14,15,quantile,0.35,10.0
2024-11-30,wk inc flu hosp,2,2024-12-14,15,quantile,0.4,11.0
2024-11-30,wk inc flu hosp,2,2024-12-14,15,quantile,0.45,13.0
2024-11-30,wk inc flu hosp,2,2024-12-14,15,quantile,0.5,14.0
2024-11-30,wk inc flu hosp,2,2024-12-14,15,quantile,0.55,16.0
2024-11-30,wk inc flu hosp,2,2024-12-14,15,quantile,0.6,17.0
2024-11-30,wk inc flu hosp,2,2024-12-14,15,quantile,0.65,19.0
2024-11-30,wk inc flu hosp,2,2024-12-14,15,quantile,0.7,21.0
2024-11-30,wk inc flu hosp,2,2024-12-14,15,quantile,0.75,24.0
2024-11-30,wk inc flu hosp,2,2024-12-14,15,quantile,0.8,27.0
2024-11-30,wk inc flu hosp,2,2024-12-14,15,quantile,0.85,30.0
2024-11-30,wk inc flu hosp,2,2024-12-14,15,quantile,0.9,36.0
2024-11-30,wk inc flu hosp,2,2024-12-14,15,quantile,0.95,54.0
2024-11-30,wk inc flu hosp,2,2024-12-14,15,quantile,0.975,75.0
2024-11-30,wk inc flu hosp,2,2024-12-14,15,quantile,0.99,103.0
2024-11-30,wk inc flu hosp,3,2024-12-21,15,quantile,0.01,0.0
2024-11-30,wk inc flu hosp,3,2024-12-21,15,quantile,0.025,1.0
2024-11-30,wk inc flu hosp,3,2024-12-21,15,quantile,0.05,2.0
2024-11-30,wk inc flu hosp,3,2024-12-21,15,quantile,0.1,4.0
2024-11-30,wk inc flu hosp,3,2024-12-21,15,quantile,0.15,5.0
2024-11-30,wk inc flu hosp,3,2024-12-21,15,quantile,0.2,8.0
2024-11-30,wk inc flu hosp,3,2024-12-21,15,quantile,0.25,10.0
2024-11-30,wk inc flu hosp,3,2024-12-21,15,quantile,0.3,12.0
2024-11-30,wk inc flu hosp,3,2024-12-21,15,quantile,0.35,13.0
2024-11-30,wk inc flu hosp,3,2024-12-21,15,quantile,0.4,14.0
2024-11-30,wk inc flu hosp,3,2024-12-21,15,quantile,0.45,16.0
2024-11-30,wk inc flu hosp,3,2024-12-21,15,quantile,0.5,17.0
2024-11-30,wk inc flu hosp,3,2024-12-21,15,quantile,0.55,19.0
2024-11-30,wk inc flu hosp,3,2024-12-21,15,quantile,0.6,21.0
2024-11-30,wk inc flu hosp,3,2024-12-21,15,quantile,0.65,23.0
2024-11-30,wk inc flu hosp,3,2024-12-21,15,quantile,0.7,25.0
2024-11-30,wk inc flu hosp,3,2024-12-21,15,quantile,0.75,28.0
2024-11-30,wk inc flu hosp,3,2024-12-21,15,quantile,0.8,32.0
2024-11-30,wk inc flu hosp,3,2024-12-21,15,quantile,0.85,36.0
2024-11-30,wk inc flu hosp,3,2024-12-21,15,quantile,0.9,45.0
2024-11-30,wk inc flu hosp,3,2024-12-21,15,quantile,0.95,63.0
2024-11-30,wk inc flu hosp,3,2024-12-21,15,quantile,0.975,86.0
2024-11-30,wk inc flu hosp,3,2024-12-21,15,quantile,0.99,117.0
2024-11-30,wk inc flu hosp,0,2024-11-30,16,quantile,0.01,2.0
2024-11-30,wk inc flu hosp,0,2024-11-30,16,quantile,0.025,4.0
2024-11-30,wk inc flu hosp,0,2024-11-30,16,quantile,0.05,7.0
2024-11-30,wk inc flu hosp,0,2024-11-30,16,quantile,0.1,10.0
2024-11-30,wk inc flu hosp,0,2024-11-30,16,quantile,0.15,12.0
2024-11-30,wk inc flu hosp,0,2024-11-30,16,quantile,0.2,14.0
2024-11-30,wk inc flu hosp,0,2024-11-30,16,quantile,0.25,17.0
2024-11-30,wk inc flu hosp,0,2024-11-30,16,quantile,0.3,19.0
2024-11-30,wk inc flu hosp,0,2024-11-30,16,quantile,0.35,22.0
2024-11-30,wk inc flu hosp,0,2024-11-30,16,quantile,0.4,24.0
2024-11-30,wk inc flu hosp,0,2024-11-30,16,quantile,0.45,28.0
2024-11-30,wk inc flu hosp,0,2024-11-30,16,quantile,0.5,31.0
2024-11-30,wk inc flu hosp,0,2024-11-30,16,quantile,0.55,33.0
2024-11-30,wk inc flu hosp,0,2024-11-30,16,quantile,0.6,34.0
2024-11-30,wk inc flu hosp,0,2024-11-30,16,quantile,0.65,37.0
2024-11-30,wk inc flu hosp,0,2024-11-30,16,quantile,0.7,40.0
2024-11-30,wk inc flu hosp,0,2024-11-30,16,quantile,0.75,43.0
2024-11-30,wk inc flu hosp,0,2024-11-30,16,quantile,0.8,45.0
2024-11-30,wk inc flu hosp,0,2024-11-30,16,quantile,0.85,48.0
2024-11-30,wk inc flu hosp,0,2024-11-30,16,quantile,0.9,54.0
2024-11-30,wk inc flu hosp,0,2024-11-30,16,quantile,0.95,62.0
2024-11-30,wk inc flu hosp,0,2024-11-30,16,quantile,0.975,74.0
2024-11-30,wk inc flu hosp,0,2024-11-30,16,quantile,0.99,94.0
2024-11-30,wk inc flu hosp,1,2024-12-07,16,quantile,0.01,2.0
2024-11-30,wk inc flu hosp,1,2024-12-07,16,quantile,0.025,4.0
2024-11-30,wk inc flu hosp,1,2024-12-07,16,quantile,0.05,7.0
2024-11-30,wk inc flu hosp,1,2024-12-07,16,quantile,0.1,10.0
2024-11-30,wk inc flu hosp,1,2024-12-07,16,quantile,0.15,13.0
2024-11-30,wk inc flu hosp,1,2024-12-07,16,quantile,0.2,15.0
2024-11-30,wk inc flu hosp,1,2024-12-07,16,quantile,0.25,18.0
2024-11-30,wk inc flu hosp,1,2024-12-07,16,quantile,0.3,22.0
2024-11-30,wk inc flu hosp,1,2024-12-07,16,quantile,0.35,25.0
2024-11-30,wk inc flu hosp,1,2024-12-07,16,quantile,0.4,28.0
2024-11-30,wk inc flu hosp,1,2024-12-07,16,quantile,0.45,31.0
2024-11-30,wk inc flu hosp,1,2024-12-07,16,quantile,0.5,33.0
2024-11-30,wk inc flu hosp,1,2024-12-07,16,quantile,0.55,37.0
2024-11-30,wk inc flu hosp,1,2024-12-07,16,quantile,0.6,40.0
2024-11-30,wk inc flu hosp,1,2024-12-07,16,quantile,0.65,43.0
2024-11-30,wk inc flu hosp,1,2024-12-07,16,quantile,0.7,48.0
2024-11-30,wk inc flu hosp,1,2024-12-07,16,quantile,0.75,52.0
2024-11-30,wk inc flu hosp,1,2024-12-07,16,quantile,0.8,58.0
2024-11-30,wk inc flu hosp,1,2024-12-07,16,quantile,0.85,65.0
2024-11-30,wk inc flu hosp,1,2024-12-07,16,quantile,0.9,75.0
2024-11-30,wk inc flu hosp,1,2024-12-07,16,quantile,0.95,93.0
2024-11-30,wk inc flu hosp,1,2024-12-07,16,quantile,0.975,115.0
2024-11-30,wk inc flu hosp,1,2024-12-07,16,quantile,0.99,139.0
2024-11-30,wk inc flu hosp,2,2024-12-14,16,quantile,0.01,5.0
2024-11-30,wk inc flu hosp,2,2024-12-14,16,quantile,0.025,7.0
2024-11-30,wk inc flu hosp,2,2024-12-14,16,quantile,0.05,13.0
2024-11-30,wk inc flu hosp,2,2024-12-14,16,quantile,0.1,17.0
2024-11-30,wk inc flu hosp,2,2024-12-14,16,quantile,0.15,20.0
2024-11-30,wk inc flu hosp,2,2024-12-14,16,quantile,0.2,24.0
2024-11-30,wk inc flu hosp,2,2024-12-14,16,quantile,0.25,28.0
2024-11-30,wk inc flu hosp,2,2024-12-14,16,quantile,0.3,31.0
2024-11-30,wk inc flu hosp,2,2024-12-14,16,quantile,0.35,34.0
2024-11-30,wk inc flu hosp,2,2024-12-14,16,quantile,0.4,38.0
2024-11-30,wk inc flu hosp,2,2024-12-14,16,quantile,0.45,42.0
2024-11-30,wk inc flu hosp,2,2024-12-14,16,quantile,0.5,46.0
2024-11-30,wk inc flu hosp,2,2024-12-14,16,quantile,0.55,50.0
2024-11-30,wk inc flu hosp,2,2024-12-14,16,quantile,0.6,54.0
2024-11-30,wk inc flu hosp,2,2024-12-14,16,quantile,0.65,59.0
2024-11-30,wk inc flu hosp,2,2024-12-14,16,quantile,0.7,65.0
2024-11-30,wk inc flu hosp,2,2024-12-14,16,quantile,0.75,71.0
2024-11-30,wk inc flu hosp,2,2024-12-14,16,quantile,0.8,78.0
2024-11-30,wk inc flu hosp,2,2024-12-14,16,quantile,0.85,88.0
2024-11-30,wk inc flu hosp,2,2024-12-14,16,quantile,0.9,102.0
2024-11-30,wk inc flu hosp,2,2024-12-14,16,quantile,0.95,128.0
2024-11-30,wk inc flu hosp,2,2024-12-14,16,quantile,0.975,155.0
2024-11-30,wk inc flu hosp,2,2024-12-14,16,quantile,0.99,200.0
2024-11-30,wk inc flu hosp,3,2024-12-21,16,quantile,0.01,3.0
2024-11-30,wk inc flu hosp,3,2024-12-21,16,quantile,0.025,8.0
2024-11-30,wk inc flu hosp,3,2024-12-21,16,quantile,0.05,12.0
2024-11-30,wk inc flu hosp,3,2024-12-21,16,quantile,0.1,18.0
2024-11-30,wk inc flu hosp,3,2024-12-21,16,quantile,0.15,22.0
2024-11-30,wk inc flu hosp,3,2024-12-21,16,quantile,0.2,27.0
2024-11-30,wk inc flu hosp,3,2024-12-21,16,quantile,0.25,32.0
2024-11-30,wk inc flu hosp,3,2024-12-21,16,quantile,0.3,36.0
2024-11-30,wk inc flu hosp,3,2024-12-21,16,quantile,0.35,41.0
2024-11-30,wk inc flu hosp,3,2024-12-21,16,quantile,0.4,45.0
2024-11-30,wk inc flu hosp,3,2024-12-21,16,quantile,0.45,49.0
2024-11-30,wk inc flu hosp,3,2024-12-21,16,quantile,0.5,54.0
2024-11-30,wk inc flu hosp,3,2024-12-21,16,quantile,0.55,59.0
2024-11-30,wk inc flu hosp,3,2024-12-21,16,quantile,0.6,65.0
2024-11-30,wk inc flu hosp,3,2024-12-21,16,quantile,0.65,70.0
2024-11-30,wk inc flu hosp,3,2024-12-21,16,quantile,0.7,78.0
2024-11-30,wk inc flu hosp,3,2024-12-21,16,quantile,0.75,86.0
2024-11-30,wk inc flu hosp,3,2024-12-21,16,quantile,0.8,95.0
2024-11-30,wk inc flu hosp,3,2024-12-21,16,quantile,0.85,107.0
2024-11-30,wk inc flu hosp,3,2024-12-21,16,quantile,0.9,125.0
2024-11-30,wk inc flu hosp,3,2024-12-21,16,quantile,0.95,158.0
2024-11-30,wk inc flu hosp,3,2024-12-21,16,quantile,0.975,198.0
2024-11-30,wk inc flu hosp,3,2024-12-21,16,quantile,0.99,243.0
2024-11-30,wk inc flu hosp,0,2024-11-30,17,quantile,0.01,1.0
2024-11-30,wk inc flu hosp,0,2024-11-30,17,quantile,0.025,9.0
2024-11-30,wk inc flu hosp,0,2024-11-30,17,quantile,0.05,22.0
2024-11-30,wk inc flu hosp,0,2024-11-30,17,quantile,0.1,33.0
2024-11-30,wk inc flu hosp,0,2024-11-30,17,quantile,0.15,39.0
2024-11-30,wk inc flu hosp,0,2024-11-30,17,quantile,0.2,49.0
2024-11-30,wk inc flu hosp,0,2024-11-30,17,quantile,0.25,61.0
2024-11-30,wk inc flu hosp,0,2024-11-30,17,quantile,0.3,67.0
2024-11-30,wk inc flu hosp,0,2024-11-30,17,quantile,0.35,73.0
2024-11-30,wk inc flu hosp,0,2024-11-30,17,quantile,0.4,79.0
2024-11-30,wk inc flu hosp,0,2024-11-30,17,quantile,0.45,86.0
2024-11-30,wk inc flu hosp,0,2024-11-30,17,quantile,0.5,91.0
2024-11-30,wk inc flu hosp,0,2024-11-30,17,quantile,0.55,96.0
2024-11-30,wk inc flu hosp,0,2024-11-30,17,quantile,0.6,104.0
2024-11-30,wk inc flu hosp,0,2024-11-30,17,quantile,0.65,118.0
2024-11-30,wk inc flu hosp,0,2024-11-30,17,quantile,0.7,124.0
2024-11-30,wk inc flu hosp,0,2024-11-30,17,quantile,0.75,131.0
2024-11-30,wk inc flu hosp,0,2024-11-30,17,quantile,0.8,140.0
2024-11-30,wk inc flu hosp,0,2024-11-30,17,quantile,0.85,159.0
2024-11-30,wk inc flu hosp,0,2024-11-30,17,quantile,0.9,177.0
2024-11-30,wk inc flu hosp,0,2024-11-30,17,quantile,0.95,196.0
2024-11-30,wk inc flu hosp,0,2024-11-30,17,quantile,0.975,218.0
2024-11-30,wk inc flu hosp,0,2024-11-30,17,quantile,0.99,236.0
2024-11-30,wk inc flu hosp,1,2024-12-07,17,quantile,0.01,6.0
2024-11-30,wk inc flu hosp,1,2024-12-07,17,quantile,0.025,14.0
2024-11-30,wk inc flu hosp,1,2024-12-07,17,quantile,0.05,23.0
2024-11-30,wk inc flu hosp,1,2024-12-07,17,quantile,0.1,34.0
2024-11-30,wk inc flu hosp,1,2024-12-07,17,quantile,0.15,41.0
2024-11-30,wk inc flu hosp,1,2024-12-07,17,quantile,0.2,54.0
2024-11-30,wk inc flu hosp,1,2024-12-07,17,quantile,0.25,64.0
2024-11-30,wk inc flu hosp,1,2024-12-07,17,quantile,0.3,74.0
2024-11-30,wk inc flu hosp,1,2024-12-07,17,quantile,0.35,84.0
2024-11-30,wk inc flu hosp,1,2024-12-07,17,quantile,0.4,94.0
2024-11-30,wk inc flu hosp,1,2024-12-07,17,quantile,0.45,103.0
2024-11-30,wk inc flu hosp,1,2024-12-07,17,quantile,0.5,116.0
2024-11-30,wk inc flu hosp,1,2024-12-07,17,quantile,0.55,126.0
2024-11-30,wk inc flu hosp,1,2024-12-07,17,quantile,0.6,136.0
2024-11-30,wk inc flu hosp,1,2024-12-07,17,quantile,0.65,148.0
2024-11-30,wk inc flu hosp,1,2024-12-07,17,quantile,0.7,160.0
2024-11-30,wk inc flu hosp,1,2024-12-07,17,quantile,0.75,176.0
2024-11-30,wk inc flu hosp,1,2024-12-07,17,quantile,0.8,193.0
2024-11-30,wk inc flu hosp,1,2024-12-07,17,quantile,0.85,216.0
2024-11-30,wk inc flu hosp,1,2024-12-07,17,quantile,0.9,248.0
2024-11-30,wk inc flu hosp,1,2024-12-07,17,quantile,0.95,313.0
2024-11-30,wk inc flu hosp,1,2024-12-07,17,quantile,0.975,371.0
2024-11-30,wk inc flu hosp,1,2024-12-07,17,quantile,0.99,428.0
2024-11-30,wk inc flu hosp,2,2024-12-14,17,quantile,0.01,13.0
2024-11-30,wk inc flu hosp,2,2024-12-14,17,quantile,0.025,22.0
2024-11-30,wk inc flu hosp,2,2024-12-14,17,quantile,0.05,34.0
2024-11-30,wk inc flu hosp,2,2024-12-14,17,quantile,0.1,47.0
2024-11-30,wk inc flu hosp,2,2024-12-14,17,quantile,0.15,61.0
2024-11-30,wk inc flu hosp,2,2024-12-14,17,quantile,0.2,75.0
2024-11-30,wk inc flu hosp,2,2024-12-14,17,quantile,0.25,88.0
2024-11-30,wk inc flu hosp,2,2024-12-14,17,quantile,0.3,101.0
2024-11-30,wk inc flu hosp,2,2024-12-14,17,quantile,0.35,113.0
2024-11-30,wk inc flu hosp,2,2024-12-14,17,quantile,0.4,126.0
2024-11-30,wk inc flu hosp,2,2024-12-14,17,quantile,0.45,137.0
2024-11-30,wk inc flu hosp,2,2024-12-14,17,quantile,0.5,149.0
2024-11-30,wk inc flu hosp,2,2024-12-14,17,quantile,0.55,163.0
2024-11-30,wk inc flu hosp,2,2024-12-14,17,quantile,0.6,177.0
2024-11-30,wk inc flu hosp,2,2024-12-14,17,quantile,0.65,195.0
2024-11-30,wk inc flu hosp,2,2024-12-14,17,quantile,0.7,213.0
2024-11-30,wk inc flu hosp,2,2024-12-14,17,quantile,0.75,232.0
2024-11-30,wk inc flu hosp,2,2024-12-14,17,quantile,0.8,257.0
2024-11-30,wk inc flu hosp,2,2024-12-14,17,quantile,0.85,286.0
2024-11-30,wk inc flu hosp,2,2024-12-14,17,quantile,0.9,335.0
2024-11-30,wk inc flu hosp,2,2024-12-14,17,quantile,0.95,418.0
2024-11-30,wk inc flu hosp,2,2024-12-14,17,quantile,0.975,524.0
2024-11-30,wk inc flu hosp,2,2024-12-14,17,quantile,0.99,598.0
2024-11-30,wk inc flu hosp,3,2024-12-21,17,quantile,0.01,21.0
2024-11-30,wk inc flu hosp,3,2024-12-21,17,quantile,0.025,31.0
2024-11-30,wk inc flu hosp,3,2024-12-21,17,quantile,0.05,43.0
2024-11-30,wk inc flu hosp,3,2024-12-21,17,quantile,0.1,62.0
2024-11-30,wk inc flu hosp,3,2024-12-21,17,quantile,0.15,80.0
2024-11-30,wk inc flu hosp,3,2024-12-21,17,quantile,0.2,95.0
2024-11-30,wk inc flu hosp,3,2024-12-21,17,quantile,0.25,112.0
2024-11-30,wk inc flu hosp,3,2024-12-21,17,quantile,0.3,127.0
2024-11-30,wk inc flu hosp,3,2024-12-21,17,quantile,0.35,141.0
2024-11-30,wk inc flu hosp,3,2024-12-21,17,quantile,0.4,157.0
2024-11-30,wk inc flu hosp,3,2024-12-21,17,quantile,0.45,173.0
2024-11-30,wk inc flu hosp,3,2024-12-21,17,quantile,0.5,188.0
2024-11-30,wk inc flu hosp,3,2024-12-21,17,quantile,0.55,205.0
2024-11-30,wk inc flu hosp,3,2024-12-21,17,quantile,0.6,220.0
2024-11-30,wk inc flu hosp,3,2024-12-21,17,quantile,0.65,240.0
2024-11-30,wk inc flu hosp,3,2024-12-21,17,quantile,0.7,265.0
2024-11-30,wk inc flu hosp,3,2024-12-21,17,quantile,0.75,290.0
2024-11-30,wk inc flu hosp,3,2024-12-21,17,quantile,0.8,318.0
2024-11-30,wk inc flu hosp,3,2024-12-21,17,quantile,0.85,357.0
2024-11-30,wk inc flu hosp,3,2024-12-21,17,quantile,0.9,420.0
2024-11-30,wk inc flu hosp,3,2024-12-21,17,quantile,0.95,530.0
2024-11-30,wk inc flu hosp,3,2024-12-21,17,quantile,0.975,702.0
2024-11-30,wk inc flu hosp,3,2024-12-21,17,quantile,0.99,847.0
2024-11-30,wk inc flu hosp,0,2024-11-30,18,quantile,0.01,9.0
2024-11-30,wk inc flu hosp,0,2024-11-30,18,quantile,0.025,11.0
2024-11-30,wk inc flu hosp,0,2024-11-30,18,quantile,0.05,15.0
2024-11-30,wk inc flu hosp,0,2024-11-30,18,quantile,0.1,20.0
2024-11-30,wk inc flu hosp,0,2024-11-30,18,quantile,0.15,23.0
2024-11-30,wk inc flu hosp,0,2024-11-30,18,quantile,0.2,26.0
2024-11-30,wk inc flu hosp,0,2024-11-30,18,quantile,0.25,28.0
2024-11-30,wk inc flu hosp,0,2024-11-30,18,quantile,0.3,30.0
2024-11-30,wk inc flu hosp,0,2024-11-30,18,quantile,0.35,33.0
2024-11-30,wk inc flu hosp,0,2024-11-30,18,quantile,0.4,35.0
2024-11-30,wk inc flu hosp,0,2024-11-30,18,quantile,0.45,37.0
2024-11-30,wk inc flu hosp,0,2024-11-30,18,quantile,0.5,40.0
2024-11-30,wk inc flu hosp,0,2024-11-30,18,quantile,0.55,43.0
2024-11-30,wk inc flu hosp,0,2024-11-30,18,quantile,0.6,46.0
2024-11-30,wk inc flu hosp,0,2024-11-30,18,quantile,0.65,49.0
2024-11-30,wk inc flu hosp,0,2024-11-30,18,quantile,0.7,53.0
2024-11-30,wk inc flu hosp,0,2024-11-30,18,quantile,0.75,57.0
2024-11-30,wk inc flu hosp,0,2024-11-30,18,quantile,0.8,66.0
2024-11-30,wk inc flu hosp,0,2024-11-30,18,quantile,0.85,76.0
2024-11-30,wk inc flu hosp,0,2024-11-30,18,quantile,0.9,90.0
2024-11-30,wk inc flu hosp,0,2024-11-30,18,quantile,0.95,107.0
2024-11-30,wk inc flu hosp,0,2024-11-30,18,quantile,0.975,137.0
2024-11-30,wk inc flu hosp,0,2024-11-30,18,quantile,0.99,182.0
2024-11-30,wk inc flu hosp,1,2024-12-07,18,quantile,0.01,4.0
2024-11-30,wk inc flu hosp,1,2024-12-07,18,quantile,0.025,6.0
2024-11-30,wk inc flu hosp,1,2024-12-07,18,quantile,0.05,11.0
2024-11-30,wk inc flu hosp,1,2024-12-07,18,quantile,0.1,21.0
2024-11-30,wk inc flu hosp,1,2024-12-07,18,quantile,0.15,29.0
2024-11-30,wk inc flu hosp,1,2024-12-07,18,quantile,0.2,37.0
2024-11-30,wk inc flu hosp,1,2024-12-07,18,quantile,0.25,47.0
2024-11-30,wk inc flu hosp,1,2024-12-07,18,quantile,0.3,56.0
2024-11-30,wk inc flu hosp,1,2024-12-07,18,quantile,0.35,64.0
2024-11-30,wk inc flu hosp,1,2024-12-07,18,quantile,0.4,73.0
2024-11-30,wk inc flu hosp,1,2024-12-07,18,quantile,0.45,81.0
2024-11-30,wk inc flu hosp,1,2024-12-07,18,quantile,0.5,90.0
2024-11-30,wk inc flu hosp,1,2024-12-07,18,quantile,0.55,98.0
2024-11-30,wk inc flu hosp,1,2024-12-07,18,quantile,0.6,107.0
2024-11-30,wk inc flu hosp,1,2024-12-07,18,quantile,0.65,115.0
2024-11-30,wk inc flu hosp,1,2024-12-07,18,quantile,0.7,125.0
2024-11-30,wk inc flu hosp,1,2024-12-07,18,quantile,0.75,138.0
2024-11-30,wk inc flu hosp,1,2024-12-07,18,quantile,0.8,153.0
2024-11-30,wk inc flu hosp,1,2024-12-07,18,quantile,0.85,172.0
2024-11-30,wk inc flu hosp,1,2024-12-07,18,quantile,0.9,198.0
2024-11-30,wk inc flu hosp,1,2024-12-07,18,quantile,0.95,244.0
2024-11-30,wk inc flu hosp,1,2024-12-07,18,quantile,0.975,284.0
2024-11-30,wk inc flu hosp,1,2024-12-07,18,quantile,0.99,336.0
2024-11-30,wk inc flu hosp,2,2024-12-14,18,quantile,0.01,7.0
2024-11-30,wk inc flu hosp,2,2024-12-14,18,quantile,0.025,18.0
2024-11-30,wk inc flu hosp,2,2024-12-14,18,quantile,0.05,32.0
2024-11-30,wk inc flu hosp,2,2024-12-14,18,quantile,0.1,47.0
2024-11-30,wk inc flu hosp,2,2024-12-14,18,quantile,0.15,57.0
2024-11-30,wk inc flu hosp,2,2024-12-14,18,quantile,0.2,70.0
2024-11-30,wk inc flu hosp,2,2024-12-14,18,quantile,0.25,82.0
2024-11-30,wk inc flu hosp,2,2024-12-14,18,quantile,0.3,92.0
2024-11-30,wk inc flu hosp,2,2024-12-14,18,quantile,0.35,102.0
2024-11-30,wk inc flu hosp,2,2024-12-14,18,quantile,0.4,113.0
2024-11-30,wk inc flu hosp,2,2024-12-14,18,quantile,0.45,123.0
2024-11-30,wk inc flu hosp,2,2024-12-14,18,quantile,0.5,134.0
2024-11-30,wk inc flu hosp,2,2024-12-14,18,quantile,0.55,145.0
2024-11-30,wk inc flu hosp,2,2024-12-14,18,quantile,0.6,155.0
2024-11-30,wk inc flu hosp,2,2024-12-14,18,quantile,0.65,168.0
2024-11-30,wk inc flu hosp,2,2024-12-14,18,quantile,0.7,181.0
2024-11-30,wk inc flu hosp,2,2024-12-14,18,quantile,0.75,196.0
2024-11-30,wk inc flu hosp,2,2024-12-14,18,quantile,0.8,215.0
2024-11-30,wk inc flu hosp,2,2024-12-14,18,quantile,0.85,242.0
2024-11-30,wk inc flu hosp,2,2024-12-14,18,quantile,0.9,277.0
2024-11-30,wk inc flu hosp,2,2024-12-14,18,quantile,0.95,342.0
2024-11-30,wk inc flu hosp,2,2024-12-14,18,quantile,0.975,416.0
2024-11-30,wk inc flu hosp,2,2024-12-14,18,quantile,0.99,489.0
2024-11-30,wk inc flu hosp,3,2024-12-21,18,quantile,0.01,8.0
2024-11-30,wk inc flu hosp,3,2024-12-21,18,quantile,0.025,21.0
2024-11-30,wk inc flu hosp,3,2024-12-21,18,quantile,0.05,31.0
2024-11-30,wk inc flu hosp,3,2024-12-21,18,quantile,0.1,52.0
2024-11-30,wk inc flu hosp,3,2024-12-21,18,quantile,0.15,70.0
2024-11-30,wk inc flu hosp,3,2024-12-21,18,quantile,0.2,85.0
2024-11-30,wk inc flu hosp,3,2024-12-21,18,quantile,0.25,99.0
2024-11-30,wk inc flu hosp,3,2024-12-21,18,quantile,0.3,112.0
2024-11-30,wk inc flu hosp,3,2024-12-21,18,quantile,0.35,124.0
2024-11-30,wk inc flu hosp,3,2024-12-21,18,quantile,0.4,135.0
2024-11-30,wk inc flu hosp,3,2024-12-21,18,quantile,0.45,148.0
2024-11-30,wk inc flu hosp,3,2024-12-21,18,quantile,0.5,159.0
2024-11-30,wk inc flu hosp,3,2024-12-21,18,quantile,0.55,172.0
2024-11-30,wk inc flu hosp,3,2024-12-21,18,quantile,0.6,184.0
2024-11-30,wk inc flu hosp,3,2024-12-21,18,quantile,0.65,199.0
2024-11-30,wk inc flu hosp,3,2024-12-21,18,quantile,0.7,216.0
2024-11-30,wk inc flu hosp,3,2024-12-21,18,quantile,0.75,238.0
2024-11-30,wk inc flu hosp,3,2024-12-21,18,quantile,0.8,264.0
2024-11-30,wk inc flu hosp,3,2024-12-21,18,quantile,0.85,297.0
2024-11-30,wk inc flu hosp,3,2024-12-21,18,quantile,0.9,342.0
2024-11-30,wk inc flu hosp,3,2024-12-21,18,quantile,0.95,423.0
2024-11-30,wk inc flu hosp,3,2024-12-21,18,quantile,0.975,534.0
2024-11-30,wk inc flu hosp,3,2024-12-21,18,quantile,0.99,637.0
2024-11-30,wk inc flu hosp,0,2024-11-30,19,quantile,0.01,1.0
2024-11-30,wk inc flu hosp,0,2024-11-30,19,quantile,0.025,1.0
2024-11-30,wk inc flu hosp,0,2024-11-30,19,quantile,0.05,1.0
2024-11-30,wk inc flu hosp,0,2024-11-30,19,quantile,0.1,1.0
2024-11-30,wk inc flu hosp,0,2024-11-30,19,quantile,0.15,1.0
2024-11-30,wk inc flu hosp,0,2024-11-30,19,quantile,0.2,2.0
2024-11-30,wk inc flu hosp,0,2024-11-30,19,quantile,0.25,2.0
2024-11-30,wk inc flu hosp,0,2024-11-30,19,quantile,0.3,2.0
2024-11-30,wk inc flu hosp,0,2024-11-30,19,quantile,0.35,2.0
2024-11-30,wk inc flu hosp,0,2024-11-30,19,quantile,0.4,2.0
2024-11-30,wk inc flu hosp,0,2024-11-30,19,quantile,0.45,3.0
2024-11-30,wk inc flu hosp,0,2024-11-30,19,quantile,0.5,3.0
2024-11-30,wk inc flu hosp,0,2024-11-30,19,quantile,0.55,4.0
2024-11-30,wk inc flu hosp,0,2024-11-30,19,quantile,0.6,5.0
2024-11-30,wk inc flu hosp,0,2024-11-30,19,quantile,0.65,6.0
2024-11-30,wk inc flu hosp,0,2024-11-30,19,quantile,0.7,6.0
2024-11-30,wk inc flu hosp,0,2024-11-30,19,quantile,0.75,7.0
2024-11-30,wk inc flu hosp,0,2024-11-30,19,quantile,0.8,8.0
2024-11-30,wk inc flu hosp,0,2024-11-30,19,quantile,0.85,10.0
2024-11-30,wk inc flu hosp,0,2024-11-30,19,quantile,0.9,12.0
2024-11-30,wk inc flu hosp,0,2024-11-30,19,quantile,0.95,16.0
2024-11-30,wk inc flu hosp,0,2024-11-30,19,quantile,0.975,24.0
2024-11-30,wk inc flu hosp,0,2024-11-30,19,quantile,0.99,36.0
2024-11-30,wk inc flu hosp,1,2024-12-07,19,quantile,0.01,0.0
2024-11-30,wk inc flu hosp,1,2024-12-07,19,quantile,0.025,2.0
2024-11-30,wk inc flu hosp,1,2024-12-07,19,quantile,0.05,2.0
2024-11-30,wk inc flu hosp,1,2024-12-07,19,quantile,0.1,3.0
2024-11-30,wk inc flu hosp,1,2024-12-07,19,quantile,0.15,3.0
2024-11-30,wk inc flu hosp,1,2024-12-07,19,quantile,0.2,4.0
2024-11-30,wk inc flu hosp,1,2024-12-07,19,quantile,0.25,5.0
2024-11-30,wk inc flu hosp,1,2024-12-07,19,quantile,0.3,7.0
2024-11-30,wk inc flu hosp,1,2024-12-07,19,quantile,0.35,9.0
2024-11-30,wk inc flu hosp,1,2024-12-07,19,quantile,0.4,12.0
2024-11-30,wk inc flu hosp,1,2024-12-07,19,quantile,0.45,15.0
2024-11-30,wk inc flu hosp,1,2024-12-07,19,quantile,0.5,17.0
2024-11-30,wk inc flu hosp,1,2024-12-07,19,quantile,0.55,19.0
2024-11-30,wk inc flu hosp,1,2024-12-07,19,quantile,0.6,21.0
2024-11-30,wk inc flu hosp,1,2024-12-07,19,quantile,0.65,24.0
2024-11-30,wk inc flu hosp,1,2024-12-07,19,quantile,0.7,27.0
2024-11-30,wk inc flu hosp,1,2024-12-07,19,quantile,0.75,30.0
2024-11-30,wk inc flu hosp,1,2024-12-07,19,quantile,0.8,34.0
2024-11-30,wk inc flu hosp,1,2024-12-07,19,quantile,0.85,39.0
2024-11-30,wk inc flu hosp,1,2024-12-07,19,quantile,0.9,47.0
2024-11-30,wk inc flu hosp,1,2024-12-07,19,quantile,0.95,63.0
2024-11-30,wk inc flu hosp,1,2024-12-07,19,quantile,0.975,77.0
2024-11-30,wk inc flu hosp,1,2024-12-07,19,quantile,0.99,91.0
2024-11-30,wk inc flu hosp,2,2024-12-14,19,quantile,0.01,1.0
2024-11-30,wk inc flu hosp,2,2024-12-14,19,quantile,0.025,2.0
2024-11-30,wk inc flu hosp,2,2024-12-14,19,quantile,0.05,3.0
2024-11-30,wk inc flu hosp,2,2024-12-14,19,quantile,0.1,4.0
2024-11-30,wk inc flu hosp,2,2024-12-14,19,quantile,0.15,6.0
2024-11-30,wk inc flu hosp,2,2024-12-14,19,quantile,0.2,8.0
2024-11-30,wk inc flu hosp,2,2024-12-14,19,quantile,0.25,11.0
2024-11-30,wk inc flu hosp,2,2024-12-14,19,quantile,0.3,14.0
2024-11-30,wk inc flu hosp,2,2024-12-14,19,quantile,0.35,16.0
2024-11-30,wk inc flu hosp,2,2024-12-14,19,quantile,0.4,19.0
2024-11-30,wk inc flu hosp,2,2024-12-14,19,quantile,0.45,23.0
2024-11-30,wk inc flu hosp,2,2024-12-14,19,quantile,0.5,26.0
2024-11-30,wk inc flu hosp,2,2024-12-14,19,quantile,0.55,28.0
2024-11-30,wk inc flu hosp,2,2024-12-14,19,quantile,0.6,31.0
2024-11-30,wk inc flu hosp,2,2024-12-14,19,quantile,0.65,35.0
2024-11-30,wk inc flu hosp,2,2024-12-14,19,quantile,0.7,39.0
2024-11-30,wk inc flu hosp,2,2024-12-14,19,quantile,0.75,42.0
2024-11-30,wk inc flu hosp,2,2024-12-14,19,quantile,0.8,47.0
2024-11-30,wk inc flu hosp,2,2024-12-14,19,quantile,0.85,55.0
2024-11-30,wk inc flu hosp,2,2024-12-14,19,quantile,0.9,66.0
2024-11-30,wk inc flu hosp,2,2024-12-14,19,quantile,0.95,84.0
2024-11-30,wk inc flu hosp,2,2024-12-14,19,quantile,0.975,105.0
2024-11-30,wk inc flu hosp,2,2024-12-14,19,quantile,0.99,131.0
2024-11-30,wk inc flu hosp,3,2024-12-21,19,quantile,0.01,0.0
2024-11-30,wk inc flu hosp,3,2024-12-21,19,quantile,0.025,2.0
2024-11-30,wk inc flu hosp,3,2024-12-21,19,quantile,0.05,3.0
2024-11-30,wk inc flu hosp,3,2024-12-21,19,quantile,0.1,7.0
2024-11-30,wk inc flu hosp,3,2024-12-21,19,quantile,0.15,11.0
2024-11-30,wk inc flu hosp,3,2024-12-21,19,quantile,0.2,15.0
2024-11-30,wk inc flu hosp,3,2024-12-21,19,quantile,0.25,19.0
2024-11-30,wk inc flu hosp,3,2024-12-21,19,quantile,0.3,22.0
2024-11-30,wk inc flu hosp,3,2024-12-21,19,quantile,0.35,26.0
2024-11-30,wk inc flu hosp,3,2024-12-21,19,quantile,0.4,29.0
2024-11-30,wk inc flu hosp,3,2024-12-21,19,quantile,0.45,33.0
2024-11-30,wk inc flu hosp,3,2024-12-21,19,quantile,0.5,36.0
2024-11-30,wk inc flu hosp,3,2024-12-21,19,quantile,0.55,39.0
2024-11-30,wk inc flu hosp,3,2024-12-21,19,quantile,0.6,43.0
2024-11-30,wk inc flu hosp,3,2024-12-21,19,quantile,0.65,47.0
2024-11-30,wk inc flu hosp,3,2024-12-21,19,quantile,0.7,52.0
2024-11-30,wk inc flu hosp,3,2024-12-21,19,quantile,0.75,57.0
2024-11-30,wk inc flu hosp,3,2024-12-21,19,quantile,0.8,64.0
2024-11-30,wk inc flu hosp,3,2024-12-21,19,quantile,0.85,73.0
2024-11-30,wk inc flu hosp,3,2024-12-21,19,quantile,0.9,86.0
2024-11-30,wk inc flu hosp,3,2024-12-21,19,quantile,0.95,106.0
2024-11-30,wk inc flu hosp,3,2024-12-21,19,quantile,0.975,129.0
2024-11-30,wk inc flu hosp,3,2024-12-21,19,quantile,0.99,183.0
2024-11-30,wk inc flu hosp,0,2024-11-30,20,quantile,0.01,1.0
2024-11-30,wk inc flu hosp,0,2024-11-30,20,quantile,0.025,2.0
2024-11-30,wk inc flu hosp,0,2024-11-30,20,quantile,0.05,6.0
2024-11-30,wk inc flu hosp,0,2024-11-30,20,quantile,0.1,9.0
2024-11-30,wk inc flu hosp,0,2024-11-30,20,quantile,0.15,13.0
2024-11-30,wk inc flu hosp,0,2024-11-30,20,quantile,0.2,15.0
2024-11-30,wk inc flu hosp,0,2024-11-30,20,quantile,0.25,16.0
2024-11-30,wk inc flu hosp,0,2024-11-30,20,quantile,0.3,17.0
2024-11-30,wk inc flu hosp,0,2024-11-30,20,quantile,0.35,19.0
2024-11-30,wk inc flu hosp,0,2024-11-30,20,quantile,0.4,20.0
2024-11-30,wk inc flu hosp,0,2024-11-30,20,quantile,0.45,21.0
2024-11-30,wk inc flu hosp,0,2024-11-30,20,quantile,0.5,22.0
2024-11-30,wk inc flu hosp,0,2024-11-30,20,quantile,0.55,24.0
2024-11-30,wk inc flu hosp,0,2024-11-30,20,quantile,0.6,25.0
2024-11-30,wk inc flu hosp,0,2024-11-30,20,quantile,0.65,26.0
2024-11-30,wk inc flu hosp,0,2024-11-30,20,quantile,0.7,27.0
2024-11-30,wk inc flu hosp,0,2024-11-30,20,quantile,0.75,30.0
2024-11-30,wk inc flu hosp,0,2024-11-30,20,quantile,0.8,34.0
2024-11-30,wk inc flu hosp,0,2024-11-30,20,quantile,0.85,39.0
2024-11-30,wk inc flu hosp,0,2024-11-30,20,quantile,0.9,44.0
2024-11-30,wk inc flu hosp,0,2024-11-30,20,quantile,0.95,55.0
2024-11-30,wk inc flu hosp,0,2024-11-30,20,quantile,0.975,61.0
2024-11-30,wk inc flu hosp,0,2024-11-30,20,quantile,0.99,76.0
2024-11-30,wk inc flu hosp,1,2024-12-07,20,quantile,0.01,2.0
2024-11-30,wk inc flu hosp,1,2024-12-07,20,quantile,0.025,4.0
2024-11-30,wk inc flu hosp,1,2024-12-07,20,quantile,0.05,7.0
2024-11-30,wk inc flu hosp,1,2024-12-07,20,quantile,0.1,10.0
2024-11-30,wk inc flu hosp,1,2024-12-07,20,quantile,0.15,12.0
2024-11-30,wk inc flu hosp,1,2024-12-07,20,quantile,0.2,14.0
2024-11-30,wk inc flu hosp,1,2024-12-07,20,quantile,0.25,17.0
2024-11-30,wk inc flu hosp,1,2024-12-07,20,quantile,0.3,20.0
2024-11-30,wk inc flu hosp,1,2024-12-07,20,quantile,0.35,23.0
2024-11-30,wk inc flu hosp,1,2024-12-07,20,quantile,0.4,25.0
2024-11-30,wk inc flu hosp,1,2024-12-07,20,quantile,0.45,28.0
2024-11-30,wk inc flu hosp,1,2024-12-07,20,quantile,0.5,31.0
2024-11-30,wk inc flu hosp,1,2024-12-07,20,quantile,0.55,33.0
2024-11-30,wk inc flu hosp,1,2024-12-07,20,quantile,0.6,36.0
2024-11-30,wk inc flu hosp,1,2024-12-07,20,quantile,0.65,39.0
2024-11-30,wk inc flu hosp,1,2024-12-07,20,quantile,0.7,42.0
2024-11-30,wk inc flu hosp,1,2024-12-07,20,quantile,0.75,47.0
2024-11-30,wk inc flu hosp,1,2024-12-07,20,quantile,0.8,53.0
2024-11-30,wk inc flu hosp,1,2024-12-07,20,quantile,0.85,61.0
2024-11-30,wk inc flu hosp,1,2024-12-07,20,quantile,0.9,70.0
2024-11-30,wk inc flu hosp,1,2024-12-07,20,quantile,0.95,86.0
2024-11-30,wk inc flu hosp,1,2024-12-07,20,quantile,0.975,104.0
2024-11-30,wk inc flu hosp,1,2024-12-07,20,quantile,0.99,123.0
2024-11-30,wk inc flu hosp,2,2024-12-14,20,quantile,0.01,5.0
2024-11-30,wk inc flu hosp,2,2024-12-14,20,quantile,0.025,8.0
2024-11-30,wk inc flu hosp,2,2024-12-14,20,quantile,0.05,12.0
2024-11-30,wk inc flu hosp,2,2024-12-14,20,quantile,0.1,16.0
2024-11-30,wk inc flu hosp,2,2024-12-14,20,quantile,0.15,19.0
2024-11-30,wk inc flu hosp,2,2024-12-14,20,quantile,0.2,23.0
2024-11-30,wk inc flu hosp,2,2024-12-14,20,quantile,0.25,26.0
2024-11-30,wk inc flu hosp,2,2024-12-14,20,quantile,0.3,30.0
2024-11-30,wk inc flu hosp,2,2024-12-14,20,quantile,0.35,33.0
2024-11-30,wk inc flu hosp,2,2024-12-14,20,quantile,0.4,36.0
2024-11-30,wk inc flu hosp,2,2024-12-14,20,quantile,0.45,39.0
2024-11-30,wk inc flu hosp,2,2024-12-14,20,quantile,0.5,43.0
2024-11-30,wk inc flu hosp,2,2024-12-14,20,quantile,0.55,47.0
2024-11-30,wk inc flu hosp,2,2024-12-14,20,quantile,0.6,50.0
2024-11-30,wk inc flu hosp,2,2024-12-14,20,quantile,0.65,55.0
2024-11-30,wk inc flu hosp,2,2024-12-14,20,quantile,0.7,60.0
2024-11-30,wk inc flu hosp,2,2024-12-14,20,quantile,0.75,66.0
2024-11-30,wk inc flu hosp,2,2024-12-14,20,quantile,0.8,73.0
2024-11-30,wk inc flu hosp,2,2024-12-14,20,quantile,0.85,83.0
2024-11-30,wk inc flu hosp,2,2024-12-14,20,quantile,0.9,97.0
2024-11-30,wk inc flu hosp,2,2024-12-14,20,quantile,0.95,123.0
2024-11-30,wk inc flu hosp,2,2024-12-14,20,quantile,0.975,146.0
2024-11-30,wk inc flu hosp,2,2024-12-14,20,quantile,0.99,171.0
2024-11-30,wk inc flu hosp,3,2024-12-21,20,quantile,0.01,5.0
2024-11-30,wk inc flu hosp,3,2024-12-21,20,quantile,0.025,9.0
2024-11-30,wk inc flu hosp,3,2024-12-21,20,quantile,0.05,12.0
2024-11-30,wk inc flu hosp,3,2024-12-21,20,quantile,0.1,17.0
2024-11-30,wk inc flu hosp,3,2024-12-21,20,quantile,0.15,21.0
2024-11-30,wk inc flu hosp,3,2024-12-21,20,quantile,0.2,26.0
2024-11-30,wk inc flu hosp,3,2024-12-21,20,quantile,0.25,30.0
2024-11-30,wk inc flu hosp,3,2024-12-21,20,quantile,0.3,34.0
2024-11-30,wk inc flu hosp,3,2024-12-21,20,quantile,0.35,38.0
2024-11-30,wk inc flu hosp,3,2024-12-21,20,quantile,0.4,42.0
2024-11-30,wk inc flu hosp,3,2024-12-21,20,quantile,0.45,46.0
2024-11-30,wk inc flu hosp,3,2024-12-21,20,quantile,0.5,50.0
2024-11-30,wk inc flu hosp,3,2024-12-21,20,quantile,0.55,56.0
2024-11-30,wk inc flu hosp,3,2024-12-21,20,quantile,0.6,60.0
2024-11-30,wk inc flu hosp,3,2024-12-21,20,quantile,0.65,66.0
2024-11-30,wk inc flu hosp,3,2024-12-21,20,quantile,0.7,72.0
2024-11-30,wk inc flu hosp,3,2024-12-21,20,quantile,0.75,80.0
2024-11-30,wk inc flu hosp,3,2024-12-21,20,quantile,0.8,89.0
2024-11-30,wk inc flu hosp,3,2024-12-21,20,quantile,0.85,101.0
2024-11-30,wk inc flu hosp,3,2024-12-21,20,quantile,0.9,120.0
2024-11-30,wk inc flu hosp,3,2024-12-21,20,quantile,0.95,153.0
2024-11-30,wk inc flu hosp,3,2024-12-21,20,quantile,0.975,179.0
2024-11-30,wk inc flu hosp,3,2024-12-21,20,quantile,0.99,218.0
2024-11-30,wk inc flu hosp,0,2024-11-30,21,quantile,0.01,3.0
2024-11-30,wk inc flu hosp,0,2024-11-30,21,quantile,0.025,5.0
2024-11-30,wk inc flu hosp,0,2024-11-30,21,quantile,0.05,8.0
2024-11-30,wk inc flu hosp,0,2024-11-30,21,quantile,0.1,13.0
2024-11-30,wk inc flu hosp,0,2024-11-30,21,quantile,0.15,15.0
2024-11-30,wk inc flu hosp,0,2024-11-30,21,quantile,0.2,17.0
2024-11-30,wk inc flu hosp,0,2024-11-30,21,quantile,0.25,18.0
2024-11-30,wk inc flu hosp,0,2024-11-30,21,quantile,0.3,19.0
2024-11-30,wk inc flu hosp,0,2024-11-30,21,quantile,0.35,20.0
2024-11-30,wk inc flu hosp,0,2024-11-30,21,quantile,0.4,21.0
2024-11-30,wk inc flu hosp,0,2024-11-30,21,quantile,0.45,21.0
2024-11-30,wk inc flu hosp,0,2024-11-30,21,quantile,0.5,22.0
2024-11-30,wk inc flu hosp,0,2024-11-30,21,quantile,0.55,23.0
2024-11-30,wk inc flu hosp,0,2024-11-30,21,quantile,0.6,24.0
2024-11-30,wk inc flu hosp,0,2024-11-30,21,quantile,0.65,25.0
2024-11-30,wk inc flu hosp,0,2024-11-30,21,quantile,0.7,26.0
2024-11-30,wk inc flu hosp,0,2024-11-30,21,quantile,0.75,28.0
2024-11-30,wk inc flu hosp,0,2024-11-30,21,quantile,0.8,29.0
2024-11-30,wk inc flu hosp,0,2024-11-30,21,quantile,0.85,32.0
2024-11-30,wk inc flu hosp,0,2024-11-30,21,quantile,0.9,34.0
2024-11-30,wk inc flu hosp,0,2024-11-30,21,quantile,0.95,48.0
2024-11-30,wk inc flu hosp,0,2024-11-30,21,quantile,0.975,79.0
2024-11-30,wk inc flu hosp,0,2024-11-30,21,quantile,0.99,106.0
2024-11-30,wk inc flu hosp,1,2024-12-07,21,quantile,0.01,2.0
2024-11-30,wk inc flu hosp,1,2024-12-07,21,quantile,0.025,3.0
2024-11-30,wk inc flu hosp,1,2024-12-07,21,quantile,0.05,5.0
2024-11-30,wk inc flu hosp,1,2024-12-07,21,quantile,0.1,7.0
2024-11-30,wk inc flu hosp,1,2024-12-07,21,quantile,0.15,9.0
2024-11-30,wk inc flu hosp,1,2024-12-07,21,quantile,0.2,13.0
2024-11-30,wk inc flu hosp,1,2024-12-07,21,quantile,0.25,15.0
2024-11-30,wk inc flu hosp,1,2024-12-07,21,quantile,0.3,18.0
2024-11-30,wk inc flu hosp,1,2024-12-07,21,quantile,0.35,24.0
2024-11-30,wk inc flu hosp,1,2024-12-07,21,quantile,0.4,29.0
2024-11-30,wk inc flu hosp,1,2024-12-07,21,quantile,0.45,34.0
2024-11-30,wk inc flu hosp,1,2024-12-07,21,quantile,0.5,40.0
2024-11-30,wk inc flu hosp,1,2024-12-07,21,quantile,0.55,46.0
2024-11-30,wk inc flu hosp,1,2024-12-07,21,quantile,0.6,51.0
2024-11-30,wk inc flu hosp,1,2024-12-07,21,quantile,0.65,57.0
2024-11-30,wk inc flu hosp,1,2024-12-07,21,quantile,0.7,63.0
2024-11-30,wk inc flu hosp,1,2024-12-07,21,quantile,0.75,73.0
2024-11-30,wk inc flu hosp,1,2024-12-07,21,quantile,0.8,82.0
2024-11-30,wk inc flu hosp,1,2024-12-07,21,quantile,0.85,95.0
2024-11-30,wk inc flu hosp,1,2024-12-07,21,quantile,0.9,115.0
2024-11-30,wk inc flu hosp,1,2024-12-07,21,quantile,0.95,158.0
2024-11-30,wk inc flu hosp,1,2024-12-07,21,quantile,0.975,194.0
2024-11-30,wk inc flu hosp,1,2024-12-07,21,quantile,0.99,231.0
2024-11-30,wk inc flu hosp,2,2024-12-14,21,quantile,0.01,2.0
2024-11-30,wk inc flu hosp,2,2024-12-14,21,quantile,0.025,3.0
2024-11-30,wk inc flu hosp,2,2024-12-14,21,quantile,0.05,5.0
2024-11-30,wk inc flu hosp,2,2024-12-14,21,quantile,0.1,10.0
2024-11-30,wk inc flu hosp,2,2024-12-14,21,quantile,0.15,15.0
2024-11-30,wk inc flu hosp,2,2024-12-14,21,quantile,0.2,18.0
2024-11-30,wk inc flu hosp,2,2024-12-14,21,quantile,0.25,23.0
2024-11-30,wk inc flu hosp,2,2024-12-14,21,quantile,0.3,29.0
2024-11-30,wk inc flu hosp,2,2024-12-14,21,quantile,0.35,36.0
2024-11-30,wk inc flu hosp,2,2024-12-14,21,quantile,0.4,42.0
2024-11-30,wk inc flu hosp,2,2024-12-14,21,quantile,0.45,49.0
2024-11-30,wk inc flu hosp,2,2024-12-14,21,quantile,0.5,55.0
2024-11-30,wk inc flu hosp,2,2024-12-14,21,quantile,0.55,62.0
2024-11-30,wk inc flu hosp,2,2024-12-14,21,quantile,0.6,69.0
2024-11-30,wk inc flu hosp,2,2024-12-14,21,quantile,0.65,78.0
2024-11-30,wk inc flu hosp,2,2024-12-14,21,quantile,0.7,85.0
2024-11-30,wk inc flu hosp,2,2024-12-14,21,quantile,0.75,97.0
2024-11-30,wk inc flu hosp,2,2024-12-14,21,quantile,0.8,111.0
2024-11-30,wk inc flu hosp,2,2024-12-14,21,quantile,0.85,128.0
2024-11-30,wk inc flu hosp,2,2024-12-14,21,quantile,0.9,159.0
2024-11-30,wk inc flu hosp,2,2024-12-14,21,quantile,0.95,213.0
2024-11-30,wk inc flu hosp,2,2024-12-14,21,quantile,0.975,260.0
2024-11-30,wk inc flu hosp,2,2024-12-14,21,quantile,0.99,328.0
2024-11-30,wk inc flu hosp,3,2024-12-21,21,quantile,0.01,2.0
2024-11-30,wk inc flu hosp,3,2024-12-21,21,quantile,0.025,4.0
2024-11-30,wk inc flu hosp,3,2024-12-21,21,quantile,0.05,6.0
2024-11-30,wk inc flu hosp,3,2024-12-21,21,quantile,0.1,12.0
2024-11-30,wk inc flu hosp,3,2024-12-21,21,quantile,0.15,17.0
2024-11-30,wk inc flu hosp,3,2024-12-21,21,quantile,0.2,23.0
2024-11-30,wk inc flu hosp,3,2024-12-21,21,quantile,0.25,30.0
2024-11-30,wk inc flu hosp,3,2024-12-21,21,quantile,0.3,39.0
2024-11-30,wk inc flu hosp,3,2024-12-21,21,quantile,0.35,46.0
2024-11-30,wk inc flu hosp,3,2024-12-21,21,quantile,0.4,53.0
2024-11-30,wk inc flu hosp,3,2024-12-21,21,quantile,0.45,62.0
2024-11-30,wk inc flu hosp,3,2024-12-21,21,quantile,0.5,69.0
2024-11-30,wk inc flu hosp,3,2024-12-21,21,quantile,0.55,77.0
2024-11-30,wk inc flu hosp,3,2024-12-21,21,quantile,0.6,85.0
2024-11-30,wk inc flu hosp,3,2024-12-21,21,quantile,0.65,95.0
2024-11-30,wk inc flu hosp,3,2024-12-21,21,quantile,0.7,107.0
2024-11-30,wk inc flu hosp,3,2024-12-21,21,quantile,0.75,123.0
2024-11-30,wk inc flu hosp,3,2024-12-21,21,quantile,0.8,141.0
2024-11-30,wk inc flu hosp,3,2024-12-21,21,quantile,0.85,167.0
2024-11-30,wk inc flu hosp,3,2024-12-21,21,quantile,0.9,205.0
2024-11-30,wk inc flu hosp,3,2024-12-21,21,quantile,0.95,265.0
2024-11-30,wk inc flu hosp,3,2024-12-21,21,quantile,0.975,327.0
2024-11-30,wk inc flu hosp,3,2024-12-21,21,quantile,0.99,404.0
2024-11-30,wk inc flu hosp,0,2024-11-30,22,quantile,0.01,11.0
2024-11-30,wk inc flu hosp,0,2024-11-30,22,quantile,0.025,26.0
2024-11-30,wk inc flu hosp,0,2024-11-30,22,quantile,0.05,33.0
2024-11-30,wk inc flu hosp,0,2024-11-30,22,quantile,0.1,43.0
2024-11-30,wk inc flu hosp,0,2024-11-30,22,quantile,0.15,50.0
2024-11-30,wk inc flu hosp,0,2024-11-30,22,quantile,0.2,55.0
2024-11-30,wk inc flu hosp,0,2024-11-30,22,quantile,0.25,60.0
2024-11-30,wk inc flu hosp,0,2024-11-30,22,quantile,0.3,64.0
2024-11-30,wk inc flu hosp,0,2024-11-30,22,quantile,0.35,67.0
2024-11-30,wk inc flu hosp,0,2024-11-30,22,quantile,0.4,70.0
2024-11-30,wk inc flu hosp,0,2024-11-30,22,quantile,0.45,74.0
2024-11-30,wk inc flu hosp,0,2024-11-30,22,quantile,0.5,77.0
2024-11-30,wk inc flu hosp,0,2024-11-30,22,quantile,0.55,81.0
2024-11-30,wk inc flu hosp,0,2024-11-30,22,quantile,0.6,85.0
2024-11-30,wk inc flu hosp,0,2024-11-30,22,quantile,0.65,89.0
2024-11-30,wk inc flu hosp,0,2024-11-30,22,quantile,0.7,94.0
2024-11-30,wk inc flu hosp,0,2024-11-30,22,quantile,0.75,100.0
2024-11-30,wk inc flu hosp,0,2024-11-30,22,quantile,0.8,106.0
2024-11-30,wk inc flu hosp,0,2024-11-30,22,quantile,0.85,112.0
2024-11-30,wk inc flu hosp,0,2024-11-30,22,quantile,0.9,122.0
2024-11-30,wk inc flu hosp,0,2024-11-30,22,quantile,0.95,140.0
2024-11-30,wk inc flu hosp,0,2024-11-30,22,quantile,0.975,156.0
2024-11-30,wk inc flu hosp,0,2024-11-30,22,quantile,0.99,175.0
2024-11-30,wk inc flu hosp,1,2024-12-07,22,quantile,0.01,5.0
2024-11-30,wk inc flu hosp,1,2024-12-07,22,quantile,0.025,9.0
2024-11-30,wk inc flu hosp,1,2024-12-07,22,quantile,0.05,24.0
2024-11-30,wk inc flu hosp,1,2024-12-07,22,quantile,0.1,33.0
2024-11-30,wk inc flu hosp,1,2024-12-07,22,quantile,0.15,43.0
2024-11-30,wk inc flu hosp,1,2024-12-07,22,quantile,0.2,51.0
2024-11-30,wk inc flu hosp,1,2024-12-07,22,quantile,0.25,57.0
2024-11-30,wk inc flu hosp,1,2024-12-07,22,quantile,0.3,63.0
2024-11-30,wk inc flu hosp,1,2024-12-07,22,quantile,0.35,68.0
2024-11-30,wk inc flu hosp,1,2024-12-07,22,quantile,0.4,74.0
2024-11-30,wk inc flu hosp,1,2024-12-07,22,quantile,0.45,79.0
2024-11-30,wk inc flu hosp,1,2024-12-07,22,quantile,0.5,86.0
2024-11-30,wk inc flu hosp,1,2024-12-07,22,quantile,0.55,92.0
2024-11-30,wk inc flu hosp,1,2024-12-07,22,quantile,0.6,99.0
2024-11-30,wk inc flu hosp,1,2024-12-07,22,quantile,0.65,106.0
2024-11-30,wk inc flu hosp,1,2024-12-07,22,quantile,0.7,114.0
2024-11-30,wk inc flu hosp,1,2024-12-07,22,quantile,0.75,124.0
2024-11-30,wk inc flu hosp,1,2024-12-07,22,quantile,0.8,135.0
2024-11-30,wk inc flu hosp,1,2024-12-07,22,quantile,0.85,154.0
2024-11-30,wk inc flu hosp,1,2024-12-07,22,quantile,0.9,175.0
2024-11-30,wk inc flu hosp,1,2024-12-07,22,quantile,0.95,215.0
2024-11-30,wk inc flu hosp,1,2024-12-07,22,quantile,0.975,251.0
2024-11-30,wk inc flu hosp,1,2024-12-07,22,quantile,0.99,296.0
2024-11-30,wk inc flu hosp,2,2024-12-14,22,quantile,0.01,5.0
2024-11-30,wk inc flu hosp,2,2024-12-14,22,quantile,0.025,7.0
2024-11-30,wk inc flu hosp,2,2024-12-14,22,quantile,0.05,16.0
2024-11-30,wk inc flu hosp,2,2024-12-14,22,quantile,0.1,28.0
2024-11-30,wk inc flu hosp,2,2024-12-14,22,quantile,0.15,38.0
2024-11-30,wk inc flu hosp,2,2024-12-14,22,quantile,0.2,47.0
2024-11-30,wk inc flu hosp,2,2024-12-14,22,quantile,0.25,55.0
2024-11-30,wk inc flu hosp,2,2024-12-14,22,quantile,0.3,62.0
2024-11-30,wk inc flu hosp,2,2024-12-14,22,quantile,0.35,69.0
2024-11-30,wk inc flu hosp,2,2024-12-14,22,quantile,0.4,77.0
2024-11-30,wk inc flu hosp,2,2024-12-14,22,quantile,0.45,84.0
2024-11-30,wk inc flu hosp,2,2024-12-14,22,quantile,0.5,92.0
2024-11-30,wk inc flu hosp,2,2024-12-14,22,quantile,0.55,100.0
2024-11-30,wk inc flu hosp,2,2024-12-14,22,quantile,0.6,108.0
2024-11-30,wk inc flu hosp,2,2024-12-14,22,quantile,0.65,117.0
2024-11-30,wk inc flu hosp,2,2024-12-14,22,quantile,0.7,128.0
2024-11-30,wk inc flu hosp,2,2024-12-14,22,quantile,0.75,143.0
2024-11-30,wk inc flu hosp,2,2024-12-14,22,quantile,0.8,157.0
2024-11-30,wk inc flu hosp,2,2024-12-14,22,quantile,0.85,180.0
2024-11-30,wk inc flu hosp,2,2024-12-14,22,quantile,0.9,208.0
2024-11-30,wk inc flu hosp,2,2024-12-14,22,quantile,0.95,259.0
2024-11-30,wk inc flu hosp,2,2024-12-14,22,quantile,0.975,310.0
2024-11-30,wk inc flu hosp,2,2024-12-14,22,quantile,0.99,366.0
2024-11-30,wk inc flu hosp,3,2024-12-21,22,quantile,0.01,7.0
2024-11-30,wk inc flu hosp,3,2024-12-21,22,quantile,0.025,14.0
2024-11-30,wk inc flu hosp,3,2024-12-21,22,quantile,0.05,21.0
2024-11-30,wk inc flu hosp,3,2024-12-21,22,quantile,0.1,34.0
2024-11-30,wk inc flu hosp,3,2024-12-21,22,quantile,0.15,46.0
2024-11-30,wk inc flu hosp,3,2024-12-21,22,quantile,0.2,55.0
2024-11-30,wk inc flu hosp,3,2024-12-21,22,quantile,0.25,65.0
2024-11-30,wk inc flu hosp,3,2024-12-21,22,quantile,0.3,73.0
2024-11-30,wk inc flu hosp,3,2024-12-21,22,quantile,0.35,80.0
2024-11-30,wk inc flu hosp,3,2024-12-21,22,quantile,0.4,88.0
2024-11-30,wk inc flu hosp,3,2024-12-21,22,quantile,0.45,98.0
2024-11-30,wk inc flu hosp,3,2024-12-21,22,quantile,0.5,107.0
2024-11-30,wk inc flu hosp,3,2024-12-21,22,quantile,0.55,118.0
2024-11-30,wk inc flu hosp,3,2024-12-21,22,quantile,0.6,131.0
2024-11-30,wk inc flu hosp,3,2024-12-21,22,quantile,0.65,142.0
2024-11-30,wk inc flu hosp,3,2024-12-21,22,quantile,0.7,156.0
2024-11-30,wk inc flu hosp,3,2024-12-21,22,quantile,0.75,173.0
2024-11-30,wk inc flu hosp,3,2024-12-21,22,quantile,0.8,191.0
2024-11-30,wk inc flu hosp,3,2024-12-21,22,quantile,0.85,218.0
2024-11-30,wk inc flu hosp,3,2024-12-21,22,quantile,0.9,253.0
2024-11-30,wk inc flu hosp,3,2024-12-21,22,quantile,0.95,320.0
2024-11-30,wk inc flu hosp,3,2024-12-21,22,quantile,0.975,371.0
2024-11-30,wk inc flu hosp,3,2024-12-21,22,quantile,0.99,434.0
2024-11-30,wk inc flu hosp,0,2024-11-30,23,quantile,0.01,0.0
2024-11-30,wk inc flu hosp,0,2024-11-30,23,quantile,0.025,0.0
2024-11-30,wk inc flu hosp,0,2024-11-30,23,quantile,0.05,0.0
2024-11-30,wk inc flu hosp,0,2024-11-30,23,quantile,0.1,0.0
2024-11-30,wk inc flu hosp,0,2024-11-30,23,quantile,0.15,0.0
2024-11-30,wk inc flu hosp,0,2024-11-30,23,quantile,0.2,1.0
2024-11-30,wk inc flu hosp,0,2024-11-30,23,quantile,0.25,1.0
2024-11-30,wk inc flu hosp,0,2024-11-30,23,quantile,0.3,1.0
2024-11-30,wk inc flu hosp,0,2024-11-30,23,quantile,0.35,1.0
2024-11-30,wk inc flu hosp,0,2024-11-30,23,quantile,0.4,2.0
2024-11-30,wk inc flu hosp,0,2024-11-30,23,quantile,0.45,2.0
2024-11-30,wk inc flu hosp,0,2024-11-30,23,quantile,0.5,2.0
2024-11-30,wk inc flu hosp,0,2024-11-30,23,quantile,0.55,3.0
2024-11-30,wk inc flu hosp,0,2024-11-30,23,quantile,0.6,4.0
2024-11-30,wk inc flu hosp,0,2024-11-30,23,quantile,0.65,4.0
2024-11-30,wk inc flu hosp,0,2024-11-30,23,quantile,0.7,5.0
2024-11-30,wk inc flu hosp,0,2024-11-30,23,quantile,0.75,6.0
2024-11-30,wk inc flu hosp,0,2024-11-30,23,quantile,0.8,8.0
2024-11-30,wk inc flu hosp,0,2024-11-30,23,quantile,0.85,9.0
2024-11-30,wk inc flu hosp,0,2024-11-30,23,quantile,0.9,10.0
2024-11-30,wk inc flu hosp,0,2024-11-30,23,quantile,0.95,15.0
2024-11-30,wk inc flu hosp,0,2024-11-30,23,quantile,0.975,21.0
2024-11-30,wk inc flu hosp,0,2024-11-30,23,quantile,0.99,28.0
2024-11-30,wk inc flu hosp,1,2024-12-07,23,quantile,0.01,0.0
2024-11-30,wk inc flu hosp,1,2024-12-07,23,quantile,0.025,0.0
2024-11-30,wk inc flu hosp,1,2024-12-07,23,quantile,0.05,0.0
2024-11-30,wk inc flu hosp,1,2024-12-07,23,quantile,0.1,0.0
2024-11-30,wk inc flu hosp,1,2024-12-07,23,quantile,0.15,1.0
2024-11-30,wk inc flu hosp,1,2024-12-07,23,quantile,0.2,2.0
2024-11-30,wk inc flu hosp,1,2024-12-07,23,quantile,0.25,2.0
2024-11-30,wk inc flu hosp,1,2024-12-07,23,quantile,0.3,2.0
2024-11-30,wk inc flu hosp,1,2024-12-07,23,quantile,0.35,4.0
2024-11-30,wk inc flu hosp,1,2024-12-07,23,quantile,0.4,5.0
2024-11-30,wk inc flu hosp,1,2024-12-07,23,quantile,0.45,7.0
2024-11-30,wk inc flu hosp,1,2024-12-07,23,quantile,0.5,8.0
2024-11-30,wk inc flu hosp,1,2024-12-07,23,quantile,0.55,9.0
2024-11-30,wk inc flu hosp,1,2024-12-07,23,quantile,0.6,11.0
2024-11-30,wk inc flu hosp,1,2024-12-07,23,quantile,0.65,13.0
2024-11-30,wk inc flu hosp,1,2024-12-07,23,quantile,0.7,15.0
2024-11-30,wk inc flu hosp,1,2024-12-07,23,quantile,0.75,17.0
2024-11-30,wk inc flu hosp,1,2024-12-07,23,quantile,0.8,20.0
2024-11-30,wk inc flu hosp,1,2024-12-07,23,quantile,0.85,24.0
2024-11-30,wk inc flu hosp,1,2024-12-07,23,quantile,0.9,28.0
2024-11-30,wk inc flu hosp,1,2024-12-07,23,quantile,0.95,39.0
2024-11-30,wk inc flu hosp,1,2024-12-07,23,quantile,0.975,53.0
2024-11-30,wk inc flu hosp,1,2024-12-07,23,quantile,0.99,65.0
2024-11-30,wk inc flu hosp,2,2024-12-14,23,quantile,0.01,0.0
2024-11-30,wk inc flu hosp,2,2024-12-14,23,quantile,0.025,0.0
2024-11-30,wk inc flu hosp,2,2024-12-14,23,quantile,0.05,0.0
2024-11-30,wk inc flu hosp,2,2024-12-14,23,quantile,0.1,0.0
2024-11-30,wk inc flu hosp,2,2024-12-14,23,quantile,0.15,2.0
2024-11-30,wk inc flu hosp,2,2024-12-14,23,quantile,0.2,3.0
2024-11-30,wk inc flu hosp,2,2024-12-14,23,quantile,0.25,4.0
2024-11-30,wk inc flu hosp,2,2024-12-14,23,quantile,0.3,5.0
2024-11-30,wk inc flu hosp,2,2024-12-14,23,quantile,0.35,7.0
2024-11-30,wk inc flu hosp,2,2024-12-14,23,quantile,0.4,8.0
2024-11-30,wk inc flu hosp,2,2024-12-14,23,quantile,0.45,10.0
2024-11-30,wk inc flu hosp,2,2024-12-14,23,quantile,0.5,12.0
2024-11-30,wk inc flu hosp,2,2024-12-14,23,quantile,0.55,13.0
2024-11-30,wk inc flu hosp,2,2024-12-14,23,quantile,0.6,16.0
2024-11-30,wk inc flu hosp,2,2024-12-14,23,quantile,0.65,18.0
2024-11-30,wk inc flu hosp,2,2024-12-14,23,quantile,0.7,20.0
2024-11-30,wk inc flu hosp,2,2024-12-14,23,quantile,0.75,23.0
2024-11-30,wk inc flu hosp,2,2024-12-14,23,quantile,0.8,27.0
2024-11-30,wk inc flu hosp,2,2024-12-14,23,quantile,0.85,32.0
2024-11-30,wk inc flu hosp,2,2024-12-14,23,quantile,0.9,38.0
2024-11-30,wk inc flu hosp,2,2024-12-14,23,quantile,0.95,53.0
2024-11-30,wk inc flu hosp,2,2024-12-14,23,quantile,0.975,68.0
2024-11-30,wk inc flu hosp,2,2024-12-14,23,quantile,0.99,78.0
2024-11-30,wk inc flu hosp,3,2024-12-21,23,quantile,0.01,0.0
2024-11-30,wk inc flu hosp,3,2024-12-21,23,quantile,0.025,0.0
2024-11-30,wk inc flu hosp,3,2024-12-21,23,quantile,0.05,0.0
2024-11-30,wk inc flu hosp,3,2024-12-21,23,quantile,0.1,0.0
2024-11-30,wk inc flu hosp,3,2024-12-21,23,quantile,0.15,2.0
2024-11-30,wk inc flu hosp,3,2024-12-21,23,quantile,0.2,4.0
2024-11-30,wk inc flu hosp,3,2024-12-21,23,quantile,0.25,5.0
2024-11-30,wk inc flu hosp,3,2024-12-21,23,quantile,0.3,7.0
2024-11-30,wk inc flu hosp,3,2024-12-21,23,quantile,0.35,8.0
2024-11-30,wk inc flu hosp,3,2024-12-21,23,quantile,0.4,10.0
2024-11-30,wk inc flu hosp,3,2024-12-21,23,quantile,0.45,13.0
2024-11-30,wk inc flu hosp,3,2024-12-21,23,quantile,0.5,14.0
2024-11-30,wk inc flu hosp,3,2024-12-21,23,quantile,0.55,16.0
2024-11-30,wk inc flu hosp,3,2024-12-21,23,quantile,0.6,19.0
2024-11-30,wk inc flu hosp,3,2024-12-21,23,quantile,0.65,21.0
2024-11-30,wk inc flu hosp,3,2024-12-21,23,quantile,0.7,24.0
2024-11-30,wk inc flu hosp,3,2024-12-21,23,quantile,0.75,28.0
2024-11-30,wk inc flu hosp,3,2024-12-21,23,quantile,0.8,32.0
2024-11-30,wk inc flu hosp,3,2024-12-21,23,quantile,0.85,37.0
2024-11-30,wk inc flu hosp,3,2024-12-21,23,quantile,0.9,44.0
2024-11-30,wk inc flu hosp,3,2024-12-21,23,quantile,0.95,57.0
2024-11-30,wk inc flu hosp,3,2024-12-21,23,quantile,0.975,70.0
2024-11-30,wk inc flu hosp,3,2024-12-21,23,quantile,0.99,90.0
2024-11-30,wk inc flu hosp,0,2024-11-30,24,quantile,0.01,4.0
2024-11-30,wk inc flu hosp,0,2024-11-30,24,quantile,0.025,6.0
2024-11-30,wk inc flu hosp,0,2024-11-30,24,quantile,0.05,7.0
2024-11-30,wk inc flu hosp,0,2024-11-30,24,quantile,0.1,8.0
2024-11-30,wk inc flu hosp,0,2024-11-30,24,quantile,0.15,9.0
2024-11-30,wk inc flu hosp,0,2024-11-30,24,quantile,0.2,10.0
2024-11-30,wk inc flu hosp,0,2024-11-30,24,quantile,0.25,12.0
2024-11-30,wk inc flu hosp,0,2024-11-30,24,quantile,0.3,13.0
2024-11-30,wk inc flu hosp,0,2024-11-30,24,quantile,0.35,15.0
2024-11-30,wk inc flu hosp,0,2024-11-30,24,quantile,0.4,17.0
2024-11-30,wk inc flu hosp,0,2024-11-30,24,quantile,0.45,19.0
2024-11-30,wk inc flu hosp,0,2024-11-30,24,quantile,0.5,20.0
2024-11-30,wk inc flu hosp,0,2024-11-30,24,quantile,0.55,22.0
2024-11-30,wk inc flu hosp,0,2024-11-30,24,quantile,0.6,24.0
2024-11-30,wk inc flu hosp,0,2024-11-30,24,quantile,0.65,26.0
2024-11-30,wk inc flu hosp,0,2024-11-30,24,quantile,0.7,29.0
2024-11-30,wk inc flu hosp,0,2024-11-30,24,quantile,0.75,32.0
2024-11-30,wk inc flu hosp,0,2024-11-30,24,quantile,0.8,34.0
2024-11-30,wk inc flu hosp,0,2024-11-30,24,quantile,0.85,38.0
2024-11-30,wk inc flu hosp,0,2024-11-30,24,quantile,0.9,46.0
2024-11-30,wk inc flu hosp,0,2024-11-30,24,quantile,0.95,65.0
2024-11-30,wk inc flu hosp,0,2024-11-30,24,quantile,0.975,74.0
2024-11-30,wk inc flu hosp,0,2024-11-30,24,quantile,0.99,106.0
2024-11-30,wk inc flu hosp,1,2024-12-07,24,quantile,0.01,2.0
2024-11-30,wk inc flu hosp,1,2024-12-07,24,quantile,0.025,2.0
2024-11-30,wk inc flu hosp,1,2024-12-07,24,quantile,0.05,3.0
2024-11-30,wk inc flu hosp,1,2024-12-07,24,quantile,0.1,6.0
2024-11-30,wk inc flu hosp,1,2024-12-07,24,quantile,0.15,7.0
2024-11-30,wk inc flu hosp,1,2024-12-07,24,quantile,0.2,9.0
2024-11-30,wk inc flu hosp,1,2024-12-07,24,quantile,0.25,12.0
2024-11-30,wk inc flu hosp,1,2024-12-07,24,quantile,0.3,16.0
2024-11-30,wk inc flu hosp,1,2024-12-07,24,quantile,0.35,21.0
2024-11-30,wk inc flu hosp,1,2024-12-07,24,quantile,0.4,26.0
2024-11-30,wk inc flu hosp,1,2024-12-07,24,quantile,0.45,31.0
2024-11-30,wk inc flu hosp,1,2024-12-07,24,quantile,0.5,35.0
2024-11-30,wk inc flu hosp,1,2024-12-07,24,quantile,0.55,40.0
2024-11-30,wk inc flu hosp,1,2024-12-07,24,quantile,0.6,44.0
2024-11-30,wk inc flu hosp,1,2024-12-07,24,quantile,0.65,49.0
2024-11-30,wk inc flu hosp,1,2024-12-07,24,quantile,0.7,55.0
2024-11-30,wk inc flu hosp,1,2024-12-07,24,quantile,0.75,61.0
2024-11-30,wk inc flu hosp,1,2024-12-07,24,quantile,0.8,69.0
2024-11-30,wk inc flu hosp,1,2024-12-07,24,quantile,0.85,80.0
2024-11-30,wk inc flu hosp,1,2024-12-07,24,quantile,0.9,95.0
2024-11-30,wk inc flu hosp,1,2024-12-07,24,quantile,0.95,121.0
2024-11-30,wk inc flu hosp,1,2024-12-07,24,quantile,0.975,153.0
2024-11-30,wk inc flu hosp,1,2024-12-07,24,quantile,0.99,190.0
2024-11-30,wk inc flu hosp,2,2024-12-14,24,quantile,0.01,3.0
2024-11-30,wk inc flu hosp,2,2024-12-14,24,quantile,0.025,3.0
2024-11-30,wk inc flu hosp,2,2024-12-14,24,quantile,0.05,9.0
2024-11-30,wk inc flu hosp,2,2024-12-14,24,quantile,0.1,16.0
2024-11-30,wk inc flu hosp,2,2024-12-14,24,quantile,0.15,21.0
2024-11-30,wk inc flu hosp,2,2024-12-14,24,quantile,0.2,25.0
2024-11-30,wk inc flu hosp,2,2024-12-14,24,quantile,0.25,30.0
2024-11-30,wk inc flu hosp,2,2024-12-14,24,quantile,0.3,36.0
2024-11-30,wk inc flu hosp,2,2024-12-14,24,quantile,0.35,41.0
2024-11-30,wk inc flu hosp,2,2024-12-14,24,quantile,0.4,46.0
2024-11-30,wk inc flu hosp,2,2024-12-14,24,quantile,0.45,52.0
2024-11-30,wk inc flu hosp,2,2024-12-14,24,quantile,0.5,57.0
2024-11-30,wk inc flu hosp,2,2024-12-14,24,quantile,0.55,63.0
2024-11-30,wk inc flu hosp,2,2024-12-14,24,quantile,0.6,69.0
2024-11-30,wk inc flu hosp,2,2024-12-14,24,quantile,0.65,76.0
2024-11-30,wk inc flu hosp,2,2024-12-14,24,quantile,0.7,83.0
2024-11-30,wk inc flu hosp,2,2024-12-14,24,quantile,0.75,90.0
2024-11-30,wk inc flu hosp,2,2024-12-14,24,quantile,0.8,100.0
2024-11-30,wk inc flu hosp,2,2024-12-14,24,quantile,0.85,114.0
2024-11-30,wk inc flu hosp,2,2024-12-14,24,quantile,0.9,131.0
2024-11-30,wk inc flu hosp,2,2024-12-14,24,quantile,0.95,173.0
2024-11-30,wk inc flu hosp,2,2024-12-14,24,quantile,0.975,230.0
2024-11-30,wk inc flu hosp,2,2024-12-14,24,quantile,0.99,300.0
2024-11-30,wk inc flu hosp,3,2024-12-21,24,quantile,0.01,4.0
2024-11-30,wk inc flu hosp,3,2024-12-21,24,quantile,0.025,8.0
2024-11-30,wk inc flu hosp,3,2024-12-21,24,quantile,0.05,11.0
2024-11-30,wk inc flu hosp,3,2024-12-21,24,quantile,0.1,20.0
2024-11-30,wk inc flu hosp,3,2024-12-21,24,quantile,0.15,26.0
2024-11-30,wk inc flu hosp,3,2024-12-21,24,quantile,0.2,33.0
2024-11-30,wk inc flu hosp,3,2024-12-21,24,quantile,0.25,40.0
2024-11-30,wk inc flu hosp,3,2024-12-21,24,quantile,0.3,46.0
2024-11-30,wk inc flu hosp,3,2024-12-21,24,quantile,0.35,52.0
2024-11-30,wk inc flu hosp,3,2024-12-21,24,quantile,0.4,59.0
2024-11-30,wk inc flu hosp,3,2024-12-21,24,quantile,0.45,64.0
2024-11-30,wk inc flu hosp,3,2024-12-21,24,quantile,0.5,72.0
2024-11-30,wk inc flu hosp,3,2024-12-21,24,quantile,0.55,79.0
2024-11-30,wk inc flu hosp,3,2024-12-21,24,quantile,0.6,87.0
2024-11-30,wk inc flu hosp,3,2024-12-21,24,quantile,0.65,95.0
2024-11-30,wk inc flu hosp,3,2024-12-21,24,quantile,0.7,103.0
2024-11-30,wk inc flu hosp,3,2024-12-21,24,quantile,0.75,114.0
2024-11-30,wk inc flu hosp,3,2024-12-21,24,quantile,0.8,125.0
2024-11-30,wk inc flu hosp,3,2024-12-21,24,quantile,0.85,143.0
2024-11-30,wk inc flu hosp,3,2024-12-21,24,quantile,0.9,167.0
2024-11-30,wk inc flu hosp,3,2024-12-21,24,quantile,0.95,221.0
2024-11-30,wk inc flu hosp,3,2024-12-21,24,quantile,0.975,304.0
2024-11-30,wk inc flu hosp,3,2024-12-21,24,quantile,0.99,412.0
2024-11-30,wk inc flu hosp,0,2024-11-30,25,quantile,0.01,4.0
2024-11-30,wk inc flu hosp,0,2024-11-30,25,quantile,0.025,9.0
2024-11-30,wk inc flu hosp,0,2024-11-30,25,quantile,0.05,22.0
2024-11-30,wk inc flu hosp,0,2024-11-30,25,quantile,0.1,25.0
2024-11-30,wk inc flu hosp,0,2024-11-30,25,quantile,0.15,32.0
2024-11-30,wk inc flu hosp,0,2024-11-30,25,quantile,0.2,35.0
2024-11-30,wk inc flu hosp,0,2024-11-30,25,quantile,0.25,39.0
2024-11-30,wk inc flu hosp,0,2024-11-30,25,quantile,0.3,43.0
2024-11-30,wk inc flu hosp,0,2024-11-30,25,quantile,0.35,47.0
2024-11-30,wk inc flu hosp,0,2024-11-30,25,quantile,0.4,51.0
2024-11-30,wk inc flu hosp,0,2024-11-30,25,quantile,0.45,55.0
2024-11-30,wk inc flu hosp,0,2024-11-30,25,quantile,0.5,59.0
2024-11-30,wk inc flu hosp,0,2024-11-30,25,quantile,0.55,62.0
2024-11-30,wk inc flu hosp,0,2024-11-30,25,quantile,0.6,65.0
2024-11-30,wk inc flu hosp,0,2024-11-30,25,quantile,0.65,69.0
2024-11-30,wk inc flu hosp,0,2024-11-30,25,quantile,0.7,74.0
2024-11-30,wk inc flu hosp,0,2024-11-30,25,quantile,0.75,78.0
2024-11-30,wk inc flu hosp,0,2024-11-30,25,quantile,0.8,85.0
2024-11-30,wk inc flu hosp,0,2024-11-30,25,quantile,0.85,89.0
2024-11-30,wk inc flu hosp,0,2024-11-30,25,quantile,0.9,95.0
2024-11-30,wk inc flu hosp,0,2024-11-30,25,quantile,0.95,109.0
2024-11-30,wk inc flu hosp,0,2024-11-30,25,quantile,0.975,120.0
2024-11-30,wk inc flu hosp,0,2024-11-30,25,quantile,0.99,149.0
2024-11-30,wk inc flu hosp,1,2024-12-07,25,quantile,0.01,6.0
2024-11-30,wk inc flu hosp,1,2024-12-07,25,quantile,0.025,13.0
2024-11-30,wk inc flu hosp,1,2024-12-07,25,quantile,0.05,21.0
2024-11-30,wk inc flu hosp,1,2024-12-07,25,quantile,0.1,27.0
2024-11-30,wk inc flu hosp,1,2024-12-07,25,quantile,0.15,32.0
2024-11-30,wk inc flu hosp,1,2024-12-07,25,quantile,0.2,39.0
2024-11-30,wk inc flu hosp,1,2024-12-07,25,quantile,0.25,44.0
2024-11-30,wk inc flu hosp,1,2024-12-07,25,quantile,0.3,50.0
2024-11-30,wk inc flu hosp,1,2024-12-07,25,quantile,0.35,55.0
2024-11-30,wk inc flu hosp,1,2024-12-07,25,quantile,0.4,60.0
2024-11-30,wk inc flu hosp,1,2024-12-07,25,quantile,0.45,65.0
2024-11-30,wk inc flu hosp,1,2024-12-07,25,quantile,0.5,71.0
2024-11-30,wk inc flu hosp,1,2024-12-07,25,quantile,0.55,76.0
2024-11-30,wk inc flu hosp,1,2024-12-07,25,quantile,0.6,82.0
2024-11-30,wk inc flu hosp,1,2024-12-07,25,quantile,0.65,88.0
2024-11-30,wk inc flu hosp,1,2024-12-07,25,quantile,0.7,95.0
2024-11-30,wk inc flu hosp,1,2024-12-07,25,quantile,0.75,104.0
2024-11-30,wk inc flu hosp,1,2024-12-07,25,quantile,0.8,114.0
2024-11-30,wk inc flu hosp,1,2024-12-07,25,quantile,0.85,126.0
2024-11-30,wk inc flu hosp,1,2024-12-07,25,quantile,0.9,145.0
2024-11-30,wk inc flu hosp,1,2024-12-07,25,quantile,0.95,181.0
2024-11-30,wk inc flu hosp,1,2024-12-07,25,quantile,0.975,218.0
2024-11-30,wk inc flu hosp,1,2024-12-07,25,quantile,0.99,277.0
2024-11-30,wk inc flu hosp,2,2024-12-14,25,quantile,0.01,17.0
2024-11-30,wk inc flu hosp,2,2024-12-14,25,quantile,0.025,24.0
2024-11-30,wk inc flu hosp,2,2024-12-14,25,quantile,0.05,33.0
2024-11-30,wk inc flu hosp,2,2024-12-14,25,quantile,0.1,43.0
2024-11-30,wk inc flu hosp,2,2024-12-14,25,quantile,0.15,52.0
2024-11-30,wk inc flu hosp,2,2024-12-14,25,quantile,0.2,59.0
2024-11-30,wk inc flu hosp,2,2024-12-14,25,quantile,0.25,66.0
2024-11-30,wk inc flu hosp,2,2024-12-14,25,quantile,0.3,72.0
2024-11-30,wk inc flu hosp,2,2024-12-14,25,quantile,0.35,78.0
2024-11-30,wk inc flu hosp,2,2024-12-14,25,quantile,0.4,85.0
2024-11-30,wk inc flu hosp,2,2024-12-14,25,quantile,0.45,91.0
2024-11-30,wk inc flu hosp,2,2024-12-14,25,quantile,0.5,97.0
2024-11-30,wk inc flu hosp,2,2024-12-14,25,quantile,0.55,105.0
2024-11-30,wk inc flu hosp,2,2024-12-14,25,quantile,0.6,112.0
2024-11-30,wk inc flu hosp,2,2024-12-14,25,quantile,0.65,121.0
2024-11-30,wk inc flu hosp,2,2024-12-14,25,quantile,0.7,132.0
2024-11-30,wk inc flu hosp,2,2024-12-14,25,quantile,0.75,144.0
2024-11-30,wk inc flu hosp,2,2024-12-14,25,quantile,0.8,159.0
2024-11-30,wk inc flu hosp,2,2024-12-14,25,quantile,0.85,177.0
2024-11-30,wk inc flu hosp,2,2024-12-14,25,quantile,0.9,207.0
2024-11-30,wk inc flu hosp,2,2024-12-14,25,quantile,0.95,271.0
2024-11-30,wk inc flu hosp,2,2024-12-14,25,quantile,0.975,350.0
2024-11-30,wk inc flu hosp,2,2024-12-14,25,quantile,0.99,434.0
2024-11-30,wk inc flu hosp,3,2024-12-21,25,quantile,0.01,27.0
2024-11-30,wk inc flu hosp,3,2024-12-21,25,quantile,0.025,38.0
2024-11-30,wk inc flu hosp,3,2024-12-21,25,quantile,0.05,46.0
2024-11-30,wk inc flu hosp,3,2024-12-21,25,quantile,0.1,58.0
2024-11-30,wk inc flu hosp,3,2024-12-21,25,quantile,0.15,70.0
2024-11-30,wk inc flu hosp,3,2024-12-21,25,quantile,0.2,81.0
2024-11-30,wk inc flu hosp,3,2024-12-21,25,quantile,0.25,89.0
2024-11-30,wk inc flu hosp,3,2024-12-21,25,quantile,0.3,97.0
2024-11-30,wk inc flu hosp,3,2024-12-21,25,quantile,0.35,105.0
2024-11-30,wk inc flu hosp,3,2024-12-21,25,quantile,0.4,113.0
2024-11-30,wk inc flu hosp,3,2024-12-21,25,quantile,0.45,121.0
2024-11-30,wk inc flu hosp,3,2024-12-21,25,quantile,0.5,129.0
2024-11-30,wk inc flu hosp,3,2024-12-21,25,quantile,0.55,138.0
2024-11-30,wk inc flu hosp,3,2024-12-21,25,quantile,0.6,147.0
2024-11-30,wk inc flu hosp,3,2024-12-21,25,quantile,0.65,158.0
2024-11-30,wk inc flu hosp,3,2024-12-21,25,quantile,0.7,171.0
2024-11-30,wk inc flu hosp,3,2024-12-21,25,quantile,0.75,189.0
2024-11-30,wk inc flu hosp,3,2024-12-21,25,quantile,0.8,211.0
2024-11-30,wk inc flu hosp,3,2024-12-21,25,quantile,0.85,238.0
2024-11-30,wk inc flu hosp,3,2024-12-21,25,quantile,0.9,278.0
2024-11-30,wk inc flu hosp,3,2024-12-21,25,quantile,0.95,363.0
2024-11-30,wk inc flu hosp,3,2024-12-21,25,quantile,0.975,503.0
2024-11-30,wk inc flu hosp,3,2024-12-21,25,quantile,0.99,621.0
2024-11-30,wk inc flu hosp,0,2024-11-30,26,quantile,0.01,12.0
2024-11-30,wk inc flu hosp,0,2024-11-30,26,quantile,0.025,17.0
2024-11-30,wk inc flu hosp,0,2024-11-30,26,quantile,0.05,25.0
2024-11-30,wk inc flu hosp,0,2024-11-30,26,quantile,0.1,33.0
2024-11-30,wk inc flu hosp,0,2024-11-30,26,quantile,0.15,38.0
2024-11-30,wk inc flu hosp,0,2024-11-30,26,quantile,0.2,41.0
2024-11-30,wk inc flu hosp,0,2024-11-30,26,quantile,0.25,45.0
2024-11-30,wk inc flu hosp,0,2024-11-30,26,quantile,0.3,48.0
2024-11-30,wk inc flu hosp,0,2024-11-30,26,quantile,0.35,53.0
2024-11-30,wk inc flu hosp,0,2024-11-30,26,quantile,0.4,56.0
2024-11-30,wk inc flu hosp,0,2024-11-30,26,quantile,0.45,62.0
2024-11-30,wk inc flu hosp,0,2024-11-30,26,quantile,0.5,68.0
2024-11-30,wk inc flu hosp,0,2024-11-30,26,quantile,0.55,73.0
2024-11-30,wk inc flu hosp,0,2024-11-30,26,quantile,0.6,76.0
2024-11-30,wk inc flu hosp,0,2024-11-30,26,quantile,0.65,82.0
2024-11-30,wk inc flu hosp,0,2024-11-30,26,quantile,0.7,89.0
2024-11-30,wk inc flu hosp,0,2024-11-30,26,quantile,0.75,102.0
2024-11-30,wk inc flu hosp,0,2024-11-30,26,quantile,0.8,120.0
2024-11-30,wk inc flu hosp,0,2024-11-30,26,quantile,0.85,126.0
2024-11-30,wk inc flu hosp,0,2024-11-30,26,quantile,0.9,137.0
2024-11-30,wk inc flu hosp,0,2024-11-30,26,quantile,0.95,175.0
2024-11-30,wk inc flu hosp,0,2024-11-30,26,quantile,0.975,196.0
2024-11-30,wk inc flu hosp,0,2024-11-30,26,quantile,0.99,212.0
2024-11-30,wk inc flu hosp,1,2024-12-07,26,quantile,0.01,5.0
2024-11-30,wk inc flu hosp,1,2024-12-07,26,quantile,0.025,8.0
2024-11-30,wk inc flu hosp,1,2024-12-07,26,quantile,0.05,17.0
2024-11-30,wk inc flu hosp,1,2024-12-07,26,quantile,0.1,26.0
2024-11-30,wk inc flu hosp,1,2024-12-07,26,quantile,0.15,32.0
2024-11-30,wk inc flu hosp,1,2024-12-07,26,quantile,0.2,38.0
2024-11-30,wk inc flu hosp,1,2024-12-07,26,quantile,0.25,45.0
2024-11-30,wk inc flu hosp,1,2024-12-07,26,quantile,0.3,54.0
2024-11-30,wk inc flu hosp,1,2024-12-07,26,quantile,0.35,62.0
2024-11-30,wk inc flu hosp,1,2024-12-07,26,quantile,0.4,70.0
2024-11-30,wk inc flu hosp,1,2024-12-07,26,quantile,0.45,77.0
2024-11-30,wk inc flu hosp,1,2024-12-07,26,quantile,0.5,86.0
2024-11-30,wk inc flu hosp,1,2024-12-07,26,quantile,0.55,95.0
2024-11-30,wk inc flu hosp,1,2024-12-07,26,quantile,0.6,105.0
2024-11-30,wk inc flu hosp,1,2024-12-07,26,quantile,0.65,117.0
2024-11-30,wk inc flu hosp,1,2024-12-07,26,quantile,0.7,130.0
2024-11-30,wk inc flu hosp,1,2024-12-07,26,quantile,0.75,143.0
2024-11-30,wk inc flu hosp,1,2024-12-07,26,quantile,0.8,156.0
2024-11-30,wk inc flu hosp,1,2024-12-07,26,quantile,0.85,178.0
2024-11-30,wk inc flu hosp,1,2024-12-07,26,quantile,0.9,206.0
2024-11-30,wk inc flu hosp,1,2024-12-07,26,quantile,0.95,270.0
2024-11-30,wk inc flu hosp,1,2024-12-07,26,quantile,0.975,319.0
2024-11-30,wk inc flu hosp,1,2024-12-07,26,quantile,0.99,377.0
2024-11-30,wk inc flu hosp,2,2024-12-14,26,quantile,0.01,15.0
2024-11-30,wk inc flu hosp,2,2024-12-14,26,quantile,0.025,26.0
2024-11-30,wk inc flu hosp,2,2024-12-14,26,quantile,0.05,38.0
2024-11-30,wk inc flu hosp,2,2024-12-14,26,quantile,0.1,50.0
2024-11-30,wk inc flu hosp,2,2024-12-14,26,quantile,0.15,58.0
2024-11-30,wk inc flu hosp,2,2024-12-14,26,quantile,0.2,66.0
2024-11-30,wk inc flu hosp,2,2024-12-14,26,quantile,0.25,76.0
2024-11-30,wk inc flu hosp,2,2024-12-14,26,quantile,0.3,85.0
2024-11-30,wk inc flu hosp,2,2024-12-14,26,quantile,0.35,95.0
2024-11-30,wk inc flu hosp,2,2024-12-14,26,quantile,0.4,104.0
2024-11-30,wk inc flu hosp,2,2024-12-14,26,quantile,0.45,113.0
2024-11-30,wk inc flu hosp,2,2024-12-14,26,quantile,0.5,124.0
2024-11-30,wk inc flu hosp,2,2024-12-14,26,quantile,0.55,136.0
2024-11-30,wk inc flu hosp,2,2024-12-14,26,quantile,0.6,148.0
2024-11-30,wk inc flu hosp,2,2024-12-14,26,quantile,0.65,164.0
2024-11-30,wk inc flu hosp,2,2024-12-14,26,quantile,0.7,178.0
2024-11-30,wk inc flu hosp,2,2024-12-14,26,quantile,0.75,198.0
2024-11-30,wk inc flu hosp,2,2024-12-14,26,quantile,0.8,220.0
2024-11-30,wk inc flu hosp,2,2024-12-14,26,quantile,0.85,255.0
2024-11-30,wk inc flu hosp,2,2024-12-14,26,quantile,0.9,306.0
2024-11-30,wk inc flu hosp,2,2024-12-14,26,quantile,0.95,413.0
2024-11-30,wk inc flu hosp,2,2024-12-14,26,quantile,0.975,515.0
2024-11-30,wk inc flu hosp,2,2024-12-14,26,quantile,0.99,628.0
2024-11-30,wk inc flu hosp,3,2024-12-21,26,quantile,0.01,17.0
2024-11-30,wk inc flu hosp,3,2024-12-21,26,quantile,0.025,30.0
2024-11-30,wk inc flu hosp,3,2024-12-21,26,quantile,0.05,39.0
2024-11-30,wk inc flu hosp,3,2024-12-21,26,quantile,0.1,53.0
2024-11-30,wk inc flu hosp,3,2024-12-21,26,quantile,0.15,62.0
2024-11-30,wk inc flu hosp,3,2024-12-21,26,quantile,0.2,74.0
2024-11-30,wk inc flu hosp,3,2024-12-21,26,quantile,0.25,85.0
2024-11-30,wk inc flu hosp,3,2024-12-21,26,quantile,0.3,97.0
2024-11-30,wk inc flu hosp,3,2024-12-21,26,quantile,0.35,107.0
2024-11-30,wk inc flu hosp,3,2024-12-21,26,quantile,0.4,118.0
2024-11-30,wk inc flu hosp,3,2024-12-21,26,quantile,0.45,131.0
2024-11-30,wk inc flu hosp,3,2024-12-21,26,quantile,0.5,145.0
2024-11-30,wk inc flu hosp,3,2024-12-21,26,quantile,0.55,159.0
2024-11-30,wk inc flu hosp,3,2024-12-21,26,quantile,0.6,174.0
2024-11-30,wk inc flu hosp,3,2024-12-21,26,quantile,0.65,193.0
2024-11-30,wk inc flu hosp,3,2024-12-21,26,quantile,0.7,211.0
2024-11-30,wk inc flu hosp,3,2024-12-21,26,quantile,0.75,239.0
2024-11-30,wk inc flu hosp,3,2024-12-21,26,quantile,0.8,271.0
2024-11-30,wk inc flu hosp,3,2024-12-21,26,quantile,0.85,311.0
2024-11-30,wk inc flu hosp,3,2024-12-21,26,quantile,0.9,375.0
2024-11-30,wk inc flu hosp,3,2024-12-21,26,quantile,0.95,529.0
2024-11-30,wk inc flu hosp,3,2024-12-21,26,quantile,0.975,698.0
2024-11-30,wk inc flu hosp,3,2024-12-21,26,quantile,0.99,865.0
2024-11-30,wk inc flu hosp,0,2024-11-30,27,quantile,0.01,0.0
2024-11-30,wk inc flu hosp,0,2024-11-30,27,quantile,0.025,1.0
2024-11-30,wk inc flu hosp,0,2024-11-30,27,quantile,0.05,1.0
2024-11-30,wk inc flu hosp,0,2024-11-30,27,quantile,0.1,2.0
2024-11-30,wk inc flu hosp,0,2024-11-30,27,quantile,0.15,4.0
2024-11-30,wk inc flu hosp,0,2024-11-30,27,quantile,0.2,7.0
2024-11-30,wk inc flu hosp,0,2024-11-30,27,quantile,0.25,8.0
2024-11-30,wk inc flu hosp,0,2024-11-30,27,quantile,0.3,9.0
2024-11-30,wk inc flu hosp,0,2024-11-30,27,quantile,0.35,11.0
2024-11-30,wk inc flu hosp,0,2024-11-30,27,quantile,0.4,14.0
2024-11-30,wk inc flu hosp,0,2024-11-30,27,quantile,0.45,17.0
2024-11-30,wk inc flu hosp,0,2024-11-30,27,quantile,0.5,19.0
2024-11-30,wk inc flu hosp,0,2024-11-30,27,quantile,0.55,22.0
2024-11-30,wk inc flu hosp,0,2024-11-30,27,quantile,0.6,25.0
2024-11-30,wk inc flu hosp,0,2024-11-30,27,quantile,0.65,27.0
2024-11-30,wk inc flu hosp,0,2024-11-30,27,quantile,0.7,31.0
2024-11-30,wk inc flu hosp,0,2024-11-30,27,quantile,0.75,36.0
2024-11-30,wk inc flu hosp,0,2024-11-30,27,quantile,0.8,40.0
2024-11-30,wk inc flu hosp,0,2024-11-30,27,quantile,0.85,46.0
2024-11-30,wk inc flu hosp,0,2024-11-30,27,quantile,0.9,58.0
2024-11-30,wk inc flu hosp,0,2024-11-30,27,quantile,0.95,80.0
2024-11-30,wk inc flu hosp,0,2024-11-30,27,quantile,0.975,113.0
2024-11-30,wk inc flu hosp,0,2024-11-30,27,quantile,0.99,132.0
2024-11-30,wk inc flu hosp,1,2024-12-07,27,quantile,0.01,1.0
2024-11-30,wk inc flu hosp,1,2024-12-07,27,quantile,0.025,1.0
2024-11-30,wk inc flu hosp,1,2024-12-07,27,quantile,0.05,1.0
2024-11-30,wk inc flu hosp,1,2024-12-07,27,quantile,0.1,3.0
2024-11-30,wk inc flu hosp,1,2024-12-07,27,quantile,0.15,6.0
2024-11-30,wk inc flu hosp,1,2024-12-07,27,quantile,0.2,10.0
2024-11-30,wk inc flu hosp,1,2024-12-07,27,quantile,0.25,14.0
2024-11-30,wk inc flu hosp,1,2024-12-07,27,quantile,0.3,21.0
2024-11-30,wk inc flu hosp,1,2024-12-07,27,quantile,0.35,27.0
2024-11-30,wk inc flu hosp,1,2024-12-07,27,quantile,0.4,34.0
2024-11-30,wk inc flu hosp,1,2024-12-07,27,quantile,0.45,43.0
2024-11-30,wk inc flu hosp,1,2024-12-07,27,quantile,0.5,52.0
2024-11-30,wk inc flu hosp,1,2024-12-07,27,quantile,0.55,59.0
2024-11-30,wk inc flu hosp,1,2024-12-07,27,quantile,0.6,68.0
2024-11-30,wk inc flu hosp,1,2024-12-07,27,quantile,0.65,76.0
2024-11-30,wk inc flu hosp,1,2024-12-07,27,quantile,0.7,85.0
2024-11-30,wk inc flu hosp,1,2024-12-07,27,quantile,0.75,96.0
2024-11-30,wk inc flu hosp,1,2024-12-07,27,quantile,0.8,108.0
2024-11-30,wk inc flu hosp,1,2024-12-07,27,quantile,0.85,124.0
2024-11-30,wk inc flu hosp,1,2024-12-07,27,quantile,0.9,147.0
2024-11-30,wk inc flu hosp,1,2024-12-07,27,quantile,0.95,190.0
2024-11-30,wk inc flu hosp,1,2024-12-07,27,quantile,0.975,219.0
2024-11-30,wk inc flu hosp,1,2024-12-07,27,quantile,0.99,248.0
2024-11-30,wk inc flu hosp,2,2024-12-14,27,quantile,0.01,2.0
2024-11-30,wk inc flu hosp,2,2024-12-14,27,quantile,0.025,2.0
2024-11-30,wk inc flu hosp,2,2024-12-14,27,quantile,0.05,11.0
2024-11-30,wk inc flu hosp,2,2024-12-14,27,quantile,0.1,19.0
2024-11-30,wk inc flu hosp,2,2024-12-14,27,quantile,0.15,26.0
2024-11-30,wk inc flu hosp,2,2024-12-14,27,quantile,0.2,31.0
2024-11-30,wk inc flu hosp,2,2024-12-14,27,quantile,0.25,39.0
2024-11-30,wk inc flu hosp,2,2024-12-14,27,quantile,0.3,47.0
2024-11-30,wk inc flu hosp,2,2024-12-14,27,quantile,0.35,57.0
2024-11-30,wk inc flu hosp,2,2024-12-14,27,quantile,0.4,67.0
2024-11-30,wk inc flu hosp,2,2024-12-14,27,quantile,0.45,77.0
2024-11-30,wk inc flu hosp,2,2024-12-14,27,quantile,0.5,87.0
2024-11-30,wk inc flu hosp,2,2024-12-14,27,quantile,0.55,96.0
2024-11-30,wk inc flu hosp,2,2024-12-14,27,quantile,0.6,109.0
2024-11-30,wk inc flu hosp,2,2024-12-14,27,quantile,0.65,120.0
2024-11-30,wk inc flu hosp,2,2024-12-14,27,quantile,0.7,133.0
2024-11-30,wk inc flu hosp,2,2024-12-14,27,quantile,0.75,147.0
2024-11-30,wk inc flu hosp,2,2024-12-14,27,quantile,0.8,161.0
2024-11-30,wk inc flu hosp,2,2024-12-14,27,quantile,0.85,181.0
2024-11-30,wk inc flu hosp,2,2024-12-14,27,quantile,0.9,207.0
2024-11-30,wk inc flu hosp,2,2024-12-14,27,quantile,0.95,256.0
2024-11-30,wk inc flu hosp,2,2024-12-14,27,quantile,0.975,297.0
2024-11-30,wk inc flu hosp,2,2024-12-14,27,quantile,0.99,352.0
2024-11-30,wk inc flu hosp,3,2024-12-21,27,quantile,0.01,3.0
2024-11-30,wk inc flu hosp,3,2024-12-21,27,quantile,0.025,4.0
2024-11-30,wk inc flu hosp,3,2024-12-21,27,quantile,0.05,11.0
2024-11-30,wk inc flu hosp,3,2024-12-21,27,quantile,0.1,23.0
2024-11-30,wk inc flu hosp,3,2024-12-21,27,quantile,0.15,33.0
2024-11-30,wk inc flu hosp,3,2024-12-21,27,quantile,0.2,44.0
2024-11-30,wk inc flu hosp,3,2024-12-21,27,quantile,0.25,58.0
2024-11-30,wk inc flu hosp,3,2024-12-21,27,quantile,0.3,69.0
2024-11-30,wk inc flu hosp,3,2024-12-21,27,quantile,0.35,81.0
2024-11-30,wk inc flu hosp,3,2024-12-21,27,quantile,0.4,92.0
2024-11-30,wk inc flu hosp,3,2024-12-21,27,quantile,0.45,103.0
2024-11-30,wk inc flu hosp,3,2024-12-21,27,quantile,0.5,114.0
2024-11-30,wk inc flu hosp,3,2024-12-21,27,quantile,0.55,128.0
2024-11-30,wk inc flu hosp,3,2024-12-21,27,quantile,0.6,140.0
2024-11-30,wk inc flu hosp,3,2024-12-21,27,quantile,0.65,153.0
2024-11-30,wk inc flu hosp,3,2024-12-21,27,quantile,0.7,167.0
2024-11-30,wk inc flu hosp,3,2024-12-21,27,quantile,0.75,182.0
2024-11-30,wk inc flu hosp,3,2024-12-21,27,quantile,0.8,201.0
2024-11-30,wk inc flu hosp,3,2024-12-21,27,quantile,0.85,225.0
2024-11-30,wk inc flu hosp,3,2024-12-21,27,quantile,0.9,260.0
2024-11-30,wk inc flu hosp,3,2024-12-21,27,quantile,0.95,313.0
2024-11-30,wk inc flu hosp,3,2024-12-21,27,quantile,0.975,378.0
2024-11-30,wk inc flu hosp,3,2024-12-21,27,quantile,0.99,450.0
2024-11-30,wk inc flu hosp,0,2024-11-30,28,quantile,0.01,4.0
2024-11-30,wk inc flu hosp,0,2024-11-30,28,quantile,0.025,6.0
2024-11-30,wk inc flu hosp,0,2024-11-30,28,quantile,0.05,6.0
2024-11-30,wk inc flu hosp,0,2024-11-30,28,quantile,0.1,7.0
2024-11-30,wk inc flu hosp,0,2024-11-30,28,quantile,0.15,7.0
2024-11-30,wk inc flu hosp,0,2024-11-30,28,quantile,0.2,9.0
2024-11-30,wk inc flu hosp,0,2024-11-30,28,quantile,0.25,10.0
2024-11-30,wk inc flu hosp,0,2024-11-30,28,quantile,0.3,12.0
2024-11-30,wk inc flu hosp,0,2024-11-30,28,quantile,0.35,15.0
2024-11-30,wk inc flu hosp,0,2024-11-30,28,quantile,0.4,18.0
2024-11-30,wk inc flu hosp,0,2024-11-30,28,quantile,0.45,20.0
2024-11-30,wk inc flu hosp,0,2024-11-30,28,quantile,0.5,23.0
2024-11-30,wk inc flu hosp,0,2024-11-30,28,quantile,0.55,25.0
2024-11-30,wk inc flu hosp,0,2024-11-30,28,quantile,0.6,28.0
2024-11-30,wk inc flu hosp,0,2024-11-30,28,quantile,0.65,30.0
2024-11-30,wk inc flu hosp,0,2024-11-30,28,quantile,0.7,32.0
2024-11-30,wk inc flu hosp,0,2024-11-30,28,quantile,0.75,35.0
2024-11-30,wk inc flu hosp,0,2024-11-30,28,quantile,0.8,39.0
2024-11-30,wk inc flu hosp,0,2024-11-30,28,quantile,0.85,42.0
2024-11-30,wk inc flu hosp,0,2024-11-30,28,quantile,0.9,48.0
2024-11-30,wk inc flu hosp,0,2024-11-30,28,quantile,0.95,58.0
2024-11-30,wk inc flu hosp,0,2024-11-30,28,quantile,0.975,76.0
2024-11-30,wk inc flu hosp,0,2024-11-30,28,quantile,0.99,84.0
2024-11-30,wk inc flu hosp,1,2024-12-07,28,quantile,0.01,4.0
2024-11-30,wk inc flu hosp,1,2024-12-07,28,quantile,0.025,5.0
2024-11-30,wk inc flu hosp,1,2024-12-07,28,quantile,0.05,7.0
2024-11-30,wk inc flu hosp,1,2024-12-07,28,quantile,0.1,11.0
2024-11-30,wk inc flu hosp,1,2024-12-07,28,quantile,0.15,14.0
2024-11-30,wk inc flu hosp,1,2024-12-07,28,quantile,0.2,16.0
2024-11-30,wk inc flu hosp,1,2024-12-07,28,quantile,0.25,18.0
2024-11-30,wk inc flu hosp,1,2024-12-07,28,quantile,0.3,21.0
2024-11-30,wk inc flu hosp,1,2024-12-07,28,quantile,0.35,25.0
2024-11-30,wk inc flu hosp,1,2024-12-07,28,quantile,0.4,28.0
2024-11-30,wk inc flu hosp,1,2024-12-07,28,quantile,0.45,30.0
2024-11-30,wk inc flu hosp,1,2024-12-07,28,quantile,0.5,34.0
2024-11-30,wk inc flu hosp,1,2024-12-07,28,quantile,0.55,37.0
2024-11-30,wk inc flu hosp,1,2024-12-07,28,quantile,0.6,40.0
2024-11-30,wk inc flu hosp,1,2024-12-07,28,quantile,0.65,43.0
2024-11-30,wk inc flu hosp,1,2024-12-07,28,quantile,0.7,47.0
2024-11-30,wk inc flu hosp,1,2024-12-07,28,quantile,0.75,52.0
2024-11-30,wk inc flu hosp,1,2024-12-07,28,quantile,0.8,57.0
2024-11-30,wk inc flu hosp,1,2024-12-07,28,quantile,0.85,65.0
2024-11-30,wk inc flu hosp,1,2024-12-07,28,quantile,0.9,76.0
2024-11-30,wk inc flu hosp,1,2024-12-07,28,quantile,0.95,100.0
2024-11-30,wk inc flu hosp,1,2024-12-07,28,quantile,0.975,119.0
2024-11-30,wk inc flu hosp,1,2024-12-07,28,quantile,0.99,143.0
2024-11-30,wk inc flu hosp,2,2024-12-14,28,quantile,0.01,5.0
2024-11-30,wk inc flu hosp,2,2024-12-14,28,quantile,0.025,6.0
2024-11-30,wk inc flu hosp,2,2024-12-14,28,quantile,0.05,9.0
2024-11-30,wk inc flu hosp,2,2024-12-14,28,quantile,0.1,15.0
2024-11-30,wk inc flu hosp,2,2024-12-14,28,quantile,0.15,18.0
2024-11-30,wk inc flu hosp,2,2024-12-14,28,quantile,0.2,21.0
2024-11-30,wk inc flu hosp,2,2024-12-14,28,quantile,0.25,25.0
2024-11-30,wk inc flu hosp,2,2024-12-14,28,quantile,0.3,29.0
2024-11-30,wk inc flu hosp,2,2024-12-14,28,quantile,0.35,32.0
2024-11-30,wk inc flu hosp,2,2024-12-14,28,quantile,0.4,36.0
2024-11-30,wk inc flu hosp,2,2024-12-14,28,quantile,0.45,39.0
2024-11-30,wk inc flu hosp,2,2024-12-14,28,quantile,0.5,43.0
2024-11-30,wk inc flu hosp,2,2024-12-14,28,quantile,0.55,46.0
2024-11-30,wk inc flu hosp,2,2024-12-14,28,quantile,0.6,51.0
2024-11-30,wk inc flu hosp,2,2024-12-14,28,quantile,0.65,55.0
2024-11-30,wk inc flu hosp,2,2024-12-14,28,quantile,0.7,61.0
2024-11-30,wk inc flu hosp,2,2024-12-14,28,quantile,0.75,69.0
2024-11-30,wk inc flu hosp,2,2024-12-14,28,quantile,0.8,76.0
2024-11-30,wk inc flu hosp,2,2024-12-14,28,quantile,0.85,87.0
2024-11-30,wk inc flu hosp,2,2024-12-14,28,quantile,0.9,106.0
2024-11-30,wk inc flu hosp,2,2024-12-14,28,quantile,0.95,144.0
2024-11-30,wk inc flu hosp,2,2024-12-14,28,quantile,0.975,174.0
2024-11-30,wk inc flu hosp,2,2024-12-14,28,quantile,0.99,213.0
2024-11-30,wk inc flu hosp,3,2024-12-21,28,quantile,0.01,6.0
2024-11-30,wk inc flu hosp,3,2024-12-21,28,quantile,0.025,7.0
2024-11-30,wk inc flu hosp,3,2024-12-21,28,quantile,0.05,9.0
2024-11-30,wk inc flu hosp,3,2024-12-21,28,quantile,0.1,12.0
2024-11-30,wk inc flu hosp,3,2024-12-21,28,quantile,0.15,16.0
2024-11-30,wk inc flu hosp,3,2024-12-21,28,quantile,0.2,20.0
2024-11-30,wk inc flu hosp,3,2024-12-21,28,quantile,0.25,24.0
2024-11-30,wk inc flu hosp,3,2024-12-21,28,quantile,0.3,29.0
2024-11-30,wk inc flu hosp,3,2024-12-21,28,quantile,0.35,34.0
2024-11-30,wk inc flu hosp,3,2024-12-21,28,quantile,0.4,38.0
2024-11-30,wk inc flu hosp,3,2024-12-21,28,quantile,0.45,42.0
2024-11-30,wk inc flu hosp,3,2024-12-21,28,quantile,0.5,46.0
2024-11-30,wk inc flu hosp,3,2024-12-21,28,quantile,0.55,51.0
2024-11-30,wk inc flu hosp,3,2024-12-21,28,quantile,0.6,56.0
2024-11-30,wk inc flu hosp,3,2024-12-21,28,quantile,0.65,62.0
2024-11-30,wk inc flu hosp,3,2024-12-21,28,quantile,0.7,69.0
2024-11-30,wk inc flu hosp,3,2024-12-21,28,quantile,0.75,78.0
2024-11-30,wk inc flu hosp,3,2024-12-21,28,quantile,0.8,90.0
2024-11-30,wk inc flu hosp,3,2024-12-21,28,quantile,0.85,103.0
2024-11-30,wk inc flu hosp,3,2024-12-21,28,quantile,0.9,126.0
2024-11-30,wk inc flu hosp,3,2024-12-21,28,quantile,0.95,174.0
2024-11-30,wk inc flu hosp,3,2024-12-21,28,quantile,0.975,213.0
2024-11-30,wk inc flu hosp,3,2024-12-21,28,quantile,0.99,267.0
2024-11-30,wk inc flu hosp,0,2024-11-30,29,quantile,0.01,10.0
2024-11-30,wk inc flu hosp,0,2024-11-30,29,quantile,0.025,14.0
2024-11-30,wk inc flu hosp,0,2024-11-30,29,quantile,0.05,16.0
2024-11-30,wk inc flu hosp,0,2024-11-30,29,quantile,0.1,21.0
2024-11-30,wk inc flu hosp,0,2024-11-30,29,quantile,0.15,29.0
2024-11-30,wk inc flu hosp,0,2024-11-30,29,quantile,0.2,37.0
2024-11-30,wk inc flu hosp,0,2024-11-30,29,quantile,0.25,40.0
2024-11-30,wk inc flu hosp,0,2024-11-30,29,quantile,0.3,44.0
2024-11-30,wk inc flu hosp,0,2024-11-30,29,quantile,0.35,48.0
2024-11-30,wk inc flu hosp,0,2024-11-30,29,quantile,0.4,50.0
2024-11-30,wk inc flu hosp,0,2024-11-30,29,quantile,0.45,54.0
2024-11-30,wk inc flu hosp,0,2024-11-30,29,quantile,0.5,57.0
2024-11-30,wk inc flu hosp,0,2024-11-30,29,quantile,0.55,61.0
2024-11-30,wk inc flu hosp,0,2024-11-30,29,quantile,0.6,63.0
2024-11-30,wk inc flu hosp,0,2024-11-30,29,quantile,0.65,66.0
2024-11-30,wk inc flu hosp,0,2024-11-30,29,quantile,0.7,69.0
2024-11-30,wk inc flu hosp,0,2024-11-30,29,quantile,0.75,81.0
2024-11-30,wk inc flu hosp,0,2024-11-30,29,quantile,0.8,92.0
2024-11-30,wk inc flu hosp,0,2024-11-30,29,quantile,0.85,101.0
2024-11-30,wk inc flu hosp,0,2024-11-30,29,quantile,0.9,115.0
2024-11-30,wk inc flu hosp,0,2024-11-30,29,quantile,0.95,152.0
2024-11-30,wk inc flu hosp,0,2024-11-30,29,quantile,0.975,167.0
2024-11-30,wk inc flu hosp,0,2024-11-30,29,quantile,0.99,273.0
2024-11-30,wk inc flu hosp,1,2024-12-07,29,quantile,0.01,4.0
2024-11-30,wk inc flu hosp,1,2024-12-07,29,quantile,0.025,6.0
2024-11-30,wk inc flu hosp,1,2024-12-07,29,quantile,0.05,11.0
2024-11-30,wk inc flu hosp,1,2024-12-07,29,quantile,0.1,24.0
2024-11-30,wk inc flu hosp,1,2024-12-07,29,quantile,0.15,35.0
2024-11-30,wk inc flu hosp,1,2024-12-07,29,quantile,0.2,44.0
2024-11-30,wk inc flu hosp,1,2024-12-07,29,quantile,0.25,52.0
2024-11-30,wk inc flu hosp,1,2024-12-07,29,quantile,0.3,66.0
2024-11-30,wk inc flu hosp,1,2024-12-07,29,quantile,0.35,80.0
2024-11-30,wk inc flu hosp,1,2024-12-07,29,quantile,0.4,92.0
2024-11-30,wk inc flu hosp,1,2024-12-07,29,quantile,0.45,105.0
2024-11-30,wk inc flu hosp,1,2024-12-07,29,quantile,0.5,118.0
2024-11-30,wk inc flu hosp,1,2024-12-07,29,quantile,0.55,129.0
2024-11-30,wk inc flu hosp,1,2024-12-07,29,quantile,0.6,140.0
2024-11-30,wk inc flu hosp,1,2024-12-07,29,quantile,0.65,154.0
2024-11-30,wk inc flu hosp,1,2024-12-07,29,quantile,0.7,167.0
2024-11-30,wk inc flu hosp,1,2024-12-07,29,quantile,0.75,182.0
2024-11-30,wk inc flu hosp,1,2024-12-07,29,quantile,0.8,202.0
2024-11-30,wk inc flu hosp,1,2024-12-07,29,quantile,0.85,232.0
2024-11-30,wk inc flu hosp,1,2024-12-07,29,quantile,0.9,271.0
2024-11-30,wk inc flu hosp,1,2024-12-07,29,quantile,0.95,338.0
2024-11-30,wk inc flu hosp,1,2024-12-07,29,quantile,0.975,403.0
2024-11-30,wk inc flu hosp,1,2024-12-07,29,quantile,0.99,467.0
2024-11-30,wk inc flu hosp,2,2024-12-14,29,quantile,0.01,4.0
2024-11-30,wk inc flu hosp,2,2024-12-14,29,quantile,0.025,14.0
2024-11-30,wk inc flu hosp,2,2024-12-14,29,quantile,0.05,31.0
2024-11-30,wk inc flu hosp,2,2024-12-14,29,quantile,0.1,50.0
2024-11-30,wk inc flu hosp,2,2024-12-14,29,quantile,0.15,62.0
2024-11-30,wk inc flu hosp,2,2024-12-14,29,quantile,0.2,77.0
2024-11-30,wk inc flu hosp,2,2024-12-14,29,quantile,0.25,92.0
2024-11-30,wk inc flu hosp,2,2024-12-14,29,quantile,0.3,106.0
2024-11-30,wk inc flu hosp,2,2024-12-14,29,quantile,0.35,120.0
2024-11-30,wk inc flu hosp,2,2024-12-14,29,quantile,0.4,134.0
2024-11-30,wk inc flu hosp,2,2024-12-14,29,quantile,0.45,147.0
2024-11-30,wk inc flu hosp,2,2024-12-14,29,quantile,0.5,161.0
2024-11-30,wk inc flu hosp,2,2024-12-14,29,quantile,0.55,175.0
2024-11-30,wk inc flu hosp,2,2024-12-14,29,quantile,0.6,190.0
2024-11-30,wk inc flu hosp,2,2024-12-14,29,quantile,0.65,208.0
2024-11-30,wk inc flu hosp,2,2024-12-14,29,quantile,0.7,224.0
2024-11-30,wk inc flu hosp,2,2024-12-14,29,quantile,0.75,248.0
2024-11-30,wk inc flu hosp,2,2024-12-14,29,quantile,0.8,279.0
2024-11-30,wk inc flu hosp,2,2024-12-14,29,quantile,0.85,315.0
2024-11-30,wk inc flu hosp,2,2024-12-14,29,quantile,0.9,364.0
2024-11-30,wk inc flu hosp,2,2024-12-14,29,quantile,0.95,464.0
2024-11-30,wk inc flu hosp,2,2024-12-14,29,quantile,0.975,566.0
2024-11-30,wk inc flu hosp,2,2024-12-14,29,quantile,0.99,670.0
2024-11-30,wk inc flu hosp,3,2024-12-21,29,quantile,0.01,14.0
2024-11-30,wk inc flu hosp,3,2024-12-21,29,quantile,0.025,35.0
2024-11-30,wk inc flu hosp,3,2024-12-21,29,quantile,0.05,49.0
2024-11-30,wk inc flu hosp,3,2024-12-21,29,quantile,0.1,72.0
2024-11-30,wk inc flu hosp,3,2024-12-21,29,quantile,0.15,86.0
2024-11-30,wk inc flu hosp,3,2024-12-21,29,quantile,0.2,104.0
2024-11-30,wk inc flu hosp,3,2024-12-21,29,quantile,0.25,122.0
2024-11-30,wk inc flu hosp,3,2024-12-21,29,quantile,0.3,140.0
2024-11-30,wk inc flu hosp,3,2024-12-21,29,quantile,0.35,158.0
2024-11-30,wk inc flu hosp,3,2024-12-21,29,quantile,0.4,175.0
2024-11-30,wk inc flu hosp,3,2024-12-21,29,quantile,0.45,193.0
2024-11-30,wk inc flu hosp,3,2024-12-21,29,quantile,0.5,210.0
2024-11-30,wk inc flu hosp,3,2024-12-21,29,quantile,0.55,230.0
2024-11-30,wk inc flu hosp,3,2024-12-21,29,quantile,0.6,248.0
2024-11-30,wk inc flu hosp,3,2024-12-21,29,quantile,0.65,272.0
2024-11-30,wk inc flu hosp,3,2024-12-21,29,quantile,0.7,296.0
2024-11-30,wk inc flu hosp,3,2024-12-21,29,quantile,0.75,327.0
2024-11-30,wk inc flu hosp,3,2024-12-21,29,quantile,0.8,358.0
2024-11-30,wk inc flu hosp,3,2024-12-21,29,quantile,0.85,401.0
2024-11-30,wk inc flu hosp,3,2024-12-21,29,quantile,0.9,466.0
2024-11-30,wk inc flu hosp,3,2024-12-21,29,quantile,0.95,593.0
2024-11-30,wk inc flu hosp,3,2024-12-21,29,quantile,0.975,714.0
2024-11-30,wk inc flu hosp,3,2024-12-21,29,quantile,0.99,861.0
2024-11-30,wk inc flu hosp,0,2024-11-30,30,quantile,0.01,0.0
2024-11-30,wk inc flu hosp,0,2024-11-30,30,quantile,0.025,0.0
2024-11-30,wk inc flu hosp,0,2024-11-30,30,quantile,0.05,0.0
2024-11-30,wk inc flu hosp,0,2024-11-30,30,quantile,0.1,0.0
2024-11-30,wk inc flu hosp,0,2024-11-30,30,quantile,0.15,1.0
2024-11-30,wk inc flu hosp,0,2024-11-30,30,quantile,0.2,1.0
2024-11-30,wk inc flu hosp,0,2024-11-30,30,quantile,0.25,2.0
2024-11-30,wk inc flu hosp,0,2024-11-30,30,quantile,0.3,2.0
2024-11-30,wk inc flu hosp,0,2024-11-30,30,quantile,0.35,2.0
2024-11-30,wk inc flu hosp,0,2024-11-30,30,quantile,0.4,2.0
2024-11-30,wk inc flu hosp,0,2024-11-30,30,quantile,0.45,3.0
2024-11-30,wk inc flu hosp,0,2024-11-30,30,quantile,0.5,4.0
2024-11-30,wk inc flu hosp,0,2024-11-30,30,quantile,0.55,4.0
2024-11-30,wk inc flu hosp,0,2024-11-30,30,quantile,0.6,5.0
2024-11-30,wk inc flu hosp,0,2024-11-30,30,quantile,0.65,6.0
2024-11-30,wk inc flu hosp,0,2024-11-30,30,quantile,0.7,7.0
2024-11-30,wk inc flu hosp,0,2024-11-30,30,quantile,0.75,7.0
2024-11-30,wk inc flu hosp,0,2024-11-30,30,quantile,0.8,10.0
2024-11-30,wk inc flu hosp,0,2024-11-30,30,quantile,0.85,13.0
2024-11-30,wk inc flu hosp,0,2024-11-30,30,quantile,0.9,16.0
2024-11-30,wk inc flu hosp,0,2024-11-30,30,quantile,0.95,22.0
2024-11-30,wk inc flu hosp,0,2024-11-30,30,quantile,0.975,27.0
2024-11-30,wk inc flu hosp,0,2024-11-30,30,quantile,0.99,38.0
2024-11-30,wk inc flu hosp,1,2024-12-07,30,quantile,0.01,0.0
2024-11-30,wk inc flu hosp,1,2024-12-07,30,quantile,0.025,0.0
2024-11-30,wk inc flu hosp,1,2024-12-07,30,quantile,0.05,0.0
2024-11-30,wk inc flu hosp,1,2024-12-07,30,quantile,0.1,1.0
2024-11-30,wk inc flu hosp,1,2024-12-07,30,quantile,0.15,1.0
2024-11-30,wk inc flu hosp,1,2024-12-07,30,quantile,0.2,2.0
2024-11-30,wk inc flu hosp,1,2024-12-07,30,quantile,0.25,2.0
2024-11-30,wk inc flu hosp,1,2024-12-07,30,quantile,0.3,3.0
2024-11-30,wk inc flu hosp,1,2024-12-07,30,quantile,0.35,3.0
2024-11-30,wk inc flu hosp,1,2024-12-07,30,quantile,0.4,4.0
2024-11-30,wk inc flu hosp,1,2024-12-07,30,quantile,0.45,6.0
2024-11-30,wk inc flu hosp,1,2024-12-07,30,quantile,0.5,7.0
2024-11-30,wk inc flu hosp,1,2024-12-07,30,quantile,0.55,9.0
2024-11-30,wk inc flu hosp,1,2024-12-07,30,quantile,0.6,10.0
2024-11-30,wk inc flu hosp,1,2024-12-07,30,quantile,0.65,11.0
2024-11-30,wk inc flu hosp,1,2024-12-07,30,quantile,0.7,12.0
2024-11-30,wk inc flu hosp,1,2024-12-07,30,quantile,0.75,14.0
2024-11-30,wk inc flu hosp,1,2024-12-07,30,quantile,0.8,17.0
2024-11-30,wk inc flu hosp,1,2024-12-07,30,quantile,0.85,20.0
2024-11-30,wk inc flu hosp,1,2024-12-07,30,quantile,0.9,25.0
2024-11-30,wk inc flu hosp,1,2024-12-07,30,quantile,0.95,34.0
2024-11-30,wk inc flu hosp,1,2024-12-07,30,quantile,0.975,39.0
2024-11-30,wk inc flu hosp,1,2024-12-07,30,quantile,0.99,47.0
2024-11-30,wk inc flu hosp,2,2024-12-14,30,quantile,0.01,0.0
2024-11-30,wk inc flu hosp,2,2024-12-14,30,quantile,0.025,0.0
2024-11-30,wk inc flu hosp,2,2024-12-14,30,quantile,0.05,1.0
2024-11-30,wk inc flu hosp,2,2024-12-14,30,quantile,0.1,2.0
2024-11-30,wk inc flu hosp,2,2024-12-14,30,quantile,0.15,3.0
2024-11-30,wk inc flu hosp,2,2024-12-14,30,quantile,0.2,4.0
2024-11-30,wk inc flu hosp,2,2024-12-14,30,quantile,0.25,5.0
2024-11-30,wk inc flu hosp,2,2024-12-14,30,quantile,0.3,6.0
2024-11-30,wk inc flu hosp,2,2024-12-14,30,quantile,0.35,7.0
2024-11-30,wk inc flu hosp,2,2024-12-14,30,quantile,0.4,9.0
2024-11-30,wk inc flu hosp,2,2024-12-14,30,quantile,0.45,10.0
2024-11-30,wk inc flu hosp,2,2024-12-14,30,quantile,0.5,12.0
2024-11-30,wk inc flu hosp,2,2024-12-14,30,quantile,0.55,13.0
2024-11-30,wk inc flu hosp,2,2024-12-14,30,quantile,0.6,15.0
2024-11-30,wk inc flu hosp,2,2024-12-14,30,quantile,0.65,16.0
2024-11-30,wk inc flu hosp,2,2024-12-14,30,quantile,0.7,18.0
2024-11-30,wk inc flu hosp,2,2024-12-14,30,quantile,0.75,21.0
2024-11-30,wk inc flu hosp,2,2024-12-14,30,quantile,0.8,23.0
2024-11-30,wk inc flu hosp,2,2024-12-14,30,quantile,0.85,27.0
2024-11-30,wk inc flu hosp,2,2024-12-14,30,quantile,0.9,34.0
2024-11-30,wk inc flu hosp,2,2024-12-14,30,quantile,0.95,45.0
2024-11-30,wk inc flu hosp,2,2024-12-14,30,quantile,0.975,52.0
2024-11-30,wk inc flu hosp,2,2024-12-14,30,quantile,0.99,65.0
2024-11-30,wk inc flu hosp,3,2024-12-21,30,quantile,0.01,0.0
2024-11-30,wk inc flu hosp,3,2024-12-21,30,quantile,0.025,1.0
2024-11-30,wk inc flu hosp,3,2024-12-21,30,quantile,0.05,1.0
2024-11-30,wk inc flu hosp,3,2024-12-21,30,quantile,0.1,2.0
2024-11-30,wk inc flu hosp,3,2024-12-21,30,quantile,0.15,3.0
2024-11-30,wk inc flu hosp,3,2024-12-21,30,quantile,0.2,4.0
2024-11-30,wk inc flu hosp,3,2024-12-21,30,quantile,0.25,5.0
2024-11-30,wk inc flu hosp,3,2024-12-21,30,quantile,0.3,7.0
2024-11-30,wk inc flu hosp,3,2024-12-21,30,quantile,0.35,8.0
2024-11-30,wk inc flu hosp,3,2024-12-21,30,quantile,0.4,10.0
2024-11-30,wk inc flu hosp,3,2024-12-21,30,quantile,0.45,12.0
2024-11-30,wk inc flu hosp,3,2024-12-21,30,quantile,0.5,13.0
2024-11-30,wk inc flu hosp,3,2024-12-21,30,quantile,0.55,15.0
2024-11-30,wk inc flu hosp,3,2024-12-21,30,quantile,0.6,17.0
2024-11-30,wk inc flu hosp,3,2024-12-21,30,quantile,0.65,19.0
2024-11-30,wk inc flu hosp,3,2024-12-21,30,quantile,0.7,21.0
2024-11-30,wk inc flu hosp,3,2024-12-21,30,quantile,0.75,25.0
2024-11-30,wk inc flu hosp,3,2024-12-21,30,quantile,0.8,28.0
2024-11-30,wk inc flu hosp,3,2024-12-21,30,quantile,0.85,32.0
2024-11-30,wk inc flu hosp,3,2024-12-21,30,quantile,0.9,39.0
2024-11-30,wk inc flu hosp,3,2024-12-21,30,quantile,0.95,51.0
2024-11-30,wk inc flu hosp,3,2024-12-21,30,quantile,0.975,60.0
2024-11-30,wk inc flu hosp,3,2024-12-21,30,quantile,0.99,76.0
2024-11-30,wk inc flu hosp,0,2024-11-30,31,quantile,0.01,0.0
2024-11-30,wk inc flu hosp,0,2024-11-30,31,quantile,0.025,0.0
2024-11-30,wk inc flu hosp,0,2024-11-30,31,quantile,0.05,0.0
2024-11-30,wk inc flu hosp,0,2024-11-30,31,quantile,0.1,1.0
2024-11-30,wk inc flu hosp,0,2024-11-30,31,quantile,0.15,1.0
2024-11-30,wk inc flu hosp,0,2024-11-30,31,quantile,0.2,1.0
2024-11-30,wk inc flu hosp,0,2024-11-30,31,quantile,0.25,2.0
2024-11-30,wk inc flu hosp,0,2024-11-30,31,quantile,0.3,2.0
2024-11-30,wk inc flu hosp,0,2024-11-30,31,quantile,0.35,3.0
2024-11-30,wk inc flu hosp,0,2024-11-30,31,quantile,0.4,3.0
2024-11-30,wk inc flu hosp,0,2024-11-30,31,quantile,0.45,3.0
2024-11-30,wk inc flu hosp,0,2024-11-30,31,quantile,0.5,4.0
2024-11-30,wk inc flu hosp,0,2024-11-30,31,quantile,0.55,5.0
2024-11-30,wk inc flu hosp,0,2024-11-30,31,quantile,0.6,5.0
2024-11-30,wk inc flu hosp,0,2024-11-30,31,quantile,0.65,6.0
2024-11-30,wk inc flu hosp,0,2024-11-30,31,quantile,0.7,7.0
2024-11-30,wk inc flu hosp,0,2024-11-30,31,quantile,0.75,8.0
2024-11-30,wk inc flu hosp,0,2024-11-30,31,quantile,0.8,9.0
2024-11-30,wk inc flu hosp,0,2024-11-30,31,quantile,0.85,11.0
2024-11-30,wk inc flu hosp,0,2024-11-30,31,quantile,0.9,13.0
2024-11-30,wk inc flu hosp,0,2024-11-30,31,quantile,0.95,19.0
2024-11-30,wk inc flu hosp,0,2024-11-30,31,quantile,0.975,25.0
2024-11-30,wk inc flu hosp,0,2024-11-30,31,quantile,0.99,32.0
2024-11-30,wk inc flu hosp,1,2024-12-07,31,quantile,0.01,0.0
2024-11-30,wk inc flu hosp,1,2024-12-07,31,quantile,0.025,0.0
2024-11-30,wk inc flu hosp,1,2024-12-07,31,quantile,0.05,1.0
2024-11-30,wk inc flu hosp,1,2024-12-07,31,quantile,0.1,1.0
2024-11-30,wk inc flu hosp,1,2024-12-07,31,quantile,0.15,2.0
2024-11-30,wk inc flu hosp,1,2024-12-07,31,quantile,0.2,3.0
2024-11-30,wk inc flu hosp,1,2024-12-07,31,quantile,0.25,4.0
2024-11-30,wk inc flu hosp,1,2024-12-07,31,quantile,0.3,5.0
2024-11-30,wk inc flu hosp,1,2024-12-07,31,quantile,0.35,6.0
2024-11-30,wk inc flu hosp,1,2024-12-07,31,quantile,0.4,7.0
2024-11-30,wk inc flu hosp,1,2024-12-07,31,quantile,0.45,8.0
2024-11-30,wk inc flu hosp,1,2024-12-07,31,quantile,0.5,10.0
2024-11-30,wk inc flu hosp,1,2024-12-07,31,quantile,0.55,11.0
2024-11-30,wk inc flu hosp,1,2024-12-07,31,quantile,0.6,13.0
2024-11-30,wk inc flu hosp,1,2024-12-07,31,quantile,0.65,14.0
2024-11-30,wk inc flu hosp,1,2024-12-07,31,quantile,0.7,16.0
2024-11-30,wk inc flu hosp,1,2024-12-07,31,quantile,0.75,18.0
2024-11-30,wk inc flu hosp,1,2024-12-07,31,quantile,0.8,21.0
2024-11-30,wk inc flu hosp,1,2024-12-07,31,quantile,0.85,24.0
2024-11-30,wk inc flu hosp,1,2024-12-07,31,quantile,0.9,29.0
2024-11-30,wk inc flu hosp,1,2024-12-07,31,quantile,0.95,38.0
2024-11-30,wk inc flu hosp,1,2024-12-07,31,quantile,0.975,46.0
2024-11-30,wk inc flu hosp,1,2024-12-07,31,quantile,0.99,55.0
2024-11-30,wk inc flu hosp,2,2024-12-14,31,quantile,0.01,0.0
2024-11-30,wk inc flu hosp,2,2024-12-14,31,quantile,0.025,1.0
2024-11-30,wk inc flu hosp,2,2024-12-14,31,quantile,0.05,2.0
2024-11-30,wk inc flu hosp,2,2024-12-14,31,quantile,0.1,5.0
2024-11-30,wk inc flu hosp,2,2024-12-14,31,quantile,0.15,6.0
2024-11-30,wk inc flu hosp,2,2024-12-14,31,quantile,0.2,7.0
2024-11-30,wk inc flu hosp,2,2024-12-14,31,quantile,0.25,8.0
2024-11-30,wk inc flu hosp,2,2024-12-14,31,quantile,0.3,10.0
2024-11-30,wk inc flu hosp,2,2024-12-14,31,quantile,0.35,11.0
2024-11-30,wk inc flu hosp,2,2024-12-14,31,quantile,0.4,13.0
2024-11-30,wk inc flu hosp,2,2024-12-14,31,quantile,0.45,15.0
2024-11-30,wk inc flu hosp,2,2024-12-14,31,quantile,0.5,16.0
2024-11-30,wk inc flu hosp,2,2024-12-14,31,quantile,0.55,18.0
2024-11-30,wk inc flu hosp,2,2024-12-14,31,quantile,0.6,20.0
2024-11-30,wk inc flu hosp,2,2024-12-14,31,quantile,0.65,22.0
2024-11-30,wk inc flu hosp,2,2024-12-14,31,quantile,0.7,24.0
2024-11-30,wk inc flu hosp,2,2024-12-14,31,quantile,0.75,27.0
2024-11-30,wk inc flu hosp,2,2024-12-14,31,quantile,0.8,30.0
2024-11-30,wk inc flu hosp,2,2024-12-14,31,quantile,0.85,36.0
2024-11-30,wk inc flu hosp,2,2024-12-14,31,quantile,0.9,43.0
2024-11-30,wk inc flu hosp,2,2024-12-14,31,quantile,0.95,55.0
2024-11-30,wk inc flu hosp,2,2024-12-14,31,quantile,0.975,67.0
2024-11-30,wk inc flu hosp,2,2024-12-14,31,quantile,0.99,80.0
2024-11-30,wk inc flu hosp,3,2024-12-21,31,quantile,0.01,1.0
2024-11-30,wk inc flu hosp,3,2024-12-21,31,quantile,0.025,1.0
2024-11-30,wk inc flu hosp,3,2024-12-21,31,quantile,0.05,3.0
2024-11-30,wk inc flu hosp,3,2024-12-21,31,quantile,0.1,6.0
2024-11-30,wk inc flu hosp,3,2024-12-21,31,quantile,0.15,8.0
2024-11-30,wk inc flu hosp,3,2024-12-21,31,quantile,0.2,9.0
2024-11-30,wk inc flu hosp,3,2024-12-21,31,quantile,0.25,11.0
2024-11-30,wk inc flu hosp,3,2024-12-21,31,quantile,0.3,13.0
2024-11-30,wk inc flu hosp,3,2024-12-21,31,quantile,0.35,15.0
2024-11-30,wk inc flu hosp,3,2024-12-21,31,quantile,0.4,17.0
2024-11-30,wk inc flu hosp,3,2024-12-21,31,quantile,0.45,19.0
2024-11-30,wk inc flu hosp,3,2024-12-21,31,quantile,0.5,21.0
2024-11-30,wk inc flu hosp,3,2024-12-21,31,quantile,0.55,23.0
2024-11-30,wk inc flu hosp,3,2024-12-21,31,quantile,0.6,26.0
2024-11-30,wk inc flu hosp,3,2024-12-21,31,quantile,0.65,29.0
2024-11-30,wk inc flu hosp,3,2024-12-21,31,quantile,0.7,32.0
2024-11-30,wk inc flu hosp,3,2024-12-21,31,quantile,0.75,36.0
2024-11-30,wk inc flu hosp,3,2024-12-21,31,quantile,0.8,41.0
2024-11-30,wk inc flu hosp,3,2024-12-21,31,quantile,0.85,47.0
2024-11-30,wk inc flu hosp,3,2024-12-21,31,quantile,0.9,54.0
2024-11-30,wk inc flu hosp,3,2024-12-21,31,quantile,0.95,69.0
2024-11-30,wk inc flu hosp,3,2024-12-21,31,quantile,0.975,87.0
2024-11-30,wk inc flu hosp,3,2024-12-21,31,quantile,0.99,107.0
2024-11-30,wk inc flu hosp,0,2024-11-30,32,quantile,0.01,12.0
2024-11-30,wk inc flu hosp,0,2024-11-30,32,quantile,0.025,14.0
2024-11-30,wk inc flu hosp,0,2024-11-30,32,quantile,0.05,19.0
2024-11-30,wk inc flu hosp,0,2024-11-30,32,quantile,0.1,27.0
2024-11-30,wk inc flu hosp,0,2024-11-30,32,quantile,0.15,33.0
2024-11-30,wk inc flu hosp,0,2024-11-30,32,quantile,0.2,36.0
2024-11-30,wk inc flu hosp,0,2024-11-30,32,quantile,0.25,42.0
2024-11-30,wk inc flu hosp,0,2024-11-30,32,quantile,0.3,45.0
2024-11-30,wk inc flu hosp,0,2024-11-30,32,quantile,0.35,47.0
2024-11-30,wk inc flu hosp,0,2024-11-30,32,quantile,0.4,50.0
2024-11-30,wk inc flu hosp,0,2024-11-30,32,quantile,0.45,53.0
2024-11-30,wk inc flu hosp,0,2024-11-30,32,quantile,0.5,56.0
2024-11-30,wk inc flu hosp,0,2024-11-30,32,quantile,0.55,60.0
2024-11-30,wk inc flu hosp,0,2024-11-30,32,quantile,0.6,63.0
2024-11-30,wk inc flu hosp,0,2024-11-30,32,quantile,0.65,65.0
2024-11-30,wk inc flu hosp,0,2024-11-30,32,quantile,0.7,70.0
2024-11-30,wk inc flu hosp,0,2024-11-30,32,quantile,0.75,75.0
2024-11-30,wk inc flu hosp,0,2024-11-30,32,quantile,0.8,82.0
2024-11-30,wk inc flu hosp,0,2024-11-30,32,quantile,0.85,89.0
2024-11-30,wk inc flu hosp,0,2024-11-30,32,quantile,0.9,98.0
2024-11-30,wk inc flu hosp,0,2024-11-30,32,quantile,0.95,114.0
2024-11-30,wk inc flu hosp,0,2024-11-30,32,quantile,0.975,130.0
2024-11-30,wk inc flu hosp,0,2024-11-30,32,quantile,0.99,162.0
2024-11-30,wk inc flu hosp,1,2024-12-07,32,quantile,0.01,8.0
2024-11-30,wk inc flu hosp,1,2024-12-07,32,quantile,0.025,10.0
2024-11-30,wk inc flu hosp,1,2024-12-07,32,quantile,0.05,13.0
2024-11-30,wk inc flu hosp,1,2024-12-07,32,quantile,0.1,19.0
2024-11-30,wk inc flu hosp,1,2024-12-07,32,quantile,0.15,24.0
2024-11-30,wk inc flu hosp,1,2024-12-07,32,quantile,0.2,29.0
2024-11-30,wk inc flu hosp,1,2024-12-07,32,quantile,0.25,35.0
2024-11-30,wk inc flu hosp,1,2024-12-07,32,quantile,0.3,40.0
2024-11-30,wk inc flu hosp,1,2024-12-07,32,quantile,0.35,46.0
2024-11-30,wk inc flu hosp,1,2024-12-07,32,quantile,0.4,51.0
2024-11-30,wk inc flu hosp,1,2024-12-07,32,quantile,0.45,56.0
2024-11-30,wk inc flu hosp,1,2024-12-07,32,quantile,0.5,61.0
2024-11-30,wk inc flu hosp,1,2024-12-07,32,quantile,0.55,67.0
2024-11-30,wk inc flu hosp,1,2024-12-07,32,quantile,0.6,72.0
2024-11-30,wk inc flu hosp,1,2024-12-07,32,quantile,0.65,79.0
2024-11-30,wk inc flu hosp,1,2024-12-07,32,quantile,0.7,86.0
2024-11-30,wk inc flu hosp,1,2024-12-07,32,quantile,0.75,94.0
2024-11-30,wk inc flu hosp,1,2024-12-07,32,quantile,0.8,104.0
2024-11-30,wk inc flu hosp,1,2024-12-07,32,quantile,0.85,117.0
2024-11-30,wk inc flu hosp,1,2024-12-07,32,quantile,0.9,138.0
2024-11-30,wk inc flu hosp,1,2024-12-07,32,quantile,0.95,181.0
2024-11-30,wk inc flu hosp,1,2024-12-07,32,quantile,0.975,221.0
2024-11-30,wk inc flu hosp,1,2024-12-07,32,quantile,0.99,264.0
2024-11-30,wk inc flu hosp,2,2024-12-14,32,quantile,0.01,11.0
2024-11-30,wk inc flu hosp,2,2024-12-14,32,quantile,0.025,13.0
2024-11-30,wk inc flu hosp,2,2024-12-14,32,quantile,0.05,20.0
2024-11-30,wk inc flu hosp,2,2024-12-14,32,quantile,0.1,28.0
2024-11-30,wk inc flu hosp,2,2024-12-14,32,quantile,0.15,34.0
2024-11-30,wk inc flu hosp,2,2024-12-14,32,quantile,0.2,40.0
2024-11-30,wk inc flu hosp,2,2024-12-14,32,quantile,0.25,46.0
2024-11-30,wk inc flu hosp,2,2024-12-14,32,quantile,0.3,52.0
2024-11-30,wk inc flu hosp,2,2024-12-14,32,quantile,0.35,58.0
2024-11-30,wk inc flu hosp,2,2024-12-14,32,quantile,0.4,65.0
2024-11-30,wk inc flu hosp,2,2024-12-14,32,quantile,0.45,71.0
2024-11-30,wk inc flu hosp,2,2024-12-14,32,quantile,0.5,78.0
2024-11-30,wk inc flu hosp,2,2024-12-14,32,quantile,0.55,85.0
2024-11-30,wk inc flu hosp,2,2024-12-14,32,quantile,0.6,93.0
2024-11-30,wk inc flu hosp,2,2024-12-14,32,quantile,0.65,102.0
2024-11-30,wk inc flu hosp,2,2024-12-14,32,quantile,0.7,112.0
2024-11-30,wk inc flu hosp,2,2024-12-14,32,quantile,0.75,124.0
2024-11-30,wk inc flu hosp,2,2024-12-14,32,quantile,0.8,138.0
2024-11-30,wk inc flu hosp,2,2024-12-14,32,quantile,0.85,157.0
2024-11-30,wk inc flu hosp,2,2024-12-14,32,quantile,0.9,189.0
2024-11-30,wk inc flu hosp,2,2024-12-14,32,quantile,0.95,243.0
2024-11-30,wk inc flu hosp,2,2024-12-14,32,quantile,0.975,303.0
2024-11-30,wk inc flu hosp,2,2024-12-14,32,quantile,0.99,360.0
2024-11-30,wk inc flu hosp,3,2024-12-21,32,quantile,0.01,13.0
2024-11-30,wk inc flu hosp,3,2024-12-21,32,quantile,0.025,19.0
2024-11-30,wk inc flu hosp,3,2024-12-21,32,quantile,0.05,24.0
2024-11-30,wk inc flu hosp,3,2024-12-21,32,quantile,0.1,33.0
2024-11-30,wk inc flu hosp,3,2024-12-21,32,quantile,0.15,42.0
2024-11-30,wk inc flu hosp,3,2024-12-21,32,quantile,0.2,50.0
2024-11-30,wk inc flu hosp,3,2024-12-21,32,quantile,0.25,58.0
2024-11-30,wk inc flu hosp,3,2024-12-21,32,quantile,0.3,65.0
2024-11-30,wk inc flu hosp,3,2024-12-21,32,quantile,0.35,72.0
2024-11-30,wk inc flu hosp,3,2024-12-21,32,quantile,0.4,79.0
2024-11-30,wk inc flu hosp,3,2024-12-21,32,quantile,0.45,88.0
2024-11-30,wk inc flu hosp,3,2024-12-21,32,quantile,0.5,96.0
2024-11-30,wk inc flu hosp,3,2024-12-21,32,quantile,0.55,106.0
2024-11-30,wk inc flu hosp,3,2024-12-21,32,quantile,0.6,117.0
2024-11-30,wk inc flu hosp,3,2024-12-21,32,quantile,0.65,129.0
2024-11-30,wk inc flu hosp,3,2024-12-21,32,quantile,0.7,143.0
2024-11-30,wk inc flu hosp,3,2024-12-21,32,quantile,0.75,159.0
2024-11-30,wk inc flu hosp,3,2024-12-21,32,quantile,0.8,177.0
2024-11-30,wk inc flu hosp,3,2024-12-21,32,quantile,0.85,201.0
2024-11-30,wk inc flu hosp,3,2024-12-21,32,quantile,0.9,238.0
2024-11-30,wk inc flu hosp,3,2024-12-21,32,quantile,0.95,298.0
2024-11-30,wk inc flu hosp,3,2024-12-21,32,quantile,0.975,356.0
2024-11-30,wk inc flu hosp,3,2024-12-21,32,quantile,0.99,433.0
2024-11-30,wk inc flu hosp,0,2024-11-30,33,quantile,0.01,2.0
2024-11-30,wk inc flu hosp,0,2024-11-30,33,quantile,0.025,3.0
2024-11-30,wk inc flu hosp,0,2024-11-30,33,quantile,0.05,4.0
2024-11-30,wk inc flu hosp,0,2024-11-30,33,quantile,0.1,6.0
2024-11-30,wk inc flu hosp,0,2024-11-30,33,quantile,0.15,6.0
2024-11-30,wk inc flu hosp,0,2024-11-30,33,quantile,0.2,7.0
2024-11-30,wk inc flu hosp,0,2024-11-30,33,quantile,0.25,8.0
2024-11-30,wk inc flu hosp,0,2024-11-30,33,quantile,0.3,9.0
2024-11-30,wk inc flu hosp,0,2024-11-30,33,quantile,0.35,9.0
2024-11-30,wk inc flu hosp,0,2024-11-30,33,quantile,0.4,10.0
2024-11-30,wk inc flu hosp,0,2024-11-30,33,quantile,0.45,10.0
2024-11-30,wk inc flu hosp,0,2024-11-30,33,quantile,0.5,11.0
2024-11-30,wk inc flu hosp,0,2024-11-30,33,quantile,0.55,12.0
2024-11-30,wk inc flu hosp,0,2024-11-30,33,quantile,0.6,13.0
2024-11-30,wk inc flu hosp,0,2024-11-30,33,quantile,0.65,14.0
2024-11-30,wk inc flu hosp,0,2024-11-30,33,quantile,0.7,14.0
2024-11-30,wk inc flu hosp,0,2024-11-30,33,quantile,0.75,15.0
2024-11-30,wk inc flu hosp,0,2024-11-30,33,quantile,0.8,16.0
2024-11-30,wk inc flu hosp,0,2024-11-30,33,quantile,0.85,19.0
2024-11-30,wk inc flu hosp,0,2024-11-30,33,quantile,0.9,22.0
2024-11-30,wk inc flu hosp,0,2024-11-30,33,quantile,0.95,26.0
2024-11-30,wk inc flu hosp,0,2024-11-30,33,quantile,0.975,29.0
2024-11-30,wk inc flu hosp,0,2024-11-30,33,quantile,0.99,35.0
2024-11-30,wk inc flu hosp,1,2024-12-07,33,quantile,0.01,1.0
2024-11-30,wk inc flu hosp,1,2024-12-07,33,quantile,0.025,2.0
2024-11-30,wk inc flu hosp,1,2024-12-07,33,quantile,0.05,2.0
2024-11-30,wk inc flu hosp,1,2024-12-07,33,quantile,0.1,4.0
2024-11-30,wk inc flu hosp,1,2024-12-07,33,quantile,0.15,5.0
2024-11-30,wk inc flu hosp,1,2024-12-07,33,quantile,0.2,7.0
2024-11-30,wk inc flu hosp,1,2024-12-07,33,quantile,0.25,8.0
2024-11-30,wk inc flu hosp,1,2024-12-07,33,quantile,0.3,10.0
2024-11-30,wk inc flu hosp,1,2024-12-07,33,quantile,0.35,11.0
2024-11-30,wk inc flu hosp,1,2024-12-07,33,quantile,0.4,12.0
2024-11-30,wk inc flu hosp,1,2024-12-07,33,quantile,0.45,14.0
2024-11-30,wk inc flu hosp,1,2024-12-07,33,quantile,0.5,15.0
2024-11-30,wk inc flu hosp,1,2024-12-07,33,quantile,0.55,17.0
2024-11-30,wk inc flu hosp,1,2024-12-07,33,quantile,0.6,18.0
2024-11-30,wk inc flu hosp,1,2024-12-07,33,quantile,0.65,20.0
2024-11-30,wk inc flu hosp,1,2024-12-07,33,quantile,0.7,22.0
2024-11-30,wk inc flu hosp,1,2024-12-07,33,quantile,0.75,25.0
2024-11-30,wk inc flu hosp,1,2024-12-07,33,quantile,0.8,27.0
2024-11-30,wk inc flu hosp,1,2024-12-07,33,quantile,0.85,31.0
2024-11-30,wk inc flu hosp,1,2024-12-07,33,quantile,0.9,37.0
2024-11-30,wk inc flu hosp,1,2024-12-07,33,quantile,0.95,47.0
2024-11-30,wk inc flu hosp,1,2024-12-07,33,quantile,0.975,58.0
2024-11-30,wk inc flu hosp,1,2024-12-07,33,quantile,0.99,70.0
2024-11-30,wk inc flu hosp,2,2024-12-14,33,quantile,0.01,1.0
2024-11-30,wk inc flu hosp,2,2024-12-14,33,quantile,0.025,1.0
2024-11-30,wk inc flu hosp,2,2024-12-14,33,quantile,0.05,2.0
2024-11-30,wk inc flu hosp,2,2024-12-14,33,quantile,0.1,3.0
2024-11-30,wk inc flu hosp,2,2024-12-14,33,quantile,0.15,6.0
2024-11-30,wk inc flu hosp,2,2024-12-14,33,quantile,0.2,8.0
2024-11-30,wk inc flu hosp,2,2024-12-14,33,quantile,0.25,9.0
2024-11-30,wk inc flu hosp,2,2024-12-14,33,quantile,0.3,11.0
2024-11-30,wk inc flu hosp,2,2024-12-14,33,quantile,0.35,12.0
2024-11-30,wk inc flu hosp,2,2024-12-14,33,quantile,0.4,14.0
2024-11-30,wk inc flu hosp,2,2024-12-14,33,quantile,0.45,16.0
2024-11-30,wk inc flu hosp,2,2024-12-14,33,quantile,0.5,18.0
2024-11-30,wk inc flu hosp,2,2024-12-14,33,quantile,0.55,20.0
2024-11-30,wk inc flu hosp,2,2024-12-14,33,quantile,0.6,22.0
2024-11-30,wk inc flu hosp,2,2024-12-14,33,quantile,0.65,24.0
2024-11-30,wk inc flu hosp,2,2024-12-14,33,quantile,0.7,27.0
2024-11-30,wk inc flu hosp,2,2024-12-14,33,quantile,0.75,30.0
2024-11-30,wk inc flu hosp,2,2024-12-14,33,quantile,0.8,34.0
2024-11-30,wk inc flu hosp,2,2024-12-14,33,quantile,0.85,39.0
2024-11-30,wk inc flu hosp,2,2024-12-14,33,quantile,0.9,48.0
2024-11-30,wk inc flu hosp,2,2024-12-14,33,quantile,0.95,64.0
2024-11-30,wk inc flu hosp,2,2024-12-14,33,quantile,0.975,85.0
2024-11-30,wk inc flu hosp,2,2024-12-14,33,quantile,0.99,99.0
2024-11-30,wk inc flu hosp,3,2024-12-21,33,quantile,0.01,1.0
2024-11-30,wk inc flu hosp,3,2024-12-21,33,quantile,0.025,2.0
2024-11-30,wk inc flu hosp,3,2024-12-21,33,quantile,0.05,2.0
2024-11-30,wk inc flu hosp,3,2024-12-21,33,quantile,0.1,5.0
2024-11-30,wk inc flu hosp,3,2024-12-21,33,quantile,0.15,8.0
2024-11-30,wk inc flu hosp,3,2024-12-21,33,quantile,0.2,10.0
2024-11-30,wk inc flu hosp,3,2024-12-21,33,quantile,0.25,12.0
2024-11-30,wk inc flu hosp,3,2024-12-21,33,quantile,0.3,13.0
2024-11-30,wk inc flu hosp,3,2024-12-21,33,quantile,0.35,15.0
2024-11-30,wk inc flu hosp,3,2024-12-21,33,quantile,0.4,17.0
2024-11-30,wk inc flu hosp,3,2024-12-21,33,quantile,0.45,19.0
2024-11-30,wk inc flu hosp,3,2024-12-21,33,quantile,0.5,21.0
2024-11-30,wk inc flu hosp,3,2024-12-21,33,quantile,0.55,23.0
2024-11-30,wk inc flu hosp,3,2024-12-21,33,quantile,0.6,26.0
2024-11-30,wk inc flu hosp,3,2024-12-21,33,quantile,0.65,29.0
2024-11-30,wk inc flu hosp,3,2024-12-21,33,quantile,0.7,33.0
2024-11-30,wk inc flu hosp,3,2024-12-21,33,quantile,0.75,38.0
2024-11-30,wk inc flu hosp,3,2024-12-21,33,quantile,0.8,42.0
2024-11-30,wk inc flu hosp,3,2024-12-21,33,quantile,0.85,49.0
2024-11-30,wk inc flu hosp,3,2024-12-21,33,quantile,0.9,61.0
2024-11-30,wk inc flu hosp,3,2024-12-21,33,quantile,0.95,82.0
2024-11-30,wk inc flu hosp,3,2024-12-21,33,quantile,0.975,104.0
2024-11-30,wk inc flu hosp,3,2024-12-21,33,quantile,0.99,130.0
2024-11-30,wk inc flu hosp,0,2024-11-30,34,quantile,0.01,4.0
2024-11-30,wk inc flu hosp,0,2024-11-30,34,quantile,0.025,7.0
2024-11-30,wk inc flu hosp,0,2024-11-30,34,quantile,0.05,7.0
2024-11-30,wk inc flu hosp,0,2024-11-30,34,quantile,0.1,8.0
2024-11-30,wk inc flu hosp,0,2024-11-30,34,quantile,0.15,9.0
2024-11-30,wk inc flu hosp,0,2024-11-30,34,quantile,0.2,10.0
2024-11-30,wk inc flu hosp,0,2024-11-30,34,quantile,0.25,11.0
2024-11-30,wk inc flu hosp,0,2024-11-30,34,quantile,0.3,13.0
2024-11-30,wk inc flu hosp,0,2024-11-30,34,quantile,0.35,14.0
2024-11-30,wk inc flu hosp,0,2024-11-30,34,quantile,0.4,15.0
2024-11-30,wk inc flu hosp,0,2024-11-30,34,quantile,0.45,18.0
2024-11-30,wk inc flu hosp,0,2024-11-30,34,quantile,0.5,20.0
2024-11-30,wk inc flu hosp,0,2024-11-30,34,quantile,0.55,24.0
2024-11-30,wk inc flu hosp,0,2024-11-30,34,quantile,0.6,28.0
2024-11-30,wk inc flu hosp,0,2024-11-30,34,quantile,0.65,29.0
2024-11-30,wk inc flu hosp,0,2024-11-30,34,quantile,0.7,35.0
2024-11-30,wk inc flu hosp,0,2024-11-30,34,quantile,0.75,38.0
2024-11-30,wk inc flu hosp,0,2024-11-30,34,quantile,0.8,46.0
2024-11-30,wk inc flu hosp,0,2024-11-30,34,quantile,0.85,50.0
2024-11-30,wk inc flu hosp,0,2024-11-30,34,quantile,0.9,58.0
2024-11-30,wk inc flu hosp,0,2024-11-30,34,quantile,0.95,68.0
2024-11-30,wk inc flu hosp,0,2024-11-30,34,quantile,0.975,118.0
2024-11-30,wk inc flu hosp,0,2024-11-30,34,quantile,0.99,224.0
2024-11-30,wk inc flu hosp,1,2024-12-07,34,quantile,0.01,2.0
2024-11-30,wk inc flu hosp,1,2024-12-07,34,quantile,0.025,4.0
2024-11-30,wk inc flu hosp,1,2024-12-07,34,quantile,0.05,8.0
2024-11-30,wk inc flu hosp,1,2024-12-07,34,quantile,0.1,12.0
2024-11-30,wk inc flu hosp,1,2024-12-07,34,quantile,0.15,15.0
2024-11-30,wk inc flu hosp,1,2024-12-07,34,quantile,0.2,17.0
2024-11-30,wk inc flu hosp,1,2024-12-07,34,quantile,0.25,21.0
2024-11-30,wk inc flu hosp,1,2024-12-07,34,quantile,0.3,27.0
2024-11-30,wk inc flu hosp,1,2024-12-07,34,quantile,0.35,36.0
2024-11-30,wk inc flu hosp,1,2024-12-07,34,quantile,0.4,44.0
2024-11-30,wk inc flu hosp,1,2024-12-07,34,quantile,0.45,52.0
2024-11-30,wk inc flu hosp,1,2024-12-07,34,quantile,0.5,60.0
2024-11-30,wk inc flu hosp,1,2024-12-07,34,quantile,0.55,68.0
2024-11-30,wk inc flu hosp,1,2024-12-07,34,quantile,0.6,76.0
2024-11-30,wk inc flu hosp,1,2024-12-07,34,quantile,0.65,85.0
2024-11-30,wk inc flu hosp,1,2024-12-07,34,quantile,0.7,95.0
2024-11-30,wk inc flu hosp,1,2024-12-07,34,quantile,0.75,105.0
2024-11-30,wk inc flu hosp,1,2024-12-07,34,quantile,0.8,117.0
2024-11-30,wk inc flu hosp,1,2024-12-07,34,quantile,0.85,132.0
2024-11-30,wk inc flu hosp,1,2024-12-07,34,quantile,0.9,159.0
2024-11-30,wk inc flu hosp,1,2024-12-07,34,quantile,0.95,220.0
2024-11-30,wk inc flu hosp,1,2024-12-07,34,quantile,0.975,283.0
2024-11-30,wk inc flu hosp,1,2024-12-07,34,quantile,0.99,342.0
2024-11-30,wk inc flu hosp,2,2024-12-14,34,quantile,0.01,1.0
2024-11-30,wk inc flu hosp,2,2024-12-14,34,quantile,0.025,5.0
2024-11-30,wk inc flu hosp,2,2024-12-14,34,quantile,0.05,11.0
2024-11-30,wk inc flu hosp,2,2024-12-14,34,quantile,0.1,16.0
2024-11-30,wk inc flu hosp,2,2024-12-14,34,quantile,0.15,20.0
2024-11-30,wk inc flu hosp,2,2024-12-14,34,quantile,0.2,27.0
2024-11-30,wk inc flu hosp,2,2024-12-14,34,quantile,0.25,37.0
2024-11-30,wk inc flu hosp,2,2024-12-14,34,quantile,0.3,45.0
2024-11-30,wk inc flu hosp,2,2024-12-14,34,quantile,0.35,54.0
2024-11-30,wk inc flu hosp,2,2024-12-14,34,quantile,0.4,64.0
2024-11-30,wk inc flu hosp,2,2024-12-14,34,quantile,0.45,75.0
2024-11-30,wk inc flu hosp,2,2024-12-14,34,quantile,0.5,86.0
2024-11-30,wk inc flu hosp,2,2024-12-14,34,quantile,0.55,98.0
2024-11-30,wk inc flu hosp,2,2024-12-14,34,quantile,0.6,107.0
2024-11-30,wk inc flu hosp,2,2024-12-14,34,quantile,0.65,119.0
2024-11-30,wk inc flu hosp,2,2024-12-14,34,quantile,0.7,130.0
2024-11-30,wk inc flu hosp,2,2024-12-14,34,quantile,0.75,145.0
2024-11-30,wk inc flu hosp,2,2024-12-14,34,quantile,0.8,163.0
2024-11-30,wk inc flu hosp,2,2024-12-14,34,quantile,0.85,184.0
2024-11-30,wk inc flu hosp,2,2024-12-14,34,quantile,0.9,221.0
2024-11-30,wk inc flu hosp,2,2024-12-14,34,quantile,0.95,295.0
2024-11-30,wk inc flu hosp,2,2024-12-14,34,quantile,0.975,370.0
2024-11-30,wk inc flu hosp,2,2024-12-14,34,quantile,0.99,483.0
2024-11-30,wk inc flu hosp,3,2024-12-21,34,quantile,0.01,8.0
2024-11-30,wk inc flu hosp,3,2024-12-21,34,quantile,0.025,10.0
2024-11-30,wk inc flu hosp,3,2024-12-21,34,quantile,0.05,15.0
2024-11-30,wk inc flu hosp,3,2024-12-21,34,quantile,0.1,28.0
2024-11-30,wk inc flu hosp,3,2024-12-21,34,quantile,0.15,39.0
2024-11-30,wk inc flu hosp,3,2024-12-21,34,quantile,0.2,50.0
2024-11-30,wk inc flu hosp,3,2024-12-21,34,quantile,0.25,63.0
2024-11-30,wk inc flu hosp,3,2024-12-21,34,quantile,0.3,75.0
2024-11-30,wk inc flu hosp,3,2024-12-21,34,quantile,0.35,86.0
2024-11-30,wk inc flu hosp,3,2024-12-21,34,quantile,0.4,98.0
2024-11-30,wk inc flu hosp,3,2024-12-21,34,quantile,0.45,110.0
2024-11-30,wk inc flu hosp,3,2024-12-21,34,quantile,0.5,121.0
2024-11-30,wk inc flu hosp,3,2024-12-21,34,quantile,0.55,133.0
2024-11-30,wk inc flu hosp,3,2024-12-21,34,quantile,0.6,148.0
2024-11-30,wk inc flu hosp,3,2024-12-21,34,quantile,0.65,163.0
2024-11-30,wk inc flu hosp,3,2024-12-21,34,quantile,0.7,178.0
2024-11-30,wk inc flu hosp,3,2024-12-21,34,quantile,0.75,197.0
2024-11-30,wk inc flu hosp,3,2024-12-21,34,quantile,0.8,220.0
2024-11-30,wk inc flu hosp,3,2024-12-21,34,quantile,0.85,251.0
2024-11-30,wk inc flu hosp,3,2024-12-21,34,quantile,0.9,298.0
2024-11-30,wk inc flu hosp,3,2024-12-21,34,quantile,0.95,396.0
2024-11-30,wk inc flu hosp,3,2024-12-21,34,quantile,0.975,492.0
2024-11-30,wk inc flu hosp,3,2024-12-21,34,quantile,0.99,605.0
2024-11-30,wk inc flu hosp,0,2024-11-30,35,quantile,0.01,4.0
2024-11-30,wk inc flu hosp,0,2024-11-30,35,quantile,0.025,6.0
2024-11-30,wk inc flu hosp,0,2024-11-30,35,quantile,0.05,8.0
2024-11-30,wk inc flu hosp,0,2024-11-30,35,quantile,0.1,11.0
2024-11-30,wk inc flu hosp,0,2024-11-30,35,quantile,0.15,15.0
2024-11-30,wk inc flu hosp,0,2024-11-30,35,quantile,0.2,16.0
2024-11-30,wk inc flu hosp,0,2024-11-30,35,quantile,0.25,18.0
2024-11-30,wk inc flu hosp,0,2024-11-30,35,quantile,0.3,19.0
2024-11-30,wk inc flu hosp,0,2024-11-30,35,quantile,0.35,21.0
2024-11-30,wk inc flu hosp,0,2024-11-30,35,quantile,0.4,22.0
2024-11-30,wk inc flu hosp,0,2024-11-30,35,quantile,0.45,24.0
2024-11-30,wk inc flu hosp,0,2024-11-30,35,quantile,0.5,25.0
2024-11-30,wk inc flu hosp,0,2024-11-30,35,quantile,0.55,27.0
2024-11-30,wk inc flu hosp,0,2024-11-30,35,quantile,0.6,29.0
2024-11-30,wk inc flu hosp,0,2024-11-30,35,quantile,0.65,31.0
2024-11-30,wk inc flu hosp,0,2024-11-30,35,quantile,0.7,34.0
2024-11-30,wk inc flu hosp,0,2024-11-30,35,quantile,0.75,36.0
2024-11-30,wk inc flu hosp,0,2024-11-30,35,quantile,0.8,38.0
2024-11-30,wk inc flu hosp,0,2024-11-30,35,quantile,0.85,43.0
2024-11-30,wk inc flu hosp,0,2024-11-30,35,quantile,0.9,46.0
2024-11-30,wk inc flu hosp,0,2024-11-30,35,quantile,0.95,55.0
2024-11-30,wk inc flu hosp,0,2024-11-30,35,quantile,0.975,76.0
2024-11-30,wk inc flu hosp,0,2024-11-30,35,quantile,0.99,91.0
2024-11-30,wk inc flu hosp,1,2024-12-07,35,quantile,0.01,4.0
2024-11-30,wk inc flu hosp,1,2024-12-07,35,quantile,0.025,7.0
2024-11-30,wk inc flu hosp,1,2024-12-07,35,quantile,0.05,9.0
2024-11-30,wk inc flu hosp,1,2024-12-07,35,quantile,0.1,13.0
2024-11-30,wk inc flu hosp,1,2024-12-07,35,quantile,0.15,15.0
2024-11-30,wk inc flu hosp,1,2024-12-07,35,quantile,0.2,17.0
2024-11-30,wk inc flu hosp,1,2024-12-07,35,quantile,0.25,20.0
2024-11-30,wk inc flu hosp,1,2024-12-07,35,quantile,0.3,22.0
2024-11-30,wk inc flu hosp,1,2024-12-07,35,quantile,0.35,25.0
2024-11-30,wk inc flu hosp,1,2024-12-07,35,quantile,0.4,28.0
2024-11-30,wk inc flu hosp,1,2024-12-07,35,quantile,0.45,31.0
2024-11-30,wk inc flu hosp,1,2024-12-07,35,quantile,0.5,34.0
2024-11-30,wk inc flu hosp,1,2024-12-07,35,quantile,0.55,37.0
2024-11-30,wk inc flu hosp,1,2024-12-07,35,quantile,0.6,40.0
2024-11-30,wk inc flu hosp,1,2024-12-07,35,quantile,0.65,43.0
2024-11-30,wk inc flu hosp,1,2024-12-07,35,quantile,0.7,47.0
2024-11-30,wk inc flu hosp,1,2024-12-07,35,quantile,0.75,51.0
2024-11-30,wk inc flu hosp,1,2024-12-07,35,quantile,0.8,56.0
2024-11-30,wk inc flu hosp,1,2024-12-07,35,quantile,0.85,63.0
2024-11-30,wk inc flu hosp,1,2024-12-07,35,quantile,0.9,74.0
2024-11-30,wk inc flu hosp,1,2024-12-07,35,quantile,0.95,96.0
2024-11-30,wk inc flu hosp,1,2024-12-07,35,quantile,0.975,114.0
2024-11-30,wk inc flu hosp,1,2024-12-07,35,quantile,0.99,133.0
2024-11-30,wk inc flu hosp,2,2024-12-14,35,quantile,0.01,8.0
2024-11-30,wk inc flu hosp,2,2024-12-14,35,quantile,0.025,10.0
2024-11-30,wk inc flu hosp,2,2024-12-14,35,quantile,0.05,14.0
2024-11-30,wk inc flu hosp,2,2024-12-14,35,quantile,0.1,18.0
2024-11-30,wk inc flu hosp,2,2024-12-14,35,quantile,0.15,20.0
2024-11-30,wk inc flu hosp,2,2024-12-14,35,quantile,0.2,24.0
2024-11-30,wk inc flu hosp,2,2024-12-14,35,quantile,0.25,28.0
2024-11-30,wk inc flu hosp,2,2024-12-14,35,quantile,0.3,31.0
2024-11-30,wk inc flu hosp,2,2024-12-14,35,quantile,0.35,35.0
2024-11-30,wk inc flu hosp,2,2024-12-14,35,quantile,0.4,38.0
2024-11-30,wk inc flu hosp,2,2024-12-14,35,quantile,0.45,42.0
2024-11-30,wk inc flu hosp,2,2024-12-14,35,quantile,0.5,46.0
2024-11-30,wk inc flu hosp,2,2024-12-14,35,quantile,0.55,49.0
2024-11-30,wk inc flu hosp,2,2024-12-14,35,quantile,0.6,53.0
2024-11-30,wk inc flu hosp,2,2024-12-14,35,quantile,0.65,59.0
2024-11-30,wk inc flu hosp,2,2024-12-14,35,quantile,0.7,64.0
2024-11-30,wk inc flu hosp,2,2024-12-14,35,quantile,0.75,71.0
2024-11-30,wk inc flu hosp,2,2024-12-14,35,quantile,0.8,78.0
2024-11-30,wk inc flu hosp,2,2024-12-14,35,quantile,0.85,89.0
2024-11-30,wk inc flu hosp,2,2024-12-14,35,quantile,0.9,103.0
2024-11-30,wk inc flu hosp,2,2024-12-14,35,quantile,0.95,135.0
2024-11-30,wk inc flu hosp,2,2024-12-14,35,quantile,0.975,161.0
2024-11-30,wk inc flu hosp,2,2024-12-14,35,quantile,0.99,198.0
2024-11-30,wk inc flu hosp,3,2024-12-21,35,quantile,0.01,10.0
2024-11-30,wk inc flu hosp,3,2024-12-21,35,quantile,0.025,14.0
2024-11-30,wk inc flu hosp,3,2024-12-21,35,quantile,0.05,19.0
2024-11-30,wk inc flu hosp,3,2024-12-21,35,quantile,0.1,24.0
2024-11-30,wk inc flu hosp,3,2024-12-21,35,quantile,0.15,27.0
2024-11-30,wk inc flu hosp,3,2024-12-21,35,quantile,0.2,32.0
2024-11-30,wk inc flu hosp,3,2024-12-21,35,quantile,0.25,37.0
2024-11-30,wk inc flu hosp,3,2024-12-21,35,quantile,0.3,41.0
2024-11-30,wk inc flu hosp,3,2024-12-21,35,quantile,0.35,45.0
2024-11-30,wk inc flu hosp,3,2024-12-21,35,quantile,0.4,49.0
2024-11-30,wk inc flu hosp,3,2024-12-21,35,quantile,0.45,54.0
2024-11-30,wk inc flu hosp,3,2024-12-21,35,quantile,0.5,59.0
2024-11-30,wk inc flu hosp,3,2024-12-21,35,quantile,0.55,65.0
2024-11-30,wk inc flu hosp,3,2024-12-21,35,quantile,0.6,71.0
2024-11-30,wk inc flu hosp,3,2024-12-21,35,quantile,0.65,78.0
2024-11-30,wk inc flu hosp,3,2024-12-21,35,quantile,0.7,86.0
2024-11-30,wk inc flu hosp,3,2024-12-21,35,quantile,0.75,95.0
2024-11-30,wk inc flu hosp,3,2024-12-21,35,quantile,0.8,105.0
2024-11-30,wk inc flu hosp,3,2024-12-21,35,quantile,0.85,119.0
2024-11-30,wk inc flu hosp,3,2024-12-21,35,quantile,0.9,138.0
2024-11-30,wk inc flu hosp,3,2024-12-21,35,quantile,0.95,173.0
2024-11-30,wk inc flu hosp,3,2024-12-21,35,quantile,0.975,205.0
2024-11-30,wk inc flu hosp,3,2024-12-21,35,quantile,0.99,252.0
2024-11-30,wk inc flu hosp,0,2024-11-30,36,quantile,0.01,29.0
2024-11-30,wk inc flu hosp,0,2024-11-30,36,quantile,0.025,44.0
2024-11-30,wk inc flu hosp,0,2024-11-30,36,quantile,0.05,57.0
2024-11-30,wk inc flu hosp,0,2024-11-30,36,quantile,0.1,76.0
2024-11-30,wk inc flu hosp,0,2024-11-30,36,quantile,0.15,88.0
2024-11-30,wk inc flu hosp,0,2024-11-30,36,quantile,0.2,104.0
2024-11-30,wk inc flu hosp,0,2024-11-30,36,quantile,0.25,111.0
2024-11-30,wk inc flu hosp,0,2024-11-30,36,quantile,0.3,121.0
2024-11-30,wk inc flu hosp,0,2024-11-30,36,quantile,0.35,132.0
2024-11-30,wk inc flu hosp,0,2024-11-30,36,quantile,0.4,138.0
2024-11-30,wk inc flu hosp,0,2024-11-30,36,quantile,0.45,143.0
2024-11-30,wk inc flu hosp,0,2024-11-30,36,quantile,0.5,150.0
2024-11-30,wk inc flu hosp,0,2024-11-30,36,quantile,0.55,160.0
2024-11-30,wk inc flu hosp,0,2024-11-30,36,quantile,0.6,168.0
2024-11-30,wk inc flu hosp,0,2024-11-30,36,quantile,0.65,178.0
2024-11-30,wk inc flu hosp,0,2024-11-30,36,quantile,0.7,187.0
2024-11-30,wk inc flu hosp,0,2024-11-30,36,quantile,0.75,196.0
2024-11-30,wk inc flu hosp,0,2024-11-30,36,quantile,0.8,218.0
2024-11-30,wk inc flu hosp,0,2024-11-30,36,quantile,0.85,227.0
2024-11-30,wk inc flu hosp,0,2024-11-30,36,quantile,0.9,239.0
2024-11-30,wk inc flu hosp,0,2024-11-30,36,quantile,0.95,276.0
2024-11-30,wk inc flu hosp,0,2024-11-30,36,quantile,0.975,321.0
2024-11-30,wk inc flu hosp,0,2024-11-30,36,quantile,0.99,386.0
2024-11-30,wk inc flu hosp,1,2024-12-07,36,quantile,0.01,15.0
2024-11-30,wk inc flu hosp,1,2024-12-07,36,quantile,0.025,39.0
2024-11-30,wk inc flu hosp,1,2024-12-07,36,quantile,0.05,56.0
2024-11-30,wk inc flu hosp,1,2024-12-07,36,quantile,0.1,78.0
2024-11-30,wk inc flu hosp,1,2024-12-07,36,quantile,0.15,102.0
2024-11-30,wk inc flu hosp,1,2024-12-07,36,quantile,0.2,120.0
2024-11-30,wk inc flu hosp,1,2024-12-07,36,quantile,0.25,135.0
2024-11-30,wk inc flu hosp,1,2024-12-07,36,quantile,0.3,148.0
2024-11-30,wk inc flu hosp,1,2024-12-07,36,quantile,0.35,162.0
2024-11-30,wk inc flu hosp,1,2024-12-07,36,quantile,0.4,176.0
2024-11-30,wk inc flu hosp,1,2024-12-07,36,quantile,0.45,189.0
2024-11-30,wk inc flu hosp,1,2024-12-07,36,quantile,0.5,202.0
2024-11-30,wk inc flu hosp,1,2024-12-07,36,quantile,0.55,215.0
2024-11-30,wk inc flu hosp,1,2024-12-07,36,quantile,0.6,227.0
2024-11-30,wk inc flu hosp,1,2024-12-07,36,quantile,0.65,243.0
2024-11-30,wk inc flu hosp,1,2024-12-07,36,quantile,0.7,260.0
2024-11-30,wk inc flu hosp,1,2024-12-07,36,quantile,0.75,281.0
2024-11-30,wk inc flu hosp,1,2024-12-07,36,quantile,0.8,309.0
2024-11-30,wk inc flu hosp,1,2024-12-07,36,quantile,0.85,342.0
2024-11-30,wk inc flu hosp,1,2024-12-07,36,quantile,0.9,392.0
2024-11-30,wk inc flu hosp,1,2024-12-07,36,quantile,0.95,485.0
2024-11-30,wk inc flu hosp,1,2024-12-07,36,quantile,0.975,586.0
2024-11-30,wk inc flu hosp,1,2024-12-07,36,quantile,0.99,694.0
2024-11-30,wk inc flu hosp,2,2024-12-14,36,quantile,0.01,50.0
2024-11-30,wk inc flu hosp,2,2024-12-14,36,quantile,0.025,71.0
2024-11-30,wk inc flu hosp,2,2024-12-14,36,quantile,0.05,99.0
2024-11-30,wk inc flu hosp,2,2024-12-14,36,quantile,0.1,142.0
2024-11-30,wk inc flu hosp,2,2024-12-14,36,quantile,0.15,167.0
2024-11-30,wk inc flu hosp,2,2024-12-14,36,quantile,0.2,187.0
2024-11-30,wk inc flu hosp,2,2024-12-14,36,quantile,0.25,205.0
2024-11-30,wk inc flu hosp,2,2024-12-14,36,quantile,0.3,221.0
2024-11-30,wk inc flu hosp,2,2024-12-14,36,quantile,0.35,238.0
2024-11-30,wk inc flu hosp,2,2024-12-14,36,quantile,0.4,254.0
2024-11-30,wk inc flu hosp,2,2024-12-14,36,quantile,0.45,270.0
2024-11-30,wk inc flu hosp,2,2024-12-14,36,quantile,0.5,290.0
2024-11-30,wk inc flu hosp,2,2024-12-14,36,quantile,0.55,307.0
2024-11-30,wk inc flu hosp,2,2024-12-14,36,quantile,0.6,325.0
2024-11-30,wk inc flu hosp,2,2024-12-14,36,quantile,0.65,349.0
2024-11-30,wk inc flu hosp,2,2024-12-14,36,quantile,0.7,372.0
2024-11-30,wk inc flu hosp,2,2024-12-14,36,quantile,0.75,402.0
2024-11-30,wk inc flu hosp,2,2024-12-14,36,quantile,0.8,440.0
2024-11-30,wk inc flu hosp,2,2024-12-14,36,quantile,0.85,489.0
2024-11-30,wk inc flu hosp,2,2024-12-14,36,quantile,0.9,557.0
2024-11-30,wk inc flu hosp,2,2024-12-14,36,quantile,0.95,701.0
2024-11-30,wk inc flu hosp,2,2024-12-14,36,quantile,0.975,862.0
2024-11-30,wk inc flu hosp,2,2024-12-14,36,quantile,0.99,1081.0
2024-11-30,wk inc flu hosp,3,2024-12-21,36,quantile,0.01,73.0
2024-11-30,wk inc flu hosp,3,2024-12-21,36,quantile,0.025,107.0
2024-11-30,wk inc flu hosp,3,2024-12-21,36,quantile,0.05,136.0
2024-11-30,wk inc flu hosp,3,2024-12-21,36,quantile,0.1,183.0
2024-11-30,wk inc flu hosp,3,2024-12-21,36,quantile,0.15,211.0
2024-11-30,wk inc flu hosp,3,2024-12-21,36,quantile,0.2,237.0
2024-11-30,wk inc flu hosp,3,2024-12-21,36,quantile,0.25,260.0
2024-11-30,wk inc flu hosp,3,2024-12-21,36,quantile,0.3,282.0
2024-11-30,wk inc flu hosp,3,2024-12-21,36,quantile,0.35,306.0
2024-11-30,wk inc flu hosp,3,2024-12-21,36,quantile,0.4,328.0
2024-11-30,wk inc flu hosp,3,2024-12-21,36,quantile,0.45,348.0
2024-11-30,wk inc flu hosp,3,2024-12-21,36,quantile,0.5,370.0
2024-11-30,wk inc flu hosp,3,2024-12-21,36,quantile,0.55,393.0
2024-11-30,wk inc flu hosp,3,2024-12-21,36,quantile,0.6,415.0
2024-11-30,wk inc flu hosp,3,2024-12-21,36,quantile,0.65,439.0
2024-11-30,wk inc flu hosp,3,2024-12-21,36,quantile,0.7,471.0
2024-11-30,wk inc flu hosp,3,2024-12-21,36,quantile,0.75,513.0
2024-11-30,wk inc flu hosp,3,2024-12-21,36,quantile,0.8,563.0
2024-11-30,wk inc flu hosp,3,2024-12-21,36,quantile,0.85,624.0
2024-11-30,wk inc flu hosp,3,2024-12-21,36,quantile,0.9,716.0
2024-11-30,wk inc flu hosp,3,2024-12-21,36,quantile,0.95,919.0
2024-11-30,wk inc flu hosp,3,2024-12-21,36,quantile,0.975,1116.0
2024-11-30,wk inc flu hosp,3,2024-12-21,36,quantile,0.99,1531.0
2024-11-30,wk inc flu hosp,0,2024-11-30,37,quantile,0.01,3.0
2024-11-30,wk inc flu hosp,0,2024-11-30,37,quantile,0.025,7.0
2024-11-30,wk inc flu hosp,0,2024-11-30,37,quantile,0.05,8.0
2024-11-30,wk inc flu hosp,0,2024-11-30,37,quantile,0.1,8.0
2024-11-30,wk inc flu hosp,0,2024-11-30,37,quantile,0.15,10.0
2024-11-30,wk inc flu hosp,0,2024-11-30,37,quantile,0.2,12.0
2024-11-30,wk inc flu hosp,0,2024-11-30,37,quantile,0.25,15.0
2024-11-30,wk inc flu hosp,0,2024-11-30,37,quantile,0.3,17.0
2024-11-30,wk inc flu hosp,0,2024-11-30,37,quantile,0.35,20.0
2024-11-30,wk inc flu hosp,0,2024-11-30,37,quantile,0.4,22.0
2024-11-30,wk inc flu hosp,0,2024-11-30,37,quantile,0.45,26.0
2024-11-30,wk inc flu hosp,0,2024-11-30,37,quantile,0.5,30.0
2024-11-30,wk inc flu hosp,0,2024-11-30,37,quantile,0.55,33.0
2024-11-30,wk inc flu hosp,0,2024-11-30,37,quantile,0.6,36.0
2024-11-30,wk inc flu hosp,0,2024-11-30,37,quantile,0.65,41.0
2024-11-30,wk inc flu hosp,0,2024-11-30,37,quantile,0.7,46.0
2024-11-30,wk inc flu hosp,0,2024-11-30,37,quantile,0.75,52.0
2024-11-30,wk inc flu hosp,0,2024-11-30,37,quantile,0.8,61.0
2024-11-30,wk inc flu hosp,0,2024-11-30,37,quantile,0.85,72.0
2024-11-30,wk inc flu hosp,0,2024-11-30,37,quantile,0.9,88.0
2024-11-30,wk inc flu hosp,0,2024-11-30,37,quantile,0.95,123.0
2024-11-30,wk inc flu hosp,0,2024-11-30,37,quantile,0.975,147.0
2024-11-30,wk inc flu hosp,0,2024-11-30,37,quantile,0.99,185.0
2024-11-30,wk inc flu hosp,1,2024-12-07,37,quantile,0.01,3.0
2024-11-30,wk inc flu hosp,1,2024-12-07,37,quantile,0.025,4.0
2024-11-30,wk inc flu hosp,1,2024-12-07,37,quantile,0.05,6.0
2024-11-30,wk inc flu hosp,1,2024-12-07,37,quantile,0.1,6.0
2024-11-30,wk inc flu hosp,1,2024-12-07,37,quantile,0.15,8.0
2024-11-30,wk inc flu hosp,1,2024-12-07,37,quantile,0.2,11.0
2024-11-30,wk inc flu hosp,1,2024-12-07,37,quantile,0.25,17.0
2024-11-30,wk inc flu hosp,1,2024-12-07,37,quantile,0.3,24.0
2024-11-30,wk inc flu hosp,1,2024-12-07,37,quantile,0.35,32.0
2024-11-30,wk inc flu hosp,1,2024-12-07,37,quantile,0.4,39.0
2024-11-30,wk inc flu hosp,1,2024-12-07,37,quantile,0.45,46.0
2024-11-30,wk inc flu hosp,1,2024-12-07,37,quantile,0.5,53.0
2024-11-30,wk inc flu hosp,1,2024-12-07,37,quantile,0.55,61.0
2024-11-30,wk inc flu hosp,1,2024-12-07,37,quantile,0.6,68.0
2024-11-30,wk inc flu hosp,1,2024-12-07,37,quantile,0.65,76.0
2024-11-30,wk inc flu hosp,1,2024-12-07,37,quantile,0.7,86.0
2024-11-30,wk inc flu hosp,1,2024-12-07,37,quantile,0.75,98.0
2024-11-30,wk inc flu hosp,1,2024-12-07,37,quantile,0.8,109.0
2024-11-30,wk inc flu hosp,1,2024-12-07,37,quantile,0.85,126.0
2024-11-30,wk inc flu hosp,1,2024-12-07,37,quantile,0.9,151.0
2024-11-30,wk inc flu hosp,1,2024-12-07,37,quantile,0.95,191.0
2024-11-30,wk inc flu hosp,1,2024-12-07,37,quantile,0.975,232.0
2024-11-30,wk inc flu hosp,1,2024-12-07,37,quantile,0.99,273.0
2024-11-30,wk inc flu hosp,2,2024-12-14,37,quantile,0.01,5.0
2024-11-30,wk inc flu hosp,2,2024-12-14,37,quantile,0.025,6.0
2024-11-30,wk inc flu hosp,2,2024-12-14,37,quantile,0.05,11.0
2024-11-30,wk inc flu hosp,2,2024-12-14,37,quantile,0.1,20.0
2024-11-30,wk inc flu hosp,2,2024-12-14,37,quantile,0.15,28.0
2024-11-30,wk inc flu hosp,2,2024-12-14,37,quantile,0.2,34.0
2024-11-30,wk inc flu hosp,2,2024-12-14,37,quantile,0.25,43.0
2024-11-30,wk inc flu hosp,2,2024-12-14,37,quantile,0.3,52.0
2024-11-30,wk inc flu hosp,2,2024-12-14,37,quantile,0.35,61.0
2024-11-30,wk inc flu hosp,2,2024-12-14,37,quantile,0.4,70.0
2024-11-30,wk inc flu hosp,2,2024-12-14,37,quantile,0.45,78.0
2024-11-30,wk inc flu hosp,2,2024-12-14,37,quantile,0.5,88.0
2024-11-30,wk inc flu hosp,2,2024-12-14,37,quantile,0.55,97.0
2024-11-30,wk inc flu hosp,2,2024-12-14,37,quantile,0.6,106.0
2024-11-30,wk inc flu hosp,2,2024-12-14,37,quantile,0.65,118.0
2024-11-30,wk inc flu hosp,2,2024-12-14,37,quantile,0.7,130.0
2024-11-30,wk inc flu hosp,2,2024-12-14,37,quantile,0.75,145.0
2024-11-30,wk inc flu hosp,2,2024-12-14,37,quantile,0.8,160.0
2024-11-30,wk inc flu hosp,2,2024-12-14,37,quantile,0.85,183.0
2024-11-30,wk inc flu hosp,2,2024-12-14,37,quantile,0.9,215.0
2024-11-30,wk inc flu hosp,2,2024-12-14,37,quantile,0.95,265.0
2024-11-30,wk inc flu hosp,2,2024-12-14,37,quantile,0.975,325.0
2024-11-30,wk inc flu hosp,2,2024-12-14,37,quantile,0.99,391.0
2024-11-30,wk inc flu hosp,3,2024-12-21,37,quantile,0.01,6.0
2024-11-30,wk inc flu hosp,3,2024-12-21,37,quantile,0.025,8.0
2024-11-30,wk inc flu hosp,3,2024-12-21,37,quantile,0.05,9.0
2024-11-30,wk inc flu hosp,3,2024-12-21,37,quantile,0.1,20.0
2024-11-30,wk inc flu hosp,3,2024-12-21,37,quantile,0.15,29.0
2024-11-30,wk inc flu hosp,3,2024-12-21,37,quantile,0.2,40.0
2024-11-30,wk inc flu hosp,3,2024-12-21,37,quantile,0.25,52.0
2024-11-30,wk inc flu hosp,3,2024-12-21,37,quantile,0.3,62.0
2024-11-30,wk inc flu hosp,3,2024-12-21,37,quantile,0.35,72.0
2024-11-30,wk inc flu hosp,3,2024-12-21,37,quantile,0.4,82.0
2024-11-30,wk inc flu hosp,3,2024-12-21,37,quantile,0.45,93.0
2024-11-30,wk inc flu hosp,3,2024-12-21,37,quantile,0.5,102.0
2024-11-30,wk inc flu hosp,3,2024-12-21,37,quantile,0.55,113.0
2024-11-30,wk inc flu hosp,3,2024-12-21,37,quantile,0.6,125.0
2024-11-30,wk inc flu hosp,3,2024-12-21,37,quantile,0.65,141.0
2024-11-30,wk inc flu hosp,3,2024-12-21,37,quantile,0.7,157.0
2024-11-30,wk inc flu hosp,3,2024-12-21,37,quantile,0.75,175.0
2024-11-30,wk inc flu hosp,3,2024-12-21,37,quantile,0.8,195.0
2024-11-30,wk inc flu hosp,3,2024-12-21,37,quantile,0.85,221.0
2024-11-30,wk inc flu hosp,3,2024-12-21,37,quantile,0.9,258.0
2024-11-30,wk inc flu hosp,3,2024-12-21,37,quantile,0.95,322.0
2024-11-30,wk inc flu hosp,3,2024-12-21,37,quantile,0.975,390.0
2024-11-30,wk inc flu hosp,3,2024-12-21,37,quantile,0.99,510.0
2024-11-30,wk inc flu hosp,0,2024-11-30,38,quantile,0.01,0.0
2024-11-30,wk inc flu hosp,0,2024-11-30,38,quantile,0.025,0.0
2024-11-30,wk inc flu hosp,0,2024-11-30,38,quantile,0.05,0.0
2024-11-30,wk inc flu hosp,0,2024-11-30,38,quantile,0.1,0.0
2024-11-30,wk inc flu hosp,0,2024-11-30,38,quantile,0.15,1.0
2024-11-30,wk inc flu hosp,0,2024-11-30,38,quantile,0.2,1.0
2024-11-30,wk inc flu hosp,0,2024-11-30,38,quantile,0.25,1.0
2024-11-30,wk inc flu hosp,0,2024-11-30,38,quantile,0.3,2.0
2024-11-30,wk inc flu hosp,0,2024-11-30,38,quantile,0.35,2.0
2024-11-30,wk inc flu hosp,0,2024-11-30,38,quantile,0.4,3.0
2024-11-30,wk inc flu hosp,0,2024-11-30,38,quantile,0.45,3.0
2024-11-30,wk inc flu hosp,0,2024-11-30,38,quantile,0.5,4.0
2024-11-30,wk inc flu hosp,0,2024-11-30,38,quantile,0.55,4.0
2024-11-30,wk inc flu hosp,0,2024-11-30,38,quantile,0.6,5.0
2024-11-30,wk inc flu hosp,0,2024-11-30,38,quantile,0.65,5.0
2024-11-30,wk inc flu hosp,0,2024-11-30,38,quantile,0.7,6.0
2024-11-30,wk inc flu hosp,0,2024-11-30,38,quantile,0.75,7.0
2024-11-30,wk inc flu hosp,0,2024-11-30,38,quantile,0.8,8.0
2024-11-30,wk inc flu hosp,0,2024-11-30,38,quantile,0.85,9.0
2024-11-30,wk inc flu hosp,0,2024-11-30,38,quantile,0.9,10.0
2024-11-30,wk inc flu hosp,0,2024-11-30,38,quantile,0.95,12.0
2024-11-30,wk inc flu hosp,0,2024-11-30,38,quantile,0.975,14.0
2024-11-30,wk inc flu hosp,0,2024-11-30,38,quantile,0.99,17.0
2024-11-30,wk inc flu hosp,1,2024-12-07,38,quantile,0.01,0.0
2024-11-30,wk inc flu hosp,1,2024-12-07,38,quantile,0.025,0.0
2024-11-30,wk inc flu hosp,1,2024-12-07,38,quantile,0.05,1.0
2024-11-30,wk inc flu hosp,1,2024-12-07,38,quantile,0.1,1.0
2024-11-30,wk inc flu hosp,1,2024-12-07,38,quantile,0.15,1.0
2024-11-30,wk inc flu hosp,1,2024-12-07,38,quantile,0.2,2.0
2024-11-30,wk inc flu hosp,1,2024-12-07,38,quantile,0.25,2.0
2024-11-30,wk inc flu hosp,1,2024-12-07,38,quantile,0.3,3.0
2024-11-30,wk inc flu hosp,1,2024-12-07,38,quantile,0.35,3.0
2024-11-30,wk inc flu hosp,1,2024-12-07,38,quantile,0.4,4.0
2024-11-30,wk inc flu hosp,1,2024-12-07,38,quantile,0.45,4.0
2024-11-30,wk inc flu hosp,1,2024-12-07,38,quantile,0.5,5.0
2024-11-30,wk inc flu hosp,1,2024-12-07,38,quantile,0.55,6.0
2024-11-30,wk inc flu hosp,1,2024-12-07,38,quantile,0.6,6.0
2024-11-30,wk inc flu hosp,1,2024-12-07,38,quantile,0.65,7.0
2024-11-30,wk inc flu hosp,1,2024-12-07,38,quantile,0.7,8.0
2024-11-30,wk inc flu hosp,1,2024-12-07,38,quantile,0.75,9.0
2024-11-30,wk inc flu hosp,1,2024-12-07,38,quantile,0.8,10.0
2024-11-30,wk inc flu hosp,1,2024-12-07,38,quantile,0.85,11.0
2024-11-30,wk inc flu hosp,1,2024-12-07,38,quantile,0.9,13.0
2024-11-30,wk inc flu hosp,1,2024-12-07,38,quantile,0.95,16.0
2024-11-30,wk inc flu hosp,1,2024-12-07,38,quantile,0.975,19.0
2024-11-30,wk inc flu hosp,1,2024-12-07,38,quantile,0.99,22.0
2024-11-30,wk inc flu hosp,2,2024-12-14,38,quantile,0.01,0.0
2024-11-30,wk inc flu hosp,2,2024-12-14,38,quantile,0.025,1.0
2024-11-30,wk inc flu hosp,2,2024-12-14,38,quantile,0.05,1.0
2024-11-30,wk inc flu hosp,2,2024-12-14,38,quantile,0.1,2.0
2024-11-30,wk inc flu hosp,2,2024-12-14,38,quantile,0.15,3.0
2024-11-30,wk inc flu hosp,2,2024-12-14,38,quantile,0.2,4.0
2024-11-30,wk inc flu hosp,2,2024-12-14,38,quantile,0.25,4.0
2024-11-30,wk inc flu hosp,2,2024-12-14,38,quantile,0.3,5.0
2024-11-30,wk inc flu hosp,2,2024-12-14,38,quantile,0.35,6.0
2024-11-30,wk inc flu hosp,2,2024-12-14,38,quantile,0.4,6.0
2024-11-30,wk inc flu hosp,2,2024-12-14,38,quantile,0.45,7.0
2024-11-30,wk inc flu hosp,2,2024-12-14,38,quantile,0.5,8.0
2024-11-30,wk inc flu hosp,2,2024-12-14,38,quantile,0.55,9.0
2024-11-30,wk inc flu hosp,2,2024-12-14,38,quantile,0.6,10.0
2024-11-30,wk inc flu hosp,2,2024-12-14,38,quantile,0.65,11.0
2024-11-30,wk inc flu hosp,2,2024-12-14,38,quantile,0.7,11.0
2024-11-30,wk inc flu hosp,2,2024-12-14,38,quantile,0.75,13.0
2024-11-30,wk inc flu hosp,2,2024-12-14,38,quantile,0.8,14.0
2024-11-30,wk inc flu hosp,2,2024-12-14,38,quantile,0.85,15.0
2024-11-30,wk inc flu hosp,2,2024-12-14,38,quantile,0.9,17.0
2024-11-30,wk inc flu hosp,2,2024-12-14,38,quantile,0.95,22.0
2024-11-30,wk inc flu hosp,2,2024-12-14,38,quantile,0.975,26.0
2024-11-30,wk inc flu hosp,2,2024-12-14,38,quantile,0.99,32.0
2024-11-30,wk inc flu hosp,3,2024-12-21,38,quantile,0.01,0.0
2024-11-30,wk inc flu hosp,3,2024-12-21,38,quantile,0.025,1.0
2024-11-30,wk inc flu hosp,3,2024-12-21,38,quantile,0.05,2.0
2024-11-30,wk inc flu hosp,3,2024-12-21,38,quantile,0.1,3.0
2024-11-30,wk inc flu hosp,3,2024-12-21,38,quantile,0.15,4.0
2024-11-30,wk inc flu hosp,3,2024-12-21,38,quantile,0.2,4.0
2024-11-30,wk inc flu hosp,3,2024-12-21,38,quantile,0.25,5.0
2024-11-30,wk inc flu hosp,3,2024-12-21,38,quantile,0.3,6.0
2024-11-30,wk inc flu hosp,3,2024-12-21,38,quantile,0.35,7.0
2024-11-30,wk inc flu hosp,3,2024-12-21,38,quantile,0.4,8.0
2024-11-30,wk inc flu hosp,3,2024-12-21,38,quantile,0.45,9.0
2024-11-30,wk inc flu hosp,3,2024-12-21,38,quantile,0.5,10.0
2024-11-30,wk inc flu hosp,3,2024-12-21,38,quantile,0.55,11.0
2024-11-30,wk inc flu hosp,3,2024-12-21,38,quantile,0.6,12.0
2024-11-30,wk inc flu hosp,3,2024-12-21,38,quantile,0.65,13.0
2024-11-30,wk inc flu hosp,3,2024-12-21,38,quantile,0.7,14.0
2024-11-30,wk inc flu hosp,3,2024-12-21,38,quantile,0.75,16.0
2024-11-30,wk inc flu hosp,3,2024-12-21,38,quantile,0.8,17.0
2024-11-30,wk inc flu hosp,3,2024-12-21,38,quantile,0.85,20.0
2024-11-30,wk inc flu hosp,3,2024-12-21,38,quantile,0.9,23.0
2024-11-30,wk inc flu hosp,3,2024-12-21,38,quantile,0.95,28.0
2024-11-30,wk inc flu hosp,3,2024-12-21,38,quantile,0.975,35.0
2024-11-30,wk inc flu hosp,3,2024-12-21,38,quantile,0.99,43.0
2024-11-30,wk inc flu hosp,0,2024-11-30,39,quantile,0.01,199.0
2024-11-30,wk inc flu hosp,0,2024-11-30,39,quantile,0.025,224.0
2024-11-30,wk inc flu hosp,0,2024-11-30,39,quantile,0.05,315.0
2024-11-30,wk inc flu hosp,0,2024-11-30,39,quantile,0.1,391.0
2024-11-30,wk inc flu hosp,0,2024-11-30,39,quantile,0.15,435.0
2024-11-30,wk inc flu hosp,0,2024-11-30,39,quantile,0.2,472.0
2024-11-30,wk inc flu hosp,0,2024-11-30,39,quantile,0.25,498.0
2024-11-30,wk inc flu hosp,0,2024-11-30,39,quantile,0.3,532.0
2024-11-30,wk inc flu hosp,0,2024-11-30,39,quantile,0.35,554.0
2024-11-30,wk inc flu hosp,0,2024-11-30,39,quantile,0.4,572.0
2024-11-30,wk inc flu hosp,0,2024-11-30,39,quantile,0.45,595.0
2024-11-30,wk inc flu hosp,0,2024-11-30,39,quantile,0.5,612.0
2024-11-30,wk inc flu hosp,0,2024-11-30,39,quantile,0.55,641.0
2024-11-30,wk inc flu hosp,0,2024-11-30,39,quantile,0.6,660.0
2024-11-30,wk inc flu hosp,0,2024-11-30,39,quantile,0.65,680.0
2024-11-30,wk inc flu hosp,0,2024-11-30,39,quantile,0.7,707.0
2024-11-30,wk inc flu hosp,0,2024-11-30,39,quantile,0.75,741.0
2024-11-30,wk inc flu hosp,0,2024-11-30,39,quantile,0.8,776.0
2024-11-30,wk inc flu hosp,0,2024-11-30,39,quantile,0.85,812.0
2024-11-30,wk inc flu hosp,0,2024-11-30,39,quantile,0.9,873.0
2024-11-30,wk inc flu hosp,0,2024-11-30,39,quantile,0.95,974.0
2024-11-30,wk inc flu hosp,0,2024-11-30,39,quantile,0.975,1060.0
2024-11-30,wk inc flu hosp,0,2024-11-30,39,quantile,0.99,1203.0
2024-11-30,wk inc flu hosp,1,2024-12-07,39,quantile,0.01,213.0
2024-11-30,wk inc flu hosp,1,2024-12-07,39,quantile,0.025,244.0
2024-11-30,wk inc flu hosp,1,2024-12-07,39,quantile,0.05,282.0
2024-11-30,wk inc flu hosp,1,2024-12-07,39,quantile,0.1,351.0
2024-11-30,wk inc flu hosp,1,2024-12-07,39,quantile,0.15,404.0
2024-11-30,wk inc flu hosp,1,2024-12-07,39,quantile,0.2,442.0
2024-11-30,wk inc flu hosp,1,2024-12-07,39,quantile,0.25,467.0
2024-11-30,wk inc flu hosp,1,2024-12-07,39,quantile,0.3,492.0
2024-11-30,wk inc flu hosp,1,2024-12-07,39,quantile,0.35,516.0
2024-11-30,wk inc flu hosp,1,2024-12-07,39,quantile,0.4,553.0
2024-11-30,wk inc flu hosp,1,2024-12-07,39,quantile,0.45,580.0
2024-11-30,wk inc flu hosp,1,2024-12-07,39,quantile,0.5,603.0
2024-11-30,wk inc flu hosp,1,2024-12-07,39,quantile,0.55,624.0
2024-11-30,wk inc flu hosp,1,2024-12-07,39,quantile,0.6,649.0
2024-11-30,wk inc flu hosp,1,2024-12-07,39,quantile,0.65,676.0
2024-11-30,wk inc flu hosp,1,2024-12-07,39,quantile,0.7,704.0
2024-11-30,wk inc flu hosp,1,2024-12-07,39,quantile,0.75,741.0
2024-11-30,wk inc flu hosp,1,2024-12-07,39,quantile,0.8,775.0
2024-11-30,wk inc flu hosp,1,2024-12-07,39,quantile,0.85,819.0
2024-11-30,wk inc flu hosp,1,2024-12-07,39,quantile,0.9,878.0
2024-11-30,wk inc flu hosp,1,2024-12-07,39,quantile,0.95,995.0
2024-11-30,wk inc flu hosp,1,2024-12-07,39,quantile,0.975,1108.0
2024-11-30,wk inc flu hosp,1,2024-12-07,39,quantile,0.99,1307.0
2024-11-30,wk inc flu hosp,2,2024-12-14,39,quantile,0.01,204.0
2024-11-30,wk inc flu hosp,2,2024-12-14,39,quantile,0.025,239.0
2024-11-30,wk inc flu hosp,2,2024-12-14,39,quantile,0.05,265.0
2024-11-30,wk inc flu hosp,2,2024-12-14,39,quantile,0.1,314.0
2024-11-30,wk inc flu hosp,2,2024-12-14,39,quantile,0.15,369.0
2024-11-30,wk inc flu hosp,2,2024-12-14,39,quantile,0.2,413.0
2024-11-30,wk inc flu hosp,2,2024-12-14,39,quantile,0.25,443.0
2024-11-30,wk inc flu hosp,2,2024-12-14,39,quantile,0.3,471.0
2024-11-30,wk inc flu hosp,2,2024-12-14,39,quantile,0.35,497.0
2024-11-30,wk inc flu hosp,2,2024-12-14,39,quantile,0.4,528.0
2024-11-30,wk inc flu hosp,2,2024-12-14,39,quantile,0.45,554.0
2024-11-30,wk inc flu hosp,2,2024-12-14,39,quantile,0.5,591.0
2024-11-30,wk inc flu hosp,2,2024-12-14,39,quantile,0.55,618.0
2024-11-30,wk inc flu hosp,2,2024-12-14,39,quantile,0.6,639.0
2024-11-30,wk inc flu hosp,2,2024-12-14,39,quantile,0.65,671.0
2024-11-30,wk inc flu hosp,2,2024-12-14,39,quantile,0.7,701.0
2024-11-30,wk inc flu hosp,2,2024-12-14,39,quantile,0.75,735.0
2024-11-30,wk inc flu hosp,2,2024-12-14,39,quantile,0.8,777.0
2024-11-30,wk inc flu hosp,2,2024-12-14,39,quantile,0.85,830.0
2024-11-30,wk inc flu hosp,2,2024-12-14,39,quantile,0.9,891.0
2024-11-30,wk inc flu hosp,2,2024-12-14,39,quantile,0.95,1015.0
2024-11-30,wk inc flu hosp,2,2024-12-14,39,quantile,0.975,1119.0
2024-11-30,wk inc flu hosp,2,2024-12-14,39,quantile,0.99,1274.0
2024-11-30,wk inc flu hosp,3,2024-12-21,39,quantile,0.01,192.0
2024-11-30,wk inc flu hosp,3,2024-12-21,39,quantile,0.025,220.0
2024-11-30,wk inc flu hosp,3,2024-12-21,39,quantile,0.05,252.0
2024-11-30,wk inc flu hosp,3,2024-12-21,39,quantile,0.1,300.0
2024-11-30,wk inc flu hosp,3,2024-12-21,39,quantile,0.15,340.0
2024-11-30,wk inc flu hosp,3,2024-12-21,39,quantile,0.2,387.0
2024-11-30,wk inc flu hosp,3,2024-12-21,39,quantile,0.25,420.0
2024-11-30,wk inc flu hosp,3,2024-12-21,39,quantile,0.3,454.0
2024-11-30,wk inc flu hosp,3,2024-12-21,39,quantile,0.35,480.0
2024-11-30,wk inc flu hosp,3,2024-12-21,39,quantile,0.4,507.0
2024-11-30,wk inc flu hosp,3,2024-12-21,39,quantile,0.45,533.0
2024-11-30,wk inc flu hosp,3,2024-12-21,39,quantile,0.5,563.0
2024-11-30,wk inc flu hosp,3,2024-12-21,39,quantile,0.55,590.0
2024-11-30,wk inc flu hosp,3,2024-12-21,39,quantile,0.6,618.0
2024-11-30,wk inc flu hosp,3,2024-12-21,39,quantile,0.65,651.0
2024-11-30,wk inc flu hosp,3,2024-12-21,39,quantile,0.7,684.0
2024-11-30,wk inc flu hosp,3,2024-12-21,39,quantile,0.75,715.0
2024-11-30,wk inc flu hosp,3,2024-12-21,39,quantile,0.8,759.0
2024-11-30,wk inc flu hosp,3,2024-12-21,39,quantile,0.85,806.0
2024-11-30,wk inc flu hosp,3,2024-12-21,39,quantile,0.9,875.0
2024-11-30,wk inc flu hosp,3,2024-12-21,39,quantile,0.95,994.0
2024-11-30,wk inc flu hosp,3,2024-12-21,39,quantile,0.975,1103.0
2024-11-30,wk inc flu hosp,3,2024-12-21,39,quantile,0.99,1229.0
2024-11-30,wk inc flu hosp,0,2024-11-30,40,quantile,0.01,4.0
2024-11-30,wk inc flu hosp,0,2024-11-30,40,quantile,0.025,4.0
2024-11-30,wk inc flu hosp,0,2024-11-30,40,quantile,0.05,5.0
2024-11-30,wk inc flu hosp,0,2024-11-30,40,quantile,0.1,5.0
2024-11-30,wk inc flu hosp,0,2024-11-30,40,quantile,0.15,7.0
2024-11-30,wk inc flu hosp,0,2024-11-30,40,quantile,0.2,7.0
2024-11-30,wk inc flu hosp,0,2024-11-30,40,quantile,0.25,9.0
2024-11-30,wk inc flu hosp,0,2024-11-30,40,quantile,0.3,10.0
2024-11-30,wk inc flu hosp,0,2024-11-30,40,quantile,0.35,11.0
2024-11-30,wk inc flu hosp,0,2024-11-30,40,quantile,0.4,12.0
2024-11-30,wk inc flu hosp,0,2024-11-30,40,quantile,0.45,13.0
2024-11-30,wk inc flu hosp,0,2024-11-30,40,quantile,0.5,15.0
2024-11-30,wk inc flu hosp,0,2024-11-30,40,quantile,0.55,17.0
2024-11-30,wk inc flu hosp,0,2024-11-30,40,quantile,0.6,18.0
2024-11-30,wk inc flu hosp,0,2024-11-30,40,quantile,0.65,21.0
2024-11-30,wk inc flu hosp,0,2024-11-30,40,quantile,0.7,25.0
2024-11-30,wk inc flu hosp,0,2024-11-30,40,quantile,0.75,39.0
2024-11-30,wk inc flu hosp,0,2024-11-30,40,quantile,0.8,46.0
2024-11-30,wk inc flu hosp,0,2024-11-30,40,quantile,0.85,53.0
2024-11-30,wk inc flu hosp,0,2024-11-30,40,quantile,0.9,61.0
2024-11-30,wk inc flu hosp,0,2024-11-30,40,quantile,0.95,87.0
2024-11-30,wk inc flu hosp,0,2024-11-30,40,quantile,0.975,137.0
2024-11-30,wk inc flu hosp,0,2024-11-30,40,quantile,0.99,189.0
2024-11-30,wk inc flu hosp,1,2024-12-07,40,quantile,0.01,5.0
2024-11-30,wk inc flu hosp,1,2024-12-07,40,quantile,0.025,6.0
2024-11-30,wk inc flu hosp,1,2024-12-07,40,quantile,0.05,7.0
2024-11-30,wk inc flu hosp,1,2024-12-07,40,quantile,0.1,8.0
2024-11-30,wk inc flu hosp,1,2024-12-07,40,quantile,0.15,9.0
2024-11-30,wk inc flu hosp,1,2024-12-07,40,quantile,0.2,13.0
2024-11-30,wk inc flu hosp,1,2024-12-07,40,quantile,0.25,18.0
2024-11-30,wk inc flu hosp,1,2024-12-07,40,quantile,0.3,22.0
2024-11-30,wk inc flu hosp,1,2024-12-07,40,quantile,0.35,30.0
2024-11-30,wk inc flu hosp,1,2024-12-07,40,quantile,0.4,38.0
2024-11-30,wk inc flu hosp,1,2024-12-07,40,quantile,0.45,46.0
2024-11-30,wk inc flu hosp,1,2024-12-07,40,quantile,0.5,54.0
2024-11-30,wk inc flu hosp,1,2024-12-07,40,quantile,0.55,64.0
2024-11-30,wk inc flu hosp,1,2024-12-07,40,quantile,0.6,73.0
2024-11-30,wk inc flu hosp,1,2024-12-07,40,quantile,0.65,82.0
2024-11-30,wk inc flu hosp,1,2024-12-07,40,quantile,0.7,95.0
2024-11-30,wk inc flu hosp,1,2024-12-07,40,quantile,0.75,108.0
2024-11-30,wk inc flu hosp,1,2024-12-07,40,quantile,0.8,127.0
2024-11-30,wk inc flu hosp,1,2024-12-07,40,quantile,0.85,142.0
2024-11-30,wk inc flu hosp,1,2024-12-07,40,quantile,0.9,167.0
2024-11-30,wk inc flu hosp,1,2024-12-07,40,quantile,0.95,239.0
2024-11-30,wk inc flu hosp,1,2024-12-07,40,quantile,0.975,306.0
2024-11-30,wk inc flu hosp,1,2024-12-07,40,quantile,0.99,395.0
2024-11-30,wk inc flu hosp,2,2024-12-14,40,quantile,0.01,5.0
2024-11-30,wk inc flu hosp,2,2024-12-14,40,quantile,0.025,6.0
2024-11-30,wk inc flu hosp,2,2024-12-14,40,quantile,0.05,8.0
2024-11-30,wk inc flu hosp,2,2024-12-14,40,quantile,0.1,19.0
2024-11-30,wk inc flu hosp,2,2024-12-14,40,quantile,0.15,26.0
2024-11-30,wk inc flu hosp,2,2024-12-14,40,quantile,0.2,31.0
2024-11-30,wk inc flu hosp,2,2024-12-14,40,quantile,0.25,37.0
2024-11-30,wk inc flu hosp,2,2024-12-14,40,quantile,0.3,47.0
2024-11-30,wk inc flu hosp,2,2024-12-14,40,quantile,0.35,56.0
2024-11-30,wk inc flu hosp,2,2024-12-14,40,quantile,0.4,66.0
2024-11-30,wk inc flu hosp,2,2024-12-14,40,quantile,0.45,77.0
2024-11-30,wk inc flu hosp,2,2024-12-14,40,quantile,0.5,88.0
2024-11-30,wk inc flu hosp,2,2024-12-14,40,quantile,0.55,99.0
2024-11-30,wk inc flu hosp,2,2024-12-14,40,quantile,0.6,111.0
2024-11-30,wk inc flu hosp,2,2024-12-14,40,quantile,0.65,124.0
2024-11-30,wk inc flu hosp,2,2024-12-14,40,quantile,0.7,136.0
2024-11-30,wk inc flu hosp,2,2024-12-14,40,quantile,0.75,152.0
2024-11-30,wk inc flu hosp,2,2024-12-14,40,quantile,0.8,171.0
2024-11-30,wk inc flu hosp,2,2024-12-14,40,quantile,0.85,193.0
2024-11-30,wk inc flu hosp,2,2024-12-14,40,quantile,0.9,231.0
2024-11-30,wk inc flu hosp,2,2024-12-14,40,quantile,0.95,312.0
2024-11-30,wk inc flu hosp,2,2024-12-14,40,quantile,0.975,389.0
2024-11-30,wk inc flu hosp,2,2024-12-14,40,quantile,0.99,468.0
2024-11-30,wk inc flu hosp,3,2024-12-21,40,quantile,0.01,7.0
2024-11-30,wk inc flu hosp,3,2024-12-21,40,quantile,0.025,8.0
2024-11-30,wk inc flu hosp,3,2024-12-21,40,quantile,0.05,10.0
2024-11-30,wk inc flu hosp,3,2024-12-21,40,quantile,0.1,20.0
2024-11-30,wk inc flu hosp,3,2024-12-21,40,quantile,0.15,29.0
2024-11-30,wk inc flu hosp,3,2024-12-21,40,quantile,0.2,36.0
2024-11-30,wk inc flu hosp,3,2024-12-21,40,quantile,0.25,48.0
2024-11-30,wk inc flu hosp,3,2024-12-21,40,quantile,0.3,61.0
2024-11-30,wk inc flu hosp,3,2024-12-21,40,quantile,0.35,73.0
2024-11-30,wk inc flu hosp,3,2024-12-21,40,quantile,0.4,84.0
2024-11-30,wk inc flu hosp,3,2024-12-21,40,quantile,0.45,96.0
2024-11-30,wk inc flu hosp,3,2024-12-21,40,quantile,0.5,109.0
2024-11-30,wk inc flu hosp,3,2024-12-21,40,quantile,0.55,122.0
2024-11-30,wk inc flu hosp,3,2024-12-21,40,quantile,0.6,133.0
2024-11-30,wk inc flu hosp,3,2024-12-21,40,quantile,0.65,148.0
2024-11-30,wk inc flu hosp,3,2024-12-21,40,quantile,0.7,165.0
2024-11-30,wk inc flu hosp,3,2024-12-21,40,quantile,0.75,185.0
2024-11-30,wk inc flu hosp,3,2024-12-21,40,quantile,0.8,205.0
2024-11-30,wk inc flu hosp,3,2024-12-21,40,quantile,0.85,235.0
2024-11-30,wk inc flu hosp,3,2024-12-21,40,quantile,0.9,283.0
2024-11-30,wk inc flu hosp,3,2024-12-21,40,quantile,0.95,372.0
2024-11-30,wk inc flu hosp,3,2024-12-21,40,quantile,0.975,467.0
2024-11-30,wk inc flu hosp,3,2024-12-21,40,quantile,0.99,560.0
2024-11-30,wk inc flu hosp,0,2024-11-30,41,quantile,0.01,5.0
2024-11-30,wk inc flu hosp,0,2024-11-30,41,quantile,0.025,5.0
2024-11-30,wk inc flu hosp,0,2024-11-30,41,quantile,0.05,7.0
2024-11-30,wk inc flu hosp,0,2024-11-30,41,quantile,0.1,16.0
2024-11-30,wk inc flu hosp,0,2024-11-30,41,quantile,0.15,22.0
2024-11-30,wk inc flu hosp,0,2024-11-30,41,quantile,0.2,26.0
2024-11-30,wk inc flu hosp,0,2024-11-30,41,quantile,0.25,30.0
2024-11-30,wk inc flu hosp,0,2024-11-30,41,quantile,0.3,35.0
2024-11-30,wk inc flu hosp,0,2024-11-30,41,quantile,0.35,40.0
2024-11-30,wk inc flu hosp,0,2024-11-30,41,quantile,0.4,44.0
2024-11-30,wk inc flu hosp,0,2024-11-30,41,quantile,0.45,48.0
2024-11-30,wk inc flu hosp,0,2024-11-30,41,quantile,0.5,52.0
2024-11-30,wk inc flu hosp,0,2024-11-30,41,quantile,0.55,56.0
2024-11-30,wk inc flu hosp,0,2024-11-30,41,quantile,0.6,60.0
2024-11-30,wk inc flu hosp,0,2024-11-30,41,quantile,0.65,65.0
2024-11-30,wk inc flu hosp,0,2024-11-30,41,quantile,0.7,69.0
2024-11-30,wk inc flu hosp,0,2024-11-30,41,quantile,0.75,76.0
2024-11-30,wk inc flu hosp,0,2024-11-30,41,quantile,0.8,81.0
2024-11-30,wk inc flu hosp,0,2024-11-30,41,quantile,0.85,90.0
2024-11-30,wk inc flu hosp,0,2024-11-30,41,quantile,0.9,100.0
2024-11-30,wk inc flu hosp,0,2024-11-30,41,quantile,0.95,118.0
2024-11-30,wk inc flu hosp,0,2024-11-30,41,quantile,0.975,131.0
2024-11-30,wk inc flu hosp,0,2024-11-30,41,quantile,0.99,147.0
2024-11-30,wk inc flu hosp,1,2024-12-07,41,quantile,0.01,3.0
2024-11-30,wk inc flu hosp,1,2024-12-07,41,quantile,0.025,5.0
2024-11-30,wk inc flu hosp,1,2024-12-07,41,quantile,0.05,10.0
2024-11-30,wk inc flu hosp,1,2024-12-07,41,quantile,0.1,17.0
2024-11-30,wk inc flu hosp,1,2024-12-07,41,quantile,0.15,21.0
2024-11-30,wk inc flu hosp,1,2024-12-07,41,quantile,0.2,26.0
2024-11-30,wk inc flu hosp,1,2024-12-07,41,quantile,0.25,32.0
2024-11-30,wk inc flu hosp,1,2024-12-07,41,quantile,0.3,38.0
2024-11-30,wk inc flu hosp,1,2024-12-07,41,quantile,0.35,44.0
2024-11-30,wk inc flu hosp,1,2024-12-07,41,quantile,0.4,50.0
2024-11-30,wk inc flu hosp,1,2024-12-07,41,quantile,0.45,56.0
2024-11-30,wk inc flu hosp,1,2024-12-07,41,quantile,0.5,62.0
2024-11-30,wk inc flu hosp,1,2024-12-07,41,quantile,0.55,69.0
2024-11-30,wk inc flu hosp,1,2024-12-07,41,quantile,0.6,75.0
2024-11-30,wk inc flu hosp,1,2024-12-07,41,quantile,0.65,82.0
2024-11-30,wk inc flu hosp,1,2024-12-07,41,quantile,0.7,91.0
2024-11-30,wk inc flu hosp,1,2024-12-07,41,quantile,0.75,100.0
2024-11-30,wk inc flu hosp,1,2024-12-07,41,quantile,0.8,111.0
2024-11-30,wk inc flu hosp,1,2024-12-07,41,quantile,0.85,125.0
2024-11-30,wk inc flu hosp,1,2024-12-07,41,quantile,0.9,145.0
2024-11-30,wk inc flu hosp,1,2024-12-07,41,quantile,0.95,178.0
2024-11-30,wk inc flu hosp,1,2024-12-07,41,quantile,0.975,217.0
2024-11-30,wk inc flu hosp,1,2024-12-07,41,quantile,0.99,255.0
2024-11-30,wk inc flu hosp,2,2024-12-14,41,quantile,0.01,4.0
2024-11-30,wk inc flu hosp,2,2024-12-14,41,quantile,0.025,8.0
2024-11-30,wk inc flu hosp,2,2024-12-14,41,quantile,0.05,17.0
2024-11-30,wk inc flu hosp,2,2024-12-14,41,quantile,0.1,26.0
2024-11-30,wk inc flu hosp,2,2024-12-14,41,quantile,0.15,31.0
2024-11-30,wk inc flu hosp,2,2024-12-14,41,quantile,0.2,39.0
2024-11-30,wk inc flu hosp,2,2024-12-14,41,quantile,0.25,46.0
2024-11-30,wk inc flu hosp,2,2024-12-14,41,quantile,0.3,52.0
2024-11-30,wk inc flu hosp,2,2024-12-14,41,quantile,0.35,59.0
2024-11-30,wk inc flu hosp,2,2024-12-14,41,quantile,0.4,66.0
2024-11-30,wk inc flu hosp,2,2024-12-14,41,quantile,0.45,74.0
2024-11-30,wk inc flu hosp,2,2024-12-14,41,quantile,0.5,82.0
2024-11-30,wk inc flu hosp,2,2024-12-14,41,quantile,0.55,89.0
2024-11-30,wk inc flu hosp,2,2024-12-14,41,quantile,0.6,98.0
2024-11-30,wk inc flu hosp,2,2024-12-14,41,quantile,0.65,108.0
2024-11-30,wk inc flu hosp,2,2024-12-14,41,quantile,0.7,117.0
2024-11-30,wk inc flu hosp,2,2024-12-14,41,quantile,0.75,128.0
2024-11-30,wk inc flu hosp,2,2024-12-14,41,quantile,0.8,142.0
2024-11-30,wk inc flu hosp,2,2024-12-14,41,quantile,0.85,160.0
2024-11-30,wk inc flu hosp,2,2024-12-14,41,quantile,0.9,189.0
2024-11-30,wk inc flu hosp,2,2024-12-14,41,quantile,0.95,243.0
2024-11-30,wk inc flu hosp,2,2024-12-14,41,quantile,0.975,309.0
2024-11-30,wk inc flu hosp,2,2024-12-14,41,quantile,0.99,377.0
2024-11-30,wk inc flu hosp,3,2024-12-21,41,quantile,0.01,4.0
2024-11-30,wk inc flu hosp,3,2024-12-21,41,quantile,0.025,12.0
2024-11-30,wk inc flu hosp,3,2024-12-21,41,quantile,0.05,18.0
2024-11-30,wk inc flu hosp,3,2024-12-21,41,quantile,0.1,28.0
2024-11-30,wk inc flu hosp,3,2024-12-21,41,quantile,0.15,36.0
2024-11-30,wk inc flu hosp,3,2024-12-21,41,quantile,0.2,46.0
2024-11-30,wk inc flu hosp,3,2024-12-21,41,quantile,0.25,54.0
2024-11-30,wk inc flu hosp,3,2024-12-21,41,quantile,0.3,64.0
2024-11-30,wk inc flu hosp,3,2024-12-21,41,quantile,0.35,72.0
2024-11-30,wk inc flu hosp,3,2024-12-21,41,quantile,0.4,80.0
2024-11-30,wk inc flu hosp,3,2024-12-21,41,quantile,0.45,89.0
2024-11-30,wk inc flu hosp,3,2024-12-21,41,quantile,0.5,97.0
2024-11-30,wk inc flu hosp,3,2024-12-21,41,quantile,0.55,106.0
2024-11-30,wk inc flu hosp,3,2024-12-21,41,quantile,0.6,116.0
2024-11-30,wk inc flu hosp,3,2024-12-21,41,quantile,0.65,127.0
2024-11-30,wk inc flu hosp,3,2024-12-21,41,quantile,0.7,140.0
2024-11-30,wk inc flu hosp,3,2024-12-21,41,quantile,0.75,156.0
2024-11-30,wk inc flu hosp,3,2024-12-21,41,quantile,0.8,176.0
2024-11-30,wk inc flu hosp,3,2024-12-21,41,quantile,0.85,199.0
2024-11-30,wk inc flu hosp,3,2024-12-21,41,quantile,0.9,242.0
2024-11-30,wk inc flu hosp,3,2024-12-21,41,quantile,0.95,316.0
2024-11-30,wk inc flu hosp,3,2024-12-21,41,quantile,0.975,392.0
2024-11-30,wk inc flu hosp,3,2024-12-21,41,quantile,0.99,511.0
2024-11-30,wk inc flu hosp,0,2024-11-30,42,quantile,0.01,53.0
2024-11-30,wk inc flu hosp,0,2024-11-30,42,quantile,0.025,74.0
2024-11-30,wk inc flu hosp,0,2024-11-30,42,quantile,0.05,87.0
2024-11-30,wk inc flu hosp,0,2024-11-30,42,quantile,0.1,96.0
2024-11-30,wk inc flu hosp,0,2024-11-30,42,quantile,0.15,105.0
2024-11-30,wk inc flu hosp,0,2024-11-30,42,quantile,0.2,111.0
2024-11-30,wk inc flu hosp,0,2024-11-30,42,quantile,0.25,116.0
2024-11-30,wk inc flu hosp,0,2024-11-30,42,quantile,0.3,129.0
2024-11-30,wk inc flu hosp,0,2024-11-30,42,quantile,0.35,140.0
2024-11-30,wk inc flu hosp,0,2024-11-30,42,quantile,0.4,145.0
2024-11-30,wk inc flu hosp,0,2024-11-30,42,quantile,0.45,151.0
2024-11-30,wk inc flu hosp,0,2024-11-30,42,quantile,0.5,162.0
2024-11-30,wk inc flu hosp,0,2024-11-30,42,quantile,0.55,168.0
2024-11-30,wk inc flu hosp,0,2024-11-30,42,quantile,0.6,176.0
2024-11-30,wk inc flu hosp,0,2024-11-30,42,quantile,0.65,183.0
2024-11-30,wk inc flu hosp,0,2024-11-30,42,quantile,0.7,202.0
2024-11-30,wk inc flu hosp,0,2024-11-30,42,quantile,0.75,224.0
2024-11-30,wk inc flu hosp,0,2024-11-30,42,quantile,0.8,233.0
2024-11-30,wk inc flu hosp,0,2024-11-30,42,quantile,0.85,243.0
2024-11-30,wk inc flu hosp,0,2024-11-30,42,quantile,0.9,270.0
2024-11-30,wk inc flu hosp,0,2024-11-30,42,quantile,0.95,294.0
2024-11-30,wk inc flu hosp,0,2024-11-30,42,quantile,0.975,332.0
2024-11-30,wk inc flu hosp,0,2024-11-30,42,quantile,0.99,359.0
2024-11-30,wk inc flu hosp,1,2024-12-07,42,quantile,0.01,34.0
2024-11-30,wk inc flu hosp,1,2024-12-07,42,quantile,0.025,54.0
2024-11-30,wk inc flu hosp,1,2024-12-07,42,quantile,0.05,69.0
2024-11-30,wk inc flu hosp,1,2024-12-07,42,quantile,0.1,87.0
2024-11-30,wk inc flu hosp,1,2024-12-07,42,quantile,0.15,103.0
2024-11-30,wk inc flu hosp,1,2024-12-07,42,quantile,0.2,122.0
2024-11-30,wk inc flu hosp,1,2024-12-07,42,quantile,0.25,136.0
2024-11-30,wk inc flu hosp,1,2024-12-07,42,quantile,0.3,150.0
2024-11-30,wk inc flu hosp,1,2024-12-07,42,quantile,0.35,167.0
2024-11-30,wk inc flu hosp,1,2024-12-07,42,quantile,0.4,184.0
2024-11-30,wk inc flu hosp,1,2024-12-07,42,quantile,0.45,200.0
2024-11-30,wk inc flu hosp,1,2024-12-07,42,quantile,0.5,219.0
2024-11-30,wk inc flu hosp,1,2024-12-07,42,quantile,0.55,234.0
2024-11-30,wk inc flu hosp,1,2024-12-07,42,quantile,0.6,255.0
2024-11-30,wk inc flu hosp,1,2024-12-07,42,quantile,0.65,276.0
2024-11-30,wk inc flu hosp,1,2024-12-07,42,quantile,0.7,298.0
2024-11-30,wk inc flu hosp,1,2024-12-07,42,quantile,0.75,323.0
2024-11-30,wk inc flu hosp,1,2024-12-07,42,quantile,0.8,355.0
2024-11-30,wk inc flu hosp,1,2024-12-07,42,quantile,0.85,392.0
2024-11-30,wk inc flu hosp,1,2024-12-07,42,quantile,0.9,439.0
2024-11-30,wk inc flu hosp,1,2024-12-07,42,quantile,0.95,537.0
2024-11-30,wk inc flu hosp,1,2024-12-07,42,quantile,0.975,635.0
2024-11-30,wk inc flu hosp,1,2024-12-07,42,quantile,0.99,731.0
2024-11-30,wk inc flu hosp,2,2024-12-14,42,quantile,0.01,64.0
2024-11-30,wk inc flu hosp,2,2024-12-14,42,quantile,0.025,83.0
2024-11-30,wk inc flu hosp,2,2024-12-14,42,quantile,0.05,106.0
2024-11-30,wk inc flu hosp,2,2024-12-14,42,quantile,0.1,131.0
2024-11-30,wk inc flu hosp,2,2024-12-14,42,quantile,0.15,152.0
2024-11-30,wk inc flu hosp,2,2024-12-14,42,quantile,0.2,173.0
2024-11-30,wk inc flu hosp,2,2024-12-14,42,quantile,0.25,193.0
2024-11-30,wk inc flu hosp,2,2024-12-14,42,quantile,0.3,214.0
2024-11-30,wk inc flu hosp,2,2024-12-14,42,quantile,0.35,235.0
2024-11-30,wk inc flu hosp,2,2024-12-14,42,quantile,0.4,257.0
2024-11-30,wk inc flu hosp,2,2024-12-14,42,quantile,0.45,278.0
2024-11-30,wk inc flu hosp,2,2024-12-14,42,quantile,0.5,299.0
2024-11-30,wk inc flu hosp,2,2024-12-14,42,quantile,0.55,321.0
2024-11-30,wk inc flu hosp,2,2024-12-14,42,quantile,0.6,342.0
2024-11-30,wk inc flu hosp,2,2024-12-14,42,quantile,0.65,370.0
2024-11-30,wk inc flu hosp,2,2024-12-14,42,quantile,0.7,396.0
2024-11-30,wk inc flu hosp,2,2024-12-14,42,quantile,0.75,431.0
2024-11-30,wk inc flu hosp,2,2024-12-14,42,quantile,0.8,468.0
2024-11-30,wk inc flu hosp,2,2024-12-14,42,quantile,0.85,521.0
2024-11-30,wk inc flu hosp,2,2024-12-14,42,quantile,0.9,588.0
2024-11-30,wk inc flu hosp,2,2024-12-14,42,quantile,0.95,740.0
2024-11-30,wk inc flu hosp,2,2024-12-14,42,quantile,0.975,875.0
2024-11-30,wk inc flu hosp,2,2024-12-14,42,quantile,0.99,1057.0
2024-11-30,wk inc flu hosp,3,2024-12-21,42,quantile,0.01,77.0
2024-11-30,wk inc flu hosp,3,2024-12-21,42,quantile,0.025,105.0
2024-11-30,wk inc flu hosp,3,2024-12-21,42,quantile,0.05,127.0
2024-11-30,wk inc flu hosp,3,2024-12-21,42,quantile,0.1,160.0
2024-11-30,wk inc flu hosp,3,2024-12-21,42,quantile,0.15,187.0
2024-11-30,wk inc flu hosp,3,2024-12-21,42,quantile,0.2,215.0
2024-11-30,wk inc flu hosp,3,2024-12-21,42,quantile,0.25,241.0
2024-11-30,wk inc flu hosp,3,2024-12-21,42,quantile,0.3,266.0
2024-11-30,wk inc flu hosp,3,2024-12-21,42,quantile,0.35,293.0
2024-11-30,wk inc flu hosp,3,2024-12-21,42,quantile,0.4,316.0
2024-11-30,wk inc flu hosp,3,2024-12-21,42,quantile,0.45,344.0
2024-11-30,wk inc flu hosp,3,2024-12-21,42,quantile,0.5,369.0
2024-11-30,wk inc flu hosp,3,2024-12-21,42,quantile,0.55,395.0
2024-11-30,wk inc flu hosp,3,2024-12-21,42,quantile,0.6,421.0
2024-11-30,wk inc flu hosp,3,2024-12-21,42,quantile,0.65,452.0
2024-11-30,wk inc flu hosp,3,2024-12-21,42,quantile,0.7,486.0
2024-11-30,wk inc flu hosp,3,2024-12-21,42,quantile,0.75,529.0
2024-11-30,wk inc flu hosp,3,2024-12-21,42,quantile,0.8,577.0
2024-11-30,wk inc flu hosp,3,2024-12-21,42,quantile,0.85,645.0
2024-11-30,wk inc flu hosp,3,2024-12-21,42,quantile,0.9,736.0
2024-11-30,wk inc flu hosp,3,2024-12-21,42,quantile,0.95,922.0
2024-11-30,wk inc flu hosp,3,2024-12-21,42,quantile,0.975,1096.0
2024-11-30,wk inc flu hosp,3,2024-12-21,42,quantile,0.99,1368.0
2024-11-30,wk inc flu hosp,0,2024-11-30,44,quantile,0.01,0.0
2024-11-30,wk inc flu hosp,0,2024-11-30,44,quantile,0.025,0.0
2024-11-30,wk inc flu hosp,0,2024-11-30,44,quantile,0.05,0.0
2024-11-30,wk inc flu hosp,0,2024-11-30,44,quantile,0.1,0.0
2024-11-30,wk inc flu hosp,0,2024-11-30,44,quantile,0.15,0.0
2024-11-30,wk inc flu hosp,0,2024-11-30,44,quantile,0.2,1.0
2024-11-30,wk inc flu hosp,0,2024-11-30,44,quantile,0.25,1.0
2024-11-30,wk inc flu hosp,0,2024-11-30,44,quantile,0.3,1.0
2024-11-30,wk inc flu hosp,0,2024-11-30,44,quantile,0.35,2.0
2024-11-30,wk inc flu hosp,0,2024-11-30,44,quantile,0.4,2.0
2024-11-30,wk inc flu hosp,0,2024-11-30,44,quantile,0.45,3.0
2024-11-30,wk inc flu hosp,0,2024-11-30,44,quantile,0.5,3.0
2024-11-30,wk inc flu hosp,0,2024-11-30,44,quantile,0.55,4.0
2024-11-30,wk inc flu hosp,0,2024-11-30,44,quantile,0.6,4.0
2024-11-30,wk inc flu hosp,0,2024-11-30,44,quantile,0.65,5.0
2024-11-30,wk inc flu hosp,0,2024-11-30,44,quantile,0.7,5.0
2024-11-30,wk inc flu hosp,0,2024-11-30,44,quantile,0.75,6.0
2024-11-30,wk inc flu hosp,0,2024-11-30,44,quantile,0.8,7.0
2024-11-30,wk inc flu hosp,0,2024-11-30,44,quantile,0.85,7.0
2024-11-30,wk inc flu hosp,0,2024-11-30,44,quantile,0.9,9.0
2024-11-30,wk inc flu hosp,0,2024-11-30,44,quantile,0.95,11.0
2024-11-30,wk inc flu hosp,0,2024-11-30,44,quantile,0.975,15.0
2024-11-30,wk inc flu hosp,0,2024-11-30,44,quantile,0.99,21.0
2024-11-30,wk inc flu hosp,1,2024-12-07,44,quantile,0.01,0.0
2024-11-30,wk inc flu hosp,1,2024-12-07,44,quantile,0.025,0.0
2024-11-30,wk inc flu hosp,1,2024-12-07,44,quantile,0.05,0.0
2024-11-30,wk inc flu hosp,1,2024-12-07,44,quantile,0.1,1.0
2024-11-30,wk inc flu hosp,1,2024-12-07,44,quantile,0.15,1.0
2024-11-30,wk inc flu hosp,1,2024-12-07,44,quantile,0.2,1.0
2024-11-30,wk inc flu hosp,1,2024-12-07,44,quantile,0.25,2.0
2024-11-30,wk inc flu hosp,1,2024-12-07,44,quantile,0.3,2.0
2024-11-30,wk inc flu hosp,1,2024-12-07,44,quantile,0.35,3.0
2024-11-30,wk inc flu hosp,1,2024-12-07,44,quantile,0.4,3.0
2024-11-30,wk inc flu hosp,1,2024-12-07,44,quantile,0.45,4.0
2024-11-30,wk inc flu hosp,1,2024-12-07,44,quantile,0.5,5.0
2024-11-30,wk inc flu hosp,1,2024-12-07,44,quantile,0.55,5.0
2024-11-30,wk inc flu hosp,1,2024-12-07,44,quantile,0.6,6.0
2024-11-30,wk inc flu hosp,1,2024-12-07,44,quantile,0.65,7.0
2024-11-30,wk inc flu hosp,1,2024-12-07,44,quantile,0.7,7.0
2024-11-30,wk inc flu hosp,1,2024-12-07,44,quantile,0.75,8.0
2024-11-30,wk inc flu hosp,1,2024-12-07,44,quantile,0.8,9.0
2024-11-30,wk inc flu hosp,1,2024-12-07,44,quantile,0.85,11.0
2024-11-30,wk inc flu hosp,1,2024-12-07,44,quantile,0.9,13.0
2024-11-30,wk inc flu hosp,1,2024-12-07,44,quantile,0.95,18.0
2024-11-30,wk inc flu hosp,1,2024-12-07,44,quantile,0.975,24.0
2024-11-30,wk inc flu hosp,1,2024-12-07,44,quantile,0.99,29.0
2024-11-30,wk inc flu hosp,2,2024-12-14,44,quantile,0.01,0.0
2024-11-30,wk inc flu hosp,2,2024-12-14,44,quantile,0.025,0.0
2024-11-30,wk inc flu hosp,2,2024-12-14,44,quantile,0.05,0.0
2024-11-30,wk inc flu hosp,2,2024-12-14,44,quantile,0.1,1.0
2024-11-30,wk inc flu hosp,2,2024-12-14,44,quantile,0.15,1.0
2024-11-30,wk inc flu hosp,2,2024-12-14,44,quantile,0.2,2.0
2024-11-30,wk inc flu hosp,2,2024-12-14,44,quantile,0.25,3.0
2024-11-30,wk inc flu hosp,2,2024-12-14,44,quantile,0.3,4.0
2024-11-30,wk inc flu hosp,2,2024-12-14,44,quantile,0.35,4.0
2024-11-30,wk inc flu hosp,2,2024-12-14,44,quantile,0.4,5.0
2024-11-30,wk inc flu hosp,2,2024-12-14,44,quantile,0.45,6.0
2024-11-30,wk inc flu hosp,2,2024-12-14,44,quantile,0.5,6.0
2024-11-30,wk inc flu hosp,2,2024-12-14,44,quantile,0.55,7.0
2024-11-30,wk inc flu hosp,2,2024-12-14,44,quantile,0.6,8.0
2024-11-30,wk inc flu hosp,2,2024-12-14,44,quantile,0.65,9.0
2024-11-30,wk inc flu hosp,2,2024-12-14,44,quantile,0.7,10.0
2024-11-30,wk inc flu hosp,2,2024-12-14,44,quantile,0.75,11.0
2024-11-30,wk inc flu hosp,2,2024-12-14,44,quantile,0.8,12.0
2024-11-30,wk inc flu hosp,2,2024-12-14,44,quantile,0.85,14.0
2024-11-30,wk inc flu hosp,2,2024-12-14,44,quantile,0.9,17.0
2024-11-30,wk inc flu hosp,2,2024-12-14,44,quantile,0.95,24.0
2024-11-30,wk inc flu hosp,2,2024-12-14,44,quantile,0.975,32.0
2024-11-30,wk inc flu hosp,2,2024-12-14,44,quantile,0.99,42.0
2024-11-30,wk inc flu hosp,3,2024-12-21,44,quantile,0.01,0.0
2024-11-30,wk inc flu hosp,3,2024-12-21,44,quantile,0.025,0.0
2024-11-30,wk inc flu hosp,3,2024-12-21,44,quantile,0.05,1.0
2024-11-30,wk inc flu hosp,3,2024-12-21,44,quantile,0.1,1.0
2024-11-30,wk inc flu hosp,3,2024-12-21,44,quantile,0.15,2.0
2024-11-30,wk inc flu hosp,3,2024-12-21,44,quantile,0.2,2.0
2024-11-30,wk inc flu hosp,3,2024-12-21,44,quantile,0.25,3.0
2024-11-30,wk inc flu hosp,3,2024-12-21,44,quantile,0.3,4.0
2024-11-30,wk inc flu hosp,3,2024-12-21,44,quantile,0.35,5.0
2024-11-30,wk inc flu hosp,3,2024-12-21,44,quantile,0.4,6.0
2024-11-30,wk inc flu hosp,3,2024-12-21,44,quantile,0.45,7.0
2024-11-30,wk inc flu hosp,3,2024-12-21,44,quantile,0.5,8.0
2024-11-30,wk inc flu hosp,3,2024-12-21,44,quantile,0.55,8.0
2024-11-30,wk inc flu hosp,3,2024-12-21,44,quantile,0.6,9.0
2024-11-30,wk inc flu hosp,3,2024-12-21,44,quantile,0.65,10.0
2024-11-30,wk inc flu hosp,3,2024-12-21,44,quantile,0.7,11.0
2024-11-30,wk inc flu hosp,3,2024-12-21,44,quantile,0.75,13.0
2024-11-30,wk inc flu hosp,3,2024-12-21,44,quantile,0.8,15.0
2024-11-30,wk inc flu hosp,3,2024-12-21,44,quantile,0.85,17.0
2024-11-30,wk inc flu hosp,3,2024-12-21,44,quantile,0.9,22.0
2024-11-30,wk inc flu hosp,3,2024-12-21,44,quantile,0.95,31.0
2024-11-30,wk inc flu hosp,3,2024-12-21,44,quantile,0.975,41.0
2024-11-30,wk inc flu hosp,3,2024-12-21,44,quantile,0.99,57.0
2024-11-30,wk inc flu hosp,0,2024-11-30,45,quantile,0.01,2.0
2024-11-30,wk inc flu hosp,0,2024-11-30,45,quantile,0.025,3.0
2024-11-30,wk inc flu hosp,0,2024-11-30,45,quantile,0.05,3.0
2024-11-30,wk inc flu hosp,0,2024-11-30,45,quantile,0.1,4.0
2024-11-30,wk inc flu hosp,0,2024-11-30,45,quantile,0.15,4.0
2024-11-30,wk inc flu hosp,0,2024-11-30,45,quantile,0.2,5.0
2024-11-30,wk inc flu hosp,0,2024-11-30,45,quantile,0.25,5.0
2024-11-30,wk inc flu hosp,0,2024-11-30,45,quantile,0.3,7.0
2024-11-30,wk inc flu hosp,0,2024-11-30,45,quantile,0.35,8.0
2024-11-30,wk inc flu hosp,0,2024-11-30,45,quantile,0.4,10.0
2024-11-30,wk inc flu hosp,0,2024-11-30,45,quantile,0.45,11.0
2024-11-30,wk inc flu hosp,0,2024-11-30,45,quantile,0.5,13.0
2024-11-30,wk inc flu hosp,0,2024-11-30,45,quantile,0.55,15.0
2024-11-30,wk inc flu hosp,0,2024-11-30,45,quantile,0.6,17.0
2024-11-30,wk inc flu hosp,0,2024-11-30,45,quantile,0.65,19.0
2024-11-30,wk inc flu hosp,0,2024-11-30,45,quantile,0.7,22.0
2024-11-30,wk inc flu hosp,0,2024-11-30,45,quantile,0.75,25.0
2024-11-30,wk inc flu hosp,0,2024-11-30,45,quantile,0.8,28.0
2024-11-30,wk inc flu hosp,0,2024-11-30,45,quantile,0.85,33.0
2024-11-30,wk inc flu hosp,0,2024-11-30,45,quantile,0.9,41.0
2024-11-30,wk inc flu hosp,0,2024-11-30,45,quantile,0.95,55.0
2024-11-30,wk inc flu hosp,0,2024-11-30,45,quantile,0.975,70.0
2024-11-30,wk inc flu hosp,0,2024-11-30,45,quantile,0.99,87.0
2024-11-30,wk inc flu hosp,1,2024-12-07,45,quantile,0.01,3.0
2024-11-30,wk inc flu hosp,1,2024-12-07,45,quantile,0.025,4.0
2024-11-30,wk inc flu hosp,1,2024-12-07,45,quantile,0.05,5.0
2024-11-30,wk inc flu hosp,1,2024-12-07,45,quantile,0.1,6.0
2024-11-30,wk inc flu hosp,1,2024-12-07,45,quantile,0.15,6.0
2024-11-30,wk inc flu hosp,1,2024-12-07,45,quantile,0.2,8.0
2024-11-30,wk inc flu hosp,1,2024-12-07,45,quantile,0.25,10.0
2024-11-30,wk inc flu hosp,1,2024-12-07,45,quantile,0.3,12.0
2024-11-30,wk inc flu hosp,1,2024-12-07,45,quantile,0.35,15.0
2024-11-30,wk inc flu hosp,1,2024-12-07,45,quantile,0.4,18.0
2024-11-30,wk inc flu hosp,1,2024-12-07,45,quantile,0.45,21.0
2024-11-30,wk inc flu hosp,1,2024-12-07,45,quantile,0.5,24.0
2024-11-30,wk inc flu hosp,1,2024-12-07,45,quantile,0.55,27.0
2024-11-30,wk inc flu hosp,1,2024-12-07,45,quantile,0.6,29.0
2024-11-30,wk inc flu hosp,1,2024-12-07,45,quantile,0.65,33.0
2024-11-30,wk inc flu hosp,1,2024-12-07,45,quantile,0.7,36.0
2024-11-30,wk inc flu hosp,1,2024-12-07,45,quantile,0.75,40.0
2024-11-30,wk inc flu hosp,1,2024-12-07,45,quantile,0.8,45.0
2024-11-30,wk inc flu hosp,1,2024-12-07,45,quantile,0.85,51.0
2024-11-30,wk inc flu hosp,1,2024-12-07,45,quantile,0.9,60.0
2024-11-30,wk inc flu hosp,1,2024-12-07,45,quantile,0.95,77.0
2024-11-30,wk inc flu hosp,1,2024-12-07,45,quantile,0.975,100.0
2024-11-30,wk inc flu hosp,1,2024-12-07,45,quantile,0.99,131.0
2024-11-30,wk inc flu hosp,2,2024-12-14,45,quantile,0.01,4.0
2024-11-30,wk inc flu hosp,2,2024-12-14,45,quantile,0.025,5.0
2024-11-30,wk inc flu hosp,2,2024-12-14,45,quantile,0.05,6.0
2024-11-30,wk inc flu hosp,2,2024-12-14,45,quantile,0.1,7.0
2024-11-30,wk inc flu hosp,2,2024-12-14,45,quantile,0.15,9.0
2024-11-30,wk inc flu hosp,2,2024-12-14,45,quantile,0.2,12.0
2024-11-30,wk inc flu hosp,2,2024-12-14,45,quantile,0.25,16.0
2024-11-30,wk inc flu hosp,2,2024-12-14,45,quantile,0.3,19.0
2024-11-30,wk inc flu hosp,2,2024-12-14,45,quantile,0.35,23.0
2024-11-30,wk inc flu hosp,2,2024-12-14,45,quantile,0.4,27.0
2024-11-30,wk inc flu hosp,2,2024-12-14,45,quantile,0.45,30.0
2024-11-30,wk inc flu hosp,2,2024-12-14,45,quantile,0.5,33.0
2024-11-30,wk inc flu hosp,2,2024-12-14,45,quantile,0.55,37.0
2024-11-30,wk inc flu hosp,2,2024-12-14,45,quantile,0.6,40.0
2024-11-30,wk inc flu hosp,2,2024-12-14,45,quantile,0.65,44.0
2024-11-30,wk inc flu hosp,2,2024-12-14,45,quantile,0.7,48.0
2024-11-30,wk inc flu hosp,2,2024-12-14,45,quantile,0.75,53.0
2024-11-30,wk inc flu hosp,2,2024-12-14,45,quantile,0.8,60.0
2024-11-30,wk inc flu hosp,2,2024-12-14,45,quantile,0.85,69.0
2024-11-30,wk inc flu hosp,2,2024-12-14,45,quantile,0.9,80.0
2024-11-30,wk inc flu hosp,2,2024-12-14,45,quantile,0.95,107.0
2024-11-30,wk inc flu hosp,2,2024-12-14,45,quantile,0.975,138.0
2024-11-30,wk inc flu hosp,2,2024-12-14,45,quantile,0.99,182.0
2024-11-30,wk inc flu hosp,3,2024-12-21,45,quantile,0.01,5.0
2024-11-30,wk inc flu hosp,3,2024-12-21,45,quantile,0.025,6.0
2024-11-30,wk inc flu hosp,3,2024-12-21,45,quantile,0.05,8.0
2024-11-30,wk inc flu hosp,3,2024-12-21,45,quantile,0.1,12.0
2024-11-30,wk inc flu hosp,3,2024-12-21,45,quantile,0.15,16.0
2024-11-30,wk inc flu hosp,3,2024-12-21,45,quantile,0.2,21.0
2024-11-30,wk inc flu hosp,3,2024-12-21,45,quantile,0.25,25.0
2024-11-30,wk inc flu hosp,3,2024-12-21,45,quantile,0.3,29.0
2024-11-30,wk inc flu hosp,3,2024-12-21,45,quantile,0.35,33.0
2024-11-30,wk inc flu hosp,3,2024-12-21,45,quantile,0.4,37.0
2024-11-30,wk inc flu hosp,3,2024-12-21,45,quantile,0.45,41.0
2024-11-30,wk inc flu hosp,3,2024-12-21,45,quantile,0.5,44.0
2024-11-30,wk inc flu hosp,3,2024-12-21,45,quantile,0.55,49.0
2024-11-30,wk inc flu hosp,3,2024-12-21,45,quantile,0.6,53.0
2024-11-30,wk inc flu hosp,3,2024-12-21,45,quantile,0.65,58.0
2024-11-30,wk inc flu hosp,3,2024-12-21,45,quantile,0.7,64.0
2024-11-30,wk inc flu hosp,3,2024-12-21,45,quantile,0.75,71.0
2024-11-30,wk inc flu hosp,3,2024-12-21,45,quantile,0.8,79.0
2024-11-30,wk inc flu hosp,3,2024-12-21,45,quantile,0.85,92.0
2024-11-30,wk inc flu hosp,3,2024-12-21,45,quantile,0.9,107.0
2024-11-30,wk inc flu hosp,3,2024-12-21,45,quantile,0.95,143.0
2024-11-30,wk inc flu hosp,3,2024-12-21,45,quantile,0.975,187.0
2024-11-30,wk inc flu hosp,3,2024-12-21,45,quantile,0.99,256.0
2024-11-30,wk inc flu hosp,0,2024-11-30,46,quantile,0.01,0.0
2024-11-30,wk inc flu hosp,0,2024-11-30,46,quantile,0.025,0.0
2024-11-30,wk inc flu hosp,0,2024-11-30,46,quantile,0.05,0.0
2024-11-30,wk inc flu hosp,0,2024-11-30,46,quantile,0.1,0.0
2024-11-30,wk inc flu hosp,0,2024-11-30,46,quantile,0.15,0.0
2024-11-30,wk inc flu hosp,0,2024-11-30,46,quantile,0.2,0.0
2024-11-30,wk inc flu hosp,0,2024-11-30,46,quantile,0.25,0.0
2024-11-30,wk inc flu hosp,0,2024-11-30,46,quantile,0.3,0.0
2024-11-30,wk inc flu hosp,0,2024-11-30,46,quantile,0.35,0.0
2024-11-30,wk inc flu hosp,0,2024-11-30,46,quantile,0.4,0.0
2024-11-30,wk inc flu hosp,0,2024-11-30,46,quantile,0.45,0.0
2024-11-30,wk inc flu hosp,0,2024-11-30,46,quantile,0.5,1.0
2024-11-30,wk inc flu hosp,0,2024-11-30,46,quantile,0.55,1.0
2024-11-30,wk inc flu hosp,0,2024-11-30,46,quantile,0.6,1.0
2024-11-30,wk inc flu hosp,0,2024-11-30,46,quantile,0.65,2.0
2024-11-30,wk inc flu hosp,0,2024-11-30,46,quantile,0.7,3.0
2024-11-30,wk inc flu hosp,0,2024-11-30,46,quantile,0.75,4.0
2024-11-30,wk inc flu hosp,0,2024-11-30,46,quantile,0.8,5.0
2024-11-30,wk inc flu hosp,0,2024-11-30,46,quantile,0.85,6.0
2024-11-30,wk inc flu hosp,0,2024-11-30,46,quantile,0.9,7.0
2024-11-30,wk inc flu hosp,0,2024-11-30,46,quantile,0.95,9.0
2024-11-30,wk inc flu hosp,0,2024-11-30,46,quantile,0.975,16.0
2024-11-30,wk inc flu hosp,0,2024-11-30,46,quantile,0.99,20.0
2024-11-30,wk inc flu hosp,1,2024-12-07,46,quantile,0.01,0.0
2024-11-30,wk inc flu hosp,1,2024-12-07,46,quantile,0.025,0.0
2024-11-30,wk inc flu hosp,1,2024-12-07,46,quantile,0.05,0.0
2024-11-30,wk inc flu hosp,1,2024-12-07,46,quantile,0.1,0.0
2024-11-30,wk inc flu hosp,1,2024-12-07,46,quantile,0.15,0.0
2024-11-30,wk inc flu hosp,1,2024-12-07,46,quantile,0.2,0.0
2024-11-30,wk inc flu hosp,1,2024-12-07,46,quantile,0.25,0.0
2024-11-30,wk inc flu hosp,1,2024-12-07,46,quantile,0.3,1.0
2024-11-30,wk inc flu hosp,1,2024-12-07,46,quantile,0.35,1.0
2024-11-30,wk inc flu hosp,1,2024-12-07,46,quantile,0.4,2.0
2024-11-30,wk inc flu hosp,1,2024-12-07,46,quantile,0.45,4.0
2024-11-30,wk inc flu hosp,1,2024-12-07,46,quantile,0.5,5.0
2024-11-30,wk inc flu hosp,1,2024-12-07,46,quantile,0.55,6.0
2024-11-30,wk inc flu hosp,1,2024-12-07,46,quantile,0.6,7.0
2024-11-30,wk inc flu hosp,1,2024-12-07,46,quantile,0.65,8.0
2024-11-30,wk inc flu hosp,1,2024-12-07,46,quantile,0.7,8.0
2024-11-30,wk inc flu hosp,1,2024-12-07,46,quantile,0.75,10.0
2024-11-30,wk inc flu hosp,1,2024-12-07,46,quantile,0.8,11.0
2024-11-30,wk inc flu hosp,1,2024-12-07,46,quantile,0.85,13.0
2024-11-30,wk inc flu hosp,1,2024-12-07,46,quantile,0.9,16.0
2024-11-30,wk inc flu hosp,1,2024-12-07,46,quantile,0.95,23.0
2024-11-30,wk inc flu hosp,1,2024-12-07,46,quantile,0.975,27.0
2024-11-30,wk inc flu hosp,1,2024-12-07,46,quantile,0.99,31.0
2024-11-30,wk inc flu hosp,2,2024-12-14,46,quantile,0.01,0.0
2024-11-30,wk inc flu hosp,2,2024-12-14,46,quantile,0.025,0.0
2024-11-30,wk inc flu hosp,2,2024-12-14,46,quantile,0.05,0.0
2024-11-30,wk inc flu hosp,2,2024-12-14,46,quantile,0.1,0.0
2024-11-30,wk inc flu hosp,2,2024-12-14,46,quantile,0.15,1.0
2024-11-30,wk inc flu hosp,2,2024-12-14,46,quantile,0.2,2.0
2024-11-30,wk inc flu hosp,2,2024-12-14,46,quantile,0.25,3.0
2024-11-30,wk inc flu hosp,2,2024-12-14,46,quantile,0.3,4.0
2024-11-30,wk inc flu hosp,2,2024-12-14,46,quantile,0.35,5.0
2024-11-30,wk inc flu hosp,2,2024-12-14,46,quantile,0.4,6.0
2024-11-30,wk inc flu hosp,2,2024-12-14,46,quantile,0.45,7.0
2024-11-30,wk inc flu hosp,2,2024-12-14,46,quantile,0.5,8.0
2024-11-30,wk inc flu hosp,2,2024-12-14,46,quantile,0.55,9.0
2024-11-30,wk inc flu hosp,2,2024-12-14,46,quantile,0.6,10.0
2024-11-30,wk inc flu hosp,2,2024-12-14,46,quantile,0.65,12.0
2024-11-30,wk inc flu hosp,2,2024-12-14,46,quantile,0.7,13.0
2024-11-30,wk inc flu hosp,2,2024-12-14,46,quantile,0.75,15.0
2024-11-30,wk inc flu hosp,2,2024-12-14,46,quantile,0.8,17.0
2024-11-30,wk inc flu hosp,2,2024-12-14,46,quantile,0.85,19.0
2024-11-30,wk inc flu hosp,2,2024-12-14,46,quantile,0.9,23.0
2024-11-30,wk inc flu hosp,2,2024-12-14,46,quantile,0.95,29.0
2024-11-30,wk inc flu hosp,2,2024-12-14,46,quantile,0.975,34.0
2024-11-30,wk inc flu hosp,2,2024-12-14,46,quantile,0.99,39.0
2024-11-30,wk inc flu hosp,3,2024-12-21,46,quantile,0.01,0.0
2024-11-30,wk inc flu hosp,3,2024-12-21,46,quantile,0.025,0.0
2024-11-30,wk inc flu hosp,3,2024-12-21,46,quantile,0.05,1.0
2024-11-30,wk inc flu hosp,3,2024-12-21,46,quantile,0.1,1.0
2024-11-30,wk inc flu hosp,3,2024-12-21,46,quantile,0.15,2.0
2024-11-30,wk inc flu hosp,3,2024-12-21,46,quantile,0.2,4.0
2024-11-30,wk inc flu hosp,3,2024-12-21,46,quantile,0.25,5.0
2024-11-30,wk inc flu hosp,3,2024-12-21,46,quantile,0.3,7.0
2024-11-30,wk inc flu hosp,3,2024-12-21,46,quantile,0.35,8.0
2024-11-30,wk inc flu hosp,3,2024-12-21,46,quantile,0.4,9.0
2024-11-30,wk inc flu hosp,3,2024-12-21,46,quantile,0.45,10.0
2024-11-30,wk inc flu hosp,3,2024-12-21,46,quantile,0.5,12.0
2024-11-30,wk inc flu hosp,3,2024-12-21,46,quantile,0.55,13.0
2024-11-30,wk inc flu hosp,3,2024-12-21,46,quantile,0.6,15.0
2024-11-30,wk inc flu hosp,3,2024-12-21,46,quantile,0.65,16.0
2024-11-30,wk inc flu hosp,3,2024-12-21,46,quantile,0.7,18.0
2024-11-30,wk inc flu hosp,3,2024-12-21,46,quantile,0.75,20.0
2024-11-30,wk inc flu hosp,3,2024-12-21,46,quantile,0.8,22.0
2024-11-30,wk inc flu hosp,3,2024-12-21,46,quantile,0.85,25.0
2024-11-30,wk inc flu hosp,3,2024-12-21,46,quantile,0.9,29.0
2024-11-30,wk inc flu hosp,3,2024-12-21,46,quantile,0.95,35.0
2024-11-30,wk inc flu hosp,3,2024-12-21,46,quantile,0.975,42.0
2024-11-30,wk inc flu hosp,3,2024-12-21,46,quantile,0.99,53.0
2024-11-30,wk inc flu hosp,0,2024-11-30,47,quantile,0.01,3.0
2024-11-30,wk inc flu hosp,0,2024-11-30,47,quantile,0.025,7.0
2024-11-30,wk inc flu hosp,0,2024-11-30,47,quantile,0.05,16.0
2024-11-30,wk inc flu hosp,0,2024-11-30,47,quantile,0.1,20.0
2024-11-30,wk inc flu hosp,0,2024-11-30,47,quantile,0.15,23.0
2024-11-30,wk inc flu hosp,0,2024-11-30,47,quantile,0.2,26.0
2024-11-30,wk inc flu hosp,0,2024-11-30,47,quantile,0.25,31.0
2024-11-30,wk inc flu hosp,0,2024-11-30,47,quantile,0.3,38.0
2024-11-30,wk inc flu hosp,0,2024-11-30,47,quantile,0.35,43.0
2024-11-30,wk inc flu hosp,0,2024-11-30,47,quantile,0.4,47.0
2024-11-30,wk inc flu hosp,0,2024-11-30,47,quantile,0.45,52.0
2024-11-30,wk inc flu hosp,0,2024-11-30,47,quantile,0.5,56.0
2024-11-30,wk inc flu hosp,0,2024-11-30,47,quantile,0.55,61.0
2024-11-30,wk inc flu hosp,0,2024-11-30,47,quantile,0.6,65.0
2024-11-30,wk inc flu hosp,0,2024-11-30,47,quantile,0.65,72.0
2024-11-30,wk inc flu hosp,0,2024-11-30,47,quantile,0.7,79.0
2024-11-30,wk inc flu hosp,0,2024-11-30,47,quantile,0.75,88.0
2024-11-30,wk inc flu hosp,0,2024-11-30,47,quantile,0.8,97.0
2024-11-30,wk inc flu hosp,0,2024-11-30,47,quantile,0.85,111.0
2024-11-30,wk inc flu hosp,0,2024-11-30,47,quantile,0.9,136.0
2024-11-30,wk inc flu hosp,0,2024-11-30,47,quantile,0.95,175.0
2024-11-30,wk inc flu hosp,0,2024-11-30,47,quantile,0.975,218.0
2024-11-30,wk inc flu hosp,0,2024-11-30,47,quantile,0.99,247.0
2024-11-30,wk inc flu hosp,1,2024-12-07,47,quantile,0.01,5.0
2024-11-30,wk inc flu hosp,1,2024-12-07,47,quantile,0.025,9.0
2024-11-30,wk inc flu hosp,1,2024-12-07,47,quantile,0.05,14.0
2024-11-30,wk inc flu hosp,1,2024-12-07,47,quantile,0.1,21.0
2024-11-30,wk inc flu hosp,1,2024-12-07,47,quantile,0.15,25.0
2024-11-30,wk inc flu hosp,1,2024-12-07,47,quantile,0.2,29.0
2024-11-30,wk inc flu hosp,1,2024-12-07,47,quantile,0.25,36.0
2024-11-30,wk inc flu hosp,1,2024-12-07,47,quantile,0.3,42.0
2024-11-30,wk inc flu hosp,1,2024-12-07,47,quantile,0.35,48.0
2024-11-30,wk inc flu hosp,1,2024-12-07,47,quantile,0.4,55.0
2024-11-30,wk inc flu hosp,1,2024-12-07,47,quantile,0.45,61.0
2024-11-30,wk inc flu hosp,1,2024-12-07,47,quantile,0.5,69.0
2024-11-30,wk inc flu hosp,1,2024-12-07,47,quantile,0.55,76.0
2024-11-30,wk inc flu hosp,1,2024-12-07,47,quantile,0.6,82.0
2024-11-30,wk inc flu hosp,1,2024-12-07,47,quantile,0.65,90.0
2024-11-30,wk inc flu hosp,1,2024-12-07,47,quantile,0.7,99.0
2024-11-30,wk inc flu hosp,1,2024-12-07,47,quantile,0.75,111.0
2024-11-30,wk inc flu hosp,1,2024-12-07,47,quantile,0.8,125.0
2024-11-30,wk inc flu hosp,1,2024-12-07,47,quantile,0.85,143.0
2024-11-30,wk inc flu hosp,1,2024-12-07,47,quantile,0.9,165.0
2024-11-30,wk inc flu hosp,1,2024-12-07,47,quantile,0.95,209.0
2024-11-30,wk inc flu hosp,1,2024-12-07,47,quantile,0.975,250.0
2024-11-30,wk inc flu hosp,1,2024-12-07,47,quantile,0.99,310.0
2024-11-30,wk inc flu hosp,2,2024-12-14,47,quantile,0.01,5.0
2024-11-30,wk inc flu hosp,2,2024-12-14,47,quantile,0.025,11.0
2024-11-30,wk inc flu hosp,2,2024-12-14,47,quantile,0.05,19.0
2024-11-30,wk inc flu hosp,2,2024-12-14,47,quantile,0.1,28.0
2024-11-30,wk inc flu hosp,2,2024-12-14,47,quantile,0.15,32.0
2024-11-30,wk inc flu hosp,2,2024-12-14,47,quantile,0.2,39.0
2024-11-30,wk inc flu hosp,2,2024-12-14,47,quantile,0.25,47.0
2024-11-30,wk inc flu hosp,2,2024-12-14,47,quantile,0.3,54.0
2024-11-30,wk inc flu hosp,2,2024-12-14,47,quantile,0.35,61.0
2024-11-30,wk inc flu hosp,2,2024-12-14,47,quantile,0.4,69.0
2024-11-30,wk inc flu hosp,2,2024-12-14,47,quantile,0.45,76.0
2024-11-30,wk inc flu hosp,2,2024-12-14,47,quantile,0.5,85.0
2024-11-30,wk inc flu hosp,2,2024-12-14,47,quantile,0.55,92.0
2024-11-30,wk inc flu hosp,2,2024-12-14,47,quantile,0.6,101.0
2024-11-30,wk inc flu hosp,2,2024-12-14,47,quantile,0.65,112.0
2024-11-30,wk inc flu hosp,2,2024-12-14,47,quantile,0.7,123.0
2024-11-30,wk inc flu hosp,2,2024-12-14,47,quantile,0.75,140.0
2024-11-30,wk inc flu hosp,2,2024-12-14,47,quantile,0.8,157.0
2024-11-30,wk inc flu hosp,2,2024-12-14,47,quantile,0.85,180.0
2024-11-30,wk inc flu hosp,2,2024-12-14,47,quantile,0.9,217.0
2024-11-30,wk inc flu hosp,2,2024-12-14,47,quantile,0.95,283.0
2024-11-30,wk inc flu hosp,2,2024-12-14,47,quantile,0.975,363.0
2024-11-30,wk inc flu hosp,2,2024-12-14,47,quantile,0.99,441.0
2024-11-30,wk inc flu hosp,3,2024-12-21,47,quantile,0.01,4.0
2024-11-30,wk inc flu hosp,3,2024-12-21,47,quantile,0.025,12.0
2024-11-30,wk inc flu hosp,3,2024-12-21,47,quantile,0.05,18.0
2024-11-30,wk inc flu hosp,3,2024-12-21,47,quantile,0.1,29.0
2024-11-30,wk inc flu hosp,3,2024-12-21,47,quantile,0.15,36.0
2024-11-30,wk inc flu hosp,3,2024-12-21,47,quantile,0.2,45.0
2024-11-30,wk inc flu hosp,3,2024-12-21,47,quantile,0.25,54.0
2024-11-30,wk inc flu hosp,3,2024-12-21,47,quantile,0.3,61.0
2024-11-30,wk inc flu hosp,3,2024-12-21,47,quantile,0.35,70.0
2024-11-30,wk inc flu hosp,3,2024-12-21,47,quantile,0.4,78.0
2024-11-30,wk inc flu hosp,3,2024-12-21,47,quantile,0.45,87.0
2024-11-30,wk inc flu hosp,3,2024-12-21,47,quantile,0.5,96.0
2024-11-30,wk inc flu hosp,3,2024-12-21,47,quantile,0.55,105.0
2024-11-30,wk inc flu hosp,3,2024-12-21,47,quantile,0.6,118.0
2024-11-30,wk inc flu hosp,3,2024-12-21,47,quantile,0.65,132.0
2024-11-30,wk inc flu hosp,3,2024-12-21,47,quantile,0.7,147.0
2024-11-30,wk inc flu hosp,3,2024-12-21,47,quantile,0.75,167.0
2024-11-30,wk inc flu hosp,3,2024-12-21,47,quantile,0.8,189.0
2024-11-30,wk inc flu hosp,3,2024-12-21,47,quantile,0.85,223.0
2024-11-30,wk inc flu hosp,3,2024-12-21,47,quantile,0.9,269.0
2024-11-30,wk inc flu hosp,3,2024-12-21,47,quantile,0.95,344.0
2024-11-30,wk inc flu hosp,3,2024-12-21,47,quantile,0.975,443.0
2024-11-30,wk inc flu hosp,3,2024-12-21,47,quantile,0.99,543.0
2024-11-30,wk inc flu hosp,0,2024-11-30,48,quantile,0.01,59.0
2024-11-30,wk inc flu hosp,0,2024-11-30,48,quantile,0.025,161.0
2024-11-30,wk inc flu hosp,0,2024-11-30,48,quantile,0.05,188.0
2024-11-30,wk inc flu hosp,0,2024-11-30,48,quantile,0.1,222.0
2024-11-30,wk inc flu hosp,0,2024-11-30,48,quantile,0.15,247.0
2024-11-30,wk inc flu hosp,0,2024-11-30,48,quantile,0.2,274.0
2024-11-30,wk inc flu hosp,0,2024-11-30,48,quantile,0.25,284.0
2024-11-30,wk inc flu hosp,0,2024-11-30,48,quantile,0.3,295.0
2024-11-30,wk inc flu hosp,0,2024-11-30,48,quantile,0.35,307.0
2024-11-30,wk inc flu hosp,0,2024-11-30,48,quantile,0.4,317.0
2024-11-30,wk inc flu hosp,0,2024-11-30,48,quantile,0.45,329.0
2024-11-30,wk inc flu hosp,0,2024-11-30,48,quantile,0.5,338.0
2024-11-30,wk inc flu hosp,0,2024-11-30,48,quantile,0.55,347.0
2024-11-30,wk inc flu hosp,0,2024-11-30,48,quantile,0.6,365.0
2024-11-30,wk inc flu hosp,0,2024-11-30,48,quantile,0.65,379.0
2024-11-30,wk inc flu hosp,0,2024-11-30,48,quantile,0.7,406.0
2024-11-30,wk inc flu hosp,0,2024-11-30,48,quantile,0.75,425.0
2024-11-30,wk inc flu hosp,0,2024-11-30,48,quantile,0.8,442.0
2024-11-30,wk inc flu hosp,0,2024-11-30,48,quantile,0.85,495.0
2024-11-30,wk inc flu hosp,0,2024-11-30,48,quantile,0.9,540.0
2024-11-30,wk inc flu hosp,0,2024-11-30,48,quantile,0.95,585.0
2024-11-30,wk inc flu hosp,0,2024-11-30,48,quantile,0.975,691.0
2024-11-30,wk inc flu hosp,0,2024-11-30,48,quantile,0.99,846.0
2024-11-30,wk inc flu hosp,1,2024-12-07,48,quantile,0.01,55.0
2024-11-30,wk inc flu hosp,1,2024-12-07,48,quantile,0.025,131.0
2024-11-30,wk inc flu hosp,1,2024-12-07,48,quantile,0.05,173.0
2024-11-30,wk inc flu hosp,1,2024-12-07,48,quantile,0.1,210.0
2024-11-30,wk inc flu hosp,1,2024-12-07,48,quantile,0.15,241.0
2024-11-30,wk inc flu hosp,1,2024-12-07,48,quantile,0.2,279.0
2024-11-30,wk inc flu hosp,1,2024-12-07,48,quantile,0.25,314.0
2024-11-30,wk inc flu hosp,1,2024-12-07,48,quantile,0.3,344.0
2024-11-30,wk inc flu hosp,1,2024-12-07,48,quantile,0.35,373.0
2024-11-30,wk inc flu hosp,1,2024-12-07,48,quantile,0.4,402.0
2024-11-30,wk inc flu hosp,1,2024-12-07,48,quantile,0.45,433.0
2024-11-30,wk inc flu hosp,1,2024-12-07,48,quantile,0.5,466.0
2024-11-30,wk inc flu hosp,1,2024-12-07,48,quantile,0.55,495.0
2024-11-30,wk inc flu hosp,1,2024-12-07,48,quantile,0.6,527.0
2024-11-30,wk inc flu hosp,1,2024-12-07,48,quantile,0.65,567.0
2024-11-30,wk inc flu hosp,1,2024-12-07,48,quantile,0.7,605.0
2024-11-30,wk inc flu hosp,1,2024-12-07,48,quantile,0.75,654.0
2024-11-30,wk inc flu hosp,1,2024-12-07,48,quantile,0.8,710.0
2024-11-30,wk inc flu hosp,1,2024-12-07,48,quantile,0.85,776.0
2024-11-30,wk inc flu hosp,1,2024-12-07,48,quantile,0.9,900.0
2024-11-30,wk inc flu hosp,1,2024-12-07,48,quantile,0.95,1109.0
2024-11-30,wk inc flu hosp,1,2024-12-07,48,quantile,0.975,1269.0
2024-11-30,wk inc flu hosp,1,2024-12-07,48,quantile,0.99,1429.0
2024-11-30,wk inc flu hosp,2,2024-12-14,48,quantile,0.01,97.0
2024-11-30,wk inc flu hosp,2,2024-12-14,48,quantile,0.025,144.0
2024-11-30,wk inc flu hosp,2,2024-12-14,48,quantile,0.05,193.0
2024-11-30,wk inc flu hosp,2,2024-12-14,48,quantile,0.1,252.0
2024-11-30,wk inc flu hosp,2,2024-12-14,48,quantile,0.15,303.0
2024-11-30,wk inc flu hosp,2,2024-12-14,48,quantile,0.2,350.0
2024-11-30,wk inc flu hosp,2,2024-12-14,48,quantile,0.25,391.0
2024-11-30,wk inc flu hosp,2,2024-12-14,48,quantile,0.3,428.0
2024-11-30,wk inc flu hosp,2,2024-12-14,48,quantile,0.35,464.0
2024-11-30,wk inc flu hosp,2,2024-12-14,48,quantile,0.4,501.0
2024-11-30,wk inc flu hosp,2,2024-12-14,48,quantile,0.45,538.0
2024-11-30,wk inc flu hosp,2,2024-12-14,48,quantile,0.5,576.0
2024-11-30,wk inc flu hosp,2,2024-12-14,48,quantile,0.55,616.0
2024-11-30,wk inc flu hosp,2,2024-12-14,48,quantile,0.6,656.0
2024-11-30,wk inc flu hosp,2,2024-12-14,48,quantile,0.65,708.0
2024-11-30,wk inc flu hosp,2,2024-12-14,48,quantile,0.7,763.0
2024-11-30,wk inc flu hosp,2,2024-12-14,48,quantile,0.75,828.0
2024-11-30,wk inc flu hosp,2,2024-12-14,48,quantile,0.8,907.0
2024-11-30,wk inc flu hosp,2,2024-12-14,48,quantile,0.85,1003.0
2024-11-30,wk inc flu hosp,2,2024-12-14,48,quantile,0.9,1178.0
2024-11-30,wk inc flu hosp,2,2024-12-14,48,quantile,0.95,1459.0
2024-11-30,wk inc flu hosp,2,2024-12-14,48,quantile,0.975,1730.0
2024-11-30,wk inc flu hosp,2,2024-12-14,48,quantile,0.99,2006.0
2024-11-30,wk inc flu hosp,3,2024-12-21,48,quantile,0.01,124.0
2024-11-30,wk inc flu hosp,3,2024-12-21,48,quantile,0.025,173.0
2024-11-30,wk inc flu hosp,3,2024-12-21,48,quantile,0.05,219.0
2024-11-30,wk inc flu hosp,3,2024-12-21,48,quantile,0.1,296.0
2024-11-30,wk inc flu hosp,3,2024-12-21,48,quantile,0.15,369.0
2024-11-30,wk inc flu hosp,3,2024-12-21,48,quantile,0.2,431.0
2024-11-30,wk inc flu hosp,3,2024-12-21,48,quantile,0.25,487.0
2024-11-30,wk inc flu hosp,3,2024-12-21,48,quantile,0.3,536.0
2024-11-30,wk inc flu hosp,3,2024-12-21,48,quantile,0.35,587.0
2024-11-30,wk inc flu hosp,3,2024-12-21,48,quantile,0.4,631.0
2024-11-30,wk inc flu hosp,3,2024-12-21,48,quantile,0.45,680.0
2024-11-30,wk inc flu hosp,3,2024-12-21,48,quantile,0.5,728.0
2024-11-30,wk inc flu hosp,3,2024-12-21,48,quantile,0.55,782.0
2024-11-30,wk inc flu hosp,3,2024-12-21,48,quantile,0.6,844.0
2024-11-30,wk inc flu hosp,3,2024-12-21,48,quantile,0.65,912.0
2024-11-30,wk inc flu hosp,3,2024-12-21,48,quantile,0.7,979.0
2024-11-30,wk inc flu hosp,3,2024-12-21,48,quantile,0.75,1065.0
2024-11-30,wk inc flu hosp,3,2024-12-21,48,quantile,0.8,1169.0
2024-11-30,wk inc flu hosp,3,2024-12-21,48,quantile,0.85,1278.0
2024-11-30,wk inc flu hosp,3,2024-12-21,48,quantile,0.9,1474.0
2024-11-30,wk inc flu hosp,3,2024-12-21,48,quantile,0.95,1828.0
2024-11-30,wk inc flu hosp,3,2024-12-21,48,quantile,0.975,2118.0
2024-11-30,wk inc flu hosp,3,2024-12-21,48,quantile,0.99,2431.0
2024-11-30,wk inc flu hosp,0,2024-11-30,49,quantile,0.01,2.0
2024-11-30,wk inc flu hosp,0,2024-11-30,49,quantile,0.025,2.0
2024-11-30,wk inc flu hosp,0,2024-11-30,49,quantile,0.05,3.0
2024-11-30,wk inc flu hosp,0,2024-11-30,49,quantile,0.1,6.0
2024-11-30,wk inc flu hosp,0,2024-11-30,49,quantile,0.15,7.0
2024-11-30,wk inc flu hosp,0,2024-11-30,49,quantile,0.2,9.0
2024-11-30,wk inc flu hosp,0,2024-11-30,49,quantile,0.25,11.0
2024-11-30,wk inc flu hosp,0,2024-11-30,49,quantile,0.3,12.0
2024-11-30,wk inc flu hosp,0,2024-11-30,49,quantile,0.35,14.0
2024-11-30,wk inc flu hosp,0,2024-11-30,49,quantile,0.4,16.0
2024-11-30,wk inc flu hosp,0,2024-11-30,49,quantile,0.45,17.0
2024-11-30,wk inc flu hosp,0,2024-11-30,49,quantile,0.5,18.0
2024-11-30,wk inc flu hosp,0,2024-11-30,49,quantile,0.55,20.0
2024-11-30,wk inc flu hosp,0,2024-11-30,49,quantile,0.6,22.0
2024-11-30,wk inc flu hosp,0,2024-11-30,49,quantile,0.65,23.0
2024-11-30,wk inc flu hosp,0,2024-11-30,49,quantile,0.7,25.0
2024-11-30,wk inc flu hosp,0,2024-11-30,49,quantile,0.75,27.0
2024-11-30,wk inc flu hosp,0,2024-11-30,49,quantile,0.8,30.0
2024-11-30,wk inc flu hosp,0,2024-11-30,49,quantile,0.85,33.0
2024-11-30,wk inc flu hosp,0,2024-11-30,49,quantile,0.9,37.0
2024-11-30,wk inc flu hosp,0,2024-11-30,49,quantile,0.95,43.0
2024-11-30,wk inc flu hosp,0,2024-11-30,49,quantile,0.975,48.0
2024-11-30,wk inc flu hosp,0,2024-11-30,49,quantile,0.99,58.0
2024-11-30,wk inc flu hosp,1,2024-12-07,49,quantile,0.01,2.0
2024-11-30,wk inc flu hosp,1,2024-12-07,49,quantile,0.025,3.0
2024-11-30,wk inc flu hosp,1,2024-12-07,49,quantile,0.05,4.0
2024-11-30,wk inc flu hosp,1,2024-12-07,49,quantile,0.1,6.0
2024-11-30,wk inc flu hosp,1,2024-12-07,49,quantile,0.15,7.0
2024-11-30,wk inc flu hosp,1,2024-12-07,49,quantile,0.2,9.0
2024-11-30,wk inc flu hosp,1,2024-12-07,49,quantile,0.25,11.0
2024-11-30,wk inc flu hosp,1,2024-12-07,49,quantile,0.3,13.0
2024-11-30,wk inc flu hosp,1,2024-12-07,49,quantile,0.35,15.0
2024-11-30,wk inc flu hosp,1,2024-12-07,49,quantile,0.4,17.0
2024-11-30,wk inc flu hosp,1,2024-12-07,49,quantile,0.45,19.0
2024-11-30,wk inc flu hosp,1,2024-12-07,49,quantile,0.5,21.0
2024-11-30,wk inc flu hosp,1,2024-12-07,49,quantile,0.55,23.0
2024-11-30,wk inc flu hosp,1,2024-12-07,49,quantile,0.6,25.0
2024-11-30,wk inc flu hosp,1,2024-12-07,49,quantile,0.65,27.0
2024-11-30,wk inc flu hosp,1,2024-12-07,49,quantile,0.7,30.0
2024-11-30,wk inc flu hosp,1,2024-12-07,49,quantile,0.75,34.0
2024-11-30,wk inc flu hosp,1,2024-12-07,49,quantile,0.8,37.0
2024-11-30,wk inc flu hosp,1,2024-12-07,49,quantile,0.85,42.0
2024-11-30,wk inc flu hosp,1,2024-12-07,49,quantile,0.9,50.0
2024-11-30,wk inc flu hosp,1,2024-12-07,49,quantile,0.95,65.0
2024-11-30,wk inc flu hosp,1,2024-12-07,49,quantile,0.975,79.0
2024-11-30,wk inc flu hosp,1,2024-12-07,49,quantile,0.99,96.0
2024-11-30,wk inc flu hosp,2,2024-12-14,49,quantile,0.01,4.0
2024-11-30,wk inc flu hosp,2,2024-12-14,49,quantile,0.025,5.0
2024-11-30,wk inc flu hosp,2,2024-12-14,49,quantile,0.05,8.0
2024-11-30,wk inc flu hosp,2,2024-12-14,49,quantile,0.1,11.0
2024-11-30,wk inc flu hosp,2,2024-12-14,49,quantile,0.15,12.0
2024-11-30,wk inc flu hosp,2,2024-12-14,49,quantile,0.2,15.0
2024-11-30,wk inc flu hosp,2,2024-12-14,49,quantile,0.25,17.0
2024-11-30,wk inc flu hosp,2,2024-12-14,49,quantile,0.3,20.0
2024-11-30,wk inc flu hosp,2,2024-12-14,49,quantile,0.35,22.0
2024-11-30,wk inc flu hosp,2,2024-12-14,49,quantile,0.4,24.0
2024-11-30,wk inc flu hosp,2,2024-12-14,49,quantile,0.45,27.0
2024-11-30,wk inc flu hosp,2,2024-12-14,49,quantile,0.5,29.0
2024-11-30,wk inc flu hosp,2,2024-12-14,49,quantile,0.55,32.0
2024-11-30,wk inc flu hosp,2,2024-12-14,49,quantile,0.6,34.0
2024-11-30,wk inc flu hosp,2,2024-12-14,49,quantile,0.65,38.0
2024-11-30,wk inc flu hosp,2,2024-12-14,49,quantile,0.7,41.0
2024-11-30,wk inc flu hosp,2,2024-12-14,49,quantile,0.75,45.0
2024-11-30,wk inc flu hosp,2,2024-12-14,49,quantile,0.8,51.0
2024-11-30,wk inc flu hosp,2,2024-12-14,49,quantile,0.85,59.0
2024-11-30,wk inc flu hosp,2,2024-12-14,49,quantile,0.9,73.0
2024-11-30,wk inc flu hosp,2,2024-12-14,49,quantile,0.95,98.0
2024-11-30,wk inc flu hosp,2,2024-12-14,49,quantile,0.975,121.0
2024-11-30,wk inc flu hosp,2,2024-12-14,49,quantile,0.99,167.0
2024-11-30,wk inc flu hosp,3,2024-12-21,49,quantile,0.01,6.0
2024-11-30,wk inc flu hosp,3,2024-12-21,49,quantile,0.025,8.0
2024-11-30,wk inc flu hosp,3,2024-12-21,49,quantile,0.05,10.0
2024-11-30,wk inc flu hosp,3,2024-12-21,49,quantile,0.1,13.0
2024-11-30,wk inc flu hosp,3,2024-12-21,49,quantile,0.15,16.0
2024-11-30,wk inc flu hosp,3,2024-12-21,49,quantile,0.2,19.0
2024-11-30,wk inc flu hosp,3,2024-12-21,49,quantile,0.25,22.0
2024-11-30,wk inc flu hosp,3,2024-12-21,49,quantile,0.3,25.0
2024-11-30,wk inc flu hosp,3,2024-12-21,49,quantile,0.35,27.0
2024-11-30,wk inc flu hosp,3,2024-12-21,49,quantile,0.4,30.0
2024-11-30,wk inc flu hosp,3,2024-12-21,49,quantile,0.45,33.0
2024-11-30,wk inc flu hosp,3,2024-12-21,49,quantile,0.5,36.0
2024-11-30,wk inc flu hosp,3,2024-12-21,49,quantile,0.55,39.0
2024-11-30,wk inc flu hosp,3,2024-12-21,49,quantile,0.6,43.0
2024-11-30,wk inc flu hosp,3,2024-12-21,49,quantile,0.65,47.0
2024-11-30,wk inc flu hosp,3,2024-12-21,49,quantile,0.7,51.0
2024-11-30,wk inc flu hosp,3,2024-12-21,49,quantile,0.75,57.0
2024-11-30,wk inc flu hosp,3,2024-12-21,49,quantile,0.8,66.0
2024-11-30,wk inc flu hosp,3,2024-12-21,49,quantile,0.85,76.0
2024-11-30,wk inc flu hosp,3,2024-12-21,49,quantile,0.9,91.0
2024-11-30,wk inc flu hosp,3,2024-12-21,49,quantile,0.95,121.0
2024-11-30,wk inc flu hosp,3,2024-12-21,49,quantile,0.975,154.0
2024-11-30,wk inc flu hosp,3,2024-12-21,49,quantile,0.99,207.0
2024-11-30,wk inc flu hosp,0,2024-11-30,50,quantile,0.01,0.0
2024-11-30,wk inc flu hosp,0,2024-11-30,50,quantile,0.025,0.0
2024-11-30,wk inc flu hosp,0,2024-11-30,50,quantile,0.05,0.0
2024-11-30,wk inc flu hosp,0,2024-11-30,50,quantile,0.1,0.0
2024-11-30,wk inc flu hosp,0,2024-11-30,50,quantile,0.15,0.0
2024-11-30,wk inc flu hosp,0,2024-11-30,50,quantile,0.2,0.0
2024-11-30,wk inc flu hosp,0,2024-11-30,50,quantile,0.25,0.0
2024-11-30,wk inc flu hosp,0,2024-11-30,50,quantile,0.3,0.0
2024-11-30,wk inc flu hosp,0,2024-11-30,50,quantile,0.35,1.0
2024-11-30,wk inc flu hosp,0,2024-11-30,50,quantile,0.4,1.0
2024-11-30,wk inc flu hosp,0,2024-11-30,50,quantile,0.45,1.0
2024-11-30,wk inc flu hosp,0,2024-11-30,50,quantile,0.5,1.0
2024-11-30,wk inc flu hosp,0,2024-11-30,50,quantile,0.55,2.0
2024-11-30,wk inc flu hosp,0,2024-11-30,50,quantile,0.6,2.0
2024-11-30,wk inc flu hosp,0,2024-11-30,50,quantile,0.65,3.0
2024-11-30,wk inc flu hosp,0,2024-11-30,50,quantile,0.7,3.0
2024-11-30,wk inc flu hosp,0,2024-11-30,50,quantile,0.75,4.0
2024-11-30,wk inc flu hosp,0,2024-11-30,50,quantile,0.8,4.0
2024-11-30,wk inc flu hosp,0,2024-11-30,50,quantile,0.85,5.0
2024-11-30,wk inc flu hosp,0,2024-11-30,50,quantile,0.9,7.0
2024-11-30,wk inc flu hosp,0,2024-11-30,50,quantile,0.95,9.0
2024-11-30,wk inc flu hosp,0,2024-11-30,50,quantile,0.975,12.0
2024-11-30,wk inc flu hosp,0,2024-11-30,50,quantile,0.99,15.0
2024-11-30,wk inc flu hosp,1,2024-12-07,50,quantile,0.01,0.0
2024-11-30,wk inc flu hosp,1,2024-12-07,50,quantile,0.025,0.0
2024-11-30,wk inc flu hosp,1,2024-12-07,50,quantile,0.05,0.0
2024-11-30,wk inc flu hosp,1,2024-12-07,50,quantile,0.1,1.0
2024-11-30,wk inc flu hosp,1,2024-12-07,50,quantile,0.15,1.0
2024-11-30,wk inc flu hosp,1,2024-12-07,50,quantile,0.2,2.0
2024-11-30,wk inc flu hosp,1,2024-12-07,50,quantile,0.25,2.0
2024-11-30,wk inc flu hosp,1,2024-12-07,50,quantile,0.3,3.0
2024-11-30,wk inc flu hosp,1,2024-12-07,50,quantile,0.35,4.0
2024-11-30,wk inc flu hosp,1,2024-12-07,50,quantile,0.4,5.0
2024-11-30,wk inc flu hosp,1,2024-12-07,50,quantile,0.45,5.0
2024-11-30,wk inc flu hosp,1,2024-12-07,50,quantile,0.5,6.0
2024-11-30,wk inc flu hosp,1,2024-12-07,50,quantile,0.55,7.0
2024-11-30,wk inc flu hosp,1,2024-12-07,50,quantile,0.6,8.0
2024-11-30,wk inc flu hosp,1,2024-12-07,50,quantile,0.65,9.0
2024-11-30,wk inc flu hosp,1,2024-12-07,50,quantile,0.7,10.0
2024-11-30,wk inc flu hosp,1,2024-12-07,50,quantile,0.75,11.0
2024-11-30,wk inc flu hosp,1,2024-12-07,50,quantile,0.8,13.0
2024-11-30,wk inc flu hosp,1,2024-12-07,50,quantile,0.85,14.0
2024-11-30,wk inc flu hosp,1,2024-12-07,50,quantile,0.9,16.0
2024-11-30,wk inc flu hosp,1,2024-12-07,50,quantile,0.95,22.0
2024-11-30,wk inc flu hosp,1,2024-12-07,50,quantile,0.975,25.0
2024-11-30,wk inc flu hosp,1,2024-12-07,50,quantile,0.99,32.0
2024-11-30,wk inc flu hosp,2,2024-12-14,50,quantile,0.01,0.0
2024-11-30,wk inc flu hosp,2,2024-12-14,50,quantile,0.025,0.0
2024-11-30,wk inc flu hosp,2,2024-12-14,50,quantile,0.05,1.0
2024-11-30,wk inc flu hosp,2,2024-12-14,50,quantile,0.1,2.0
2024-11-30,wk inc flu hosp,2,2024-12-14,50,quantile,0.15,3.0
2024-11-30,wk inc flu hosp,2,2024-12-14,50,quantile,0.2,4.0
2024-11-30,wk inc flu hosp,2,2024-12-14,50,quantile,0.25,5.0
2024-11-30,wk inc flu hosp,2,2024-12-14,50,quantile,0.3,6.0
2024-11-30,wk inc flu hosp,2,2024-12-14,50,quantile,0.35,7.0
2024-11-30,wk inc flu hosp,2,2024-12-14,50,quantile,0.4,8.0
2024-11-30,wk inc flu hosp,2,2024-12-14,50,quantile,0.45,9.0
2024-11-30,wk inc flu hosp,2,2024-12-14,50,quantile,0.5,10.0
2024-11-30,wk inc flu hosp,2,2024-12-14,50,quantile,0.55,11.0
2024-11-30,wk inc flu hosp,2,2024-12-14,50,quantile,0.6,12.0
2024-11-30,wk inc flu hosp,2,2024-12-14,50,quantile,0.65,13.0
2024-11-30,wk inc flu hosp,2,2024-12-14,50,quantile,0.7,15.0
2024-11-30,wk inc flu hosp,2,2024-12-14,50,quantile,0.75,17.0
2024-11-30,wk inc flu hosp,2,2024-12-14,50,quantile,0.8,19.0
2024-11-30,wk inc flu hosp,2,2024-12-14,50,quantile,0.85,21.0
2024-11-30,wk inc flu hosp,2,2024-12-14,50,quantile,0.9,24.0
2024-11-30,wk inc flu hosp,2,2024-12-14,50,quantile,0.95,30.0
2024-11-30,wk inc flu hosp,2,2024-12-14,50,quantile,0.975,36.0
2024-11-30,wk inc flu hosp,2,2024-12-14,50,quantile,0.99,44.0
2024-11-30,wk inc flu hosp,3,2024-12-21,50,quantile,0.01,0.0
2024-11-30,wk inc flu hosp,3,2024-12-21,50,quantile,0.025,1.0
2024-11-30,wk inc flu hosp,3,2024-12-21,50,quantile,0.05,2.0
2024-11-30,wk inc flu hosp,3,2024-12-21,50,quantile,0.1,3.0
2024-11-30,wk inc flu hosp,3,2024-12-21,50,quantile,0.15,5.0
2024-11-30,wk inc flu hosp,3,2024-12-21,50,quantile,0.2,6.0
2024-11-30,wk inc flu hosp,3,2024-12-21,50,quantile,0.25,7.0
2024-11-30,wk inc flu hosp,3,2024-12-21,50,quantile,0.3,9.0
2024-11-30,wk inc flu hosp,3,2024-12-21,50,quantile,0.35,10.0
2024-11-30,wk inc flu hosp,3,2024-12-21,50,quantile,0.4,11.0
2024-11-30,wk inc flu hosp,3,2024-12-21,50,quantile,0.45,12.0
2024-11-30,wk inc flu hosp,3,2024-12-21,50,quantile,0.5,14.0
2024-11-30,wk inc flu hosp,3,2024-12-21,50,quantile,0.55,15.0
2024-11-30,wk inc flu hosp,3,2024-12-21,50,quantile,0.6,16.0
2024-11-30,wk inc flu hosp,3,2024-12-21,50,quantile,0.65,18.0
2024-11-30,wk inc flu hosp,3,2024-12-21,50,quantile,0.7,19.0
2024-11-30,wk inc flu hosp,3,2024-12-21,50,quantile,0.75,21.0
2024-11-30,wk inc flu hosp,3,2024-12-21,50,quantile,0.8,23.0
2024-11-30,wk inc flu hosp,3,2024-12-21,50,quantile,0.85,26.0
2024-11-30,wk inc flu hosp,3,2024-12-21,50,quantile,0.9,29.0
2024-11-30,wk inc flu hosp,3,2024-12-21,50,quantile,0.95,37.0
2024-11-30,wk inc flu hosp,3,2024-12-21,50,quantile,0.975,45.0
2024-11-30,wk inc flu hosp,3,2024-12-21,50,quantile,0.99,54.0
2024-11-30,wk inc flu hosp,0,2024-11-30,51,quantile,0.01,18.0
2024-11-30,wk inc flu hosp,0,2024-11-30,51,quantile,0.025,19.0
2024-11-30,wk inc flu hosp,0,2024-11-30,51,quantile,0.05,20.0
2024-11-30,wk inc flu hosp,0,2024-11-30,51,quantile,0.1,23.0
2024-11-30,wk inc flu hosp,0,2024-11-30,51,quantile,0.15,25.0
2024-11-30,wk inc flu hosp,0,2024-11-30,51,quantile,0.2,27.0
2024-11-30,wk inc flu hosp,0,2024-11-30,51,quantile,0.25,28.0
2024-11-30,wk inc flu hosp,0,2024-11-30,51,quantile,0.3,30.0
2024-11-30,wk inc flu hosp,0,2024-11-30,51,quantile,0.35,31.0
2024-11-30,wk inc flu hosp,0,2024-11-30,51,quantile,0.4,33.0
2024-11-30,wk inc flu hosp,0,2024-11-30,51,quantile,0.45,34.0
2024-11-30,wk inc flu hosp,0,2024-11-30,51,quantile,0.5,35.0
2024-11-30,wk inc flu hosp,0,2024-11-30,51,quantile,0.55,37.0
2024-11-30,wk inc flu hosp,0,2024-11-30,51,quantile,0.6,39.0
2024-11-30,wk inc flu hosp,0,2024-11-30,51,quantile,0.65,41.0
2024-11-30,wk inc flu hosp,0,2024-11-30,51,quantile,0.7,42.0
2024-11-30,wk inc flu hosp,0,2024-11-30,51,quantile,0.75,44.0
2024-11-30,wk inc flu hosp,0,2024-11-30,51,quantile,0.8,46.0
2024-11-30,wk inc flu hosp,0,2024-11-30,51,quantile,0.85,51.0
2024-11-30,wk inc flu hosp,0,2024-11-30,51,quantile,0.9,55.0
2024-11-30,wk inc flu hosp,0,2024-11-30,51,quantile,0.95,77.0
2024-11-30,wk inc flu hosp,0,2024-11-30,51,quantile,0.975,89.0
2024-11-30,wk inc flu hosp,0,2024-11-30,51,quantile,0.99,149.0
2024-11-30,wk inc flu hosp,1,2024-12-07,51,quantile,0.01,10.0
2024-11-30,wk inc flu hosp,1,2024-12-07,51,quantile,0.025,11.0
2024-11-30,wk inc flu hosp,1,2024-12-07,51,quantile,0.05,16.0
2024-11-30,wk inc flu hosp,1,2024-12-07,51,quantile,0.1,21.0
2024-11-30,wk inc flu hosp,1,2024-12-07,51,quantile,0.15,26.0
2024-11-30,wk inc flu hosp,1,2024-12-07,51,quantile,0.2,33.0
2024-11-30,wk inc flu hosp,1,2024-12-07,51,quantile,0.25,38.0
2024-11-30,wk inc flu hosp,1,2024-12-07,51,quantile,0.3,43.0
2024-11-30,wk inc flu hosp,1,2024-12-07,51,quantile,0.35,48.0
2024-11-30,wk inc flu hosp,1,2024-12-07,51,quantile,0.4,53.0
2024-11-30,wk inc flu hosp,1,2024-12-07,51,quantile,0.45,58.0
2024-11-30,wk inc flu hosp,1,2024-12-07,51,quantile,0.5,63.0
2024-11-30,wk inc flu hosp,1,2024-12-07,51,quantile,0.55,68.0
2024-11-30,wk inc flu hosp,1,2024-12-07,51,quantile,0.6,73.0
2024-11-30,wk inc flu hosp,1,2024-12-07,51,quantile,0.65,77.0
2024-11-30,wk inc flu hosp,1,2024-12-07,51,quantile,0.7,83.0
2024-11-30,wk inc flu hosp,1,2024-12-07,51,quantile,0.75,90.0
2024-11-30,wk inc flu hosp,1,2024-12-07,51,quantile,0.8,98.0
2024-11-30,wk inc flu hosp,1,2024-12-07,51,quantile,0.85,108.0
2024-11-30,wk inc flu hosp,1,2024-12-07,51,quantile,0.9,128.0
2024-11-30,wk inc flu hosp,1,2024-12-07,51,quantile,0.95,155.0
2024-11-30,wk inc flu hosp,1,2024-12-07,51,quantile,0.975,180.0
2024-11-30,wk inc flu hosp,1,2024-12-07,51,quantile,0.99,205.0
2024-11-30,wk inc flu hosp,2,2024-12-14,51,quantile,0.01,14.0
2024-11-30,wk inc flu hosp,2,2024-12-14,51,quantile,0.025,17.0
2024-11-30,wk inc flu hosp,2,2024-12-14,51,quantile,0.05,27.0
2024-11-30,wk inc flu hosp,2,2024-12-14,51,quantile,0.1,37.0
2024-11-30,wk inc flu hosp,2,2024-12-14,51,quantile,0.15,46.0
2024-11-30,wk inc flu hosp,2,2024-12-14,51,quantile,0.2,54.0
2024-11-30,wk inc flu hosp,2,2024-12-14,51,quantile,0.25,61.0
2024-11-30,wk inc flu hosp,2,2024-12-14,51,quantile,0.3,67.0
2024-11-30,wk inc flu hosp,2,2024-12-14,51,quantile,0.35,72.0
2024-11-30,wk inc flu hosp,2,2024-12-14,51,quantile,0.4,78.0
2024-11-30,wk inc flu hosp,2,2024-12-14,51,quantile,0.45,83.0
2024-11-30,wk inc flu hosp,2,2024-12-14,51,quantile,0.5,89.0
2024-11-30,wk inc flu hosp,2,2024-12-14,51,quantile,0.55,95.0
2024-11-30,wk inc flu hosp,2,2024-12-14,51,quantile,0.6,101.0
2024-11-30,wk inc flu hosp,2,2024-12-14,51,quantile,0.65,107.0
2024-11-30,wk inc flu hosp,2,2024-12-14,51,quantile,0.7,114.0
2024-11-30,wk inc flu hosp,2,2024-12-14,51,quantile,0.75,124.0
2024-11-30,wk inc flu hosp,2,2024-12-14,51,quantile,0.8,135.0
2024-11-30,wk inc flu hosp,2,2024-12-14,51,quantile,0.85,152.0
2024-11-30,wk inc flu hosp,2,2024-12-14,51,quantile,0.9,179.0
2024-11-30,wk inc flu hosp,2,2024-12-14,51,quantile,0.95,222.0
2024-11-30,wk inc flu hosp,2,2024-12-14,51,quantile,0.975,257.0
2024-11-30,wk inc flu hosp,2,2024-12-14,51,quantile,0.99,301.0
2024-11-30,wk inc flu hosp,3,2024-12-21,51,quantile,0.01,21.0
2024-11-30,wk inc flu hosp,3,2024-12-21,51,quantile,0.025,29.0
2024-11-30,wk inc flu hosp,3,2024-12-21,51,quantile,0.05,40.0
2024-11-30,wk inc flu hosp,3,2024-12-21,51,quantile,0.1,53.0
2024-11-30,wk inc flu hosp,3,2024-12-21,51,quantile,0.15,64.0
2024-11-30,wk inc flu hosp,3,2024-12-21,51,quantile,0.2,74.0
2024-11-30,wk inc flu hosp,3,2024-12-21,51,quantile,0.25,82.0
2024-11-30,wk inc flu hosp,3,2024-12-21,51,quantile,0.3,90.0
2024-11-30,wk inc flu hosp,3,2024-12-21,51,quantile,0.35,97.0
2024-11-30,wk inc flu hosp,3,2024-12-21,51,quantile,0.4,104.0
2024-11-30,wk inc flu hosp,3,2024-12-21,51,quantile,0.45,112.0
2024-11-30,wk inc flu hosp,3,2024-12-21,51,quantile,0.5,119.0
2024-11-30,wk inc flu hosp,3,2024-12-21,51,quantile,0.55,126.0
2024-11-30,wk inc flu hosp,3,2024-12-21,51,quantile,0.6,134.0
2024-11-30,wk inc flu hosp,3,2024-12-21,51,quantile,0.65,144.0
2024-11-30,wk inc flu hosp,3,2024-12-21,51,quantile,0.7,154.0
2024-11-30,wk inc flu hosp,3,2024-12-21,51,quantile,0.75,167.0
2024-11-30,wk inc flu hosp,3,2024-12-21,51,quantile,0.8,184.0
2024-11-30,wk inc flu hosp,3,2024-12-21,51,quantile,0.85,206.0
2024-11-30,wk inc flu hosp,3,2024-12-21,51,quantile,0.9,236.0
2024-11-30,wk inc flu hosp,3,2024-12-21,51,quantile,0.95,286.0
2024-11-30,wk inc flu hosp,3,2024-12-21,51,quantile,0.975,335.0
2024-11-30,wk inc flu hosp,3,2024-12-21,51,quantile,0.99,426.0
2024-11-30,wk inc flu hosp,0,2024-11-30,53,quantile,0.01,9.0
2024-11-30,wk inc flu hosp,0,2024-11-30,53,quantile,0.025,12.0
2024-11-30,wk inc flu hosp,0,2024-11-30,53,quantile,0.05,14.0
2024-11-30,wk inc flu hosp,0,2024-11-30,53,quantile,0.1,16.0
2024-11-30,wk inc flu hosp,0,2024-11-30,53,quantile,0.15,19.0
2024-11-30,wk inc flu hosp,0,2024-11-30,53,quantile,0.2,23.0
2024-11-30,wk inc flu hosp,0,2024-11-30,53,quantile,0.25,25.0
2024-11-30,wk inc flu hosp,0,2024-11-30,53,quantile,0.3,27.0
2024-11-30,wk inc flu hosp,0,2024-11-30,53,quantile,0.35,28.0
2024-11-30,wk inc flu hosp,0,2024-11-30,53,quantile,0.4,30.0
2024-11-30,wk inc flu hosp,0,2024-11-30,53,quantile,0.45,31.0
2024-11-30,wk inc flu hosp,0,2024-11-30,53,quantile,0.5,33.0
2024-11-30,wk inc flu hosp,0,2024-11-30,53,quantile,0.55,36.0
2024-11-30,wk inc flu hosp,0,2024-11-30,53,quantile,0.6,39.0
2024-11-30,wk inc flu hosp,0,2024-11-30,53,quantile,0.65,41.0
2024-11-30,wk inc flu hosp,0,2024-11-30,53,quantile,0.7,42.0
2024-11-30,wk inc flu hosp,0,2024-11-30,53,quantile,0.75,46.0
2024-11-30,wk inc flu hosp,0,2024-11-30,53,quantile,0.8,50.0
2024-11-30,wk inc flu hosp,0,2024-11-30,53,quantile,0.85,56.0
2024-11-30,wk inc flu hosp,0,2024-11-30,53,quantile,0.9,60.0
2024-11-30,wk inc flu hosp,0,2024-11-30,53,quantile,0.95,74.0
2024-11-30,wk inc flu hosp,0,2024-11-30,53,quantile,0.975,86.0
2024-11-30,wk inc flu hosp,0,2024-11-30,53,quantile,0.99,116.0
2024-11-30,wk inc flu hosp,1,2024-12-07,53,quantile,0.01,6.0
2024-11-30,wk inc flu hosp,1,2024-12-07,53,quantile,0.025,9.0
2024-11-30,wk inc flu hosp,1,2024-12-07,53,quantile,0.05,11.0
2024-11-30,wk inc flu hosp,1,2024-12-07,53,quantile,0.1,13.0
2024-11-30,wk inc flu hosp,1,2024-12-07,53,quantile,0.15,16.0
2024-11-30,wk inc flu hosp,1,2024-12-07,53,quantile,0.2,20.0
2024-11-30,wk inc flu hosp,1,2024-12-07,53,quantile,0.25,22.0
2024-11-30,wk inc flu hosp,1,2024-12-07,53,quantile,0.3,28.0
2024-11-30,wk inc flu hosp,1,2024-12-07,53,quantile,0.35,32.0
2024-11-30,wk inc flu hosp,1,2024-12-07,53,quantile,0.4,37.0
2024-11-30,wk inc flu hosp,1,2024-12-07,53,quantile,0.45,42.0
2024-11-30,wk inc flu hosp,1,2024-12-07,53,quantile,0.5,47.0
2024-11-30,wk inc flu hosp,1,2024-12-07,53,quantile,0.55,52.0
2024-11-30,wk inc flu hosp,1,2024-12-07,53,quantile,0.6,57.0
2024-11-30,wk inc flu hosp,1,2024-12-07,53,quantile,0.65,62.0
2024-11-30,wk inc flu hosp,1,2024-12-07,53,quantile,0.7,68.0
2024-11-30,wk inc flu hosp,1,2024-12-07,53,quantile,0.75,76.0
2024-11-30,wk inc flu hosp,1,2024-12-07,53,quantile,0.8,85.0
2024-11-30,wk inc flu hosp,1,2024-12-07,53,quantile,0.85,96.0
2024-11-30,wk inc flu hosp,1,2024-12-07,53,quantile,0.9,114.0
2024-11-30,wk inc flu hosp,1,2024-12-07,53,quantile,0.95,149.0
2024-11-30,wk inc flu hosp,1,2024-12-07,53,quantile,0.975,183.0
2024-11-30,wk inc flu hosp,1,2024-12-07,53,quantile,0.99,221.0
2024-11-30,wk inc flu hosp,2,2024-12-14,53,quantile,0.01,8.0
2024-11-30,wk inc flu hosp,2,2024-12-14,53,quantile,0.025,12.0
2024-11-30,wk inc flu hosp,2,2024-12-14,53,quantile,0.05,19.0
2024-11-30,wk inc flu hosp,2,2024-12-14,53,quantile,0.1,27.0
2024-11-30,wk inc flu hosp,2,2024-12-14,53,quantile,0.15,31.0
2024-11-30,wk inc flu hosp,2,2024-12-14,53,quantile,0.2,35.0
2024-11-30,wk inc flu hosp,2,2024-12-14,53,quantile,0.25,41.0
2024-11-30,wk inc flu hosp,2,2024-12-14,53,quantile,0.3,47.0
2024-11-30,wk inc flu hosp,2,2024-12-14,53,quantile,0.35,53.0
2024-11-30,wk inc flu hosp,2,2024-12-14,53,quantile,0.4,59.0
2024-11-30,wk inc flu hosp,2,2024-12-14,53,quantile,0.45,65.0
2024-11-30,wk inc flu hosp,2,2024-12-14,53,quantile,0.5,71.0
2024-11-30,wk inc flu hosp,2,2024-12-14,53,quantile,0.55,77.0
2024-11-30,wk inc flu hosp,2,2024-12-14,53,quantile,0.6,83.0
2024-11-30,wk inc flu hosp,2,2024-12-14,53,quantile,0.65,91.0
2024-11-30,wk inc flu hosp,2,2024-12-14,53,quantile,0.7,99.0
2024-11-30,wk inc flu hosp,2,2024-12-14,53,quantile,0.75,111.0
2024-11-30,wk inc flu hosp,2,2024-12-14,53,quantile,0.8,124.0
2024-11-30,wk inc flu hosp,2,2024-12-14,53,quantile,0.85,140.0
2024-11-30,wk inc flu hosp,2,2024-12-14,53,quantile,0.9,167.0
2024-11-30,wk inc flu hosp,2,2024-12-14,53,quantile,0.95,215.0
2024-11-30,wk inc flu hosp,2,2024-12-14,53,quantile,0.975,266.0
2024-11-30,wk inc flu hosp,2,2024-12-14,53,quantile,0.99,351.0
2024-11-30,wk inc flu hosp,3,2024-12-21,53,quantile,0.01,12.0
2024-11-30,wk inc flu hosp,3,2024-12-21,53,quantile,0.025,17.0
2024-11-30,wk inc flu hosp,3,2024-12-21,53,quantile,0.05,22.0
2024-11-30,wk inc flu hosp,3,2024-12-21,53,quantile,0.1,32.0
2024-11-30,wk inc flu hosp,3,2024-12-21,53,quantile,0.15,38.0
2024-11-30,wk inc flu hosp,3,2024-12-21,53,quantile,0.2,46.0
2024-11-30,wk inc flu hosp,3,2024-12-21,53,quantile,0.25,53.0
2024-11-30,wk inc flu hosp,3,2024-12-21,53,quantile,0.3,61.0
2024-11-30,wk inc flu hosp,3,2024-12-21,53,quantile,0.35,68.0
2024-11-30,wk inc flu hosp,3,2024-12-21,53,quantile,0.4,75.0
2024-11-30,wk inc flu hosp,3,2024-12-21,53,quantile,0.45,83.0
2024-11-30,wk inc flu hosp,3,2024-12-21,53,quantile,0.5,89.0
2024-11-30,wk inc flu hosp,3,2024-12-21,53,quantile,0.55,98.0
2024-11-30,wk inc flu hosp,3,2024-12-21,53,quantile,0.6,108.0
2024-11-30,wk inc flu hosp,3,2024-12-21,53,quantile,0.65,117.0
2024-11-30,wk inc flu hosp,3,2024-12-21,53,quantile,0.7,127.0
2024-11-30,wk inc flu hosp,3,2024-12-21,53,quantile,0.75,141.0
2024-11-30,wk inc flu hosp,3,2024-12-21,53,quantile,0.8,158.0
2024-11-30,wk inc flu hosp,3,2024-12-21,53,quantile,0.85,177.0
2024-11-30,wk inc flu hosp,3,2024-12-21,53,quantile,0.9,207.0
2024-11-30,wk inc flu hosp,3,2024-12-21,53,quantile,0.95,268.0
2024-11-30,wk inc flu hosp,3,2024-12-21,53,quantile,0.975,334.0
2024-11-30,wk inc flu hosp,3,2024-12-21,53,quantile,0.99,418.0
2024-11-30,wk inc flu hosp,0,2024-11-30,54,quantile,0.01,1.0
2024-11-30,wk inc flu hosp,0,2024-11-30,54,quantile,0.025,2.0
2024-11-30,wk inc flu hosp,0,2024-11-30,54,quantile,0.05,2.0
2024-11-30,wk inc flu hosp,0,2024-11-30,54,quantile,0.1,3.0
2024-11-30,wk inc flu hosp,0,2024-11-30,54,quantile,0.15,3.0
2024-11-30,wk inc flu hosp,0,2024-11-30,54,quantile,0.2,3.0
2024-11-30,wk inc flu hosp,0,2024-11-30,54,quantile,0.25,3.0
2024-11-30,wk inc flu hosp,0,2024-11-30,54,quantile,0.3,4.0
2024-11-30,wk inc flu hosp,0,2024-11-30,54,quantile,0.35,4.0
2024-11-30,wk inc flu hosp,0,2024-11-30,54,quantile,0.4,4.0
2024-11-30,wk inc flu hosp,0,2024-11-30,54,quantile,0.45,5.0
2024-11-30,wk inc flu hosp,0,2024-11-30,54,quantile,0.5,5.0
2024-11-30,wk inc flu hosp,0,2024-11-30,54,quantile,0.55,6.0
2024-11-30,wk inc flu hosp,0,2024-11-30,54,quantile,0.6,6.0
2024-11-30,wk inc flu hosp,0,2024-11-30,54,quantile,0.65,7.0
2024-11-30,wk inc flu hosp,0,2024-11-30,54,quantile,0.7,9.0
2024-11-30,wk inc flu hosp,0,2024-11-30,54,quantile,0.75,10.0
2024-11-30,wk inc flu hosp,0,2024-11-30,54,quantile,0.8,11.0
2024-11-30,wk inc flu hosp,0,2024-11-30,54,quantile,0.85,13.0
2024-11-30,wk inc flu hosp,0,2024-11-30,54,quantile,0.9,16.0
2024-11-30,wk inc flu hosp,0,2024-11-30,54,quantile,0.95,27.0
2024-11-30,wk inc flu hosp,0,2024-11-30,54,quantile,0.975,35.0
2024-11-30,wk inc flu hosp,0,2024-11-30,54,quantile,0.99,59.0
2024-11-30,wk inc flu hosp,1,2024-12-07,54,quantile,0.01,0.0
2024-11-30,wk inc flu hosp,1,2024-12-07,54,quantile,0.025,1.0
2024-11-30,wk inc flu hosp,1,2024-12-07,54,quantile,0.05,1.0
2024-11-30,wk inc flu hosp,1,2024-12-07,54,quantile,0.1,5.0
2024-11-30,wk inc flu hosp,1,2024-12-07,54,quantile,0.15,6.0
2024-11-30,wk inc flu hosp,1,2024-12-07,54,quantile,0.2,7.0
2024-11-30,wk inc flu hosp,1,2024-12-07,54,quantile,0.25,8.0
2024-11-30,wk inc flu hosp,1,2024-12-07,54,quantile,0.3,10.0
2024-11-30,wk inc flu hosp,1,2024-12-07,54,quantile,0.35,13.0
2024-11-30,wk inc flu hosp,1,2024-12-07,54,quantile,0.4,15.0
2024-11-30,wk inc flu hosp,1,2024-12-07,54,quantile,0.45,18.0
2024-11-30,wk inc flu hosp,1,2024-12-07,54,quantile,0.5,21.0
2024-11-30,wk inc flu hosp,1,2024-12-07,54,quantile,0.55,24.0
2024-11-30,wk inc flu hosp,1,2024-12-07,54,quantile,0.6,28.0
2024-11-30,wk inc flu hosp,1,2024-12-07,54,quantile,0.65,31.0
2024-11-30,wk inc flu hosp,1,2024-12-07,54,quantile,0.7,36.0
2024-11-30,wk inc flu hosp,1,2024-12-07,54,quantile,0.75,40.0
2024-11-30,wk inc flu hosp,1,2024-12-07,54,quantile,0.8,45.0
2024-11-30,wk inc flu hosp,1,2024-12-07,54,quantile,0.85,51.0
2024-11-30,wk inc flu hosp,1,2024-12-07,54,quantile,0.9,59.0
2024-11-30,wk inc flu hosp,1,2024-12-07,54,quantile,0.95,75.0
2024-11-30,wk inc flu hosp,1,2024-12-07,54,quantile,0.975,90.0
2024-11-30,wk inc flu hosp,1,2024-12-07,54,quantile,0.99,110.0
2024-11-30,wk inc flu hosp,2,2024-12-14,54,quantile,0.01,0.0
2024-11-30,wk inc flu hosp,2,2024-12-14,54,quantile,0.025,1.0
2024-11-30,wk inc flu hosp,2,2024-12-14,54,quantile,0.05,2.0
2024-11-30,wk inc flu hosp,2,2024-12-14,54,quantile,0.1,7.0
2024-11-30,wk inc flu hosp,2,2024-12-14,54,quantile,0.15,10.0
2024-11-30,wk inc flu hosp,2,2024-12-14,54,quantile,0.2,13.0
2024-11-30,wk inc flu hosp,2,2024-12-14,54,quantile,0.25,15.0
2024-11-30,wk inc flu hosp,2,2024-12-14,54,quantile,0.3,18.0
2024-11-30,wk inc flu hosp,2,2024-12-14,54,quantile,0.35,21.0
2024-11-30,wk inc flu hosp,2,2024-12-14,54,quantile,0.4,25.0
2024-11-30,wk inc flu hosp,2,2024-12-14,54,quantile,0.45,28.0
2024-11-30,wk inc flu hosp,2,2024-12-14,54,quantile,0.5,32.0
2024-11-30,wk inc flu hosp,2,2024-12-14,54,quantile,0.55,36.0
2024-11-30,wk inc flu hosp,2,2024-12-14,54,quantile,0.6,40.0
2024-11-30,wk inc flu hosp,2,2024-12-14,54,quantile,0.65,45.0
2024-11-30,wk inc flu hosp,2,2024-12-14,54,quantile,0.7,50.0
2024-11-30,wk inc flu hosp,2,2024-12-14,54,quantile,0.75,55.0
2024-11-30,wk inc flu hosp,2,2024-12-14,54,quantile,0.8,61.0
2024-11-30,wk inc flu hosp,2,2024-12-14,54,quantile,0.85,69.0
2024-11-30,wk inc flu hosp,2,2024-12-14,54,quantile,0.9,83.0
2024-11-30,wk inc flu hosp,2,2024-12-14,54,quantile,0.95,108.0
2024-11-30,wk inc flu hosp,2,2024-12-14,54,quantile,0.975,131.0
2024-11-30,wk inc flu hosp,2,2024-12-14,54,quantile,0.99,155.0
2024-11-30,wk inc flu hosp,3,2024-12-21,54,quantile,0.01,1.0
2024-11-30,wk inc flu hosp,3,2024-12-21,54,quantile,0.025,3.0
2024-11-30,wk inc flu hosp,3,2024-12-21,54,quantile,0.05,6.0
2024-11-30,wk inc flu hosp,3,2024-12-21,54,quantile,0.1,14.0
2024-11-30,wk inc flu hosp,3,2024-12-21,54,quantile,0.15,17.0
2024-11-30,wk inc flu hosp,3,2024-12-21,54,quantile,0.2,21.0
2024-11-30,wk inc flu hosp,3,2024-12-21,54,quantile,0.25,25.0
2024-11-30,wk inc flu hosp,3,2024-12-21,54,quantile,0.3,29.0
2024-11-30,wk inc flu hosp,3,2024-12-21,54,quantile,0.35,32.0
2024-11-30,wk inc flu hosp,3,2024-12-21,54,quantile,0.4,36.0
2024-11-30,wk inc flu hosp,3,2024-12-21,54,quantile,0.45,41.0
2024-11-30,wk inc flu hosp,3,2024-12-21,54,quantile,0.5,45.0
2024-11-30,wk inc flu hosp,3,2024-12-21,54,quantile,0.55,50.0
2024-11-30,wk inc flu hosp,3,2024-12-21,54,quantile,0.6,55.0
2024-11-30,wk inc flu hosp,3,2024-12-21,54,quantile,0.65,60.0
2024-11-30,wk inc flu hosp,3,2024-12-21,54,quantile,0.7,66.0
2024-11-30,wk inc flu hosp,3,2024-12-21,54,quantile,0.75,72.0
2024-11-30,wk inc flu hosp,3,2024-12-21,54,quantile,0.8,80.0
2024-11-30,wk inc flu hosp,3,2024-12-21,54,quantile,0.85,91.0
2024-11-30,wk inc flu hosp,3,2024-12-21,54,quantile,0.9,106.0
2024-11-30,wk inc flu hosp,3,2024-12-21,54,quantile,0.95,135.0
2024-11-30,wk inc flu hosp,3,2024-12-21,54,quantile,0.975,161.0
2024-11-30,wk inc flu hosp,3,2024-12-21,54,quantile,0.99,191.0
2024-11-30,wk inc flu hosp,0,2024-11-30,55,quantile,0.01,5.0
2024-11-30,wk inc flu hosp,0,2024-11-30,55,quantile,0.025,5.0
2024-11-30,wk inc flu hosp,0,2024-11-30,55,quantile,0.05,6.0
2024-11-30,wk inc flu hosp,0,2024-11-30,55,quantile,0.1,8.0
2024-11-30,wk inc flu hosp,0,2024-11-30,55,quantile,0.15,11.0
2024-11-30,wk inc flu hosp,0,2024-11-30,55,quantile,0.2,12.0
2024-11-30,wk inc flu hosp,0,2024-11-30,55,quantile,0.25,13.0
2024-11-30,wk inc flu hosp,0,2024-11-30,55,quantile,0.3,15.0
2024-11-30,wk inc flu hosp,0,2024-11-30,55,quantile,0.35,16.0
2024-11-30,wk inc flu hosp,0,2024-11-30,55,quantile,0.4,17.0
2024-11-30,wk inc flu hosp,0,2024-11-30,55,quantile,0.45,19.0
2024-11-30,wk inc flu hosp,0,2024-11-30,55,quantile,0.5,21.0
2024-11-30,wk inc flu hosp,0,2024-11-30,55,quantile,0.55,23.0
2024-11-30,wk inc flu hosp,0,2024-11-30,55,quantile,0.6,26.0
2024-11-30,wk inc flu hosp,0,2024-11-30,55,quantile,0.65,28.0
2024-11-30,wk inc flu hosp,0,2024-11-30,55,quantile,0.7,30.0
2024-11-30,wk inc flu hosp,0,2024-11-30,55,quantile,0.75,32.0
2024-11-30,wk inc flu hosp,0,2024-11-30,55,quantile,0.8,34.0
2024-11-30,wk inc flu hosp,0,2024-11-30,55,quantile,0.85,39.0
2024-11-30,wk inc flu hosp,0,2024-11-30,55,quantile,0.9,48.0
2024-11-30,wk inc flu hosp,0,2024-11-30,55,quantile,0.95,60.0
2024-11-30,wk inc flu hosp,0,2024-11-30,55,quantile,0.975,94.0
2024-11-30,wk inc flu hosp,0,2024-11-30,55,quantile,0.99,132.0
2024-11-30,wk inc flu hosp,1,2024-12-07,55,quantile,0.01,1.0
2024-11-30,wk inc flu hosp,1,2024-12-07,55,quantile,0.025,2.0
2024-11-30,wk inc flu hosp,1,2024-12-07,55,quantile,0.05,2.0
2024-11-30,wk inc flu hosp,1,2024-12-07,55,quantile,0.1,6.0
2024-11-30,wk inc flu hosp,1,2024-12-07,55,quantile,0.15,9.0
2024-11-30,wk inc flu hosp,1,2024-12-07,55,quantile,0.2,13.0
2024-11-30,wk inc flu hosp,1,2024-12-07,55,quantile,0.25,18.0
2024-11-30,wk inc flu hosp,1,2024-12-07,55,quantile,0.3,23.0
2024-11-30,wk inc flu hosp,1,2024-12-07,55,quantile,0.35,28.0
2024-11-30,wk inc flu hosp,1,2024-12-07,55,quantile,0.4,33.0
2024-11-30,wk inc flu hosp,1,2024-12-07,55,quantile,0.45,38.0
2024-11-30,wk inc flu hosp,1,2024-12-07,55,quantile,0.5,43.0
2024-11-30,wk inc flu hosp,1,2024-12-07,55,quantile,0.55,48.0
2024-11-30,wk inc flu hosp,1,2024-12-07,55,quantile,0.6,53.0
2024-11-30,wk inc flu hosp,1,2024-12-07,55,quantile,0.65,58.0
2024-11-30,wk inc flu hosp,1,2024-12-07,55,quantile,0.7,63.0
2024-11-30,wk inc flu hosp,1,2024-12-07,55,quantile,0.75,71.0
2024-11-30,wk inc flu hosp,1,2024-12-07,55,quantile,0.8,79.0
2024-11-30,wk inc flu hosp,1,2024-12-07,55,quantile,0.85,92.0
2024-11-30,wk inc flu hosp,1,2024-12-07,55,quantile,0.9,111.0
2024-11-30,wk inc flu hosp,1,2024-12-07,55,quantile,0.95,144.0
2024-11-30,wk inc flu hosp,1,2024-12-07,55,quantile,0.975,178.0
2024-11-30,wk inc flu hosp,1,2024-12-07,55,quantile,0.99,210.0
2024-11-30,wk inc flu hosp,2,2024-12-14,55,quantile,0.01,2.0
2024-11-30,wk inc flu hosp,2,2024-12-14,55,quantile,0.025,2.0
2024-11-30,wk inc flu hosp,2,2024-12-14,55,quantile,0.05,9.0
2024-11-30,wk inc flu hosp,2,2024-12-14,55,quantile,0.1,18.0
2024-11-30,wk inc flu hosp,2,2024-12-14,55,quantile,0.15,24.0
2024-11-30,wk inc flu hosp,2,2024-12-14,55,quantile,0.2,30.0
2024-11-30,wk inc flu hosp,2,2024-12-14,55,quantile,0.25,36.0
2024-11-30,wk inc flu hosp,2,2024-12-14,55,quantile,0.3,42.0
2024-11-30,wk inc flu hosp,2,2024-12-14,55,quantile,0.35,49.0
2024-11-30,wk inc flu hosp,2,2024-12-14,55,quantile,0.4,55.0
2024-11-30,wk inc flu hosp,2,2024-12-14,55,quantile,0.45,62.0
2024-11-30,wk inc flu hosp,2,2024-12-14,55,quantile,0.5,68.0
2024-11-30,wk inc flu hosp,2,2024-12-14,55,quantile,0.55,74.0
2024-11-30,wk inc flu hosp,2,2024-12-14,55,quantile,0.6,80.0
2024-11-30,wk inc flu hosp,2,2024-12-14,55,quantile,0.65,87.0
2024-11-30,wk inc flu hosp,2,2024-12-14,55,quantile,0.7,95.0
2024-11-30,wk inc flu hosp,2,2024-12-14,55,quantile,0.75,105.0
2024-11-30,wk inc flu hosp,2,2024-12-14,55,quantile,0.8,117.0
2024-11-30,wk inc flu hosp,2,2024-12-14,55,quantile,0.85,134.0
2024-11-30,wk inc flu hosp,2,2024-12-14,55,quantile,0.9,157.0
2024-11-30,wk inc flu hosp,2,2024-12-14,55,quantile,0.95,200.0
2024-11-30,wk inc flu hosp,2,2024-12-14,55,quantile,0.975,244.0
2024-11-30,wk inc flu hosp,2,2024-12-14,55,quantile,0.99,286.0
2024-11-30,wk inc flu hosp,3,2024-12-21,55,quantile,0.01,2.0
2024-11-30,wk inc flu hosp,3,2024-12-21,55,quantile,0.025,3.0
2024-11-30,wk inc flu hosp,3,2024-12-21,55,quantile,0.05,7.0
2024-11-30,wk inc flu hosp,3,2024-12-21,55,quantile,0.1,15.0
2024-11-30,wk inc flu hosp,3,2024-12-21,55,quantile,0.15,22.0
2024-11-30,wk inc flu hosp,3,2024-12-21,55,quantile,0.2,30.0
2024-11-30,wk inc flu hosp,3,2024-12-21,55,quantile,0.25,38.0
2024-11-30,wk inc flu hosp,3,2024-12-21,55,quantile,0.3,47.0
2024-11-30,wk inc flu hosp,3,2024-12-21,55,quantile,0.35,54.0
2024-11-30,wk inc flu hosp,3,2024-12-21,55,quantile,0.4,62.0
2024-11-30,wk inc flu hosp,3,2024-12-21,55,quantile,0.45,70.0
2024-11-30,wk inc flu hosp,3,2024-12-21,55,quantile,0.5,77.0
2024-11-30,wk inc flu hosp,3,2024-12-21,55,quantile,0.55,85.0
2024-11-30,wk inc flu hosp,3,2024-12-21,55,quantile,0.6,93.0
2024-11-30,wk inc flu hosp,3,2024-12-21,55,quantile,0.65,104.0
2024-11-30,wk inc flu hosp,3,2024-12-21,55,quantile,0.7,114.0
2024-11-30,wk inc flu hosp,3,2024-12-21,55,quantile,0.75,127.0
2024-11-30,wk inc flu hosp,3,2024-12-21,55,quantile,0.8,141.0
2024-11-30,wk inc flu hosp,3,2024-12-21,55,quantile,0.85,161.0
2024-11-30,wk inc flu hosp,3,2024-12-21,55,quantile,0.9,185.0
2024-11-30,wk inc flu hosp,3,2024-12-21,55,quantile,0.95,244.0
2024-11-30,wk inc flu hosp,3,2024-12-21,55,quantile,0.975,301.0
2024-11-30,wk inc flu hosp,3,2024-12-21,55,quantile,0.99,367.0
2024-11-30,wk inc flu hosp,0,2024-11-30,56,quantile,0.01,2.0
2024-11-30,wk inc flu hosp,0,2024-11-30,56,quantile,0.025,3.0
2024-11-30,wk inc flu hosp,0,2024-11-30,56,quantile,0.05,4.0
2024-11-30,wk inc flu hosp,0,2024-11-30,56,quantile,0.1,5.0
2024-11-30,wk inc flu hosp,0,2024-11-30,56,quantile,0.15,5.0
2024-11-30,wk inc flu hosp,0,2024-11-30,56,quantile,0.2,6.0
2024-11-30,wk inc flu hosp,0,2024-11-30,56,quantile,0.25,6.0
2024-11-30,wk inc flu hosp,0,2024-11-30,56,quantile,0.3,7.0
2024-11-30,wk inc flu hosp,0,2024-11-30,56,quantile,0.35,7.0
2024-11-30,wk inc flu hosp,0,2024-11-30,56,quantile,0.4,8.0
2024-11-30,wk inc flu hosp,0,2024-11-30,56,quantile,0.45,8.0
2024-11-30,wk inc flu hosp,0,2024-11-30,56,quantile,0.5,9.0
2024-11-30,wk inc flu hosp,0,2024-11-30,56,quantile,0.55,10.0
2024-11-30,wk inc flu hosp,0,2024-11-30,56,quantile,0.6,10.0
2024-11-30,wk inc flu hosp,0,2024-11-30,56,quantile,0.65,11.0
2024-11-30,wk inc flu hosp,0,2024-11-30,56,quantile,0.7,11.0
2024-11-30,wk inc flu hosp,0,2024-11-30,56,quantile,0.75,12.0
2024-11-30,wk inc flu hosp,0,2024-11-30,56,quantile,0.8,13.0
2024-11-30,wk inc flu hosp,0,2024-11-30,56,quantile,0.85,14.0
2024-11-30,wk inc flu hosp,0,2024-11-30,56,quantile,0.9,15.0
2024-11-30,wk inc flu hosp,0,2024-11-30,56,quantile,0.95,18.0
2024-11-30,wk inc flu hosp,0,2024-11-30,56,quantile,0.975,20.0
2024-11-30,wk inc flu hosp,0,2024-11-30,56,quantile,0.99,22.0
2024-11-30,wk inc flu hosp,1,2024-12-07,56,quantile,0.01,1.0
2024-11-30,wk inc flu hosp,1,2024-12-07,56,quantile,0.025,3.0
2024-11-30,wk inc flu hosp,1,2024-12-07,56,quantile,0.05,3.0
2024-11-30,wk inc flu hosp,1,2024-12-07,56,quantile,0.1,4.0
2024-11-30,wk inc flu hosp,1,2024-12-07,56,quantile,0.15,5.0
2024-11-30,wk inc flu hosp,1,2024-12-07,56,quantile,0.2,5.0
2024-11-30,wk inc flu hosp,1,2024-12-07,56,quantile,0.25,6.0
2024-11-30,wk inc flu hosp,1,2024-12-07,56,quantile,0.3,7.0
2024-11-30,wk inc flu hosp,1,2024-12-07,56,quantile,0.35,8.0
2024-11-30,wk inc flu hosp,1,2024-12-07,56,quantile,0.4,8.0
2024-11-30,wk inc flu hosp,1,2024-12-07,56,quantile,0.45,9.0
2024-11-30,wk inc flu hosp,1,2024-12-07,56,quantile,0.5,10.0
2024-11-30,wk inc flu hosp,1,2024-12-07,56,quantile,0.55,11.0
2024-11-30,wk inc flu hosp,1,2024-12-07,56,quantile,0.6,12.0
2024-11-30,wk inc flu hosp,1,2024-12-07,56,quantile,0.65,13.0
2024-11-30,wk inc flu hosp,1,2024-12-07,56,quantile,0.7,14.0
2024-11-30,wk inc flu hosp,1,2024-12-07,56,quantile,0.75,16.0
2024-11-30,wk inc flu hosp,1,2024-12-07,56,quantile,0.8,17.0
2024-11-30,wk inc flu hosp,1,2024-12-07,56,quantile,0.85,19.0
2024-11-30,wk inc flu hosp,1,2024-12-07,56,quantile,0.9,22.0
2024-11-30,wk inc flu hosp,1,2024-12-07,56,quantile,0.95,27.0
2024-11-30,wk inc flu hosp,1,2024-12-07,56,quantile,0.975,32.0
2024-11-30,wk inc flu hosp,1,2024-12-07,56,quantile,0.99,38.0
2024-11-30,wk inc flu hosp,2,2024-12-14,56,quantile,0.01,2.0
2024-11-30,wk inc flu hosp,2,2024-12-14,56,quantile,0.025,2.0
2024-11-30,wk inc flu hosp,2,2024-12-14,56,quantile,0.05,4.0
2024-11-30,wk inc flu hosp,2,2024-12-14,56,quantile,0.1,5.0
2024-11-30,wk inc flu hosp,2,2024-12-14,56,quantile,0.15,5.0
2024-11-30,wk inc flu hosp,2,2024-12-14,56,quantile,0.2,6.0
2024-11-30,wk inc flu hosp,2,2024-12-14,56,quantile,0.25,7.0
2024-11-30,wk inc flu hosp,2,2024-12-14,56,quantile,0.3,8.0
2024-11-30,wk inc flu hosp,2,2024-12-14,56,quantile,0.35,9.0
2024-11-30,wk inc flu hosp,2,2024-12-14,56,quantile,0.4,10.0
2024-11-30,wk inc flu hosp,2,2024-12-14,56,quantile,0.45,11.0
2024-11-30,wk inc flu hosp,2,2024-12-14,56,quantile,0.5,12.0
2024-11-30,wk inc flu hosp,2,2024-12-14,56,quantile,0.55,13.0
2024-11-30,wk inc flu hosp,2,2024-12-14,56,quantile,0.6,14.0
2024-11-30,wk inc flu hosp,2,2024-12-14,56,quantile,0.65,16.0
2024-11-30,wk inc flu hosp,2,2024-12-14,56,quantile,0.7,17.0
2024-11-30,wk inc flu hosp,2,2024-12-14,56,quantile,0.75,19.0
2024-11-30,wk inc flu hosp,2,2024-12-14,56,quantile,0.8,21.0
2024-11-30,wk inc flu hosp,2,2024-12-14,56,quantile,0.85,24.0
2024-11-30,wk inc flu hosp,2,2024-12-14,56,quantile,0.9,28.0
2024-11-30,wk inc flu hosp,2,2024-12-14,56,quantile,0.95,35.0
2024-11-30,wk inc flu hosp,2,2024-12-14,56,quantile,0.975,42.0
2024-11-30,wk inc flu hosp,2,2024-12-14,56,quantile,0.99,52.0
2024-11-30,wk inc flu hosp,3,2024-12-21,56,quantile,0.01,2.0
2024-11-30,wk inc flu hosp,3,2024-12-21,56,quantile,0.025,3.0
2024-11-30,wk inc flu hosp,3,2024-12-21,56,quantile,0.05,4.0
2024-11-30,wk inc flu hosp,3,2024-12-21,56,quantile,0.1,5.0
2024-11-30,wk inc flu hosp,3,2024-12-21,56,quantile,0.15,6.0
2024-11-30,wk inc flu hosp,3,2024-12-21,56,quantile,0.2,7.0
2024-11-30,wk inc flu hosp,3,2024-12-21,56,quantile,0.25,9.0
2024-11-30,wk inc flu hosp,3,2024-12-21,56,quantile,0.3,10.0
2024-11-30,wk inc flu hosp,3,2024-12-21,56,quantile,0.35,11.0
2024-11-30,wk inc flu hosp,3,2024-12-21,56,quantile,0.4,12.0
2024-11-30,wk inc flu hosp,3,2024-12-21,56,quantile,0.45,13.0
2024-11-30,wk inc flu hosp,3,2024-12-21,56,quantile,0.5,14.0
2024-11-30,wk inc flu hosp,3,2024-12-21,56,quantile,0.55,15.0
2024-11-30,wk inc flu hosp,3,2024-12-21,56,quantile,0.6,17.0
2024-11-30,wk inc flu hosp,3,2024-12-21,56,quantile,0.65,19.0
2024-11-30,wk inc flu hosp,3,2024-12-21,56,quantile,0.7,21.0
2024-11-30,wk inc flu hosp,3,2024-12-21,56,quantile,0.75,23.0
2024-11-30,wk inc flu hosp,3,2024-12-21,56,quantile,0.8,25.0
2024-11-30,wk inc flu hosp,3,2024-12-21,56,quantile,0.85,29.0
2024-11-30,wk inc flu hosp,3,2024-12-21,56,quantile,0.9,34.0
2024-11-30,wk inc flu hosp,3,2024-12-21,56,quantile,0.95,41.0
2024-11-30,wk inc flu hosp,3,2024-12-21,56,quantile,0.975,49.0
2024-11-30,wk inc flu hosp,3,2024-12-21,56,quantile,0.99,58.0
2024-11-30,wk inc flu hosp,0,2024-11-30,72,quantile,0.01,8.0
2024-11-30,wk inc flu hosp,0,2024-11-30,72,quantile,0.025,12.0
2024-11-30,wk inc flu hosp,0,2024-11-30,72,quantile,0.05,14.0
2024-11-30,wk inc flu hosp,0,2024-11-30,72,quantile,0.1,16.0
2024-11-30,wk inc flu hosp,0,2024-11-30,72,quantile,0.15,18.0
2024-11-30,wk inc flu hosp,0,2024-11-30,72,quantile,0.2,20.0
2024-11-30,wk inc flu hosp,0,2024-11-30,72,quantile,0.25,24.0
2024-11-30,wk inc flu hosp,0,2024-11-30,72,quantile,0.3,35.0
2024-11-30,wk inc flu hosp,0,2024-11-30,72,quantile,0.35,40.0
2024-11-30,wk inc flu hosp,0,2024-11-30,72,quantile,0.4,43.0
2024-11-30,wk inc flu hosp,0,2024-11-30,72,quantile,0.45,47.0
2024-11-30,wk inc flu hosp,0,2024-11-30,72,quantile,0.5,52.0
2024-11-30,wk inc flu hosp,0,2024-11-30,72,quantile,0.55,56.0
2024-11-30,wk inc flu hosp,0,2024-11-30,72,quantile,0.6,60.0
2024-11-30,wk inc flu hosp,0,2024-11-30,72,quantile,0.65,66.0
2024-11-30,wk inc flu hosp,0,2024-11-30,72,quantile,0.7,71.0
2024-11-30,wk inc flu hosp,0,2024-11-30,72,quantile,0.75,77.0
2024-11-30,wk inc flu hosp,0,2024-11-30,72,quantile,0.8,84.0
2024-11-30,wk inc flu hosp,0,2024-11-30,72,quantile,0.85,91.0
2024-11-30,wk inc flu hosp,0,2024-11-30,72,quantile,0.9,104.0
2024-11-30,wk inc flu hosp,0,2024-11-30,72,quantile,0.95,136.0
2024-11-30,wk inc flu hosp,0,2024-11-30,72,quantile,0.975,166.0
2024-11-30,wk inc flu hosp,0,2024-11-30,72,quantile,0.99,192.0
2024-11-30,wk inc flu hosp,1,2024-12-07,72,quantile,0.01,5.0
2024-11-30,wk inc flu hosp,1,2024-12-07,72,quantile,0.025,8.0
2024-11-30,wk inc flu hosp,1,2024-12-07,72,quantile,0.05,10.0
2024-11-30,wk inc flu hosp,1,2024-12-07,72,quantile,0.1,15.0
2024-11-30,wk inc flu hosp,1,2024-12-07,72,quantile,0.15,18.0
2024-11-30,wk inc flu hosp,1,2024-12-07,72,quantile,0.2,20.0
2024-11-30,wk inc flu hosp,1,2024-12-07,72,quantile,0.25,22.0
2024-11-30,wk inc flu hosp,1,2024-12-07,72,quantile,0.3,28.0
2024-11-30,wk inc flu hosp,1,2024-12-07,72,quantile,0.35,33.0
2024-11-30,wk inc flu hosp,1,2024-12-07,72,quantile,0.4,40.0
2024-11-30,wk inc flu hosp,1,2024-12-07,72,quantile,0.45,47.0
2024-11-30,wk inc flu hosp,1,2024-12-07,72,quantile,0.5,55.0
2024-11-30,wk inc flu hosp,1,2024-12-07,72,quantile,0.55,62.0
2024-11-30,wk inc flu hosp,1,2024-12-07,72,quantile,0.6,68.0
2024-11-30,wk inc flu hosp,1,2024-12-07,72,quantile,0.65,75.0
2024-11-30,wk inc flu hosp,1,2024-12-07,72,quantile,0.7,84.0
2024-11-30,wk inc flu hosp,1,2024-12-07,72,quantile,0.75,92.0
2024-11-30,wk inc flu hosp,1,2024-12-07,72,quantile,0.8,104.0
2024-11-30,wk inc flu hosp,1,2024-12-07,72,quantile,0.85,118.0
2024-11-30,wk inc flu hosp,1,2024-12-07,72,quantile,0.9,139.0
2024-11-30,wk inc flu hosp,1,2024-12-07,72,quantile,0.95,181.0
2024-11-30,wk inc flu hosp,1,2024-12-07,72,quantile,0.975,226.0
2024-11-30,wk inc flu hosp,1,2024-12-07,72,quantile,0.99,253.0
2024-11-30,wk inc flu hosp,2,2024-12-14,72,quantile,0.01,4.0
2024-11-30,wk inc flu hosp,2,2024-12-14,72,quantile,0.025,7.0
2024-11-30,wk inc flu hosp,2,2024-12-14,72,quantile,0.05,10.0
2024-11-30,wk inc flu hosp,2,2024-12-14,72,quantile,0.1,14.0
2024-11-30,wk inc flu hosp,2,2024-12-14,72,quantile,0.15,17.0
2024-11-30,wk inc flu hosp,2,2024-12-14,72,quantile,0.2,22.0
2024-11-30,wk inc flu hosp,2,2024-12-14,72,quantile,0.25,27.0
2024-11-30,wk inc flu hosp,2,2024-12-14,72,quantile,0.3,35.0
2024-11-30,wk inc flu hosp,2,2024-12-14,72,quantile,0.35,42.0
2024-11-30,wk inc flu hosp,2,2024-12-14,72,quantile,0.4,49.0
2024-11-30,wk inc flu hosp,2,2024-12-14,72,quantile,0.45,57.0
2024-11-30,wk inc flu hosp,2,2024-12-14,72,quantile,0.5,65.0
2024-11-30,wk inc flu hosp,2,2024-12-14,72,quantile,0.55,73.0
2024-11-30,wk inc flu hosp,2,2024-12-14,72,quantile,0.6,82.0
2024-11-30,wk inc flu hosp,2,2024-12-14,72,quantile,0.65,91.0
2024-11-30,wk inc flu hosp,2,2024-12-14,72,quantile,0.7,101.0
2024-11-30,wk inc flu hosp,2,2024-12-14,72,quantile,0.75,113.0
2024-11-30,wk inc flu hosp,2,2024-12-14,72,quantile,0.8,126.0
2024-11-30,wk inc flu hosp,2,2024-12-14,72,quantile,0.85,144.0
2024-11-30,wk inc flu hosp,2,2024-12-14,72,quantile,0.9,173.0
2024-11-30,wk inc flu hosp,2,2024-12-14,72,quantile,0.95,222.0
2024-11-30,wk inc flu hosp,2,2024-12-14,72,quantile,0.975,274.0
2024-11-30,wk inc flu hosp,2,2024-12-14,72,quantile,0.99,334.0
2024-11-30,wk inc flu hosp,3,2024-12-21,72,quantile,0.01,5.0
2024-11-30,wk inc flu hosp,3,2024-12-21,72,quantile,0.025,8.0
2024-11-30,wk inc flu hosp,3,2024-12-21,72,quantile,0.05,12.0
2024-11-30,wk inc flu hosp,3,2024-12-21,72,quantile,0.1,16.0
2024-11-30,wk inc flu hosp,3,2024-12-21,72,quantile,0.15,18.0
2024-11-30,wk inc flu hosp,3,2024-12-21,72,quantile,0.2,22.0
2024-11-30,wk inc flu hosp,3,2024-12-21,72,quantile,0.25,30.0
2024-11-30,wk inc flu hosp,3,2024-12-21,72,quantile,0.3,38.0
2024-11-30,wk inc flu hosp,3,2024-12-21,72,quantile,0.35,45.0
2024-11-30,wk inc flu hosp,3,2024-12-21,72,quantile,0.4,53.0
2024-11-30,wk inc flu hosp,3,2024-12-21,72,quantile,0.45,61.0
2024-11-30,wk inc flu hosp,3,2024-12-21,72,quantile,0.5,69.0
2024-11-30,wk inc flu hosp,3,2024-12-21,72,quantile,0.55,78.0
2024-11-30,wk inc flu hosp,3,2024-12-21,72,quantile,0.6,88.0
2024-11-30,wk inc flu hosp,3,2024-12-21,72,quantile,0.65,99.0
2024-11-30,wk inc flu hosp,3,2024-12-21,72,quantile,0.7,112.0
2024-11-30,wk inc flu hosp,3,2024-12-21,72,quantile,0.75,125.0
2024-11-30,wk inc flu hosp,3,2024-12-21,72,quantile,0.8,140.0
2024-11-30,wk inc flu hosp,3,2024-12-21,72,quantile,0.85,161.0
2024-11-30,wk inc flu hosp,3,2024-12-21,72,quantile,0.9,194.0
2024-11-30,wk inc flu hosp,3,2024-12-21,72,quantile,0.95,247.0
2024-11-30,wk inc flu hosp,3,2024-12-21,72,quantile,0.975,294.0
2024-11-30,wk inc flu hosp,3,2024-12-21,72,quantile,0.99,353.0
2024-11-30,wk flu hosp rate change,0,2024-11-30,US,pmf,stable,0.43
2024-11-30,wk flu hosp rate change,0,2024-11-30,US,pmf,increase,0.357
2024-11-30,wk flu hosp rate change,0,2024-11-30,US,pmf,large_increase,0.029
2024-11-30,wk flu hosp rate change,0,2024-11-30,US,pmf,decrease,0.183
2024-11-30,wk flu hosp rate change,0,2024-11-30,US,pmf,large_decrease,0.001
2024-11-30,wk flu hosp rate change,1,2024-12-07,US,pmf,stable,0.348
2024-11-30,wk flu hosp rate change,1,2024-12-07,US,pmf,increase,0.479
2024-11-30,wk flu hosp rate change,1,2024-12-07,US,pmf,large_increase,0.023
2024-11-30,wk flu hosp rate change,1,2024-12-07,US,pmf,decrease,0.149
2024-11-30,wk flu hosp rate change,1,2024-12-07,US,pmf,large_decrease,0.001
2024-11-30,wk flu hosp rate change,2,2024-12-14,US,pmf,stable,0.253
2024-11-30,wk flu hosp rate change,2,2024-12-14,US,pmf,increase,0.604
2024-11-30,wk flu hosp rate change,2,2024-12-14,US,pmf,large_increase,0.026
2024-11-30,wk flu hosp rate change,2,2024-12-14,US,pmf,decrease,0.116
2024-11-30,wk flu hosp rate change,2,2024-12-14,US,pmf,large_decrease,0.001
2024-11-30,wk flu hosp rate change,3,2024-12-21,US,pmf,stable,0.298
2024-11-30,wk flu hosp rate change,3,2024-12-21,US,pmf,increase,0.628
2024-11-30,wk flu hosp rate change,3,2024-12-21,US,pmf,large_increase,0.03
2024-11-30,wk flu hosp rate change,3,2024-12-21,US,pmf,decrease,0.043
2024-11-30,wk flu hosp rate change,3,2024-12-21,US,pmf,large_decrease,0.001
2024-11-30,wk flu hosp rate change,0,2024-11-30,01,pmf,stable,0.37
2024-11-30,wk flu hosp rate change,0,2024-11-30,01,pmf,increase,0.336
2024-11-30,wk flu hosp rate change,0,2024-11-30,01,pmf,large_increase,0.108
2024-11-30,wk flu hosp rate change,0,2024-11-30,01,pmf,decrease,0.185
2024-11-30,wk flu hosp rate change,0,2024-11-30,01,pmf,large_decrease,0.001
2024-11-30,wk flu hosp rate change,1,2024-12-07,01,pmf,stable,0.332
2024-11-30,wk flu hosp rate change,1,2024-12-07,01,pmf,increase,0.419
2024-11-30,wk flu hosp rate change,1,2024-12-07,01,pmf,large_increase,0.09
2024-11-30,wk flu hosp rate change,1,2024-12-07,01,pmf,decrease,0.158
2024-11-30,wk flu hosp rate change,1,2024-12-07,01,pmf,large_decrease,0.001
2024-11-30,wk flu hosp rate change,2,2024-12-14,01,pmf,stable,0.296
2024-11-30,wk flu hosp rate change,2,2024-12-14,01,pmf,increase,0.481
2024-11-30,wk flu hosp rate change,2,2024-12-14,01,pmf,large_increase,0.094
2024-11-30,wk flu hosp rate change,2,2024-12-14,01,pmf,decrease,0.128
2024-11-30,wk flu hosp rate change,2,2024-12-14,01,pmf,large_decrease,0.001
2024-11-30,wk flu hosp rate change,3,2024-12-21,01,pmf,stable,0.403
2024-11-30,wk flu hosp rate change,3,2024-12-21,01,pmf,increase,0.501
2024-11-30,wk flu hosp rate change,3,2024-12-21,01,pmf,large_increase,0.094
2024-11-30,wk flu hosp rate change,3,2024-12-21,01,pmf,decrease,0.001
2024-11-30,wk flu hosp rate change,3,2024-12-21,01,pmf,large_decrease,0.001
2024-11-30,wk flu hosp rate change,0,2024-11-30,02,pmf,stable,0.434
2024-11-30,wk flu hosp rate change,0,2024-11-30,02,pmf,increase,0.278
2024-11-30,wk flu hosp rate change,0,2024-11-30,02,pmf,large_increase,0.045
2024-11-30,wk flu hosp rate change,0,2024-11-30,02,pmf,decrease,0.242
2024-11-30,wk flu hosp rate change,0,2024-11-30,02,pmf,large_decrease,0.001
2024-11-30,wk flu hosp rate change,1,2024-12-07,02,pmf,stable,0.476
2024-11-30,wk flu hosp rate change,1,2024-12-07,02,pmf,increase,0.311
2024-11-30,wk flu hosp rate change,1,2024-12-07,02,pmf,large_increase,0.031
2024-11-30,wk flu hosp rate change,1,2024-12-07,02,pmf,decrease,0.181
2024-11-30,wk flu hosp rate change,1,2024-12-07,02,pmf,large_decrease,0.001
2024-11-30,wk flu hosp rate change,2,2024-12-14,02,pmf,stable,0.626
2024-11-30,wk flu hosp rate change,2,2024-12-14,02,pmf,increase,0.334
2024-11-30,wk flu hosp rate change,2,2024-12-14,02,pmf,large_increase,0.038
2024-11-30,wk flu hosp rate change,2,2024-12-14,02,pmf,decrease,0.001
2024-11-30,wk flu hosp rate change,2,2024-12-14,02,pmf,large_decrease,0.001
2024-11-30,wk flu hosp rate change,3,2024-12-21,02,pmf,stable,0.633
2024-11-30,wk flu hosp rate change,3,2024-12-21,02,pmf,increase,0.33
2024-11-30,wk flu hosp rate change,3,2024-12-21,02,pmf,large_increase,0.035
2024-11-30,wk flu hosp rate change,3,2024-12-21,02,pmf,decrease,0.001
2024-11-30,wk flu hosp rate change,3,2024-12-21,02,pmf,large_decrease,0.001
2024-11-30,wk flu hosp rate change,0,2024-11-30,04,pmf,stable,0.139
2024-11-30,wk flu hosp rate change,0,2024-11-30,04,pmf,increase,0.283
2024-11-30,wk flu hosp rate change,0,2024-11-30,04,pmf,large_increase,0.302
2024-11-30,wk flu hosp rate change,0,2024-11-30,04,pmf,decrease,0.173
2024-11-30,wk flu hosp rate change,0,2024-11-30,04,pmf,large_decrease,0.103
2024-11-30,wk flu hosp rate change,1,2024-12-07,04,pmf,stable,0.13
2024-11-30,wk flu hosp rate change,1,2024-12-07,04,pmf,increase,0.363
2024-11-30,wk flu hosp rate change,1,2024-12-07,04,pmf,large_increase,0.275
2024-11-30,wk flu hosp rate change,1,2024-12-07,04,pmf,decrease,0.148
2024-11-30,wk flu hosp rate change,1,2024-12-07,04,pmf,large_decrease,0.084
2024-11-30,wk flu hosp rate change,2,2024-12-14,04,pmf,stable,0.129
2024-11-30,wk flu hosp rate change,2,2024-12-14,04,pmf,increase,0.399
2024-11-30,wk flu hosp rate change,2,2024-12-14,04,pmf,large_increase,0.251
2024-11-30,wk flu hosp rate change,2,2024-12-14,04,pmf,decrease,0.147
2024-11-30,wk flu hosp rate change,2,2024-12-14,04,pmf,large_decrease,0.074
2024-11-30,wk flu hosp rate change,3,2024-12-21,04,pmf,stable,0.118
2024-11-30,wk flu hosp rate change,3,2024-12-21,04,pmf,increase,0.417
2024-11-30,wk flu hosp rate change,3,2024-12-21,04,pmf,large_increase,0.239
2024-11-30,wk flu hosp rate change,3,2024-12-21,04,pmf,decrease,0.164
2024-11-30,wk flu hosp rate change,3,2024-12-21,04,pmf,large_decrease,0.062
2024-11-30,wk flu hosp rate change,0,2024-11-30,05,pmf,stable,0.538
2024-11-30,wk flu hosp rate change,0,2024-11-30,05,pmf,increase,0.343
2024-11-30,wk flu hosp rate change,0,2024-11-30,05,pmf,large_increase,0.117
2024-11-30,wk flu hosp rate change,0,2024-11-30,05,pmf,decrease,0.001
2024-11-30,wk flu hosp rate change,0,2024-11-30,05,pmf,large_decrease,0.001
2024-11-30,wk flu hosp rate change,1,2024-12-07,05,pmf,stable,0.498
2024-11-30,wk flu hosp rate change,1,2024-12-07,05,pmf,increase,0.392
2024-11-30,wk flu hosp rate change,1,2024-12-07,05,pmf,large_increase,0.108
2024-11-30,wk flu hosp rate change,1,2024-12-07,05,pmf,decrease,0.001
2024-11-30,wk flu hosp rate change,1,2024-12-07,05,pmf,large_decrease,0.001
2024-11-30,wk flu hosp rate change,2,2024-12-14,05,pmf,stable,0.462
2024-11-30,wk flu hosp rate change,2,2024-12-14,05,pmf,increase,0.415
2024-11-30,wk flu hosp rate change,2,2024-12-14,05,pmf,large_increase,0.121
2024-11-30,wk flu hosp rate change,2,2024-12-14,05,pmf,decrease,0.001
2024-11-30,wk flu hosp rate change,2,2024-12-14,05,pmf,large_decrease,0.001
2024-11-30,wk flu hosp rate change,3,2024-12-21,05,pmf,stable,0.453
2024-11-30,wk flu hosp rate change,3,2024-12-21,05,pmf,increase,0.446
2024-11-30,wk flu hosp rate change,3,2024-12-21,05,pmf,large_increase,0.099
2024-11-30,wk flu hosp rate change,3,2024-12-21,05,pmf,decrease,0.001
2024-11-30,wk flu hosp rate change,3,2024-12-21,05,pmf,large_decrease,0.001
2024-11-30,wk flu hosp rate change,0,2024-11-30,06,pmf,stable,0.332
2024-11-30,wk flu hosp rate change,0,2024-11-30,06,pmf,increase,0.415
2024-11-30,wk flu hosp rate change,0,2024-11-30,06,pmf,large_increase,0.018
2024-11-30,wk flu hosp rate change,0,2024-11-30,06,pmf,decrease,0.234
2024-11-30,wk flu hosp rate change,0,2024-11-30,06,pmf,large_decrease,0.001
2024-11-30,wk flu hosp rate change,1,2024-12-07,06,pmf,stable,0.351
2024-11-30,wk flu hosp rate change,1,2024-12-07,06,pmf,increase,0.454
2024-11-30,wk flu hosp rate change,1,2024-12-07,06,pmf,large_increase,0.018
2024-11-30,wk flu hosp rate change,1,2024-12-07,06,pmf,decrease,0.176
2024-11-30,wk flu hosp rate change,1,2024-12-07,06,pmf,large_decrease,0.001
2024-11-30,wk flu hosp rate change,2,2024-12-14,06,pmf,stable,0.247
2024-11-30,wk flu hosp rate change,2,2024-12-14,06,pmf,increase,0.58
2024-11-30,wk flu hosp rate change,2,2024-12-14,06,pmf,large_increase,0.021
2024-11-30,wk flu hosp rate change,2,2024-12-14,06,pmf,decrease,0.151
2024-11-30,wk flu hosp rate change,2,2024-12-14,06,pmf,large_decrease,0.001
2024-11-30,wk flu hosp rate change,3,2024-12-21,06,pmf,stable,0.271
2024-11-30,wk flu hosp rate change,3,2024-12-21,06,pmf,increase,0.603
2024-11-30,wk flu hosp rate change,3,2024-12-21,06,pmf,large_increase,0.021
2024-11-30,wk flu hosp rate change,3,2024-12-21,06,pmf,decrease,0.104
2024-11-30,wk flu hosp rate change,3,2024-12-21,06,pmf,large_decrease,0.001
2024-11-30,wk flu hosp rate change,0,2024-11-30,08,pmf,stable,0.594
2024-11-30,wk flu hosp rate change,0,2024-11-30,08,pmf,increase,0.249
2024-11-30,wk flu hosp rate change,0,2024-11-30,08,pmf,large_increase,0.007
2024-11-30,wk flu hosp rate change,0,2024-11-30,08,pmf,decrease,0.149
2024-11-30,wk flu hosp rate change,0,2024-11-30,08,pmf,large_decrease,0.001
2024-11-30,wk flu hosp rate change,1,2024-12-07,08,pmf,stable,0.623
2024-11-30,wk flu hosp rate change,1,2024-12-07,08,pmf,increase,0.372
2024-11-30,wk flu hosp rate change,1,2024-12-07,08,pmf,large_increase,0.003
2024-11-30,wk flu hosp rate change,1,2024-12-07,08,pmf,decrease,0.001
2024-11-30,wk flu hosp rate change,1,2024-12-07,08,pmf,large_decrease,0.001
2024-11-30,wk flu hosp rate change,2,2024-12-14,08,pmf,stable,0.592
2024-11-30,wk flu hosp rate change,2,2024-12-14,08,pmf,increase,0.401
2024-11-30,wk flu hosp rate change,2,2024-12-14,08,pmf,large_increase,0.005
2024-11-30,wk flu hosp rate change,2,2024-12-14,08,pmf,decrease,0.001
2024-11-30,wk flu hosp rate change,2,2024-12-14,08,pmf,large_decrease,0.001
2024-11-30,wk flu hosp rate change,3,2024-12-21,08,pmf,stable,0.595
2024-11-30,wk flu hosp rate change,3,2024-12-21,08,pmf,increase,0.396
2024-11-30,wk flu hosp rate change,3,2024-12-21,08,pmf,large_increase,0.007
2024-11-30,wk flu hosp rate change,3,2024-12-21,08,pmf,decrease,0.001
2024-11-30,wk flu hosp rate change,3,2024-12-21,08,pmf,large_decrease,0.001
2024-11-30,wk flu hosp rate change,0,2024-11-30,09,pmf,stable,0.655
2024-11-30,wk flu hosp rate change,0,2024-11-30,09,pmf,increase,0.277
2024-11-30,wk flu hosp rate change,0,2024-11-30,09,pmf,large_increase,0.066
2024-11-30,wk flu hosp rate change,0,2024-11-30,09,pmf,decrease,0.001
2024-11-30,wk flu hosp rate change,0,2024-11-30,09,pmf,large_decrease,0.001
2024-11-30,wk flu hosp rate change,1,2024-12-07,09,pmf,stable,0.629
2024-11-30,wk flu hosp rate change,1,2024-12-07,09,pmf,increase,0.335
2024-11-30,wk flu hosp rate change,1,2024-12-07,09,pmf,large_increase,0.034
2024-11-30,wk flu hosp rate change,1,2024-12-07,09,pmf,decrease,0.001
2024-11-30,wk flu hosp rate change,1,2024-12-07,09,pmf,large_decrease,0.001
2024-11-30,wk flu hosp rate change,2,2024-12-14,09,pmf,stable,0.576
2024-11-30,wk flu hosp rate change,2,2024-12-14,09,pmf,increase,0.382
2024-11-30,wk flu hosp rate change,2,2024-12-14,09,pmf,large_increase,0.04
2024-11-30,wk flu hosp rate change,2,2024-12-14,09,pmf,decrease,0.001
2024-11-30,wk flu hosp rate change,2,2024-12-14,09,pmf,large_decrease,0.001
2024-11-30,wk flu hosp rate change,3,2024-12-21,09,pmf,stable,0.582
2024-11-30,wk flu hosp rate change,3,2024-12-21,09,pmf,increase,0.377
2024-11-30,wk flu hosp rate change,3,2024-12-21,09,pmf,large_increase,0.039
2024-11-30,wk flu hosp rate change,3,2024-12-21,09,pmf,decrease,0.001
2024-11-30,wk flu hosp rate change,3,2024-12-21,09,pmf,large_decrease,0.001
2024-11-30,wk flu hosp rate change,0,2024-11-30,10,pmf,stable,0.308
2024-11-30,wk flu hosp rate change,0,2024-11-30,10,pmf,increase,0.225
2024-11-30,wk flu hosp rate change,0,2024-11-30,10,pmf,large_increase,0.067
2024-11-30,wk flu hosp rate change,0,2024-11-30,10,pmf,decrease,0.399
2024-11-30,wk flu hosp rate change,0,2024-11-30,10,pmf,large_decrease,0.001
2024-11-30,wk flu hosp rate change,1,2024-12-07,10,pmf,stable,0.348
2024-11-30,wk flu hosp rate change,1,2024-12-07,10,pmf,increase,0.292
2024-11-30,wk flu hosp rate change,1,2024-12-07,10,pmf,large_increase,0.062
2024-11-30,wk flu hosp rate change,1,2024-12-07,10,pmf,decrease,0.297
2024-11-30,wk flu hosp rate change,1,2024-12-07,10,pmf,large_decrease,0.001
2024-11-30,wk flu hosp rate change,2,2024-12-14,10,pmf,stable,0.37
2024-11-30,wk flu hosp rate change,2,2024-12-14,10,pmf,increase,0.351
2024-11-30,wk flu hosp rate change,2,2024-12-14,10,pmf,large_increase,0.078
2024-11-30,wk flu hosp rate change,2,2024-12-14,10,pmf,decrease,0.2
2024-11-30,wk flu hosp rate change,2,2024-12-14,10,pmf,large_decrease,0.001
2024-11-30,wk flu hosp rate change,3,2024-12-21,10,pmf,stable,0.408
2024-11-30,wk flu hosp rate change,3,2024-12-21,10,pmf,increase,0.38
2024-11-30,wk flu hosp rate change,3,2024-12-21,10,pmf,large_increase,0.09
2024-11-30,wk flu hosp rate change,3,2024-12-21,10,pmf,decrease,0.121
2024-11-30,wk flu hosp rate change,3,2024-12-21,10,pmf,large_decrease,0.001
2024-11-30,wk flu hosp rate change,0,2024-11-30,11,pmf,stable,0.333
2024-11-30,wk flu hosp rate change,0,2024-11-30,11,pmf,increase,0.252
2024-11-30,wk flu hosp rate change,0,2024-11-30,11,pmf,large_increase,0.077
2024-11-30,wk flu hosp rate change,0,2024-11-30,11,pmf,decrease,0.337
2024-11-30,wk flu hosp rate change,0,2024-11-30,11,pmf,large_decrease,0.001
2024-11-30,wk flu hosp rate change,1,2024-12-07,11,pmf,stable,0.333
2024-11-30,wk flu hosp rate change,1,2024-12-07,11,pmf,increase,0.37
2024-11-30,wk flu hosp rate change,1,2024-12-07,11,pmf,large_increase,0.073
2024-11-30,wk flu hosp rate change,1,2024-12-07,11,pmf,decrease,0.223
2024-11-30,wk flu hosp rate change,1,2024-12-07,11,pmf,large_decrease,0.001
2024-11-30,wk flu hosp rate change,2,2024-12-14,11,pmf,stable,0.337
2024-11-30,wk flu hosp rate change,2,2024-12-14,11,pmf,increase,0.429
2024-11-30,wk flu hosp rate change,2,2024-12-14,11,pmf,large_increase,0.083
2024-11-30,wk flu hosp rate change,2,2024-12-14,11,pmf,decrease,0.15
2024-11-30,wk flu hosp rate change,2,2024-12-14,11,pmf,large_decrease,0.001
2024-11-30,wk flu hosp rate change,3,2024-12-21,11,pmf,stable,0.473
2024-11-30,wk flu hosp rate change,3,2024-12-21,11,pmf,increase,0.443
2024-11-30,wk flu hosp rate change,3,2024-12-21,11,pmf,large_increase,0.082
2024-11-30,wk flu hosp rate change,3,2024-12-21,11,pmf,decrease,0.001
2024-11-30,wk flu hosp rate change,3,2024-12-21,11,pmf,large_decrease,0.001
2024-11-30,wk flu hosp rate change,0,2024-11-30,12,pmf,stable,0.497
2024-11-30,wk flu hosp rate change,0,2024-11-30,12,pmf,increase,0.277
2024-11-30,wk flu hosp rate change,0,2024-11-30,12,pmf,large_increase,0.038
2024-11-30,wk flu hosp rate change,0,2024-11-30,12,pmf,decrease,0.186
2024-11-30,wk flu hosp rate change,0,2024-11-30,12,pmf,large_decrease,0.002
2024-11-30,wk flu hosp rate change,1,2024-12-07,12,pmf,stable,0.487
2024-11-30,wk flu hosp rate change,1,2024-12-07,12,pmf,increase,0.309
2024-11-30,wk flu hosp rate change,1,2024-12-07,12,pmf,large_increase,0.037
2024-11-30,wk flu hosp rate change,1,2024-12-07,12,pmf,decrease,0.166
2024-11-30,wk flu hosp rate change,1,2024-12-07,12,pmf,large_decrease,0.001
2024-11-30,wk flu hosp rate change,2,2024-12-14,12,pmf,stable,0.519
2024-11-30,wk flu hosp rate change,2,2024-12-14,12,pmf,increase,0.297
2024-11-30,wk flu hosp rate change,2,2024-12-14,12,pmf,large_increase,0.037
2024-11-30,wk flu hosp rate change,2,2024-12-14,12,pmf,decrease,0.146
2024-11-30,wk flu hosp rate change,2,2024-12-14,12,pmf,large_decrease,0.001
2024-11-30,wk flu hosp rate change,3,2024-12-21,12,pmf,stable,0.501
2024-11-30,wk flu hosp rate change,3,2024-12-21,12,pmf,increase,0.353
2024-11-30,wk flu hosp rate change,3,2024-12-21,12,pmf,large_increase,0.025
2024-11-30,wk flu hosp rate change,3,2024-12-21,12,pmf,decrease,0.12
2024-11-30,wk flu hosp rate change,3,2024-12-21,12,pmf,large_decrease,0.001
2024-11-30,wk flu hosp rate change,0,2024-11-30,13,pmf,stable,0.539
2024-11-30,wk flu hosp rate change,0,2024-11-30,13,pmf,increase,0.325
2024-11-30,wk flu hosp rate change,0,2024-11-30,13,pmf,large_increase,0.009
2024-11-30,wk flu hosp rate change,0,2024-11-30,13,pmf,decrease,0.126
2024-11-30,wk flu hosp rate change,0,2024-11-30,13,pmf,large_decrease,0.001
2024-11-30,wk flu hosp rate change,1,2024-12-07,13,pmf,stable,0.594
2024-11-30,wk flu hosp rate change,1,2024-12-07,13,pmf,increase,0.397
2024-11-30,wk flu hosp rate change,1,2024-12-07,13,pmf,large_increase,0.007
2024-11-30,wk flu hosp rate change,1,2024-12-07,13,pmf,decrease,0.001
2024-11-30,wk flu hosp rate change,1,2024-12-07,13,pmf,large_decrease,0.001
2024-11-30,wk flu hosp rate change,2,2024-12-14,13,pmf,stable,0.495
2024-11-30,wk flu hosp rate change,2,2024-12-14,13,pmf,increase,0.492
2024-11-30,wk flu hosp rate change,2,2024-12-14,13,pmf,large_increase,0.011
2024-11-30,wk flu hosp rate change,2,2024-12-14,13,pmf,decrease,0.001
2024-11-30,wk flu hosp rate change,2,2024-12-14,13,pmf,large_decrease,0.001
2024-11-30,wk flu hosp rate change,3,2024-12-21,13,pmf,stable,0.51
2024-11-30,wk flu hosp rate change,3,2024-12-21,13,pmf,increase,0.476
2024-11-30,wk flu hosp rate change,3,2024-12-21,13,pmf,large_increase,0.012
2024-11-30,wk flu hosp rate change,3,2024-12-21,13,pmf,decrease,0.001
2024-11-30,wk flu hosp rate change,3,2024-12-21,13,pmf,large_decrease,0.001
2024-11-30,wk flu hosp rate change,0,2024-11-30,15,pmf,stable,0.423
2024-11-30,wk flu hosp rate change,0,2024-11-30,15,pmf,increase,0.376
2024-11-30,wk flu hosp rate change,0,2024-11-30,15,pmf,large_increase,0.049
2024-11-30,wk flu hosp rate change,0,2024-11-30,15,pmf,decrease,0.151
2024-11-30,wk flu hosp rate change,0,2024-11-30,15,pmf,large_decrease,0.001
2024-11-30,wk flu hosp rate change,1,2024-12-07,15,pmf,stable,0.615
2024-11-30,wk flu hosp rate change,1,2024-12-07,15,pmf,increase,0.353
2024-11-30,wk flu hosp rate change,1,2024-12-07,15,pmf,large_increase,0.03
2024-11-30,wk flu hosp rate change,1,2024-12-07,15,pmf,decrease,0.001
2024-11-30,wk flu hosp rate change,1,2024-12-07,15,pmf,large_decrease,0.001
2024-11-30,wk flu hosp rate change,2,2024-12-14,15,pmf,stable,0.605
2024-11-30,wk flu hosp rate change,2,2024-12-14,15,pmf,increase,0.364
2024-11-30,wk flu hosp rate change,2,2024-12-14,15,pmf,large_increase,0.029
2024-11-30,wk flu hosp rate change,2,2024-12-14,15,pmf,decrease,0.001
2024-11-30,wk flu hosp rate change,2,2024-12-14,15,pmf,large_decrease,0.001
2024-11-30,wk flu hosp rate change,3,2024-12-21,15,pmf,stable,0.591
2024-11-30,wk flu hosp rate change,3,2024-12-21,15,pmf,increase,0.381
2024-11-30,wk flu hosp rate change,3,2024-12-21,15,pmf,large_increase,0.026
2024-11-30,wk flu hosp rate change,3,2024-12-21,15,pmf,decrease,0.001
2024-11-30,wk flu hosp rate change,3,2024-12-21,15,pmf,large_decrease,0.001
2024-11-30,wk flu hosp rate change,0,2024-11-30,16,pmf,stable,0.228
2024-11-30,wk flu hosp rate change,0,2024-11-30,16,pmf,increase,0.314
2024-11-30,wk flu hosp rate change,0,2024-11-30,16,pmf,large_increase,0.063
2024-11-30,wk flu hosp rate change,0,2024-11-30,16,pmf,decrease,0.394
2024-11-30,wk flu hosp rate change,0,2024-11-30,16,pmf,large_decrease,0.001
2024-11-30,wk flu hosp rate change,1,2024-12-07,16,pmf,stable,0.297
2024-11-30,wk flu hosp rate change,1,2024-12-07,16,pmf,increase,0.368
2024-11-30,wk flu hosp rate change,1,2024-12-07,16,pmf,large_increase,0.07
2024-11-30,wk flu hosp rate change,1,2024-12-07,16,pmf,decrease,0.264
2024-11-30,wk flu hosp rate change,1,2024-12-07,16,pmf,large_decrease,0.001
2024-11-30,wk flu hosp rate change,2,2024-12-14,16,pmf,stable,0.23
2024-11-30,wk flu hosp rate change,2,2024-12-14,16,pmf,increase,0.47
2024-11-30,wk flu hosp rate change,2,2024-12-14,16,pmf,large_increase,0.105
2024-11-30,wk flu hosp rate change,2,2024-12-14,16,pmf,decrease,0.194
2024-11-30,wk flu hosp rate change,2,2024-12-14,16,pmf,large_decrease,0.001
2024-11-30,wk flu hosp rate change,3,2024-12-21,16,pmf,stable,0.242
2024-11-30,wk flu hosp rate change,3,2024-12-21,16,pmf,increase,0.498
2024-11-30,wk flu hosp rate change,3,2024-12-21,16,pmf,large_increase,0.105
2024-11-30,wk flu hosp rate change,3,2024-12-21,16,pmf,decrease,0.154
2024-11-30,wk flu hosp rate change,3,2024-12-21,16,pmf,large_decrease,0.001
2024-11-30,wk flu hosp rate change,0,2024-11-30,17,pmf,stable,0.402
2024-11-30,wk flu hosp rate change,0,2024-11-30,17,pmf,increase,0.342
2024-11-30,wk flu hosp rate change,0,2024-11-30,17,pmf,large_increase,0.029
2024-11-30,wk flu hosp rate change,0,2024-11-30,17,pmf,decrease,0.226
2024-11-30,wk flu hosp rate change,0,2024-11-30,17,pmf,large_decrease,0.001
2024-11-30,wk flu hosp rate change,1,2024-12-07,17,pmf,stable,0.428
2024-11-30,wk flu hosp rate change,1,2024-12-07,17,pmf,increase,0.431
2024-11-30,wk flu hosp rate change,1,2024-12-07,17,pmf,large_increase,0.024
2024-11-30,wk flu hosp rate change,1,2024-12-07,17,pmf,decrease,0.116
2024-11-30,wk flu hosp rate change,1,2024-12-07,17,pmf,large_decrease,0.001
2024-11-30,wk flu hosp rate change,2,2024-12-14,17,pmf,stable,0.468
2024-11-30,wk flu hosp rate change,2,2024-12-14,17,pmf,increase,0.505
2024-11-30,wk flu hosp rate change,2,2024-12-14,17,pmf,large_increase,0.025
2024-11-30,wk flu hosp rate change,2,2024-12-14,17,pmf,decrease,0.001
2024-11-30,wk flu hosp rate change,2,2024-12-14,17,pmf,large_decrease,0.001
2024-11-30,wk flu hosp rate change,3,2024-12-21,17,pmf,stable,0.444
2024-11-30,wk flu hosp rate change,3,2024-12-21,17,pmf,increase,0.526
2024-11-30,wk flu hosp rate change,3,2024-12-21,17,pmf,large_increase,0.028
2024-11-30,wk flu hosp rate change,3,2024-12-21,17,pmf,decrease,0.001
2024-11-30,wk flu hosp rate change,3,2024-12-21,17,pmf,large_decrease,0.001
2024-11-30,wk flu hosp rate change,0,2024-11-30,18,pmf,stable,0.349
2024-11-30,wk flu hosp rate change,0,2024-11-30,18,pmf,increase,0.354
2024-11-30,wk flu hosp rate change,0,2024-11-30,18,pmf,large_increase,0.134
2024-11-30,wk flu hosp rate change,0,2024-11-30,18,pmf,decrease,0.162
2024-11-30,wk flu hosp rate change,0,2024-11-30,18,pmf,large_decrease,0.001
2024-11-30,wk flu hosp rate change,1,2024-12-07,18,pmf,stable,0.424
2024-11-30,wk flu hosp rate change,1,2024-12-07,18,pmf,increase,0.454
2024-11-30,wk flu hosp rate change,1,2024-12-07,18,pmf,large_increase,0.12
2024-11-30,wk flu hosp rate change,1,2024-12-07,18,pmf,decrease,0.001
2024-11-30,wk flu hosp rate change,1,2024-12-07,18,pmf,large_decrease,0.001
2024-11-30,wk flu hosp rate change,2,2024-12-14,18,pmf,stable,0.355
2024-11-30,wk flu hosp rate change,2,2024-12-14,18,pmf,increase,0.465
2024-11-30,wk flu hosp rate change,2,2024-12-14,18,pmf,large_increase,0.178
2024-11-30,wk flu hosp rate change,2,2024-12-14,18,pmf,decrease,0.001
2024-11-30,wk flu hosp rate change,2,2024-12-14,18,pmf,large_decrease,0.001
2024-11-30,wk flu hosp rate change,3,2024-12-21,18,pmf,stable,0.32
2024-11-30,wk flu hosp rate change,3,2024-12-21,18,pmf,increase,0.521
2024-11-30,wk flu hosp rate change,3,2024-12-21,18,pmf,large_increase,0.157
2024-11-30,wk flu hosp rate change,3,2024-12-21,18,pmf,decrease,0.001
2024-11-30,wk flu hosp rate change,3,2024-12-21,18,pmf,large_decrease,0.001
2024-11-30,wk flu hosp rate change,0,2024-11-30,19,pmf,stable,0.635
2024-11-30,wk flu hosp rate change,0,2024-11-30,19,pmf,increase,0.32
2024-11-30,wk flu hosp rate change,0,2024-11-30,19,pmf,large_increase,0.043
2024-11-30,wk flu hosp rate change,0,2024-11-30,19,pmf,decrease,0.001
2024-11-30,wk flu hosp rate change,0,2024-11-30,19,pmf,large_decrease,0.001
2024-11-30,wk flu hosp rate change,1,2024-12-07,19,pmf,stable,0.602
2024-11-30,wk flu hosp rate change,1,2024-12-07,19,pmf,increase,0.373
2024-11-30,wk flu hosp rate change,1,2024-12-07,19,pmf,large_increase,0.023
2024-11-30,wk flu hosp rate change,1,2024-12-07,19,pmf,decrease,0.001
2024-11-30,wk flu hosp rate change,1,2024-12-07,19,pmf,large_decrease,0.001
2024-11-30,wk flu hosp rate change,2,2024-12-14,19,pmf,stable,0.553
2024-11-30,wk flu hosp rate change,2,2024-12-14,19,pmf,increase,0.421
2024-11-30,wk flu hosp rate change,2,2024-12-14,19,pmf,large_increase,0.024
2024-11-30,wk flu hosp rate change,2,2024-12-14,19,pmf,decrease,0.001
2024-11-30,wk flu hosp rate change,2,2024-12-14,19,pmf,large_decrease,0.001
2024-11-30,wk flu hosp rate change,3,2024-12-21,19,pmf,stable,0.521
2024-11-30,wk flu hosp rate change,3,2024-12-21,19,pmf,increase,0.451
2024-11-30,wk flu hosp rate change,3,2024-12-21,19,pmf,large_increase,0.026
2024-11-30,wk flu hosp rate change,3,2024-12-21,19,pmf,decrease,0.001
2024-11-30,wk flu hosp rate change,3,2024-12-21,19,pmf,large_decrease,0.001
2024-11-30,wk flu hosp rate change,0,2024-11-30,20,pmf,stable,0.41
2024-11-30,wk flu hosp rate change,0,2024-11-30,20,pmf,increase,0.36
2024-11-30,wk flu hosp rate change,0,2024-11-30,20,pmf,large_increase,0.052
2024-11-30,wk flu hosp rate change,0,2024-11-30,20,pmf,decrease,0.177
2024-11-30,wk flu hosp rate change,0,2024-11-30,20,pmf,large_decrease,0.001
2024-11-30,wk flu hosp rate change,1,2024-12-07,20,pmf,stable,0.436
2024-11-30,wk flu hosp rate change,1,2024-12-07,20,pmf,increase,0.46
2024-11-30,wk flu hosp rate change,1,2024-12-07,20,pmf,large_increase,0.038
2024-11-30,wk flu hosp rate change,1,2024-12-07,20,pmf,decrease,0.065
2024-11-30,wk flu hosp rate change,1,2024-12-07,20,pmf,large_decrease,0.001
2024-11-30,wk flu hosp rate change,2,2024-12-14,20,pmf,stable,0.435
2024-11-30,wk flu hosp rate change,2,2024-12-14,20,pmf,increase,0.504
2024-11-30,wk flu hosp rate change,2,2024-12-14,20,pmf,large_increase,0.059
2024-11-30,wk flu hosp rate change,2,2024-12-14,20,pmf,decrease,0.001
2024-11-30,wk flu hosp rate change,2,2024-12-14,20,pmf,large_decrease,0.001
2024-11-30,wk flu hosp rate change,3,2024-12-21,20,pmf,stable,0.451
2024-11-30,wk flu hosp rate change,3,2024-12-21,20,pmf,increase,0.483
2024-11-30,wk flu hosp rate change,3,2024-12-21,20,pmf,large_increase,0.064
2024-11-30,wk flu hosp rate change,3,2024-12-21,20,pmf,decrease,0.001
2024-11-30,wk flu hosp rate change,3,2024-12-21,20,pmf,large_decrease,0.001
2024-11-30,wk flu hosp rate change,0,2024-11-30,21,pmf,stable,0.458
2024-11-30,wk flu hosp rate change,0,2024-11-30,21,pmf,increase,0.305
2024-11-30,wk flu hosp rate change,0,2024-11-30,21,pmf,large_increase,0.086
2024-11-30,wk flu hosp rate change,0,2024-11-30,21,pmf,decrease,0.15
2024-11-30,wk flu hosp rate change,0,2024-11-30,21,pmf,large_decrease,0.001
2024-11-30,wk flu hosp rate change,1,2024-12-07,21,pmf,stable,0.569
2024-11-30,wk flu hosp rate change,1,2024-12-07,21,pmf,increase,0.362
2024-11-30,wk flu hosp rate change,1,2024-12-07,21,pmf,large_increase,0.067
2024-11-30,wk flu hosp rate change,1,2024-12-07,21,pmf,decrease,0.001
2024-11-30,wk flu hosp rate change,1,2024-12-07,21,pmf,large_decrease,0.001
2024-11-30,wk flu hosp rate change,2,2024-12-14,21,pmf,stable,0.517
2024-11-30,wk flu hosp rate change,2,2024-12-14,21,pmf,increase,0.4
2024-11-30,wk flu hosp rate change,2,2024-12-14,21,pmf,large_increase,0.081
2024-11-30,wk flu hosp rate change,2,2024-12-14,21,pmf,decrease,0.001
2024-11-30,wk flu hosp rate change,2,2024-12-14,21,pmf,large_decrease,0.001
2024-11-30,wk flu hosp rate change,3,2024-12-21,21,pmf,stable,0.496
2024-11-30,wk flu hosp rate change,3,2024-12-21,21,pmf,increase,0.415
2024-11-30,wk flu hosp rate change,3,2024-12-21,21,pmf,large_increase,0.087
2024-11-30,wk flu hosp rate change,3,2024-12-21,21,pmf,decrease,0.001
2024-11-30,wk flu hosp rate change,3,2024-12-21,21,pmf,large_decrease,0.001
2024-11-30,wk flu hosp rate change,0,2024-11-30,22,pmf,stable,0.373
2024-11-30,wk flu hosp rate change,0,2024-11-30,22,pmf,increase,0.316
2024-11-30,wk flu hosp rate change,0,2024-11-30,22,pmf,large_increase,0.055
2024-11-30,wk flu hosp rate change,0,2024-11-30,22,pmf,decrease,0.255
2024-11-30,wk flu hosp rate change,0,2024-11-30,22,pmf,large_decrease,0.001
2024-11-30,wk flu hosp rate change,1,2024-12-07,22,pmf,stable,0.356
2024-11-30,wk flu hosp rate change,1,2024-12-07,22,pmf,increase,0.339
2024-11-30,wk flu hosp rate change,1,2024-12-07,22,pmf,large_increase,0.061
2024-11-30,wk flu hosp rate change,1,2024-12-07,22,pmf,decrease,0.243
2024-11-30,wk flu hosp rate change,1,2024-12-07,22,pmf,large_decrease,0.001
2024-11-30,wk flu hosp rate change,2,2024-12-14,22,pmf,stable,0.365
2024-11-30,wk flu hosp rate change,2,2024-12-14,22,pmf,increase,0.345
2024-11-30,wk flu hosp rate change,2,2024-12-14,22,pmf,large_increase,0.059
2024-11-30,wk flu hosp rate change,2,2024-12-14,22,pmf,decrease,0.23
2024-11-30,wk flu hosp rate change,2,2024-12-14,22,pmf,large_decrease,0.001
2024-11-30,wk flu hosp rate change,3,2024-12-21,22,pmf,stable,0.355
2024-11-30,wk flu hosp rate change,3,2024-12-21,22,pmf,increase,0.405
2024-11-30,wk flu hosp rate change,3,2024-12-21,22,pmf,large_increase,0.064
2024-11-30,wk flu hosp rate change,3,2024-12-21,22,pmf,decrease,0.175
2024-11-30,wk flu hosp rate change,3,2024-12-21,22,pmf,large_decrease,0.001
2024-11-30,wk flu hosp rate change,0,2024-11-30,23,pmf,stable,0.583
2024-11-30,wk flu hosp rate change,0,2024-11-30,23,pmf,increase,0.298
2024-11-30,wk flu hosp rate change,0,2024-11-30,23,pmf,large_increase,0.117
2024-11-30,wk flu hosp rate change,0,2024-11-30,23,pmf,decrease,0.001
2024-11-30,wk flu hosp rate change,0,2024-11-30,23,pmf,large_decrease,0.001
2024-11-30,wk flu hosp rate change,1,2024-12-07,23,pmf,stable,0.586
2024-11-30,wk flu hosp rate change,1,2024-12-07,23,pmf,increase,0.342
2024-11-30,wk flu hosp rate change,1,2024-12-07,23,pmf,large_increase,0.07
2024-11-30,wk flu hosp rate change,1,2024-12-07,23,pmf,decrease,0.001
2024-11-30,wk flu hosp rate change,1,2024-12-07,23,pmf,large_decrease,0.001
2024-11-30,wk flu hosp rate change,2,2024-12-14,23,pmf,stable,0.542
2024-11-30,wk flu hosp rate change,2,2024-12-14,23,pmf,increase,0.396
2024-11-30,wk flu hosp rate change,2,2024-12-14,23,pmf,large_increase,0.06
2024-11-30,wk flu hosp rate change,2,2024-12-14,23,pmf,decrease,0.001
2024-11-30,wk flu hosp rate change,2,2024-12-14,23,pmf,large_decrease,0.001
2024-11-30,wk flu hosp rate change,3,2024-12-21,23,pmf,stable,0.557
2024-11-30,wk flu hosp rate change,3,2024-12-21,23,pmf,increase,0.393
2024-11-30,wk flu hosp rate change,3,2024-12-21,23,pmf,large_increase,0.048
2024-11-30,wk flu hosp rate change,3,2024-12-21,23,pmf,decrease,0.001
2024-11-30,wk flu hosp rate change,3,2024-12-21,23,pmf,large_decrease,0.001
2024-11-30,wk flu hosp rate change,0,2024-11-30,24,pmf,stable,0.713
2024-11-30,wk flu hosp rate change,0,2024-11-30,24,pmf,increase,0.261
2024-11-30,wk flu hosp rate change,0,2024-11-30,24,pmf,large_increase,0.024
2024-11-30,wk flu hosp rate change,0,2024-11-30,24,pmf,decrease,0.001
2024-11-30,wk flu hosp rate change,0,2024-11-30,24,pmf,large_decrease,0.001
2024-11-30,wk flu hosp rate change,1,2024-12-07,24,pmf,stable,0.645
2024-11-30,wk flu hosp rate change,1,2024-12-07,24,pmf,increase,0.343
2024-11-30,wk flu hosp rate change,1,2024-12-07,24,pmf,large_increase,0.01
2024-11-30,wk flu hosp rate change,1,2024-12-07,24,pmf,decrease,0.001
2024-11-30,wk flu hosp rate change,1,2024-12-07,24,pmf,large_decrease,0.001
2024-11-30,wk flu hosp rate change,2,2024-12-14,24,pmf,stable,0.528
2024-11-30,wk flu hosp rate change,2,2024-12-14,24,pmf,increase,0.455
2024-11-30,wk flu hosp rate change,2,2024-12-14,24,pmf,large_increase,0.015
2024-11-30,wk flu hosp rate change,2,2024-12-14,24,pmf,decrease,0.001
2024-11-30,wk flu hosp rate change,2,2024-12-14,24,pmf,large_decrease,0.001
2024-11-30,wk flu hosp rate change,3,2024-12-21,24,pmf,stable,0.497
2024-11-30,wk flu hosp rate change,3,2024-12-21,24,pmf,increase,0.488
2024-11-30,wk flu hosp rate change,3,2024-12-21,24,pmf,large_increase,0.013
2024-11-30,wk flu hosp rate change,3,2024-12-21,24,pmf,decrease,0.001
2024-11-30,wk flu hosp rate change,3,2024-12-21,24,pmf,large_decrease,0.001
2024-11-30,wk flu hosp rate change,0,2024-11-30,25,pmf,stable,0.427
2024-11-30,wk flu hosp rate change,0,2024-11-30,25,pmf,increase,0.362
2024-11-30,wk flu hosp rate change,0,2024-11-30,25,pmf,large_increase,0.02
2024-11-30,wk flu hosp rate change,0,2024-11-30,25,pmf,decrease,0.19
2024-11-30,wk flu hosp rate change,0,2024-11-30,25,pmf,large_decrease,0.001
2024-11-30,wk flu hosp rate change,1,2024-12-07,25,pmf,stable,0.431
2024-11-30,wk flu hosp rate change,1,2024-12-07,25,pmf,increase,0.42
2024-11-30,wk flu hosp rate change,1,2024-12-07,25,pmf,large_increase,0.02
2024-11-30,wk flu hosp rate change,1,2024-12-07,25,pmf,decrease,0.128
2024-11-30,wk flu hosp rate change,1,2024-12-07,25,pmf,large_decrease,0.001
2024-11-30,wk flu hosp rate change,2,2024-12-14,25,pmf,stable,0.455
2024-11-30,wk flu hosp rate change,2,2024-12-14,25,pmf,increase,0.518
2024-11-30,wk flu hosp rate change,2,2024-12-14,25,pmf,large_increase,0.025
2024-11-30,wk flu hosp rate change,2,2024-12-14,25,pmf,decrease,0.001
2024-11-30,wk flu hosp rate change,2,2024-12-14,25,pmf,large_decrease,0.001
2024-11-30,wk flu hosp rate change,3,2024-12-21,25,pmf,stable,0.407
2024-11-30,wk flu hosp rate change,3,2024-12-21,25,pmf,increase,0.556
2024-11-30,wk flu hosp rate change,3,2024-12-21,25,pmf,large_increase,0.035
2024-11-30,wk flu hosp rate change,3,2024-12-21,25,pmf,decrease,0.001
2024-11-30,wk flu hosp rate change,3,2024-12-21,25,pmf,large_decrease,0.001
2024-11-30,wk flu hosp rate change,0,2024-11-30,26,pmf,stable,0.39
2024-11-30,wk flu hosp rate change,0,2024-11-30,26,pmf,increase,0.337
2024-11-30,wk flu hosp rate change,0,2024-11-30,26,pmf,large_increase,0.027
2024-11-30,wk flu hosp rate change,0,2024-11-30,26,pmf,decrease,0.245
2024-11-30,wk flu hosp rate change,0,2024-11-30,26,pmf,large_decrease,0.001
2024-11-30,wk flu hosp rate change,1,2024-12-07,26,pmf,stable,0.447
2024-11-30,wk flu hosp rate change,1,2024-12-07,26,pmf,increase,0.416
2024-11-30,wk flu hosp rate change,1,2024-12-07,26,pmf,large_increase,0.02
2024-11-30,wk flu hosp rate change,1,2024-12-07,26,pmf,decrease,0.116
2024-11-30,wk flu hosp rate change,1,2024-12-07,26,pmf,large_decrease,0.001
2024-11-30,wk flu hosp rate change,2,2024-12-14,26,pmf,stable,0.487
2024-11-30,wk flu hosp rate change,2,2024-12-14,26,pmf,increase,0.467
2024-11-30,wk flu hosp rate change,2,2024-12-14,26,pmf,large_increase,0.044
2024-11-30,wk flu hosp rate change,2,2024-12-14,26,pmf,decrease,0.001
2024-11-30,wk flu hosp rate change,2,2024-12-14,26,pmf,large_decrease,0.001
2024-11-30,wk flu hosp rate change,3,2024-12-21,26,pmf,stable,0.473
2024-11-30,wk flu hosp rate change,3,2024-12-21,26,pmf,increase,0.486
2024-11-30,wk flu hosp rate change,3,2024-12-21,26,pmf,large_increase,0.039
2024-11-30,wk flu hosp rate change,3,2024-12-21,26,pmf,decrease,0.001
2024-11-30,wk flu hosp rate change,3,2024-12-21,26,pmf,large_decrease,0.001
2024-11-30,wk flu hosp rate change,0,2024-11-30,27,pmf,stable,0.556
2024-11-30,wk flu hosp rate change,0,2024-11-30,27,pmf,increase,0.347
2024-11-30,wk flu hosp rate change,0,2024-11-30,27,pmf,large_increase,0.095
2024-11-30,wk flu hosp rate change,0,2024-11-30,27,pmf,decrease,0.001
2024-11-30,wk flu hosp rate change,0,2024-11-30,27,pmf,large_decrease,0.001
2024-11-30,wk flu hosp rate change,1,2024-12-07,27,pmf,stable,0.49
2024-11-30,wk flu hosp rate change,1,2024-12-07,27,pmf,increase,0.438
2024-11-30,wk flu hosp rate change,1,2024-12-07,27,pmf,large_increase,0.07
2024-11-30,wk flu hosp rate change,1,2024-12-07,27,pmf,decrease,0.001
2024-11-30,wk flu hosp rate change,1,2024-12-07,27,pmf,large_decrease,0.001
2024-11-30,wk flu hosp rate change,2,2024-12-14,27,pmf,stable,0.392
2024-11-30,wk flu hosp rate change,2,2024-12-14,27,pmf,increase,0.502
2024-11-30,wk flu hosp rate change,2,2024-12-14,27,pmf,large_increase,0.104
2024-11-30,wk flu hosp rate change,2,2024-12-14,27,pmf,decrease,0.001
2024-11-30,wk flu hosp rate change,2,2024-12-14,27,pmf,large_decrease,0.001
2024-11-30,wk flu hosp rate change,3,2024-12-21,27,pmf,stable,0.365
2024-11-30,wk flu hosp rate change,3,2024-12-21,27,pmf,increase,0.526
2024-11-30,wk flu hosp rate change,3,2024-12-21,27,pmf,large_increase,0.107
2024-11-30,wk flu hosp rate change,3,2024-12-21,27,pmf,decrease,0.001
2024-11-30,wk flu hosp rate change,3,2024-12-21,27,pmf,large_decrease,0.001
2024-11-30,wk flu hosp rate change,0,2024-11-30,28,pmf,stable,0.397
2024-11-30,wk flu hosp rate change,0,2024-11-30,28,pmf,increase,0.373
2024-11-30,wk flu hosp rate change,0,2024-11-30,28,pmf,large_increase,0.054
2024-11-30,wk flu hosp rate change,0,2024-11-30,28,pmf,decrease,0.175
2024-11-30,wk flu hosp rate change,0,2024-11-30,28,pmf,large_decrease,0.001
2024-11-30,wk flu hosp rate change,1,2024-12-07,28,pmf,stable,0.389
2024-11-30,wk flu hosp rate change,1,2024-12-07,28,pmf,increase,0.473
2024-11-30,wk flu hosp rate change,1,2024-12-07,28,pmf,large_increase,0.058
2024-11-30,wk flu hosp rate change,1,2024-12-07,28,pmf,decrease,0.079
2024-11-30,wk flu hosp rate change,1,2024-12-07,28,pmf,large_decrease,0.001
2024-11-30,wk flu hosp rate change,2,2024-12-14,28,pmf,stable,0.382
2024-11-30,wk flu hosp rate change,2,2024-12-14,28,pmf,increase,0.559
2024-11-30,wk flu hosp rate change,2,2024-12-14,28,pmf,large_increase,0.057
2024-11-30,wk flu hosp rate change,2,2024-12-14,28,pmf,decrease,0.001
2024-11-30,wk flu hosp rate change,2,2024-12-14,28,pmf,large_decrease,0.001
2024-11-30,wk flu hosp rate change,3,2024-12-21,28,pmf,stable,0.419
2024-11-30,wk flu hosp rate change,3,2024-12-21,28,pmf,increase,0.527
2024-11-30,wk flu hosp rate change,3,2024-12-21,28,pmf,large_increase,0.052
2024-11-30,wk flu hosp rate change,3,2024-12-21,28,pmf,decrease,0.001
2024-11-30,wk flu hosp rate change,3,2024-12-21,28,pmf,large_decrease,0.001
2024-11-30,wk flu hosp rate change,0,2024-11-30,29,pmf,stable,0.279
2024-11-30,wk flu hosp rate change,0,2024-11-30,29,pmf,increase,0.259
2024-11-30,wk flu hosp rate change,0,2024-11-30,29,pmf,large_increase,0.245
2024-11-30,wk flu hosp rate change,0,2024-11-30,29,pmf,decrease,0.216
2024-11-30,wk flu hosp rate change,0,2024-11-30,29,pmf,large_decrease,0.001
2024-11-30,wk flu hosp rate change,1,2024-12-07,29,pmf,stable,0.27
2024-11-30,wk flu hosp rate change,1,2024-12-07,29,pmf,increase,0.36
2024-11-30,wk flu hosp rate change,1,2024-12-07,29,pmf,large_increase,0.23
2024-11-30,wk flu hosp rate change,1,2024-12-07,29,pmf,decrease,0.139
2024-11-30,wk flu hosp rate change,1,2024-12-07,29,pmf,large_decrease,0.001
2024-11-30,wk flu hosp rate change,2,2024-12-14,29,pmf,stable,0.333
2024-11-30,wk flu hosp rate change,2,2024-12-14,29,pmf,increase,0.404
2024-11-30,wk flu hosp rate change,2,2024-12-14,29,pmf,large_increase,0.261
2024-11-30,wk flu hosp rate change,2,2024-12-14,29,pmf,decrease,0.001
2024-11-30,wk flu hosp rate change,2,2024-12-14,29,pmf,large_decrease,0.001
2024-11-30,wk flu hosp rate change,3,2024-12-21,29,pmf,stable,0.293
2024-11-30,wk flu hosp rate change,3,2024-12-21,29,pmf,increase,0.411
2024-11-30,wk flu hosp rate change,3,2024-12-21,29,pmf,large_increase,0.294
2024-11-30,wk flu hosp rate change,3,2024-12-21,29,pmf,decrease,0.001
2024-11-30,wk flu hosp rate change,3,2024-12-21,29,pmf,large_decrease,0.001
2024-11-30,wk flu hosp rate change,0,2024-11-30,30,pmf,stable,0.609
2024-11-30,wk flu hosp rate change,0,2024-11-30,30,pmf,increase,0.315
2024-11-30,wk flu hosp rate change,0,2024-11-30,30,pmf,large_increase,0.074
2024-11-30,wk flu hosp rate change,0,2024-11-30,30,pmf,decrease,0.001
2024-11-30,wk flu hosp rate change,0,2024-11-30,30,pmf,large_decrease,0.001
2024-11-30,wk flu hosp rate change,1,2024-12-07,30,pmf,stable,0.6
2024-11-30,wk flu hosp rate change,1,2024-12-07,30,pmf,increase,0.34
2024-11-30,wk flu hosp rate change,1,2024-12-07,30,pmf,large_increase,0.058
2024-11-30,wk flu hosp rate change,1,2024-12-07,30,pmf,decrease,0.001
2024-11-30,wk flu hosp rate change,1,2024-12-07,30,pmf,large_decrease,0.001
2024-11-30,wk flu hosp rate change,2,2024-12-14,30,pmf,stable,0.522
2024-11-30,wk flu hosp rate change,2,2024-12-14,30,pmf,increase,0.417
2024-11-30,wk flu hosp rate change,2,2024-12-14,30,pmf,large_increase,0.059
2024-11-30,wk flu hosp rate change,2,2024-12-14,30,pmf,decrease,0.001
2024-11-30,wk flu hosp rate change,2,2024-12-14,30,pmf,large_decrease,0.001
2024-11-30,wk flu hosp rate change,3,2024-12-21,30,pmf,stable,0.519
2024-11-30,wk flu hosp rate change,3,2024-12-21,30,pmf,increase,0.437
2024-11-30,wk flu hosp rate change,3,2024-12-21,30,pmf,large_increase,0.042
2024-11-30,wk flu hosp rate change,3,2024-12-21,30,pmf,decrease,0.001
2024-11-30,wk flu hosp rate change,3,2024-12-21,30,pmf,large_decrease,0.001
2024-11-30,wk flu hosp rate change,0,2024-11-30,31,pmf,stable,0.68
2024-11-30,wk flu hosp rate change,0,2024-11-30,31,pmf,increase,0.293
2024-11-30,wk flu hosp rate change,0,2024-11-30,31,pmf,large_increase,0.025
2024-11-30,wk flu hosp rate change,0,2024-11-30,31,pmf,decrease,0.001
2024-11-30,wk flu hosp rate change,0,2024-11-30,31,pmf,large_decrease,0.001
2024-11-30,wk flu hosp rate change,1,2024-12-07,31,pmf,stable,0.651
2024-11-30,wk flu hosp rate change,1,2024-12-07,31,pmf,increase,0.334
2024-11-30,wk flu hosp rate change,1,2024-12-07,31,pmf,large_increase,0.013
2024-11-30,wk flu hosp rate change,1,2024-12-07,31,pmf,decrease,0.001
2024-11-30,wk flu hosp rate change,1,2024-12-07,31,pmf,large_decrease,0.001
2024-11-30,wk flu hosp rate change,2,2024-12-14,31,pmf,stable,0.564
2024-11-30,wk flu hosp rate change,2,2024-12-14,31,pmf,increase,0.419
2024-11-30,wk flu hosp rate change,2,2024-12-14,31,pmf,large_increase,0.015
2024-11-30,wk flu hosp rate change,2,2024-12-14,31,pmf,decrease,0.001
2024-11-30,wk flu hosp rate change,2,2024-12-14,31,pmf,large_decrease,0.001
2024-11-30,wk flu hosp rate change,3,2024-12-21,31,pmf,stable,0.538
2024-11-30,wk flu hosp rate change,3,2024-12-21,31,pmf,increase,0.443
2024-11-30,wk flu hosp rate change,3,2024-12-21,31,pmf,large_increase,0.017
2024-11-30,wk flu hosp rate change,3,2024-12-21,31,pmf,decrease,0.001
2024-11-30,wk flu hosp rate change,3,2024-12-21,31,pmf,large_decrease,0.001
2024-11-30,wk flu hosp rate change,0,2024-11-30,32,pmf,stable,0.224
2024-11-30,wk flu hosp rate change,0,2024-11-30,32,pmf,increase,0.397
2024-11-30,wk flu hosp rate change,0,2024-11-30,32,pmf,large_increase,0.142
2024-11-30,wk flu hosp rate change,0,2024-11-30,32,pmf,decrease,0.236
2024-11-30,wk flu hosp rate change,0,2024-11-30,32,pmf,large_decrease,0.001
2024-11-30,wk flu hosp rate change,1,2024-12-07,32,pmf,stable,0.245
2024-11-30,wk flu hosp rate change,1,2024-12-07,32,pmf,increase,0.462
2024-11-30,wk flu hosp rate change,1,2024-12-07,32,pmf,large_increase,0.099
2024-11-30,wk flu hosp rate change,1,2024-12-07,32,pmf,decrease,0.193
2024-11-30,wk flu hosp rate change,1,2024-12-07,32,pmf,large_decrease,0.001
2024-11-30,wk flu hosp rate change,2,2024-12-14,32,pmf,stable,0.181
2024-11-30,wk flu hosp rate change,2,2024-12-14,32,pmf,increase,0.538
2024-11-30,wk flu hosp rate change,2,2024-12-14,32,pmf,large_increase,0.129
2024-11-30,wk flu hosp rate change,2,2024-12-14,32,pmf,decrease,0.151
2024-11-30,wk flu hosp rate change,2,2024-12-14,32,pmf,large_decrease,0.001
2024-11-30,wk flu hosp rate change,3,2024-12-21,32,pmf,stable,0.185
2024-11-30,wk flu hosp rate change,3,2024-12-21,32,pmf,increase,0.539
2024-11-30,wk flu hosp rate change,3,2024-12-21,32,pmf,large_increase,0.156
2024-11-30,wk flu hosp rate change,3,2024-12-21,32,pmf,decrease,0.119
2024-11-30,wk flu hosp rate change,3,2024-12-21,32,pmf,large_decrease,0.001
2024-11-30,wk flu hosp rate change,0,2024-11-30,33,pmf,stable,0.469
2024-11-30,wk flu hosp rate change,0,2024-11-30,33,pmf,increase,0.292
2024-11-30,wk flu hosp rate change,0,2024-11-30,33,pmf,large_increase,0.044
2024-11-30,wk flu hosp rate change,0,2024-11-30,33,pmf,decrease,0.194
2024-11-30,wk flu hosp rate change,0,2024-11-30,33,pmf,large_decrease,0.001
2024-11-30,wk flu hosp rate change,1,2024-12-07,33,pmf,stable,0.478
2024-11-30,wk flu hosp rate change,1,2024-12-07,33,pmf,increase,0.346
2024-11-30,wk flu hosp rate change,1,2024-12-07,33,pmf,large_increase,0.037
2024-11-30,wk flu hosp rate change,1,2024-12-07,33,pmf,decrease,0.138
2024-11-30,wk flu hosp rate change,1,2024-12-07,33,pmf,large_decrease,0.001
2024-11-30,wk flu hosp rate change,2,2024-12-14,33,pmf,stable,0.479
2024-11-30,wk flu hosp rate change,2,2024-12-14,33,pmf,increase,0.389
2024-11-30,wk flu hosp rate change,2,2024-12-14,33,pmf,large_increase,0.037
2024-11-30,wk flu hosp rate change,2,2024-12-14,33,pmf,decrease,0.094
2024-11-30,wk flu hosp rate change,2,2024-12-14,33,pmf,large_decrease,0.001
2024-11-30,wk flu hosp rate change,3,2024-12-21,33,pmf,stable,0.554
2024-11-30,wk flu hosp rate change,3,2024-12-21,33,pmf,increase,0.407
2024-11-30,wk flu hosp rate change,3,2024-12-21,33,pmf,large_increase,0.037
2024-11-30,wk flu hosp rate change,3,2024-12-21,33,pmf,decrease,0.001
2024-11-30,wk flu hosp rate change,3,2024-12-21,33,pmf,large_decrease,0.001
2024-11-30,wk flu hosp rate change,0,2024-11-30,34,pmf,stable,0.519
2024-11-30,wk flu hosp rate change,0,2024-11-30,34,pmf,increase,0.442
2024-11-30,wk flu hosp rate change,0,2024-11-30,34,pmf,large_increase,0.037
2024-11-30,wk flu hosp rate change,0,2024-11-30,34,pmf,decrease,0.001
2024-11-30,wk flu hosp rate change,0,2024-11-30,34,pmf,large_decrease,0.001
2024-11-30,wk flu hosp rate change,1,2024-12-07,34,pmf,stable,0.488
2024-11-30,wk flu hosp rate change,1,2024-12-07,34,pmf,increase,0.482
2024-11-30,wk flu hosp rate change,1,2024-12-07,34,pmf,large_increase,0.028
2024-11-30,wk flu hosp rate change,1,2024-12-07,34,pmf,decrease,0.001
2024-11-30,wk flu hosp rate change,1,2024-12-07,34,pmf,large_decrease,0.001
2024-11-30,wk flu hosp rate change,2,2024-12-14,34,pmf,stable,0.479
2024-11-30,wk flu hosp rate change,2,2024-12-14,34,pmf,increase,0.487
2024-11-30,wk flu hosp rate change,2,2024-12-14,34,pmf,large_increase,0.032
2024-11-30,wk flu hosp rate change,2,2024-12-14,34,pmf,decrease,0.001
2024-11-30,wk flu hosp rate change,2,2024-12-14,34,pmf,large_decrease,0.001
2024-11-30,wk flu hosp rate change,3,2024-12-21,34,pmf,stable,0.452
2024-11-30,wk flu hosp rate change,3,2024-12-21,34,pmf,increase,0.506
2024-11-30,wk flu hosp rate change,3,2024-12-21,34,pmf,large_increase,0.04
2024-11-30,wk flu hosp rate change,3,2024-12-21,34,pmf,decrease,0.001
2024-11-30,wk flu hosp rate change,3,2024-12-21,34,pmf,large_decrease,0.001
2024-11-30,wk flu hosp rate change,0,2024-11-30,35,pmf,stable,0.364
2024-11-30,wk flu hosp rate change,0,2024-11-30,35,pmf,increase,0.315
2024-11-30,wk flu hosp rate change,0,2024-11-30,35,pmf,large_increase,0.086
2024-11-30,wk flu hosp rate change,0,2024-11-30,35,pmf,decrease,0.234
2024-11-30,wk flu hosp rate change,0,2024-11-30,35,pmf,large_decrease,0.001
2024-11-30,wk flu hosp rate change,1,2024-12-07,35,pmf,stable,0.308
2024-11-30,wk flu hosp rate change,1,2024-12-07,35,pmf,increase,0.428
2024-11-30,wk flu hosp rate change,1,2024-12-07,35,pmf,large_increase,0.079
2024-11-30,wk flu hosp rate change,1,2024-12-07,35,pmf,decrease,0.184
2024-11-30,wk flu hosp rate change,1,2024-12-07,35,pmf,large_decrease,0.001
2024-11-30,wk flu hosp rate change,2,2024-12-14,35,pmf,stable,0.237
2024-11-30,wk flu hosp rate change,2,2024-12-14,35,pmf,increase,0.494
2024-11-30,wk flu hosp rate change,2,2024-12-14,35,pmf,large_increase,0.116
2024-11-30,wk flu hosp rate change,2,2024-12-14,35,pmf,decrease,0.152
2024-11-30,wk flu hosp rate change,2,2024-12-14,35,pmf,large_decrease,0.001
2024-11-30,wk flu hosp rate change,3,2024-12-21,35,pmf,stable,0.25
2024-11-30,wk flu hosp rate change,3,2024-12-21,35,pmf,increase,0.503
2024-11-30,wk flu hosp rate change,3,2024-12-21,35,pmf,large_increase,0.15
2024-11-30,wk flu hosp rate change,3,2024-12-21,35,pmf,decrease,0.096
2024-11-30,wk flu hosp rate change,3,2024-12-21,35,pmf,large_decrease,0.001
2024-11-30,wk flu hosp rate change,0,2024-11-30,36,pmf,stable,0.374
2024-11-30,wk flu hosp rate change,0,2024-11-30,36,pmf,increase,0.467
2024-11-30,wk flu hosp rate change,0,2024-11-30,36,pmf,large_increase,0.019
2024-11-30,wk flu hosp rate change,0,2024-11-30,36,pmf,decrease,0.139
2024-11-30,wk flu hosp rate change,0,2024-11-30,36,pmf,large_decrease,0.001
2024-11-30,wk flu hosp rate change,1,2024-12-07,36,pmf,stable,0.434
2024-11-30,wk flu hosp rate change,1,2024-12-07,36,pmf,increase,0.549
2024-11-30,wk flu hosp rate change,1,2024-12-07,36,pmf,large_increase,0.015
2024-11-30,wk flu hosp rate change,1,2024-12-07,36,pmf,decrease,0.001
2024-11-30,wk flu hosp rate change,1,2024-12-07,36,pmf,large_decrease,0.001
2024-11-30,wk flu hosp rate change,2,2024-12-14,36,pmf,stable,0.34
2024-11-30,wk flu hosp rate change,2,2024-12-14,36,pmf,increase,0.638
2024-11-30,wk flu hosp rate change,2,2024-12-14,36,pmf,large_increase,0.02
2024-11-30,wk flu hosp rate change,2,2024-12-14,36,pmf,decrease,0.001
2024-11-30,wk flu hosp rate change,2,2024-12-14,36,pmf,large_decrease,0.001
2024-11-30,wk flu hosp rate change,3,2024-12-21,36,pmf,stable,0.335
2024-11-30,wk flu hosp rate change,3,2024-12-21,36,pmf,increase,0.633
2024-11-30,wk flu hosp rate change,3,2024-12-21,36,pmf,large_increase,0.03
2024-11-30,wk flu hosp rate change,3,2024-12-21,36,pmf,decrease,0.001
2024-11-30,wk flu hosp rate change,3,2024-12-21,36,pmf,large_decrease,0.001
2024-11-30,wk flu hosp rate change,0,2024-11-30,37,pmf,stable,0.684
2024-11-30,wk flu hosp rate change,0,2024-11-30,37,pmf,increase,0.286
2024-11-30,wk flu hosp rate change,0,2024-11-30,37,pmf,large_increase,0.028
2024-11-30,wk flu hosp rate change,0,2024-11-30,37,pmf,decrease,0.001
2024-11-30,wk flu hosp rate change,0,2024-11-30,37,pmf,large_decrease,0.001
2024-11-30,wk flu hosp rate change,1,2024-12-07,37,pmf,stable,0.684
2024-11-30,wk flu hosp rate change,1,2024-12-07,37,pmf,increase,0.302
2024-11-30,wk flu hosp rate change,1,2024-12-07,37,pmf,large_increase,0.012
2024-11-30,wk flu hosp rate change,1,2024-12-07,37,pmf,decrease,0.001
2024-11-30,wk flu hosp rate change,1,2024-12-07,37,pmf,large_decrease,0.001
2024-11-30,wk flu hosp rate change,2,2024-12-14,37,pmf,stable,0.599
2024-11-30,wk flu hosp rate change,2,2024-12-14,37,pmf,increase,0.384
2024-11-30,wk flu hosp rate change,2,2024-12-14,37,pmf,large_increase,0.015
2024-11-30,wk flu hosp rate change,2,2024-12-14,37,pmf,decrease,0.001
2024-11-30,wk flu hosp rate change,2,2024-12-14,37,pmf,large_decrease,0.001
2024-11-30,wk flu hosp rate change,3,2024-12-21,37,pmf,stable,0.602
2024-11-30,wk flu hosp rate change,3,2024-12-21,37,pmf,increase,0.384
2024-11-30,wk flu hosp rate change,3,2024-12-21,37,pmf,large_increase,0.012
2024-11-30,wk flu hosp rate change,3,2024-12-21,37,pmf,decrease,0.001
2024-11-30,wk flu hosp rate change,3,2024-12-21,37,pmf,large_decrease,0.001
2024-11-30,wk flu hosp rate change,0,2024-11-30,38,pmf,stable,0.492
2024-11-30,wk flu hosp rate change,0,2024-11-30,38,pmf,increase,0.287
2024-11-30,wk flu hosp rate change,0,2024-11-30,38,pmf,large_increase,0.021
2024-11-30,wk flu hosp rate change,0,2024-11-30,38,pmf,decrease,0.199
2024-11-30,wk flu hosp rate change,0,2024-11-30,38,pmf,large_decrease,0.001
2024-11-30,wk flu hosp rate change,1,2024-12-07,38,pmf,stable,0.668
2024-11-30,wk flu hosp rate change,1,2024-12-07,38,pmf,increase,0.32
2024-11-30,wk flu hosp rate change,1,2024-12-07,38,pmf,large_increase,0.01
2024-11-30,wk flu hosp rate change,1,2024-12-07,38,pmf,decrease,0.001
2024-11-30,wk flu hosp rate change,1,2024-12-07,38,pmf,large_decrease,0.001
2024-11-30,wk flu hosp rate change,2,2024-12-14,38,pmf,stable,0.556
2024-11-30,wk flu hosp rate change,2,2024-12-14,38,pmf,increase,0.431
2024-11-30,wk flu hosp rate change,2,2024-12-14,38,pmf,large_increase,0.011
2024-11-30,wk flu hosp rate change,2,2024-12-14,38,pmf,decrease,0.001
2024-11-30,wk flu hosp rate change,2,2024-12-14,38,pmf,large_decrease,0.001
2024-11-30,wk flu hosp rate change,3,2024-12-21,38,pmf,stable,0.541
2024-11-30,wk flu hosp rate change,3,2024-12-21,38,pmf,increase,0.446
2024-11-30,wk flu hosp rate change,3,2024-12-21,38,pmf,large_increase,0.011
2024-11-30,wk flu hosp rate change,3,2024-12-21,38,pmf,decrease,0.001
2024-11-30,wk flu hosp rate change,3,2024-12-21,38,pmf,large_decrease,0.001
2024-11-30,wk flu hosp rate change,0,2024-11-30,39,pmf,stable,0.213
2024-11-30,wk flu hosp rate change,0,2024-11-30,39,pmf,increase,0.307
2024-11-30,wk flu hosp rate change,0,2024-11-30,39,pmf,large_increase,0.102
2024-11-30,wk flu hosp rate change,0,2024-11-30,39,pmf,decrease,0.232
2024-11-30,wk flu hosp rate change,0,2024-11-30,39,pmf,large_decrease,0.146
2024-11-30,wk flu hosp rate change,1,2024-12-07,39,pmf,stable,0.264
2024-11-30,wk flu hosp rate change,1,2024-12-07,39,pmf,increase,0.32
2024-11-30,wk flu hosp rate change,1,2024-12-07,39,pmf,large_increase,0.052
2024-11-30,wk flu hosp rate change,1,2024-12-07,39,pmf,decrease,0.266
2024-11-30,wk flu hosp rate change,1,2024-12-07,39,pmf,large_decrease,0.098
2024-11-30,wk flu hosp rate change,2,2024-12-14,39,pmf,stable,0.244
2024-11-30,wk flu hosp rate change,2,2024-12-14,39,pmf,increase,0.339
2024-11-30,wk flu hosp rate change,2,2024-12-14,39,pmf,large_increase,0.033
2024-11-30,wk flu hosp rate change,2,2024-12-14,39,pmf,decrease,0.302
2024-11-30,wk flu hosp rate change,2,2024-12-14,39,pmf,large_decrease,0.082
2024-11-30,wk flu hosp rate change,3,2024-12-21,39,pmf,stable,0.296
2024-11-30,wk flu hosp rate change,3,2024-12-21,39,pmf,increase,0.295
2024-11-30,wk flu hosp rate change,3,2024-12-21,39,pmf,large_increase,0.017
2024-11-30,wk flu hosp rate change,3,2024-12-21,39,pmf,decrease,0.365
2024-11-30,wk flu hosp rate change,3,2024-12-21,39,pmf,large_decrease,0.027
2024-11-30,wk flu hosp rate change,0,2024-11-30,40,pmf,stable,0.53
2024-11-30,wk flu hosp rate change,0,2024-11-30,40,pmf,increase,0.257
2024-11-30,wk flu hosp rate change,0,2024-11-30,40,pmf,large_increase,0.211
2024-11-30,wk flu hosp rate change,0,2024-11-30,40,pmf,decrease,0.001
2024-11-30,wk flu hosp rate change,0,2024-11-30,40,pmf,large_decrease,0.001
2024-11-30,wk flu hosp rate change,1,2024-12-07,40,pmf,stable,0.429
2024-11-30,wk flu hosp rate change,1,2024-12-07,40,pmf,increase,0.365
2024-11-30,wk flu hosp rate change,1,2024-12-07,40,pmf,large_increase,0.204
2024-11-30,wk flu hosp rate change,1,2024-12-07,40,pmf,decrease,0.001
2024-11-30,wk flu hosp rate change,1,2024-12-07,40,pmf,large_decrease,0.001
2024-11-30,wk flu hosp rate change,2,2024-12-14,40,pmf,stable,0.362
2024-11-30,wk flu hosp rate change,2,2024-12-14,40,pmf,increase,0.393
2024-11-30,wk flu hosp rate change,2,2024-12-14,40,pmf,large_increase,0.243
2024-11-30,wk flu hosp rate change,2,2024-12-14,40,pmf,decrease,0.001
2024-11-30,wk flu hosp rate change,2,2024-12-14,40,pmf,large_decrease,0.001
2024-11-30,wk flu hosp rate change,3,2024-12-21,40,pmf,stable,0.347
2024-11-30,wk flu hosp rate change,3,2024-12-21,40,pmf,increase,0.408
2024-11-30,wk flu hosp rate change,3,2024-12-21,40,pmf,large_increase,0.243
2024-11-30,wk flu hosp rate change,3,2024-12-21,40,pmf,decrease,0.001
2024-11-30,wk flu hosp rate change,3,2024-12-21,40,pmf,large_decrease,0.001
2024-11-30,wk flu hosp rate change,0,2024-11-30,41,pmf,stable,0.312
2024-11-30,wk flu hosp rate change,0,2024-11-30,41,pmf,increase,0.318
2024-11-30,wk flu hosp rate change,0,2024-11-30,41,pmf,large_increase,0.071
2024-11-30,wk flu hosp rate change,0,2024-11-30,41,pmf,decrease,0.298
2024-11-30,wk flu hosp rate change,0,2024-11-30,41,pmf,large_decrease,0.001
2024-11-30,wk flu hosp rate change,1,2024-12-07,41,pmf,stable,0.275
2024-11-30,wk flu hosp rate change,1,2024-12-07,41,pmf,increase,0.449
2024-11-30,wk flu hosp rate change,1,2024-12-07,41,pmf,large_increase,0.071
2024-11-30,wk flu hosp rate change,1,2024-12-07,41,pmf,decrease,0.204
2024-11-30,wk flu hosp rate change,1,2024-12-07,41,pmf,large_decrease,0.001
2024-11-30,wk flu hosp rate change,2,2024-12-14,41,pmf,stable,0.248
2024-11-30,wk flu hosp rate change,2,2024-12-14,41,pmf,increase,0.505
2024-11-30,wk flu hosp rate change,2,2024-12-14,41,pmf,large_increase,0.092
2024-11-30,wk flu hosp rate change,2,2024-12-14,41,pmf,decrease,0.154
2024-11-30,wk flu hosp rate change,2,2024-12-14,41,pmf,large_decrease,0.001
2024-11-30,wk flu hosp rate change,3,2024-12-21,41,pmf,stable,0.386
2024-11-30,wk flu hosp rate change,3,2024-12-21,41,pmf,increase,0.506
2024-11-30,wk flu hosp rate change,3,2024-12-21,41,pmf,large_increase,0.106
2024-11-30,wk flu hosp rate change,3,2024-12-21,41,pmf,decrease,0.001
2024-11-30,wk flu hosp rate change,3,2024-12-21,41,pmf,large_decrease,0.001
2024-11-30,wk flu hosp rate change,0,2024-11-30,42,pmf,stable,0.287
2024-11-30,wk flu hosp rate change,0,2024-11-30,42,pmf,increase,0.441
2024-11-30,wk flu hosp rate change,0,2024-11-30,42,pmf,large_increase,0.082
2024-11-30,wk flu hosp rate change,0,2024-11-30,42,pmf,decrease,0.189
2024-11-30,wk flu hosp rate change,0,2024-11-30,42,pmf,large_decrease,0.001
2024-11-30,wk flu hosp rate change,1,2024-12-07,42,pmf,stable,0.266
2024-11-30,wk flu hosp rate change,1,2024-12-07,42,pmf,increase,0.518
2024-11-30,wk flu hosp rate change,1,2024-12-07,42,pmf,large_increase,0.07
2024-11-30,wk flu hosp rate change,1,2024-12-07,42,pmf,decrease,0.145
2024-11-30,wk flu hosp rate change,1,2024-12-07,42,pmf,large_decrease,0.001
2024-11-30,wk flu hosp rate change,2,2024-12-14,42,pmf,stable,0.193
2024-11-30,wk flu hosp rate change,2,2024-12-14,42,pmf,increase,0.589
2024-11-30,wk flu hosp rate change,2,2024-12-14,42,pmf,large_increase,0.102
2024-11-30,wk flu hosp rate change,2,2024-12-14,42,pmf,decrease,0.115
2024-11-30,wk flu hosp rate change,2,2024-12-14,42,pmf,large_decrease,0.001
2024-11-30,wk flu hosp rate change,3,2024-12-21,42,pmf,stable,0.278
2024-11-30,wk flu hosp rate change,3,2024-12-21,42,pmf,increase,0.62
2024-11-30,wk flu hosp rate change,3,2024-12-21,42,pmf,large_increase,0.1
2024-11-30,wk flu hosp rate change,3,2024-12-21,42,pmf,decrease,0.001
2024-11-30,wk flu hosp rate change,3,2024-12-21,42,pmf,large_decrease,0.001
2024-11-30,wk flu hosp rate change,0,2024-11-30,44,pmf,stable,0.763
2024-11-30,wk flu hosp rate change,0,2024-11-30,44,pmf,increase,0.224
2024-11-30,wk flu hosp rate change,0,2024-11-30,44,pmf,large_increase,0.011
2024-11-30,wk flu hosp rate change,0,2024-11-30,44,pmf,decrease,0.001
2024-11-30,wk flu hosp rate change,0,2024-11-30,44,pmf,large_decrease,0.001
2024-11-30,wk flu hosp rate change,1,2024-12-07,44,pmf,stable,0.734
2024-11-30,wk flu hosp rate change,1,2024-12-07,44,pmf,increase,0.256
2024-11-30,wk flu hosp rate change,1,2024-12-07,44,pmf,large_increase,0.008
2024-11-30,wk flu hosp rate change,1,2024-12-07,44,pmf,decrease,0.001
2024-11-30,wk flu hosp rate change,1,2024-12-07,44,pmf,large_decrease,0.001
2024-11-30,wk flu hosp rate change,2,2024-12-14,44,pmf,stable,0.707
2024-11-30,wk flu hosp rate change,2,2024-12-14,44,pmf,increase,0.282
2024-11-30,wk flu hosp rate change,2,2024-12-14,44,pmf,large_increase,0.009
2024-11-30,wk flu hosp rate change,2,2024-12-14,44,pmf,decrease,0.001
2024-11-30,wk flu hosp rate change,2,2024-12-14,44,pmf,large_decrease,0.001
2024-11-30,wk flu hosp rate change,3,2024-12-21,44,pmf,stable,0.719
2024-11-30,wk flu hosp rate change,3,2024-12-21,44,pmf,increase,0.271
2024-11-30,wk flu hosp rate change,3,2024-12-21,44,pmf,large_increase,0.008
2024-11-30,wk flu hosp rate change,3,2024-12-21,44,pmf,decrease,0.001
2024-11-30,wk flu hosp rate change,3,2024-12-21,44,pmf,large_decrease,0.001
2024-11-30,wk flu hosp rate change,0,2024-11-30,45,pmf,stable,0.716
2024-11-30,wk flu hosp rate change,0,2024-11-30,45,pmf,increase,0.277
2024-11-30,wk flu hosp rate change,0,2024-11-30,45,pmf,large_increase,0.005
2024-11-30,wk flu hosp rate change,0,2024-11-30,45,pmf,decrease,0.001
2024-11-30,wk flu hosp rate change,0,2024-11-30,45,pmf,large_decrease,0.001
2024-11-30,wk flu hosp rate change,1,2024-12-07,45,pmf,stable,0.691
2024-11-30,wk flu hosp rate change,1,2024-12-07,45,pmf,increase,0.304
2024-11-30,wk flu hosp rate change,1,2024-12-07,45,pmf,large_increase,0.003
2024-11-30,wk flu hosp rate change,1,2024-12-07,45,pmf,decrease,0.001
2024-11-30,wk flu hosp rate change,1,2024-12-07,45,pmf,large_decrease,0.001
2024-11-30,wk flu hosp rate change,2,2024-12-14,45,pmf,stable,0.64
2024-11-30,wk flu hosp rate change,2,2024-12-14,45,pmf,increase,0.352
2024-11-30,wk flu hosp rate change,2,2024-12-14,45,pmf,large_increase,0.006
2024-11-30,wk flu hosp rate change,2,2024-12-14,45,pmf,decrease,0.001
2024-11-30,wk flu hosp rate change,2,2024-12-14,45,pmf,large_decrease,0.001
2024-11-30,wk flu hosp rate change,3,2024-12-21,45,pmf,stable,0.619
2024-11-30,wk flu hosp rate change,3,2024-12-21,45,pmf,increase,0.372
2024-11-30,wk flu hosp rate change,3,2024-12-21,45,pmf,large_increase,0.007
2024-11-30,wk flu hosp rate change,3,2024-12-21,45,pmf,decrease,0.001
2024-11-30,wk flu hosp rate change,3,2024-12-21,45,pmf,large_decrease,0.001
2024-11-30,wk flu hosp rate change,0,2024-11-30,46,pmf,stable,0.662
2024-11-30,wk flu hosp rate change,0,2024-11-30,46,pmf,increase,0.281
2024-11-30,wk flu hosp rate change,0,2024-11-30,46,pmf,large_increase,0.055
2024-11-30,wk flu hosp rate change,0,2024-11-30,46,pmf,decrease,0.001
2024-11-30,wk flu hosp rate change,0,2024-11-30,46,pmf,large_decrease,0.001
2024-11-30,wk flu hosp rate change,1,2024-12-07,46,pmf,stable,0.582
2024-11-30,wk flu hosp rate change,1,2024-12-07,46,pmf,increase,0.379
2024-11-30,wk flu hosp rate change,1,2024-12-07,46,pmf,large_increase,0.037
2024-11-30,wk flu hosp rate change,1,2024-12-07,46,pmf,decrease,0.001
2024-11-30,wk flu hosp rate change,1,2024-12-07,46,pmf,large_decrease,0.001
2024-11-30,wk flu hosp rate change,2,2024-12-14,46,pmf,stable,0.505
2024-11-30,wk flu hosp rate change,2,2024-12-14,46,pmf,increase,0.461
2024-11-30,wk flu hosp rate change,2,2024-12-14,46,pmf,large_increase,0.032
2024-11-30,wk flu hosp rate change,2,2024-12-14,46,pmf,decrease,0.001
2024-11-30,wk flu hosp rate change,2,2024-12-14,46,pmf,large_decrease,0.001
2024-11-30,wk flu hosp rate change,3,2024-12-21,46,pmf,stable,0.48
2024-11-30,wk flu hosp rate change,3,2024-12-21,46,pmf,increase,0.482
2024-11-30,wk flu hosp rate change,3,2024-12-21,46,pmf,large_increase,0.036
2024-11-30,wk flu hosp rate change,3,2024-12-21,46,pmf,decrease,0.001
2024-11-30,wk flu hosp rate change,3,2024-12-21,46,pmf,large_decrease,0.001
2024-11-30,wk flu hosp rate change,0,2024-11-30,47,pmf,stable,0.461
2024-11-30,wk flu hosp rate change,0,2024-11-30,47,pmf,increase,0.333
2024-11-30,wk flu hosp rate change,0,2024-11-30,47,pmf,large_increase,0.046
2024-11-30,wk flu hosp rate change,0,2024-11-30,47,pmf,decrease,0.159
2024-11-30,wk flu hosp rate change,0,2024-11-30,47,pmf,large_decrease,0.001
2024-11-30,wk flu hosp rate change,1,2024-12-07,47,pmf,stable,0.484
2024-11-30,wk flu hosp rate change,1,2024-12-07,47,pmf,increase,0.353
2024-11-30,wk flu hosp rate change,1,2024-12-07,47,pmf,large_increase,0.037
2024-11-30,wk flu hosp rate change,1,2024-12-07,47,pmf,decrease,0.125
2024-11-30,wk flu hosp rate change,1,2024-12-07,47,pmf,large_decrease,0.001
2024-11-30,wk flu hosp rate change,2,2024-12-14,47,pmf,stable,0.546
2024-11-30,wk flu hosp rate change,2,2024-12-14,47,pmf,increase,0.414
2024-11-30,wk flu hosp rate change,2,2024-12-14,47,pmf,large_increase,0.038
2024-11-30,wk flu hosp rate change,2,2024-12-14,47,pmf,decrease,0.001
2024-11-30,wk flu hosp rate change,2,2024-12-14,47,pmf,large_decrease,0.001
2024-11-30,wk flu hosp rate change,3,2024-12-21,47,pmf,stable,0.544
2024-11-30,wk flu hosp rate change,3,2024-12-21,47,pmf,increase,0.415
2024-11-30,wk flu hosp rate change,3,2024-12-21,47,pmf,large_increase,0.039
2024-11-30,wk flu hosp rate change,3,2024-12-21,47,pmf,decrease,0.001
2024-11-30,wk flu hosp rate change,3,2024-12-21,47,pmf,large_decrease,0.001
2024-11-30,wk flu hosp rate change,0,2024-11-30,48,pmf,stable,0.34400000000000003
2024-11-30,wk flu hosp rate change,0,2024-11-30,48,pmf,increase,0.399
2024-11-30,wk flu hosp rate change,0,2024-11-30,48,pmf,large_increase,0.063
2024-11-30,wk flu hosp rate change,0,2024-11-30,48,pmf,decrease,0.193
2024-11-30,wk flu hosp rate change,0,2024-11-30,48,pmf,large_decrease,0.001
2024-11-30,wk flu hosp rate change,1,2024-12-07,48,pmf,stable,0.256
2024-11-30,wk flu hosp rate change,1,2024-12-07,48,pmf,increase,0.54
2024-11-30,wk flu hosp rate change,1,2024-12-07,48,pmf,large_increase,0.051
2024-11-30,wk flu hosp rate change,1,2024-12-07,48,pmf,decrease,0.152
2024-11-30,wk flu hosp rate change,1,2024-12-07,48,pmf,large_decrease,0.001
2024-11-30,wk flu hosp rate change,2,2024-12-14,48,pmf,stable,0.224
2024-11-30,wk flu hosp rate change,2,2024-12-14,48,pmf,increase,0.605
2024-11-30,wk flu hosp rate change,2,2024-12-14,48,pmf,large_increase,0.056
2024-11-30,wk flu hosp rate change,2,2024-12-14,48,pmf,decrease,0.114
2024-11-30,wk flu hosp rate change,2,2024-12-14,48,pmf,large_decrease,0.001
2024-11-30,wk flu hosp rate change,3,2024-12-21,48,pmf,stable,0.334
2024-11-30,wk flu hosp rate change,3,2024-12-21,48,pmf,increase,0.591
2024-11-30,wk flu hosp rate change,3,2024-12-21,48,pmf,large_increase,0.073
2024-11-30,wk flu hosp rate change,3,2024-12-21,48,pmf,decrease,0.001
2024-11-30,wk flu hosp rate change,3,2024-12-21,48,pmf,large_decrease,0.001
2024-11-30,wk flu hosp rate change,0,2024-11-30,49,pmf,stable,0.612
2024-11-30,wk flu hosp rate change,0,2024-11-30,49,pmf,increase,0.165
2024-11-30,wk flu hosp rate change,0,2024-11-30,49,pmf,large_increase,0.012
2024-11-30,wk flu hosp rate change,0,2024-11-30,49,pmf,decrease,0.21
2024-11-30,wk flu hosp rate change,0,2024-11-30,49,pmf,large_decrease,0.001
2024-11-30,wk flu hosp rate change,1,2024-12-07,49,pmf,stable,0.684
2024-11-30,wk flu hosp rate change,1,2024-12-07,49,pmf,increase,0.204
2024-11-30,wk flu hosp rate change,1,2024-12-07,49,pmf,large_increase,0.01
2024-11-30,wk flu hosp rate change,1,2024-12-07,49,pmf,decrease,0.101
2024-11-30,wk flu hosp rate change,1,2024-12-07,49,pmf,large_decrease,0.001
2024-11-30,wk flu hosp rate change,2,2024-12-14,49,pmf,stable,0.659
2024-11-30,wk flu hosp rate change,2,2024-12-14,49,pmf,increase,0.326
2024-11-30,wk flu hosp rate change,2,2024-12-14,49,pmf,large_increase,0.013
2024-11-30,wk flu hosp rate change,2,2024-12-14,49,pmf,decrease,0.001
2024-11-30,wk flu hosp rate change,2,2024-12-14,49,pmf,large_decrease,0.001
2024-11-30,wk flu hosp rate change,3,2024-12-21,49,pmf,stable,0.625
2024-11-30,wk flu hosp rate change,3,2024-12-21,49,pmf,increase,0.358
2024-11-30,wk flu hosp rate change,3,2024-12-21,49,pmf,large_increase,0.015
2024-11-30,wk flu hosp rate change,3,2024-12-21,49,pmf,decrease,0.001
2024-11-30,wk flu hosp rate change,3,2024-12-21,49,pmf,large_decrease,0.001
2024-11-30,wk flu hosp rate change,0,2024-11-30,50,pmf,stable,0.52
2024-11-30,wk flu hosp rate change,0,2024-11-30,50,pmf,increase,0.387
2024-11-30,wk flu hosp rate change,0,2024-11-30,50,pmf,large_increase,0.091
2024-11-30,wk flu hosp rate change,0,2024-11-30,50,pmf,decrease,0.001
2024-11-30,wk flu hosp rate change,0,2024-11-30,50,pmf,large_decrease,0.001
2024-11-30,wk flu hosp rate change,1,2024-12-07,50,pmf,stable,0.442
2024-11-30,wk flu hosp rate change,1,2024-12-07,50,pmf,increase,0.468
2024-11-30,wk flu hosp rate change,1,2024-12-07,50,pmf,large_increase,0.088
2024-11-30,wk flu hosp rate change,1,2024-12-07,50,pmf,decrease,0.001
2024-11-30,wk flu hosp rate change,1,2024-12-07,50,pmf,large_decrease,0.001
2024-11-30,wk flu hosp rate change,2,2024-12-14,50,pmf,stable,0.366
2024-11-30,wk flu hosp rate change,2,2024-12-14,50,pmf,increase,0.518
2024-11-30,wk flu hosp rate change,2,2024-12-14,50,pmf,large_increase,0.114
2024-11-30,wk flu hosp rate change,2,2024-12-14,50,pmf,decrease,0.001
2024-11-30,wk flu hosp rate change,2,2024-12-14,50,pmf,large_decrease,0.001
2024-11-30,wk flu hosp rate change,3,2024-12-21,50,pmf,stable,0.338
2024-11-30,wk flu hosp rate change,3,2024-12-21,50,pmf,increase,0.538
2024-11-30,wk flu hosp rate change,3,2024-12-21,50,pmf,large_increase,0.122
2024-11-30,wk flu hosp rate change,3,2024-12-21,50,pmf,decrease,0.001
2024-11-30,wk flu hosp rate change,3,2024-12-21,50,pmf,large_decrease,0.001
2024-11-30,wk flu hosp rate change,0,2024-11-30,51,pmf,stable,0.535
2024-11-30,wk flu hosp rate change,0,2024-11-30,51,pmf,increase,0.394
2024-11-30,wk flu hosp rate change,0,2024-11-30,51,pmf,large_increase,0.004
2024-11-30,wk flu hosp rate change,0,2024-11-30,51,pmf,decrease,0.066
2024-11-30,wk flu hosp rate change,0,2024-11-30,51,pmf,large_decrease,0.001
2024-11-30,wk flu hosp rate change,1,2024-12-07,51,pmf,stable,0.556
2024-11-30,wk flu hosp rate change,1,2024-12-07,51,pmf,increase,0.441
2024-11-30,wk flu hosp rate change,1,2024-12-07,51,pmf,large_increase,0.001
2024-11-30,wk flu hosp rate change,1,2024-12-07,51,pmf,decrease,0.001
2024-11-30,wk flu hosp rate change,1,2024-12-07,51,pmf,large_decrease,0.001
2024-11-30,wk flu hosp rate change,2,2024-12-14,51,pmf,stable,0.499
2024-11-30,wk flu hosp rate change,2,2024-12-14,51,pmf,increase,0.496
2024-11-30,wk flu hosp rate change,2,2024-12-14,51,pmf,large_increase,0.003
2024-11-30,wk flu hosp rate change,2,2024-12-14,51,pmf,decrease,0.001
2024-11-30,wk flu hosp rate change,2,2024-12-14,51,pmf,large_decrease,0.001
2024-11-30,wk flu hosp rate change,3,2024-12-21,51,pmf,stable,0.468
2024-11-30,wk flu hosp rate change,3,2024-12-21,51,pmf,increase,0.523
2024-11-30,wk flu hosp rate change,3,2024-12-21,51,pmf,large_increase,0.007
2024-11-30,wk flu hosp rate change,3,2024-12-21,51,pmf,decrease,0.001
2024-11-30,wk flu hosp rate change,3,2024-12-21,51,pmf,large_decrease,0.001
2024-11-30,wk flu hosp rate change,0,2024-11-30,53,pmf,stable,0.594
2024-11-30,wk flu hosp rate change,0,2024-11-30,53,pmf,increase,0.26
2024-11-30,wk flu hosp rate change,0,2024-11-30,53,pmf,large_increase,0.016
2024-11-30,wk flu hosp rate change,0,2024-11-30,53,pmf,decrease,0.129
2024-11-30,wk flu hosp rate change,0,2024-11-30,53,pmf,large_decrease,0.001
2024-11-30,wk flu hosp rate change,1,2024-12-07,53,pmf,stable,0.681
2024-11-30,wk flu hosp rate change,1,2024-12-07,53,pmf,increase,0.3
2024-11-30,wk flu hosp rate change,1,2024-12-07,53,pmf,large_increase,0.017
2024-11-30,wk flu hosp rate change,1,2024-12-07,53,pmf,decrease,0.001
2024-11-30,wk flu hosp rate change,1,2024-12-07,53,pmf,large_decrease,0.001
2024-11-30,wk flu hosp rate change,2,2024-12-14,53,pmf,stable,0.551
2024-11-30,wk flu hosp rate change,2,2024-12-14,53,pmf,increase,0.428
2024-11-30,wk flu hosp rate change,2,2024-12-14,53,pmf,large_increase,0.019
2024-11-30,wk flu hosp rate change,2,2024-12-14,53,pmf,decrease,0.001
2024-11-30,wk flu hosp rate change,2,2024-12-14,53,pmf,large_decrease,0.001
2024-11-30,wk flu hosp rate change,3,2024-12-21,53,pmf,stable,0.509
2024-11-30,wk flu hosp rate change,3,2024-12-21,53,pmf,increase,0.473
2024-11-30,wk flu hosp rate change,3,2024-12-21,53,pmf,large_increase,0.016
2024-11-30,wk flu hosp rate change,3,2024-12-21,53,pmf,decrease,0.001
2024-11-30,wk flu hosp rate change,3,2024-12-21,53,pmf,large_decrease,0.001
2024-11-30,wk flu hosp rate change,0,2024-11-30,54,pmf,stable,0.532
2024-11-30,wk flu hosp rate change,0,2024-11-30,54,pmf,increase,0.254
2024-11-30,wk flu hosp rate change,0,2024-11-30,54,pmf,large_increase,0.212
2024-11-30,wk flu hosp rate change,0,2024-11-30,54,pmf,decrease,0.001
2024-11-30,wk flu hosp rate change,0,2024-11-30,54,pmf,large_decrease,0.001
2024-11-30,wk flu hosp rate change,1,2024-12-07,54,pmf,stable,0.476
2024-11-30,wk flu hosp rate change,1,2024-12-07,54,pmf,increase,0.354
2024-11-30,wk flu hosp rate change,1,2024-12-07,54,pmf,large_increase,0.168
2024-11-30,wk flu hosp rate change,1,2024-12-07,54,pmf,decrease,0.001
2024-11-30,wk flu hosp rate change,1,2024-12-07,54,pmf,large_decrease,0.001
2024-11-30,wk flu hosp rate change,2,2024-12-14,54,pmf,stable,0.406
2024-11-30,wk flu hosp rate change,2,2024-12-14,54,pmf,increase,0.4
2024-11-30,wk flu hosp rate change,2,2024-12-14,54,pmf,large_increase,0.192
2024-11-30,wk flu hosp rate change,2,2024-12-14,54,pmf,decrease,0.001
2024-11-30,wk flu hosp rate change,2,2024-12-14,54,pmf,large_decrease,0.001
2024-11-30,wk flu hosp rate change,3,2024-12-21,54,pmf,stable,0.358
2024-11-30,wk flu hosp rate change,3,2024-12-21,54,pmf,increase,0.434
2024-11-30,wk flu hosp rate change,3,2024-12-21,54,pmf,large_increase,0.206
2024-11-30,wk flu hosp rate change,3,2024-12-21,54,pmf,decrease,0.001
2024-11-30,wk flu hosp rate change,3,2024-12-21,54,pmf,large_decrease,0.001
2024-11-30,wk flu hosp rate change,0,2024-11-30,55,pmf,stable,0.543
2024-11-30,wk flu hosp rate change,0,2024-11-30,55,pmf,increase,0.302
2024-11-30,wk flu hosp rate change,0,2024-11-30,55,pmf,large_increase,0.05
2024-11-30,wk flu hosp rate change,0,2024-11-30,55,pmf,decrease,0.104
2024-11-30,wk flu hosp rate change,0,2024-11-30,55,pmf,large_decrease,0.001
2024-11-30,wk flu hosp rate change,1,2024-12-07,55,pmf,stable,0.586
2024-11-30,wk flu hosp rate change,1,2024-12-07,55,pmf,increase,0.378
2024-11-30,wk flu hosp rate change,1,2024-12-07,55,pmf,large_increase,0.034
2024-11-30,wk flu hosp rate change,1,2024-12-07,55,pmf,decrease,0.001
2024-11-30,wk flu hosp rate change,1,2024-12-07,55,pmf,large_decrease,0.001
2024-11-30,wk flu hosp rate change,2,2024-12-14,55,pmf,stable,0.488
2024-11-30,wk flu hosp rate change,2,2024-12-14,55,pmf,increase,0.466
2024-11-30,wk flu hosp rate change,2,2024-12-14,55,pmf,large_increase,0.044
2024-11-30,wk flu hosp rate change,2,2024-12-14,55,pmf,decrease,0.001
2024-11-30,wk flu hosp rate change,2,2024-12-14,55,pmf,large_decrease,0.001
2024-11-30,wk flu hosp rate change,3,2024-12-21,55,pmf,stable,0.489
2024-11-30,wk flu hosp rate change,3,2024-12-21,55,pmf,increase,0.48
2024-11-30,wk flu hosp rate change,3,2024-12-21,55,pmf,large_increase,0.029
2024-11-30,wk flu hosp rate change,3,2024-12-21,55,pmf,decrease,0.001
2024-11-30,wk flu hosp rate change,3,2024-12-21,55,pmf,large_decrease,0.001
2024-11-30,wk flu hosp rate change,0,2024-11-30,56,pmf,stable,0.375
2024-11-30,wk flu hosp rate change,0,2024-11-30,56,pmf,increase,0.268
2024-11-30,wk flu hosp rate change,0,2024-11-30,56,pmf,large_increase,0.073
2024-11-30,wk flu hosp rate change,0,2024-11-30,56,pmf,decrease,0.283
2024-11-30,wk flu hosp rate change,0,2024-11-30,56,pmf,large_decrease,0.001
2024-11-30,wk flu hosp rate change,1,2024-12-07,56,pmf,stable,0.382
2024-11-30,wk flu hosp rate change,1,2024-12-07,56,pmf,increase,0.346
2024-11-30,wk flu hosp rate change,1,2024-12-07,56,pmf,large_increase,0.069
2024-11-30,wk flu hosp rate change,1,2024-12-07,56,pmf,decrease,0.202
2024-11-30,wk flu hosp rate change,1,2024-12-07,56,pmf,large_decrease,0.001
2024-11-30,wk flu hosp rate change,2,2024-12-14,56,pmf,stable,0.303
2024-11-30,wk flu hosp rate change,2,2024-12-14,56,pmf,increase,0.443
2024-11-30,wk flu hosp rate change,2,2024-12-14,56,pmf,large_increase,0.073
2024-11-30,wk flu hosp rate change,2,2024-12-14,56,pmf,decrease,0.18
2024-11-30,wk flu hosp rate change,2,2024-12-14,56,pmf,large_decrease,0.001
2024-11-30,wk flu hosp rate change,3,2024-12-21,56,pmf,stable,0.299
2024-11-30,wk flu hosp rate change,3,2024-12-21,56,pmf,increase,0.471
2024-11-30,wk flu hosp rate change,3,2024-12-21,56,pmf,large_increase,0.079
2024-11-30,wk flu hosp rate change,3,2024-12-21,56,pmf,decrease,0.15
2024-11-30,wk flu hosp rate change,3,2024-12-21,56,pmf,large_decrease,0.001
2024-11-30,wk flu hosp rate change,0,2024-11-30,72,pmf,stable,0.132
2024-11-30,wk flu hosp rate change,0,2024-11-30,72,pmf,increase,0.42
2024-11-30,wk flu hosp rate change,0,2024-11-30,72,pmf,large_increase,0.177
2024-11-30,wk flu hosp rate change,0,2024-11-30,72,pmf,decrease,0.27
2024-11-30,wk flu hosp rate change,0,2024-11-30,72,pmf,large_decrease,0.001
2024-11-30,wk flu hosp rate change,1,2024-12-07,72,pmf,stable,0.214
2024-11-30,wk flu hosp rate change,1,2024-12-07,72,pmf,increase,0.431
2024-11-30,wk flu hosp rate change,1,2024-12-07,72,pmf,large_increase,0.117
2024-11-30,wk flu hosp rate change,1,2024-12-07,72,pmf,decrease,0.237
2024-11-30,wk flu hosp rate change,1,2024-12-07,72,pmf,large_decrease,0.001
2024-11-30,wk flu hosp rate change,2,2024-12-14,72,pmf,stable,0.246
2024-11-30,wk flu hosp rate change,2,2024-12-14,72,pmf,increase,0.445
2024-11-30,wk flu hosp rate change,2,2024-12-14,72,pmf,large_increase,0.117
2024-11-30,wk flu hosp rate change,2,2024-12-14,72,pmf,decrease,0.191
2024-11-30,wk flu hosp rate change,2,2024-12-14,72,pmf,large_decrease,0.001
2024-11-30,wk flu hosp rate change,3,2024-12-21,72,pmf,stable,0.33
2024-11-30,wk flu hosp rate change,3,2024-12-21,72,pmf,increase,0.412
2024-11-30,wk flu hosp rate change,3,2024-12-21,72,pmf,large_increase,0.106
2024-11-30,wk flu hosp rate change,3,2024-12-21,72,pmf,decrease,0.151
2024-11-30,wk flu hosp rate change,3,2024-12-21,72,pmf,large_decrease,0.001
