reference_date,target,horizon,target_end_date,location,output_type,output_type_id,value
2024-10-12,wk inc flu hosp,0,2024-10-12,US,quantile,0.01,0.0
2024-10-12,wk inc flu hosp,0,2024-10-12,US,quantile,0.025,0.0
2024-10-12,wk inc flu hosp,0,2024-10-12,US,quantile,0.05,0.0
2024-10-12,wk inc flu hosp,0,2024-10-12,US,quantile,0.1,0.0
2024-10-12,wk inc flu hosp,0,2024-10-12,US,quantile,0.15,0.0
2024-10-12,wk inc flu hosp,0,2024-10-12,US,quantile,0.2,0.0
2024-10-12,wk inc flu hosp,0,2024-10-12,US,quantile,0.25,0.0
2024-10-12,wk inc flu hosp,0,2024-10-12,US,quantile,0.3,0.0
2024-10-12,wk inc flu hosp,0,2024-10-12,US,quantile,0.35,0.0
2024-10-12,wk inc flu hosp,0,2024-10-12,US,quantile,0.4,12.60155214138842
2024-10-12,wk inc flu hosp,0,2024-10-12,US,quantile,0.45,182.70786891024994
2024-10-12,wk inc flu hosp,0,2024-10-12,US,quantile,0.5,342.65050013698874
2024-10-12,wk inc flu hosp,0,2024-10-12,US,quantile,0.55,485.4578909751506
2024-10-12,wk inc flu hosp,0,2024-10-12,US,quantile,0.6,674.5929669294975
2024-10-12,wk inc flu hosp,0,2024-10-12,US,quantile,0.65,835.5961590456
2024-10-12,wk inc flu hosp,0,2024-10-12,US,quantile,0.7,977.2556675147828
2024-10-12,wk inc flu hosp,0,2024-10-12,US,quantile,0.75,1207.7697464558678
2024-10-12,wk inc flu hosp,0,2024-10-12,US,quantile,0.8,1443.8263383864264
2024-10-12,wk inc flu hosp,0,2024-10-12,US,quantile,0.85,1656.2522960607432
2024-10-12,wk inc flu hosp,0,2024-10-12,US,quantile,0.9,2020.4133527711024
2024-10-12,wk inc flu hosp,0,2024-10-12,US,quantile,0.95,2577.91521979634
2024-10-12,wk inc flu hosp,0,2024-10-12,US,quantile,0.975,2956.2165826589844
2024-10-12,wk inc flu hosp,0,2024-10-12,US,quantile,0.99,3371.477308874865
2024-10-12,wk inc flu hosp,1,2024-10-19,US,quantile,0.01,0.0
2024-10-12,wk inc flu hosp,1,2024-10-19,US,quantile,0.025,0.0
2024-10-12,wk inc flu hosp,1,2024-10-19,US,quantile,0.05,0.0
2024-10-12,wk inc flu hosp,1,2024-10-19,US,quantile,0.1,0.0
2024-10-12,wk inc flu hosp,1,2024-10-19,US,quantile,0.15,0.0
2024-10-12,wk inc flu hosp,1,2024-10-19,US,quantile,0.2,0.0
2024-10-12,wk inc flu hosp,1,2024-10-19,US,quantile,0.25,0.0
2024-10-12,wk inc flu hosp,1,2024-10-19,US,quantile,0.3,0.0
2024-10-12,wk inc flu hosp,1,2024-10-19,US,quantile,0.35,55.43588132886141
2024-10-12,wk inc flu hosp,1,2024-10-19,US,quantile,0.4,299.670399961632
2024-10-12,wk inc flu hosp,1,2024-10-19,US,quantile,0.45,544.5785480042471
2024-10-12,wk inc flu hosp,1,2024-10-19,US,quantile,0.5,806.4769155478502
2024-10-12,wk inc flu hosp,1,2024-10-19,US,quantile,0.55,1031.141442219363
2024-10-12,wk inc flu hosp,1,2024-10-19,US,quantile,0.6,1235.983328546635
2024-10-12,wk inc flu hosp,1,2024-10-19,US,quantile,0.65,1458.4114080681109
2024-10-12,wk inc flu hosp,1,2024-10-19,US,quantile,0.7,1668.9801751656807
2024-10-12,wk inc flu hosp,1,2024-10-19,US,quantile,0.75,1972.8294128896885
2024-10-12,wk inc flu hosp,1,2024-10-19,US,quantile,0.8,2231.875861296049
2024-10-12,wk inc flu hosp,1,2024-10-19,US,quantile,0.85,2525.871152471744
2024-10-12,wk inc flu hosp,1,2024-10-19,US,quantile,0.9,3054.3007984639803
2024-10-12,wk inc flu hosp,1,2024-10-19,US,quantile,0.95,3862.996442746619
2024-10-12,wk inc flu hosp,1,2024-10-19,US,quantile,0.975,4361.569970694726
2024-10-12,wk inc flu hosp,1,2024-10-19,US,quantile,0.99,4924.427093883354
2024-10-12,wk inc flu hosp,2,2024-10-26,US,quantile,0.01,0.0
2024-10-12,wk inc flu hosp,2,2024-10-26,US,quantile,0.025,0.0
2024-10-12,wk inc flu hosp,2,2024-10-26,US,quantile,0.05,0.0
2024-10-12,wk inc flu hosp,2,2024-10-26,US,quantile,0.1,0.0
2024-10-12,wk inc flu hosp,2,2024-10-26,US,quantile,0.15,0.0
2024-10-12,wk inc flu hosp,2,2024-10-26,US,quantile,0.2,0.0
2024-10-12,wk inc flu hosp,2,2024-10-26,US,quantile,0.25,0.0
2024-10-12,wk inc flu hosp,2,2024-10-26,US,quantile,0.3,33.06382420274693
2024-10-12,wk inc flu hosp,2,2024-10-26,US,quantile,0.35,349.99463795995564
2024-10-12,wk inc flu hosp,2,2024-10-26,US,quantile,0.4,678.9513500476472
2024-10-12,wk inc flu hosp,2,2024-10-26,US,quantile,0.45,989.7918628654338
2024-10-12,wk inc flu hosp,2,2024-10-26,US,quantile,0.5,1326.38524439324
2024-10-12,wk inc flu hosp,2,2024-10-26,US,quantile,0.55,1620.1078876688596
2024-10-12,wk inc flu hosp,2,2024-10-26,US,quantile,0.6,1845.6656618279394
2024-10-12,wk inc flu hosp,2,2024-10-26,US,quantile,0.65,2226.6943006114507
2024-10-12,wk inc flu hosp,2,2024-10-26,US,quantile,0.7,2435.6842125276885
2024-10-12,wk inc flu hosp,2,2024-10-26,US,quantile,0.75,2804.27231183862
2024-10-12,wk inc flu hosp,2,2024-10-26,US,quantile,0.8,3074.8822938528447
2024-10-12,wk inc flu hosp,2,2024-10-26,US,quantile,0.85,3469.900833915835
2024-10-12,wk inc flu hosp,2,2024-10-26,US,quantile,0.9,3987.2871959996887
2024-10-12,wk inc flu hosp,2,2024-10-26,US,quantile,0.95,4872.073289751754
2024-10-12,wk inc flu hosp,2,2024-10-26,US,quantile,0.975,5598.190420644255
2024-10-12,wk inc flu hosp,2,2024-10-26,US,quantile,0.99,6064.259930048236
2024-10-12,wk inc flu hosp,3,2024-11-02,US,quantile,0.01,0.0
2024-10-12,wk inc flu hosp,3,2024-11-02,US,quantile,0.025,0.0
2024-10-12,wk inc flu hosp,3,2024-11-02,US,quantile,0.05,0.0
2024-10-12,wk inc flu hosp,3,2024-11-02,US,quantile,0.1,0.0
2024-10-12,wk inc flu hosp,3,2024-11-02,US,quantile,0.15,0.0
2024-10-12,wk inc flu hosp,3,2024-11-02,US,quantile,0.2,0.0
2024-10-12,wk inc flu hosp,3,2024-11-02,US,quantile,0.25,89.48948808252783
2024-10-12,wk inc flu hosp,3,2024-11-02,US,quantile,0.3,494.68993443515626
2024-10-12,wk inc flu hosp,3,2024-11-02,US,quantile,0.35,839.9152282103519
2024-10-12,wk inc flu hosp,3,2024-11-02,US,quantile,0.4,1148.2864039710523
2024-10-12,wk inc flu hosp,3,2024-11-02,US,quantile,0.45,1548.1108155942766
2024-10-12,wk inc flu hosp,3,2024-11-02,US,quantile,0.5,1810.2245275247762
2024-10-12,wk inc flu hosp,3,2024-11-02,US,quantile,0.55,2157.6530410965925
2024-10-12,wk inc flu hosp,3,2024-11-02,US,quantile,0.6,2477.8176966593383
2024-10-12,wk inc flu hosp,3,2024-11-02,US,quantile,0.65,2874.34141760752
2024-10-12,wk inc flu hosp,3,2024-11-02,US,quantile,0.7,3231.5462361837517
2024-10-12,wk inc flu hosp,3,2024-11-02,US,quantile,0.75,3673.694060229979
2024-10-12,wk inc flu hosp,3,2024-11-02,US,quantile,0.8,4051.03712687055
2024-10-12,wk inc flu hosp,3,2024-11-02,US,quantile,0.85,4508.006270567303
2024-10-12,wk inc flu hosp,3,2024-11-02,US,quantile,0.9,5165.97954180494
2024-10-12,wk inc flu hosp,3,2024-11-02,US,quantile,0.95,6047.727614322433
2024-10-12,wk inc flu hosp,3,2024-11-02,US,quantile,0.975,6915.126607189114
2024-10-12,wk inc flu hosp,3,2024-11-02,US,quantile,0.99,7980.191166717451
2024-10-12,wk inc flu hosp,0,2024-10-12,01,quantile,0.01,0.0
2024-10-12,wk inc flu hosp,0,2024-10-12,01,quantile,0.025,0.0
2024-10-12,wk inc flu hosp,0,2024-10-12,01,quantile,0.05,0.0
2024-10-12,wk inc flu hosp,0,2024-10-12,01,quantile,0.1,0.0
2024-10-12,wk inc flu hosp,0,2024-10-12,01,quantile,0.15,0.0
2024-10-12,wk inc flu hosp,0,2024-10-12,01,quantile,0.2,0.0
2024-10-12,wk inc flu hosp,0,2024-10-12,01,quantile,0.25,0.0
2024-10-12,wk inc flu hosp,0,2024-10-12,01,quantile,0.3,0.0
2024-10-12,wk inc flu hosp,0,2024-10-12,01,quantile,0.35,0.0
2024-10-12,wk inc flu hosp,0,2024-10-12,01,quantile,0.4,0.34306219495544177
2024-10-12,wk inc flu hosp,0,2024-10-12,01,quantile,0.45,5.112972668111931
2024-10-12,wk inc flu hosp,0,2024-10-12,01,quantile,0.5,9.597885670074485
2024-10-12,wk inc flu hosp,0,2024-10-12,01,quantile,0.55,13.602313501691567
2024-10-12,wk inc flu hosp,0,2024-10-12,01,quantile,0.6,18.905804852114066
2024-10-12,wk inc flu hosp,0,2024-10-12,01,quantile,0.65,23.420456787878063
2024-10-12,wk inc flu hosp,0,2024-10-12,01,quantile,0.7,27.392697125004954
2024-10-12,wk inc flu hosp,0,2024-10-12,01,quantile,0.75,33.856487184283786
2024-10-12,wk inc flu hosp,0,2024-10-12,01,quantile,0.8,40.475693522383224
2024-10-12,wk inc flu hosp,0,2024-10-12,01,quantile,0.85,46.43227890690964
2024-10-12,wk inc flu hosp,0,2024-10-12,01,quantile,0.9,56.64363184966198
2024-10-12,wk inc flu hosp,0,2024-10-12,01,quantile,0.95,72.27640813239881
2024-10-12,wk inc flu hosp,0,2024-10-12,01,quantile,0.975,82.88426601212579
2024-10-12,wk inc flu hosp,0,2024-10-12,01,quantile,0.99,94.5284925446368
2024-10-12,wk inc flu hosp,1,2024-10-19,01,quantile,0.01,0.0
2024-10-12,wk inc flu hosp,1,2024-10-19,01,quantile,0.025,0.0
2024-10-12,wk inc flu hosp,1,2024-10-19,01,quantile,0.05,0.0
2024-10-12,wk inc flu hosp,1,2024-10-19,01,quantile,0.1,0.0
2024-10-12,wk inc flu hosp,1,2024-10-19,01,quantile,0.15,0.0
2024-10-12,wk inc flu hosp,1,2024-10-19,01,quantile,0.2,0.0
2024-10-12,wk inc flu hosp,1,2024-10-19,01,quantile,0.25,0.0
2024-10-12,wk inc flu hosp,1,2024-10-19,01,quantile,0.3,0.0
2024-10-12,wk inc flu hosp,1,2024-10-19,01,quantile,0.35,0.4111269908593836
2024-10-12,wk inc flu hosp,1,2024-10-19,01,quantile,0.4,7.259648612285554
2024-10-12,wk inc flu hosp,1,2024-10-19,01,quantile,0.45,14.127059314600482
2024-10-12,wk inc flu hosp,1,2024-10-19,01,quantile,0.5,21.470888691296974
2024-10-12,wk inc flu hosp,1,2024-10-19,01,quantile,0.55,27.770652856865027
2024-10-12,wk inc flu hosp,1,2024-10-19,01,quantile,0.6,33.51457511379813
2024-10-12,wk inc flu hosp,1,2024-10-19,01,quantile,0.65,39.75162760065674
2024-10-12,wk inc flu hosp,1,2024-10-19,01,quantile,0.7,45.65613594918011
2024-10-12,wk inc flu hosp,1,2024-10-19,01,quantile,0.75,54.176299625698704
2024-10-12,wk inc flu hosp,1,2024-10-19,01,quantile,0.8,61.44015902115228
2024-10-12,wk inc flu hosp,1,2024-10-19,01,quantile,0.85,69.6840105433923
2024-10-12,wk inc flu hosp,1,2024-10-19,01,quantile,0.9,84.50157964148586
2024-10-12,wk inc flu hosp,1,2024-10-19,01,quantile,0.95,107.1780204493903
2024-10-12,wk inc flu hosp,1,2024-10-19,01,quantile,0.975,121.15840129456326
2024-10-12,wk inc flu hosp,1,2024-10-19,01,quantile,0.99,136.9413430323251
2024-10-12,wk inc flu hosp,2,2024-10-26,01,quantile,0.01,0.0
2024-10-12,wk inc flu hosp,2,2024-10-26,01,quantile,0.025,0.0
2024-10-12,wk inc flu hosp,2,2024-10-26,01,quantile,0.05,0.0
2024-10-12,wk inc flu hosp,2,2024-10-26,01,quantile,0.1,0.0
2024-10-12,wk inc flu hosp,2,2024-10-26,01,quantile,0.15,0.0
2024-10-12,wk inc flu hosp,2,2024-10-26,01,quantile,0.2,0.0
2024-10-12,wk inc flu hosp,2,2024-10-26,01,quantile,0.25,0.0
2024-10-12,wk inc flu hosp,2,2024-10-26,01,quantile,0.3,3.17225418518804
2024-10-12,wk inc flu hosp,2,2024-10-26,01,quantile,0.35,12.059235201070015
2024-10-12,wk inc flu hosp,2,2024-10-26,01,quantile,0.4,21.2834315507816
2024-10-12,wk inc flu hosp,2,2024-10-26,01,quantile,0.45,29.999635897181836
2024-10-12,wk inc flu hosp,2,2024-10-26,01,quantile,0.5,39.437970265012986
2024-10-12,wk inc flu hosp,2,2024-10-26,01,quantile,0.55,47.67417653281021
2024-10-12,wk inc flu hosp,2,2024-10-26,01,quantile,0.6,53.99898803716588
2024-10-12,wk inc flu hosp,2,2024-10-26,01,quantile,0.65,64.68332080756821
2024-10-12,wk inc flu hosp,2,2024-10-26,01,quantile,0.7,70.54355685622647
2024-10-12,wk inc flu hosp,2,2024-10-26,01,quantile,0.75,80.87904743987706
2024-10-12,wk inc flu hosp,2,2024-10-26,01,quantile,0.8,88.46715711075015
2024-10-12,wk inc flu hosp,2,2024-10-26,01,quantile,0.85,99.54377735112394
2024-10-12,wk inc flu hosp,2,2024-10-26,01,quantile,0.9,114.05168437097576
2024-10-12,wk inc flu hosp,2,2024-10-26,01,quantile,0.95,138.86175924212762
2024-10-12,wk inc flu hosp,2,2024-10-26,01,quantile,0.975,159.22263574084468
2024-10-12,wk inc flu hosp,2,2024-10-26,01,quantile,0.99,172.29157918958023
2024-10-12,wk inc flu hosp,3,2024-11-02,01,quantile,0.01,0.0
2024-10-12,wk inc flu hosp,3,2024-11-02,01,quantile,0.025,0.0
2024-10-12,wk inc flu hosp,3,2024-11-02,01,quantile,0.05,0.0
2024-10-12,wk inc flu hosp,3,2024-11-02,01,quantile,0.1,0.0
2024-10-12,wk inc flu hosp,3,2024-11-02,01,quantile,0.15,0.0
2024-10-12,wk inc flu hosp,3,2024-11-02,01,quantile,0.2,0.0
2024-10-12,wk inc flu hosp,3,2024-11-02,01,quantile,0.25,5.167992753390437
2024-10-12,wk inc flu hosp,3,2024-11-02,01,quantile,0.3,16.530121388574493
2024-10-12,wk inc flu hosp,3,2024-11-02,01,quantile,0.35,26.210501139635056
2024-10-12,wk inc flu hosp,3,2024-11-02,01,quantile,0.4,34.85746339723986
2024-10-12,wk inc flu hosp,3,2024-11-02,01,quantile,0.45,46.068843930607635
2024-10-12,wk inc flu hosp,3,2024-11-02,01,quantile,0.5,53.418711727663364
2024-10-12,wk inc flu hosp,3,2024-11-02,01,quantile,0.55,63.160871437177796
2024-10-12,wk inc flu hosp,3,2024-11-02,01,quantile,0.6,72.13853183634029
2024-10-12,wk inc flu hosp,3,2024-11-02,01,quantile,0.65,83.2573584932937
2024-10-12,wk inc flu hosp,3,2024-11-02,01,quantile,0.7,93.27365322915519
2024-10-12,wk inc flu hosp,3,2024-11-02,01,quantile,0.75,105.67181443011252
2024-10-12,wk inc flu hosp,3,2024-11-02,01,quantile,0.8,116.25280095507199
2024-10-12,wk inc flu hosp,3,2024-11-02,01,quantile,0.85,129.06656322934603
2024-10-12,wk inc flu hosp,3,2024-11-02,01,quantile,0.9,147.5166340859033
2024-10-12,wk inc flu hosp,3,2024-11-02,01,quantile,0.95,172.24152053148794
2024-10-12,wk inc flu hosp,3,2024-11-02,01,quantile,0.975,196.5640478724451
2024-10-12,wk inc flu hosp,3,2024-11-02,01,quantile,0.99,226.42926800994965
2024-10-12,wk inc flu hosp,0,2024-10-12,02,quantile,0.01,0.0
2024-10-12,wk inc flu hosp,0,2024-10-12,02,quantile,0.025,0.0
2024-10-12,wk inc flu hosp,0,2024-10-12,02,quantile,0.05,0.0
2024-10-12,wk inc flu hosp,0,2024-10-12,02,quantile,0.1,0.0
2024-10-12,wk inc flu hosp,0,2024-10-12,02,quantile,0.15,0.0
2024-10-12,wk inc flu hosp,0,2024-10-12,02,quantile,0.2,0.0
2024-10-12,wk inc flu hosp,0,2024-10-12,02,quantile,0.25,0.0
2024-10-12,wk inc flu hosp,0,2024-10-12,02,quantile,0.3,0.0
2024-10-12,wk inc flu hosp,0,2024-10-12,02,quantile,0.35,0.0
2024-10-12,wk inc flu hosp,0,2024-10-12,02,quantile,0.4,0.0
2024-10-12,wk inc flu hosp,0,2024-10-12,02,quantile,0.45,0.9624715935551527
2024-10-12,wk inc flu hosp,0,2024-10-12,02,quantile,0.5,1.887329968182444
2024-10-12,wk inc flu hosp,0,2024-10-12,02,quantile,0.55,2.7131048748620246
2024-10-12,wk inc flu hosp,0,2024-10-12,02,quantile,0.6,3.8067667559409406
2024-10-12,wk inc flu hosp,0,2024-10-12,02,quantile,0.65,4.737757758328618
2024-10-12,wk inc flu hosp,0,2024-10-12,02,quantile,0.7,5.556895106191673
2024-10-12,wk inc flu hosp,0,2024-10-12,02,quantile,0.75,6.889828513270186
2024-10-12,wk inc flu hosp,0,2024-10-12,02,quantile,0.8,8.254811158975569
2024-10-12,wk inc flu hosp,0,2024-10-12,02,quantile,0.85,9.483151123351933
2024-10-12,wk inc flu hosp,0,2024-10-12,02,quantile,0.9,11.588889914995589
2024-10-12,wk inc flu hosp,0,2024-10-12,02,quantile,0.95,14.812609986586127
2024-10-12,wk inc flu hosp,0,2024-10-12,02,quantile,0.975,17.000114224155176
2024-10-12,wk inc flu hosp,0,2024-10-12,02,quantile,0.99,19.40133369484225
2024-10-12,wk inc flu hosp,1,2024-10-19,02,quantile,0.01,0.0
2024-10-12,wk inc flu hosp,1,2024-10-19,02,quantile,0.025,0.0
2024-10-12,wk inc flu hosp,1,2024-10-19,02,quantile,0.05,0.0
2024-10-12,wk inc flu hosp,1,2024-10-19,02,quantile,0.1,0.0
2024-10-12,wk inc flu hosp,1,2024-10-19,02,quantile,0.15,0.0
2024-10-12,wk inc flu hosp,1,2024-10-19,02,quantile,0.2,0.0
2024-10-12,wk inc flu hosp,1,2024-10-19,02,quantile,0.25,0.0
2024-10-12,wk inc flu hosp,1,2024-10-19,02,quantile,0.3,0.0
2024-10-12,wk inc flu hosp,1,2024-10-19,02,quantile,0.35,0.0
2024-10-12,wk inc flu hosp,1,2024-10-19,02,quantile,0.4,0.0
2024-10-12,wk inc flu hosp,1,2024-10-19,02,quantile,0.45,0.0
2024-10-12,wk inc flu hosp,1,2024-10-19,02,quantile,0.5,1.1017389598790293
2024-10-12,wk inc flu hosp,1,2024-10-19,02,quantile,0.55,2.169919669973703
2024-10-12,wk inc flu hosp,1,2024-10-19,02,quantile,0.6,3.0487456646309274
2024-10-12,wk inc flu hosp,1,2024-10-19,02,quantile,0.65,4.305212960924478
2024-10-12,wk inc flu hosp,1,2024-10-19,02,quantile,0.7,5.486831572046021
2024-10-12,wk inc flu hosp,1,2024-10-19,02,quantile,0.75,6.825408034133983
2024-10-12,wk inc flu hosp,1,2024-10-19,02,quantile,0.8,8.498593307094588
2024-10-12,wk inc flu hosp,1,2024-10-19,02,quantile,0.85,10.22322046432519
2024-10-12,wk inc flu hosp,1,2024-10-19,02,quantile,0.9,12.558968799026434
2024-10-12,wk inc flu hosp,1,2024-10-19,02,quantile,0.95,16.82772606883692
2024-10-12,wk inc flu hosp,1,2024-10-19,02,quantile,0.975,19.47033105594526
2024-10-12,wk inc flu hosp,1,2024-10-19,02,quantile,0.99,22.65514827025706
2024-10-12,wk inc flu hosp,2,2024-10-26,02,quantile,0.01,0.0
2024-10-12,wk inc flu hosp,2,2024-10-26,02,quantile,0.025,0.0
2024-10-12,wk inc flu hosp,2,2024-10-26,02,quantile,0.05,0.0
2024-10-12,wk inc flu hosp,2,2024-10-26,02,quantile,0.1,0.0
2024-10-12,wk inc flu hosp,2,2024-10-26,02,quantile,0.15,0.0
2024-10-12,wk inc flu hosp,2,2024-10-26,02,quantile,0.2,0.0
2024-10-12,wk inc flu hosp,2,2024-10-26,02,quantile,0.25,0.0
2024-10-12,wk inc flu hosp,2,2024-10-26,02,quantile,0.3,0.0
2024-10-12,wk inc flu hosp,2,2024-10-26,02,quantile,0.35,0.0
2024-10-12,wk inc flu hosp,2,2024-10-26,02,quantile,0.4,0.9990747753346372
2024-10-12,wk inc flu hosp,2,2024-10-26,02,quantile,0.45,2.6893465045241762
2024-10-12,wk inc flu hosp,2,2024-10-26,02,quantile,0.5,4.460487851168102
2024-10-12,wk inc flu hosp,2,2024-10-26,02,quantile,0.55,5.517879530780394
2024-10-12,wk inc flu hosp,2,2024-10-26,02,quantile,0.6,6.854313128133987
2024-10-12,wk inc flu hosp,2,2024-10-26,02,quantile,0.65,8.758190428363761
2024-10-12,wk inc flu hosp,2,2024-10-26,02,quantile,0.7,10.178412557555074
2024-10-12,wk inc flu hosp,2,2024-10-26,02,quantile,0.75,11.425462430538182
2024-10-12,wk inc flu hosp,2,2024-10-26,02,quantile,0.8,12.766249718609746
2024-10-12,wk inc flu hosp,2,2024-10-26,02,quantile,0.85,15.350857560591065
2024-10-12,wk inc flu hosp,2,2024-10-26,02,quantile,0.9,18.054088500687165
2024-10-12,wk inc flu hosp,2,2024-10-26,02,quantile,0.95,21.621517279939702
2024-10-12,wk inc flu hosp,2,2024-10-26,02,quantile,0.975,25.049261603098294
2024-10-12,wk inc flu hosp,2,2024-10-26,02,quantile,0.99,28.072626791106163
2024-10-12,wk inc flu hosp,3,2024-11-02,02,quantile,0.01,0.0
2024-10-12,wk inc flu hosp,3,2024-11-02,02,quantile,0.025,0.0
2024-10-12,wk inc flu hosp,3,2024-11-02,02,quantile,0.05,0.0
2024-10-12,wk inc flu hosp,3,2024-11-02,02,quantile,0.1,0.0
2024-10-12,wk inc flu hosp,3,2024-11-02,02,quantile,0.15,0.0
2024-10-12,wk inc flu hosp,3,2024-11-02,02,quantile,0.2,0.0
2024-10-12,wk inc flu hosp,3,2024-11-02,02,quantile,0.25,0.0
2024-10-12,wk inc flu hosp,3,2024-11-02,02,quantile,0.3,0.0
2024-10-12,wk inc flu hosp,3,2024-11-02,02,quantile,0.35,0.0
2024-10-12,wk inc flu hosp,3,2024-11-02,02,quantile,0.4,1.3331675817699762
2024-10-12,wk inc flu hosp,3,2024-11-02,02,quantile,0.45,2.80558248679356
2024-10-12,wk inc flu hosp,3,2024-11-02,02,quantile,0.5,4.473163824739129
2024-10-12,wk inc flu hosp,3,2024-11-02,02,quantile,0.55,5.896941943048959
2024-10-12,wk inc flu hosp,3,2024-11-02,02,quantile,0.6,7.8843880098106505
2024-10-12,wk inc flu hosp,3,2024-11-02,02,quantile,0.65,9.599851277863419
2024-10-12,wk inc flu hosp,3,2024-11-02,02,quantile,0.7,11.603112040636614
2024-10-12,wk inc flu hosp,3,2024-11-02,02,quantile,0.75,13.428999549181714
2024-10-12,wk inc flu hosp,3,2024-11-02,02,quantile,0.8,15.618979648298145
2024-10-12,wk inc flu hosp,3,2024-11-02,02,quantile,0.85,17.7999409282665
2024-10-12,wk inc flu hosp,3,2024-11-02,02,quantile,0.9,20.701967535747556
2024-10-12,wk inc flu hosp,3,2024-11-02,02,quantile,0.95,25.059038439233046
2024-10-12,wk inc flu hosp,3,2024-11-02,02,quantile,0.975,30.205276567650472
2024-10-12,wk inc flu hosp,3,2024-11-02,02,quantile,0.99,34.076723257575864
2024-10-12,wk inc flu hosp,0,2024-10-12,04,quantile,0.01,0.0
2024-10-12,wk inc flu hosp,0,2024-10-12,04,quantile,0.025,0.0
2024-10-12,wk inc flu hosp,0,2024-10-12,04,quantile,0.05,0.0
2024-10-12,wk inc flu hosp,0,2024-10-12,04,quantile,0.1,0.0
2024-10-12,wk inc flu hosp,0,2024-10-12,04,quantile,0.15,0.0
2024-10-12,wk inc flu hosp,0,2024-10-12,04,quantile,0.2,0.0
2024-10-12,wk inc flu hosp,0,2024-10-12,04,quantile,0.25,0.0
2024-10-12,wk inc flu hosp,0,2024-10-12,04,quantile,0.3,0.0
2024-10-12,wk inc flu hosp,0,2024-10-12,04,quantile,0.35,6.476020185024755
2024-10-12,wk inc flu hosp,0,2024-10-12,04,quantile,0.4,13.7628383846449
2024-10-12,wk inc flu hosp,0,2024-10-12,04,quantile,0.45,22.781775554528643
2024-10-12,wk inc flu hosp,0,2024-10-12,04,quantile,0.5,31.261840076646955
2024-10-12,wk inc flu hosp,0,2024-10-12,04,quantile,0.55,38.833404200949836
2024-10-12,wk inc flu hosp,0,2024-10-12,04,quantile,0.6,48.861235024958916
2024-10-12,wk inc flu hosp,0,2024-10-12,04,quantile,0.65,57.39752986355046
2024-10-12,wk inc flu hosp,0,2024-10-12,04,quantile,0.7,64.90823393773358
2024-10-12,wk inc flu hosp,0,2024-10-12,04,quantile,0.75,77.12995523670321
2024-10-12,wk inc flu hosp,0,2024-10-12,04,quantile,0.8,89.64553732441264
2024-10-12,wk inc flu hosp,0,2024-10-12,04,quantile,0.85,100.90823704014566
2024-10-12,wk inc flu hosp,0,2024-10-12,04,quantile,0.9,120.215842733895
2024-10-12,wk inc flu hosp,0,2024-10-12,04,quantile,0.95,149.77426482133333
2024-10-12,wk inc flu hosp,0,2024-10-12,04,quantile,0.975,169.8315812558288
2024-10-12,wk inc flu hosp,0,2024-10-12,04,quantile,0.99,191.84846146345964
2024-10-12,wk inc flu hosp,1,2024-10-19,04,quantile,0.01,0.0
2024-10-12,wk inc flu hosp,1,2024-10-19,04,quantile,0.025,0.0
2024-10-12,wk inc flu hosp,1,2024-10-19,04,quantile,0.05,0.0
2024-10-12,wk inc flu hosp,1,2024-10-19,04,quantile,0.1,0.0
2024-10-12,wk inc flu hosp,1,2024-10-19,04,quantile,0.15,0.0
2024-10-12,wk inc flu hosp,1,2024-10-19,04,quantile,0.2,0.0
2024-10-12,wk inc flu hosp,1,2024-10-19,04,quantile,0.25,0.0
2024-10-12,wk inc flu hosp,1,2024-10-19,04,quantile,0.3,1.9351533462211365
2024-10-12,wk inc flu hosp,1,2024-10-19,04,quantile,0.35,16.21453222393201
2024-10-12,wk inc flu hosp,1,2024-10-19,04,quantile,0.4,29.16370319010335
2024-10-12,wk inc flu hosp,1,2024-10-19,04,quantile,0.45,42.148589592589296
2024-10-12,wk inc flu hosp,1,2024-10-19,04,quantile,0.5,56.03428747046631
2024-10-12,wk inc flu hosp,1,2024-10-19,04,quantile,0.55,67.9458689381041
2024-10-12,wk inc flu hosp,1,2024-10-19,04,quantile,0.6,78.8064656380869
2024-10-12,wk inc flu hosp,1,2024-10-19,04,quantile,0.65,90.59947198921449
2024-10-12,wk inc flu hosp,1,2024-10-19,04,quantile,0.7,101.76370454956853
2024-10-12,wk inc flu hosp,1,2024-10-19,04,quantile,0.75,117.87361296568906
2024-10-12,wk inc flu hosp,1,2024-10-19,04,quantile,0.8,131.60810376318884
2024-10-12,wk inc flu hosp,1,2024-10-19,04,quantile,0.85,147.19556171137376
2024-10-12,wk inc flu hosp,1,2024-10-19,04,quantile,0.9,175.21259168671415
2024-10-12,wk inc flu hosp,1,2024-10-19,04,quantile,0.95,218.08916055190292
2024-10-12,wk inc flu hosp,1,2024-10-19,04,quantile,0.975,244.52323665526862
2024-10-12,wk inc flu hosp,1,2024-10-19,04,quantile,0.99,274.36559128432987
2024-10-12,wk inc flu hosp,2,2024-10-26,04,quantile,0.01,0.0
2024-10-12,wk inc flu hosp,2,2024-10-26,04,quantile,0.025,0.0
2024-10-12,wk inc flu hosp,2,2024-10-26,04,quantile,0.05,0.0
2024-10-12,wk inc flu hosp,2,2024-10-26,04,quantile,0.1,0.0
2024-10-12,wk inc flu hosp,2,2024-10-26,04,quantile,0.15,0.0
2024-10-12,wk inc flu hosp,2,2024-10-26,04,quantile,0.2,0.0
2024-10-12,wk inc flu hosp,2,2024-10-26,04,quantile,0.25,0.0
2024-10-12,wk inc flu hosp,2,2024-10-26,04,quantile,0.3,2.6748222964250052
2024-10-12,wk inc flu hosp,2,2024-10-26,04,quantile,0.35,19.478308203184593
2024-10-12,wk inc flu hosp,2,2024-10-26,04,quantile,0.4,36.919400187803525
2024-10-12,wk inc flu hosp,2,2024-10-26,04,quantile,0.45,53.3999819099235
2024-10-12,wk inc flu hosp,2,2024-10-26,04,quantile,0.5,71.24596563034557
2024-10-12,wk inc flu hosp,2,2024-10-26,04,quantile,0.55,86.81896794674118
2024-10-12,wk inc flu hosp,2,2024-10-26,04,quantile,0.6,98.7779088723962
2024-10-12,wk inc flu hosp,2,2024-10-26,04,quantile,0.65,118.9798238770236
2024-10-12,wk inc flu hosp,2,2024-10-26,04,quantile,0.7,130.06034646145687
2024-10-12,wk inc flu hosp,2,2024-10-26,04,quantile,0.75,149.60267135800464
2024-10-12,wk inc flu hosp,2,2024-10-26,04,quantile,0.8,163.95025392688717
2024-10-12,wk inc flu hosp,2,2024-10-26,04,quantile,0.85,184.8939052940974
2024-10-12,wk inc flu hosp,2,2024-10-26,04,quantile,0.9,212.32542683206282
2024-10-12,wk inc flu hosp,2,2024-10-26,04,quantile,0.95,259.2362667109827
2024-10-12,wk inc flu hosp,2,2024-10-26,04,quantile,0.975,297.73457121777
2024-10-12,wk inc flu hosp,2,2024-10-26,04,quantile,0.99,322.44530331729953
2024-10-12,wk inc flu hosp,3,2024-11-02,04,quantile,0.01,0.0
2024-10-12,wk inc flu hosp,3,2024-11-02,04,quantile,0.025,0.0
2024-10-12,wk inc flu hosp,3,2024-11-02,04,quantile,0.05,0.0
2024-10-12,wk inc flu hosp,3,2024-11-02,04,quantile,0.1,0.0
2024-10-12,wk inc flu hosp,3,2024-11-02,04,quantile,0.15,0.0
2024-10-12,wk inc flu hosp,3,2024-11-02,04,quantile,0.2,0.0
2024-10-12,wk inc flu hosp,3,2024-11-02,04,quantile,0.25,1.0593618507716298
2024-10-12,wk inc flu hosp,3,2024-11-02,04,quantile,0.3,22.54285191909724
2024-10-12,wk inc flu hosp,3,2024-11-02,04,quantile,0.35,40.8464945653828
2024-10-12,wk inc flu hosp,3,2024-11-02,04,quantile,0.4,57.19615348468053
2024-10-12,wk inc flu hosp,3,2024-11-02,04,quantile,0.45,78.39460934399722
2024-10-12,wk inc flu hosp,3,2024-11-02,04,quantile,0.5,92.29172465499616
2024-10-12,wk inc flu hosp,3,2024-11-02,04,quantile,0.55,110.71218072299799
2024-10-12,wk inc flu hosp,3,2024-11-02,04,quantile,0.6,127.68712302605982
2024-10-12,wk inc flu hosp,3,2024-11-02,04,quantile,0.65,148.71057820121106
2024-10-12,wk inc flu hosp,3,2024-11-02,04,quantile,0.7,167.64936822801667
2024-10-12,wk inc flu hosp,3,2024-11-02,04,quantile,0.75,191.0917865968312
2024-10-12,wk inc flu hosp,3,2024-11-02,04,quantile,0.8,211.09829472754805
2024-10-12,wk inc flu hosp,3,2024-11-02,04,quantile,0.85,235.32653077345995
2024-10-12,wk inc flu hosp,3,2024-11-02,04,quantile,0.9,270.2118877988461
2024-10-12,wk inc flu hosp,3,2024-11-02,04,quantile,0.95,316.96165357331176
2024-10-12,wk inc flu hosp,3,2024-11-02,04,quantile,0.975,362.95063955855807
2024-10-12,wk inc flu hosp,3,2024-11-02,04,quantile,0.99,419.41973798309374
2024-10-12,wk inc flu hosp,0,2024-10-12,05,quantile,0.01,0.0
2024-10-12,wk inc flu hosp,0,2024-10-12,05,quantile,0.025,0.0
2024-10-12,wk inc flu hosp,0,2024-10-12,05,quantile,0.05,0.0
2024-10-12,wk inc flu hosp,0,2024-10-12,05,quantile,0.1,0.0
2024-10-12,wk inc flu hosp,0,2024-10-12,05,quantile,0.15,0.0
2024-10-12,wk inc flu hosp,0,2024-10-12,05,quantile,0.2,0.0
2024-10-12,wk inc flu hosp,0,2024-10-12,05,quantile,0.25,0.0
2024-10-12,wk inc flu hosp,0,2024-10-12,05,quantile,0.3,0.0
2024-10-12,wk inc flu hosp,0,2024-10-12,05,quantile,0.35,0.0
2024-10-12,wk inc flu hosp,0,2024-10-12,05,quantile,0.4,0.0
2024-10-12,wk inc flu hosp,0,2024-10-12,05,quantile,0.45,0.0
2024-10-12,wk inc flu hosp,0,2024-10-12,05,quantile,0.5,3.385403880960731
2024-10-12,wk inc flu hosp,0,2024-10-12,05,quantile,0.55,7.936847115597879
2024-10-12,wk inc flu hosp,0,2024-10-12,05,quantile,0.6,13.964809371840964
2024-10-12,wk inc flu hosp,0,2024-10-12,05,quantile,0.65,19.096174668909313
2024-10-12,wk inc flu hosp,0,2024-10-12,05,quantile,0.7,23.61103351241806
2024-10-12,wk inc flu hosp,0,2024-10-12,05,quantile,0.75,30.957794341302616
2024-10-12,wk inc flu hosp,0,2024-10-12,05,quantile,0.8,38.48120172258736
2024-10-12,wk inc flu hosp,0,2024-10-12,05,quantile,0.85,45.25147238045388
2024-10-12,wk inc flu hosp,0,2024-10-12,05,quantile,0.9,56.85772306646364
2024-10-12,wk inc flu hosp,0,2024-10-12,05,quantile,0.95,74.62597781908478
2024-10-12,wk inc flu hosp,0,2024-10-12,05,quantile,0.975,86.6828970621964
2024-10-12,wk inc flu hosp,0,2024-10-12,05,quantile,0.99,99.91775564936634
2024-10-12,wk inc flu hosp,1,2024-10-19,05,quantile,0.01,0.0
2024-10-12,wk inc flu hosp,1,2024-10-19,05,quantile,0.025,0.0
2024-10-12,wk inc flu hosp,1,2024-10-19,05,quantile,0.05,0.0
2024-10-12,wk inc flu hosp,1,2024-10-19,05,quantile,0.1,0.0
2024-10-12,wk inc flu hosp,1,2024-10-19,05,quantile,0.15,0.0
2024-10-12,wk inc flu hosp,1,2024-10-19,05,quantile,0.2,0.0
2024-10-12,wk inc flu hosp,1,2024-10-19,05,quantile,0.25,0.0
2024-10-12,wk inc flu hosp,1,2024-10-19,05,quantile,0.3,0.0
2024-10-12,wk inc flu hosp,1,2024-10-19,05,quantile,0.35,0.0
2024-10-12,wk inc flu hosp,1,2024-10-19,05,quantile,0.4,0.0
2024-10-12,wk inc flu hosp,1,2024-10-19,05,quantile,0.45,3.9816041141861858
2024-10-12,wk inc flu hosp,1,2024-10-19,05,quantile,0.5,11.762049781031914
2024-10-12,wk inc flu hosp,1,2024-10-19,05,quantile,0.55,18.01164158973695
2024-10-12,wk inc flu hosp,1,2024-10-19,05,quantile,0.6,24.733085566427068
2024-10-12,wk inc flu hosp,1,2024-10-19,05,quantile,0.65,31.614312424072242
2024-10-12,wk inc flu hosp,1,2024-10-19,05,quantile,0.7,38.694844393021185
2024-10-12,wk inc flu hosp,1,2024-10-19,05,quantile,0.75,47.880602400400804
2024-10-12,wk inc flu hosp,1,2024-10-19,05,quantile,0.8,55.54229205966084
2024-10-12,wk inc flu hosp,1,2024-10-19,05,quantile,0.85,64.90773762772992
2024-10-12,wk inc flu hosp,1,2024-10-19,05,quantile,0.9,80.6925366531983
2024-10-12,wk inc flu hosp,1,2024-10-19,05,quantile,0.95,106.28015145464359
2024-10-12,wk inc flu hosp,1,2024-10-19,05,quantile,0.975,121.93896663853693
2024-10-12,wk inc flu hosp,1,2024-10-19,05,quantile,0.99,141.007713785043
2024-10-12,wk inc flu hosp,2,2024-10-26,05,quantile,0.01,0.0
2024-10-12,wk inc flu hosp,2,2024-10-26,05,quantile,0.025,0.0
2024-10-12,wk inc flu hosp,2,2024-10-26,05,quantile,0.05,0.0
2024-10-12,wk inc flu hosp,2,2024-10-26,05,quantile,0.1,0.0
2024-10-12,wk inc flu hosp,2,2024-10-26,05,quantile,0.15,0.0
2024-10-12,wk inc flu hosp,2,2024-10-26,05,quantile,0.2,0.0
2024-10-12,wk inc flu hosp,2,2024-10-26,05,quantile,0.25,0.0
2024-10-12,wk inc flu hosp,2,2024-10-26,05,quantile,0.3,0.0
2024-10-12,wk inc flu hosp,2,2024-10-26,05,quantile,0.35,0.0
2024-10-12,wk inc flu hosp,2,2024-10-26,05,quantile,0.4,0.0
2024-10-12,wk inc flu hosp,2,2024-10-26,05,quantile,0.45,6.679177506661528
2024-10-12,wk inc flu hosp,2,2024-10-26,05,quantile,0.5,16.521757056031873
2024-10-12,wk inc flu hosp,2,2024-10-26,05,quantile,0.55,25.694490530674322
2024-10-12,wk inc flu hosp,2,2024-10-26,05,quantile,0.6,32.84689545708846
2024-10-12,wk inc flu hosp,2,2024-10-26,05,quantile,0.65,44.69744588653056
2024-10-12,wk inc flu hosp,2,2024-10-26,05,quantile,0.7,51.33494467946594
2024-10-12,wk inc flu hosp,2,2024-10-26,05,quantile,0.75,62.67643136291383
2024-10-12,wk inc flu hosp,2,2024-10-26,05,quantile,0.8,70.30381651991392
2024-10-12,wk inc flu hosp,2,2024-10-26,05,quantile,0.85,82.91638315119211
2024-10-12,wk inc flu hosp,2,2024-10-26,05,quantile,0.9,99.35661562472299
2024-10-12,wk inc flu hosp,2,2024-10-26,05,quantile,0.95,125.16157655918397
2024-10-12,wk inc flu hosp,2,2024-10-26,05,quantile,0.975,148.14732953252692
2024-10-12,wk inc flu hosp,2,2024-10-26,05,quantile,0.99,163.62020727519635
2024-10-12,wk inc flu hosp,3,2024-11-02,05,quantile,0.01,0.0
2024-10-12,wk inc flu hosp,3,2024-11-02,05,quantile,0.025,0.0
2024-10-12,wk inc flu hosp,3,2024-11-02,05,quantile,0.05,0.0
2024-10-12,wk inc flu hosp,3,2024-11-02,05,quantile,0.1,0.0
2024-10-12,wk inc flu hosp,3,2024-11-02,05,quantile,0.15,0.0
2024-10-12,wk inc flu hosp,3,2024-11-02,05,quantile,0.2,0.0
2024-10-12,wk inc flu hosp,3,2024-11-02,05,quantile,0.25,0.0
2024-10-12,wk inc flu hosp,3,2024-11-02,05,quantile,0.3,0.0
2024-10-12,wk inc flu hosp,3,2024-11-02,05,quantile,0.35,0.0
2024-10-12,wk inc flu hosp,3,2024-11-02,05,quantile,0.4,2.1441357476359073
2024-10-12,wk inc flu hosp,3,2024-11-02,05,quantile,0.45,12.871023506695572
2024-10-12,wk inc flu hosp,3,2024-11-02,05,quantile,0.5,21.81938104177332
2024-10-12,wk inc flu hosp,3,2024-11-02,05,quantile,0.55,32.66550029446623
2024-10-12,wk inc flu hosp,3,2024-11-02,05,quantile,0.6,42.105633628963766
2024-10-12,wk inc flu hosp,3,2024-11-02,05,quantile,0.65,54.3948042341026
2024-10-12,wk inc flu hosp,3,2024-11-02,05,quantile,0.7,65.69496936506224
2024-10-12,wk inc flu hosp,3,2024-11-02,05,quantile,0.75,78.75160653503599
2024-10-12,wk inc flu hosp,3,2024-11-02,05,quantile,0.8,90.6254761927044
2024-10-12,wk inc flu hosp,3,2024-11-02,05,quantile,0.85,104.84528941771924
2024-10-12,wk inc flu hosp,3,2024-11-02,05,quantile,0.9,124.92004422446281
2024-10-12,wk inc flu hosp,3,2024-11-02,05,quantile,0.95,152.5550589577899
2024-10-12,wk inc flu hosp,3,2024-11-02,05,quantile,0.975,180.00382120146628
2024-10-12,wk inc flu hosp,3,2024-11-02,05,quantile,0.99,211.74817941335928
2024-10-12,wk inc flu hosp,0,2024-10-12,06,quantile,0.01,0.0
2024-10-12,wk inc flu hosp,0,2024-10-12,06,quantile,0.025,0.0
2024-10-12,wk inc flu hosp,0,2024-10-12,06,quantile,0.05,0.0
2024-10-12,wk inc flu hosp,0,2024-10-12,06,quantile,0.1,0.0
2024-10-12,wk inc flu hosp,0,2024-10-12,06,quantile,0.15,0.0
2024-10-12,wk inc flu hosp,0,2024-10-12,06,quantile,0.2,0.0
2024-10-12,wk inc flu hosp,0,2024-10-12,06,quantile,0.25,0.0
2024-10-12,wk inc flu hosp,0,2024-10-12,06,quantile,0.3,0.0
2024-10-12,wk inc flu hosp,0,2024-10-12,06,quantile,0.35,0.0
2024-10-12,wk inc flu hosp,0,2024-10-12,06,quantile,0.4,0.0
2024-10-12,wk inc flu hosp,0,2024-10-12,06,quantile,0.45,4.641579918994214
2024-10-12,wk inc flu hosp,0,2024-10-12,06,quantile,0.5,20.94739549266557
2024-10-12,wk inc flu hosp,0,2024-10-12,06,quantile,0.55,35.50630927133914
2024-10-12,wk inc flu hosp,0,2024-10-12,06,quantile,0.6,54.78823331729249
2024-10-12,wk inc flu hosp,0,2024-10-12,06,quantile,0.65,71.20217084778035
2024-10-12,wk inc flu hosp,0,2024-10-12,06,quantile,0.7,85.64406042805678
2024-10-12,wk inc flu hosp,0,2024-10-12,06,quantile,0.75,109.14448698424862
2024-10-12,wk inc flu hosp,0,2024-10-12,06,quantile,0.8,133.20996110735786
2024-10-12,wk inc flu hosp,0,2024-10-12,06,quantile,0.85,154.86634166288084
2024-10-12,wk inc flu hosp,0,2024-10-12,06,quantile,0.9,191.9917971108071
2024-10-12,wk inc flu hosp,0,2024-10-12,06,quantile,0.95,248.82794239595012
2024-10-12,wk inc flu hosp,0,2024-10-12,06,quantile,0.975,287.3949723791081
2024-10-12,wk inc flu hosp,0,2024-10-12,06,quantile,0.99,329.7299318875959
2024-10-12,wk inc flu hosp,1,2024-10-19,06,quantile,0.01,0.0
2024-10-12,wk inc flu hosp,1,2024-10-19,06,quantile,0.025,0.0
2024-10-12,wk inc flu hosp,1,2024-10-19,06,quantile,0.05,0.0
2024-10-12,wk inc flu hosp,1,2024-10-19,06,quantile,0.1,0.0
2024-10-12,wk inc flu hosp,1,2024-10-19,06,quantile,0.15,0.0
2024-10-12,wk inc flu hosp,1,2024-10-19,06,quantile,0.2,0.0
2024-10-12,wk inc flu hosp,1,2024-10-19,06,quantile,0.25,0.0
2024-10-12,wk inc flu hosp,1,2024-10-19,06,quantile,0.3,0.0
2024-10-12,wk inc flu hosp,1,2024-10-19,06,quantile,0.35,0.0
2024-10-12,wk inc flu hosp,1,2024-10-19,06,quantile,0.4,18.631973065702088
2024-10-12,wk inc flu hosp,1,2024-10-19,06,quantile,0.45,43.59984475721576
2024-10-12,wk inc flu hosp,1,2024-10-19,06,quantile,0.5,70.29983366860019
2024-10-12,wk inc flu hosp,1,2024-10-19,06,quantile,0.55,93.20391064766815
2024-10-12,wk inc flu hosp,1,2024-10-19,06,quantile,0.6,114.08711104644372
2024-10-12,wk inc flu hosp,1,2024-10-19,06,quantile,0.65,136.76318693231283
2024-10-12,wk inc flu hosp,1,2024-10-19,06,quantile,0.7,158.23023080631833
2024-10-12,wk inc flu hosp,1,2024-10-19,06,quantile,0.75,189.20702288812865
2024-10-12,wk inc flu hosp,1,2024-10-19,06,quantile,0.8,215.61626462894196
2024-10-12,wk inc flu hosp,1,2024-10-19,06,quantile,0.85,245.58846754114
2024-10-12,wk inc flu hosp,1,2024-10-19,06,quantile,0.9,299.4607609073468
2024-10-12,wk inc flu hosp,1,2024-10-19,06,quantile,0.95,381.90558459047446
2024-10-12,wk inc flu hosp,1,2024-10-19,06,quantile,0.975,432.73410938266557
2024-10-12,wk inc flu hosp,1,2024-10-19,06,quantile,0.99,490.1162117943126
2024-10-12,wk inc flu hosp,2,2024-10-26,06,quantile,0.01,0.0
2024-10-12,wk inc flu hosp,2,2024-10-26,06,quantile,0.025,0.0
2024-10-12,wk inc flu hosp,2,2024-10-26,06,quantile,0.05,0.0
2024-10-12,wk inc flu hosp,2,2024-10-26,06,quantile,0.1,0.0
2024-10-12,wk inc flu hosp,2,2024-10-26,06,quantile,0.15,0.0
2024-10-12,wk inc flu hosp,2,2024-10-26,06,quantile,0.2,0.0
2024-10-12,wk inc flu hosp,2,2024-10-26,06,quantile,0.25,0.0
2024-10-12,wk inc flu hosp,2,2024-10-26,06,quantile,0.3,0.0
2024-10-12,wk inc flu hosp,2,2024-10-26,06,quantile,0.35,9.90854734649201
2024-10-12,wk inc flu hosp,2,2024-10-26,06,quantile,0.4,43.44499374532118
2024-10-12,wk inc flu hosp,2,2024-10-26,06,quantile,0.45,75.13453164999021
2024-10-12,wk inc flu hosp,2,2024-10-26,06,quantile,0.5,109.44952047076515
2024-10-12,wk inc flu hosp,2,2024-10-26,06,quantile,0.55,139.39392750177103
2024-10-12,wk inc flu hosp,2,2024-10-26,06,quantile,0.6,162.38906918749137
2024-10-12,wk inc flu hosp,2,2024-10-26,06,quantile,0.65,201.23413922690588
2024-10-12,wk inc flu hosp,2,2024-10-26,06,quantile,0.7,222.54022212880048
2024-10-12,wk inc flu hosp,2,2024-10-26,06,quantile,0.75,260.11700527859125
2024-10-12,wk inc flu hosp,2,2024-10-26,06,quantile,0.8,287.7051250017389
2024-10-12,wk inc flu hosp,2,2024-10-26,06,quantile,0.85,327.97643611526524
2024-10-12,wk inc flu hosp,2,2024-10-26,06,quantile,0.9,380.7228898641247
2024-10-12,wk inc flu hosp,2,2024-10-26,06,quantile,0.95,470.92497517568916
2024-10-12,wk inc flu hosp,2,2024-10-26,06,quantile,0.975,544.951092730501
2024-10-12,wk inc flu hosp,2,2024-10-26,06,quantile,0.99,592.4659010499873
2024-10-12,wk inc flu hosp,3,2024-11-02,06,quantile,0.01,0.0
2024-10-12,wk inc flu hosp,3,2024-11-02,06,quantile,0.025,0.0
2024-10-12,wk inc flu hosp,3,2024-11-02,06,quantile,0.05,0.0
2024-10-12,wk inc flu hosp,3,2024-11-02,06,quantile,0.1,0.0
2024-10-12,wk inc flu hosp,3,2024-11-02,06,quantile,0.15,0.0
2024-10-12,wk inc flu hosp,3,2024-11-02,06,quantile,0.2,0.0
2024-10-12,wk inc flu hosp,3,2024-11-02,06,quantile,0.25,0.0
2024-10-12,wk inc flu hosp,3,2024-11-02,06,quantile,0.3,6.244460242229808
2024-10-12,wk inc flu hosp,3,2024-11-02,06,quantile,0.35,41.43945440038351
2024-10-12,wk inc flu hosp,3,2024-11-02,06,quantile,0.4,72.87724857460843
2024-10-12,wk inc flu hosp,3,2024-11-02,06,quantile,0.45,113.638508207369
2024-10-12,wk inc flu hosp,3,2024-11-02,06,quantile,0.5,140.36045102704324
2024-10-12,wk inc flu hosp,3,2024-11-02,06,quantile,0.55,175.78005881945163
2024-10-12,wk inc flu hosp,3,2024-11-02,06,quantile,0.6,208.42017350790684
2024-10-12,wk inc flu hosp,3,2024-11-02,06,quantile,0.65,248.844934653678
2024-10-12,wk inc flu hosp,3,2024-11-02,06,quantile,0.7,285.26121622324746
2024-10-12,wk inc flu hosp,3,2024-11-02,06,quantile,0.75,330.3372589261926
2024-10-12,wk inc flu hosp,3,2024-11-02,06,quantile,0.8,368.80659262073607
2024-10-12,wk inc flu hosp,3,2024-11-02,06,quantile,0.85,415.3936377557802
2024-10-12,wk inc flu hosp,3,2024-11-02,06,quantile,0.9,482.4726318358313
2024-10-12,wk inc flu hosp,3,2024-11-02,06,quantile,0.95,572.3649972585829
2024-10-12,wk inc flu hosp,3,2024-11-02,06,quantile,0.975,660.7945041260922
2024-10-12,wk inc flu hosp,3,2024-11-02,06,quantile,0.99,769.375600663782
2024-10-12,wk inc flu hosp,0,2024-10-12,08,quantile,0.01,0.0
2024-10-12,wk inc flu hosp,0,2024-10-12,08,quantile,0.025,0.0
2024-10-12,wk inc flu hosp,0,2024-10-12,08,quantile,0.05,0.0
2024-10-12,wk inc flu hosp,0,2024-10-12,08,quantile,0.1,0.0
2024-10-12,wk inc flu hosp,0,2024-10-12,08,quantile,0.15,0.0
2024-10-12,wk inc flu hosp,0,2024-10-12,08,quantile,0.2,0.0
2024-10-12,wk inc flu hosp,0,2024-10-12,08,quantile,0.25,0.0
2024-10-12,wk inc flu hosp,0,2024-10-12,08,quantile,0.3,0.0
2024-10-12,wk inc flu hosp,0,2024-10-12,08,quantile,0.35,0.0
2024-10-12,wk inc flu hosp,0,2024-10-12,08,quantile,0.4,0.0
2024-10-12,wk inc flu hosp,0,2024-10-12,08,quantile,0.45,1.390515422343273
2024-10-12,wk inc flu hosp,0,2024-10-12,08,quantile,0.5,3.8395370913126614
2024-10-12,wk inc flu hosp,0,2024-10-12,08,quantile,0.55,6.026186091452224
2024-10-12,wk inc flu hosp,0,2024-10-12,08,quantile,0.6,8.92219884190978
2024-10-12,wk inc flu hosp,0,2024-10-12,08,quantile,0.65,11.387459687260053
2024-10-12,wk inc flu hosp,0,2024-10-12,08,quantile,0.7,13.556532455387572
2024-10-12,wk inc flu hosp,0,2024-10-12,08,quantile,0.75,17.086135351121733
2024-10-12,wk inc flu hosp,0,2024-10-12,08,quantile,0.8,20.700604516140416
2024-10-12,wk inc flu hosp,0,2024-10-12,08,quantile,0.85,23.95324434959718
2024-10-12,wk inc flu hosp,0,2024-10-12,08,quantile,0.9,29.529233140316567
2024-10-12,wk inc flu hosp,0,2024-10-12,08,quantile,0.95,38.06563236273628
2024-10-12,wk inc flu hosp,0,2024-10-12,08,quantile,0.975,43.858135761894964
2024-10-12,wk inc flu hosp,0,2024-10-12,08,quantile,0.99,50.21655633416226
2024-10-12,wk inc flu hosp,1,2024-10-19,08,quantile,0.01,0.0
2024-10-12,wk inc flu hosp,1,2024-10-19,08,quantile,0.025,0.0
2024-10-12,wk inc flu hosp,1,2024-10-19,08,quantile,0.05,0.0
2024-10-12,wk inc flu hosp,1,2024-10-19,08,quantile,0.1,0.0
2024-10-12,wk inc flu hosp,1,2024-10-19,08,quantile,0.15,0.0
2024-10-12,wk inc flu hosp,1,2024-10-19,08,quantile,0.2,0.0
2024-10-12,wk inc flu hosp,1,2024-10-19,08,quantile,0.25,0.0
2024-10-12,wk inc flu hosp,1,2024-10-19,08,quantile,0.3,0.0
2024-10-12,wk inc flu hosp,1,2024-10-19,08,quantile,0.35,0.0
2024-10-12,wk inc flu hosp,1,2024-10-19,08,quantile,0.4,0.0
2024-10-12,wk inc flu hosp,1,2024-10-19,08,quantile,0.45,0.0
2024-10-12,wk inc flu hosp,1,2024-10-19,08,quantile,0.5,3.604348002429339
2024-10-12,wk inc flu hosp,1,2024-10-19,08,quantile,0.55,7.04438328162463
2024-10-12,wk inc flu hosp,1,2024-10-19,08,quantile,0.6,10.180896758240387
2024-10-12,wk inc flu hosp,1,2024-10-19,08,quantile,0.65,13.586687836937353
2024-10-12,wk inc flu hosp,1,2024-10-19,08,quantile,0.7,16.81089059935814
2024-10-12,wk inc flu hosp,1,2024-10-19,08,quantile,0.75,21.463392321872913
2024-10-12,wk inc flu hosp,1,2024-10-19,08,quantile,0.8,25.429879308806278
2024-10-12,wk inc flu hosp,1,2024-10-19,08,quantile,0.85,29.931498627820385
2024-10-12,wk inc flu hosp,1,2024-10-19,08,quantile,0.9,38.022747619005415
2024-10-12,wk inc flu hosp,1,2024-10-19,08,quantile,0.95,50.40539470477014
2024-10-12,wk inc flu hosp,1,2024-10-19,08,quantile,0.975,58.039490531219975
2024-10-12,wk inc flu hosp,1,2024-10-19,08,quantile,0.99,66.65788876970218
2024-10-12,wk inc flu hosp,2,2024-10-26,08,quantile,0.01,0.0
2024-10-12,wk inc flu hosp,2,2024-10-26,08,quantile,0.025,0.0
2024-10-12,wk inc flu hosp,2,2024-10-26,08,quantile,0.05,0.0
2024-10-12,wk inc flu hosp,2,2024-10-26,08,quantile,0.1,0.0
2024-10-12,wk inc flu hosp,2,2024-10-26,08,quantile,0.15,0.0
2024-10-12,wk inc flu hosp,2,2024-10-26,08,quantile,0.2,0.0
2024-10-12,wk inc flu hosp,2,2024-10-26,08,quantile,0.25,0.0
2024-10-12,wk inc flu hosp,2,2024-10-26,08,quantile,0.3,0.0
2024-10-12,wk inc flu hosp,2,2024-10-26,08,quantile,0.35,0.0
2024-10-12,wk inc flu hosp,2,2024-10-26,08,quantile,0.4,0.0
2024-10-12,wk inc flu hosp,2,2024-10-26,08,quantile,0.45,0.0
2024-10-12,wk inc flu hosp,2,2024-10-26,08,quantile,0.5,4.886624049533315
2024-10-12,wk inc flu hosp,2,2024-10-26,08,quantile,0.55,9.384068617824925
2024-10-12,wk inc flu hosp,2,2024-10-26,08,quantile,0.6,12.837781191410139
2024-10-12,wk inc flu hosp,2,2024-10-26,08,quantile,0.65,18.672044300136026
2024-10-12,wk inc flu hosp,2,2024-10-26,08,quantile,0.7,21.872071828464726
2024-10-12,wk inc flu hosp,2,2024-10-26,08,quantile,0.75,27.515846944662783
2024-10-12,wk inc flu hosp,2,2024-10-26,08,quantile,0.8,31.65939331944245
2024-10-12,wk inc flu hosp,2,2024-10-26,08,quantile,0.85,37.70786805590892
2024-10-12,wk inc flu hosp,2,2024-10-26,08,quantile,0.9,45.630023657915615
2024-10-12,wk inc flu hosp,2,2024-10-26,08,quantile,0.95,59.17775823863435
2024-10-12,wk inc flu hosp,2,2024-10-26,08,quantile,0.975,70.29597340194921
2024-10-12,wk inc flu hosp,2,2024-10-26,08,quantile,0.99,77.43237174066466
2024-10-12,wk inc flu hosp,3,2024-11-02,08,quantile,0.01,0.0
2024-10-12,wk inc flu hosp,3,2024-11-02,08,quantile,0.025,0.0
2024-10-12,wk inc flu hosp,3,2024-11-02,08,quantile,0.05,0.0
2024-10-12,wk inc flu hosp,3,2024-11-02,08,quantile,0.1,0.0
2024-10-12,wk inc flu hosp,3,2024-11-02,08,quantile,0.15,0.0
2024-10-12,wk inc flu hosp,3,2024-11-02,08,quantile,0.2,0.0
2024-10-12,wk inc flu hosp,3,2024-11-02,08,quantile,0.25,0.0
2024-10-12,wk inc flu hosp,3,2024-11-02,08,quantile,0.3,0.0
2024-10-12,wk inc flu hosp,3,2024-11-02,08,quantile,0.35,0.0
2024-10-12,wk inc flu hosp,3,2024-11-02,08,quantile,0.4,0.0
2024-10-12,wk inc flu hosp,3,2024-11-02,08,quantile,0.45,2.9141052851803533
2024-10-12,wk inc flu hosp,3,2024-11-02,08,quantile,0.5,6.927557829560415
2024-10-12,wk inc flu hosp,3,2024-11-02,08,quantile,0.55,12.247340001638339
2024-10-12,wk inc flu hosp,3,2024-11-02,08,quantile,0.6,17.149661372103413
2024-10-12,wk inc flu hosp,3,2024-11-02,08,quantile,0.65,23.221183251006643
2024-10-12,wk inc flu hosp,3,2024-11-02,08,quantile,0.7,28.690658988924973
2024-10-12,wk inc flu hosp,3,2024-11-02,08,quantile,0.75,35.46077145782533
2024-10-12,wk inc flu hosp,3,2024-11-02,08,quantile,0.8,41.23860154446465
2024-10-12,wk inc flu hosp,3,2024-11-02,08,quantile,0.85,48.23565621575643
2024-10-12,wk inc flu hosp,3,2024-11-02,08,quantile,0.9,58.31046107862823
2024-10-12,wk inc flu hosp,3,2024-11-02,08,quantile,0.95,71.81167785619945
2024-10-12,wk inc flu hosp,3,2024-11-02,08,quantile,0.975,85.09318331149794
2024-10-12,wk inc flu hosp,3,2024-11-02,08,quantile,0.99,101.40131932958421
2024-10-12,wk inc flu hosp,0,2024-10-12,09,quantile,0.01,0.0
2024-10-12,wk inc flu hosp,0,2024-10-12,09,quantile,0.025,0.0
2024-10-12,wk inc flu hosp,0,2024-10-12,09,quantile,0.05,0.0
2024-10-12,wk inc flu hosp,0,2024-10-12,09,quantile,0.1,0.0
2024-10-12,wk inc flu hosp,0,2024-10-12,09,quantile,0.15,0.0
2024-10-12,wk inc flu hosp,0,2024-10-12,09,quantile,0.2,0.0
2024-10-12,wk inc flu hosp,0,2024-10-12,09,quantile,0.25,0.0
2024-10-12,wk inc flu hosp,0,2024-10-12,09,quantile,0.3,0.0
2024-10-12,wk inc flu hosp,0,2024-10-12,09,quantile,0.35,0.0
2024-10-12,wk inc flu hosp,0,2024-10-12,09,quantile,0.4,0.0
2024-10-12,wk inc flu hosp,0,2024-10-12,09,quantile,0.45,0.7615608464661616
2024-10-12,wk inc flu hosp,0,2024-10-12,09,quantile,0.5,4.059927079443073
2024-10-12,wk inc flu hosp,0,2024-10-12,09,quantile,0.55,7.004927246986797
2024-10-12,wk inc flu hosp,0,2024-10-12,09,quantile,0.6,10.905305421427194
2024-10-12,wk inc flu hosp,0,2024-10-12,09,quantile,0.65,14.225542735295194
2024-10-12,wk inc flu hosp,0,2024-10-12,09,quantile,0.7,17.14687106240319
2024-10-12,wk inc flu hosp,0,2024-10-12,09,quantile,0.75,21.900574614567464
2024-10-12,wk inc flu hosp,0,2024-10-12,09,quantile,0.8,26.768576884653914
2024-10-12,wk inc flu hosp,0,2024-10-12,09,quantile,0.85,31.14926388740478
2024-10-12,wk inc flu hosp,0,2024-10-12,09,quantile,0.9,38.65905989117239
2024-10-12,wk inc flu hosp,0,2024-10-12,09,quantile,0.95,50.15596549359951
2024-10-12,wk inc flu hosp,0,2024-10-12,09,quantile,0.975,57.95736548048863
2024-10-12,wk inc flu hosp,0,2024-10-12,09,quantile,0.99,66.52094822716882
2024-10-12,wk inc flu hosp,1,2024-10-19,09,quantile,0.01,0.0
2024-10-12,wk inc flu hosp,1,2024-10-19,09,quantile,0.025,0.0
2024-10-12,wk inc flu hosp,1,2024-10-19,09,quantile,0.05,0.0
2024-10-12,wk inc flu hosp,1,2024-10-19,09,quantile,0.1,0.0
2024-10-12,wk inc flu hosp,1,2024-10-19,09,quantile,0.15,0.0
2024-10-12,wk inc flu hosp,1,2024-10-19,09,quantile,0.2,0.0
2024-10-12,wk inc flu hosp,1,2024-10-19,09,quantile,0.25,0.0
2024-10-12,wk inc flu hosp,1,2024-10-19,09,quantile,0.3,0.0
2024-10-12,wk inc flu hosp,1,2024-10-19,09,quantile,0.35,0.0
2024-10-12,wk inc flu hosp,1,2024-10-19,09,quantile,0.4,2.8448384525559476
2024-10-12,wk inc flu hosp,1,2024-10-19,09,quantile,0.45,7.895379133855188
2024-10-12,wk inc flu hosp,1,2024-10-19,09,quantile,0.5,13.296295233284553
2024-10-12,wk inc flu hosp,1,2024-10-19,09,quantile,0.55,17.929368247261603
2024-10-12,wk inc flu hosp,1,2024-10-19,09,quantile,0.6,22.153655141750374
2024-10-12,wk inc flu hosp,1,2024-10-19,09,quantile,0.65,26.740607733017345
2024-10-12,wk inc flu hosp,1,2024-10-19,09,quantile,0.7,31.08299541156936
2024-10-12,wk inc flu hosp,1,2024-10-19,09,quantile,0.75,37.349030038722155
2024-10-12,wk inc flu hosp,1,2024-10-19,09,quantile,0.8,42.691133339404246
2024-10-12,wk inc flu hosp,1,2024-10-19,09,quantile,0.85,48.75395807619028
2024-10-12,wk inc flu hosp,1,2024-10-19,09,quantile,0.9,59.65133101220201
2024-10-12,wk inc flu hosp,1,2024-10-19,09,quantile,0.95,76.32840069274258
2024-10-12,wk inc flu hosp,1,2024-10-19,09,quantile,0.975,86.6100752946127
2024-10-12,wk inc flu hosp,1,2024-10-19,09,quantile,0.99,98.21741797040053
2024-10-12,wk inc flu hosp,2,2024-10-26,09,quantile,0.01,0.0
2024-10-12,wk inc flu hosp,2,2024-10-26,09,quantile,0.025,0.0
2024-10-12,wk inc flu hosp,2,2024-10-26,09,quantile,0.05,0.0
2024-10-12,wk inc flu hosp,2,2024-10-26,09,quantile,0.1,0.0
2024-10-12,wk inc flu hosp,2,2024-10-26,09,quantile,0.15,0.0
2024-10-12,wk inc flu hosp,2,2024-10-26,09,quantile,0.2,0.0
2024-10-12,wk inc flu hosp,2,2024-10-26,09,quantile,0.25,0.0
2024-10-12,wk inc flu hosp,2,2024-10-26,09,quantile,0.3,0.0
2024-10-12,wk inc flu hosp,2,2024-10-26,09,quantile,0.35,2.4667178748785914
2024-10-12,wk inc flu hosp,2,2024-10-26,09,quantile,0.4,9.250523436530305
2024-10-12,wk inc flu hosp,2,2024-10-26,09,quantile,0.45,15.660733419045606
2024-10-12,wk inc flu hosp,2,2024-10-26,09,quantile,0.5,22.602023776467632
2024-10-12,wk inc flu hosp,2,2024-10-26,09,quantile,0.55,28.65922591832583
2024-10-12,wk inc flu hosp,2,2024-10-26,09,quantile,0.6,33.31071964558024
2024-10-12,wk inc flu hosp,2,2024-10-26,09,quantile,0.65,41.16836201598134
2024-10-12,wk inc flu hosp,2,2024-10-26,09,quantile,0.7,45.47819025383349
2024-10-12,wk inc flu hosp,2,2024-10-26,09,quantile,0.75,53.0792815408766
2024-10-12,wk inc flu hosp,2,2024-10-26,09,quantile,0.8,58.659850149360416
2024-10-12,wk inc flu hosp,2,2024-10-26,09,quantile,0.85,66.80599482605103
2024-10-12,wk inc flu hosp,2,2024-10-26,09,quantile,0.9,77.475631138842
2024-10-12,wk inc flu hosp,2,2024-10-26,09,quantile,0.95,95.72185200351122
2024-10-12,wk inc flu hosp,2,2024-10-26,09,quantile,0.975,110.69597245753
2024-10-12,wk inc flu hosp,2,2024-10-26,09,quantile,0.99,120.30734323621203
2024-10-12,wk inc flu hosp,3,2024-11-02,09,quantile,0.01,0.0
2024-10-12,wk inc flu hosp,3,2024-11-02,09,quantile,0.025,0.0
2024-10-12,wk inc flu hosp,3,2024-11-02,09,quantile,0.05,0.0
2024-10-12,wk inc flu hosp,3,2024-11-02,09,quantile,0.1,0.0
2024-10-12,wk inc flu hosp,3,2024-11-02,09,quantile,0.15,0.0
2024-10-12,wk inc flu hosp,3,2024-11-02,09,quantile,0.2,0.0
2024-10-12,wk inc flu hosp,3,2024-11-02,09,quantile,0.25,0.0
2024-10-12,wk inc flu hosp,3,2024-11-02,09,quantile,0.3,0.0
2024-10-12,wk inc flu hosp,3,2024-11-02,09,quantile,0.35,0.0
2024-10-12,wk inc flu hosp,3,2024-11-02,09,quantile,0.4,5.202926189463815
2024-10-12,wk inc flu hosp,3,2024-11-02,09,quantile,0.45,13.44817842961479
2024-10-12,wk inc flu hosp,3,2024-11-02,09,quantile,0.5,18.853535400428903
2024-10-12,wk inc flu hosp,3,2024-11-02,09,quantile,0.55,26.018269835203604
2024-10-12,wk inc flu hosp,3,2024-11-02,09,quantile,0.6,32.62076399702442
2024-10-12,wk inc flu hosp,3,2024-11-02,09,quantile,0.65,40.797948789587984
2024-10-12,wk inc flu hosp,3,2024-11-02,09,quantile,0.7,48.164291976591294
2024-10-12,wk inc flu hosp,3,2024-11-02,09,quantile,0.75,57.28234537881947
2024-10-12,wk inc flu hosp,3,2024-11-02,09,quantile,0.8,65.06398320551507
2024-10-12,wk inc flu hosp,3,2024-11-02,09,quantile,0.85,74.48768457594609
2024-10-12,wk inc flu hosp,3,2024-11-02,09,quantile,0.9,88.05652987632769
2024-10-12,wk inc flu hosp,3,2024-11-02,09,quantile,0.95,106.24010011071536
2024-10-12,wk inc flu hosp,3,2024-11-02,09,quantile,0.975,124.12776099666029
2024-10-12,wk inc flu hosp,3,2024-11-02,09,quantile,0.99,146.091717398682
2024-10-12,wk inc flu hosp,0,2024-10-12,10,quantile,0.01,0.0
2024-10-12,wk inc flu hosp,0,2024-10-12,10,quantile,0.025,0.0
2024-10-12,wk inc flu hosp,0,2024-10-12,10,quantile,0.05,0.0
2024-10-12,wk inc flu hosp,0,2024-10-12,10,quantile,0.1,0.0
2024-10-12,wk inc flu hosp,0,2024-10-12,10,quantile,0.15,0.0
2024-10-12,wk inc flu hosp,0,2024-10-12,10,quantile,0.2,0.0
2024-10-12,wk inc flu hosp,0,2024-10-12,10,quantile,0.25,0.0
2024-10-12,wk inc flu hosp,0,2024-10-12,10,quantile,0.3,0.0
2024-10-12,wk inc flu hosp,0,2024-10-12,10,quantile,0.35,0.0
2024-10-12,wk inc flu hosp,0,2024-10-12,10,quantile,0.4,0.0
2024-10-12,wk inc flu hosp,0,2024-10-12,10,quantile,0.45,0.5649079468624598
2024-10-12,wk inc flu hosp,0,2024-10-12,10,quantile,0.5,1.7829235788736142
2024-10-12,wk inc flu hosp,0,2024-10-12,10,quantile,0.55,2.8704487313204536
2024-10-12,wk inc flu hosp,0,2024-10-12,10,quantile,0.6,4.310774411266495
2024-10-12,wk inc flu hosp,0,2024-10-12,10,quantile,0.65,5.536866562539819
2024-10-12,wk inc flu hosp,0,2024-10-12,10,quantile,0.7,6.61565021399719
2024-10-12,wk inc flu hosp,0,2024-10-12,10,quantile,0.75,8.371090582805857
2024-10-12,wk inc flu hosp,0,2024-10-12,10,quantile,0.8,10.168739007153096
2024-10-12,wk inc flu hosp,0,2024-10-12,10,quantile,0.85,11.786432395762313
2024-10-12,wk inc flu hosp,0,2024-10-12,10,quantile,0.9,14.559638364933377
2024-10-12,wk inc flu hosp,0,2024-10-12,10,quantile,0.95,18.805198061581798
2024-10-12,wk inc flu hosp,0,2024-10-12,10,quantile,0.975,21.686087103132046
2024-10-12,wk inc flu hosp,0,2024-10-12,10,quantile,0.99,24.84843382715349
2024-10-12,wk inc flu hosp,1,2024-10-19,10,quantile,0.01,0.0
2024-10-12,wk inc flu hosp,1,2024-10-19,10,quantile,0.025,0.0
2024-10-12,wk inc flu hosp,1,2024-10-19,10,quantile,0.05,0.0
2024-10-12,wk inc flu hosp,1,2024-10-19,10,quantile,0.1,0.0
2024-10-12,wk inc flu hosp,1,2024-10-19,10,quantile,0.15,0.0
2024-10-12,wk inc flu hosp,1,2024-10-19,10,quantile,0.2,0.0
2024-10-12,wk inc flu hosp,1,2024-10-19,10,quantile,0.25,0.0
2024-10-12,wk inc flu hosp,1,2024-10-19,10,quantile,0.3,0.0
2024-10-12,wk inc flu hosp,1,2024-10-19,10,quantile,0.35,0.0
2024-10-12,wk inc flu hosp,1,2024-10-19,10,quantile,0.4,0.0
2024-10-12,wk inc flu hosp,1,2024-10-19,10,quantile,0.45,0.0
2024-10-12,wk inc flu hosp,1,2024-10-19,10,quantile,0.5,1.823819916334397
2024-10-12,wk inc flu hosp,1,2024-10-19,10,quantile,0.55,3.2510218687726424
2024-10-12,wk inc flu hosp,1,2024-10-19,10,quantile,0.6,4.807727665413701
2024-10-12,wk inc flu hosp,1,2024-10-19,10,quantile,0.65,6.321550585260507
2024-10-12,wk inc flu hosp,1,2024-10-19,10,quantile,0.7,7.982352183985591
2024-10-12,wk inc flu hosp,1,2024-10-19,10,quantile,0.75,10.201723544568438
2024-10-12,wk inc flu hosp,1,2024-10-19,10,quantile,0.8,11.970610198630212
2024-10-12,wk inc flu hosp,1,2024-10-19,10,quantile,0.85,14.49689836933488
2024-10-12,wk inc flu hosp,1,2024-10-19,10,quantile,0.9,17.70179399048052
2024-10-12,wk inc flu hosp,1,2024-10-19,10,quantile,0.95,23.89165145105657
2024-10-12,wk inc flu hosp,1,2024-10-19,10,quantile,0.975,27.93452395237287
2024-10-12,wk inc flu hosp,1,2024-10-19,10,quantile,0.99,31.763720384299642
2024-10-12,wk inc flu hosp,2,2024-10-26,10,quantile,0.01,0.0
2024-10-12,wk inc flu hosp,2,2024-10-26,10,quantile,0.025,0.0
2024-10-12,wk inc flu hosp,2,2024-10-26,10,quantile,0.05,0.0
2024-10-12,wk inc flu hosp,2,2024-10-26,10,quantile,0.1,0.0
2024-10-12,wk inc flu hosp,2,2024-10-26,10,quantile,0.15,0.0
2024-10-12,wk inc flu hosp,2,2024-10-26,10,quantile,0.2,0.0
2024-10-12,wk inc flu hosp,2,2024-10-26,10,quantile,0.25,0.0
2024-10-12,wk inc flu hosp,2,2024-10-26,10,quantile,0.3,0.0
2024-10-12,wk inc flu hosp,2,2024-10-26,10,quantile,0.35,0.0
2024-10-12,wk inc flu hosp,2,2024-10-26,10,quantile,0.4,0.17366650293234226
2024-10-12,wk inc flu hosp,2,2024-10-26,10,quantile,0.45,2.6598076553556345
2024-10-12,wk inc flu hosp,2,2024-10-26,10,quantile,0.5,4.717950205021243
2024-10-12,wk inc flu hosp,2,2024-10-26,10,quantile,0.55,6.945530036780479
2024-10-12,wk inc flu hosp,2,2024-10-26,10,quantile,0.6,8.728961522810708
2024-10-12,wk inc flu hosp,2,2024-10-26,10,quantile,0.65,11.351067955294743
2024-10-12,wk inc flu hosp,2,2024-10-26,10,quantile,0.7,13.149610698749017
2024-10-12,wk inc flu hosp,2,2024-10-26,10,quantile,0.75,15.376515395532184
2024-10-12,wk inc flu hosp,2,2024-10-26,10,quantile,0.8,17.316410791201392
2024-10-12,wk inc flu hosp,2,2024-10-26,10,quantile,0.85,20.51909138718355
2024-10-12,wk inc flu hosp,2,2024-10-26,10,quantile,0.9,24.255211455932574
2024-10-12,wk inc flu hosp,2,2024-10-26,10,quantile,0.95,29.967069299545823
2024-10-12,wk inc flu hosp,2,2024-10-26,10,quantile,0.975,35.512912901576584
2024-10-12,wk inc flu hosp,2,2024-10-26,10,quantile,0.99,39.10504720441517
2024-10-12,wk inc flu hosp,3,2024-11-02,10,quantile,0.01,0.0
2024-10-12,wk inc flu hosp,3,2024-11-02,10,quantile,0.025,0.0
2024-10-12,wk inc flu hosp,3,2024-11-02,10,quantile,0.05,0.0
2024-10-12,wk inc flu hosp,3,2024-11-02,10,quantile,0.1,0.0
2024-10-12,wk inc flu hosp,3,2024-11-02,10,quantile,0.15,0.0
2024-10-12,wk inc flu hosp,3,2024-11-02,10,quantile,0.2,0.0
2024-10-12,wk inc flu hosp,3,2024-11-02,10,quantile,0.25,0.0
2024-10-12,wk inc flu hosp,3,2024-11-02,10,quantile,0.3,0.0
2024-10-12,wk inc flu hosp,3,2024-11-02,10,quantile,0.35,0.0
2024-10-12,wk inc flu hosp,3,2024-11-02,10,quantile,0.4,0.0
2024-10-12,wk inc flu hosp,3,2024-11-02,10,quantile,0.45,0.6692014956242454
2024-10-12,wk inc flu hosp,3,2024-11-02,10,quantile,0.5,2.840557497881785
2024-10-12,wk inc flu hosp,3,2024-11-02,10,quantile,0.55,5.237500318318615
2024-10-12,wk inc flu hosp,3,2024-11-02,10,quantile,0.6,7.785976688864921
2024-10-12,wk inc flu hosp,3,2024-11-02,10,quantile,0.65,10.551148111071903
2024-10-12,wk inc flu hosp,3,2024-11-02,10,quantile,0.7,12.996983708986486
2024-10-12,wk inc flu hosp,3,2024-11-02,10,quantile,0.75,16.087630535297336
2024-10-12,wk inc flu hosp,3,2024-11-02,10,quantile,0.8,18.918452298296025
2024-10-12,wk inc flu hosp,3,2024-11-02,10,quantile,0.85,22.275623960441926
2024-10-12,wk inc flu hosp,3,2024-11-02,10,quantile,0.9,26.605584254984254
2024-10-12,wk inc flu hosp,3,2024-11-02,10,quantile,0.95,33.138717850809755
2024-10-12,wk inc flu hosp,3,2024-11-02,10,quantile,0.975,39.30812878323959
2024-10-12,wk inc flu hosp,3,2024-11-02,10,quantile,0.99,46.589470000104285
2024-10-12,wk inc flu hosp,0,2024-10-12,11,quantile,0.01,0.0
2024-10-12,wk inc flu hosp,0,2024-10-12,11,quantile,0.025,0.0
2024-10-12,wk inc flu hosp,0,2024-10-12,11,quantile,0.05,0.0
2024-10-12,wk inc flu hosp,0,2024-10-12,11,quantile,0.1,0.0
2024-10-12,wk inc flu hosp,0,2024-10-12,11,quantile,0.15,0.0
2024-10-12,wk inc flu hosp,0,2024-10-12,11,quantile,0.2,0.0
2024-10-12,wk inc flu hosp,0,2024-10-12,11,quantile,0.25,0.0
2024-10-12,wk inc flu hosp,0,2024-10-12,11,quantile,0.3,0.0
2024-10-12,wk inc flu hosp,0,2024-10-12,11,quantile,0.35,0.0
2024-10-12,wk inc flu hosp,0,2024-10-12,11,quantile,0.4,0.0
2024-10-12,wk inc flu hosp,0,2024-10-12,11,quantile,0.45,0.5937503716120779
2024-10-12,wk inc flu hosp,0,2024-10-12,11,quantile,0.5,1.7016426701264802
2024-10-12,wk inc flu hosp,0,2024-10-12,11,quantile,0.55,2.6908424054756246
2024-10-12,wk inc flu hosp,0,2024-10-12,11,quantile,0.6,4.000945236857123
2024-10-12,wk inc flu hosp,0,2024-10-12,11,quantile,0.65,5.116183839683389
2024-10-12,wk inc flu hosp,0,2024-10-12,11,quantile,0.7,6.097432411378176
2024-10-12,wk inc flu hosp,0,2024-10-12,11,quantile,0.75,7.694159755421487
2024-10-12,wk inc flu hosp,0,2024-10-12,11,quantile,0.8,9.329279036676013
2024-10-12,wk inc flu hosp,0,2024-10-12,11,quantile,0.85,10.800713392274993
2024-10-12,wk inc flu hosp,0,2024-10-12,11,quantile,0.9,13.323188026172511
2024-10-12,wk inc flu hosp,0,2024-10-12,11,quantile,0.95,17.18489781641012
2024-10-12,wk inc flu hosp,0,2024-10-12,11,quantile,0.975,19.805319671536882
2024-10-12,wk inc flu hosp,0,2024-10-12,11,quantile,0.99,22.68175203307452
2024-10-12,wk inc flu hosp,1,2024-10-19,11,quantile,0.01,0.0
2024-10-12,wk inc flu hosp,1,2024-10-19,11,quantile,0.025,0.0
2024-10-12,wk inc flu hosp,1,2024-10-19,11,quantile,0.05,0.0
2024-10-12,wk inc flu hosp,1,2024-10-19,11,quantile,0.1,0.0
2024-10-12,wk inc flu hosp,1,2024-10-19,11,quantile,0.15,0.0
2024-10-12,wk inc flu hosp,1,2024-10-19,11,quantile,0.2,0.0
2024-10-12,wk inc flu hosp,1,2024-10-19,11,quantile,0.25,0.0
2024-10-12,wk inc flu hosp,1,2024-10-19,11,quantile,0.3,0.0
2024-10-12,wk inc flu hosp,1,2024-10-19,11,quantile,0.35,0.0
2024-10-12,wk inc flu hosp,1,2024-10-19,11,quantile,0.4,0.0
2024-10-12,wk inc flu hosp,1,2024-10-19,11,quantile,0.45,0.8383801444033583
2024-10-12,wk inc flu hosp,1,2024-10-19,11,quantile,0.5,2.2491456414924986
2024-10-12,wk inc flu hosp,1,2024-10-19,11,quantile,0.55,3.7044035751784947
2024-10-12,wk inc flu hosp,1,2024-10-19,11,quantile,0.6,4.677337816621017
2024-10-12,wk inc flu hosp,1,2024-10-19,11,quantile,0.65,6.006300041116
2024-10-12,wk inc flu hosp,1,2024-10-19,11,quantile,0.7,7.39839494485574
2024-10-12,wk inc flu hosp,1,2024-10-19,11,quantile,0.75,8.957512328871958
2024-10-12,wk inc flu hosp,1,2024-10-19,11,quantile,0.8,10.983551728605242
2024-10-12,wk inc flu hosp,1,2024-10-19,11,quantile,0.85,12.981773248334866
2024-10-12,wk inc flu hosp,1,2024-10-19,11,quantile,0.9,15.975155955435088
2024-10-12,wk inc flu hosp,1,2024-10-19,11,quantile,0.95,20.26395155628426
2024-10-12,wk inc flu hosp,1,2024-10-19,11,quantile,0.975,23.5511543000455
2024-10-12,wk inc flu hosp,1,2024-10-19,11,quantile,0.99,27.328791761754914
2024-10-12,wk inc flu hosp,2,2024-10-26,11,quantile,0.01,0.0
2024-10-12,wk inc flu hosp,2,2024-10-26,11,quantile,0.025,0.0
2024-10-12,wk inc flu hosp,2,2024-10-26,11,quantile,0.05,0.0
2024-10-12,wk inc flu hosp,2,2024-10-26,11,quantile,0.1,0.0
2024-10-12,wk inc flu hosp,2,2024-10-26,11,quantile,0.15,0.0
2024-10-12,wk inc flu hosp,2,2024-10-26,11,quantile,0.2,0.0
2024-10-12,wk inc flu hosp,2,2024-10-26,11,quantile,0.25,0.0
2024-10-12,wk inc flu hosp,2,2024-10-26,11,quantile,0.3,0.0024953911765776566
2024-10-12,wk inc flu hosp,2,2024-10-26,11,quantile,0.35,1.749919140577183
2024-10-12,wk inc flu hosp,2,2024-10-26,11,quantile,0.4,3.461673554818694
2024-10-12,wk inc flu hosp,2,2024-10-26,11,quantile,0.45,5.211827538793458
2024-10-12,wk inc flu hosp,2,2024-10-26,11,quantile,0.5,7.242738293031039
2024-10-12,wk inc flu hosp,2,2024-10-26,11,quantile,0.55,8.630105941888772
2024-10-12,wk inc flu hosp,2,2024-10-26,11,quantile,0.6,10.281190899271284
2024-10-12,wk inc flu hosp,2,2024-10-26,11,quantile,0.65,12.059508794687789
2024-10-12,wk inc flu hosp,2,2024-10-26,11,quantile,0.7,13.587242120989753
2024-10-12,wk inc flu hosp,2,2024-10-26,11,quantile,0.75,15.301528277389492
2024-10-12,wk inc flu hosp,2,2024-10-26,11,quantile,0.8,16.863565624241186
2024-10-12,wk inc flu hosp,2,2024-10-26,11,quantile,0.85,19.426496541902008
2024-10-12,wk inc flu hosp,2,2024-10-26,11,quantile,0.9,22.68686911212894
2024-10-12,wk inc flu hosp,2,2024-10-26,11,quantile,0.95,26.827850488073388
2024-10-12,wk inc flu hosp,2,2024-10-26,11,quantile,0.975,31.06149126240644
2024-10-12,wk inc flu hosp,2,2024-10-26,11,quantile,0.99,33.872254186425664
2024-10-12,wk inc flu hosp,3,2024-11-02,11,quantile,0.01,0.0
2024-10-12,wk inc flu hosp,3,2024-11-02,11,quantile,0.025,0.0
2024-10-12,wk inc flu hosp,3,2024-11-02,11,quantile,0.05,0.0
2024-10-12,wk inc flu hosp,3,2024-11-02,11,quantile,0.1,0.0
2024-10-12,wk inc flu hosp,3,2024-11-02,11,quantile,0.15,0.0
2024-10-12,wk inc flu hosp,3,2024-11-02,11,quantile,0.2,0.0
2024-10-12,wk inc flu hosp,3,2024-11-02,11,quantile,0.25,0.0
2024-10-12,wk inc flu hosp,3,2024-11-02,11,quantile,0.3,0.0
2024-10-12,wk inc flu hosp,3,2024-11-02,11,quantile,0.35,0.5202294315164767
2024-10-12,wk inc flu hosp,3,2024-11-02,11,quantile,0.4,2.270647075021224
2024-10-12,wk inc flu hosp,3,2024-11-02,11,quantile,0.45,3.9402004105140085
2024-10-12,wk inc flu hosp,3,2024-11-02,11,quantile,0.5,5.797050603015171
2024-10-12,wk inc flu hosp,3,2024-11-02,11,quantile,0.55,7.506537704522685
2024-10-12,wk inc flu hosp,3,2024-11-02,11,quantile,0.6,9.495915823347694
2024-10-12,wk inc flu hosp,3,2024-11-02,11,quantile,0.65,11.767624084661161
2024-10-12,wk inc flu hosp,3,2024-11-02,11,quantile,0.7,13.758447294152742
2024-10-12,wk inc flu hosp,3,2024-11-02,11,quantile,0.75,15.903808528511655
2024-10-12,wk inc flu hosp,3,2024-11-02,11,quantile,0.8,18.341197275139344
2024-10-12,wk inc flu hosp,3,2024-11-02,11,quantile,0.85,20.646646398667585
2024-10-12,wk inc flu hosp,3,2024-11-02,11,quantile,0.9,23.73774854316237
2024-10-12,wk inc flu hosp,3,2024-11-02,11,quantile,0.95,29.082353792669167
2024-10-12,wk inc flu hosp,3,2024-11-02,11,quantile,0.975,34.86480574714155
2024-10-12,wk inc flu hosp,3,2024-11-02,11,quantile,0.99,39.03663805154977
2024-10-12,wk inc flu hosp,0,2024-10-12,12,quantile,0.01,0.0
2024-10-12,wk inc flu hosp,0,2024-10-12,12,quantile,0.025,0.0
2024-10-12,wk inc flu hosp,0,2024-10-12,12,quantile,0.05,0.0
2024-10-12,wk inc flu hosp,0,2024-10-12,12,quantile,0.1,0.0
2024-10-12,wk inc flu hosp,0,2024-10-12,12,quantile,0.15,0.0
2024-10-12,wk inc flu hosp,0,2024-10-12,12,quantile,0.2,4.203567456219939
2024-10-12,wk inc flu hosp,0,2024-10-12,12,quantile,0.25,12.92061226350243
2024-10-12,wk inc flu hosp,0,2024-10-12,12,quantile,0.3,21.1752551045464
2024-10-12,wk inc flu hosp,0,2024-10-12,12,quantile,0.35,27.917186137779993
2024-10-12,wk inc flu hosp,0,2024-10-12,12,quantile,0.4,33.55399185959121
2024-10-12,wk inc flu hosp,0,2024-10-12,12,quantile,0.45,40.53069901093837
2024-10-12,wk inc flu hosp,0,2024-10-12,12,quantile,0.5,47.090554754573716
2024-10-12,wk inc flu hosp,0,2024-10-12,12,quantile,0.55,52.9476291057845
2024-10-12,wk inc flu hosp,0,2024-10-12,12,quantile,0.6,60.70477805854358
2024-10-12,wk inc flu hosp,0,2024-10-12,12,quantile,0.65,67.30813143872653
2024-10-12,wk inc flu hosp,0,2024-10-12,12,quantile,0.7,73.11812676733145
2024-10-12,wk inc flu hosp,0,2024-10-12,12,quantile,0.75,82.57238604225137
2024-10-12,wk inc flu hosp,0,2024-10-12,12,quantile,0.8,92.2539648591177
2024-10-12,wk inc flu hosp,0,2024-10-12,12,quantile,0.85,100.96636147194863
2024-10-12,wk inc flu hosp,0,2024-10-12,12,quantile,0.9,115.90199171103906
2024-10-12,wk inc flu hosp,0,2024-10-12,12,quantile,0.95,138.76726406802868
2024-10-12,wk inc flu hosp,0,2024-10-12,12,quantile,0.975,154.28284205349786
2024-10-12,wk inc flu hosp,0,2024-10-12,12,quantile,0.99,171.31426412702712
2024-10-12,wk inc flu hosp,1,2024-10-19,12,quantile,0.01,0.0
2024-10-12,wk inc flu hosp,1,2024-10-19,12,quantile,0.025,0.0
2024-10-12,wk inc flu hosp,1,2024-10-19,12,quantile,0.05,0.0
2024-10-12,wk inc flu hosp,1,2024-10-19,12,quantile,0.1,0.0
2024-10-12,wk inc flu hosp,1,2024-10-19,12,quantile,0.15,0.0
2024-10-12,wk inc flu hosp,1,2024-10-19,12,quantile,0.2,0.0
2024-10-12,wk inc flu hosp,1,2024-10-19,12,quantile,0.25,0.0
2024-10-12,wk inc flu hosp,1,2024-10-19,12,quantile,0.3,3.415959116354601
2024-10-12,wk inc flu hosp,1,2024-10-19,12,quantile,0.35,16.58047052044994
2024-10-12,wk inc flu hosp,1,2024-10-19,12,quantile,0.4,30.60262294910495
2024-10-12,wk inc flu hosp,1,2024-10-19,12,quantile,0.45,43.45847900529424
2024-10-12,wk inc flu hosp,1,2024-10-19,12,quantile,0.5,52.000572747902396
2024-10-12,wk inc flu hosp,1,2024-10-19,12,quantile,0.55,63.462854040740005
2024-10-12,wk inc flu hosp,1,2024-10-19,12,quantile,0.6,77.90778061207259
2024-10-12,wk inc flu hosp,1,2024-10-19,12,quantile,0.65,91.72792877386988
2024-10-12,wk inc flu hosp,1,2024-10-19,12,quantile,0.7,103.86225271013916
2024-10-12,wk inc flu hosp,1,2024-10-19,12,quantile,0.75,118.36580234262054
2024-10-12,wk inc flu hosp,1,2024-10-19,12,quantile,0.8,131.52749523649805
2024-10-12,wk inc flu hosp,1,2024-10-19,12,quantile,0.85,146.68763532630354
2024-10-12,wk inc flu hosp,1,2024-10-19,12,quantile,0.9,173.21789405536398
2024-10-12,wk inc flu hosp,1,2024-10-19,12,quantile,0.95,217.06586299513734
2024-10-12,wk inc flu hosp,1,2024-10-19,12,quantile,0.975,245.12713122040563
2024-10-12,wk inc flu hosp,1,2024-10-19,12,quantile,0.99,284.20157088898037
2024-10-12,wk inc flu hosp,2,2024-10-26,12,quantile,0.01,0.0
2024-10-12,wk inc flu hosp,2,2024-10-26,12,quantile,0.025,0.0
2024-10-12,wk inc flu hosp,2,2024-10-26,12,quantile,0.05,0.0
2024-10-12,wk inc flu hosp,2,2024-10-26,12,quantile,0.1,0.0
2024-10-12,wk inc flu hosp,2,2024-10-26,12,quantile,0.15,0.0
2024-10-12,wk inc flu hosp,2,2024-10-26,12,quantile,0.2,0.0
2024-10-12,wk inc flu hosp,2,2024-10-26,12,quantile,0.25,0.0
2024-10-12,wk inc flu hosp,2,2024-10-26,12,quantile,0.3,0.0
2024-10-12,wk inc flu hosp,2,2024-10-26,12,quantile,0.35,0.9160836097551759
2024-10-12,wk inc flu hosp,2,2024-10-26,12,quantile,0.4,22.06379782346236
2024-10-12,wk inc flu hosp,2,2024-10-26,12,quantile,0.45,44.93858797294917
2024-10-12,wk inc flu hosp,2,2024-10-26,12,quantile,0.5,64.18496428614628
2024-10-12,wk inc flu hosp,2,2024-10-26,12,quantile,0.55,79.90519871016053
2024-10-12,wk inc flu hosp,2,2024-10-26,12,quantile,0.6,96.64281401487303
2024-10-12,wk inc flu hosp,2,2024-10-26,12,quantile,0.65,115.67531460946385
2024-10-12,wk inc flu hosp,2,2024-10-26,12,quantile,0.7,139.39077853426394
2024-10-12,wk inc flu hosp,2,2024-10-26,12,quantile,0.75,155.83840792103655
2024-10-12,wk inc flu hosp,2,2024-10-26,12,quantile,0.8,178.71996531016802
2024-10-12,wk inc flu hosp,2,2024-10-26,12,quantile,0.85,199.29458534512068
2024-10-12,wk inc flu hosp,2,2024-10-26,12,quantile,0.9,230.4843035141384
2024-10-12,wk inc flu hosp,2,2024-10-26,12,quantile,0.95,307.43220076477184
2024-10-12,wk inc flu hosp,2,2024-10-26,12,quantile,0.975,344.99292038312984
2024-10-12,wk inc flu hosp,2,2024-10-26,12,quantile,0.99,374.19363453745626
2024-10-12,wk inc flu hosp,3,2024-11-02,12,quantile,0.01,0.0
2024-10-12,wk inc flu hosp,3,2024-11-02,12,quantile,0.025,0.0
2024-10-12,wk inc flu hosp,3,2024-11-02,12,quantile,0.05,0.0
2024-10-12,wk inc flu hosp,3,2024-11-02,12,quantile,0.1,0.0
2024-10-12,wk inc flu hosp,3,2024-11-02,12,quantile,0.15,0.0
2024-10-12,wk inc flu hosp,3,2024-11-02,12,quantile,0.2,0.0
2024-10-12,wk inc flu hosp,3,2024-11-02,12,quantile,0.25,0.0
2024-10-12,wk inc flu hosp,3,2024-11-02,12,quantile,0.3,0.0
2024-10-12,wk inc flu hosp,3,2024-11-02,12,quantile,0.35,0.0
2024-10-12,wk inc flu hosp,3,2024-11-02,12,quantile,0.4,25.630571881227013
2024-10-12,wk inc flu hosp,3,2024-11-02,12,quantile,0.45,57.466436213869066
2024-10-12,wk inc flu hosp,3,2024-11-02,12,quantile,0.5,85.08006008564197
2024-10-12,wk inc flu hosp,3,2024-11-02,12,quantile,0.55,107.20318053907863
2024-10-12,wk inc flu hosp,3,2024-11-02,12,quantile,0.6,130.81219319023074
2024-10-12,wk inc flu hosp,3,2024-11-02,12,quantile,0.65,149.21567347898912
2024-10-12,wk inc flu hosp,3,2024-11-02,12,quantile,0.7,177.44720164116885
2024-10-12,wk inc flu hosp,3,2024-11-02,12,quantile,0.75,210.417907102165
2024-10-12,wk inc flu hosp,3,2024-11-02,12,quantile,0.8,242.04249669210867
2024-10-12,wk inc flu hosp,3,2024-11-02,12,quantile,0.85,278.90880029511266
2024-10-12,wk inc flu hosp,3,2024-11-02,12,quantile,0.9,322.1689874842344
2024-10-12,wk inc flu hosp,3,2024-11-02,12,quantile,0.95,395.6698227135489
2024-10-12,wk inc flu hosp,3,2024-11-02,12,quantile,0.975,474.1641638971651
2024-10-12,wk inc flu hosp,3,2024-11-02,12,quantile,0.99,530.2106145974998
2024-10-12,wk inc flu hosp,0,2024-10-12,13,quantile,0.01,0.0
2024-10-12,wk inc flu hosp,0,2024-10-12,13,quantile,0.025,0.0
2024-10-12,wk inc flu hosp,0,2024-10-12,13,quantile,0.05,0.0
2024-10-12,wk inc flu hosp,0,2024-10-12,13,quantile,0.1,0.0
2024-10-12,wk inc flu hosp,0,2024-10-12,13,quantile,0.15,0.0
2024-10-12,wk inc flu hosp,0,2024-10-12,13,quantile,0.2,0.0
2024-10-12,wk inc flu hosp,0,2024-10-12,13,quantile,0.25,0.0
2024-10-12,wk inc flu hosp,0,2024-10-12,13,quantile,0.3,0.0
2024-10-12,wk inc flu hosp,0,2024-10-12,13,quantile,0.35,0.0
2024-10-12,wk inc flu hosp,0,2024-10-12,13,quantile,0.4,0.0
2024-10-12,wk inc flu hosp,0,2024-10-12,13,quantile,0.45,0.4097938160770178
2024-10-12,wk inc flu hosp,0,2024-10-12,13,quantile,0.5,7.664671540430382
2024-10-12,wk inc flu hosp,0,2024-10-12,13,quantile,0.55,14.142307619807331
2024-10-12,wk inc flu hosp,0,2024-10-12,13,quantile,0.6,22.721332729691103
2024-10-12,wk inc flu hosp,0,2024-10-12,13,quantile,0.65,30.02431670009377
2024-10-12,wk inc flu hosp,0,2024-10-12,13,quantile,0.7,36.44988569663601
2024-10-12,wk inc flu hosp,0,2024-10-12,13,quantile,0.75,46.90583132934691
2024-10-12,wk inc flu hosp,0,2024-10-12,13,quantile,0.8,57.61318119191114
2024-10-12,wk inc flu hosp,0,2024-10-12,13,quantile,0.85,67.24866321809522
2024-10-12,wk inc flu hosp,0,2024-10-12,13,quantile,0.9,83.7667354677613
2024-10-12,wk inc flu hosp,0,2024-10-12,13,quantile,0.95,109.05460178173398
2024-10-12,wk inc flu hosp,0,2024-10-12,13,quantile,0.975,126.21406770695064
2024-10-12,wk inc flu hosp,0,2024-10-12,13,quantile,0.99,145.04998261791368
2024-10-12,wk inc flu hosp,1,2024-10-19,13,quantile,0.01,0.0
2024-10-12,wk inc flu hosp,1,2024-10-19,13,quantile,0.025,0.0
2024-10-12,wk inc flu hosp,1,2024-10-19,13,quantile,0.05,0.0
2024-10-12,wk inc flu hosp,1,2024-10-19,13,quantile,0.1,0.0
2024-10-12,wk inc flu hosp,1,2024-10-19,13,quantile,0.15,0.0
2024-10-12,wk inc flu hosp,1,2024-10-19,13,quantile,0.2,0.0
2024-10-12,wk inc flu hosp,1,2024-10-19,13,quantile,0.25,0.0
2024-10-12,wk inc flu hosp,1,2024-10-19,13,quantile,0.3,0.0
2024-10-12,wk inc flu hosp,1,2024-10-19,13,quantile,0.35,0.0
2024-10-12,wk inc flu hosp,1,2024-10-19,13,quantile,0.4,0.0
2024-10-12,wk inc flu hosp,1,2024-10-19,13,quantile,0.45,7.414897652944912
2024-10-12,wk inc flu hosp,1,2024-10-19,13,quantile,0.5,19.294411064494508
2024-10-12,wk inc flu hosp,1,2024-10-19,13,quantile,0.55,29.485025396023197
2024-10-12,wk inc flu hosp,1,2024-10-19,13,quantile,0.6,38.776499637331
2024-10-12,wk inc flu hosp,1,2024-10-19,13,quantile,0.65,48.865670404463536
2024-10-12,wk inc flu hosp,1,2024-10-19,13,quantile,0.7,58.416911659804754
2024-10-12,wk inc flu hosp,1,2024-10-19,13,quantile,0.75,72.19928506093214
2024-10-12,wk inc flu hosp,1,2024-10-19,13,quantile,0.8,83.94943756062405
2024-10-12,wk inc flu hosp,1,2024-10-19,13,quantile,0.85,97.2848433411608
2024-10-12,wk inc flu hosp,1,2024-10-19,13,quantile,0.9,121.25401552616967
2024-10-12,wk inc flu hosp,1,2024-10-19,13,quantile,0.95,157.93584306951195
2024-10-12,wk inc flu hosp,1,2024-10-19,13,quantile,0.975,180.55076414540315
2024-10-12,wk inc flu hosp,1,2024-10-19,13,quantile,0.99,206.0815408601242
2024-10-12,wk inc flu hosp,2,2024-10-26,13,quantile,0.01,0.0
2024-10-12,wk inc flu hosp,2,2024-10-26,13,quantile,0.025,0.0
2024-10-12,wk inc flu hosp,2,2024-10-26,13,quantile,0.05,0.0
2024-10-12,wk inc flu hosp,2,2024-10-26,13,quantile,0.1,0.0
2024-10-12,wk inc flu hosp,2,2024-10-26,13,quantile,0.15,0.0
2024-10-12,wk inc flu hosp,2,2024-10-26,13,quantile,0.2,0.0
2024-10-12,wk inc flu hosp,2,2024-10-26,13,quantile,0.25,0.0
2024-10-12,wk inc flu hosp,2,2024-10-26,13,quantile,0.3,0.0
2024-10-12,wk inc flu hosp,2,2024-10-26,13,quantile,0.35,2.503318288778242
2024-10-12,wk inc flu hosp,2,2024-10-26,13,quantile,0.4,17.424547885272226
2024-10-12,wk inc flu hosp,2,2024-10-26,13,quantile,0.45,31.524040278087835
2024-10-12,wk inc flu hosp,2,2024-10-26,13,quantile,0.5,46.79166346948812
2024-10-12,wk inc flu hosp,2,2024-10-26,13,quantile,0.55,60.1147021458849
2024-10-12,wk inc flu hosp,2,2024-10-26,13,quantile,0.6,70.34583351311645
2024-10-12,wk inc flu hosp,2,2024-10-26,13,quantile,0.65,87.62900662743358
2024-10-12,wk inc flu hosp,2,2024-10-26,13,quantile,0.7,97.10863219659382
2024-10-12,wk inc flu hosp,2,2024-10-26,13,quantile,0.75,113.82751177637137
2024-10-12,wk inc flu hosp,2,2024-10-26,13,quantile,0.8,126.10217748272454
2024-10-12,wk inc flu hosp,2,2024-10-26,13,quantile,0.85,144.01992202043243
2024-10-12,wk inc flu hosp,2,2024-10-26,13,quantile,0.9,167.48817913472996
2024-10-12,wk inc flu hosp,2,2024-10-26,13,quantile,0.95,207.62141236433624
2024-10-12,wk inc flu hosp,2,2024-10-26,13,quantile,0.975,240.55754051090562
2024-10-12,wk inc flu hosp,2,2024-10-26,13,quantile,0.99,261.69810369810136
2024-10-12,wk inc flu hosp,3,2024-11-02,13,quantile,0.01,0.0
2024-10-12,wk inc flu hosp,3,2024-11-02,13,quantile,0.025,0.0
2024-10-12,wk inc flu hosp,3,2024-11-02,13,quantile,0.05,0.0
2024-10-12,wk inc flu hosp,3,2024-11-02,13,quantile,0.1,0.0
2024-10-12,wk inc flu hosp,3,2024-11-02,13,quantile,0.15,0.0
2024-10-12,wk inc flu hosp,3,2024-11-02,13,quantile,0.2,0.0
2024-10-12,wk inc flu hosp,3,2024-11-02,13,quantile,0.25,0.0
2024-10-12,wk inc flu hosp,3,2024-11-02,13,quantile,0.3,11.948955976729998
2024-10-12,wk inc flu hosp,3,2024-11-02,13,quantile,0.35,27.608116229898556
2024-10-12,wk inc flu hosp,3,2024-11-02,13,quantile,0.4,41.59560134690563
2024-10-12,wk inc flu hosp,3,2024-11-02,13,quantile,0.45,59.73133661204558
2024-10-12,wk inc flu hosp,3,2024-11-02,13,quantile,0.5,71.62061788338093
2024-10-12,wk inc flu hosp,3,2024-11-02,13,quantile,0.55,87.3797145331308
2024-10-12,wk inc flu hosp,3,2024-11-02,13,quantile,0.6,101.90214304360428
2024-10-12,wk inc flu hosp,3,2024-11-02,13,quantile,0.65,119.88816145671048
2024-10-12,wk inc flu hosp,3,2024-11-02,13,quantile,0.7,136.09070396488397
2024-10-12,wk inc flu hosp,3,2024-11-02,13,quantile,0.75,156.1461974561529
2024-10-12,wk inc flu hosp,3,2024-11-02,13,quantile,0.8,173.26219578388455
2024-10-12,wk inc flu hosp,3,2024-11-02,13,quantile,0.85,193.98997321192158
2024-10-12,wk inc flu hosp,3,2024-11-02,13,quantile,0.9,223.83514702274144
2024-10-12,wk inc flu hosp,3,2024-11-02,13,quantile,0.95,263.8305778890134
2024-10-12,wk inc flu hosp,3,2024-11-02,13,quantile,0.975,303.1751452705147
2024-10-12,wk inc flu hosp,3,2024-11-02,13,quantile,0.99,351.4856744187227
2024-10-12,wk inc flu hosp,0,2024-10-12,15,quantile,0.01,0.0
2024-10-12,wk inc flu hosp,0,2024-10-12,15,quantile,0.025,0.0
2024-10-12,wk inc flu hosp,0,2024-10-12,15,quantile,0.05,0.0
2024-10-12,wk inc flu hosp,0,2024-10-12,15,quantile,0.1,0.0
2024-10-12,wk inc flu hosp,0,2024-10-12,15,quantile,0.15,0.0
2024-10-12,wk inc flu hosp,0,2024-10-12,15,quantile,0.2,0.0
2024-10-12,wk inc flu hosp,0,2024-10-12,15,quantile,0.25,0.0
2024-10-12,wk inc flu hosp,0,2024-10-12,15,quantile,0.3,0.0
2024-10-12,wk inc flu hosp,0,2024-10-12,15,quantile,0.35,0.0
2024-10-12,wk inc flu hosp,0,2024-10-12,15,quantile,0.4,0.0
2024-10-12,wk inc flu hosp,0,2024-10-12,15,quantile,0.45,0.23797096049802816
2024-10-12,wk inc flu hosp,0,2024-10-12,15,quantile,0.5,1.3130573365915175
2024-10-12,wk inc flu hosp,0,2024-10-12,15,quantile,0.55,2.2729657682461
2024-10-12,wk inc flu hosp,0,2024-10-12,15,quantile,0.6,3.5442749985642537
2024-10-12,wk inc flu hosp,0,2024-10-12,15,quantile,0.65,4.626490146733253
2024-10-12,wk inc flu hosp,0,2024-10-12,15,quantile,0.7,5.578682857527285
2024-10-12,wk inc flu hosp,0,2024-10-12,15,quantile,0.75,7.128129330093941
2024-10-12,wk inc flu hosp,0,2024-10-12,15,quantile,0.8,8.714830911936975
2024-10-12,wk inc flu hosp,0,2024-10-12,15,quantile,0.85,10.142694460714775
2024-10-12,wk inc flu hosp,0,2024-10-12,15,quantile,0.9,12.590475816881844
2024-10-12,wk inc flu hosp,0,2024-10-12,15,quantile,0.95,16.33783608780201
2024-10-12,wk inc flu hosp,0,2024-10-12,15,quantile,0.975,18.88066433910589
2024-10-12,wk inc flu hosp,0,2024-10-12,15,quantile,0.99,21.671922341160986
2024-10-12,wk inc flu hosp,1,2024-10-19,15,quantile,0.01,0.0
2024-10-12,wk inc flu hosp,1,2024-10-19,15,quantile,0.025,0.0
2024-10-12,wk inc flu hosp,1,2024-10-19,15,quantile,0.05,0.0
2024-10-12,wk inc flu hosp,1,2024-10-19,15,quantile,0.1,0.0
2024-10-12,wk inc flu hosp,1,2024-10-19,15,quantile,0.15,0.0
2024-10-12,wk inc flu hosp,1,2024-10-19,15,quantile,0.2,0.0
2024-10-12,wk inc flu hosp,1,2024-10-19,15,quantile,0.25,0.0
2024-10-12,wk inc flu hosp,1,2024-10-19,15,quantile,0.3,0.0
2024-10-12,wk inc flu hosp,1,2024-10-19,15,quantile,0.35,0.0
2024-10-12,wk inc flu hosp,1,2024-10-19,15,quantile,0.4,0.36547436282341167
2024-10-12,wk inc flu hosp,1,2024-10-19,15,quantile,0.45,1.9387780483523365
2024-10-12,wk inc flu hosp,1,2024-10-19,15,quantile,0.5,3.6765055680549734
2024-10-12,wk inc flu hosp,1,2024-10-19,15,quantile,0.55,4.7086738816744145
2024-10-12,wk inc flu hosp,1,2024-10-19,15,quantile,0.6,5.9306238779243365
2024-10-12,wk inc flu hosp,1,2024-10-19,15,quantile,0.65,7.34570787846266
2024-10-12,wk inc flu hosp,1,2024-10-19,15,quantile,0.7,8.780118166418864
2024-10-12,wk inc flu hosp,1,2024-10-19,15,quantile,0.75,10.446121947526258
2024-10-12,wk inc flu hosp,1,2024-10-19,15,quantile,0.8,12.125432266673986
2024-10-12,wk inc flu hosp,1,2024-10-19,15,quantile,0.85,14.34235204558852
2024-10-12,wk inc flu hosp,1,2024-10-19,15,quantile,0.9,16.95256700153615
2024-10-12,wk inc flu hosp,1,2024-10-19,15,quantile,0.95,21.691391615762235
2024-10-12,wk inc flu hosp,1,2024-10-19,15,quantile,0.975,25.244122504800682
2024-10-12,wk inc flu hosp,1,2024-10-19,15,quantile,0.99,28.868268616749873
2024-10-12,wk inc flu hosp,2,2024-10-26,15,quantile,0.01,0.0
2024-10-12,wk inc flu hosp,2,2024-10-26,15,quantile,0.025,0.0
2024-10-12,wk inc flu hosp,2,2024-10-26,15,quantile,0.05,0.0
2024-10-12,wk inc flu hosp,2,2024-10-26,15,quantile,0.1,0.0
2024-10-12,wk inc flu hosp,2,2024-10-26,15,quantile,0.15,0.0
2024-10-12,wk inc flu hosp,2,2024-10-26,15,quantile,0.2,0.0
2024-10-12,wk inc flu hosp,2,2024-10-26,15,quantile,0.25,0.0
2024-10-12,wk inc flu hosp,2,2024-10-26,15,quantile,0.3,0.0
2024-10-12,wk inc flu hosp,2,2024-10-26,15,quantile,0.35,0.0
2024-10-12,wk inc flu hosp,2,2024-10-26,15,quantile,0.4,0.5988564801120548
2024-10-12,wk inc flu hosp,2,2024-10-26,15,quantile,0.45,2.831593908251051
2024-10-12,wk inc flu hosp,2,2024-10-26,15,quantile,0.5,4.762128104246006
2024-10-12,wk inc flu hosp,2,2024-10-26,15,quantile,0.55,6.237566542900047
2024-10-12,wk inc flu hosp,2,2024-10-26,15,quantile,0.6,7.914225967766546
2024-10-12,wk inc flu hosp,2,2024-10-26,15,quantile,0.65,10.046991535185732
2024-10-12,wk inc flu hosp,2,2024-10-26,15,quantile,0.7,11.620565556024113
2024-10-12,wk inc flu hosp,2,2024-10-26,15,quantile,0.75,13.093206222499912
2024-10-12,wk inc flu hosp,2,2024-10-26,15,quantile,0.8,14.707800341939027
2024-10-12,wk inc flu hosp,2,2024-10-26,15,quantile,0.85,17.839518289327778
2024-10-12,wk inc flu hosp,2,2024-10-26,15,quantile,0.9,20.898341347553966
2024-10-12,wk inc flu hosp,2,2024-10-26,15,quantile,0.95,25.27142212130026
2024-10-12,wk inc flu hosp,2,2024-10-26,15,quantile,0.975,29.657480413940224
2024-10-12,wk inc flu hosp,2,2024-10-26,15,quantile,0.99,33.01143336801275
2024-10-12,wk inc flu hosp,3,2024-11-02,15,quantile,0.01,0.0
2024-10-12,wk inc flu hosp,3,2024-11-02,15,quantile,0.025,0.0
2024-10-12,wk inc flu hosp,3,2024-11-02,15,quantile,0.05,0.0
2024-10-12,wk inc flu hosp,3,2024-11-02,15,quantile,0.1,0.0
2024-10-12,wk inc flu hosp,3,2024-11-02,15,quantile,0.15,0.0
2024-10-12,wk inc flu hosp,3,2024-11-02,15,quantile,0.2,0.0
2024-10-12,wk inc flu hosp,3,2024-11-02,15,quantile,0.25,0.0
2024-10-12,wk inc flu hosp,3,2024-11-02,15,quantile,0.3,0.0
2024-10-12,wk inc flu hosp,3,2024-11-02,15,quantile,0.35,0.0
2024-10-12,wk inc flu hosp,3,2024-11-02,15,quantile,0.4,0.0
2024-10-12,wk inc flu hosp,3,2024-11-02,15,quantile,0.45,1.5142817763990015
2024-10-12,wk inc flu hosp,3,2024-11-02,15,quantile,0.5,3.5260186963645865
2024-10-12,wk inc flu hosp,3,2024-11-02,15,quantile,0.55,5.318832375965248
2024-10-12,wk inc flu hosp,3,2024-11-02,15,quantile,0.6,7.51794645623119
2024-10-12,wk inc flu hosp,3,2024-11-02,15,quantile,0.65,9.528301217690917
2024-10-12,wk inc flu hosp,3,2024-11-02,15,quantile,0.7,12.143899489119987
2024-10-12,wk inc flu hosp,3,2024-11-02,15,quantile,0.75,14.1522393025254
2024-10-12,wk inc flu hosp,3,2024-11-02,15,quantile,0.8,16.805751408198184
2024-10-12,wk inc flu hosp,3,2024-11-02,15,quantile,0.85,19.49022987072959
2024-10-12,wk inc flu hosp,3,2024-11-02,15,quantile,0.9,23.00435905526219
2024-10-12,wk inc flu hosp,3,2024-11-02,15,quantile,0.95,28.303005334177342
2024-10-12,wk inc flu hosp,3,2024-11-02,15,quantile,0.975,33.89996476826535
2024-10-12,wk inc flu hosp,3,2024-11-02,15,quantile,0.99,39.00440341552777
2024-10-12,wk inc flu hosp,0,2024-10-12,16,quantile,0.01,0.0
2024-10-12,wk inc flu hosp,0,2024-10-12,16,quantile,0.025,0.0
2024-10-12,wk inc flu hosp,0,2024-10-12,16,quantile,0.05,0.0
2024-10-12,wk inc flu hosp,0,2024-10-12,16,quantile,0.1,0.0
2024-10-12,wk inc flu hosp,0,2024-10-12,16,quantile,0.15,0.0
2024-10-12,wk inc flu hosp,0,2024-10-12,16,quantile,0.2,0.0
2024-10-12,wk inc flu hosp,0,2024-10-12,16,quantile,0.25,0.0
2024-10-12,wk inc flu hosp,0,2024-10-12,16,quantile,0.3,0.0
2024-10-12,wk inc flu hosp,0,2024-10-12,16,quantile,0.35,0.0
2024-10-12,wk inc flu hosp,0,2024-10-12,16,quantile,0.4,0.0
2024-10-12,wk inc flu hosp,0,2024-10-12,16,quantile,0.45,0.0
2024-10-12,wk inc flu hosp,0,2024-10-12,16,quantile,0.5,0.0
2024-10-12,wk inc flu hosp,0,2024-10-12,16,quantile,0.55,0.0
2024-10-12,wk inc flu hosp,0,2024-10-12,16,quantile,0.6,1.208440867291042
2024-10-12,wk inc flu hosp,0,2024-10-12,16,quantile,0.65,3.6017744428386473
2024-10-12,wk inc flu hosp,0,2024-10-12,16,quantile,0.7,5.70756162294858
2024-10-12,wk inc flu hosp,0,2024-10-12,16,quantile,0.75,9.134183651462713
2024-10-12,wk inc flu hosp,0,2024-10-12,16,quantile,0.8,12.643195862781726
2024-10-12,wk inc flu hosp,0,2024-10-12,16,quantile,0.85,15.80093559537768
2024-10-12,wk inc flu hosp,0,2024-10-12,16,quantile,0.9,21.21423748384769
2024-10-12,wk inc flu hosp,0,2024-10-12,16,quantile,0.95,29.50157588531115
2024-10-12,wk inc flu hosp,0,2024-10-12,16,quantile,0.975,35.12507528004168
2024-10-12,wk inc flu hosp,0,2024-10-12,16,quantile,0.99,41.2979804603443
2024-10-12,wk inc flu hosp,1,2024-10-19,16,quantile,0.01,0.0
2024-10-12,wk inc flu hosp,1,2024-10-19,16,quantile,0.025,0.0
2024-10-12,wk inc flu hosp,1,2024-10-19,16,quantile,0.05,0.0
2024-10-12,wk inc flu hosp,1,2024-10-19,16,quantile,0.1,0.0
2024-10-12,wk inc flu hosp,1,2024-10-19,16,quantile,0.15,0.0
2024-10-12,wk inc flu hosp,1,2024-10-19,16,quantile,0.2,0.0
2024-10-12,wk inc flu hosp,1,2024-10-19,16,quantile,0.25,0.0
2024-10-12,wk inc flu hosp,1,2024-10-19,16,quantile,0.3,0.0
2024-10-12,wk inc flu hosp,1,2024-10-19,16,quantile,0.35,0.0
2024-10-12,wk inc flu hosp,1,2024-10-19,16,quantile,0.4,0.0
2024-10-12,wk inc flu hosp,1,2024-10-19,16,quantile,0.45,0.0
2024-10-12,wk inc flu hosp,1,2024-10-19,16,quantile,0.5,3.4550362207193595
2024-10-12,wk inc flu hosp,1,2024-10-19,16,quantile,0.55,5.57725344080748
2024-10-12,wk inc flu hosp,1,2024-10-19,16,quantile,0.6,8.526778897986244
2024-10-12,wk inc flu hosp,1,2024-10-19,16,quantile,0.65,11.531715793572173
2024-10-12,wk inc flu hosp,1,2024-10-19,16,quantile,0.7,14.751065000206031
2024-10-12,wk inc flu hosp,1,2024-10-19,16,quantile,0.75,18.434976053380698
2024-10-12,wk inc flu hosp,1,2024-10-19,16,quantile,0.8,22.260682880808265
2024-10-12,wk inc flu hosp,1,2024-10-19,16,quantile,0.85,27.25481382233668
2024-10-12,wk inc flu hosp,1,2024-10-19,16,quantile,0.9,33.04617779783417
2024-10-12,wk inc flu hosp,1,2024-10-19,16,quantile,0.95,43.40681718503868
2024-10-12,wk inc flu hosp,1,2024-10-19,16,quantile,0.975,51.40573309708774
2024-10-12,wk inc flu hosp,1,2024-10-19,16,quantile,0.99,59.328254876305635
2024-10-12,wk inc flu hosp,2,2024-10-26,16,quantile,0.01,0.0
2024-10-12,wk inc flu hosp,2,2024-10-26,16,quantile,0.025,0.0
2024-10-12,wk inc flu hosp,2,2024-10-26,16,quantile,0.05,0.0
2024-10-12,wk inc flu hosp,2,2024-10-26,16,quantile,0.1,0.0
2024-10-12,wk inc flu hosp,2,2024-10-26,16,quantile,0.15,0.0
2024-10-12,wk inc flu hosp,2,2024-10-26,16,quantile,0.2,0.0
2024-10-12,wk inc flu hosp,2,2024-10-26,16,quantile,0.25,0.0
2024-10-12,wk inc flu hosp,2,2024-10-26,16,quantile,0.3,0.0
2024-10-12,wk inc flu hosp,2,2024-10-26,16,quantile,0.35,0.0
2024-10-12,wk inc flu hosp,2,2024-10-26,16,quantile,0.4,0.0
2024-10-12,wk inc flu hosp,2,2024-10-26,16,quantile,0.45,0.0
2024-10-12,wk inc flu hosp,2,2024-10-26,16,quantile,0.5,3.8881980908879603
2024-10-12,wk inc flu hosp,2,2024-10-26,16,quantile,0.55,7.218975811025356
2024-10-12,wk inc flu hosp,2,2024-10-26,16,quantile,0.6,10.8180521360074
2024-10-12,wk inc flu hosp,2,2024-10-26,16,quantile,0.65,15.540623293398614
2024-10-12,wk inc flu hosp,2,2024-10-26,16,quantile,0.7,19.174074441980718
2024-10-12,wk inc flu hosp,2,2024-10-26,16,quantile,0.75,22.391152313714173
2024-10-12,wk inc flu hosp,2,2024-10-26,16,quantile,0.8,26.170255773806304
2024-10-12,wk inc flu hosp,2,2024-10-26,16,quantile,0.85,33.00908801549391
2024-10-12,wk inc flu hosp,2,2024-10-26,16,quantile,0.9,39.74500713515679
2024-10-12,wk inc flu hosp,2,2024-10-26,16,quantile,0.95,49.74835605532336
2024-10-12,wk inc flu hosp,2,2024-10-26,16,quantile,0.975,59.51234084854144
2024-10-12,wk inc flu hosp,2,2024-10-26,16,quantile,0.99,66.87520483072502
2024-10-12,wk inc flu hosp,3,2024-11-02,16,quantile,0.01,0.0
2024-10-12,wk inc flu hosp,3,2024-11-02,16,quantile,0.025,0.0
2024-10-12,wk inc flu hosp,3,2024-11-02,16,quantile,0.05,0.0
2024-10-12,wk inc flu hosp,3,2024-11-02,16,quantile,0.1,0.0
2024-10-12,wk inc flu hosp,3,2024-11-02,16,quantile,0.15,0.0
2024-10-12,wk inc flu hosp,3,2024-11-02,16,quantile,0.2,0.0
2024-10-12,wk inc flu hosp,3,2024-11-02,16,quantile,0.25,0.0
2024-10-12,wk inc flu hosp,3,2024-11-02,16,quantile,0.3,0.0
2024-10-12,wk inc flu hosp,3,2024-11-02,16,quantile,0.35,0.0
2024-10-12,wk inc flu hosp,3,2024-11-02,16,quantile,0.4,1.4332430262493692
2024-10-12,wk inc flu hosp,3,2024-11-02,16,quantile,0.45,4.879655613611786
2024-10-12,wk inc flu hosp,3,2024-11-02,16,quantile,0.5,9.402479514913066
2024-10-12,wk inc flu hosp,3,2024-11-02,16,quantile,0.55,13.481668920658183
2024-10-12,wk inc flu hosp,3,2024-11-02,16,quantile,0.6,18.184800663410634
2024-10-12,wk inc flu hosp,3,2024-11-02,16,quantile,0.65,22.779088051324905
2024-10-12,wk inc flu hosp,3,2024-11-02,16,quantile,0.7,28.39441744522612
2024-10-12,wk inc flu hosp,3,2024-11-02,16,quantile,0.75,33.04732418381107
2024-10-12,wk inc flu hosp,3,2024-11-02,16,quantile,0.8,38.99413859238571
2024-10-12,wk inc flu hosp,3,2024-11-02,16,quantile,0.85,45.01883660274193
2024-10-12,wk inc flu hosp,3,2024-11-02,16,quantile,0.9,52.788556996017675
2024-10-12,wk inc flu hosp,3,2024-11-02,16,quantile,0.95,64.77174036525938
2024-10-12,wk inc flu hosp,3,2024-11-02,16,quantile,0.975,76.84303087216746
2024-10-12,wk inc flu hosp,3,2024-11-02,16,quantile,0.99,88.61080481853611
2024-10-12,wk inc flu hosp,0,2024-10-12,17,quantile,0.01,0.0
2024-10-12,wk inc flu hosp,0,2024-10-12,17,quantile,0.025,0.0
2024-10-12,wk inc flu hosp,0,2024-10-12,17,quantile,0.05,0.0
2024-10-12,wk inc flu hosp,0,2024-10-12,17,quantile,0.1,0.0
2024-10-12,wk inc flu hosp,0,2024-10-12,17,quantile,0.15,0.0
2024-10-12,wk inc flu hosp,0,2024-10-12,17,quantile,0.2,0.0
2024-10-12,wk inc flu hosp,0,2024-10-12,17,quantile,0.25,0.0
2024-10-12,wk inc flu hosp,0,2024-10-12,17,quantile,0.3,0.0
2024-10-12,wk inc flu hosp,0,2024-10-12,17,quantile,0.35,0.0
2024-10-12,wk inc flu hosp,0,2024-10-12,17,quantile,0.4,0.0
2024-10-12,wk inc flu hosp,0,2024-10-12,17,quantile,0.45,0.0
2024-10-12,wk inc flu hosp,0,2024-10-12,17,quantile,0.5,0.0
2024-10-12,wk inc flu hosp,0,2024-10-12,17,quantile,0.55,5.200263960270645
2024-10-12,wk inc flu hosp,0,2024-10-12,17,quantile,0.6,14.254992908911861
2024-10-12,wk inc flu hosp,0,2024-10-12,17,quantile,0.65,21.962924698513962
2024-10-12,wk inc flu hosp,0,2024-10-12,17,quantile,0.7,28.744789171372553
2024-10-12,wk inc flu hosp,0,2024-10-12,17,quantile,0.75,39.78051320682871
2024-10-12,wk inc flu hosp,0,2024-10-12,17,quantile,0.8,51.08158174573444
2024-10-12,wk inc flu hosp,0,2024-10-12,17,quantile,0.85,61.25134776449636
2024-10-12,wk inc flu hosp,0,2024-10-12,17,quantile,0.9,78.6853411447564
2024-10-12,wk inc flu hosp,0,2024-10-12,17,quantile,0.95,105.37541049758988
2024-10-12,wk inc flu hosp,0,2024-10-12,17,quantile,0.975,123.48636260067644
2024-10-12,wk inc flu hosp,0,2024-10-12,17,quantile,0.99,143.36672217928952
2024-10-12,wk inc flu hosp,1,2024-10-19,17,quantile,0.01,0.0
2024-10-12,wk inc flu hosp,1,2024-10-19,17,quantile,0.025,0.0
2024-10-12,wk inc flu hosp,1,2024-10-19,17,quantile,0.05,0.0
2024-10-12,wk inc flu hosp,1,2024-10-19,17,quantile,0.1,0.0
2024-10-12,wk inc flu hosp,1,2024-10-19,17,quantile,0.15,0.0
2024-10-12,wk inc flu hosp,1,2024-10-19,17,quantile,0.2,0.0
2024-10-12,wk inc flu hosp,1,2024-10-19,17,quantile,0.25,0.0
2024-10-12,wk inc flu hosp,1,2024-10-19,17,quantile,0.3,0.0
2024-10-12,wk inc flu hosp,1,2024-10-19,17,quantile,0.35,0.0
2024-10-12,wk inc flu hosp,1,2024-10-19,17,quantile,0.4,0.0
2024-10-12,wk inc flu hosp,1,2024-10-19,17,quantile,0.45,6.495293512529958
2024-10-12,wk inc flu hosp,1,2024-10-19,17,quantile,0.5,19.03352164516524
2024-10-12,wk inc flu hosp,1,2024-10-19,17,quantile,0.55,29.78920185477617
2024-10-12,wk inc flu hosp,1,2024-10-19,17,quantile,0.6,39.59588498144014
2024-10-12,wk inc flu hosp,1,2024-10-19,17,quantile,0.65,50.24449661770772
2024-10-12,wk inc flu hosp,1,2024-10-19,17,quantile,0.7,60.32535074535871
2024-10-12,wk inc flu hosp,1,2024-10-19,17,quantile,0.75,74.87195176560716
2024-10-12,wk inc flu hosp,1,2024-10-19,17,quantile,0.8,87.27364597062052
2024-10-12,wk inc flu hosp,1,2024-10-19,17,quantile,0.85,101.3484951774133
2024-10-12,wk inc flu hosp,1,2024-10-19,17,quantile,0.9,126.64674928888864
2024-10-12,wk inc flu hosp,1,2024-10-19,17,quantile,0.95,165.3625708993308
2024-10-12,wk inc flu hosp,1,2024-10-19,17,quantile,0.975,189.23148116760768
2024-10-12,wk inc flu hosp,1,2024-10-19,17,quantile,0.99,216.17793021503488
2024-10-12,wk inc flu hosp,2,2024-10-26,17,quantile,0.01,0.0
2024-10-12,wk inc flu hosp,2,2024-10-26,17,quantile,0.025,0.0
2024-10-12,wk inc flu hosp,2,2024-10-26,17,quantile,0.05,0.0
2024-10-12,wk inc flu hosp,2,2024-10-26,17,quantile,0.1,0.0
2024-10-12,wk inc flu hosp,2,2024-10-26,17,quantile,0.15,0.0
2024-10-12,wk inc flu hosp,2,2024-10-26,17,quantile,0.2,0.0
2024-10-12,wk inc flu hosp,2,2024-10-26,17,quantile,0.25,0.0
2024-10-12,wk inc flu hosp,2,2024-10-26,17,quantile,0.3,0.0
2024-10-12,wk inc flu hosp,2,2024-10-26,17,quantile,0.35,0.0
2024-10-12,wk inc flu hosp,2,2024-10-26,17,quantile,0.4,0.22586620015370068
2024-10-12,wk inc flu hosp,2,2024-10-26,17,quantile,0.45,15.107170345456993
2024-10-12,wk inc flu hosp,2,2024-10-26,17,quantile,0.5,31.22137771953868
2024-10-12,wk inc flu hosp,2,2024-10-26,17,quantile,0.55,45.28317407074094
2024-10-12,wk inc flu hosp,2,2024-10-26,17,quantile,0.6,56.08161797102678
2024-10-12,wk inc flu hosp,2,2024-10-26,17,quantile,0.65,74.32313678209646
2024-10-12,wk inc flu hosp,2,2024-10-26,17,quantile,0.7,84.32840415967596
2024-10-12,wk inc flu hosp,2,2024-10-26,17,quantile,0.75,101.9743395638572
2024-10-12,wk inc flu hosp,2,2024-10-26,17,quantile,0.8,114.9296310430912
2024-10-12,wk inc flu hosp,2,2024-10-26,17,quantile,0.85,133.84090803341326
2024-10-12,wk inc flu hosp,2,2024-10-26,17,quantile,0.9,158.6104715147193
2024-10-12,wk inc flu hosp,2,2024-10-26,17,quantile,0.95,200.96907800813415
2024-10-12,wk inc flu hosp,2,2024-10-26,17,quantile,0.975,235.73150254531285
2024-10-12,wk inc flu hosp,2,2024-10-26,17,quantile,0.99,258.044302313336
2024-10-12,wk inc flu hosp,3,2024-11-02,17,quantile,0.01,0.0
2024-10-12,wk inc flu hosp,3,2024-11-02,17,quantile,0.025,0.0
2024-10-12,wk inc flu hosp,3,2024-11-02,17,quantile,0.05,0.0
2024-10-12,wk inc flu hosp,3,2024-11-02,17,quantile,0.1,0.0
2024-10-12,wk inc flu hosp,3,2024-11-02,17,quantile,0.15,0.0
2024-10-12,wk inc flu hosp,3,2024-11-02,17,quantile,0.2,0.0
2024-10-12,wk inc flu hosp,3,2024-11-02,17,quantile,0.25,0.0
2024-10-12,wk inc flu hosp,3,2024-11-02,17,quantile,0.3,0.0
2024-10-12,wk inc flu hosp,3,2024-11-02,17,quantile,0.35,0.0
2024-10-12,wk inc flu hosp,3,2024-11-02,17,quantile,0.4,13.499892700961627
2024-10-12,wk inc flu hosp,3,2024-11-02,17,quantile,0.45,32.64124792569135
2024-10-12,wk inc flu hosp,3,2024-11-02,17,quantile,0.5,45.18978554240387
2024-10-12,wk inc flu hosp,3,2024-11-02,17,quantile,0.55,61.82271840030324
2024-10-12,wk inc flu hosp,3,2024-11-02,17,quantile,0.6,77.15041031798495
2024-10-12,wk inc flu hosp,3,2024-11-02,17,quantile,0.65,96.1337469453973
2024-10-12,wk inc flu hosp,3,2024-11-02,17,quantile,0.7,113.23471457414675
2024-10-12,wk inc flu hosp,3,2024-11-02,17,quantile,0.75,134.40227792414365
2024-10-12,wk inc flu hosp,3,2024-11-02,17,quantile,0.8,152.46735216718926
2024-10-12,wk inc flu hosp,3,2024-11-02,17,quantile,0.85,174.34447735503994
2024-10-12,wk inc flu hosp,3,2024-11-02,17,quantile,0.9,205.84455525674943
2024-10-12,wk inc flu hosp,3,2024-11-02,17,quantile,0.95,248.05771829563452
2024-10-12,wk inc flu hosp,3,2024-11-02,17,quantile,0.975,289.5839277049771
2024-10-12,wk inc flu hosp,3,2024-11-02,17,quantile,0.99,340.57325821742603
2024-10-12,wk inc flu hosp,0,2024-10-12,18,quantile,0.01,0.0
2024-10-12,wk inc flu hosp,0,2024-10-12,18,quantile,0.025,0.0
2024-10-12,wk inc flu hosp,0,2024-10-12,18,quantile,0.05,0.0
2024-10-12,wk inc flu hosp,0,2024-10-12,18,quantile,0.1,0.0
2024-10-12,wk inc flu hosp,0,2024-10-12,18,quantile,0.15,0.0
2024-10-12,wk inc flu hosp,0,2024-10-12,18,quantile,0.2,0.0
2024-10-12,wk inc flu hosp,0,2024-10-12,18,quantile,0.25,0.0
2024-10-12,wk inc flu hosp,0,2024-10-12,18,quantile,0.3,0.0
2024-10-12,wk inc flu hosp,0,2024-10-12,18,quantile,0.35,0.0
2024-10-12,wk inc flu hosp,0,2024-10-12,18,quantile,0.4,0.0
2024-10-12,wk inc flu hosp,0,2024-10-12,18,quantile,0.45,0.0
2024-10-12,wk inc flu hosp,0,2024-10-12,18,quantile,0.5,0.0
2024-10-12,wk inc flu hosp,0,2024-10-12,18,quantile,0.55,0.0
2024-10-12,wk inc flu hosp,0,2024-10-12,18,quantile,0.6,8.79879090738336
2024-10-12,wk inc flu hosp,0,2024-10-12,18,quantile,0.65,18.537438029641915
2024-10-12,wk inc flu hosp,0,2024-10-12,18,quantile,0.7,27.10603810745362
2024-10-12,wk inc flu hosp,0,2024-10-12,18,quantile,0.75,41.04921055027601
2024-10-12,wk inc flu hosp,0,2024-10-12,18,quantile,0.8,55.32763459566347
2024-10-12,wk inc flu hosp,0,2024-10-12,18,quantile,0.85,68.17670556256822
2024-10-12,wk inc flu hosp,0,2024-10-12,18,quantile,0.9,90.20382179771448
2024-10-12,wk inc flu hosp,0,2024-10-12,18,quantile,0.95,123.92560011527674
2024-10-12,wk inc flu hosp,0,2024-10-12,18,quantile,0.975,146.80802518006723
2024-10-12,wk inc flu hosp,0,2024-10-12,18,quantile,0.99,171.92602205452062
2024-10-12,wk inc flu hosp,1,2024-10-19,18,quantile,0.01,0.0
2024-10-12,wk inc flu hosp,1,2024-10-19,18,quantile,0.025,0.0
2024-10-12,wk inc flu hosp,1,2024-10-19,18,quantile,0.05,0.0
2024-10-12,wk inc flu hosp,1,2024-10-19,18,quantile,0.1,0.0
2024-10-12,wk inc flu hosp,1,2024-10-19,18,quantile,0.15,0.0
2024-10-12,wk inc flu hosp,1,2024-10-19,18,quantile,0.2,0.0
2024-10-12,wk inc flu hosp,1,2024-10-19,18,quantile,0.25,0.0
2024-10-12,wk inc flu hosp,1,2024-10-19,18,quantile,0.3,0.0
2024-10-12,wk inc flu hosp,1,2024-10-19,18,quantile,0.35,0.0
2024-10-12,wk inc flu hosp,1,2024-10-19,18,quantile,0.4,0.0
2024-10-12,wk inc flu hosp,1,2024-10-19,18,quantile,0.45,0.0
2024-10-12,wk inc flu hosp,1,2024-10-19,18,quantile,0.5,7.127869876197985
2024-10-12,wk inc flu hosp,1,2024-10-19,18,quantile,0.55,20.717218741811863
2024-10-12,wk inc flu hosp,1,2024-10-19,18,quantile,0.6,33.10754976928951
2024-10-12,wk inc flu hosp,1,2024-10-19,18,quantile,0.65,46.5616220027101
2024-10-12,wk inc flu hosp,1,2024-10-19,18,quantile,0.7,59.298356540578474
2024-10-12,wk inc flu hosp,1,2024-10-19,18,quantile,0.75,77.67737415923284
2024-10-12,wk inc flu hosp,1,2024-10-19,18,quantile,0.8,93.34639237027984
2024-10-12,wk inc flu hosp,1,2024-10-19,18,quantile,0.85,111.12937144501197
2024-10-12,wk inc flu hosp,1,2024-10-19,18,quantile,0.9,143.0926498348432
2024-10-12,wk inc flu hosp,1,2024-10-19,18,quantile,0.95,192.00845954932896
2024-10-12,wk inc flu hosp,1,2024-10-19,18,quantile,0.975,222.16582220388338
2024-10-12,wk inc flu hosp,1,2024-10-19,18,quantile,0.99,256.2115254656605
2024-10-12,wk inc flu hosp,2,2024-10-26,18,quantile,0.01,0.0
2024-10-12,wk inc flu hosp,2,2024-10-26,18,quantile,0.025,0.0
2024-10-12,wk inc flu hosp,2,2024-10-26,18,quantile,0.05,0.0
2024-10-12,wk inc flu hosp,2,2024-10-26,18,quantile,0.1,0.0
2024-10-12,wk inc flu hosp,2,2024-10-26,18,quantile,0.15,0.0
2024-10-12,wk inc flu hosp,2,2024-10-26,18,quantile,0.2,0.0
2024-10-12,wk inc flu hosp,2,2024-10-26,18,quantile,0.25,0.0
2024-10-12,wk inc flu hosp,2,2024-10-26,18,quantile,0.3,0.0
2024-10-12,wk inc flu hosp,2,2024-10-26,18,quantile,0.35,0.0
2024-10-12,wk inc flu hosp,2,2024-10-26,18,quantile,0.4,0.0
2024-10-12,wk inc flu hosp,2,2024-10-26,18,quantile,0.45,3.6790430099755085
2024-10-12,wk inc flu hosp,2,2024-10-26,18,quantile,0.5,24.038665221834073
2024-10-12,wk inc flu hosp,2,2024-10-26,18,quantile,0.55,41.80515256337436
2024-10-12,wk inc flu hosp,2,2024-10-26,18,quantile,0.6,55.44853155075081
2024-10-12,wk inc flu hosp,2,2024-10-26,18,quantile,0.65,78.49592215100179
2024-10-12,wk inc flu hosp,2,2024-10-26,18,quantile,0.7,91.13715601421947
2024-10-12,wk inc flu hosp,2,2024-10-26,18,quantile,0.75,113.43205206860733
2024-10-12,wk inc flu hosp,2,2024-10-26,18,quantile,0.8,129.80051711554208
2024-10-12,wk inc flu hosp,2,2024-10-26,18,quantile,0.85,153.69411896195186
2024-10-12,wk inc flu hosp,2,2024-10-26,18,quantile,0.9,184.98941901147063
2024-10-12,wk inc flu hosp,2,2024-10-26,18,quantile,0.95,238.50773397456436
2024-10-12,wk inc flu hosp,2,2024-10-26,18,quantile,0.975,282.4285930224368
2024-10-12,wk inc flu hosp,2,2024-10-26,18,quantile,0.99,310.6198756105263
2024-10-12,wk inc flu hosp,3,2024-11-02,18,quantile,0.01,0.0
2024-10-12,wk inc flu hosp,3,2024-11-02,18,quantile,0.025,0.0
2024-10-12,wk inc flu hosp,3,2024-11-02,18,quantile,0.05,0.0
2024-10-12,wk inc flu hosp,3,2024-11-02,18,quantile,0.1,0.0
2024-10-12,wk inc flu hosp,3,2024-11-02,18,quantile,0.15,0.0
2024-10-12,wk inc flu hosp,3,2024-11-02,18,quantile,0.2,0.0
2024-10-12,wk inc flu hosp,3,2024-11-02,18,quantile,0.25,0.0
2024-10-12,wk inc flu hosp,3,2024-11-02,18,quantile,0.3,0.0
2024-10-12,wk inc flu hosp,3,2024-11-02,18,quantile,0.35,0.0
2024-10-12,wk inc flu hosp,3,2024-11-02,18,quantile,0.4,0.0
2024-10-12,wk inc flu hosp,3,2024-11-02,18,quantile,0.45,1.1450577289147916
2024-10-12,wk inc flu hosp,3,2024-11-02,18,quantile,0.5,16.999606404916953
2024-10-12,wk inc flu hosp,3,2024-11-02,18,quantile,0.55,38.014616414451076
2024-10-12,wk inc flu hosp,3,2024-11-02,18,quantile,0.6,57.38050947883524
2024-10-12,wk inc flu hosp,3,2024-11-02,18,quantile,0.65,81.36515564122122
2024-10-12,wk inc flu hosp,3,2024-11-02,18,quantile,0.7,102.97150786792567
2024-10-12,wk inc flu hosp,3,2024-11-02,18,quantile,0.75,129.71583248451824
2024-10-12,wk inc flu hosp,3,2024-11-02,18,quantile,0.8,152.54029280573621
2024-10-12,wk inc flu hosp,3,2024-11-02,18,quantile,0.85,180.18111891441487
2024-10-12,wk inc flu hosp,3,2024-11-02,18,quantile,0.9,219.98014041357084
2024-10-12,wk inc flu hosp,3,2024-11-02,18,quantile,0.95,273.31469369862134
2024-10-12,wk inc flu hosp,3,2024-11-02,18,quantile,0.975,325.7813100104246
2024-10-12,wk inc flu hosp,3,2024-11-02,18,quantile,0.99,390.2041812053672
2024-10-12,wk inc flu hosp,0,2024-10-12,19,quantile,0.01,0.0
2024-10-12,wk inc flu hosp,0,2024-10-12,19,quantile,0.025,0.0
2024-10-12,wk inc flu hosp,0,2024-10-12,19,quantile,0.05,0.0
2024-10-12,wk inc flu hosp,0,2024-10-12,19,quantile,0.1,0.0
2024-10-12,wk inc flu hosp,0,2024-10-12,19,quantile,0.15,0.0
2024-10-12,wk inc flu hosp,0,2024-10-12,19,quantile,0.2,0.0
2024-10-12,wk inc flu hosp,0,2024-10-12,19,quantile,0.25,0.0
2024-10-12,wk inc flu hosp,0,2024-10-12,19,quantile,0.3,0.0
2024-10-12,wk inc flu hosp,0,2024-10-12,19,quantile,0.35,0.0
2024-10-12,wk inc flu hosp,0,2024-10-12,19,quantile,0.4,0.0
2024-10-12,wk inc flu hosp,0,2024-10-12,19,quantile,0.45,0.0
2024-10-12,wk inc flu hosp,0,2024-10-12,19,quantile,0.5,0.0
2024-10-12,wk inc flu hosp,0,2024-10-12,19,quantile,0.55,1.2834233660459837
2024-10-12,wk inc flu hosp,0,2024-10-12,19,quantile,0.6,5.485447130304686
2024-10-12,wk inc flu hosp,0,2024-10-12,19,quantile,0.65,9.062463376390497
2024-10-12,wk inc flu hosp,0,2024-10-12,19,quantile,0.7,12.209720002466538
2024-10-12,wk inc flu hosp,0,2024-10-12,19,quantile,0.75,17.33106321614125
2024-10-12,wk inc flu hosp,0,2024-10-12,19,quantile,0.8,22.575544727553517
2024-10-12,wk inc flu hosp,0,2024-10-12,19,quantile,0.85,27.295023215554078
2024-10-12,wk inc flu hosp,0,2024-10-12,19,quantile,0.9,35.38560824634895
2024-10-12,wk inc flu hosp,0,2024-10-12,19,quantile,0.95,47.7716560592047
2024-10-12,wk inc flu hosp,0,2024-10-12,19,quantile,0.975,56.17639700310021
2024-10-12,wk inc flu hosp,0,2024-10-12,19,quantile,0.99,65.40226603409712
2024-10-12,wk inc flu hosp,1,2024-10-19,19,quantile,0.01,0.0
2024-10-12,wk inc flu hosp,1,2024-10-19,19,quantile,0.025,0.0
2024-10-12,wk inc flu hosp,1,2024-10-19,19,quantile,0.05,0.0
2024-10-12,wk inc flu hosp,1,2024-10-19,19,quantile,0.1,0.0
2024-10-12,wk inc flu hosp,1,2024-10-19,19,quantile,0.15,0.0
2024-10-12,wk inc flu hosp,1,2024-10-19,19,quantile,0.2,0.0
2024-10-12,wk inc flu hosp,1,2024-10-19,19,quantile,0.25,0.0
2024-10-12,wk inc flu hosp,1,2024-10-19,19,quantile,0.3,0.0
2024-10-12,wk inc flu hosp,1,2024-10-19,19,quantile,0.35,0.0
2024-10-12,wk inc flu hosp,1,2024-10-19,19,quantile,0.4,0.0
2024-10-12,wk inc flu hosp,1,2024-10-19,19,quantile,0.45,0.0
2024-10-12,wk inc flu hosp,1,2024-10-19,19,quantile,0.5,1.7599522497722628
2024-10-12,wk inc flu hosp,1,2024-10-19,19,quantile,0.55,5.1087456251021255
2024-10-12,wk inc flu hosp,1,2024-10-19,19,quantile,0.6,9.089826151517162
2024-10-12,wk inc flu hosp,1,2024-10-19,19,quantile,0.65,13.792296871845913
2024-10-12,wk inc flu hosp,1,2024-10-19,19,quantile,0.7,18.513724677876464
2024-10-12,wk inc flu hosp,1,2024-10-19,19,quantile,0.75,23.98113398452872
2024-10-12,wk inc flu hosp,1,2024-10-19,19,quantile,0.8,29.565013265559354
2024-10-12,wk inc flu hosp,1,2024-10-19,19,quantile,0.85,36.924533509832514
2024-10-12,wk inc flu hosp,1,2024-10-19,19,quantile,0.9,45.41411685762863
2024-10-12,wk inc flu hosp,1,2024-10-19,19,quantile,0.95,61.14069027965268
2024-10-12,wk inc flu hosp,1,2024-10-19,19,quantile,0.975,72.79304791130524
2024-10-12,wk inc flu hosp,1,2024-10-19,19,quantile,0.99,84.80641242367267
2024-10-12,wk inc flu hosp,2,2024-10-26,19,quantile,0.01,0.0
2024-10-12,wk inc flu hosp,2,2024-10-26,19,quantile,0.025,0.0
2024-10-12,wk inc flu hosp,2,2024-10-26,19,quantile,0.05,0.0
2024-10-12,wk inc flu hosp,2,2024-10-26,19,quantile,0.1,0.0
2024-10-12,wk inc flu hosp,2,2024-10-26,19,quantile,0.15,0.0
2024-10-12,wk inc flu hosp,2,2024-10-26,19,quantile,0.2,0.0
2024-10-12,wk inc flu hosp,2,2024-10-26,19,quantile,0.25,0.0
2024-10-12,wk inc flu hosp,2,2024-10-26,19,quantile,0.3,0.0
2024-10-12,wk inc flu hosp,2,2024-10-26,19,quantile,0.35,0.0
2024-10-12,wk inc flu hosp,2,2024-10-26,19,quantile,0.4,0.0
2024-10-12,wk inc flu hosp,2,2024-10-26,19,quantile,0.45,0.0
2024-10-12,wk inc flu hosp,2,2024-10-26,19,quantile,0.5,2.6452796690832385
2024-10-12,wk inc flu hosp,2,2024-10-26,19,quantile,0.55,7.513567332716972
2024-10-12,wk inc flu hosp,2,2024-10-26,19,quantile,0.6,12.848157809603876
2024-10-12,wk inc flu hosp,2,2024-10-26,19,quantile,0.65,20.0489018419348
2024-10-12,wk inc flu hosp,2,2024-10-26,19,quantile,0.7,25.31792983176821
2024-10-12,wk inc flu hosp,2,2024-10-26,19,quantile,0.75,30.257391582274455
2024-10-12,wk inc flu hosp,2,2024-10-26,19,quantile,0.8,35.47883713555147
2024-10-12,wk inc flu hosp,2,2024-10-26,19,quantile,0.85,45.80137562732002
2024-10-12,wk inc flu hosp,2,2024-10-26,19,quantile,0.9,55.92989437359233
2024-10-12,wk inc flu hosp,2,2024-10-26,19,quantile,0.95,70.22155612349158
2024-10-12,wk inc flu hosp,2,2024-10-26,19,quantile,0.975,84.61566392187893
2024-10-12,wk inc flu hosp,2,2024-10-26,19,quantile,0.99,95.74969960870494
2024-10-12,wk inc flu hosp,3,2024-11-02,19,quantile,0.01,0.0
2024-10-12,wk inc flu hosp,3,2024-11-02,19,quantile,0.025,0.0
2024-10-12,wk inc flu hosp,3,2024-11-02,19,quantile,0.05,0.0
2024-10-12,wk inc flu hosp,3,2024-11-02,19,quantile,0.1,0.0
2024-10-12,wk inc flu hosp,3,2024-11-02,19,quantile,0.15,0.0
2024-10-12,wk inc flu hosp,3,2024-11-02,19,quantile,0.2,0.0
2024-10-12,wk inc flu hosp,3,2024-11-02,19,quantile,0.25,0.0
2024-10-12,wk inc flu hosp,3,2024-11-02,19,quantile,0.3,0.0
2024-10-12,wk inc flu hosp,3,2024-11-02,19,quantile,0.35,0.0
2024-10-12,wk inc flu hosp,3,2024-11-02,19,quantile,0.4,3.92509579889368
2024-10-12,wk inc flu hosp,3,2024-11-02,19,quantile,0.45,9.473316653814592
2024-10-12,wk inc flu hosp,3,2024-11-02,19,quantile,0.5,15.9344444289467
2024-10-12,wk inc flu hosp,3,2024-11-02,19,quantile,0.55,21.784108746489945
2024-10-12,wk inc flu hosp,3,2024-11-02,19,quantile,0.6,29.004247194165767
2024-10-12,wk inc flu hosp,3,2024-11-02,19,quantile,0.65,35.62609531727158
2024-10-12,wk inc flu hosp,3,2024-11-02,19,quantile,0.7,44.37876467566369
2024-10-12,wk inc flu hosp,3,2024-11-02,19,quantile,0.75,50.99152852324881
2024-10-12,wk inc flu hosp,3,2024-11-02,19,quantile,0.8,59.685325977032626
2024-10-12,wk inc flu hosp,3,2024-11-02,19,quantile,0.85,68.46467647112355
2024-10-12,wk inc flu hosp,3,2024-11-02,19,quantile,0.9,79.98456688501744
2024-10-12,wk inc flu hosp,3,2024-11-02,19,quantile,0.95,97.41266441269205
2024-10-12,wk inc flu hosp,3,2024-11-02,19,quantile,0.975,116.08354443264138
2024-10-12,wk inc flu hosp,3,2024-11-02,19,quantile,0.99,132.762672101432
2024-10-12,wk inc flu hosp,0,2024-10-12,20,quantile,0.01,0.0
2024-10-12,wk inc flu hosp,0,2024-10-12,20,quantile,0.025,0.0
2024-10-12,wk inc flu hosp,0,2024-10-12,20,quantile,0.05,0.0
2024-10-12,wk inc flu hosp,0,2024-10-12,20,quantile,0.1,0.0
2024-10-12,wk inc flu hosp,0,2024-10-12,20,quantile,0.15,0.0
2024-10-12,wk inc flu hosp,0,2024-10-12,20,quantile,0.2,0.0
2024-10-12,wk inc flu hosp,0,2024-10-12,20,quantile,0.25,0.0
2024-10-12,wk inc flu hosp,0,2024-10-12,20,quantile,0.3,0.0
2024-10-12,wk inc flu hosp,0,2024-10-12,20,quantile,0.35,0.0
2024-10-12,wk inc flu hosp,0,2024-10-12,20,quantile,0.4,0.0
2024-10-12,wk inc flu hosp,0,2024-10-12,20,quantile,0.45,0.0
2024-10-12,wk inc flu hosp,0,2024-10-12,20,quantile,0.5,0.0
2024-10-12,wk inc flu hosp,0,2024-10-12,20,quantile,0.55,1.4790737871594226
2024-10-12,wk inc flu hosp,0,2024-10-12,20,quantile,0.6,4.293896597306586
2024-10-12,wk inc flu hosp,0,2024-10-12,20,quantile,0.65,6.690043665152971
2024-10-12,wk inc flu hosp,0,2024-10-12,20,quantile,0.7,8.798306311313537
2024-10-12,wk inc flu hosp,0,2024-10-12,20,quantile,0.75,12.228956518259022
2024-10-12,wk inc flu hosp,0,2024-10-12,20,quantile,0.8,15.742093762099095
2024-10-12,wk inc flu hosp,0,2024-10-12,20,quantile,0.85,18.90354558753074
2024-10-12,wk inc flu hosp,0,2024-10-12,20,quantile,0.9,24.323211103423933
2024-10-12,wk inc flu hosp,0,2024-10-12,20,quantile,0.95,32.620291716757954
2024-10-12,wk inc flu hosp,0,2024-10-12,20,quantile,0.975,38.250401837381816
2024-10-12,wk inc flu hosp,0,2024-10-12,20,quantile,0.99,44.43056359961825
2024-10-12,wk inc flu hosp,1,2024-10-19,20,quantile,0.01,0.0
2024-10-12,wk inc flu hosp,1,2024-10-19,20,quantile,0.025,0.0
2024-10-12,wk inc flu hosp,1,2024-10-19,20,quantile,0.05,0.0
2024-10-12,wk inc flu hosp,1,2024-10-19,20,quantile,0.1,0.0
2024-10-12,wk inc flu hosp,1,2024-10-19,20,quantile,0.15,0.0
2024-10-12,wk inc flu hosp,1,2024-10-19,20,quantile,0.2,0.0
2024-10-12,wk inc flu hosp,1,2024-10-19,20,quantile,0.25,0.0
2024-10-12,wk inc flu hosp,1,2024-10-19,20,quantile,0.3,0.0
2024-10-12,wk inc flu hosp,1,2024-10-19,20,quantile,0.35,0.0
2024-10-12,wk inc flu hosp,1,2024-10-19,20,quantile,0.4,0.0
2024-10-12,wk inc flu hosp,1,2024-10-19,20,quantile,0.45,1.0234486384164405
2024-10-12,wk inc flu hosp,1,2024-10-19,20,quantile,0.5,4.921178846217639
2024-10-12,wk inc flu hosp,1,2024-10-19,20,quantile,0.55,8.26477247164626
2024-10-12,wk inc flu hosp,1,2024-10-19,20,quantile,0.6,11.313353551586985
2024-10-12,wk inc flu hosp,1,2024-10-19,20,quantile,0.65,14.62366301531337
2024-10-12,wk inc flu hosp,1,2024-10-19,20,quantile,0.7,17.757475005183792
2024-10-12,wk inc flu hosp,1,2024-10-19,20,quantile,0.75,22.27954348389283
2024-10-12,wk inc flu hosp,1,2024-10-19,20,quantile,0.8,26.13482970292205
2024-10-12,wk inc flu hosp,1,2024-10-19,20,quantile,0.85,30.510245777923114
2024-10-12,wk inc flu hosp,1,2024-10-19,20,quantile,0.9,38.37465598100991
2024-10-12,wk inc flu hosp,1,2024-10-19,20,quantile,0.95,50.4101546028671
2024-10-12,wk inc flu hosp,1,2024-10-19,20,quantile,0.975,57.83022796537049
2024-10-12,wk inc flu hosp,1,2024-10-19,20,quantile,0.99,66.2070087460418
2024-10-12,wk inc flu hosp,2,2024-10-26,20,quantile,0.01,0.0
2024-10-12,wk inc flu hosp,2,2024-10-26,20,quantile,0.025,0.0
2024-10-12,wk inc flu hosp,2,2024-10-26,20,quantile,0.05,0.0
2024-10-12,wk inc flu hosp,2,2024-10-26,20,quantile,0.1,0.0
2024-10-12,wk inc flu hosp,2,2024-10-26,20,quantile,0.15,0.0
2024-10-12,wk inc flu hosp,2,2024-10-26,20,quantile,0.2,0.0
2024-10-12,wk inc flu hosp,2,2024-10-26,20,quantile,0.25,0.0
2024-10-12,wk inc flu hosp,2,2024-10-26,20,quantile,0.3,0.0
2024-10-12,wk inc flu hosp,2,2024-10-26,20,quantile,0.35,0.0
2024-10-12,wk inc flu hosp,2,2024-10-26,20,quantile,0.4,0.0
2024-10-12,wk inc flu hosp,2,2024-10-26,20,quantile,0.45,0.0
2024-10-12,wk inc flu hosp,2,2024-10-26,20,quantile,0.5,4.664155005827292
2024-10-12,wk inc flu hosp,2,2024-10-26,20,quantile,0.55,9.035513369563626
2024-10-12,wk inc flu hosp,2,2024-10-26,20,quantile,0.6,12.392400845381456
2024-10-12,wk inc flu hosp,2,2024-10-26,20,quantile,0.65,18.063099938901324
2024-10-12,wk inc flu hosp,2,2024-10-26,20,quantile,0.7,21.173414449227774
2024-10-12,wk inc flu hosp,2,2024-10-26,20,quantile,0.75,26.6589658957486
2024-10-12,wk inc flu hosp,2,2024-10-26,20,quantile,0.8,30.686347629060958
2024-10-12,wk inc flu hosp,2,2024-10-26,20,quantile,0.85,36.565252910853914
2024-10-12,wk inc flu hosp,2,2024-10-26,20,quantile,0.9,44.265310270939906
2024-10-12,wk inc flu hosp,2,2024-10-26,20,quantile,0.95,57.43323307017533
2024-10-12,wk inc flu hosp,2,2024-10-26,20,quantile,0.975,68.23974821582799
2024-10-12,wk inc flu hosp,2,2024-10-26,20,quantile,0.99,75.17607707796395
2024-10-12,wk inc flu hosp,3,2024-11-02,20,quantile,0.01,0.0
2024-10-12,wk inc flu hosp,3,2024-11-02,20,quantile,0.025,0.0
2024-10-12,wk inc flu hosp,3,2024-11-02,20,quantile,0.05,0.0
2024-10-12,wk inc flu hosp,3,2024-11-02,20,quantile,0.1,0.0
2024-10-12,wk inc flu hosp,3,2024-11-02,20,quantile,0.15,0.0
2024-10-12,wk inc flu hosp,3,2024-11-02,20,quantile,0.2,0.0
2024-10-12,wk inc flu hosp,3,2024-11-02,20,quantile,0.25,0.0
2024-10-12,wk inc flu hosp,3,2024-11-02,20,quantile,0.3,0.0
2024-10-12,wk inc flu hosp,3,2024-11-02,20,quantile,0.35,0.0
2024-10-12,wk inc flu hosp,3,2024-11-02,20,quantile,0.4,0.0
2024-10-12,wk inc flu hosp,3,2024-11-02,20,quantile,0.45,1.3673258465147229
2024-10-12,wk inc flu hosp,3,2024-11-02,20,quantile,0.5,5.268260939973576
2024-10-12,wk inc flu hosp,3,2024-11-02,20,quantile,0.55,10.438902609494278
2024-10-12,wk inc flu hosp,3,2024-11-02,20,quantile,0.6,15.203787023099432
2024-10-12,wk inc flu hosp,3,2024-11-02,20,quantile,0.65,21.105093318917447
2024-10-12,wk inc flu hosp,3,2024-11-02,20,quantile,0.7,26.42123188364113
2024-10-12,wk inc flu hosp,3,2024-11-02,20,quantile,0.75,33.001543728508366
2024-10-12,wk inc flu hosp,3,2024-11-02,20,quantile,0.8,38.61739190405853
2024-10-12,wk inc flu hosp,3,2024-11-02,20,quantile,0.85,45.41828360920969
2024-10-12,wk inc flu hosp,3,2024-11-02,20,quantile,0.9,55.21064054248374
2024-10-12,wk inc flu hosp,3,2024-11-02,20,quantile,0.95,68.3333496687625
2024-10-12,wk inc flu hosp,3,2024-11-02,20,quantile,0.975,81.24250709659547
2024-10-12,wk inc flu hosp,3,2024-11-02,20,quantile,0.99,97.0934432664859
2024-10-12,wk inc flu hosp,0,2024-10-12,21,quantile,0.01,0.0
2024-10-12,wk inc flu hosp,0,2024-10-12,21,quantile,0.025,0.0
2024-10-12,wk inc flu hosp,0,2024-10-12,21,quantile,0.05,0.0
2024-10-12,wk inc flu hosp,0,2024-10-12,21,quantile,0.1,0.0
2024-10-12,wk inc flu hosp,0,2024-10-12,21,quantile,0.15,0.0
2024-10-12,wk inc flu hosp,0,2024-10-12,21,quantile,0.2,0.0
2024-10-12,wk inc flu hosp,0,2024-10-12,21,quantile,0.25,0.0
2024-10-12,wk inc flu hosp,0,2024-10-12,21,quantile,0.3,0.0
2024-10-12,wk inc flu hosp,0,2024-10-12,21,quantile,0.35,0.0
2024-10-12,wk inc flu hosp,0,2024-10-12,21,quantile,0.4,0.0
2024-10-12,wk inc flu hosp,0,2024-10-12,21,quantile,0.45,0.0
2024-10-12,wk inc flu hosp,0,2024-10-12,21,quantile,0.5,3.9396911038523967
2024-10-12,wk inc flu hosp,0,2024-10-12,21,quantile,0.55,8.706117158155614
2024-10-12,wk inc flu hosp,0,2024-10-12,21,quantile,0.6,15.018804117285407
2024-10-12,wk inc flu hosp,0,2024-10-12,21,quantile,0.65,20.39254426633591
2024-10-12,wk inc flu hosp,0,2024-10-12,21,quantile,0.7,25.120657902782703
2024-10-12,wk inc flu hosp,0,2024-10-12,21,quantile,0.75,32.81443555182359
2024-10-12,wk inc flu hosp,0,2024-10-12,21,quantile,0.8,40.69320347457712
2024-10-12,wk inc flu hosp,0,2024-10-12,21,quantile,0.85,47.78326102220515
2024-10-12,wk inc flu hosp,0,2024-10-12,21,quantile,0.9,59.93772122541622
2024-10-12,wk inc flu hosp,0,2024-10-12,21,quantile,0.95,78.54524152752147
2024-10-12,wk inc flu hosp,0,2024-10-12,21,quantile,0.975,91.17165716150191
2024-10-12,wk inc flu hosp,0,2024-10-12,21,quantile,0.99,105.03165091355726
2024-10-12,wk inc flu hosp,1,2024-10-19,21,quantile,0.01,0.0
2024-10-12,wk inc flu hosp,1,2024-10-19,21,quantile,0.025,0.0
2024-10-12,wk inc flu hosp,1,2024-10-19,21,quantile,0.05,0.0
2024-10-12,wk inc flu hosp,1,2024-10-19,21,quantile,0.1,0.0
2024-10-12,wk inc flu hosp,1,2024-10-19,21,quantile,0.15,0.0
2024-10-12,wk inc flu hosp,1,2024-10-19,21,quantile,0.2,0.0
2024-10-12,wk inc flu hosp,1,2024-10-19,21,quantile,0.25,0.0
2024-10-12,wk inc flu hosp,1,2024-10-19,21,quantile,0.3,0.0
2024-10-12,wk inc flu hosp,1,2024-10-19,21,quantile,0.35,0.0
2024-10-12,wk inc flu hosp,1,2024-10-19,21,quantile,0.4,0.0
2024-10-12,wk inc flu hosp,1,2024-10-19,21,quantile,0.45,4.797894817066283
2024-10-12,wk inc flu hosp,1,2024-10-19,21,quantile,0.5,13.539173509385279
2024-10-12,wk inc flu hosp,1,2024-10-19,21,quantile,0.55,21.037712955557126
2024-10-12,wk inc flu hosp,1,2024-10-19,21,quantile,0.6,27.874639940025283
2024-10-12,wk inc flu hosp,1,2024-10-19,21,quantile,0.65,35.29853437026013
2024-10-12,wk inc flu hosp,1,2024-10-19,21,quantile,0.7,42.32660519926742
2024-10-12,wk inc flu hosp,1,2024-10-19,21,quantile,0.75,52.46806156765106
2024-10-12,wk inc flu hosp,1,2024-10-19,21,quantile,0.8,61.114152877855474
2024-10-12,wk inc flu hosp,1,2024-10-19,21,quantile,0.85,70.92671795223826
2024-10-12,wk inc flu hosp,1,2024-10-19,21,quantile,0.9,88.56390617996826
2024-10-12,wk inc flu hosp,1,2024-10-19,21,quantile,0.95,115.55542227928902
2024-10-12,wk inc flu hosp,1,2024-10-19,21,quantile,0.975,132.1961146107586
2024-10-12,wk inc flu hosp,1,2024-10-19,21,quantile,0.99,150.98237518922403
2024-10-12,wk inc flu hosp,2,2024-10-26,21,quantile,0.01,0.0
2024-10-12,wk inc flu hosp,2,2024-10-26,21,quantile,0.025,0.0
2024-10-12,wk inc flu hosp,2,2024-10-26,21,quantile,0.05,0.0
2024-10-12,wk inc flu hosp,2,2024-10-26,21,quantile,0.1,0.0
2024-10-12,wk inc flu hosp,2,2024-10-26,21,quantile,0.15,0.0
2024-10-12,wk inc flu hosp,2,2024-10-26,21,quantile,0.2,0.0
2024-10-12,wk inc flu hosp,2,2024-10-26,21,quantile,0.25,0.0
2024-10-12,wk inc flu hosp,2,2024-10-26,21,quantile,0.3,0.0
2024-10-12,wk inc flu hosp,2,2024-10-26,21,quantile,0.35,0.0
2024-10-12,wk inc flu hosp,2,2024-10-26,21,quantile,0.4,0.0
2024-10-12,wk inc flu hosp,2,2024-10-26,21,quantile,0.45,7.387997261200319
2024-10-12,wk inc flu hosp,2,2024-10-26,21,quantile,0.5,18.622342024479124
2024-10-12,wk inc flu hosp,2,2024-10-26,21,quantile,0.55,28.425807037255066
2024-10-12,wk inc flu hosp,2,2024-10-26,21,quantile,0.6,35.954160053107394
2024-10-12,wk inc flu hosp,2,2024-10-26,21,quantile,0.65,48.671602901646935
2024-10-12,wk inc flu hosp,2,2024-10-26,21,quantile,0.7,55.64697690293388
2024-10-12,wk inc flu hosp,2,2024-10-26,21,quantile,0.75,67.94919676389814
2024-10-12,wk inc flu hosp,2,2024-10-26,21,quantile,0.8,76.9812395822485
2024-10-12,wk inc flu hosp,2,2024-10-26,21,quantile,0.85,90.16561785733907
2024-10-12,wk inc flu hosp,2,2024-10-26,21,quantile,0.9,107.43421874629698
2024-10-12,wk inc flu hosp,2,2024-10-26,21,quantile,0.95,136.9653758173225
2024-10-12,wk inc flu hosp,2,2024-10-26,21,quantile,0.975,161.20070139010116
2024-10-12,wk inc flu hosp,2,2024-10-26,21,quantile,0.99,176.7565198929191
2024-10-12,wk inc flu hosp,3,2024-11-02,21,quantile,0.01,0.0
2024-10-12,wk inc flu hosp,3,2024-11-02,21,quantile,0.025,0.0
2024-10-12,wk inc flu hosp,3,2024-11-02,21,quantile,0.05,0.0
2024-10-12,wk inc flu hosp,3,2024-11-02,21,quantile,0.1,0.0
2024-10-12,wk inc flu hosp,3,2024-11-02,21,quantile,0.15,0.0
2024-10-12,wk inc flu hosp,3,2024-11-02,21,quantile,0.2,0.0
2024-10-12,wk inc flu hosp,3,2024-11-02,21,quantile,0.25,0.0
2024-10-12,wk inc flu hosp,3,2024-11-02,21,quantile,0.3,0.0
2024-10-12,wk inc flu hosp,3,2024-11-02,21,quantile,0.35,0.0
2024-10-12,wk inc flu hosp,3,2024-11-02,21,quantile,0.4,0.046634690384195585
2024-10-12,wk inc flu hosp,3,2024-11-02,21,quantile,0.45,13.386607031454998
2024-10-12,wk inc flu hosp,3,2024-11-02,21,quantile,0.5,22.135073188584784
2024-10-12,wk inc flu hosp,3,2024-11-02,21,quantile,0.55,33.731057887817094
2024-10-12,wk inc flu hosp,3,2024-11-02,21,quantile,0.6,44.41706753328865
2024-10-12,wk inc flu hosp,3,2024-11-02,21,quantile,0.65,57.65168363812741
2024-10-12,wk inc flu hosp,3,2024-11-02,21,quantile,0.7,69.57396822011981
2024-10-12,wk inc flu hosp,3,2024-11-02,21,quantile,0.75,84.33136204979714
2024-10-12,wk inc flu hosp,3,2024-11-02,21,quantile,0.8,96.92579300809783
2024-10-12,wk inc flu hosp,3,2024-11-02,21,quantile,0.85,112.17787218792982
2024-10-12,wk inc flu hosp,3,2024-11-02,21,quantile,0.9,134.13878698831527
2024-10-12,wk inc flu hosp,3,2024-11-02,21,quantile,0.95,163.56854522079965
2024-10-12,wk inc flu hosp,3,2024-11-02,21,quantile,0.975,192.519379871658
2024-10-12,wk inc flu hosp,3,2024-11-02,21,quantile,0.99,228.06762031114584
2024-10-12,wk inc flu hosp,0,2024-10-12,22,quantile,0.01,0.0
2024-10-12,wk inc flu hosp,0,2024-10-12,22,quantile,0.025,0.0
2024-10-12,wk inc flu hosp,0,2024-10-12,22,quantile,0.05,0.0
2024-10-12,wk inc flu hosp,0,2024-10-12,22,quantile,0.1,0.0
2024-10-12,wk inc flu hosp,0,2024-10-12,22,quantile,0.15,0.0
2024-10-12,wk inc flu hosp,0,2024-10-12,22,quantile,0.2,0.0
2024-10-12,wk inc flu hosp,0,2024-10-12,22,quantile,0.25,0.0
2024-10-12,wk inc flu hosp,0,2024-10-12,22,quantile,0.3,0.0
2024-10-12,wk inc flu hosp,0,2024-10-12,22,quantile,0.35,0.009667678755839754
2024-10-12,wk inc flu hosp,0,2024-10-12,22,quantile,0.4,2.5910779498143017
2024-10-12,wk inc flu hosp,0,2024-10-12,22,quantile,0.45,5.896835781460518
2024-10-12,wk inc flu hosp,0,2024-10-12,22,quantile,0.5,9.005077825818745
2024-10-12,wk inc flu hosp,0,2024-10-12,22,quantile,0.55,11.780322506012967
2024-10-12,wk inc flu hosp,0,2024-10-12,22,quantile,0.6,15.455875362904493
2024-10-12,wk inc flu hosp,0,2024-10-12,22,quantile,0.65,18.584727796885794
2024-10-12,wk inc flu hosp,0,2024-10-12,22,quantile,0.7,21.337665127164154
2024-10-12,wk inc flu hosp,0,2024-10-12,22,quantile,0.75,25.817356041873897
2024-10-12,wk inc flu hosp,0,2024-10-12,22,quantile,0.8,30.404757276047253
2024-10-12,wk inc flu hosp,0,2024-10-12,22,quantile,0.85,34.53293303439372
2024-10-12,wk inc flu hosp,0,2024-10-12,22,quantile,0.9,41.60984991830099
2024-10-12,wk inc flu hosp,0,2024-10-12,22,quantile,0.95,52.44405171681659
2024-10-12,wk inc flu hosp,0,2024-10-12,22,quantile,0.975,59.79576396807231
2024-10-12,wk inc flu hosp,0,2024-10-12,22,quantile,0.99,67.86572529542573
2024-10-12,wk inc flu hosp,1,2024-10-19,22,quantile,0.01,0.0
2024-10-12,wk inc flu hosp,1,2024-10-19,22,quantile,0.025,0.0
2024-10-12,wk inc flu hosp,1,2024-10-19,22,quantile,0.05,0.0
2024-10-12,wk inc flu hosp,1,2024-10-19,22,quantile,0.1,0.0
2024-10-12,wk inc flu hosp,1,2024-10-19,22,quantile,0.15,0.0
2024-10-12,wk inc flu hosp,1,2024-10-19,22,quantile,0.2,0.0
2024-10-12,wk inc flu hosp,1,2024-10-19,22,quantile,0.25,0.0
2024-10-12,wk inc flu hosp,1,2024-10-19,22,quantile,0.3,0.0
2024-10-12,wk inc flu hosp,1,2024-10-19,22,quantile,0.35,3.0337931600027837
2024-10-12,wk inc flu hosp,1,2024-10-19,22,quantile,0.4,7.780119975282936
2024-10-12,wk inc flu hosp,1,2024-10-19,22,quantile,0.45,12.539537754729322
2024-10-12,wk inc flu hosp,1,2024-10-19,22,quantile,0.5,17.62913463771291
2024-10-12,wk inc flu hosp,1,2024-10-19,22,quantile,0.55,21.995148391021225
2024-10-12,wk inc flu hosp,1,2024-10-19,22,quantile,0.6,25.97593924487101
2024-10-12,wk inc flu hosp,1,2024-10-19,22,quantile,0.65,30.29849104555024
2024-10-12,wk inc flu hosp,1,2024-10-19,22,quantile,0.7,34.3905751265823
2024-10-12,wk inc flu hosp,1,2024-10-19,22,quantile,0.75,40.295423437481546
2024-10-12,wk inc flu hosp,1,2024-10-19,22,quantile,0.8,45.32959760482337
2024-10-12,wk inc flu hosp,1,2024-10-19,22,quantile,0.85,51.04294943520678
2024-10-12,wk inc flu hosp,1,2024-10-19,22,quantile,0.9,61.31217678604359
2024-10-12,wk inc flu hosp,1,2024-10-19,22,quantile,0.95,77.02794801832533
2024-10-12,wk inc flu hosp,1,2024-10-19,22,quantile,0.975,86.71696707401084
2024-10-12,wk inc flu hosp,1,2024-10-19,22,quantile,0.99,97.655240140066
2024-10-12,wk inc flu hosp,2,2024-10-26,22,quantile,0.01,0.0
2024-10-12,wk inc flu hosp,2,2024-10-26,22,quantile,0.025,0.0
2024-10-12,wk inc flu hosp,2,2024-10-26,22,quantile,0.05,0.0
2024-10-12,wk inc flu hosp,2,2024-10-26,22,quantile,0.1,0.0
2024-10-12,wk inc flu hosp,2,2024-10-26,22,quantile,0.15,0.0
2024-10-12,wk inc flu hosp,2,2024-10-26,22,quantile,0.2,0.0
2024-10-12,wk inc flu hosp,2,2024-10-26,22,quantile,0.25,3.201045367939499
2024-10-12,wk inc flu hosp,2,2024-10-26,22,quantile,0.3,8.734527737048248
2024-10-12,wk inc flu hosp,2,2024-10-26,22,quantile,0.35,14.893596603911538
2024-10-12,wk inc flu hosp,2,2024-10-26,22,quantile,0.4,21.286370534429956
2024-10-12,wk inc flu hosp,2,2024-10-26,22,quantile,0.45,27.32708365525166
2024-10-12,wk inc flu hosp,2,2024-10-26,22,quantile,0.5,33.868264654295814
2024-10-12,wk inc flu hosp,2,2024-10-26,22,quantile,0.55,39.576317986962884
2024-10-12,wk inc flu hosp,2,2024-10-26,22,quantile,0.6,43.95969064812179
2024-10-12,wk inc flu hosp,2,2024-10-26,22,quantile,0.65,51.364403363473656
2024-10-12,wk inc flu hosp,2,2024-10-26,22,quantile,0.7,55.42580479273942
2024-10-12,wk inc flu hosp,2,2024-10-26,22,quantile,0.75,62.588754523785184
2024-10-12,wk inc flu hosp,2,2024-10-26,22,quantile,0.8,67.84764839884762
2024-10-12,wk inc flu hosp,2,2024-10-26,22,quantile,0.85,75.52423359134828
2024-10-12,wk inc flu hosp,2,2024-10-26,22,quantile,0.9,85.57885149698227
2024-10-12,wk inc flu hosp,2,2024-10-26,22,quantile,0.95,102.7733250139588
2024-10-12,wk inc flu hosp,2,2024-10-26,22,quantile,0.975,116.88430829626657
2024-10-12,wk inc flu hosp,2,2024-10-26,22,quantile,0.99,125.94166113341733
2024-10-12,wk inc flu hosp,3,2024-11-02,22,quantile,0.01,0.0
2024-10-12,wk inc flu hosp,3,2024-11-02,22,quantile,0.025,0.0
2024-10-12,wk inc flu hosp,3,2024-11-02,22,quantile,0.05,0.0
2024-10-12,wk inc flu hosp,3,2024-11-02,22,quantile,0.1,0.0
2024-10-12,wk inc flu hosp,3,2024-11-02,22,quantile,0.15,0.0
2024-10-12,wk inc flu hosp,3,2024-11-02,22,quantile,0.2,0.0
2024-10-12,wk inc flu hosp,3,2024-11-02,22,quantile,0.25,7.821959313032746
2024-10-12,wk inc flu hosp,3,2024-11-02,22,quantile,0.3,15.696414385367701
2024-10-12,wk inc flu hosp,3,2024-11-02,22,quantile,0.35,22.40534348486952
2024-10-12,wk inc flu hosp,3,2024-11-02,22,quantile,0.4,28.398068791537806
2024-10-12,wk inc flu hosp,3,2024-11-02,22,quantile,0.45,36.16804879647063
2024-10-12,wk inc flu hosp,3,2024-11-02,22,quantile,0.5,41.26183057045071
2024-10-12,wk inc flu hosp,3,2024-11-02,22,quantile,0.55,48.01357589944911
2024-10-12,wk inc flu hosp,3,2024-11-02,22,quantile,0.6,54.23548956877477
2024-10-12,wk inc flu hosp,3,2024-11-02,22,quantile,0.65,61.94132566502694
2024-10-12,wk inc flu hosp,3,2024-11-02,22,quantile,0.7,68.88305862909215
2024-10-12,wk inc flu hosp,3,2024-11-02,22,quantile,0.75,77.4755298544388
2024-10-12,wk inc flu hosp,3,2024-11-02,22,quantile,0.8,84.80861907451421
2024-10-12,wk inc flu hosp,3,2024-11-02,22,quantile,0.85,93.68912012991503
2024-10-12,wk inc flu hosp,3,2024-11-02,22,quantile,0.9,106.47583102768387
2024-10-12,wk inc flu hosp,3,2024-11-02,22,quantile,0.95,123.611265217493
2024-10-12,wk inc flu hosp,3,2024-11-02,22,quantile,0.975,140.46784684418995
2024-10-12,wk inc flu hosp,3,2024-11-02,22,quantile,0.99,161.1657584546902
2024-10-12,wk inc flu hosp,0,2024-10-12,23,quantile,0.01,0.0
2024-10-12,wk inc flu hosp,0,2024-10-12,23,quantile,0.025,0.0
2024-10-12,wk inc flu hosp,0,2024-10-12,23,quantile,0.05,0.0
2024-10-12,wk inc flu hosp,0,2024-10-12,23,quantile,0.1,0.0
2024-10-12,wk inc flu hosp,0,2024-10-12,23,quantile,0.15,0.0
2024-10-12,wk inc flu hosp,0,2024-10-12,23,quantile,0.2,0.0
2024-10-12,wk inc flu hosp,0,2024-10-12,23,quantile,0.25,0.0
2024-10-12,wk inc flu hosp,0,2024-10-12,23,quantile,0.3,0.0
2024-10-12,wk inc flu hosp,0,2024-10-12,23,quantile,0.35,0.0
2024-10-12,wk inc flu hosp,0,2024-10-12,23,quantile,0.4,0.0
2024-10-12,wk inc flu hosp,0,2024-10-12,23,quantile,0.45,0.0
2024-10-12,wk inc flu hosp,0,2024-10-12,23,quantile,0.5,0.0
2024-10-12,wk inc flu hosp,0,2024-10-12,23,quantile,0.55,0.7587014148086347
2024-10-12,wk inc flu hosp,0,2024-10-12,23,quantile,0.6,2.2475928418138618
2024-10-12,wk inc flu hosp,0,2024-10-12,23,quantile,0.65,3.5150270882251573
2024-10-12,wk inc flu hosp,0,2024-10-12,23,quantile,0.7,4.63018580032175
2024-10-12,wk inc flu hosp,0,2024-10-12,23,quantile,0.75,6.444817138309166
2024-10-12,wk inc flu hosp,0,2024-10-12,23,quantile,0.8,8.30307972783706
2024-10-12,wk inc flu hosp,0,2024-10-12,23,quantile,0.85,9.975319452059388
2024-10-12,wk inc flu hosp,0,2024-10-12,23,quantile,0.9,12.842034008570803
2024-10-12,wk inc flu hosp,0,2024-10-12,23,quantile,0.95,17.23074798013281
2024-10-12,wk inc flu hosp,0,2024-10-12,23,quantile,0.975,20.20877653009116
2024-10-12,wk inc flu hosp,0,2024-10-12,23,quantile,0.99,23.477753117934807
2024-10-12,wk inc flu hosp,1,2024-10-19,23,quantile,0.01,0.0
2024-10-12,wk inc flu hosp,1,2024-10-19,23,quantile,0.025,0.0
2024-10-12,wk inc flu hosp,1,2024-10-19,23,quantile,0.05,0.0
2024-10-12,wk inc flu hosp,1,2024-10-19,23,quantile,0.1,0.0
2024-10-12,wk inc flu hosp,1,2024-10-19,23,quantile,0.15,0.0
2024-10-12,wk inc flu hosp,1,2024-10-19,23,quantile,0.2,0.0
2024-10-12,wk inc flu hosp,1,2024-10-19,23,quantile,0.25,0.0
2024-10-12,wk inc flu hosp,1,2024-10-19,23,quantile,0.3,0.0
2024-10-12,wk inc flu hosp,1,2024-10-19,23,quantile,0.35,0.0
2024-10-12,wk inc flu hosp,1,2024-10-19,23,quantile,0.4,0.0
2024-10-12,wk inc flu hosp,1,2024-10-19,23,quantile,0.45,0.0
2024-10-12,wk inc flu hosp,1,2024-10-19,23,quantile,0.5,0.0
2024-10-12,wk inc flu hosp,1,2024-10-19,23,quantile,0.55,1.0020326269993454
2024-10-12,wk inc flu hosp,1,2024-10-19,23,quantile,0.6,2.6145697352291752
2024-10-12,wk inc flu hosp,1,2024-10-19,23,quantile,0.65,4.365547226071242
2024-10-12,wk inc flu hosp,1,2024-10-19,23,quantile,0.7,6.023166948614386
2024-10-12,wk inc flu hosp,1,2024-10-19,23,quantile,0.75,8.415100453632583
2024-10-12,wk inc flu hosp,1,2024-10-19,23,quantile,0.8,10.454341637650094
2024-10-12,wk inc flu hosp,1,2024-10-19,23,quantile,0.85,12.768703827755173
2024-10-12,wk inc flu hosp,1,2024-10-19,23,quantile,0.9,16.928558184348308
2024-10-12,wk inc flu hosp,1,2024-10-19,23,quantile,0.95,23.294696277736687
2024-10-12,wk inc flu hosp,1,2024-10-19,23,quantile,0.975,27.219520098744294
2024-10-12,wk inc flu hosp,1,2024-10-19,23,quantile,0.99,31.65039121620252
2024-10-12,wk inc flu hosp,2,2024-10-26,23,quantile,0.01,0.0
2024-10-12,wk inc flu hosp,2,2024-10-26,23,quantile,0.025,0.0
2024-10-12,wk inc flu hosp,2,2024-10-26,23,quantile,0.05,0.0
2024-10-12,wk inc flu hosp,2,2024-10-26,23,quantile,0.1,0.0
2024-10-12,wk inc flu hosp,2,2024-10-26,23,quantile,0.15,0.0
2024-10-12,wk inc flu hosp,2,2024-10-26,23,quantile,0.2,0.0
2024-10-12,wk inc flu hosp,2,2024-10-26,23,quantile,0.25,0.0
2024-10-12,wk inc flu hosp,2,2024-10-26,23,quantile,0.3,0.0
2024-10-12,wk inc flu hosp,2,2024-10-26,23,quantile,0.35,0.0
2024-10-12,wk inc flu hosp,2,2024-10-26,23,quantile,0.4,0.0
2024-10-12,wk inc flu hosp,2,2024-10-26,23,quantile,0.45,0.0
2024-10-12,wk inc flu hosp,2,2024-10-26,23,quantile,0.5,0.0
2024-10-12,wk inc flu hosp,2,2024-10-26,23,quantile,0.55,1.8012682175926216
2024-10-12,wk inc flu hosp,2,2024-10-26,23,quantile,0.6,3.5768829973751823
2024-10-12,wk inc flu hosp,2,2024-10-26,23,quantile,0.65,6.576380953350117
2024-10-12,wk inc flu hosp,2,2024-10-26,23,quantile,0.7,8.221571760039975
2024-10-12,wk inc flu hosp,2,2024-10-26,23,quantile,0.75,11.123136466592138
2024-10-12,wk inc flu hosp,2,2024-10-26,23,quantile,0.8,13.253407016621091
2024-10-12,wk inc flu hosp,2,2024-10-26,23,quantile,0.85,16.363034962893007
2024-10-12,wk inc flu hosp,2,2024-10-26,23,quantile,0.9,20.43595541442265
2024-10-12,wk inc flu hosp,2,2024-10-26,23,quantile,0.95,27.401085616072304
2024-10-12,wk inc flu hosp,2,2024-10-26,23,quantile,0.975,33.11715687219629
2024-10-12,wk inc flu hosp,2,2024-10-26,23,quantile,0.99,36.78610560335399
2024-10-12,wk inc flu hosp,3,2024-11-02,23,quantile,0.01,0.0
2024-10-12,wk inc flu hosp,3,2024-11-02,23,quantile,0.025,0.0
2024-10-12,wk inc flu hosp,3,2024-11-02,23,quantile,0.05,0.0
2024-10-12,wk inc flu hosp,3,2024-11-02,23,quantile,0.1,0.0
2024-10-12,wk inc flu hosp,3,2024-11-02,23,quantile,0.15,0.0
2024-10-12,wk inc flu hosp,3,2024-11-02,23,quantile,0.2,0.0
2024-10-12,wk inc flu hosp,3,2024-11-02,23,quantile,0.25,0.0
2024-10-12,wk inc flu hosp,3,2024-11-02,23,quantile,0.3,0.0
2024-10-12,wk inc flu hosp,3,2024-11-02,23,quantile,0.35,0.0
2024-10-12,wk inc flu hosp,3,2024-11-02,23,quantile,0.4,0.0
2024-10-12,wk inc flu hosp,3,2024-11-02,23,quantile,0.45,0.0
2024-10-12,wk inc flu hosp,3,2024-11-02,23,quantile,0.5,0.20695725453837405
2024-10-12,wk inc flu hosp,3,2024-11-02,23,quantile,0.55,2.941951452437078
2024-10-12,wk inc flu hosp,3,2024-11-02,23,quantile,0.6,5.462321661358541
2024-10-12,wk inc flu hosp,3,2024-11-02,23,quantile,0.65,8.583798551591673
2024-10-12,wk inc flu hosp,3,2024-11-02,23,quantile,0.7,11.395752861914724
2024-10-12,wk inc flu hosp,3,2024-11-02,23,quantile,0.75,14.876387542550825
2024-10-12,wk inc flu hosp,3,2024-11-02,23,quantile,0.8,17.846872282761673
2024-10-12,wk inc flu hosp,3,2024-11-02,23,quantile,0.85,21.444181967509166
2024-10-12,wk inc flu hosp,3,2024-11-02,23,quantile,0.9,26.62381751528444
2024-10-12,wk inc flu hosp,3,2024-11-02,23,quantile,0.95,33.56503209076892
2024-10-12,wk inc flu hosp,3,2024-11-02,23,quantile,0.975,40.39328918562902
2024-10-12,wk inc flu hosp,3,2024-11-02,23,quantile,0.99,48.77759063731547
2024-10-12,wk inc flu hosp,0,2024-10-12,24,quantile,0.01,0.0
2024-10-12,wk inc flu hosp,0,2024-10-12,24,quantile,0.025,0.0
2024-10-12,wk inc flu hosp,0,2024-10-12,24,quantile,0.05,0.0
2024-10-12,wk inc flu hosp,0,2024-10-12,24,quantile,0.1,0.0
2024-10-12,wk inc flu hosp,0,2024-10-12,24,quantile,0.15,0.0
2024-10-12,wk inc flu hosp,0,2024-10-12,24,quantile,0.2,0.0
2024-10-12,wk inc flu hosp,0,2024-10-12,24,quantile,0.25,0.0
2024-10-12,wk inc flu hosp,0,2024-10-12,24,quantile,0.3,0.0
2024-10-12,wk inc flu hosp,0,2024-10-12,24,quantile,0.35,0.0
2024-10-12,wk inc flu hosp,0,2024-10-12,24,quantile,0.4,0.0
2024-10-12,wk inc flu hosp,0,2024-10-12,24,quantile,0.45,0.0
2024-10-12,wk inc flu hosp,0,2024-10-12,24,quantile,0.5,1.2411604807173349
2024-10-12,wk inc flu hosp,0,2024-10-12,24,quantile,0.55,6.550914728818406
2024-10-12,wk inc flu hosp,0,2024-10-12,24,quantile,0.6,13.583189228893836
2024-10-12,wk inc flu hosp,0,2024-10-12,24,quantile,0.65,19.56948572432606
2024-10-12,wk inc flu hosp,0,2024-10-12,24,quantile,0.7,24.836560295631447
2024-10-12,wk inc flu hosp,0,2024-10-12,24,quantile,0.75,33.407356966033575
2024-10-12,wk inc flu hosp,0,2024-10-12,24,quantile,0.8,42.184231079054626
2024-10-12,wk inc flu hosp,0,2024-10-12,24,quantile,0.85,50.08248917723934
2024-10-12,wk inc flu hosp,0,2024-10-12,24,quantile,0.9,63.622444683128286
2024-10-12,wk inc flu hosp,0,2024-10-12,24,quantile,0.95,84.35104905988781
2024-10-12,wk inc flu hosp,0,2024-10-12,24,quantile,0.975,98.41675852165312
2024-10-12,wk inc flu hosp,0,2024-10-12,24,quantile,0.99,113.85666252209154
2024-10-12,wk inc flu hosp,1,2024-10-19,24,quantile,0.01,0.0
2024-10-12,wk inc flu hosp,1,2024-10-19,24,quantile,0.025,0.0
2024-10-12,wk inc flu hosp,1,2024-10-19,24,quantile,0.05,0.0
2024-10-12,wk inc flu hosp,1,2024-10-19,24,quantile,0.1,0.0
2024-10-12,wk inc flu hosp,1,2024-10-19,24,quantile,0.15,0.0
2024-10-12,wk inc flu hosp,1,2024-10-19,24,quantile,0.2,0.0
2024-10-12,wk inc flu hosp,1,2024-10-19,24,quantile,0.25,0.0
2024-10-12,wk inc flu hosp,1,2024-10-19,24,quantile,0.3,0.0
2024-10-12,wk inc flu hosp,1,2024-10-19,24,quantile,0.35,0.0
2024-10-12,wk inc flu hosp,1,2024-10-19,24,quantile,0.4,0.0
2024-10-12,wk inc flu hosp,1,2024-10-19,24,quantile,0.45,0.5512665009162747
2024-10-12,wk inc flu hosp,1,2024-10-19,24,quantile,0.5,8.676789087268157
2024-10-12,wk inc flu hosp,1,2024-10-19,24,quantile,0.55,16.272814321603366
2024-10-12,wk inc flu hosp,1,2024-10-19,24,quantile,0.6,21.30017498868751
2024-10-12,wk inc flu hosp,1,2024-10-19,24,quantile,0.65,28.96990693032715
2024-10-12,wk inc flu hosp,1,2024-10-19,24,quantile,0.7,37.36112488484061
2024-10-12,wk inc flu hosp,1,2024-10-19,24,quantile,0.75,44.776015661801374
2024-10-12,wk inc flu hosp,1,2024-10-19,24,quantile,0.8,56.21635772170975
2024-10-12,wk inc flu hosp,1,2024-10-19,24,quantile,0.85,66.54178527249746
2024-10-12,wk inc flu hosp,1,2024-10-19,24,quantile,0.9,82.69876661467167
2024-10-12,wk inc flu hosp,1,2024-10-19,24,quantile,0.95,107.77409898170423
2024-10-12,wk inc flu hosp,1,2024-10-19,24,quantile,0.975,125.46573351771345
2024-10-12,wk inc flu hosp,1,2024-10-19,24,quantile,0.99,145.91766764474067
2024-10-12,wk inc flu hosp,2,2024-10-26,24,quantile,0.01,0.0
2024-10-12,wk inc flu hosp,2,2024-10-26,24,quantile,0.025,0.0
2024-10-12,wk inc flu hosp,2,2024-10-26,24,quantile,0.05,0.0
2024-10-12,wk inc flu hosp,2,2024-10-26,24,quantile,0.1,0.0
2024-10-12,wk inc flu hosp,2,2024-10-26,24,quantile,0.15,0.0
2024-10-12,wk inc flu hosp,2,2024-10-26,24,quantile,0.2,0.0
2024-10-12,wk inc flu hosp,2,2024-10-26,24,quantile,0.25,0.0
2024-10-12,wk inc flu hosp,2,2024-10-26,24,quantile,0.3,0.0
2024-10-12,wk inc flu hosp,2,2024-10-26,24,quantile,0.35,0.0
2024-10-12,wk inc flu hosp,2,2024-10-26,24,quantile,0.4,0.0
2024-10-12,wk inc flu hosp,2,2024-10-26,24,quantile,0.45,4.6406640212516495
2024-10-12,wk inc flu hosp,2,2024-10-26,24,quantile,0.5,16.223122840755202
2024-10-12,wk inc flu hosp,2,2024-10-26,24,quantile,0.55,23.074548936858985
2024-10-12,wk inc flu hosp,2,2024-10-26,24,quantile,0.6,32.085801253546634
2024-10-12,wk inc flu hosp,2,2024-10-26,24,quantile,0.65,42.91579331189673
2024-10-12,wk inc flu hosp,2,2024-10-26,24,quantile,0.7,52.03825065878661
2024-10-12,wk inc flu hosp,2,2024-10-26,24,quantile,0.75,60.57688831325634
2024-10-12,wk inc flu hosp,2,2024-10-26,24,quantile,0.8,69.03085710032322
2024-10-12,wk inc flu hosp,2,2024-10-26,24,quantile,0.85,84.02146040105401
2024-10-12,wk inc flu hosp,2,2024-10-26,24,quantile,0.9,101.33283110894934
2024-10-12,wk inc flu hosp,2,2024-10-26,24,quantile,0.95,123.18902825169856
2024-10-12,wk inc flu hosp,2,2024-10-26,24,quantile,0.975,144.8593660195164
2024-10-12,wk inc flu hosp,2,2024-10-26,24,quantile,0.99,164.23207093481722
2024-10-12,wk inc flu hosp,3,2024-11-02,24,quantile,0.01,0.0
2024-10-12,wk inc flu hosp,3,2024-11-02,24,quantile,0.025,0.0
2024-10-12,wk inc flu hosp,3,2024-11-02,24,quantile,0.05,0.0
2024-10-12,wk inc flu hosp,3,2024-11-02,24,quantile,0.1,0.0
2024-10-12,wk inc flu hosp,3,2024-11-02,24,quantile,0.15,0.0
2024-10-12,wk inc flu hosp,3,2024-11-02,24,quantile,0.2,0.0
2024-10-12,wk inc flu hosp,3,2024-11-02,24,quantile,0.25,0.0
2024-10-12,wk inc flu hosp,3,2024-11-02,24,quantile,0.3,0.0
2024-10-12,wk inc flu hosp,3,2024-11-02,24,quantile,0.35,0.0
2024-10-12,wk inc flu hosp,3,2024-11-02,24,quantile,0.4,2.671374340435869
2024-10-12,wk inc flu hosp,3,2024-11-02,24,quantile,0.45,10.630428853047029
2024-10-12,wk inc flu hosp,3,2024-11-02,24,quantile,0.5,22.33623042448722
2024-10-12,wk inc flu hosp,3,2024-11-02,24,quantile,0.55,31.1147982512902
2024-10-12,wk inc flu hosp,3,2024-11-02,24,quantile,0.6,42.85494615480662
2024-10-12,wk inc flu hosp,3,2024-11-02,24,quantile,0.65,54.37921547170667
2024-10-12,wk inc flu hosp,3,2024-11-02,24,quantile,0.7,66.73118778806989
2024-10-12,wk inc flu hosp,3,2024-11-02,24,quantile,0.75,78.3151985921093
2024-10-12,wk inc flu hosp,3,2024-11-02,24,quantile,0.8,91.63025660325184
2024-10-12,wk inc flu hosp,3,2024-11-02,24,quantile,0.85,105.56552750996897
2024-10-12,wk inc flu hosp,3,2024-11-02,24,quantile,0.9,122.27166868296443
2024-10-12,wk inc flu hosp,3,2024-11-02,24,quantile,0.95,150.3501688584398
2024-10-12,wk inc flu hosp,3,2024-11-02,24,quantile,0.975,183.26251767922312
2024-10-12,wk inc flu hosp,3,2024-11-02,24,quantile,0.99,206.6876778124937
2024-10-12,wk inc flu hosp,0,2024-10-12,25,quantile,0.01,0.0
2024-10-12,wk inc flu hosp,0,2024-10-12,25,quantile,0.025,0.0
2024-10-12,wk inc flu hosp,0,2024-10-12,25,quantile,0.05,0.0
2024-10-12,wk inc flu hosp,0,2024-10-12,25,quantile,0.1,0.0
2024-10-12,wk inc flu hosp,0,2024-10-12,25,quantile,0.15,0.0
2024-10-12,wk inc flu hosp,0,2024-10-12,25,quantile,0.2,0.0
2024-10-12,wk inc flu hosp,0,2024-10-12,25,quantile,0.25,0.0
2024-10-12,wk inc flu hosp,0,2024-10-12,25,quantile,0.3,0.0
2024-10-12,wk inc flu hosp,0,2024-10-12,25,quantile,0.35,0.0
2024-10-12,wk inc flu hosp,0,2024-10-12,25,quantile,0.4,0.0
2024-10-12,wk inc flu hosp,0,2024-10-12,25,quantile,0.45,0.0
2024-10-12,wk inc flu hosp,0,2024-10-12,25,quantile,0.5,0.0
2024-10-12,wk inc flu hosp,0,2024-10-12,25,quantile,0.55,0.0
2024-10-12,wk inc flu hosp,0,2024-10-12,25,quantile,0.6,4.378679654611094
2024-10-12,wk inc flu hosp,0,2024-10-12,25,quantile,0.65,9.020695004738394
2024-10-12,wk inc flu hosp,0,2024-10-12,25,quantile,0.7,13.104996714304727
2024-10-12,wk inc flu hosp,0,2024-10-12,25,quantile,0.75,19.751137569035972
2024-10-12,wk inc flu hosp,0,2024-10-12,25,quantile,0.8,26.55707917080373
2024-10-12,wk inc flu hosp,0,2024-10-12,25,quantile,0.85,32.68170653582258
2024-10-12,wk inc flu hosp,0,2024-10-12,25,quantile,0.9,43.18113324252449
2024-10-12,wk inc flu hosp,0,2024-10-12,25,quantile,0.95,59.25492774586309
2024-10-12,wk inc flu hosp,0,2024-10-12,25,quantile,0.975,70.16204524025494
2024-10-12,wk inc flu hosp,0,2024-10-12,25,quantile,0.99,82.13476851402123
2024-10-12,wk inc flu hosp,1,2024-10-19,25,quantile,0.01,0.0
2024-10-12,wk inc flu hosp,1,2024-10-19,25,quantile,0.025,0.0
2024-10-12,wk inc flu hosp,1,2024-10-19,25,quantile,0.05,0.0
2024-10-12,wk inc flu hosp,1,2024-10-19,25,quantile,0.1,0.0
2024-10-12,wk inc flu hosp,1,2024-10-19,25,quantile,0.15,0.0
2024-10-12,wk inc flu hosp,1,2024-10-19,25,quantile,0.2,0.0
2024-10-12,wk inc flu hosp,1,2024-10-19,25,quantile,0.25,0.0
2024-10-12,wk inc flu hosp,1,2024-10-19,25,quantile,0.3,0.0
2024-10-12,wk inc flu hosp,1,2024-10-19,25,quantile,0.35,0.0
2024-10-12,wk inc flu hosp,1,2024-10-19,25,quantile,0.4,0.0
2024-10-12,wk inc flu hosp,1,2024-10-19,25,quantile,0.45,0.0
2024-10-12,wk inc flu hosp,1,2024-10-19,25,quantile,0.5,0.0
2024-10-12,wk inc flu hosp,1,2024-10-19,25,quantile,0.55,3.2265481785974153
2024-10-12,wk inc flu hosp,1,2024-10-19,25,quantile,0.6,9.132512949746308
2024-10-12,wk inc flu hosp,1,2024-10-19,25,quantile,0.65,15.545519709845026
2024-10-12,wk inc flu hosp,1,2024-10-19,25,quantile,0.7,21.616600887039297
2024-10-12,wk inc flu hosp,1,2024-10-19,25,quantile,0.75,30.37712797411873
2024-10-12,wk inc flu hosp,1,2024-10-19,25,quantile,0.8,37.84590902183328
2024-10-12,wk inc flu hosp,1,2024-10-19,25,quantile,0.85,46.32232887764938
2024-10-12,wk inc flu hosp,1,2024-10-19,25,quantile,0.9,61.557918283786435
2024-10-12,wk inc flu hosp,1,2024-10-19,25,quantile,0.95,84.8740870193353
2024-10-12,wk inc flu hosp,1,2024-10-19,25,quantile,0.975,99.24887014930789
2024-10-12,wk inc flu hosp,1,2024-10-19,25,quantile,0.99,115.47706644423597
2024-10-12,wk inc flu hosp,2,2024-10-26,25,quantile,0.01,0.0
2024-10-12,wk inc flu hosp,2,2024-10-26,25,quantile,0.025,0.0
2024-10-12,wk inc flu hosp,2,2024-10-26,25,quantile,0.05,0.0
2024-10-12,wk inc flu hosp,2,2024-10-26,25,quantile,0.1,0.0
2024-10-12,wk inc flu hosp,2,2024-10-26,25,quantile,0.15,0.0
2024-10-12,wk inc flu hosp,2,2024-10-26,25,quantile,0.2,0.0
2024-10-12,wk inc flu hosp,2,2024-10-26,25,quantile,0.25,0.0
2024-10-12,wk inc flu hosp,2,2024-10-26,25,quantile,0.3,0.0
2024-10-12,wk inc flu hosp,2,2024-10-26,25,quantile,0.35,0.0
2024-10-12,wk inc flu hosp,2,2024-10-26,25,quantile,0.4,0.0
2024-10-12,wk inc flu hosp,2,2024-10-26,25,quantile,0.45,0.0
2024-10-12,wk inc flu hosp,2,2024-10-26,25,quantile,0.5,0.0
2024-10-12,wk inc flu hosp,2,2024-10-26,25,quantile,0.55,8.290463886485846
2024-10-12,wk inc flu hosp,2,2024-10-26,25,quantile,0.6,14.793705444777125
2024-10-12,wk inc flu hosp,2,2024-10-26,25,quantile,0.65,25.779455272616897
2024-10-12,wk inc flu hosp,2,2024-10-26,25,quantile,0.7,31.805015178518584
2024-10-12,wk inc flu hosp,2,2024-10-26,25,quantile,0.75,42.43208158874077
2024-10-12,wk inc flu hosp,2,2024-10-26,25,quantile,0.8,50.23426037723273
2024-10-12,wk inc flu hosp,2,2024-10-26,25,quantile,0.85,61.623364546266515
2024-10-12,wk inc flu hosp,2,2024-10-26,25,quantile,0.9,76.54055595827182
2024-10-12,wk inc flu hosp,2,2024-10-26,25,quantile,0.95,102.05055097634926
2024-10-12,wk inc flu hosp,2,2024-10-26,25,quantile,0.975,122.98583072634783
2024-10-12,wk inc flu hosp,2,2024-10-26,25,quantile,0.99,136.42346378469995
2024-10-12,wk inc flu hosp,3,2024-11-02,25,quantile,0.01,0.0
2024-10-12,wk inc flu hosp,3,2024-11-02,25,quantile,0.025,0.0
2024-10-12,wk inc flu hosp,3,2024-11-02,25,quantile,0.05,0.0
2024-10-12,wk inc flu hosp,3,2024-11-02,25,quantile,0.1,0.0
2024-10-12,wk inc flu hosp,3,2024-11-02,25,quantile,0.15,0.0
2024-10-12,wk inc flu hosp,3,2024-11-02,25,quantile,0.2,0.0
2024-10-12,wk inc flu hosp,3,2024-11-02,25,quantile,0.25,0.0
2024-10-12,wk inc flu hosp,3,2024-11-02,25,quantile,0.3,0.0
2024-10-12,wk inc flu hosp,3,2024-11-02,25,quantile,0.35,0.0
2024-10-12,wk inc flu hosp,3,2024-11-02,25,quantile,0.4,0.0
2024-10-12,wk inc flu hosp,3,2024-11-02,25,quantile,0.45,0.0
2024-10-12,wk inc flu hosp,3,2024-11-02,25,quantile,0.5,3.4000312802004515
2024-10-12,wk inc flu hosp,3,2024-11-02,25,quantile,0.55,13.41702828426821
2024-10-12,wk inc flu hosp,3,2024-11-02,25,quantile,0.6,22.64795859165425
2024-10-12,wk inc flu hosp,3,2024-11-02,25,quantile,0.65,34.08045986780148
2024-10-12,wk inc flu hosp,3,2024-11-02,25,quantile,0.7,44.37932555597091
2024-10-12,wk inc flu hosp,3,2024-11-02,25,quantile,0.75,57.12725284407027
2024-10-12,wk inc flu hosp,3,2024-11-02,25,quantile,0.8,68.00674091252114
2024-10-12,wk inc flu hosp,3,2024-11-02,25,quantile,0.85,81.18199384815983
2024-10-12,wk inc flu hosp,3,2024-11-02,25,quantile,0.9,100.15256197736856
2024-10-12,wk inc flu hosp,3,2024-11-02,25,quantile,0.95,125.57496530847612
2024-10-12,wk inc flu hosp,3,2024-11-02,25,quantile,0.975,150.5836585315802
2024-10-12,wk inc flu hosp,3,2024-11-02,25,quantile,0.99,181.29141015579586
2024-10-12,wk inc flu hosp,0,2024-10-12,26,quantile,0.01,0.0
2024-10-12,wk inc flu hosp,0,2024-10-12,26,quantile,0.025,0.0
2024-10-12,wk inc flu hosp,0,2024-10-12,26,quantile,0.05,0.0
2024-10-12,wk inc flu hosp,0,2024-10-12,26,quantile,0.1,0.0
2024-10-12,wk inc flu hosp,0,2024-10-12,26,quantile,0.15,0.0
2024-10-12,wk inc flu hosp,0,2024-10-12,26,quantile,0.2,0.0
2024-10-12,wk inc flu hosp,0,2024-10-12,26,quantile,0.25,0.0
2024-10-12,wk inc flu hosp,0,2024-10-12,26,quantile,0.3,0.0
2024-10-12,wk inc flu hosp,0,2024-10-12,26,quantile,0.35,0.0
2024-10-12,wk inc flu hosp,0,2024-10-12,26,quantile,0.4,0.0
2024-10-12,wk inc flu hosp,0,2024-10-12,26,quantile,0.45,2.9902148403752147
2024-10-12,wk inc flu hosp,0,2024-10-12,26,quantile,0.5,11.393820047868065
2024-10-12,wk inc flu hosp,0,2024-10-12,26,quantile,0.55,18.89711622419992
2024-10-12,wk inc flu hosp,0,2024-10-12,26,quantile,0.6,28.8345325153969
2024-10-12,wk inc flu hosp,0,2024-10-12,26,quantile,0.65,37.29386104658628
2024-10-12,wk inc flu hosp,0,2024-10-12,26,quantile,0.7,44.73684590892039
2024-10-12,wk inc flu hosp,0,2024-10-12,26,quantile,0.75,56.84837176873676
2024-10-12,wk inc flu hosp,0,2024-10-12,26,quantile,0.8,69.25110886262935
2024-10-12,wk inc flu hosp,0,2024-10-12,26,quantile,0.85,80.41226002305936
2024-10-12,wk inc flu hosp,0,2024-10-12,26,quantile,0.9,99.54578139297458
2024-10-12,wk inc flu hosp,0,2024-10-12,26,quantile,0.95,128.83769410559376
2024-10-12,wk inc flu hosp,0,2024-10-12,26,quantile,0.975,148.71416655431443
2024-10-12,wk inc flu hosp,0,2024-10-12,26,quantile,0.99,170.5325346437325
2024-10-12,wk inc flu hosp,1,2024-10-19,26,quantile,0.01,0.0
2024-10-12,wk inc flu hosp,1,2024-10-19,26,quantile,0.025,0.0
2024-10-12,wk inc flu hosp,1,2024-10-19,26,quantile,0.05,0.0
2024-10-12,wk inc flu hosp,1,2024-10-19,26,quantile,0.1,0.0
2024-10-12,wk inc flu hosp,1,2024-10-19,26,quantile,0.15,0.0
2024-10-12,wk inc flu hosp,1,2024-10-19,26,quantile,0.2,0.0
2024-10-12,wk inc flu hosp,1,2024-10-19,26,quantile,0.25,0.0
2024-10-12,wk inc flu hosp,1,2024-10-19,26,quantile,0.3,0.0
2024-10-12,wk inc flu hosp,1,2024-10-19,26,quantile,0.35,0.0
2024-10-12,wk inc flu hosp,1,2024-10-19,26,quantile,0.4,0.0
2024-10-12,wk inc flu hosp,1,2024-10-19,26,quantile,0.45,11.713753495009357
2024-10-12,wk inc flu hosp,1,2024-10-19,26,quantile,0.5,25.474252921852198
2024-10-12,wk inc flu hosp,1,2024-10-19,26,quantile,0.55,37.27843528270911
2024-10-12,wk inc flu hosp,1,2024-10-19,26,quantile,0.6,48.04110893293932
2024-10-12,wk inc flu hosp,1,2024-10-19,26,quantile,0.65,59.72778529322445
2024-10-12,wk inc flu hosp,1,2024-10-19,26,quantile,0.7,70.79135711359723
2024-10-12,wk inc flu hosp,1,2024-10-19,26,quantile,0.75,86.75601279573668
2024-10-12,wk inc flu hosp,1,2024-10-19,26,quantile,0.8,100.36666847967483
2024-10-12,wk inc flu hosp,1,2024-10-19,26,quantile,0.85,115.81358429538383
2024-10-12,wk inc flu hosp,1,2024-10-19,26,quantile,0.9,143.57800264210195
2024-10-12,wk inc flu hosp,1,2024-10-19,26,quantile,0.95,186.06798092647912
2024-10-12,wk inc flu hosp,1,2024-10-19,26,quantile,0.975,212.26371788320893
2024-10-12,wk inc flu hosp,1,2024-10-19,26,quantile,0.99,241.83700309943774
2024-10-12,wk inc flu hosp,2,2024-10-26,26,quantile,0.01,0.0
2024-10-12,wk inc flu hosp,2,2024-10-26,26,quantile,0.025,0.0
2024-10-12,wk inc flu hosp,2,2024-10-26,26,quantile,0.05,0.0
2024-10-12,wk inc flu hosp,2,2024-10-26,26,quantile,0.1,0.0
2024-10-12,wk inc flu hosp,2,2024-10-26,26,quantile,0.15,0.0
2024-10-12,wk inc flu hosp,2,2024-10-26,26,quantile,0.2,0.0
2024-10-12,wk inc flu hosp,2,2024-10-26,26,quantile,0.25,0.0
2024-10-12,wk inc flu hosp,2,2024-10-26,26,quantile,0.3,0.0
2024-10-12,wk inc flu hosp,2,2024-10-26,26,quantile,0.35,0.0
2024-10-12,wk inc flu hosp,2,2024-10-26,26,quantile,0.4,2.097605348448692
2024-10-12,wk inc flu hosp,2,2024-10-26,26,quantile,0.45,18.4295922126149
2024-10-12,wk inc flu hosp,2,2024-10-26,26,quantile,0.5,36.114670119110684
2024-10-12,wk inc flu hosp,2,2024-10-26,26,quantile,0.55,51.547260640210865
2024-10-12,wk inc flu hosp,2,2024-10-26,26,quantile,0.6,63.39837544916152
2024-10-12,wk inc flu hosp,2,2024-10-26,26,quantile,0.65,83.4181427152489
2024-10-12,wk inc flu hosp,2,2024-10-26,26,quantile,0.7,94.39875931898058
2024-10-12,wk inc flu hosp,2,2024-10-26,26,quantile,0.75,113.76488357886083
2024-10-12,wk inc flu hosp,2,2024-10-26,26,quantile,0.8,127.98310317805293
2024-10-12,wk inc flu hosp,2,2024-10-26,26,quantile,0.85,148.73791904464704
2024-10-12,wk inc flu hosp,2,2024-10-26,26,quantile,0.9,175.92210810884933
2024-10-12,wk inc flu hosp,2,2024-10-26,26,quantile,0.95,222.4099829671268
2024-10-12,wk inc flu hosp,2,2024-10-26,26,quantile,0.975,260.5611729007701
2024-10-12,wk inc flu hosp,2,2024-10-26,26,quantile,0.99,285.0491041436201
2024-10-12,wk inc flu hosp,3,2024-11-02,26,quantile,0.01,0.0
2024-10-12,wk inc flu hosp,3,2024-11-02,26,quantile,0.025,0.0
2024-10-12,wk inc flu hosp,3,2024-11-02,26,quantile,0.05,0.0
2024-10-12,wk inc flu hosp,3,2024-11-02,26,quantile,0.1,0.0
2024-10-12,wk inc flu hosp,3,2024-11-02,26,quantile,0.15,0.0
2024-10-12,wk inc flu hosp,3,2024-11-02,26,quantile,0.2,0.0
2024-10-12,wk inc flu hosp,3,2024-11-02,26,quantile,0.25,0.0
2024-10-12,wk inc flu hosp,3,2024-11-02,26,quantile,0.3,0.0
2024-10-12,wk inc flu hosp,3,2024-11-02,26,quantile,0.35,0.0
2024-10-12,wk inc flu hosp,3,2024-11-02,26,quantile,0.4,13.71764685564362
2024-10-12,wk inc flu hosp,3,2024-11-02,26,quantile,0.45,34.72496980531136
2024-10-12,wk inc flu hosp,3,2024-11-02,26,quantile,0.5,48.49678372158884
2024-10-12,wk inc flu hosp,3,2024-11-02,26,quantile,0.55,66.75115432616371
2024-10-12,wk inc flu hosp,3,2024-11-02,26,quantile,0.6,83.5730444383
2024-10-12,wk inc flu hosp,3,2024-11-02,26,quantile,0.65,104.406944572973
2024-10-12,wk inc flu hosp,3,2024-11-02,26,quantile,0.7,123.17497565077412
2024-10-12,wk inc flu hosp,3,2024-11-02,26,quantile,0.75,146.406028736109
2024-10-12,wk inc flu hosp,3,2024-11-02,26,quantile,0.8,166.2321509870095
2024-10-12,wk inc flu hosp,3,2024-11-02,26,quantile,0.85,190.24193653436416
2024-10-12,wk inc flu hosp,3,2024-11-02,26,quantile,0.9,224.81275462178965
2024-10-12,wk inc flu hosp,3,2024-11-02,26,quantile,0.95,271.14100767772675
2024-10-12,wk inc flu hosp,3,2024-11-02,26,quantile,0.975,316.71534040891106
2024-10-12,wk inc flu hosp,3,2024-11-02,26,quantile,0.99,372.67529311270397
2024-10-12,wk inc flu hosp,0,2024-10-12,27,quantile,0.01,0.0
2024-10-12,wk inc flu hosp,0,2024-10-12,27,quantile,0.025,0.0
2024-10-12,wk inc flu hosp,0,2024-10-12,27,quantile,0.05,0.0
2024-10-12,wk inc flu hosp,0,2024-10-12,27,quantile,0.1,0.0
2024-10-12,wk inc flu hosp,0,2024-10-12,27,quantile,0.15,0.0
2024-10-12,wk inc flu hosp,0,2024-10-12,27,quantile,0.2,0.0
2024-10-12,wk inc flu hosp,0,2024-10-12,27,quantile,0.25,0.0
2024-10-12,wk inc flu hosp,0,2024-10-12,27,quantile,0.3,0.0
2024-10-12,wk inc flu hosp,0,2024-10-12,27,quantile,0.35,0.0
2024-10-12,wk inc flu hosp,0,2024-10-12,27,quantile,0.4,0.0
2024-10-12,wk inc flu hosp,0,2024-10-12,27,quantile,0.45,0.0
2024-10-12,wk inc flu hosp,0,2024-10-12,27,quantile,0.5,0.0
2024-10-12,wk inc flu hosp,0,2024-10-12,27,quantile,0.55,0.0
2024-10-12,wk inc flu hosp,0,2024-10-12,27,quantile,0.6,3.036715672453177
2024-10-12,wk inc flu hosp,0,2024-10-12,27,quantile,0.65,9.164153947228511
2024-10-12,wk inc flu hosp,0,2024-10-12,27,quantile,0.7,14.55541285813254
2024-10-12,wk inc flu hosp,0,2024-10-12,27,quantile,0.75,23.328287306234376
2024-10-12,wk inc flu hosp,0,2024-10-12,27,quantile,0.8,32.3120979835114
2024-10-12,wk inc flu hosp,0,2024-10-12,27,quantile,0.85,40.39657709539623
2024-10-12,wk inc flu hosp,0,2024-10-12,27,quantile,0.9,54.25577061660667
2024-10-12,wk inc flu hosp,0,2024-10-12,27,quantile,0.95,75.47310322579965
2024-10-12,wk inc flu hosp,0,2024-10-12,27,quantile,0.975,89.87044665569061
2024-10-12,wk inc flu hosp,0,2024-10-12,27,quantile,0.99,105.67438466700227
2024-10-12,wk inc flu hosp,1,2024-10-19,27,quantile,0.01,0.0
2024-10-12,wk inc flu hosp,1,2024-10-19,27,quantile,0.025,0.0
2024-10-12,wk inc flu hosp,1,2024-10-19,27,quantile,0.05,0.0
2024-10-12,wk inc flu hosp,1,2024-10-19,27,quantile,0.1,0.0
2024-10-12,wk inc flu hosp,1,2024-10-19,27,quantile,0.15,0.0
2024-10-12,wk inc flu hosp,1,2024-10-19,27,quantile,0.2,0.0
2024-10-12,wk inc flu hosp,1,2024-10-19,27,quantile,0.25,0.0
2024-10-12,wk inc flu hosp,1,2024-10-19,27,quantile,0.3,0.0
2024-10-12,wk inc flu hosp,1,2024-10-19,27,quantile,0.35,0.0
2024-10-12,wk inc flu hosp,1,2024-10-19,27,quantile,0.4,0.0
2024-10-12,wk inc flu hosp,1,2024-10-19,27,quantile,0.45,0.0
2024-10-12,wk inc flu hosp,1,2024-10-19,27,quantile,0.5,2.6480123521908334
2024-10-12,wk inc flu hosp,1,2024-10-19,27,quantile,0.55,8.877884913440996
2024-10-12,wk inc flu hosp,1,2024-10-19,27,quantile,0.6,16.33939471265063
2024-10-12,wk inc flu hosp,1,2024-10-19,27,quantile,0.65,24.052457789261542
2024-10-12,wk inc flu hosp,1,2024-10-19,27,quantile,0.7,32.17496525290031
2024-10-12,wk inc flu hosp,1,2024-10-19,27,quantile,0.75,42.30069530213921
2024-10-12,wk inc flu hosp,1,2024-10-19,27,quantile,0.8,51.543509779244275
2024-10-12,wk inc flu hosp,1,2024-10-19,27,quantile,0.85,64.6048566878556
2024-10-12,wk inc flu hosp,1,2024-10-19,27,quantile,0.9,79.4927698897776
2024-10-12,wk inc flu hosp,1,2024-10-19,27,quantile,0.95,109.07850247427287
2024-10-12,wk inc flu hosp,1,2024-10-19,27,quantile,0.975,128.38501526671848
2024-10-12,wk inc flu hosp,1,2024-10-19,27,quantile,0.99,147.4278554428664
2024-10-12,wk inc flu hosp,2,2024-10-26,27,quantile,0.01,0.0
2024-10-12,wk inc flu hosp,2,2024-10-26,27,quantile,0.025,0.0
2024-10-12,wk inc flu hosp,2,2024-10-26,27,quantile,0.05,0.0
2024-10-12,wk inc flu hosp,2,2024-10-26,27,quantile,0.1,0.0
2024-10-12,wk inc flu hosp,2,2024-10-26,27,quantile,0.15,0.0
2024-10-12,wk inc flu hosp,2,2024-10-26,27,quantile,0.2,0.0
2024-10-12,wk inc flu hosp,2,2024-10-26,27,quantile,0.25,0.0
2024-10-12,wk inc flu hosp,2,2024-10-26,27,quantile,0.3,0.0
2024-10-12,wk inc flu hosp,2,2024-10-26,27,quantile,0.35,0.0
2024-10-12,wk inc flu hosp,2,2024-10-26,27,quantile,0.4,0.0
2024-10-12,wk inc flu hosp,2,2024-10-26,27,quantile,0.45,0.0
2024-10-12,wk inc flu hosp,2,2024-10-26,27,quantile,0.5,4.019140570162741
2024-10-12,wk inc flu hosp,2,2024-10-26,27,quantile,0.55,13.771008445372546
2024-10-12,wk inc flu hosp,2,2024-10-26,27,quantile,0.6,23.232972190063563
2024-10-12,wk inc flu hosp,2,2024-10-26,27,quantile,0.65,34.47712329127414
2024-10-12,wk inc flu hosp,2,2024-10-26,27,quantile,0.7,44.744929097238696
2024-10-12,wk inc flu hosp,2,2024-10-26,27,quantile,0.75,54.66440899460885
2024-10-12,wk inc flu hosp,2,2024-10-26,27,quantile,0.8,64.10544676483359
2024-10-12,wk inc flu hosp,2,2024-10-26,27,quantile,0.85,81.03844647081084
2024-10-12,wk inc flu hosp,2,2024-10-26,27,quantile,0.9,98.3492023635724
2024-10-12,wk inc flu hosp,2,2024-10-26,27,quantile,0.95,126.55139679675084
2024-10-12,wk inc flu hosp,2,2024-10-26,27,quantile,0.975,152.0246833050627
2024-10-12,wk inc flu hosp,2,2024-10-26,27,quantile,0.99,170.4468246915388
2024-10-12,wk inc flu hosp,3,2024-11-02,27,quantile,0.01,0.0
2024-10-12,wk inc flu hosp,3,2024-11-02,27,quantile,0.025,0.0
2024-10-12,wk inc flu hosp,3,2024-11-02,27,quantile,0.05,0.0
2024-10-12,wk inc flu hosp,3,2024-11-02,27,quantile,0.1,0.0
2024-10-12,wk inc flu hosp,3,2024-11-02,27,quantile,0.15,0.0
2024-10-12,wk inc flu hosp,3,2024-11-02,27,quantile,0.2,0.0
2024-10-12,wk inc flu hosp,3,2024-11-02,27,quantile,0.25,0.0
2024-10-12,wk inc flu hosp,3,2024-11-02,27,quantile,0.3,0.0
2024-10-12,wk inc flu hosp,3,2024-11-02,27,quantile,0.35,0.0
2024-10-12,wk inc flu hosp,3,2024-11-02,27,quantile,0.4,0.0
2024-10-12,wk inc flu hosp,3,2024-11-02,27,quantile,0.45,0.0
2024-10-12,wk inc flu hosp,3,2024-11-02,27,quantile,0.5,0.0
2024-10-12,wk inc flu hosp,3,2024-11-02,27,quantile,0.55,3.662408263254141
2024-10-12,wk inc flu hosp,3,2024-11-02,27,quantile,0.6,16.928167407977142
2024-10-12,wk inc flu hosp,3,2024-11-02,27,quantile,0.65,29.050111286264066
2024-10-12,wk inc flu hosp,3,2024-11-02,27,quantile,0.7,42.19929709650079
2024-10-12,wk inc flu hosp,3,2024-11-02,27,quantile,0.75,55.43748195289792
2024-10-12,wk inc flu hosp,3,2024-11-02,27,quantile,0.8,71.05983022865196
2024-10-12,wk inc flu hosp,3,2024-11-02,27,quantile,0.85,87.22700186460163
2024-10-12,wk inc flu hosp,3,2024-11-02,27,quantile,0.9,107.54604933416572
2024-10-12,wk inc flu hosp,3,2024-11-02,27,quantile,0.95,139.1391760654889
2024-10-12,wk inc flu hosp,3,2024-11-02,27,quantile,0.975,170.50397801395445
2024-10-12,wk inc flu hosp,3,2024-11-02,27,quantile,0.99,202.9882792647253
2024-10-12,wk inc flu hosp,0,2024-10-12,28,quantile,0.01,0.0
2024-10-12,wk inc flu hosp,0,2024-10-12,28,quantile,0.025,0.0
2024-10-12,wk inc flu hosp,0,2024-10-12,28,quantile,0.05,0.0
2024-10-12,wk inc flu hosp,0,2024-10-12,28,quantile,0.1,0.0
2024-10-12,wk inc flu hosp,0,2024-10-12,28,quantile,0.15,0.0
2024-10-12,wk inc flu hosp,0,2024-10-12,28,quantile,0.2,0.0
2024-10-12,wk inc flu hosp,0,2024-10-12,28,quantile,0.25,0.0
2024-10-12,wk inc flu hosp,0,2024-10-12,28,quantile,0.3,1.2623363069273712
2024-10-12,wk inc flu hosp,0,2024-10-12,28,quantile,0.35,4.41011836123813
2024-10-12,wk inc flu hosp,0,2024-10-12,28,quantile,0.4,7.041921594954003
2024-10-12,wk inc flu hosp,0,2024-10-12,28,quantile,0.45,10.299319729247738
2024-10-12,wk inc flu hosp,0,2024-10-12,28,quantile,0.5,13.362091520726445
2024-10-12,wk inc flu hosp,0,2024-10-12,28,quantile,0.55,16.096737342913443
2024-10-12,wk inc flu hosp,0,2024-10-12,28,quantile,0.6,19.7185207972006
2024-10-12,wk inc flu hosp,0,2024-10-12,28,quantile,0.65,22.801601470371295
2024-10-12,wk inc flu hosp,0,2024-10-12,28,quantile,0.7,25.514266275285536
2024-10-12,wk inc flu hosp,0,2024-10-12,28,quantile,0.75,29.928424108656365
2024-10-12,wk inc flu hosp,0,2024-10-12,28,quantile,0.8,34.44871657485063
2024-10-12,wk inc flu hosp,0,2024-10-12,28,quantile,0.85,38.516501542201965
2024-10-12,wk inc flu hosp,0,2024-10-12,28,quantile,0.9,45.48989070988689
2024-10-12,wk inc flu hosp,0,2024-10-12,28,quantile,0.95,56.1655997370881
2024-10-12,wk inc flu hosp,0,2024-10-12,28,quantile,0.975,63.40976431014133
2024-10-12,wk inc flu hosp,0,2024-10-12,28,quantile,0.99,71.36167074439246
2024-10-12,wk inc flu hosp,1,2024-10-19,28,quantile,0.01,0.0
2024-10-12,wk inc flu hosp,1,2024-10-19,28,quantile,0.025,0.0
2024-10-12,wk inc flu hosp,1,2024-10-19,28,quantile,0.05,0.0
2024-10-12,wk inc flu hosp,1,2024-10-19,28,quantile,0.1,0.0
2024-10-12,wk inc flu hosp,1,2024-10-19,28,quantile,0.15,0.0
2024-10-12,wk inc flu hosp,1,2024-10-19,28,quantile,0.2,0.0
2024-10-12,wk inc flu hosp,1,2024-10-19,28,quantile,0.25,0.0
2024-10-12,wk inc flu hosp,1,2024-10-19,28,quantile,0.3,4.405231968326173
2024-10-12,wk inc flu hosp,1,2024-10-19,28,quantile,0.35,9.562560513694974
2024-10-12,wk inc flu hosp,1,2024-10-19,28,quantile,0.4,14.239453649918024
2024-10-12,wk inc flu hosp,1,2024-10-19,28,quantile,0.45,18.929246243519085
2024-10-12,wk inc flu hosp,1,2024-10-19,28,quantile,0.5,23.944387773920283
2024-10-12,wk inc flu hosp,1,2024-10-19,28,quantile,0.55,28.246531421038277
2024-10-12,wk inc flu hosp,1,2024-10-19,28,quantile,0.6,32.169087567229575
2024-10-12,wk inc flu hosp,1,2024-10-19,28,quantile,0.65,36.428405063547444
2024-10-12,wk inc flu hosp,1,2024-10-19,28,quantile,0.7,40.46062633617738
2024-10-12,wk inc flu hosp,1,2024-10-19,28,quantile,0.75,46.2790930390551
2024-10-12,wk inc flu hosp,1,2024-10-19,28,quantile,0.8,51.2396226287991
2024-10-12,wk inc flu hosp,1,2024-10-19,28,quantile,0.85,56.86939423962117
2024-10-12,wk inc flu hosp,1,2024-10-19,28,quantile,0.9,66.98839379035232
2024-10-12,wk inc flu hosp,1,2024-10-19,28,quantile,0.95,82.47426011756862
2024-10-12,wk inc flu hosp,1,2024-10-19,28,quantile,0.975,92.0215391992337
2024-10-12,wk inc flu hosp,1,2024-10-19,28,quantile,0.99,102.79979704276732
2024-10-12,wk inc flu hosp,2,2024-10-26,28,quantile,0.01,0.0
2024-10-12,wk inc flu hosp,2,2024-10-26,28,quantile,0.025,0.0
2024-10-12,wk inc flu hosp,2,2024-10-26,28,quantile,0.05,0.0
2024-10-12,wk inc flu hosp,2,2024-10-26,28,quantile,0.1,0.0
2024-10-12,wk inc flu hosp,2,2024-10-26,28,quantile,0.15,0.0
2024-10-12,wk inc flu hosp,2,2024-10-26,28,quantile,0.2,0.0
2024-10-12,wk inc flu hosp,2,2024-10-26,28,quantile,0.25,4.739347632407043
2024-10-12,wk inc flu hosp,2,2024-10-26,28,quantile,0.3,10.19188107957312
2024-10-12,wk inc flu hosp,2,2024-10-26,28,quantile,0.35,16.26084936389425
2024-10-12,wk inc flu hosp,2,2024-10-26,28,quantile,0.4,22.5601038570349
2024-10-12,wk inc flu hosp,2,2024-10-26,28,quantile,0.45,28.51244781314662
2024-10-12,wk inc flu hosp,2,2024-10-26,28,quantile,0.5,34.95793833831115
2024-10-12,wk inc flu hosp,2,2024-10-26,28,quantile,0.55,40.582488962764984
2024-10-12,wk inc flu hosp,2,2024-10-26,28,quantile,0.6,44.9017375754992
2024-10-12,wk inc flu hosp,2,2024-10-26,28,quantile,0.65,52.19812727261044
2024-10-12,wk inc flu hosp,2,2024-10-26,28,quantile,0.7,56.20011474781521
2024-10-12,wk inc flu hosp,2,2024-10-26,28,quantile,0.75,63.25827819420688
2024-10-12,wk inc flu hosp,2,2024-10-26,28,quantile,0.8,68.44024008297191
2024-10-12,wk inc flu hosp,2,2024-10-26,28,quantile,0.85,76.00452505400564
2024-10-12,wk inc flu hosp,2,2024-10-26,28,quantile,0.9,85.91205466591876
2024-10-12,wk inc flu hosp,2,2024-10-26,28,quantile,0.95,102.85499144676297
2024-10-12,wk inc flu hosp,2,2024-10-26,28,quantile,0.975,116.7595461533458
2024-10-12,wk inc flu hosp,2,2024-10-26,28,quantile,0.99,125.68439961688055
2024-10-12,wk inc flu hosp,3,2024-11-02,28,quantile,0.01,0.0
2024-10-12,wk inc flu hosp,3,2024-11-02,28,quantile,0.025,0.0
2024-10-12,wk inc flu hosp,3,2024-11-02,28,quantile,0.05,0.0
2024-10-12,wk inc flu hosp,3,2024-11-02,28,quantile,0.1,0.0
2024-10-12,wk inc flu hosp,3,2024-11-02,28,quantile,0.15,8.859675576253755
2024-10-12,wk inc flu hosp,3,2024-11-02,28,quantile,0.2,17.673530777252978
2024-10-12,wk inc flu hosp,3,2024-11-02,28,quantile,0.25,25.948651982298106
2024-10-12,wk inc flu hosp,3,2024-11-02,28,quantile,0.3,33.707912208698424
2024-10-12,wk inc flu hosp,3,2024-11-02,28,quantile,0.35,40.318696859231444
2024-10-12,wk inc flu hosp,3,2024-11-02,28,quantile,0.4,46.22375501152661
2024-10-12,wk inc flu hosp,3,2024-11-02,28,quantile,0.45,53.880068528891535
2024-10-12,wk inc flu hosp,3,2024-11-02,28,quantile,0.5,58.89933372981504
2024-10-12,wk inc flu hosp,3,2024-11-02,28,quantile,0.55,65.55230825425372
2024-10-12,wk inc flu hosp,3,2024-11-02,28,quantile,0.6,71.68320198886987
2024-10-12,wk inc flu hosp,3,2024-11-02,28,quantile,0.65,79.27630995425439
2024-10-12,wk inc flu hosp,3,2024-11-02,28,quantile,0.7,86.11649279809293
2024-10-12,wk inc flu hosp,3,2024-11-02,28,quantile,0.75,94.58326537002048
2024-10-12,wk inc flu hosp,3,2024-11-02,28,quantile,0.8,101.80907934689846
2024-10-12,wk inc flu hosp,3,2024-11-02,28,quantile,0.85,110.55966818088177
2024-10-12,wk inc flu hosp,3,2024-11-02,28,quantile,0.9,123.15932318991305
2024-10-12,wk inc flu hosp,3,2024-11-02,28,quantile,0.95,140.04408432572845
2024-10-12,wk inc flu hosp,3,2024-11-02,28,quantile,0.975,156.65407221284144
2024-10-12,wk inc flu hosp,3,2024-11-02,28,quantile,0.99,177.04919553929687
2024-10-12,wk inc flu hosp,0,2024-10-12,29,quantile,0.01,0.0
2024-10-12,wk inc flu hosp,0,2024-10-12,29,quantile,0.025,0.0
2024-10-12,wk inc flu hosp,0,2024-10-12,29,quantile,0.05,0.0
2024-10-12,wk inc flu hosp,0,2024-10-12,29,quantile,0.1,0.0
2024-10-12,wk inc flu hosp,0,2024-10-12,29,quantile,0.15,0.0
2024-10-12,wk inc flu hosp,0,2024-10-12,29,quantile,0.2,0.0
2024-10-12,wk inc flu hosp,0,2024-10-12,29,quantile,0.25,0.0
2024-10-12,wk inc flu hosp,0,2024-10-12,29,quantile,0.3,0.0
2024-10-12,wk inc flu hosp,0,2024-10-12,29,quantile,0.35,0.0
2024-10-12,wk inc flu hosp,0,2024-10-12,29,quantile,0.4,0.0
2024-10-12,wk inc flu hosp,0,2024-10-12,29,quantile,0.45,0.0
2024-10-12,wk inc flu hosp,0,2024-10-12,29,quantile,0.5,3.8203486750974944
2024-10-12,wk inc flu hosp,0,2024-10-12,29,quantile,0.55,14.400929036497816
2024-10-12,wk inc flu hosp,0,2024-10-12,29,quantile,0.6,28.413921351176796
2024-10-12,wk inc flu hosp,0,2024-10-12,29,quantile,0.65,40.34262617960488
2024-10-12,wk inc flu hosp,0,2024-10-12,29,quantile,0.7,50.83816009082405
2024-10-12,wk inc flu hosp,0,2024-10-12,29,quantile,0.75,67.91691716603958
2024-10-12,wk inc flu hosp,0,2024-10-12,29,quantile,0.8,85.40631828247064
2024-10-12,wk inc flu hosp,0,2024-10-12,29,quantile,0.85,101.14492888818951
2024-10-12,wk inc flu hosp,0,2024-10-12,29,quantile,0.9,128.1255725537748
2024-10-12,wk inc flu hosp,0,2024-10-12,29,quantile,0.95,169.43081082660342
2024-10-12,wk inc flu hosp,0,2024-10-12,29,quantile,0.975,197.45910787133775
2024-10-12,wk inc flu hosp,0,2024-10-12,29,quantile,0.99,228.2257191711674
2024-10-12,wk inc flu hosp,1,2024-10-19,29,quantile,0.01,0.0
2024-10-12,wk inc flu hosp,1,2024-10-19,29,quantile,0.025,0.0
2024-10-12,wk inc flu hosp,1,2024-10-19,29,quantile,0.05,0.0
2024-10-12,wk inc flu hosp,1,2024-10-19,29,quantile,0.1,0.0
2024-10-12,wk inc flu hosp,1,2024-10-19,29,quantile,0.15,0.0
2024-10-12,wk inc flu hosp,1,2024-10-19,29,quantile,0.2,0.0
2024-10-12,wk inc flu hosp,1,2024-10-19,29,quantile,0.25,0.0
2024-10-12,wk inc flu hosp,1,2024-10-19,29,quantile,0.3,0.0
2024-10-12,wk inc flu hosp,1,2024-10-19,29,quantile,0.35,0.0
2024-10-12,wk inc flu hosp,1,2024-10-19,29,quantile,0.4,0.0
2024-10-12,wk inc flu hosp,1,2024-10-19,29,quantile,0.45,0.0
2024-10-12,wk inc flu hosp,1,2024-10-19,29,quantile,0.5,4.264736474564566
2024-10-12,wk inc flu hosp,1,2024-10-19,29,quantile,0.55,20.91010100963862
2024-10-12,wk inc flu hosp,1,2024-10-19,29,quantile,0.6,36.0868087902792
2024-10-12,wk inc flu hosp,1,2024-10-19,29,quantile,0.65,52.56647525709379
2024-10-12,wk inc flu hosp,1,2024-10-19,29,quantile,0.7,68.16748686300977
2024-10-12,wk inc flu hosp,1,2024-10-19,29,quantile,0.75,90.67963597952523
2024-10-12,wk inc flu hosp,1,2024-10-19,29,quantile,0.8,109.87235246718214
2024-10-12,wk inc flu hosp,1,2024-10-19,29,quantile,0.85,131.65442401054412
2024-10-12,wk inc flu hosp,1,2024-10-19,29,quantile,0.9,170.80570534095824
2024-10-12,wk inc flu hosp,1,2024-10-19,29,quantile,0.95,230.72185675320168
2024-10-12,wk inc flu hosp,1,2024-10-19,29,quantile,0.975,267.6611023171803
2024-10-12,wk inc flu hosp,1,2024-10-19,29,quantile,0.99,309.36311079819035
2024-10-12,wk inc flu hosp,2,2024-10-26,29,quantile,0.01,0.0
2024-10-12,wk inc flu hosp,2,2024-10-26,29,quantile,0.025,0.0
2024-10-12,wk inc flu hosp,2,2024-10-26,29,quantile,0.05,0.0
2024-10-12,wk inc flu hosp,2,2024-10-26,29,quantile,0.1,0.0
2024-10-12,wk inc flu hosp,2,2024-10-26,29,quantile,0.15,0.0
2024-10-12,wk inc flu hosp,2,2024-10-26,29,quantile,0.2,0.0
2024-10-12,wk inc flu hosp,2,2024-10-26,29,quantile,0.25,0.0
2024-10-12,wk inc flu hosp,2,2024-10-26,29,quantile,0.3,0.0
2024-10-12,wk inc flu hosp,2,2024-10-26,29,quantile,0.35,0.0
2024-10-12,wk inc flu hosp,2,2024-10-26,29,quantile,0.4,0.0
2024-10-12,wk inc flu hosp,2,2024-10-26,29,quantile,0.45,5.350805648815637
2024-10-12,wk inc flu hosp,2,2024-10-26,29,quantile,0.5,30.288963971493096
2024-10-12,wk inc flu hosp,2,2024-10-26,29,quantile,0.55,52.05083506864481
2024-10-12,wk inc flu hosp,2,2024-10-26,29,quantile,0.6,68.7623801898164
2024-10-12,wk inc flu hosp,2,2024-10-26,29,quantile,0.65,96.99274074036076
2024-10-12,wk inc flu hosp,2,2024-10-26,29,quantile,0.7,112.47677517845052
2024-10-12,wk inc flu hosp,2,2024-10-26,29,quantile,0.75,139.78541783431055
2024-10-12,wk inc flu hosp,2,2024-10-26,29,quantile,0.8,159.8348749702054
2024-10-12,wk inc flu hosp,2,2024-10-26,29,quantile,0.85,189.10174542312146
2024-10-12,wk inc flu hosp,2,2024-10-26,29,quantile,0.9,227.43483133549225
2024-10-12,wk inc flu hosp,2,2024-10-26,29,quantile,0.95,292.98851390506223
2024-10-12,wk inc flu hosp,2,2024-10-26,29,quantile,0.975,346.78643437756836
2024-10-12,wk inc flu hosp,2,2024-10-26,29,quantile,0.99,381.31746158354565
2024-10-12,wk inc flu hosp,3,2024-11-02,29,quantile,0.01,0.0
2024-10-12,wk inc flu hosp,3,2024-11-02,29,quantile,0.025,0.0
2024-10-12,wk inc flu hosp,3,2024-11-02,29,quantile,0.05,0.0
2024-10-12,wk inc flu hosp,3,2024-11-02,29,quantile,0.1,0.0
2024-10-12,wk inc flu hosp,3,2024-11-02,29,quantile,0.15,0.0
2024-10-12,wk inc flu hosp,3,2024-11-02,29,quantile,0.2,0.0
2024-10-12,wk inc flu hosp,3,2024-11-02,29,quantile,0.25,0.0
2024-10-12,wk inc flu hosp,3,2024-11-02,29,quantile,0.3,0.0
2024-10-12,wk inc flu hosp,3,2024-11-02,29,quantile,0.35,0.0
2024-10-12,wk inc flu hosp,3,2024-11-02,29,quantile,0.4,0.0
2024-10-12,wk inc flu hosp,3,2024-11-02,29,quantile,0.45,18.770697943220036
2024-10-12,wk inc flu hosp,3,2024-11-02,29,quantile,0.5,38.19066757244248
2024-10-12,wk inc flu hosp,3,2024-11-02,29,quantile,0.55,63.931599369554284
2024-10-12,wk inc flu hosp,3,2024-11-02,29,quantile,0.6,87.65255559723657
2024-10-12,wk inc flu hosp,3,2024-11-02,29,quantile,0.65,117.03094469929925
2024-10-12,wk inc flu hosp,3,2024-11-02,29,quantile,0.7,143.49620161802747
2024-10-12,wk inc flu hosp,3,2024-11-02,29,quantile,0.75,176.25487437636528
2024-10-12,wk inc flu hosp,3,2024-11-02,29,quantile,0.8,204.2121713830192
2024-10-12,wk inc flu hosp,3,2024-11-02,29,quantile,0.85,238.06895371890795
2024-10-12,wk inc flu hosp,3,2024-11-02,29,quantile,0.9,286.81810480362174
2024-10-12,wk inc flu hosp,3,2024-11-02,29,quantile,0.95,352.1467007889221
2024-10-12,wk inc flu hosp,3,2024-11-02,29,quantile,0.975,416.41217539467436
2024-10-12,wk inc flu hosp,3,2024-11-02,29,quantile,0.99,495.3226652231724
2024-10-12,wk inc flu hosp,0,2024-10-12,30,quantile,0.01,0.0
2024-10-12,wk inc flu hosp,0,2024-10-12,30,quantile,0.025,0.0
2024-10-12,wk inc flu hosp,0,2024-10-12,30,quantile,0.05,0.0
2024-10-12,wk inc flu hosp,0,2024-10-12,30,quantile,0.1,0.0
2024-10-12,wk inc flu hosp,0,2024-10-12,30,quantile,0.15,0.0
2024-10-12,wk inc flu hosp,0,2024-10-12,30,quantile,0.2,0.0
2024-10-12,wk inc flu hosp,0,2024-10-12,30,quantile,0.25,0.0
2024-10-12,wk inc flu hosp,0,2024-10-12,30,quantile,0.3,0.0
2024-10-12,wk inc flu hosp,0,2024-10-12,30,quantile,0.35,0.0
2024-10-12,wk inc flu hosp,0,2024-10-12,30,quantile,0.4,0.0
2024-10-12,wk inc flu hosp,0,2024-10-12,30,quantile,0.45,0.0
2024-10-12,wk inc flu hosp,0,2024-10-12,30,quantile,0.5,0.005657430946013081
2024-10-12,wk inc flu hosp,0,2024-10-12,30,quantile,0.55,1.0351065656997769
2024-10-12,wk inc flu hosp,0,2024-10-12,30,quantile,0.6,2.3985159743447486
2024-10-12,wk inc flu hosp,0,2024-10-12,30,quantile,0.65,3.559132353117103
2024-10-12,wk inc flu hosp,0,2024-10-12,30,quantile,0.7,4.580306800513237
2024-10-12,wk inc flu hosp,0,2024-10-12,30,quantile,0.75,6.242003143550458
2024-10-12,wk inc flu hosp,0,2024-10-12,30,quantile,0.8,7.943653547563704
2024-10-12,wk inc flu hosp,0,2024-10-12,30,quantile,0.85,9.474958874575023
2024-10-12,wk inc flu hosp,0,2024-10-12,30,quantile,0.9,12.100070099850042
2024-10-12,wk inc flu hosp,0,2024-10-12,30,quantile,0.95,16.118908419521745
2024-10-12,wk inc flu hosp,0,2024-10-12,30,quantile,0.975,18.84595222579406
2024-10-12,wk inc flu hosp,0,2024-10-12,30,quantile,0.99,21.839423311507087
2024-10-12,wk inc flu hosp,1,2024-10-19,30,quantile,0.01,0.0
2024-10-12,wk inc flu hosp,1,2024-10-19,30,quantile,0.025,0.0
2024-10-12,wk inc flu hosp,1,2024-10-19,30,quantile,0.05,0.0
2024-10-12,wk inc flu hosp,1,2024-10-19,30,quantile,0.1,0.0
2024-10-12,wk inc flu hosp,1,2024-10-19,30,quantile,0.15,0.0
2024-10-12,wk inc flu hosp,1,2024-10-19,30,quantile,0.2,0.0
2024-10-12,wk inc flu hosp,1,2024-10-19,30,quantile,0.25,0.0
2024-10-12,wk inc flu hosp,1,2024-10-19,30,quantile,0.3,0.0
2024-10-12,wk inc flu hosp,1,2024-10-19,30,quantile,0.35,0.0
2024-10-12,wk inc flu hosp,1,2024-10-19,30,quantile,0.4,0.0
2024-10-12,wk inc flu hosp,1,2024-10-19,30,quantile,0.45,0.0
2024-10-12,wk inc flu hosp,1,2024-10-19,30,quantile,0.5,0.1248571551548042
2024-10-12,wk inc flu hosp,1,2024-10-19,30,quantile,0.55,1.46858583182287
2024-10-12,wk inc flu hosp,1,2024-10-19,30,quantile,0.6,2.9367647771941323
2024-10-12,wk inc flu hosp,1,2024-10-19,30,quantile,0.65,4.388939661352402
2024-10-12,wk inc flu hosp,1,2024-10-19,30,quantile,0.7,5.9647583539538305
2024-10-12,wk inc flu hosp,1,2024-10-19,30,quantile,0.75,8.049792328310597
2024-10-12,wk inc flu hosp,1,2024-10-19,30,quantile,0.8,9.735536298960247
2024-10-12,wk inc flu hosp,1,2024-10-19,30,quantile,0.85,12.124781386653314
2024-10-12,wk inc flu hosp,1,2024-10-19,30,quantile,0.9,15.153286794300866
2024-10-12,wk inc flu hosp,1,2024-10-19,30,quantile,0.95,21.032791307912614
2024-10-12,wk inc flu hosp,1,2024-10-19,30,quantile,0.975,24.827237654378507
2024-10-12,wk inc flu hosp,1,2024-10-19,30,quantile,0.99,28.5734813235667
2024-10-12,wk inc flu hosp,2,2024-10-26,30,quantile,0.01,0.0
2024-10-12,wk inc flu hosp,2,2024-10-26,30,quantile,0.025,0.0
2024-10-12,wk inc flu hosp,2,2024-10-26,30,quantile,0.05,0.0
2024-10-12,wk inc flu hosp,2,2024-10-26,30,quantile,0.1,0.0
2024-10-12,wk inc flu hosp,2,2024-10-26,30,quantile,0.15,0.0
2024-10-12,wk inc flu hosp,2,2024-10-26,30,quantile,0.2,0.0
2024-10-12,wk inc flu hosp,2,2024-10-26,30,quantile,0.25,0.0
2024-10-12,wk inc flu hosp,2,2024-10-26,30,quantile,0.3,0.0
2024-10-12,wk inc flu hosp,2,2024-10-26,30,quantile,0.35,0.0
2024-10-12,wk inc flu hosp,2,2024-10-26,30,quantile,0.4,0.0
2024-10-12,wk inc flu hosp,2,2024-10-26,30,quantile,0.45,0.0
2024-10-12,wk inc flu hosp,2,2024-10-26,30,quantile,0.5,0.019995825514004084
2024-10-12,wk inc flu hosp,2,2024-10-26,30,quantile,0.55,2.147299859558153
2024-10-12,wk inc flu hosp,2,2024-10-26,30,quantile,0.6,3.791844335524278
2024-10-12,wk inc flu hosp,2,2024-10-26,30,quantile,0.65,6.3758122756999915
2024-10-12,wk inc flu hosp,2,2024-10-26,30,quantile,0.7,8.025175399701041
2024-10-12,wk inc flu hosp,2,2024-10-26,30,quantile,0.75,10.1946556220067
2024-10-12,wk inc flu hosp,2,2024-10-26,30,quantile,0.8,11.980093535135206
2024-10-12,wk inc flu hosp,2,2024-10-26,30,quantile,0.85,15.002726556395743
2024-10-12,wk inc flu hosp,2,2024-10-26,30,quantile,0.9,18.540700038538553
2024-10-12,wk inc flu hosp,2,2024-10-26,30,quantile,0.95,24.023244349368067
2024-10-12,wk inc flu hosp,2,2024-10-26,30,quantile,0.975,29.32200454599449
2024-10-12,wk inc flu hosp,2,2024-10-26,30,quantile,0.99,32.70851505057793
2024-10-12,wk inc flu hosp,3,2024-11-02,30,quantile,0.01,0.0
2024-10-12,wk inc flu hosp,3,2024-11-02,30,quantile,0.025,0.0
2024-10-12,wk inc flu hosp,3,2024-11-02,30,quantile,0.05,0.0
2024-10-12,wk inc flu hosp,3,2024-11-02,30,quantile,0.1,0.0
2024-10-12,wk inc flu hosp,3,2024-11-02,30,quantile,0.15,0.0
2024-10-12,wk inc flu hosp,3,2024-11-02,30,quantile,0.2,0.0
2024-10-12,wk inc flu hosp,3,2024-11-02,30,quantile,0.25,0.0
2024-10-12,wk inc flu hosp,3,2024-11-02,30,quantile,0.3,0.0
2024-10-12,wk inc flu hosp,3,2024-11-02,30,quantile,0.35,0.0
2024-10-12,wk inc flu hosp,3,2024-11-02,30,quantile,0.4,0.0
2024-10-12,wk inc flu hosp,3,2024-11-02,30,quantile,0.45,0.0
2024-10-12,wk inc flu hosp,3,2024-11-02,30,quantile,0.5,1.0788651492928496
2024-10-12,wk inc flu hosp,3,2024-11-02,30,quantile,0.55,3.3986755978816823
2024-10-12,wk inc flu hosp,3,2024-11-02,30,quantile,0.6,5.704278464507619
2024-10-12,wk inc flu hosp,3,2024-11-02,30,quantile,0.65,8.435476901642517
2024-10-12,wk inc flu hosp,3,2024-11-02,30,quantile,0.7,10.752604724632713
2024-10-12,wk inc flu hosp,3,2024-11-02,30,quantile,0.75,13.701994151115047
2024-10-12,wk inc flu hosp,3,2024-11-02,30,quantile,0.8,16.32877109022158
2024-10-12,wk inc flu hosp,3,2024-11-02,30,quantile,0.85,19.509864970008078
2024-10-12,wk inc flu hosp,3,2024-11-02,30,quantile,0.9,23.713966941000383
2024-10-12,wk inc flu hosp,3,2024-11-02,30,quantile,0.95,29.897352648716993
2024-10-12,wk inc flu hosp,3,2024-11-02,30,quantile,0.975,35.738470615436725
2024-10-12,wk inc flu hosp,3,2024-11-02,30,quantile,0.99,42.7286791811853
2024-10-12,wk inc flu hosp,0,2024-10-12,31,quantile,0.01,0.0
2024-10-12,wk inc flu hosp,0,2024-10-12,31,quantile,0.025,0.0
2024-10-12,wk inc flu hosp,0,2024-10-12,31,quantile,0.05,0.0
2024-10-12,wk inc flu hosp,0,2024-10-12,31,quantile,0.1,0.0
2024-10-12,wk inc flu hosp,0,2024-10-12,31,quantile,0.15,0.0
2024-10-12,wk inc flu hosp,0,2024-10-12,31,quantile,0.2,0.0
2024-10-12,wk inc flu hosp,0,2024-10-12,31,quantile,0.25,0.0
2024-10-12,wk inc flu hosp,0,2024-10-12,31,quantile,0.3,0.0
2024-10-12,wk inc flu hosp,0,2024-10-12,31,quantile,0.35,0.0
2024-10-12,wk inc flu hosp,0,2024-10-12,31,quantile,0.4,0.0
2024-10-12,wk inc flu hosp,0,2024-10-12,31,quantile,0.45,0.0
2024-10-12,wk inc flu hosp,0,2024-10-12,31,quantile,0.5,0.24669393520519772
2024-10-12,wk inc flu hosp,0,2024-10-12,31,quantile,0.55,1.6584207715457977
2024-10-12,wk inc flu hosp,0,2024-10-12,31,quantile,0.6,3.5281213581257873
2024-10-12,wk inc flu hosp,0,2024-10-12,31,quantile,0.65,5.119723345339357
2024-10-12,wk inc flu hosp,0,2024-10-12,31,quantile,0.7,6.52010275536162
2024-10-12,wk inc flu hosp,0,2024-10-12,31,quantile,0.75,8.798856743411543
2024-10-12,wk inc flu hosp,0,2024-10-12,31,quantile,0.8,11.132401413386836
2024-10-12,wk inc flu hosp,0,2024-10-12,31,quantile,0.85,13.232344724612485
2024-10-12,wk inc flu hosp,0,2024-10-12,31,quantile,0.9,16.832270005025812
2024-10-12,wk inc flu hosp,0,2024-10-12,31,quantile,0.95,22.343471787862374
2024-10-12,wk inc flu hosp,0,2024-10-12,31,quantile,0.975,26.083181497863634
2024-10-12,wk inc flu hosp,0,2024-10-12,31,quantile,0.99,30.18825412636367
2024-10-12,wk inc flu hosp,1,2024-10-19,31,quantile,0.01,0.0
2024-10-12,wk inc flu hosp,1,2024-10-19,31,quantile,0.025,0.0
2024-10-12,wk inc flu hosp,1,2024-10-19,31,quantile,0.05,0.0
2024-10-12,wk inc flu hosp,1,2024-10-19,31,quantile,0.1,0.0
2024-10-12,wk inc flu hosp,1,2024-10-19,31,quantile,0.15,0.0
2024-10-12,wk inc flu hosp,1,2024-10-19,31,quantile,0.2,0.0
2024-10-12,wk inc flu hosp,1,2024-10-19,31,quantile,0.25,0.0
2024-10-12,wk inc flu hosp,1,2024-10-19,31,quantile,0.3,0.0
2024-10-12,wk inc flu hosp,1,2024-10-19,31,quantile,0.35,0.0
2024-10-12,wk inc flu hosp,1,2024-10-19,31,quantile,0.4,0.0
2024-10-12,wk inc flu hosp,1,2024-10-19,31,quantile,0.45,0.0
2024-10-12,wk inc flu hosp,1,2024-10-19,31,quantile,0.5,0.0
2024-10-12,wk inc flu hosp,1,2024-10-19,31,quantile,0.55,0.49390095660378525
2024-10-12,wk inc flu hosp,1,2024-10-19,31,quantile,0.6,2.5138341376612265
2024-10-12,wk inc flu hosp,1,2024-10-19,31,quantile,0.65,4.495210124686344
2024-10-12,wk inc flu hosp,1,2024-10-19,31,quantile,0.7,6.587257617134556
2024-10-12,wk inc flu hosp,1,2024-10-19,31,quantile,0.75,9.287430937072365
2024-10-12,wk inc flu hosp,1,2024-10-19,31,quantile,0.8,11.642493316802392
2024-10-12,wk inc flu hosp,1,2024-10-19,31,quantile,0.85,15.083754631951356
2024-10-12,wk inc flu hosp,1,2024-10-19,31,quantile,0.9,18.972291941723398
2024-10-12,wk inc flu hosp,1,2024-10-19,31,quantile,0.95,26.754191875950383
2024-10-12,wk inc flu hosp,1,2024-10-19,31,quantile,0.975,31.797290991177665
2024-10-12,wk inc flu hosp,1,2024-10-19,31,quantile,0.99,36.67156454399365
2024-10-12,wk inc flu hosp,2,2024-10-26,31,quantile,0.01,0.0
2024-10-12,wk inc flu hosp,2,2024-10-26,31,quantile,0.025,0.0
2024-10-12,wk inc flu hosp,2,2024-10-26,31,quantile,0.05,0.0
2024-10-12,wk inc flu hosp,2,2024-10-26,31,quantile,0.1,0.0
2024-10-12,wk inc flu hosp,2,2024-10-26,31,quantile,0.15,0.0
2024-10-12,wk inc flu hosp,2,2024-10-26,31,quantile,0.2,0.0
2024-10-12,wk inc flu hosp,2,2024-10-26,31,quantile,0.25,0.0
2024-10-12,wk inc flu hosp,2,2024-10-26,31,quantile,0.3,0.0
2024-10-12,wk inc flu hosp,2,2024-10-26,31,quantile,0.35,0.0
2024-10-12,wk inc flu hosp,2,2024-10-26,31,quantile,0.4,0.0
2024-10-12,wk inc flu hosp,2,2024-10-26,31,quantile,0.45,0.0
2024-10-12,wk inc flu hosp,2,2024-10-26,31,quantile,0.5,1.6014933267655609
2024-10-12,wk inc flu hosp,2,2024-10-26,31,quantile,0.55,4.2262503132391815
2024-10-12,wk inc flu hosp,2,2024-10-26,31,quantile,0.6,6.650591098003709
2024-10-12,wk inc flu hosp,2,2024-10-26,31,quantile,0.65,9.66575040802728
2024-10-12,wk inc flu hosp,2,2024-10-26,31,quantile,0.7,12.248569209019555
2024-10-12,wk inc flu hosp,2,2024-10-26,31,quantile,0.75,14.794135511046814
2024-10-12,wk inc flu hosp,2,2024-10-26,31,quantile,0.8,17.30665484436951
2024-10-12,wk inc flu hosp,2,2024-10-26,31,quantile,0.85,21.67736575423335
2024-10-12,wk inc flu hosp,2,2024-10-26,31,quantile,0.9,26.253906716764487
2024-10-12,wk inc flu hosp,2,2024-10-26,31,quantile,0.95,33.55578603443684
2024-10-12,wk inc flu hosp,2,2024-10-26,31,quantile,0.975,40.28698845514068
2024-10-12,wk inc flu hosp,2,2024-10-26,31,quantile,0.99,45.054058799295476
2024-10-12,wk inc flu hosp,3,2024-11-02,31,quantile,0.01,0.0
2024-10-12,wk inc flu hosp,3,2024-11-02,31,quantile,0.025,0.0
2024-10-12,wk inc flu hosp,3,2024-11-02,31,quantile,0.05,0.0
2024-10-12,wk inc flu hosp,3,2024-11-02,31,quantile,0.1,0.0
2024-10-12,wk inc flu hosp,3,2024-11-02,31,quantile,0.15,0.0
2024-10-12,wk inc flu hosp,3,2024-11-02,31,quantile,0.2,0.0
2024-10-12,wk inc flu hosp,3,2024-11-02,31,quantile,0.25,0.0
2024-10-12,wk inc flu hosp,3,2024-11-02,31,quantile,0.3,0.0
2024-10-12,wk inc flu hosp,3,2024-11-02,31,quantile,0.35,0.0
2024-10-12,wk inc flu hosp,3,2024-11-02,31,quantile,0.4,0.0
2024-10-12,wk inc flu hosp,3,2024-11-02,31,quantile,0.45,0.0
2024-10-12,wk inc flu hosp,3,2024-11-02,31,quantile,0.5,1.4943771224272226
2024-10-12,wk inc flu hosp,3,2024-11-02,31,quantile,0.55,4.352254171584682
2024-10-12,wk inc flu hosp,3,2024-11-02,31,quantile,0.6,7.775553671572667
2024-10-12,wk inc flu hosp,3,2024-11-02,31,quantile,0.65,10.945069744691954
2024-10-12,wk inc flu hosp,3,2024-11-02,31,quantile,0.7,14.314539333554029
2024-10-12,wk inc flu hosp,3,2024-11-02,31,quantile,0.75,17.81618426467439
2024-10-12,wk inc flu hosp,3,2024-11-02,31,quantile,0.8,21.902484857645607
2024-10-12,wk inc flu hosp,3,2024-11-02,31,quantile,0.85,26.036739756329535
2024-10-12,wk inc flu hosp,3,2024-11-02,31,quantile,0.9,31.38310878366287
2024-10-12,wk inc flu hosp,3,2024-11-02,31,quantile,0.95,39.67502531907535
2024-10-12,wk inc flu hosp,3,2024-11-02,31,quantile,0.975,47.88251453718009
2024-10-12,wk inc flu hosp,3,2024-11-02,31,quantile,0.99,56.38470777045151
2024-10-12,wk inc flu hosp,0,2024-10-12,32,quantile,0.01,0.0
2024-10-12,wk inc flu hosp,0,2024-10-12,32,quantile,0.025,0.0
2024-10-12,wk inc flu hosp,0,2024-10-12,32,quantile,0.05,0.0
2024-10-12,wk inc flu hosp,0,2024-10-12,32,quantile,0.1,0.0
2024-10-12,wk inc flu hosp,0,2024-10-12,32,quantile,0.15,0.0
2024-10-12,wk inc flu hosp,0,2024-10-12,32,quantile,0.2,0.0
2024-10-12,wk inc flu hosp,0,2024-10-12,32,quantile,0.25,0.0
2024-10-12,wk inc flu hosp,0,2024-10-12,32,quantile,0.3,0.0
2024-10-12,wk inc flu hosp,0,2024-10-12,32,quantile,0.35,0.0
2024-10-12,wk inc flu hosp,0,2024-10-12,32,quantile,0.4,0.0
2024-10-12,wk inc flu hosp,0,2024-10-12,32,quantile,0.45,0.0
2024-10-12,wk inc flu hosp,0,2024-10-12,32,quantile,0.5,3.2421997634522812
2024-10-12,wk inc flu hosp,0,2024-10-12,32,quantile,0.55,6.833862924846744
2024-10-12,wk inc flu hosp,0,2024-10-12,32,quantile,0.6,11.59068594952203
2024-10-12,wk inc flu hosp,0,2024-10-12,32,quantile,0.65,15.639980811618146
2024-10-12,wk inc flu hosp,0,2024-10-12,32,quantile,0.7,19.202774271002937
2024-10-12,wk inc flu hosp,0,2024-10-12,32,quantile,0.75,25.000295818425716
2024-10-12,wk inc flu hosp,0,2024-10-12,32,quantile,0.8,30.937213790704416
2024-10-12,wk inc flu hosp,0,2024-10-12,32,quantile,0.85,36.27981183289831
2024-10-12,wk inc flu hosp,0,2024-10-12,32,quantile,0.9,45.43860847867779
2024-10-12,wk inc flu hosp,0,2024-10-12,32,quantile,0.95,59.460004055272115
2024-10-12,wk inc flu hosp,0,2024-10-12,32,quantile,0.975,68.97443507263364
2024-10-12,wk inc flu hosp,0,2024-10-12,32,quantile,0.99,79.41840890318787
2024-10-12,wk inc flu hosp,1,2024-10-19,32,quantile,0.01,0.0
2024-10-12,wk inc flu hosp,1,2024-10-19,32,quantile,0.025,0.0
2024-10-12,wk inc flu hosp,1,2024-10-19,32,quantile,0.05,0.0
2024-10-12,wk inc flu hosp,1,2024-10-19,32,quantile,0.1,0.0
2024-10-12,wk inc flu hosp,1,2024-10-19,32,quantile,0.15,0.0
2024-10-12,wk inc flu hosp,1,2024-10-19,32,quantile,0.2,0.0
2024-10-12,wk inc flu hosp,1,2024-10-19,32,quantile,0.25,0.0
2024-10-12,wk inc flu hosp,1,2024-10-19,32,quantile,0.3,0.0
2024-10-12,wk inc flu hosp,1,2024-10-19,32,quantile,0.35,0.0
2024-10-12,wk inc flu hosp,1,2024-10-19,32,quantile,0.4,0.0
2024-10-12,wk inc flu hosp,1,2024-10-19,32,quantile,0.45,2.466615592740491
2024-10-12,wk inc flu hosp,1,2024-10-19,32,quantile,0.5,8.634177987458527
2024-10-12,wk inc flu hosp,1,2024-10-19,32,quantile,0.55,13.52007782842925
2024-10-12,wk inc flu hosp,1,2024-10-19,32,quantile,0.6,18.699697751532575
2024-10-12,wk inc flu hosp,1,2024-10-19,32,quantile,0.65,23.926843605927413
2024-10-12,wk inc flu hosp,1,2024-10-19,32,quantile,0.7,29.85490214740018
2024-10-12,wk inc flu hosp,1,2024-10-19,32,quantile,0.75,36.63411200174652
2024-10-12,wk inc flu hosp,1,2024-10-19,32,quantile,0.8,42.76799809423387
2024-10-12,wk inc flu hosp,1,2024-10-19,32,quantile,0.85,50.430275313674564
2024-10-12,wk inc flu hosp,1,2024-10-19,32,quantile,0.9,62.10952953076217
2024-10-12,wk inc flu hosp,1,2024-10-19,32,quantile,0.95,82.24583350726085
2024-10-12,wk inc flu hosp,1,2024-10-19,32,quantile,0.975,94.98739473152628
2024-10-12,wk inc flu hosp,1,2024-10-19,32,quantile,0.99,109.44753422597218
2024-10-12,wk inc flu hosp,2,2024-10-26,32,quantile,0.01,0.0
2024-10-12,wk inc flu hosp,2,2024-10-26,32,quantile,0.025,0.0
2024-10-12,wk inc flu hosp,2,2024-10-26,32,quantile,0.05,0.0
2024-10-12,wk inc flu hosp,2,2024-10-26,32,quantile,0.1,0.0
2024-10-12,wk inc flu hosp,2,2024-10-26,32,quantile,0.15,0.0
2024-10-12,wk inc flu hosp,2,2024-10-26,32,quantile,0.2,0.0
2024-10-12,wk inc flu hosp,2,2024-10-26,32,quantile,0.25,0.0
2024-10-12,wk inc flu hosp,2,2024-10-26,32,quantile,0.3,0.0
2024-10-12,wk inc flu hosp,2,2024-10-26,32,quantile,0.35,0.0
2024-10-12,wk inc flu hosp,2,2024-10-26,32,quantile,0.4,0.0
2024-10-12,wk inc flu hosp,2,2024-10-26,32,quantile,0.45,0.0
2024-10-12,wk inc flu hosp,2,2024-10-26,32,quantile,0.5,6.816547801208696
2024-10-12,wk inc flu hosp,2,2024-10-26,32,quantile,0.55,14.16764673324964
2024-10-12,wk inc flu hosp,2,2024-10-26,32,quantile,0.6,19.971341231134218
2024-10-12,wk inc flu hosp,2,2024-10-26,32,quantile,0.65,28.947297250997575
2024-10-12,wk inc flu hosp,2,2024-10-26,32,quantile,0.7,34.673104754112494
2024-10-12,wk inc flu hosp,2,2024-10-26,32,quantile,0.75,42.732727886472304
2024-10-12,wk inc flu hosp,2,2024-10-26,32,quantile,0.8,49.30945982950473
2024-10-12,wk inc flu hosp,2,2024-10-26,32,quantile,0.85,59.19418741636591
2024-10-12,wk inc flu hosp,2,2024-10-26,32,quantile,0.9,72.14997219623496
2024-10-12,wk inc flu hosp,2,2024-10-26,32,quantile,0.95,91.68561776142126
2024-10-12,wk inc flu hosp,2,2024-10-26,32,quantile,0.975,110.32826210537972
2024-10-12,wk inc flu hosp,2,2024-10-26,32,quantile,0.99,122.20966647342819
2024-10-12,wk inc flu hosp,3,2024-11-02,32,quantile,0.01,0.0
2024-10-12,wk inc flu hosp,3,2024-11-02,32,quantile,0.025,0.0
2024-10-12,wk inc flu hosp,3,2024-11-02,32,quantile,0.05,0.0
2024-10-12,wk inc flu hosp,3,2024-11-02,32,quantile,0.1,0.0
2024-10-12,wk inc flu hosp,3,2024-11-02,32,quantile,0.15,0.0
2024-10-12,wk inc flu hosp,3,2024-11-02,32,quantile,0.2,0.0
2024-10-12,wk inc flu hosp,3,2024-11-02,32,quantile,0.25,0.0
2024-10-12,wk inc flu hosp,3,2024-11-02,32,quantile,0.3,0.0
2024-10-12,wk inc flu hosp,3,2024-11-02,32,quantile,0.35,3.0384371671630115
2024-10-12,wk inc flu hosp,3,2024-11-02,32,quantile,0.4,10.990960248472424
2024-10-12,wk inc flu hosp,3,2024-11-02,32,quantile,0.45,18.80098876797961
2024-10-12,wk inc flu hosp,3,2024-11-02,32,quantile,0.5,26.04485319801256
2024-10-12,wk inc flu hosp,3,2024-11-02,32,quantile,0.55,34.34768625554071
2024-10-12,wk inc flu hosp,3,2024-11-02,32,quantile,0.6,42.14842282349837
2024-10-12,wk inc flu hosp,3,2024-11-02,32,quantile,0.65,51.93746314892587
2024-10-12,wk inc flu hosp,3,2024-11-02,32,quantile,0.7,60.30722413341125
2024-10-12,wk inc flu hosp,3,2024-11-02,32,quantile,0.75,70.74049468381989
2024-10-12,wk inc flu hosp,3,2024-11-02,32,quantile,0.8,80.00325090734023
2024-10-12,wk inc flu hosp,3,2024-11-02,32,quantile,0.85,90.99882857517636
2024-10-12,wk inc flu hosp,3,2024-11-02,32,quantile,0.9,106.63176534762313
2024-10-12,wk inc flu hosp,3,2024-11-02,32,quantile,0.95,128.22298726032008
2024-10-12,wk inc flu hosp,3,2024-11-02,32,quantile,0.975,149.33266659839742
2024-10-12,wk inc flu hosp,3,2024-11-02,32,quantile,0.99,174.09656844904225
2024-10-12,wk inc flu hosp,0,2024-10-12,33,quantile,0.01,0.0
2024-10-12,wk inc flu hosp,0,2024-10-12,33,quantile,0.025,0.0
2024-10-12,wk inc flu hosp,0,2024-10-12,33,quantile,0.05,0.0
2024-10-12,wk inc flu hosp,0,2024-10-12,33,quantile,0.1,0.0
2024-10-12,wk inc flu hosp,0,2024-10-12,33,quantile,0.15,0.0
2024-10-12,wk inc flu hosp,0,2024-10-12,33,quantile,0.2,0.0
2024-10-12,wk inc flu hosp,0,2024-10-12,33,quantile,0.25,0.0
2024-10-12,wk inc flu hosp,0,2024-10-12,33,quantile,0.3,0.0
2024-10-12,wk inc flu hosp,0,2024-10-12,33,quantile,0.35,0.0
2024-10-12,wk inc flu hosp,0,2024-10-12,33,quantile,0.4,0.0
2024-10-12,wk inc flu hosp,0,2024-10-12,33,quantile,0.45,0.0
2024-10-12,wk inc flu hosp,0,2024-10-12,33,quantile,0.5,1.2215568751606423
2024-10-12,wk inc flu hosp,0,2024-10-12,33,quantile,0.55,2.429975130996708
2024-10-12,wk inc flu hosp,0,2024-10-12,33,quantile,0.6,4.0304124561291665
2024-10-12,wk inc flu hosp,0,2024-10-12,33,quantile,0.65,5.392801303506584
2024-10-12,wk inc flu hosp,0,2024-10-12,33,quantile,0.7,6.591506322499056
2024-10-12,wk inc flu hosp,0,2024-10-12,33,quantile,0.75,8.542087588529759
2024-10-12,wk inc flu hosp,0,2024-10-12,33,quantile,0.8,10.539568905323787
2024-10-12,wk inc flu hosp,0,2024-10-12,33,quantile,0.85,12.337090754581654
2024-10-12,wk inc flu hosp,0,2024-10-12,33,quantile,0.9,15.418576008324946
2024-10-12,wk inc flu hosp,0,2024-10-12,33,quantile,0.95,20.136086984626306
2024-10-12,wk inc flu hosp,0,2024-10-12,33,quantile,0.975,23.337225738074647
2024-10-12,wk inc flu hosp,0,2024-10-12,33,quantile,0.99,26.85110999536559
2024-10-12,wk inc flu hosp,1,2024-10-19,33,quantile,0.01,0.0
2024-10-12,wk inc flu hosp,1,2024-10-19,33,quantile,0.025,0.0
2024-10-12,wk inc flu hosp,1,2024-10-19,33,quantile,0.05,0.0
2024-10-12,wk inc flu hosp,1,2024-10-19,33,quantile,0.1,0.0
2024-10-12,wk inc flu hosp,1,2024-10-19,33,quantile,0.15,0.0
2024-10-12,wk inc flu hosp,1,2024-10-19,33,quantile,0.2,0.0
2024-10-12,wk inc flu hosp,1,2024-10-19,33,quantile,0.25,0.0
2024-10-12,wk inc flu hosp,1,2024-10-19,33,quantile,0.3,0.0
2024-10-12,wk inc flu hosp,1,2024-10-19,33,quantile,0.35,0.0
2024-10-12,wk inc flu hosp,1,2024-10-19,33,quantile,0.4,0.3213520673814892
2024-10-12,wk inc flu hosp,1,2024-10-19,33,quantile,0.45,2.3937341434120816
2024-10-12,wk inc flu hosp,1,2024-10-19,33,quantile,0.5,4.609885328976477
2024-10-12,wk inc flu hosp,1,2024-10-19,33,quantile,0.55,6.51096841630983
2024-10-12,wk inc flu hosp,1,2024-10-19,33,quantile,0.6,8.244314803670772
2024-10-12,wk inc flu hosp,1,2024-10-19,33,quantile,0.65,10.126473355316849
2024-10-12,wk inc flu hosp,1,2024-10-19,33,quantile,0.7,11.90827989051188
2024-10-12,wk inc flu hosp,1,2024-10-19,33,quantile,0.75,14.479414085545816
2024-10-12,wk inc flu hosp,1,2024-10-19,33,quantile,0.8,16.67143268855002
2024-10-12,wk inc flu hosp,1,2024-10-19,33,quantile,0.85,19.159184022016785
2024-10-12,wk inc flu hosp,1,2024-10-19,33,quantile,0.9,23.630689504990546
2024-10-12,wk inc flu hosp,1,2024-10-19,33,quantile,0.95,30.473770764515187
2024-10-12,wk inc flu hosp,1,2024-10-19,33,quantile,0.975,34.69263751582969
2024-10-12,wk inc flu hosp,1,2024-10-19,33,quantile,0.99,39.45546399908448
2024-10-12,wk inc flu hosp,2,2024-10-26,33,quantile,0.01,0.0
2024-10-12,wk inc flu hosp,2,2024-10-26,33,quantile,0.025,0.0
2024-10-12,wk inc flu hosp,2,2024-10-26,33,quantile,0.05,0.0
2024-10-12,wk inc flu hosp,2,2024-10-26,33,quantile,0.1,0.0
2024-10-12,wk inc flu hosp,2,2024-10-26,33,quantile,0.15,0.0
2024-10-12,wk inc flu hosp,2,2024-10-26,33,quantile,0.2,0.0
2024-10-12,wk inc flu hosp,2,2024-10-26,33,quantile,0.25,0.0
2024-10-12,wk inc flu hosp,2,2024-10-26,33,quantile,0.3,0.0
2024-10-12,wk inc flu hosp,2,2024-10-26,33,quantile,0.35,0.0
2024-10-12,wk inc flu hosp,2,2024-10-26,33,quantile,0.4,0.031265854789299496
2024-10-12,wk inc flu hosp,2,2024-10-26,33,quantile,0.45,2.661559344067715
2024-10-12,wk inc flu hosp,2,2024-10-26,33,quantile,0.5,5.509770383038081
2024-10-12,wk inc flu hosp,2,2024-10-26,33,quantile,0.55,7.995214604121331
2024-10-12,wk inc flu hosp,2,2024-10-26,33,quantile,0.6,9.903856239822602
2024-10-12,wk inc flu hosp,2,2024-10-26,33,quantile,0.65,13.128072860544654
2024-10-12,wk inc flu hosp,2,2024-10-26,33,quantile,0.7,14.896519320933846
2024-10-12,wk inc flu hosp,2,2024-10-26,33,quantile,0.75,18.01546565471296
2024-10-12,wk inc flu hosp,2,2024-10-26,33,quantile,0.8,20.30533343087069
2024-10-12,wk inc flu hosp,2,2024-10-26,33,quantile,0.85,23.647930844101072
2024-10-12,wk inc flu hosp,2,2024-10-26,33,quantile,0.9,28.02598944172137
2024-10-12,wk inc flu hosp,2,2024-10-26,33,quantile,0.95,35.5129385549614
2024-10-12,wk inc flu hosp,2,2024-10-26,33,quantile,0.975,41.65725077644987
2024-10-12,wk inc flu hosp,2,2024-10-26,33,quantile,0.99,45.60107259370152
2024-10-12,wk inc flu hosp,3,2024-11-02,33,quantile,0.01,0.0
2024-10-12,wk inc flu hosp,3,2024-11-02,33,quantile,0.025,0.0
2024-10-12,wk inc flu hosp,3,2024-11-02,33,quantile,0.05,0.0
2024-10-12,wk inc flu hosp,3,2024-11-02,33,quantile,0.1,0.0
2024-10-12,wk inc flu hosp,3,2024-11-02,33,quantile,0.15,0.0
2024-10-12,wk inc flu hosp,3,2024-11-02,33,quantile,0.2,0.0
2024-10-12,wk inc flu hosp,3,2024-11-02,33,quantile,0.25,0.0
2024-10-12,wk inc flu hosp,3,2024-11-02,33,quantile,0.3,0.0
2024-10-12,wk inc flu hosp,3,2024-11-02,33,quantile,0.35,0.0
2024-10-12,wk inc flu hosp,3,2024-11-02,33,quantile,0.4,0.0
2024-10-12,wk inc flu hosp,3,2024-11-02,33,quantile,0.45,2.633434255672242
2024-10-12,wk inc flu hosp,3,2024-11-02,33,quantile,0.5,4.851407658468494
2024-10-12,wk inc flu hosp,3,2024-11-02,33,quantile,0.55,7.791304227785243
2024-10-12,wk inc flu hosp,3,2024-11-02,33,quantile,0.6,10.500497445200185
2024-10-12,wk inc flu hosp,3,2024-11-02,33,quantile,0.65,13.855831510569843
2024-10-12,wk inc flu hosp,3,2024-11-02,33,quantile,0.7,16.87845394843302
2024-10-12,wk inc flu hosp,3,2024-11-02,33,quantile,0.75,20.619853460179264
2024-10-12,wk inc flu hosp,3,2024-11-02,33,quantile,0.8,23.812883231015018
2024-10-12,wk inc flu hosp,3,2024-11-02,33,quantile,0.85,27.679698893397198
2024-10-12,wk inc flu hosp,3,2024-11-02,33,quantile,0.9,33.24738630893724
2024-10-12,wk inc flu hosp,3,2024-11-02,33,quantile,0.95,40.70862806697702
2024-10-12,wk inc flu hosp,3,2024-11-02,33,quantile,0.975,48.04844971011436
2024-10-12,wk inc flu hosp,3,2024-11-02,33,quantile,0.99,57.0608926223766
2024-10-12,wk inc flu hosp,0,2024-10-12,34,quantile,0.01,0.0
2024-10-12,wk inc flu hosp,0,2024-10-12,34,quantile,0.025,0.0
2024-10-12,wk inc flu hosp,0,2024-10-12,34,quantile,0.05,0.0
2024-10-12,wk inc flu hosp,0,2024-10-12,34,quantile,0.1,0.0
2024-10-12,wk inc flu hosp,0,2024-10-12,34,quantile,0.15,0.0
2024-10-12,wk inc flu hosp,0,2024-10-12,34,quantile,0.2,0.0
2024-10-12,wk inc flu hosp,0,2024-10-12,34,quantile,0.25,0.0
2024-10-12,wk inc flu hosp,0,2024-10-12,34,quantile,0.3,0.0
2024-10-12,wk inc flu hosp,0,2024-10-12,34,quantile,0.35,0.04894517034466333
2024-10-12,wk inc flu hosp,0,2024-10-12,34,quantile,0.4,7.316691519017609
2024-10-12,wk inc flu hosp,0,2024-10-12,34,quantile,0.45,16.608766333010113
2024-10-12,wk inc flu hosp,0,2024-10-12,34,quantile,0.5,25.345648792966614
2024-10-12,wk inc flu hosp,0,2024-10-12,34,quantile,0.55,33.146517008003855
2024-10-12,wk inc flu hosp,0,2024-10-12,34,quantile,0.6,43.47803972332993
2024-10-12,wk inc flu hosp,0,2024-10-12,34,quantile,0.65,52.27285542948183
2024-10-12,wk inc flu hosp,0,2024-10-12,34,quantile,0.7,60.011020453639276
2024-10-12,wk inc flu hosp,0,2024-10-12,34,quantile,0.75,72.60287540579604
2024-10-12,wk inc flu hosp,0,2024-10-12,34,quantile,0.8,85.49749069239525
2024-10-12,wk inc flu hosp,0,2024-10-12,34,quantile,0.85,97.10128018497382
2024-10-12,wk inc flu hosp,0,2024-10-12,34,quantile,0.9,116.99361485878319
2024-10-12,wk inc flu hosp,0,2024-10-12,34,quantile,0.95,147.44721091411373
2024-10-12,wk inc flu hosp,0,2024-10-12,34,quantile,0.975,168.11196124629237
2024-10-12,wk inc flu hosp,0,2024-10-12,34,quantile,0.99,190.79562055186588
2024-10-12,wk inc flu hosp,1,2024-10-19,34,quantile,0.01,0.0
2024-10-12,wk inc flu hosp,1,2024-10-19,34,quantile,0.025,0.0
2024-10-12,wk inc flu hosp,1,2024-10-19,34,quantile,0.05,0.0
2024-10-12,wk inc flu hosp,1,2024-10-19,34,quantile,0.1,0.0
2024-10-12,wk inc flu hosp,1,2024-10-19,34,quantile,0.15,0.0
2024-10-12,wk inc flu hosp,1,2024-10-19,34,quantile,0.2,0.0
2024-10-12,wk inc flu hosp,1,2024-10-19,34,quantile,0.25,0.0
2024-10-12,wk inc flu hosp,1,2024-10-19,34,quantile,0.3,0.0
2024-10-12,wk inc flu hosp,1,2024-10-19,34,quantile,0.35,0.0
2024-10-12,wk inc flu hosp,1,2024-10-19,34,quantile,0.4,0.0
2024-10-12,wk inc flu hosp,1,2024-10-19,34,quantile,0.45,3.44737698081095
2024-10-12,wk inc flu hosp,1,2024-10-19,34,quantile,0.5,17.75360188240799
2024-10-12,wk inc flu hosp,1,2024-10-19,34,quantile,0.55,30.025924448292447
2024-10-12,wk inc flu hosp,1,2024-10-19,34,quantile,0.6,41.21543327399156
2024-10-12,wk inc flu hosp,1,2024-10-19,34,quantile,0.65,53.36558968737519
2024-10-12,wk inc flu hosp,1,2024-10-19,34,quantile,0.7,64.86792995625154
2024-10-12,wk inc flu hosp,1,2024-10-19,34,quantile,0.75,81.46572539816071
2024-10-12,wk inc flu hosp,1,2024-10-19,34,quantile,0.8,95.61616392750511
2024-10-12,wk inc flu hosp,1,2024-10-19,34,quantile,0.85,111.67568653934332
2024-10-12,wk inc flu hosp,1,2024-10-19,34,quantile,0.9,140.54120957082168
2024-10-12,wk inc flu hosp,1,2024-10-19,34,quantile,0.95,184.71629119718247
2024-10-12,wk inc flu hosp,1,2024-10-19,34,quantile,0.975,211.95092075103412
2024-10-12,wk inc flu hosp,1,2024-10-19,34,quantile,0.99,242.69704821768198
2024-10-12,wk inc flu hosp,2,2024-10-26,34,quantile,0.01,0.0
2024-10-12,wk inc flu hosp,2,2024-10-26,34,quantile,0.025,0.0
2024-10-12,wk inc flu hosp,2,2024-10-26,34,quantile,0.05,0.0
2024-10-12,wk inc flu hosp,2,2024-10-26,34,quantile,0.1,0.0
2024-10-12,wk inc flu hosp,2,2024-10-26,34,quantile,0.15,0.0
2024-10-12,wk inc flu hosp,2,2024-10-26,34,quantile,0.2,0.0
2024-10-12,wk inc flu hosp,2,2024-10-26,34,quantile,0.25,0.0
2024-10-12,wk inc flu hosp,2,2024-10-26,34,quantile,0.3,0.0
2024-10-12,wk inc flu hosp,2,2024-10-26,34,quantile,0.35,0.0
2024-10-12,wk inc flu hosp,2,2024-10-26,34,quantile,0.4,0.0
2024-10-12,wk inc flu hosp,2,2024-10-26,34,quantile,0.45,15.994616731692085
2024-10-12,wk inc flu hosp,2,2024-10-26,34,quantile,0.5,34.38106435139464
2024-10-12,wk inc flu hosp,2,2024-10-26,34,quantile,0.55,50.42569354402631
2024-10-12,wk inc flu hosp,2,2024-10-26,34,quantile,0.6,62.746809844555465
2024-10-12,wk inc flu hosp,2,2024-10-26,34,quantile,0.65,83.56053790064452
2024-10-12,wk inc flu hosp,2,2024-10-26,34,quantile,0.7,94.97663304503693
2024-10-12,wk inc flu hosp,2,2024-10-26,34,quantile,0.75,115.11079537010949
2024-10-12,wk inc flu hosp,2,2024-10-26,34,quantile,0.8,129.89289309612252
2024-10-12,wk inc flu hosp,2,2024-10-26,34,quantile,0.85,151.47082092914258
2024-10-12,wk inc flu hosp,2,2024-10-26,34,quantile,0.9,179.7331034565756
2024-10-12,wk inc flu hosp,2,2024-10-26,34,quantile,0.95,228.06463360601637
2024-10-12,wk inc flu hosp,2,2024-10-26,34,quantile,0.975,267.72885555929395
2024-10-12,wk inc flu hosp,2,2024-10-26,34,quantile,0.99,293.1879498020264
2024-10-12,wk inc flu hosp,3,2024-11-02,34,quantile,0.01,0.0
2024-10-12,wk inc flu hosp,3,2024-11-02,34,quantile,0.025,0.0
2024-10-12,wk inc flu hosp,3,2024-11-02,34,quantile,0.05,0.0
2024-10-12,wk inc flu hosp,3,2024-11-02,34,quantile,0.1,0.0
2024-10-12,wk inc flu hosp,3,2024-11-02,34,quantile,0.15,0.0
2024-10-12,wk inc flu hosp,3,2024-11-02,34,quantile,0.2,0.0
2024-10-12,wk inc flu hosp,3,2024-11-02,34,quantile,0.25,0.0
2024-10-12,wk inc flu hosp,3,2024-11-02,34,quantile,0.3,0.0
2024-10-12,wk inc flu hosp,3,2024-11-02,34,quantile,0.35,0.0
2024-10-12,wk inc flu hosp,3,2024-11-02,34,quantile,0.4,0.0
2024-10-12,wk inc flu hosp,3,2024-11-02,34,quantile,0.45,20.499583559437088
2024-10-12,wk inc flu hosp,3,2024-11-02,34,quantile,0.5,34.817571670019284
2024-10-12,wk inc flu hosp,3,2024-11-02,34,quantile,0.55,53.79588947705451
2024-10-12,wk inc flu hosp,3,2024-11-02,34,quantile,0.6,71.28491627391031
2024-10-12,wk inc flu hosp,3,2024-11-02,34,quantile,0.65,92.94506476551403
2024-10-12,wk inc flu hosp,3,2024-11-02,34,quantile,0.7,112.45741422540492
2024-10-12,wk inc flu hosp,3,2024-11-02,34,quantile,0.75,136.60978397816416
2024-10-12,wk inc flu hosp,3,2024-11-02,34,quantile,0.8,157.2221872819748
2024-10-12,wk inc flu hosp,3,2024-11-02,34,quantile,0.85,182.1841731245467
2024-10-12,wk inc flu hosp,3,2024-11-02,34,quantile,0.9,218.12602982969835
2024-10-12,wk inc flu hosp,3,2024-11-02,34,quantile,0.95,266.291607760935
2024-10-12,wk inc flu hosp,3,2024-11-02,34,quantile,0.975,313.67336576026145
2024-10-12,wk inc flu hosp,3,2024-11-02,34,quantile,0.99,371.85262539538036
2024-10-12,wk inc flu hosp,0,2024-10-12,35,quantile,0.01,0.0
2024-10-12,wk inc flu hosp,0,2024-10-12,35,quantile,0.025,0.0
2024-10-12,wk inc flu hosp,0,2024-10-12,35,quantile,0.05,0.0
2024-10-12,wk inc flu hosp,0,2024-10-12,35,quantile,0.1,0.0
2024-10-12,wk inc flu hosp,0,2024-10-12,35,quantile,0.15,0.0
2024-10-12,wk inc flu hosp,0,2024-10-12,35,quantile,0.2,0.0
2024-10-12,wk inc flu hosp,0,2024-10-12,35,quantile,0.25,0.0
2024-10-12,wk inc flu hosp,0,2024-10-12,35,quantile,0.3,0.0
2024-10-12,wk inc flu hosp,0,2024-10-12,35,quantile,0.35,0.0
2024-10-12,wk inc flu hosp,0,2024-10-12,35,quantile,0.4,0.7743332177205324
2024-10-12,wk inc flu hosp,0,2024-10-12,35,quantile,0.45,2.887432716221609
2024-10-12,wk inc flu hosp,0,2024-10-12,35,quantile,0.5,4.8742765927685365
2024-10-12,wk inc flu hosp,0,2024-10-12,35,quantile,0.55,6.648262601603257
2024-10-12,wk inc flu hosp,0,2024-10-12,35,quantile,0.6,8.997741690561183
2024-10-12,wk inc flu hosp,0,2024-10-12,35,quantile,0.65,10.997760096578933
2024-10-12,wk inc flu hosp,0,2024-10-12,35,quantile,0.7,12.75748684858944
2024-10-12,wk inc flu hosp,0,2024-10-12,35,quantile,0.75,15.620985358581338
2024-10-12,wk inc flu hosp,0,2024-10-12,35,quantile,0.8,18.553334230164484
2024-10-12,wk inc flu hosp,0,2024-10-12,35,quantile,0.85,21.192137968653157
2024-10-12,wk inc flu hosp,0,2024-10-12,35,quantile,0.9,25.715829745213586
2024-10-12,wk inc flu hosp,0,2024-10-12,35,quantile,0.95,32.64124520303678
2024-10-12,wk inc flu hosp,0,2024-10-12,35,quantile,0.975,37.3405910905474
2024-10-12,wk inc flu hosp,0,2024-10-12,35,quantile,0.99,42.49905462665635
2024-10-12,wk inc flu hosp,1,2024-10-19,35,quantile,0.01,0.0
2024-10-12,wk inc flu hosp,1,2024-10-19,35,quantile,0.025,0.0
2024-10-12,wk inc flu hosp,1,2024-10-19,35,quantile,0.05,0.0
2024-10-12,wk inc flu hosp,1,2024-10-19,35,quantile,0.1,0.0
2024-10-12,wk inc flu hosp,1,2024-10-19,35,quantile,0.15,0.0
2024-10-12,wk inc flu hosp,1,2024-10-19,35,quantile,0.2,0.0
2024-10-12,wk inc flu hosp,1,2024-10-19,35,quantile,0.25,0.0
2024-10-12,wk inc flu hosp,1,2024-10-19,35,quantile,0.3,0.0
2024-10-12,wk inc flu hosp,1,2024-10-19,35,quantile,0.35,0.0
2024-10-12,wk inc flu hosp,1,2024-10-19,35,quantile,0.4,0.0
2024-10-12,wk inc flu hosp,1,2024-10-19,35,quantile,0.45,2.1382959047256755
2024-10-12,wk inc flu hosp,1,2024-10-19,35,quantile,0.5,5.391657212093287
2024-10-12,wk inc flu hosp,1,2024-10-19,35,quantile,0.55,8.182491248466215
2024-10-12,wk inc flu hosp,1,2024-10-19,35,quantile,0.6,10.72708392140218
2024-10-12,wk inc flu hosp,1,2024-10-19,35,quantile,0.65,13.490136300744691
2024-10-12,wk inc flu hosp,1,2024-10-19,35,quantile,0.7,16.105869593932415
2024-10-12,wk inc flu hosp,1,2024-10-19,35,quantile,0.75,19.880354187158815
2024-10-12,wk inc flu hosp,1,2024-10-19,35,quantile,0.8,23.098288303972105
2024-10-12,wk inc flu hosp,1,2024-10-19,35,quantile,0.85,26.75036492373202
2024-10-12,wk inc flu hosp,1,2024-10-19,35,quantile,0.9,33.31463861532321
2024-10-12,wk inc flu hosp,1,2024-10-19,35,quantile,0.95,43.36044051635195
2024-10-12,wk inc flu hosp,1,2024-10-19,35,quantile,0.975,49.55383469409205
2024-10-12,wk inc flu hosp,1,2024-10-19,35,quantile,0.99,56.5457743664663
2024-10-12,wk inc flu hosp,2,2024-10-26,35,quantile,0.01,0.0
2024-10-12,wk inc flu hosp,2,2024-10-26,35,quantile,0.025,0.0
2024-10-12,wk inc flu hosp,2,2024-10-26,35,quantile,0.05,0.0
2024-10-12,wk inc flu hosp,2,2024-10-26,35,quantile,0.1,0.0
2024-10-12,wk inc flu hosp,2,2024-10-26,35,quantile,0.15,0.0
2024-10-12,wk inc flu hosp,2,2024-10-26,35,quantile,0.2,0.0
2024-10-12,wk inc flu hosp,2,2024-10-26,35,quantile,0.25,0.0
2024-10-12,wk inc flu hosp,2,2024-10-26,35,quantile,0.3,0.0
2024-10-12,wk inc flu hosp,2,2024-10-26,35,quantile,0.35,0.0
2024-10-12,wk inc flu hosp,2,2024-10-26,35,quantile,0.4,1.8053847869724169
2024-10-12,wk inc flu hosp,2,2024-10-26,35,quantile,0.45,5.666716595370685
2024-10-12,wk inc flu hosp,2,2024-10-26,35,quantile,0.5,9.847956417708733
2024-10-12,wk inc flu hosp,2,2024-10-26,35,quantile,0.55,13.496646143014361
2024-10-12,wk inc flu hosp,2,2024-10-26,35,quantile,0.6,16.298576303586852
2024-10-12,wk inc flu hosp,2,2024-10-26,35,quantile,0.65,21.03180103516455
2024-10-12,wk inc flu hosp,2,2024-10-26,35,quantile,0.7,23.627921428871453
2024-10-12,wk inc flu hosp,2,2024-10-26,35,quantile,0.75,28.20660693921439
2024-10-12,wk inc flu hosp,2,2024-10-26,35,quantile,0.8,31.568185910209657
2024-10-12,wk inc flu hosp,2,2024-10-26,35,quantile,0.85,36.475196389073425
2024-10-12,wk inc flu hosp,2,2024-10-26,35,quantile,0.9,42.902287887011354
2024-10-12,wk inc flu hosp,2,2024-10-26,35,quantile,0.95,53.89330272115593
2024-10-12,wk inc flu hosp,2,2024-10-26,35,quantile,0.975,62.913295477961356
2024-10-12,wk inc flu hosp,2,2024-10-26,35,quantile,0.99,68.7029173173807
2024-10-12,wk inc flu hosp,3,2024-11-02,35,quantile,0.01,0.0
2024-10-12,wk inc flu hosp,3,2024-11-02,35,quantile,0.025,0.0
2024-10-12,wk inc flu hosp,3,2024-11-02,35,quantile,0.05,0.0
2024-10-12,wk inc flu hosp,3,2024-11-02,35,quantile,0.1,0.0
2024-10-12,wk inc flu hosp,3,2024-11-02,35,quantile,0.15,0.0
2024-10-12,wk inc flu hosp,3,2024-11-02,35,quantile,0.2,0.0
2024-10-12,wk inc flu hosp,3,2024-11-02,35,quantile,0.25,0.0
2024-10-12,wk inc flu hosp,3,2024-11-02,35,quantile,0.3,0.6069397603675744
2024-10-12,wk inc flu hosp,3,2024-11-02,35,quantile,0.35,4.895407167121561
2024-10-12,wk inc flu hosp,3,2024-11-02,35,quantile,0.4,8.726064306900424
2024-10-12,wk inc flu hosp,3,2024-11-02,35,quantile,0.45,13.692774419362184
2024-10-12,wk inc flu hosp,3,2024-11-02,35,quantile,0.5,16.948810783862356
2024-10-12,wk inc flu hosp,3,2024-11-02,35,quantile,0.55,21.26464708987776
2024-10-12,wk inc flu hosp,3,2024-11-02,35,quantile,0.6,25.241805527954202
2024-10-12,wk inc flu hosp,3,2024-11-02,35,quantile,0.65,30.167513707374344
2024-10-12,wk inc flu hosp,3,2024-11-02,35,quantile,0.7,34.60479350587364
2024-10-12,wk inc flu hosp,3,2024-11-02,35,quantile,0.75,40.0972547089749
2024-10-12,wk inc flu hosp,3,2024-11-02,35,quantile,0.8,44.78469642205659
2024-10-12,wk inc flu hosp,3,2024-11-02,35,quantile,0.85,50.461271441243916
2024-10-12,wk inc flu hosp,3,2024-11-02,35,quantile,0.9,58.63476561764528
2024-10-12,wk inc flu hosp,3,2024-11-02,35,quantile,0.95,69.58804145849915
2024-10-12,wk inc flu hosp,3,2024-11-02,35,quantile,0.975,80.36306975634567
2024-10-12,wk inc flu hosp,3,2024-11-02,35,quantile,0.99,93.59354484604322
2024-10-12,wk inc flu hosp,0,2024-10-12,36,quantile,0.01,0.0
2024-10-12,wk inc flu hosp,0,2024-10-12,36,quantile,0.025,0.0
2024-10-12,wk inc flu hosp,0,2024-10-12,36,quantile,0.05,0.0
2024-10-12,wk inc flu hosp,0,2024-10-12,36,quantile,0.1,0.0
2024-10-12,wk inc flu hosp,0,2024-10-12,36,quantile,0.15,0.0
2024-10-12,wk inc flu hosp,0,2024-10-12,36,quantile,0.2,0.0
2024-10-12,wk inc flu hosp,0,2024-10-12,36,quantile,0.25,0.0
2024-10-12,wk inc flu hosp,0,2024-10-12,36,quantile,0.3,0.0
2024-10-12,wk inc flu hosp,0,2024-10-12,36,quantile,0.35,0.0
2024-10-12,wk inc flu hosp,0,2024-10-12,36,quantile,0.4,0.0
2024-10-12,wk inc flu hosp,0,2024-10-12,36,quantile,0.45,2.885516633761898
2024-10-12,wk inc flu hosp,0,2024-10-12,36,quantile,0.5,15.468956867610862
2024-10-12,wk inc flu hosp,0,2024-10-12,36,quantile,0.55,26.704287021811187
2024-10-12,wk inc flu hosp,0,2024-10-12,36,quantile,0.6,41.58443439804198
2024-10-12,wk inc flu hosp,0,2024-10-12,36,quantile,0.65,54.25131395299821
2024-10-12,wk inc flu hosp,0,2024-10-12,36,quantile,0.7,65.3963347939482
2024-10-12,wk inc flu hosp,0,2024-10-12,36,quantile,0.75,83.53196325753046
2024-10-12,wk inc flu hosp,0,2024-10-12,36,quantile,0.8,102.1036473268849
2024-10-12,wk inc flu hosp,0,2024-10-12,36,quantile,0.85,118.81619808343406
2024-10-12,wk inc flu hosp,0,2024-10-12,36,quantile,0.9,147.46646385350235
2024-10-12,wk inc flu hosp,0,2024-10-12,36,quantile,0.95,191.32776193372604
2024-10-12,wk inc flu hosp,0,2024-10-12,36,quantile,0.975,221.09051219895917
2024-10-12,wk inc flu hosp,0,2024-10-12,36,quantile,0.99,253.76102968215957
2024-10-12,wk inc flu hosp,1,2024-10-19,36,quantile,0.01,0.0
2024-10-12,wk inc flu hosp,1,2024-10-19,36,quantile,0.025,0.0
2024-10-12,wk inc flu hosp,1,2024-10-19,36,quantile,0.05,0.0
2024-10-12,wk inc flu hosp,1,2024-10-19,36,quantile,0.1,0.0
2024-10-12,wk inc flu hosp,1,2024-10-19,36,quantile,0.15,0.0
2024-10-12,wk inc flu hosp,1,2024-10-19,36,quantile,0.2,0.0
2024-10-12,wk inc flu hosp,1,2024-10-19,36,quantile,0.25,0.0
2024-10-12,wk inc flu hosp,1,2024-10-19,36,quantile,0.3,0.0
2024-10-12,wk inc flu hosp,1,2024-10-19,36,quantile,0.35,0.0
2024-10-12,wk inc flu hosp,1,2024-10-19,36,quantile,0.4,0.0
2024-10-12,wk inc flu hosp,1,2024-10-19,36,quantile,0.45,16.948749209447307
2024-10-12,wk inc flu hosp,1,2024-10-19,36,quantile,0.5,37.55352749808006
2024-10-12,wk inc flu hosp,1,2024-10-19,36,quantile,0.55,55.22894412936801
2024-10-12,wk inc flu hosp,1,2024-10-19,36,quantile,0.6,71.34482026706887
2024-10-12,wk inc flu hosp,1,2024-10-19,36,quantile,0.65,88.8442850659224
2024-10-12,wk inc flu hosp,1,2024-10-19,36,quantile,0.7,105.41072189120621
2024-10-12,wk inc flu hosp,1,2024-10-19,36,quantile,0.75,129.3159727531887
2024-10-12,wk inc flu hosp,1,2024-10-19,36,quantile,0.8,149.69637712887558
2024-10-12,wk inc flu hosp,1,2024-10-19,36,quantile,0.85,172.82637159731644
2024-10-12,wk inc flu hosp,1,2024-10-19,36,quantile,0.9,214.40042109954666
2024-10-12,wk inc flu hosp,1,2024-10-19,36,quantile,0.95,278.0243169249093
2024-10-12,wk inc flu hosp,1,2024-10-19,36,quantile,0.975,317.2494449786082
2024-10-12,wk inc flu hosp,1,2024-10-19,36,quantile,0.99,361.53206628799353
2024-10-12,wk inc flu hosp,2,2024-10-26,36,quantile,0.01,0.0
2024-10-12,wk inc flu hosp,2,2024-10-26,36,quantile,0.025,0.0
2024-10-12,wk inc flu hosp,2,2024-10-26,36,quantile,0.05,0.0
2024-10-12,wk inc flu hosp,2,2024-10-26,36,quantile,0.1,0.0
2024-10-12,wk inc flu hosp,2,2024-10-26,36,quantile,0.15,0.0
2024-10-12,wk inc flu hosp,2,2024-10-26,36,quantile,0.2,0.0
2024-10-12,wk inc flu hosp,2,2024-10-26,36,quantile,0.25,0.0
2024-10-12,wk inc flu hosp,2,2024-10-26,36,quantile,0.3,0.0
2024-10-12,wk inc flu hosp,2,2024-10-26,36,quantile,0.35,0.0
2024-10-12,wk inc flu hosp,2,2024-10-26,36,quantile,0.4,0.0
2024-10-12,wk inc flu hosp,2,2024-10-26,36,quantile,0.45,20.295865507002727
2024-10-12,wk inc flu hosp,2,2024-10-26,36,quantile,0.5,46.77725240853535
2024-10-12,wk inc flu hosp,2,2024-10-26,36,quantile,0.55,69.8857963823264
2024-10-12,wk inc flu hosp,2,2024-10-26,36,quantile,0.6,87.63148900124519
2024-10-12,wk inc flu hosp,2,2024-10-26,36,quantile,0.65,117.60880691043974
2024-10-12,wk inc flu hosp,2,2024-10-26,36,quantile,0.7,134.05102776116078
2024-10-12,wk inc flu hosp,2,2024-10-26,36,quantile,0.75,163.04958982690536
2024-10-12,wk inc flu hosp,2,2024-10-26,36,quantile,0.8,184.3397518633906
2024-10-12,wk inc flu hosp,2,2024-10-26,36,quantile,0.85,215.41772120790046
2024-10-12,wk inc flu hosp,2,2024-10-26,36,quantile,0.9,256.12294354390957
2024-10-12,wk inc flu hosp,2,2024-10-26,36,quantile,0.95,325.7332334652169
2024-10-12,wk inc flu hosp,2,2024-10-26,36,quantile,0.975,382.86028864293695
2024-10-12,wk inc flu hosp,2,2024-10-26,36,quantile,0.99,419.5281724424114
2024-10-12,wk inc flu hosp,3,2024-11-02,36,quantile,0.01,0.0
2024-10-12,wk inc flu hosp,3,2024-11-02,36,quantile,0.025,0.0
2024-10-12,wk inc flu hosp,3,2024-11-02,36,quantile,0.05,0.0
2024-10-12,wk inc flu hosp,3,2024-11-02,36,quantile,0.1,0.0
2024-10-12,wk inc flu hosp,3,2024-11-02,36,quantile,0.15,0.0
2024-10-12,wk inc flu hosp,3,2024-11-02,36,quantile,0.2,0.0
2024-10-12,wk inc flu hosp,3,2024-11-02,36,quantile,0.25,0.0
2024-10-12,wk inc flu hosp,3,2024-11-02,36,quantile,0.3,0.0
2024-10-12,wk inc flu hosp,3,2024-11-02,36,quantile,0.35,0.0
2024-10-12,wk inc flu hosp,3,2024-11-02,36,quantile,0.4,7.646047220531975
2024-10-12,wk inc flu hosp,3,2024-11-02,36,quantile,0.45,39.10211711950962
2024-10-12,wk inc flu hosp,3,2024-11-02,36,quantile,0.5,59.72383756547387
2024-10-12,wk inc flu hosp,3,2024-11-02,36,quantile,0.55,87.05767534552433
2024-10-12,wk inc flu hosp,3,2024-11-02,36,quantile,0.6,112.24653698525314
2024-10-12,wk inc flu hosp,3,2024-11-02,36,quantile,0.65,143.44292600039697
2024-10-12,wk inc flu hosp,3,2024-11-02,36,quantile,0.7,171.54591174798523
2024-10-12,wk inc flu hosp,3,2024-11-02,36,quantile,0.75,206.33176387345617
2024-10-12,wk inc flu hosp,3,2024-11-02,36,quantile,0.8,236.0191204606918
2024-10-12,wk inc flu hosp,3,2024-11-02,36,quantile,0.85,271.97103562125704
2024-10-12,wk inc flu hosp,3,2024-11-02,36,quantile,0.9,323.73689235742415
2024-10-12,wk inc flu hosp,3,2024-11-02,36,quantile,0.95,393.10816683712324
2024-10-12,wk inc flu hosp,3,2024-11-02,36,quantile,0.975,461.35053162706777
2024-10-12,wk inc flu hosp,3,2024-11-02,36,quantile,0.99,545.1441776814231
2024-10-12,wk inc flu hosp,0,2024-10-12,37,quantile,0.01,0.0
2024-10-12,wk inc flu hosp,0,2024-10-12,37,quantile,0.025,0.0
2024-10-12,wk inc flu hosp,0,2024-10-12,37,quantile,0.05,0.0
2024-10-12,wk inc flu hosp,0,2024-10-12,37,quantile,0.1,0.0
2024-10-12,wk inc flu hosp,0,2024-10-12,37,quantile,0.15,0.0
2024-10-12,wk inc flu hosp,0,2024-10-12,37,quantile,0.2,0.0
2024-10-12,wk inc flu hosp,0,2024-10-12,37,quantile,0.25,0.0
2024-10-12,wk inc flu hosp,0,2024-10-12,37,quantile,0.3,0.0
2024-10-12,wk inc flu hosp,0,2024-10-12,37,quantile,0.35,0.0
2024-10-12,wk inc flu hosp,0,2024-10-12,37,quantile,0.4,0.0
2024-10-12,wk inc flu hosp,0,2024-10-12,37,quantile,0.45,0.0
2024-10-12,wk inc flu hosp,0,2024-10-12,37,quantile,0.5,0.0
2024-10-12,wk inc flu hosp,0,2024-10-12,37,quantile,0.55,4.068786296715172
2024-10-12,wk inc flu hosp,0,2024-10-12,37,quantile,0.6,14.201340894160705
2024-10-12,wk inc flu hosp,0,2024-10-12,37,quantile,0.65,22.826782929424443
2024-10-12,wk inc flu hosp,0,2024-10-12,37,quantile,0.7,30.41592363517995
2024-10-12,wk inc flu hosp,0,2024-10-12,37,quantile,0.75,42.76528019194154
2024-10-12,wk inc flu hosp,0,2024-10-12,37,quantile,0.8,55.411566417562895
2024-10-12,wk inc flu hosp,0,2024-10-12,37,quantile,0.85,66.79188602876614
2024-10-12,wk inc flu hosp,0,2024-10-12,37,quantile,0.9,86.30112708710814
2024-10-12,wk inc flu hosp,0,2024-10-12,37,quantile,0.95,116.16823702061707
2024-10-12,wk inc flu hosp,0,2024-10-12,37,quantile,0.975,136.43501828343815
2024-10-12,wk inc flu hosp,0,2024-10-12,37,quantile,0.99,158.68182765671872
2024-10-12,wk inc flu hosp,1,2024-10-19,37,quantile,0.01,0.0
2024-10-12,wk inc flu hosp,1,2024-10-19,37,quantile,0.025,0.0
2024-10-12,wk inc flu hosp,1,2024-10-19,37,quantile,0.05,0.0
2024-10-12,wk inc flu hosp,1,2024-10-19,37,quantile,0.1,0.0
2024-10-12,wk inc flu hosp,1,2024-10-19,37,quantile,0.15,0.0
2024-10-12,wk inc flu hosp,1,2024-10-19,37,quantile,0.2,0.0
2024-10-12,wk inc flu hosp,1,2024-10-19,37,quantile,0.25,0.0
2024-10-12,wk inc flu hosp,1,2024-10-19,37,quantile,0.3,0.0
2024-10-12,wk inc flu hosp,1,2024-10-19,37,quantile,0.35,0.0
2024-10-12,wk inc flu hosp,1,2024-10-19,37,quantile,0.4,0.0
2024-10-12,wk inc flu hosp,1,2024-10-19,37,quantile,0.45,0.5666510310376288
2024-10-12,wk inc flu hosp,1,2024-10-19,37,quantile,0.5,14.597361594518365
2024-10-12,wk inc flu hosp,1,2024-10-19,37,quantile,0.55,26.63333943269539
2024-10-12,wk inc flu hosp,1,2024-10-19,37,quantile,0.6,37.60735674059971
2024-10-12,wk inc flu hosp,1,2024-10-19,37,quantile,0.65,49.52352114524111
2024-10-12,wk inc flu hosp,1,2024-10-19,37,quantile,0.7,60.80434527776663
2024-10-12,wk inc flu hosp,1,2024-10-19,37,quantile,0.75,77.08249450574996
2024-10-12,wk inc flu hosp,1,2024-10-19,37,quantile,0.8,90.96041888602406
2024-10-12,wk inc flu hosp,1,2024-10-19,37,quantile,0.85,106.71066153244168
2024-10-12,wk inc flu hosp,1,2024-10-19,37,quantile,0.9,135.02028211396552
2024-10-12,wk inc flu hosp,1,2024-10-19,37,quantile,0.95,178.34462439719178
2024-10-12,wk inc flu hosp,1,2024-10-19,37,quantile,0.975,205.05475982439694
2024-10-12,wk inc flu hosp,1,2024-10-19,37,quantile,0.99,235.20876749585918
2024-10-12,wk inc flu hosp,2,2024-10-26,37,quantile,0.01,0.0
2024-10-12,wk inc flu hosp,2,2024-10-26,37,quantile,0.025,0.0
2024-10-12,wk inc flu hosp,2,2024-10-26,37,quantile,0.05,0.0
2024-10-12,wk inc flu hosp,2,2024-10-26,37,quantile,0.1,0.0
2024-10-12,wk inc flu hosp,2,2024-10-26,37,quantile,0.15,0.0
2024-10-12,wk inc flu hosp,2,2024-10-26,37,quantile,0.2,0.0
2024-10-12,wk inc flu hosp,2,2024-10-26,37,quantile,0.25,0.0
2024-10-12,wk inc flu hosp,2,2024-10-26,37,quantile,0.3,0.0
2024-10-12,wk inc flu hosp,2,2024-10-26,37,quantile,0.35,0.0
2024-10-12,wk inc flu hosp,2,2024-10-26,37,quantile,0.4,0.0
2024-10-12,wk inc flu hosp,2,2024-10-26,37,quantile,0.45,4.86264005939854
2024-10-12,wk inc flu hosp,2,2024-10-26,37,quantile,0.5,22.894994969032886
2024-10-12,wk inc flu hosp,2,2024-10-26,37,quantile,0.55,38.63063101897768
2024-10-12,wk inc flu hosp,2,2024-10-26,37,quantile,0.6,50.71446290480321
2024-10-12,wk inc flu hosp,2,2024-10-26,37,quantile,0.65,71.12735282584619
2024-10-12,wk inc flu hosp,2,2024-10-26,37,quantile,0.7,82.32359277299308
2024-10-12,wk inc flu hosp,2,2024-10-26,37,quantile,0.75,102.07000428017521
2024-10-12,wk inc flu hosp,2,2024-10-26,37,quantile,0.8,116.56742314094136
2024-10-12,wk inc flu hosp,2,2024-10-26,37,quantile,0.85,137.72979560937523
2024-10-12,wk inc flu hosp,2,2024-10-26,37,quantile,0.9,165.44779310579833
2024-10-12,wk inc flu hosp,2,2024-10-26,37,quantile,0.95,212.8485375566453
2024-10-12,wk inc flu hosp,2,2024-10-26,37,quantile,0.975,251.74889189750104
2024-10-12,wk inc flu hosp,2,2024-10-26,37,quantile,0.99,276.7176859004726
2024-10-12,wk inc flu hosp,3,2024-11-02,37,quantile,0.01,0.0
2024-10-12,wk inc flu hosp,3,2024-11-02,37,quantile,0.025,0.0
2024-10-12,wk inc flu hosp,3,2024-11-02,37,quantile,0.05,0.0
2024-10-12,wk inc flu hosp,3,2024-11-02,37,quantile,0.1,0.0
2024-10-12,wk inc flu hosp,3,2024-11-02,37,quantile,0.15,0.0
2024-10-12,wk inc flu hosp,3,2024-11-02,37,quantile,0.2,0.0
2024-10-12,wk inc flu hosp,3,2024-11-02,37,quantile,0.25,0.0
2024-10-12,wk inc flu hosp,3,2024-11-02,37,quantile,0.3,0.0
2024-10-12,wk inc flu hosp,3,2024-11-02,37,quantile,0.35,0.0
2024-10-12,wk inc flu hosp,3,2024-11-02,37,quantile,0.4,0.0
2024-10-12,wk inc flu hosp,3,2024-11-02,37,quantile,0.45,16.504448344947527
2024-10-12,wk inc flu hosp,3,2024-11-02,37,quantile,0.5,30.546695577375118
2024-10-12,wk inc flu hosp,3,2024-11-02,37,quantile,0.55,49.15952222897757
2024-10-12,wk inc flu hosp,3,2024-11-02,37,quantile,0.6,66.3117391633171
2024-10-12,wk inc flu hosp,3,2024-11-02,37,quantile,0.65,87.55474885581678
2024-10-12,wk inc flu hosp,3,2024-11-02,37,quantile,0.7,106.6913225898601
2024-10-12,wk inc flu hosp,3,2024-11-02,37,quantile,0.75,130.37855746516973
2024-10-12,wk inc flu hosp,3,2024-11-02,37,quantile,0.8,150.59399981720608
2024-10-12,wk inc flu hosp,3,2024-11-02,37,quantile,0.85,175.07525890937458
2024-10-12,wk inc flu hosp,3,2024-11-02,37,quantile,0.9,210.32493462835393
2024-10-12,wk inc flu hosp,3,2024-11-02,37,quantile,0.95,257.5629228274991
2024-10-12,wk inc flu hosp,3,2024-11-02,37,quantile,0.975,304.03218617615687
2024-10-12,wk inc flu hosp,3,2024-11-02,37,quantile,0.99,361.0910090558969
2024-10-12,wk inc flu hosp,0,2024-10-12,38,quantile,0.01,0.0
2024-10-12,wk inc flu hosp,0,2024-10-12,38,quantile,0.025,0.0
2024-10-12,wk inc flu hosp,0,2024-10-12,38,quantile,0.05,0.0
2024-10-12,wk inc flu hosp,0,2024-10-12,38,quantile,0.1,0.0
2024-10-12,wk inc flu hosp,0,2024-10-12,38,quantile,0.15,0.0
2024-10-12,wk inc flu hosp,0,2024-10-12,38,quantile,0.2,0.0
2024-10-12,wk inc flu hosp,0,2024-10-12,38,quantile,0.25,0.0
2024-10-12,wk inc flu hosp,0,2024-10-12,38,quantile,0.3,0.0
2024-10-12,wk inc flu hosp,0,2024-10-12,38,quantile,0.35,0.0
2024-10-12,wk inc flu hosp,0,2024-10-12,38,quantile,0.4,0.0
2024-10-12,wk inc flu hosp,0,2024-10-12,38,quantile,0.45,0.0
2024-10-12,wk inc flu hosp,0,2024-10-12,38,quantile,0.5,0.0
2024-10-12,wk inc flu hosp,0,2024-10-12,38,quantile,0.55,0.5772320746804577
2024-10-12,wk inc flu hosp,0,2024-10-12,38,quantile,0.6,1.3641001493568938
2024-10-12,wk inc flu hosp,0,2024-10-12,38,quantile,0.65,2.033929746843813
2024-10-12,wk inc flu hosp,0,2024-10-12,38,quantile,0.7,2.623282854015019
2024-10-12,wk inc flu hosp,0,2024-10-12,38,quantile,0.75,3.58230205532893
2024-10-12,wk inc flu hosp,0,2024-10-12,38,quantile,0.8,4.564380049428314
2024-10-12,wk inc flu hosp,0,2024-10-12,38,quantile,0.85,5.448146339118728
2024-10-12,wk inc flu hosp,0,2024-10-12,38,quantile,0.9,6.963183717140472
2024-10-12,wk inc flu hosp,0,2024-10-12,38,quantile,0.95,9.282586495927813
2024-10-12,wk inc flu hosp,0,2024-10-12,38,quantile,0.975,10.85645249376659
2024-10-12,wk inc flu hosp,0,2024-10-12,38,quantile,0.99,12.584082371394897
2024-10-12,wk inc flu hosp,1,2024-10-19,38,quantile,0.01,0.0
2024-10-12,wk inc flu hosp,1,2024-10-19,38,quantile,0.025,0.0
2024-10-12,wk inc flu hosp,1,2024-10-19,38,quantile,0.05,0.0
2024-10-12,wk inc flu hosp,1,2024-10-19,38,quantile,0.1,0.0
2024-10-12,wk inc flu hosp,1,2024-10-19,38,quantile,0.15,0.0
2024-10-12,wk inc flu hosp,1,2024-10-19,38,quantile,0.2,0.0
2024-10-12,wk inc flu hosp,1,2024-10-19,38,quantile,0.25,0.0
2024-10-12,wk inc flu hosp,1,2024-10-19,38,quantile,0.3,0.0
2024-10-12,wk inc flu hosp,1,2024-10-19,38,quantile,0.35,0.0
2024-10-12,wk inc flu hosp,1,2024-10-19,38,quantile,0.4,0.0
2024-10-12,wk inc flu hosp,1,2024-10-19,38,quantile,0.45,0.36989573231091055
2024-10-12,wk inc flu hosp,1,2024-10-19,38,quantile,0.5,1.2803592340462058
2024-10-12,wk inc flu hosp,1,2024-10-19,38,quantile,0.55,2.149121136120061
2024-10-12,wk inc flu hosp,1,2024-10-19,38,quantile,0.6,2.719720575172835
2024-10-12,wk inc flu hosp,1,2024-10-19,38,quantile,0.65,3.5747710362057483
2024-10-12,wk inc flu hosp,1,2024-10-19,38,quantile,0.7,4.433068162868183
2024-10-12,wk inc flu hosp,1,2024-10-19,38,quantile,0.75,5.331912798665914
2024-10-12,wk inc flu hosp,1,2024-10-19,38,quantile,0.8,6.570377607921687
2024-10-12,wk inc flu hosp,1,2024-10-19,38,quantile,0.85,7.7575433882107045
2024-10-12,wk inc flu hosp,1,2024-10-19,38,quantile,0.9,9.576659439641613
2024-10-12,wk inc flu hosp,1,2024-10-19,38,quantile,0.95,12.341938539256343
2024-10-12,wk inc flu hosp,1,2024-10-19,38,quantile,0.975,14.275045440252757
2024-10-12,wk inc flu hosp,1,2024-10-19,38,quantile,0.99,16.580732036824227
2024-10-12,wk inc flu hosp,2,2024-10-26,38,quantile,0.01,0.0
2024-10-12,wk inc flu hosp,2,2024-10-26,38,quantile,0.025,0.0
2024-10-12,wk inc flu hosp,2,2024-10-26,38,quantile,0.05,0.0
2024-10-12,wk inc flu hosp,2,2024-10-26,38,quantile,0.1,0.0
2024-10-12,wk inc flu hosp,2,2024-10-26,38,quantile,0.15,0.0
2024-10-12,wk inc flu hosp,2,2024-10-26,38,quantile,0.2,0.0
2024-10-12,wk inc flu hosp,2,2024-10-26,38,quantile,0.25,0.0
2024-10-12,wk inc flu hosp,2,2024-10-26,38,quantile,0.3,0.0
2024-10-12,wk inc flu hosp,2,2024-10-26,38,quantile,0.35,0.0
2024-10-12,wk inc flu hosp,2,2024-10-26,38,quantile,0.4,0.0
2024-10-12,wk inc flu hosp,2,2024-10-26,38,quantile,0.45,0.0
2024-10-12,wk inc flu hosp,2,2024-10-26,38,quantile,0.5,0.9821985076045396
2024-10-12,wk inc flu hosp,2,2024-10-26,38,quantile,0.55,1.8025159932571002
2024-10-12,wk inc flu hosp,2,2024-10-26,38,quantile,0.6,2.8083362165217904
2024-10-12,wk inc flu hosp,2,2024-10-26,38,quantile,0.65,3.9680630795433713
2024-10-12,wk inc flu hosp,2,2024-10-26,38,quantile,0.7,4.910320881202686
2024-10-12,wk inc flu hosp,2,2024-10-26,38,quantile,0.75,5.860450148865168
2024-10-12,wk inc flu hosp,2,2024-10-26,38,quantile,0.8,6.841732570399221
2024-10-12,wk inc flu hosp,2,2024-10-26,38,quantile,0.85,8.468143000856156
2024-10-12,wk inc flu hosp,2,2024-10-26,38,quantile,0.9,10.405716393713206
2024-10-12,wk inc flu hosp,2,2024-10-26,38,quantile,0.95,12.827883866320294
2024-10-12,wk inc flu hosp,2,2024-10-26,38,quantile,0.975,15.200678742189375
2024-10-12,wk inc flu hosp,2,2024-10-26,38,quantile,0.99,17.334602063196495
2024-10-12,wk inc flu hosp,3,2024-11-02,38,quantile,0.01,0.0
2024-10-12,wk inc flu hosp,3,2024-11-02,38,quantile,0.025,0.0
2024-10-12,wk inc flu hosp,3,2024-11-02,38,quantile,0.05,0.0
2024-10-12,wk inc flu hosp,3,2024-11-02,38,quantile,0.1,0.0
2024-10-12,wk inc flu hosp,3,2024-11-02,38,quantile,0.15,0.0
2024-10-12,wk inc flu hosp,3,2024-11-02,38,quantile,0.2,0.0
2024-10-12,wk inc flu hosp,3,2024-11-02,38,quantile,0.25,0.0
2024-10-12,wk inc flu hosp,3,2024-11-02,38,quantile,0.3,0.0
2024-10-12,wk inc flu hosp,3,2024-11-02,38,quantile,0.35,0.0
2024-10-12,wk inc flu hosp,3,2024-11-02,38,quantile,0.4,0.0
2024-10-12,wk inc flu hosp,3,2024-11-02,38,quantile,0.45,0.0
2024-10-12,wk inc flu hosp,3,2024-11-02,38,quantile,0.5,1.0474228391475247
2024-10-12,wk inc flu hosp,3,2024-11-02,38,quantile,0.55,2.0927403382944907
2024-10-12,wk inc flu hosp,3,2024-11-02,38,quantile,0.6,3.2996366264898276
2024-10-12,wk inc flu hosp,3,2024-11-02,38,quantile,0.65,4.654311891096775
2024-10-12,wk inc flu hosp,3,2024-11-02,38,quantile,0.7,5.934407807719222
2024-10-12,wk inc flu hosp,3,2024-11-02,38,quantile,0.75,7.203661376986194
2024-10-12,wk inc flu hosp,3,2024-11-02,38,quantile,0.8,8.792729941271146
2024-10-12,wk inc flu hosp,3,2024-11-02,38,quantile,0.85,10.171584402074435
2024-10-12,wk inc flu hosp,3,2024-11-02,38,quantile,0.9,12.089020692967283
2024-10-12,wk inc flu hosp,3,2024-11-02,38,quantile,0.95,15.225607099976857
2024-10-12,wk inc flu hosp,3,2024-11-02,38,quantile,0.975,18.711226281560627
2024-10-12,wk inc flu hosp,3,2024-11-02,38,quantile,0.99,21.43973979756697
2024-10-12,wk inc flu hosp,0,2024-10-12,39,quantile,0.01,0.0
2024-10-12,wk inc flu hosp,0,2024-10-12,39,quantile,0.025,0.0
2024-10-12,wk inc flu hosp,0,2024-10-12,39,quantile,0.05,0.0
2024-10-12,wk inc flu hosp,0,2024-10-12,39,quantile,0.1,0.0
2024-10-12,wk inc flu hosp,0,2024-10-12,39,quantile,0.15,0.0
2024-10-12,wk inc flu hosp,0,2024-10-12,39,quantile,0.2,0.0
2024-10-12,wk inc flu hosp,0,2024-10-12,39,quantile,0.25,0.0
2024-10-12,wk inc flu hosp,0,2024-10-12,39,quantile,0.3,0.0
2024-10-12,wk inc flu hosp,0,2024-10-12,39,quantile,0.35,0.0
2024-10-12,wk inc flu hosp,0,2024-10-12,39,quantile,0.4,0.0
2024-10-12,wk inc flu hosp,0,2024-10-12,39,quantile,0.45,0.0
2024-10-12,wk inc flu hosp,0,2024-10-12,39,quantile,0.5,0.0
2024-10-12,wk inc flu hosp,0,2024-10-12,39,quantile,0.55,2.663652866503461
2024-10-12,wk inc flu hosp,0,2024-10-12,39,quantile,0.6,9.341068425647475
2024-10-12,wk inc flu hosp,0,2024-10-12,39,quantile,0.65,15.025287572641759
2024-10-12,wk inc flu hosp,0,2024-10-12,39,quantile,0.7,20.026577794351557
2024-10-12,wk inc flu hosp,0,2024-10-12,39,quantile,0.75,28.16487942643218
2024-10-12,wk inc flu hosp,0,2024-10-12,39,quantile,0.8,36.49885952949933
2024-10-12,wk inc flu hosp,0,2024-10-12,39,quantile,0.85,43.998559877429166
2024-10-12,wk inc flu hosp,0,2024-10-12,39,quantile,0.9,56.85526926273128
2024-10-12,wk inc flu hosp,0,2024-10-12,39,quantile,0.95,76.53787769663556
2024-10-12,wk inc flu hosp,0,2024-10-12,39,quantile,0.975,89.8938107179338
2024-10-12,wk inc flu hosp,0,2024-10-12,39,quantile,0.99,104.55459439512269
2024-10-12,wk inc flu hosp,1,2024-10-19,39,quantile,0.01,0.0
2024-10-12,wk inc flu hosp,1,2024-10-19,39,quantile,0.025,0.0
2024-10-12,wk inc flu hosp,1,2024-10-19,39,quantile,0.05,0.0
2024-10-12,wk inc flu hosp,1,2024-10-19,39,quantile,0.1,0.0
2024-10-12,wk inc flu hosp,1,2024-10-19,39,quantile,0.15,0.0
2024-10-12,wk inc flu hosp,1,2024-10-19,39,quantile,0.2,0.0
2024-10-12,wk inc flu hosp,1,2024-10-19,39,quantile,0.25,0.0
2024-10-12,wk inc flu hosp,1,2024-10-19,39,quantile,0.3,0.0
2024-10-12,wk inc flu hosp,1,2024-10-19,39,quantile,0.35,0.0
2024-10-12,wk inc flu hosp,1,2024-10-19,39,quantile,0.4,0.0
2024-10-12,wk inc flu hosp,1,2024-10-19,39,quantile,0.45,0.6153691091805584
2024-10-12,wk inc flu hosp,1,2024-10-19,39,quantile,0.5,9.861693332891324
2024-10-12,wk inc flu hosp,1,2024-10-19,39,quantile,0.55,17.79347646943789
2024-10-12,wk inc flu hosp,1,2024-10-19,39,quantile,0.6,25.025421110189168
2024-10-12,wk inc flu hosp,1,2024-10-19,39,quantile,0.65,32.87824645997119
2024-10-12,wk inc flu hosp,1,2024-10-19,39,quantile,0.7,40.31237867787045
2024-10-12,wk inc flu hosp,1,2024-10-19,39,quantile,0.75,51.03977875093858
2024-10-12,wk inc flu hosp,1,2024-10-19,39,quantile,0.8,60.18541594383646
2024-10-12,wk inc flu hosp,1,2024-10-19,39,quantile,0.85,70.56492234531164
2024-10-12,wk inc flu hosp,1,2024-10-19,39,quantile,0.9,89.22113575394084
2024-10-12,wk inc flu hosp,1,2024-10-19,39,quantile,0.95,117.77214275513955
2024-10-12,wk inc flu hosp,1,2024-10-19,39,quantile,0.975,135.37428564745892
2024-10-12,wk inc flu hosp,1,2024-10-19,39,quantile,0.99,155.24596144841942
2024-10-12,wk inc flu hosp,2,2024-10-26,39,quantile,0.01,0.0
2024-10-12,wk inc flu hosp,2,2024-10-26,39,quantile,0.025,0.0
2024-10-12,wk inc flu hosp,2,2024-10-26,39,quantile,0.05,0.0
2024-10-12,wk inc flu hosp,2,2024-10-26,39,quantile,0.1,0.0
2024-10-12,wk inc flu hosp,2,2024-10-26,39,quantile,0.15,0.0
2024-10-12,wk inc flu hosp,2,2024-10-26,39,quantile,0.2,0.0
2024-10-12,wk inc flu hosp,2,2024-10-26,39,quantile,0.25,0.0
2024-10-12,wk inc flu hosp,2,2024-10-26,39,quantile,0.3,0.0
2024-10-12,wk inc flu hosp,2,2024-10-26,39,quantile,0.35,0.0
2024-10-12,wk inc flu hosp,2,2024-10-26,39,quantile,0.4,0.0
2024-10-12,wk inc flu hosp,2,2024-10-26,39,quantile,0.45,3.383649033447191
2024-10-12,wk inc flu hosp,2,2024-10-26,39,quantile,0.5,15.267081398268116
2024-10-12,wk inc flu hosp,2,2024-10-26,39,quantile,0.55,25.63696196317703
2024-10-12,wk inc flu hosp,2,2024-10-26,39,quantile,0.6,33.60028121031279
2024-10-12,wk inc flu hosp,2,2024-10-26,39,quantile,0.65,47.05250073254755
2024-10-12,wk inc flu hosp,2,2024-10-26,39,quantile,0.7,54.430891454057814
2024-10-12,wk inc flu hosp,2,2024-10-26,39,quantile,0.75,67.44389761822492
2024-10-12,wk inc flu hosp,2,2024-10-26,39,quantile,0.8,76.99778546924256
2024-10-12,wk inc flu hosp,2,2024-10-26,39,quantile,0.85,90.9439185820852
2024-10-12,wk inc flu hosp,2,2024-10-26,39,quantile,0.9,109.21024875291803
2024-10-12,wk inc flu hosp,2,2024-10-26,39,quantile,0.95,140.44762975759483
2024-10-12,wk inc flu hosp,2,2024-10-26,39,quantile,0.975,166.08320160019122
2024-10-12,wk inc flu hosp,2,2024-10-26,39,quantile,0.99,182.53778982521158
2024-10-12,wk inc flu hosp,3,2024-11-02,39,quantile,0.01,0.0
2024-10-12,wk inc flu hosp,3,2024-11-02,39,quantile,0.025,0.0
2024-10-12,wk inc flu hosp,3,2024-11-02,39,quantile,0.05,0.0
2024-10-12,wk inc flu hosp,3,2024-11-02,39,quantile,0.1,0.0
2024-10-12,wk inc flu hosp,3,2024-11-02,39,quantile,0.15,0.0
2024-10-12,wk inc flu hosp,3,2024-11-02,39,quantile,0.2,0.0
2024-10-12,wk inc flu hosp,3,2024-11-02,39,quantile,0.25,0.0
2024-10-12,wk inc flu hosp,3,2024-11-02,39,quantile,0.3,0.0
2024-10-12,wk inc flu hosp,3,2024-11-02,39,quantile,0.35,0.0
2024-10-12,wk inc flu hosp,3,2024-11-02,39,quantile,0.4,0.0
2024-10-12,wk inc flu hosp,3,2024-11-02,39,quantile,0.45,10.964349769888228
2024-10-12,wk inc flu hosp,3,2024-11-02,39,quantile,0.5,20.218276729117044
2024-10-12,wk inc flu hosp,3,2024-11-02,39,quantile,0.55,32.48424352828869
2024-10-12,wk inc flu hosp,3,2024-11-02,39,quantile,0.6,43.787659575022445
2024-10-12,wk inc flu hosp,3,2024-11-02,39,quantile,0.65,57.786933112567
2024-10-12,wk inc flu hosp,3,2024-11-02,39,quantile,0.7,70.39805244792417
2024-10-12,wk inc flu hosp,3,2024-11-02,39,quantile,0.75,86.00808535604848
2024-10-12,wk inc flu hosp,3,2024-11-02,39,quantile,0.8,99.33018572059991
2024-10-12,wk inc flu hosp,3,2024-11-02,39,quantile,0.85,115.46348545240633
2024-10-12,wk inc flu hosp,3,2024-11-02,39,quantile,0.9,138.69323771646353
2024-10-12,wk inc flu hosp,3,2024-11-02,39,quantile,0.95,169.8233613541051
2024-10-12,wk inc flu hosp,3,2024-11-02,39,quantile,0.975,200.4468906055058
2024-10-12,wk inc flu hosp,3,2024-11-02,39,quantile,0.99,238.04900446726305
2024-10-12,wk inc flu hosp,0,2024-10-12,40,quantile,0.01,0.0
2024-10-12,wk inc flu hosp,0,2024-10-12,40,quantile,0.025,0.0
2024-10-12,wk inc flu hosp,0,2024-10-12,40,quantile,0.05,0.0
2024-10-12,wk inc flu hosp,0,2024-10-12,40,quantile,0.1,0.0
2024-10-12,wk inc flu hosp,0,2024-10-12,40,quantile,0.15,0.0
2024-10-12,wk inc flu hosp,0,2024-10-12,40,quantile,0.2,0.0
2024-10-12,wk inc flu hosp,0,2024-10-12,40,quantile,0.25,0.0
2024-10-12,wk inc flu hosp,0,2024-10-12,40,quantile,0.3,0.0
2024-10-12,wk inc flu hosp,0,2024-10-12,40,quantile,0.35,0.0
2024-10-12,wk inc flu hosp,0,2024-10-12,40,quantile,0.4,0.0
2024-10-12,wk inc flu hosp,0,2024-10-12,40,quantile,0.45,0.0
2024-10-12,wk inc flu hosp,0,2024-10-12,40,quantile,0.5,0.0
2024-10-12,wk inc flu hosp,0,2024-10-12,40,quantile,0.55,5.970128872626533
2024-10-12,wk inc flu hosp,0,2024-10-12,40,quantile,0.6,17.743663589132275
2024-10-12,wk inc flu hosp,0,2024-10-12,40,quantile,0.65,27.76600694497141
2024-10-12,wk inc flu hosp,0,2024-10-12,40,quantile,0.7,36.58421865144325
2024-10-12,wk inc flu hosp,0,2024-10-12,40,quantile,0.75,50.93356922727883
2024-10-12,wk inc flu hosp,0,2024-10-12,40,quantile,0.8,65.62793760993304
2024-10-12,wk inc flu hosp,0,2024-10-12,40,quantile,0.85,78.85131447298112
2024-10-12,wk inc flu hosp,0,2024-10-12,40,quantile,0.9,101.52010196226594
2024-10-12,wk inc flu hosp,0,2024-10-12,40,quantile,0.95,136.22422837995248
2024-10-12,wk inc flu hosp,0,2024-10-12,40,quantile,0.975,159.77324067442433
2024-10-12,wk inc flu hosp,0,2024-10-12,40,quantile,0.99,185.62294915305776
2024-10-12,wk inc flu hosp,1,2024-10-19,40,quantile,0.01,0.0
2024-10-12,wk inc flu hosp,1,2024-10-19,40,quantile,0.025,0.0
2024-10-12,wk inc flu hosp,1,2024-10-19,40,quantile,0.05,0.0
2024-10-12,wk inc flu hosp,1,2024-10-19,40,quantile,0.1,0.0
2024-10-12,wk inc flu hosp,1,2024-10-19,40,quantile,0.15,0.0
2024-10-12,wk inc flu hosp,1,2024-10-19,40,quantile,0.2,0.0
2024-10-12,wk inc flu hosp,1,2024-10-19,40,quantile,0.25,0.0
2024-10-12,wk inc flu hosp,1,2024-10-19,40,quantile,0.3,0.0
2024-10-12,wk inc flu hosp,1,2024-10-19,40,quantile,0.35,0.0
2024-10-12,wk inc flu hosp,1,2024-10-19,40,quantile,0.4,0.0
2024-10-12,wk inc flu hosp,1,2024-10-19,40,quantile,0.45,6.870538227142071
2024-10-12,wk inc flu hosp,1,2024-10-19,40,quantile,0.5,22.086916913157076
2024-10-12,wk inc flu hosp,1,2024-10-19,40,quantile,0.55,34.28002213423754
2024-10-12,wk inc flu hosp,1,2024-10-19,40,quantile,0.6,47.4422850458099
2024-10-12,wk inc flu hosp,1,2024-10-19,40,quantile,0.65,60.87903043440722
2024-10-12,wk inc flu hosp,1,2024-10-19,40,quantile,0.7,74.68127788954668
2024-10-12,wk inc flu hosp,1,2024-10-19,40,quantile,0.75,92.70202662533752
2024-10-12,wk inc flu hosp,1,2024-10-19,40,quantile,0.8,107.61829834029919
2024-10-12,wk inc flu hosp,1,2024-10-19,40,quantile,0.85,125.92610778561412
2024-10-12,wk inc flu hosp,1,2024-10-19,40,quantile,0.9,156.79569958514648
2024-10-12,wk inc flu hosp,1,2024-10-19,40,quantile,0.95,206.7080017474341
2024-10-12,wk inc flu hosp,1,2024-10-19,40,quantile,0.975,237.35486085522263
2024-10-12,wk inc flu hosp,1,2024-10-19,40,quantile,0.99,274.61280705297185
2024-10-12,wk inc flu hosp,2,2024-10-26,40,quantile,0.01,0.0
2024-10-12,wk inc flu hosp,2,2024-10-26,40,quantile,0.025,0.0
2024-10-12,wk inc flu hosp,2,2024-10-26,40,quantile,0.05,0.0
2024-10-12,wk inc flu hosp,2,2024-10-26,40,quantile,0.1,0.0
2024-10-12,wk inc flu hosp,2,2024-10-26,40,quantile,0.15,0.0
2024-10-12,wk inc flu hosp,2,2024-10-26,40,quantile,0.2,0.0
2024-10-12,wk inc flu hosp,2,2024-10-26,40,quantile,0.25,0.0
2024-10-12,wk inc flu hosp,2,2024-10-26,40,quantile,0.3,0.0
2024-10-12,wk inc flu hosp,2,2024-10-26,40,quantile,0.35,0.0
2024-10-12,wk inc flu hosp,2,2024-10-26,40,quantile,0.4,0.0
2024-10-12,wk inc flu hosp,2,2024-10-26,40,quantile,0.45,17.957080752915388
2024-10-12,wk inc flu hosp,2,2024-10-26,40,quantile,0.5,37.25661381041103
2024-10-12,wk inc flu hosp,2,2024-10-26,40,quantile,0.55,55.15854077096134
2024-10-12,wk inc flu hosp,2,2024-10-26,40,quantile,0.6,69.11683743639294
2024-10-12,wk inc flu hosp,2,2024-10-26,40,quantile,0.65,92.28307744375027
2024-10-12,wk inc flu hosp,2,2024-10-26,40,quantile,0.7,105.2238275474915
2024-10-12,wk inc flu hosp,2,2024-10-26,40,quantile,0.75,127.42309095779324
2024-10-12,wk inc flu hosp,2,2024-10-26,40,quantile,0.8,142.28306285336214
2024-10-12,wk inc flu hosp,2,2024-10-26,40,quantile,0.85,166.9763842072156
2024-10-12,wk inc flu hosp,2,2024-10-26,40,quantile,0.9,199.03545589376486
2024-10-12,wk inc flu hosp,2,2024-10-26,40,quantile,0.95,249.46531195674277
2024-10-12,wk inc flu hosp,2,2024-10-26,40,quantile,0.975,294.3753088791695
2024-10-12,wk inc flu hosp,2,2024-10-26,40,quantile,0.99,324.62055131605865
2024-10-12,wk inc flu hosp,3,2024-11-02,40,quantile,0.01,0.0
2024-10-12,wk inc flu hosp,3,2024-11-02,40,quantile,0.025,0.0
2024-10-12,wk inc flu hosp,3,2024-11-02,40,quantile,0.05,0.0
2024-10-12,wk inc flu hosp,3,2024-11-02,40,quantile,0.1,0.0
2024-10-12,wk inc flu hosp,3,2024-11-02,40,quantile,0.15,0.0
2024-10-12,wk inc flu hosp,3,2024-11-02,40,quantile,0.2,0.0
2024-10-12,wk inc flu hosp,3,2024-11-02,40,quantile,0.25,0.0
2024-10-12,wk inc flu hosp,3,2024-11-02,40,quantile,0.3,0.0
2024-10-12,wk inc flu hosp,3,2024-11-02,40,quantile,0.35,0.5976872757995662
2024-10-12,wk inc flu hosp,3,2024-11-02,40,quantile,0.4,20.196230114619514
2024-10-12,wk inc flu hosp,3,2024-11-02,40,quantile,0.45,41.225167545971765
2024-10-12,wk inc flu hosp,3,2024-11-02,40,quantile,0.5,58.71673687417541
2024-10-12,wk inc flu hosp,3,2024-11-02,40,quantile,0.55,79.85559456982138
2024-10-12,wk inc flu hosp,3,2024-11-02,40,quantile,0.6,98.30354275628679
2024-10-12,wk inc flu hosp,3,2024-11-02,40,quantile,0.65,122.31868559263583
2024-10-12,wk inc flu hosp,3,2024-11-02,40,quantile,0.7,144.45213657835356
2024-10-12,wk inc flu hosp,3,2024-11-02,40,quantile,0.75,169.92252302651468
2024-10-12,wk inc flu hosp,3,2024-11-02,40,quantile,0.8,193.14594704367613
2024-10-12,wk inc flu hosp,3,2024-11-02,40,quantile,0.85,220.8858955775677
2024-10-12,wk inc flu hosp,3,2024-11-02,40,quantile,0.9,260.08263620168844
2024-10-12,wk inc flu hosp,3,2024-11-02,40,quantile,0.95,314.10707507047533
2024-10-12,wk inc flu hosp,3,2024-11-02,40,quantile,0.975,367.7602377077738
2024-10-12,wk inc flu hosp,3,2024-11-02,40,quantile,0.99,429.78269199229993
2024-10-12,wk inc flu hosp,0,2024-10-12,41,quantile,0.01,0.0
2024-10-12,wk inc flu hosp,0,2024-10-12,41,quantile,0.025,0.0
2024-10-12,wk inc flu hosp,0,2024-10-12,41,quantile,0.05,0.0
2024-10-12,wk inc flu hosp,0,2024-10-12,41,quantile,0.1,0.0
2024-10-12,wk inc flu hosp,0,2024-10-12,41,quantile,0.15,0.0
2024-10-12,wk inc flu hosp,0,2024-10-12,41,quantile,0.2,0.0
2024-10-12,wk inc flu hosp,0,2024-10-12,41,quantile,0.25,0.0
2024-10-12,wk inc flu hosp,0,2024-10-12,41,quantile,0.3,0.0
2024-10-12,wk inc flu hosp,0,2024-10-12,41,quantile,0.35,0.0
2024-10-12,wk inc flu hosp,0,2024-10-12,41,quantile,0.4,0.0
2024-10-12,wk inc flu hosp,0,2024-10-12,41,quantile,0.45,0.0
2024-10-12,wk inc flu hosp,0,2024-10-12,41,quantile,0.5,2.00169603404236
2024-10-12,wk inc flu hosp,0,2024-10-12,41,quantile,0.55,6.610323638677978
2024-10-12,wk inc flu hosp,0,2024-10-12,41,quantile,0.6,12.714021261974434
2024-10-12,wk inc flu hosp,0,2024-10-12,41,quantile,0.65,17.90985707457328
2024-10-12,wk inc flu hosp,0,2024-10-12,41,quantile,0.7,22.481440641491364
2024-10-12,wk inc flu hosp,0,2024-10-12,41,quantile,0.75,29.920506233474367
2024-10-12,wk inc flu hosp,0,2024-10-12,41,quantile,0.8,37.53843776658562
2024-10-12,wk inc flu hosp,0,2024-10-12,41,quantile,0.85,44.39377016033034
2024-10-12,wk inc flu hosp,0,2024-10-12,41,quantile,0.9,56.14584187481584
2024-10-12,wk inc flu hosp,0,2024-10-12,41,quantile,0.95,74.13733712536708
2024-10-12,wk inc flu hosp,0,2024-10-12,41,quantile,0.975,86.34573960038915
2024-10-12,wk inc flu hosp,0,2024-10-12,41,quantile,0.99,99.74688105901542
2024-10-12,wk inc flu hosp,1,2024-10-19,41,quantile,0.01,0.0
2024-10-12,wk inc flu hosp,1,2024-10-19,41,quantile,0.025,0.0
2024-10-12,wk inc flu hosp,1,2024-10-19,41,quantile,0.05,0.0
2024-10-12,wk inc flu hosp,1,2024-10-19,41,quantile,0.1,0.0
2024-10-12,wk inc flu hosp,1,2024-10-19,41,quantile,0.15,0.0
2024-10-12,wk inc flu hosp,1,2024-10-19,41,quantile,0.2,0.0
2024-10-12,wk inc flu hosp,1,2024-10-19,41,quantile,0.25,0.0
2024-10-12,wk inc flu hosp,1,2024-10-19,41,quantile,0.3,0.0
2024-10-12,wk inc flu hosp,1,2024-10-19,41,quantile,0.35,0.0
2024-10-12,wk inc flu hosp,1,2024-10-19,41,quantile,0.4,0.0
2024-10-12,wk inc flu hosp,1,2024-10-19,41,quantile,0.45,0.0
2024-10-12,wk inc flu hosp,1,2024-10-19,41,quantile,0.5,8.132835845639168
2024-10-12,wk inc flu hosp,1,2024-10-19,41,quantile,0.55,15.383126837749947
2024-10-12,wk inc flu hosp,1,2024-10-19,41,quantile,0.6,21.99370886976349
2024-10-12,wk inc flu hosp,1,2024-10-19,41,quantile,0.65,29.1718260618244
2024-10-12,wk inc flu hosp,1,2024-10-19,41,quantile,0.7,35.967223884193885
2024-10-12,wk inc flu hosp,1,2024-10-19,41,quantile,0.75,45.77293475394388
2024-10-12,wk inc flu hosp,1,2024-10-19,41,quantile,0.8,54.132786481515296
2024-10-12,wk inc flu hosp,1,2024-10-19,41,quantile,0.85,63.620494411706765
2024-10-12,wk inc flu hosp,1,2024-10-19,41,quantile,0.9,80.6737816353881
2024-10-12,wk inc flu hosp,1,2024-10-19,41,quantile,0.95,106.77171009774017
2024-10-12,wk inc flu hosp,1,2024-10-19,41,quantile,0.975,122.86149165845927
2024-10-12,wk inc flu hosp,1,2024-10-19,41,quantile,0.99,141.0258097667049
2024-10-12,wk inc flu hosp,2,2024-10-26,41,quantile,0.01,0.0
2024-10-12,wk inc flu hosp,2,2024-10-26,41,quantile,0.025,0.0
2024-10-12,wk inc flu hosp,2,2024-10-26,41,quantile,0.05,0.0
2024-10-12,wk inc flu hosp,2,2024-10-26,41,quantile,0.1,0.0
2024-10-12,wk inc flu hosp,2,2024-10-26,41,quantile,0.15,0.0
2024-10-12,wk inc flu hosp,2,2024-10-26,41,quantile,0.2,0.0
2024-10-12,wk inc flu hosp,2,2024-10-26,41,quantile,0.25,0.0
2024-10-12,wk inc flu hosp,2,2024-10-26,41,quantile,0.3,0.0
2024-10-12,wk inc flu hosp,2,2024-10-26,41,quantile,0.35,0.0
2024-10-12,wk inc flu hosp,2,2024-10-26,41,quantile,0.4,0.0
2024-10-12,wk inc flu hosp,2,2024-10-26,41,quantile,0.45,0.0
2024-10-12,wk inc flu hosp,2,2024-10-26,41,quantile,0.5,2.6567864965274595
2024-10-12,wk inc flu hosp,2,2024-10-26,41,quantile,0.55,12.135695633944767
2024-10-12,wk inc flu hosp,2,2024-10-26,41,quantile,0.6,19.414813180513068
2024-10-12,wk inc flu hosp,2,2024-10-26,41,quantile,0.65,31.711229301191356
2024-10-12,wk inc flu hosp,2,2024-10-26,41,quantile,0.7,38.455674889719035
2024-10-12,wk inc flu hosp,2,2024-10-26,41,quantile,0.75,50.3506144951179
2024-10-12,wk inc flu hosp,2,2024-10-26,41,quantile,0.8,59.08364032719189
2024-10-12,wk inc flu hosp,2,2024-10-26,41,quantile,0.85,71.83153339765786
2024-10-12,wk inc flu hosp,2,2024-10-26,41,quantile,0.9,88.52843582383441
2024-10-12,wk inc flu hosp,2,2024-10-26,41,quantile,0.95,117.0819272918258
2024-10-12,wk inc flu hosp,2,2024-10-26,41,quantile,0.975,140.51491233545232
2024-10-12,wk inc flu hosp,2,2024-10-26,41,quantile,0.99,155.55573616194695
2024-10-12,wk inc flu hosp,3,2024-11-02,41,quantile,0.01,0.0
2024-10-12,wk inc flu hosp,3,2024-11-02,41,quantile,0.025,0.0
2024-10-12,wk inc flu hosp,3,2024-11-02,41,quantile,0.05,0.0
2024-10-12,wk inc flu hosp,3,2024-11-02,41,quantile,0.1,0.0
2024-10-12,wk inc flu hosp,3,2024-11-02,41,quantile,0.15,0.0
2024-10-12,wk inc flu hosp,3,2024-11-02,41,quantile,0.2,0.0
2024-10-12,wk inc flu hosp,3,2024-11-02,41,quantile,0.25,0.0
2024-10-12,wk inc flu hosp,3,2024-11-02,41,quantile,0.3,0.0
2024-10-12,wk inc flu hosp,3,2024-11-02,41,quantile,0.35,0.0
2024-10-12,wk inc flu hosp,3,2024-11-02,41,quantile,0.4,0.0
2024-10-12,wk inc flu hosp,3,2024-11-02,41,quantile,0.45,7.210603465468849
2024-10-12,wk inc flu hosp,3,2024-11-02,41,quantile,0.5,15.669440793610896
2024-10-12,wk inc flu hosp,3,2024-11-02,41,quantile,0.55,26.88152602874556
2024-10-12,wk inc flu hosp,3,2024-11-02,41,quantile,0.6,37.213762063554256
2024-10-12,wk inc flu hosp,3,2024-11-02,41,quantile,0.65,50.01022977806943
2024-10-12,wk inc flu hosp,3,2024-11-02,41,quantile,0.7,61.53781233340691
2024-10-12,wk inc flu hosp,3,2024-11-02,41,quantile,0.75,75.80664432641106
2024-10-12,wk inc flu hosp,3,2024-11-02,41,quantile,0.8,87.98412101813476
2024-10-12,wk inc flu hosp,3,2024-11-02,41,quantile,0.85,102.73126118887166
2024-10-12,wk inc flu hosp,3,2024-11-02,41,quantile,0.9,123.96513265127129
2024-10-12,wk inc flu hosp,3,2024-11-02,41,quantile,0.95,152.42058221510754
2024-10-12,wk inc flu hosp,3,2024-11-02,41,quantile,0.975,180.41296355683204
2024-10-12,wk inc flu hosp,3,2024-11-02,41,quantile,0.99,214.78433538116582
2024-10-12,wk inc flu hosp,0,2024-10-12,42,quantile,0.01,0.0
2024-10-12,wk inc flu hosp,0,2024-10-12,42,quantile,0.025,0.0
2024-10-12,wk inc flu hosp,0,2024-10-12,42,quantile,0.05,0.0
2024-10-12,wk inc flu hosp,0,2024-10-12,42,quantile,0.1,0.0
2024-10-12,wk inc flu hosp,0,2024-10-12,42,quantile,0.15,0.0
2024-10-12,wk inc flu hosp,0,2024-10-12,42,quantile,0.2,0.0
2024-10-12,wk inc flu hosp,0,2024-10-12,42,quantile,0.25,0.0
2024-10-12,wk inc flu hosp,0,2024-10-12,42,quantile,0.3,12.422574651982238
2024-10-12,wk inc flu hosp,0,2024-10-12,42,quantile,0.35,25.94217525469142
2024-10-12,wk inc flu hosp,0,2024-10-12,42,quantile,0.4,37.2456670374311
2024-10-12,wk inc flu hosp,0,2024-10-12,42,quantile,0.45,51.23606440924156
2024-10-12,wk inc flu hosp,0,2024-10-12,42,quantile,0.5,64.39054926353137
2024-10-12,wk inc flu hosp,0,2024-10-12,42,quantile,0.55,76.13574593469377
2024-10-12,wk inc flu hosp,0,2024-10-12,42,quantile,0.6,91.69116398036412
2024-10-12,wk inc flu hosp,0,2024-10-12,42,quantile,0.65,104.93287468588063
2024-10-12,wk inc flu hosp,0,2024-10-12,42,quantile,0.7,116.58366374900615
2024-10-12,wk inc flu hosp,0,2024-10-12,42,quantile,0.75,135.54229871001547
2024-10-12,wk inc flu hosp,0,2024-10-12,42,quantile,0.8,154.95677776096838
2024-10-12,wk inc flu hosp,0,2024-10-12,42,quantile,0.85,172.42775483226254
2024-10-12,wk inc flu hosp,0,2024-10-12,42,quantile,0.9,202.37818811122784
2024-10-12,wk inc flu hosp,0,2024-10-12,42,quantile,0.95,248.2299401411505
2024-10-12,wk inc flu hosp,0,2024-10-12,42,quantile,0.975,279.34334317801336
2024-10-12,wk inc flu hosp,0,2024-10-12,42,quantile,0.99,313.49646978154135
2024-10-12,wk inc flu hosp,1,2024-10-19,42,quantile,0.01,0.0
2024-10-12,wk inc flu hosp,1,2024-10-19,42,quantile,0.025,0.0
2024-10-12,wk inc flu hosp,1,2024-10-19,42,quantile,0.05,0.0
2024-10-12,wk inc flu hosp,1,2024-10-19,42,quantile,0.1,0.0
2024-10-12,wk inc flu hosp,1,2024-10-19,42,quantile,0.15,0.0
2024-10-12,wk inc flu hosp,1,2024-10-19,42,quantile,0.2,0.0
2024-10-12,wk inc flu hosp,1,2024-10-19,42,quantile,0.25,0.0
2024-10-12,wk inc flu hosp,1,2024-10-19,42,quantile,0.3,4.167614962964825
2024-10-12,wk inc flu hosp,1,2024-10-19,42,quantile,0.35,26.318139016830354
2024-10-12,wk inc flu hosp,1,2024-10-19,42,quantile,0.4,46.405211810418095
2024-10-12,wk inc flu hosp,1,2024-10-19,42,quantile,0.45,66.54768726808203
2024-10-12,wk inc flu hosp,1,2024-10-19,42,quantile,0.5,88.08752366311808
2024-10-12,wk inc flu hosp,1,2024-10-19,42,quantile,0.55,106.5650620825473
2024-10-12,wk inc flu hosp,1,2024-10-19,42,quantile,0.6,123.41228705658393
2024-10-12,wk inc flu hosp,1,2024-10-19,42,quantile,0.65,141.70588883612555
2024-10-12,wk inc flu hosp,1,2024-10-19,42,quantile,0.7,159.02412123186937
2024-10-12,wk inc flu hosp,1,2024-10-19,42,quantile,0.75,184.01420777084726
2024-10-12,wk inc flu hosp,1,2024-10-19,42,quantile,0.8,205.31948802029075
2024-10-12,wk inc flu hosp,1,2024-10-19,42,quantile,0.85,229.49913653139174
2024-10-12,wk inc flu hosp,1,2024-10-19,42,quantile,0.9,272.9598431700642
2024-10-12,wk inc flu hosp,1,2024-10-19,42,quantile,0.95,339.47103235617544
2024-10-12,wk inc flu hosp,1,2024-10-19,42,quantile,0.975,380.4762219784833
2024-10-12,wk inc flu hosp,1,2024-10-19,42,quantile,0.99,426.76841715700186
2024-10-12,wk inc flu hosp,2,2024-10-26,42,quantile,0.01,0.0
2024-10-12,wk inc flu hosp,2,2024-10-26,42,quantile,0.025,0.0
2024-10-12,wk inc flu hosp,2,2024-10-26,42,quantile,0.05,0.0
2024-10-12,wk inc flu hosp,2,2024-10-26,42,quantile,0.1,0.0
2024-10-12,wk inc flu hosp,2,2024-10-26,42,quantile,0.15,0.0
2024-10-12,wk inc flu hosp,2,2024-10-26,42,quantile,0.2,0.0
2024-10-12,wk inc flu hosp,2,2024-10-26,42,quantile,0.25,0.0
2024-10-12,wk inc flu hosp,2,2024-10-26,42,quantile,0.3,0.0
2024-10-12,wk inc flu hosp,2,2024-10-26,42,quantile,0.35,10.838792080257715
2024-10-12,wk inc flu hosp,2,2024-10-26,42,quantile,0.4,37.89384334260756
2024-10-12,wk inc flu hosp,2,2024-10-26,42,quantile,0.45,63.4589274393212
2024-10-12,wk inc flu hosp,2,2024-10-26,42,quantile,0.5,91.142056730129
2024-10-12,wk inc flu hosp,2,2024-10-26,42,quantile,0.55,115.29928130932049
2024-10-12,wk inc flu hosp,2,2024-10-26,42,quantile,0.6,133.85028488595108
2024-10-12,wk inc flu hosp,2,2024-10-26,42,quantile,0.65,165.18799278462149
2024-10-12,wk inc flu hosp,2,2024-10-26,42,quantile,0.7,182.37637220489194
2024-10-12,wk inc flu hosp,2,2024-10-26,42,quantile,0.75,212.6909076897036
2024-10-12,wk inc flu hosp,2,2024-10-26,42,quantile,0.8,234.947230988396
2024-10-12,wk inc flu hosp,2,2024-10-26,42,quantile,0.85,267.43553859323896
2024-10-12,wk inc flu hosp,2,2024-10-26,42,quantile,0.9,309.98799012943925
2024-10-12,wk inc flu hosp,2,2024-10-26,42,quantile,0.95,382.75723983027933
2024-10-12,wk inc flu hosp,2,2024-10-26,42,quantile,0.975,442.47675755676346
2024-10-12,wk inc flu hosp,2,2024-10-26,42,quantile,0.99,480.8086535339505
2024-10-12,wk inc flu hosp,3,2024-11-02,42,quantile,0.01,0.0
2024-10-12,wk inc flu hosp,3,2024-11-02,42,quantile,0.025,0.0
2024-10-12,wk inc flu hosp,3,2024-11-02,42,quantile,0.05,0.0
2024-10-12,wk inc flu hosp,3,2024-11-02,42,quantile,0.1,0.0
2024-10-12,wk inc flu hosp,3,2024-11-02,42,quantile,0.15,0.0
2024-10-12,wk inc flu hosp,3,2024-11-02,42,quantile,0.2,0.0
2024-10-12,wk inc flu hosp,3,2024-11-02,42,quantile,0.25,0.0
2024-10-12,wk inc flu hosp,3,2024-11-02,42,quantile,0.3,0.0
2024-10-12,wk inc flu hosp,3,2024-11-02,42,quantile,0.35,22.93022510755976
2024-10-12,wk inc flu hosp,3,2024-11-02,42,quantile,0.4,48.29221852939565
2024-10-12,wk inc flu hosp,3,2024-11-02,42,quantile,0.45,81.17578513533127
2024-10-12,wk inc flu hosp,3,2024-11-02,42,quantile,0.5,102.73333253370757
2024-10-12,wk inc flu hosp,3,2024-11-02,42,quantile,0.55,131.3075974728037
2024-10-12,wk inc flu hosp,3,2024-11-02,42,quantile,0.6,157.63954587315536
2024-10-12,wk inc flu hosp,3,2024-11-02,42,quantile,0.65,190.2516471095367
2024-10-12,wk inc flu hosp,3,2024-11-02,42,quantile,0.7,219.62996444620183
2024-10-12,wk inc flu hosp,3,2024-11-02,42,quantile,0.75,255.994420940156
2024-10-12,wk inc flu hosp,3,2024-11-02,42,quantile,0.8,287.02900888536703
2024-10-12,wk inc flu hosp,3,2024-11-02,42,quantile,0.85,324.6124451057898
2024-10-12,wk inc flu hosp,3,2024-11-02,42,quantile,0.9,378.72746975330296
2024-10-12,wk inc flu hosp,3,2024-11-02,42,quantile,0.95,451.2468573378903
2024-10-12,wk inc flu hosp,3,2024-11-02,42,quantile,0.975,522.5861045840834
2024-10-12,wk inc flu hosp,3,2024-11-02,42,quantile,0.99,610.1823602521235
2024-10-12,wk inc flu hosp,0,2024-10-12,44,quantile,0.01,0.0
2024-10-12,wk inc flu hosp,0,2024-10-12,44,quantile,0.025,0.0
2024-10-12,wk inc flu hosp,0,2024-10-12,44,quantile,0.05,0.0
2024-10-12,wk inc flu hosp,0,2024-10-12,44,quantile,0.1,0.0
2024-10-12,wk inc flu hosp,0,2024-10-12,44,quantile,0.15,0.0
2024-10-12,wk inc flu hosp,0,2024-10-12,44,quantile,0.2,0.0
2024-10-12,wk inc flu hosp,0,2024-10-12,44,quantile,0.25,0.0
2024-10-12,wk inc flu hosp,0,2024-10-12,44,quantile,0.3,0.0
2024-10-12,wk inc flu hosp,0,2024-10-12,44,quantile,0.35,0.0
2024-10-12,wk inc flu hosp,0,2024-10-12,44,quantile,0.4,0.0
2024-10-12,wk inc flu hosp,0,2024-10-12,44,quantile,0.45,0.0
2024-10-12,wk inc flu hosp,0,2024-10-12,44,quantile,0.5,0.16130363383398713
2024-10-12,wk inc flu hosp,0,2024-10-12,44,quantile,0.55,0.7638134058297957
2024-10-12,wk inc flu hosp,0,2024-10-12,44,quantile,0.6,1.5617814298993975
2024-10-12,wk inc flu hosp,0,2024-10-12,44,quantile,0.65,2.2410599742599167
2024-10-12,wk inc flu hosp,0,2024-10-12,44,quantile,0.7,2.838726787215913
2024-10-12,wk inc flu hosp,0,2024-10-12,44,quantile,0.75,3.8112743866746293
2024-10-12,wk inc flu hosp,0,2024-10-12,44,quantile,0.8,4.8072060576297275
2024-10-12,wk inc flu hosp,0,2024-10-12,44,quantile,0.85,5.703439190755089
2024-10-12,wk inc flu hosp,0,2024-10-12,44,quantile,0.9,7.239848433725999
2024-10-12,wk inc flu hosp,0,2024-10-12,44,quantile,0.95,9.591969852772694
2024-10-12,wk inc flu hosp,0,2024-10-12,44,quantile,0.975,11.188037581104629
2024-10-12,wk inc flu hosp,0,2024-10-12,44,quantile,0.99,12.940038258399296
2024-10-12,wk inc flu hosp,1,2024-10-19,44,quantile,0.01,0.0
2024-10-12,wk inc flu hosp,1,2024-10-19,44,quantile,0.025,0.0
2024-10-12,wk inc flu hosp,1,2024-10-19,44,quantile,0.05,0.0
2024-10-12,wk inc flu hosp,1,2024-10-19,44,quantile,0.1,0.0
2024-10-12,wk inc flu hosp,1,2024-10-19,44,quantile,0.15,0.0
2024-10-12,wk inc flu hosp,1,2024-10-19,44,quantile,0.2,0.0
2024-10-12,wk inc flu hosp,1,2024-10-19,44,quantile,0.25,0.0
2024-10-12,wk inc flu hosp,1,2024-10-19,44,quantile,0.3,0.0
2024-10-12,wk inc flu hosp,1,2024-10-19,44,quantile,0.35,0.0
2024-10-12,wk inc flu hosp,1,2024-10-19,44,quantile,0.4,0.0
2024-10-12,wk inc flu hosp,1,2024-10-19,44,quantile,0.45,0.0
2024-10-12,wk inc flu hosp,1,2024-10-19,44,quantile,0.5,0.5382393417075798
2024-10-12,wk inc flu hosp,1,2024-10-19,44,quantile,0.55,1.4861074593584787
2024-10-12,wk inc flu hosp,1,2024-10-19,44,quantile,0.6,2.3503431092213147
2024-10-12,wk inc flu hosp,1,2024-10-19,44,quantile,0.65,3.2887755719348557
2024-10-12,wk inc flu hosp,1,2024-10-19,44,quantile,0.7,4.177173147920031
2024-10-12,wk inc flu hosp,1,2024-10-19,44,quantile,0.75,5.459124550208917
2024-10-12,wk inc flu hosp,1,2024-10-19,44,quantile,0.8,6.5520512933528945
2024-10-12,wk inc flu hosp,1,2024-10-19,44,quantile,0.85,7.792428523232037
2024-10-12,wk inc flu hosp,1,2024-10-19,44,quantile,0.9,10.0218931444534
2024-10-12,wk inc flu hosp,1,2024-10-19,44,quantile,0.95,13.433810590679327
2024-10-12,wk inc flu hosp,1,2024-10-19,44,quantile,0.975,15.537311122998366
2024-10-12,wk inc flu hosp,1,2024-10-19,44,quantile,0.99,17.912026569924503
2024-10-12,wk inc flu hosp,2,2024-10-26,44,quantile,0.01,0.0
2024-10-12,wk inc flu hosp,2,2024-10-26,44,quantile,0.025,0.0
2024-10-12,wk inc flu hosp,2,2024-10-26,44,quantile,0.05,0.0
2024-10-12,wk inc flu hosp,2,2024-10-26,44,quantile,0.1,0.0
2024-10-12,wk inc flu hosp,2,2024-10-26,44,quantile,0.15,0.0
2024-10-12,wk inc flu hosp,2,2024-10-26,44,quantile,0.2,0.0
2024-10-12,wk inc flu hosp,2,2024-10-26,44,quantile,0.25,0.0
2024-10-12,wk inc flu hosp,2,2024-10-26,44,quantile,0.3,0.0
2024-10-12,wk inc flu hosp,2,2024-10-26,44,quantile,0.35,0.0
2024-10-12,wk inc flu hosp,2,2024-10-26,44,quantile,0.4,0.0
2024-10-12,wk inc flu hosp,2,2024-10-26,44,quantile,0.45,0.0
2024-10-12,wk inc flu hosp,2,2024-10-26,44,quantile,0.5,0.7854562689086133
2024-10-12,wk inc flu hosp,2,2024-10-26,44,quantile,0.55,2.0246831870066844
2024-10-12,wk inc flu hosp,2,2024-10-26,44,quantile,0.6,2.97631994952187
2024-10-12,wk inc flu hosp,2,2024-10-26,44,quantile,0.65,4.583894157900815
2024-10-12,wk inc flu hosp,2,2024-10-26,44,quantile,0.7,5.465630484284522
2024-10-12,wk inc flu hosp,2,2024-10-26,44,quantile,0.75,7.020717587079288
2024-10-12,wk inc flu hosp,2,2024-10-26,44,quantile,0.8,8.162431314963023
2024-10-12,wk inc flu hosp,2,2024-10-26,44,quantile,0.85,9.82902944486783
2024-10-12,wk inc flu hosp,2,2024-10-26,44,quantile,0.9,12.011902034467587
2024-10-12,wk inc flu hosp,2,2024-10-26,44,quantile,0.95,15.744847958924423
2024-10-12,wk inc flu hosp,2,2024-10-26,44,quantile,0.975,18.808363540355938
2024-10-12,wk inc flu hosp,2,2024-10-26,44,quantile,0.99,20.774728391622087
2024-10-12,wk inc flu hosp,3,2024-11-02,44,quantile,0.01,0.0
2024-10-12,wk inc flu hosp,3,2024-11-02,44,quantile,0.025,0.0
2024-10-12,wk inc flu hosp,3,2024-11-02,44,quantile,0.05,0.0
2024-10-12,wk inc flu hosp,3,2024-11-02,44,quantile,0.1,0.0
2024-10-12,wk inc flu hosp,3,2024-11-02,44,quantile,0.15,0.0
2024-10-12,wk inc flu hosp,3,2024-11-02,44,quantile,0.2,0.0
2024-10-12,wk inc flu hosp,3,2024-11-02,44,quantile,0.25,0.0
2024-10-12,wk inc flu hosp,3,2024-11-02,44,quantile,0.3,0.0
2024-10-12,wk inc flu hosp,3,2024-11-02,44,quantile,0.35,0.0
2024-10-12,wk inc flu hosp,3,2024-11-02,44,quantile,0.4,0.0
2024-10-12,wk inc flu hosp,3,2024-11-02,44,quantile,0.45,0.7535963740092212
2024-10-12,wk inc flu hosp,3,2024-11-02,44,quantile,0.5,1.8594640177307744
2024-10-12,wk inc flu hosp,3,2024-11-02,44,quantile,0.55,3.325278029655632
2024-10-12,wk inc flu hosp,3,2024-11-02,44,quantile,0.6,4.676064795606894
2024-10-12,wk inc flu hosp,3,2024-11-02,44,quantile,0.65,6.349013340477193
2024-10-12,wk inc flu hosp,3,2024-11-02,44,quantile,0.7,7.856073952207482
2024-10-12,wk inc flu hosp,3,2024-11-02,44,quantile,0.75,9.721512310061344
2024-10-12,wk inc flu hosp,3,2024-11-02,44,quantile,0.8,11.313536950462899
2024-10-12,wk inc flu hosp,3,2024-11-02,44,quantile,0.85,13.241507015330713
2024-10-12,wk inc flu hosp,3,2024-11-02,44,quantile,0.9,16.017521080891182
2024-10-12,wk inc flu hosp,3,2024-11-02,44,quantile,0.95,19.737649479093744
2024-10-12,wk inc flu hosp,3,2024-11-02,44,quantile,0.975,23.397238568665152
2024-10-12,wk inc flu hosp,3,2024-11-02,44,quantile,0.99,27.890786144570868
2024-10-12,wk inc flu hosp,0,2024-10-12,45,quantile,0.01,0.0
2024-10-12,wk inc flu hosp,0,2024-10-12,45,quantile,0.025,0.0
2024-10-12,wk inc flu hosp,0,2024-10-12,45,quantile,0.05,0.0
2024-10-12,wk inc flu hosp,0,2024-10-12,45,quantile,0.1,0.0
2024-10-12,wk inc flu hosp,0,2024-10-12,45,quantile,0.15,0.0
2024-10-12,wk inc flu hosp,0,2024-10-12,45,quantile,0.2,0.0
2024-10-12,wk inc flu hosp,0,2024-10-12,45,quantile,0.25,0.0
2024-10-12,wk inc flu hosp,0,2024-10-12,45,quantile,0.3,0.0
2024-10-12,wk inc flu hosp,0,2024-10-12,45,quantile,0.35,0.0
2024-10-12,wk inc flu hosp,0,2024-10-12,45,quantile,0.4,0.0
2024-10-12,wk inc flu hosp,0,2024-10-12,45,quantile,0.45,1.559411025328894
2024-10-12,wk inc flu hosp,0,2024-10-12,45,quantile,0.5,4.705883924083319
2024-10-12,wk inc flu hosp,0,2024-10-12,45,quantile,0.55,7.515263647098581
2024-10-12,wk inc flu hosp,0,2024-10-12,45,quantile,0.6,11.236025185969172
2024-10-12,wk inc flu hosp,0,2024-10-12,45,quantile,0.65,14.403361978672743
2024-10-12,wk inc flu hosp,0,2024-10-12,45,quantile,0.7,17.19015997511987
2024-10-12,wk inc flu hosp,0,2024-10-12,45,quantile,0.75,21.72495033467854
2024-10-12,wk inc flu hosp,0,2024-10-12,45,quantile,0.8,26.36877583251532
2024-10-12,wk inc flu hosp,0,2024-10-12,45,quantile,0.85,30.547727458405866
2024-10-12,wk inc flu hosp,0,2024-10-12,45,quantile,0.9,37.71168922977732
2024-10-12,wk inc flu hosp,0,2024-10-12,45,quantile,0.95,48.67914988830028
2024-10-12,wk inc flu hosp,0,2024-10-12,45,quantile,0.975,56.12128696382302
2024-10-12,wk inc flu hosp,0,2024-10-12,45,quantile,0.99,64.29050745828313
2024-10-12,wk inc flu hosp,1,2024-10-19,45,quantile,0.01,0.0
2024-10-12,wk inc flu hosp,1,2024-10-19,45,quantile,0.025,0.0
2024-10-12,wk inc flu hosp,1,2024-10-19,45,quantile,0.05,0.0
2024-10-12,wk inc flu hosp,1,2024-10-19,45,quantile,0.1,0.0
2024-10-12,wk inc flu hosp,1,2024-10-19,45,quantile,0.15,0.0
2024-10-12,wk inc flu hosp,1,2024-10-19,45,quantile,0.2,0.0
2024-10-12,wk inc flu hosp,1,2024-10-19,45,quantile,0.25,0.0
2024-10-12,wk inc flu hosp,1,2024-10-19,45,quantile,0.3,0.0
2024-10-12,wk inc flu hosp,1,2024-10-19,45,quantile,0.35,0.0
2024-10-12,wk inc flu hosp,1,2024-10-19,45,quantile,0.4,3.492237763048448
2024-10-12,wk inc flu hosp,1,2024-10-19,45,quantile,0.45,8.310195580735092
2024-10-12,wk inc flu hosp,1,2024-10-19,45,quantile,0.5,13.462393649402356
2024-10-12,wk inc flu hosp,1,2024-10-19,45,quantile,0.55,17.882108637592783
2024-10-12,wk inc flu hosp,1,2024-10-19,45,quantile,0.6,21.91186254944877
2024-10-12,wk inc flu hosp,1,2024-10-19,45,quantile,0.65,26.28758101030228
2024-10-12,wk inc flu hosp,1,2024-10-19,45,quantile,0.7,30.429997037317403
2024-10-12,wk inc flu hosp,1,2024-10-19,45,quantile,0.75,36.40747398935333
2024-10-12,wk inc flu hosp,1,2024-10-19,45,quantile,0.8,41.503567652297534
2024-10-12,wk inc flu hosp,1,2024-10-19,45,quantile,0.85,47.28719274931347
2024-10-12,wk inc flu hosp,1,2024-10-19,45,quantile,0.9,57.682729869469526
2024-10-12,wk inc flu hosp,1,2024-10-19,45,quantile,0.95,73.59180244480332
2024-10-12,wk inc flu hosp,1,2024-10-19,45,quantile,0.975,83.39999480535813
2024-10-12,wk inc flu hosp,1,2024-10-19,45,quantile,0.99,94.4728067905085
2024-10-12,wk inc flu hosp,2,2024-10-26,45,quantile,0.01,0.0
2024-10-12,wk inc flu hosp,2,2024-10-26,45,quantile,0.025,0.0
2024-10-12,wk inc flu hosp,2,2024-10-26,45,quantile,0.05,0.0
2024-10-12,wk inc flu hosp,2,2024-10-26,45,quantile,0.1,0.0
2024-10-12,wk inc flu hosp,2,2024-10-26,45,quantile,0.15,0.0
2024-10-12,wk inc flu hosp,2,2024-10-26,45,quantile,0.2,0.0
2024-10-12,wk inc flu hosp,2,2024-10-26,45,quantile,0.25,0.0
2024-10-12,wk inc flu hosp,2,2024-10-26,45,quantile,0.3,0.0
2024-10-12,wk inc flu hosp,2,2024-10-26,45,quantile,0.35,0.0
2024-10-12,wk inc flu hosp,2,2024-10-26,45,quantile,0.4,5.901628837650469
2024-10-12,wk inc flu hosp,2,2024-10-26,45,quantile,0.45,12.016641713920924
2024-10-12,wk inc flu hosp,2,2024-10-26,45,quantile,0.5,18.638278139146443
2024-10-12,wk inc flu hosp,2,2024-10-26,45,quantile,0.55,24.41653956781524
2024-10-12,wk inc flu hosp,2,2024-10-26,45,quantile,0.6,28.85382697550338
2024-10-12,wk inc flu hosp,2,2024-10-26,45,quantile,0.65,36.34961641191694
2024-10-12,wk inc flu hosp,2,2024-10-26,45,quantile,0.7,40.460972395709305
2024-10-12,wk inc flu hosp,2,2024-10-26,45,quantile,0.75,47.71202520376992
2024-10-12,wk inc flu hosp,2,2024-10-26,45,quantile,0.8,53.03560258904597
2024-10-12,wk inc flu hosp,2,2024-10-26,45,quantile,0.85,60.80660848835326
2024-10-12,wk inc flu hosp,2,2024-10-26,45,quantile,0.9,70.98489650322391
2024-10-12,wk inc flu hosp,2,2024-10-26,45,quantile,0.95,88.39085915266358
2024-10-12,wk inc flu hosp,2,2024-10-26,45,quantile,0.975,102.67540515613469
2024-10-12,wk inc flu hosp,2,2024-10-26,45,quantile,0.99,111.84416190990143
2024-10-12,wk inc flu hosp,3,2024-11-02,45,quantile,0.01,0.0
2024-10-12,wk inc flu hosp,3,2024-11-02,45,quantile,0.025,0.0
2024-10-12,wk inc flu hosp,3,2024-11-02,45,quantile,0.05,0.0
2024-10-12,wk inc flu hosp,3,2024-11-02,45,quantile,0.1,0.0
2024-10-12,wk inc flu hosp,3,2024-11-02,45,quantile,0.15,0.0
2024-10-12,wk inc flu hosp,3,2024-11-02,45,quantile,0.2,0.0
2024-10-12,wk inc flu hosp,3,2024-11-02,45,quantile,0.25,0.0
2024-10-12,wk inc flu hosp,3,2024-11-02,45,quantile,0.3,2.4386091875619647
2024-10-12,wk inc flu hosp,3,2024-11-02,45,quantile,0.35,9.230056986668595
2024-10-12,wk inc flu hosp,3,2024-11-02,45,quantile,0.4,15.296491806742223
2024-10-12,wk inc flu hosp,3,2024-11-02,45,quantile,0.45,23.162041258967314
2024-10-12,wk inc flu hosp,3,2024-11-02,45,quantile,0.5,28.318475692086544
2024-10-12,wk inc flu hosp,3,2024-11-02,45,quantile,0.55,35.153266353111654
2024-10-12,wk inc flu hosp,3,2024-11-02,45,quantile,0.6,41.45170851415805
2024-10-12,wk inc flu hosp,3,2024-11-02,45,quantile,0.65,49.252325098413536
2024-10-12,wk inc flu hosp,3,2024-11-02,45,quantile,0.7,56.27944021046437
2024-10-12,wk inc flu hosp,3,2024-11-02,45,quantile,0.75,64.97759738678644
2024-10-12,wk inc flu hosp,3,2024-11-02,45,quantile,0.8,72.4008823709774
2024-10-12,wk inc flu hosp,3,2024-11-02,45,quantile,0.85,81.39061209582196
2024-10-12,wk inc flu hosp,3,2024-11-02,45,quantile,0.9,94.33459738714267
2024-10-12,wk inc flu hosp,3,2024-11-02,45,quantile,0.95,111.68079453562012
2024-10-12,wk inc flu hosp,3,2024-11-02,45,quantile,0.975,128.744709281357
2024-10-12,wk inc flu hosp,3,2024-11-02,45,quantile,0.99,149.6972017236566
2024-10-12,wk inc flu hosp,0,2024-10-12,46,quantile,0.01,0.0
2024-10-12,wk inc flu hosp,0,2024-10-12,46,quantile,0.025,0.0
2024-10-12,wk inc flu hosp,0,2024-10-12,46,quantile,0.05,0.0
2024-10-12,wk inc flu hosp,0,2024-10-12,46,quantile,0.1,0.0
2024-10-12,wk inc flu hosp,0,2024-10-12,46,quantile,0.15,0.0
2024-10-12,wk inc flu hosp,0,2024-10-12,46,quantile,0.2,0.0
2024-10-12,wk inc flu hosp,0,2024-10-12,46,quantile,0.25,0.0
2024-10-12,wk inc flu hosp,0,2024-10-12,46,quantile,0.3,0.0
2024-10-12,wk inc flu hosp,0,2024-10-12,46,quantile,0.35,0.0
2024-10-12,wk inc flu hosp,0,2024-10-12,46,quantile,0.4,0.0
2024-10-12,wk inc flu hosp,0,2024-10-12,46,quantile,0.45,0.0
2024-10-12,wk inc flu hosp,0,2024-10-12,46,quantile,0.5,0.0
2024-10-12,wk inc flu hosp,0,2024-10-12,46,quantile,0.55,0.0
2024-10-12,wk inc flu hosp,0,2024-10-12,46,quantile,0.6,1.0870225999072958
2024-10-12,wk inc flu hosp,0,2024-10-12,46,quantile,0.65,2.1383588783746235
2024-10-12,wk inc flu hosp,0,2024-10-12,46,quantile,0.7,3.063382652661682
2024-10-12,wk inc flu hosp,0,2024-10-12,46,quantile,0.75,4.56861873340648
2024-10-12,wk inc flu hosp,0,2024-10-12,46,quantile,0.8,6.110046922538222
2024-10-12,wk inc flu hosp,0,2024-10-12,46,quantile,0.85,7.497169207853696
2024-10-12,wk inc flu hosp,0,2024-10-12,46,quantile,0.9,9.87510796231338
2024-10-12,wk inc flu hosp,0,2024-10-12,46,quantile,0.95,13.515544716475596
2024-10-12,wk inc flu hosp,0,2024-10-12,46,quantile,0.975,15.985818390828124
2024-10-12,wk inc flu hosp,0,2024-10-12,46,quantile,0.99,18.697433364142555
2024-10-12,wk inc flu hosp,1,2024-10-19,46,quantile,0.01,0.0
2024-10-12,wk inc flu hosp,1,2024-10-19,46,quantile,0.025,0.0
2024-10-12,wk inc flu hosp,1,2024-10-19,46,quantile,0.05,0.0
2024-10-12,wk inc flu hosp,1,2024-10-19,46,quantile,0.1,0.0
2024-10-12,wk inc flu hosp,1,2024-10-19,46,quantile,0.15,0.0
2024-10-12,wk inc flu hosp,1,2024-10-19,46,quantile,0.2,0.0
2024-10-12,wk inc flu hosp,1,2024-10-19,46,quantile,0.25,0.0
2024-10-12,wk inc flu hosp,1,2024-10-19,46,quantile,0.3,0.0
2024-10-12,wk inc flu hosp,1,2024-10-19,46,quantile,0.35,0.0
2024-10-12,wk inc flu hosp,1,2024-10-19,46,quantile,0.4,0.0
2024-10-12,wk inc flu hosp,1,2024-10-19,46,quantile,0.45,0.18668916426431892
2024-10-12,wk inc flu hosp,1,2024-10-19,46,quantile,0.5,1.7888904922043571
2024-10-12,wk inc flu hosp,1,2024-10-19,46,quantile,0.55,3.0147633967826226
2024-10-12,wk inc flu hosp,1,2024-10-19,46,quantile,0.6,4.327342414253326
2024-10-12,wk inc flu hosp,1,2024-10-19,46,quantile,0.65,5.654500004461703
2024-10-12,wk inc flu hosp,1,2024-10-19,46,quantile,0.7,7.044915446487252
2024-10-12,wk inc flu hosp,1,2024-10-19,46,quantile,0.75,8.945108546455412
2024-10-12,wk inc flu hosp,1,2024-10-19,46,quantile,0.8,10.466368363827668
2024-10-12,wk inc flu hosp,1,2024-10-19,46,quantile,0.85,12.629103041808612
2024-10-12,wk inc flu hosp,1,2024-10-19,46,quantile,0.9,15.403301489140208
2024-10-12,wk inc flu hosp,1,2024-10-19,46,quantile,0.95,20.66970883872388
2024-10-12,wk inc flu hosp,1,2024-10-19,46,quantile,0.975,24.179756989158964
2024-10-12,wk inc flu hosp,1,2024-10-19,46,quantile,0.99,27.316495961759497
2024-10-12,wk inc flu hosp,2,2024-10-26,46,quantile,0.01,0.0
2024-10-12,wk inc flu hosp,2,2024-10-26,46,quantile,0.025,0.0
2024-10-12,wk inc flu hosp,2,2024-10-26,46,quantile,0.05,0.0
2024-10-12,wk inc flu hosp,2,2024-10-26,46,quantile,0.1,0.0
2024-10-12,wk inc flu hosp,2,2024-10-26,46,quantile,0.15,0.0
2024-10-12,wk inc flu hosp,2,2024-10-26,46,quantile,0.2,0.0
2024-10-12,wk inc flu hosp,2,2024-10-26,46,quantile,0.25,0.0
2024-10-12,wk inc flu hosp,2,2024-10-26,46,quantile,0.3,0.0
2024-10-12,wk inc flu hosp,2,2024-10-26,46,quantile,0.35,0.0
2024-10-12,wk inc flu hosp,2,2024-10-26,46,quantile,0.4,0.0
2024-10-12,wk inc flu hosp,2,2024-10-26,46,quantile,0.45,0.3138894421967284
2024-10-12,wk inc flu hosp,2,2024-10-26,46,quantile,0.5,2.1766057763334614
2024-10-12,wk inc flu hosp,2,2024-10-26,46,quantile,0.55,3.9816400766642572
2024-10-12,wk inc flu hosp,2,2024-10-26,46,quantile,0.6,5.543978777286563
2024-10-12,wk inc flu hosp,2,2024-10-26,46,quantile,0.65,7.693181924111075
2024-10-12,wk inc flu hosp,2,2024-10-26,46,quantile,0.7,9.319775007534215
2024-10-12,wk inc flu hosp,2,2024-10-26,46,quantile,0.75,11.0968686139956
2024-10-12,wk inc flu hosp,2,2024-10-26,46,quantile,0.8,12.857631589611843
2024-10-12,wk inc flu hosp,2,2024-10-26,46,quantile,0.85,15.622091939558953
2024-10-12,wk inc flu hosp,2,2024-10-26,46,quantile,0.9,18.78967692118467
2024-10-12,wk inc flu hosp,2,2024-10-26,46,quantile,0.95,23.64922389466944
2024-10-12,wk inc flu hosp,2,2024-10-26,46,quantile,0.975,28.31353982402149
2024-10-12,wk inc flu hosp,2,2024-10-26,46,quantile,0.99,31.410127778207723
2024-10-12,wk inc flu hosp,3,2024-11-02,46,quantile,0.01,0.0
2024-10-12,wk inc flu hosp,3,2024-11-02,46,quantile,0.025,0.0
2024-10-12,wk inc flu hosp,3,2024-11-02,46,quantile,0.05,0.0
2024-10-12,wk inc flu hosp,3,2024-11-02,46,quantile,0.1,0.0
2024-10-12,wk inc flu hosp,3,2024-11-02,46,quantile,0.15,0.0
2024-10-12,wk inc flu hosp,3,2024-11-02,46,quantile,0.2,0.0
2024-10-12,wk inc flu hosp,3,2024-11-02,46,quantile,0.25,0.0
2024-10-12,wk inc flu hosp,3,2024-11-02,46,quantile,0.3,0.0
2024-10-12,wk inc flu hosp,3,2024-11-02,46,quantile,0.35,0.0
2024-10-12,wk inc flu hosp,3,2024-11-02,46,quantile,0.4,0.0
2024-10-12,wk inc flu hosp,3,2024-11-02,46,quantile,0.45,1.0345318663387522
2024-10-12,wk inc flu hosp,3,2024-11-02,46,quantile,0.5,2.947099103437874
2024-10-12,wk inc flu hosp,3,2024-11-02,46,quantile,0.55,4.944396865539213
2024-10-12,wk inc flu hosp,3,2024-11-02,46,quantile,0.6,7.125279767865164
2024-10-12,wk inc flu hosp,3,2024-11-02,46,quantile,0.65,9.503455260397368
2024-10-12,wk inc flu hosp,3,2024-11-02,46,quantile,0.7,11.57169766014908
2024-10-12,wk inc flu hosp,3,2024-11-02,46,quantile,0.75,14.171931912444546
2024-10-12,wk inc flu hosp,3,2024-11-02,46,quantile,0.8,16.691189152295287
2024-10-12,wk inc flu hosp,3,2024-11-02,46,quantile,0.85,19.57480344286836
2024-10-12,wk inc flu hosp,3,2024-11-02,46,quantile,0.9,23.135614233197945
2024-10-12,wk inc flu hosp,3,2024-11-02,46,quantile,0.95,28.76370441982361
2024-10-12,wk inc flu hosp,3,2024-11-02,46,quantile,0.975,34.13518891032284
2024-10-12,wk inc flu hosp,3,2024-11-02,46,quantile,0.99,40.15259877328423
2024-10-12,wk inc flu hosp,0,2024-10-12,47,quantile,0.01,0.0
2024-10-12,wk inc flu hosp,0,2024-10-12,47,quantile,0.025,0.0
2024-10-12,wk inc flu hosp,0,2024-10-12,47,quantile,0.05,0.0
2024-10-12,wk inc flu hosp,0,2024-10-12,47,quantile,0.1,0.0
2024-10-12,wk inc flu hosp,0,2024-10-12,47,quantile,0.15,0.0
2024-10-12,wk inc flu hosp,0,2024-10-12,47,quantile,0.2,0.0
2024-10-12,wk inc flu hosp,0,2024-10-12,47,quantile,0.25,0.0
2024-10-12,wk inc flu hosp,0,2024-10-12,47,quantile,0.3,0.0
2024-10-12,wk inc flu hosp,0,2024-10-12,47,quantile,0.35,0.0
2024-10-12,wk inc flu hosp,0,2024-10-12,47,quantile,0.4,0.0
2024-10-12,wk inc flu hosp,0,2024-10-12,47,quantile,0.45,0.0
2024-10-12,wk inc flu hosp,0,2024-10-12,47,quantile,0.5,2.5357734134347956
2024-10-12,wk inc flu hosp,0,2024-10-12,47,quantile,0.55,6.599937185039662
2024-10-12,wk inc flu hosp,0,2024-10-12,47,quantile,0.6,11.982543219096414
2024-10-12,wk inc flu hosp,0,2024-10-12,47,quantile,0.65,16.564542348627075
2024-10-12,wk inc flu hosp,0,2024-10-12,47,quantile,0.7,20.59603846969447
2024-10-12,wk inc flu hosp,0,2024-10-12,47,quantile,0.75,27.15625193608932
2024-10-12,wk inc flu hosp,0,2024-10-12,47,quantile,0.8,33.874200099289844
2024-10-12,wk inc flu hosp,0,2024-10-12,47,quantile,0.85,39.9196426794068
2024-10-12,wk inc flu hosp,0,2024-10-12,47,quantile,0.9,50.283323193595486
2024-10-12,wk inc flu hosp,0,2024-10-12,47,quantile,0.95,66.14930097855314
2024-10-12,wk inc flu hosp,0,2024-10-12,47,quantile,0.975,76.91540128100507
2024-10-12,wk inc flu hosp,0,2024-10-12,47,quantile,0.99,88.73333023658346
2024-10-12,wk inc flu hosp,1,2024-10-19,47,quantile,0.01,0.0
2024-10-12,wk inc flu hosp,1,2024-10-19,47,quantile,0.025,0.0
2024-10-12,wk inc flu hosp,1,2024-10-19,47,quantile,0.05,0.0
2024-10-12,wk inc flu hosp,1,2024-10-19,47,quantile,0.1,0.0
2024-10-12,wk inc flu hosp,1,2024-10-19,47,quantile,0.15,0.0
2024-10-12,wk inc flu hosp,1,2024-10-19,47,quantile,0.2,0.0
2024-10-12,wk inc flu hosp,1,2024-10-19,47,quantile,0.25,0.0
2024-10-12,wk inc flu hosp,1,2024-10-19,47,quantile,0.3,0.0
2024-10-12,wk inc flu hosp,1,2024-10-19,47,quantile,0.35,0.0
2024-10-12,wk inc flu hosp,1,2024-10-19,47,quantile,0.4,0.0
2024-10-12,wk inc flu hosp,1,2024-10-19,47,quantile,0.45,3.922580400880291
2024-10-12,wk inc flu hosp,1,2024-10-19,47,quantile,0.5,11.375961146554733
2024-10-12,wk inc flu hosp,1,2024-10-19,47,quantile,0.55,17.769701867564674
2024-10-12,wk inc flu hosp,1,2024-10-19,47,quantile,0.6,23.599308923840564
2024-10-12,wk inc flu hosp,1,2024-10-19,47,quantile,0.65,29.92940246643098
2024-10-12,wk inc flu hosp,1,2024-10-19,47,quantile,0.7,35.921991152819466
2024-10-12,wk inc flu hosp,1,2024-10-19,47,quantile,0.75,44.56925413227651
2024-10-12,wk inc flu hosp,1,2024-10-19,47,quantile,0.8,51.94147194675328
2024-10-12,wk inc flu hosp,1,2024-10-19,47,quantile,0.85,60.30830089311187
2024-10-12,wk inc flu hosp,1,2024-10-19,47,quantile,0.9,75.34691066308854
2024-10-12,wk inc flu hosp,1,2024-10-19,47,quantile,0.95,98.3616266414288
2024-10-12,wk inc flu hosp,1,2024-10-19,47,quantile,0.975,112.55055942617702
2024-10-12,wk inc flu hosp,1,2024-10-19,47,quantile,0.99,128.5689427551278
2024-10-12,wk inc flu hosp,2,2024-10-26,47,quantile,0.01,0.0
2024-10-12,wk inc flu hosp,2,2024-10-26,47,quantile,0.025,0.0
2024-10-12,wk inc flu hosp,2,2024-10-26,47,quantile,0.05,0.0
2024-10-12,wk inc flu hosp,2,2024-10-26,47,quantile,0.1,0.0
2024-10-12,wk inc flu hosp,2,2024-10-26,47,quantile,0.15,0.0
2024-10-12,wk inc flu hosp,2,2024-10-26,47,quantile,0.2,0.0
2024-10-12,wk inc flu hosp,2,2024-10-26,47,quantile,0.25,0.0
2024-10-12,wk inc flu hosp,2,2024-10-26,47,quantile,0.3,0.0
2024-10-12,wk inc flu hosp,2,2024-10-26,47,quantile,0.35,0.0
2024-10-12,wk inc flu hosp,2,2024-10-26,47,quantile,0.4,0.7169065928281756
2024-10-12,wk inc flu hosp,2,2024-10-26,47,quantile,0.45,9.563134673367621
2024-10-12,wk inc flu hosp,2,2024-10-26,47,quantile,0.5,19.142265129700796
2024-10-12,wk inc flu hosp,2,2024-10-26,47,quantile,0.55,27.50133477374758
2024-10-12,wk inc flu hosp,2,2024-10-26,47,quantile,0.6,33.92049647651988
2024-10-12,wk inc flu hosp,2,2024-10-26,47,quantile,0.65,44.764212481686336
2024-10-12,wk inc flu hosp,2,2024-10-26,47,quantile,0.7,50.7118684374166
2024-10-12,wk inc flu hosp,2,2024-10-26,47,quantile,0.75,61.201538412283746
2024-10-12,wk inc flu hosp,2,2024-10-26,47,quantile,0.8,68.90284349657904
2024-10-12,wk inc flu hosp,2,2024-10-26,47,quantile,0.85,80.14469890905973
2024-10-12,wk inc flu hosp,2,2024-10-26,47,quantile,0.9,94.86902722541834
2024-10-12,wk inc flu hosp,2,2024-10-26,47,quantile,0.95,120.04920569336674
2024-10-12,wk inc flu hosp,2,2024-10-26,47,quantile,0.975,140.71381499681152
2024-10-12,wk inc flu hosp,2,2024-10-26,47,quantile,0.99,153.97771404329657
2024-10-12,wk inc flu hosp,3,2024-11-02,47,quantile,0.01,0.0
2024-10-12,wk inc flu hosp,3,2024-11-02,47,quantile,0.025,0.0
2024-10-12,wk inc flu hosp,3,2024-11-02,47,quantile,0.05,0.0
2024-10-12,wk inc flu hosp,3,2024-11-02,47,quantile,0.1,0.0
2024-10-12,wk inc flu hosp,3,2024-11-02,47,quantile,0.15,0.0
2024-10-12,wk inc flu hosp,3,2024-11-02,47,quantile,0.2,0.0
2024-10-12,wk inc flu hosp,3,2024-11-02,47,quantile,0.25,0.0
2024-10-12,wk inc flu hosp,3,2024-11-02,47,quantile,0.3,0.0
2024-10-12,wk inc flu hosp,3,2024-11-02,47,quantile,0.35,0.7565671007937481
2024-10-12,wk inc flu hosp,3,2024-11-02,47,quantile,0.4,9.532520175618293
2024-10-12,wk inc flu hosp,3,2024-11-02,47,quantile,0.45,20.91114616398777
2024-10-12,wk inc flu hosp,3,2024-11-02,47,quantile,0.5,28.370655407987925
2024-10-12,wk inc flu hosp,3,2024-11-02,47,quantile,0.55,38.25814351202672
2024-10-12,wk inc flu hosp,3,2024-11-02,47,quantile,0.6,47.36972790867063
2024-10-12,wk inc flu hosp,3,2024-11-02,47,quantile,0.65,58.65441935076756
2024-10-12,wk inc flu hosp,3,2024-11-02,47,quantile,0.7,68.82013188272886
2024-10-12,wk inc flu hosp,3,2024-11-02,47,quantile,0.75,81.40324230604739
2024-10-12,wk inc flu hosp,3,2024-11-02,47,quantile,0.8,92.14207040105012
2024-10-12,wk inc flu hosp,3,2024-11-02,47,quantile,0.85,105.14698161505267
2024-10-12,wk inc flu hosp,3,2024-11-02,47,quantile,0.9,123.87228088670471
2024-10-12,wk inc flu hosp,3,2024-11-02,47,quantile,0.95,148.96600013313454
2024-10-12,wk inc flu hosp,3,2024-11-02,47,quantile,0.975,173.6513580942666
2024-10-12,wk inc flu hosp,3,2024-11-02,47,quantile,0.99,203.96209181645068
2024-10-12,wk inc flu hosp,0,2024-10-12,48,quantile,0.01,0.0
2024-10-12,wk inc flu hosp,0,2024-10-12,48,quantile,0.025,0.0
2024-10-12,wk inc flu hosp,0,2024-10-12,48,quantile,0.05,0.0
2024-10-12,wk inc flu hosp,0,2024-10-12,48,quantile,0.1,0.0
2024-10-12,wk inc flu hosp,0,2024-10-12,48,quantile,0.15,0.0
2024-10-12,wk inc flu hosp,0,2024-10-12,48,quantile,0.2,0.0
2024-10-12,wk inc flu hosp,0,2024-10-12,48,quantile,0.25,0.0
2024-10-12,wk inc flu hosp,0,2024-10-12,48,quantile,0.3,0.0
2024-10-12,wk inc flu hosp,0,2024-10-12,48,quantile,0.35,0.0
2024-10-12,wk inc flu hosp,0,2024-10-12,48,quantile,0.4,0.0
2024-10-12,wk inc flu hosp,0,2024-10-12,48,quantile,0.45,0.0
2024-10-12,wk inc flu hosp,0,2024-10-12,48,quantile,0.5,12.535473016802484
2024-10-12,wk inc flu hosp,0,2024-10-12,48,quantile,0.55,34.45601400447294
2024-10-12,wk inc flu hosp,0,2024-10-12,48,quantile,0.6,63.48772700146943
2024-10-12,wk inc flu hosp,0,2024-10-12,48,quantile,0.65,88.20127334674508
2024-10-12,wk inc flu hosp,0,2024-10-12,48,quantile,0.7,109.9456175537689
2024-10-12,wk inc flu hosp,0,2024-10-12,48,quantile,0.75,145.3288934893227
2024-10-12,wk inc flu hosp,0,2024-10-12,48,quantile,0.8,181.56292989635747
2024-10-12,wk inc flu hosp,0,2024-10-12,48,quantile,0.85,214.16972905930857
2024-10-12,wk inc flu hosp,0,2024-10-12,48,quantile,0.9,270.067447817991
2024-10-12,wk inc flu hosp,0,2024-10-12,48,quantile,0.95,355.6424482091039
2024-10-12,wk inc flu hosp,0,2024-10-12,48,quantile,0.975,413.7106649985265
2024-10-12,wk inc flu hosp,0,2024-10-12,48,quantile,0.99,477.45204222108777
2024-10-12,wk inc flu hosp,1,2024-10-19,48,quantile,0.01,0.0
2024-10-12,wk inc flu hosp,1,2024-10-19,48,quantile,0.025,0.0
2024-10-12,wk inc flu hosp,1,2024-10-19,48,quantile,0.05,0.0
2024-10-12,wk inc flu hosp,1,2024-10-19,48,quantile,0.1,0.0
2024-10-12,wk inc flu hosp,1,2024-10-19,48,quantile,0.15,0.0
2024-10-12,wk inc flu hosp,1,2024-10-19,48,quantile,0.2,0.0
2024-10-12,wk inc flu hosp,1,2024-10-19,48,quantile,0.25,0.0
2024-10-12,wk inc flu hosp,1,2024-10-19,48,quantile,0.3,0.0
2024-10-12,wk inc flu hosp,1,2024-10-19,48,quantile,0.35,0.0
2024-10-12,wk inc flu hosp,1,2024-10-19,48,quantile,0.4,2.9826905909175925
2024-10-12,wk inc flu hosp,1,2024-10-19,48,quantile,0.45,40.5754164706768
2024-10-12,wk inc flu hosp,1,2024-10-19,48,quantile,0.5,80.7760942272608
2024-10-12,wk inc flu hosp,1,2024-10-19,48,quantile,0.55,115.2614800078863
2024-10-12,wk inc flu hosp,1,2024-10-19,48,quantile,0.6,146.70414511698635
2024-10-12,wk inc flu hosp,1,2024-10-19,48,quantile,0.65,180.84624242261427
2024-10-12,wk inc flu hosp,1,2024-10-19,48,quantile,0.7,213.1679679495256
2024-10-12,wk inc flu hosp,1,2024-10-19,48,quantile,0.75,259.8079886831148
2024-10-12,wk inc flu hosp,1,2024-10-19,48,quantile,0.8,299.57090471060013
2024-10-12,wk inc flu hosp,1,2024-10-19,48,quantile,0.85,344.6983718015873
2024-10-12,wk inc flu hosp,1,2024-10-19,48,quantile,0.9,425.8108663726856
2024-10-12,wk inc flu hosp,1,2024-10-19,48,quantile,0.95,549.9434194079652
2024-10-12,wk inc flu hosp,1,2024-10-19,48,quantile,0.975,626.4730821278694
2024-10-12,wk inc flu hosp,1,2024-10-19,48,quantile,0.99,712.8700995836464
2024-10-12,wk inc flu hosp,2,2024-10-26,48,quantile,0.01,0.0
2024-10-12,wk inc flu hosp,2,2024-10-26,48,quantile,0.025,0.0
2024-10-12,wk inc flu hosp,2,2024-10-26,48,quantile,0.05,0.0
2024-10-12,wk inc flu hosp,2,2024-10-26,48,quantile,0.1,0.0
2024-10-12,wk inc flu hosp,2,2024-10-26,48,quantile,0.15,0.0
2024-10-12,wk inc flu hosp,2,2024-10-26,48,quantile,0.2,0.0
2024-10-12,wk inc flu hosp,2,2024-10-26,48,quantile,0.25,0.0
2024-10-12,wk inc flu hosp,2,2024-10-26,48,quantile,0.3,0.0
2024-10-12,wk inc flu hosp,2,2024-10-26,48,quantile,0.35,0.0
2024-10-12,wk inc flu hosp,2,2024-10-26,48,quantile,0.4,44.22975719846846
2024-10-12,wk inc flu hosp,2,2024-10-26,48,quantile,0.45,91.9429193944823
2024-10-12,wk inc flu hosp,2,2024-10-26,48,quantile,0.5,143.60907597541564
2024-10-12,wk inc flu hosp,2,2024-10-26,48,quantile,0.55,188.6946923650235
2024-10-12,wk inc flu hosp,2,2024-10-26,48,quantile,0.6,223.31718917364498
2024-10-12,wk inc flu hosp,2,2024-10-26,48,quantile,0.65,281.80403530190677
2024-10-12,wk inc flu hosp,2,2024-10-26,48,quantile,0.7,313.8834109090231
2024-10-12,wk inc flu hosp,2,2024-10-26,48,quantile,0.75,370.4606685081706
2024-10-12,wk inc flu hosp,2,2024-10-26,48,quantile,0.8,411.998555081129
2024-10-12,wk inc flu hosp,2,2024-10-26,48,quantile,0.85,472.6328125065964
2024-10-12,wk inc flu hosp,2,2024-10-26,48,quantile,0.9,552.050193427543
2024-10-12,wk inc flu hosp,2,2024-10-26,48,quantile,0.95,687.8624207890301
2024-10-12,wk inc flu hosp,2,2024-10-26,48,quantile,0.975,799.3193995641461
2024-10-12,wk inc flu hosp,2,2024-10-26,48,quantile,0.99,870.8597850023993
2024-10-12,wk inc flu hosp,3,2024-11-02,48,quantile,0.01,0.0
2024-10-12,wk inc flu hosp,3,2024-11-02,48,quantile,0.025,0.0
2024-10-12,wk inc flu hosp,3,2024-11-02,48,quantile,0.05,0.0
2024-10-12,wk inc flu hosp,3,2024-11-02,48,quantile,0.1,0.0
2024-10-12,wk inc flu hosp,3,2024-11-02,48,quantile,0.15,0.0
2024-10-12,wk inc flu hosp,3,2024-11-02,48,quantile,0.2,0.0
2024-10-12,wk inc flu hosp,3,2024-11-02,48,quantile,0.25,0.0
2024-10-12,wk inc flu hosp,3,2024-11-02,48,quantile,0.3,6.980586107825914
2024-10-12,wk inc flu hosp,3,2024-11-02,48,quantile,0.35,59.97171743348406
2024-10-12,wk inc flu hosp,3,2024-11-02,48,quantile,0.4,107.30584319549753
2024-10-12,wk inc flu hosp,3,2024-11-02,48,quantile,0.45,168.67778866287503
2024-10-12,wk inc flu hosp,3,2024-11-02,48,quantile,0.5,208.9115211894662
2024-10-12,wk inc flu hosp,3,2024-11-02,48,quantile,0.55,262.2408406829322
2024-10-12,wk inc flu hosp,3,2024-11-02,48,quantile,0.6,311.3852330976065
2024-10-12,wk inc flu hosp,3,2024-11-02,48,quantile,0.65,372.25053164142435
2024-10-12,wk inc flu hosp,3,2024-11-02,48,quantile,0.7,427.0804870144428
2024-10-12,wk inc flu hosp,3,2024-11-02,48,quantile,0.75,494.9489596665223
2024-10-12,wk inc flu hosp,3,2024-11-02,48,quantile,0.8,552.8700806264434
2024-10-12,wk inc flu hosp,3,2024-11-02,48,quantile,0.85,623.0135850047096
2024-10-12,wk inc flu hosp,3,2024-11-02,48,quantile,0.9,724.010669093316
2024-10-12,wk inc flu hosp,3,2024-11-02,48,quantile,0.95,859.3565685665666
2024-10-12,wk inc flu hosp,3,2024-11-02,48,quantile,0.975,992.4999238523296
2024-10-12,wk inc flu hosp,3,2024-11-02,48,quantile,0.99,1155.9843989528813
2024-10-12,wk inc flu hosp,0,2024-10-12,49,quantile,0.01,0.0
2024-10-12,wk inc flu hosp,0,2024-10-12,49,quantile,0.025,0.0
2024-10-12,wk inc flu hosp,0,2024-10-12,49,quantile,0.05,0.0
2024-10-12,wk inc flu hosp,0,2024-10-12,49,quantile,0.1,0.0
2024-10-12,wk inc flu hosp,0,2024-10-12,49,quantile,0.15,0.0
2024-10-12,wk inc flu hosp,0,2024-10-12,49,quantile,0.2,0.0
2024-10-12,wk inc flu hosp,0,2024-10-12,49,quantile,0.25,0.0
2024-10-12,wk inc flu hosp,0,2024-10-12,49,quantile,0.3,0.0
2024-10-12,wk inc flu hosp,0,2024-10-12,49,quantile,0.35,0.0
2024-10-12,wk inc flu hosp,0,2024-10-12,49,quantile,0.4,0.0072820937313943564
2024-10-12,wk inc flu hosp,0,2024-10-12,49,quantile,0.45,1.0970336960224873
2024-10-12,wk inc flu hosp,0,2024-10-12,49,quantile,0.5,2.121673709190403
2024-10-12,wk inc flu hosp,0,2024-10-12,49,quantile,0.55,3.036540281701982
2024-10-12,wk inc flu hosp,0,2024-10-12,49,quantile,0.6,4.248195768609956
2024-10-12,wk inc flu hosp,0,2024-10-12,49,quantile,0.65,5.279630049918319
2024-10-12,wk inc flu hosp,0,2024-10-12,49,quantile,0.7,6.187142946948603
2024-10-12,wk inc flu hosp,0,2024-10-12,49,quantile,0.75,7.663884620322407
2024-10-12,wk inc flu hosp,0,2024-10-12,49,quantile,0.8,9.17613327853796
2024-10-12,wk inc flu hosp,0,2024-10-12,49,quantile,0.85,10.536997073257321
2024-10-12,wk inc flu hosp,0,2024-10-12,49,quantile,0.9,12.869920991546376
2024-10-12,wk inc flu hosp,0,2024-10-12,49,quantile,0.95,16.44144358054314
2024-10-12,wk inc flu hosp,0,2024-10-12,49,quantile,0.975,18.864954501002597
2024-10-12,wk inc flu hosp,0,2024-10-12,49,quantile,0.99,21.525238083400144
2024-10-12,wk inc flu hosp,1,2024-10-19,49,quantile,0.01,0.0
2024-10-12,wk inc flu hosp,1,2024-10-19,49,quantile,0.025,0.0
2024-10-12,wk inc flu hosp,1,2024-10-19,49,quantile,0.05,0.0
2024-10-12,wk inc flu hosp,1,2024-10-19,49,quantile,0.1,0.0
2024-10-12,wk inc flu hosp,1,2024-10-19,49,quantile,0.15,0.0
2024-10-12,wk inc flu hosp,1,2024-10-19,49,quantile,0.2,0.0
2024-10-12,wk inc flu hosp,1,2024-10-19,49,quantile,0.25,0.0
2024-10-12,wk inc flu hosp,1,2024-10-19,49,quantile,0.3,0.0
2024-10-12,wk inc flu hosp,1,2024-10-19,49,quantile,0.35,0.1576800448902721
2024-10-12,wk inc flu hosp,1,2024-10-19,49,quantile,0.4,1.9159574279541296
2024-10-12,wk inc flu hosp,1,2024-10-19,49,quantile,0.45,3.4129408773466055
2024-10-12,wk inc flu hosp,1,2024-10-19,49,quantile,0.5,5.08049837653328
2024-10-12,wk inc flu hosp,1,2024-10-19,49,quantile,0.55,6.047990921559159
2024-10-12,wk inc flu hosp,1,2024-10-19,49,quantile,0.6,7.207619036410011
2024-10-12,wk inc flu hosp,1,2024-10-19,49,quantile,0.65,8.564247103294877
2024-10-12,wk inc flu hosp,1,2024-10-19,49,quantile,0.7,9.92969041916039
2024-10-12,wk inc flu hosp,1,2024-10-19,49,quantile,0.75,11.509031936911729
2024-10-12,wk inc flu hosp,1,2024-10-19,49,quantile,0.8,13.109695521974972
2024-10-12,wk inc flu hosp,1,2024-10-19,49,quantile,0.85,15.231000814478744
2024-10-12,wk inc flu hosp,1,2024-10-19,49,quantile,0.9,17.703582784925803
2024-10-12,wk inc flu hosp,1,2024-10-19,49,quantile,0.95,22.225252422304603
2024-10-12,wk inc flu hosp,1,2024-10-19,49,quantile,0.975,25.597547590062852
2024-10-12,wk inc flu hosp,1,2024-10-19,49,quantile,0.99,29.056889593220287
2024-10-12,wk inc flu hosp,2,2024-10-26,49,quantile,0.01,0.0
2024-10-12,wk inc flu hosp,2,2024-10-26,49,quantile,0.025,0.0
2024-10-12,wk inc flu hosp,2,2024-10-26,49,quantile,0.05,0.0
2024-10-12,wk inc flu hosp,2,2024-10-26,49,quantile,0.1,0.0
2024-10-12,wk inc flu hosp,2,2024-10-26,49,quantile,0.15,0.0
2024-10-12,wk inc flu hosp,2,2024-10-26,49,quantile,0.2,0.0
2024-10-12,wk inc flu hosp,2,2024-10-26,49,quantile,0.25,0.0
2024-10-12,wk inc flu hosp,2,2024-10-26,49,quantile,0.3,0.0
2024-10-12,wk inc flu hosp,2,2024-10-26,49,quantile,0.35,0.0
2024-10-12,wk inc flu hosp,2,2024-10-26,49,quantile,0.4,0.7498611139700888
2024-10-12,wk inc flu hosp,2,2024-10-26,49,quantile,0.45,2.8614830819825787
2024-10-12,wk inc flu hosp,2,2024-10-26,49,quantile,0.5,4.70365534265245
2024-10-12,wk inc flu hosp,2,2024-10-26,49,quantile,0.55,6.1083395368666915
2024-10-12,wk inc flu hosp,2,2024-10-26,49,quantile,0.6,7.6717132483852
2024-10-12,wk inc flu hosp,2,2024-10-26,49,quantile,0.65,9.729251288580251
2024-10-12,wk inc flu hosp,2,2024-10-26,49,quantile,0.7,11.229123094847878
2024-10-12,wk inc flu hosp,2,2024-10-26,49,quantile,0.75,12.65192976197164
2024-10-12,wk inc flu hosp,2,2024-10-26,49,quantile,0.8,14.166899099569886
2024-10-12,wk inc flu hosp,2,2024-10-26,49,quantile,0.85,17.153674729496977
2024-10-12,wk inc flu hosp,2,2024-10-26,49,quantile,0.9,20.071744421547454
2024-10-12,wk inc flu hosp,2,2024-10-26,49,quantile,0.95,24.215229711908467
2024-10-12,wk inc flu hosp,2,2024-10-26,49,quantile,0.975,28.38155087127522
2024-10-12,wk inc flu hosp,2,2024-10-26,49,quantile,0.99,31.58344780569624
2024-10-12,wk inc flu hosp,3,2024-11-02,49,quantile,0.01,0.0
2024-10-12,wk inc flu hosp,3,2024-11-02,49,quantile,0.025,0.0
2024-10-12,wk inc flu hosp,3,2024-11-02,49,quantile,0.05,0.0
2024-10-12,wk inc flu hosp,3,2024-11-02,49,quantile,0.1,0.0
2024-10-12,wk inc flu hosp,3,2024-11-02,49,quantile,0.15,0.0
2024-10-12,wk inc flu hosp,3,2024-11-02,49,quantile,0.2,0.0
2024-10-12,wk inc flu hosp,3,2024-11-02,49,quantile,0.25,0.0
2024-10-12,wk inc flu hosp,3,2024-11-02,49,quantile,0.3,0.0
2024-10-12,wk inc flu hosp,3,2024-11-02,49,quantile,0.35,1.3135296372563627
2024-10-12,wk inc flu hosp,3,2024-11-02,49,quantile,0.4,3.1877918642497454
2024-10-12,wk inc flu hosp,3,2024-11-02,49,quantile,0.45,4.77121498953371
2024-10-12,wk inc flu hosp,3,2024-11-02,49,quantile,0.5,6.654605214455617
2024-10-12,wk inc flu hosp,3,2024-11-02,49,quantile,0.55,8.358325186172252
2024-10-12,wk inc flu hosp,3,2024-11-02,49,quantile,0.6,10.463413192899537
2024-10-12,wk inc flu hosp,3,2024-11-02,49,quantile,0.65,12.367545981596093
2024-10-12,wk inc flu hosp,3,2024-11-02,49,quantile,0.7,14.871574122963015
2024-10-12,wk inc flu hosp,3,2024-11-02,49,quantile,0.75,16.78832913331224
2024-10-12,wk inc flu hosp,3,2024-11-02,49,quantile,0.8,19.292060325323927
2024-10-12,wk inc flu hosp,3,2024-11-02,49,quantile,0.85,21.838550542905796
2024-10-12,wk inc flu hosp,3,2024-11-02,49,quantile,0.9,25.177848827199252
2024-10-12,wk inc flu hosp,3,2024-11-02,49,quantile,0.95,30.2148972308179
2024-10-12,wk inc flu hosp,3,2024-11-02,49,quantile,0.975,35.5755850594403
2024-10-12,wk inc flu hosp,3,2024-11-02,49,quantile,0.99,40.42973278579268
2024-10-12,wk inc flu hosp,0,2024-10-12,50,quantile,0.01,0.0
2024-10-12,wk inc flu hosp,0,2024-10-12,50,quantile,0.025,0.0
2024-10-12,wk inc flu hosp,0,2024-10-12,50,quantile,0.05,0.0
2024-10-12,wk inc flu hosp,0,2024-10-12,50,quantile,0.1,0.0
2024-10-12,wk inc flu hosp,0,2024-10-12,50,quantile,0.15,0.0
2024-10-12,wk inc flu hosp,0,2024-10-12,50,quantile,0.2,0.0
2024-10-12,wk inc flu hosp,0,2024-10-12,50,quantile,0.25,0.0
2024-10-12,wk inc flu hosp,0,2024-10-12,50,quantile,0.3,0.0
2024-10-12,wk inc flu hosp,0,2024-10-12,50,quantile,0.35,0.0
2024-10-12,wk inc flu hosp,0,2024-10-12,50,quantile,0.4,0.0
2024-10-12,wk inc flu hosp,0,2024-10-12,50,quantile,0.45,0.0
2024-10-12,wk inc flu hosp,0,2024-10-12,50,quantile,0.5,0.0
2024-10-12,wk inc flu hosp,0,2024-10-12,50,quantile,0.55,0.0
2024-10-12,wk inc flu hosp,0,2024-10-12,50,quantile,0.6,0.7395797087364623
2024-10-12,wk inc flu hosp,0,2024-10-12,50,quantile,0.65,1.6582059056305627
2024-10-12,wk inc flu hosp,0,2024-10-12,50,quantile,0.7,2.4664640141101275
2024-10-12,wk inc flu hosp,0,2024-10-12,50,quantile,0.75,3.7816942830571785
2024-10-12,wk inc flu hosp,0,2024-10-12,50,quantile,0.8,5.128548133883802
2024-10-12,wk inc flu hosp,0,2024-10-12,50,quantile,0.85,6.340574100916962
2024-10-12,wk inc flu hosp,0,2024-10-12,50,quantile,0.9,8.418345865476384
2024-10-12,wk inc flu hosp,0,2024-10-12,50,quantile,0.95,11.599250623547533
2024-10-12,wk inc flu hosp,0,2024-10-12,50,quantile,0.975,13.757701879568373
2024-10-12,wk inc flu hosp,0,2024-10-12,50,quantile,0.99,16.127029944617494
2024-10-12,wk inc flu hosp,1,2024-10-19,50,quantile,0.01,0.0
2024-10-12,wk inc flu hosp,1,2024-10-19,50,quantile,0.025,0.0
2024-10-12,wk inc flu hosp,1,2024-10-19,50,quantile,0.05,0.0
2024-10-12,wk inc flu hosp,1,2024-10-19,50,quantile,0.1,0.0
2024-10-12,wk inc flu hosp,1,2024-10-19,50,quantile,0.15,0.0
2024-10-12,wk inc flu hosp,1,2024-10-19,50,quantile,0.2,0.0
2024-10-12,wk inc flu hosp,1,2024-10-19,50,quantile,0.25,0.0
2024-10-12,wk inc flu hosp,1,2024-10-19,50,quantile,0.3,0.0
2024-10-12,wk inc flu hosp,1,2024-10-19,50,quantile,0.35,0.0
2024-10-12,wk inc flu hosp,1,2024-10-19,50,quantile,0.4,0.0
2024-10-12,wk inc flu hosp,1,2024-10-19,50,quantile,0.45,0.0
2024-10-12,wk inc flu hosp,1,2024-10-19,50,quantile,0.5,0.34830541545050675
2024-10-12,wk inc flu hosp,1,2024-10-19,50,quantile,0.55,1.2370919712270587
2024-10-12,wk inc flu hosp,1,2024-10-19,50,quantile,0.6,2.2232229046851746
2024-10-12,wk inc flu hosp,1,2024-10-19,50,quantile,0.65,3.4161195460212763
2024-10-12,wk inc flu hosp,1,2024-10-19,50,quantile,0.7,4.610062598988579
2024-10-12,wk inc flu hosp,1,2024-10-19,50,quantile,0.75,5.997576253587351
2024-10-12,wk inc flu hosp,1,2024-10-19,50,quantile,0.8,7.555371893540633
2024-10-12,wk inc flu hosp,1,2024-10-19,50,quantile,0.85,9.39345950214633
2024-10-12,wk inc flu hosp,1,2024-10-19,50,quantile,0.9,11.538233138573068
2024-10-12,wk inc flu hosp,1,2024-10-19,50,quantile,0.95,15.679365002441255
2024-10-12,wk inc flu hosp,1,2024-10-19,50,quantile,0.975,18.5050541433883
2024-10-12,wk inc flu hosp,1,2024-10-19,50,quantile,0.99,21.615394881555687
2024-10-12,wk inc flu hosp,2,2024-10-26,50,quantile,0.01,0.0
2024-10-12,wk inc flu hosp,2,2024-10-26,50,quantile,0.025,0.0
2024-10-12,wk inc flu hosp,2,2024-10-26,50,quantile,0.05,0.0
2024-10-12,wk inc flu hosp,2,2024-10-26,50,quantile,0.1,0.0
2024-10-12,wk inc flu hosp,2,2024-10-26,50,quantile,0.15,0.0
2024-10-12,wk inc flu hosp,2,2024-10-26,50,quantile,0.2,0.0
2024-10-12,wk inc flu hosp,2,2024-10-26,50,quantile,0.25,0.0
2024-10-12,wk inc flu hosp,2,2024-10-26,50,quantile,0.3,0.0
2024-10-12,wk inc flu hosp,2,2024-10-26,50,quantile,0.35,0.0
2024-10-12,wk inc flu hosp,2,2024-10-26,50,quantile,0.4,0.0
2024-10-12,wk inc flu hosp,2,2024-10-26,50,quantile,0.45,0.0
2024-10-12,wk inc flu hosp,2,2024-10-26,50,quantile,0.5,0.0
2024-10-12,wk inc flu hosp,2,2024-10-26,50,quantile,0.55,0.6353250610060114
2024-10-12,wk inc flu hosp,2,2024-10-26,50,quantile,0.6,2.0012901378368206
2024-10-12,wk inc flu hosp,2,2024-10-26,50,quantile,0.65,3.8386687074716543
2024-10-12,wk inc flu hosp,2,2024-10-26,50,quantile,0.7,5.167219983487797
2024-10-12,wk inc flu hosp,2,2024-10-26,50,quantile,0.75,6.484644245357503
2024-10-12,wk inc flu hosp,2,2024-10-26,50,quantile,0.8,7.76097679081884
2024-10-12,wk inc flu hosp,2,2024-10-26,50,quantile,0.85,10.424748632681176
2024-10-12,wk inc flu hosp,2,2024-10-26,50,quantile,0.9,13.04633851786618
2024-10-12,wk inc flu hosp,2,2024-10-26,50,quantile,0.95,16.682844008733973
2024-10-12,wk inc flu hosp,2,2024-10-26,50,quantile,0.975,20.200882447187297
2024-10-12,wk inc flu hosp,2,2024-10-26,50,quantile,0.99,23.11457790516076
2024-10-12,wk inc flu hosp,3,2024-11-02,50,quantile,0.01,0.0
2024-10-12,wk inc flu hosp,3,2024-11-02,50,quantile,0.025,0.0
2024-10-12,wk inc flu hosp,3,2024-11-02,50,quantile,0.05,0.0
2024-10-12,wk inc flu hosp,3,2024-11-02,50,quantile,0.1,0.0
2024-10-12,wk inc flu hosp,3,2024-11-02,50,quantile,0.15,0.0
2024-10-12,wk inc flu hosp,3,2024-11-02,50,quantile,0.2,0.0
2024-10-12,wk inc flu hosp,3,2024-11-02,50,quantile,0.25,0.0
2024-10-12,wk inc flu hosp,3,2024-11-02,50,quantile,0.3,0.0
2024-10-12,wk inc flu hosp,3,2024-11-02,50,quantile,0.35,0.0
2024-10-12,wk inc flu hosp,3,2024-11-02,50,quantile,0.4,0.0
2024-10-12,wk inc flu hosp,3,2024-11-02,50,quantile,0.45,0.0
2024-10-12,wk inc flu hosp,3,2024-11-02,50,quantile,0.5,0.0
2024-10-12,wk inc flu hosp,3,2024-11-02,50,quantile,0.55,1.3906612217064664
2024-10-12,wk inc flu hosp,3,2024-11-02,50,quantile,0.6,3.20491469556747
2024-10-12,wk inc flu hosp,3,2024-11-02,50,quantile,0.65,4.917475964395696
2024-10-12,wk inc flu hosp,3,2024-11-02,50,quantile,0.7,7.084327523542086
2024-10-12,wk inc flu hosp,3,2024-11-02,50,quantile,0.75,8.82881458667879
2024-10-12,wk inc flu hosp,3,2024-11-02,50,quantile,0.8,11.048986673923471
2024-10-12,wk inc flu hosp,3,2024-11-02,50,quantile,0.85,13.212265177094409
2024-10-12,wk inc flu hosp,3,2024-11-02,50,quantile,0.9,16.157785169761237
2024-10-12,wk inc flu hosp,3,2024-11-02,50,quantile,0.95,20.530208783055095
2024-10-12,wk inc flu hosp,3,2024-11-02,50,quantile,0.975,25.449920724745237
2024-10-12,wk inc flu hosp,3,2024-11-02,50,quantile,0.99,29.514810263766694
2024-10-12,wk inc flu hosp,0,2024-10-12,51,quantile,0.01,0.0
2024-10-12,wk inc flu hosp,0,2024-10-12,51,quantile,0.025,0.0
2024-10-12,wk inc flu hosp,0,2024-10-12,51,quantile,0.05,0.0
2024-10-12,wk inc flu hosp,0,2024-10-12,51,quantile,0.1,0.0
2024-10-12,wk inc flu hosp,0,2024-10-12,51,quantile,0.15,0.0
2024-10-12,wk inc flu hosp,0,2024-10-12,51,quantile,0.2,0.0
2024-10-12,wk inc flu hosp,0,2024-10-12,51,quantile,0.25,0.0
2024-10-12,wk inc flu hosp,0,2024-10-12,51,quantile,0.3,0.0
2024-10-12,wk inc flu hosp,0,2024-10-12,51,quantile,0.35,0.0
2024-10-12,wk inc flu hosp,0,2024-10-12,51,quantile,0.4,0.0
2024-10-12,wk inc flu hosp,0,2024-10-12,51,quantile,0.45,1.7906206827346953
2024-10-12,wk inc flu hosp,0,2024-10-12,51,quantile,0.5,8.048551955371043
2024-10-12,wk inc flu hosp,0,2024-10-12,51,quantile,0.55,13.636048110932174
2024-10-12,wk inc flu hosp,0,2024-10-12,51,quantile,0.6,21.036165874965103
2024-10-12,wk inc flu hosp,0,2024-10-12,51,quantile,0.65,27.335592758278736
2024-10-12,wk inc flu hosp,0,2024-10-12,51,quantile,0.7,32.87817675427961
2024-10-12,wk inc flu hosp,0,2024-10-12,51,quantile,0.75,41.89729349835391
2024-10-12,wk inc flu hosp,0,2024-10-12,51,quantile,0.8,51.13326715605899
2024-10-12,wk inc flu hosp,0,2024-10-12,51,quantile,0.85,59.44466627119119
2024-10-12,wk inc flu hosp,0,2024-10-12,51,quantile,0.9,73.69286793940955
2024-10-12,wk inc flu hosp,0,2024-10-12,51,quantile,0.95,95.50574135190556
2024-10-12,wk inc flu hosp,0,2024-10-12,51,quantile,0.975,110.30719804285513
2024-10-12,wk inc flu hosp,0,2024-10-12,51,quantile,0.99,126.55473045464906
2024-10-12,wk inc flu hosp,1,2024-10-19,51,quantile,0.01,0.0
2024-10-12,wk inc flu hosp,1,2024-10-19,51,quantile,0.025,0.0
2024-10-12,wk inc flu hosp,1,2024-10-19,51,quantile,0.05,0.0
2024-10-12,wk inc flu hosp,1,2024-10-19,51,quantile,0.1,0.0
2024-10-12,wk inc flu hosp,1,2024-10-19,51,quantile,0.15,0.0
2024-10-12,wk inc flu hosp,1,2024-10-19,51,quantile,0.2,0.0
2024-10-12,wk inc flu hosp,1,2024-10-19,51,quantile,0.25,0.0
2024-10-12,wk inc flu hosp,1,2024-10-19,51,quantile,0.3,0.0
2024-10-12,wk inc flu hosp,1,2024-10-19,51,quantile,0.35,0.0
2024-10-12,wk inc flu hosp,1,2024-10-19,51,quantile,0.4,0.0
2024-10-12,wk inc flu hosp,1,2024-10-19,51,quantile,0.45,6.235442817896368
2024-10-12,wk inc flu hosp,1,2024-10-19,51,quantile,0.5,16.482504354480056
2024-10-12,wk inc flu hosp,1,2024-10-19,51,quantile,0.55,25.2727509355599
2024-10-12,wk inc flu hosp,1,2024-10-19,51,quantile,0.6,33.28741492202396
2024-10-12,wk inc flu hosp,1,2024-10-19,51,quantile,0.65,41.99015804981866
2024-10-12,wk inc flu hosp,1,2024-10-19,51,quantile,0.7,50.22889254201464
2024-10-12,wk inc flu hosp,1,2024-10-19,51,quantile,0.75,62.117327991249425
2024-10-12,wk inc flu hosp,1,2024-10-19,51,quantile,0.8,72.25280505645694
2024-10-12,wk inc flu hosp,1,2024-10-19,51,quantile,0.85,83.75569401448612
2024-10-12,wk inc flu hosp,1,2024-10-19,51,quantile,0.9,104.43108481980009
2024-10-12,wk inc flu hosp,1,2024-10-19,51,quantile,0.95,136.0721909063117
2024-10-12,wk inc flu hosp,1,2024-10-19,51,quantile,0.975,155.57942827214018
2024-10-12,wk inc flu hosp,1,2024-10-19,51,quantile,0.99,177.60183196909418
2024-10-12,wk inc flu hosp,2,2024-10-26,51,quantile,0.01,0.0
2024-10-12,wk inc flu hosp,2,2024-10-26,51,quantile,0.025,0.0
2024-10-12,wk inc flu hosp,2,2024-10-26,51,quantile,0.05,0.0
2024-10-12,wk inc flu hosp,2,2024-10-26,51,quantile,0.1,0.0
2024-10-12,wk inc flu hosp,2,2024-10-26,51,quantile,0.15,0.0
2024-10-12,wk inc flu hosp,2,2024-10-26,51,quantile,0.2,0.0
2024-10-12,wk inc flu hosp,2,2024-10-26,51,quantile,0.25,0.0
2024-10-12,wk inc flu hosp,2,2024-10-26,51,quantile,0.3,0.0
2024-10-12,wk inc flu hosp,2,2024-10-26,51,quantile,0.35,0.0
2024-10-12,wk inc flu hosp,2,2024-10-26,51,quantile,0.4,0.0
2024-10-12,wk inc flu hosp,2,2024-10-26,51,quantile,0.45,11.48033405874854
2024-10-12,wk inc flu hosp,2,2024-10-26,51,quantile,0.5,24.649920130139947
2024-10-12,wk inc flu hosp,2,2024-10-26,51,quantile,0.55,36.142141439355505
2024-10-12,wk inc flu hosp,2,2024-10-26,51,quantile,0.6,44.96733731033838
2024-10-12,wk inc flu hosp,2,2024-10-26,51,quantile,0.65,59.875501669802205
2024-10-12,wk inc flu hosp,2,2024-10-26,51,quantile,0.7,68.05246171738433
2024-10-12,wk inc flu hosp,2,2024-10-26,51,quantile,0.75,82.47387629402445
2024-10-12,wk inc flu hosp,2,2024-10-26,51,quantile,0.8,93.06178932350157
2024-10-12,wk inc flu hosp,2,2024-10-26,51,quantile,0.85,108.51732394970725
2024-10-12,wk inc flu hosp,2,2024-10-26,51,quantile,0.9,128.76063413215735
2024-10-12,wk inc flu hosp,2,2024-10-26,51,quantile,0.95,163.37886270084718
2024-10-12,wk inc flu hosp,2,2024-10-26,51,quantile,0.975,191.78899367191684
2024-10-12,wk inc flu hosp,2,2024-10-26,51,quantile,0.99,210.02447558034402
2024-10-12,wk inc flu hosp,3,2024-11-02,51,quantile,0.01,0.0
2024-10-12,wk inc flu hosp,3,2024-11-02,51,quantile,0.025,0.0
2024-10-12,wk inc flu hosp,3,2024-11-02,51,quantile,0.05,0.0
2024-10-12,wk inc flu hosp,3,2024-11-02,51,quantile,0.1,0.0
2024-10-12,wk inc flu hosp,3,2024-11-02,51,quantile,0.15,0.0
2024-10-12,wk inc flu hosp,3,2024-11-02,51,quantile,0.2,0.0
2024-10-12,wk inc flu hosp,3,2024-11-02,51,quantile,0.25,0.0
2024-10-12,wk inc flu hosp,3,2024-11-02,51,quantile,0.3,0.0
2024-10-12,wk inc flu hosp,3,2024-11-02,51,quantile,0.35,0.0
2024-10-12,wk inc flu hosp,3,2024-11-02,51,quantile,0.4,8.127570325294537
2024-10-12,wk inc flu hosp,3,2024-11-02,51,quantile,0.45,23.771139959418008
2024-10-12,wk inc flu hosp,3,2024-11-02,51,quantile,0.5,34.026627081868526
2024-10-12,wk inc flu hosp,3,2024-11-02,51,quantile,0.55,47.62014960560734
2024-10-12,wk inc flu hosp,3,2024-11-02,51,quantile,0.6,60.146943713418146
2024-10-12,wk inc flu hosp,3,2024-11-02,51,quantile,0.65,75.66137019641205
2024-10-12,wk inc flu hosp,3,2024-11-02,51,quantile,0.7,89.63740140059834
2024-10-12,wk inc flu hosp,3,2024-11-02,51,quantile,0.75,106.93692107215188
2024-10-12,wk inc flu hosp,3,2024-11-02,51,quantile,0.8,121.70088336995205
2024-10-12,wk inc flu hosp,3,2024-11-02,51,quantile,0.85,139.58030346599784
2024-10-12,wk inc flu hosp,3,2024-11-02,51,quantile,0.9,165.32423101711922
2024-10-12,wk inc flu hosp,3,2024-11-02,51,quantile,0.95,199.82359366529084
2024-10-12,wk inc flu hosp,3,2024-11-02,51,quantile,0.975,233.76153279809546
2024-10-12,wk inc flu hosp,3,2024-11-02,51,quantile,0.99,275.4333545214763
2024-10-12,wk inc flu hosp,0,2024-10-12,53,quantile,0.01,0.0
2024-10-12,wk inc flu hosp,0,2024-10-12,53,quantile,0.025,0.0
2024-10-12,wk inc flu hosp,0,2024-10-12,53,quantile,0.05,0.0
2024-10-12,wk inc flu hosp,0,2024-10-12,53,quantile,0.1,0.0
2024-10-12,wk inc flu hosp,0,2024-10-12,53,quantile,0.15,0.0
2024-10-12,wk inc flu hosp,0,2024-10-12,53,quantile,0.2,0.0
2024-10-12,wk inc flu hosp,0,2024-10-12,53,quantile,0.25,0.0
2024-10-12,wk inc flu hosp,0,2024-10-12,53,quantile,0.3,0.0
2024-10-12,wk inc flu hosp,0,2024-10-12,53,quantile,0.35,0.0
2024-10-12,wk inc flu hosp,0,2024-10-12,53,quantile,0.4,0.0
2024-10-12,wk inc flu hosp,0,2024-10-12,53,quantile,0.45,2.4774146887066855
2024-10-12,wk inc flu hosp,0,2024-10-12,53,quantile,0.5,6.492318739293926
2024-10-12,wk inc flu hosp,0,2024-10-12,53,quantile,0.55,10.077091401418787
2024-10-12,wk inc flu hosp,0,2024-10-12,53,quantile,0.6,14.824788602177886
2024-10-12,wk inc flu hosp,0,2024-10-12,53,quantile,0.65,18.866315012157006
2024-10-12,wk inc flu hosp,0,2024-10-12,53,quantile,0.7,22.422273357939414
2024-10-12,wk inc flu hosp,0,2024-10-12,53,quantile,0.75,28.20867253219051
2024-10-12,wk inc flu hosp,0,2024-10-12,53,quantile,0.8,34.13420070339004
2024-10-12,wk inc flu hosp,0,2024-10-12,53,quantile,0.85,39.46654912966695
2024-10-12,wk inc flu hosp,0,2024-10-12,53,quantile,0.9,48.607774895672264
2024-10-12,wk inc flu hosp,0,2024-10-12,53,quantile,0.95,62.60227084063693
2024-10-12,wk inc flu hosp,0,2024-10-12,53,quantile,0.975,72.09844870422825
2024-10-12,wk inc flu hosp,0,2024-10-12,53,quantile,0.99,82.52238608068934
2024-10-12,wk inc flu hosp,1,2024-10-19,53,quantile,0.01,0.0
2024-10-12,wk inc flu hosp,1,2024-10-19,53,quantile,0.025,0.0
2024-10-12,wk inc flu hosp,1,2024-10-19,53,quantile,0.05,0.0
2024-10-12,wk inc flu hosp,1,2024-10-19,53,quantile,0.1,0.0
2024-10-12,wk inc flu hosp,1,2024-10-19,53,quantile,0.15,0.0
2024-10-12,wk inc flu hosp,1,2024-10-19,53,quantile,0.2,0.0
2024-10-12,wk inc flu hosp,1,2024-10-19,53,quantile,0.25,0.0
2024-10-12,wk inc flu hosp,1,2024-10-19,53,quantile,0.3,0.0
2024-10-12,wk inc flu hosp,1,2024-10-19,53,quantile,0.35,0.0
2024-10-12,wk inc flu hosp,1,2024-10-19,53,quantile,0.4,0.0
2024-10-12,wk inc flu hosp,1,2024-10-19,53,quantile,0.45,4.584165857166513
2024-10-12,wk inc flu hosp,1,2024-10-19,53,quantile,0.5,11.158378177097386
2024-10-12,wk inc flu hosp,1,2024-10-19,53,quantile,0.55,16.7979410080855
2024-10-12,wk inc flu hosp,1,2024-10-19,53,quantile,0.6,21.939912931627287
2024-10-12,wk inc flu hosp,1,2024-10-19,53,quantile,0.65,27.523336128968246
2024-10-12,wk inc flu hosp,1,2024-10-19,53,quantile,0.7,32.80906507729775
2024-10-12,wk inc flu hosp,1,2024-10-19,53,quantile,0.75,40.436334467261744
2024-10-12,wk inc flu hosp,1,2024-10-19,53,quantile,0.8,46.9389574829013
2024-10-12,wk inc flu hosp,1,2024-10-19,53,quantile,0.85,54.31887162049948
2024-10-12,wk inc flu hosp,1,2024-10-19,53,quantile,0.9,67.58359228860593
2024-10-12,wk inc flu hosp,1,2024-10-19,53,quantile,0.95,87.88359231373857
2024-10-12,wk inc flu hosp,1,2024-10-19,53,quantile,0.975,100.39886020399089
2024-10-12,wk inc flu hosp,1,2024-10-19,53,quantile,0.99,114.5277845968149
2024-10-12,wk inc flu hosp,2,2024-10-26,53,quantile,0.01,0.0
2024-10-12,wk inc flu hosp,2,2024-10-26,53,quantile,0.025,0.0
2024-10-12,wk inc flu hosp,2,2024-10-26,53,quantile,0.05,0.0
2024-10-12,wk inc flu hosp,2,2024-10-26,53,quantile,0.1,0.0
2024-10-12,wk inc flu hosp,2,2024-10-26,53,quantile,0.15,0.0
2024-10-12,wk inc flu hosp,2,2024-10-26,53,quantile,0.2,0.0
2024-10-12,wk inc flu hosp,2,2024-10-26,53,quantile,0.25,0.0
2024-10-12,wk inc flu hosp,2,2024-10-26,53,quantile,0.3,0.0
2024-10-12,wk inc flu hosp,2,2024-10-26,53,quantile,0.35,0.0
2024-10-12,wk inc flu hosp,2,2024-10-26,53,quantile,0.4,0.0
2024-10-12,wk inc flu hosp,2,2024-10-26,53,quantile,0.45,2.0708765049107853
2024-10-12,wk inc flu hosp,2,2024-10-26,53,quantile,0.5,10.520094330901935
2024-10-12,wk inc flu hosp,2,2024-10-26,53,quantile,0.55,17.89316441979356
2024-10-12,wk inc flu hosp,2,2024-10-26,53,quantile,0.6,23.555149683928295
2024-10-12,wk inc flu hosp,2,2024-10-26,53,quantile,0.65,33.11978803899543
2024-10-12,wk inc flu hosp,2,2024-10-26,53,quantile,0.7,38.36588432645066
2024-10-12,wk inc flu hosp,2,2024-10-26,53,quantile,0.75,47.618238383474015
2024-10-12,wk inc flu hosp,2,2024-10-26,53,quantile,0.8,54.41113096367724
2024-10-12,wk inc flu hosp,2,2024-10-26,53,quantile,0.85,64.32694593053014
2024-10-12,wk inc flu hosp,2,2024-10-26,53,quantile,0.9,77.31445642049006
2024-10-12,wk inc flu hosp,2,2024-10-26,53,quantile,0.95,99.5244903836842
2024-10-12,wk inc flu hosp,2,2024-10-26,53,quantile,0.975,117.75159211172995
2024-10-12,wk inc flu hosp,2,2024-10-26,53,quantile,0.99,129.45093922643724
2024-10-12,wk inc flu hosp,3,2024-11-02,53,quantile,0.01,0.0
2024-10-12,wk inc flu hosp,3,2024-11-02,53,quantile,0.025,0.0
2024-10-12,wk inc flu hosp,3,2024-11-02,53,quantile,0.05,0.0
2024-10-12,wk inc flu hosp,3,2024-11-02,53,quantile,0.1,0.0
2024-10-12,wk inc flu hosp,3,2024-11-02,53,quantile,0.15,0.0
2024-10-12,wk inc flu hosp,3,2024-11-02,53,quantile,0.2,0.0
2024-10-12,wk inc flu hosp,3,2024-11-02,53,quantile,0.25,0.0
2024-10-12,wk inc flu hosp,3,2024-11-02,53,quantile,0.3,0.0
2024-10-12,wk inc flu hosp,3,2024-11-02,53,quantile,0.35,0.0
2024-10-12,wk inc flu hosp,3,2024-11-02,53,quantile,0.4,0.0
2024-10-12,wk inc flu hosp,3,2024-11-02,53,quantile,0.45,8.625593123061533
2024-10-12,wk inc flu hosp,3,2024-11-02,53,quantile,0.5,15.20521105026925
2024-10-12,wk inc flu hosp,3,2024-11-02,53,quantile,0.55,23.92641399491513
2024-10-12,wk inc flu hosp,3,2024-11-02,53,quantile,0.6,31.963235464054446
2024-10-12,wk inc flu hosp,3,2024-11-02,53,quantile,0.65,41.9168337084898
2024-10-12,wk inc flu hosp,3,2024-11-02,53,quantile,0.7,50.883442935756385
2024-10-12,wk inc flu hosp,3,2024-11-02,53,quantile,0.75,61.982304296896466
2024-10-12,wk inc flu hosp,3,2024-11-02,53,quantile,0.8,71.45442686419715
2024-10-12,wk inc flu hosp,3,2024-11-02,53,quantile,0.85,82.92533522646234
2024-10-12,wk inc flu hosp,3,2024-11-02,53,quantile,0.9,99.44187951242701
2024-10-12,wk inc flu hosp,3,2024-11-02,53,quantile,0.95,121.57565260841534
2024-10-12,wk inc flu hosp,3,2024-11-02,53,quantile,0.975,143.34923294297178
2024-10-12,wk inc flu hosp,3,2024-11-02,53,quantile,0.99,170.08464414253697
2024-10-12,wk inc flu hosp,0,2024-10-12,54,quantile,0.01,0.0
2024-10-12,wk inc flu hosp,0,2024-10-12,54,quantile,0.025,0.0
2024-10-12,wk inc flu hosp,0,2024-10-12,54,quantile,0.05,0.0
2024-10-12,wk inc flu hosp,0,2024-10-12,54,quantile,0.1,0.0
2024-10-12,wk inc flu hosp,0,2024-10-12,54,quantile,0.15,0.0
2024-10-12,wk inc flu hosp,0,2024-10-12,54,quantile,0.2,0.0
2024-10-12,wk inc flu hosp,0,2024-10-12,54,quantile,0.25,0.0
2024-10-12,wk inc flu hosp,0,2024-10-12,54,quantile,0.3,0.0
2024-10-12,wk inc flu hosp,0,2024-10-12,54,quantile,0.35,0.0
2024-10-12,wk inc flu hosp,0,2024-10-12,54,quantile,0.4,0.0
2024-10-12,wk inc flu hosp,0,2024-10-12,54,quantile,0.45,0.0
2024-10-12,wk inc flu hosp,0,2024-10-12,54,quantile,0.5,0.0
2024-10-12,wk inc flu hosp,0,2024-10-12,54,quantile,0.55,0.0
2024-10-12,wk inc flu hosp,0,2024-10-12,54,quantile,0.6,0.0
2024-10-12,wk inc flu hosp,0,2024-10-12,54,quantile,0.65,1.2332610878903907
2024-10-12,wk inc flu hosp,0,2024-10-12,54,quantile,0.7,4.1215108683503665
2024-10-12,wk inc flu hosp,0,2024-10-12,54,quantile,0.75,8.82138767216802
2024-10-12,wk inc flu hosp,0,2024-10-12,54,quantile,0.8,13.634268975987345
2024-10-12,wk inc flu hosp,0,2024-10-12,54,quantile,0.85,17.965352940960422
2024-10-12,wk inc flu hosp,0,2024-10-12,54,quantile,0.9,25.390114635122146
2024-10-12,wk inc flu hosp,0,2024-10-12,54,quantile,0.95,36.756839413727164
2024-10-12,wk inc flu hosp,0,2024-10-12,54,quantile,0.975,44.46990322457216
2024-10-12,wk inc flu hosp,0,2024-10-12,54,quantile,0.99,52.93651950954666
2024-10-12,wk inc flu hosp,1,2024-10-19,54,quantile,0.01,0.0
2024-10-12,wk inc flu hosp,1,2024-10-19,54,quantile,0.025,0.0
2024-10-12,wk inc flu hosp,1,2024-10-19,54,quantile,0.05,0.0
2024-10-12,wk inc flu hosp,1,2024-10-19,54,quantile,0.1,0.0
2024-10-12,wk inc flu hosp,1,2024-10-19,54,quantile,0.15,0.0
2024-10-12,wk inc flu hosp,1,2024-10-19,54,quantile,0.2,0.0
2024-10-12,wk inc flu hosp,1,2024-10-19,54,quantile,0.25,0.0
2024-10-12,wk inc flu hosp,1,2024-10-19,54,quantile,0.3,0.0
2024-10-12,wk inc flu hosp,1,2024-10-19,54,quantile,0.35,0.0
2024-10-12,wk inc flu hosp,1,2024-10-19,54,quantile,0.4,0.0
2024-10-12,wk inc flu hosp,1,2024-10-19,54,quantile,0.45,0.0
2024-10-12,wk inc flu hosp,1,2024-10-19,54,quantile,0.5,0.0
2024-10-12,wk inc flu hosp,1,2024-10-19,54,quantile,0.55,0.0
2024-10-12,wk inc flu hosp,1,2024-10-19,54,quantile,0.6,3.006071856422993
2024-10-12,wk inc flu hosp,1,2024-10-19,54,quantile,0.65,7.541085840223457
2024-10-12,wk inc flu hosp,1,2024-10-19,54,quantile,0.7,11.834304148781724
2024-10-12,wk inc flu hosp,1,2024-10-19,54,quantile,0.75,18.029387723706332
2024-10-12,wk inc flu hosp,1,2024-10-19,54,quantile,0.8,23.311001755999655
2024-10-12,wk inc flu hosp,1,2024-10-19,54,quantile,0.85,29.305176410214152
2024-10-12,wk inc flu hosp,1,2024-10-19,54,quantile,0.9,40.07915710179386
2024-10-12,wk inc flu hosp,1,2024-10-19,54,quantile,0.95,56.56739034712066
2024-10-12,wk inc flu hosp,1,2024-10-19,54,quantile,0.975,66.73264432971918
2024-10-12,wk inc flu hosp,1,2024-10-19,54,quantile,0.99,78.20855568962314
2024-10-12,wk inc flu hosp,2,2024-10-26,54,quantile,0.01,0.0
2024-10-12,wk inc flu hosp,2,2024-10-26,54,quantile,0.025,0.0
2024-10-12,wk inc flu hosp,2,2024-10-26,54,quantile,0.05,0.0
2024-10-12,wk inc flu hosp,2,2024-10-26,54,quantile,0.1,0.0
2024-10-12,wk inc flu hosp,2,2024-10-26,54,quantile,0.15,0.0
2024-10-12,wk inc flu hosp,2,2024-10-26,54,quantile,0.2,0.0
2024-10-12,wk inc flu hosp,2,2024-10-26,54,quantile,0.25,0.0
2024-10-12,wk inc flu hosp,2,2024-10-26,54,quantile,0.3,0.0
2024-10-12,wk inc flu hosp,2,2024-10-26,54,quantile,0.35,0.0
2024-10-12,wk inc flu hosp,2,2024-10-26,54,quantile,0.4,0.0
2024-10-12,wk inc flu hosp,2,2024-10-26,54,quantile,0.45,0.0
2024-10-12,wk inc flu hosp,2,2024-10-26,54,quantile,0.5,1.0395620591695551
2024-10-12,wk inc flu hosp,2,2024-10-26,54,quantile,0.55,7.028177783764526
2024-10-12,wk inc flu hosp,2,2024-10-26,54,quantile,0.6,11.627002096625429
2024-10-12,wk inc flu hosp,2,2024-10-26,54,quantile,0.65,19.395671451812554
2024-10-12,wk inc flu hosp,2,2024-10-26,54,quantile,0.7,23.65669899407434
2024-10-12,wk inc flu hosp,2,2024-10-26,54,quantile,0.75,31.17172222420609
2024-10-12,wk inc flu hosp,2,2024-10-26,54,quantile,0.8,36.68910139337724
2024-10-12,wk inc flu hosp,2,2024-10-26,54,quantile,0.85,44.74300630906974
2024-10-12,wk inc flu hosp,2,2024-10-26,54,quantile,0.9,55.291829066186395
2024-10-12,wk inc flu hosp,2,2024-10-26,54,quantile,0.95,73.3314458109348
2024-10-12,wk inc flu hosp,2,2024-10-26,54,quantile,0.975,88.1360125255279
2024-10-12,wk inc flu hosp,2,2024-10-26,54,quantile,0.99,97.6385526145186
2024-10-12,wk inc flu hosp,3,2024-11-02,54,quantile,0.01,0.0
2024-10-12,wk inc flu hosp,3,2024-11-02,54,quantile,0.025,0.0
2024-10-12,wk inc flu hosp,3,2024-11-02,54,quantile,0.05,0.0
2024-10-12,wk inc flu hosp,3,2024-11-02,54,quantile,0.1,0.0
2024-10-12,wk inc flu hosp,3,2024-11-02,54,quantile,0.15,0.0
2024-10-12,wk inc flu hosp,3,2024-11-02,54,quantile,0.2,0.0
2024-10-12,wk inc flu hosp,3,2024-11-02,54,quantile,0.25,0.0
2024-10-12,wk inc flu hosp,3,2024-11-02,54,quantile,0.3,0.0
2024-10-12,wk inc flu hosp,3,2024-11-02,54,quantile,0.35,0.0
2024-10-12,wk inc flu hosp,3,2024-11-02,54,quantile,0.4,0.0
2024-10-12,wk inc flu hosp,3,2024-11-02,54,quantile,0.45,0.0
2024-10-12,wk inc flu hosp,3,2024-11-02,54,quantile,0.5,0.0
2024-10-12,wk inc flu hosp,3,2024-11-02,54,quantile,0.55,6.304744048262999
2024-10-12,wk inc flu hosp,3,2024-11-02,54,quantile,0.6,12.832477386694501
2024-10-12,wk inc flu hosp,3,2024-11-02,54,quantile,0.65,20.917070947351572
2024-10-12,wk inc flu hosp,3,2024-11-02,54,quantile,0.7,28.200004157983695
2024-10-12,wk inc flu hosp,3,2024-11-02,54,quantile,0.75,37.21481276160228
2024-10-12,wk inc flu hosp,3,2024-11-02,54,quantile,0.8,44.90833818153422
2024-10-12,wk inc flu hosp,3,2024-11-02,54,quantile,0.85,54.225333865210985
2024-10-12,wk inc flu hosp,3,2024-11-02,54,quantile,0.9,67.64053752317139
2024-10-12,wk inc flu hosp,3,2024-11-02,54,quantile,0.95,85.61821303814521
2024-10-12,wk inc flu hosp,3,2024-11-02,54,quantile,0.975,103.30332982127595
2024-10-12,wk inc flu hosp,3,2024-11-02,54,quantile,0.99,125.01858574356129
2024-10-12,wk inc flu hosp,0,2024-10-12,55,quantile,0.01,0.0
2024-10-12,wk inc flu hosp,0,2024-10-12,55,quantile,0.025,0.0
2024-10-12,wk inc flu hosp,0,2024-10-12,55,quantile,0.05,0.0
2024-10-12,wk inc flu hosp,0,2024-10-12,55,quantile,0.1,0.0
2024-10-12,wk inc flu hosp,0,2024-10-12,55,quantile,0.15,0.0
2024-10-12,wk inc flu hosp,0,2024-10-12,55,quantile,0.2,0.0
2024-10-12,wk inc flu hosp,0,2024-10-12,55,quantile,0.25,0.0
2024-10-12,wk inc flu hosp,0,2024-10-12,55,quantile,0.3,0.0
2024-10-12,wk inc flu hosp,0,2024-10-12,55,quantile,0.35,0.0
2024-10-12,wk inc flu hosp,0,2024-10-12,55,quantile,0.4,0.3614879617577283
2024-10-12,wk inc flu hosp,0,2024-10-12,55,quantile,0.45,6.446351291273103
2024-10-12,wk inc flu hosp,0,2024-10-12,55,quantile,0.5,12.167650006477167
2024-10-12,wk inc flu hosp,0,2024-10-12,55,quantile,0.55,17.276005017629625
2024-10-12,wk inc flu hosp,0,2024-10-12,55,quantile,0.6,24.041545003798902
2024-10-12,wk inc flu hosp,0,2024-10-12,55,quantile,0.65,29.80078098192764
2024-10-12,wk inc flu hosp,0,2024-10-12,55,quantile,0.7,34.86807515850163
2024-10-12,wk inc flu hosp,0,2024-10-12,55,quantile,0.75,43.11378109422841
2024-10-12,wk inc flu hosp,0,2024-10-12,55,quantile,0.8,51.55774794514998
2024-10-12,wk inc flu hosp,0,2024-10-12,55,quantile,0.85,59.156424729422376
2024-10-12,wk inc flu hosp,0,2024-10-12,55,quantile,0.9,72.1828090642577
2024-10-12,wk inc flu hosp,0,2024-10-12,55,quantile,0.95,92.12517646856563
2024-10-12,wk inc flu hosp,0,2024-10-12,55,quantile,0.975,105.65737288615315
2024-10-12,wk inc flu hosp,0,2024-10-12,55,quantile,0.99,120.51164057670769
2024-10-12,wk inc flu hosp,1,2024-10-19,55,quantile,0.01,0.0
2024-10-12,wk inc flu hosp,1,2024-10-19,55,quantile,0.025,0.0
2024-10-12,wk inc flu hosp,1,2024-10-19,55,quantile,0.05,0.0
2024-10-12,wk inc flu hosp,1,2024-10-19,55,quantile,0.1,0.0
2024-10-12,wk inc flu hosp,1,2024-10-19,55,quantile,0.15,0.0
2024-10-12,wk inc flu hosp,1,2024-10-19,55,quantile,0.2,0.0
2024-10-12,wk inc flu hosp,1,2024-10-19,55,quantile,0.25,0.0
2024-10-12,wk inc flu hosp,1,2024-10-19,55,quantile,0.3,0.0
2024-10-12,wk inc flu hosp,1,2024-10-19,55,quantile,0.35,0.0
2024-10-12,wk inc flu hosp,1,2024-10-19,55,quantile,0.4,0.0
2024-10-12,wk inc flu hosp,1,2024-10-19,55,quantile,0.45,0.0
2024-10-12,wk inc flu hosp,1,2024-10-19,55,quantile,0.5,8.349950973612032
2024-10-12,wk inc flu hosp,1,2024-10-19,55,quantile,0.55,16.386412909613945
2024-10-12,wk inc flu hosp,1,2024-10-19,55,quantile,0.6,23.713800311430486
2024-10-12,wk inc flu hosp,1,2024-10-19,55,quantile,0.65,31.670262424320793
2024-10-12,wk inc flu hosp,1,2024-10-19,55,quantile,0.7,39.20250575067673
2024-10-12,wk inc flu hosp,1,2024-10-19,55,quantile,0.75,50.07147945751606
2024-10-12,wk inc flu hosp,1,2024-10-19,55,quantile,0.8,59.337815149745964
2024-10-12,wk inc flu hosp,1,2024-10-19,55,quantile,0.85,69.85430389810878
2024-10-12,wk inc flu hosp,1,2024-10-19,55,quantile,0.9,88.75673054635635
2024-10-12,wk inc flu hosp,1,2024-10-19,55,quantile,0.95,117.68453619228387
2024-10-12,wk inc flu hosp,1,2024-10-19,55,quantile,0.975,135.51898134931355
2024-10-12,wk inc flu hosp,1,2024-10-19,55,quantile,0.99,155.6529113155989
2024-10-12,wk inc flu hosp,2,2024-10-26,55,quantile,0.01,0.0
2024-10-12,wk inc flu hosp,2,2024-10-26,55,quantile,0.025,0.0
2024-10-12,wk inc flu hosp,2,2024-10-26,55,quantile,0.05,0.0
2024-10-12,wk inc flu hosp,2,2024-10-26,55,quantile,0.1,0.0
2024-10-12,wk inc flu hosp,2,2024-10-26,55,quantile,0.15,0.0
2024-10-12,wk inc flu hosp,2,2024-10-26,55,quantile,0.2,0.0
2024-10-12,wk inc flu hosp,2,2024-10-26,55,quantile,0.25,0.0
2024-10-12,wk inc flu hosp,2,2024-10-26,55,quantile,0.3,0.0
2024-10-12,wk inc flu hosp,2,2024-10-26,55,quantile,0.35,0.0
2024-10-12,wk inc flu hosp,2,2024-10-26,55,quantile,0.4,0.0
2024-10-12,wk inc flu hosp,2,2024-10-26,55,quantile,0.45,5.733975833933174
2024-10-12,wk inc flu hosp,2,2024-10-26,55,quantile,0.5,17.774238436286286
2024-10-12,wk inc flu hosp,2,2024-10-26,55,quantile,0.55,28.280974312207142
2024-10-12,wk inc flu hosp,2,2024-10-26,55,quantile,0.6,36.349388553005824
2024-10-12,wk inc flu hosp,2,2024-10-26,55,quantile,0.65,49.979142201597725
2024-10-12,wk inc flu hosp,2,2024-10-26,55,quantile,0.7,57.45490838955022
2024-10-12,wk inc flu hosp,2,2024-10-26,55,quantile,0.75,70.63965221208775
2024-10-12,wk inc flu hosp,2,2024-10-26,55,quantile,0.8,80.31962640373763
2024-10-12,wk inc flu hosp,2,2024-10-26,55,quantile,0.85,94.44981201097762
2024-10-12,wk inc flu hosp,2,2024-10-26,55,quantile,0.9,112.9572099820546
2024-10-12,wk inc flu hosp,2,2024-10-26,55,quantile,0.95,144.6068427446791
2024-10-12,wk inc flu hosp,2,2024-10-26,55,quantile,0.975,170.58073711042596
2024-10-12,wk inc flu hosp,2,2024-10-26,55,quantile,0.99,187.2524828788737
2024-10-12,wk inc flu hosp,3,2024-11-02,55,quantile,0.01,0.0
2024-10-12,wk inc flu hosp,3,2024-11-02,55,quantile,0.025,0.0
2024-10-12,wk inc flu hosp,3,2024-11-02,55,quantile,0.05,0.0
2024-10-12,wk inc flu hosp,3,2024-11-02,55,quantile,0.1,0.0
2024-10-12,wk inc flu hosp,3,2024-11-02,55,quantile,0.15,0.0
2024-10-12,wk inc flu hosp,3,2024-11-02,55,quantile,0.2,0.0
2024-10-12,wk inc flu hosp,3,2024-11-02,55,quantile,0.25,0.0
2024-10-12,wk inc flu hosp,3,2024-11-02,55,quantile,0.3,0.0
2024-10-12,wk inc flu hosp,3,2024-11-02,55,quantile,0.35,0.0
2024-10-12,wk inc flu hosp,3,2024-11-02,55,quantile,0.4,0.0
2024-10-12,wk inc flu hosp,3,2024-11-02,55,quantile,0.45,8.156922933609307
2024-10-12,wk inc flu hosp,3,2024-11-02,55,quantile,0.5,17.53297753395799
2024-10-12,wk inc flu hosp,3,2024-11-02,55,quantile,0.55,29.960823025044444
2024-10-12,wk inc flu hosp,3,2024-11-02,55,quantile,0.6,41.41341461038674
2024-10-12,wk inc flu hosp,3,2024-11-02,55,quantile,0.65,55.59744195699664
2024-10-12,wk inc flu hosp,3,2024-11-02,55,quantile,0.7,68.37499509533232
2024-10-12,wk inc flu hosp,3,2024-11-02,55,quantile,0.75,84.19103962482268
2024-10-12,wk inc flu hosp,3,2024-11-02,55,quantile,0.8,97.68895688305108
2024-10-12,wk inc flu hosp,3,2024-11-02,55,quantile,0.85,114.03517399019509
2024-10-12,wk inc flu hosp,3,2024-11-02,55,quantile,0.9,137.57149824907222
2024-10-12,wk inc flu hosp,3,2024-11-02,55,quantile,0.95,169.11245812784543
2024-10-12,wk inc flu hosp,3,2024-11-02,55,quantile,0.975,200.14013789898956
2024-10-12,wk inc flu hosp,3,2024-11-02,55,quantile,0.99,238.2385013515735
2024-10-12,wk inc flu hosp,0,2024-10-12,56,quantile,0.01,0.0
2024-10-12,wk inc flu hosp,0,2024-10-12,56,quantile,0.025,0.0
2024-10-12,wk inc flu hosp,0,2024-10-12,56,quantile,0.05,0.0
2024-10-12,wk inc flu hosp,0,2024-10-12,56,quantile,0.1,0.0
2024-10-12,wk inc flu hosp,0,2024-10-12,56,quantile,0.15,0.0
2024-10-12,wk inc flu hosp,0,2024-10-12,56,quantile,0.2,0.0
2024-10-12,wk inc flu hosp,0,2024-10-12,56,quantile,0.25,0.0
2024-10-12,wk inc flu hosp,0,2024-10-12,56,quantile,0.3,0.0
2024-10-12,wk inc flu hosp,0,2024-10-12,56,quantile,0.35,0.004625620809334353
2024-10-12,wk inc flu hosp,0,2024-10-12,56,quantile,0.4,0.5430829748313345
2024-10-12,wk inc flu hosp,0,2024-10-12,56,quantile,0.45,1.2308295548277053
2024-10-12,wk inc flu hosp,0,2024-10-12,56,quantile,0.5,1.8774839513912207
2024-10-12,wk inc flu hosp,0,2024-10-12,56,quantile,0.55,2.4548598919954996
2024-10-12,wk inc flu hosp,0,2024-10-12,56,quantile,0.6,3.219540499487007
2024-10-12,wk inc flu hosp,0,2024-10-12,56,quantile,0.65,3.8704827857561646
2024-10-12,wk inc flu hosp,0,2024-10-12,56,quantile,0.7,4.443217792452174
2024-10-12,wk inc flu hosp,0,2024-10-12,56,quantile,0.75,5.375195348865676
2024-10-12,wk inc flu hosp,0,2024-10-12,56,quantile,0.8,6.3295815049449695
2024-10-12,wk inc flu hosp,0,2024-10-12,56,quantile,0.85,7.188428070246115
2024-10-12,wk inc flu hosp,0,2024-10-12,56,quantile,0.9,8.660745654199939
2024-10-12,wk inc flu hosp,0,2024-10-12,56,quantile,0.95,10.914747796337815
2024-10-12,wk inc flu hosp,0,2024-10-12,56,quantile,0.975,12.444235198444543
2024-10-12,wk inc flu hosp,0,2024-10-12,56,quantile,0.99,14.123150771285045
2024-10-12,wk inc flu hosp,1,2024-10-19,56,quantile,0.01,0.0
2024-10-12,wk inc flu hosp,1,2024-10-19,56,quantile,0.025,0.0
2024-10-12,wk inc flu hosp,1,2024-10-19,56,quantile,0.05,0.0
2024-10-12,wk inc flu hosp,1,2024-10-19,56,quantile,0.1,0.0
2024-10-12,wk inc flu hosp,1,2024-10-19,56,quantile,0.15,0.0
2024-10-12,wk inc flu hosp,1,2024-10-19,56,quantile,0.2,0.0
2024-10-12,wk inc flu hosp,1,2024-10-19,56,quantile,0.25,0.0
2024-10-12,wk inc flu hosp,1,2024-10-19,56,quantile,0.3,0.0
2024-10-12,wk inc flu hosp,1,2024-10-19,56,quantile,0.35,0.0
2024-10-12,wk inc flu hosp,1,2024-10-19,56,quantile,0.4,0.7407582205245674
2024-10-12,wk inc flu hosp,1,2024-10-19,56,quantile,0.45,1.686608593623964
2024-10-12,wk inc flu hosp,1,2024-10-19,56,quantile,0.5,2.7424071968262704
2024-10-12,wk inc flu hosp,1,2024-10-19,56,quantile,0.55,3.3525291134156503
2024-10-12,wk inc flu hosp,1,2024-10-19,56,quantile,0.6,4.079221027738037
2024-10-12,wk inc flu hosp,1,2024-10-19,56,quantile,0.65,4.936823948433932
2024-10-12,wk inc flu hosp,1,2024-10-19,56,quantile,0.7,5.798795008024333
2024-10-12,wk inc flu hosp,1,2024-10-19,56,quantile,0.75,6.793276266128883
2024-10-12,wk inc flu hosp,1,2024-10-19,56,quantile,0.8,7.803501595081962
2024-10-12,wk inc flu hosp,1,2024-10-19,56,quantile,0.85,9.145550309563852
2024-10-12,wk inc flu hosp,1,2024-10-19,56,quantile,0.9,10.698454560085333
2024-10-12,wk inc flu hosp,1,2024-10-19,56,quantile,0.95,13.55595861815488
2024-10-12,wk inc flu hosp,1,2024-10-19,56,quantile,0.975,15.680592013997343
2024-10-12,wk inc flu hosp,1,2024-10-19,56,quantile,0.99,17.865187133392386
2024-10-12,wk inc flu hosp,2,2024-10-26,56,quantile,0.01,0.0
2024-10-12,wk inc flu hosp,2,2024-10-26,56,quantile,0.025,0.0
2024-10-12,wk inc flu hosp,2,2024-10-26,56,quantile,0.05,0.0
2024-10-12,wk inc flu hosp,2,2024-10-26,56,quantile,0.1,0.0
2024-10-12,wk inc flu hosp,2,2024-10-26,56,quantile,0.15,0.0
2024-10-12,wk inc flu hosp,2,2024-10-26,56,quantile,0.2,0.0
2024-10-12,wk inc flu hosp,2,2024-10-26,56,quantile,0.25,0.0
2024-10-12,wk inc flu hosp,2,2024-10-26,56,quantile,0.3,0.0
2024-10-12,wk inc flu hosp,2,2024-10-26,56,quantile,0.35,0.0
2024-10-12,wk inc flu hosp,2,2024-10-26,56,quantile,0.4,0.0
2024-10-12,wk inc flu hosp,2,2024-10-26,56,quantile,0.45,1.1709095994888519
2024-10-12,wk inc flu hosp,2,2024-10-26,56,quantile,0.5,2.331835358943435
2024-10-12,wk inc flu hosp,2,2024-10-26,56,quantile,0.55,3.2196761057338787
2024-10-12,wk inc flu hosp,2,2024-10-26,56,quantile,0.6,4.197686751575241
2024-10-12,wk inc flu hosp,2,2024-10-26,56,quantile,0.65,5.501749261072673
2024-10-12,wk inc flu hosp,2,2024-10-26,56,quantile,0.7,6.454059483763616
2024-10-12,wk inc flu hosp,2,2024-10-26,56,quantile,0.75,7.352437507940222
2024-10-12,wk inc flu hosp,2,2024-10-26,56,quantile,0.8,8.306625997871384
2024-10-12,wk inc flu hosp,2,2024-10-26,56,quantile,0.85,10.187719914452241
2024-10-12,wk inc flu hosp,2,2024-10-26,56,quantile,0.9,12.030060350697356
2024-10-12,wk inc flu hosp,2,2024-10-26,56,quantile,0.95,14.638570710313468
2024-10-12,wk inc flu hosp,2,2024-10-26,56,quantile,0.975,17.26366853960069
2024-10-12,wk inc flu hosp,2,2024-10-26,56,quantile,0.99,19.286403341468144
2024-10-12,wk inc flu hosp,3,2024-11-02,56,quantile,0.01,0.0
2024-10-12,wk inc flu hosp,3,2024-11-02,56,quantile,0.025,0.0
2024-10-12,wk inc flu hosp,3,2024-11-02,56,quantile,0.05,0.0
2024-10-12,wk inc flu hosp,3,2024-11-02,56,quantile,0.1,0.0
2024-10-12,wk inc flu hosp,3,2024-11-02,56,quantile,0.15,0.0
2024-10-12,wk inc flu hosp,3,2024-11-02,56,quantile,0.2,0.0
2024-10-12,wk inc flu hosp,3,2024-11-02,56,quantile,0.25,0.0
2024-10-12,wk inc flu hosp,3,2024-11-02,56,quantile,0.3,0.0
2024-10-12,wk inc flu hosp,3,2024-11-02,56,quantile,0.35,0.0
2024-10-12,wk inc flu hosp,3,2024-11-02,56,quantile,0.4,0.0
2024-10-12,wk inc flu hosp,3,2024-11-02,56,quantile,0.45,0.7224238926297845
2024-10-12,wk inc flu hosp,3,2024-11-02,56,quantile,0.5,1.898166469385044
2024-10-12,wk inc flu hosp,3,2024-11-02,56,quantile,0.55,2.9711611953178414
2024-10-12,wk inc flu hosp,3,2024-11-02,56,quantile,0.6,4.2943176620372245
2024-10-12,wk inc flu hosp,3,2024-11-02,56,quantile,0.65,5.497062185303474
2024-10-12,wk inc flu hosp,3,2024-11-02,56,quantile,0.7,7.083721436063516
2024-10-12,wk inc flu hosp,3,2024-11-02,56,quantile,0.75,8.292873011634072
2024-10-12,wk inc flu hosp,3,2024-11-02,56,quantile,0.8,9.871493813792226
2024-10-12,wk inc flu hosp,3,2024-11-02,56,quantile,0.85,11.471646327016199
2024-10-12,wk inc flu hosp,3,2024-11-02,56,quantile,0.9,13.576459683180037
2024-10-12,wk inc flu hosp,3,2024-11-02,56,quantile,0.95,16.75192712675493
2024-10-12,wk inc flu hosp,3,2024-11-02,56,quantile,0.975,20.14190412667552
2024-10-12,wk inc flu hosp,3,2024-11-02,56,quantile,0.99,23.1946942261967
2024-10-12,wk inc flu hosp,0,2024-10-12,72,quantile,0.01,0.0
2024-10-12,wk inc flu hosp,0,2024-10-12,72,quantile,0.025,0.0
2024-10-12,wk inc flu hosp,0,2024-10-12,72,quantile,0.05,0.0
2024-10-12,wk inc flu hosp,0,2024-10-12,72,quantile,0.1,0.0
2024-10-12,wk inc flu hosp,0,2024-10-12,72,quantile,0.15,0.0
2024-10-12,wk inc flu hosp,0,2024-10-12,72,quantile,0.2,0.0
2024-10-12,wk inc flu hosp,0,2024-10-12,72,quantile,0.25,0.0
2024-10-12,wk inc flu hosp,0,2024-10-12,72,quantile,0.3,0.0
2024-10-12,wk inc flu hosp,0,2024-10-12,72,quantile,0.35,0.0
2024-10-12,wk inc flu hosp,0,2024-10-12,72,quantile,0.4,0.0
2024-10-12,wk inc flu hosp,0,2024-10-12,72,quantile,0.45,0.0
2024-10-12,wk inc flu hosp,0,2024-10-12,72,quantile,0.5,0.20961968527109273
2024-10-12,wk inc flu hosp,0,2024-10-12,72,quantile,0.55,2.554309110643178
2024-10-12,wk inc flu hosp,0,2024-10-12,72,quantile,0.6,5.659631671011658
2024-10-12,wk inc flu hosp,0,2024-10-12,72,quantile,0.65,8.303069659691005
2024-10-12,wk inc flu hosp,0,2024-10-12,72,quantile,0.7,10.628912527918395
2024-10-12,wk inc flu hosp,0,2024-10-12,72,quantile,0.75,14.41361806815936
2024-10-12,wk inc flu hosp,0,2024-10-12,72,quantile,0.8,18.289323601608892
2024-10-12,wk inc flu hosp,0,2024-10-12,72,quantile,0.85,21.777048527540458
2024-10-12,wk inc flu hosp,0,2024-10-12,72,quantile,0.9,27.75604284842076
2024-10-12,wk inc flu hosp,0,2024-10-12,72,quantile,0.95,36.90941176418389
2024-10-12,wk inc flu hosp,0,2024-10-12,72,quantile,0.975,43.12056932334057
2024-10-12,wk inc flu hosp,0,2024-10-12,72,quantile,0.99,49.938545814726204
2024-10-12,wk inc flu hosp,1,2024-10-19,72,quantile,0.01,0.0
2024-10-12,wk inc flu hosp,1,2024-10-19,72,quantile,0.025,0.0
2024-10-12,wk inc flu hosp,1,2024-10-19,72,quantile,0.05,0.0
2024-10-12,wk inc flu hosp,1,2024-10-19,72,quantile,0.1,0.0
2024-10-12,wk inc flu hosp,1,2024-10-19,72,quantile,0.15,0.0
2024-10-12,wk inc flu hosp,1,2024-10-19,72,quantile,0.2,0.0
2024-10-12,wk inc flu hosp,1,2024-10-19,72,quantile,0.25,0.0
2024-10-12,wk inc flu hosp,1,2024-10-19,72,quantile,0.3,0.0
2024-10-12,wk inc flu hosp,1,2024-10-19,72,quantile,0.35,0.0
2024-10-12,wk inc flu hosp,1,2024-10-19,72,quantile,0.4,0.0
2024-10-12,wk inc flu hosp,1,2024-10-19,72,quantile,0.45,2.6392542746706686
2024-10-12,wk inc flu hosp,1,2024-10-19,72,quantile,0.5,5.9493923204698
2024-10-12,wk inc flu hosp,1,2024-10-19,72,quantile,0.55,9.190046533932744
2024-10-12,wk inc flu hosp,1,2024-10-19,72,quantile,0.6,11.591704648420222
2024-10-12,wk inc flu hosp,1,2024-10-19,72,quantile,0.65,14.473532260977136
2024-10-12,wk inc flu hosp,1,2024-10-19,72,quantile,0.7,17.22929388635925
2024-10-12,wk inc flu hosp,1,2024-10-19,72,quantile,0.75,20.900303684877056
2024-10-12,wk inc flu hosp,1,2024-10-19,72,quantile,0.8,25.707407433913062
2024-10-12,wk inc flu hosp,1,2024-10-19,72,quantile,0.85,30.834301621275294
2024-10-12,wk inc flu hosp,1,2024-10-19,72,quantile,0.9,36.246426253474745
2024-10-12,wk inc flu hosp,1,2024-10-19,72,quantile,0.95,46.21809123501907
2024-10-12,wk inc flu hosp,1,2024-10-19,72,quantile,0.975,54.027939893726895
2024-10-12,wk inc flu hosp,1,2024-10-19,72,quantile,0.99,61.45762051843582
2024-10-12,wk inc flu hosp,2,2024-10-26,72,quantile,0.01,0.0
2024-10-12,wk inc flu hosp,2,2024-10-26,72,quantile,0.025,0.0
2024-10-12,wk inc flu hosp,2,2024-10-26,72,quantile,0.05,0.0
2024-10-12,wk inc flu hosp,2,2024-10-26,72,quantile,0.1,0.0
2024-10-12,wk inc flu hosp,2,2024-10-26,72,quantile,0.15,0.0
2024-10-12,wk inc flu hosp,2,2024-10-26,72,quantile,0.2,0.0
2024-10-12,wk inc flu hosp,2,2024-10-26,72,quantile,0.25,0.1220394359741217
2024-10-12,wk inc flu hosp,2,2024-10-26,72,quantile,0.3,4.082831550259091
2024-10-12,wk inc flu hosp,2,2024-10-26,72,quantile,0.35,7.716739804844039
2024-10-12,wk inc flu hosp,2,2024-10-26,72,quantile,0.4,11.231410860692769
2024-10-12,wk inc flu hosp,2,2024-10-26,72,quantile,0.45,15.116321266923595
2024-10-12,wk inc flu hosp,2,2024-10-26,72,quantile,0.5,19.319902969561515
2024-10-12,wk inc flu hosp,2,2024-10-26,72,quantile,0.55,22.68158229936623
2024-10-12,wk inc flu hosp,2,2024-10-26,72,quantile,0.6,26.58403079252284
2024-10-12,wk inc flu hosp,2,2024-10-26,72,quantile,0.65,29.577729368780062
2024-10-12,wk inc flu hosp,2,2024-10-26,72,quantile,0.7,33.27777023937284
2024-10-12,wk inc flu hosp,2,2024-10-26,72,quantile,0.75,37.12087418073478
2024-10-12,wk inc flu hosp,2,2024-10-26,72,quantile,0.8,41.31416626841886
2024-10-12,wk inc flu hosp,2,2024-10-26,72,quantile,0.85,46.20325059453661
2024-10-12,wk inc flu hosp,2,2024-10-26,72,quantile,0.9,53.113991173495144
2024-10-12,wk inc flu hosp,2,2024-10-26,72,quantile,0.95,62.61252701722541
2024-10-12,wk inc flu hosp,2,2024-10-26,72,quantile,0.975,71.1735863241132
2024-10-12,wk inc flu hosp,2,2024-10-26,72,quantile,0.99,77.53785914612435
2024-10-12,wk inc flu hosp,3,2024-11-02,72,quantile,0.01,0.0
2024-10-12,wk inc flu hosp,3,2024-11-02,72,quantile,0.025,0.0
2024-10-12,wk inc flu hosp,3,2024-11-02,72,quantile,0.05,0.0
2024-10-12,wk inc flu hosp,3,2024-11-02,72,quantile,0.1,0.0
2024-10-12,wk inc flu hosp,3,2024-11-02,72,quantile,0.15,0.0
2024-10-12,wk inc flu hosp,3,2024-11-02,72,quantile,0.2,0.0
2024-10-12,wk inc flu hosp,3,2024-11-02,72,quantile,0.25,0.0
2024-10-12,wk inc flu hosp,3,2024-11-02,72,quantile,0.3,0.0
2024-10-12,wk inc flu hosp,3,2024-11-02,72,quantile,0.35,0.9916935620246756
2024-10-12,wk inc flu hosp,3,2024-11-02,72,quantile,0.4,4.261457471064668
2024-10-12,wk inc flu hosp,3,2024-11-02,72,quantile,0.45,8.62297230413912
2024-10-12,wk inc flu hosp,3,2024-11-02,72,quantile,0.5,12.152639757930626
2024-10-12,wk inc flu hosp,3,2024-11-02,72,quantile,0.55,16.227788529251672
2024-10-12,wk inc flu hosp,3,2024-11-02,72,quantile,0.6,20.62565165639639
2024-10-12,wk inc flu hosp,3,2024-11-02,72,quantile,0.65,25.063254755436244
2024-10-12,wk inc flu hosp,3,2024-11-02,72,quantile,0.7,29.349832683485317
2024-10-12,wk inc flu hosp,3,2024-11-02,72,quantile,0.75,34.287702869508664
2024-10-12,wk inc flu hosp,3,2024-11-02,72,quantile,0.8,39.19640853127692
2024-10-12,wk inc flu hosp,3,2024-11-02,72,quantile,0.85,44.73044415188803
2024-10-12,wk inc flu hosp,3,2024-11-02,72,quantile,0.9,52.26612215389632
2024-10-12,wk inc flu hosp,3,2024-11-02,72,quantile,0.95,62.91253097203234
2024-10-12,wk inc flu hosp,3,2024-11-02,72,quantile,0.975,76.25851790428942
2024-10-12,wk inc flu hosp,3,2024-11-02,72,quantile,0.99,84.60769185125565
2024-10-12,wk flu hosp rate change,0,2024-10-12,US,pmf,stable,0.996
2024-10-12,wk flu hosp rate change,0,2024-10-12,US,pmf,increase,0.004
2024-10-12,wk flu hosp rate change,0,2024-10-12,US,pmf,large_increase,0.0
2024-10-12,wk flu hosp rate change,0,2024-10-12,US,pmf,decrease,0.0
2024-10-12,wk flu hosp rate change,0,2024-10-12,US,pmf,large_decrease,0.0
2024-10-12,wk flu hosp rate change,1,2024-10-19,US,pmf,stable,1.0
2024-10-12,wk flu hosp rate change,1,2024-10-19,US,pmf,increase,0.0
2024-10-12,wk flu hosp rate change,1,2024-10-19,US,pmf,large_increase,0.0
2024-10-12,wk flu hosp rate change,1,2024-10-19,US,pmf,decrease,0.0
2024-10-12,wk flu hosp rate change,1,2024-10-19,US,pmf,large_decrease,0.0
2024-10-12,wk flu hosp rate change,2,2024-10-26,US,pmf,stable,1.0
2024-10-12,wk flu hosp rate change,2,2024-10-26,US,pmf,increase,0.0
2024-10-12,wk flu hosp rate change,2,2024-10-26,US,pmf,large_increase,0.0
2024-10-12,wk flu hosp rate change,2,2024-10-26,US,pmf,decrease,0.0
2024-10-12,wk flu hosp rate change,2,2024-10-26,US,pmf,large_decrease,0.0
2024-10-12,wk flu hosp rate change,3,2024-11-02,US,pmf,stable,0.999
2024-10-12,wk flu hosp rate change,3,2024-11-02,US,pmf,increase,0.001
2024-10-12,wk flu hosp rate change,3,2024-11-02,US,pmf,large_increase,0.0
2024-10-12,wk flu hosp rate change,3,2024-11-02,US,pmf,decrease,0.0
2024-10-12,wk flu hosp rate change,3,2024-11-02,US,pmf,large_decrease,0.0
2024-10-12,wk flu hosp rate change,0,2024-10-12,01,pmf,stable,0.874
2024-10-12,wk flu hosp rate change,0,2024-10-12,01,pmf,increase,0.126
2024-10-12,wk flu hosp rate change,0,2024-10-12,01,pmf,large_increase,0.0
2024-10-12,wk flu hosp rate change,0,2024-10-12,01,pmf,decrease,0.0
2024-10-12,wk flu hosp rate change,0,2024-10-12,01,pmf,large_decrease,0.0
2024-10-12,wk flu hosp rate change,1,2024-10-19,01,pmf,stable,0.938
2024-10-12,wk flu hosp rate change,1,2024-10-19,01,pmf,increase,0.062
2024-10-12,wk flu hosp rate change,1,2024-10-19,01,pmf,large_increase,0.0
2024-10-12,wk flu hosp rate change,1,2024-10-19,01,pmf,decrease,0.0
2024-10-12,wk flu hosp rate change,1,2024-10-19,01,pmf,large_decrease,0.0
2024-10-12,wk flu hosp rate change,2,2024-10-26,01,pmf,stable,0.924
2024-10-12,wk flu hosp rate change,2,2024-10-26,01,pmf,increase,0.076
2024-10-12,wk flu hosp rate change,2,2024-10-26,01,pmf,large_increase,0.0
2024-10-12,wk flu hosp rate change,2,2024-10-26,01,pmf,decrease,0.0
2024-10-12,wk flu hosp rate change,2,2024-10-26,01,pmf,large_decrease,0.0
2024-10-12,wk flu hosp rate change,3,2024-11-02,01,pmf,stable,0.844
2024-10-12,wk flu hosp rate change,3,2024-11-02,01,pmf,increase,0.156
2024-10-12,wk flu hosp rate change,3,2024-11-02,01,pmf,large_increase,0.0
2024-10-12,wk flu hosp rate change,3,2024-11-02,01,pmf,decrease,0.0
2024-10-12,wk flu hosp rate change,3,2024-11-02,01,pmf,large_decrease,0.0
2024-10-12,wk flu hosp rate change,0,2024-10-12,02,pmf,stable,0.801
2024-10-12,wk flu hosp rate change,0,2024-10-12,02,pmf,increase,0.198
2024-10-12,wk flu hosp rate change,0,2024-10-12,02,pmf,large_increase,0.001
2024-10-12,wk flu hosp rate change,0,2024-10-12,02,pmf,decrease,0.0
2024-10-12,wk flu hosp rate change,0,2024-10-12,02,pmf,large_decrease,0.0
2024-10-12,wk flu hosp rate change,1,2024-10-19,02,pmf,stable,0.94
2024-10-12,wk flu hosp rate change,1,2024-10-19,02,pmf,increase,0.06
2024-10-12,wk flu hosp rate change,1,2024-10-19,02,pmf,large_increase,0.0
2024-10-12,wk flu hosp rate change,1,2024-10-19,02,pmf,decrease,0.0
2024-10-12,wk flu hosp rate change,1,2024-10-19,02,pmf,large_decrease,0.0
2024-10-12,wk flu hosp rate change,2,2024-10-26,02,pmf,stable,0.918
2024-10-12,wk flu hosp rate change,2,2024-10-26,02,pmf,increase,0.082
2024-10-12,wk flu hosp rate change,2,2024-10-26,02,pmf,large_increase,0.0
2024-10-12,wk flu hosp rate change,2,2024-10-26,02,pmf,decrease,0.0
2024-10-12,wk flu hosp rate change,2,2024-10-26,02,pmf,large_decrease,0.0
2024-10-12,wk flu hosp rate change,3,2024-11-02,02,pmf,stable,0.878
2024-10-12,wk flu hosp rate change,3,2024-11-02,02,pmf,increase,0.119
2024-10-12,wk flu hosp rate change,3,2024-11-02,02,pmf,large_increase,0.003
2024-10-12,wk flu hosp rate change,3,2024-11-02,02,pmf,decrease,0.0
2024-10-12,wk flu hosp rate change,3,2024-11-02,02,pmf,large_decrease,0.0
2024-10-12,wk flu hosp rate change,0,2024-10-12,04,pmf,stable,0.89
2024-10-12,wk flu hosp rate change,0,2024-10-12,04,pmf,increase,0.11
2024-10-12,wk flu hosp rate change,0,2024-10-12,04,pmf,large_increase,0.0
2024-10-12,wk flu hosp rate change,0,2024-10-12,04,pmf,decrease,0.0
2024-10-12,wk flu hosp rate change,0,2024-10-12,04,pmf,large_decrease,0.0
2024-10-12,wk flu hosp rate change,1,2024-10-19,04,pmf,stable,0.92
2024-10-12,wk flu hosp rate change,1,2024-10-19,04,pmf,increase,0.079
2024-10-12,wk flu hosp rate change,1,2024-10-19,04,pmf,large_increase,0.001
2024-10-12,wk flu hosp rate change,1,2024-10-19,04,pmf,decrease,0.0
2024-10-12,wk flu hosp rate change,1,2024-10-19,04,pmf,large_decrease,0.0
2024-10-12,wk flu hosp rate change,2,2024-10-26,04,pmf,stable,0.918
2024-10-12,wk flu hosp rate change,2,2024-10-26,04,pmf,increase,0.082
2024-10-12,wk flu hosp rate change,2,2024-10-26,04,pmf,large_increase,0.0
2024-10-12,wk flu hosp rate change,2,2024-10-26,04,pmf,decrease,0.0
2024-10-12,wk flu hosp rate change,2,2024-10-26,04,pmf,large_decrease,0.0
2024-10-12,wk flu hosp rate change,3,2024-11-02,04,pmf,stable,0.831
2024-10-12,wk flu hosp rate change,3,2024-11-02,04,pmf,increase,0.155
2024-10-12,wk flu hosp rate change,3,2024-11-02,04,pmf,large_increase,0.014
2024-10-12,wk flu hosp rate change,3,2024-11-02,04,pmf,decrease,0.0
2024-10-12,wk flu hosp rate change,3,2024-11-02,04,pmf,large_decrease,0.0
2024-10-12,wk flu hosp rate change,0,2024-10-12,05,pmf,stable,0.766
2024-10-12,wk flu hosp rate change,0,2024-10-12,05,pmf,increase,0.218
2024-10-12,wk flu hosp rate change,0,2024-10-12,05,pmf,large_increase,0.016
2024-10-12,wk flu hosp rate change,0,2024-10-12,05,pmf,decrease,0.0
2024-10-12,wk flu hosp rate change,0,2024-10-12,05,pmf,large_decrease,0.0
2024-10-12,wk flu hosp rate change,1,2024-10-19,05,pmf,stable,0.845
2024-10-12,wk flu hosp rate change,1,2024-10-19,05,pmf,increase,0.131
2024-10-12,wk flu hosp rate change,1,2024-10-19,05,pmf,large_increase,0.024
2024-10-12,wk flu hosp rate change,1,2024-10-19,05,pmf,decrease,0.0
2024-10-12,wk flu hosp rate change,1,2024-10-19,05,pmf,large_decrease,0.0
2024-10-12,wk flu hosp rate change,2,2024-10-26,05,pmf,stable,0.833
2024-10-12,wk flu hosp rate change,2,2024-10-26,05,pmf,increase,0.15
2024-10-12,wk flu hosp rate change,2,2024-10-26,05,pmf,large_increase,0.017
2024-10-12,wk flu hosp rate change,2,2024-10-26,05,pmf,decrease,0.0
2024-10-12,wk flu hosp rate change,2,2024-10-26,05,pmf,large_decrease,0.0
2024-10-12,wk flu hosp rate change,3,2024-11-02,05,pmf,stable,0.753
2024-10-12,wk flu hosp rate change,3,2024-11-02,05,pmf,increase,0.204
2024-10-12,wk flu hosp rate change,3,2024-11-02,05,pmf,large_increase,0.043
2024-10-12,wk flu hosp rate change,3,2024-11-02,05,pmf,decrease,0.0
2024-10-12,wk flu hosp rate change,3,2024-11-02,05,pmf,large_decrease,0.0
2024-10-12,wk flu hosp rate change,0,2024-10-12,06,pmf,stable,1.0
2024-10-12,wk flu hosp rate change,0,2024-10-12,06,pmf,increase,0.0
2024-10-12,wk flu hosp rate change,0,2024-10-12,06,pmf,large_increase,0.0
2024-10-12,wk flu hosp rate change,0,2024-10-12,06,pmf,decrease,0.0
2024-10-12,wk flu hosp rate change,0,2024-10-12,06,pmf,large_decrease,0.0
2024-10-12,wk flu hosp rate change,1,2024-10-19,06,pmf,stable,1.0
2024-10-12,wk flu hosp rate change,1,2024-10-19,06,pmf,increase,0.0
2024-10-12,wk flu hosp rate change,1,2024-10-19,06,pmf,large_increase,0.0
2024-10-12,wk flu hosp rate change,1,2024-10-19,06,pmf,decrease,0.0
2024-10-12,wk flu hosp rate change,1,2024-10-19,06,pmf,large_decrease,0.0
2024-10-12,wk flu hosp rate change,2,2024-10-26,06,pmf,stable,1.0
2024-10-12,wk flu hosp rate change,2,2024-10-26,06,pmf,increase,0.0
2024-10-12,wk flu hosp rate change,2,2024-10-26,06,pmf,large_increase,0.0
2024-10-12,wk flu hosp rate change,2,2024-10-26,06,pmf,decrease,0.0
2024-10-12,wk flu hosp rate change,2,2024-10-26,06,pmf,large_decrease,0.0
2024-10-12,wk flu hosp rate change,3,2024-11-02,06,pmf,stable,1.0
2024-10-12,wk flu hosp rate change,3,2024-11-02,06,pmf,increase,0.0
2024-10-12,wk flu hosp rate change,3,2024-11-02,06,pmf,large_increase,0.0
2024-10-12,wk flu hosp rate change,3,2024-11-02,06,pmf,decrease,0.0
2024-10-12,wk flu hosp rate change,3,2024-11-02,06,pmf,large_decrease,0.0
2024-10-12,wk flu hosp rate change,0,2024-10-12,08,pmf,stable,1.0
2024-10-12,wk flu hosp rate change,0,2024-10-12,08,pmf,increase,0.0
2024-10-12,wk flu hosp rate change,0,2024-10-12,08,pmf,large_increase,0.0
2024-10-12,wk flu hosp rate change,0,2024-10-12,08,pmf,decrease,0.0
2024-10-12,wk flu hosp rate change,0,2024-10-12,08,pmf,large_decrease,0.0
2024-10-12,wk flu hosp rate change,1,2024-10-19,08,pmf,stable,1.0
2024-10-12,wk flu hosp rate change,1,2024-10-19,08,pmf,increase,0.0
2024-10-12,wk flu hosp rate change,1,2024-10-19,08,pmf,large_increase,0.0
2024-10-12,wk flu hosp rate change,1,2024-10-19,08,pmf,decrease,0.0
2024-10-12,wk flu hosp rate change,1,2024-10-19,08,pmf,large_decrease,0.0
2024-10-12,wk flu hosp rate change,2,2024-10-26,08,pmf,stable,1.0
2024-10-12,wk flu hosp rate change,2,2024-10-26,08,pmf,increase,0.0
2024-10-12,wk flu hosp rate change,2,2024-10-26,08,pmf,large_increase,0.0
2024-10-12,wk flu hosp rate change,2,2024-10-26,08,pmf,decrease,0.0
2024-10-12,wk flu hosp rate change,2,2024-10-26,08,pmf,large_decrease,0.0
2024-10-12,wk flu hosp rate change,3,2024-11-02,08,pmf,stable,1.0
2024-10-12,wk flu hosp rate change,3,2024-11-02,08,pmf,increase,0.0
2024-10-12,wk flu hosp rate change,3,2024-11-02,08,pmf,large_increase,0.0
2024-10-12,wk flu hosp rate change,3,2024-11-02,08,pmf,decrease,0.0
2024-10-12,wk flu hosp rate change,3,2024-11-02,08,pmf,large_decrease,0.0
2024-10-12,wk flu hosp rate change,0,2024-10-12,09,pmf,stable,0.904
2024-10-12,wk flu hosp rate change,0,2024-10-12,09,pmf,increase,0.096
2024-10-12,wk flu hosp rate change,0,2024-10-12,09,pmf,large_increase,0.0
2024-10-12,wk flu hosp rate change,0,2024-10-12,09,pmf,decrease,0.0
2024-10-12,wk flu hosp rate change,0,2024-10-12,09,pmf,large_decrease,0.0
2024-10-12,wk flu hosp rate change,1,2024-10-19,09,pmf,stable,0.95
2024-10-12,wk flu hosp rate change,1,2024-10-19,09,pmf,increase,0.05
2024-10-12,wk flu hosp rate change,1,2024-10-19,09,pmf,large_increase,0.0
2024-10-12,wk flu hosp rate change,1,2024-10-19,09,pmf,decrease,0.0
2024-10-12,wk flu hosp rate change,1,2024-10-19,09,pmf,large_decrease,0.0
2024-10-12,wk flu hosp rate change,2,2024-10-26,09,pmf,stable,0.947
2024-10-12,wk flu hosp rate change,2,2024-10-26,09,pmf,increase,0.053
2024-10-12,wk flu hosp rate change,2,2024-10-26,09,pmf,large_increase,0.0
2024-10-12,wk flu hosp rate change,2,2024-10-26,09,pmf,decrease,0.0
2024-10-12,wk flu hosp rate change,2,2024-10-26,09,pmf,large_decrease,0.0
2024-10-12,wk flu hosp rate change,3,2024-11-02,09,pmf,stable,0.921
2024-10-12,wk flu hosp rate change,3,2024-11-02,09,pmf,increase,0.079
2024-10-12,wk flu hosp rate change,3,2024-11-02,09,pmf,large_increase,0.0
2024-10-12,wk flu hosp rate change,3,2024-11-02,09,pmf,decrease,0.0
2024-10-12,wk flu hosp rate change,3,2024-11-02,09,pmf,large_decrease,0.0
2024-10-12,wk flu hosp rate change,0,2024-10-12,10,pmf,stable,0.804
2024-10-12,wk flu hosp rate change,0,2024-10-12,10,pmf,increase,0.196
2024-10-12,wk flu hosp rate change,0,2024-10-12,10,pmf,large_increase,0.0
2024-10-12,wk flu hosp rate change,0,2024-10-12,10,pmf,decrease,0.0
2024-10-12,wk flu hosp rate change,0,2024-10-12,10,pmf,large_decrease,0.0
2024-10-12,wk flu hosp rate change,1,2024-10-19,10,pmf,stable,0.926
2024-10-12,wk flu hosp rate change,1,2024-10-19,10,pmf,increase,0.073
2024-10-12,wk flu hosp rate change,1,2024-10-19,10,pmf,large_increase,0.001
2024-10-12,wk flu hosp rate change,1,2024-10-19,10,pmf,decrease,0.0
2024-10-12,wk flu hosp rate change,1,2024-10-19,10,pmf,large_decrease,0.0
2024-10-12,wk flu hosp rate change,2,2024-10-26,10,pmf,stable,0.915
2024-10-12,wk flu hosp rate change,2,2024-10-26,10,pmf,increase,0.085
2024-10-12,wk flu hosp rate change,2,2024-10-26,10,pmf,large_increase,0.0
2024-10-12,wk flu hosp rate change,2,2024-10-26,10,pmf,decrease,0.0
2024-10-12,wk flu hosp rate change,2,2024-10-26,10,pmf,large_decrease,0.0
2024-10-12,wk flu hosp rate change,3,2024-11-02,10,pmf,stable,0.894
2024-10-12,wk flu hosp rate change,3,2024-11-02,10,pmf,increase,0.104
2024-10-12,wk flu hosp rate change,3,2024-11-02,10,pmf,large_increase,0.002
2024-10-12,wk flu hosp rate change,3,2024-11-02,10,pmf,decrease,0.0
2024-10-12,wk flu hosp rate change,3,2024-11-02,10,pmf,large_decrease,0.0
2024-10-12,wk flu hosp rate change,0,2024-10-12,11,pmf,stable,0.727
2024-10-12,wk flu hosp rate change,0,2024-10-12,11,pmf,increase,0.251
2024-10-12,wk flu hosp rate change,0,2024-10-12,11,pmf,large_increase,0.022
2024-10-12,wk flu hosp rate change,0,2024-10-12,11,pmf,decrease,0.0
2024-10-12,wk flu hosp rate change,0,2024-10-12,11,pmf,large_decrease,0.0
2024-10-12,wk flu hosp rate change,1,2024-10-19,11,pmf,stable,0.861
2024-10-12,wk flu hosp rate change,1,2024-10-19,11,pmf,increase,0.128
2024-10-12,wk flu hosp rate change,1,2024-10-19,11,pmf,large_increase,0.011
2024-10-12,wk flu hosp rate change,1,2024-10-19,11,pmf,decrease,0.0
2024-10-12,wk flu hosp rate change,1,2024-10-19,11,pmf,large_decrease,0.0
2024-10-12,wk flu hosp rate change,2,2024-10-26,11,pmf,stable,0.805
2024-10-12,wk flu hosp rate change,2,2024-10-26,11,pmf,increase,0.185
2024-10-12,wk flu hosp rate change,2,2024-10-26,11,pmf,large_increase,0.01
2024-10-12,wk flu hosp rate change,2,2024-10-26,11,pmf,decrease,0.0
2024-10-12,wk flu hosp rate change,2,2024-10-26,11,pmf,large_decrease,0.0
2024-10-12,wk flu hosp rate change,3,2024-11-02,11,pmf,stable,0.774
2024-10-12,wk flu hosp rate change,3,2024-11-02,11,pmf,increase,0.196
2024-10-12,wk flu hosp rate change,3,2024-11-02,11,pmf,large_increase,0.03
2024-10-12,wk flu hosp rate change,3,2024-11-02,11,pmf,decrease,0.0
2024-10-12,wk flu hosp rate change,3,2024-11-02,11,pmf,large_decrease,0.0
2024-10-12,wk flu hosp rate change,0,2024-10-12,12,pmf,stable,1.0
2024-10-12,wk flu hosp rate change,0,2024-10-12,12,pmf,increase,0.0
2024-10-12,wk flu hosp rate change,0,2024-10-12,12,pmf,large_increase,0.0
2024-10-12,wk flu hosp rate change,0,2024-10-12,12,pmf,decrease,0.0
2024-10-12,wk flu hosp rate change,0,2024-10-12,12,pmf,large_decrease,0.0
2024-10-12,wk flu hosp rate change,1,2024-10-19,12,pmf,stable,1.0
2024-10-12,wk flu hosp rate change,1,2024-10-19,12,pmf,increase,0.0
2024-10-12,wk flu hosp rate change,1,2024-10-19,12,pmf,large_increase,0.0
2024-10-12,wk flu hosp rate change,1,2024-10-19,12,pmf,decrease,0.0
2024-10-12,wk flu hosp rate change,1,2024-10-19,12,pmf,large_decrease,0.0
2024-10-12,wk flu hosp rate change,2,2024-10-26,12,pmf,stable,1.0
2024-10-12,wk flu hosp rate change,2,2024-10-26,12,pmf,increase,0.0
2024-10-12,wk flu hosp rate change,2,2024-10-26,12,pmf,large_increase,0.0
2024-10-12,wk flu hosp rate change,2,2024-10-26,12,pmf,decrease,0.0
2024-10-12,wk flu hosp rate change,2,2024-10-26,12,pmf,large_decrease,0.0
2024-10-12,wk flu hosp rate change,3,2024-11-02,12,pmf,stable,0.997
2024-10-12,wk flu hosp rate change,3,2024-11-02,12,pmf,increase,0.003
2024-10-12,wk flu hosp rate change,3,2024-11-02,12,pmf,large_increase,0.0
2024-10-12,wk flu hosp rate change,3,2024-11-02,12,pmf,decrease,0.0
2024-10-12,wk flu hosp rate change,3,2024-11-02,12,pmf,large_decrease,0.0
2024-10-12,wk flu hosp rate change,0,2024-10-12,13,pmf,stable,0.954
2024-10-12,wk flu hosp rate change,0,2024-10-12,13,pmf,increase,0.046
2024-10-12,wk flu hosp rate change,0,2024-10-12,13,pmf,large_increase,0.0
2024-10-12,wk flu hosp rate change,0,2024-10-12,13,pmf,decrease,0.0
2024-10-12,wk flu hosp rate change,0,2024-10-12,13,pmf,large_decrease,0.0
2024-10-12,wk flu hosp rate change,1,2024-10-19,13,pmf,stable,0.993
2024-10-12,wk flu hosp rate change,1,2024-10-19,13,pmf,increase,0.007
2024-10-12,wk flu hosp rate change,1,2024-10-19,13,pmf,large_increase,0.0
2024-10-12,wk flu hosp rate change,1,2024-10-19,13,pmf,decrease,0.0
2024-10-12,wk flu hosp rate change,1,2024-10-19,13,pmf,large_decrease,0.0
2024-10-12,wk flu hosp rate change,2,2024-10-26,13,pmf,stable,0.993
2024-10-12,wk flu hosp rate change,2,2024-10-26,13,pmf,increase,0.007
2024-10-12,wk flu hosp rate change,2,2024-10-26,13,pmf,large_increase,0.0
2024-10-12,wk flu hosp rate change,2,2024-10-26,13,pmf,decrease,0.0
2024-10-12,wk flu hosp rate change,2,2024-10-26,13,pmf,large_decrease,0.0
2024-10-12,wk flu hosp rate change,3,2024-11-02,13,pmf,stable,0.96
2024-10-12,wk flu hosp rate change,3,2024-11-02,13,pmf,increase,0.04
2024-10-12,wk flu hosp rate change,3,2024-11-02,13,pmf,large_increase,0.0
2024-10-12,wk flu hosp rate change,3,2024-11-02,13,pmf,decrease,0.0
2024-10-12,wk flu hosp rate change,3,2024-11-02,13,pmf,large_decrease,0.0
2024-10-12,wk flu hosp rate change,0,2024-10-12,15,pmf,stable,0.928
2024-10-12,wk flu hosp rate change,0,2024-10-12,15,pmf,increase,0.072
2024-10-12,wk flu hosp rate change,0,2024-10-12,15,pmf,large_increase,0.0
2024-10-12,wk flu hosp rate change,0,2024-10-12,15,pmf,decrease,0.0
2024-10-12,wk flu hosp rate change,0,2024-10-12,15,pmf,large_decrease,0.0
2024-10-12,wk flu hosp rate change,1,2024-10-19,15,pmf,stable,0.989
2024-10-12,wk flu hosp rate change,1,2024-10-19,15,pmf,increase,0.011
2024-10-12,wk flu hosp rate change,1,2024-10-19,15,pmf,large_increase,0.0
2024-10-12,wk flu hosp rate change,1,2024-10-19,15,pmf,decrease,0.0
2024-10-12,wk flu hosp rate change,1,2024-10-19,15,pmf,large_decrease,0.0
2024-10-12,wk flu hosp rate change,2,2024-10-26,15,pmf,stable,0.997
2024-10-12,wk flu hosp rate change,2,2024-10-26,15,pmf,increase,0.003
2024-10-12,wk flu hosp rate change,2,2024-10-26,15,pmf,large_increase,0.0
2024-10-12,wk flu hosp rate change,2,2024-10-26,15,pmf,decrease,0.0
2024-10-12,wk flu hosp rate change,2,2024-10-26,15,pmf,large_decrease,0.0
2024-10-12,wk flu hosp rate change,3,2024-11-02,15,pmf,stable,0.982
2024-10-12,wk flu hosp rate change,3,2024-11-02,15,pmf,increase,0.018
2024-10-12,wk flu hosp rate change,3,2024-11-02,15,pmf,large_increase,0.0
2024-10-12,wk flu hosp rate change,3,2024-11-02,15,pmf,decrease,0.0
2024-10-12,wk flu hosp rate change,3,2024-11-02,15,pmf,large_decrease,0.0
2024-10-12,wk flu hosp rate change,0,2024-10-12,16,pmf,stable,0.89
2024-10-12,wk flu hosp rate change,0,2024-10-12,16,pmf,increase,0.11
2024-10-12,wk flu hosp rate change,0,2024-10-12,16,pmf,large_increase,0.0
2024-10-12,wk flu hosp rate change,0,2024-10-12,16,pmf,decrease,0.0
2024-10-12,wk flu hosp rate change,0,2024-10-12,16,pmf,large_decrease,0.0
2024-10-12,wk flu hosp rate change,1,2024-10-19,16,pmf,stable,0.93
2024-10-12,wk flu hosp rate change,1,2024-10-19,16,pmf,increase,0.07
2024-10-12,wk flu hosp rate change,1,2024-10-19,16,pmf,large_increase,0.0
2024-10-12,wk flu hosp rate change,1,2024-10-19,16,pmf,decrease,0.0
2024-10-12,wk flu hosp rate change,1,2024-10-19,16,pmf,large_decrease,0.0
2024-10-12,wk flu hosp rate change,2,2024-10-26,16,pmf,stable,0.946
2024-10-12,wk flu hosp rate change,2,2024-10-26,16,pmf,increase,0.054
2024-10-12,wk flu hosp rate change,2,2024-10-26,16,pmf,large_increase,0.0
2024-10-12,wk flu hosp rate change,2,2024-10-26,16,pmf,decrease,0.0
2024-10-12,wk flu hosp rate change,2,2024-10-26,16,pmf,large_decrease,0.0
2024-10-12,wk flu hosp rate change,3,2024-11-02,16,pmf,stable,0.878
2024-10-12,wk flu hosp rate change,3,2024-11-02,16,pmf,increase,0.119
2024-10-12,wk flu hosp rate change,3,2024-11-02,16,pmf,large_increase,0.003
2024-10-12,wk flu hosp rate change,3,2024-11-02,16,pmf,decrease,0.0
2024-10-12,wk flu hosp rate change,3,2024-11-02,16,pmf,large_decrease,0.0
2024-10-12,wk flu hosp rate change,0,2024-10-12,17,pmf,stable,0.979
2024-10-12,wk flu hosp rate change,0,2024-10-12,17,pmf,increase,0.021
2024-10-12,wk flu hosp rate change,0,2024-10-12,17,pmf,large_increase,0.0
2024-10-12,wk flu hosp rate change,0,2024-10-12,17,pmf,decrease,0.0
2024-10-12,wk flu hosp rate change,0,2024-10-12,17,pmf,large_decrease,0.0
2024-10-12,wk flu hosp rate change,1,2024-10-19,17,pmf,stable,0.998
2024-10-12,wk flu hosp rate change,1,2024-10-19,17,pmf,increase,0.002
2024-10-12,wk flu hosp rate change,1,2024-10-19,17,pmf,large_increase,0.0
2024-10-12,wk flu hosp rate change,1,2024-10-19,17,pmf,decrease,0.0
2024-10-12,wk flu hosp rate change,1,2024-10-19,17,pmf,large_decrease,0.0
2024-10-12,wk flu hosp rate change,2,2024-10-26,17,pmf,stable,1.0
2024-10-12,wk flu hosp rate change,2,2024-10-26,17,pmf,increase,0.0
2024-10-12,wk flu hosp rate change,2,2024-10-26,17,pmf,large_increase,0.0
2024-10-12,wk flu hosp rate change,2,2024-10-26,17,pmf,decrease,0.0
2024-10-12,wk flu hosp rate change,2,2024-10-26,17,pmf,large_decrease,0.0
2024-10-12,wk flu hosp rate change,3,2024-11-02,17,pmf,stable,0.981
2024-10-12,wk flu hosp rate change,3,2024-11-02,17,pmf,increase,0.019
2024-10-12,wk flu hosp rate change,3,2024-11-02,17,pmf,large_increase,0.0
2024-10-12,wk flu hosp rate change,3,2024-11-02,17,pmf,decrease,0.0
2024-10-12,wk flu hosp rate change,3,2024-11-02,17,pmf,large_decrease,0.0
2024-10-12,wk flu hosp rate change,0,2024-10-12,18,pmf,stable,0.859
2024-10-12,wk flu hosp rate change,0,2024-10-12,18,pmf,increase,0.14
2024-10-12,wk flu hosp rate change,0,2024-10-12,18,pmf,large_increase,0.001
2024-10-12,wk flu hosp rate change,0,2024-10-12,18,pmf,decrease,0.0
2024-10-12,wk flu hosp rate change,0,2024-10-12,18,pmf,large_decrease,0.0
2024-10-12,wk flu hosp rate change,1,2024-10-19,18,pmf,stable,0.897
2024-10-12,wk flu hosp rate change,1,2024-10-19,18,pmf,increase,0.096
2024-10-12,wk flu hosp rate change,1,2024-10-19,18,pmf,large_increase,0.007
2024-10-12,wk flu hosp rate change,1,2024-10-19,18,pmf,decrease,0.0
2024-10-12,wk flu hosp rate change,1,2024-10-19,18,pmf,large_decrease,0.0
2024-10-12,wk flu hosp rate change,2,2024-10-26,18,pmf,stable,0.88
2024-10-12,wk flu hosp rate change,2,2024-10-26,18,pmf,increase,0.119
2024-10-12,wk flu hosp rate change,2,2024-10-26,18,pmf,large_increase,0.001
2024-10-12,wk flu hosp rate change,2,2024-10-26,18,pmf,decrease,0.0
2024-10-12,wk flu hosp rate change,2,2024-10-26,18,pmf,large_decrease,0.0
2024-10-12,wk flu hosp rate change,3,2024-11-02,18,pmf,stable,0.838
2024-10-12,wk flu hosp rate change,3,2024-11-02,18,pmf,increase,0.143
2024-10-12,wk flu hosp rate change,3,2024-11-02,18,pmf,large_increase,0.019
2024-10-12,wk flu hosp rate change,3,2024-11-02,18,pmf,decrease,0.0
2024-10-12,wk flu hosp rate change,3,2024-11-02,18,pmf,large_decrease,0.0
2024-10-12,wk flu hosp rate change,0,2024-10-12,19,pmf,stable,0.89
2024-10-12,wk flu hosp rate change,0,2024-10-12,19,pmf,increase,0.11
2024-10-12,wk flu hosp rate change,0,2024-10-12,19,pmf,large_increase,0.0
2024-10-12,wk flu hosp rate change,0,2024-10-12,19,pmf,decrease,0.0
2024-10-12,wk flu hosp rate change,0,2024-10-12,19,pmf,large_decrease,0.0
2024-10-12,wk flu hosp rate change,1,2024-10-19,19,pmf,stable,0.955
2024-10-12,wk flu hosp rate change,1,2024-10-19,19,pmf,increase,0.045
2024-10-12,wk flu hosp rate change,1,2024-10-19,19,pmf,large_increase,0.0
2024-10-12,wk flu hosp rate change,1,2024-10-19,19,pmf,decrease,0.0
2024-10-12,wk flu hosp rate change,1,2024-10-19,19,pmf,large_decrease,0.0
2024-10-12,wk flu hosp rate change,2,2024-10-26,19,pmf,stable,0.971
2024-10-12,wk flu hosp rate change,2,2024-10-26,19,pmf,increase,0.029
2024-10-12,wk flu hosp rate change,2,2024-10-26,19,pmf,large_increase,0.0
2024-10-12,wk flu hosp rate change,2,2024-10-26,19,pmf,decrease,0.0
2024-10-12,wk flu hosp rate change,2,2024-10-26,19,pmf,large_decrease,0.0
2024-10-12,wk flu hosp rate change,3,2024-11-02,19,pmf,stable,0.906
2024-10-12,wk flu hosp rate change,3,2024-11-02,19,pmf,increase,0.094
2024-10-12,wk flu hosp rate change,3,2024-11-02,19,pmf,large_increase,0.0
2024-10-12,wk flu hosp rate change,3,2024-11-02,19,pmf,decrease,0.0
2024-10-12,wk flu hosp rate change,3,2024-11-02,19,pmf,large_decrease,0.0
2024-10-12,wk flu hosp rate change,0,2024-10-12,20,pmf,stable,0.937
2024-10-12,wk flu hosp rate change,0,2024-10-12,20,pmf,increase,0.063
2024-10-12,wk flu hosp rate change,0,2024-10-12,20,pmf,large_increase,0.0
2024-10-12,wk flu hosp rate change,0,2024-10-12,20,pmf,decrease,0.0
2024-10-12,wk flu hosp rate change,0,2024-10-12,20,pmf,large_decrease,0.0
2024-10-12,wk flu hosp rate change,1,2024-10-19,20,pmf,stable,0.975
2024-10-12,wk flu hosp rate change,1,2024-10-19,20,pmf,increase,0.025
2024-10-12,wk flu hosp rate change,1,2024-10-19,20,pmf,large_increase,0.0
2024-10-12,wk flu hosp rate change,1,2024-10-19,20,pmf,decrease,0.0
2024-10-12,wk flu hosp rate change,1,2024-10-19,20,pmf,large_decrease,0.0
2024-10-12,wk flu hosp rate change,2,2024-10-26,20,pmf,stable,0.984
2024-10-12,wk flu hosp rate change,2,2024-10-26,20,pmf,increase,0.016
2024-10-12,wk flu hosp rate change,2,2024-10-26,20,pmf,large_increase,0.0
2024-10-12,wk flu hosp rate change,2,2024-10-26,20,pmf,decrease,0.0
2024-10-12,wk flu hosp rate change,2,2024-10-26,20,pmf,large_decrease,0.0
2024-10-12,wk flu hosp rate change,3,2024-11-02,20,pmf,stable,0.963
2024-10-12,wk flu hosp rate change,3,2024-11-02,20,pmf,increase,0.037
2024-10-12,wk flu hosp rate change,3,2024-11-02,20,pmf,large_increase,0.0
2024-10-12,wk flu hosp rate change,3,2024-11-02,20,pmf,decrease,0.0
2024-10-12,wk flu hosp rate change,3,2024-11-02,20,pmf,large_decrease,0.0
2024-10-12,wk flu hosp rate change,0,2024-10-12,21,pmf,stable,0.827
2024-10-12,wk flu hosp rate change,0,2024-10-12,21,pmf,increase,0.173
2024-10-12,wk flu hosp rate change,0,2024-10-12,21,pmf,large_increase,0.0
2024-10-12,wk flu hosp rate change,0,2024-10-12,21,pmf,decrease,0.0
2024-10-12,wk flu hosp rate change,0,2024-10-12,21,pmf,large_decrease,0.0
2024-10-12,wk flu hosp rate change,1,2024-10-19,21,pmf,stable,0.908
2024-10-12,wk flu hosp rate change,1,2024-10-19,21,pmf,increase,0.09
2024-10-12,wk flu hosp rate change,1,2024-10-19,21,pmf,large_increase,0.002
2024-10-12,wk flu hosp rate change,1,2024-10-19,21,pmf,decrease,0.0
2024-10-12,wk flu hosp rate change,1,2024-10-19,21,pmf,large_decrease,0.0
2024-10-12,wk flu hosp rate change,2,2024-10-26,21,pmf,stable,0.912
2024-10-12,wk flu hosp rate change,2,2024-10-26,21,pmf,increase,0.088
2024-10-12,wk flu hosp rate change,2,2024-10-26,21,pmf,large_increase,0.0
2024-10-12,wk flu hosp rate change,2,2024-10-26,21,pmf,decrease,0.0
2024-10-12,wk flu hosp rate change,2,2024-10-26,21,pmf,large_decrease,0.0
2024-10-12,wk flu hosp rate change,3,2024-11-02,21,pmf,stable,0.852
2024-10-12,wk flu hosp rate change,3,2024-11-02,21,pmf,increase,0.137
2024-10-12,wk flu hosp rate change,3,2024-11-02,21,pmf,large_increase,0.011
2024-10-12,wk flu hosp rate change,3,2024-11-02,21,pmf,decrease,0.0
2024-10-12,wk flu hosp rate change,3,2024-11-02,21,pmf,large_decrease,0.0
2024-10-12,wk flu hosp rate change,0,2024-10-12,22,pmf,stable,0.946
2024-10-12,wk flu hosp rate change,0,2024-10-12,22,pmf,increase,0.054
2024-10-12,wk flu hosp rate change,0,2024-10-12,22,pmf,large_increase,0.0
2024-10-12,wk flu hosp rate change,0,2024-10-12,22,pmf,decrease,0.0
2024-10-12,wk flu hosp rate change,0,2024-10-12,22,pmf,large_decrease,0.0
2024-10-12,wk flu hosp rate change,1,2024-10-19,22,pmf,stable,0.986
2024-10-12,wk flu hosp rate change,1,2024-10-19,22,pmf,increase,0.014
2024-10-12,wk flu hosp rate change,1,2024-10-19,22,pmf,large_increase,0.0
2024-10-12,wk flu hosp rate change,1,2024-10-19,22,pmf,decrease,0.0
2024-10-12,wk flu hosp rate change,1,2024-10-19,22,pmf,large_decrease,0.0
2024-10-12,wk flu hosp rate change,2,2024-10-26,22,pmf,stable,0.979
2024-10-12,wk flu hosp rate change,2,2024-10-26,22,pmf,increase,0.021
2024-10-12,wk flu hosp rate change,2,2024-10-26,22,pmf,large_increase,0.0
2024-10-12,wk flu hosp rate change,2,2024-10-26,22,pmf,decrease,0.0
2024-10-12,wk flu hosp rate change,2,2024-10-26,22,pmf,large_decrease,0.0
2024-10-12,wk flu hosp rate change,3,2024-11-02,22,pmf,stable,0.945
2024-10-12,wk flu hosp rate change,3,2024-11-02,22,pmf,increase,0.055
2024-10-12,wk flu hosp rate change,3,2024-11-02,22,pmf,large_increase,0.0
2024-10-12,wk flu hosp rate change,3,2024-11-02,22,pmf,decrease,0.0
2024-10-12,wk flu hosp rate change,3,2024-11-02,22,pmf,large_decrease,0.0
2024-10-12,wk flu hosp rate change,0,2024-10-12,23,pmf,stable,0.917
2024-10-12,wk flu hosp rate change,0,2024-10-12,23,pmf,increase,0.083
2024-10-12,wk flu hosp rate change,0,2024-10-12,23,pmf,large_increase,0.0
2024-10-12,wk flu hosp rate change,0,2024-10-12,23,pmf,decrease,0.0
2024-10-12,wk flu hosp rate change,0,2024-10-12,23,pmf,large_decrease,0.0
2024-10-12,wk flu hosp rate change,1,2024-10-19,23,pmf,stable,0.976
2024-10-12,wk flu hosp rate change,1,2024-10-19,23,pmf,increase,0.024
2024-10-12,wk flu hosp rate change,1,2024-10-19,23,pmf,large_increase,0.0
2024-10-12,wk flu hosp rate change,1,2024-10-19,23,pmf,decrease,0.0
2024-10-12,wk flu hosp rate change,1,2024-10-19,23,pmf,large_decrease,0.0
2024-10-12,wk flu hosp rate change,2,2024-10-26,23,pmf,stable,0.983
2024-10-12,wk flu hosp rate change,2,2024-10-26,23,pmf,increase,0.017
2024-10-12,wk flu hosp rate change,2,2024-10-26,23,pmf,large_increase,0.0
2024-10-12,wk flu hosp rate change,2,2024-10-26,23,pmf,decrease,0.0
2024-10-12,wk flu hosp rate change,2,2024-10-26,23,pmf,large_decrease,0.0
2024-10-12,wk flu hosp rate change,3,2024-11-02,23,pmf,stable,0.957
2024-10-12,wk flu hosp rate change,3,2024-11-02,23,pmf,increase,0.043
2024-10-12,wk flu hosp rate change,3,2024-11-02,23,pmf,large_increase,0.0
2024-10-12,wk flu hosp rate change,3,2024-11-02,23,pmf,decrease,0.0
2024-10-12,wk flu hosp rate change,3,2024-11-02,23,pmf,large_decrease,0.0
2024-10-12,wk flu hosp rate change,0,2024-10-12,24,pmf,stable,0.897
2024-10-12,wk flu hosp rate change,0,2024-10-12,24,pmf,increase,0.103
2024-10-12,wk flu hosp rate change,0,2024-10-12,24,pmf,large_increase,0.0
2024-10-12,wk flu hosp rate change,0,2024-10-12,24,pmf,decrease,0.0
2024-10-12,wk flu hosp rate change,0,2024-10-12,24,pmf,large_decrease,0.0
2024-10-12,wk flu hosp rate change,1,2024-10-19,24,pmf,stable,0.973
2024-10-12,wk flu hosp rate change,1,2024-10-19,24,pmf,increase,0.027
2024-10-12,wk flu hosp rate change,1,2024-10-19,24,pmf,large_increase,0.0
2024-10-12,wk flu hosp rate change,1,2024-10-19,24,pmf,decrease,0.0
2024-10-12,wk flu hosp rate change,1,2024-10-19,24,pmf,large_decrease,0.0
2024-10-12,wk flu hosp rate change,2,2024-10-26,24,pmf,stable,0.981
2024-10-12,wk flu hosp rate change,2,2024-10-26,24,pmf,increase,0.019
2024-10-12,wk flu hosp rate change,2,2024-10-26,24,pmf,large_increase,0.0
2024-10-12,wk flu hosp rate change,2,2024-10-26,24,pmf,decrease,0.0
2024-10-12,wk flu hosp rate change,2,2024-10-26,24,pmf,large_decrease,0.0
2024-10-12,wk flu hosp rate change,3,2024-11-02,24,pmf,stable,0.955
2024-10-12,wk flu hosp rate change,3,2024-11-02,24,pmf,increase,0.045
2024-10-12,wk flu hosp rate change,3,2024-11-02,24,pmf,large_increase,0.0
2024-10-12,wk flu hosp rate change,3,2024-11-02,24,pmf,decrease,0.0
2024-10-12,wk flu hosp rate change,3,2024-11-02,24,pmf,large_decrease,0.0
2024-10-12,wk flu hosp rate change,0,2024-10-12,25,pmf,stable,0.974
2024-10-12,wk flu hosp rate change,0,2024-10-12,25,pmf,increase,0.026
2024-10-12,wk flu hosp rate change,0,2024-10-12,25,pmf,large_increase,0.0
2024-10-12,wk flu hosp rate change,0,2024-10-12,25,pmf,decrease,0.0
2024-10-12,wk flu hosp rate change,0,2024-10-12,25,pmf,large_decrease,0.0
2024-10-12,wk flu hosp rate change,1,2024-10-19,25,pmf,stable,0.998
2024-10-12,wk flu hosp rate change,1,2024-10-19,25,pmf,increase,0.002
2024-10-12,wk flu hosp rate change,1,2024-10-19,25,pmf,large_increase,0.0
2024-10-12,wk flu hosp rate change,1,2024-10-19,25,pmf,decrease,0.0
2024-10-12,wk flu hosp rate change,1,2024-10-19,25,pmf,large_decrease,0.0
2024-10-12,wk flu hosp rate change,2,2024-10-26,25,pmf,stable,1.0
2024-10-12,wk flu hosp rate change,2,2024-10-26,25,pmf,increase,0.0
2024-10-12,wk flu hosp rate change,2,2024-10-26,25,pmf,large_increase,0.0
2024-10-12,wk flu hosp rate change,2,2024-10-26,25,pmf,decrease,0.0
2024-10-12,wk flu hosp rate change,2,2024-10-26,25,pmf,large_decrease,0.0
2024-10-12,wk flu hosp rate change,3,2024-11-02,25,pmf,stable,0.986
2024-10-12,wk flu hosp rate change,3,2024-11-02,25,pmf,increase,0.014
2024-10-12,wk flu hosp rate change,3,2024-11-02,25,pmf,large_increase,0.0
2024-10-12,wk flu hosp rate change,3,2024-11-02,25,pmf,decrease,0.0
2024-10-12,wk flu hosp rate change,3,2024-11-02,25,pmf,large_decrease,0.0
2024-10-12,wk flu hosp rate change,0,2024-10-12,26,pmf,stable,0.927
2024-10-12,wk flu hosp rate change,0,2024-10-12,26,pmf,increase,0.073
2024-10-12,wk flu hosp rate change,0,2024-10-12,26,pmf,large_increase,0.0
2024-10-12,wk flu hosp rate change,0,2024-10-12,26,pmf,decrease,0.0
2024-10-12,wk flu hosp rate change,0,2024-10-12,26,pmf,large_decrease,0.0
2024-10-12,wk flu hosp rate change,1,2024-10-19,26,pmf,stable,0.975
2024-10-12,wk flu hosp rate change,1,2024-10-19,26,pmf,increase,0.025
2024-10-12,wk flu hosp rate change,1,2024-10-19,26,pmf,large_increase,0.0
2024-10-12,wk flu hosp rate change,1,2024-10-19,26,pmf,decrease,0.0
2024-10-12,wk flu hosp rate change,1,2024-10-19,26,pmf,large_decrease,0.0
2024-10-12,wk flu hosp rate change,2,2024-10-26,26,pmf,stable,0.977
2024-10-12,wk flu hosp rate change,2,2024-10-26,26,pmf,increase,0.023
2024-10-12,wk flu hosp rate change,2,2024-10-26,26,pmf,large_increase,0.0
2024-10-12,wk flu hosp rate change,2,2024-10-26,26,pmf,decrease,0.0
2024-10-12,wk flu hosp rate change,2,2024-10-26,26,pmf,large_decrease,0.0
2024-10-12,wk flu hosp rate change,3,2024-11-02,26,pmf,stable,0.946
2024-10-12,wk flu hosp rate change,3,2024-11-02,26,pmf,increase,0.054
2024-10-12,wk flu hosp rate change,3,2024-11-02,26,pmf,large_increase,0.0
2024-10-12,wk flu hosp rate change,3,2024-11-02,26,pmf,decrease,0.0
2024-10-12,wk flu hosp rate change,3,2024-11-02,26,pmf,large_decrease,0.0
2024-10-12,wk flu hosp rate change,0,2024-10-12,27,pmf,stable,0.904
2024-10-12,wk flu hosp rate change,0,2024-10-12,27,pmf,increase,0.096
2024-10-12,wk flu hosp rate change,0,2024-10-12,27,pmf,large_increase,0.0
2024-10-12,wk flu hosp rate change,0,2024-10-12,27,pmf,decrease,0.0
2024-10-12,wk flu hosp rate change,0,2024-10-12,27,pmf,large_decrease,0.0
2024-10-12,wk flu hosp rate change,1,2024-10-19,27,pmf,stable,0.955
2024-10-12,wk flu hosp rate change,1,2024-10-19,27,pmf,increase,0.045
2024-10-12,wk flu hosp rate change,1,2024-10-19,27,pmf,large_increase,0.0
2024-10-12,wk flu hosp rate change,1,2024-10-19,27,pmf,decrease,0.0
2024-10-12,wk flu hosp rate change,1,2024-10-19,27,pmf,large_decrease,0.0
2024-10-12,wk flu hosp rate change,2,2024-10-26,27,pmf,stable,0.966
2024-10-12,wk flu hosp rate change,2,2024-10-26,27,pmf,increase,0.034
2024-10-12,wk flu hosp rate change,2,2024-10-26,27,pmf,large_increase,0.0
2024-10-12,wk flu hosp rate change,2,2024-10-26,27,pmf,decrease,0.0
2024-10-12,wk flu hosp rate change,2,2024-10-26,27,pmf,large_decrease,0.0
2024-10-12,wk flu hosp rate change,3,2024-11-02,27,pmf,stable,0.955
2024-10-12,wk flu hosp rate change,3,2024-11-02,27,pmf,increase,0.045
2024-10-12,wk flu hosp rate change,3,2024-11-02,27,pmf,large_increase,0.0
2024-10-12,wk flu hosp rate change,3,2024-11-02,27,pmf,decrease,0.0
2024-10-12,wk flu hosp rate change,3,2024-11-02,27,pmf,large_decrease,0.0
2024-10-12,wk flu hosp rate change,0,2024-10-12,28,pmf,stable,0.857
2024-10-12,wk flu hosp rate change,0,2024-10-12,28,pmf,increase,0.143
2024-10-12,wk flu hosp rate change,0,2024-10-12,28,pmf,large_increase,0.0
2024-10-12,wk flu hosp rate change,0,2024-10-12,28,pmf,decrease,0.0
2024-10-12,wk flu hosp rate change,0,2024-10-12,28,pmf,large_decrease,0.0
2024-10-12,wk flu hosp rate change,1,2024-10-19,28,pmf,stable,0.912
2024-10-12,wk flu hosp rate change,1,2024-10-19,28,pmf,increase,0.087
2024-10-12,wk flu hosp rate change,1,2024-10-19,28,pmf,large_increase,0.001
2024-10-12,wk flu hosp rate change,1,2024-10-19,28,pmf,decrease,0.0
2024-10-12,wk flu hosp rate change,1,2024-10-19,28,pmf,large_decrease,0.0
2024-10-12,wk flu hosp rate change,2,2024-10-26,28,pmf,stable,0.884
2024-10-12,wk flu hosp rate change,2,2024-10-26,28,pmf,increase,0.116
2024-10-12,wk flu hosp rate change,2,2024-10-26,28,pmf,large_increase,0.0
2024-10-12,wk flu hosp rate change,2,2024-10-26,28,pmf,decrease,0.0
2024-10-12,wk flu hosp rate change,2,2024-10-26,28,pmf,large_decrease,0.0
2024-10-12,wk flu hosp rate change,3,2024-11-02,28,pmf,stable,0.676
2024-10-12,wk flu hosp rate change,3,2024-11-02,28,pmf,increase,0.299
2024-10-12,wk flu hosp rate change,3,2024-11-02,28,pmf,large_increase,0.025
2024-10-12,wk flu hosp rate change,3,2024-11-02,28,pmf,decrease,0.0
2024-10-12,wk flu hosp rate change,3,2024-11-02,28,pmf,large_decrease,0.0
2024-10-12,wk flu hosp rate change,0,2024-10-12,29,pmf,stable,0.738
2024-10-12,wk flu hosp rate change,0,2024-10-12,29,pmf,increase,0.226
2024-10-12,wk flu hosp rate change,0,2024-10-12,29,pmf,large_increase,0.036
2024-10-12,wk flu hosp rate change,0,2024-10-12,29,pmf,decrease,0.0
2024-10-12,wk flu hosp rate change,0,2024-10-12,29,pmf,large_decrease,0.0
2024-10-12,wk flu hosp rate change,1,2024-10-19,29,pmf,stable,0.829
2024-10-12,wk flu hosp rate change,1,2024-10-19,29,pmf,increase,0.134
2024-10-12,wk flu hosp rate change,1,2024-10-19,29,pmf,large_increase,0.037
2024-10-12,wk flu hosp rate change,1,2024-10-19,29,pmf,decrease,0.0
2024-10-12,wk flu hosp rate change,1,2024-10-19,29,pmf,large_decrease,0.0
2024-10-12,wk flu hosp rate change,2,2024-10-26,29,pmf,stable,0.791
2024-10-12,wk flu hosp rate change,2,2024-10-26,29,pmf,increase,0.17
2024-10-12,wk flu hosp rate change,2,2024-10-26,29,pmf,large_increase,0.039
2024-10-12,wk flu hosp rate change,2,2024-10-26,29,pmf,decrease,0.0
2024-10-12,wk flu hosp rate change,2,2024-10-26,29,pmf,large_decrease,0.0
2024-10-12,wk flu hosp rate change,3,2024-11-02,29,pmf,stable,0.72
2024-10-12,wk flu hosp rate change,3,2024-11-02,29,pmf,increase,0.201
2024-10-12,wk flu hosp rate change,3,2024-11-02,29,pmf,large_increase,0.079
2024-10-12,wk flu hosp rate change,3,2024-11-02,29,pmf,decrease,0.0
2024-10-12,wk flu hosp rate change,3,2024-11-02,29,pmf,large_decrease,0.0
2024-10-12,wk flu hosp rate change,0,2024-10-12,30,pmf,stable,0.89
2024-10-12,wk flu hosp rate change,0,2024-10-12,30,pmf,increase,0.11
2024-10-12,wk flu hosp rate change,0,2024-10-12,30,pmf,large_increase,0.0
2024-10-12,wk flu hosp rate change,0,2024-10-12,30,pmf,decrease,0.0
2024-10-12,wk flu hosp rate change,0,2024-10-12,30,pmf,large_decrease,0.0
2024-10-12,wk flu hosp rate change,1,2024-10-19,30,pmf,stable,0.961
2024-10-12,wk flu hosp rate change,1,2024-10-19,30,pmf,increase,0.039
2024-10-12,wk flu hosp rate change,1,2024-10-19,30,pmf,large_increase,0.0
2024-10-12,wk flu hosp rate change,1,2024-10-19,30,pmf,decrease,0.0
2024-10-12,wk flu hosp rate change,1,2024-10-19,30,pmf,large_decrease,0.0
2024-10-12,wk flu hosp rate change,2,2024-10-26,30,pmf,stable,0.97
2024-10-12,wk flu hosp rate change,2,2024-10-26,30,pmf,increase,0.03
2024-10-12,wk flu hosp rate change,2,2024-10-26,30,pmf,large_increase,0.0
2024-10-12,wk flu hosp rate change,2,2024-10-26,30,pmf,decrease,0.0
2024-10-12,wk flu hosp rate change,2,2024-10-26,30,pmf,large_decrease,0.0
2024-10-12,wk flu hosp rate change,3,2024-11-02,30,pmf,stable,0.944
2024-10-12,wk flu hosp rate change,3,2024-11-02,30,pmf,increase,0.056
2024-10-12,wk flu hosp rate change,3,2024-11-02,30,pmf,large_increase,0.0
2024-10-12,wk flu hosp rate change,3,2024-11-02,30,pmf,decrease,0.0
2024-10-12,wk flu hosp rate change,3,2024-11-02,30,pmf,large_decrease,0.0
2024-10-12,wk flu hosp rate change,0,2024-10-12,31,pmf,stable,0.93
2024-10-12,wk flu hosp rate change,0,2024-10-12,31,pmf,increase,0.07
2024-10-12,wk flu hosp rate change,0,2024-10-12,31,pmf,large_increase,0.0
2024-10-12,wk flu hosp rate change,0,2024-10-12,31,pmf,decrease,0.0
2024-10-12,wk flu hosp rate change,0,2024-10-12,31,pmf,large_decrease,0.0
2024-10-12,wk flu hosp rate change,1,2024-10-19,31,pmf,stable,0.993
2024-10-12,wk flu hosp rate change,1,2024-10-19,31,pmf,increase,0.007
2024-10-12,wk flu hosp rate change,1,2024-10-19,31,pmf,large_increase,0.0
2024-10-12,wk flu hosp rate change,1,2024-10-19,31,pmf,decrease,0.0
2024-10-12,wk flu hosp rate change,1,2024-10-19,31,pmf,large_decrease,0.0
2024-10-12,wk flu hosp rate change,2,2024-10-26,31,pmf,stable,0.997
2024-10-12,wk flu hosp rate change,2,2024-10-26,31,pmf,increase,0.003
2024-10-12,wk flu hosp rate change,2,2024-10-26,31,pmf,large_increase,0.0
2024-10-12,wk flu hosp rate change,2,2024-10-26,31,pmf,decrease,0.0
2024-10-12,wk flu hosp rate change,2,2024-10-26,31,pmf,large_decrease,0.0
2024-10-12,wk flu hosp rate change,3,2024-11-02,31,pmf,stable,0.98
2024-10-12,wk flu hosp rate change,3,2024-11-02,31,pmf,increase,0.02
2024-10-12,wk flu hosp rate change,3,2024-11-02,31,pmf,large_increase,0.0
2024-10-12,wk flu hosp rate change,3,2024-11-02,31,pmf,decrease,0.0
2024-10-12,wk flu hosp rate change,3,2024-11-02,31,pmf,large_decrease,0.0
2024-10-12,wk flu hosp rate change,0,2024-10-12,32,pmf,stable,0.814
2024-10-12,wk flu hosp rate change,0,2024-10-12,32,pmf,increase,0.186
2024-10-12,wk flu hosp rate change,0,2024-10-12,32,pmf,large_increase,0.0
2024-10-12,wk flu hosp rate change,0,2024-10-12,32,pmf,decrease,0.0
2024-10-12,wk flu hosp rate change,0,2024-10-12,32,pmf,large_decrease,0.0
2024-10-12,wk flu hosp rate change,1,2024-10-19,32,pmf,stable,0.909
2024-10-12,wk flu hosp rate change,1,2024-10-19,32,pmf,increase,0.089
2024-10-12,wk flu hosp rate change,1,2024-10-19,32,pmf,large_increase,0.002
2024-10-12,wk flu hosp rate change,1,2024-10-19,32,pmf,decrease,0.0
2024-10-12,wk flu hosp rate change,1,2024-10-19,32,pmf,large_decrease,0.0
2024-10-12,wk flu hosp rate change,2,2024-10-26,32,pmf,stable,0.921
2024-10-12,wk flu hosp rate change,2,2024-10-26,32,pmf,increase,0.079
2024-10-12,wk flu hosp rate change,2,2024-10-26,32,pmf,large_increase,0.0
2024-10-12,wk flu hosp rate change,2,2024-10-26,32,pmf,decrease,0.0
2024-10-12,wk flu hosp rate change,2,2024-10-26,32,pmf,large_decrease,0.0
2024-10-12,wk flu hosp rate change,3,2024-11-02,32,pmf,stable,0.801
2024-10-12,wk flu hosp rate change,3,2024-11-02,32,pmf,increase,0.18
2024-10-12,wk flu hosp rate change,3,2024-11-02,32,pmf,large_increase,0.019
2024-10-12,wk flu hosp rate change,3,2024-11-02,32,pmf,decrease,0.0
2024-10-12,wk flu hosp rate change,3,2024-11-02,32,pmf,large_decrease,0.0
2024-10-12,wk flu hosp rate change,0,2024-10-12,33,pmf,stable,0.882
2024-10-12,wk flu hosp rate change,0,2024-10-12,33,pmf,increase,0.118
2024-10-12,wk flu hosp rate change,0,2024-10-12,33,pmf,large_increase,0.0
2024-10-12,wk flu hosp rate change,0,2024-10-12,33,pmf,decrease,0.0
2024-10-12,wk flu hosp rate change,0,2024-10-12,33,pmf,large_decrease,0.0
2024-10-12,wk flu hosp rate change,1,2024-10-19,33,pmf,stable,0.935
2024-10-12,wk flu hosp rate change,1,2024-10-19,33,pmf,increase,0.065
2024-10-12,wk flu hosp rate change,1,2024-10-19,33,pmf,large_increase,0.0
2024-10-12,wk flu hosp rate change,1,2024-10-19,33,pmf,decrease,0.0
2024-10-12,wk flu hosp rate change,1,2024-10-19,33,pmf,large_decrease,0.0
2024-10-12,wk flu hosp rate change,2,2024-10-26,33,pmf,stable,0.948
2024-10-12,wk flu hosp rate change,2,2024-10-26,33,pmf,increase,0.052
2024-10-12,wk flu hosp rate change,2,2024-10-26,33,pmf,large_increase,0.0
2024-10-12,wk flu hosp rate change,2,2024-10-26,33,pmf,decrease,0.0
2024-10-12,wk flu hosp rate change,2,2024-10-26,33,pmf,large_decrease,0.0
2024-10-12,wk flu hosp rate change,3,2024-11-02,33,pmf,stable,0.918
2024-10-12,wk flu hosp rate change,3,2024-11-02,33,pmf,increase,0.082
2024-10-12,wk flu hosp rate change,3,2024-11-02,33,pmf,large_increase,0.0
2024-10-12,wk flu hosp rate change,3,2024-11-02,33,pmf,decrease,0.0
2024-10-12,wk flu hosp rate change,3,2024-11-02,33,pmf,large_decrease,0.0
2024-10-12,wk flu hosp rate change,0,2024-10-12,34,pmf,stable,0.886
2024-10-12,wk flu hosp rate change,0,2024-10-12,34,pmf,increase,0.114
2024-10-12,wk flu hosp rate change,0,2024-10-12,34,pmf,large_increase,0.0
2024-10-12,wk flu hosp rate change,0,2024-10-12,34,pmf,decrease,0.0
2024-10-12,wk flu hosp rate change,0,2024-10-12,34,pmf,large_decrease,0.0
2024-10-12,wk flu hosp rate change,1,2024-10-19,34,pmf,stable,0.966
2024-10-12,wk flu hosp rate change,1,2024-10-19,34,pmf,increase,0.034
2024-10-12,wk flu hosp rate change,1,2024-10-19,34,pmf,large_increase,0.0
2024-10-12,wk flu hosp rate change,1,2024-10-19,34,pmf,decrease,0.0
2024-10-12,wk flu hosp rate change,1,2024-10-19,34,pmf,large_decrease,0.0
2024-10-12,wk flu hosp rate change,2,2024-10-26,34,pmf,stable,0.966
2024-10-12,wk flu hosp rate change,2,2024-10-26,34,pmf,increase,0.034
2024-10-12,wk flu hosp rate change,2,2024-10-26,34,pmf,large_increase,0.0
2024-10-12,wk flu hosp rate change,2,2024-10-26,34,pmf,decrease,0.0
2024-10-12,wk flu hosp rate change,2,2024-10-26,34,pmf,large_decrease,0.0
2024-10-12,wk flu hosp rate change,3,2024-11-02,34,pmf,stable,0.939
2024-10-12,wk flu hosp rate change,3,2024-11-02,34,pmf,increase,0.061
2024-10-12,wk flu hosp rate change,3,2024-11-02,34,pmf,large_increase,0.0
2024-10-12,wk flu hosp rate change,3,2024-11-02,34,pmf,decrease,0.0
2024-10-12,wk flu hosp rate change,3,2024-11-02,34,pmf,large_decrease,0.0
2024-10-12,wk flu hosp rate change,0,2024-10-12,35,pmf,stable,0.859
2024-10-12,wk flu hosp rate change,0,2024-10-12,35,pmf,increase,0.141
2024-10-12,wk flu hosp rate change,0,2024-10-12,35,pmf,large_increase,0.0
2024-10-12,wk flu hosp rate change,0,2024-10-12,35,pmf,decrease,0.0
2024-10-12,wk flu hosp rate change,0,2024-10-12,35,pmf,large_decrease,0.0
2024-10-12,wk flu hosp rate change,1,2024-10-19,35,pmf,stable,0.949
2024-10-12,wk flu hosp rate change,1,2024-10-19,35,pmf,increase,0.051
2024-10-12,wk flu hosp rate change,1,2024-10-19,35,pmf,large_increase,0.0
2024-10-12,wk flu hosp rate change,1,2024-10-19,35,pmf,decrease,0.0
2024-10-12,wk flu hosp rate change,1,2024-10-19,35,pmf,large_decrease,0.0
2024-10-12,wk flu hosp rate change,2,2024-10-26,35,pmf,stable,0.949
2024-10-12,wk flu hosp rate change,2,2024-10-26,35,pmf,increase,0.051
2024-10-12,wk flu hosp rate change,2,2024-10-26,35,pmf,large_increase,0.0
2024-10-12,wk flu hosp rate change,2,2024-10-26,35,pmf,decrease,0.0
2024-10-12,wk flu hosp rate change,2,2024-10-26,35,pmf,large_decrease,0.0
2024-10-12,wk flu hosp rate change,3,2024-11-02,35,pmf,stable,0.869
2024-10-12,wk flu hosp rate change,3,2024-11-02,35,pmf,increase,0.131
2024-10-12,wk flu hosp rate change,3,2024-11-02,35,pmf,large_increase,0.0
2024-10-12,wk flu hosp rate change,3,2024-11-02,35,pmf,decrease,0.0
2024-10-12,wk flu hosp rate change,3,2024-11-02,35,pmf,large_decrease,0.0
2024-10-12,wk flu hosp rate change,0,2024-10-12,36,pmf,stable,0.962
2024-10-12,wk flu hosp rate change,0,2024-10-12,36,pmf,increase,0.038
2024-10-12,wk flu hosp rate change,0,2024-10-12,36,pmf,large_increase,0.0
2024-10-12,wk flu hosp rate change,0,2024-10-12,36,pmf,decrease,0.0
2024-10-12,wk flu hosp rate change,0,2024-10-12,36,pmf,large_decrease,0.0
2024-10-12,wk flu hosp rate change,1,2024-10-19,36,pmf,stable,0.993
2024-10-12,wk flu hosp rate change,1,2024-10-19,36,pmf,increase,0.007
2024-10-12,wk flu hosp rate change,1,2024-10-19,36,pmf,large_increase,0.0
2024-10-12,wk flu hosp rate change,1,2024-10-19,36,pmf,decrease,0.0
2024-10-12,wk flu hosp rate change,1,2024-10-19,36,pmf,large_decrease,0.0
2024-10-12,wk flu hosp rate change,2,2024-10-26,36,pmf,stable,0.999
2024-10-12,wk flu hosp rate change,2,2024-10-26,36,pmf,increase,0.001
2024-10-12,wk flu hosp rate change,2,2024-10-26,36,pmf,large_increase,0.0
2024-10-12,wk flu hosp rate change,2,2024-10-26,36,pmf,decrease,0.0
2024-10-12,wk flu hosp rate change,2,2024-10-26,36,pmf,large_decrease,0.0
2024-10-12,wk flu hosp rate change,3,2024-11-02,36,pmf,stable,0.981
2024-10-12,wk flu hosp rate change,3,2024-11-02,36,pmf,increase,0.019
2024-10-12,wk flu hosp rate change,3,2024-11-02,36,pmf,large_increase,0.0
2024-10-12,wk flu hosp rate change,3,2024-11-02,36,pmf,decrease,0.0
2024-10-12,wk flu hosp rate change,3,2024-11-02,36,pmf,large_decrease,0.0
2024-10-12,wk flu hosp rate change,0,2024-10-12,37,pmf,stable,0.944
2024-10-12,wk flu hosp rate change,0,2024-10-12,37,pmf,increase,0.056
2024-10-12,wk flu hosp rate change,0,2024-10-12,37,pmf,large_increase,0.0
2024-10-12,wk flu hosp rate change,0,2024-10-12,37,pmf,decrease,0.0
2024-10-12,wk flu hosp rate change,0,2024-10-12,37,pmf,large_decrease,0.0
2024-10-12,wk flu hosp rate change,1,2024-10-19,37,pmf,stable,0.98
2024-10-12,wk flu hosp rate change,1,2024-10-19,37,pmf,increase,0.02
2024-10-12,wk flu hosp rate change,1,2024-10-19,37,pmf,large_increase,0.0
2024-10-12,wk flu hosp rate change,1,2024-10-19,37,pmf,decrease,0.0
2024-10-12,wk flu hosp rate change,1,2024-10-19,37,pmf,large_decrease,0.0
2024-10-12,wk flu hosp rate change,2,2024-10-26,37,pmf,stable,0.984
2024-10-12,wk flu hosp rate change,2,2024-10-26,37,pmf,increase,0.016
2024-10-12,wk flu hosp rate change,2,2024-10-26,37,pmf,large_increase,0.0
2024-10-12,wk flu hosp rate change,2,2024-10-26,37,pmf,decrease,0.0
2024-10-12,wk flu hosp rate change,2,2024-10-26,37,pmf,large_decrease,0.0
2024-10-12,wk flu hosp rate change,3,2024-11-02,37,pmf,stable,0.958
2024-10-12,wk flu hosp rate change,3,2024-11-02,37,pmf,increase,0.042
2024-10-12,wk flu hosp rate change,3,2024-11-02,37,pmf,large_increase,0.0
2024-10-12,wk flu hosp rate change,3,2024-11-02,37,pmf,decrease,0.0
2024-10-12,wk flu hosp rate change,3,2024-11-02,37,pmf,large_decrease,0.0
2024-10-12,wk flu hosp rate change,0,2024-10-12,38,pmf,stable,0.924
2024-10-12,wk flu hosp rate change,0,2024-10-12,38,pmf,increase,0.076
2024-10-12,wk flu hosp rate change,0,2024-10-12,38,pmf,large_increase,0.0
2024-10-12,wk flu hosp rate change,0,2024-10-12,38,pmf,decrease,0.0
2024-10-12,wk flu hosp rate change,0,2024-10-12,38,pmf,large_decrease,0.0
2024-10-12,wk flu hosp rate change,1,2024-10-19,38,pmf,stable,0.987
2024-10-12,wk flu hosp rate change,1,2024-10-19,38,pmf,increase,0.013
2024-10-12,wk flu hosp rate change,1,2024-10-19,38,pmf,large_increase,0.0
2024-10-12,wk flu hosp rate change,1,2024-10-19,38,pmf,decrease,0.0
2024-10-12,wk flu hosp rate change,1,2024-10-19,38,pmf,large_decrease,0.0
2024-10-12,wk flu hosp rate change,2,2024-10-26,38,pmf,stable,0.998
2024-10-12,wk flu hosp rate change,2,2024-10-26,38,pmf,increase,0.002
2024-10-12,wk flu hosp rate change,2,2024-10-26,38,pmf,large_increase,0.0
2024-10-12,wk flu hosp rate change,2,2024-10-26,38,pmf,decrease,0.0
2024-10-12,wk flu hosp rate change,2,2024-10-26,38,pmf,large_decrease,0.0
2024-10-12,wk flu hosp rate change,3,2024-11-02,38,pmf,stable,0.981
2024-10-12,wk flu hosp rate change,3,2024-11-02,38,pmf,increase,0.019
2024-10-12,wk flu hosp rate change,3,2024-11-02,38,pmf,large_increase,0.0
2024-10-12,wk flu hosp rate change,3,2024-11-02,38,pmf,decrease,0.0
2024-10-12,wk flu hosp rate change,3,2024-11-02,38,pmf,large_decrease,0.0
2024-10-12,wk flu hosp rate change,0,2024-10-12,39,pmf,stable,0.997
2024-10-12,wk flu hosp rate change,0,2024-10-12,39,pmf,increase,0.003
2024-10-12,wk flu hosp rate change,0,2024-10-12,39,pmf,large_increase,0.0
2024-10-12,wk flu hosp rate change,0,2024-10-12,39,pmf,decrease,0.0
2024-10-12,wk flu hosp rate change,0,2024-10-12,39,pmf,large_decrease,0.0
2024-10-12,wk flu hosp rate change,1,2024-10-19,39,pmf,stable,1.0
2024-10-12,wk flu hosp rate change,1,2024-10-19,39,pmf,increase,0.0
2024-10-12,wk flu hosp rate change,1,2024-10-19,39,pmf,large_increase,0.0
2024-10-12,wk flu hosp rate change,1,2024-10-19,39,pmf,decrease,0.0
2024-10-12,wk flu hosp rate change,1,2024-10-19,39,pmf,large_decrease,0.0
2024-10-12,wk flu hosp rate change,2,2024-10-26,39,pmf,stable,1.0
2024-10-12,wk flu hosp rate change,2,2024-10-26,39,pmf,increase,0.0
2024-10-12,wk flu hosp rate change,2,2024-10-26,39,pmf,large_increase,0.0
2024-10-12,wk flu hosp rate change,2,2024-10-26,39,pmf,decrease,0.0
2024-10-12,wk flu hosp rate change,2,2024-10-26,39,pmf,large_decrease,0.0
2024-10-12,wk flu hosp rate change,3,2024-11-02,39,pmf,stable,1.0
2024-10-12,wk flu hosp rate change,3,2024-11-02,39,pmf,increase,0.0
2024-10-12,wk flu hosp rate change,3,2024-11-02,39,pmf,large_increase,0.0
2024-10-12,wk flu hosp rate change,3,2024-11-02,39,pmf,decrease,0.0
2024-10-12,wk flu hosp rate change,3,2024-11-02,39,pmf,large_decrease,0.0
2024-10-12,wk flu hosp rate change,0,2024-10-12,40,pmf,stable,0.72
2024-10-12,wk flu hosp rate change,0,2024-10-12,40,pmf,increase,0.213
2024-10-12,wk flu hosp rate change,0,2024-10-12,40,pmf,large_increase,0.067
2024-10-12,wk flu hosp rate change,0,2024-10-12,40,pmf,decrease,0.0
2024-10-12,wk flu hosp rate change,0,2024-10-12,40,pmf,large_decrease,0.0
2024-10-12,wk flu hosp rate change,1,2024-10-19,40,pmf,stable,0.717
2024-10-12,wk flu hosp rate change,1,2024-10-19,40,pmf,increase,0.192
2024-10-12,wk flu hosp rate change,1,2024-10-19,40,pmf,large_increase,0.091
2024-10-12,wk flu hosp rate change,1,2024-10-19,40,pmf,decrease,0.0
2024-10-12,wk flu hosp rate change,1,2024-10-19,40,pmf,large_decrease,0.0
2024-10-12,wk flu hosp rate change,2,2024-10-26,40,pmf,stable,0.688
2024-10-12,wk flu hosp rate change,2,2024-10-26,40,pmf,increase,0.219
2024-10-12,wk flu hosp rate change,2,2024-10-26,40,pmf,large_increase,0.093
2024-10-12,wk flu hosp rate change,2,2024-10-26,40,pmf,decrease,0.0
2024-10-12,wk flu hosp rate change,2,2024-10-26,40,pmf,large_decrease,0.0
2024-10-12,wk flu hosp rate change,3,2024-11-02,40,pmf,stable,0.606
2024-10-12,wk flu hosp rate change,3,2024-11-02,40,pmf,increase,0.211
2024-10-12,wk flu hosp rate change,3,2024-11-02,40,pmf,large_increase,0.183
2024-10-12,wk flu hosp rate change,3,2024-11-02,40,pmf,decrease,0.0
2024-10-12,wk flu hosp rate change,3,2024-11-02,40,pmf,large_decrease,0.0
2024-10-12,wk flu hosp rate change,0,2024-10-12,41,pmf,stable,0.83
2024-10-12,wk flu hosp rate change,0,2024-10-12,41,pmf,increase,0.17
2024-10-12,wk flu hosp rate change,0,2024-10-12,41,pmf,large_increase,0.0
2024-10-12,wk flu hosp rate change,0,2024-10-12,41,pmf,decrease,0.0
2024-10-12,wk flu hosp rate change,0,2024-10-12,41,pmf,large_decrease,0.0
2024-10-12,wk flu hosp rate change,1,2024-10-19,41,pmf,stable,0.916
2024-10-12,wk flu hosp rate change,1,2024-10-19,41,pmf,increase,0.082
2024-10-12,wk flu hosp rate change,1,2024-10-19,41,pmf,large_increase,0.002
2024-10-12,wk flu hosp rate change,1,2024-10-19,41,pmf,decrease,0.0
2024-10-12,wk flu hosp rate change,1,2024-10-19,41,pmf,large_decrease,0.0
2024-10-12,wk flu hosp rate change,2,2024-10-26,41,pmf,stable,0.927
2024-10-12,wk flu hosp rate change,2,2024-10-26,41,pmf,increase,0.073
2024-10-12,wk flu hosp rate change,2,2024-10-26,41,pmf,large_increase,0.0
2024-10-12,wk flu hosp rate change,2,2024-10-26,41,pmf,decrease,0.0
2024-10-12,wk flu hosp rate change,2,2024-10-26,41,pmf,large_decrease,0.0
2024-10-12,wk flu hosp rate change,3,2024-11-02,41,pmf,stable,0.856
2024-10-12,wk flu hosp rate change,3,2024-11-02,41,pmf,increase,0.131
2024-10-12,wk flu hosp rate change,3,2024-11-02,41,pmf,large_increase,0.013
2024-10-12,wk flu hosp rate change,3,2024-11-02,41,pmf,decrease,0.0
2024-10-12,wk flu hosp rate change,3,2024-11-02,41,pmf,large_decrease,0.0
2024-10-12,wk flu hosp rate change,0,2024-10-12,42,pmf,stable,0.883
2024-10-12,wk flu hosp rate change,0,2024-10-12,42,pmf,increase,0.117
2024-10-12,wk flu hosp rate change,0,2024-10-12,42,pmf,large_increase,0.0
2024-10-12,wk flu hosp rate change,0,2024-10-12,42,pmf,decrease,0.0
2024-10-12,wk flu hosp rate change,0,2024-10-12,42,pmf,large_decrease,0.0
2024-10-12,wk flu hosp rate change,1,2024-10-19,42,pmf,stable,0.936
2024-10-12,wk flu hosp rate change,1,2024-10-19,42,pmf,increase,0.064
2024-10-12,wk flu hosp rate change,1,2024-10-19,42,pmf,large_increase,0.0
2024-10-12,wk flu hosp rate change,1,2024-10-19,42,pmf,decrease,0.0
2024-10-12,wk flu hosp rate change,1,2024-10-19,42,pmf,large_decrease,0.0
2024-10-12,wk flu hosp rate change,2,2024-10-26,42,pmf,stable,0.952
2024-10-12,wk flu hosp rate change,2,2024-10-26,42,pmf,increase,0.048
2024-10-12,wk flu hosp rate change,2,2024-10-26,42,pmf,large_increase,0.0
2024-10-12,wk flu hosp rate change,2,2024-10-26,42,pmf,decrease,0.0
2024-10-12,wk flu hosp rate change,2,2024-10-26,42,pmf,large_decrease,0.0
2024-10-12,wk flu hosp rate change,3,2024-11-02,42,pmf,stable,0.905
2024-10-12,wk flu hosp rate change,3,2024-11-02,42,pmf,increase,0.095
2024-10-12,wk flu hosp rate change,3,2024-11-02,42,pmf,large_increase,0.0
2024-10-12,wk flu hosp rate change,3,2024-11-02,42,pmf,decrease,0.0
2024-10-12,wk flu hosp rate change,3,2024-11-02,42,pmf,large_decrease,0.0
2024-10-12,wk flu hosp rate change,0,2024-10-12,44,pmf,stable,0.97
2024-10-12,wk flu hosp rate change,0,2024-10-12,44,pmf,increase,0.03
2024-10-12,wk flu hosp rate change,0,2024-10-12,44,pmf,large_increase,0.0
2024-10-12,wk flu hosp rate change,0,2024-10-12,44,pmf,decrease,0.0
2024-10-12,wk flu hosp rate change,0,2024-10-12,44,pmf,large_decrease,0.0
2024-10-12,wk flu hosp rate change,1,2024-10-19,44,pmf,stable,0.998
2024-10-12,wk flu hosp rate change,1,2024-10-19,44,pmf,increase,0.002
2024-10-12,wk flu hosp rate change,1,2024-10-19,44,pmf,large_increase,0.0
2024-10-12,wk flu hosp rate change,1,2024-10-19,44,pmf,decrease,0.0
2024-10-12,wk flu hosp rate change,1,2024-10-19,44,pmf,large_decrease,0.0
2024-10-12,wk flu hosp rate change,2,2024-10-26,44,pmf,stable,1.0
2024-10-12,wk flu hosp rate change,2,2024-10-26,44,pmf,increase,0.0
2024-10-12,wk flu hosp rate change,2,2024-10-26,44,pmf,large_increase,0.0
2024-10-12,wk flu hosp rate change,2,2024-10-26,44,pmf,decrease,0.0
2024-10-12,wk flu hosp rate change,2,2024-10-26,44,pmf,large_decrease,0.0
2024-10-12,wk flu hosp rate change,3,2024-11-02,44,pmf,stable,0.987
2024-10-12,wk flu hosp rate change,3,2024-11-02,44,pmf,increase,0.013
2024-10-12,wk flu hosp rate change,3,2024-11-02,44,pmf,large_increase,0.0
2024-10-12,wk flu hosp rate change,3,2024-11-02,44,pmf,decrease,0.0
2024-10-12,wk flu hosp rate change,3,2024-11-02,44,pmf,large_decrease,0.0
2024-10-12,wk flu hosp rate change,0,2024-10-12,45,pmf,stable,0.97
2024-10-12,wk flu hosp rate change,0,2024-10-12,45,pmf,increase,0.03
2024-10-12,wk flu hosp rate change,0,2024-10-12,45,pmf,large_increase,0.0
2024-10-12,wk flu hosp rate change,0,2024-10-12,45,pmf,decrease,0.0
2024-10-12,wk flu hosp rate change,0,2024-10-12,45,pmf,large_decrease,0.0
2024-10-12,wk flu hosp rate change,1,2024-10-19,45,pmf,stable,0.998
2024-10-12,wk flu hosp rate change,1,2024-10-19,45,pmf,increase,0.002
2024-10-12,wk flu hosp rate change,1,2024-10-19,45,pmf,large_increase,0.0
2024-10-12,wk flu hosp rate change,1,2024-10-19,45,pmf,decrease,0.0
2024-10-12,wk flu hosp rate change,1,2024-10-19,45,pmf,large_decrease,0.0
2024-10-12,wk flu hosp rate change,2,2024-10-26,45,pmf,stable,1.0
2024-10-12,wk flu hosp rate change,2,2024-10-26,45,pmf,increase,0.0
2024-10-12,wk flu hosp rate change,2,2024-10-26,45,pmf,large_increase,0.0
2024-10-12,wk flu hosp rate change,2,2024-10-26,45,pmf,decrease,0.0
2024-10-12,wk flu hosp rate change,2,2024-10-26,45,pmf,large_decrease,0.0
2024-10-12,wk flu hosp rate change,3,2024-11-02,45,pmf,stable,0.981
2024-10-12,wk flu hosp rate change,3,2024-11-02,45,pmf,increase,0.019
2024-10-12,wk flu hosp rate change,3,2024-11-02,45,pmf,large_increase,0.0
2024-10-12,wk flu hosp rate change,3,2024-11-02,45,pmf,decrease,0.0
2024-10-12,wk flu hosp rate change,3,2024-11-02,45,pmf,large_decrease,0.0
2024-10-12,wk flu hosp rate change,0,2024-10-12,46,pmf,stable,0.89
2024-10-12,wk flu hosp rate change,0,2024-10-12,46,pmf,increase,0.11
2024-10-12,wk flu hosp rate change,0,2024-10-12,46,pmf,large_increase,0.0
2024-10-12,wk flu hosp rate change,0,2024-10-12,46,pmf,decrease,0.0
2024-10-12,wk flu hosp rate change,0,2024-10-12,46,pmf,large_decrease,0.0
2024-10-12,wk flu hosp rate change,1,2024-10-19,46,pmf,stable,0.93
2024-10-12,wk flu hosp rate change,1,2024-10-19,46,pmf,increase,0.07
2024-10-12,wk flu hosp rate change,1,2024-10-19,46,pmf,large_increase,0.0
2024-10-12,wk flu hosp rate change,1,2024-10-19,46,pmf,decrease,0.0
2024-10-12,wk flu hosp rate change,1,2024-10-19,46,pmf,large_decrease,0.0
2024-10-12,wk flu hosp rate change,2,2024-10-26,46,pmf,stable,0.94
2024-10-12,wk flu hosp rate change,2,2024-10-26,46,pmf,increase,0.06
2024-10-12,wk flu hosp rate change,2,2024-10-26,46,pmf,large_increase,0.0
2024-10-12,wk flu hosp rate change,2,2024-10-26,46,pmf,decrease,0.0
2024-10-12,wk flu hosp rate change,2,2024-10-26,46,pmf,large_decrease,0.0
2024-10-12,wk flu hosp rate change,3,2024-11-02,46,pmf,stable,0.899
2024-10-12,wk flu hosp rate change,3,2024-11-02,46,pmf,increase,0.1
2024-10-12,wk flu hosp rate change,3,2024-11-02,46,pmf,large_increase,0.001
2024-10-12,wk flu hosp rate change,3,2024-11-02,46,pmf,decrease,0.0
2024-10-12,wk flu hosp rate change,3,2024-11-02,46,pmf,large_decrease,0.0
2024-10-12,wk flu hosp rate change,0,2024-10-12,47,pmf,stable,0.97
2024-10-12,wk flu hosp rate change,0,2024-10-12,47,pmf,increase,0.03
2024-10-12,wk flu hosp rate change,0,2024-10-12,47,pmf,large_increase,0.0
2024-10-12,wk flu hosp rate change,0,2024-10-12,47,pmf,decrease,0.0
2024-10-12,wk flu hosp rate change,0,2024-10-12,47,pmf,large_decrease,0.0
2024-10-12,wk flu hosp rate change,1,2024-10-19,47,pmf,stable,0.997
2024-10-12,wk flu hosp rate change,1,2024-10-19,47,pmf,increase,0.003
2024-10-12,wk flu hosp rate change,1,2024-10-19,47,pmf,large_increase,0.0
2024-10-12,wk flu hosp rate change,1,2024-10-19,47,pmf,decrease,0.0
2024-10-12,wk flu hosp rate change,1,2024-10-19,47,pmf,large_decrease,0.0
2024-10-12,wk flu hosp rate change,2,2024-10-26,47,pmf,stable,0.999
2024-10-12,wk flu hosp rate change,2,2024-10-26,47,pmf,increase,0.001
2024-10-12,wk flu hosp rate change,2,2024-10-26,47,pmf,large_increase,0.0
2024-10-12,wk flu hosp rate change,2,2024-10-26,47,pmf,decrease,0.0
2024-10-12,wk flu hosp rate change,2,2024-10-26,47,pmf,large_decrease,0.0
2024-10-12,wk flu hosp rate change,3,2024-11-02,47,pmf,stable,0.981
2024-10-12,wk flu hosp rate change,3,2024-11-02,47,pmf,increase,0.019
2024-10-12,wk flu hosp rate change,3,2024-11-02,47,pmf,large_increase,0.0
2024-10-12,wk flu hosp rate change,3,2024-11-02,47,pmf,decrease,0.0
2024-10-12,wk flu hosp rate change,3,2024-11-02,47,pmf,large_decrease,0.0
2024-10-12,wk flu hosp rate change,0,2024-10-12,48,pmf,stable,0.927
2024-10-12,wk flu hosp rate change,0,2024-10-12,48,pmf,increase,0.073
2024-10-12,wk flu hosp rate change,0,2024-10-12,48,pmf,large_increase,0.0
2024-10-12,wk flu hosp rate change,0,2024-10-12,48,pmf,decrease,0.0
2024-10-12,wk flu hosp rate change,0,2024-10-12,48,pmf,large_decrease,0.0
2024-10-12,wk flu hosp rate change,1,2024-10-19,48,pmf,stable,0.971
2024-10-12,wk flu hosp rate change,1,2024-10-19,48,pmf,increase,0.029
2024-10-12,wk flu hosp rate change,1,2024-10-19,48,pmf,large_increase,0.0
2024-10-12,wk flu hosp rate change,1,2024-10-19,48,pmf,decrease,0.0
2024-10-12,wk flu hosp rate change,1,2024-10-19,48,pmf,large_decrease,0.0
2024-10-12,wk flu hosp rate change,2,2024-10-26,48,pmf,stable,0.967
2024-10-12,wk flu hosp rate change,2,2024-10-26,48,pmf,increase,0.033
2024-10-12,wk flu hosp rate change,2,2024-10-26,48,pmf,large_increase,0.0
2024-10-12,wk flu hosp rate change,2,2024-10-26,48,pmf,decrease,0.0
2024-10-12,wk flu hosp rate change,2,2024-10-26,48,pmf,large_decrease,0.0
2024-10-12,wk flu hosp rate change,3,2024-11-02,48,pmf,stable,0.919
2024-10-12,wk flu hosp rate change,3,2024-11-02,48,pmf,increase,0.081
2024-10-12,wk flu hosp rate change,3,2024-11-02,48,pmf,large_increase,0.0
2024-10-12,wk flu hosp rate change,3,2024-11-02,48,pmf,decrease,0.0
2024-10-12,wk flu hosp rate change,3,2024-11-02,48,pmf,large_decrease,0.0
2024-10-12,wk flu hosp rate change,0,2024-10-12,49,pmf,stable,1.0
2024-10-12,wk flu hosp rate change,0,2024-10-12,49,pmf,increase,0.0
2024-10-12,wk flu hosp rate change,0,2024-10-12,49,pmf,large_increase,0.0
2024-10-12,wk flu hosp rate change,0,2024-10-12,49,pmf,decrease,0.0
2024-10-12,wk flu hosp rate change,0,2024-10-12,49,pmf,large_decrease,0.0
2024-10-12,wk flu hosp rate change,1,2024-10-19,49,pmf,stable,1.0
2024-10-12,wk flu hosp rate change,1,2024-10-19,49,pmf,increase,0.0
2024-10-12,wk flu hosp rate change,1,2024-10-19,49,pmf,large_increase,0.0
2024-10-12,wk flu hosp rate change,1,2024-10-19,49,pmf,decrease,0.0
2024-10-12,wk flu hosp rate change,1,2024-10-19,49,pmf,large_decrease,0.0
2024-10-12,wk flu hosp rate change,2,2024-10-26,49,pmf,stable,1.0
2024-10-12,wk flu hosp rate change,2,2024-10-26,49,pmf,increase,0.0
2024-10-12,wk flu hosp rate change,2,2024-10-26,49,pmf,large_increase,0.0
2024-10-12,wk flu hosp rate change,2,2024-10-26,49,pmf,decrease,0.0
2024-10-12,wk flu hosp rate change,2,2024-10-26,49,pmf,large_decrease,0.0
2024-10-12,wk flu hosp rate change,3,2024-11-02,49,pmf,stable,1.0
2024-10-12,wk flu hosp rate change,3,2024-11-02,49,pmf,increase,0.0
2024-10-12,wk flu hosp rate change,3,2024-11-02,49,pmf,large_increase,0.0
2024-10-12,wk flu hosp rate change,3,2024-11-02,49,pmf,decrease,0.0
2024-10-12,wk flu hosp rate change,3,2024-11-02,49,pmf,large_decrease,0.0
2024-10-12,wk flu hosp rate change,0,2024-10-12,50,pmf,stable,0.854
2024-10-12,wk flu hosp rate change,0,2024-10-12,50,pmf,increase,0.145
2024-10-12,wk flu hosp rate change,0,2024-10-12,50,pmf,large_increase,0.001
2024-10-12,wk flu hosp rate change,0,2024-10-12,50,pmf,decrease,0.0
2024-10-12,wk flu hosp rate change,0,2024-10-12,50,pmf,large_decrease,0.0
2024-10-12,wk flu hosp rate change,1,2024-10-19,50,pmf,stable,0.917
2024-10-12,wk flu hosp rate change,1,2024-10-19,50,pmf,increase,0.081
2024-10-12,wk flu hosp rate change,1,2024-10-19,50,pmf,large_increase,0.002
2024-10-12,wk flu hosp rate change,1,2024-10-19,50,pmf,decrease,0.0
2024-10-12,wk flu hosp rate change,1,2024-10-19,50,pmf,large_decrease,0.0
2024-10-12,wk flu hosp rate change,2,2024-10-26,50,pmf,stable,0.945
2024-10-12,wk flu hosp rate change,2,2024-10-26,50,pmf,increase,0.055
2024-10-12,wk flu hosp rate change,2,2024-10-26,50,pmf,large_increase,0.0
2024-10-12,wk flu hosp rate change,2,2024-10-26,50,pmf,decrease,0.0
2024-10-12,wk flu hosp rate change,2,2024-10-26,50,pmf,large_decrease,0.0
2024-10-12,wk flu hosp rate change,3,2024-11-02,50,pmf,stable,0.901
2024-10-12,wk flu hosp rate change,3,2024-11-02,50,pmf,increase,0.093
2024-10-12,wk flu hosp rate change,3,2024-11-02,50,pmf,large_increase,0.006
2024-10-12,wk flu hosp rate change,3,2024-11-02,50,pmf,decrease,0.0
2024-10-12,wk flu hosp rate change,3,2024-11-02,50,pmf,large_decrease,0.0
2024-10-12,wk flu hosp rate change,0,2024-10-12,51,pmf,stable,0.947
2024-10-12,wk flu hosp rate change,0,2024-10-12,51,pmf,increase,0.053
2024-10-12,wk flu hosp rate change,0,2024-10-12,51,pmf,large_increase,0.0
2024-10-12,wk flu hosp rate change,0,2024-10-12,51,pmf,decrease,0.0
2024-10-12,wk flu hosp rate change,0,2024-10-12,51,pmf,large_decrease,0.0
2024-10-12,wk flu hosp rate change,1,2024-10-19,51,pmf,stable,0.991
2024-10-12,wk flu hosp rate change,1,2024-10-19,51,pmf,increase,0.009
2024-10-12,wk flu hosp rate change,1,2024-10-19,51,pmf,large_increase,0.0
2024-10-12,wk flu hosp rate change,1,2024-10-19,51,pmf,decrease,0.0
2024-10-12,wk flu hosp rate change,1,2024-10-19,51,pmf,large_decrease,0.0
2024-10-12,wk flu hosp rate change,2,2024-10-26,51,pmf,stable,0.993
2024-10-12,wk flu hosp rate change,2,2024-10-26,51,pmf,increase,0.007
2024-10-12,wk flu hosp rate change,2,2024-10-26,51,pmf,large_increase,0.0
2024-10-12,wk flu hosp rate change,2,2024-10-26,51,pmf,decrease,0.0
2024-10-12,wk flu hosp rate change,2,2024-10-26,51,pmf,large_decrease,0.0
2024-10-12,wk flu hosp rate change,3,2024-11-02,51,pmf,stable,0.97
2024-10-12,wk flu hosp rate change,3,2024-11-02,51,pmf,increase,0.03
2024-10-12,wk flu hosp rate change,3,2024-11-02,51,pmf,large_increase,0.0
2024-10-12,wk flu hosp rate change,3,2024-11-02,51,pmf,decrease,0.0
2024-10-12,wk flu hosp rate change,3,2024-11-02,51,pmf,large_decrease,0.0
2024-10-12,wk flu hosp rate change,0,2024-10-12,53,pmf,stable,0.996
2024-10-12,wk flu hosp rate change,0,2024-10-12,53,pmf,increase,0.004
2024-10-12,wk flu hosp rate change,0,2024-10-12,53,pmf,large_increase,0.0
2024-10-12,wk flu hosp rate change,0,2024-10-12,53,pmf,decrease,0.0
2024-10-12,wk flu hosp rate change,0,2024-10-12,53,pmf,large_decrease,0.0
2024-10-12,wk flu hosp rate change,1,2024-10-19,53,pmf,stable,1.0
2024-10-12,wk flu hosp rate change,1,2024-10-19,53,pmf,increase,0.0
2024-10-12,wk flu hosp rate change,1,2024-10-19,53,pmf,large_increase,0.0
2024-10-12,wk flu hosp rate change,1,2024-10-19,53,pmf,decrease,0.0
2024-10-12,wk flu hosp rate change,1,2024-10-19,53,pmf,large_decrease,0.0
2024-10-12,wk flu hosp rate change,2,2024-10-26,53,pmf,stable,1.0
2024-10-12,wk flu hosp rate change,2,2024-10-26,53,pmf,increase,0.0
2024-10-12,wk flu hosp rate change,2,2024-10-26,53,pmf,large_increase,0.0
2024-10-12,wk flu hosp rate change,2,2024-10-26,53,pmf,decrease,0.0
2024-10-12,wk flu hosp rate change,2,2024-10-26,53,pmf,large_decrease,0.0
2024-10-12,wk flu hosp rate change,3,2024-11-02,53,pmf,stable,1.0
2024-10-12,wk flu hosp rate change,3,2024-11-02,53,pmf,increase,0.0
2024-10-12,wk flu hosp rate change,3,2024-11-02,53,pmf,large_increase,0.0
2024-10-12,wk flu hosp rate change,3,2024-11-02,53,pmf,decrease,0.0
2024-10-12,wk flu hosp rate change,3,2024-11-02,53,pmf,large_decrease,0.0
2024-10-12,wk flu hosp rate change,0,2024-10-12,54,pmf,stable,0.842
2024-10-12,wk flu hosp rate change,0,2024-10-12,54,pmf,increase,0.148
2024-10-12,wk flu hosp rate change,0,2024-10-12,54,pmf,large_increase,0.01
2024-10-12,wk flu hosp rate change,0,2024-10-12,54,pmf,decrease,0.0
2024-10-12,wk flu hosp rate change,0,2024-10-12,54,pmf,large_decrease,0.0
2024-10-12,wk flu hosp rate change,1,2024-10-19,54,pmf,stable,0.877
2024-10-12,wk flu hosp rate change,1,2024-10-19,54,pmf,increase,0.102
2024-10-12,wk flu hosp rate change,1,2024-10-19,54,pmf,large_increase,0.021
2024-10-12,wk flu hosp rate change,1,2024-10-19,54,pmf,decrease,0.0
2024-10-12,wk flu hosp rate change,1,2024-10-19,54,pmf,large_decrease,0.0
2024-10-12,wk flu hosp rate change,2,2024-10-26,54,pmf,stable,0.846
2024-10-12,wk flu hosp rate change,2,2024-10-26,54,pmf,increase,0.13
2024-10-12,wk flu hosp rate change,2,2024-10-26,54,pmf,large_increase,0.024
2024-10-12,wk flu hosp rate change,2,2024-10-26,54,pmf,decrease,0.0
2024-10-12,wk flu hosp rate change,2,2024-10-26,54,pmf,large_decrease,0.0
2024-10-12,wk flu hosp rate change,3,2024-11-02,54,pmf,stable,0.793
2024-10-12,wk flu hosp rate change,3,2024-11-02,54,pmf,increase,0.162
2024-10-12,wk flu hosp rate change,3,2024-11-02,54,pmf,large_increase,0.045
2024-10-12,wk flu hosp rate change,3,2024-11-02,54,pmf,decrease,0.0
2024-10-12,wk flu hosp rate change,3,2024-11-02,54,pmf,large_decrease,0.0
2024-10-12,wk flu hosp rate change,0,2024-10-12,55,pmf,stable,0.854
2024-10-12,wk flu hosp rate change,0,2024-10-12,55,pmf,increase,0.146
2024-10-12,wk flu hosp rate change,0,2024-10-12,55,pmf,large_increase,0.0
2024-10-12,wk flu hosp rate change,0,2024-10-12,55,pmf,decrease,0.0
2024-10-12,wk flu hosp rate change,0,2024-10-12,55,pmf,large_decrease,0.0
2024-10-12,wk flu hosp rate change,1,2024-10-19,55,pmf,stable,0.952
2024-10-12,wk flu hosp rate change,1,2024-10-19,55,pmf,increase,0.048
2024-10-12,wk flu hosp rate change,1,2024-10-19,55,pmf,large_increase,0.0
2024-10-12,wk flu hosp rate change,1,2024-10-19,55,pmf,decrease,0.0
2024-10-12,wk flu hosp rate change,1,2024-10-19,55,pmf,large_decrease,0.0
2024-10-12,wk flu hosp rate change,2,2024-10-26,55,pmf,stable,0.958
2024-10-12,wk flu hosp rate change,2,2024-10-26,55,pmf,increase,0.042
2024-10-12,wk flu hosp rate change,2,2024-10-26,55,pmf,large_increase,0.0
2024-10-12,wk flu hosp rate change,2,2024-10-26,55,pmf,decrease,0.0
2024-10-12,wk flu hosp rate change,2,2024-10-26,55,pmf,large_decrease,0.0
2024-10-12,wk flu hosp rate change,3,2024-11-02,55,pmf,stable,0.921
2024-10-12,wk flu hosp rate change,3,2024-11-02,55,pmf,increase,0.079
2024-10-12,wk flu hosp rate change,3,2024-11-02,55,pmf,large_increase,0.0
2024-10-12,wk flu hosp rate change,3,2024-11-02,55,pmf,decrease,0.0
2024-10-12,wk flu hosp rate change,3,2024-11-02,55,pmf,large_decrease,0.0
2024-10-12,wk flu hosp rate change,0,2024-10-12,56,pmf,stable,0.871
2024-10-12,wk flu hosp rate change,0,2024-10-12,56,pmf,increase,0.129
2024-10-12,wk flu hosp rate change,0,2024-10-12,56,pmf,large_increase,0.0
2024-10-12,wk flu hosp rate change,0,2024-10-12,56,pmf,decrease,0.0
2024-10-12,wk flu hosp rate change,0,2024-10-12,56,pmf,large_decrease,0.0
2024-10-12,wk flu hosp rate change,1,2024-10-19,56,pmf,stable,0.95
2024-10-12,wk flu hosp rate change,1,2024-10-19,56,pmf,increase,0.05
2024-10-12,wk flu hosp rate change,1,2024-10-19,56,pmf,large_increase,0.0
2024-10-12,wk flu hosp rate change,1,2024-10-19,56,pmf,decrease,0.0
2024-10-12,wk flu hosp rate change,1,2024-10-19,56,pmf,large_decrease,0.0
2024-10-12,wk flu hosp rate change,2,2024-10-26,56,pmf,stable,0.97
2024-10-12,wk flu hosp rate change,2,2024-10-26,56,pmf,increase,0.03
2024-10-12,wk flu hosp rate change,2,2024-10-26,56,pmf,large_increase,0.0
2024-10-12,wk flu hosp rate change,2,2024-10-26,56,pmf,decrease,0.0
2024-10-12,wk flu hosp rate change,2,2024-10-26,56,pmf,large_decrease,0.0
2024-10-12,wk flu hosp rate change,3,2024-11-02,56,pmf,stable,0.949
2024-10-12,wk flu hosp rate change,3,2024-11-02,56,pmf,increase,0.051
2024-10-12,wk flu hosp rate change,3,2024-11-02,56,pmf,large_increase,0.0
2024-10-12,wk flu hosp rate change,3,2024-11-02,56,pmf,decrease,0.0
2024-10-12,wk flu hosp rate change,3,2024-11-02,56,pmf,large_decrease,0.0
2024-10-12,wk flu hosp rate change,0,2024-10-12,72,pmf,stable,0.946
2024-10-12,wk flu hosp rate change,0,2024-10-12,72,pmf,increase,0.054
2024-10-12,wk flu hosp rate change,0,2024-10-12,72,pmf,large_increase,0.0
2024-10-12,wk flu hosp rate change,0,2024-10-12,72,pmf,decrease,0.0
2024-10-12,wk flu hosp rate change,0,2024-10-12,72,pmf,large_decrease,0.0
2024-10-12,wk flu hosp rate change,1,2024-10-19,72,pmf,stable,0.995
2024-10-12,wk flu hosp rate change,1,2024-10-19,72,pmf,increase,0.005
2024-10-12,wk flu hosp rate change,1,2024-10-19,72,pmf,large_increase,0.0
2024-10-12,wk flu hosp rate change,1,2024-10-19,72,pmf,decrease,0.0
2024-10-12,wk flu hosp rate change,1,2024-10-19,72,pmf,large_decrease,0.0
2024-10-12,wk flu hosp rate change,2,2024-10-26,72,pmf,stable,0.998
2024-10-12,wk flu hosp rate change,2,2024-10-26,72,pmf,increase,0.002
2024-10-12,wk flu hosp rate change,2,2024-10-26,72,pmf,large_increase,0.0
2024-10-12,wk flu hosp rate change,2,2024-10-26,72,pmf,decrease,0.0
2024-10-12,wk flu hosp rate change,2,2024-10-26,72,pmf,large_decrease,0.0
2024-10-12,wk flu hosp rate change,3,2024-11-02,72,pmf,stable,0.989
2024-10-12,wk flu hosp rate change,3,2024-11-02,72,pmf,increase,0.011
2024-10-12,wk flu hosp rate change,3,2024-11-02,72,pmf,large_increase,0.0
2024-10-12,wk flu hosp rate change,3,2024-11-02,72,pmf,decrease,0.0
2024-10-12,wk flu hosp rate change,3,2024-11-02,72,pmf,large_decrease,0.0
