reference_date,target,horizon,target_end_date,location,output_type,output_type_id,value
2024-11-02,wk inc flu hosp,0,2024-11-02,US,quantile,0.01,576.6855170717012
2024-11-02,wk inc flu hosp,0,2024-11-02,US,quantile,0.025,625.3764192427395
2024-11-02,wk inc flu hosp,0,2024-11-02,US,quantile,0.05,939.6476620929559
2024-11-02,wk inc flu hosp,0,2024-11-02,US,quantile,0.1,984.6482715918227
2024-11-02,wk inc flu hosp,0,2024-11-02,US,quantile,0.15,1195.109933966579
2024-11-02,wk inc flu hosp,0,2024-11-02,US,quantile,0.2,1212.7613947800655
2024-11-02,wk inc flu hosp,0,2024-11-02,US,quantile,0.25,1222.015265237455
2024-11-02,wk inc flu hosp,0,2024-11-02,US,quantile,0.3,1245.9997006910216
2024-11-02,wk inc flu hosp,0,2024-11-02,US,quantile,0.35,1312.1282617755792
2024-11-02,wk inc flu hosp,0,2024-11-02,US,quantile,0.4,1417.391221994399
2024-11-02,wk inc flu hosp,0,2024-11-02,US,quantile,0.45,1445.7546014912252
2024-11-02,wk inc flu hosp,0,2024-11-02,US,quantile,0.5,1472.0926233316648
2024-11-02,wk inc flu hosp,0,2024-11-02,US,quantile,0.55,1522.2718654790574
2024-11-02,wk inc flu hosp,0,2024-11-02,US,quantile,0.6,1560.2218751704063
2024-11-02,wk inc flu hosp,0,2024-11-02,US,quantile,0.65,1582.5839791469937
2024-11-02,wk inc flu hosp,0,2024-11-02,US,quantile,0.7,1602.0893288518728
2024-11-02,wk inc flu hosp,0,2024-11-02,US,quantile,0.75,1638.745193119624
2024-11-02,wk inc flu hosp,0,2024-11-02,US,quantile,0.8,1706.777249348589
2024-11-02,wk inc flu hosp,0,2024-11-02,US,quantile,0.85,1932.994191995228
2024-11-02,wk inc flu hosp,0,2024-11-02,US,quantile,0.9,2035.8214871704668
2024-11-02,wk inc flu hosp,0,2024-11-02,US,quantile,0.95,2066.075174383365
2024-11-02,wk inc flu hosp,0,2024-11-02,US,quantile,0.975,4330.347853009625
2024-11-02,wk inc flu hosp,0,2024-11-02,US,quantile,0.99,5534.3139789309735
2024-11-02,wk inc flu hosp,1,2024-11-09,US,quantile,0.01,841.4262975990424
2024-11-02,wk inc flu hosp,1,2024-11-09,US,quantile,0.025,1015.9801574311551
2024-11-02,wk inc flu hosp,1,2024-11-09,US,quantile,0.05,1102.0065700114412
2024-11-02,wk inc flu hosp,1,2024-11-09,US,quantile,0.1,1278.6822609235442
2024-11-02,wk inc flu hosp,1,2024-11-09,US,quantile,0.15,1437.975829503356
2024-11-02,wk inc flu hosp,1,2024-11-09,US,quantile,0.2,1503.9593741382275
2024-11-02,wk inc flu hosp,1,2024-11-09,US,quantile,0.25,1548.1781750463383
2024-11-02,wk inc flu hosp,1,2024-11-09,US,quantile,0.3,1565.5360778173276
2024-11-02,wk inc flu hosp,1,2024-11-09,US,quantile,0.35,1593.9086178130074
2024-11-02,wk inc flu hosp,1,2024-11-09,US,quantile,0.4,1622.7825455950049
2024-11-02,wk inc flu hosp,1,2024-11-09,US,quantile,0.45,1665.3132394368479
2024-11-02,wk inc flu hosp,1,2024-11-09,US,quantile,0.5,1721.421095714437
2024-11-02,wk inc flu hosp,1,2024-11-09,US,quantile,0.55,1806.8747159780864
2024-11-02,wk inc flu hosp,1,2024-11-09,US,quantile,0.6,1906.9543928941869
2024-11-02,wk inc flu hosp,1,2024-11-09,US,quantile,0.65,1985.7172312813407
2024-11-02,wk inc flu hosp,1,2024-11-09,US,quantile,0.7,2069.082230059324
2024-11-02,wk inc flu hosp,1,2024-11-09,US,quantile,0.75,2130.2409415549814
2024-11-02,wk inc flu hosp,1,2024-11-09,US,quantile,0.8,2237.7516038941544
2024-11-02,wk inc flu hosp,1,2024-11-09,US,quantile,0.85,2474.070009796245
2024-11-02,wk inc flu hosp,1,2024-11-09,US,quantile,0.9,2717.4917217293455
2024-11-02,wk inc flu hosp,1,2024-11-09,US,quantile,0.95,3985.16716124795
2024-11-02,wk inc flu hosp,1,2024-11-09,US,quantile,0.975,5148.70811927811
2024-11-02,wk inc flu hosp,1,2024-11-09,US,quantile,0.99,5499.880366745055
2024-11-02,wk inc flu hosp,2,2024-11-16,US,quantile,0.01,1085.336347029929
2024-11-02,wk inc flu hosp,2,2024-11-16,US,quantile,0.025,1260.7814870452464
2024-11-02,wk inc flu hosp,2,2024-11-16,US,quantile,0.05,1402.4821302617393
2024-11-02,wk inc flu hosp,2,2024-11-16,US,quantile,0.1,1565.2624576219043
2024-11-02,wk inc flu hosp,2,2024-11-16,US,quantile,0.15,1617.6118442293412
2024-11-02,wk inc flu hosp,2,2024-11-16,US,quantile,0.2,1684.066977856679
2024-11-02,wk inc flu hosp,2,2024-11-16,US,quantile,0.25,1745.075842992306
2024-11-02,wk inc flu hosp,2,2024-11-16,US,quantile,0.3,1809.4702944949472
2024-11-02,wk inc flu hosp,2,2024-11-16,US,quantile,0.35,1897.352977538061
2024-11-02,wk inc flu hosp,2,2024-11-16,US,quantile,0.4,1955.6383766661077
2024-11-02,wk inc flu hosp,2,2024-11-16,US,quantile,0.45,2013.7679696791358
2024-11-02,wk inc flu hosp,2,2024-11-16,US,quantile,0.5,2060.6213022802667
2024-11-02,wk inc flu hosp,2,2024-11-16,US,quantile,0.55,2107.558404656728
2024-11-02,wk inc flu hosp,2,2024-11-16,US,quantile,0.6,2203.7674074623706
2024-11-02,wk inc flu hosp,2,2024-11-16,US,quantile,0.65,2325.329168184611
2024-11-02,wk inc flu hosp,2,2024-11-16,US,quantile,0.7,2445.9660517093594
2024-11-02,wk inc flu hosp,2,2024-11-16,US,quantile,0.75,2544.169651755144
2024-11-02,wk inc flu hosp,2,2024-11-16,US,quantile,0.8,2699.8040847266766
2024-11-02,wk inc flu hosp,2,2024-11-16,US,quantile,0.85,2979.3255905355572
2024-11-02,wk inc flu hosp,2,2024-11-16,US,quantile,0.9,3447.230749870755
2024-11-02,wk inc flu hosp,2,2024-11-16,US,quantile,0.95,4816.112126861939
2024-11-02,wk inc flu hosp,2,2024-11-16,US,quantile,0.975,5499.880366745055
2024-11-02,wk inc flu hosp,2,2024-11-16,US,quantile,0.99,5797.721655025045
2024-11-02,wk inc flu hosp,3,2024-11-23,US,quantile,0.01,1309.5994327771946
2024-11-02,wk inc flu hosp,3,2024-11-23,US,quantile,0.025,1541.557140661642
2024-11-02,wk inc flu hosp,3,2024-11-23,US,quantile,0.05,1651.188628626067
2024-11-02,wk inc flu hosp,3,2024-11-23,US,quantile,0.1,1780.3493167305376
2024-11-02,wk inc flu hosp,3,2024-11-23,US,quantile,0.15,1907.5687225870402
2024-11-02,wk inc flu hosp,3,2024-11-23,US,quantile,0.2,2019.4327168081472
2024-11-02,wk inc flu hosp,3,2024-11-23,US,quantile,0.25,2085.848865509605
2024-11-02,wk inc flu hosp,3,2024-11-23,US,quantile,0.3,2145.013500013846
2024-11-02,wk inc flu hosp,3,2024-11-23,US,quantile,0.35,2226.204455275365
2024-11-02,wk inc flu hosp,3,2024-11-23,US,quantile,0.4,2308.9763843152964
2024-11-02,wk inc flu hosp,3,2024-11-23,US,quantile,0.45,2412.2654488343137
2024-11-02,wk inc flu hosp,3,2024-11-23,US,quantile,0.5,2528.794533859622
2024-11-02,wk inc flu hosp,3,2024-11-23,US,quantile,0.55,2623.780075783088
2024-11-02,wk inc flu hosp,3,2024-11-23,US,quantile,0.6,2701.3347484380547
2024-11-02,wk inc flu hosp,3,2024-11-23,US,quantile,0.65,2790.2352293022627
2024-11-02,wk inc flu hosp,3,2024-11-23,US,quantile,0.7,2925.3683026338
2024-11-02,wk inc flu hosp,3,2024-11-23,US,quantile,0.75,3060.8755734651827
2024-11-02,wk inc flu hosp,3,2024-11-23,US,quantile,0.8,3289.4520303026743
2024-11-02,wk inc flu hosp,3,2024-11-23,US,quantile,0.85,3550.1962841391723
2024-11-02,wk inc flu hosp,3,2024-11-23,US,quantile,0.9,4194.258981542956
2024-11-02,wk inc flu hosp,3,2024-11-23,US,quantile,0.95,5480.319690449672
2024-11-02,wk inc flu hosp,3,2024-11-23,US,quantile,0.975,5819.84814337746
2024-11-02,wk inc flu hosp,3,2024-11-23,US,quantile,0.99,6142.518917828951
2024-11-02,wk inc flu hosp,0,2024-11-02,01,quantile,0.01,1.3566855351800728
2024-11-02,wk inc flu hosp,0,2024-11-02,01,quantile,0.025,4.215880615159409
2024-11-02,wk inc flu hosp,0,2024-11-02,01,quantile,0.05,4.98902632723084
2024-11-02,wk inc flu hosp,0,2024-11-02,01,quantile,0.1,6.686036474039908
2024-11-02,wk inc flu hosp,0,2024-11-02,01,quantile,0.15,7.091629603019778
2024-11-02,wk inc flu hosp,0,2024-11-02,01,quantile,0.2,7.488872273239831
2024-11-02,wk inc flu hosp,0,2024-11-02,01,quantile,0.25,7.793681005770546
2024-11-02,wk inc flu hosp,0,2024-11-02,01,quantile,0.3,8.026629798120855
2024-11-02,wk inc flu hosp,0,2024-11-02,01,quantile,0.35,8.23585311012484
2024-11-02,wk inc flu hosp,0,2024-11-02,01,quantile,0.4,8.423003363135749
2024-11-02,wk inc flu hosp,0,2024-11-02,01,quantile,0.45,8.688306965843458
2024-11-02,wk inc flu hosp,0,2024-11-02,01,quantile,0.5,8.87260198132008
2024-11-02,wk inc flu hosp,0,2024-11-02,01,quantile,0.55,9.124684307220557
2024-11-02,wk inc flu hosp,0,2024-11-02,01,quantile,0.6,9.469072692578747
2024-11-02,wk inc flu hosp,0,2024-11-02,01,quantile,0.65,9.745535298687333
2024-11-02,wk inc flu hosp,0,2024-11-02,01,quantile,0.7,10.0208674746729
2024-11-02,wk inc flu hosp,0,2024-11-02,01,quantile,0.75,10.128167724666264
2024-11-02,wk inc flu hosp,0,2024-11-02,01,quantile,0.8,10.175151233073985
2024-11-02,wk inc flu hosp,0,2024-11-02,01,quantile,0.85,10.924582042074453
2024-11-02,wk inc flu hosp,0,2024-11-02,01,quantile,0.9,11.774322200398451
2024-11-02,wk inc flu hosp,0,2024-11-02,01,quantile,0.95,25.873654029426255
2024-11-02,wk inc flu hosp,0,2024-11-02,01,quantile,0.975,45.55824353483812
2024-11-02,wk inc flu hosp,0,2024-11-02,01,quantile,0.99,95.44025509464952
2024-11-02,wk inc flu hosp,1,2024-11-09,01,quantile,0.01,2.6465447613894084
2024-11-02,wk inc flu hosp,1,2024-11-09,01,quantile,0.025,5.823510876840291
2024-11-02,wk inc flu hosp,1,2024-11-09,01,quantile,0.05,7.5862031782653325
2024-11-02,wk inc flu hosp,1,2024-11-09,01,quantile,0.1,8.540177027281898
2024-11-02,wk inc flu hosp,1,2024-11-09,01,quantile,0.15,9.43196941777511
2024-11-02,wk inc flu hosp,1,2024-11-09,01,quantile,0.2,9.908274951856923
2024-11-02,wk inc flu hosp,1,2024-11-09,01,quantile,0.25,10.36420839088632
2024-11-02,wk inc flu hosp,1,2024-11-09,01,quantile,0.3,10.594619536845
2024-11-02,wk inc flu hosp,1,2024-11-09,01,quantile,0.35,10.883955977069808
2024-11-02,wk inc flu hosp,1,2024-11-09,01,quantile,0.4,11.113367646816796
2024-11-02,wk inc flu hosp,1,2024-11-09,01,quantile,0.45,11.45419659326471
2024-11-02,wk inc flu hosp,1,2024-11-09,01,quantile,0.5,11.76282993770138
2024-11-02,wk inc flu hosp,1,2024-11-09,01,quantile,0.55,12.05202462377096
2024-11-02,wk inc flu hosp,1,2024-11-09,01,quantile,0.6,12.498875226449519
2024-11-02,wk inc flu hosp,1,2024-11-09,01,quantile,0.65,13.75456938537405
2024-11-02,wk inc flu hosp,1,2024-11-09,01,quantile,0.7,14.449048589113522
2024-11-02,wk inc flu hosp,1,2024-11-09,01,quantile,0.75,16.167688161026856
2024-11-02,wk inc flu hosp,1,2024-11-09,01,quantile,0.8,18.341267299036062
2024-11-02,wk inc flu hosp,1,2024-11-09,01,quantile,0.85,22.06284217557896
2024-11-02,wk inc flu hosp,1,2024-11-09,01,quantile,0.9,28.501456156141906
2024-11-02,wk inc flu hosp,1,2024-11-09,01,quantile,0.95,56.13825246319367
2024-11-02,wk inc flu hosp,1,2024-11-09,01,quantile,0.975,94.60994559275325
2024-11-02,wk inc flu hosp,1,2024-11-09,01,quantile,0.99,146.94983449649058
2024-11-02,wk inc flu hosp,2,2024-11-16,01,quantile,0.01,4.99657691993822
2024-11-02,wk inc flu hosp,2,2024-11-16,01,quantile,0.025,6.694065784540522
2024-11-02,wk inc flu hosp,2,2024-11-16,01,quantile,0.05,7.683867367679782
2024-11-02,wk inc flu hosp,2,2024-11-16,01,quantile,0.1,8.90586501163755
2024-11-02,wk inc flu hosp,2,2024-11-16,01,quantile,0.15,11.214001399502862
2024-11-02,wk inc flu hosp,2,2024-11-16,01,quantile,0.2,13.122766533919162
2024-11-02,wk inc flu hosp,2,2024-11-16,01,quantile,0.25,14.074312949340596
2024-11-02,wk inc flu hosp,2,2024-11-16,01,quantile,0.3,14.678337501665805
2024-11-02,wk inc flu hosp,2,2024-11-16,01,quantile,0.35,15.13555026788181
2024-11-02,wk inc flu hosp,2,2024-11-16,01,quantile,0.4,15.611837652842953
2024-11-02,wk inc flu hosp,2,2024-11-16,01,quantile,0.45,17.105864273135793
2024-11-02,wk inc flu hosp,2,2024-11-16,01,quantile,0.5,18.426239281752526
2024-11-02,wk inc flu hosp,2,2024-11-16,01,quantile,0.55,19.835430502277546
2024-11-02,wk inc flu hosp,2,2024-11-16,01,quantile,0.6,20.948437368112728
2024-11-02,wk inc flu hosp,2,2024-11-16,01,quantile,0.65,22.551455249339927
2024-11-02,wk inc flu hosp,2,2024-11-16,01,quantile,0.7,25.482796589739834
2024-11-02,wk inc flu hosp,2,2024-11-16,01,quantile,0.75,28.433868908109464
2024-11-02,wk inc flu hosp,2,2024-11-16,01,quantile,0.8,32.34970113764052
2024-11-02,wk inc flu hosp,2,2024-11-16,01,quantile,0.85,41.62171061301566
2024-11-02,wk inc flu hosp,2,2024-11-16,01,quantile,0.9,57.32362986213956
2024-11-02,wk inc flu hosp,2,2024-11-16,01,quantile,0.95,84.31426193865356
2024-11-02,wk inc flu hosp,2,2024-11-16,01,quantile,0.975,127.5651382732624
2024-11-02,wk inc flu hosp,2,2024-11-16,01,quantile,0.99,154.3474648112672
2024-11-02,wk inc flu hosp,3,2024-11-23,01,quantile,0.01,6.420275337041892
2024-11-02,wk inc flu hosp,3,2024-11-23,01,quantile,0.025,7.418741988499994
2024-11-02,wk inc flu hosp,3,2024-11-23,01,quantile,0.05,8.484915814044228
2024-11-02,wk inc flu hosp,3,2024-11-23,01,quantile,0.1,10.090275612156521
2024-11-02,wk inc flu hosp,3,2024-11-23,01,quantile,0.15,12.95419055374293
2024-11-02,wk inc flu hosp,3,2024-11-23,01,quantile,0.2,15.311463011332277
2024-11-02,wk inc flu hosp,3,2024-11-23,01,quantile,0.25,16.936506466810027
2024-11-02,wk inc flu hosp,3,2024-11-23,01,quantile,0.3,18.493460568973607
2024-11-02,wk inc flu hosp,3,2024-11-23,01,quantile,0.35,20.157276809370142
2024-11-02,wk inc flu hosp,3,2024-11-23,01,quantile,0.4,22.571134011647935
2024-11-02,wk inc flu hosp,3,2024-11-23,01,quantile,0.45,23.68396204085486
2024-11-02,wk inc flu hosp,3,2024-11-23,01,quantile,0.5,24.7204038072827
2024-11-02,wk inc flu hosp,3,2024-11-23,01,quantile,0.55,25.504661098726995
2024-11-02,wk inc flu hosp,3,2024-11-23,01,quantile,0.6,26.55154016105637
2024-11-02,wk inc flu hosp,3,2024-11-23,01,quantile,0.65,28.19016395327926
2024-11-02,wk inc flu hosp,3,2024-11-23,01,quantile,0.7,32.276442535375985
2024-11-02,wk inc flu hosp,3,2024-11-23,01,quantile,0.75,35.85263359080664
2024-11-02,wk inc flu hosp,3,2024-11-23,01,quantile,0.8,44.31620043027238
2024-11-02,wk inc flu hosp,3,2024-11-23,01,quantile,0.85,56.68523134527798
2024-11-02,wk inc flu hosp,3,2024-11-23,01,quantile,0.9,72.93605121715115
2024-11-02,wk inc flu hosp,3,2024-11-23,01,quantile,0.95,113.60488479064472
2024-11-02,wk inc flu hosp,3,2024-11-23,01,quantile,0.975,158.4633041464279
2024-11-02,wk inc flu hosp,3,2024-11-23,01,quantile,0.99,188.6023488356301
2024-11-02,wk inc flu hosp,0,2024-11-02,02,quantile,0.01,0.0
2024-11-02,wk inc flu hosp,0,2024-11-02,02,quantile,0.025,0.0
2024-11-02,wk inc flu hosp,0,2024-11-02,02,quantile,0.05,0.4615426609593608
2024-11-02,wk inc flu hosp,0,2024-11-02,02,quantile,0.1,0.6347330414574016
2024-11-02,wk inc flu hosp,0,2024-11-02,02,quantile,0.15,1.217231983168011
2024-11-02,wk inc flu hosp,0,2024-11-02,02,quantile,0.2,1.9681200674558728
2024-11-02,wk inc flu hosp,0,2024-11-02,02,quantile,0.25,2.230907802576839
2024-11-02,wk inc flu hosp,0,2024-11-02,02,quantile,0.3,2.309025732947384
2024-11-02,wk inc flu hosp,0,2024-11-02,02,quantile,0.35,2.5591611164315013
2024-11-02,wk inc flu hosp,0,2024-11-02,02,quantile,0.4,2.9349314069756303
2024-11-02,wk inc flu hosp,0,2024-11-02,02,quantile,0.45,3.528518812587858
2024-11-02,wk inc flu hosp,0,2024-11-02,02,quantile,0.5,3.840604461887472
2024-11-02,wk inc flu hosp,0,2024-11-02,02,quantile,0.55,3.8819267903998393
2024-11-02,wk inc flu hosp,0,2024-11-02,02,quantile,0.6,3.963035804634412
2024-11-02,wk inc flu hosp,0,2024-11-02,02,quantile,0.65,4.012421281470417
2024-11-02,wk inc flu hosp,0,2024-11-02,02,quantile,0.7,4.069749355326105
2024-11-02,wk inc flu hosp,0,2024-11-02,02,quantile,0.75,4.133666229277171
2024-11-02,wk inc flu hosp,0,2024-11-02,02,quantile,0.8,4.2707760421516054
2024-11-02,wk inc flu hosp,0,2024-11-02,02,quantile,0.85,5.074263686155551
2024-11-02,wk inc flu hosp,0,2024-11-02,02,quantile,0.9,5.642042563552297
2024-11-02,wk inc flu hosp,0,2024-11-02,02,quantile,0.95,7.291821180520171
2024-11-02,wk inc flu hosp,0,2024-11-02,02,quantile,0.975,9.016447667595008
2024-11-02,wk inc flu hosp,0,2024-11-02,02,quantile,0.99,15.600774743498615
2024-11-02,wk inc flu hosp,1,2024-11-09,02,quantile,0.01,0.06052200644669193
2024-11-02,wk inc flu hosp,1,2024-11-09,02,quantile,0.025,1.7908267940616447
2024-11-02,wk inc flu hosp,1,2024-11-09,02,quantile,0.05,2.1335993901768546
2024-11-02,wk inc flu hosp,1,2024-11-09,02,quantile,0.1,2.7123042357562244
2024-11-02,wk inc flu hosp,1,2024-11-09,02,quantile,0.15,3.094832793953498
2024-11-02,wk inc flu hosp,1,2024-11-09,02,quantile,0.2,3.4063310953126806
2024-11-02,wk inc flu hosp,1,2024-11-09,02,quantile,0.25,3.574609161024846
2024-11-02,wk inc flu hosp,1,2024-11-09,02,quantile,0.3,3.749188465638684
2024-11-02,wk inc flu hosp,1,2024-11-09,02,quantile,0.35,3.8972383298553894
2024-11-02,wk inc flu hosp,1,2024-11-09,02,quantile,0.4,4.053180585900561
2024-11-02,wk inc flu hosp,1,2024-11-09,02,quantile,0.45,4.27031573444446
2024-11-02,wk inc flu hosp,1,2024-11-09,02,quantile,0.5,4.47374603900406
2024-11-02,wk inc flu hosp,1,2024-11-09,02,quantile,0.55,4.648647821352353
2024-11-02,wk inc flu hosp,1,2024-11-09,02,quantile,0.6,4.82999035994914
2024-11-02,wk inc flu hosp,1,2024-11-09,02,quantile,0.65,5.026781082823951
2024-11-02,wk inc flu hosp,1,2024-11-09,02,quantile,0.7,5.442989603878467
2024-11-02,wk inc flu hosp,1,2024-11-09,02,quantile,0.75,5.766411292418293
2024-11-02,wk inc flu hosp,1,2024-11-09,02,quantile,0.8,6.15331684868854
2024-11-02,wk inc flu hosp,1,2024-11-09,02,quantile,0.85,6.77140789313495
2024-11-02,wk inc flu hosp,1,2024-11-09,02,quantile,0.9,7.593993672892964
2024-11-02,wk inc flu hosp,1,2024-11-09,02,quantile,0.95,9.973360407335642
2024-11-02,wk inc flu hosp,1,2024-11-09,02,quantile,0.975,12.858051438274424
2024-11-02,wk inc flu hosp,1,2024-11-09,02,quantile,0.99,15.211988997877173
2024-11-02,wk inc flu hosp,2,2024-11-16,02,quantile,0.01,0.686059408193727
2024-11-02,wk inc flu hosp,2,2024-11-16,02,quantile,0.025,1.2313006298017317
2024-11-02,wk inc flu hosp,2,2024-11-16,02,quantile,0.05,1.9095604292760457
2024-11-02,wk inc flu hosp,2,2024-11-16,02,quantile,0.1,2.7208597789441527
2024-11-02,wk inc flu hosp,2,2024-11-16,02,quantile,0.15,3.236649179872555
2024-11-02,wk inc flu hosp,2,2024-11-16,02,quantile,0.2,3.5588698635327347
2024-11-02,wk inc flu hosp,2,2024-11-16,02,quantile,0.25,3.810544562469783
2024-11-02,wk inc flu hosp,2,2024-11-16,02,quantile,0.3,3.9604038738793554
2024-11-02,wk inc flu hosp,2,2024-11-16,02,quantile,0.35,4.149057385994725
2024-11-02,wk inc flu hosp,2,2024-11-16,02,quantile,0.4,4.341515367717923
2024-11-02,wk inc flu hosp,2,2024-11-16,02,quantile,0.45,4.484016412125985
2024-11-02,wk inc flu hosp,2,2024-11-16,02,quantile,0.5,4.636152636424809
2024-11-02,wk inc flu hosp,2,2024-11-16,02,quantile,0.55,4.790464480692399
2024-11-02,wk inc flu hosp,2,2024-11-16,02,quantile,0.6,5.006257588019446
2024-11-02,wk inc flu hosp,2,2024-11-16,02,quantile,0.65,5.319034269984118
2024-11-02,wk inc flu hosp,2,2024-11-16,02,quantile,0.7,5.640887059420553
2024-11-02,wk inc flu hosp,2,2024-11-16,02,quantile,0.75,5.9001915170662445
2024-11-02,wk inc flu hosp,2,2024-11-16,02,quantile,0.8,6.315239670203533
2024-11-02,wk inc flu hosp,2,2024-11-16,02,quantile,0.85,6.990712708395894
2024-11-02,wk inc flu hosp,2,2024-11-16,02,quantile,0.9,7.6513268431507795
2024-11-02,wk inc flu hosp,2,2024-11-16,02,quantile,0.95,11.012574212492545
2024-11-02,wk inc flu hosp,2,2024-11-16,02,quantile,0.975,14.638856295993294
2024-11-02,wk inc flu hosp,2,2024-11-16,02,quantile,0.99,17.52210287292239
2024-11-02,wk inc flu hosp,3,2024-11-23,02,quantile,0.01,0.8989036004921966
2024-11-02,wk inc flu hosp,3,2024-11-23,02,quantile,0.025,1.8060336648046211
2024-11-02,wk inc flu hosp,3,2024-11-23,02,quantile,0.05,2.44085284345412
2024-11-02,wk inc flu hosp,3,2024-11-23,02,quantile,0.1,2.8740857608906265
2024-11-02,wk inc flu hosp,3,2024-11-23,02,quantile,0.15,3.3060812142046143
2024-11-02,wk inc flu hosp,3,2024-11-23,02,quantile,0.2,3.543455534227081
2024-11-02,wk inc flu hosp,3,2024-11-23,02,quantile,0.25,3.727737909431223
2024-11-02,wk inc flu hosp,3,2024-11-23,02,quantile,0.3,3.9663501962902807
2024-11-02,wk inc flu hosp,3,2024-11-23,02,quantile,0.35,4.261136476805374
2024-11-02,wk inc flu hosp,3,2024-11-23,02,quantile,0.4,4.483377372564951
2024-11-02,wk inc flu hosp,3,2024-11-23,02,quantile,0.45,5.089703699102935
2024-11-02,wk inc flu hosp,3,2024-11-23,02,quantile,0.5,5.505435217881579
2024-11-02,wk inc flu hosp,3,2024-11-23,02,quantile,0.55,5.942701056491179
2024-11-02,wk inc flu hosp,3,2024-11-23,02,quantile,0.6,6.41616397047288
2024-11-02,wk inc flu hosp,3,2024-11-23,02,quantile,0.65,7.155910545384498
2024-11-02,wk inc flu hosp,3,2024-11-23,02,quantile,0.7,7.675512778509593
2024-11-02,wk inc flu hosp,3,2024-11-23,02,quantile,0.75,8.355976617568036
2024-11-02,wk inc flu hosp,3,2024-11-23,02,quantile,0.8,9.134384613099737
2024-11-02,wk inc flu hosp,3,2024-11-23,02,quantile,0.85,9.790373159911953
2024-11-02,wk inc flu hosp,3,2024-11-23,02,quantile,0.9,10.732339702940083
2024-11-02,wk inc flu hosp,3,2024-11-23,02,quantile,0.95,13.920561438477424
2024-11-02,wk inc flu hosp,3,2024-11-23,02,quantile,0.975,17.262974962303705
2024-11-02,wk inc flu hosp,3,2024-11-23,02,quantile,0.99,20.09646515872856
2024-11-02,wk inc flu hosp,0,2024-11-02,04,quantile,0.01,81.80409808152179
2024-11-02,wk inc flu hosp,0,2024-11-02,04,quantile,0.025,84.56336967308353
2024-11-02,wk inc flu hosp,0,2024-11-02,04,quantile,0.05,88.04271743920262
2024-11-02,wk inc flu hosp,0,2024-11-02,04,quantile,0.1,95.71564770432963
2024-11-02,wk inc flu hosp,0,2024-11-02,04,quantile,0.15,99.01516008603019
2024-11-02,wk inc flu hosp,0,2024-11-02,04,quantile,0.2,122.74079733958133
2024-11-02,wk inc flu hosp,0,2024-11-02,04,quantile,0.25,156.80894884092118
2024-11-02,wk inc flu hosp,0,2024-11-02,04,quantile,0.3,170.51637297614286
2024-11-02,wk inc flu hosp,0,2024-11-02,04,quantile,0.35,185.25997521867723
2024-11-02,wk inc flu hosp,0,2024-11-02,04,quantile,0.4,188.120519918386
2024-11-02,wk inc flu hosp,0,2024-11-02,04,quantile,0.45,190.4650461701752
2024-11-02,wk inc flu hosp,0,2024-11-02,04,quantile,0.5,194.8468352863842
2024-11-02,wk inc flu hosp,0,2024-11-02,04,quantile,0.55,196.18207116148082
2024-11-02,wk inc flu hosp,0,2024-11-02,04,quantile,0.6,198.71980620915303
2024-11-02,wk inc flu hosp,0,2024-11-02,04,quantile,0.65,201.0577511431532
2024-11-02,wk inc flu hosp,0,2024-11-02,04,quantile,0.7,202.78221066440557
2024-11-02,wk inc flu hosp,0,2024-11-02,04,quantile,0.75,206.65097752094735
2024-11-02,wk inc flu hosp,0,2024-11-02,04,quantile,0.8,210.5437929946174
2024-11-02,wk inc flu hosp,0,2024-11-02,04,quantile,0.85,223.5467485741813
2024-11-02,wk inc flu hosp,0,2024-11-02,04,quantile,0.9,237.1317900307261
2024-11-02,wk inc flu hosp,0,2024-11-02,04,quantile,0.95,252.39949623408432
2024-11-02,wk inc flu hosp,0,2024-11-02,04,quantile,0.975,269.2226222044414
2024-11-02,wk inc flu hosp,0,2024-11-02,04,quantile,0.99,344.5503666577658
2024-11-02,wk inc flu hosp,1,2024-11-09,04,quantile,0.01,97.61383559705729
2024-11-02,wk inc flu hosp,1,2024-11-09,04,quantile,0.025,105.72620407594506
2024-11-02,wk inc flu hosp,1,2024-11-09,04,quantile,0.05,139.08888370586806
2024-11-02,wk inc flu hosp,1,2024-11-09,04,quantile,0.1,153.30120712827184
2024-11-02,wk inc flu hosp,1,2024-11-09,04,quantile,0.15,160.12330762775397
2024-11-02,wk inc flu hosp,1,2024-11-09,04,quantile,0.2,169.67231969509052
2024-11-02,wk inc flu hosp,1,2024-11-09,04,quantile,0.25,183.02321961487573
2024-11-02,wk inc flu hosp,1,2024-11-09,04,quantile,0.3,193.59659329973107
2024-11-02,wk inc flu hosp,1,2024-11-09,04,quantile,0.35,201.80857748720396
2024-11-02,wk inc flu hosp,1,2024-11-09,04,quantile,0.4,207.8617231860084
2024-11-02,wk inc flu hosp,1,2024-11-09,04,quantile,0.45,214.7526447432353
2024-11-02,wk inc flu hosp,1,2024-11-09,04,quantile,0.5,218.82585386471516
2024-11-02,wk inc flu hosp,1,2024-11-09,04,quantile,0.55,223.0340876021216
2024-11-02,wk inc flu hosp,1,2024-11-09,04,quantile,0.6,226.8762915843237
2024-11-02,wk inc flu hosp,1,2024-11-09,04,quantile,0.65,230.44577622373944
2024-11-02,wk inc flu hosp,1,2024-11-09,04,quantile,0.7,234.0330104139246
2024-11-02,wk inc flu hosp,1,2024-11-09,04,quantile,0.75,239.09366397200753
2024-11-02,wk inc flu hosp,1,2024-11-09,04,quantile,0.8,246.78037803929485
2024-11-02,wk inc flu hosp,1,2024-11-09,04,quantile,0.85,251.5033635953002
2024-11-02,wk inc flu hosp,1,2024-11-09,04,quantile,0.9,272.44157683867047
2024-11-02,wk inc flu hosp,1,2024-11-09,04,quantile,0.95,311.81853824703126
2024-11-02,wk inc flu hosp,1,2024-11-09,04,quantile,0.975,353.06836536604675
2024-11-02,wk inc flu hosp,1,2024-11-09,04,quantile,0.99,364.7904255303844
2024-11-02,wk inc flu hosp,2,2024-11-16,04,quantile,0.01,97.49948016523031
2024-11-02,wk inc flu hosp,2,2024-11-16,04,quantile,0.025,116.21825646789299
2024-11-02,wk inc flu hosp,2,2024-11-16,04,quantile,0.05,132.61894146666484
2024-11-02,wk inc flu hosp,2,2024-11-16,04,quantile,0.1,164.14379814133983
2024-11-02,wk inc flu hosp,2,2024-11-16,04,quantile,0.15,179.58847270318608
2024-11-02,wk inc flu hosp,2,2024-11-16,04,quantile,0.2,189.64648683719687
2024-11-02,wk inc flu hosp,2,2024-11-16,04,quantile,0.25,196.20116451107432
2024-11-02,wk inc flu hosp,2,2024-11-16,04,quantile,0.3,202.24421460685147
2024-11-02,wk inc flu hosp,2,2024-11-16,04,quantile,0.35,208.27551644146806
2024-11-02,wk inc flu hosp,2,2024-11-16,04,quantile,0.4,217.63047785765082
2024-11-02,wk inc flu hosp,2,2024-11-16,04,quantile,0.45,221.43073277604842
2024-11-02,wk inc flu hosp,2,2024-11-16,04,quantile,0.5,226.4892311899834
2024-11-02,wk inc flu hosp,2,2024-11-16,04,quantile,0.55,232.943784059165
2024-11-02,wk inc flu hosp,2,2024-11-16,04,quantile,0.6,238.67185755643075
2024-11-02,wk inc flu hosp,2,2024-11-16,04,quantile,0.65,248.68031712125622
2024-11-02,wk inc flu hosp,2,2024-11-16,04,quantile,0.7,256.1928299987598
2024-11-02,wk inc flu hosp,2,2024-11-16,04,quantile,0.75,264.1808112490485
2024-11-02,wk inc flu hosp,2,2024-11-16,04,quantile,0.8,275.6121730873487
2024-11-02,wk inc flu hosp,2,2024-11-16,04,quantile,0.85,290.17206254211595
2024-11-02,wk inc flu hosp,2,2024-11-16,04,quantile,0.9,316.31047399401876
2024-11-02,wk inc flu hosp,2,2024-11-16,04,quantile,0.95,395.9536715549324
2024-11-02,wk inc flu hosp,2,2024-11-16,04,quantile,0.975,429.6709300783796
2024-11-02,wk inc flu hosp,2,2024-11-16,04,quantile,0.99,531.2141380374976
2024-11-02,wk inc flu hosp,3,2024-11-23,04,quantile,0.01,101.95431426714396
2024-11-02,wk inc flu hosp,3,2024-11-23,04,quantile,0.025,124.0287916260178
2024-11-02,wk inc flu hosp,3,2024-11-23,04,quantile,0.05,148.02546567263897
2024-11-02,wk inc flu hosp,3,2024-11-23,04,quantile,0.1,175.20361658135056
2024-11-02,wk inc flu hosp,3,2024-11-23,04,quantile,0.15,186.70085100824267
2024-11-02,wk inc flu hosp,3,2024-11-23,04,quantile,0.2,193.22735591270077
2024-11-02,wk inc flu hosp,3,2024-11-23,04,quantile,0.25,203.01826447319937
2024-11-02,wk inc flu hosp,3,2024-11-23,04,quantile,0.3,209.86529943633306
2024-11-02,wk inc flu hosp,3,2024-11-23,04,quantile,0.35,214.40670775670014
2024-11-02,wk inc flu hosp,3,2024-11-23,04,quantile,0.4,222.0302208490649
2024-11-02,wk inc flu hosp,3,2024-11-23,04,quantile,0.45,231.64412065841634
2024-11-02,wk inc flu hosp,3,2024-11-23,04,quantile,0.5,237.54371462488396
2024-11-02,wk inc flu hosp,3,2024-11-23,04,quantile,0.55,246.43507315872992
2024-11-02,wk inc flu hosp,3,2024-11-23,04,quantile,0.6,255.8325178384131
2024-11-02,wk inc flu hosp,3,2024-11-23,04,quantile,0.65,268.19091825723564
2024-11-02,wk inc flu hosp,3,2024-11-23,04,quantile,0.7,278.87270425741457
2024-11-02,wk inc flu hosp,3,2024-11-23,04,quantile,0.75,291.8998470211736
2024-11-02,wk inc flu hosp,3,2024-11-23,04,quantile,0.8,317.39837947759764
2024-11-02,wk inc flu hosp,3,2024-11-23,04,quantile,0.85,365.3131002904628
2024-11-02,wk inc flu hosp,3,2024-11-23,04,quantile,0.9,419.8576751210184
2024-11-02,wk inc flu hosp,3,2024-11-23,04,quantile,0.95,515.7984232941835
2024-11-02,wk inc flu hosp,3,2024-11-23,04,quantile,0.975,564.8475023634121
2024-11-02,wk inc flu hosp,3,2024-11-23,04,quantile,0.99,606.3876699823467
2024-11-02,wk inc flu hosp,0,2024-11-02,05,quantile,0.01,0.0
2024-11-02,wk inc flu hosp,0,2024-11-02,05,quantile,0.025,0.0
2024-11-02,wk inc flu hosp,0,2024-11-02,05,quantile,0.05,1.9576642005353924
2024-11-02,wk inc flu hosp,0,2024-11-02,05,quantile,0.1,2.5502897388234627
2024-11-02,wk inc flu hosp,0,2024-11-02,05,quantile,0.15,3.0555767875170123
2024-11-02,wk inc flu hosp,0,2024-11-02,05,quantile,0.2,3.5033747312346133
2024-11-02,wk inc flu hosp,0,2024-11-02,05,quantile,0.25,3.71293723988579
2024-11-02,wk inc flu hosp,0,2024-11-02,05,quantile,0.3,3.90444096042897
2024-11-02,wk inc flu hosp,0,2024-11-02,05,quantile,0.35,4.358512438415639
2024-11-02,wk inc flu hosp,0,2024-11-02,05,quantile,0.4,4.7742258007222365
2024-11-02,wk inc flu hosp,0,2024-11-02,05,quantile,0.45,5.149312395550339
2024-11-02,wk inc flu hosp,0,2024-11-02,05,quantile,0.5,6.158242267496977
2024-11-02,wk inc flu hosp,0,2024-11-02,05,quantile,0.55,6.932320004325992
2024-11-02,wk inc flu hosp,0,2024-11-02,05,quantile,0.6,9.25717236115502
2024-11-02,wk inc flu hosp,0,2024-11-02,05,quantile,0.65,10.894768684317219
2024-11-02,wk inc flu hosp,0,2024-11-02,05,quantile,0.7,12.145686231687298
2024-11-02,wk inc flu hosp,0,2024-11-02,05,quantile,0.75,12.954449086453394
2024-11-02,wk inc flu hosp,0,2024-11-02,05,quantile,0.8,13.484284606133539
2024-11-02,wk inc flu hosp,0,2024-11-02,05,quantile,0.85,14.161903899331111
2024-11-02,wk inc flu hosp,0,2024-11-02,05,quantile,0.9,19.27957076270716
2024-11-02,wk inc flu hosp,0,2024-11-02,05,quantile,0.95,37.18880955952149
2024-11-02,wk inc flu hosp,0,2024-11-02,05,quantile,0.975,47.809992658812156
2024-11-02,wk inc flu hosp,0,2024-11-02,05,quantile,0.99,82.11187336170772
2024-11-02,wk inc flu hosp,1,2024-11-09,05,quantile,0.01,2.6414202339575388
2024-11-02,wk inc flu hosp,1,2024-11-09,05,quantile,0.025,2.8278086420244968
2024-11-02,wk inc flu hosp,1,2024-11-09,05,quantile,0.05,3.3871527462074242
2024-11-02,wk inc flu hosp,1,2024-11-09,05,quantile,0.1,4.5990718273274425
2024-11-02,wk inc flu hosp,1,2024-11-09,05,quantile,0.15,5.50060519907143
2024-11-02,wk inc flu hosp,1,2024-11-09,05,quantile,0.2,6.766587003541682
2024-11-02,wk inc flu hosp,1,2024-11-09,05,quantile,0.25,7.7697777758442035
2024-11-02,wk inc flu hosp,1,2024-11-09,05,quantile,0.3,9.054366052352641
2024-11-02,wk inc flu hosp,1,2024-11-09,05,quantile,0.35,10.224177603390986
2024-11-02,wk inc flu hosp,1,2024-11-09,05,quantile,0.4,11.191286552892677
2024-11-02,wk inc flu hosp,1,2024-11-09,05,quantile,0.45,12.316845389630679
2024-11-02,wk inc flu hosp,1,2024-11-09,05,quantile,0.5,12.836062646800604
2024-11-02,wk inc flu hosp,1,2024-11-09,05,quantile,0.55,13.46313918692191
2024-11-02,wk inc flu hosp,1,2024-11-09,05,quantile,0.6,14.078606788718078
2024-11-02,wk inc flu hosp,1,2024-11-09,05,quantile,0.65,14.88128678112674
2024-11-02,wk inc flu hosp,1,2024-11-09,05,quantile,0.7,15.875666931687583
2024-11-02,wk inc flu hosp,1,2024-11-09,05,quantile,0.75,18.431507971416732
2024-11-02,wk inc flu hosp,1,2024-11-09,05,quantile,0.8,20.555178837314777
2024-11-02,wk inc flu hosp,1,2024-11-09,05,quantile,0.85,23.043223431625524
2024-11-02,wk inc flu hosp,1,2024-11-09,05,quantile,0.9,35.995785780750246
2024-11-02,wk inc flu hosp,1,2024-11-09,05,quantile,0.95,46.61489089975097
2024-11-02,wk inc flu hosp,1,2024-11-09,05,quantile,0.975,81.38571386039234
2024-11-02,wk inc flu hosp,1,2024-11-09,05,quantile,0.99,81.38571386039234
2024-11-02,wk inc flu hosp,2,2024-11-16,05,quantile,0.01,2.89069958112983
2024-11-02,wk inc flu hosp,2,2024-11-16,05,quantile,0.025,3.383653827620711
2024-11-02,wk inc flu hosp,2,2024-11-16,05,quantile,0.05,4.016769737547295
2024-11-02,wk inc flu hosp,2,2024-11-16,05,quantile,0.1,7.203656191807413
2024-11-02,wk inc flu hosp,2,2024-11-16,05,quantile,0.15,8.61584463283221
2024-11-02,wk inc flu hosp,2,2024-11-16,05,quantile,0.2,9.419712747935376
2024-11-02,wk inc flu hosp,2,2024-11-16,05,quantile,0.25,10.203555125890304
2024-11-02,wk inc flu hosp,2,2024-11-16,05,quantile,0.3,11.030850635449207
2024-11-02,wk inc flu hosp,2,2024-11-16,05,quantile,0.35,11.650688928945542
2024-11-02,wk inc flu hosp,2,2024-11-16,05,quantile,0.4,12.34606481310732
2024-11-02,wk inc flu hosp,2,2024-11-16,05,quantile,0.45,13.249083533550097
2024-11-02,wk inc flu hosp,2,2024-11-16,05,quantile,0.5,14.745154375096497
2024-11-02,wk inc flu hosp,2,2024-11-16,05,quantile,0.55,15.752062430454448
2024-11-02,wk inc flu hosp,2,2024-11-16,05,quantile,0.6,17.00625228724789
2024-11-02,wk inc flu hosp,2,2024-11-16,05,quantile,0.65,18.111940531733747
2024-11-02,wk inc flu hosp,2,2024-11-16,05,quantile,0.7,20.19116068277915
2024-11-02,wk inc flu hosp,2,2024-11-16,05,quantile,0.75,22.512775557189002
2024-11-02,wk inc flu hosp,2,2024-11-16,05,quantile,0.8,28.23010978226721
2024-11-02,wk inc flu hosp,2,2024-11-16,05,quantile,0.85,36.15919612849744
2024-11-02,wk inc flu hosp,2,2024-11-16,05,quantile,0.9,46.43076783906484
2024-11-02,wk inc flu hosp,2,2024-11-16,05,quantile,0.95,67.07776063725663
2024-11-02,wk inc flu hosp,2,2024-11-16,05,quantile,0.975,81.76996895892343
2024-11-02,wk inc flu hosp,2,2024-11-16,05,quantile,0.99,84.80402764899448
2024-11-02,wk inc flu hosp,3,2024-11-23,05,quantile,0.01,2.8020900277544842
2024-11-02,wk inc flu hosp,3,2024-11-23,05,quantile,0.025,4.015032519477568
2024-11-02,wk inc flu hosp,3,2024-11-23,05,quantile,0.05,6.630260587036569
2024-11-02,wk inc flu hosp,3,2024-11-23,05,quantile,0.1,8.68363926849137
2024-11-02,wk inc flu hosp,3,2024-11-23,05,quantile,0.15,9.633625957156015
2024-11-02,wk inc flu hosp,3,2024-11-23,05,quantile,0.2,10.865226037138616
2024-11-02,wk inc flu hosp,3,2024-11-23,05,quantile,0.25,11.61139187414088
2024-11-02,wk inc flu hosp,3,2024-11-23,05,quantile,0.3,12.669668351547399
2024-11-02,wk inc flu hosp,3,2024-11-23,05,quantile,0.35,14.262627447147198
2024-11-02,wk inc flu hosp,3,2024-11-23,05,quantile,0.4,15.320593343526618
2024-11-02,wk inc flu hosp,3,2024-11-23,05,quantile,0.45,16.41617471970107
2024-11-02,wk inc flu hosp,3,2024-11-23,05,quantile,0.5,17.45139936611982
2024-11-02,wk inc flu hosp,3,2024-11-23,05,quantile,0.55,19.614761830379383
2024-11-02,wk inc flu hosp,3,2024-11-23,05,quantile,0.6,21.62095732369214
2024-11-02,wk inc flu hosp,3,2024-11-23,05,quantile,0.65,24.36975316368108
2024-11-02,wk inc flu hosp,3,2024-11-23,05,quantile,0.7,26.766543812451562
2024-11-02,wk inc flu hosp,3,2024-11-23,05,quantile,0.75,31.892295382285802
2024-11-02,wk inc flu hosp,3,2024-11-23,05,quantile,0.8,37.47984922866029
2024-11-02,wk inc flu hosp,3,2024-11-23,05,quantile,0.85,44.79940830336926
2024-11-02,wk inc flu hosp,3,2024-11-23,05,quantile,0.9,54.934345055277866
2024-11-02,wk inc flu hosp,3,2024-11-23,05,quantile,0.95,70.16247904256895
2024-11-02,wk inc flu hosp,3,2024-11-23,05,quantile,0.975,79.83776913034204
2024-11-02,wk inc flu hosp,3,2024-11-23,05,quantile,0.99,87.20082976822424
2024-11-02,wk inc flu hosp,0,2024-11-02,06,quantile,0.01,46.41228033566635
2024-11-02,wk inc flu hosp,0,2024-11-02,06,quantile,0.025,87.1316448777139
2024-11-02,wk inc flu hosp,0,2024-11-02,06,quantile,0.05,123.18334741347216
2024-11-02,wk inc flu hosp,0,2024-11-02,06,quantile,0.1,148.26548347605114
2024-11-02,wk inc flu hosp,0,2024-11-02,06,quantile,0.15,168.35967517536176
2024-11-02,wk inc flu hosp,0,2024-11-02,06,quantile,0.2,171.4192562501202
2024-11-02,wk inc flu hosp,0,2024-11-02,06,quantile,0.25,173.22101973563073
2024-11-02,wk inc flu hosp,0,2024-11-02,06,quantile,0.3,174.54079378967518
2024-11-02,wk inc flu hosp,0,2024-11-02,06,quantile,0.35,175.8140436646176
2024-11-02,wk inc flu hosp,0,2024-11-02,06,quantile,0.4,177.92280945241055
2024-11-02,wk inc flu hosp,0,2024-11-02,06,quantile,0.45,179.8152711722487
2024-11-02,wk inc flu hosp,0,2024-11-02,06,quantile,0.5,182.412895373674
2024-11-02,wk inc flu hosp,0,2024-11-02,06,quantile,0.55,184.32179729268086
2024-11-02,wk inc flu hosp,0,2024-11-02,06,quantile,0.6,188.64401777482192
2024-11-02,wk inc flu hosp,0,2024-11-02,06,quantile,0.65,194.78929431048607
2024-11-02,wk inc flu hosp,0,2024-11-02,06,quantile,0.7,208.97070470971576
2024-11-02,wk inc flu hosp,0,2024-11-02,06,quantile,0.75,218.47088744042392
2024-11-02,wk inc flu hosp,0,2024-11-02,06,quantile,0.8,222.03963173996922
2024-11-02,wk inc flu hosp,0,2024-11-02,06,quantile,0.85,230.85682449290726
2024-11-02,wk inc flu hosp,0,2024-11-02,06,quantile,0.9,235.83588299012223
2024-11-02,wk inc flu hosp,0,2024-11-02,06,quantile,0.95,259.6075552286586
2024-11-02,wk inc flu hosp,0,2024-11-02,06,quantile,0.975,298.95426084792655
2024-11-02,wk inc flu hosp,0,2024-11-02,06,quantile,0.99,517.051047384037
2024-11-02,wk inc flu hosp,1,2024-11-09,06,quantile,0.01,72.38078268446377
2024-11-02,wk inc flu hosp,1,2024-11-09,06,quantile,0.025,114.49005307920264
2024-11-02,wk inc flu hosp,1,2024-11-09,06,quantile,0.05,148.9088651094208
2024-11-02,wk inc flu hosp,1,2024-11-09,06,quantile,0.1,179.75485990528904
2024-11-02,wk inc flu hosp,1,2024-11-09,06,quantile,0.15,190.2067925885061
2024-11-02,wk inc flu hosp,1,2024-11-09,06,quantile,0.2,198.76199188149405
2024-11-02,wk inc flu hosp,1,2024-11-09,06,quantile,0.25,207.4493831052867
2024-11-02,wk inc flu hosp,1,2024-11-09,06,quantile,0.3,213.4274371997542
2024-11-02,wk inc flu hosp,1,2024-11-09,06,quantile,0.35,219.2527810366758
2024-11-02,wk inc flu hosp,1,2024-11-09,06,quantile,0.4,228.01146258122603
2024-11-02,wk inc flu hosp,1,2024-11-09,06,quantile,0.45,239.17878049780302
2024-11-02,wk inc flu hosp,1,2024-11-09,06,quantile,0.5,246.9070513824156
2024-11-02,wk inc flu hosp,1,2024-11-09,06,quantile,0.55,252.93427692026899
2024-11-02,wk inc flu hosp,1,2024-11-09,06,quantile,0.6,267.8268699097913
2024-11-02,wk inc flu hosp,1,2024-11-09,06,quantile,0.65,285.46463292844186
2024-11-02,wk inc flu hosp,1,2024-11-09,06,quantile,0.7,295.33809207105224
2024-11-02,wk inc flu hosp,1,2024-11-09,06,quantile,0.75,310.12730970891675
2024-11-02,wk inc flu hosp,1,2024-11-09,06,quantile,0.8,321.8726720499517
2024-11-02,wk inc flu hosp,1,2024-11-09,06,quantile,0.85,348.27013741776705
2024-11-02,wk inc flu hosp,1,2024-11-09,06,quantile,0.9,367.03928970182693
2024-11-02,wk inc flu hosp,1,2024-11-09,06,quantile,0.95,405.7575445721269
2024-11-02,wk inc flu hosp,1,2024-11-09,06,quantile,0.975,450.8465947297404
2024-11-02,wk inc flu hosp,1,2024-11-09,06,quantile,0.99,525.95651180539
2024-11-02,wk inc flu hosp,2,2024-11-16,06,quantile,0.01,114.04871704822608
2024-11-02,wk inc flu hosp,2,2024-11-16,06,quantile,0.025,151.12907376216276
2024-11-02,wk inc flu hosp,2,2024-11-16,06,quantile,0.05,177.6274306422184
2024-11-02,wk inc flu hosp,2,2024-11-16,06,quantile,0.1,203.47290360018698
2024-11-02,wk inc flu hosp,2,2024-11-16,06,quantile,0.15,229.16242216219823
2024-11-02,wk inc flu hosp,2,2024-11-16,06,quantile,0.2,250.82335567853121
2024-11-02,wk inc flu hosp,2,2024-11-16,06,quantile,0.25,266.54200808694077
2024-11-02,wk inc flu hosp,2,2024-11-16,06,quantile,0.3,281.6866045640311
2024-11-02,wk inc flu hosp,2,2024-11-16,06,quantile,0.35,291.8791210197891
2024-11-02,wk inc flu hosp,2,2024-11-16,06,quantile,0.4,298.50937163975567
2024-11-02,wk inc flu hosp,2,2024-11-16,06,quantile,0.45,311.9279244643976
2024-11-02,wk inc flu hosp,2,2024-11-16,06,quantile,0.5,323.6748576109036
2024-11-02,wk inc flu hosp,2,2024-11-16,06,quantile,0.55,338.61493780444147
2024-11-02,wk inc flu hosp,2,2024-11-16,06,quantile,0.6,351.02776378148855
2024-11-02,wk inc flu hosp,2,2024-11-16,06,quantile,0.65,360.74311605753275
2024-11-02,wk inc flu hosp,2,2024-11-16,06,quantile,0.7,369.8649804671482
2024-11-02,wk inc flu hosp,2,2024-11-16,06,quantile,0.75,376.65494909122305
2024-11-02,wk inc flu hosp,2,2024-11-16,06,quantile,0.8,389.8360412055621
2024-11-02,wk inc flu hosp,2,2024-11-16,06,quantile,0.85,427.23966580035005
2024-11-02,wk inc flu hosp,2,2024-11-16,06,quantile,0.9,462.8946764029037
2024-11-02,wk inc flu hosp,2,2024-11-16,06,quantile,0.95,510.0904265943105
2024-11-02,wk inc flu hosp,2,2024-11-16,06,quantile,0.975,557.8813119522875
2024-11-02,wk inc flu hosp,2,2024-11-16,06,quantile,0.99,577.0508315113367
2024-11-02,wk inc flu hosp,3,2024-11-23,06,quantile,0.01,162.238057161253
2024-11-02,wk inc flu hosp,3,2024-11-23,06,quantile,0.025,187.49490628444
2024-11-02,wk inc flu hosp,3,2024-11-23,06,quantile,0.05,223.4213387517029
2024-11-02,wk inc flu hosp,3,2024-11-23,06,quantile,0.1,269.7751642242497
2024-11-02,wk inc flu hosp,3,2024-11-23,06,quantile,0.15,304.3276713760853
2024-11-02,wk inc flu hosp,3,2024-11-23,06,quantile,0.2,320.49588278345743
2024-11-02,wk inc flu hosp,3,2024-11-23,06,quantile,0.25,333.10075099921136
2024-11-02,wk inc flu hosp,3,2024-11-23,06,quantile,0.3,351.10452709591556
2024-11-02,wk inc flu hosp,3,2024-11-23,06,quantile,0.35,374.44779923487476
2024-11-02,wk inc flu hosp,3,2024-11-23,06,quantile,0.4,390.1891425473411
2024-11-02,wk inc flu hosp,3,2024-11-23,06,quantile,0.45,411.9087027655554
2024-11-02,wk inc flu hosp,3,2024-11-23,06,quantile,0.5,425.4940020628519
2024-11-02,wk inc flu hosp,3,2024-11-23,06,quantile,0.55,437.809882329765
2024-11-02,wk inc flu hosp,3,2024-11-23,06,quantile,0.6,447.04756881666293
2024-11-02,wk inc flu hosp,3,2024-11-23,06,quantile,0.65,462.43215438652214
2024-11-02,wk inc flu hosp,3,2024-11-23,06,quantile,0.7,486.528569369062
2024-11-02,wk inc flu hosp,3,2024-11-23,06,quantile,0.75,508.4462245503741
2024-11-02,wk inc flu hosp,3,2024-11-23,06,quantile,0.8,523.8716236850398
2024-11-02,wk inc flu hosp,3,2024-11-23,06,quantile,0.85,548.5676453741399
2024-11-02,wk inc flu hosp,3,2024-11-23,06,quantile,0.9,578.9337544024609
2024-11-02,wk inc flu hosp,3,2024-11-23,06,quantile,0.95,635.6778570781025
2024-11-02,wk inc flu hosp,3,2024-11-23,06,quantile,0.975,659.4377386549378
2024-11-02,wk inc flu hosp,3,2024-11-23,06,quantile,0.99,717.3828417775175
2024-11-02,wk inc flu hosp,0,2024-11-02,08,quantile,0.01,2.75643550118181
2024-11-02,wk inc flu hosp,0,2024-11-02,08,quantile,0.025,4.131549344701467
2024-11-02,wk inc flu hosp,0,2024-11-02,08,quantile,0.05,5.770463202336698
2024-11-02,wk inc flu hosp,0,2024-11-02,08,quantile,0.1,7.828020863631594
2024-11-02,wk inc flu hosp,0,2024-11-02,08,quantile,0.15,12.92832903368358
2024-11-02,wk inc flu hosp,0,2024-11-02,08,quantile,0.2,13.787238182716768
2024-11-02,wk inc flu hosp,0,2024-11-02,08,quantile,0.25,13.89055108155733
2024-11-02,wk inc flu hosp,0,2024-11-02,08,quantile,0.3,14.159654309746578
2024-11-02,wk inc flu hosp,0,2024-11-02,08,quantile,0.35,16.39671835893355
2024-11-02,wk inc flu hosp,0,2024-11-02,08,quantile,0.4,17.184436457959027
2024-11-02,wk inc flu hosp,0,2024-11-02,08,quantile,0.45,17.490362461271758
2024-11-02,wk inc flu hosp,0,2024-11-02,08,quantile,0.5,17.861829109289133
2024-11-02,wk inc flu hosp,0,2024-11-02,08,quantile,0.55,18.309314375011247
2024-11-02,wk inc flu hosp,0,2024-11-02,08,quantile,0.6,18.59632615852922
2024-11-02,wk inc flu hosp,0,2024-11-02,08,quantile,0.65,18.93876999264877
2024-11-02,wk inc flu hosp,0,2024-11-02,08,quantile,0.7,19.166861078057607
2024-11-02,wk inc flu hosp,0,2024-11-02,08,quantile,0.75,19.36290430754271
2024-11-02,wk inc flu hosp,0,2024-11-02,08,quantile,0.8,19.72328372791525
2024-11-02,wk inc flu hosp,0,2024-11-02,08,quantile,0.85,20.12762315419882
2024-11-02,wk inc flu hosp,0,2024-11-02,08,quantile,0.9,20.63843218015778
2024-11-02,wk inc flu hosp,0,2024-11-02,08,quantile,0.95,21.137232029237076
2024-11-02,wk inc flu hosp,0,2024-11-02,08,quantile,0.975,28.000410607228172
2024-11-02,wk inc flu hosp,0,2024-11-02,08,quantile,0.99,66.39076245153123
2024-11-02,wk inc flu hosp,1,2024-11-09,08,quantile,0.01,6.579223258117899
2024-11-02,wk inc flu hosp,1,2024-11-09,08,quantile,0.025,7.8840284084106
2024-11-02,wk inc flu hosp,1,2024-11-09,08,quantile,0.05,9.16584233684523
2024-11-02,wk inc flu hosp,1,2024-11-09,08,quantile,0.1,11.639955507372031
2024-11-02,wk inc flu hosp,1,2024-11-09,08,quantile,0.15,12.728439947695431
2024-11-02,wk inc flu hosp,1,2024-11-09,08,quantile,0.2,13.525398580630538
2024-11-02,wk inc flu hosp,1,2024-11-09,08,quantile,0.25,14.151968263105157
2024-11-02,wk inc flu hosp,1,2024-11-09,08,quantile,0.3,14.679642488249812
2024-11-02,wk inc flu hosp,1,2024-11-09,08,quantile,0.35,15.444305957081992
2024-11-02,wk inc flu hosp,1,2024-11-09,08,quantile,0.4,16.21681317893829
2024-11-02,wk inc flu hosp,1,2024-11-09,08,quantile,0.45,16.79873029959357
2024-11-02,wk inc flu hosp,1,2024-11-09,08,quantile,0.5,17.5040253857726
2024-11-02,wk inc flu hosp,1,2024-11-09,08,quantile,0.55,17.938653725759767
2024-11-02,wk inc flu hosp,1,2024-11-09,08,quantile,0.6,18.435342487957495
2024-11-02,wk inc flu hosp,1,2024-11-09,08,quantile,0.65,18.996522625273368
2024-11-02,wk inc flu hosp,1,2024-11-09,08,quantile,0.7,20.112522817521292
2024-11-02,wk inc flu hosp,1,2024-11-09,08,quantile,0.75,22.21787600563134
2024-11-02,wk inc flu hosp,1,2024-11-09,08,quantile,0.8,23.843969914999626
2024-11-02,wk inc flu hosp,1,2024-11-09,08,quantile,0.85,25.53672485612314
2024-11-02,wk inc flu hosp,1,2024-11-09,08,quantile,0.9,27.129208129298412
2024-11-02,wk inc flu hosp,1,2024-11-09,08,quantile,0.95,29.875937679337312
2024-11-02,wk inc flu hosp,1,2024-11-09,08,quantile,0.975,59.678504019401664
2024-11-02,wk inc flu hosp,1,2024-11-09,08,quantile,0.99,76.15421497401258
2024-11-02,wk inc flu hosp,2,2024-11-16,08,quantile,0.01,6.679659248998317
2024-11-02,wk inc flu hosp,2,2024-11-16,08,quantile,0.025,7.873175853514949
2024-11-02,wk inc flu hosp,2,2024-11-16,08,quantile,0.05,10.558085014639644
2024-11-02,wk inc flu hosp,2,2024-11-16,08,quantile,0.1,12.280422791142795
2024-11-02,wk inc flu hosp,2,2024-11-16,08,quantile,0.15,13.350187034686677
2024-11-02,wk inc flu hosp,2,2024-11-16,08,quantile,0.2,15.442195497911284
2024-11-02,wk inc flu hosp,2,2024-11-16,08,quantile,0.25,17.090327316154475
2024-11-02,wk inc flu hosp,2,2024-11-16,08,quantile,0.3,18.332226486968484
2024-11-02,wk inc flu hosp,2,2024-11-16,08,quantile,0.35,19.516772990117488
2024-11-02,wk inc flu hosp,2,2024-11-16,08,quantile,0.4,21.370134896257323
2024-11-02,wk inc flu hosp,2,2024-11-16,08,quantile,0.45,22.820368245014052
2024-11-02,wk inc flu hosp,2,2024-11-16,08,quantile,0.5,23.919713617922
2024-11-02,wk inc flu hosp,2,2024-11-16,08,quantile,0.55,24.685101516647865
2024-11-02,wk inc flu hosp,2,2024-11-16,08,quantile,0.6,25.271876928996978
2024-11-02,wk inc flu hosp,2,2024-11-16,08,quantile,0.65,26.067756539457125
2024-11-02,wk inc flu hosp,2,2024-11-16,08,quantile,0.7,27.631067383636324
2024-11-02,wk inc flu hosp,2,2024-11-16,08,quantile,0.75,29.38706941220946
2024-11-02,wk inc flu hosp,2,2024-11-16,08,quantile,0.8,31.384143826052018
2024-11-02,wk inc flu hosp,2,2024-11-16,08,quantile,0.85,33.498672549496746
2024-11-02,wk inc flu hosp,2,2024-11-16,08,quantile,0.9,36.12652260915571
2024-11-02,wk inc flu hosp,2,2024-11-16,08,quantile,0.95,48.388130967426406
2024-11-02,wk inc flu hosp,2,2024-11-16,08,quantile,0.975,68.3954835928785
2024-11-02,wk inc flu hosp,2,2024-11-16,08,quantile,0.99,78.75916235099811
2024-11-02,wk inc flu hosp,3,2024-11-23,08,quantile,0.01,8.746684298605528
2024-11-02,wk inc flu hosp,3,2024-11-23,08,quantile,0.025,11.031497072596844
2024-11-02,wk inc flu hosp,3,2024-11-23,08,quantile,0.05,14.227916246218433
2024-11-02,wk inc flu hosp,3,2024-11-23,08,quantile,0.1,17.223806691013692
2024-11-02,wk inc flu hosp,3,2024-11-23,08,quantile,0.15,20.31506924155584
2024-11-02,wk inc flu hosp,3,2024-11-23,08,quantile,0.2,22.1684346458208
2024-11-02,wk inc flu hosp,3,2024-11-23,08,quantile,0.25,24.286606393057575
2024-11-02,wk inc flu hosp,3,2024-11-23,08,quantile,0.3,26.116253638047
2024-11-02,wk inc flu hosp,3,2024-11-23,08,quantile,0.35,27.483664715706784
2024-11-02,wk inc flu hosp,3,2024-11-23,08,quantile,0.4,28.777200961110637
2024-11-02,wk inc flu hosp,3,2024-11-23,08,quantile,0.45,29.68905478439328
2024-11-02,wk inc flu hosp,3,2024-11-23,08,quantile,0.5,31.15007208169574
2024-11-02,wk inc flu hosp,3,2024-11-23,08,quantile,0.55,32.50619988284119
2024-11-02,wk inc flu hosp,3,2024-11-23,08,quantile,0.6,34.03784607353549
2024-11-02,wk inc flu hosp,3,2024-11-23,08,quantile,0.65,36.7335221134976
2024-11-02,wk inc flu hosp,3,2024-11-23,08,quantile,0.7,38.71438388125591
2024-11-02,wk inc flu hosp,3,2024-11-23,08,quantile,0.75,42.639946925823835
2024-11-02,wk inc flu hosp,3,2024-11-23,08,quantile,0.8,48.86023802454609
2024-11-02,wk inc flu hosp,3,2024-11-23,08,quantile,0.85,53.7204041547569
2024-11-02,wk inc flu hosp,3,2024-11-23,08,quantile,0.9,60.04797488734544
2024-11-02,wk inc flu hosp,3,2024-11-23,08,quantile,0.95,66.76172894318647
2024-11-02,wk inc flu hosp,3,2024-11-23,08,quantile,0.975,78.38594648329891
2024-11-02,wk inc flu hosp,3,2024-11-23,08,quantile,0.99,88.34513773576758
2024-11-02,wk inc flu hosp,0,2024-11-02,09,quantile,0.01,1.1246787384239159
2024-11-02,wk inc flu hosp,0,2024-11-02,09,quantile,0.025,1.6429409949664304
2024-11-02,wk inc flu hosp,0,2024-11-02,09,quantile,0.05,1.790071656628341
2024-11-02,wk inc flu hosp,0,2024-11-02,09,quantile,0.1,3.1504091801197185
2024-11-02,wk inc flu hosp,0,2024-11-02,09,quantile,0.15,4.9472931056577325
2024-11-02,wk inc flu hosp,0,2024-11-02,09,quantile,0.2,5.080819808882423
2024-11-02,wk inc flu hosp,0,2024-11-02,09,quantile,0.25,5.314327241394498
2024-11-02,wk inc flu hosp,0,2024-11-02,09,quantile,0.3,5.887820601433364
2024-11-02,wk inc flu hosp,0,2024-11-02,09,quantile,0.35,6.430972178228416
2024-11-02,wk inc flu hosp,0,2024-11-02,09,quantile,0.4,7.038629129504616
2024-11-02,wk inc flu hosp,0,2024-11-02,09,quantile,0.45,7.709214183487248
2024-11-02,wk inc flu hosp,0,2024-11-02,09,quantile,0.5,7.893524897452264
2024-11-02,wk inc flu hosp,0,2024-11-02,09,quantile,0.55,8.050278888137214
2024-11-02,wk inc flu hosp,0,2024-11-02,09,quantile,0.6,8.275235676326025
2024-11-02,wk inc flu hosp,0,2024-11-02,09,quantile,0.65,8.597845063788634
2024-11-02,wk inc flu hosp,0,2024-11-02,09,quantile,0.7,9.128439038554362
2024-11-02,wk inc flu hosp,0,2024-11-02,09,quantile,0.75,10.64946240731445
2024-11-02,wk inc flu hosp,0,2024-11-02,09,quantile,0.8,13.490802006483873
2024-11-02,wk inc flu hosp,0,2024-11-02,09,quantile,0.85,15.851729018409053
2024-11-02,wk inc flu hosp,0,2024-11-02,09,quantile,0.9,19.107193113365724
2024-11-02,wk inc flu hosp,0,2024-11-02,09,quantile,0.95,25.88960563480727
2024-11-02,wk inc flu hosp,0,2024-11-02,09,quantile,0.975,56.615001531122225
2024-11-02,wk inc flu hosp,0,2024-11-02,09,quantile,0.99,100.99743445673889
2024-11-02,wk inc flu hosp,1,2024-11-09,09,quantile,0.01,1.767656096167766
2024-11-02,wk inc flu hosp,1,2024-11-09,09,quantile,0.025,2.102338680456429
2024-11-02,wk inc flu hosp,1,2024-11-09,09,quantile,0.05,2.553722647738912
2024-11-02,wk inc flu hosp,1,2024-11-09,09,quantile,0.1,5.470436779563566
2024-11-02,wk inc flu hosp,1,2024-11-09,09,quantile,0.15,7.029571500228177
2024-11-02,wk inc flu hosp,1,2024-11-09,09,quantile,0.2,7.494995718688759
2024-11-02,wk inc flu hosp,1,2024-11-09,09,quantile,0.25,7.875804091239337
2024-11-02,wk inc flu hosp,1,2024-11-09,09,quantile,0.3,8.189941822142742
2024-11-02,wk inc flu hosp,1,2024-11-09,09,quantile,0.35,8.655942711386343
2024-11-02,wk inc flu hosp,1,2024-11-09,09,quantile,0.4,9.035774409421334
2024-11-02,wk inc flu hosp,1,2024-11-09,09,quantile,0.45,9.488480253461805
2024-11-02,wk inc flu hosp,1,2024-11-09,09,quantile,0.5,10.08053046947532
2024-11-02,wk inc flu hosp,1,2024-11-09,09,quantile,0.55,10.843221093163296
2024-11-02,wk inc flu hosp,1,2024-11-09,09,quantile,0.6,12.13518207220976
2024-11-02,wk inc flu hosp,1,2024-11-09,09,quantile,0.65,12.87570436043024
2024-11-02,wk inc flu hosp,1,2024-11-09,09,quantile,0.7,13.494777885388737
2024-11-02,wk inc flu hosp,1,2024-11-09,09,quantile,0.75,14.659265343741426
2024-11-02,wk inc flu hosp,1,2024-11-09,09,quantile,0.8,16.108969978226604
2024-11-02,wk inc flu hosp,1,2024-11-09,09,quantile,0.85,24.060252350841267
2024-11-02,wk inc flu hosp,1,2024-11-09,09,quantile,0.9,28.55192292481128
2024-11-02,wk inc flu hosp,1,2024-11-09,09,quantile,0.95,44.10823035501852
2024-11-02,wk inc flu hosp,1,2024-11-09,09,quantile,0.975,93.07656808201956
2024-11-02,wk inc flu hosp,1,2024-11-09,09,quantile,0.99,105.9327779107871
2024-11-02,wk inc flu hosp,2,2024-11-16,09,quantile,0.01,1.2965525619226104
2024-11-02,wk inc flu hosp,2,2024-11-16,09,quantile,0.025,1.8818375760511357
2024-11-02,wk inc flu hosp,2,2024-11-16,09,quantile,0.05,2.979648005901044
2024-11-02,wk inc flu hosp,2,2024-11-16,09,quantile,0.1,5.935062657692303
2024-11-02,wk inc flu hosp,2,2024-11-16,09,quantile,0.15,6.95503490450947
2024-11-02,wk inc flu hosp,2,2024-11-16,09,quantile,0.2,7.716040396133028
2024-11-02,wk inc flu hosp,2,2024-11-16,09,quantile,0.25,8.693156960688665
2024-11-02,wk inc flu hosp,2,2024-11-16,09,quantile,0.3,9.388822676034035
2024-11-02,wk inc flu hosp,2,2024-11-16,09,quantile,0.35,10.164325155894305
2024-11-02,wk inc flu hosp,2,2024-11-16,09,quantile,0.4,10.930860162510854
2024-11-02,wk inc flu hosp,2,2024-11-16,09,quantile,0.45,11.452643654091299
2024-11-02,wk inc flu hosp,2,2024-11-16,09,quantile,0.5,12.280646287321199
2024-11-02,wk inc flu hosp,2,2024-11-16,09,quantile,0.55,13.271664704867314
2024-11-02,wk inc flu hosp,2,2024-11-16,09,quantile,0.6,14.79098988236263
2024-11-02,wk inc flu hosp,2,2024-11-16,09,quantile,0.65,16.05084143604966
2024-11-02,wk inc flu hosp,2,2024-11-16,09,quantile,0.7,17.710640402094697
2024-11-02,wk inc flu hosp,2,2024-11-16,09,quantile,0.75,21.331715806045572
2024-11-02,wk inc flu hosp,2,2024-11-16,09,quantile,0.8,26.52157453801405
2024-11-02,wk inc flu hosp,2,2024-11-16,09,quantile,0.85,32.343772393400236
2024-11-02,wk inc flu hosp,2,2024-11-16,09,quantile,0.9,38.03897513444194
2024-11-02,wk inc flu hosp,2,2024-11-16,09,quantile,0.95,57.27527252248241
2024-11-02,wk inc flu hosp,2,2024-11-16,09,quantile,0.975,88.45602175068304
2024-11-02,wk inc flu hosp,2,2024-11-16,09,quantile,0.99,110.16604746727305
2024-11-02,wk inc flu hosp,3,2024-11-23,09,quantile,0.01,1.1245971191620427
2024-11-02,wk inc flu hosp,3,2024-11-23,09,quantile,0.025,1.7325234350212613
2024-11-02,wk inc flu hosp,3,2024-11-23,09,quantile,0.05,2.503301149467146
2024-11-02,wk inc flu hosp,3,2024-11-23,09,quantile,0.1,5.876356010625771
2024-11-02,wk inc flu hosp,3,2024-11-23,09,quantile,0.15,7.104558115766212
2024-11-02,wk inc flu hosp,3,2024-11-23,09,quantile,0.2,7.994072265582016
2024-11-02,wk inc flu hosp,3,2024-11-23,09,quantile,0.25,9.015482032228952
2024-11-02,wk inc flu hosp,3,2024-11-23,09,quantile,0.3,10.145609562223285
2024-11-02,wk inc flu hosp,3,2024-11-23,09,quantile,0.35,11.242106661001593
2024-11-02,wk inc flu hosp,3,2024-11-23,09,quantile,0.4,12.108925031892563
2024-11-02,wk inc flu hosp,3,2024-11-23,09,quantile,0.45,13.190434409448113
2024-11-02,wk inc flu hosp,3,2024-11-23,09,quantile,0.5,14.200958863582175
2024-11-02,wk inc flu hosp,3,2024-11-23,09,quantile,0.55,15.436460891290057
2024-11-02,wk inc flu hosp,3,2024-11-23,09,quantile,0.6,18.38973655226401
2024-11-02,wk inc flu hosp,3,2024-11-23,09,quantile,0.65,21.971811395643922
2024-11-02,wk inc flu hosp,3,2024-11-23,09,quantile,0.7,25.382422178379464
2024-11-02,wk inc flu hosp,3,2024-11-23,09,quantile,0.75,28.06964353902769
2024-11-02,wk inc flu hosp,3,2024-11-23,09,quantile,0.8,32.4638413739141
2024-11-02,wk inc flu hosp,3,2024-11-23,09,quantile,0.85,38.196918513592344
2024-11-02,wk inc flu hosp,3,2024-11-23,09,quantile,0.9,44.89106949890289
2024-11-02,wk inc flu hosp,3,2024-11-23,09,quantile,0.95,74.69137547276554
2024-11-02,wk inc flu hosp,3,2024-11-23,09,quantile,0.975,100.96166169157667
2024-11-02,wk inc flu hosp,3,2024-11-23,09,quantile,0.99,116.45919652390694
2024-11-02,wk inc flu hosp,0,2024-11-02,10,quantile,0.01,0.0
2024-11-02,wk inc flu hosp,0,2024-11-02,10,quantile,0.025,0.0
2024-11-02,wk inc flu hosp,0,2024-11-02,10,quantile,0.05,0.0
2024-11-02,wk inc flu hosp,0,2024-11-02,10,quantile,0.1,0.0
2024-11-02,wk inc flu hosp,0,2024-11-02,10,quantile,0.15,0.0
2024-11-02,wk inc flu hosp,0,2024-11-02,10,quantile,0.2,0.5113953112960488
2024-11-02,wk inc flu hosp,0,2024-11-02,10,quantile,0.25,0.6925844582686278
2024-11-02,wk inc flu hosp,0,2024-11-02,10,quantile,0.3,0.7707460766159296
2024-11-02,wk inc flu hosp,0,2024-11-02,10,quantile,0.35,0.8420004178807736
2024-11-02,wk inc flu hosp,0,2024-11-02,10,quantile,0.4,0.883906678100109
2024-11-02,wk inc flu hosp,0,2024-11-02,10,quantile,0.45,0.9477895220174741
2024-11-02,wk inc flu hosp,0,2024-11-02,10,quantile,0.5,1.2032743691625902
2024-11-02,wk inc flu hosp,0,2024-11-02,10,quantile,0.55,1.41577360097257
2024-11-02,wk inc flu hosp,0,2024-11-02,10,quantile,0.6,1.6215089093297859
2024-11-02,wk inc flu hosp,0,2024-11-02,10,quantile,0.65,2.085632088015328
2024-11-02,wk inc flu hosp,0,2024-11-02,10,quantile,0.7,2.341701546263385
2024-11-02,wk inc flu hosp,0,2024-11-02,10,quantile,0.75,2.4211266154128266
2024-11-02,wk inc flu hosp,0,2024-11-02,10,quantile,0.8,2.50002582409551
2024-11-02,wk inc flu hosp,0,2024-11-02,10,quantile,0.85,2.5744492463871453
2024-11-02,wk inc flu hosp,0,2024-11-02,10,quantile,0.9,2.6318271201027685
2024-11-02,wk inc flu hosp,0,2024-11-02,10,quantile,0.95,5.1742220851535246
2024-11-02,wk inc flu hosp,0,2024-11-02,10,quantile,0.975,8.427574848440502
2024-11-02,wk inc flu hosp,0,2024-11-02,10,quantile,0.99,11.756853682513285
2024-11-02,wk inc flu hosp,1,2024-11-09,10,quantile,0.01,0.0
2024-11-02,wk inc flu hosp,1,2024-11-09,10,quantile,0.025,0.0
2024-11-02,wk inc flu hosp,1,2024-11-09,10,quantile,0.05,0.0
2024-11-02,wk inc flu hosp,1,2024-11-09,10,quantile,0.1,0.6356432870371604
2024-11-02,wk inc flu hosp,1,2024-11-09,10,quantile,0.15,0.8444281531596791
2024-11-02,wk inc flu hosp,1,2024-11-09,10,quantile,0.2,0.9669223640616526
2024-11-02,wk inc flu hosp,1,2024-11-09,10,quantile,0.25,1.0151691609823161
2024-11-02,wk inc flu hosp,1,2024-11-09,10,quantile,0.3,1.1391429407464735
2024-11-02,wk inc flu hosp,1,2024-11-09,10,quantile,0.35,1.2691869159167573
2024-11-02,wk inc flu hosp,1,2024-11-09,10,quantile,0.4,1.520322475228751
2024-11-02,wk inc flu hosp,1,2024-11-09,10,quantile,0.45,1.7366881488042445
2024-11-02,wk inc flu hosp,1,2024-11-09,10,quantile,0.5,2.022063092378302
2024-11-02,wk inc flu hosp,1,2024-11-09,10,quantile,0.55,2.6625384403068484
2024-11-02,wk inc flu hosp,1,2024-11-09,10,quantile,0.6,2.868991679127022
2024-11-02,wk inc flu hosp,1,2024-11-09,10,quantile,0.65,3.154382339393256
2024-11-02,wk inc flu hosp,1,2024-11-09,10,quantile,0.7,3.347657086872873
2024-11-02,wk inc flu hosp,1,2024-11-09,10,quantile,0.75,3.6598034709558864
2024-11-02,wk inc flu hosp,1,2024-11-09,10,quantile,0.8,3.880344953910436
2024-11-02,wk inc flu hosp,1,2024-11-09,10,quantile,0.85,4.325193071200453
2024-11-02,wk inc flu hosp,1,2024-11-09,10,quantile,0.9,5.656849062433601
2024-11-02,wk inc flu hosp,1,2024-11-09,10,quantile,0.95,9.099515072508337
2024-11-02,wk inc flu hosp,1,2024-11-09,10,quantile,0.975,10.366136988851494
2024-11-02,wk inc flu hosp,1,2024-11-09,10,quantile,0.99,11.781437446358549
2024-11-02,wk inc flu hosp,2,2024-11-16,10,quantile,0.01,0.0
2024-11-02,wk inc flu hosp,2,2024-11-16,10,quantile,0.025,0.0
2024-11-02,wk inc flu hosp,2,2024-11-16,10,quantile,0.05,0.7464444839645461
2024-11-02,wk inc flu hosp,2,2024-11-16,10,quantile,0.1,0.9577180889630245
2024-11-02,wk inc flu hosp,2,2024-11-16,10,quantile,0.15,1.1092394084977046
2024-11-02,wk inc flu hosp,2,2024-11-16,10,quantile,0.2,1.2835906355239342
2024-11-02,wk inc flu hosp,2,2024-11-16,10,quantile,0.25,1.557401666490787
2024-11-02,wk inc flu hosp,2,2024-11-16,10,quantile,0.3,2.026737326294844
2024-11-02,wk inc flu hosp,2,2024-11-16,10,quantile,0.35,2.339190571385969
2024-11-02,wk inc flu hosp,2,2024-11-16,10,quantile,0.4,2.5117503428950414
2024-11-02,wk inc flu hosp,2,2024-11-16,10,quantile,0.45,2.662889323561012
2024-11-02,wk inc flu hosp,2,2024-11-16,10,quantile,0.5,2.8924283453886432
2024-11-02,wk inc flu hosp,2,2024-11-16,10,quantile,0.55,3.0376063422560544
2024-11-02,wk inc flu hosp,2,2024-11-16,10,quantile,0.6,3.3074698510986926
2024-11-02,wk inc flu hosp,2,2024-11-16,10,quantile,0.65,3.661221465271987
2024-11-02,wk inc flu hosp,2,2024-11-16,10,quantile,0.7,3.9007511200515506
2024-11-02,wk inc flu hosp,2,2024-11-16,10,quantile,0.75,4.460267019639976
2024-11-02,wk inc flu hosp,2,2024-11-16,10,quantile,0.8,5.126008655740928
2024-11-02,wk inc flu hosp,2,2024-11-16,10,quantile,0.85,5.826792795990751
2024-11-02,wk inc flu hosp,2,2024-11-16,10,quantile,0.9,6.694013913187687
2024-11-02,wk inc flu hosp,2,2024-11-16,10,quantile,0.95,8.983548507591967
2024-11-02,wk inc flu hosp,2,2024-11-16,10,quantile,0.975,11.209206226757914
2024-11-02,wk inc flu hosp,2,2024-11-16,10,quantile,0.99,11.661100494983272
2024-11-02,wk inc flu hosp,3,2024-11-23,10,quantile,0.01,0.0
2024-11-02,wk inc flu hosp,3,2024-11-23,10,quantile,0.025,0.6044301001949323
2024-11-02,wk inc flu hosp,3,2024-11-23,10,quantile,0.05,0.9383048142050735
2024-11-02,wk inc flu hosp,3,2024-11-23,10,quantile,0.1,1.4750956208074508
2024-11-02,wk inc flu hosp,3,2024-11-23,10,quantile,0.15,1.9805323651593947
2024-11-02,wk inc flu hosp,3,2024-11-23,10,quantile,0.2,2.38901884801577
2024-11-02,wk inc flu hosp,3,2024-11-23,10,quantile,0.25,2.581348440388958
2024-11-02,wk inc flu hosp,3,2024-11-23,10,quantile,0.3,2.7477145503962994
2024-11-02,wk inc flu hosp,3,2024-11-23,10,quantile,0.35,2.9328854423097734
2024-11-02,wk inc flu hosp,3,2024-11-23,10,quantile,0.4,3.080466753022716
2024-11-02,wk inc flu hosp,3,2024-11-23,10,quantile,0.45,3.357260259899395
2024-11-02,wk inc flu hosp,3,2024-11-23,10,quantile,0.5,3.645363693074033
2024-11-02,wk inc flu hosp,3,2024-11-23,10,quantile,0.55,4.109304997405648
2024-11-02,wk inc flu hosp,3,2024-11-23,10,quantile,0.6,4.470018567583625
2024-11-02,wk inc flu hosp,3,2024-11-23,10,quantile,0.65,4.788931869978526
2024-11-02,wk inc flu hosp,3,2024-11-23,10,quantile,0.7,5.392524741695664
2024-11-02,wk inc flu hosp,3,2024-11-23,10,quantile,0.75,6.089770522395496
2024-11-02,wk inc flu hosp,3,2024-11-23,10,quantile,0.8,6.662968963246936
2024-11-02,wk inc flu hosp,3,2024-11-23,10,quantile,0.85,7.45763887276883
2024-11-02,wk inc flu hosp,3,2024-11-23,10,quantile,0.9,8.812533832311678
2024-11-02,wk inc flu hosp,3,2024-11-23,10,quantile,0.95,10.841070800315698
2024-11-02,wk inc flu hosp,3,2024-11-23,10,quantile,0.975,14.883372212727624
2024-11-02,wk inc flu hosp,3,2024-11-23,10,quantile,0.99,18.836353198003867
2024-11-02,wk inc flu hosp,0,2024-11-02,11,quantile,0.01,0.0
2024-11-02,wk inc flu hosp,0,2024-11-02,11,quantile,0.025,0.0
2024-11-02,wk inc flu hosp,0,2024-11-02,11,quantile,0.05,0.0
2024-11-02,wk inc flu hosp,0,2024-11-02,11,quantile,0.1,0.0
2024-11-02,wk inc flu hosp,0,2024-11-02,11,quantile,0.15,0.0016791555261775751
2024-11-02,wk inc flu hosp,0,2024-11-02,11,quantile,0.2,0.08749211627852124
2024-11-02,wk inc flu hosp,0,2024-11-02,11,quantile,0.25,0.44168150958040153
2024-11-02,wk inc flu hosp,0,2024-11-02,11,quantile,0.3,0.6949938530178815
2024-11-02,wk inc flu hosp,0,2024-11-02,11,quantile,0.35,0.8911796033067582
2024-11-02,wk inc flu hosp,0,2024-11-02,11,quantile,0.4,1.0059205218833442
2024-11-02,wk inc flu hosp,0,2024-11-02,11,quantile,0.45,1.1171554272852184
2024-11-02,wk inc flu hosp,0,2024-11-02,11,quantile,0.5,1.3885509707484809
2024-11-02,wk inc flu hosp,0,2024-11-02,11,quantile,0.55,1.874448848211086
2024-11-02,wk inc flu hosp,0,2024-11-02,11,quantile,0.6,2.977674481844
2024-11-02,wk inc flu hosp,0,2024-11-02,11,quantile,0.65,4.281842291743692
2024-11-02,wk inc flu hosp,0,2024-11-02,11,quantile,0.7,4.857680689076181
2024-11-02,wk inc flu hosp,0,2024-11-02,11,quantile,0.75,5.255330550222256
2024-11-02,wk inc flu hosp,0,2024-11-02,11,quantile,0.8,6.114527725525276
2024-11-02,wk inc flu hosp,0,2024-11-02,11,quantile,0.85,6.658108961212584
2024-11-02,wk inc flu hosp,0,2024-11-02,11,quantile,0.9,8.612653331711083
2024-11-02,wk inc flu hosp,0,2024-11-02,11,quantile,0.95,9.721239510762286
2024-11-02,wk inc flu hosp,0,2024-11-02,11,quantile,0.975,10.463203141570943
2024-11-02,wk inc flu hosp,0,2024-11-02,11,quantile,0.99,13.885751710191512
2024-11-02,wk inc flu hosp,1,2024-11-09,11,quantile,0.01,0.0
2024-11-02,wk inc flu hosp,1,2024-11-09,11,quantile,0.025,0.0
2024-11-02,wk inc flu hosp,1,2024-11-09,11,quantile,0.05,0.04067101055344988
2024-11-02,wk inc flu hosp,1,2024-11-09,11,quantile,0.1,0.3984824897152492
2024-11-02,wk inc flu hosp,1,2024-11-09,11,quantile,0.15,0.9457353515388054
2024-11-02,wk inc flu hosp,1,2024-11-09,11,quantile,0.2,1.2139623617374058
2024-11-02,wk inc flu hosp,1,2024-11-09,11,quantile,0.25,1.5357578958071032
2024-11-02,wk inc flu hosp,1,2024-11-09,11,quantile,0.3,1.8704293218344377
2024-11-02,wk inc flu hosp,1,2024-11-09,11,quantile,0.35,2.2497086436500355
2024-11-02,wk inc flu hosp,1,2024-11-09,11,quantile,0.4,3.136951085473385
2024-11-02,wk inc flu hosp,1,2024-11-09,11,quantile,0.45,3.8319864671262818
2024-11-02,wk inc flu hosp,1,2024-11-09,11,quantile,0.5,4.359096204790596
2024-11-02,wk inc flu hosp,1,2024-11-09,11,quantile,0.55,4.507864530560505
2024-11-02,wk inc flu hosp,1,2024-11-09,11,quantile,0.6,4.6571083761783925
2024-11-02,wk inc flu hosp,1,2024-11-09,11,quantile,0.65,5.119584676467281
2024-11-02,wk inc flu hosp,1,2024-11-09,11,quantile,0.7,6.026192952048681
2024-11-02,wk inc flu hosp,1,2024-11-09,11,quantile,0.75,7.195106844556456
2024-11-02,wk inc flu hosp,1,2024-11-09,11,quantile,0.8,7.857473679833249
2024-11-02,wk inc flu hosp,1,2024-11-09,11,quantile,0.85,8.748337572495508
2024-11-02,wk inc flu hosp,1,2024-11-09,11,quantile,0.9,10.267774328048219
2024-11-02,wk inc flu hosp,1,2024-11-09,11,quantile,0.95,12.206797859262458
2024-11-02,wk inc flu hosp,1,2024-11-09,11,quantile,0.975,14.40709529791267
2024-11-02,wk inc flu hosp,1,2024-11-09,11,quantile,0.99,14.730844400137723
2024-11-02,wk inc flu hosp,2,2024-11-16,11,quantile,0.01,0.0
2024-11-02,wk inc flu hosp,2,2024-11-16,11,quantile,0.025,0.11931221654932052
2024-11-02,wk inc flu hosp,2,2024-11-16,11,quantile,0.05,0.30644143643595373
2024-11-02,wk inc flu hosp,2,2024-11-16,11,quantile,0.1,1.199182396487921
2024-11-02,wk inc flu hosp,2,2024-11-16,11,quantile,0.15,1.6430007386788992
2024-11-02,wk inc flu hosp,2,2024-11-16,11,quantile,0.2,2.1783766240128153
2024-11-02,wk inc flu hosp,2,2024-11-16,11,quantile,0.25,2.774261406671826
2024-11-02,wk inc flu hosp,2,2024-11-16,11,quantile,0.3,3.308899056223867
2024-11-02,wk inc flu hosp,2,2024-11-16,11,quantile,0.35,4.02130038868466
2024-11-02,wk inc flu hosp,2,2024-11-16,11,quantile,0.4,4.3046167075620145
2024-11-02,wk inc flu hosp,2,2024-11-16,11,quantile,0.45,4.688038724326446
2024-11-02,wk inc flu hosp,2,2024-11-16,11,quantile,0.5,5.2528973562108625
2024-11-02,wk inc flu hosp,2,2024-11-16,11,quantile,0.55,5.844604123290959
2024-11-02,wk inc flu hosp,2,2024-11-16,11,quantile,0.6,6.695682350462646
2024-11-02,wk inc flu hosp,2,2024-11-16,11,quantile,0.65,7.225929474690711
2024-11-02,wk inc flu hosp,2,2024-11-16,11,quantile,0.7,7.783592652081117
2024-11-02,wk inc flu hosp,2,2024-11-16,11,quantile,0.75,8.386867769583263
2024-11-02,wk inc flu hosp,2,2024-11-16,11,quantile,0.8,9.365336062852515
2024-11-02,wk inc flu hosp,2,2024-11-16,11,quantile,0.85,10.52463908911292
2024-11-02,wk inc flu hosp,2,2024-11-16,11,quantile,0.9,12.172924462953532
2024-11-02,wk inc flu hosp,2,2024-11-16,11,quantile,0.95,16.247795393096983
2024-11-02,wk inc flu hosp,2,2024-11-16,11,quantile,0.975,18.32459235516877
2024-11-02,wk inc flu hosp,2,2024-11-16,11,quantile,0.99,22.209596662855777
2024-11-02,wk inc flu hosp,3,2024-11-23,11,quantile,0.01,0.3468010246402526
2024-11-02,wk inc flu hosp,3,2024-11-23,11,quantile,0.025,0.9670885139474367
2024-11-02,wk inc flu hosp,3,2024-11-23,11,quantile,0.05,1.3194243772970586
2024-11-02,wk inc flu hosp,3,2024-11-23,11,quantile,0.1,1.9574355141672557
2024-11-02,wk inc flu hosp,3,2024-11-23,11,quantile,0.15,2.5809267533212426
2024-11-02,wk inc flu hosp,3,2024-11-23,11,quantile,0.2,3.4811445193752673
2024-11-02,wk inc flu hosp,3,2024-11-23,11,quantile,0.25,4.312675602306662
2024-11-02,wk inc flu hosp,3,2024-11-23,11,quantile,0.3,5.073496363136952
2024-11-02,wk inc flu hosp,3,2024-11-23,11,quantile,0.35,5.727450422697953
2024-11-02,wk inc flu hosp,3,2024-11-23,11,quantile,0.4,6.2774873468227685
2024-11-02,wk inc flu hosp,3,2024-11-23,11,quantile,0.45,6.913509686231968
2024-11-02,wk inc flu hosp,3,2024-11-23,11,quantile,0.5,7.414814392427578
2024-11-02,wk inc flu hosp,3,2024-11-23,11,quantile,0.55,8.272652919914984
2024-11-02,wk inc flu hosp,3,2024-11-23,11,quantile,0.6,8.989554100364344
2024-11-02,wk inc flu hosp,3,2024-11-23,11,quantile,0.65,9.731355365726753
2024-11-02,wk inc flu hosp,3,2024-11-23,11,quantile,0.7,10.195009906492464
2024-11-02,wk inc flu hosp,3,2024-11-23,11,quantile,0.75,10.922191425794495
2024-11-02,wk inc flu hosp,3,2024-11-23,11,quantile,0.8,11.781489652120547
2024-11-02,wk inc flu hosp,3,2024-11-23,11,quantile,0.85,13.987207636905891
2024-11-02,wk inc flu hosp,3,2024-11-23,11,quantile,0.9,15.9549591960933
2024-11-02,wk inc flu hosp,3,2024-11-23,11,quantile,0.95,18.525988367867132
2024-11-02,wk inc flu hosp,3,2024-11-23,11,quantile,0.975,21.237179201870518
2024-11-02,wk inc flu hosp,3,2024-11-23,11,quantile,0.99,24.807258601738827
2024-11-02,wk inc flu hosp,0,2024-11-02,12,quantile,0.01,44.800151221369184
2024-11-02,wk inc flu hosp,0,2024-11-02,12,quantile,0.025,56.83869882290178
2024-11-02,wk inc flu hosp,0,2024-11-02,12,quantile,0.05,70.14471067923569
2024-11-02,wk inc flu hosp,0,2024-11-02,12,quantile,0.1,85.40104440158161
2024-11-02,wk inc flu hosp,0,2024-11-02,12,quantile,0.15,89.96518530189343
2024-11-02,wk inc flu hosp,0,2024-11-02,12,quantile,0.2,94.71386933756712
2024-11-02,wk inc flu hosp,0,2024-11-02,12,quantile,0.25,97.99608543312809
2024-11-02,wk inc flu hosp,0,2024-11-02,12,quantile,0.3,103.95846931751203
2024-11-02,wk inc flu hosp,0,2024-11-02,12,quantile,0.35,111.07912995188951
2024-11-02,wk inc flu hosp,0,2024-11-02,12,quantile,0.4,117.53210558298832
2024-11-02,wk inc flu hosp,0,2024-11-02,12,quantile,0.45,125.46074057506264
2024-11-02,wk inc flu hosp,0,2024-11-02,12,quantile,0.5,132.75935298318177
2024-11-02,wk inc flu hosp,0,2024-11-02,12,quantile,0.55,134.84938742518045
2024-11-02,wk inc flu hosp,0,2024-11-02,12,quantile,0.6,144.07083518398284
2024-11-02,wk inc flu hosp,0,2024-11-02,12,quantile,0.65,154.42497354686236
2024-11-02,wk inc flu hosp,0,2024-11-02,12,quantile,0.7,166.7042605897772
2024-11-02,wk inc flu hosp,0,2024-11-02,12,quantile,0.75,176.90577122741058
2024-11-02,wk inc flu hosp,0,2024-11-02,12,quantile,0.8,185.43071781632665
2024-11-02,wk inc flu hosp,0,2024-11-02,12,quantile,0.85,192.46285437055053
2024-11-02,wk inc flu hosp,0,2024-11-02,12,quantile,0.9,203.08718394307573
2024-11-02,wk inc flu hosp,0,2024-11-02,12,quantile,0.95,215.92946571488386
2024-11-02,wk inc flu hosp,0,2024-11-02,12,quantile,0.975,218.05685832602697
2024-11-02,wk inc flu hosp,0,2024-11-02,12,quantile,0.99,227.00288164593053
2024-11-02,wk inc flu hosp,1,2024-11-09,12,quantile,0.01,59.19142936206519
2024-11-02,wk inc flu hosp,1,2024-11-09,12,quantile,0.025,79.50275115107601
2024-11-02,wk inc flu hosp,1,2024-11-09,12,quantile,0.05,94.85879241249376
2024-11-02,wk inc flu hosp,1,2024-11-09,12,quantile,0.1,111.51029499143132
2024-11-02,wk inc flu hosp,1,2024-11-09,12,quantile,0.15,120.3644642853124
2024-11-02,wk inc flu hosp,1,2024-11-09,12,quantile,0.2,130.62004781391653
2024-11-02,wk inc flu hosp,1,2024-11-09,12,quantile,0.25,136.71768077874754
2024-11-02,wk inc flu hosp,1,2024-11-09,12,quantile,0.3,143.47887556731007
2024-11-02,wk inc flu hosp,1,2024-11-09,12,quantile,0.35,160.1469778429357
2024-11-02,wk inc flu hosp,1,2024-11-09,12,quantile,0.4,168.26503955054238
2024-11-02,wk inc flu hosp,1,2024-11-09,12,quantile,0.45,179.582088497813
2024-11-02,wk inc flu hosp,1,2024-11-09,12,quantile,0.5,188.58920574868716
2024-11-02,wk inc flu hosp,1,2024-11-09,12,quantile,0.55,192.83723678200147
2024-11-02,wk inc flu hosp,1,2024-11-09,12,quantile,0.6,197.75402302493006
2024-11-02,wk inc flu hosp,1,2024-11-09,12,quantile,0.65,203.71187147907554
2024-11-02,wk inc flu hosp,1,2024-11-09,12,quantile,0.7,207.94686146864896
2024-11-02,wk inc flu hosp,1,2024-11-09,12,quantile,0.75,214.87496303070836
2024-11-02,wk inc flu hosp,1,2024-11-09,12,quantile,0.8,222.90659073110777
2024-11-02,wk inc flu hosp,1,2024-11-09,12,quantile,0.85,233.14605098259227
2024-11-02,wk inc flu hosp,1,2024-11-09,12,quantile,0.9,245.6404406955508
2024-11-02,wk inc flu hosp,1,2024-11-09,12,quantile,0.95,263.06117178989234
2024-11-02,wk inc flu hosp,1,2024-11-09,12,quantile,0.975,289.10255531724795
2024-11-02,wk inc flu hosp,1,2024-11-09,12,quantile,0.99,317.28116683432546
2024-11-02,wk inc flu hosp,2,2024-11-16,12,quantile,0.01,70.63421462721809
2024-11-02,wk inc flu hosp,2,2024-11-16,12,quantile,0.025,84.90324270398419
2024-11-02,wk inc flu hosp,2,2024-11-16,12,quantile,0.05,99.21509913036724
2024-11-02,wk inc flu hosp,2,2024-11-16,12,quantile,0.1,123.95913026257526
2024-11-02,wk inc flu hosp,2,2024-11-16,12,quantile,0.15,146.09801228232487
2024-11-02,wk inc flu hosp,2,2024-11-16,12,quantile,0.2,160.31533003362244
2024-11-02,wk inc flu hosp,2,2024-11-16,12,quantile,0.25,174.63553598269198
2024-11-02,wk inc flu hosp,2,2024-11-16,12,quantile,0.3,181.6801105252614
2024-11-02,wk inc flu hosp,2,2024-11-16,12,quantile,0.35,187.84129462915698
2024-11-02,wk inc flu hosp,2,2024-11-16,12,quantile,0.4,192.97068276476892
2024-11-02,wk inc flu hosp,2,2024-11-16,12,quantile,0.45,198.276559348626
2024-11-02,wk inc flu hosp,2,2024-11-16,12,quantile,0.5,203.3962632111362
2024-11-02,wk inc flu hosp,2,2024-11-16,12,quantile,0.55,212.38323834713344
2024-11-02,wk inc flu hosp,2,2024-11-16,12,quantile,0.6,221.64030682579923
2024-11-02,wk inc flu hosp,2,2024-11-16,12,quantile,0.65,231.8541193974318
2024-11-02,wk inc flu hosp,2,2024-11-16,12,quantile,0.7,241.4793319074832
2024-11-02,wk inc flu hosp,2,2024-11-16,12,quantile,0.75,248.15113426689453
2024-11-02,wk inc flu hosp,2,2024-11-16,12,quantile,0.8,266.07144394265043
2024-11-02,wk inc flu hosp,2,2024-11-16,12,quantile,0.85,285.6778192997529
2024-11-02,wk inc flu hosp,2,2024-11-16,12,quantile,0.9,304.6494295911198
2024-11-02,wk inc flu hosp,2,2024-11-16,12,quantile,0.95,330.401657062932
2024-11-02,wk inc flu hosp,2,2024-11-16,12,quantile,0.975,343.89580348168687
2024-11-02,wk inc flu hosp,2,2024-11-16,12,quantile,0.99,410.79101370180086
2024-11-02,wk inc flu hosp,3,2024-11-23,12,quantile,0.01,97.55052144590775
2024-11-02,wk inc flu hosp,3,2024-11-23,12,quantile,0.025,108.25429148237198
2024-11-02,wk inc flu hosp,3,2024-11-23,12,quantile,0.05,159.70663831180258
2024-11-02,wk inc flu hosp,3,2024-11-23,12,quantile,0.1,190.75326548460143
2024-11-02,wk inc flu hosp,3,2024-11-23,12,quantile,0.15,203.80477693472488
2024-11-02,wk inc flu hosp,3,2024-11-23,12,quantile,0.2,214.8311460748369
2024-11-02,wk inc flu hosp,3,2024-11-23,12,quantile,0.25,225.9935617732415
2024-11-02,wk inc flu hosp,3,2024-11-23,12,quantile,0.3,237.66253356712244
2024-11-02,wk inc flu hosp,3,2024-11-23,12,quantile,0.35,244.2701811842725
2024-11-02,wk inc flu hosp,3,2024-11-23,12,quantile,0.4,255.40005888909883
2024-11-02,wk inc flu hosp,3,2024-11-23,12,quantile,0.45,271.6495058144934
2024-11-02,wk inc flu hosp,3,2024-11-23,12,quantile,0.5,278.09515981015886
2024-11-02,wk inc flu hosp,3,2024-11-23,12,quantile,0.55,290.84976027198246
2024-11-02,wk inc flu hosp,3,2024-11-23,12,quantile,0.6,302.5036489608106
2024-11-02,wk inc flu hosp,3,2024-11-23,12,quantile,0.65,315.7580113516521
2024-11-02,wk inc flu hosp,3,2024-11-23,12,quantile,0.7,331.09331506288373
2024-11-02,wk inc flu hosp,3,2024-11-23,12,quantile,0.75,343.1334400548711
2024-11-02,wk inc flu hosp,3,2024-11-23,12,quantile,0.8,355.13368385749976
2024-11-02,wk inc flu hosp,3,2024-11-23,12,quantile,0.85,373.79989871101856
2024-11-02,wk inc flu hosp,3,2024-11-23,12,quantile,0.9,412.294108171598
2024-11-02,wk inc flu hosp,3,2024-11-23,12,quantile,0.95,450.17505996395937
2024-11-02,wk inc flu hosp,3,2024-11-23,12,quantile,0.975,467.0974441884574
2024-11-02,wk inc flu hosp,3,2024-11-23,12,quantile,0.99,509.26100995437304
2024-11-02,wk inc flu hosp,0,2024-11-02,13,quantile,0.01,3.8547671132505754
2024-11-02,wk inc flu hosp,0,2024-11-02,13,quantile,0.025,4.042020835427927
2024-11-02,wk inc flu hosp,0,2024-11-02,13,quantile,0.05,5.403033555413685
2024-11-02,wk inc flu hosp,0,2024-11-02,13,quantile,0.1,5.6377769644323275
2024-11-02,wk inc flu hosp,0,2024-11-02,13,quantile,0.15,5.772960475261555
2024-11-02,wk inc flu hosp,0,2024-11-02,13,quantile,0.2,5.867699566010972
2024-11-02,wk inc flu hosp,0,2024-11-02,13,quantile,0.25,5.940887780080982
2024-11-02,wk inc flu hosp,0,2024-11-02,13,quantile,0.3,6.111943081467731
2024-11-02,wk inc flu hosp,0,2024-11-02,13,quantile,0.35,6.290921258868328
2024-11-02,wk inc flu hosp,0,2024-11-02,13,quantile,0.4,6.465951736932253
2024-11-02,wk inc flu hosp,0,2024-11-02,13,quantile,0.45,6.804820258710125
2024-11-02,wk inc flu hosp,0,2024-11-02,13,quantile,0.5,7.506560883601114
2024-11-02,wk inc flu hosp,0,2024-11-02,13,quantile,0.55,12.310839219950488
2024-11-02,wk inc flu hosp,0,2024-11-02,13,quantile,0.6,22.322234198399755
2024-11-02,wk inc flu hosp,0,2024-11-02,13,quantile,0.65,29.678519257274523
2024-11-02,wk inc flu hosp,0,2024-11-02,13,quantile,0.7,38.447650557219546
2024-11-02,wk inc flu hosp,0,2024-11-02,13,quantile,0.75,39.5953875614633
2024-11-02,wk inc flu hosp,0,2024-11-02,13,quantile,0.8,43.10405454655778
2024-11-02,wk inc flu hosp,0,2024-11-02,13,quantile,0.85,45.733298963736694
2024-11-02,wk inc flu hosp,0,2024-11-02,13,quantile,0.9,48.66708346747165
2024-11-02,wk inc flu hosp,0,2024-11-02,13,quantile,0.95,52.44590888058821
2024-11-02,wk inc flu hosp,0,2024-11-02,13,quantile,0.975,79.45973244957452
2024-11-02,wk inc flu hosp,0,2024-11-02,13,quantile,0.99,109.19932348127077
2024-11-02,wk inc flu hosp,1,2024-11-09,13,quantile,0.01,4.45060840016313
2024-11-02,wk inc flu hosp,1,2024-11-09,13,quantile,0.025,5.215041115118936
2024-11-02,wk inc flu hosp,1,2024-11-09,13,quantile,0.05,5.96673738955568
2024-11-02,wk inc flu hosp,1,2024-11-09,13,quantile,0.1,8.4956305368385
2024-11-02,wk inc flu hosp,1,2024-11-09,13,quantile,0.15,9.407587848943955
2024-11-02,wk inc flu hosp,1,2024-11-09,13,quantile,0.2,10.424887998662932
2024-11-02,wk inc flu hosp,1,2024-11-09,13,quantile,0.25,11.28675198938755
2024-11-02,wk inc flu hosp,1,2024-11-09,13,quantile,0.3,13.790080550014718
2024-11-02,wk inc flu hosp,1,2024-11-09,13,quantile,0.35,24.711504258430583
2024-11-02,wk inc flu hosp,1,2024-11-09,13,quantile,0.4,28.81908462705407
2024-11-02,wk inc flu hosp,1,2024-11-09,13,quantile,0.45,35.864494079347445
2024-11-02,wk inc flu hosp,1,2024-11-09,13,quantile,0.5,40.1848044356979
2024-11-02,wk inc flu hosp,1,2024-11-09,13,quantile,0.55,43.54593208043102
2024-11-02,wk inc flu hosp,1,2024-11-09,13,quantile,0.6,46.81801900794211
2024-11-02,wk inc flu hosp,1,2024-11-09,13,quantile,0.65,49.490190116829815
2024-11-02,wk inc flu hosp,1,2024-11-09,13,quantile,0.7,52.775565241696405
2024-11-02,wk inc flu hosp,1,2024-11-09,13,quantile,0.75,61.820553539696824
2024-11-02,wk inc flu hosp,1,2024-11-09,13,quantile,0.8,69.98562736717373
2024-11-02,wk inc flu hosp,1,2024-11-09,13,quantile,0.85,78.39999559917682
2024-11-02,wk inc flu hosp,1,2024-11-09,13,quantile,0.9,88.05985230567747
2024-11-02,wk inc flu hosp,1,2024-11-09,13,quantile,0.95,97.60754967998628
2024-11-02,wk inc flu hosp,1,2024-11-09,13,quantile,0.975,126.42432750462547
2024-11-02,wk inc flu hosp,1,2024-11-09,13,quantile,0.99,136.04040791837718
2024-11-02,wk inc flu hosp,2,2024-11-16,13,quantile,0.01,8.341978010581187
2024-11-02,wk inc flu hosp,2,2024-11-16,13,quantile,0.025,9.330708529569016
2024-11-02,wk inc flu hosp,2,2024-11-16,13,quantile,0.05,11.196187931448991
2024-11-02,wk inc flu hosp,2,2024-11-16,13,quantile,0.1,12.853443551655525
2024-11-02,wk inc flu hosp,2,2024-11-16,13,quantile,0.15,15.869598632479759
2024-11-02,wk inc flu hosp,2,2024-11-16,13,quantile,0.2,21.83657397018173
2024-11-02,wk inc flu hosp,2,2024-11-16,13,quantile,0.25,27.12810245013638
2024-11-02,wk inc flu hosp,2,2024-11-16,13,quantile,0.3,35.515979895436004
2024-11-02,wk inc flu hosp,2,2024-11-16,13,quantile,0.35,41.05552215868124
2024-11-02,wk inc flu hosp,2,2024-11-16,13,quantile,0.4,43.913461148936115
2024-11-02,wk inc flu hosp,2,2024-11-16,13,quantile,0.45,48.230556649461235
2024-11-02,wk inc flu hosp,2,2024-11-16,13,quantile,0.5,52.38194425251616
2024-11-02,wk inc flu hosp,2,2024-11-16,13,quantile,0.55,55.895161970120554
2024-11-02,wk inc flu hosp,2,2024-11-16,13,quantile,0.6,60.286910848911276
2024-11-02,wk inc flu hosp,2,2024-11-16,13,quantile,0.65,65.63374530907436
2024-11-02,wk inc flu hosp,2,2024-11-16,13,quantile,0.7,71.49584935370675
2024-11-02,wk inc flu hosp,2,2024-11-16,13,quantile,0.75,79.91889882843485
2024-11-02,wk inc flu hosp,2,2024-11-16,13,quantile,0.8,87.76170675255973
2024-11-02,wk inc flu hosp,2,2024-11-16,13,quantile,0.85,95.90033922171435
2024-11-02,wk inc flu hosp,2,2024-11-16,13,quantile,0.9,110.30075479861772
2024-11-02,wk inc flu hosp,2,2024-11-16,13,quantile,0.95,125.5788267314364
2024-11-02,wk inc flu hosp,2,2024-11-16,13,quantile,0.975,135.47139564992847
2024-11-02,wk inc flu hosp,2,2024-11-16,13,quantile,0.99,168.34451530285472
2024-11-02,wk inc flu hosp,3,2024-11-23,13,quantile,0.01,9.821522334129586
2024-11-02,wk inc flu hosp,3,2024-11-23,13,quantile,0.025,12.662433439798514
2024-11-02,wk inc flu hosp,3,2024-11-23,13,quantile,0.05,16.866710941926826
2024-11-02,wk inc flu hosp,3,2024-11-23,13,quantile,0.1,23.979928315968742
2024-11-02,wk inc flu hosp,3,2024-11-23,13,quantile,0.15,32.57922161750226
2024-11-02,wk inc flu hosp,3,2024-11-23,13,quantile,0.2,39.31381819165232
2024-11-02,wk inc flu hosp,3,2024-11-23,13,quantile,0.25,45.417226902397665
2024-11-02,wk inc flu hosp,3,2024-11-23,13,quantile,0.3,51.15716699296012
2024-11-02,wk inc flu hosp,3,2024-11-23,13,quantile,0.35,55.970409382290924
2024-11-02,wk inc flu hosp,3,2024-11-23,13,quantile,0.4,61.97487536696817
2024-11-02,wk inc flu hosp,3,2024-11-23,13,quantile,0.45,68.23346559619557
2024-11-02,wk inc flu hosp,3,2024-11-23,13,quantile,0.5,73.57668798876372
2024-11-02,wk inc flu hosp,3,2024-11-23,13,quantile,0.55,78.99663834628393
2024-11-02,wk inc flu hosp,3,2024-11-23,13,quantile,0.6,85.19740600883219
2024-11-02,wk inc flu hosp,3,2024-11-23,13,quantile,0.65,90.85658199151271
2024-11-02,wk inc flu hosp,3,2024-11-23,13,quantile,0.7,97.73543678705022
2024-11-02,wk inc flu hosp,3,2024-11-23,13,quantile,0.75,104.15502842913688
2024-11-02,wk inc flu hosp,3,2024-11-23,13,quantile,0.8,111.71416760620767
2024-11-02,wk inc flu hosp,3,2024-11-23,13,quantile,0.85,120.46921124098714
2024-11-02,wk inc flu hosp,3,2024-11-23,13,quantile,0.9,132.36911496243715
2024-11-02,wk inc flu hosp,3,2024-11-23,13,quantile,0.95,146.18919605936375
2024-11-02,wk inc flu hosp,3,2024-11-23,13,quantile,0.975,163.63142723748908
2024-11-02,wk inc flu hosp,3,2024-11-23,13,quantile,0.99,198.40410896615887
2024-11-02,wk inc flu hosp,0,2024-11-02,15,quantile,0.01,0.3827408116312037
2024-11-02,wk inc flu hosp,0,2024-11-02,15,quantile,0.025,0.8531185714507531
2024-11-02,wk inc flu hosp,0,2024-11-02,15,quantile,0.05,1.2785166277983333
2024-11-02,wk inc flu hosp,0,2024-11-02,15,quantile,0.1,1.624582600852145
2024-11-02,wk inc flu hosp,0,2024-11-02,15,quantile,0.15,1.6664754099398376
2024-11-02,wk inc flu hosp,0,2024-11-02,15,quantile,0.2,1.730741838079809
2024-11-02,wk inc flu hosp,0,2024-11-02,15,quantile,0.25,1.803017669362537
2024-11-02,wk inc flu hosp,0,2024-11-02,15,quantile,0.3,1.8221710040384955
2024-11-02,wk inc flu hosp,0,2024-11-02,15,quantile,0.35,1.9423682083748102
2024-11-02,wk inc flu hosp,0,2024-11-02,15,quantile,0.4,2.0351408464154495
2024-11-02,wk inc flu hosp,0,2024-11-02,15,quantile,0.45,2.1523826941925117
2024-11-02,wk inc flu hosp,0,2024-11-02,15,quantile,0.5,2.211900180219823
2024-11-02,wk inc flu hosp,0,2024-11-02,15,quantile,0.55,2.2319408472458346
2024-11-02,wk inc flu hosp,0,2024-11-02,15,quantile,0.6,2.278933991629988
2024-11-02,wk inc flu hosp,0,2024-11-02,15,quantile,0.65,2.3135102344459226
2024-11-02,wk inc flu hosp,0,2024-11-02,15,quantile,0.7,2.3571467807371156
2024-11-02,wk inc flu hosp,0,2024-11-02,15,quantile,0.75,2.3932333225001816
2024-11-02,wk inc flu hosp,0,2024-11-02,15,quantile,0.8,2.5275016347396226
2024-11-02,wk inc flu hosp,0,2024-11-02,15,quantile,0.85,2.930782196476682
2024-11-02,wk inc flu hosp,0,2024-11-02,15,quantile,0.9,4.316121771926667
2024-11-02,wk inc flu hosp,0,2024-11-02,15,quantile,0.95,4.679170706918686
2024-11-02,wk inc flu hosp,0,2024-11-02,15,quantile,0.975,8.69569668148583
2024-11-02,wk inc flu hosp,0,2024-11-02,15,quantile,0.99,17.160345089724245
2024-11-02,wk inc flu hosp,1,2024-11-09,15,quantile,0.01,0.8112459492793382
2024-11-02,wk inc flu hosp,1,2024-11-09,15,quantile,0.025,0.9164112027616659
2024-11-02,wk inc flu hosp,1,2024-11-09,15,quantile,0.05,1.0570655396220061
2024-11-02,wk inc flu hosp,1,2024-11-09,15,quantile,0.1,1.1864896161317786
2024-11-02,wk inc flu hosp,1,2024-11-09,15,quantile,0.15,1.3210056800517374
2024-11-02,wk inc flu hosp,1,2024-11-09,15,quantile,0.2,1.421915927495825
2024-11-02,wk inc flu hosp,1,2024-11-09,15,quantile,0.25,1.565447611988835
2024-11-02,wk inc flu hosp,1,2024-11-09,15,quantile,0.3,1.6493315119103873
2024-11-02,wk inc flu hosp,1,2024-11-09,15,quantile,0.35,1.7507134781852527
2024-11-02,wk inc flu hosp,1,2024-11-09,15,quantile,0.4,1.8696701078696873
2024-11-02,wk inc flu hosp,1,2024-11-09,15,quantile,0.45,2.0562574741858035
2024-11-02,wk inc flu hosp,1,2024-11-09,15,quantile,0.5,2.3601707162265235
2024-11-02,wk inc flu hosp,1,2024-11-09,15,quantile,0.55,2.5166247597697313
2024-11-02,wk inc flu hosp,1,2024-11-09,15,quantile,0.6,2.8183766263368093
2024-11-02,wk inc flu hosp,1,2024-11-09,15,quantile,0.65,3.155383372236297
2024-11-02,wk inc flu hosp,1,2024-11-09,15,quantile,0.7,3.2673591187027826
2024-11-02,wk inc flu hosp,1,2024-11-09,15,quantile,0.75,3.556322110505629
2024-11-02,wk inc flu hosp,1,2024-11-09,15,quantile,0.8,3.9910711777718926
2024-11-02,wk inc flu hosp,1,2024-11-09,15,quantile,0.85,4.501200536444844
2024-11-02,wk inc flu hosp,1,2024-11-09,15,quantile,0.9,5.340531183158197
2024-11-02,wk inc flu hosp,1,2024-11-09,15,quantile,0.95,8.78767382763819
2024-11-02,wk inc flu hosp,1,2024-11-09,15,quantile,0.975,14.796117809724153
2024-11-02,wk inc flu hosp,1,2024-11-09,15,quantile,0.99,19.296460894506346
2024-11-02,wk inc flu hosp,2,2024-11-16,15,quantile,0.01,0.5994495071941097
2024-11-02,wk inc flu hosp,2,2024-11-16,15,quantile,0.025,0.7732166657341094
2024-11-02,wk inc flu hosp,2,2024-11-16,15,quantile,0.05,0.9877402285936233
2024-11-02,wk inc flu hosp,2,2024-11-16,15,quantile,0.1,1.192782763440929
2024-11-02,wk inc flu hosp,2,2024-11-16,15,quantile,0.15,1.2922170845230863
2024-11-02,wk inc flu hosp,2,2024-11-16,15,quantile,0.2,1.4187092754216548
2024-11-02,wk inc flu hosp,2,2024-11-16,15,quantile,0.25,1.6118005454896536
2024-11-02,wk inc flu hosp,2,2024-11-16,15,quantile,0.3,1.7861403455522167
2024-11-02,wk inc flu hosp,2,2024-11-16,15,quantile,0.35,2.053784469365055
2024-11-02,wk inc flu hosp,2,2024-11-16,15,quantile,0.4,2.312900343894035
2024-11-02,wk inc flu hosp,2,2024-11-16,15,quantile,0.45,2.5058422263078284
2024-11-02,wk inc flu hosp,2,2024-11-16,15,quantile,0.5,2.6366755192997893
2024-11-02,wk inc flu hosp,2,2024-11-16,15,quantile,0.55,2.8965548602194247
2024-11-02,wk inc flu hosp,2,2024-11-16,15,quantile,0.6,3.2319197112991724
2024-11-02,wk inc flu hosp,2,2024-11-16,15,quantile,0.65,3.4898005404414825
2024-11-02,wk inc flu hosp,2,2024-11-16,15,quantile,0.7,3.7065022140765316
2024-11-02,wk inc flu hosp,2,2024-11-16,15,quantile,0.75,4.172893337122579
2024-11-02,wk inc flu hosp,2,2024-11-16,15,quantile,0.8,4.609453476995483
2024-11-02,wk inc flu hosp,2,2024-11-16,15,quantile,0.85,5.396444112701075
2024-11-02,wk inc flu hosp,2,2024-11-16,15,quantile,0.9,7.077068618181936
2024-11-02,wk inc flu hosp,2,2024-11-16,15,quantile,0.95,11.076947859615126
2024-11-02,wk inc flu hosp,2,2024-11-16,15,quantile,0.975,16.607553452369423
2024-11-02,wk inc flu hosp,2,2024-11-16,15,quantile,0.99,20.8444504802561
2024-11-02,wk inc flu hosp,3,2024-11-23,15,quantile,0.01,1.0075612843876274
2024-11-02,wk inc flu hosp,3,2024-11-23,15,quantile,0.025,1.1428008051703926
2024-11-02,wk inc flu hosp,3,2024-11-23,15,quantile,0.05,1.2829633930042539
2024-11-02,wk inc flu hosp,3,2024-11-23,15,quantile,0.1,1.5055376710274022
2024-11-02,wk inc flu hosp,3,2024-11-23,15,quantile,0.15,1.7316982925803288
2024-11-02,wk inc flu hosp,3,2024-11-23,15,quantile,0.2,1.9135223391536729
2024-11-02,wk inc flu hosp,3,2024-11-23,15,quantile,0.25,2.183093472561123
2024-11-02,wk inc flu hosp,3,2024-11-23,15,quantile,0.3,2.5793212946249615
2024-11-02,wk inc flu hosp,3,2024-11-23,15,quantile,0.35,2.85966661688405
2024-11-02,wk inc flu hosp,3,2024-11-23,15,quantile,0.4,3.1760272270136856
2024-11-02,wk inc flu hosp,3,2024-11-23,15,quantile,0.45,3.6373414807937636
2024-11-02,wk inc flu hosp,3,2024-11-23,15,quantile,0.5,3.8516327788278044
2024-11-02,wk inc flu hosp,3,2024-11-23,15,quantile,0.55,4.246479585127272
2024-11-02,wk inc flu hosp,3,2024-11-23,15,quantile,0.6,4.703394559294654
2024-11-02,wk inc flu hosp,3,2024-11-23,15,quantile,0.65,5.1468144528517445
2024-11-02,wk inc flu hosp,3,2024-11-23,15,quantile,0.7,5.543086192998049
2024-11-02,wk inc flu hosp,3,2024-11-23,15,quantile,0.75,6.054980843426963
2024-11-02,wk inc flu hosp,3,2024-11-23,15,quantile,0.8,6.677901031464431
2024-11-02,wk inc flu hosp,3,2024-11-23,15,quantile,0.85,7.415921551719343
2024-11-02,wk inc flu hosp,3,2024-11-23,15,quantile,0.9,9.271630019216346
2024-11-02,wk inc flu hosp,3,2024-11-23,15,quantile,0.95,14.364255225759363
2024-11-02,wk inc flu hosp,3,2024-11-23,15,quantile,0.975,18.19881800217795
2024-11-02,wk inc flu hosp,3,2024-11-23,15,quantile,0.99,20.492009544549745
2024-11-02,wk inc flu hosp,0,2024-11-02,16,quantile,0.01,1.3531984813157647
2024-11-02,wk inc flu hosp,0,2024-11-02,16,quantile,0.025,2.0082653177819956
2024-11-02,wk inc flu hosp,0,2024-11-02,16,quantile,0.05,2.3170357147711558
2024-11-02,wk inc flu hosp,0,2024-11-02,16,quantile,0.1,2.862174814235231
2024-11-02,wk inc flu hosp,0,2024-11-02,16,quantile,0.15,3.207628708780397
2024-11-02,wk inc flu hosp,0,2024-11-02,16,quantile,0.2,3.484400539734259
2024-11-02,wk inc flu hosp,0,2024-11-02,16,quantile,0.25,3.6360531102931857
2024-11-02,wk inc flu hosp,0,2024-11-02,16,quantile,0.3,3.740436057998202
2024-11-02,wk inc flu hosp,0,2024-11-02,16,quantile,0.35,3.85532122741543
2024-11-02,wk inc flu hosp,0,2024-11-02,16,quantile,0.4,4.002282053963395
2024-11-02,wk inc flu hosp,0,2024-11-02,16,quantile,0.45,4.111527557167862
2024-11-02,wk inc flu hosp,0,2024-11-02,16,quantile,0.5,4.284931329501714
2024-11-02,wk inc flu hosp,0,2024-11-02,16,quantile,0.55,4.475151133053441
2024-11-02,wk inc flu hosp,0,2024-11-02,16,quantile,0.6,4.718927718831211
2024-11-02,wk inc flu hosp,0,2024-11-02,16,quantile,0.65,4.990176637179188
2024-11-02,wk inc flu hosp,0,2024-11-02,16,quantile,0.7,5.369206935164815
2024-11-02,wk inc flu hosp,0,2024-11-02,16,quantile,0.75,5.719154032124082
2024-11-02,wk inc flu hosp,0,2024-11-02,16,quantile,0.8,5.829784469876981
2024-11-02,wk inc flu hosp,0,2024-11-02,16,quantile,0.85,5.884002350169349
2024-11-02,wk inc flu hosp,0,2024-11-02,16,quantile,0.9,9.53002279915089
2024-11-02,wk inc flu hosp,0,2024-11-02,16,quantile,0.95,11.143820775645427
2024-11-02,wk inc flu hosp,0,2024-11-02,16,quantile,0.975,15.526557310047197
2024-11-02,wk inc flu hosp,0,2024-11-02,16,quantile,0.99,31.375122516986725
2024-11-02,wk inc flu hosp,1,2024-11-09,16,quantile,0.01,0.9961732227165071
2024-11-02,wk inc flu hosp,1,2024-11-09,16,quantile,0.025,1.6130249329555644
2024-11-02,wk inc flu hosp,1,2024-11-09,16,quantile,0.05,1.8348315207779904
2024-11-02,wk inc flu hosp,1,2024-11-09,16,quantile,0.1,2.136968868581675
2024-11-02,wk inc flu hosp,1,2024-11-09,16,quantile,0.15,2.3853895394492834
2024-11-02,wk inc flu hosp,1,2024-11-09,16,quantile,0.2,2.604371821465611
2024-11-02,wk inc flu hosp,1,2024-11-09,16,quantile,0.25,2.9308692459288177
2024-11-02,wk inc flu hosp,1,2024-11-09,16,quantile,0.3,3.2189569040679022
2024-11-02,wk inc flu hosp,1,2024-11-09,16,quantile,0.35,3.7788110498555803
2024-11-02,wk inc flu hosp,1,2024-11-09,16,quantile,0.4,5.127991292683067
2024-11-02,wk inc flu hosp,1,2024-11-09,16,quantile,0.45,5.737542578024092
2024-11-02,wk inc flu hosp,1,2024-11-09,16,quantile,0.5,6.699178365067211
2024-11-02,wk inc flu hosp,1,2024-11-09,16,quantile,0.55,8.268334527852037
2024-11-02,wk inc flu hosp,1,2024-11-09,16,quantile,0.6,10.478600230628354
2024-11-02,wk inc flu hosp,1,2024-11-09,16,quantile,0.65,11.596372256895483
2024-11-02,wk inc flu hosp,1,2024-11-09,16,quantile,0.7,12.11781450658276
2024-11-02,wk inc flu hosp,1,2024-11-09,16,quantile,0.75,12.90026549979704
2024-11-02,wk inc flu hosp,1,2024-11-09,16,quantile,0.8,13.749355337047392
2024-11-02,wk inc flu hosp,1,2024-11-09,16,quantile,0.85,14.429397100346904
2024-11-02,wk inc flu hosp,1,2024-11-09,16,quantile,0.9,15.333615163529977
2024-11-02,wk inc flu hosp,1,2024-11-09,16,quantile,0.95,22.629082672259255
2024-11-02,wk inc flu hosp,1,2024-11-09,16,quantile,0.975,36.004673125830415
2024-11-02,wk inc flu hosp,1,2024-11-09,16,quantile,0.99,36.02811955173203
2024-11-02,wk inc flu hosp,2,2024-11-16,16,quantile,0.01,1.4687927847013758
2024-11-02,wk inc flu hosp,2,2024-11-16,16,quantile,0.025,2.166700592518904
2024-11-02,wk inc flu hosp,2,2024-11-16,16,quantile,0.05,2.7020626627445803
2024-11-02,wk inc flu hosp,2,2024-11-16,16,quantile,0.1,3.483841484755041
2024-11-02,wk inc flu hosp,2,2024-11-16,16,quantile,0.15,4.1988421913431635
2024-11-02,wk inc flu hosp,2,2024-11-16,16,quantile,0.2,4.713961393280746
2024-11-02,wk inc flu hosp,2,2024-11-16,16,quantile,0.25,5.529041245591694
2024-11-02,wk inc flu hosp,2,2024-11-16,16,quantile,0.3,6.488126777425737
2024-11-02,wk inc flu hosp,2,2024-11-16,16,quantile,0.35,7.75086095880858
2024-11-02,wk inc flu hosp,2,2024-11-16,16,quantile,0.4,8.723547262479903
2024-11-02,wk inc flu hosp,2,2024-11-16,16,quantile,0.45,9.712048064300514
2024-11-02,wk inc flu hosp,2,2024-11-16,16,quantile,0.5,10.573132947903272
2024-11-02,wk inc flu hosp,2,2024-11-16,16,quantile,0.55,11.737129553477997
2024-11-02,wk inc flu hosp,2,2024-11-16,16,quantile,0.6,12.955982937637321
2024-11-02,wk inc flu hosp,2,2024-11-16,16,quantile,0.65,14.199646731745643
2024-11-02,wk inc flu hosp,2,2024-11-16,16,quantile,0.7,15.728716653467943
2024-11-02,wk inc flu hosp,2,2024-11-16,16,quantile,0.75,17.34049572739386
2024-11-02,wk inc flu hosp,2,2024-11-16,16,quantile,0.8,18.642017217838752
2024-11-02,wk inc flu hosp,2,2024-11-16,16,quantile,0.85,21.86237343824899
2024-11-02,wk inc flu hosp,2,2024-11-16,16,quantile,0.9,25.678499479229597
2024-11-02,wk inc flu hosp,2,2024-11-16,16,quantile,0.95,38.180813536198265
2024-11-02,wk inc flu hosp,2,2024-11-16,16,quantile,0.975,45.55151680533879
2024-11-02,wk inc flu hosp,2,2024-11-16,16,quantile,0.99,57.28509051379054
2024-11-02,wk inc flu hosp,3,2024-11-23,16,quantile,0.01,2.0239715790579695
2024-11-02,wk inc flu hosp,3,2024-11-23,16,quantile,0.025,2.475567765064571
2024-11-02,wk inc flu hosp,3,2024-11-23,16,quantile,0.05,2.8475505741213216
2024-11-02,wk inc flu hosp,3,2024-11-23,16,quantile,0.1,3.8656219247587096
2024-11-02,wk inc flu hosp,3,2024-11-23,16,quantile,0.15,5.150304288122219
2024-11-02,wk inc flu hosp,3,2024-11-23,16,quantile,0.2,6.2008850760496985
2024-11-02,wk inc flu hosp,3,2024-11-23,16,quantile,0.25,7.444734586559843
2024-11-02,wk inc flu hosp,3,2024-11-23,16,quantile,0.3,8.719721353782724
2024-11-02,wk inc flu hosp,3,2024-11-23,16,quantile,0.35,10.297814695205842
2024-11-02,wk inc flu hosp,3,2024-11-23,16,quantile,0.4,11.61863518384566
2024-11-02,wk inc flu hosp,3,2024-11-23,16,quantile,0.45,12.66053759823435
2024-11-02,wk inc flu hosp,3,2024-11-23,16,quantile,0.5,13.807148202066244
2024-11-02,wk inc flu hosp,3,2024-11-23,16,quantile,0.55,14.887621343099402
2024-11-02,wk inc flu hosp,3,2024-11-23,16,quantile,0.6,16.76120500674655
2024-11-02,wk inc flu hosp,3,2024-11-23,16,quantile,0.65,18.890453090979697
2024-11-02,wk inc flu hosp,3,2024-11-23,16,quantile,0.7,21.62929947176816
2024-11-02,wk inc flu hosp,3,2024-11-23,16,quantile,0.75,24.201573854778974
2024-11-02,wk inc flu hosp,3,2024-11-23,16,quantile,0.8,26.587248622994306
2024-11-02,wk inc flu hosp,3,2024-11-23,16,quantile,0.85,29.748625102061375
2024-11-02,wk inc flu hosp,3,2024-11-23,16,quantile,0.9,34.263223726164256
2024-11-02,wk inc flu hosp,3,2024-11-23,16,quantile,0.95,41.44928492385149
2024-11-02,wk inc flu hosp,3,2024-11-23,16,quantile,0.975,50.92082903319877
2024-11-02,wk inc flu hosp,3,2024-11-23,16,quantile,0.99,59.92941921809502
2024-11-02,wk inc flu hosp,0,2024-11-02,17,quantile,0.01,4.000147934263491
2024-11-02,wk inc flu hosp,0,2024-11-02,17,quantile,0.025,4.456528572956188
2024-11-02,wk inc flu hosp,0,2024-11-02,17,quantile,0.05,4.875947171932569
2024-11-02,wk inc flu hosp,0,2024-11-02,17,quantile,0.1,5.448413012460695
2024-11-02,wk inc flu hosp,0,2024-11-02,17,quantile,0.15,5.83111856154218
2024-11-02,wk inc flu hosp,0,2024-11-02,17,quantile,0.2,6.420642179280913
2024-11-02,wk inc flu hosp,0,2024-11-02,17,quantile,0.25,6.775359365957611
2024-11-02,wk inc flu hosp,0,2024-11-02,17,quantile,0.3,7.047775577178679
2024-11-02,wk inc flu hosp,0,2024-11-02,17,quantile,0.35,7.227875998721886
2024-11-02,wk inc flu hosp,0,2024-11-02,17,quantile,0.4,8.183023580071218
2024-11-02,wk inc flu hosp,0,2024-11-02,17,quantile,0.45,10.83290166466575
2024-11-02,wk inc flu hosp,0,2024-11-02,17,quantile,0.5,12.819725178377379
2024-11-02,wk inc flu hosp,0,2024-11-02,17,quantile,0.55,14.17238237180612
2024-11-02,wk inc flu hosp,0,2024-11-02,17,quantile,0.6,16.180462160876658
2024-11-02,wk inc flu hosp,0,2024-11-02,17,quantile,0.65,17.44067244579861
2024-11-02,wk inc flu hosp,0,2024-11-02,17,quantile,0.7,19.057611041248972
2024-11-02,wk inc flu hosp,0,2024-11-02,17,quantile,0.75,20.493143214888992
2024-11-02,wk inc flu hosp,0,2024-11-02,17,quantile,0.8,22.629046789113712
2024-11-02,wk inc flu hosp,0,2024-11-02,17,quantile,0.85,31.945894472612224
2024-11-02,wk inc flu hosp,0,2024-11-02,17,quantile,0.9,33.21187747152428
2024-11-02,wk inc flu hosp,0,2024-11-02,17,quantile,0.95,47.32694487004858
2024-11-02,wk inc flu hosp,0,2024-11-02,17,quantile,0.975,117.03121651370063
2024-11-02,wk inc flu hosp,0,2024-11-02,17,quantile,0.99,238.707980128706
2024-11-02,wk inc flu hosp,1,2024-11-09,17,quantile,0.01,5.994894464711014
2024-11-02,wk inc flu hosp,1,2024-11-09,17,quantile,0.025,11.310442153554721
2024-11-02,wk inc flu hosp,1,2024-11-09,17,quantile,0.05,11.680910829711586
2024-11-02,wk inc flu hosp,1,2024-11-09,17,quantile,0.1,13.04702967916202
2024-11-02,wk inc flu hosp,1,2024-11-09,17,quantile,0.15,13.598894291260144
2024-11-02,wk inc flu hosp,1,2024-11-09,17,quantile,0.2,15.140007426995608
2024-11-02,wk inc flu hosp,1,2024-11-09,17,quantile,0.25,16.08701044756957
2024-11-02,wk inc flu hosp,1,2024-11-09,17,quantile,0.3,17.304381541269713
2024-11-02,wk inc flu hosp,1,2024-11-09,17,quantile,0.35,19.218806014743695
2024-11-02,wk inc flu hosp,1,2024-11-09,17,quantile,0.4,21.29669268471151
2024-11-02,wk inc flu hosp,1,2024-11-09,17,quantile,0.45,23.14549826310133
2024-11-02,wk inc flu hosp,1,2024-11-09,17,quantile,0.5,25.015481434134706
2024-11-02,wk inc flu hosp,1,2024-11-09,17,quantile,0.55,26.265237418869198
2024-11-02,wk inc flu hosp,1,2024-11-09,17,quantile,0.6,28.71376144714305
2024-11-02,wk inc flu hosp,1,2024-11-09,17,quantile,0.65,32.76760176400917
2024-11-02,wk inc flu hosp,1,2024-11-09,17,quantile,0.7,41.36777370269424
2024-11-02,wk inc flu hosp,1,2024-11-09,17,quantile,0.75,45.81303589146658
2024-11-02,wk inc flu hosp,1,2024-11-09,17,quantile,0.8,51.614504239552595
2024-11-02,wk inc flu hosp,1,2024-11-09,17,quantile,0.85,66.32411517428807
2024-11-02,wk inc flu hosp,1,2024-11-09,17,quantile,0.9,79.00662274888026
2024-11-02,wk inc flu hosp,1,2024-11-09,17,quantile,0.95,123.5718213970206
2024-11-02,wk inc flu hosp,1,2024-11-09,17,quantile,0.975,200.1965051237639
2024-11-02,wk inc flu hosp,1,2024-11-09,17,quantile,0.99,252.13387556951773
2024-11-02,wk inc flu hosp,2,2024-11-16,17,quantile,0.01,8.71315880484846
2024-11-02,wk inc flu hosp,2,2024-11-16,17,quantile,0.025,10.773327398952953
2024-11-02,wk inc flu hosp,2,2024-11-16,17,quantile,0.05,14.16423734106522
2024-11-02,wk inc flu hosp,2,2024-11-16,17,quantile,0.1,16.599238088822233
2024-11-02,wk inc flu hosp,2,2024-11-16,17,quantile,0.15,19.696673301344486
2024-11-02,wk inc flu hosp,2,2024-11-16,17,quantile,0.2,21.55552405764132
2024-11-02,wk inc flu hosp,2,2024-11-16,17,quantile,0.25,24.175243191238522
2024-11-02,wk inc flu hosp,2,2024-11-16,17,quantile,0.3,27.880688005902005
2024-11-02,wk inc flu hosp,2,2024-11-16,17,quantile,0.35,30.1338552545258
2024-11-02,wk inc flu hosp,2,2024-11-16,17,quantile,0.4,36.829346184131296
2024-11-02,wk inc flu hosp,2,2024-11-16,17,quantile,0.45,42.03515770168979
2024-11-02,wk inc flu hosp,2,2024-11-16,17,quantile,0.5,45.620827666720245
2024-11-02,wk inc flu hosp,2,2024-11-16,17,quantile,0.55,50.65507291645362
2024-11-02,wk inc flu hosp,2,2024-11-16,17,quantile,0.6,54.98094323819092
2024-11-02,wk inc flu hosp,2,2024-11-16,17,quantile,0.65,59.841480059207775
2024-11-02,wk inc flu hosp,2,2024-11-16,17,quantile,0.7,70.43964828814849
2024-11-02,wk inc flu hosp,2,2024-11-16,17,quantile,0.75,79.48270796029819
2024-11-02,wk inc flu hosp,2,2024-11-16,17,quantile,0.8,88.01931640404183
2024-11-02,wk inc flu hosp,2,2024-11-16,17,quantile,0.85,100.35525289561947
2024-11-02,wk inc flu hosp,2,2024-11-16,17,quantile,0.9,122.7635299581002
2024-11-02,wk inc flu hosp,2,2024-11-16,17,quantile,0.95,183.8052645541074
2024-11-02,wk inc flu hosp,2,2024-11-16,17,quantile,0.975,236.76129342376993
2024-11-02,wk inc flu hosp,2,2024-11-16,17,quantile,0.99,259.0224696251056
2024-11-02,wk inc flu hosp,3,2024-11-23,17,quantile,0.01,10.779984869766055
2024-11-02,wk inc flu hosp,3,2024-11-23,17,quantile,0.025,15.529513512084407
2024-11-02,wk inc flu hosp,3,2024-11-23,17,quantile,0.05,17.196922771605426
2024-11-02,wk inc flu hosp,3,2024-11-23,17,quantile,0.1,23.022545591142073
2024-11-02,wk inc flu hosp,3,2024-11-23,17,quantile,0.15,27.128645628131604
2024-11-02,wk inc flu hosp,3,2024-11-23,17,quantile,0.2,33.14343308283687
2024-11-02,wk inc flu hosp,3,2024-11-23,17,quantile,0.25,38.73404602388884
2024-11-02,wk inc flu hosp,3,2024-11-23,17,quantile,0.3,44.45173054067506
2024-11-02,wk inc flu hosp,3,2024-11-23,17,quantile,0.35,49.344917960287894
2024-11-02,wk inc flu hosp,3,2024-11-23,17,quantile,0.4,54.20067989446965
2024-11-02,wk inc flu hosp,3,2024-11-23,17,quantile,0.45,61.532582238561275
2024-11-02,wk inc flu hosp,3,2024-11-23,17,quantile,0.5,69.90557318448768
2024-11-02,wk inc flu hosp,3,2024-11-23,17,quantile,0.55,77.77979820450217
2024-11-02,wk inc flu hosp,3,2024-11-23,17,quantile,0.6,84.0213958311655
2024-11-02,wk inc flu hosp,3,2024-11-23,17,quantile,0.65,90.9121359538035
2024-11-02,wk inc flu hosp,3,2024-11-23,17,quantile,0.7,102.6632889116563
2024-11-02,wk inc flu hosp,3,2024-11-23,17,quantile,0.75,118.16749076032949
2024-11-02,wk inc flu hosp,3,2024-11-23,17,quantile,0.8,128.04205962644994
2024-11-02,wk inc flu hosp,3,2024-11-23,17,quantile,0.85,140.72947009481098
2024-11-02,wk inc flu hosp,3,2024-11-23,17,quantile,0.9,166.52545490822286
2024-11-02,wk inc flu hosp,3,2024-11-23,17,quantile,0.95,217.94235460107626
2024-11-02,wk inc flu hosp,3,2024-11-23,17,quantile,0.975,247.11921759340095
2024-11-02,wk inc flu hosp,3,2024-11-23,17,quantile,0.99,261.9758978164097
2024-11-02,wk inc flu hosp,0,2024-11-02,18,quantile,0.01,2.7693029115894277
2024-11-02,wk inc flu hosp,0,2024-11-02,18,quantile,0.025,3.1983903583962587
2024-11-02,wk inc flu hosp,0,2024-11-02,18,quantile,0.05,4.462673197448259
2024-11-02,wk inc flu hosp,0,2024-11-02,18,quantile,0.1,4.766474743731573
2024-11-02,wk inc flu hosp,0,2024-11-02,18,quantile,0.15,4.958707132078383
2024-11-02,wk inc flu hosp,0,2024-11-02,18,quantile,0.2,5.059837624937885
2024-11-02,wk inc flu hosp,0,2024-11-02,18,quantile,0.25,5.245113491849578
2024-11-02,wk inc flu hosp,0,2024-11-02,18,quantile,0.3,5.389425194668814
2024-11-02,wk inc flu hosp,0,2024-11-02,18,quantile,0.35,5.612309460685414
2024-11-02,wk inc flu hosp,0,2024-11-02,18,quantile,0.4,5.870716236777652
2024-11-02,wk inc flu hosp,0,2024-11-02,18,quantile,0.45,6.153612053102046
2024-11-02,wk inc flu hosp,0,2024-11-02,18,quantile,0.5,6.446382480349785
2024-11-02,wk inc flu hosp,0,2024-11-02,18,quantile,0.55,7.076645953532036
2024-11-02,wk inc flu hosp,0,2024-11-02,18,quantile,0.6,8.68513379805799
2024-11-02,wk inc flu hosp,0,2024-11-02,18,quantile,0.65,9.188707505979044
2024-11-02,wk inc flu hosp,0,2024-11-02,18,quantile,0.7,9.66025239995483
2024-11-02,wk inc flu hosp,0,2024-11-02,18,quantile,0.75,10.234885247792402
2024-11-02,wk inc flu hosp,0,2024-11-02,18,quantile,0.8,11.304465267223737
2024-11-02,wk inc flu hosp,0,2024-11-02,18,quantile,0.85,15.750198376535426
2024-11-02,wk inc flu hosp,0,2024-11-02,18,quantile,0.9,32.66687829085087
2024-11-02,wk inc flu hosp,0,2024-11-02,18,quantile,0.95,72.64692609765886
2024-11-02,wk inc flu hosp,0,2024-11-02,18,quantile,0.975,91.34537731547401
2024-11-02,wk inc flu hosp,0,2024-11-02,18,quantile,0.99,194.65093704238555
2024-11-02,wk inc flu hosp,1,2024-11-09,18,quantile,0.01,2.576489430267243
2024-11-02,wk inc flu hosp,1,2024-11-09,18,quantile,0.025,5.625704842934555
2024-11-02,wk inc flu hosp,1,2024-11-09,18,quantile,0.05,7.055534396171465
2024-11-02,wk inc flu hosp,1,2024-11-09,18,quantile,0.1,7.520310778258091
2024-11-02,wk inc flu hosp,1,2024-11-09,18,quantile,0.15,8.057711133367635
2024-11-02,wk inc flu hosp,1,2024-11-09,18,quantile,0.2,8.678830987422707
2024-11-02,wk inc flu hosp,1,2024-11-09,18,quantile,0.25,9.1619957465532
2024-11-02,wk inc flu hosp,1,2024-11-09,18,quantile,0.3,9.751323168685749
2024-11-02,wk inc flu hosp,1,2024-11-09,18,quantile,0.35,10.47657427776435
2024-11-02,wk inc flu hosp,1,2024-11-09,18,quantile,0.4,11.671785745897148
2024-11-02,wk inc flu hosp,1,2024-11-09,18,quantile,0.45,12.542812618844046
2024-11-02,wk inc flu hosp,1,2024-11-09,18,quantile,0.5,13.30728650900992
2024-11-02,wk inc flu hosp,1,2024-11-09,18,quantile,0.55,14.262888393813157
2024-11-02,wk inc flu hosp,1,2024-11-09,18,quantile,0.6,15.179611811899488
2024-11-02,wk inc flu hosp,1,2024-11-09,18,quantile,0.65,15.93230282193806
2024-11-02,wk inc flu hosp,1,2024-11-09,18,quantile,0.7,17.341945079391703
2024-11-02,wk inc flu hosp,1,2024-11-09,18,quantile,0.75,19.732013526948037
2024-11-02,wk inc flu hosp,1,2024-11-09,18,quantile,0.8,29.703086405635947
2024-11-02,wk inc flu hosp,1,2024-11-09,18,quantile,0.85,43.340394954798775
2024-11-02,wk inc flu hosp,1,2024-11-09,18,quantile,0.9,66.10255315107668
2024-11-02,wk inc flu hosp,1,2024-11-09,18,quantile,0.95,92.01677316946213
2024-11-02,wk inc flu hosp,1,2024-11-09,18,quantile,0.975,134.0570510212323
2024-11-02,wk inc flu hosp,1,2024-11-09,18,quantile,0.99,195.99777761346243
2024-11-02,wk inc flu hosp,2,2024-11-16,18,quantile,0.01,2.449443434918595
2024-11-02,wk inc flu hosp,2,2024-11-16,18,quantile,0.025,4.2546556141240535
2024-11-02,wk inc flu hosp,2,2024-11-16,18,quantile,0.05,9.636763196025173
2024-11-02,wk inc flu hosp,2,2024-11-16,18,quantile,0.1,11.185089874527337
2024-11-02,wk inc flu hosp,2,2024-11-16,18,quantile,0.15,12.356041402264943
2024-11-02,wk inc flu hosp,2,2024-11-16,18,quantile,0.2,13.335861200044786
2024-11-02,wk inc flu hosp,2,2024-11-16,18,quantile,0.25,14.219357286339047
2024-11-02,wk inc flu hosp,2,2024-11-16,18,quantile,0.3,15.22029866379384
2024-11-02,wk inc flu hosp,2,2024-11-16,18,quantile,0.35,17.01367335843109
2024-11-02,wk inc flu hosp,2,2024-11-16,18,quantile,0.4,18.7058824107252
2024-11-02,wk inc flu hosp,2,2024-11-16,18,quantile,0.45,21.302241069098336
2024-11-02,wk inc flu hosp,2,2024-11-16,18,quantile,0.5,25.802882341485002
2024-11-02,wk inc flu hosp,2,2024-11-16,18,quantile,0.55,30.064982378795865
2024-11-02,wk inc flu hosp,2,2024-11-16,18,quantile,0.6,34.02142671350989
2024-11-02,wk inc flu hosp,2,2024-11-16,18,quantile,0.65,36.68974014387392
2024-11-02,wk inc flu hosp,2,2024-11-16,18,quantile,0.7,38.4850675030618
2024-11-02,wk inc flu hosp,2,2024-11-16,18,quantile,0.75,46.736842026605544
2024-11-02,wk inc flu hosp,2,2024-11-16,18,quantile,0.8,63.160308583851126
2024-11-02,wk inc flu hosp,2,2024-11-16,18,quantile,0.85,77.14767490996273
2024-11-02,wk inc flu hosp,2,2024-11-16,18,quantile,0.9,92.83737827395655
2024-11-02,wk inc flu hosp,2,2024-11-16,18,quantile,0.95,124.689055249739
2024-11-02,wk inc flu hosp,2,2024-11-16,18,quantile,0.975,169.41431236722764
2024-11-02,wk inc flu hosp,2,2024-11-16,18,quantile,0.99,196.38317875617778
2024-11-02,wk inc flu hosp,3,2024-11-23,18,quantile,0.01,6.192469685781969
2024-11-02,wk inc flu hosp,3,2024-11-23,18,quantile,0.025,10.595182400494167
2024-11-02,wk inc flu hosp,3,2024-11-23,18,quantile,0.05,11.652774724081022
2024-11-02,wk inc flu hosp,3,2024-11-23,18,quantile,0.1,13.588744292347458
2024-11-02,wk inc flu hosp,3,2024-11-23,18,quantile,0.15,16.18703156098609
2024-11-02,wk inc flu hosp,3,2024-11-23,18,quantile,0.2,18.426702787250317
2024-11-02,wk inc flu hosp,3,2024-11-23,18,quantile,0.25,24.520693943145496
2024-11-02,wk inc flu hosp,3,2024-11-23,18,quantile,0.3,30.88094475960644
2024-11-02,wk inc flu hosp,3,2024-11-23,18,quantile,0.35,35.51940428283913
2024-11-02,wk inc flu hosp,3,2024-11-23,18,quantile,0.4,38.0319784926362
2024-11-02,wk inc flu hosp,3,2024-11-23,18,quantile,0.45,39.436843454537254
2024-11-02,wk inc flu hosp,3,2024-11-23,18,quantile,0.5,41.55386196562807
2024-11-02,wk inc flu hosp,3,2024-11-23,18,quantile,0.55,44.582136411396974
2024-11-02,wk inc flu hosp,3,2024-11-23,18,quantile,0.6,49.643320595143415
2024-11-02,wk inc flu hosp,3,2024-11-23,18,quantile,0.65,55.260244916532685
2024-11-02,wk inc flu hosp,3,2024-11-23,18,quantile,0.7,63.29196762239561
2024-11-02,wk inc flu hosp,3,2024-11-23,18,quantile,0.75,75.19240382870052
2024-11-02,wk inc flu hosp,3,2024-11-23,18,quantile,0.8,87.4718703596788
2024-11-02,wk inc flu hosp,3,2024-11-23,18,quantile,0.85,104.2420360532425
2024-11-02,wk inc flu hosp,3,2024-11-23,18,quantile,0.9,127.16291606692306
2024-11-02,wk inc flu hosp,3,2024-11-23,18,quantile,0.95,159.8839139282386
2024-11-02,wk inc flu hosp,3,2024-11-23,18,quantile,0.975,187.3161861734281
2024-11-02,wk inc flu hosp,3,2024-11-23,18,quantile,0.99,200.52764348222033
2024-11-02,wk inc flu hosp,0,2024-11-02,19,quantile,0.01,1.1886269046417983
2024-11-02,wk inc flu hosp,0,2024-11-02,19,quantile,0.025,1.6464203470032905
2024-11-02,wk inc flu hosp,0,2024-11-02,19,quantile,0.05,1.9224282595818425
2024-11-02,wk inc flu hosp,0,2024-11-02,19,quantile,0.1,2.9335987867111792
2024-11-02,wk inc flu hosp,0,2024-11-02,19,quantile,0.15,3.6788790962011
2024-11-02,wk inc flu hosp,0,2024-11-02,19,quantile,0.2,3.7939479182299034
2024-11-02,wk inc flu hosp,0,2024-11-02,19,quantile,0.25,3.9046237841869775
2024-11-02,wk inc flu hosp,0,2024-11-02,19,quantile,0.3,4.05819783202108
2024-11-02,wk inc flu hosp,0,2024-11-02,19,quantile,0.35,4.080438934866735
2024-11-02,wk inc flu hosp,0,2024-11-02,19,quantile,0.4,4.208760966661124
2024-11-02,wk inc flu hosp,0,2024-11-02,19,quantile,0.45,4.327439765601273
2024-11-02,wk inc flu hosp,0,2024-11-02,19,quantile,0.5,4.444946566219851
2024-11-02,wk inc flu hosp,0,2024-11-02,19,quantile,0.55,4.715887926805459
2024-11-02,wk inc flu hosp,0,2024-11-02,19,quantile,0.6,5.077599683719678
2024-11-02,wk inc flu hosp,0,2024-11-02,19,quantile,0.65,5.658892348910532
2024-11-02,wk inc flu hosp,0,2024-11-02,19,quantile,0.7,5.9628564028394235
2024-11-02,wk inc flu hosp,0,2024-11-02,19,quantile,0.75,6.355828775059158
2024-11-02,wk inc flu hosp,0,2024-11-02,19,quantile,0.8,6.51997289947807
2024-11-02,wk inc flu hosp,0,2024-11-02,19,quantile,0.85,6.634655796088226
2024-11-02,wk inc flu hosp,0,2024-11-02,19,quantile,0.9,6.77627672030428
2024-11-02,wk inc flu hosp,0,2024-11-02,19,quantile,0.95,7.02411066246562
2024-11-02,wk inc flu hosp,0,2024-11-02,19,quantile,0.975,17.50490260359793
2024-11-02,wk inc flu hosp,0,2024-11-02,19,quantile,0.99,52.02704957807737
2024-11-02,wk inc flu hosp,1,2024-11-09,19,quantile,0.01,1.109199315471194
2024-11-02,wk inc flu hosp,1,2024-11-09,19,quantile,0.025,1.3807484554790808
2024-11-02,wk inc flu hosp,1,2024-11-09,19,quantile,0.05,2.383059929795296
2024-11-02,wk inc flu hosp,1,2024-11-09,19,quantile,0.1,3.1219396728931397
2024-11-02,wk inc flu hosp,1,2024-11-09,19,quantile,0.15,3.5338175181136933
2024-11-02,wk inc flu hosp,1,2024-11-09,19,quantile,0.2,4.2732435485611875
2024-11-02,wk inc flu hosp,1,2024-11-09,19,quantile,0.25,4.376386043938432
2024-11-02,wk inc flu hosp,1,2024-11-09,19,quantile,0.3,5.401488717340198
2024-11-02,wk inc flu hosp,1,2024-11-09,19,quantile,0.35,5.878275601948709
2024-11-02,wk inc flu hosp,1,2024-11-09,19,quantile,0.4,6.132874320413984
2024-11-02,wk inc flu hosp,1,2024-11-09,19,quantile,0.45,6.474408140214898
2024-11-02,wk inc flu hosp,1,2024-11-09,19,quantile,0.5,7.718819485891894
2024-11-02,wk inc flu hosp,1,2024-11-09,19,quantile,0.55,8.394068643839992
2024-11-02,wk inc flu hosp,1,2024-11-09,19,quantile,0.6,8.857071996777341
2024-11-02,wk inc flu hosp,1,2024-11-09,19,quantile,0.65,9.233413737709913
2024-11-02,wk inc flu hosp,1,2024-11-09,19,quantile,0.7,9.933789977961181
2024-11-02,wk inc flu hosp,1,2024-11-09,19,quantile,0.75,10.7273065335867
2024-11-02,wk inc flu hosp,1,2024-11-09,19,quantile,0.8,11.347422395453021
2024-11-02,wk inc flu hosp,1,2024-11-09,19,quantile,0.85,12.399944204939793
2024-11-02,wk inc flu hosp,1,2024-11-09,19,quantile,0.9,13.239291125529844
2024-11-02,wk inc flu hosp,1,2024-11-09,19,quantile,0.95,18.396101947957433
2024-11-02,wk inc flu hosp,1,2024-11-09,19,quantile,0.975,37.07453955373604
2024-11-02,wk inc flu hosp,1,2024-11-09,19,quantile,0.99,52.02704957807737
2024-11-02,wk inc flu hosp,2,2024-11-16,19,quantile,0.01,1.5059920637700508
2024-11-02,wk inc flu hosp,2,2024-11-16,19,quantile,0.025,2.102292478072992
2024-11-02,wk inc flu hosp,2,2024-11-16,19,quantile,0.05,3.425638691390935
2024-11-02,wk inc flu hosp,2,2024-11-16,19,quantile,0.1,4.428948693457779
2024-11-02,wk inc flu hosp,2,2024-11-16,19,quantile,0.15,5.334417542351135
2024-11-02,wk inc flu hosp,2,2024-11-16,19,quantile,0.2,5.969756657439522
2024-11-02,wk inc flu hosp,2,2024-11-16,19,quantile,0.25,6.526369044515977
2024-11-02,wk inc flu hosp,2,2024-11-16,19,quantile,0.3,7.1715603021889525
2024-11-02,wk inc flu hosp,2,2024-11-16,19,quantile,0.35,7.872844744589041
2024-11-02,wk inc flu hosp,2,2024-11-16,19,quantile,0.4,8.553859162307788
2024-11-02,wk inc flu hosp,2,2024-11-16,19,quantile,0.45,9.263520938340326
2024-11-02,wk inc flu hosp,2,2024-11-16,19,quantile,0.5,10.146690845270868
2024-11-02,wk inc flu hosp,2,2024-11-16,19,quantile,0.55,10.897340795212692
2024-11-02,wk inc flu hosp,2,2024-11-16,19,quantile,0.6,11.449166204110245
2024-11-02,wk inc flu hosp,2,2024-11-16,19,quantile,0.65,12.202132128875542
2024-11-02,wk inc flu hosp,2,2024-11-16,19,quantile,0.7,13.296922198159123
2024-11-02,wk inc flu hosp,2,2024-11-16,19,quantile,0.75,14.125036590010914
2024-11-02,wk inc flu hosp,2,2024-11-16,19,quantile,0.8,14.777089391481027
2024-11-02,wk inc flu hosp,2,2024-11-16,19,quantile,0.85,16.498432808565678
2024-11-02,wk inc flu hosp,2,2024-11-16,19,quantile,0.9,18.57293617089144
2024-11-02,wk inc flu hosp,2,2024-11-16,19,quantile,0.95,28.163439269826355
2024-11-02,wk inc flu hosp,2,2024-11-16,19,quantile,0.975,38.21399198781141
2024-11-02,wk inc flu hosp,2,2024-11-16,19,quantile,0.99,52.24736192525507
2024-11-02,wk inc flu hosp,3,2024-11-23,19,quantile,0.01,1.5059547581233075
2024-11-02,wk inc flu hosp,3,2024-11-23,19,quantile,0.025,2.4874249279040703
2024-11-02,wk inc flu hosp,3,2024-11-23,19,quantile,0.05,3.9602139586355407
2024-11-02,wk inc flu hosp,3,2024-11-23,19,quantile,0.1,5.607201719808181
2024-11-02,wk inc flu hosp,3,2024-11-23,19,quantile,0.15,6.639829612943791
2024-11-02,wk inc flu hosp,3,2024-11-23,19,quantile,0.2,7.620286728648723
2024-11-02,wk inc flu hosp,3,2024-11-23,19,quantile,0.25,8.542344875599667
2024-11-02,wk inc flu hosp,3,2024-11-23,19,quantile,0.3,9.392802641939817
2024-11-02,wk inc flu hosp,3,2024-11-23,19,quantile,0.35,10.072703050389212
2024-11-02,wk inc flu hosp,3,2024-11-23,19,quantile,0.4,10.6532890300486
2024-11-02,wk inc flu hosp,3,2024-11-23,19,quantile,0.45,11.236072529736038
2024-11-02,wk inc flu hosp,3,2024-11-23,19,quantile,0.5,11.681597533822185
2024-11-02,wk inc flu hosp,3,2024-11-23,19,quantile,0.55,12.412242599660086
2024-11-02,wk inc flu hosp,3,2024-11-23,19,quantile,0.6,13.468081075583934
2024-11-02,wk inc flu hosp,3,2024-11-23,19,quantile,0.65,14.346302464779988
2024-11-02,wk inc flu hosp,3,2024-11-23,19,quantile,0.7,15.409740753666803
2024-11-02,wk inc flu hosp,3,2024-11-23,19,quantile,0.75,16.122940254028922
2024-11-02,wk inc flu hosp,3,2024-11-23,19,quantile,0.8,17.314684723328018
2024-11-02,wk inc flu hosp,3,2024-11-23,19,quantile,0.85,19.301758736593545
2024-11-02,wk inc flu hosp,3,2024-11-23,19,quantile,0.9,23.300448785819516
2024-11-02,wk inc flu hosp,3,2024-11-23,19,quantile,0.95,33.09979606433596
2024-11-02,wk inc flu hosp,3,2024-11-23,19,quantile,0.975,40.37186577769
2024-11-02,wk inc flu hosp,3,2024-11-23,19,quantile,0.99,57.448023654611326
2024-11-02,wk inc flu hosp,0,2024-11-02,20,quantile,0.01,0.1295685580323932
2024-11-02,wk inc flu hosp,0,2024-11-02,20,quantile,0.025,0.4151851344409272
2024-11-02,wk inc flu hosp,0,2024-11-02,20,quantile,0.05,1.0477996715473463
2024-11-02,wk inc flu hosp,0,2024-11-02,20,quantile,0.1,1.0776552716863899
2024-11-02,wk inc flu hosp,0,2024-11-02,20,quantile,0.15,1.1021644125047334
2024-11-02,wk inc flu hosp,0,2024-11-02,20,quantile,0.2,1.1361876388769097
2024-11-02,wk inc flu hosp,0,2024-11-02,20,quantile,0.25,1.1746260874084724
2024-11-02,wk inc flu hosp,0,2024-11-02,20,quantile,0.3,1.2217104355473214
2024-11-02,wk inc flu hosp,0,2024-11-02,20,quantile,0.35,1.2596630141586667
2024-11-02,wk inc flu hosp,0,2024-11-02,20,quantile,0.4,1.302767385275026
2024-11-02,wk inc flu hosp,0,2024-11-02,20,quantile,0.45,1.3255762599128544
2024-11-02,wk inc flu hosp,0,2024-11-02,20,quantile,0.5,1.3487971311039848
2024-11-02,wk inc flu hosp,0,2024-11-02,20,quantile,0.55,1.4111100554821643
2024-11-02,wk inc flu hosp,0,2024-11-02,20,quantile,0.6,1.6207392950538049
2024-11-02,wk inc flu hosp,0,2024-11-02,20,quantile,0.65,1.900731178284819
2024-11-02,wk inc flu hosp,0,2024-11-02,20,quantile,0.7,2.303200368641307
2024-11-02,wk inc flu hosp,0,2024-11-02,20,quantile,0.75,3.8765251016378675
2024-11-02,wk inc flu hosp,0,2024-11-02,20,quantile,0.8,4.370318314017657
2024-11-02,wk inc flu hosp,0,2024-11-02,20,quantile,0.85,4.580862956793044
2024-11-02,wk inc flu hosp,0,2024-11-02,20,quantile,0.9,7.119173985241147
2024-11-02,wk inc flu hosp,0,2024-11-02,20,quantile,0.95,12.741698691728818
2024-11-02,wk inc flu hosp,0,2024-11-02,20,quantile,0.975,20.84913970981399
2024-11-02,wk inc flu hosp,0,2024-11-02,20,quantile,0.99,34.83728373589148
2024-11-02,wk inc flu hosp,1,2024-11-09,20,quantile,0.01,0.03299839875230313
2024-11-02,wk inc flu hosp,1,2024-11-09,20,quantile,0.025,0.510821649230314
2024-11-02,wk inc flu hosp,1,2024-11-09,20,quantile,0.05,1.440436707356893
2024-11-02,wk inc flu hosp,1,2024-11-09,20,quantile,0.1,1.626306412462309
2024-11-02,wk inc flu hosp,1,2024-11-09,20,quantile,0.15,1.932303028376323
2024-11-02,wk inc flu hosp,1,2024-11-09,20,quantile,0.2,2.0748123388749042
2024-11-02,wk inc flu hosp,1,2024-11-09,20,quantile,0.25,2.194507959887658
2024-11-02,wk inc flu hosp,1,2024-11-09,20,quantile,0.3,2.3392722669863235
2024-11-02,wk inc flu hosp,1,2024-11-09,20,quantile,0.35,2.6338334631298324
2024-11-02,wk inc flu hosp,1,2024-11-09,20,quantile,0.4,2.900464420811605
2024-11-02,wk inc flu hosp,1,2024-11-09,20,quantile,0.45,3.223015405896172
2024-11-02,wk inc flu hosp,1,2024-11-09,20,quantile,0.5,3.3407959038316983
2024-11-02,wk inc flu hosp,1,2024-11-09,20,quantile,0.55,3.606284639193379
2024-11-02,wk inc flu hosp,1,2024-11-09,20,quantile,0.6,4.057080778954332
2024-11-02,wk inc flu hosp,1,2024-11-09,20,quantile,0.65,5.290783681679374
2024-11-02,wk inc flu hosp,1,2024-11-09,20,quantile,0.7,6.691204265798204
2024-11-02,wk inc flu hosp,1,2024-11-09,20,quantile,0.75,7.172337001149549
2024-11-02,wk inc flu hosp,1,2024-11-09,20,quantile,0.8,9.45615486840391
2024-11-02,wk inc flu hosp,1,2024-11-09,20,quantile,0.85,11.118213434811945
2024-11-02,wk inc flu hosp,1,2024-11-09,20,quantile,0.9,17.617644291110754
2024-11-02,wk inc flu hosp,1,2024-11-09,20,quantile,0.95,29.933678142776632
2024-11-02,wk inc flu hosp,1,2024-11-09,20,quantile,0.975,33.035332868568936
2024-11-02,wk inc flu hosp,1,2024-11-09,20,quantile,0.99,41.89660919347734
2024-11-02,wk inc flu hosp,2,2024-11-16,20,quantile,0.01,0.1559388611356602
2024-11-02,wk inc flu hosp,2,2024-11-16,20,quantile,0.025,0.5012163923254754
2024-11-02,wk inc flu hosp,2,2024-11-16,20,quantile,0.05,1.0184998748059508
2024-11-02,wk inc flu hosp,2,2024-11-16,20,quantile,0.1,1.383125669425068
2024-11-02,wk inc flu hosp,2,2024-11-16,20,quantile,0.15,1.5993665008905213
2024-11-02,wk inc flu hosp,2,2024-11-16,20,quantile,0.2,1.8668420773356045
2024-11-02,wk inc flu hosp,2,2024-11-16,20,quantile,0.25,2.2205455484366086
2024-11-02,wk inc flu hosp,2,2024-11-16,20,quantile,0.3,2.4669007493093225
2024-11-02,wk inc flu hosp,2,2024-11-16,20,quantile,0.35,2.8353597195791385
2024-11-02,wk inc flu hosp,2,2024-11-16,20,quantile,0.4,3.33349205532615
2024-11-02,wk inc flu hosp,2,2024-11-16,20,quantile,0.45,3.892401973807851
2024-11-02,wk inc flu hosp,2,2024-11-16,20,quantile,0.5,4.647212425180372
2024-11-02,wk inc flu hosp,2,2024-11-16,20,quantile,0.55,5.507332323424721
2024-11-02,wk inc flu hosp,2,2024-11-16,20,quantile,0.6,6.4628292162745415
2024-11-02,wk inc flu hosp,2,2024-11-16,20,quantile,0.65,8.103802961051375
2024-11-02,wk inc flu hosp,2,2024-11-16,20,quantile,0.7,11.75763567661493
2024-11-02,wk inc flu hosp,2,2024-11-16,20,quantile,0.75,14.576358120090791
2024-11-02,wk inc flu hosp,2,2024-11-16,20,quantile,0.8,18.325693614270076
2024-11-02,wk inc flu hosp,2,2024-11-16,20,quantile,0.85,23.428448385482856
2024-11-02,wk inc flu hosp,2,2024-11-16,20,quantile,0.9,30.016650923283642
2024-11-02,wk inc flu hosp,2,2024-11-16,20,quantile,0.95,39.46384739870493
2024-11-02,wk inc flu hosp,2,2024-11-16,20,quantile,0.975,47.89409074146488
2024-11-02,wk inc flu hosp,2,2024-11-16,20,quantile,0.99,64.56808174790187
2024-11-02,wk inc flu hosp,3,2024-11-23,20,quantile,0.01,0.3278003437576032
2024-11-02,wk inc flu hosp,3,2024-11-23,20,quantile,0.025,0.975269666818936
2024-11-02,wk inc flu hosp,3,2024-11-23,20,quantile,0.05,1.612467906699611
2024-11-02,wk inc flu hosp,3,2024-11-23,20,quantile,0.1,2.2890550875767057
2024-11-02,wk inc flu hosp,3,2024-11-23,20,quantile,0.15,2.743626764388662
2024-11-02,wk inc flu hosp,3,2024-11-23,20,quantile,0.2,3.3011231285234124
2024-11-02,wk inc flu hosp,3,2024-11-23,20,quantile,0.25,3.765552677109727
2024-11-02,wk inc flu hosp,3,2024-11-23,20,quantile,0.3,4.225861085188189
2024-11-02,wk inc flu hosp,3,2024-11-23,20,quantile,0.35,4.7836297008341635
2024-11-02,wk inc flu hosp,3,2024-11-23,20,quantile,0.4,5.464396707644483
2024-11-02,wk inc flu hosp,3,2024-11-23,20,quantile,0.45,6.506283470840633
2024-11-02,wk inc flu hosp,3,2024-11-23,20,quantile,0.5,7.439959986099362
2024-11-02,wk inc flu hosp,3,2024-11-23,20,quantile,0.55,9.447773512820728
2024-11-02,wk inc flu hosp,3,2024-11-23,20,quantile,0.6,13.197831683392568
2024-11-02,wk inc flu hosp,3,2024-11-23,20,quantile,0.65,16.243872208609535
2024-11-02,wk inc flu hosp,3,2024-11-23,20,quantile,0.7,19.601753546477216
2024-11-02,wk inc flu hosp,3,2024-11-23,20,quantile,0.75,23.327444665817545
2024-11-02,wk inc flu hosp,3,2024-11-23,20,quantile,0.8,27.660965712802856
2024-11-02,wk inc flu hosp,3,2024-11-23,20,quantile,0.85,32.50392334092115
2024-11-02,wk inc flu hosp,3,2024-11-23,20,quantile,0.9,38.353370542491625
2024-11-02,wk inc flu hosp,3,2024-11-23,20,quantile,0.95,50.29530405198494
2024-11-02,wk inc flu hosp,3,2024-11-23,20,quantile,0.975,62.443373239587956
2024-11-02,wk inc flu hosp,3,2024-11-23,20,quantile,0.99,71.86666572840797
2024-11-02,wk inc flu hosp,0,2024-11-02,21,quantile,0.01,1.5806801456775907
2024-11-02,wk inc flu hosp,0,2024-11-02,21,quantile,0.025,2.083742955047337
2024-11-02,wk inc flu hosp,0,2024-11-02,21,quantile,0.05,2.852745074892479
2024-11-02,wk inc flu hosp,0,2024-11-02,21,quantile,0.1,3.1055017942339904
2024-11-02,wk inc flu hosp,0,2024-11-02,21,quantile,0.15,3.932738065365671
2024-11-02,wk inc flu hosp,0,2024-11-02,21,quantile,0.2,4.861994806999784
2024-11-02,wk inc flu hosp,0,2024-11-02,21,quantile,0.25,6.059513129623513
2024-11-02,wk inc flu hosp,0,2024-11-02,21,quantile,0.3,7.262563225473305
2024-11-02,wk inc flu hosp,0,2024-11-02,21,quantile,0.35,7.34799865353836
2024-11-02,wk inc flu hosp,0,2024-11-02,21,quantile,0.4,7.51688412357603
2024-11-02,wk inc flu hosp,0,2024-11-02,21,quantile,0.45,7.697044408937455
2024-11-02,wk inc flu hosp,0,2024-11-02,21,quantile,0.5,8.044499102272201
2024-11-02,wk inc flu hosp,0,2024-11-02,21,quantile,0.55,8.579355476364547
2024-11-02,wk inc flu hosp,0,2024-11-02,21,quantile,0.6,8.925974111472236
2024-11-02,wk inc flu hosp,0,2024-11-02,21,quantile,0.65,11.51735523135726
2024-11-02,wk inc flu hosp,0,2024-11-02,21,quantile,0.7,12.260701201339153
2024-11-02,wk inc flu hosp,0,2024-11-02,21,quantile,0.75,12.653991508744072
2024-11-02,wk inc flu hosp,0,2024-11-02,21,quantile,0.8,13.311487246574618
2024-11-02,wk inc flu hosp,0,2024-11-02,21,quantile,0.85,14.542155052796359
2024-11-02,wk inc flu hosp,0,2024-11-02,21,quantile,0.9,18.977041839055932
2024-11-02,wk inc flu hosp,0,2024-11-02,21,quantile,0.95,29.175166520378575
2024-11-02,wk inc flu hosp,0,2024-11-02,21,quantile,0.975,32.217803120529794
2024-11-02,wk inc flu hosp,0,2024-11-02,21,quantile,0.99,88.70823928983332
2024-11-02,wk inc flu hosp,1,2024-11-09,21,quantile,0.01,3.2495403778436205
2024-11-02,wk inc flu hosp,1,2024-11-09,21,quantile,0.025,3.8342608347608476
2024-11-02,wk inc flu hosp,1,2024-11-09,21,quantile,0.05,4.380022331776616
2024-11-02,wk inc flu hosp,1,2024-11-09,21,quantile,0.1,5.6907310927179005
2024-11-02,wk inc flu hosp,1,2024-11-09,21,quantile,0.15,6.766814774114043
2024-11-02,wk inc flu hosp,1,2024-11-09,21,quantile,0.2,7.489850002814911
2024-11-02,wk inc flu hosp,1,2024-11-09,21,quantile,0.25,8.253294993593158
2024-11-02,wk inc flu hosp,1,2024-11-09,21,quantile,0.3,9.233423513291749
2024-11-02,wk inc flu hosp,1,2024-11-09,21,quantile,0.35,9.817962406114372
2024-11-02,wk inc flu hosp,1,2024-11-09,21,quantile,0.4,10.171895211471046
2024-11-02,wk inc flu hosp,1,2024-11-09,21,quantile,0.45,10.710134673887751
2024-11-02,wk inc flu hosp,1,2024-11-09,21,quantile,0.5,11.533981870719526
2024-11-02,wk inc flu hosp,1,2024-11-09,21,quantile,0.55,12.021983763396321
2024-11-02,wk inc flu hosp,1,2024-11-09,21,quantile,0.6,13.191350253372846
2024-11-02,wk inc flu hosp,1,2024-11-09,21,quantile,0.65,14.772196761226876
2024-11-02,wk inc flu hosp,1,2024-11-09,21,quantile,0.7,16.313690992106924
2024-11-02,wk inc flu hosp,1,2024-11-09,21,quantile,0.75,18.03346667342743
2024-11-02,wk inc flu hosp,1,2024-11-09,21,quantile,0.8,19.5791910799857
2024-11-02,wk inc flu hosp,1,2024-11-09,21,quantile,0.85,23.54503550859407
2024-11-02,wk inc flu hosp,1,2024-11-09,21,quantile,0.9,29.102894940776626
2024-11-02,wk inc flu hosp,1,2024-11-09,21,quantile,0.95,36.11361134528573
2024-11-02,wk inc flu hosp,1,2024-11-09,21,quantile,0.975,71.39129587192458
2024-11-02,wk inc flu hosp,1,2024-11-09,21,quantile,0.99,112.71988178298949
2024-11-02,wk inc flu hosp,2,2024-11-16,21,quantile,0.01,3.7433083377893936
2024-11-02,wk inc flu hosp,2,2024-11-16,21,quantile,0.025,4.51453311655474
2024-11-02,wk inc flu hosp,2,2024-11-16,21,quantile,0.05,5.757307642475572
2024-11-02,wk inc flu hosp,2,2024-11-16,21,quantile,0.1,7.314367019351033
2024-11-02,wk inc flu hosp,2,2024-11-16,21,quantile,0.15,8.235015471964614
2024-11-02,wk inc flu hosp,2,2024-11-16,21,quantile,0.2,9.077085097648474
2024-11-02,wk inc flu hosp,2,2024-11-16,21,quantile,0.25,9.639114749729504
2024-11-02,wk inc flu hosp,2,2024-11-16,21,quantile,0.3,10.33822327108804
2024-11-02,wk inc flu hosp,2,2024-11-16,21,quantile,0.35,11.203270154711769
2024-11-02,wk inc flu hosp,2,2024-11-16,21,quantile,0.4,12.101251232154985
2024-11-02,wk inc flu hosp,2,2024-11-16,21,quantile,0.45,13.204282238920033
2024-11-02,wk inc flu hosp,2,2024-11-16,21,quantile,0.5,14.503824964878987
2024-11-02,wk inc flu hosp,2,2024-11-16,21,quantile,0.55,15.513233563735751
2024-11-02,wk inc flu hosp,2,2024-11-16,21,quantile,0.6,17.256020578120086
2024-11-02,wk inc flu hosp,2,2024-11-16,21,quantile,0.65,18.92238052933324
2024-11-02,wk inc flu hosp,2,2024-11-16,21,quantile,0.7,20.16603079885594
2024-11-02,wk inc flu hosp,2,2024-11-16,21,quantile,0.75,22.06856940567956
2024-11-02,wk inc flu hosp,2,2024-11-16,21,quantile,0.8,25.048360509331086
2024-11-02,wk inc flu hosp,2,2024-11-16,21,quantile,0.85,28.349327316358583
2024-11-02,wk inc flu hosp,2,2024-11-16,21,quantile,0.9,34.84792636375099
2024-11-02,wk inc flu hosp,2,2024-11-16,21,quantile,0.95,69.8704803243373
2024-11-02,wk inc flu hosp,2,2024-11-16,21,quantile,0.975,106.97941233471892
2024-11-02,wk inc flu hosp,2,2024-11-16,21,quantile,0.99,113.20330613136284
2024-11-02,wk inc flu hosp,3,2024-11-23,21,quantile,0.01,4.174448450392841
2024-11-02,wk inc flu hosp,3,2024-11-23,21,quantile,0.025,5.847207216718
2024-11-02,wk inc flu hosp,3,2024-11-23,21,quantile,0.05,7.176159133665591
2024-11-02,wk inc flu hosp,3,2024-11-23,21,quantile,0.1,8.020217348705557
2024-11-02,wk inc flu hosp,3,2024-11-23,21,quantile,0.15,8.780897049866914
2024-11-02,wk inc flu hosp,3,2024-11-23,21,quantile,0.2,9.811016685603192
2024-11-02,wk inc flu hosp,3,2024-11-23,21,quantile,0.25,10.761095006835998
2024-11-02,wk inc flu hosp,3,2024-11-23,21,quantile,0.3,11.550177449269883
2024-11-02,wk inc flu hosp,3,2024-11-23,21,quantile,0.35,12.929576030264483
2024-11-02,wk inc flu hosp,3,2024-11-23,21,quantile,0.4,14.098007984100391
2024-11-02,wk inc flu hosp,3,2024-11-23,21,quantile,0.45,15.348287721565221
2024-11-02,wk inc flu hosp,3,2024-11-23,21,quantile,0.5,16.570263367963662
2024-11-02,wk inc flu hosp,3,2024-11-23,21,quantile,0.55,17.732610526044777
2024-11-02,wk inc flu hosp,3,2024-11-23,21,quantile,0.6,19.306538314611604
2024-11-02,wk inc flu hosp,3,2024-11-23,21,quantile,0.65,21.211152646093165
2024-11-02,wk inc flu hosp,3,2024-11-23,21,quantile,0.7,22.518794107864053
2024-11-02,wk inc flu hosp,3,2024-11-23,21,quantile,0.75,26.18313447891514
2024-11-02,wk inc flu hosp,3,2024-11-23,21,quantile,0.8,30.008685428873022
2024-11-02,wk inc flu hosp,3,2024-11-23,21,quantile,0.85,34.011770457245305
2024-11-02,wk inc flu hosp,3,2024-11-23,21,quantile,0.9,46.0184644440684
2024-11-02,wk inc flu hosp,3,2024-11-23,21,quantile,0.95,93.96237384524751
2024-11-02,wk inc flu hosp,3,2024-11-23,21,quantile,0.975,107.68295022749508
2024-11-02,wk inc flu hosp,3,2024-11-23,21,quantile,0.99,121.9849708393993
2024-11-02,wk inc flu hosp,0,2024-11-02,22,quantile,0.01,7.912859356680073
2024-11-02,wk inc flu hosp,0,2024-11-02,22,quantile,0.025,11.651038940552136
2024-11-02,wk inc flu hosp,0,2024-11-02,22,quantile,0.05,20.01903770796121
2024-11-02,wk inc flu hosp,0,2024-11-02,22,quantile,0.1,25.843727818705467
2024-11-02,wk inc flu hosp,0,2024-11-02,22,quantile,0.15,27.6872632183318
2024-11-02,wk inc flu hosp,0,2024-11-02,22,quantile,0.2,28.995427596330785
2024-11-02,wk inc flu hosp,0,2024-11-02,22,quantile,0.25,29.541414215369464
2024-11-02,wk inc flu hosp,0,2024-11-02,22,quantile,0.3,30.01832257500873
2024-11-02,wk inc flu hosp,0,2024-11-02,22,quantile,0.35,30.40357642806932
2024-11-02,wk inc flu hosp,0,2024-11-02,22,quantile,0.4,30.69645567653505
2024-11-02,wk inc flu hosp,0,2024-11-02,22,quantile,0.45,31.035551673480143
2024-11-02,wk inc flu hosp,0,2024-11-02,22,quantile,0.5,31.395259604956188
2024-11-02,wk inc flu hosp,0,2024-11-02,22,quantile,0.55,31.718556459655435
2024-11-02,wk inc flu hosp,0,2024-11-02,22,quantile,0.6,31.92814303425691
2024-11-02,wk inc flu hosp,0,2024-11-02,22,quantile,0.65,32.20555533617452
2024-11-02,wk inc flu hosp,0,2024-11-02,22,quantile,0.7,32.439739960423815
2024-11-02,wk inc flu hosp,0,2024-11-02,22,quantile,0.75,33.31308077719787
2024-11-02,wk inc flu hosp,0,2024-11-02,22,quantile,0.8,34.18742519814602
2024-11-02,wk inc flu hosp,0,2024-11-02,22,quantile,0.85,35.07042040597854
2024-11-02,wk inc flu hosp,0,2024-11-02,22,quantile,0.9,36.37840422857579
2024-11-02,wk inc flu hosp,0,2024-11-02,22,quantile,0.95,44.39571515831761
2024-11-02,wk inc flu hosp,0,2024-11-02,22,quantile,0.975,50.72412659881199
2024-11-02,wk inc flu hosp,0,2024-11-02,22,quantile,0.99,90.67539892196245
2024-11-02,wk inc flu hosp,1,2024-11-09,22,quantile,0.01,14.561405722320861
2024-11-02,wk inc flu hosp,1,2024-11-09,22,quantile,0.025,18.989620683182462
2024-11-02,wk inc flu hosp,1,2024-11-09,22,quantile,0.05,23.322255477154357
2024-11-02,wk inc flu hosp,1,2024-11-09,22,quantile,0.1,29.045209472116845
2024-11-02,wk inc flu hosp,1,2024-11-09,22,quantile,0.15,32.02243739176155
2024-11-02,wk inc flu hosp,1,2024-11-09,22,quantile,0.2,33.98251003901685
2024-11-02,wk inc flu hosp,1,2024-11-09,22,quantile,0.25,36.03029097125298
2024-11-02,wk inc flu hosp,1,2024-11-09,22,quantile,0.3,37.56064603602081
2024-11-02,wk inc flu hosp,1,2024-11-09,22,quantile,0.35,38.72087837490607
2024-11-02,wk inc flu hosp,1,2024-11-09,22,quantile,0.4,39.713541519625764
2024-11-02,wk inc flu hosp,1,2024-11-09,22,quantile,0.45,40.559897346459636
2024-11-02,wk inc flu hosp,1,2024-11-09,22,quantile,0.5,41.24360023437285
2024-11-02,wk inc flu hosp,1,2024-11-09,22,quantile,0.55,41.91336552875021
2024-11-02,wk inc flu hosp,1,2024-11-09,22,quantile,0.6,42.90857431621695
2024-11-02,wk inc flu hosp,1,2024-11-09,22,quantile,0.65,43.55438311505774
2024-11-02,wk inc flu hosp,1,2024-11-09,22,quantile,0.7,44.53873174137517
2024-11-02,wk inc flu hosp,1,2024-11-09,22,quantile,0.75,44.912005978513434
2024-11-02,wk inc flu hosp,1,2024-11-09,22,quantile,0.8,45.30635376664889
2024-11-02,wk inc flu hosp,1,2024-11-09,22,quantile,0.85,46.03451073696621
2024-11-02,wk inc flu hosp,1,2024-11-09,22,quantile,0.9,48.14181340712745
2024-11-02,wk inc flu hosp,1,2024-11-09,22,quantile,0.95,64.14513827381177
2024-11-02,wk inc flu hosp,1,2024-11-09,22,quantile,0.975,88.42074056612219
2024-11-02,wk inc flu hosp,1,2024-11-09,22,quantile,0.99,97.10835053297494
2024-11-02,wk inc flu hosp,2,2024-11-16,22,quantile,0.01,16.065337790559674
2024-11-02,wk inc flu hosp,2,2024-11-16,22,quantile,0.025,22.882193490570582
2024-11-02,wk inc flu hosp,2,2024-11-16,22,quantile,0.05,25.84699577017962
2024-11-02,wk inc flu hosp,2,2024-11-16,22,quantile,0.1,29.364460253169245
2024-11-02,wk inc flu hosp,2,2024-11-16,22,quantile,0.15,33.48724778833801
2024-11-02,wk inc flu hosp,2,2024-11-16,22,quantile,0.2,37.44304581340155
2024-11-02,wk inc flu hosp,2,2024-11-16,22,quantile,0.25,39.771767864950576
2024-11-02,wk inc flu hosp,2,2024-11-16,22,quantile,0.3,41.44818087386303
2024-11-02,wk inc flu hosp,2,2024-11-16,22,quantile,0.35,42.9205952400202
2024-11-02,wk inc flu hosp,2,2024-11-16,22,quantile,0.4,44.40717866970796
2024-11-02,wk inc flu hosp,2,2024-11-16,22,quantile,0.45,47.56529048989523
2024-11-02,wk inc flu hosp,2,2024-11-16,22,quantile,0.5,50.54349043534506
2024-11-02,wk inc flu hosp,2,2024-11-16,22,quantile,0.55,52.53465395853639
2024-11-02,wk inc flu hosp,2,2024-11-16,22,quantile,0.6,54.18731530690491
2024-11-02,wk inc flu hosp,2,2024-11-16,22,quantile,0.65,55.32364166515052
2024-11-02,wk inc flu hosp,2,2024-11-16,22,quantile,0.7,56.91487066352859
2024-11-02,wk inc flu hosp,2,2024-11-16,22,quantile,0.75,58.35267291443551
2024-11-02,wk inc flu hosp,2,2024-11-16,22,quantile,0.8,62.18591375270455
2024-11-02,wk inc flu hosp,2,2024-11-16,22,quantile,0.85,71.67457845623028
2024-11-02,wk inc flu hosp,2,2024-11-16,22,quantile,0.9,79.13977165417216
2024-11-02,wk inc flu hosp,2,2024-11-16,22,quantile,0.95,89.09093826852401
2024-11-02,wk inc flu hosp,2,2024-11-16,22,quantile,0.975,93.89774618898765
2024-11-02,wk inc flu hosp,2,2024-11-16,22,quantile,0.99,114.96718510053024
2024-11-02,wk inc flu hosp,3,2024-11-23,22,quantile,0.01,20.139053652836743
2024-11-02,wk inc flu hosp,3,2024-11-23,22,quantile,0.025,24.886959810903186
2024-11-02,wk inc flu hosp,3,2024-11-23,22,quantile,0.05,28.594330784636597
2024-11-02,wk inc flu hosp,3,2024-11-23,22,quantile,0.1,32.15583711511416
2024-11-02,wk inc flu hosp,3,2024-11-23,22,quantile,0.15,38.06396560282839
2024-11-02,wk inc flu hosp,3,2024-11-23,22,quantile,0.2,41.405283755108854
2024-11-02,wk inc flu hosp,3,2024-11-23,22,quantile,0.25,43.87744108432681
2024-11-02,wk inc flu hosp,3,2024-11-23,22,quantile,0.3,46.17931911359987
2024-11-02,wk inc flu hosp,3,2024-11-23,22,quantile,0.35,50.178860795084674
2024-11-02,wk inc flu hosp,3,2024-11-23,22,quantile,0.4,54.517402269718026
2024-11-02,wk inc flu hosp,3,2024-11-23,22,quantile,0.45,57.49902747214302
2024-11-02,wk inc flu hosp,3,2024-11-23,22,quantile,0.5,61.03549638053962
2024-11-02,wk inc flu hosp,3,2024-11-23,22,quantile,0.55,64.05147913160373
2024-11-02,wk inc flu hosp,3,2024-11-23,22,quantile,0.6,66.26734264598518
2024-11-02,wk inc flu hosp,3,2024-11-23,22,quantile,0.65,67.91843830611542
2024-11-02,wk inc flu hosp,3,2024-11-23,22,quantile,0.7,70.95335765278722
2024-11-02,wk inc flu hosp,3,2024-11-23,22,quantile,0.75,77.10142712194833
2024-11-02,wk inc flu hosp,3,2024-11-23,22,quantile,0.8,82.03314121679625
2024-11-02,wk inc flu hosp,3,2024-11-23,22,quantile,0.85,86.052463226049
2024-11-02,wk inc flu hosp,3,2024-11-23,22,quantile,0.9,91.38621138822732
2024-11-02,wk inc flu hosp,3,2024-11-23,22,quantile,0.95,99.01495775749237
2024-11-02,wk inc flu hosp,3,2024-11-23,22,quantile,0.975,114.23297498710404
2024-11-02,wk inc flu hosp,3,2024-11-23,22,quantile,0.99,130.39462162048312
2024-11-02,wk inc flu hosp,0,2024-11-02,23,quantile,0.01,0.0
2024-11-02,wk inc flu hosp,0,2024-11-02,23,quantile,0.025,0.0
2024-11-02,wk inc flu hosp,0,2024-11-02,23,quantile,0.05,0.0
2024-11-02,wk inc flu hosp,0,2024-11-02,23,quantile,0.1,0.1432219745488266
2024-11-02,wk inc flu hosp,0,2024-11-02,23,quantile,0.15,0.2579592602895967
2024-11-02,wk inc flu hosp,0,2024-11-02,23,quantile,0.2,0.4022972192083393
2024-11-02,wk inc flu hosp,0,2024-11-02,23,quantile,0.25,0.5254858877672051
2024-11-02,wk inc flu hosp,0,2024-11-02,23,quantile,0.3,0.9964971783827871
2024-11-02,wk inc flu hosp,0,2024-11-02,23,quantile,0.35,1.1398175687073602
2024-11-02,wk inc flu hosp,0,2024-11-02,23,quantile,0.4,1.2952149841460712
2024-11-02,wk inc flu hosp,0,2024-11-02,23,quantile,0.45,1.401864763889515
2024-11-02,wk inc flu hosp,0,2024-11-02,23,quantile,0.5,1.4855548129672866
2024-11-02,wk inc flu hosp,0,2024-11-02,23,quantile,0.55,1.7102940568620115
2024-11-02,wk inc flu hosp,0,2024-11-02,23,quantile,0.6,1.8034856798114651
2024-11-02,wk inc flu hosp,0,2024-11-02,23,quantile,0.65,1.924089625154097
2024-11-02,wk inc flu hosp,0,2024-11-02,23,quantile,0.7,2.0591675898224913
2024-11-02,wk inc flu hosp,0,2024-11-02,23,quantile,0.75,2.369387917270608
2024-11-02,wk inc flu hosp,0,2024-11-02,23,quantile,0.8,2.8436417075461984
2024-11-02,wk inc flu hosp,0,2024-11-02,23,quantile,0.85,3.6126478135986195
2024-11-02,wk inc flu hosp,0,2024-11-02,23,quantile,0.9,5.001726535583419
2024-11-02,wk inc flu hosp,0,2024-11-02,23,quantile,0.95,8.565109913140844
2024-11-02,wk inc flu hosp,0,2024-11-02,23,quantile,0.975,15.900895513395188
2024-11-02,wk inc flu hosp,0,2024-11-02,23,quantile,0.99,29.093531918766246
2024-11-02,wk inc flu hosp,1,2024-11-09,23,quantile,0.01,0.0
2024-11-02,wk inc flu hosp,1,2024-11-09,23,quantile,0.025,0.0
2024-11-02,wk inc flu hosp,1,2024-11-09,23,quantile,0.05,0.10620898789385444
2024-11-02,wk inc flu hosp,1,2024-11-09,23,quantile,0.1,0.31428087614154393
2024-11-02,wk inc flu hosp,1,2024-11-09,23,quantile,0.15,0.4233566338278407
2024-11-02,wk inc flu hosp,1,2024-11-09,23,quantile,0.2,0.7780210642818732
2024-11-02,wk inc flu hosp,1,2024-11-09,23,quantile,0.25,1.589378741482346
2024-11-02,wk inc flu hosp,1,2024-11-09,23,quantile,0.3,1.8696923228858613
2024-11-02,wk inc flu hosp,1,2024-11-09,23,quantile,0.35,2.036335190808683
2024-11-02,wk inc flu hosp,1,2024-11-09,23,quantile,0.4,2.26715107151085
2024-11-02,wk inc flu hosp,1,2024-11-09,23,quantile,0.45,2.5202232786708403
2024-11-02,wk inc flu hosp,1,2024-11-09,23,quantile,0.5,2.8059354911132175
2024-11-02,wk inc flu hosp,1,2024-11-09,23,quantile,0.55,3.0321270290601086
2024-11-02,wk inc flu hosp,1,2024-11-09,23,quantile,0.6,3.1747071509885343
2024-11-02,wk inc flu hosp,1,2024-11-09,23,quantile,0.65,3.345452288058715
2024-11-02,wk inc flu hosp,1,2024-11-09,23,quantile,0.7,3.7003397644225977
2024-11-02,wk inc flu hosp,1,2024-11-09,23,quantile,0.75,4.268264338820832
2024-11-02,wk inc flu hosp,1,2024-11-09,23,quantile,0.8,4.652904138398162
2024-11-02,wk inc flu hosp,1,2024-11-09,23,quantile,0.85,5.454689055692191
2024-11-02,wk inc flu hosp,1,2024-11-09,23,quantile,0.9,6.536196178183071
2024-11-02,wk inc flu hosp,1,2024-11-09,23,quantile,0.95,13.342882852251382
2024-11-02,wk inc flu hosp,1,2024-11-09,23,quantile,0.975,18.88154050824623
2024-11-02,wk inc flu hosp,1,2024-11-09,23,quantile,0.99,25.68793729733437
2024-11-02,wk inc flu hosp,2,2024-11-16,23,quantile,0.01,0.0
2024-11-02,wk inc flu hosp,2,2024-11-16,23,quantile,0.025,0.17807383672089747
2024-11-02,wk inc flu hosp,2,2024-11-16,23,quantile,0.05,0.6560333734278571
2024-11-02,wk inc flu hosp,2,2024-11-16,23,quantile,0.1,1.0284913757335188
2024-11-02,wk inc flu hosp,2,2024-11-16,23,quantile,0.15,1.1989011956833264
2024-11-02,wk inc flu hosp,2,2024-11-16,23,quantile,0.2,1.5954927753399732
2024-11-02,wk inc flu hosp,2,2024-11-16,23,quantile,0.25,1.9679387523622398
2024-11-02,wk inc flu hosp,2,2024-11-16,23,quantile,0.3,2.2951698900402913
2024-11-02,wk inc flu hosp,2,2024-11-16,23,quantile,0.35,2.76708995633702
2024-11-02,wk inc flu hosp,2,2024-11-16,23,quantile,0.4,3.3064574938143214
2024-11-02,wk inc flu hosp,2,2024-11-16,23,quantile,0.45,3.710487292111709
2024-11-02,wk inc flu hosp,2,2024-11-16,23,quantile,0.5,4.20563303731734
2024-11-02,wk inc flu hosp,2,2024-11-16,23,quantile,0.55,4.895310779786687
2024-11-02,wk inc flu hosp,2,2024-11-16,23,quantile,0.6,5.700250633391018
2024-11-02,wk inc flu hosp,2,2024-11-16,23,quantile,0.65,6.28003875469174
2024-11-02,wk inc flu hosp,2,2024-11-16,23,quantile,0.7,6.992022842733572
2024-11-02,wk inc flu hosp,2,2024-11-16,23,quantile,0.75,7.786120406371671
2024-11-02,wk inc flu hosp,2,2024-11-16,23,quantile,0.8,8.451012078495989
2024-11-02,wk inc flu hosp,2,2024-11-16,23,quantile,0.85,9.647026154011488
2024-11-02,wk inc flu hosp,2,2024-11-16,23,quantile,0.9,12.478447444666664
2024-11-02,wk inc flu hosp,2,2024-11-16,23,quantile,0.95,21.489993439924792
2024-11-02,wk inc flu hosp,2,2024-11-16,23,quantile,0.975,27.12217827750874
2024-11-02,wk inc flu hosp,2,2024-11-16,23,quantile,0.99,29.44963276924546
2024-11-02,wk inc flu hosp,3,2024-11-23,23,quantile,0.01,0.0
2024-11-02,wk inc flu hosp,3,2024-11-23,23,quantile,0.025,0.36005636545826075
2024-11-02,wk inc flu hosp,3,2024-11-23,23,quantile,0.05,0.5815189267957066
2024-11-02,wk inc flu hosp,3,2024-11-23,23,quantile,0.1,0.9092817282997847
2024-11-02,wk inc flu hosp,3,2024-11-23,23,quantile,0.15,1.249174526899364
2024-11-02,wk inc flu hosp,3,2024-11-23,23,quantile,0.2,1.847287080830444
2024-11-02,wk inc flu hosp,3,2024-11-23,23,quantile,0.25,2.602083563745682
2024-11-02,wk inc flu hosp,3,2024-11-23,23,quantile,0.3,3.126316063162431
2024-11-02,wk inc flu hosp,3,2024-11-23,23,quantile,0.35,3.6448556491221518
2024-11-02,wk inc flu hosp,3,2024-11-23,23,quantile,0.4,4.380392831625652
2024-11-02,wk inc flu hosp,3,2024-11-23,23,quantile,0.45,5.2236287395352505
2024-11-02,wk inc flu hosp,3,2024-11-23,23,quantile,0.5,5.9689216073807545
2024-11-02,wk inc flu hosp,3,2024-11-23,23,quantile,0.55,6.874306404917213
2024-11-02,wk inc flu hosp,3,2024-11-23,23,quantile,0.6,7.67879883939492
2024-11-02,wk inc flu hosp,3,2024-11-23,23,quantile,0.65,8.616722892855767
2024-11-02,wk inc flu hosp,3,2024-11-23,23,quantile,0.7,9.494965127470204
2024-11-02,wk inc flu hosp,3,2024-11-23,23,quantile,0.75,10.654076895515509
2024-11-02,wk inc flu hosp,3,2024-11-23,23,quantile,0.8,11.856579639619024
2024-11-02,wk inc flu hosp,3,2024-11-23,23,quantile,0.85,14.022963696236822
2024-11-02,wk inc flu hosp,3,2024-11-23,23,quantile,0.9,17.71569749429602
2024-11-02,wk inc flu hosp,3,2024-11-23,23,quantile,0.95,25.682692407209615
2024-11-02,wk inc flu hosp,3,2024-11-23,23,quantile,0.975,29.9995228169117
2024-11-02,wk inc flu hosp,3,2024-11-23,23,quantile,0.99,30.984194853682602
2024-11-02,wk inc flu hosp,0,2024-11-02,24,quantile,0.01,0.04768473976898604
2024-11-02,wk inc flu hosp,0,2024-11-02,24,quantile,0.025,0.1460958093738713
2024-11-02,wk inc flu hosp,0,2024-11-02,24,quantile,0.05,0.30544273145593664
2024-11-02,wk inc flu hosp,0,2024-11-02,24,quantile,0.1,0.48783103356762014
2024-11-02,wk inc flu hosp,0,2024-11-02,24,quantile,0.15,0.6533479384410958
2024-11-02,wk inc flu hosp,0,2024-11-02,24,quantile,0.2,0.9211480770234062
2024-11-02,wk inc flu hosp,0,2024-11-02,24,quantile,0.25,1.1145355475521184
2024-11-02,wk inc flu hosp,0,2024-11-02,24,quantile,0.3,1.1913687724331583
2024-11-02,wk inc flu hosp,0,2024-11-02,24,quantile,0.35,2.3122078788906264
2024-11-02,wk inc flu hosp,0,2024-11-02,24,quantile,0.4,2.391404491133741
2024-11-02,wk inc flu hosp,0,2024-11-02,24,quantile,0.45,2.669747307299294
2024-11-02,wk inc flu hosp,0,2024-11-02,24,quantile,0.5,3.302777844448909
2024-11-02,wk inc flu hosp,0,2024-11-02,24,quantile,0.55,3.967135321838366
2024-11-02,wk inc flu hosp,0,2024-11-02,24,quantile,0.6,6.901818017579071
2024-11-02,wk inc flu hosp,0,2024-11-02,24,quantile,0.65,9.030926841751183
2024-11-02,wk inc flu hosp,0,2024-11-02,24,quantile,0.7,9.892363857853375
2024-11-02,wk inc flu hosp,0,2024-11-02,24,quantile,0.75,12.604574558701895
2024-11-02,wk inc flu hosp,0,2024-11-02,24,quantile,0.8,14.240434462349022
2024-11-02,wk inc flu hosp,0,2024-11-02,24,quantile,0.85,16.38200453122118
2024-11-02,wk inc flu hosp,0,2024-11-02,24,quantile,0.9,18.105057383234847
2024-11-02,wk inc flu hosp,0,2024-11-02,24,quantile,0.95,19.485566422981957
2024-11-02,wk inc flu hosp,0,2024-11-02,24,quantile,0.975,51.02130645262497
2024-11-02,wk inc flu hosp,0,2024-11-02,24,quantile,0.99,122.58636784164383
2024-11-02,wk inc flu hosp,1,2024-11-09,24,quantile,0.01,0.0889527665895695
2024-11-02,wk inc flu hosp,1,2024-11-09,24,quantile,0.025,0.18885072279065682
2024-11-02,wk inc flu hosp,1,2024-11-09,24,quantile,0.05,0.9092689462162626
2024-11-02,wk inc flu hosp,1,2024-11-09,24,quantile,0.1,1.0433140862034171
2024-11-02,wk inc flu hosp,1,2024-11-09,24,quantile,0.15,1.289056674319654
2024-11-02,wk inc flu hosp,1,2024-11-09,24,quantile,0.2,1.8750002081373123
2024-11-02,wk inc flu hosp,1,2024-11-09,24,quantile,0.25,2.617453331713207
2024-11-02,wk inc flu hosp,1,2024-11-09,24,quantile,0.3,3.1082647150552742
2024-11-02,wk inc flu hosp,1,2024-11-09,24,quantile,0.35,4.038449878134492
2024-11-02,wk inc flu hosp,1,2024-11-09,24,quantile,0.4,5.371763423276184
2024-11-02,wk inc flu hosp,1,2024-11-09,24,quantile,0.45,7.112903702743431
2024-11-02,wk inc flu hosp,1,2024-11-09,24,quantile,0.5,9.583438499917204
2024-11-02,wk inc flu hosp,1,2024-11-09,24,quantile,0.55,11.084348641346534
2024-11-02,wk inc flu hosp,1,2024-11-09,24,quantile,0.6,12.356984674356566
2024-11-02,wk inc flu hosp,1,2024-11-09,24,quantile,0.65,14.596280535713593
2024-11-02,wk inc flu hosp,1,2024-11-09,24,quantile,0.7,16.040318753513382
2024-11-02,wk inc flu hosp,1,2024-11-09,24,quantile,0.75,18.599346874627827
2024-11-02,wk inc flu hosp,1,2024-11-09,24,quantile,0.8,19.732143531592072
2024-11-02,wk inc flu hosp,1,2024-11-09,24,quantile,0.85,23.556128849060837
2024-11-02,wk inc flu hosp,1,2024-11-09,24,quantile,0.9,29.500257363041772
2024-11-02,wk inc flu hosp,1,2024-11-09,24,quantile,0.95,51.987502214324074
2024-11-02,wk inc flu hosp,1,2024-11-09,24,quantile,0.975,83.69880578472724
2024-11-02,wk inc flu hosp,1,2024-11-09,24,quantile,0.99,121.21779953353283
2024-11-02,wk inc flu hosp,2,2024-11-16,24,quantile,0.01,0.3190234791291037
2024-11-02,wk inc flu hosp,2,2024-11-16,24,quantile,0.025,1.2205193043276918
2024-11-02,wk inc flu hosp,2,2024-11-16,24,quantile,0.05,1.8325546683892149
2024-11-02,wk inc flu hosp,2,2024-11-16,24,quantile,0.1,2.6054535140159
2024-11-02,wk inc flu hosp,2,2024-11-16,24,quantile,0.15,3.0103694499907916
2024-11-02,wk inc flu hosp,2,2024-11-16,24,quantile,0.2,4.10297746286208
2024-11-02,wk inc flu hosp,2,2024-11-16,24,quantile,0.25,5.23590428824649
2024-11-02,wk inc flu hosp,2,2024-11-16,24,quantile,0.3,6.494707467545847
2024-11-02,wk inc flu hosp,2,2024-11-16,24,quantile,0.35,8.73139334413844
2024-11-02,wk inc flu hosp,2,2024-11-16,24,quantile,0.4,11.667132904567765
2024-11-02,wk inc flu hosp,2,2024-11-16,24,quantile,0.45,14.184115061161059
2024-11-02,wk inc flu hosp,2,2024-11-16,24,quantile,0.5,16.672209436815287
2024-11-02,wk inc flu hosp,2,2024-11-16,24,quantile,0.55,17.906668191753443
2024-11-02,wk inc flu hosp,2,2024-11-16,24,quantile,0.6,19.848675273189986
2024-11-02,wk inc flu hosp,2,2024-11-16,24,quantile,0.65,21.085999711333887
2024-11-02,wk inc flu hosp,2,2024-11-16,24,quantile,0.7,23.33344469487953
2024-11-02,wk inc flu hosp,2,2024-11-16,24,quantile,0.75,27.485820789970298
2024-11-02,wk inc flu hosp,2,2024-11-16,24,quantile,0.8,31.63136749978934
2024-11-02,wk inc flu hosp,2,2024-11-16,24,quantile,0.85,37.36430496022139
2024-11-02,wk inc flu hosp,2,2024-11-16,24,quantile,0.9,49.00911425898879
2024-11-02,wk inc flu hosp,2,2024-11-16,24,quantile,0.95,68.73495870400497
2024-11-02,wk inc flu hosp,2,2024-11-16,24,quantile,0.975,100.24599644435104
2024-11-02,wk inc flu hosp,2,2024-11-16,24,quantile,0.99,124.46475849744499
2024-11-02,wk inc flu hosp,3,2024-11-23,24,quantile,0.01,0.090920263597249
2024-11-02,wk inc flu hosp,3,2024-11-23,24,quantile,0.025,2.694740779584492
2024-11-02,wk inc flu hosp,3,2024-11-23,24,quantile,0.05,4.790343050973875
2024-11-02,wk inc flu hosp,3,2024-11-23,24,quantile,0.1,6.426572743984777
2024-11-02,wk inc flu hosp,3,2024-11-23,24,quantile,0.15,7.028398051091843
2024-11-02,wk inc flu hosp,3,2024-11-23,24,quantile,0.2,7.907279168974328
2024-11-02,wk inc flu hosp,3,2024-11-23,24,quantile,0.25,9.63616297667551
2024-11-02,wk inc flu hosp,3,2024-11-23,24,quantile,0.3,13.21891548039313
2024-11-02,wk inc flu hosp,3,2024-11-23,24,quantile,0.35,15.967828893297353
2024-11-02,wk inc flu hosp,3,2024-11-23,24,quantile,0.4,18.094779824683485
2024-11-02,wk inc flu hosp,3,2024-11-23,24,quantile,0.45,20.583833985444457
2024-11-02,wk inc flu hosp,3,2024-11-23,24,quantile,0.5,23.347336809245036
2024-11-02,wk inc flu hosp,3,2024-11-23,24,quantile,0.55,26.548336032484542
2024-11-02,wk inc flu hosp,3,2024-11-23,24,quantile,0.6,30.473826750560825
2024-11-02,wk inc flu hosp,3,2024-11-23,24,quantile,0.65,33.9922651906577
2024-11-02,wk inc flu hosp,3,2024-11-23,24,quantile,0.7,38.00124530956114
2024-11-02,wk inc flu hosp,3,2024-11-23,24,quantile,0.75,41.0274696218352
2024-11-02,wk inc flu hosp,3,2024-11-23,24,quantile,0.8,45.5327799631399
2024-11-02,wk inc flu hosp,3,2024-11-23,24,quantile,0.85,52.53326403231483
2024-11-02,wk inc flu hosp,3,2024-11-23,24,quantile,0.9,62.156931568574926
2024-11-02,wk inc flu hosp,3,2024-11-23,24,quantile,0.95,84.4796849380879
2024-11-02,wk inc flu hosp,3,2024-11-23,24,quantile,0.975,118.74032070676206
2024-11-02,wk inc flu hosp,3,2024-11-23,24,quantile,0.99,124.72333591890153
2024-11-02,wk inc flu hosp,0,2024-11-02,25,quantile,0.01,0.0
2024-11-02,wk inc flu hosp,0,2024-11-02,25,quantile,0.025,0.0
2024-11-02,wk inc flu hosp,0,2024-11-02,25,quantile,0.05,4.975683170158419e-13
2024-11-02,wk inc flu hosp,0,2024-11-02,25,quantile,0.1,0.00011968657498360593
2024-11-02,wk inc flu hosp,0,2024-11-02,25,quantile,0.15,0.00025118123187379946
2024-11-02,wk inc flu hosp,0,2024-11-02,25,quantile,0.2,0.32465033912163577
2024-11-02,wk inc flu hosp,0,2024-11-02,25,quantile,0.25,0.6581783004168509
2024-11-02,wk inc flu hosp,0,2024-11-02,25,quantile,0.3,0.992061729968269
2024-11-02,wk inc flu hosp,0,2024-11-02,25,quantile,0.35,2.2331711556844827
2024-11-02,wk inc flu hosp,0,2024-11-02,25,quantile,0.4,3.074853419241244
2024-11-02,wk inc flu hosp,0,2024-11-02,25,quantile,0.45,4.590429400385141
2024-11-02,wk inc flu hosp,0,2024-11-02,25,quantile,0.5,4.894619601213295
2024-11-02,wk inc flu hosp,0,2024-11-02,25,quantile,0.55,5.139239749358201
2024-11-02,wk inc flu hosp,0,2024-11-02,25,quantile,0.6,5.221063176603683
2024-11-02,wk inc flu hosp,0,2024-11-02,25,quantile,0.65,7.26170357585279
2024-11-02,wk inc flu hosp,0,2024-11-02,25,quantile,0.7,11.04515228390975
2024-11-02,wk inc flu hosp,0,2024-11-02,25,quantile,0.75,13.264075460814931
2024-11-02,wk inc flu hosp,0,2024-11-02,25,quantile,0.8,13.825958137049668
2024-11-02,wk inc flu hosp,0,2024-11-02,25,quantile,0.85,14.487222836603475
2024-11-02,wk inc flu hosp,0,2024-11-02,25,quantile,0.9,15.181971427437137
2024-11-02,wk inc flu hosp,0,2024-11-02,25,quantile,0.95,34.336358075546336
2024-11-02,wk inc flu hosp,0,2024-11-02,25,quantile,0.975,48.06676906439707
2024-11-02,wk inc flu hosp,0,2024-11-02,25,quantile,0.99,68.74732988752777
2024-11-02,wk inc flu hosp,1,2024-11-09,25,quantile,0.01,0.00016423600336570147
2024-11-02,wk inc flu hosp,1,2024-11-09,25,quantile,0.025,0.39523243402669483
2024-11-02,wk inc flu hosp,1,2024-11-09,25,quantile,0.05,1.264478488736091
2024-11-02,wk inc flu hosp,1,2024-11-09,25,quantile,0.1,2.4410855635285285
2024-11-02,wk inc flu hosp,1,2024-11-09,25,quantile,0.15,4.091020849849381
2024-11-02,wk inc flu hosp,1,2024-11-09,25,quantile,0.2,4.9006832264990345
2024-11-02,wk inc flu hosp,1,2024-11-09,25,quantile,0.25,5.27074317960144
2024-11-02,wk inc flu hosp,1,2024-11-09,25,quantile,0.3,6.032330423506365
2024-11-02,wk inc flu hosp,1,2024-11-09,25,quantile,0.35,7.022800840499359
2024-11-02,wk inc flu hosp,1,2024-11-09,25,quantile,0.4,8.116819347857117
2024-11-02,wk inc flu hosp,1,2024-11-09,25,quantile,0.45,9.570321604582016
2024-11-02,wk inc flu hosp,1,2024-11-09,25,quantile,0.5,11.022066316690939
2024-11-02,wk inc flu hosp,1,2024-11-09,25,quantile,0.55,12.968910660765237
2024-11-02,wk inc flu hosp,1,2024-11-09,25,quantile,0.6,14.831288868372749
2024-11-02,wk inc flu hosp,1,2024-11-09,25,quantile,0.65,16.77812141614363
2024-11-02,wk inc flu hosp,1,2024-11-09,25,quantile,0.7,18.89420957758536
2024-11-02,wk inc flu hosp,1,2024-11-09,25,quantile,0.75,20.56624273324439
2024-11-02,wk inc flu hosp,1,2024-11-09,25,quantile,0.8,22.244364425120967
2024-11-02,wk inc flu hosp,1,2024-11-09,25,quantile,0.85,24.487680218970667
2024-11-02,wk inc flu hosp,1,2024-11-09,25,quantile,0.9,31.66689129203092
2024-11-02,wk inc flu hosp,1,2024-11-09,25,quantile,0.95,43.05618937954149
2024-11-02,wk inc flu hosp,1,2024-11-09,25,quantile,0.975,61.15532076060068
2024-11-02,wk inc flu hosp,1,2024-11-09,25,quantile,0.99,69.25508299116227
2024-11-02,wk inc flu hosp,2,2024-11-16,25,quantile,0.01,2.453286390726731
2024-11-02,wk inc flu hosp,2,2024-11-16,25,quantile,0.025,3.055135979492199
2024-11-02,wk inc flu hosp,2,2024-11-16,25,quantile,0.05,4.28151475540733
2024-11-02,wk inc flu hosp,2,2024-11-16,25,quantile,0.1,6.308717299599758
2024-11-02,wk inc flu hosp,2,2024-11-16,25,quantile,0.15,7.674523648278293
2024-11-02,wk inc flu hosp,2,2024-11-16,25,quantile,0.2,8.834671850081028
2024-11-02,wk inc flu hosp,2,2024-11-16,25,quantile,0.25,10.212745262750051
2024-11-02,wk inc flu hosp,2,2024-11-16,25,quantile,0.3,12.05357544919073
2024-11-02,wk inc flu hosp,2,2024-11-16,25,quantile,0.35,13.580634014520328
2024-11-02,wk inc flu hosp,2,2024-11-16,25,quantile,0.4,15.562274545475535
2024-11-02,wk inc flu hosp,2,2024-11-16,25,quantile,0.45,17.652954458081
2024-11-02,wk inc flu hosp,2,2024-11-16,25,quantile,0.5,19.17141447436092
2024-11-02,wk inc flu hosp,2,2024-11-16,25,quantile,0.55,20.499152287481728
2024-11-02,wk inc flu hosp,2,2024-11-16,25,quantile,0.6,22.79701807780702
2024-11-02,wk inc flu hosp,2,2024-11-16,25,quantile,0.65,25.014488368402155
2024-11-02,wk inc flu hosp,2,2024-11-16,25,quantile,0.7,26.797190832503503
2024-11-02,wk inc flu hosp,2,2024-11-16,25,quantile,0.75,29.43249522836216
2024-11-02,wk inc flu hosp,2,2024-11-16,25,quantile,0.8,33.02308387077622
2024-11-02,wk inc flu hosp,2,2024-11-16,25,quantile,0.85,37.20320745103787
2024-11-02,wk inc flu hosp,2,2024-11-16,25,quantile,0.9,43.22456702010251
2024-11-02,wk inc flu hosp,2,2024-11-16,25,quantile,0.95,58.337062901447325
2024-11-02,wk inc flu hosp,2,2024-11-16,25,quantile,0.975,79.05215028037213
2024-11-02,wk inc flu hosp,2,2024-11-16,25,quantile,0.99,83.50711556230303
2024-11-02,wk inc flu hosp,3,2024-11-23,25,quantile,0.01,4.517502230325974
2024-11-02,wk inc flu hosp,3,2024-11-23,25,quantile,0.025,6.787089093326752
2024-11-02,wk inc flu hosp,3,2024-11-23,25,quantile,0.05,8.60411087956677
2024-11-02,wk inc flu hosp,3,2024-11-23,25,quantile,0.1,11.068418292935831
2024-11-02,wk inc flu hosp,3,2024-11-23,25,quantile,0.15,13.31791462976051
2024-11-02,wk inc flu hosp,3,2024-11-23,25,quantile,0.2,15.45283871181338
2024-11-02,wk inc flu hosp,3,2024-11-23,25,quantile,0.25,17.878172836297686
2024-11-02,wk inc flu hosp,3,2024-11-23,25,quantile,0.3,19.185102441889054
2024-11-02,wk inc flu hosp,3,2024-11-23,25,quantile,0.35,20.98443557161981
2024-11-02,wk inc flu hosp,3,2024-11-23,25,quantile,0.4,23.811170321445402
2024-11-02,wk inc flu hosp,3,2024-11-23,25,quantile,0.45,26.493540641714752
2024-11-02,wk inc flu hosp,3,2024-11-23,25,quantile,0.5,28.801537437881137
2024-11-02,wk inc flu hosp,3,2024-11-23,25,quantile,0.55,31.420107265148946
2024-11-02,wk inc flu hosp,3,2024-11-23,25,quantile,0.6,34.55921051490995
2024-11-02,wk inc flu hosp,3,2024-11-23,25,quantile,0.65,36.831658217948714
2024-11-02,wk inc flu hosp,3,2024-11-23,25,quantile,0.7,39.39313374442071
2024-11-02,wk inc flu hosp,3,2024-11-23,25,quantile,0.75,42.79448492788897
2024-11-02,wk inc flu hosp,3,2024-11-23,25,quantile,0.8,44.9834008333156
2024-11-02,wk inc flu hosp,3,2024-11-23,25,quantile,0.85,48.570112614499315
2024-11-02,wk inc flu hosp,3,2024-11-23,25,quantile,0.9,53.82150247559145
2024-11-02,wk inc flu hosp,3,2024-11-23,25,quantile,0.95,66.37177438528902
2024-11-02,wk inc flu hosp,3,2024-11-23,25,quantile,0.975,80.67614881226402
2024-11-02,wk inc flu hosp,3,2024-11-23,25,quantile,0.99,93.8422731322527
2024-11-02,wk inc flu hosp,0,2024-11-02,26,quantile,0.01,4.599135019180044
2024-11-02,wk inc flu hosp,0,2024-11-02,26,quantile,0.025,5.258913106994647
2024-11-02,wk inc flu hosp,0,2024-11-02,26,quantile,0.05,6.7583108431420085
2024-11-02,wk inc flu hosp,0,2024-11-02,26,quantile,0.1,7.183275212588567
2024-11-02,wk inc flu hosp,0,2024-11-02,26,quantile,0.15,7.47633182301071
2024-11-02,wk inc flu hosp,0,2024-11-02,26,quantile,0.2,7.675655987401378
2024-11-02,wk inc flu hosp,0,2024-11-02,26,quantile,0.25,7.862565665136492
2024-11-02,wk inc flu hosp,0,2024-11-02,26,quantile,0.3,7.996788515284214
2024-11-02,wk inc flu hosp,0,2024-11-02,26,quantile,0.35,8.142759920701666
2024-11-02,wk inc flu hosp,0,2024-11-02,26,quantile,0.4,8.282015733471734
2024-11-02,wk inc flu hosp,0,2024-11-02,26,quantile,0.45,8.450257293151298
2024-11-02,wk inc flu hosp,0,2024-11-02,26,quantile,0.5,8.617908045581999
2024-11-02,wk inc flu hosp,0,2024-11-02,26,quantile,0.55,8.81971038557418
2024-11-02,wk inc flu hosp,0,2024-11-02,26,quantile,0.6,8.995951048065008
2024-11-02,wk inc flu hosp,0,2024-11-02,26,quantile,0.65,9.330313112777878
2024-11-02,wk inc flu hosp,0,2024-11-02,26,quantile,0.7,9.556222407853223
2024-11-02,wk inc flu hosp,0,2024-11-02,26,quantile,0.75,9.80436133984664
2024-11-02,wk inc flu hosp,0,2024-11-02,26,quantile,0.8,10.580091023287665
2024-11-02,wk inc flu hosp,0,2024-11-02,26,quantile,0.85,13.692710905323285
2024-11-02,wk inc flu hosp,0,2024-11-02,26,quantile,0.9,15.947382384894755
2024-11-02,wk inc flu hosp,0,2024-11-02,26,quantile,0.95,29.714938886222612
2024-11-02,wk inc flu hosp,0,2024-11-02,26,quantile,0.975,62.81877467269764
2024-11-02,wk inc flu hosp,0,2024-11-02,26,quantile,0.99,190.07288760169433
2024-11-02,wk inc flu hosp,1,2024-11-09,26,quantile,0.01,8.594626183574746
2024-11-02,wk inc flu hosp,1,2024-11-09,26,quantile,0.025,9.446497290510449
2024-11-02,wk inc flu hosp,1,2024-11-09,26,quantile,0.05,9.668678078101305
2024-11-02,wk inc flu hosp,1,2024-11-09,26,quantile,0.1,10.178429627483858
2024-11-02,wk inc flu hosp,1,2024-11-09,26,quantile,0.15,10.38990437443208
2024-11-02,wk inc flu hosp,1,2024-11-09,26,quantile,0.2,10.693648995432135
2024-11-02,wk inc flu hosp,1,2024-11-09,26,quantile,0.25,11.182934490075123
2024-11-02,wk inc flu hosp,1,2024-11-09,26,quantile,0.3,11.496460505702988
2024-11-02,wk inc flu hosp,1,2024-11-09,26,quantile,0.35,11.911026080476924
2024-11-02,wk inc flu hosp,1,2024-11-09,26,quantile,0.4,12.265933299298561
2024-11-02,wk inc flu hosp,1,2024-11-09,26,quantile,0.45,12.98406879566374
2024-11-02,wk inc flu hosp,1,2024-11-09,26,quantile,0.5,13.594333156857484
2024-11-02,wk inc flu hosp,1,2024-11-09,26,quantile,0.55,14.149021708665888
2024-11-02,wk inc flu hosp,1,2024-11-09,26,quantile,0.6,15.413327121003599
2024-11-02,wk inc flu hosp,1,2024-11-09,26,quantile,0.65,16.474895446778817
2024-11-02,wk inc flu hosp,1,2024-11-09,26,quantile,0.7,17.09652874205799
2024-11-02,wk inc flu hosp,1,2024-11-09,26,quantile,0.75,17.845709622755987
2024-11-02,wk inc flu hosp,1,2024-11-09,26,quantile,0.8,20.647722688322183
2024-11-02,wk inc flu hosp,1,2024-11-09,26,quantile,0.85,26.182951913801706
2024-11-02,wk inc flu hosp,1,2024-11-09,26,quantile,0.9,47.90887727233318
2024-11-02,wk inc flu hosp,1,2024-11-09,26,quantile,0.95,78.61237433555674
2024-11-02,wk inc flu hosp,1,2024-11-09,26,quantile,0.975,203.93612770631674
2024-11-02,wk inc flu hosp,1,2024-11-09,26,quantile,0.99,226.0980175371845
2024-11-02,wk inc flu hosp,2,2024-11-16,26,quantile,0.01,6.406610185861088
2024-11-02,wk inc flu hosp,2,2024-11-16,26,quantile,0.025,6.870463914256384
2024-11-02,wk inc flu hosp,2,2024-11-16,26,quantile,0.05,7.115427164296781
2024-11-02,wk inc flu hosp,2,2024-11-16,26,quantile,0.1,8.127394749698034
2024-11-02,wk inc flu hosp,2,2024-11-16,26,quantile,0.15,8.940105208458126
2024-11-02,wk inc flu hosp,2,2024-11-16,26,quantile,0.2,9.818220360536209
2024-11-02,wk inc flu hosp,2,2024-11-16,26,quantile,0.25,10.329619130060918
2024-11-02,wk inc flu hosp,2,2024-11-16,26,quantile,0.3,10.940683084147187
2024-11-02,wk inc flu hosp,2,2024-11-16,26,quantile,0.35,11.944006339482005
2024-11-02,wk inc flu hosp,2,2024-11-16,26,quantile,0.4,13.323875083220008
2024-11-02,wk inc flu hosp,2,2024-11-16,26,quantile,0.45,14.663529298909918
2024-11-02,wk inc flu hosp,2,2024-11-16,26,quantile,0.5,15.704931718908469
2024-11-02,wk inc flu hosp,2,2024-11-16,26,quantile,0.55,16.805701625283007
2024-11-02,wk inc flu hosp,2,2024-11-16,26,quantile,0.6,17.895452473848884
2024-11-02,wk inc flu hosp,2,2024-11-16,26,quantile,0.65,19.62655733100985
2024-11-02,wk inc flu hosp,2,2024-11-16,26,quantile,0.7,21.84078323723741
2024-11-02,wk inc flu hosp,2,2024-11-16,26,quantile,0.75,25.55517761540389
2024-11-02,wk inc flu hosp,2,2024-11-16,26,quantile,0.8,36.10441145971075
2024-11-02,wk inc flu hosp,2,2024-11-16,26,quantile,0.85,46.81948696535514
2024-11-02,wk inc flu hosp,2,2024-11-16,26,quantile,0.9,65.82717209763892
2024-11-02,wk inc flu hosp,2,2024-11-16,26,quantile,0.95,130.21550675926824
2024-11-02,wk inc flu hosp,2,2024-11-16,26,quantile,0.975,213.6912471760491
2024-11-02,wk inc flu hosp,2,2024-11-16,26,quantile,0.99,230.93855836481868
2024-11-02,wk inc flu hosp,3,2024-11-23,26,quantile,0.01,6.66949096510741
2024-11-02,wk inc flu hosp,3,2024-11-23,26,quantile,0.025,9.091815500643671
2024-11-02,wk inc flu hosp,3,2024-11-23,26,quantile,0.05,10.227118813307158
2024-11-02,wk inc flu hosp,3,2024-11-23,26,quantile,0.1,11.04067794975627
2024-11-02,wk inc flu hosp,3,2024-11-23,26,quantile,0.15,12.05944691066313
2024-11-02,wk inc flu hosp,3,2024-11-23,26,quantile,0.2,13.44753631705074
2024-11-02,wk inc flu hosp,3,2024-11-23,26,quantile,0.25,14.715548193586992
2024-11-02,wk inc flu hosp,3,2024-11-23,26,quantile,0.3,16.35687185766812
2024-11-02,wk inc flu hosp,3,2024-11-23,26,quantile,0.35,17.565441851125385
2024-11-02,wk inc flu hosp,3,2024-11-23,26,quantile,0.4,19.26352834269033
2024-11-02,wk inc flu hosp,3,2024-11-23,26,quantile,0.45,20.54213341348183
2024-11-02,wk inc flu hosp,3,2024-11-23,26,quantile,0.5,21.86993539975041
2024-11-02,wk inc flu hosp,3,2024-11-23,26,quantile,0.55,23.75988114151584
2024-11-02,wk inc flu hosp,3,2024-11-23,26,quantile,0.6,25.949409983442905
2024-11-02,wk inc flu hosp,3,2024-11-23,26,quantile,0.65,29.99134624810288
2024-11-02,wk inc flu hosp,3,2024-11-23,26,quantile,0.7,37.79904075978922
2024-11-02,wk inc flu hosp,3,2024-11-23,26,quantile,0.75,45.21556238193844
2024-11-02,wk inc flu hosp,3,2024-11-23,26,quantile,0.8,55.22424351623085
2024-11-02,wk inc flu hosp,3,2024-11-23,26,quantile,0.85,67.10579599653765
2024-11-02,wk inc flu hosp,3,2024-11-23,26,quantile,0.9,91.50527718995714
2024-11-02,wk inc flu hosp,3,2024-11-23,26,quantile,0.95,187.1284361063481
2024-11-02,wk inc flu hosp,3,2024-11-23,26,quantile,0.975,214.43276215779588
2024-11-02,wk inc flu hosp,3,2024-11-23,26,quantile,0.99,248.15528585294274
2024-11-02,wk inc flu hosp,0,2024-11-02,27,quantile,0.01,0.0
2024-11-02,wk inc flu hosp,0,2024-11-02,27,quantile,0.025,0.8544189937070978
2024-11-02,wk inc flu hosp,0,2024-11-02,27,quantile,0.05,1.4895485764717824
2024-11-02,wk inc flu hosp,0,2024-11-02,27,quantile,0.1,3.882467417236552
2024-11-02,wk inc flu hosp,0,2024-11-02,27,quantile,0.15,6.6587514815136775
2024-11-02,wk inc flu hosp,0,2024-11-02,27,quantile,0.2,8.600289512454738
2024-11-02,wk inc flu hosp,0,2024-11-02,27,quantile,0.25,10.621898590723932
2024-11-02,wk inc flu hosp,0,2024-11-02,27,quantile,0.3,23.216300289572583
2024-11-02,wk inc flu hosp,0,2024-11-02,27,quantile,0.35,30.053356821857506
2024-11-02,wk inc flu hosp,0,2024-11-02,27,quantile,0.4,34.84922399462162
2024-11-02,wk inc flu hosp,0,2024-11-02,27,quantile,0.45,45.55325166698528
2024-11-02,wk inc flu hosp,0,2024-11-02,27,quantile,0.5,49.75358478163603
2024-11-02,wk inc flu hosp,0,2024-11-02,27,quantile,0.55,52.03408541454766
2024-11-02,wk inc flu hosp,0,2024-11-02,27,quantile,0.6,54.87323518052461
2024-11-02,wk inc flu hosp,0,2024-11-02,27,quantile,0.65,58.796858465989956
2024-11-02,wk inc flu hosp,0,2024-11-02,27,quantile,0.7,61.17945941032656
2024-11-02,wk inc flu hosp,0,2024-11-02,27,quantile,0.75,62.408975353130174
2024-11-02,wk inc flu hosp,0,2024-11-02,27,quantile,0.8,69.69222713448241
2024-11-02,wk inc flu hosp,0,2024-11-02,27,quantile,0.85,80.26946165090429
2024-11-02,wk inc flu hosp,0,2024-11-02,27,quantile,0.9,92.09763018128697
2024-11-02,wk inc flu hosp,0,2024-11-02,27,quantile,0.95,112.83564792381108
2024-11-02,wk inc flu hosp,0,2024-11-02,27,quantile,0.975,141.5767046446009
2024-11-02,wk inc flu hosp,0,2024-11-02,27,quantile,0.99,184.26946648700977
2024-11-02,wk inc flu hosp,1,2024-11-09,27,quantile,0.01,0.3359910570061362
2024-11-02,wk inc flu hosp,1,2024-11-09,27,quantile,0.025,0.8045700650342648
2024-11-02,wk inc flu hosp,1,2024-11-09,27,quantile,0.05,1.4091658187428113
2024-11-02,wk inc flu hosp,1,2024-11-09,27,quantile,0.1,2.920005559889858
2024-11-02,wk inc flu hosp,1,2024-11-09,27,quantile,0.15,4.140659117097657
2024-11-02,wk inc flu hosp,1,2024-11-09,27,quantile,0.2,5.904076765214269
2024-11-02,wk inc flu hosp,1,2024-11-09,27,quantile,0.25,12.068646539223419
2024-11-02,wk inc flu hosp,1,2024-11-09,27,quantile,0.3,17.72067250480326
2024-11-02,wk inc flu hosp,1,2024-11-09,27,quantile,0.35,22.61147416511905
2024-11-02,wk inc flu hosp,1,2024-11-09,27,quantile,0.4,34.05491100894282
2024-11-02,wk inc flu hosp,1,2024-11-09,27,quantile,0.45,45.0540775797335
2024-11-02,wk inc flu hosp,1,2024-11-09,27,quantile,0.5,52.114087641006
2024-11-02,wk inc flu hosp,1,2024-11-09,27,quantile,0.55,56.1117606380018
2024-11-02,wk inc flu hosp,1,2024-11-09,27,quantile,0.6,60.580541743118204
2024-11-02,wk inc flu hosp,1,2024-11-09,27,quantile,0.65,69.12875250455856
2024-11-02,wk inc flu hosp,1,2024-11-09,27,quantile,0.7,83.56379813397122
2024-11-02,wk inc flu hosp,1,2024-11-09,27,quantile,0.75,87.86662340794193
2024-11-02,wk inc flu hosp,1,2024-11-09,27,quantile,0.8,98.22552723294861
2024-11-02,wk inc flu hosp,1,2024-11-09,27,quantile,0.85,109.36423665340861
2024-11-02,wk inc flu hosp,1,2024-11-09,27,quantile,0.9,122.47669209870936
2024-11-02,wk inc flu hosp,1,2024-11-09,27,quantile,0.95,151.80081022249462
2024-11-02,wk inc flu hosp,1,2024-11-09,27,quantile,0.975,173.65326095533584
2024-11-02,wk inc flu hosp,1,2024-11-09,27,quantile,0.99,195.03573350368526
2024-11-02,wk inc flu hosp,2,2024-11-16,27,quantile,0.01,0.48171082524469816
2024-11-02,wk inc flu hosp,2,2024-11-16,27,quantile,0.025,2.161258735922618
2024-11-02,wk inc flu hosp,2,2024-11-16,27,quantile,0.05,3.7729730338522742
2024-11-02,wk inc flu hosp,2,2024-11-16,27,quantile,0.1,5.021467452889225
2024-11-02,wk inc flu hosp,2,2024-11-16,27,quantile,0.15,6.472694978399001
2024-11-02,wk inc flu hosp,2,2024-11-16,27,quantile,0.2,10.459707203723834
2024-11-02,wk inc flu hosp,2,2024-11-16,27,quantile,0.25,18.54667746581766
2024-11-02,wk inc flu hosp,2,2024-11-16,27,quantile,0.3,27.935717457673714
2024-11-02,wk inc flu hosp,2,2024-11-16,27,quantile,0.35,35.0835036635158
2024-11-02,wk inc flu hosp,2,2024-11-16,27,quantile,0.4,46.05164426645883
2024-11-02,wk inc flu hosp,2,2024-11-16,27,quantile,0.45,52.5472406860145
2024-11-02,wk inc flu hosp,2,2024-11-16,27,quantile,0.5,58.40173554014439
2024-11-02,wk inc flu hosp,2,2024-11-16,27,quantile,0.55,65.22293775876697
2024-11-02,wk inc flu hosp,2,2024-11-16,27,quantile,0.6,75.98141772893008
2024-11-02,wk inc flu hosp,2,2024-11-16,27,quantile,0.65,86.14146835215773
2024-11-02,wk inc flu hosp,2,2024-11-16,27,quantile,0.7,98.56211226850994
2024-11-02,wk inc flu hosp,2,2024-11-16,27,quantile,0.75,111.14956732126173
2024-11-02,wk inc flu hosp,2,2024-11-16,27,quantile,0.8,119.02431647073577
2024-11-02,wk inc flu hosp,2,2024-11-16,27,quantile,0.85,131.80026181128338
2024-11-02,wk inc flu hosp,2,2024-11-16,27,quantile,0.9,152.84080146527458
2024-11-02,wk inc flu hosp,2,2024-11-16,27,quantile,0.95,170.97443849970963
2024-11-02,wk inc flu hosp,2,2024-11-16,27,quantile,0.975,189.33869747075127
2024-11-02,wk inc flu hosp,2,2024-11-16,27,quantile,0.99,196.4855954354864
2024-11-02,wk inc flu hosp,3,2024-11-23,27,quantile,0.01,1.5079186409727785
2024-11-02,wk inc flu hosp,3,2024-11-23,27,quantile,0.025,2.3821451975654244
2024-11-02,wk inc flu hosp,3,2024-11-23,27,quantile,0.05,3.1880653821623377
2024-11-02,wk inc flu hosp,3,2024-11-23,27,quantile,0.1,4.374435668898271
2024-11-02,wk inc flu hosp,3,2024-11-23,27,quantile,0.15,6.4801308333223835
2024-11-02,wk inc flu hosp,3,2024-11-23,27,quantile,0.2,13.284618824628055
2024-11-02,wk inc flu hosp,3,2024-11-23,27,quantile,0.25,24.694511212104835
2024-11-02,wk inc flu hosp,3,2024-11-23,27,quantile,0.3,33.22492401342668
2024-11-02,wk inc flu hosp,3,2024-11-23,27,quantile,0.35,45.88518179299163
2024-11-02,wk inc flu hosp,3,2024-11-23,27,quantile,0.4,55.67535945721776
2024-11-02,wk inc flu hosp,3,2024-11-23,27,quantile,0.45,64.55905789513024
2024-11-02,wk inc flu hosp,3,2024-11-23,27,quantile,0.5,75.5680987035023
2024-11-02,wk inc flu hosp,3,2024-11-23,27,quantile,0.55,89.46763804336344
2024-11-02,wk inc flu hosp,3,2024-11-23,27,quantile,0.6,100.09263070148725
2024-11-02,wk inc flu hosp,3,2024-11-23,27,quantile,0.65,112.44301865877058
2024-11-02,wk inc flu hosp,3,2024-11-23,27,quantile,0.7,126.80678090501827
2024-11-02,wk inc flu hosp,3,2024-11-23,27,quantile,0.75,138.37904295001422
2024-11-02,wk inc flu hosp,3,2024-11-23,27,quantile,0.8,152.40285275165598
2024-11-02,wk inc flu hosp,3,2024-11-23,27,quantile,0.85,166.5942313286008
2024-11-02,wk inc flu hosp,3,2024-11-23,27,quantile,0.9,181.08954191538336
2024-11-02,wk inc flu hosp,3,2024-11-23,27,quantile,0.95,195.03573350368526
2024-11-02,wk inc flu hosp,3,2024-11-23,27,quantile,0.975,204.3561998252167
2024-11-02,wk inc flu hosp,3,2024-11-23,27,quantile,0.99,224.4115530301643
2024-11-02,wk inc flu hosp,0,2024-11-02,28,quantile,0.01,0.0
2024-11-02,wk inc flu hosp,0,2024-11-02,28,quantile,0.025,0.05771302168642165
2024-11-02,wk inc flu hosp,0,2024-11-02,28,quantile,0.05,0.6295298118090713
2024-11-02,wk inc flu hosp,0,2024-11-02,28,quantile,0.1,1.6244328468336626
2024-11-02,wk inc flu hosp,0,2024-11-02,28,quantile,0.15,3.0276707924599626
2024-11-02,wk inc flu hosp,0,2024-11-02,28,quantile,0.2,7.13256373056079
2024-11-02,wk inc flu hosp,0,2024-11-02,28,quantile,0.25,8.187623117642083
2024-11-02,wk inc flu hosp,0,2024-11-02,28,quantile,0.3,8.898920228128166
2024-11-02,wk inc flu hosp,0,2024-11-02,28,quantile,0.35,12.325363431208588
2024-11-02,wk inc flu hosp,0,2024-11-02,28,quantile,0.4,12.87824124785186
2024-11-02,wk inc flu hosp,0,2024-11-02,28,quantile,0.45,13.383354361937185
2024-11-02,wk inc flu hosp,0,2024-11-02,28,quantile,0.5,13.73743425085064
2024-11-02,wk inc flu hosp,0,2024-11-02,28,quantile,0.55,15.565866325077643
2024-11-02,wk inc flu hosp,0,2024-11-02,28,quantile,0.6,16.22027191799758
2024-11-02,wk inc flu hosp,0,2024-11-02,28,quantile,0.65,19.0887998322362
2024-11-02,wk inc flu hosp,0,2024-11-02,28,quantile,0.7,20.75769373646134
2024-11-02,wk inc flu hosp,0,2024-11-02,28,quantile,0.75,22.420226606207724
2024-11-02,wk inc flu hosp,0,2024-11-02,28,quantile,0.8,27.920231440273554
2024-11-02,wk inc flu hosp,0,2024-11-02,28,quantile,0.85,29.272738315326677
2024-11-02,wk inc flu hosp,0,2024-11-02,28,quantile,0.9,33.98245469683916
2024-11-02,wk inc flu hosp,0,2024-11-02,28,quantile,0.95,40.80086047963253
2024-11-02,wk inc flu hosp,0,2024-11-02,28,quantile,0.975,55.49268842439486
2024-11-02,wk inc flu hosp,0,2024-11-02,28,quantile,0.99,72.99885378733775
2024-11-02,wk inc flu hosp,1,2024-11-09,28,quantile,0.01,0.4482338353291173
2024-11-02,wk inc flu hosp,1,2024-11-09,28,quantile,0.025,1.3578592243179148
2024-11-02,wk inc flu hosp,1,2024-11-09,28,quantile,0.05,2.726009108794488
2024-11-02,wk inc flu hosp,1,2024-11-09,28,quantile,0.1,6.498869469832092
2024-11-02,wk inc flu hosp,1,2024-11-09,28,quantile,0.15,9.207196232855457
2024-11-02,wk inc flu hosp,1,2024-11-09,28,quantile,0.2,12.623828312958722
2024-11-02,wk inc flu hosp,1,2024-11-09,28,quantile,0.25,13.849159159474517
2024-11-02,wk inc flu hosp,1,2024-11-09,28,quantile,0.3,15.192735815588291
2024-11-02,wk inc flu hosp,1,2024-11-09,28,quantile,0.35,16.16620766439151
2024-11-02,wk inc flu hosp,1,2024-11-09,28,quantile,0.4,17.204214252200416
2024-11-02,wk inc flu hosp,1,2024-11-09,28,quantile,0.45,18.134074607110772
2024-11-02,wk inc flu hosp,1,2024-11-09,28,quantile,0.5,19.43711408490229
2024-11-02,wk inc flu hosp,1,2024-11-09,28,quantile,0.55,21.061752827103824
2024-11-02,wk inc flu hosp,1,2024-11-09,28,quantile,0.6,22.46917448583477
2024-11-02,wk inc flu hosp,1,2024-11-09,28,quantile,0.65,26.25517404021414
2024-11-02,wk inc flu hosp,1,2024-11-09,28,quantile,0.7,28.41244859660445
2024-11-02,wk inc flu hosp,1,2024-11-09,28,quantile,0.75,30.626962435487876
2024-11-02,wk inc flu hosp,1,2024-11-09,28,quantile,0.8,32.94693377288848
2024-11-02,wk inc flu hosp,1,2024-11-09,28,quantile,0.85,37.80574749447172
2024-11-02,wk inc flu hosp,1,2024-11-09,28,quantile,0.9,43.894702282451036
2024-11-02,wk inc flu hosp,1,2024-11-09,28,quantile,0.95,55.57885991591921
2024-11-02,wk inc flu hosp,1,2024-11-09,28,quantile,0.975,72.34849282278671
2024-11-02,wk inc flu hosp,1,2024-11-09,28,quantile,0.99,74.17521975119092
2024-11-02,wk inc flu hosp,2,2024-11-16,28,quantile,0.01,2.467167007205245
2024-11-02,wk inc flu hosp,2,2024-11-16,28,quantile,0.025,5.6670425024729125
2024-11-02,wk inc flu hosp,2,2024-11-16,28,quantile,0.05,8.021108688693378
2024-11-02,wk inc flu hosp,2,2024-11-16,28,quantile,0.1,10.831675040768204
2024-11-02,wk inc flu hosp,2,2024-11-16,28,quantile,0.15,13.92962771216635
2024-11-02,wk inc flu hosp,2,2024-11-16,28,quantile,0.2,16.042507233122702
2024-11-02,wk inc flu hosp,2,2024-11-16,28,quantile,0.25,17.975393579657517
2024-11-02,wk inc flu hosp,2,2024-11-16,28,quantile,0.3,19.675354706728378
2024-11-02,wk inc flu hosp,2,2024-11-16,28,quantile,0.35,21.235416761145597
2024-11-02,wk inc flu hosp,2,2024-11-16,28,quantile,0.4,23.43927200804313
2024-11-02,wk inc flu hosp,2,2024-11-16,28,quantile,0.45,24.743277432128668
2024-11-02,wk inc flu hosp,2,2024-11-16,28,quantile,0.5,27.34877138948935
2024-11-02,wk inc flu hosp,2,2024-11-16,28,quantile,0.55,28.860511113167586
2024-11-02,wk inc flu hosp,2,2024-11-16,28,quantile,0.6,31.175255742704174
2024-11-02,wk inc flu hosp,2,2024-11-16,28,quantile,0.65,33.24350459831583
2024-11-02,wk inc flu hosp,2,2024-11-16,28,quantile,0.7,36.91578163261523
2024-11-02,wk inc flu hosp,2,2024-11-16,28,quantile,0.75,40.20239944988069
2024-11-02,wk inc flu hosp,2,2024-11-16,28,quantile,0.8,43.26483862678708
2024-11-02,wk inc flu hosp,2,2024-11-16,28,quantile,0.85,47.070725926522584
2024-11-02,wk inc flu hosp,2,2024-11-16,28,quantile,0.9,53.44269005728632
2024-11-02,wk inc flu hosp,2,2024-11-16,28,quantile,0.95,67.15288483839788
2024-11-02,wk inc flu hosp,2,2024-11-16,28,quantile,0.975,74.00102853262983
2024-11-02,wk inc flu hosp,2,2024-11-16,28,quantile,0.99,87.19537013727647
2024-11-02,wk inc flu hosp,3,2024-11-23,28,quantile,0.01,7.873821033812003
2024-11-02,wk inc flu hosp,3,2024-11-23,28,quantile,0.025,11.904065971363552
2024-11-02,wk inc flu hosp,3,2024-11-23,28,quantile,0.05,15.24814715441234
2024-11-02,wk inc flu hosp,3,2024-11-23,28,quantile,0.1,18.705399607751765
2024-11-02,wk inc flu hosp,3,2024-11-23,28,quantile,0.15,21.119806226339595
2024-11-02,wk inc flu hosp,3,2024-11-23,28,quantile,0.2,22.759686965136467
2024-11-02,wk inc flu hosp,3,2024-11-23,28,quantile,0.25,24.76101274810414
2024-11-02,wk inc flu hosp,3,2024-11-23,28,quantile,0.3,26.78746778025793
2024-11-02,wk inc flu hosp,3,2024-11-23,28,quantile,0.35,29.02750936439907
2024-11-02,wk inc flu hosp,3,2024-11-23,28,quantile,0.4,31.517857431753782
2024-11-02,wk inc flu hosp,3,2024-11-23,28,quantile,0.45,33.689415857226784
2024-11-02,wk inc flu hosp,3,2024-11-23,28,quantile,0.5,36.44802420447858
2024-11-02,wk inc flu hosp,3,2024-11-23,28,quantile,0.55,38.84955791137179
2024-11-02,wk inc flu hosp,3,2024-11-23,28,quantile,0.6,41.44884463631657
2024-11-02,wk inc flu hosp,3,2024-11-23,28,quantile,0.65,44.92137845841335
2024-11-02,wk inc flu hosp,3,2024-11-23,28,quantile,0.7,47.913432387147594
2024-11-02,wk inc flu hosp,3,2024-11-23,28,quantile,0.75,51.33137537228458
2024-11-02,wk inc flu hosp,3,2024-11-23,28,quantile,0.8,54.53026021894395
2024-11-02,wk inc flu hosp,3,2024-11-23,28,quantile,0.85,59.663729154812295
2024-11-02,wk inc flu hosp,3,2024-11-23,28,quantile,0.9,67.16865104797198
2024-11-02,wk inc flu hosp,3,2024-11-23,28,quantile,0.95,75.18197222898299
2024-11-02,wk inc flu hosp,3,2024-11-23,28,quantile,0.975,93.5343901143165
2024-11-02,wk inc flu hosp,3,2024-11-23,28,quantile,0.99,106.37774799405364
2024-11-02,wk inc flu hosp,0,2024-11-02,29,quantile,0.01,3.5947348808420267
2024-11-02,wk inc flu hosp,0,2024-11-02,29,quantile,0.025,5.4336745960607775
2024-11-02,wk inc flu hosp,0,2024-11-02,29,quantile,0.05,5.834451209560272
2024-11-02,wk inc flu hosp,0,2024-11-02,29,quantile,0.1,6.641845212953534
2024-11-02,wk inc flu hosp,0,2024-11-02,29,quantile,0.15,7.339862209611952
2024-11-02,wk inc flu hosp,0,2024-11-02,29,quantile,0.2,8.46951626440511
2024-11-02,wk inc flu hosp,0,2024-11-02,29,quantile,0.25,8.730448654102883
2024-11-02,wk inc flu hosp,0,2024-11-02,29,quantile,0.3,9.384235534882148
2024-11-02,wk inc flu hosp,0,2024-11-02,29,quantile,0.35,10.025947896353928
2024-11-02,wk inc flu hosp,0,2024-11-02,29,quantile,0.4,10.842169134091549
2024-11-02,wk inc flu hosp,0,2024-11-02,29,quantile,0.45,10.913809364289946
2024-11-02,wk inc flu hosp,0,2024-11-02,29,quantile,0.5,12.045174615110971
2024-11-02,wk inc flu hosp,0,2024-11-02,29,quantile,0.55,18.61796474010187
2024-11-02,wk inc flu hosp,0,2024-11-02,29,quantile,0.6,23.01142523619425
2024-11-02,wk inc flu hosp,0,2024-11-02,29,quantile,0.65,26.370467922231533
2024-11-02,wk inc flu hosp,0,2024-11-02,29,quantile,0.7,28.629542956199465
2024-11-02,wk inc flu hosp,0,2024-11-02,29,quantile,0.75,31.003543180399202
2024-11-02,wk inc flu hosp,0,2024-11-02,29,quantile,0.8,33.06228800052131
2024-11-02,wk inc flu hosp,0,2024-11-02,29,quantile,0.85,36.40225401627253
2024-11-02,wk inc flu hosp,0,2024-11-02,29,quantile,0.9,43.31751678990239
2024-11-02,wk inc flu hosp,0,2024-11-02,29,quantile,0.95,62.505036758140704
2024-11-02,wk inc flu hosp,0,2024-11-02,29,quantile,0.975,163.59433411444633
2024-11-02,wk inc flu hosp,0,2024-11-02,29,quantile,0.99,249.4990489734027
2024-11-02,wk inc flu hosp,1,2024-11-09,29,quantile,0.01,6.930053823899101
2024-11-02,wk inc flu hosp,1,2024-11-09,29,quantile,0.025,8.591817944429756
2024-11-02,wk inc flu hosp,1,2024-11-09,29,quantile,0.05,10.126167058701501
2024-11-02,wk inc flu hosp,1,2024-11-09,29,quantile,0.1,12.483870021535761
2024-11-02,wk inc flu hosp,1,2024-11-09,29,quantile,0.15,13.670879580043545
2024-11-02,wk inc flu hosp,1,2024-11-09,29,quantile,0.2,14.438406128767646
2024-11-02,wk inc flu hosp,1,2024-11-09,29,quantile,0.25,15.120610054563333
2024-11-02,wk inc flu hosp,1,2024-11-09,29,quantile,0.3,17.95921743213979
2024-11-02,wk inc flu hosp,1,2024-11-09,29,quantile,0.35,23.227321255444732
2024-11-02,wk inc flu hosp,1,2024-11-09,29,quantile,0.4,25.900138904010603
2024-11-02,wk inc flu hosp,1,2024-11-09,29,quantile,0.45,31.11363932130032
2024-11-02,wk inc flu hosp,1,2024-11-09,29,quantile,0.5,35.29855281622791
2024-11-02,wk inc flu hosp,1,2024-11-09,29,quantile,0.55,39.62364721505218
2024-11-02,wk inc flu hosp,1,2024-11-09,29,quantile,0.6,43.24935879801499
2024-11-02,wk inc flu hosp,1,2024-11-09,29,quantile,0.65,48.08658568748223
2024-11-02,wk inc flu hosp,1,2024-11-09,29,quantile,0.7,52.215994170514655
2024-11-02,wk inc flu hosp,1,2024-11-09,29,quantile,0.75,56.51588196373574
2024-11-02,wk inc flu hosp,1,2024-11-09,29,quantile,0.8,63.53618932962004
2024-11-02,wk inc flu hosp,1,2024-11-09,29,quantile,0.85,81.18667509337162
2024-11-02,wk inc flu hosp,1,2024-11-09,29,quantile,0.9,100.69417036930271
2024-11-02,wk inc flu hosp,1,2024-11-09,29,quantile,0.95,168.48965198472118
2024-11-02,wk inc flu hosp,1,2024-11-09,29,quantile,0.975,238.10006237112324
2024-11-02,wk inc flu hosp,1,2024-11-09,29,quantile,0.99,261.91691234572556
2024-11-02,wk inc flu hosp,2,2024-11-16,29,quantile,0.01,10.028051155688638
2024-11-02,wk inc flu hosp,2,2024-11-16,29,quantile,0.025,12.243046252449941
2024-11-02,wk inc flu hosp,2,2024-11-16,29,quantile,0.05,14.927337580760119
2024-11-02,wk inc flu hosp,2,2024-11-16,29,quantile,0.1,16.866994143457863
2024-11-02,wk inc flu hosp,2,2024-11-16,29,quantile,0.15,18.24071983482146
2024-11-02,wk inc flu hosp,2,2024-11-16,29,quantile,0.2,23.146802064236546
2024-11-02,wk inc flu hosp,2,2024-11-16,29,quantile,0.25,28.364581207164072
2024-11-02,wk inc flu hosp,2,2024-11-16,29,quantile,0.3,32.892019203447184
2024-11-02,wk inc flu hosp,2,2024-11-16,29,quantile,0.35,38.73977794556051
2024-11-02,wk inc flu hosp,2,2024-11-16,29,quantile,0.4,44.81389412529522
2024-11-02,wk inc flu hosp,2,2024-11-16,29,quantile,0.45,47.38715500640299
2024-11-02,wk inc flu hosp,2,2024-11-16,29,quantile,0.5,53.517270102558186
2024-11-02,wk inc flu hosp,2,2024-11-16,29,quantile,0.55,59.60715665895066
2024-11-02,wk inc flu hosp,2,2024-11-16,29,quantile,0.6,64.53507491240632
2024-11-02,wk inc flu hosp,2,2024-11-16,29,quantile,0.65,71.65215554182676
2024-11-02,wk inc flu hosp,2,2024-11-16,29,quantile,0.7,82.09644877832925
2024-11-02,wk inc flu hosp,2,2024-11-16,29,quantile,0.75,93.1486391617926
2024-11-02,wk inc flu hosp,2,2024-11-16,29,quantile,0.8,107.29009918117072
2024-11-02,wk inc flu hosp,2,2024-11-16,29,quantile,0.85,127.51077000679939
2024-11-02,wk inc flu hosp,2,2024-11-16,29,quantile,0.9,160.66848156093232
2024-11-02,wk inc flu hosp,2,2024-11-16,29,quantile,0.95,201.0478773514017
2024-11-02,wk inc flu hosp,2,2024-11-16,29,quantile,0.975,234.9738641848041
2024-11-02,wk inc flu hosp,2,2024-11-16,29,quantile,0.99,261.91691234572556
2024-11-02,wk inc flu hosp,3,2024-11-23,29,quantile,0.01,13.55160419193302
2024-11-02,wk inc flu hosp,3,2024-11-23,29,quantile,0.025,15.22031415565191
2024-11-02,wk inc flu hosp,3,2024-11-23,29,quantile,0.05,18.3692871484961
2024-11-02,wk inc flu hosp,3,2024-11-23,29,quantile,0.1,22.43479744705878
2024-11-02,wk inc flu hosp,3,2024-11-23,29,quantile,0.15,29.98801382205636
2024-11-02,wk inc flu hosp,3,2024-11-23,29,quantile,0.2,36.017509243379486
2024-11-02,wk inc flu hosp,3,2024-11-23,29,quantile,0.25,42.220171425835396
2024-11-02,wk inc flu hosp,3,2024-11-23,29,quantile,0.3,47.572400882050225
2024-11-02,wk inc flu hosp,3,2024-11-23,29,quantile,0.35,52.28060388583856
2024-11-02,wk inc flu hosp,3,2024-11-23,29,quantile,0.4,57.00865262699976
2024-11-02,wk inc flu hosp,3,2024-11-23,29,quantile,0.45,62.50364674559673
2024-11-02,wk inc flu hosp,3,2024-11-23,29,quantile,0.5,69.28398981280918
2024-11-02,wk inc flu hosp,3,2024-11-23,29,quantile,0.55,76.13049453812748
2024-11-02,wk inc flu hosp,3,2024-11-23,29,quantile,0.6,84.47404351583224
2024-11-02,wk inc flu hosp,3,2024-11-23,29,quantile,0.65,92.09693666255302
2024-11-02,wk inc flu hosp,3,2024-11-23,29,quantile,0.7,106.76211389475809
2024-11-02,wk inc flu hosp,3,2024-11-23,29,quantile,0.75,124.57319169175126
2024-11-02,wk inc flu hosp,3,2024-11-23,29,quantile,0.8,140.62453729272667
2024-11-02,wk inc flu hosp,3,2024-11-23,29,quantile,0.85,155.88527067517475
2024-11-02,wk inc flu hosp,3,2024-11-23,29,quantile,0.9,172.85126996436833
2024-11-02,wk inc flu hosp,3,2024-11-23,29,quantile,0.95,206.34149134022803
2024-11-02,wk inc flu hosp,3,2024-11-23,29,quantile,0.975,234.52934609274806
2024-11-02,wk inc flu hosp,3,2024-11-23,29,quantile,0.99,262.86289553146923
2024-11-02,wk inc flu hosp,0,2024-11-02,30,quantile,0.01,0.35482008888288563
2024-11-02,wk inc flu hosp,0,2024-11-02,30,quantile,0.025,0.3719878231664854
2024-11-02,wk inc flu hosp,0,2024-11-02,30,quantile,0.05,0.39974093780067144
2024-11-02,wk inc flu hosp,0,2024-11-02,30,quantile,0.1,0.6409060558836535
2024-11-02,wk inc flu hosp,0,2024-11-02,30,quantile,0.15,0.7779418576784382
2024-11-02,wk inc flu hosp,0,2024-11-02,30,quantile,0.2,0.9197475347231596
2024-11-02,wk inc flu hosp,0,2024-11-02,30,quantile,0.25,0.9747351534035307
2024-11-02,wk inc flu hosp,0,2024-11-02,30,quantile,0.3,1.022388843587973
2024-11-02,wk inc flu hosp,0,2024-11-02,30,quantile,0.35,1.0861594175111664
2024-11-02,wk inc flu hosp,0,2024-11-02,30,quantile,0.4,1.1963986728003928
2024-11-02,wk inc flu hosp,0,2024-11-02,30,quantile,0.45,1.5695792269734223
2024-11-02,wk inc flu hosp,0,2024-11-02,30,quantile,0.5,1.7335876314965097
2024-11-02,wk inc flu hosp,0,2024-11-02,30,quantile,0.55,2.060554166939039
2024-11-02,wk inc flu hosp,0,2024-11-02,30,quantile,0.6,2.5123139641309447
2024-11-02,wk inc flu hosp,0,2024-11-02,30,quantile,0.65,2.8482240227564137
2024-11-02,wk inc flu hosp,0,2024-11-02,30,quantile,0.7,2.95142895350274
2024-11-02,wk inc flu hosp,0,2024-11-02,30,quantile,0.75,3.03348082113649
2024-11-02,wk inc flu hosp,0,2024-11-02,30,quantile,0.8,3.110432307183087
2024-11-02,wk inc flu hosp,0,2024-11-02,30,quantile,0.85,3.1693844255725097
2024-11-02,wk inc flu hosp,0,2024-11-02,30,quantile,0.9,3.4854427744137677
2024-11-02,wk inc flu hosp,0,2024-11-02,30,quantile,0.95,4.074974528562389
2024-11-02,wk inc flu hosp,0,2024-11-02,30,quantile,0.975,7.44744737672985
2024-11-02,wk inc flu hosp,0,2024-11-02,30,quantile,0.99,16.210569467423536
2024-11-02,wk inc flu hosp,1,2024-11-09,30,quantile,0.01,0.5692164970870576
2024-11-02,wk inc flu hosp,1,2024-11-09,30,quantile,0.025,0.6214541911638417
2024-11-02,wk inc flu hosp,1,2024-11-09,30,quantile,0.05,0.710412622543094
2024-11-02,wk inc flu hosp,1,2024-11-09,30,quantile,0.1,0.8094528527470144
2024-11-02,wk inc flu hosp,1,2024-11-09,30,quantile,0.15,0.8921131825346778
2024-11-02,wk inc flu hosp,1,2024-11-09,30,quantile,0.2,0.9999734386011124
2024-11-02,wk inc flu hosp,1,2024-11-09,30,quantile,0.25,1.399317670491265
2024-11-02,wk inc flu hosp,1,2024-11-09,30,quantile,0.3,1.8048019199663867
2024-11-02,wk inc flu hosp,1,2024-11-09,30,quantile,0.35,2.366961887964248
2024-11-02,wk inc flu hosp,1,2024-11-09,30,quantile,0.4,3.3532347266646347
2024-11-02,wk inc flu hosp,1,2024-11-09,30,quantile,0.45,3.6352919324969815
2024-11-02,wk inc flu hosp,1,2024-11-09,30,quantile,0.5,3.8014649353990735
2024-11-02,wk inc flu hosp,1,2024-11-09,30,quantile,0.55,3.9458755367172396
2024-11-02,wk inc flu hosp,1,2024-11-09,30,quantile,0.6,4.035758960572639
2024-11-02,wk inc flu hosp,1,2024-11-09,30,quantile,0.65,4.135910977159466
2024-11-02,wk inc flu hosp,1,2024-11-09,30,quantile,0.7,4.262701334059174
2024-11-02,wk inc flu hosp,1,2024-11-09,30,quantile,0.75,4.375664403443397
2024-11-02,wk inc flu hosp,1,2024-11-09,30,quantile,0.8,4.487546641277025
2024-11-02,wk inc flu hosp,1,2024-11-09,30,quantile,0.85,4.620944630582145
2024-11-02,wk inc flu hosp,1,2024-11-09,30,quantile,0.9,4.957043045004127
2024-11-02,wk inc flu hosp,1,2024-11-09,30,quantile,0.95,7.3493611424938585
2024-11-02,wk inc flu hosp,1,2024-11-09,30,quantile,0.975,11.18539700672754
2024-11-02,wk inc flu hosp,1,2024-11-09,30,quantile,0.99,16.210569467423536
2024-11-02,wk inc flu hosp,2,2024-11-16,30,quantile,0.01,0.9689436798501138
2024-11-02,wk inc flu hosp,2,2024-11-16,30,quantile,0.025,1.0243098900375092
2024-11-02,wk inc flu hosp,2,2024-11-16,30,quantile,0.05,1.2306429135044243
2024-11-02,wk inc flu hosp,2,2024-11-16,30,quantile,0.1,1.7424107803716675
2024-11-02,wk inc flu hosp,2,2024-11-16,30,quantile,0.15,2.142537937097593
2024-11-02,wk inc flu hosp,2,2024-11-16,30,quantile,0.2,2.3527334759933756
2024-11-02,wk inc flu hosp,2,2024-11-16,30,quantile,0.25,2.777348102024476
2024-11-02,wk inc flu hosp,2,2024-11-16,30,quantile,0.3,3.1475661945882023
2024-11-02,wk inc flu hosp,2,2024-11-16,30,quantile,0.35,3.3976789666340683
2024-11-02,wk inc flu hosp,2,2024-11-16,30,quantile,0.4,3.557676000238693
2024-11-02,wk inc flu hosp,2,2024-11-16,30,quantile,0.45,3.7697601966107075
2024-11-02,wk inc flu hosp,2,2024-11-16,30,quantile,0.5,4.084275487924248
2024-11-02,wk inc flu hosp,2,2024-11-16,30,quantile,0.55,4.325080897806284
2024-11-02,wk inc flu hosp,2,2024-11-16,30,quantile,0.6,4.828544981828093
2024-11-02,wk inc flu hosp,2,2024-11-16,30,quantile,0.65,5.3048860041333255
2024-11-02,wk inc flu hosp,2,2024-11-16,30,quantile,0.7,5.589304344828762
2024-11-02,wk inc flu hosp,2,2024-11-16,30,quantile,0.75,5.880724256056251
2024-11-02,wk inc flu hosp,2,2024-11-16,30,quantile,0.8,6.159972316090425
2024-11-02,wk inc flu hosp,2,2024-11-16,30,quantile,0.85,6.6763471127763285
2024-11-02,wk inc flu hosp,2,2024-11-16,30,quantile,0.9,7.419284320412357
2024-11-02,wk inc flu hosp,2,2024-11-16,30,quantile,0.95,9.952488848966944
2024-11-02,wk inc flu hosp,2,2024-11-16,30,quantile,0.975,12.958217546998393
2024-11-02,wk inc flu hosp,2,2024-11-16,30,quantile,0.99,15.545811366602157
2024-11-02,wk inc flu hosp,3,2024-11-23,30,quantile,0.01,0.8276295250326047
2024-11-02,wk inc flu hosp,3,2024-11-23,30,quantile,0.025,0.9569482818427759
2024-11-02,wk inc flu hosp,3,2024-11-23,30,quantile,0.05,1.1283100797014767
2024-11-02,wk inc flu hosp,3,2024-11-23,30,quantile,0.1,1.604278039903058
2024-11-02,wk inc flu hosp,3,2024-11-23,30,quantile,0.15,2.103491636485151
2024-11-02,wk inc flu hosp,3,2024-11-23,30,quantile,0.2,2.621935924951693
2024-11-02,wk inc flu hosp,3,2024-11-23,30,quantile,0.25,3.4389353749666247
2024-11-02,wk inc flu hosp,3,2024-11-23,30,quantile,0.3,3.898962526696781
2024-11-02,wk inc flu hosp,3,2024-11-23,30,quantile,0.35,4.232510929270941
2024-11-02,wk inc flu hosp,3,2024-11-23,30,quantile,0.4,4.514070833654575
2024-11-02,wk inc flu hosp,3,2024-11-23,30,quantile,0.45,4.816461966994865
2024-11-02,wk inc flu hosp,3,2024-11-23,30,quantile,0.5,5.246275074081039
2024-11-02,wk inc flu hosp,3,2024-11-23,30,quantile,0.55,5.680086195612048
2024-11-02,wk inc flu hosp,3,2024-11-23,30,quantile,0.6,6.0739917447230924
2024-11-02,wk inc flu hosp,3,2024-11-23,30,quantile,0.65,6.41176197798829
2024-11-02,wk inc flu hosp,3,2024-11-23,30,quantile,0.7,6.620063233375537
2024-11-02,wk inc flu hosp,3,2024-11-23,30,quantile,0.75,6.86158072832041
2024-11-02,wk inc flu hosp,3,2024-11-23,30,quantile,0.8,7.239400821227268
2024-11-02,wk inc flu hosp,3,2024-11-23,30,quantile,0.85,7.6150221090743555
2024-11-02,wk inc flu hosp,3,2024-11-23,30,quantile,0.9,8.73871945919314
2024-11-02,wk inc flu hosp,3,2024-11-23,30,quantile,0.95,11.963284723457921
2024-11-02,wk inc flu hosp,3,2024-11-23,30,quantile,0.975,13.825640658472109
2024-11-02,wk inc flu hosp,3,2024-11-23,30,quantile,0.99,16.240515064784137
2024-11-02,wk inc flu hosp,0,2024-11-02,31,quantile,0.01,0.0
2024-11-02,wk inc flu hosp,0,2024-11-02,31,quantile,0.025,0.0
2024-11-02,wk inc flu hosp,0,2024-11-02,31,quantile,0.05,0.1521529416187886
2024-11-02,wk inc flu hosp,0,2024-11-02,31,quantile,0.1,0.27774504550720486
2024-11-02,wk inc flu hosp,0,2024-11-02,31,quantile,0.15,0.33915591950786883
2024-11-02,wk inc flu hosp,0,2024-11-02,31,quantile,0.2,0.39465520835403145
2024-11-02,wk inc flu hosp,0,2024-11-02,31,quantile,0.25,0.44581241083938083
2024-11-02,wk inc flu hosp,0,2024-11-02,31,quantile,0.3,0.521315251689823
2024-11-02,wk inc flu hosp,0,2024-11-02,31,quantile,0.35,1.1354571714337238
2024-11-02,wk inc flu hosp,0,2024-11-02,31,quantile,0.4,1.202906804568149
2024-11-02,wk inc flu hosp,0,2024-11-02,31,quantile,0.45,1.2632775525939866
2024-11-02,wk inc flu hosp,0,2024-11-02,31,quantile,0.5,1.3291675189024343
2024-11-02,wk inc flu hosp,0,2024-11-02,31,quantile,0.55,1.5193245635590478
2024-11-02,wk inc flu hosp,0,2024-11-02,31,quantile,0.6,1.5897416083263205
2024-11-02,wk inc flu hosp,0,2024-11-02,31,quantile,0.65,1.7032076815463444
2024-11-02,wk inc flu hosp,0,2024-11-02,31,quantile,0.7,2.903583974190132
2024-11-02,wk inc flu hosp,0,2024-11-02,31,quantile,0.75,3.0486611708559033
2024-11-02,wk inc flu hosp,0,2024-11-02,31,quantile,0.8,4.134871642852902
2024-11-02,wk inc flu hosp,0,2024-11-02,31,quantile,0.85,4.29100437492105
2024-11-02,wk inc flu hosp,0,2024-11-02,31,quantile,0.9,6.880381874093478
2024-11-02,wk inc flu hosp,0,2024-11-02,31,quantile,0.95,12.635157207124983
2024-11-02,wk inc flu hosp,0,2024-11-02,31,quantile,0.975,20.803917096612807
2024-11-02,wk inc flu hosp,0,2024-11-02,31,quantile,0.99,40.64143607887441
2024-11-02,wk inc flu hosp,1,2024-11-09,31,quantile,0.01,0.0
2024-11-02,wk inc flu hosp,1,2024-11-09,31,quantile,0.025,0.38755615685596856
2024-11-02,wk inc flu hosp,1,2024-11-09,31,quantile,0.05,0.4737327255742998
2024-11-02,wk inc flu hosp,1,2024-11-09,31,quantile,0.1,0.6643094112960276
2024-11-02,wk inc flu hosp,1,2024-11-09,31,quantile,0.15,0.8012630200998974
2024-11-02,wk inc flu hosp,1,2024-11-09,31,quantile,0.2,1.15981027943636
2024-11-02,wk inc flu hosp,1,2024-11-09,31,quantile,0.25,1.442525117173965
2024-11-02,wk inc flu hosp,1,2024-11-09,31,quantile,0.3,1.6019940315573538
2024-11-02,wk inc flu hosp,1,2024-11-09,31,quantile,0.35,1.7627851972809463
2024-11-02,wk inc flu hosp,1,2024-11-09,31,quantile,0.4,1.9303255078913903
2024-11-02,wk inc flu hosp,1,2024-11-09,31,quantile,0.45,2.3748592999506783
2024-11-02,wk inc flu hosp,1,2024-11-09,31,quantile,0.5,2.804237909572964
2024-11-02,wk inc flu hosp,1,2024-11-09,31,quantile,0.55,3.4042464223094866
2024-11-02,wk inc flu hosp,1,2024-11-09,31,quantile,0.6,3.82858129152166
2024-11-02,wk inc flu hosp,1,2024-11-09,31,quantile,0.65,4.16878161056878
2024-11-02,wk inc flu hosp,1,2024-11-09,31,quantile,0.7,4.51602327009525
2024-11-02,wk inc flu hosp,1,2024-11-09,31,quantile,0.75,4.850711232171936
2024-11-02,wk inc flu hosp,1,2024-11-09,31,quantile,0.8,6.109355952147798
2024-11-02,wk inc flu hosp,1,2024-11-09,31,quantile,0.85,7.825572892460206
2024-11-02,wk inc flu hosp,1,2024-11-09,31,quantile,0.9,10.77975740421924
2024-11-02,wk inc flu hosp,1,2024-11-09,31,quantile,0.95,14.344167112642715
2024-11-02,wk inc flu hosp,1,2024-11-09,31,quantile,0.975,28.076818760958165
2024-11-02,wk inc flu hosp,1,2024-11-09,31,quantile,0.99,40.64143607887441
2024-11-02,wk inc flu hosp,2,2024-11-16,31,quantile,0.01,0.2865735444635014
2024-11-02,wk inc flu hosp,2,2024-11-16,31,quantile,0.025,0.4448111778884586
2024-11-02,wk inc flu hosp,2,2024-11-16,31,quantile,0.05,0.6167568115392147
2024-11-02,wk inc flu hosp,2,2024-11-16,31,quantile,0.1,1.14294072274917
2024-11-02,wk inc flu hosp,2,2024-11-16,31,quantile,0.15,1.745378465362246
2024-11-02,wk inc flu hosp,2,2024-11-16,31,quantile,0.2,2.207415426769145
2024-11-02,wk inc flu hosp,2,2024-11-16,31,quantile,0.25,2.6319462805287817
2024-11-02,wk inc flu hosp,2,2024-11-16,31,quantile,0.3,3.0383635910898743
2024-11-02,wk inc flu hosp,2,2024-11-16,31,quantile,0.35,3.48424419437705
2024-11-02,wk inc flu hosp,2,2024-11-16,31,quantile,0.4,4.062875679024621
2024-11-02,wk inc flu hosp,2,2024-11-16,31,quantile,0.45,4.617306160367382
2024-11-02,wk inc flu hosp,2,2024-11-16,31,quantile,0.5,5.33661443787949
2024-11-02,wk inc flu hosp,2,2024-11-16,31,quantile,0.55,5.723138601925257
2024-11-02,wk inc flu hosp,2,2024-11-16,31,quantile,0.6,6.176838770693089
2024-11-02,wk inc flu hosp,2,2024-11-16,31,quantile,0.65,6.8255541367640635
2024-11-02,wk inc flu hosp,2,2024-11-16,31,quantile,0.7,7.616200083562392
2024-11-02,wk inc flu hosp,2,2024-11-16,31,quantile,0.75,8.485746604340346
2024-11-02,wk inc flu hosp,2,2024-11-16,31,quantile,0.8,9.475362009016212
2024-11-02,wk inc flu hosp,2,2024-11-16,31,quantile,0.85,11.08689696541867
2024-11-02,wk inc flu hosp,2,2024-11-16,31,quantile,0.9,13.645063751991078
2024-11-02,wk inc flu hosp,2,2024-11-16,31,quantile,0.95,23.898561300926396
2024-11-02,wk inc flu hosp,2,2024-11-16,31,quantile,0.975,36.67498237376865
2024-11-02,wk inc flu hosp,2,2024-11-16,31,quantile,0.99,42.530399082543205
2024-11-02,wk inc flu hosp,3,2024-11-23,31,quantile,0.01,0.350346623232273
2024-11-02,wk inc flu hosp,3,2024-11-23,31,quantile,0.025,0.5581966732003824
2024-11-02,wk inc flu hosp,3,2024-11-23,31,quantile,0.05,0.8343319765480753
2024-11-02,wk inc flu hosp,3,2024-11-23,31,quantile,0.1,1.8076880332391587
2024-11-02,wk inc flu hosp,3,2024-11-23,31,quantile,0.15,2.537321451588635
2024-11-02,wk inc flu hosp,3,2024-11-23,31,quantile,0.2,3.248565950909896
2024-11-02,wk inc flu hosp,3,2024-11-23,31,quantile,0.25,3.907429314060959
2024-11-02,wk inc flu hosp,3,2024-11-23,31,quantile,0.3,4.625014061244618
2024-11-02,wk inc flu hosp,3,2024-11-23,31,quantile,0.35,5.361306113857144
2024-11-02,wk inc flu hosp,3,2024-11-23,31,quantile,0.4,5.898696032585926
2024-11-02,wk inc flu hosp,3,2024-11-23,31,quantile,0.45,6.281809866780402
2024-11-02,wk inc flu hosp,3,2024-11-23,31,quantile,0.5,6.680729268629783
2024-11-02,wk inc flu hosp,3,2024-11-23,31,quantile,0.55,7.256776188060914
2024-11-02,wk inc flu hosp,3,2024-11-23,31,quantile,0.6,7.944845749555761
2024-11-02,wk inc flu hosp,3,2024-11-23,31,quantile,0.65,8.823932747190948
2024-11-02,wk inc flu hosp,3,2024-11-23,31,quantile,0.7,9.574604816203568
2024-11-02,wk inc flu hosp,3,2024-11-23,31,quantile,0.75,10.313145075709476
2024-11-02,wk inc flu hosp,3,2024-11-23,31,quantile,0.8,11.065658915696373
2024-11-02,wk inc flu hosp,3,2024-11-23,31,quantile,0.85,13.497746785550335
2024-11-02,wk inc flu hosp,3,2024-11-23,31,quantile,0.9,18.30643529341649
2024-11-02,wk inc flu hosp,3,2024-11-23,31,quantile,0.95,36.894957040379744
2024-11-02,wk inc flu hosp,3,2024-11-23,31,quantile,0.975,42.16086459104284
2024-11-02,wk inc flu hosp,3,2024-11-23,31,quantile,0.99,48.941492008384806
2024-11-02,wk inc flu hosp,0,2024-11-02,32,quantile,0.01,5.15733882806117
2024-11-02,wk inc flu hosp,0,2024-11-02,32,quantile,0.025,5.188930575315217
2024-11-02,wk inc flu hosp,0,2024-11-02,32,quantile,0.05,5.268516337573521
2024-11-02,wk inc flu hosp,0,2024-11-02,32,quantile,0.1,5.850540359337454
2024-11-02,wk inc flu hosp,0,2024-11-02,32,quantile,0.15,6.4608651275001465
2024-11-02,wk inc flu hosp,0,2024-11-02,32,quantile,0.2,6.666945333533544
2024-11-02,wk inc flu hosp,0,2024-11-02,32,quantile,0.25,6.698019446615362
2024-11-02,wk inc flu hosp,0,2024-11-02,32,quantile,0.3,6.771556830213262
2024-11-02,wk inc flu hosp,0,2024-11-02,32,quantile,0.35,6.868343037110481
2024-11-02,wk inc flu hosp,0,2024-11-02,32,quantile,0.4,6.936813709239915
2024-11-02,wk inc flu hosp,0,2024-11-02,32,quantile,0.45,7.139100840301142
2024-11-02,wk inc flu hosp,0,2024-11-02,32,quantile,0.5,7.74375287095685
2024-11-02,wk inc flu hosp,0,2024-11-02,32,quantile,0.55,8.607215863315043
2024-11-02,wk inc flu hosp,0,2024-11-02,32,quantile,0.6,10.690870135971602
2024-11-02,wk inc flu hosp,0,2024-11-02,32,quantile,0.65,11.589212774406445
2024-11-02,wk inc flu hosp,0,2024-11-02,32,quantile,0.7,13.849518372487232
2024-11-02,wk inc flu hosp,0,2024-11-02,32,quantile,0.75,14.49437172025605
2024-11-02,wk inc flu hosp,0,2024-11-02,32,quantile,0.8,17.804782804648042
2024-11-02,wk inc flu hosp,0,2024-11-02,32,quantile,0.85,20.199276293505243
2024-11-02,wk inc flu hosp,0,2024-11-02,32,quantile,0.9,26.962186980568667
2024-11-02,wk inc flu hosp,0,2024-11-02,32,quantile,0.95,29.58887545548462
2024-11-02,wk inc flu hosp,0,2024-11-02,32,quantile,0.975,35.496778381497066
2024-11-02,wk inc flu hosp,0,2024-11-02,32,quantile,0.99,53.981757619062186
2024-11-02,wk inc flu hosp,1,2024-11-09,32,quantile,0.01,5.495001050593628
2024-11-02,wk inc flu hosp,1,2024-11-09,32,quantile,0.025,5.7489839860915595
2024-11-02,wk inc flu hosp,1,2024-11-09,32,quantile,0.05,6.26075900305264
2024-11-02,wk inc flu hosp,1,2024-11-09,32,quantile,0.1,6.71230781367912
2024-11-02,wk inc flu hosp,1,2024-11-09,32,quantile,0.15,7.514399579342955
2024-11-02,wk inc flu hosp,1,2024-11-09,32,quantile,0.2,8.018562197718309
2024-11-02,wk inc flu hosp,1,2024-11-09,32,quantile,0.25,8.768219608928415
2024-11-02,wk inc flu hosp,1,2024-11-09,32,quantile,0.3,9.534169565550412
2024-11-02,wk inc flu hosp,1,2024-11-09,32,quantile,0.35,10.129695363016657
2024-11-02,wk inc flu hosp,1,2024-11-09,32,quantile,0.4,11.259076734536924
2024-11-02,wk inc flu hosp,1,2024-11-09,32,quantile,0.45,12.611011463374657
2024-11-02,wk inc flu hosp,1,2024-11-09,32,quantile,0.5,14.183170334759687
2024-11-02,wk inc flu hosp,1,2024-11-09,32,quantile,0.55,15.919293680552132
2024-11-02,wk inc flu hosp,1,2024-11-09,32,quantile,0.6,20.480598812010133
2024-11-02,wk inc flu hosp,1,2024-11-09,32,quantile,0.65,22.386352233693792
2024-11-02,wk inc flu hosp,1,2024-11-09,32,quantile,0.7,23.84189658166552
2024-11-02,wk inc flu hosp,1,2024-11-09,32,quantile,0.75,26.50753049922317
2024-11-02,wk inc flu hosp,1,2024-11-09,32,quantile,0.8,31.09084145823821
2024-11-02,wk inc flu hosp,1,2024-11-09,32,quantile,0.85,34.93702809005435
2024-11-02,wk inc flu hosp,1,2024-11-09,32,quantile,0.9,40.712467335605304
2024-11-02,wk inc flu hosp,1,2024-11-09,32,quantile,0.95,47.609053737224734
2024-11-02,wk inc flu hosp,1,2024-11-09,32,quantile,0.975,50.03646261995193
2024-11-02,wk inc flu hosp,1,2024-11-09,32,quantile,0.99,56.293600473489256
2024-11-02,wk inc flu hosp,2,2024-11-16,32,quantile,0.01,5.825246472895353
2024-11-02,wk inc flu hosp,2,2024-11-16,32,quantile,0.025,6.406574601863057
2024-11-02,wk inc flu hosp,2,2024-11-16,32,quantile,0.05,7.48656353692512
2024-11-02,wk inc flu hosp,2,2024-11-16,32,quantile,0.1,8.923980836313063
2024-11-02,wk inc flu hosp,2,2024-11-16,32,quantile,0.15,10.282462261496473
2024-11-02,wk inc flu hosp,2,2024-11-16,32,quantile,0.2,11.73791291157729
2024-11-02,wk inc flu hosp,2,2024-11-16,32,quantile,0.25,14.11396689361139
2024-11-02,wk inc flu hosp,2,2024-11-16,32,quantile,0.3,17.767235316659264
2024-11-02,wk inc flu hosp,2,2024-11-16,32,quantile,0.35,19.60927327329736
2024-11-02,wk inc flu hosp,2,2024-11-16,32,quantile,0.4,21.167042450903665
2024-11-02,wk inc flu hosp,2,2024-11-16,32,quantile,0.45,22.978541854486302
2024-11-02,wk inc flu hosp,2,2024-11-16,32,quantile,0.5,25.218801316699277
2024-11-02,wk inc flu hosp,2,2024-11-16,32,quantile,0.55,27.326138113405975
2024-11-02,wk inc flu hosp,2,2024-11-16,32,quantile,0.6,29.101681909681478
2024-11-02,wk inc flu hosp,2,2024-11-16,32,quantile,0.65,31.59203752600342
2024-11-02,wk inc flu hosp,2,2024-11-16,32,quantile,0.7,33.641365577230225
2024-11-02,wk inc flu hosp,2,2024-11-16,32,quantile,0.75,36.86373584866583
2024-11-02,wk inc flu hosp,2,2024-11-16,32,quantile,0.8,39.87239692996572
2024-11-02,wk inc flu hosp,2,2024-11-16,32,quantile,0.85,43.77355980465233
2024-11-02,wk inc flu hosp,2,2024-11-16,32,quantile,0.9,47.84837613980665
2024-11-02,wk inc flu hosp,2,2024-11-16,32,quantile,0.95,53.127487582585324
2024-11-02,wk inc flu hosp,2,2024-11-16,32,quantile,0.975,57.28367656157573
2024-11-02,wk inc flu hosp,2,2024-11-16,32,quantile,0.99,74.05671442467492
2024-11-02,wk inc flu hosp,3,2024-11-23,32,quantile,0.01,7.10470608638447
2024-11-02,wk inc flu hosp,3,2024-11-23,32,quantile,0.025,10.098467485243518
2024-11-02,wk inc flu hosp,3,2024-11-23,32,quantile,0.05,11.972460062901058
2024-11-02,wk inc flu hosp,3,2024-11-23,32,quantile,0.1,15.132331492294771
2024-11-02,wk inc flu hosp,3,2024-11-23,32,quantile,0.15,18.765441623544138
2024-11-02,wk inc flu hosp,3,2024-11-23,32,quantile,0.2,21.854550224362807
2024-11-02,wk inc flu hosp,3,2024-11-23,32,quantile,0.25,23.923933837708805
2024-11-02,wk inc flu hosp,3,2024-11-23,32,quantile,0.3,26.048730186783306
2024-11-02,wk inc flu hosp,3,2024-11-23,32,quantile,0.35,29.128350376990845
2024-11-02,wk inc flu hosp,3,2024-11-23,32,quantile,0.4,31.904668665858242
2024-11-02,wk inc flu hosp,3,2024-11-23,32,quantile,0.45,34.63249160758081
2024-11-02,wk inc flu hosp,3,2024-11-23,32,quantile,0.5,37.02935606941014
2024-11-02,wk inc flu hosp,3,2024-11-23,32,quantile,0.55,39.571097658464865
2024-11-02,wk inc flu hosp,3,2024-11-23,32,quantile,0.6,41.639886352593955
2024-11-02,wk inc flu hosp,3,2024-11-23,32,quantile,0.65,44.227365736960095
2024-11-02,wk inc flu hosp,3,2024-11-23,32,quantile,0.7,47.398866434466974
2024-11-02,wk inc flu hosp,3,2024-11-23,32,quantile,0.75,50.201368398680906
2024-11-02,wk inc flu hosp,3,2024-11-23,32,quantile,0.8,53.324084071758634
2024-11-02,wk inc flu hosp,3,2024-11-23,32,quantile,0.85,57.97405681079559
2024-11-02,wk inc flu hosp,3,2024-11-23,32,quantile,0.9,63.42163842869783
2024-11-02,wk inc flu hosp,3,2024-11-23,32,quantile,0.95,76.84098756095341
2024-11-02,wk inc flu hosp,3,2024-11-23,32,quantile,0.975,91.03571051096101
2024-11-02,wk inc flu hosp,3,2024-11-23,32,quantile,0.99,104.92094019104428
2024-11-02,wk inc flu hosp,0,2024-11-02,33,quantile,0.01,0.0
2024-11-02,wk inc flu hosp,0,2024-11-02,33,quantile,0.025,0.0
2024-11-02,wk inc flu hosp,0,2024-11-02,33,quantile,0.05,0.0
2024-11-02,wk inc flu hosp,0,2024-11-02,33,quantile,0.1,8.105288411748666e-06
2024-11-02,wk inc flu hosp,0,2024-11-02,33,quantile,0.15,6.361947104128284e-05
2024-11-02,wk inc flu hosp,0,2024-11-02,33,quantile,0.2,7.798776466908882e-05
2024-11-02,wk inc flu hosp,0,2024-11-02,33,quantile,0.25,0.05334057731220395
2024-11-02,wk inc flu hosp,0,2024-11-02,33,quantile,0.3,0.12644203194584222
2024-11-02,wk inc flu hosp,0,2024-11-02,33,quantile,0.35,0.23545806511497563
2024-11-02,wk inc flu hosp,0,2024-11-02,33,quantile,0.4,0.35378535964887736
2024-11-02,wk inc flu hosp,0,2024-11-02,33,quantile,0.45,0.6719935147661764
2024-11-02,wk inc flu hosp,0,2024-11-02,33,quantile,0.5,1.221657377659679
2024-11-02,wk inc flu hosp,0,2024-11-02,33,quantile,0.55,1.3872955364189747
2024-11-02,wk inc flu hosp,0,2024-11-02,33,quantile,0.6,1.5367065900034216
2024-11-02,wk inc flu hosp,0,2024-11-02,33,quantile,0.65,2.0581895434015007
2024-11-02,wk inc flu hosp,0,2024-11-02,33,quantile,0.7,2.1371226356375996
2024-11-02,wk inc flu hosp,0,2024-11-02,33,quantile,0.75,2.3610124654899725
2024-11-02,wk inc flu hosp,0,2024-11-02,33,quantile,0.8,3.605975185785989
2024-11-02,wk inc flu hosp,0,2024-11-02,33,quantile,0.85,4.683978156575336
2024-11-02,wk inc flu hosp,0,2024-11-02,33,quantile,0.9,5.116492268820031
2024-11-02,wk inc flu hosp,0,2024-11-02,33,quantile,0.95,5.467212055573498
2024-11-02,wk inc flu hosp,0,2024-11-02,33,quantile,0.975,7.1085150669726005
2024-11-02,wk inc flu hosp,0,2024-11-02,33,quantile,0.99,11.605787182474197
2024-11-02,wk inc flu hosp,1,2024-11-09,33,quantile,0.01,0.0
2024-11-02,wk inc flu hosp,1,2024-11-09,33,quantile,0.025,0.0
2024-11-02,wk inc flu hosp,1,2024-11-09,33,quantile,0.05,0.0
2024-11-02,wk inc flu hosp,1,2024-11-09,33,quantile,0.1,7.73163303000511e-05
2024-11-02,wk inc flu hosp,1,2024-11-09,33,quantile,0.15,0.13462935991204253
2024-11-02,wk inc flu hosp,1,2024-11-09,33,quantile,0.2,0.35680168795976064
2024-11-02,wk inc flu hosp,1,2024-11-09,33,quantile,0.25,0.7197690195318209
2024-11-02,wk inc flu hosp,1,2024-11-09,33,quantile,0.3,1.2307460372189818
2024-11-02,wk inc flu hosp,1,2024-11-09,33,quantile,0.35,1.4165702227231214
2024-11-02,wk inc flu hosp,1,2024-11-09,33,quantile,0.4,1.7519034042224222
2024-11-02,wk inc flu hosp,1,2024-11-09,33,quantile,0.45,1.9342345601550779
2024-11-02,wk inc flu hosp,1,2024-11-09,33,quantile,0.5,2.065424039309189
2024-11-02,wk inc flu hosp,1,2024-11-09,33,quantile,0.55,2.3536505225028623
2024-11-02,wk inc flu hosp,1,2024-11-09,33,quantile,0.6,2.7638336795338985
2024-11-02,wk inc flu hosp,1,2024-11-09,33,quantile,0.65,3.0131238048510602
2024-11-02,wk inc flu hosp,1,2024-11-09,33,quantile,0.7,3.4818179942275074
2024-11-02,wk inc flu hosp,1,2024-11-09,33,quantile,0.75,4.32904876068022
2024-11-02,wk inc flu hosp,1,2024-11-09,33,quantile,0.8,4.620626912084517
2024-11-02,wk inc flu hosp,1,2024-11-09,33,quantile,0.85,4.840950685750335
2024-11-02,wk inc flu hosp,1,2024-11-09,33,quantile,0.9,6.041432412976027
2024-11-02,wk inc flu hosp,1,2024-11-09,33,quantile,0.95,8.352864499635933
2024-11-02,wk inc flu hosp,1,2024-11-09,33,quantile,0.975,10.594743884444432
2024-11-02,wk inc flu hosp,1,2024-11-09,33,quantile,0.99,14.503857509092139
2024-11-02,wk inc flu hosp,2,2024-11-16,33,quantile,0.01,0.0
2024-11-02,wk inc flu hosp,2,2024-11-16,33,quantile,0.025,0.0
2024-11-02,wk inc flu hosp,2,2024-11-16,33,quantile,0.05,6.735494602281773e-05
2024-11-02,wk inc flu hosp,2,2024-11-16,33,quantile,0.1,0.32000260982565737
2024-11-02,wk inc flu hosp,2,2024-11-16,33,quantile,0.15,0.9916499190088849
2024-11-02,wk inc flu hosp,2,2024-11-16,33,quantile,0.2,1.4488457426804005
2024-11-02,wk inc flu hosp,2,2024-11-16,33,quantile,0.25,1.8596429945484263
2024-11-02,wk inc flu hosp,2,2024-11-16,33,quantile,0.3,2.137478288780441
2024-11-02,wk inc flu hosp,2,2024-11-16,33,quantile,0.35,2.403397931201914
2024-11-02,wk inc flu hosp,2,2024-11-16,33,quantile,0.4,2.756547949864692
2024-11-02,wk inc flu hosp,2,2024-11-16,33,quantile,0.45,3.049333916293787
2024-11-02,wk inc flu hosp,2,2024-11-16,33,quantile,0.5,3.354813733582562
2024-11-02,wk inc flu hosp,2,2024-11-16,33,quantile,0.55,3.7217038354972236
2024-11-02,wk inc flu hosp,2,2024-11-16,33,quantile,0.6,4.018582642864623
2024-11-02,wk inc flu hosp,2,2024-11-16,33,quantile,0.65,4.534339991835937
2024-11-02,wk inc flu hosp,2,2024-11-16,33,quantile,0.7,5.126914658148954
2024-11-02,wk inc flu hosp,2,2024-11-16,33,quantile,0.75,5.468588632642692
2024-11-02,wk inc flu hosp,2,2024-11-16,33,quantile,0.8,5.895074570012572
2024-11-02,wk inc flu hosp,2,2024-11-16,33,quantile,0.85,6.3441896297527585
2024-11-02,wk inc flu hosp,2,2024-11-16,33,quantile,0.9,7.534639682107313
2024-11-02,wk inc flu hosp,2,2024-11-16,33,quantile,0.95,9.70138302614509
2024-11-02,wk inc flu hosp,2,2024-11-16,33,quantile,0.975,10.862435160343164
2024-11-02,wk inc flu hosp,2,2024-11-16,33,quantile,0.99,14.86959137233288
2024-11-02,wk inc flu hosp,3,2024-11-23,33,quantile,0.01,0.0
2024-11-02,wk inc flu hosp,3,2024-11-23,33,quantile,0.025,0.007211255977135955
2024-11-02,wk inc flu hosp,3,2024-11-23,33,quantile,0.05,0.3440143223861141
2024-11-02,wk inc flu hosp,3,2024-11-23,33,quantile,0.1,1.3929413046039587
2024-11-02,wk inc flu hosp,3,2024-11-23,33,quantile,0.15,1.8555360457247967
2024-11-02,wk inc flu hosp,3,2024-11-23,33,quantile,0.2,2.3439129088108484
2024-11-02,wk inc flu hosp,3,2024-11-23,33,quantile,0.25,2.698510783708822
2024-11-02,wk inc flu hosp,3,2024-11-23,33,quantile,0.3,3.0307146383676105
2024-11-02,wk inc flu hosp,3,2024-11-23,33,quantile,0.35,3.3564702474252046
2024-11-02,wk inc flu hosp,3,2024-11-23,33,quantile,0.4,3.713061802470931
2024-11-02,wk inc flu hosp,3,2024-11-23,33,quantile,0.45,3.9950519383093503
2024-11-02,wk inc flu hosp,3,2024-11-23,33,quantile,0.5,4.195424437186633
2024-11-02,wk inc flu hosp,3,2024-11-23,33,quantile,0.55,4.517740936987855
2024-11-02,wk inc flu hosp,3,2024-11-23,33,quantile,0.6,4.820889316443249
2024-11-02,wk inc flu hosp,3,2024-11-23,33,quantile,0.65,5.168947765733221
2024-11-02,wk inc flu hosp,3,2024-11-23,33,quantile,0.7,5.639801865101981
2024-11-02,wk inc flu hosp,3,2024-11-23,33,quantile,0.75,6.065621852910157
2024-11-02,wk inc flu hosp,3,2024-11-23,33,quantile,0.8,6.847768518489328
2024-11-02,wk inc flu hosp,3,2024-11-23,33,quantile,0.85,7.874796481373551
2024-11-02,wk inc flu hosp,3,2024-11-23,33,quantile,0.9,9.09699910913897
2024-11-02,wk inc flu hosp,3,2024-11-23,33,quantile,0.95,10.541807543701603
2024-11-02,wk inc flu hosp,3,2024-11-23,33,quantile,0.975,12.778225986012561
2024-11-02,wk inc flu hosp,3,2024-11-23,33,quantile,0.99,15.924597143640556
2024-11-02,wk inc flu hosp,0,2024-11-02,34,quantile,0.01,0.0
2024-11-02,wk inc flu hosp,0,2024-11-02,34,quantile,0.025,0.0
2024-11-02,wk inc flu hosp,0,2024-11-02,34,quantile,0.05,0.0
2024-11-02,wk inc flu hosp,0,2024-11-02,34,quantile,0.1,0.4346559981909966
2024-11-02,wk inc flu hosp,0,2024-11-02,34,quantile,0.15,2.488676701284684
2024-11-02,wk inc flu hosp,0,2024-11-02,34,quantile,0.2,4.461859509402022
2024-11-02,wk inc flu hosp,0,2024-11-02,34,quantile,0.25,5.310227602359446
2024-11-02,wk inc flu hosp,0,2024-11-02,34,quantile,0.3,6.874359125795433
2024-11-02,wk inc flu hosp,0,2024-11-02,34,quantile,0.35,7.528898182296487
2024-11-02,wk inc flu hosp,0,2024-11-02,34,quantile,0.4,10.110112800738316
2024-11-02,wk inc flu hosp,0,2024-11-02,34,quantile,0.45,14.94909804968647
2024-11-02,wk inc flu hosp,0,2024-11-02,34,quantile,0.5,16.573086552482614
2024-11-02,wk inc flu hosp,0,2024-11-02,34,quantile,0.55,23.108448428966945
2024-11-02,wk inc flu hosp,0,2024-11-02,34,quantile,0.6,28.582008770341822
2024-11-02,wk inc flu hosp,0,2024-11-02,34,quantile,0.65,30.8958828995729
2024-11-02,wk inc flu hosp,0,2024-11-02,34,quantile,0.7,34.4500417989386
2024-11-02,wk inc flu hosp,0,2024-11-02,34,quantile,0.75,40.220783813086264
2024-11-02,wk inc flu hosp,0,2024-11-02,34,quantile,0.8,47.3719730324782
2024-11-02,wk inc flu hosp,0,2024-11-02,34,quantile,0.85,48.745351443478775
2024-11-02,wk inc flu hosp,0,2024-11-02,34,quantile,0.9,49.86978962070559
2024-11-02,wk inc flu hosp,0,2024-11-02,34,quantile,0.95,62.35527396660766
2024-11-02,wk inc flu hosp,0,2024-11-02,34,quantile,0.975,75.84386361917231
2024-11-02,wk inc flu hosp,0,2024-11-02,34,quantile,0.99,169.5873546372421
2024-11-02,wk inc flu hosp,1,2024-11-09,34,quantile,0.01,0.6858498621035646
2024-11-02,wk inc flu hosp,1,2024-11-09,34,quantile,0.025,0.7695607717973334
2024-11-02,wk inc flu hosp,1,2024-11-09,34,quantile,0.05,1.247816575826016
2024-11-02,wk inc flu hosp,1,2024-11-09,34,quantile,0.1,3.5610543912846113
2024-11-02,wk inc flu hosp,1,2024-11-09,34,quantile,0.15,6.3789153960415925
2024-11-02,wk inc flu hosp,1,2024-11-09,34,quantile,0.2,10.470869431278132
2024-11-02,wk inc flu hosp,1,2024-11-09,34,quantile,0.25,12.382947983621737
2024-11-02,wk inc flu hosp,1,2024-11-09,34,quantile,0.3,15.31250590127926
2024-11-02,wk inc flu hosp,1,2024-11-09,34,quantile,0.35,17.705873012615875
2024-11-02,wk inc flu hosp,1,2024-11-09,34,quantile,0.4,23.297187660137944
2024-11-02,wk inc flu hosp,1,2024-11-09,34,quantile,0.45,26.608182501365725
2024-11-02,wk inc flu hosp,1,2024-11-09,34,quantile,0.5,29.21203674045799
2024-11-02,wk inc flu hosp,1,2024-11-09,34,quantile,0.55,30.234339440043986
2024-11-02,wk inc flu hosp,1,2024-11-09,34,quantile,0.6,31.072428358224126
2024-11-02,wk inc flu hosp,1,2024-11-09,34,quantile,0.65,33.756889184197014
2024-11-02,wk inc flu hosp,1,2024-11-09,34,quantile,0.7,39.296833888456646
2024-11-02,wk inc flu hosp,1,2024-11-09,34,quantile,0.75,44.594096462321
2024-11-02,wk inc flu hosp,1,2024-11-09,34,quantile,0.8,50.31846423217744
2024-11-02,wk inc flu hosp,1,2024-11-09,34,quantile,0.85,62.67204797592081
2024-11-02,wk inc flu hosp,1,2024-11-09,34,quantile,0.9,72.58456262913597
2024-11-02,wk inc flu hosp,1,2024-11-09,34,quantile,0.95,114.54558582479788
2024-11-02,wk inc flu hosp,1,2024-11-09,34,quantile,0.975,178.15149587614883
2024-11-02,wk inc flu hosp,1,2024-11-09,34,quantile,0.99,187.47183500979492
2024-11-02,wk inc flu hosp,2,2024-11-16,34,quantile,0.01,1.1233141097588681
2024-11-02,wk inc flu hosp,2,2024-11-16,34,quantile,0.025,1.8927791367090425
2024-11-02,wk inc flu hosp,2,2024-11-16,34,quantile,0.05,4.116692422258546
2024-11-02,wk inc flu hosp,2,2024-11-16,34,quantile,0.1,7.0591750313482295
2024-11-02,wk inc flu hosp,2,2024-11-16,34,quantile,0.15,11.3266082123088
2024-11-02,wk inc flu hosp,2,2024-11-16,34,quantile,0.2,14.149205019880844
2024-11-02,wk inc flu hosp,2,2024-11-16,34,quantile,0.25,19.05671222547059
2024-11-02,wk inc flu hosp,2,2024-11-16,34,quantile,0.3,22.312734424154016
2024-11-02,wk inc flu hosp,2,2024-11-16,34,quantile,0.35,27.01940206486292
2024-11-02,wk inc flu hosp,2,2024-11-16,34,quantile,0.4,28.543888372614322
2024-11-02,wk inc flu hosp,2,2024-11-16,34,quantile,0.45,30.458721360354314
2024-11-02,wk inc flu hosp,2,2024-11-16,34,quantile,0.5,34.063202401880744
2024-11-02,wk inc flu hosp,2,2024-11-16,34,quantile,0.55,36.67754300974397
2024-11-02,wk inc flu hosp,2,2024-11-16,34,quantile,0.6,40.052999202260025
2024-11-02,wk inc flu hosp,2,2024-11-16,34,quantile,0.65,43.52921883538282
2024-11-02,wk inc flu hosp,2,2024-11-16,34,quantile,0.7,47.00618523044648
2024-11-02,wk inc flu hosp,2,2024-11-16,34,quantile,0.75,51.659498603580175
2024-11-02,wk inc flu hosp,2,2024-11-16,34,quantile,0.8,65.57422399478754
2024-11-02,wk inc flu hosp,2,2024-11-16,34,quantile,0.85,83.65959504562267
2024-11-02,wk inc flu hosp,2,2024-11-16,34,quantile,0.9,101.27062617704833
2024-11-02,wk inc flu hosp,2,2024-11-16,34,quantile,0.95,148.1507791997923
2024-11-02,wk inc flu hosp,2,2024-11-16,34,quantile,0.975,184.04475604170838
2024-11-02,wk inc flu hosp,2,2024-11-16,34,quantile,0.99,215.30954396905545
2024-11-02,wk inc flu hosp,3,2024-11-23,34,quantile,0.01,4.176243996727087
2024-11-02,wk inc flu hosp,3,2024-11-23,34,quantile,0.025,6.3065614188556385
2024-11-02,wk inc flu hosp,3,2024-11-23,34,quantile,0.05,9.494368544150882
2024-11-02,wk inc flu hosp,3,2024-11-23,34,quantile,0.1,16.022300040733587
2024-11-02,wk inc flu hosp,3,2024-11-23,34,quantile,0.15,19.903614285923563
2024-11-02,wk inc flu hosp,3,2024-11-23,34,quantile,0.2,24.131546660308004
2024-11-02,wk inc flu hosp,3,2024-11-23,34,quantile,0.25,28.707560592754252
2024-11-02,wk inc flu hosp,3,2024-11-23,34,quantile,0.3,31.204412670579565
2024-11-02,wk inc flu hosp,3,2024-11-23,34,quantile,0.35,33.59905312018893
2024-11-02,wk inc flu hosp,3,2024-11-23,34,quantile,0.4,36.94847663257023
2024-11-02,wk inc flu hosp,3,2024-11-23,34,quantile,0.45,40.9479603765044
2024-11-02,wk inc flu hosp,3,2024-11-23,34,quantile,0.5,45.887967874222944
2024-11-02,wk inc flu hosp,3,2024-11-23,34,quantile,0.55,49.497811573336385
2024-11-02,wk inc flu hosp,3,2024-11-23,34,quantile,0.6,53.298479349087366
2024-11-02,wk inc flu hosp,3,2024-11-23,34,quantile,0.65,56.4436110478873
2024-11-02,wk inc flu hosp,3,2024-11-23,34,quantile,0.7,62.093069263749456
2024-11-02,wk inc flu hosp,3,2024-11-23,34,quantile,0.75,72.14630724485188
2024-11-02,wk inc flu hosp,3,2024-11-23,34,quantile,0.8,92.2172314102983
2024-11-02,wk inc flu hosp,3,2024-11-23,34,quantile,0.85,107.64829920012676
2024-11-02,wk inc flu hosp,3,2024-11-23,34,quantile,0.9,130.063394862512
2024-11-02,wk inc flu hosp,3,2024-11-23,34,quantile,0.95,158.37572634291473
2024-11-02,wk inc flu hosp,3,2024-11-23,34,quantile,0.975,204.9224239825771
2024-11-02,wk inc flu hosp,3,2024-11-23,34,quantile,0.99,236.54096548665552
2024-11-02,wk inc flu hosp,0,2024-11-02,35,quantile,0.01,5.969019631358604
2024-11-02,wk inc flu hosp,0,2024-11-02,35,quantile,0.025,6.138969968123801
2024-11-02,wk inc flu hosp,0,2024-11-02,35,quantile,0.05,7.535563349143843
2024-11-02,wk inc flu hosp,0,2024-11-02,35,quantile,0.1,9.079179043274406
2024-11-02,wk inc flu hosp,0,2024-11-02,35,quantile,0.15,9.101644347949867
2024-11-02,wk inc flu hosp,0,2024-11-02,35,quantile,0.2,10.345045123485964
2024-11-02,wk inc flu hosp,0,2024-11-02,35,quantile,0.25,13.069462780718244
2024-11-02,wk inc flu hosp,0,2024-11-02,35,quantile,0.3,14.109682093897542
2024-11-02,wk inc flu hosp,0,2024-11-02,35,quantile,0.35,16.28038900678904
2024-11-02,wk inc flu hosp,0,2024-11-02,35,quantile,0.4,17.062350118256358
2024-11-02,wk inc flu hosp,0,2024-11-02,35,quantile,0.45,17.734124877125847
2024-11-02,wk inc flu hosp,0,2024-11-02,35,quantile,0.5,19.621546568611237
2024-11-02,wk inc flu hosp,0,2024-11-02,35,quantile,0.55,21.759417649628936
2024-11-02,wk inc flu hosp,0,2024-11-02,35,quantile,0.6,22.119936777664925
2024-11-02,wk inc flu hosp,0,2024-11-02,35,quantile,0.65,22.168548958877444
2024-11-02,wk inc flu hosp,0,2024-11-02,35,quantile,0.7,22.39451782676531
2024-11-02,wk inc flu hosp,0,2024-11-02,35,quantile,0.75,22.592877032852215
2024-11-02,wk inc flu hosp,0,2024-11-02,35,quantile,0.8,22.850805581042504
2024-11-02,wk inc flu hosp,0,2024-11-02,35,quantile,0.85,23.292730980366382
2024-11-02,wk inc flu hosp,0,2024-11-02,35,quantile,0.9,23.466524540904185
2024-11-02,wk inc flu hosp,0,2024-11-02,35,quantile,0.95,24.75751627437554
2024-11-02,wk inc flu hosp,0,2024-11-02,35,quantile,0.975,26.71868326092607
2024-11-02,wk inc flu hosp,0,2024-11-02,35,quantile,0.99,30.834956625159563
2024-11-02,wk inc flu hosp,1,2024-11-09,35,quantile,0.01,4.9844487991420205
2024-11-02,wk inc flu hosp,1,2024-11-09,35,quantile,0.025,7.903380001853515
2024-11-02,wk inc flu hosp,1,2024-11-09,35,quantile,0.05,9.533542168793927
2024-11-02,wk inc flu hosp,1,2024-11-09,35,quantile,0.1,11.374772739825877
2024-11-02,wk inc flu hosp,1,2024-11-09,35,quantile,0.15,12.95078596979475
2024-11-02,wk inc flu hosp,1,2024-11-09,35,quantile,0.2,13.81759355362516
2024-11-02,wk inc flu hosp,1,2024-11-09,35,quantile,0.25,15.228587883377745
2024-11-02,wk inc flu hosp,1,2024-11-09,35,quantile,0.3,16.24865286201219
2024-11-02,wk inc flu hosp,1,2024-11-09,35,quantile,0.35,17.325810376648928
2024-11-02,wk inc flu hosp,1,2024-11-09,35,quantile,0.4,18.17033139851779
2024-11-02,wk inc flu hosp,1,2024-11-09,35,quantile,0.45,19.011715572599456
2024-11-02,wk inc flu hosp,1,2024-11-09,35,quantile,0.5,19.989371317567723
2024-11-02,wk inc flu hosp,1,2024-11-09,35,quantile,0.55,21.056939272792757
2024-11-02,wk inc flu hosp,1,2024-11-09,35,quantile,0.6,22.4838784711609
2024-11-02,wk inc flu hosp,1,2024-11-09,35,quantile,0.65,23.46822372969172
2024-11-02,wk inc flu hosp,1,2024-11-09,35,quantile,0.7,24.05144631318081
2024-11-02,wk inc flu hosp,1,2024-11-09,35,quantile,0.75,25.593427203135963
2024-11-02,wk inc flu hosp,1,2024-11-09,35,quantile,0.8,26.986957595512443
2024-11-02,wk inc flu hosp,1,2024-11-09,35,quantile,0.85,28.011397497155944
2024-11-02,wk inc flu hosp,1,2024-11-09,35,quantile,0.9,30.731042594592513
2024-11-02,wk inc flu hosp,1,2024-11-09,35,quantile,0.95,33.02978958794583
2024-11-02,wk inc flu hosp,1,2024-11-09,35,quantile,0.975,33.25947326883951
2024-11-02,wk inc flu hosp,1,2024-11-09,35,quantile,0.99,35.96702435260328
2024-11-02,wk inc flu hosp,2,2024-11-16,35,quantile,0.01,6.0199492477925
2024-11-02,wk inc flu hosp,2,2024-11-16,35,quantile,0.025,8.349738016735593
2024-11-02,wk inc flu hosp,2,2024-11-16,35,quantile,0.05,10.748977905894206
2024-11-02,wk inc flu hosp,2,2024-11-16,35,quantile,0.1,13.453860890224561
2024-11-02,wk inc flu hosp,2,2024-11-16,35,quantile,0.15,15.543754438195709
2024-11-02,wk inc flu hosp,2,2024-11-16,35,quantile,0.2,17.018614883290258
2024-11-02,wk inc flu hosp,2,2024-11-16,35,quantile,0.25,18.233886375767675
2024-11-02,wk inc flu hosp,2,2024-11-16,35,quantile,0.3,19.746572121757463
2024-11-02,wk inc flu hosp,2,2024-11-16,35,quantile,0.35,20.75546516232039
2024-11-02,wk inc flu hosp,2,2024-11-16,35,quantile,0.4,21.708401239123443
2024-11-02,wk inc flu hosp,2,2024-11-16,35,quantile,0.45,22.77334771128706
2024-11-02,wk inc flu hosp,2,2024-11-16,35,quantile,0.5,24.282061235670298
2024-11-02,wk inc flu hosp,2,2024-11-16,35,quantile,0.55,25.443496212970963
2024-11-02,wk inc flu hosp,2,2024-11-16,35,quantile,0.6,26.910748687083707
2024-11-02,wk inc flu hosp,2,2024-11-16,35,quantile,0.65,28.427382449465416
2024-11-02,wk inc flu hosp,2,2024-11-16,35,quantile,0.7,30.079650964587824
2024-11-02,wk inc flu hosp,2,2024-11-16,35,quantile,0.75,31.49001980889624
2024-11-02,wk inc flu hosp,2,2024-11-16,35,quantile,0.8,33.102741143555654
2024-11-02,wk inc flu hosp,2,2024-11-16,35,quantile,0.85,34.55315989643204
2024-11-02,wk inc flu hosp,2,2024-11-16,35,quantile,0.9,36.50929262495652
2024-11-02,wk inc flu hosp,2,2024-11-16,35,quantile,0.95,39.60903725024362
2024-11-02,wk inc flu hosp,2,2024-11-16,35,quantile,0.975,42.033246789662385
2024-11-02,wk inc flu hosp,2,2024-11-16,35,quantile,0.99,44.38738692069766
2024-11-02,wk inc flu hosp,3,2024-11-23,35,quantile,0.01,7.41523890442789
2024-11-02,wk inc flu hosp,3,2024-11-23,35,quantile,0.025,8.96307773634205
2024-11-02,wk inc flu hosp,3,2024-11-23,35,quantile,0.05,11.13893237022503
2024-11-02,wk inc flu hosp,3,2024-11-23,35,quantile,0.1,15.114069583062944
2024-11-02,wk inc flu hosp,3,2024-11-23,35,quantile,0.15,17.27880646532828
2024-11-02,wk inc flu hosp,3,2024-11-23,35,quantile,0.2,18.91840998045785
2024-11-02,wk inc flu hosp,3,2024-11-23,35,quantile,0.25,20.20106227480233
2024-11-02,wk inc flu hosp,3,2024-11-23,35,quantile,0.3,21.376859391373856
2024-11-02,wk inc flu hosp,3,2024-11-23,35,quantile,0.35,22.663859661173245
2024-11-02,wk inc flu hosp,3,2024-11-23,35,quantile,0.4,24.185995805726506
2024-11-02,wk inc flu hosp,3,2024-11-23,35,quantile,0.45,25.591204506078782
2024-11-02,wk inc flu hosp,3,2024-11-23,35,quantile,0.5,27.207519786291467
2024-11-02,wk inc flu hosp,3,2024-11-23,35,quantile,0.55,29.191971010703455
2024-11-02,wk inc flu hosp,3,2024-11-23,35,quantile,0.6,30.521958492206174
2024-11-02,wk inc flu hosp,3,2024-11-23,35,quantile,0.65,32.27425197160949
2024-11-02,wk inc flu hosp,3,2024-11-23,35,quantile,0.7,33.79450470248216
2024-11-02,wk inc flu hosp,3,2024-11-23,35,quantile,0.75,35.47188734346011
2024-11-02,wk inc flu hosp,3,2024-11-23,35,quantile,0.8,37.080613255800785
2024-11-02,wk inc flu hosp,3,2024-11-23,35,quantile,0.85,39.3380506043907
2024-11-02,wk inc flu hosp,3,2024-11-23,35,quantile,0.9,41.11094680770437
2024-11-02,wk inc flu hosp,3,2024-11-23,35,quantile,0.95,43.941487173242706
2024-11-02,wk inc flu hosp,3,2024-11-23,35,quantile,0.975,48.040181473156146
2024-11-02,wk inc flu hosp,3,2024-11-23,35,quantile,0.99,59.93766328767075
2024-11-02,wk inc flu hosp,0,2024-11-02,36,quantile,0.01,0.0
2024-11-02,wk inc flu hosp,0,2024-11-02,36,quantile,0.025,2.865501892271594
2024-11-02,wk inc flu hosp,0,2024-11-02,36,quantile,0.05,3.0211910886444477
2024-11-02,wk inc flu hosp,0,2024-11-02,36,quantile,0.1,3.510013492571693
2024-11-02,wk inc flu hosp,0,2024-11-02,36,quantile,0.15,4.265287777304068
2024-11-02,wk inc flu hosp,0,2024-11-02,36,quantile,0.2,4.650903221367457
2024-11-02,wk inc flu hosp,0,2024-11-02,36,quantile,0.25,5.126881854851019
2024-11-02,wk inc flu hosp,0,2024-11-02,36,quantile,0.3,5.416040510877551
2024-11-02,wk inc flu hosp,0,2024-11-02,36,quantile,0.35,6.1275351418820305
2024-11-02,wk inc flu hosp,0,2024-11-02,36,quantile,0.4,7.186311775029571
2024-11-02,wk inc flu hosp,0,2024-11-02,36,quantile,0.45,7.978303961880989
2024-11-02,wk inc flu hosp,0,2024-11-02,36,quantile,0.5,8.991873330221477
2024-11-02,wk inc flu hosp,0,2024-11-02,36,quantile,0.55,9.924586074250618
2024-11-02,wk inc flu hosp,0,2024-11-02,36,quantile,0.6,10.881341943273924
2024-11-02,wk inc flu hosp,0,2024-11-02,36,quantile,0.65,12.203833886750601
2024-11-02,wk inc flu hosp,0,2024-11-02,36,quantile,0.7,14.40515453617522
2024-11-02,wk inc flu hosp,0,2024-11-02,36,quantile,0.75,15.595188286087602
2024-11-02,wk inc flu hosp,0,2024-11-02,36,quantile,0.8,16.56025235081425
2024-11-02,wk inc flu hosp,0,2024-11-02,36,quantile,0.85,17.231783234202037
2024-11-02,wk inc flu hosp,0,2024-11-02,36,quantile,0.9,23.668220918334654
2024-11-02,wk inc flu hosp,0,2024-11-02,36,quantile,0.95,54.8751991647446
2024-11-02,wk inc flu hosp,0,2024-11-02,36,quantile,0.975,168.68181841091496
2024-11-02,wk inc flu hosp,0,2024-11-02,36,quantile,0.99,300.8719366402117
2024-11-02,wk inc flu hosp,1,2024-11-09,36,quantile,0.01,1.2538405743672296
2024-11-02,wk inc flu hosp,1,2024-11-09,36,quantile,0.025,4.636096972077812
2024-11-02,wk inc flu hosp,1,2024-11-09,36,quantile,0.05,5.405423825347606
2024-11-02,wk inc flu hosp,1,2024-11-09,36,quantile,0.1,6.6219251788692715
2024-11-02,wk inc flu hosp,1,2024-11-09,36,quantile,0.15,7.81794900290748
2024-11-02,wk inc flu hosp,1,2024-11-09,36,quantile,0.2,8.523497113336608
2024-11-02,wk inc flu hosp,1,2024-11-09,36,quantile,0.25,9.88418517714783
2024-11-02,wk inc flu hosp,1,2024-11-09,36,quantile,0.3,11.511621701795711
2024-11-02,wk inc flu hosp,1,2024-11-09,36,quantile,0.35,12.844696210386228
2024-11-02,wk inc flu hosp,1,2024-11-09,36,quantile,0.4,15.605673941380868
2024-11-02,wk inc flu hosp,1,2024-11-09,36,quantile,0.45,17.852940070352073
2024-11-02,wk inc flu hosp,1,2024-11-09,36,quantile,0.5,19.101707411801968
2024-11-02,wk inc flu hosp,1,2024-11-09,36,quantile,0.55,20.492561848195876
2024-11-02,wk inc flu hosp,1,2024-11-09,36,quantile,0.6,24.887854737935857
2024-11-02,wk inc flu hosp,1,2024-11-09,36,quantile,0.65,29.654528961148195
2024-11-02,wk inc flu hosp,1,2024-11-09,36,quantile,0.7,36.46547063830899
2024-11-02,wk inc flu hosp,1,2024-11-09,36,quantile,0.75,40.08266134010334
2024-11-02,wk inc flu hosp,1,2024-11-09,36,quantile,0.8,46.91100418785302
2024-11-02,wk inc flu hosp,1,2024-11-09,36,quantile,0.85,61.463088511808635
2024-11-02,wk inc flu hosp,1,2024-11-09,36,quantile,0.9,93.99168250261994
2024-11-02,wk inc flu hosp,1,2024-11-09,36,quantile,0.95,200.88658612333091
2024-11-02,wk inc flu hosp,1,2024-11-09,36,quantile,0.975,289.8925477740731
2024-11-02,wk inc flu hosp,1,2024-11-09,36,quantile,0.99,310.1113712673273
2024-11-02,wk inc flu hosp,2,2024-11-16,36,quantile,0.01,6.985886626058572
2024-11-02,wk inc flu hosp,2,2024-11-16,36,quantile,0.025,8.65107803047271
2024-11-02,wk inc flu hosp,2,2024-11-16,36,quantile,0.05,10.119931156076126
2024-11-02,wk inc flu hosp,2,2024-11-16,36,quantile,0.1,13.781384606090311
2024-11-02,wk inc flu hosp,2,2024-11-16,36,quantile,0.15,15.999058593355478
2024-11-02,wk inc flu hosp,2,2024-11-16,36,quantile,0.2,18.793042399017764
2024-11-02,wk inc flu hosp,2,2024-11-16,36,quantile,0.25,22.21936435204878
2024-11-02,wk inc flu hosp,2,2024-11-16,36,quantile,0.3,25.755362459967994
2024-11-02,wk inc flu hosp,2,2024-11-16,36,quantile,0.35,30.197748571636524
2024-11-02,wk inc flu hosp,2,2024-11-16,36,quantile,0.4,36.58555401790335
2024-11-02,wk inc flu hosp,2,2024-11-16,36,quantile,0.45,39.43790335495949
2024-11-02,wk inc flu hosp,2,2024-11-16,36,quantile,0.5,42.12070801038338
2024-11-02,wk inc flu hosp,2,2024-11-16,36,quantile,0.55,44.84000467051665
2024-11-02,wk inc flu hosp,2,2024-11-16,36,quantile,0.6,48.143036270452114
2024-11-02,wk inc flu hosp,2,2024-11-16,36,quantile,0.65,54.165825684756484
2024-11-02,wk inc flu hosp,2,2024-11-16,36,quantile,0.7,64.17178693486237
2024-11-02,wk inc flu hosp,2,2024-11-16,36,quantile,0.75,80.97309575921274
2024-11-02,wk inc flu hosp,2,2024-11-16,36,quantile,0.8,95.09759740288271
2024-11-02,wk inc flu hosp,2,2024-11-16,36,quantile,0.85,112.32059179335775
2024-11-02,wk inc flu hosp,2,2024-11-16,36,quantile,0.9,158.24502299582963
2024-11-02,wk inc flu hosp,2,2024-11-16,36,quantile,0.95,278.8770660813998
2024-11-02,wk inc flu hosp,2,2024-11-16,36,quantile,0.975,312.9249201741146
2024-11-02,wk inc flu hosp,2,2024-11-16,36,quantile,0.99,330.1638303822419
2024-11-02,wk inc flu hosp,3,2024-11-23,36,quantile,0.01,9.730057873494612
2024-11-02,wk inc flu hosp,3,2024-11-23,36,quantile,0.025,15.389052596775587
2024-11-02,wk inc flu hosp,3,2024-11-23,36,quantile,0.05,19.51300684508287
2024-11-02,wk inc flu hosp,3,2024-11-23,36,quantile,0.1,28.094731474258623
2024-11-02,wk inc flu hosp,3,2024-11-23,36,quantile,0.15,33.17079513280359
2024-11-02,wk inc flu hosp,3,2024-11-23,36,quantile,0.2,40.95027932402503
2024-11-02,wk inc flu hosp,3,2024-11-23,36,quantile,0.25,45.823950532295015
2024-11-02,wk inc flu hosp,3,2024-11-23,36,quantile,0.3,50.585590385467775
2024-11-02,wk inc flu hosp,3,2024-11-23,36,quantile,0.35,55.43884125884883
2024-11-02,wk inc flu hosp,3,2024-11-23,36,quantile,0.4,60.30762631306471
2024-11-02,wk inc flu hosp,3,2024-11-23,36,quantile,0.45,65.05887887038003
2024-11-02,wk inc flu hosp,3,2024-11-23,36,quantile,0.5,75.21355971953605
2024-11-02,wk inc flu hosp,3,2024-11-23,36,quantile,0.55,84.81376695846801
2024-11-02,wk inc flu hosp,3,2024-11-23,36,quantile,0.6,97.79883988491348
2024-11-02,wk inc flu hosp,3,2024-11-23,36,quantile,0.65,107.74098625512833
2024-11-02,wk inc flu hosp,3,2024-11-23,36,quantile,0.7,120.45922090261176
2024-11-02,wk inc flu hosp,3,2024-11-23,36,quantile,0.75,135.73072868673694
2024-11-02,wk inc flu hosp,3,2024-11-23,36,quantile,0.8,152.97541702873494
2024-11-02,wk inc flu hosp,3,2024-11-23,36,quantile,0.85,180.43492051587836
2024-11-02,wk inc flu hosp,3,2024-11-23,36,quantile,0.9,227.9886440822981
2024-11-02,wk inc flu hosp,3,2024-11-23,36,quantile,0.95,310.7223248160853
2024-11-02,wk inc flu hosp,3,2024-11-23,36,quantile,0.975,339.7601100356463
2024-11-02,wk inc flu hosp,3,2024-11-23,36,quantile,0.99,347.9877992581551
2024-11-02,wk inc flu hosp,0,2024-11-02,37,quantile,0.01,22.064913577571506
2024-11-02,wk inc flu hosp,0,2024-11-02,37,quantile,0.025,31.863225508172135
2024-11-02,wk inc flu hosp,0,2024-11-02,37,quantile,0.05,41.33516498372318
2024-11-02,wk inc flu hosp,0,2024-11-02,37,quantile,0.1,43.04788748651377
2024-11-02,wk inc flu hosp,0,2024-11-02,37,quantile,0.15,43.91686557749746
2024-11-02,wk inc flu hosp,0,2024-11-02,37,quantile,0.2,44.333729052293556
2024-11-02,wk inc flu hosp,0,2024-11-02,37,quantile,0.25,44.443661450303225
2024-11-02,wk inc flu hosp,0,2024-11-02,37,quantile,0.3,49.92962873513789
2024-11-02,wk inc flu hosp,0,2024-11-02,37,quantile,0.35,52.009275278250776
2024-11-02,wk inc flu hosp,0,2024-11-02,37,quantile,0.4,53.362851049567794
2024-11-02,wk inc flu hosp,0,2024-11-02,37,quantile,0.45,53.8052589315737
2024-11-02,wk inc flu hosp,0,2024-11-02,37,quantile,0.5,54.65197001092956
2024-11-02,wk inc flu hosp,0,2024-11-02,37,quantile,0.55,55.18331690827267
2024-11-02,wk inc flu hosp,0,2024-11-02,37,quantile,0.6,55.6808801373943
2024-11-02,wk inc flu hosp,0,2024-11-02,37,quantile,0.65,56.2675521191364
2024-11-02,wk inc flu hosp,0,2024-11-02,37,quantile,0.7,56.570910372707466
2024-11-02,wk inc flu hosp,0,2024-11-02,37,quantile,0.75,56.93793449508764
2024-11-02,wk inc flu hosp,0,2024-11-02,37,quantile,0.8,60.393520501693274
2024-11-02,wk inc flu hosp,0,2024-11-02,37,quantile,0.85,68.44579871596657
2024-11-02,wk inc flu hosp,0,2024-11-02,37,quantile,0.9,74.25049398329162
2024-11-02,wk inc flu hosp,0,2024-11-02,37,quantile,0.95,90.88907957293281
2024-11-02,wk inc flu hosp,0,2024-11-02,37,quantile,0.975,107.82375443716748
2024-11-02,wk inc flu hosp,0,2024-11-02,37,quantile,0.99,145.45931649810112
2024-11-02,wk inc flu hosp,1,2024-11-09,37,quantile,0.01,21.66526993400743
2024-11-02,wk inc flu hosp,1,2024-11-09,37,quantile,0.025,27.155448966318858
2024-11-02,wk inc flu hosp,1,2024-11-09,37,quantile,0.05,37.117206912018865
2024-11-02,wk inc flu hosp,1,2024-11-09,37,quantile,0.1,44.42824511914255
2024-11-02,wk inc flu hosp,1,2024-11-09,37,quantile,0.15,47.77328351880974
2024-11-02,wk inc flu hosp,1,2024-11-09,37,quantile,0.2,48.5400144912091
2024-11-02,wk inc flu hosp,1,2024-11-09,37,quantile,0.25,50.2872778198383
2024-11-02,wk inc flu hosp,1,2024-11-09,37,quantile,0.3,52.41027551093389
2024-11-02,wk inc flu hosp,1,2024-11-09,37,quantile,0.35,53.24456611857285
2024-11-02,wk inc flu hosp,1,2024-11-09,37,quantile,0.4,54.30906856654261
2024-11-02,wk inc flu hosp,1,2024-11-09,37,quantile,0.45,56.99356411209299
2024-11-02,wk inc flu hosp,1,2024-11-09,37,quantile,0.5,58.804183141550745
2024-11-02,wk inc flu hosp,1,2024-11-09,37,quantile,0.55,60.8869042691076
2024-11-02,wk inc flu hosp,1,2024-11-09,37,quantile,0.6,62.949886591586484
2024-11-02,wk inc flu hosp,1,2024-11-09,37,quantile,0.65,67.40759317947867
2024-11-02,wk inc flu hosp,1,2024-11-09,37,quantile,0.7,71.34360057192926
2024-11-02,wk inc flu hosp,1,2024-11-09,37,quantile,0.75,73.77001423793865
2024-11-02,wk inc flu hosp,1,2024-11-09,37,quantile,0.8,80.20891381185261
2024-11-02,wk inc flu hosp,1,2024-11-09,37,quantile,0.85,87.27865048947186
2024-11-02,wk inc flu hosp,1,2024-11-09,37,quantile,0.9,95.1820053483692
2024-11-02,wk inc flu hosp,1,2024-11-09,37,quantile,0.95,102.76786209553666
2024-11-02,wk inc flu hosp,1,2024-11-09,37,quantile,0.975,118.8234634666432
2024-11-02,wk inc flu hosp,1,2024-11-09,37,quantile,0.99,148.43764246675974
2024-11-02,wk inc flu hosp,2,2024-11-16,37,quantile,0.01,23.959913818759812
2024-11-02,wk inc flu hosp,2,2024-11-16,37,quantile,0.025,29.444893750723573
2024-11-02,wk inc flu hosp,2,2024-11-16,37,quantile,0.05,36.34957449090242
2024-11-02,wk inc flu hosp,2,2024-11-16,37,quantile,0.1,45.96534871935399
2024-11-02,wk inc flu hosp,2,2024-11-16,37,quantile,0.15,49.57244813856889
2024-11-02,wk inc flu hosp,2,2024-11-16,37,quantile,0.2,54.45000542687646
2024-11-02,wk inc flu hosp,2,2024-11-16,37,quantile,0.25,57.752742018285076
2024-11-02,wk inc flu hosp,2,2024-11-16,37,quantile,0.3,59.54692781507473
2024-11-02,wk inc flu hosp,2,2024-11-16,37,quantile,0.35,62.77740359941378
2024-11-02,wk inc flu hosp,2,2024-11-16,37,quantile,0.4,65.95071654767281
2024-11-02,wk inc flu hosp,2,2024-11-16,37,quantile,0.45,67.91853332247793
2024-11-02,wk inc flu hosp,2,2024-11-16,37,quantile,0.5,71.39554581173827
2024-11-02,wk inc flu hosp,2,2024-11-16,37,quantile,0.55,75.96695973734833
2024-11-02,wk inc flu hosp,2,2024-11-16,37,quantile,0.6,80.0903679632103
2024-11-02,wk inc flu hosp,2,2024-11-16,37,quantile,0.65,84.28479334506345
2024-11-02,wk inc flu hosp,2,2024-11-16,37,quantile,0.7,89.31435312503844
2024-11-02,wk inc flu hosp,2,2024-11-16,37,quantile,0.75,94.06588520935613
2024-11-02,wk inc flu hosp,2,2024-11-16,37,quantile,0.8,97.07944084411719
2024-11-02,wk inc flu hosp,2,2024-11-16,37,quantile,0.85,101.9611020989807
2024-11-02,wk inc flu hosp,2,2024-11-16,37,quantile,0.9,110.92782306706087
2024-11-02,wk inc flu hosp,2,2024-11-16,37,quantile,0.95,128.0160916518073
2024-11-02,wk inc flu hosp,2,2024-11-16,37,quantile,0.975,146.30799494121368
2024-11-02,wk inc flu hosp,2,2024-11-16,37,quantile,0.99,155.12134535049347
2024-11-02,wk inc flu hosp,3,2024-11-23,37,quantile,0.01,29.848971016773294
2024-11-02,wk inc flu hosp,3,2024-11-23,37,quantile,0.025,32.05361651160552
2024-11-02,wk inc flu hosp,3,2024-11-23,37,quantile,0.05,41.68666817274674
2024-11-02,wk inc flu hosp,3,2024-11-23,37,quantile,0.1,51.82607951497942
2024-11-02,wk inc flu hosp,3,2024-11-23,37,quantile,0.15,55.64056521365324
2024-11-02,wk inc flu hosp,3,2024-11-23,37,quantile,0.2,59.86942300011689
2024-11-02,wk inc flu hosp,3,2024-11-23,37,quantile,0.25,62.82411997378997
2024-11-02,wk inc flu hosp,3,2024-11-23,37,quantile,0.3,66.7018593657375
2024-11-02,wk inc flu hosp,3,2024-11-23,37,quantile,0.35,70.42948003501763
2024-11-02,wk inc flu hosp,3,2024-11-23,37,quantile,0.4,73.8400889243082
2024-11-02,wk inc flu hosp,3,2024-11-23,37,quantile,0.45,78.55535359260928
2024-11-02,wk inc flu hosp,3,2024-11-23,37,quantile,0.5,82.60581570521032
2024-11-02,wk inc flu hosp,3,2024-11-23,37,quantile,0.55,87.21756792136402
2024-11-02,wk inc flu hosp,3,2024-11-23,37,quantile,0.6,93.03351389754371
2024-11-02,wk inc flu hosp,3,2024-11-23,37,quantile,0.65,98.26084682008808
2024-11-02,wk inc flu hosp,3,2024-11-23,37,quantile,0.7,103.23725382815124
2024-11-02,wk inc flu hosp,3,2024-11-23,37,quantile,0.75,109.30468146455036
2024-11-02,wk inc flu hosp,3,2024-11-23,37,quantile,0.8,116.46742117010683
2024-11-02,wk inc flu hosp,3,2024-11-23,37,quantile,0.85,123.60582425257861
2024-11-02,wk inc flu hosp,3,2024-11-23,37,quantile,0.9,132.5337451517781
2024-11-02,wk inc flu hosp,3,2024-11-23,37,quantile,0.95,145.6951442674036
2024-11-02,wk inc flu hosp,3,2024-11-23,37,quantile,0.975,160.2422469638907
2024-11-02,wk inc flu hosp,3,2024-11-23,37,quantile,0.99,177.40354289033925
2024-11-02,wk inc flu hosp,0,2024-11-02,38,quantile,0.01,0.0
2024-11-02,wk inc flu hosp,0,2024-11-02,38,quantile,0.025,0.0
2024-11-02,wk inc flu hosp,0,2024-11-02,38,quantile,0.05,0.0
2024-11-02,wk inc flu hosp,0,2024-11-02,38,quantile,0.1,0.002872546925995599
2024-11-02,wk inc flu hosp,0,2024-11-02,38,quantile,0.15,0.01598982474518218
2024-11-02,wk inc flu hosp,0,2024-11-02,38,quantile,0.2,0.09510307609646623
2024-11-02,wk inc flu hosp,0,2024-11-02,38,quantile,0.25,0.17047604011049622
2024-11-02,wk inc flu hosp,0,2024-11-02,38,quantile,0.3,0.7146224126229214
2024-11-02,wk inc flu hosp,0,2024-11-02,38,quantile,0.35,0.9201715684135864
2024-11-02,wk inc flu hosp,0,2024-11-02,38,quantile,0.4,0.9818665832451312
2024-11-02,wk inc flu hosp,0,2024-11-02,38,quantile,0.45,1.1398122263866128
2024-11-02,wk inc flu hosp,0,2024-11-02,38,quantile,0.5,1.196685841703573
2024-11-02,wk inc flu hosp,0,2024-11-02,38,quantile,0.55,1.2644270304621554
2024-11-02,wk inc flu hosp,0,2024-11-02,38,quantile,0.6,1.4095426477767874
2024-11-02,wk inc flu hosp,0,2024-11-02,38,quantile,0.65,1.5422097317278785
2024-11-02,wk inc flu hosp,0,2024-11-02,38,quantile,0.7,1.6807327900378684
2024-11-02,wk inc flu hosp,0,2024-11-02,38,quantile,0.75,1.922288442636048
2024-11-02,wk inc flu hosp,0,2024-11-02,38,quantile,0.8,2.423452090170441
2024-11-02,wk inc flu hosp,0,2024-11-02,38,quantile,0.85,2.4691820994303297
2024-11-02,wk inc flu hosp,0,2024-11-02,38,quantile,0.9,2.4776378607124756
2024-11-02,wk inc flu hosp,0,2024-11-02,38,quantile,0.95,3.5663387427642417
2024-11-02,wk inc flu hosp,0,2024-11-02,38,quantile,0.975,4.545274679967616
2024-11-02,wk inc flu hosp,0,2024-11-02,38,quantile,0.99,9.442854332625258
2024-11-02,wk inc flu hosp,1,2024-11-09,38,quantile,0.01,0.033832573939723665
2024-11-02,wk inc flu hosp,1,2024-11-09,38,quantile,0.025,0.0874983767128247
2024-11-02,wk inc flu hosp,1,2024-11-09,38,quantile,0.05,0.18796564252893364
2024-11-02,wk inc flu hosp,1,2024-11-09,38,quantile,0.1,0.25523017114297897
2024-11-02,wk inc flu hosp,1,2024-11-09,38,quantile,0.15,0.3766558807194927
2024-11-02,wk inc flu hosp,1,2024-11-09,38,quantile,0.2,0.8957921116478905
2024-11-02,wk inc flu hosp,1,2024-11-09,38,quantile,0.25,1.3369079561941795
2024-11-02,wk inc flu hosp,1,2024-11-09,38,quantile,0.3,1.6155903971832917
2024-11-02,wk inc flu hosp,1,2024-11-09,38,quantile,0.35,1.7523537199760624
2024-11-02,wk inc flu hosp,1,2024-11-09,38,quantile,0.4,2.0072927504800497
2024-11-02,wk inc flu hosp,1,2024-11-09,38,quantile,0.45,2.2139376984532255
2024-11-02,wk inc flu hosp,1,2024-11-09,38,quantile,0.5,2.388273380745461
2024-11-02,wk inc flu hosp,1,2024-11-09,38,quantile,0.55,2.6115033801032004
2024-11-02,wk inc flu hosp,1,2024-11-09,38,quantile,0.6,3.112929412205487
2024-11-02,wk inc flu hosp,1,2024-11-09,38,quantile,0.65,3.5982327306092117
2024-11-02,wk inc flu hosp,1,2024-11-09,38,quantile,0.7,3.888605239294546
2024-11-02,wk inc flu hosp,1,2024-11-09,38,quantile,0.75,4.04462969548085
2024-11-02,wk inc flu hosp,1,2024-11-09,38,quantile,0.8,4.427543929223351
2024-11-02,wk inc flu hosp,1,2024-11-09,38,quantile,0.85,4.987907646903614
2024-11-02,wk inc flu hosp,1,2024-11-09,38,quantile,0.9,5.5553075898893765
2024-11-02,wk inc flu hosp,1,2024-11-09,38,quantile,0.95,6.166908943849821
2024-11-02,wk inc flu hosp,1,2024-11-09,38,quantile,0.975,6.3985451634869825
2024-11-02,wk inc flu hosp,1,2024-11-09,38,quantile,0.99,8.632190084274512
2024-11-02,wk inc flu hosp,2,2024-11-16,38,quantile,0.01,0.03758237409053685
2024-11-02,wk inc flu hosp,2,2024-11-16,38,quantile,0.025,0.12508493849880217
2024-11-02,wk inc flu hosp,2,2024-11-16,38,quantile,0.05,0.2914438806592095
2024-11-02,wk inc flu hosp,2,2024-11-16,38,quantile,0.1,0.8277771837207001
2024-11-02,wk inc flu hosp,2,2024-11-16,38,quantile,0.15,1.472898412742465
2024-11-02,wk inc flu hosp,2,2024-11-16,38,quantile,0.2,1.7932840454968322
2024-11-02,wk inc flu hosp,2,2024-11-16,38,quantile,0.25,2.265220806922505
2024-11-02,wk inc flu hosp,2,2024-11-16,38,quantile,0.3,2.4860877670842134
2024-11-02,wk inc flu hosp,2,2024-11-16,38,quantile,0.35,2.6781647109317688
2024-11-02,wk inc flu hosp,2,2024-11-16,38,quantile,0.4,2.849314064447459
2024-11-02,wk inc flu hosp,2,2024-11-16,38,quantile,0.45,3.0623652772296484
2024-11-02,wk inc flu hosp,2,2024-11-16,38,quantile,0.5,3.3129970753612645
2024-11-02,wk inc flu hosp,2,2024-11-16,38,quantile,0.55,3.6475461050622653
2024-11-02,wk inc flu hosp,2,2024-11-16,38,quantile,0.6,3.988480454883255
2024-11-02,wk inc flu hosp,2,2024-11-16,38,quantile,0.65,4.313975055418055
2024-11-02,wk inc flu hosp,2,2024-11-16,38,quantile,0.7,4.630020308812959
2024-11-02,wk inc flu hosp,2,2024-11-16,38,quantile,0.75,4.954960335426289
2024-11-02,wk inc flu hosp,2,2024-11-16,38,quantile,0.8,5.297375072413809
2024-11-02,wk inc flu hosp,2,2024-11-16,38,quantile,0.85,5.6425600649025185
2024-11-02,wk inc flu hosp,2,2024-11-16,38,quantile,0.9,5.968378893994478
2024-11-02,wk inc flu hosp,2,2024-11-16,38,quantile,0.95,7.217851729440437
2024-11-02,wk inc flu hosp,2,2024-11-16,38,quantile,0.975,8.238029377009962
2024-11-02,wk inc flu hosp,2,2024-11-16,38,quantile,0.99,10.640485381684703
2024-11-02,wk inc flu hosp,3,2024-11-23,38,quantile,0.01,0.0006019514783419797
2024-11-02,wk inc flu hosp,3,2024-11-23,38,quantile,0.025,0.1608859787504566
2024-11-02,wk inc flu hosp,3,2024-11-23,38,quantile,0.05,0.7120333544080427
2024-11-02,wk inc flu hosp,3,2024-11-23,38,quantile,0.1,1.5530032200137498
2024-11-02,wk inc flu hosp,3,2024-11-23,38,quantile,0.15,2.1212611142846027
2024-11-02,wk inc flu hosp,3,2024-11-23,38,quantile,0.2,2.7018095120997083
2024-11-02,wk inc flu hosp,3,2024-11-23,38,quantile,0.25,3.098197240115641
2024-11-02,wk inc flu hosp,3,2024-11-23,38,quantile,0.3,3.451490497979896
2024-11-02,wk inc flu hosp,3,2024-11-23,38,quantile,0.35,3.8080024547544427
2024-11-02,wk inc flu hosp,3,2024-11-23,38,quantile,0.4,4.045332031888154
2024-11-02,wk inc flu hosp,3,2024-11-23,38,quantile,0.45,4.336192430957007
2024-11-02,wk inc flu hosp,3,2024-11-23,38,quantile,0.5,4.735968378005674
2024-11-02,wk inc flu hosp,3,2024-11-23,38,quantile,0.55,5.1043800268175294
2024-11-02,wk inc flu hosp,3,2024-11-23,38,quantile,0.6,5.5387408090317996
2024-11-02,wk inc flu hosp,3,2024-11-23,38,quantile,0.65,5.941652190202919
2024-11-02,wk inc flu hosp,3,2024-11-23,38,quantile,0.7,6.265039006929717
2024-11-02,wk inc flu hosp,3,2024-11-23,38,quantile,0.75,6.602874232778394
2024-11-02,wk inc flu hosp,3,2024-11-23,38,quantile,0.8,7.2059317801233425
2024-11-02,wk inc flu hosp,3,2024-11-23,38,quantile,0.85,8.065090530208792
2024-11-02,wk inc flu hosp,3,2024-11-23,38,quantile,0.9,9.247685521694063
2024-11-02,wk inc flu hosp,3,2024-11-23,38,quantile,0.95,10.883322052863242
2024-11-02,wk inc flu hosp,3,2024-11-23,38,quantile,0.975,12.786397834791357
2024-11-02,wk inc flu hosp,3,2024-11-23,38,quantile,0.99,13.368401845066897
2024-11-02,wk inc flu hosp,0,2024-11-02,39,quantile,0.01,17.428191529201417
2024-11-02,wk inc flu hosp,0,2024-11-02,39,quantile,0.025,27.171527707814676
2024-11-02,wk inc flu hosp,0,2024-11-02,39,quantile,0.05,89.44442426447857
2024-11-02,wk inc flu hosp,0,2024-11-02,39,quantile,0.1,96.75975897508201
2024-11-02,wk inc flu hosp,0,2024-11-02,39,quantile,0.15,113.93944921578215
2024-11-02,wk inc flu hosp,0,2024-11-02,39,quantile,0.2,125.35542559721209
2024-11-02,wk inc flu hosp,0,2024-11-02,39,quantile,0.25,138.5191641551222
2024-11-02,wk inc flu hosp,0,2024-11-02,39,quantile,0.3,161.81717112046937
2024-11-02,wk inc flu hosp,0,2024-11-02,39,quantile,0.35,171.7419793990697
2024-11-02,wk inc flu hosp,0,2024-11-02,39,quantile,0.4,178.011938635747
2024-11-02,wk inc flu hosp,0,2024-11-02,39,quantile,0.45,196.07042867139563
2024-11-02,wk inc flu hosp,0,2024-11-02,39,quantile,0.5,227.76320923002547
2024-11-02,wk inc flu hosp,0,2024-11-02,39,quantile,0.55,233.98326150843428
2024-11-02,wk inc flu hosp,0,2024-11-02,39,quantile,0.6,237.02673100732312
2024-11-02,wk inc flu hosp,0,2024-11-02,39,quantile,0.65,238.6182301032792
2024-11-02,wk inc flu hosp,0,2024-11-02,39,quantile,0.7,248.41088542183763
2024-11-02,wk inc flu hosp,0,2024-11-02,39,quantile,0.75,260.2888631736937
2024-11-02,wk inc flu hosp,0,2024-11-02,39,quantile,0.8,271.02174386759566
2024-11-02,wk inc flu hosp,0,2024-11-02,39,quantile,0.85,277.99787454456305
2024-11-02,wk inc flu hosp,0,2024-11-02,39,quantile,0.9,280.7072674168262
2024-11-02,wk inc flu hosp,0,2024-11-02,39,quantile,0.95,292.9074381353518
2024-11-02,wk inc flu hosp,0,2024-11-02,39,quantile,0.975,298.67322193708804
2024-11-02,wk inc flu hosp,0,2024-11-02,39,quantile,0.99,303.5811705288083
2024-11-02,wk inc flu hosp,1,2024-11-09,39,quantile,0.01,28.936816420932264
2024-11-02,wk inc flu hosp,1,2024-11-09,39,quantile,0.025,37.268070064115186
2024-11-02,wk inc flu hosp,1,2024-11-09,39,quantile,0.05,62.39399817042229
2024-11-02,wk inc flu hosp,1,2024-11-09,39,quantile,0.1,93.114590272814
2024-11-02,wk inc flu hosp,1,2024-11-09,39,quantile,0.15,111.75060751090375
2024-11-02,wk inc flu hosp,1,2024-11-09,39,quantile,0.2,126.70897881420322
2024-11-02,wk inc flu hosp,1,2024-11-09,39,quantile,0.25,139.11195248552696
2024-11-02,wk inc flu hosp,1,2024-11-09,39,quantile,0.3,150.60475051830636
2024-11-02,wk inc flu hosp,1,2024-11-09,39,quantile,0.35,174.14079313302324
2024-11-02,wk inc flu hosp,1,2024-11-09,39,quantile,0.4,189.034048756234
2024-11-02,wk inc flu hosp,1,2024-11-09,39,quantile,0.45,201.51654008428667
2024-11-02,wk inc flu hosp,1,2024-11-09,39,quantile,0.5,210.87732648013707
2024-11-02,wk inc flu hosp,1,2024-11-09,39,quantile,0.55,228.23276839077957
2024-11-02,wk inc flu hosp,1,2024-11-09,39,quantile,0.6,236.72958868554977
2024-11-02,wk inc flu hosp,1,2024-11-09,39,quantile,0.65,255.92802037740844
2024-11-02,wk inc flu hosp,1,2024-11-09,39,quantile,0.7,268.4001358221537
2024-11-02,wk inc flu hosp,1,2024-11-09,39,quantile,0.75,280.6788171977581
2024-11-02,wk inc flu hosp,1,2024-11-09,39,quantile,0.8,291.2850419533678
2024-11-02,wk inc flu hosp,1,2024-11-09,39,quantile,0.85,299.93599889241204
2024-11-02,wk inc flu hosp,1,2024-11-09,39,quantile,0.9,315.06292600948643
2024-11-02,wk inc flu hosp,1,2024-11-09,39,quantile,0.95,340.01851219353296
2024-11-02,wk inc flu hosp,1,2024-11-09,39,quantile,0.975,355.4939056130376
2024-11-02,wk inc flu hosp,1,2024-11-09,39,quantile,0.99,368.4344686596749
2024-11-02,wk inc flu hosp,2,2024-11-16,39,quantile,0.01,25.267131156091512
2024-11-02,wk inc flu hosp,2,2024-11-16,39,quantile,0.025,39.80878324312904
2024-11-02,wk inc flu hosp,2,2024-11-16,39,quantile,0.05,53.664491618921325
2024-11-02,wk inc flu hosp,2,2024-11-16,39,quantile,0.1,78.5154825678249
2024-11-02,wk inc flu hosp,2,2024-11-16,39,quantile,0.15,91.97576833083981
2024-11-02,wk inc flu hosp,2,2024-11-16,39,quantile,0.2,116.15284657125376
2024-11-02,wk inc flu hosp,2,2024-11-16,39,quantile,0.25,128.4889513443565
2024-11-02,wk inc flu hosp,2,2024-11-16,39,quantile,0.3,141.57532277102806
2024-11-02,wk inc flu hosp,2,2024-11-16,39,quantile,0.35,169.31070098980643
2024-11-02,wk inc flu hosp,2,2024-11-16,39,quantile,0.4,186.47694802878877
2024-11-02,wk inc flu hosp,2,2024-11-16,39,quantile,0.45,197.82119267624554
2024-11-02,wk inc flu hosp,2,2024-11-16,39,quantile,0.5,209.6550874185467
2024-11-02,wk inc flu hosp,2,2024-11-16,39,quantile,0.55,217.8119382802915
2024-11-02,wk inc flu hosp,2,2024-11-16,39,quantile,0.6,236.2237764772279
2024-11-02,wk inc flu hosp,2,2024-11-16,39,quantile,0.65,256.3748127261057
2024-11-02,wk inc flu hosp,2,2024-11-16,39,quantile,0.7,273.48285101845244
2024-11-02,wk inc flu hosp,2,2024-11-16,39,quantile,0.75,285.8612453792945
2024-11-02,wk inc flu hosp,2,2024-11-16,39,quantile,0.8,300.368303726677
2024-11-02,wk inc flu hosp,2,2024-11-16,39,quantile,0.85,315.462546786884
2024-11-02,wk inc flu hosp,2,2024-11-16,39,quantile,0.9,338.3236633482516
2024-11-02,wk inc flu hosp,2,2024-11-16,39,quantile,0.95,381.10385957483743
2024-11-02,wk inc flu hosp,2,2024-11-16,39,quantile,0.975,471.5233869498912
2024-11-02,wk inc flu hosp,2,2024-11-16,39,quantile,0.99,561.21229992851
2024-11-02,wk inc flu hosp,3,2024-11-23,39,quantile,0.01,25.453585465842774
2024-11-02,wk inc flu hosp,3,2024-11-23,39,quantile,0.025,36.05049320064921
2024-11-02,wk inc flu hosp,3,2024-11-23,39,quantile,0.05,48.83448661161172
2024-11-02,wk inc flu hosp,3,2024-11-23,39,quantile,0.1,69.0357297060639
2024-11-02,wk inc flu hosp,3,2024-11-23,39,quantile,0.15,85.06408135643824
2024-11-02,wk inc flu hosp,3,2024-11-23,39,quantile,0.2,98.95373376069927
2024-11-02,wk inc flu hosp,3,2024-11-23,39,quantile,0.25,113.69590372233111
2024-11-02,wk inc flu hosp,3,2024-11-23,39,quantile,0.3,126.76441278908138
2024-11-02,wk inc flu hosp,3,2024-11-23,39,quantile,0.35,143.04871192124997
2024-11-02,wk inc flu hosp,3,2024-11-23,39,quantile,0.4,168.00634596974945
2024-11-02,wk inc flu hosp,3,2024-11-23,39,quantile,0.45,186.50437030353007
2024-11-02,wk inc flu hosp,3,2024-11-23,39,quantile,0.5,198.61568342409566
2024-11-02,wk inc flu hosp,3,2024-11-23,39,quantile,0.55,210.2607500668563
2024-11-02,wk inc flu hosp,3,2024-11-23,39,quantile,0.6,221.6416782160151
2024-11-02,wk inc flu hosp,3,2024-11-23,39,quantile,0.65,242.97520601514606
2024-11-02,wk inc flu hosp,3,2024-11-23,39,quantile,0.7,277.5344615036804
2024-11-02,wk inc flu hosp,3,2024-11-23,39,quantile,0.75,294.71534713508737
2024-11-02,wk inc flu hosp,3,2024-11-23,39,quantile,0.8,311.8681336993248
2024-11-02,wk inc flu hosp,3,2024-11-23,39,quantile,0.85,331.6129073773304
2024-11-02,wk inc flu hosp,3,2024-11-23,39,quantile,0.9,361.6191918397564
2024-11-02,wk inc flu hosp,3,2024-11-23,39,quantile,0.95,466.88420880650176
2024-11-02,wk inc flu hosp,3,2024-11-23,39,quantile,0.975,538.6144145974828
2024-11-02,wk inc flu hosp,3,2024-11-23,39,quantile,0.99,586.0188586543048
2024-11-02,wk inc flu hosp,0,2024-11-02,40,quantile,0.01,0.0
2024-11-02,wk inc flu hosp,0,2024-11-02,40,quantile,0.025,0.0
2024-11-02,wk inc flu hosp,0,2024-11-02,40,quantile,0.05,0.0
2024-11-02,wk inc flu hosp,0,2024-11-02,40,quantile,0.1,0.0
2024-11-02,wk inc flu hosp,0,2024-11-02,40,quantile,0.15,0.0
2024-11-02,wk inc flu hosp,0,2024-11-02,40,quantile,0.2,0.0
2024-11-02,wk inc flu hosp,0,2024-11-02,40,quantile,0.25,0.0
2024-11-02,wk inc flu hosp,0,2024-11-02,40,quantile,0.3,0.0
2024-11-02,wk inc flu hosp,0,2024-11-02,40,quantile,0.35,0.0
2024-11-02,wk inc flu hosp,0,2024-11-02,40,quantile,0.4,0.19216649970962654
2024-11-02,wk inc flu hosp,0,2024-11-02,40,quantile,0.45,1.1543089788695136
2024-11-02,wk inc flu hosp,0,2024-11-02,40,quantile,0.5,1.9207782160662425
2024-11-02,wk inc flu hosp,0,2024-11-02,40,quantile,0.55,2.3633184118380193
2024-11-02,wk inc flu hosp,0,2024-11-02,40,quantile,0.6,3.0767807883548066
2024-11-02,wk inc flu hosp,0,2024-11-02,40,quantile,0.65,4.1002935814558805
2024-11-02,wk inc flu hosp,0,2024-11-02,40,quantile,0.7,6.113179877428299
2024-11-02,wk inc flu hosp,0,2024-11-02,40,quantile,0.75,12.522103118471133
2024-11-02,wk inc flu hosp,0,2024-11-02,40,quantile,0.8,28.480325078225814
2024-11-02,wk inc flu hosp,0,2024-11-02,40,quantile,0.85,47.22909174633343
2024-11-02,wk inc flu hosp,0,2024-11-02,40,quantile,0.9,48.03982957145237
2024-11-02,wk inc flu hosp,0,2024-11-02,40,quantile,0.95,68.53226995557736
2024-11-02,wk inc flu hosp,0,2024-11-02,40,quantile,0.975,126.25717228613587
2024-11-02,wk inc flu hosp,0,2024-11-02,40,quantile,0.99,215.23194148522822
2024-11-02,wk inc flu hosp,1,2024-11-09,40,quantile,0.01,0.0
2024-11-02,wk inc flu hosp,1,2024-11-09,40,quantile,0.025,0.0
2024-11-02,wk inc flu hosp,1,2024-11-09,40,quantile,0.05,0.0
2024-11-02,wk inc flu hosp,1,2024-11-09,40,quantile,0.1,1.2810624727677544
2024-11-02,wk inc flu hosp,1,2024-11-09,40,quantile,0.15,1.8874316116034566
2024-11-02,wk inc flu hosp,1,2024-11-09,40,quantile,0.2,2.7616500614552226
2024-11-02,wk inc flu hosp,1,2024-11-09,40,quantile,0.25,3.903504359986177
2024-11-02,wk inc flu hosp,1,2024-11-09,40,quantile,0.3,5.239078944733057
2024-11-02,wk inc flu hosp,1,2024-11-09,40,quantile,0.35,5.736540976793377
2024-11-02,wk inc flu hosp,1,2024-11-09,40,quantile,0.4,6.274580621773623
2024-11-02,wk inc flu hosp,1,2024-11-09,40,quantile,0.45,7.0214256974144815
2024-11-02,wk inc flu hosp,1,2024-11-09,40,quantile,0.5,8.62499460573622
2024-11-02,wk inc flu hosp,1,2024-11-09,40,quantile,0.55,11.295253704772467
2024-11-02,wk inc flu hosp,1,2024-11-09,40,quantile,0.6,16.336064524688652
2024-11-02,wk inc flu hosp,1,2024-11-09,40,quantile,0.65,20.425568049227138
2024-11-02,wk inc flu hosp,1,2024-11-09,40,quantile,0.7,24.827753882953164
2024-11-02,wk inc flu hosp,1,2024-11-09,40,quantile,0.75,29.179691130345812
2024-11-02,wk inc flu hosp,1,2024-11-09,40,quantile,0.8,37.066297369009625
2024-11-02,wk inc flu hosp,1,2024-11-09,40,quantile,0.85,44.576120385441506
2024-11-02,wk inc flu hosp,1,2024-11-09,40,quantile,0.9,58.77777918164224
2024-11-02,wk inc flu hosp,1,2024-11-09,40,quantile,0.95,104.88923971996904
2024-11-02,wk inc flu hosp,1,2024-11-09,40,quantile,0.975,169.72060764017027
2024-11-02,wk inc flu hosp,1,2024-11-09,40,quantile,0.99,214.37275054623709
2024-11-02,wk inc flu hosp,2,2024-11-16,40,quantile,0.01,0.0
2024-11-02,wk inc flu hosp,2,2024-11-16,40,quantile,0.025,1.3099026205446358
2024-11-02,wk inc flu hosp,2,2024-11-16,40,quantile,0.05,1.5547649799175243
2024-11-02,wk inc flu hosp,2,2024-11-16,40,quantile,0.1,2.368789064294461
2024-11-02,wk inc flu hosp,2,2024-11-16,40,quantile,0.15,3.057168242546982
2024-11-02,wk inc flu hosp,2,2024-11-16,40,quantile,0.2,3.803073133595367
2024-11-02,wk inc flu hosp,2,2024-11-16,40,quantile,0.25,5.486973245304753
2024-11-02,wk inc flu hosp,2,2024-11-16,40,quantile,0.3,7.837894722204461
2024-11-02,wk inc flu hosp,2,2024-11-16,40,quantile,0.35,11.57169514313546
2024-11-02,wk inc flu hosp,2,2024-11-16,40,quantile,0.4,15.60193885544074
2024-11-02,wk inc flu hosp,2,2024-11-16,40,quantile,0.45,20.128090267105968
2024-11-02,wk inc flu hosp,2,2024-11-16,40,quantile,0.5,27.788971115857773
2024-11-02,wk inc flu hosp,2,2024-11-16,40,quantile,0.55,37.375051822002185
2024-11-02,wk inc flu hosp,2,2024-11-16,40,quantile,0.6,45.7495683811533
2024-11-02,wk inc flu hosp,2,2024-11-16,40,quantile,0.65,52.44690961780467
2024-11-02,wk inc flu hosp,2,2024-11-16,40,quantile,0.7,58.921297409252126
2024-11-02,wk inc flu hosp,2,2024-11-16,40,quantile,0.75,68.41512431392044
2024-11-02,wk inc flu hosp,2,2024-11-16,40,quantile,0.8,79.93020120439554
2024-11-02,wk inc flu hosp,2,2024-11-16,40,quantile,0.85,95.93368676202343
2024-11-02,wk inc flu hosp,2,2024-11-16,40,quantile,0.9,121.02664087765616
2024-11-02,wk inc flu hosp,2,2024-11-16,40,quantile,0.95,174.25348246429817
2024-11-02,wk inc flu hosp,2,2024-11-16,40,quantile,0.975,201.34184308786013
2024-11-02,wk inc flu hosp,2,2024-11-16,40,quantile,0.99,222.75011185757305
2024-11-02,wk inc flu hosp,3,2024-11-23,40,quantile,0.01,1.5477138515035642
2024-11-02,wk inc flu hosp,3,2024-11-23,40,quantile,0.025,2.575547256138413
2024-11-02,wk inc flu hosp,3,2024-11-23,40,quantile,0.05,4.093145154495978
2024-11-02,wk inc flu hosp,3,2024-11-23,40,quantile,0.1,7.052103438442122
2024-11-02,wk inc flu hosp,3,2024-11-23,40,quantile,0.15,8.660420840121622
2024-11-02,wk inc flu hosp,3,2024-11-23,40,quantile,0.2,11.23221288067391
2024-11-02,wk inc flu hosp,3,2024-11-23,40,quantile,0.25,14.558404130028784
2024-11-02,wk inc flu hosp,3,2024-11-23,40,quantile,0.3,19.39068968880361
2024-11-02,wk inc flu hosp,3,2024-11-23,40,quantile,0.35,27.905527743702592
2024-11-02,wk inc flu hosp,3,2024-11-23,40,quantile,0.4,35.659620931331396
2024-11-02,wk inc flu hosp,3,2024-11-23,40,quantile,0.45,47.224563002916234
2024-11-02,wk inc flu hosp,3,2024-11-23,40,quantile,0.5,52.44013365947322
2024-11-02,wk inc flu hosp,3,2024-11-23,40,quantile,0.55,57.97300612384728
2024-11-02,wk inc flu hosp,3,2024-11-23,40,quantile,0.6,65.45850678121066
2024-11-02,wk inc flu hosp,3,2024-11-23,40,quantile,0.65,71.42425926954279
2024-11-02,wk inc flu hosp,3,2024-11-23,40,quantile,0.7,80.60253544168158
2024-11-02,wk inc flu hosp,3,2024-11-23,40,quantile,0.75,92.25810596116614
2024-11-02,wk inc flu hosp,3,2024-11-23,40,quantile,0.8,111.5203122567482
2024-11-02,wk inc flu hosp,3,2024-11-23,40,quantile,0.85,125.86133321509426
2024-11-02,wk inc flu hosp,3,2024-11-23,40,quantile,0.9,149.71698170042978
2024-11-02,wk inc flu hosp,3,2024-11-23,40,quantile,0.95,196.8202362407242
2024-11-02,wk inc flu hosp,3,2024-11-23,40,quantile,0.975,236.40974226513947
2024-11-02,wk inc flu hosp,3,2024-11-23,40,quantile,0.99,258.74514113141174
2024-11-02,wk inc flu hosp,0,2024-11-02,41,quantile,0.01,2.414854331792625
2024-11-02,wk inc flu hosp,0,2024-11-02,41,quantile,0.025,2.66256515571161
2024-11-02,wk inc flu hosp,0,2024-11-02,41,quantile,0.05,2.877446796132122
2024-11-02,wk inc flu hosp,0,2024-11-02,41,quantile,0.1,3.151938567374161
2024-11-02,wk inc flu hosp,0,2024-11-02,41,quantile,0.15,3.3757891376121085
2024-11-02,wk inc flu hosp,0,2024-11-02,41,quantile,0.2,3.4850708596874043
2024-11-02,wk inc flu hosp,0,2024-11-02,41,quantile,0.25,3.668278128336998
2024-11-02,wk inc flu hosp,0,2024-11-02,41,quantile,0.3,4.389467989781676
2024-11-02,wk inc flu hosp,0,2024-11-02,41,quantile,0.35,4.7232179316232825
2024-11-02,wk inc flu hosp,0,2024-11-02,41,quantile,0.4,4.773984170928801
2024-11-02,wk inc flu hosp,0,2024-11-02,41,quantile,0.45,4.833614098777259
2024-11-02,wk inc flu hosp,0,2024-11-02,41,quantile,0.5,5.049447959264709
2024-11-02,wk inc flu hosp,0,2024-11-02,41,quantile,0.55,5.140089344956624
2024-11-02,wk inc flu hosp,0,2024-11-02,41,quantile,0.6,7.937301842250753
2024-11-02,wk inc flu hosp,0,2024-11-02,41,quantile,0.65,8.471129524809161
2024-11-02,wk inc flu hosp,0,2024-11-02,41,quantile,0.7,9.611956625806746
2024-11-02,wk inc flu hosp,0,2024-11-02,41,quantile,0.75,11.558077528653627
2024-11-02,wk inc flu hosp,0,2024-11-02,41,quantile,0.8,11.833750625759336
2024-11-02,wk inc flu hosp,0,2024-11-02,41,quantile,0.85,12.263866454532499
2024-11-02,wk inc flu hosp,0,2024-11-02,41,quantile,0.9,16.84902325125806
2024-11-02,wk inc flu hosp,0,2024-11-02,41,quantile,0.95,22.44362365818327
2024-11-02,wk inc flu hosp,0,2024-11-02,41,quantile,0.975,43.85133254731259
2024-11-02,wk inc flu hosp,0,2024-11-02,41,quantile,0.99,58.18875936365953
2024-11-02,wk inc flu hosp,1,2024-11-09,41,quantile,0.01,1.9410627221639822
2024-11-02,wk inc flu hosp,1,2024-11-09,41,quantile,0.025,2.397520426972401
2024-11-02,wk inc flu hosp,1,2024-11-09,41,quantile,0.05,2.634284168565652
2024-11-02,wk inc flu hosp,1,2024-11-09,41,quantile,0.1,3.7290285019993052
2024-11-02,wk inc flu hosp,1,2024-11-09,41,quantile,0.15,5.2624718152643455
2024-11-02,wk inc flu hosp,1,2024-11-09,41,quantile,0.2,6.283384389407991
2024-11-02,wk inc flu hosp,1,2024-11-09,41,quantile,0.25,6.663870554581095
2024-11-02,wk inc flu hosp,1,2024-11-09,41,quantile,0.3,7.204525668793465
2024-11-02,wk inc flu hosp,1,2024-11-09,41,quantile,0.35,7.987187876103088
2024-11-02,wk inc flu hosp,1,2024-11-09,41,quantile,0.4,8.505864738729919
2024-11-02,wk inc flu hosp,1,2024-11-09,41,quantile,0.45,9.23094337994902
2024-11-02,wk inc flu hosp,1,2024-11-09,41,quantile,0.5,11.046892955835789
2024-11-02,wk inc flu hosp,1,2024-11-09,41,quantile,0.55,13.053846158357977
2024-11-02,wk inc flu hosp,1,2024-11-09,41,quantile,0.6,15.852870924089478
2024-11-02,wk inc flu hosp,1,2024-11-09,41,quantile,0.65,18.465123126782043
2024-11-02,wk inc flu hosp,1,2024-11-09,41,quantile,0.7,21.361393433316717
2024-11-02,wk inc flu hosp,1,2024-11-09,41,quantile,0.75,26.486594628931634
2024-11-02,wk inc flu hosp,1,2024-11-09,41,quantile,0.8,30.224181807219157
2024-11-02,wk inc flu hosp,1,2024-11-09,41,quantile,0.85,34.85821862934567
2024-11-02,wk inc flu hosp,1,2024-11-09,41,quantile,0.9,41.86881362382607
2024-11-02,wk inc flu hosp,1,2024-11-09,41,quantile,0.95,61.7068194199344
2024-11-02,wk inc flu hosp,1,2024-11-09,41,quantile,0.975,71.4587202664106
2024-11-02,wk inc flu hosp,1,2024-11-09,41,quantile,0.99,72.92925575675724
2024-11-02,wk inc flu hosp,2,2024-11-16,41,quantile,0.01,2.2465972539246577
2024-11-02,wk inc flu hosp,2,2024-11-16,41,quantile,0.025,2.8617302434992475
2024-11-02,wk inc flu hosp,2,2024-11-16,41,quantile,0.05,4.109187772154342
2024-11-02,wk inc flu hosp,2,2024-11-16,41,quantile,0.1,5.870038479964544
2024-11-02,wk inc flu hosp,2,2024-11-16,41,quantile,0.15,6.767770557351496
2024-11-02,wk inc flu hosp,2,2024-11-16,41,quantile,0.2,7.608999816347197
2024-11-02,wk inc flu hosp,2,2024-11-16,41,quantile,0.25,8.566475457045993
2024-11-02,wk inc flu hosp,2,2024-11-16,41,quantile,0.3,10.341149761173423
2024-11-02,wk inc flu hosp,2,2024-11-16,41,quantile,0.35,11.91664861693421
2024-11-02,wk inc flu hosp,2,2024-11-16,41,quantile,0.4,14.231299772741746
2024-11-02,wk inc flu hosp,2,2024-11-16,41,quantile,0.45,17.071278481753563
2024-11-02,wk inc flu hosp,2,2024-11-16,41,quantile,0.5,19.811418357607877
2024-11-02,wk inc flu hosp,2,2024-11-16,41,quantile,0.55,23.937856738723656
2024-11-02,wk inc flu hosp,2,2024-11-16,41,quantile,0.6,27.445938888533654
2024-11-02,wk inc flu hosp,2,2024-11-16,41,quantile,0.65,30.477715331801534
2024-11-02,wk inc flu hosp,2,2024-11-16,41,quantile,0.7,32.63010669632319
2024-11-02,wk inc flu hosp,2,2024-11-16,41,quantile,0.75,34.96287945783186
2024-11-02,wk inc flu hosp,2,2024-11-16,41,quantile,0.8,39.5865873654729
2024-11-02,wk inc flu hosp,2,2024-11-16,41,quantile,0.85,46.24144467582969
2024-11-02,wk inc flu hosp,2,2024-11-16,41,quantile,0.9,57.56061434365406
2024-11-02,wk inc flu hosp,2,2024-11-16,41,quantile,0.95,78.04498340983659
2024-11-02,wk inc flu hosp,2,2024-11-16,41,quantile,0.975,86.41537772733473
2024-11-02,wk inc flu hosp,2,2024-11-16,41,quantile,0.99,96.4881496420459
2024-11-02,wk inc flu hosp,3,2024-11-23,41,quantile,0.01,3.21042373673215
2024-11-02,wk inc flu hosp,3,2024-11-23,41,quantile,0.025,4.686965589457147
2024-11-02,wk inc flu hosp,3,2024-11-23,41,quantile,0.05,6.262094891999157
2024-11-02,wk inc flu hosp,3,2024-11-23,41,quantile,0.1,9.757694597925697
2024-11-02,wk inc flu hosp,3,2024-11-23,41,quantile,0.15,12.197897691665073
2024-11-02,wk inc flu hosp,3,2024-11-23,41,quantile,0.2,15.409113913029676
2024-11-02,wk inc flu hosp,3,2024-11-23,41,quantile,0.25,17.278769301708962
2024-11-02,wk inc flu hosp,3,2024-11-23,41,quantile,0.3,21.36594070906654
2024-11-02,wk inc flu hosp,3,2024-11-23,41,quantile,0.35,25.899240785449575
2024-11-02,wk inc flu hosp,3,2024-11-23,41,quantile,0.4,30.026535981081878
2024-11-02,wk inc flu hosp,3,2024-11-23,41,quantile,0.45,33.994093199424135
2024-11-02,wk inc flu hosp,3,2024-11-23,41,quantile,0.5,36.649340903390765
2024-11-02,wk inc flu hosp,3,2024-11-23,41,quantile,0.55,40.03086565066208
2024-11-02,wk inc flu hosp,3,2024-11-23,41,quantile,0.6,43.19939566543826
2024-11-02,wk inc flu hosp,3,2024-11-23,41,quantile,0.65,46.06412676099547
2024-11-02,wk inc flu hosp,3,2024-11-23,41,quantile,0.7,49.915876053434815
2024-11-02,wk inc flu hosp,3,2024-11-23,41,quantile,0.75,54.01028638323563
2024-11-02,wk inc flu hosp,3,2024-11-23,41,quantile,0.8,59.68416815180056
2024-11-02,wk inc flu hosp,3,2024-11-23,41,quantile,0.85,68.58095769178236
2024-11-02,wk inc flu hosp,3,2024-11-23,41,quantile,0.9,80.36226952495183
2024-11-02,wk inc flu hosp,3,2024-11-23,41,quantile,0.95,90.0255085688246
2024-11-02,wk inc flu hosp,3,2024-11-23,41,quantile,0.975,98.61777199443796
2024-11-02,wk inc flu hosp,3,2024-11-23,41,quantile,0.99,112.03735092784864
2024-11-02,wk inc flu hosp,0,2024-11-02,42,quantile,0.01,20.370513408695093
2024-11-02,wk inc flu hosp,0,2024-11-02,42,quantile,0.025,28.185444068264907
2024-11-02,wk inc flu hosp,0,2024-11-02,42,quantile,0.05,29.019746349216682
2024-11-02,wk inc flu hosp,0,2024-11-02,42,quantile,0.1,46.16763744517886
2024-11-02,wk inc flu hosp,0,2024-11-02,42,quantile,0.15,53.37357370893141
2024-11-02,wk inc flu hosp,0,2024-11-02,42,quantile,0.2,53.57915734594105
2024-11-02,wk inc flu hosp,0,2024-11-02,42,quantile,0.25,55.33466742063115
2024-11-02,wk inc flu hosp,0,2024-11-02,42,quantile,0.3,57.54279841068034
2024-11-02,wk inc flu hosp,0,2024-11-02,42,quantile,0.35,59.166133661397154
2024-11-02,wk inc flu hosp,0,2024-11-02,42,quantile,0.4,60.70389913434911
2024-11-02,wk inc flu hosp,0,2024-11-02,42,quantile,0.45,62.82058046672616
2024-11-02,wk inc flu hosp,0,2024-11-02,42,quantile,0.5,63.30270501693707
2024-11-02,wk inc flu hosp,0,2024-11-02,42,quantile,0.55,64.26884938315798
2024-11-02,wk inc flu hosp,0,2024-11-02,42,quantile,0.6,65.53596488081246
2024-11-02,wk inc flu hosp,0,2024-11-02,42,quantile,0.65,67.18771230162575
2024-11-02,wk inc flu hosp,0,2024-11-02,42,quantile,0.7,69.58548027278647
2024-11-02,wk inc flu hosp,0,2024-11-02,42,quantile,0.75,73.62350898387497
2024-11-02,wk inc flu hosp,0,2024-11-02,42,quantile,0.8,77.76676834119691
2024-11-02,wk inc flu hosp,0,2024-11-02,42,quantile,0.85,82.50786429537843
2024-11-02,wk inc flu hosp,0,2024-11-02,42,quantile,0.9,82.72643036408103
2024-11-02,wk inc flu hosp,0,2024-11-02,42,quantile,0.95,118.6715725983728
2024-11-02,wk inc flu hosp,0,2024-11-02,42,quantile,0.975,165.54019913190172
2024-11-02,wk inc flu hosp,0,2024-11-02,42,quantile,0.99,267.03899548954007
2024-11-02,wk inc flu hosp,1,2024-11-09,42,quantile,0.01,24.29115736153024
2024-11-02,wk inc flu hosp,1,2024-11-09,42,quantile,0.025,30.08928659887153
2024-11-02,wk inc flu hosp,1,2024-11-09,42,quantile,0.05,33.50664699385085
2024-11-02,wk inc flu hosp,1,2024-11-09,42,quantile,0.1,40.223176492421494
2024-11-02,wk inc flu hosp,1,2024-11-09,42,quantile,0.15,46.380112571772344
2024-11-02,wk inc flu hosp,1,2024-11-09,42,quantile,0.2,49.320140395701664
2024-11-02,wk inc flu hosp,1,2024-11-09,42,quantile,0.25,54.01131527734306
2024-11-02,wk inc flu hosp,1,2024-11-09,42,quantile,0.3,57.039348139901826
2024-11-02,wk inc flu hosp,1,2024-11-09,42,quantile,0.35,60.12977117277113
2024-11-02,wk inc flu hosp,1,2024-11-09,42,quantile,0.4,65.62439208916156
2024-11-02,wk inc flu hosp,1,2024-11-09,42,quantile,0.45,70.69810438447799
2024-11-02,wk inc flu hosp,1,2024-11-09,42,quantile,0.5,74.75113375840398
2024-11-02,wk inc flu hosp,1,2024-11-09,42,quantile,0.55,80.71585166806719
2024-11-02,wk inc flu hosp,1,2024-11-09,42,quantile,0.6,84.00663737388972
2024-11-02,wk inc flu hosp,1,2024-11-09,42,quantile,0.65,88.86138150906582
2024-11-02,wk inc flu hosp,1,2024-11-09,42,quantile,0.7,97.20039491849214
2024-11-02,wk inc flu hosp,1,2024-11-09,42,quantile,0.75,102.28426786128325
2024-11-02,wk inc flu hosp,1,2024-11-09,42,quantile,0.8,110.0807269940983
2024-11-02,wk inc flu hosp,1,2024-11-09,42,quantile,0.85,118.1084537676569
2024-11-02,wk inc flu hosp,1,2024-11-09,42,quantile,0.9,130.70153186297267
2024-11-02,wk inc flu hosp,1,2024-11-09,42,quantile,0.95,160.03971600775
2024-11-02,wk inc flu hosp,1,2024-11-09,42,quantile,0.975,215.09164060004622
2024-11-02,wk inc flu hosp,1,2024-11-09,42,quantile,0.99,281.5154654630813
2024-11-02,wk inc flu hosp,2,2024-11-16,42,quantile,0.01,37.60488485744398
2024-11-02,wk inc flu hosp,2,2024-11-16,42,quantile,0.025,42.682378909270454
2024-11-02,wk inc flu hosp,2,2024-11-16,42,quantile,0.05,45.807112643263444
2024-11-02,wk inc flu hosp,2,2024-11-16,42,quantile,0.1,52.50847723544732
2024-11-02,wk inc flu hosp,2,2024-11-16,42,quantile,0.15,57.84795765573356
2024-11-02,wk inc flu hosp,2,2024-11-16,42,quantile,0.2,62.897590019889094
2024-11-02,wk inc flu hosp,2,2024-11-16,42,quantile,0.25,67.36801542025127
2024-11-02,wk inc flu hosp,2,2024-11-16,42,quantile,0.3,75.79821752115409
2024-11-02,wk inc flu hosp,2,2024-11-16,42,quantile,0.35,84.13520267952647
2024-11-02,wk inc flu hosp,2,2024-11-16,42,quantile,0.4,88.93390989322195
2024-11-02,wk inc flu hosp,2,2024-11-16,42,quantile,0.45,94.91764921343533
2024-11-02,wk inc flu hosp,2,2024-11-16,42,quantile,0.5,101.78067181808203
2024-11-02,wk inc flu hosp,2,2024-11-16,42,quantile,0.55,111.1889350269714
2024-11-02,wk inc flu hosp,2,2024-11-16,42,quantile,0.6,118.2810893846873
2024-11-02,wk inc flu hosp,2,2024-11-16,42,quantile,0.65,125.29944532591456
2024-11-02,wk inc flu hosp,2,2024-11-16,42,quantile,0.7,130.85122542040784
2024-11-02,wk inc flu hosp,2,2024-11-16,42,quantile,0.75,139.3164899964189
2024-11-02,wk inc flu hosp,2,2024-11-16,42,quantile,0.8,157.17724576862784
2024-11-02,wk inc flu hosp,2,2024-11-16,42,quantile,0.85,168.46754164735503
2024-11-02,wk inc flu hosp,2,2024-11-16,42,quantile,0.9,182.66402515038317
2024-11-02,wk inc flu hosp,2,2024-11-16,42,quantile,0.95,226.22857821264995
2024-11-02,wk inc flu hosp,2,2024-11-16,42,quantile,0.975,281.50811586012503
2024-11-02,wk inc flu hosp,2,2024-11-16,42,quantile,0.99,324.59152986938017
2024-11-02,wk inc flu hosp,3,2024-11-23,42,quantile,0.01,36.01241919453952
2024-11-02,wk inc flu hosp,3,2024-11-23,42,quantile,0.025,41.36345345908604
2024-11-02,wk inc flu hosp,3,2024-11-23,42,quantile,0.05,46.06354227457369
2024-11-02,wk inc flu hosp,3,2024-11-23,42,quantile,0.1,53.44322374639964
2024-11-02,wk inc flu hosp,3,2024-11-23,42,quantile,0.15,60.822615646878454
2024-11-02,wk inc flu hosp,3,2024-11-23,42,quantile,0.2,72.1198962884463
2024-11-02,wk inc flu hosp,3,2024-11-23,42,quantile,0.25,88.17167886032975
2024-11-02,wk inc flu hosp,3,2024-11-23,42,quantile,0.3,106.02017263906984
2024-11-02,wk inc flu hosp,3,2024-11-23,42,quantile,0.35,111.3795534282418
2024-11-02,wk inc flu hosp,3,2024-11-23,42,quantile,0.4,118.70766946442411
2024-11-02,wk inc flu hosp,3,2024-11-23,42,quantile,0.45,127.25334346378209
2024-11-02,wk inc flu hosp,3,2024-11-23,42,quantile,0.5,135.72911275179484
2024-11-02,wk inc flu hosp,3,2024-11-23,42,quantile,0.55,144.11165910087306
2024-11-02,wk inc flu hosp,3,2024-11-23,42,quantile,0.6,155.2170500633485
2024-11-02,wk inc flu hosp,3,2024-11-23,42,quantile,0.65,170.74178649051703
2024-11-02,wk inc flu hosp,3,2024-11-23,42,quantile,0.7,187.52029783581338
2024-11-02,wk inc flu hosp,3,2024-11-23,42,quantile,0.75,201.44014450953574
2024-11-02,wk inc flu hosp,3,2024-11-23,42,quantile,0.8,220.82977168269147
2024-11-02,wk inc flu hosp,3,2024-11-23,42,quantile,0.85,234.13948331581489
2024-11-02,wk inc flu hosp,3,2024-11-23,42,quantile,0.9,249.85946843721558
2024-11-02,wk inc flu hosp,3,2024-11-23,42,quantile,0.95,284.4028044777746
2024-11-02,wk inc flu hosp,3,2024-11-23,42,quantile,0.975,307.86073594769454
2024-11-02,wk inc flu hosp,3,2024-11-23,42,quantile,0.99,371.328736691861
2024-11-02,wk inc flu hosp,0,2024-11-02,44,quantile,0.01,0.0
2024-11-02,wk inc flu hosp,0,2024-11-02,44,quantile,0.025,0.0
2024-11-02,wk inc flu hosp,0,2024-11-02,44,quantile,0.05,0.0
2024-11-02,wk inc flu hosp,0,2024-11-02,44,quantile,0.1,0.0
2024-11-02,wk inc flu hosp,0,2024-11-02,44,quantile,0.15,0.0
2024-11-02,wk inc flu hosp,0,2024-11-02,44,quantile,0.2,8.865247364486319e-06
2024-11-02,wk inc flu hosp,0,2024-11-02,44,quantile,0.25,1.901712793798115e-05
2024-11-02,wk inc flu hosp,0,2024-11-02,44,quantile,0.3,0.006226529165033863
2024-11-02,wk inc flu hosp,0,2024-11-02,44,quantile,0.35,0.016686986738614577
2024-11-02,wk inc flu hosp,0,2024-11-02,44,quantile,0.4,0.13097807919717655
2024-11-02,wk inc flu hosp,0,2024-11-02,44,quantile,0.45,0.20623070220433357
2024-11-02,wk inc flu hosp,0,2024-11-02,44,quantile,0.5,0.24385929774364346
2024-11-02,wk inc flu hosp,0,2024-11-02,44,quantile,0.55,0.27571584556194423
2024-11-02,wk inc flu hosp,0,2024-11-02,44,quantile,0.6,0.3188065918841823
2024-11-02,wk inc flu hosp,0,2024-11-02,44,quantile,0.65,0.478043179975933
2024-11-02,wk inc flu hosp,0,2024-11-02,44,quantile,0.7,0.5230979700744961
2024-11-02,wk inc flu hosp,0,2024-11-02,44,quantile,0.75,0.8463834084241032
2024-11-02,wk inc flu hosp,0,2024-11-02,44,quantile,0.8,0.9720773410384765
2024-11-02,wk inc flu hosp,0,2024-11-02,44,quantile,0.85,1.3087823165201795
2024-11-02,wk inc flu hosp,0,2024-11-02,44,quantile,0.9,1.4381987674260168
2024-11-02,wk inc flu hosp,0,2024-11-02,44,quantile,0.95,1.5008093241896847
2024-11-02,wk inc flu hosp,0,2024-11-02,44,quantile,0.975,8.704309430862834
2024-11-02,wk inc flu hosp,0,2024-11-02,44,quantile,0.99,13.295413679743545
2024-11-02,wk inc flu hosp,1,2024-11-09,44,quantile,0.01,0.0
2024-11-02,wk inc flu hosp,1,2024-11-09,44,quantile,0.025,0.0
2024-11-02,wk inc flu hosp,1,2024-11-09,44,quantile,0.05,0.0
2024-11-02,wk inc flu hosp,1,2024-11-09,44,quantile,0.1,0.0
2024-11-02,wk inc flu hosp,1,2024-11-09,44,quantile,0.15,0.0
2024-11-02,wk inc flu hosp,1,2024-11-09,44,quantile,0.2,0.012061988838813304
2024-11-02,wk inc flu hosp,1,2024-11-09,44,quantile,0.25,0.053891769017918464
2024-11-02,wk inc flu hosp,1,2024-11-09,44,quantile,0.3,0.16657999554491143
2024-11-02,wk inc flu hosp,1,2024-11-09,44,quantile,0.35,0.27501677943091324
2024-11-02,wk inc flu hosp,1,2024-11-09,44,quantile,0.4,0.3586067641118922
2024-11-02,wk inc flu hosp,1,2024-11-09,44,quantile,0.45,0.44853335615405415
2024-11-02,wk inc flu hosp,1,2024-11-09,44,quantile,0.5,0.5542850557210134
2024-11-02,wk inc flu hosp,1,2024-11-09,44,quantile,0.55,0.7216575132124986
2024-11-02,wk inc flu hosp,1,2024-11-09,44,quantile,0.6,0.8228132222567729
2024-11-02,wk inc flu hosp,1,2024-11-09,44,quantile,0.65,0.9255260979053124
2024-11-02,wk inc flu hosp,1,2024-11-09,44,quantile,0.7,1.0153846336980918
2024-11-02,wk inc flu hosp,1,2024-11-09,44,quantile,0.75,1.1066370173340943
2024-11-02,wk inc flu hosp,1,2024-11-09,44,quantile,0.8,1.2580558284563834
2024-11-02,wk inc flu hosp,1,2024-11-09,44,quantile,0.85,1.5615769760738376
2024-11-02,wk inc flu hosp,1,2024-11-09,44,quantile,0.9,1.8893510505507918
2024-11-02,wk inc flu hosp,1,2024-11-09,44,quantile,0.95,5.275935427148628
2024-11-02,wk inc flu hosp,1,2024-11-09,44,quantile,0.975,9.134216692238738
2024-11-02,wk inc flu hosp,1,2024-11-09,44,quantile,0.99,12.36794892268224
2024-11-02,wk inc flu hosp,2,2024-11-16,44,quantile,0.01,0.0
2024-11-02,wk inc flu hosp,2,2024-11-16,44,quantile,0.025,0.0
2024-11-02,wk inc flu hosp,2,2024-11-16,44,quantile,0.05,0.2077683769410217
2024-11-02,wk inc flu hosp,2,2024-11-16,44,quantile,0.1,0.3339917700856593
2024-11-02,wk inc flu hosp,2,2024-11-16,44,quantile,0.15,0.46156869820592006
2024-11-02,wk inc flu hosp,2,2024-11-16,44,quantile,0.2,0.7359826209291674
2024-11-02,wk inc flu hosp,2,2024-11-16,44,quantile,0.25,0.8883556379672635
2024-11-02,wk inc flu hosp,2,2024-11-16,44,quantile,0.3,0.9947308685437034
2024-11-02,wk inc flu hosp,2,2024-11-16,44,quantile,0.35,1.0914271380406264
2024-11-02,wk inc flu hosp,2,2024-11-16,44,quantile,0.4,1.242523411812615
2024-11-02,wk inc flu hosp,2,2024-11-16,44,quantile,0.45,1.4247888066924337
2024-11-02,wk inc flu hosp,2,2024-11-16,44,quantile,0.5,1.589644820194611
2024-11-02,wk inc flu hosp,2,2024-11-16,44,quantile,0.55,1.7360540821499701
2024-11-02,wk inc flu hosp,2,2024-11-16,44,quantile,0.6,1.9140503918967744
2024-11-02,wk inc flu hosp,2,2024-11-16,44,quantile,0.65,2.135292809713724
2024-11-02,wk inc flu hosp,2,2024-11-16,44,quantile,0.7,2.2657990693294385
2024-11-02,wk inc flu hosp,2,2024-11-16,44,quantile,0.75,2.4537728164493426
2024-11-02,wk inc flu hosp,2,2024-11-16,44,quantile,0.8,2.824542144853537
2024-11-02,wk inc flu hosp,2,2024-11-16,44,quantile,0.85,3.12891408456472
2024-11-02,wk inc flu hosp,2,2024-11-16,44,quantile,0.9,4.101774642277185
2024-11-02,wk inc flu hosp,2,2024-11-16,44,quantile,0.95,8.080733321804596
2024-11-02,wk inc flu hosp,2,2024-11-16,44,quantile,0.975,10.61112330883333
2024-11-02,wk inc flu hosp,2,2024-11-16,44,quantile,0.99,14.169973416488936
2024-11-02,wk inc flu hosp,3,2024-11-23,44,quantile,0.01,0.0
2024-11-02,wk inc flu hosp,3,2024-11-23,44,quantile,0.025,0.002131796141096112
2024-11-02,wk inc flu hosp,3,2024-11-23,44,quantile,0.05,0.15228611014550814
2024-11-02,wk inc flu hosp,3,2024-11-23,44,quantile,0.1,0.32893312921948853
2024-11-02,wk inc flu hosp,3,2024-11-23,44,quantile,0.15,0.5189234241206516
2024-11-02,wk inc flu hosp,3,2024-11-23,44,quantile,0.2,0.8196330878727528
2024-11-02,wk inc flu hosp,3,2024-11-23,44,quantile,0.25,1.0086943057789537
2024-11-02,wk inc flu hosp,3,2024-11-23,44,quantile,0.3,1.24353629980781
2024-11-02,wk inc flu hosp,3,2024-11-23,44,quantile,0.35,1.4379713813463944
2024-11-02,wk inc flu hosp,3,2024-11-23,44,quantile,0.4,1.678961581569484
2024-11-02,wk inc flu hosp,3,2024-11-23,44,quantile,0.45,1.896001089261096
2024-11-02,wk inc flu hosp,3,2024-11-23,44,quantile,0.5,2.059929993193715
2024-11-02,wk inc flu hosp,3,2024-11-23,44,quantile,0.55,2.2592535873008397
2024-11-02,wk inc flu hosp,3,2024-11-23,44,quantile,0.6,2.452368133141236
2024-11-02,wk inc flu hosp,3,2024-11-23,44,quantile,0.65,2.656728427864375
2024-11-02,wk inc flu hosp,3,2024-11-23,44,quantile,0.7,2.8843082008114065
2024-11-02,wk inc flu hosp,3,2024-11-23,44,quantile,0.75,3.219057623683875
2024-11-02,wk inc flu hosp,3,2024-11-23,44,quantile,0.8,3.7076906479136595
2024-11-02,wk inc flu hosp,3,2024-11-23,44,quantile,0.85,4.426758062470832
2024-11-02,wk inc flu hosp,3,2024-11-23,44,quantile,0.9,5.732170695346694
2024-11-02,wk inc flu hosp,3,2024-11-23,44,quantile,0.95,11.034699473788127
2024-11-02,wk inc flu hosp,3,2024-11-23,44,quantile,0.975,13.030096402725526
2024-11-02,wk inc flu hosp,3,2024-11-23,44,quantile,0.99,15.981004770313017
2024-11-02,wk inc flu hosp,0,2024-11-02,45,quantile,0.01,3.5547868275163017
2024-11-02,wk inc flu hosp,0,2024-11-02,45,quantile,0.025,5.076259882600812
2024-11-02,wk inc flu hosp,0,2024-11-02,45,quantile,0.05,5.286424050857597
2024-11-02,wk inc flu hosp,0,2024-11-02,45,quantile,0.1,5.899233829267196
2024-11-02,wk inc flu hosp,0,2024-11-02,45,quantile,0.15,8.177727024679534
2024-11-02,wk inc flu hosp,0,2024-11-02,45,quantile,0.2,10.510427663252724
2024-11-02,wk inc flu hosp,0,2024-11-02,45,quantile,0.25,10.693033832511858
2024-11-02,wk inc flu hosp,0,2024-11-02,45,quantile,0.3,12.936478172155898
2024-11-02,wk inc flu hosp,0,2024-11-02,45,quantile,0.35,13.082633317149897
2024-11-02,wk inc flu hosp,0,2024-11-02,45,quantile,0.4,13.504543299280318
2024-11-02,wk inc flu hosp,0,2024-11-02,45,quantile,0.45,14.210089693757446
2024-11-02,wk inc flu hosp,0,2024-11-02,45,quantile,0.5,14.564084505239638
2024-11-02,wk inc flu hosp,0,2024-11-02,45,quantile,0.55,15.159974133015893
2024-11-02,wk inc flu hosp,0,2024-11-02,45,quantile,0.6,15.466404124820956
2024-11-02,wk inc flu hosp,0,2024-11-02,45,quantile,0.65,15.967159469867745
2024-11-02,wk inc flu hosp,0,2024-11-02,45,quantile,0.7,16.720981910290185
2024-11-02,wk inc flu hosp,0,2024-11-02,45,quantile,0.75,17.668691257148094
2024-11-02,wk inc flu hosp,0,2024-11-02,45,quantile,0.8,18.580022109340636
2024-11-02,wk inc flu hosp,0,2024-11-02,45,quantile,0.85,19.695347759803628
2024-11-02,wk inc flu hosp,0,2024-11-02,45,quantile,0.9,20.15237497754438
2024-11-02,wk inc flu hosp,0,2024-11-02,45,quantile,0.95,22.75462635133931
2024-11-02,wk inc flu hosp,0,2024-11-02,45,quantile,0.975,33.744913687981
2024-11-02,wk inc flu hosp,0,2024-11-02,45,quantile,0.99,66.12297299186814
2024-11-02,wk inc flu hosp,1,2024-11-09,45,quantile,0.01,4.465460404727269
2024-11-02,wk inc flu hosp,1,2024-11-09,45,quantile,0.025,5.268088166675205
2024-11-02,wk inc flu hosp,1,2024-11-09,45,quantile,0.05,6.937032754023627
2024-11-02,wk inc flu hosp,1,2024-11-09,45,quantile,0.1,8.797762805915154
2024-11-02,wk inc flu hosp,1,2024-11-09,45,quantile,0.15,10.498618433026989
2024-11-02,wk inc flu hosp,1,2024-11-09,45,quantile,0.2,11.450795173487684
2024-11-02,wk inc flu hosp,1,2024-11-09,45,quantile,0.25,12.31515077940866
2024-11-02,wk inc flu hosp,1,2024-11-09,45,quantile,0.3,13.063476365852546
2024-11-02,wk inc flu hosp,1,2024-11-09,45,quantile,0.35,13.747948023460914
2024-11-02,wk inc flu hosp,1,2024-11-09,45,quantile,0.4,14.953945029824023
2024-11-02,wk inc flu hosp,1,2024-11-09,45,quantile,0.45,15.857419426028743
2024-11-02,wk inc flu hosp,1,2024-11-09,45,quantile,0.5,17.481796660634224
2024-11-02,wk inc flu hosp,1,2024-11-09,45,quantile,0.55,19.02162426164682
2024-11-02,wk inc flu hosp,1,2024-11-09,45,quantile,0.6,19.66052585408129
2024-11-02,wk inc flu hosp,1,2024-11-09,45,quantile,0.65,20.91134028954691
2024-11-02,wk inc flu hosp,1,2024-11-09,45,quantile,0.7,22.18894554564178
2024-11-02,wk inc flu hosp,1,2024-11-09,45,quantile,0.75,23.4303340402072
2024-11-02,wk inc flu hosp,1,2024-11-09,45,quantile,0.8,25.062799934000047
2024-11-02,wk inc flu hosp,1,2024-11-09,45,quantile,0.85,26.631717936989304
2024-11-02,wk inc flu hosp,1,2024-11-09,45,quantile,0.9,29.0083605589787
2024-11-02,wk inc flu hosp,1,2024-11-09,45,quantile,0.95,35.97423725492264
2024-11-02,wk inc flu hosp,1,2024-11-09,45,quantile,0.975,44.82934955289217
2024-11-02,wk inc flu hosp,1,2024-11-09,45,quantile,0.99,66.12297299186814
2024-11-02,wk inc flu hosp,2,2024-11-16,45,quantile,0.01,5.4605355038353345
2024-11-02,wk inc flu hosp,2,2024-11-16,45,quantile,0.025,6.789655895795119
2024-11-02,wk inc flu hosp,2,2024-11-16,45,quantile,0.05,9.293618137378667
2024-11-02,wk inc flu hosp,2,2024-11-16,45,quantile,0.1,12.829091845212151
2024-11-02,wk inc flu hosp,2,2024-11-16,45,quantile,0.15,14.061197963522421
2024-11-02,wk inc flu hosp,2,2024-11-16,45,quantile,0.2,15.228764367458334
2024-11-02,wk inc flu hosp,2,2024-11-16,45,quantile,0.25,16.320968174342404
2024-11-02,wk inc flu hosp,2,2024-11-16,45,quantile,0.3,17.36633145727481
2024-11-02,wk inc flu hosp,2,2024-11-16,45,quantile,0.35,18.726241740793387
2024-11-02,wk inc flu hosp,2,2024-11-16,45,quantile,0.4,20.298924074078236
2024-11-02,wk inc flu hosp,2,2024-11-16,45,quantile,0.45,21.59028045800838
2024-11-02,wk inc flu hosp,2,2024-11-16,45,quantile,0.5,23.023580420757156
2024-11-02,wk inc flu hosp,2,2024-11-16,45,quantile,0.55,24.911486850838212
2024-11-02,wk inc flu hosp,2,2024-11-16,45,quantile,0.6,26.48578457946421
2024-11-02,wk inc flu hosp,2,2024-11-16,45,quantile,0.65,28.64011581023724
2024-11-02,wk inc flu hosp,2,2024-11-16,45,quantile,0.7,30.237341870564535
2024-11-02,wk inc flu hosp,2,2024-11-16,45,quantile,0.75,31.13300425212592
2024-11-02,wk inc flu hosp,2,2024-11-16,45,quantile,0.8,32.59409218943887
2024-11-02,wk inc flu hosp,2,2024-11-16,45,quantile,0.85,37.62938695479038
2024-11-02,wk inc flu hosp,2,2024-11-16,45,quantile,0.9,44.47151111719599
2024-11-02,wk inc flu hosp,2,2024-11-16,45,quantile,0.95,51.59002969627338
2024-11-02,wk inc flu hosp,2,2024-11-16,45,quantile,0.975,62.99815467724181
2024-11-02,wk inc flu hosp,2,2024-11-16,45,quantile,0.99,66.41389696373788
2024-11-02,wk inc flu hosp,3,2024-11-23,45,quantile,0.01,7.732769477947376
2024-11-02,wk inc flu hosp,3,2024-11-23,45,quantile,0.025,9.692442789157688
2024-11-02,wk inc flu hosp,3,2024-11-23,45,quantile,0.05,12.243156618825466
2024-11-02,wk inc flu hosp,3,2024-11-23,45,quantile,0.1,14.782074240172808
2024-11-02,wk inc flu hosp,3,2024-11-23,45,quantile,0.15,16.92501426235155
2024-11-02,wk inc flu hosp,3,2024-11-23,45,quantile,0.2,19.271471591783584
2024-11-02,wk inc flu hosp,3,2024-11-23,45,quantile,0.25,22.42780345184288
2024-11-02,wk inc flu hosp,3,2024-11-23,45,quantile,0.3,24.60881495001822
2024-11-02,wk inc flu hosp,3,2024-11-23,45,quantile,0.35,26.237331787716403
2024-11-02,wk inc flu hosp,3,2024-11-23,45,quantile,0.4,27.52330674916305
2024-11-02,wk inc flu hosp,3,2024-11-23,45,quantile,0.45,29.075299612433295
2024-11-02,wk inc flu hosp,3,2024-11-23,45,quantile,0.5,30.35678091348761
2024-11-02,wk inc flu hosp,3,2024-11-23,45,quantile,0.55,31.591770212161467
2024-11-02,wk inc flu hosp,3,2024-11-23,45,quantile,0.6,32.780194325002434
2024-11-02,wk inc flu hosp,3,2024-11-23,45,quantile,0.65,33.975321336375984
2024-11-02,wk inc flu hosp,3,2024-11-23,45,quantile,0.7,35.60124643473378
2024-11-02,wk inc flu hosp,3,2024-11-23,45,quantile,0.75,38.33921150563215
2024-11-02,wk inc flu hosp,3,2024-11-23,45,quantile,0.8,41.49010952625112
2024-11-02,wk inc flu hosp,3,2024-11-23,45,quantile,0.85,45.64151899771951
2024-11-02,wk inc flu hosp,3,2024-11-23,45,quantile,0.9,52.28931112783764
2024-11-02,wk inc flu hosp,3,2024-11-23,45,quantile,0.95,60.730125069665476
2024-11-02,wk inc flu hosp,3,2024-11-23,45,quantile,0.975,66.4073397735956
2024-11-02,wk inc flu hosp,3,2024-11-23,45,quantile,0.99,79.11751758129607
2024-11-02,wk inc flu hosp,0,2024-11-02,46,quantile,0.01,0.0
2024-11-02,wk inc flu hosp,0,2024-11-02,46,quantile,0.025,0.03188215054400237
2024-11-02,wk inc flu hosp,0,2024-11-02,46,quantile,0.05,0.03867289312595294
2024-11-02,wk inc flu hosp,0,2024-11-02,46,quantile,0.1,0.05247031195011083
2024-11-02,wk inc flu hosp,0,2024-11-02,46,quantile,0.15,0.05786957055728844
2024-11-02,wk inc flu hosp,0,2024-11-02,46,quantile,0.2,0.08688810358865523
2024-11-02,wk inc flu hosp,0,2024-11-02,46,quantile,0.25,0.2632533701965492
2024-11-02,wk inc flu hosp,0,2024-11-02,46,quantile,0.3,0.622582574351202
2024-11-02,wk inc flu hosp,0,2024-11-02,46,quantile,0.35,0.6967650084711505
2024-11-02,wk inc flu hosp,0,2024-11-02,46,quantile,0.4,0.8708047740500356
2024-11-02,wk inc flu hosp,0,2024-11-02,46,quantile,0.45,1.2405107101477633
2024-11-02,wk inc flu hosp,0,2024-11-02,46,quantile,0.5,1.42634532610969
2024-11-02,wk inc flu hosp,0,2024-11-02,46,quantile,0.55,1.4538618064474234
2024-11-02,wk inc flu hosp,0,2024-11-02,46,quantile,0.6,1.4728619606768696
2024-11-02,wk inc flu hosp,0,2024-11-02,46,quantile,0.65,1.5216282654599058
2024-11-02,wk inc flu hosp,0,2024-11-02,46,quantile,0.7,1.8794609070460935
2024-11-02,wk inc flu hosp,0,2024-11-02,46,quantile,0.75,2.522295823331356
2024-11-02,wk inc flu hosp,0,2024-11-02,46,quantile,0.8,2.7670718149503437
2024-11-02,wk inc flu hosp,0,2024-11-02,46,quantile,0.85,3.050712573260373
2024-11-02,wk inc flu hosp,0,2024-11-02,46,quantile,0.9,3.5845423963630285
2024-11-02,wk inc flu hosp,0,2024-11-02,46,quantile,0.95,4.449587184666727
2024-11-02,wk inc flu hosp,0,2024-11-02,46,quantile,0.975,10.298626875368528
2024-11-02,wk inc flu hosp,0,2024-11-02,46,quantile,0.99,19.191070345208356
2024-11-02,wk inc flu hosp,1,2024-11-09,46,quantile,0.01,0.0
2024-11-02,wk inc flu hosp,1,2024-11-09,46,quantile,0.025,0.0028307017899280766
2024-11-02,wk inc flu hosp,1,2024-11-09,46,quantile,0.05,0.01485831318605327
2024-11-02,wk inc flu hosp,1,2024-11-09,46,quantile,0.1,0.07686724864186784
2024-11-02,wk inc flu hosp,1,2024-11-09,46,quantile,0.15,0.13671766169746258
2024-11-02,wk inc flu hosp,1,2024-11-09,46,quantile,0.2,0.4483713150578171
2024-11-02,wk inc flu hosp,1,2024-11-09,46,quantile,0.25,0.5696772609218926
2024-11-02,wk inc flu hosp,1,2024-11-09,46,quantile,0.3,0.7323385503846067
2024-11-02,wk inc flu hosp,1,2024-11-09,46,quantile,0.35,1.0445432692440306
2024-11-02,wk inc flu hosp,1,2024-11-09,46,quantile,0.4,1.1654727645732985
2024-11-02,wk inc flu hosp,1,2024-11-09,46,quantile,0.45,1.292634740829
2024-11-02,wk inc flu hosp,1,2024-11-09,46,quantile,0.5,2.131080264273618
2024-11-02,wk inc flu hosp,1,2024-11-09,46,quantile,0.55,2.9665871836494624
2024-11-02,wk inc flu hosp,1,2024-11-09,46,quantile,0.6,3.2620289377866634
2024-11-02,wk inc flu hosp,1,2024-11-09,46,quantile,0.65,3.5304534953315745
2024-11-02,wk inc flu hosp,1,2024-11-09,46,quantile,0.7,4.044305393502552
2024-11-02,wk inc flu hosp,1,2024-11-09,46,quantile,0.75,4.625471386550292
2024-11-02,wk inc flu hosp,1,2024-11-09,46,quantile,0.8,5.281073982338024
2024-11-02,wk inc flu hosp,1,2024-11-09,46,quantile,0.85,6.649268330811007
2024-11-02,wk inc flu hosp,1,2024-11-09,46,quantile,0.9,8.187806851889412
2024-11-02,wk inc flu hosp,1,2024-11-09,46,quantile,0.95,11.815148689219349
2024-11-02,wk inc flu hosp,1,2024-11-09,46,quantile,0.975,19.441125880890855
2024-11-02,wk inc flu hosp,1,2024-11-09,46,quantile,0.99,25.40570480633114
2024-11-02,wk inc flu hosp,2,2024-11-16,46,quantile,0.01,0.0
2024-11-02,wk inc flu hosp,2,2024-11-16,46,quantile,0.025,0.0
2024-11-02,wk inc flu hosp,2,2024-11-16,46,quantile,0.05,0.015043385223652712
2024-11-02,wk inc flu hosp,2,2024-11-16,46,quantile,0.1,0.1161644181000411
2024-11-02,wk inc flu hosp,2,2024-11-16,46,quantile,0.15,0.5341666536922277
2024-11-02,wk inc flu hosp,2,2024-11-16,46,quantile,0.2,1.0184705141278392
2024-11-02,wk inc flu hosp,2,2024-11-16,46,quantile,0.25,1.3144631621652176
2024-11-02,wk inc flu hosp,2,2024-11-16,46,quantile,0.3,1.6349991839685674
2024-11-02,wk inc flu hosp,2,2024-11-16,46,quantile,0.35,2.364884737557253
2024-11-02,wk inc flu hosp,2,2024-11-16,46,quantile,0.4,2.913679539917272
2024-11-02,wk inc flu hosp,2,2024-11-16,46,quantile,0.45,3.717555232124368
2024-11-02,wk inc flu hosp,2,2024-11-16,46,quantile,0.5,4.887134396331643
2024-11-02,wk inc flu hosp,2,2024-11-16,46,quantile,0.55,6.183759541113779
2024-11-02,wk inc flu hosp,2,2024-11-16,46,quantile,0.6,6.632046831685653
2024-11-02,wk inc flu hosp,2,2024-11-16,46,quantile,0.65,7.309203636463516
2024-11-02,wk inc flu hosp,2,2024-11-16,46,quantile,0.7,7.710763699737051
2024-11-02,wk inc flu hosp,2,2024-11-16,46,quantile,0.75,8.693914281941828
2024-11-02,wk inc flu hosp,2,2024-11-16,46,quantile,0.8,9.544817293731318
2024-11-02,wk inc flu hosp,2,2024-11-16,46,quantile,0.85,11.154186996891779
2024-11-02,wk inc flu hosp,2,2024-11-16,46,quantile,0.9,14.950642131781416
2024-11-02,wk inc flu hosp,2,2024-11-16,46,quantile,0.95,22.27735137509596
2024-11-02,wk inc flu hosp,2,2024-11-16,46,quantile,0.975,29.52863831538152
2024-11-02,wk inc flu hosp,2,2024-11-16,46,quantile,0.99,34.460334856627206
2024-11-02,wk inc flu hosp,3,2024-11-23,46,quantile,0.01,0.0
2024-11-02,wk inc flu hosp,3,2024-11-23,46,quantile,0.025,0.0021919429038579335
2024-11-02,wk inc flu hosp,3,2024-11-23,46,quantile,0.05,0.028980170092332547
2024-11-02,wk inc flu hosp,3,2024-11-23,46,quantile,0.1,0.24551510097044663
2024-11-02,wk inc flu hosp,3,2024-11-23,46,quantile,0.15,0.5114834195938464
2024-11-02,wk inc flu hosp,3,2024-11-23,46,quantile,0.2,1.0280426652968286
2024-11-02,wk inc flu hosp,3,2024-11-23,46,quantile,0.25,2.1890244895406377
2024-11-02,wk inc flu hosp,3,2024-11-23,46,quantile,0.3,3.271389206322273
2024-11-02,wk inc flu hosp,3,2024-11-23,46,quantile,0.35,4.379940446935345
2024-11-02,wk inc flu hosp,3,2024-11-23,46,quantile,0.4,5.9198654245576865
2024-11-02,wk inc flu hosp,3,2024-11-23,46,quantile,0.45,6.639719739947017
2024-11-02,wk inc flu hosp,3,2024-11-23,46,quantile,0.5,7.03869483128455
2024-11-02,wk inc flu hosp,3,2024-11-23,46,quantile,0.55,7.602471162490164
2024-11-02,wk inc flu hosp,3,2024-11-23,46,quantile,0.6,8.294824567524678
2024-11-02,wk inc flu hosp,3,2024-11-23,46,quantile,0.65,9.23414076115299
2024-11-02,wk inc flu hosp,3,2024-11-23,46,quantile,0.7,10.518445597337381
2024-11-02,wk inc flu hosp,3,2024-11-23,46,quantile,0.75,11.505588687803519
2024-11-02,wk inc flu hosp,3,2024-11-23,46,quantile,0.8,12.86852198671827
2024-11-02,wk inc flu hosp,3,2024-11-23,46,quantile,0.85,15.695867783335538
2024-11-02,wk inc flu hosp,3,2024-11-23,46,quantile,0.9,18.319057027673047
2024-11-02,wk inc flu hosp,3,2024-11-23,46,quantile,0.95,25.277531165265565
2024-11-02,wk inc flu hosp,3,2024-11-23,46,quantile,0.975,31.769006098717277
2024-11-02,wk inc flu hosp,3,2024-11-23,46,quantile,0.99,35.61044079342071
2024-11-02,wk inc flu hosp,0,2024-11-02,47,quantile,0.01,12.957088441001716
2024-11-02,wk inc flu hosp,0,2024-11-02,47,quantile,0.025,16.084712693569706
2024-11-02,wk inc flu hosp,0,2024-11-02,47,quantile,0.05,17.36117092677509
2024-11-02,wk inc flu hosp,0,2024-11-02,47,quantile,0.1,18.293064464467903
2024-11-02,wk inc flu hosp,0,2024-11-02,47,quantile,0.15,19.963146141831636
2024-11-02,wk inc flu hosp,0,2024-11-02,47,quantile,0.2,23.349143098989863
2024-11-02,wk inc flu hosp,0,2024-11-02,47,quantile,0.25,24.416955067832365
2024-11-02,wk inc flu hosp,0,2024-11-02,47,quantile,0.3,25.761856026804995
2024-11-02,wk inc flu hosp,0,2024-11-02,47,quantile,0.35,26.71714255076299
2024-11-02,wk inc flu hosp,0,2024-11-02,47,quantile,0.4,27.018574637496247
2024-11-02,wk inc flu hosp,0,2024-11-02,47,quantile,0.45,30.825387250168554
2024-11-02,wk inc flu hosp,0,2024-11-02,47,quantile,0.5,34.96980982329396
2024-11-02,wk inc flu hosp,0,2024-11-02,47,quantile,0.55,35.84830419376325
2024-11-02,wk inc flu hosp,0,2024-11-02,47,quantile,0.6,37.07592128948322
2024-11-02,wk inc flu hosp,0,2024-11-02,47,quantile,0.65,37.661768681369246
2024-11-02,wk inc flu hosp,0,2024-11-02,47,quantile,0.7,38.362950217685025
2024-11-02,wk inc flu hosp,0,2024-11-02,47,quantile,0.75,38.93126341437709
2024-11-02,wk inc flu hosp,0,2024-11-02,47,quantile,0.8,40.31491108006556
2024-11-02,wk inc flu hosp,0,2024-11-02,47,quantile,0.85,40.87789998024359
2024-11-02,wk inc flu hosp,0,2024-11-02,47,quantile,0.9,41.48429943723381
2024-11-02,wk inc flu hosp,0,2024-11-02,47,quantile,0.95,44.11462091572511
2024-11-02,wk inc flu hosp,0,2024-11-02,47,quantile,0.975,44.989651641022455
2024-11-02,wk inc flu hosp,0,2024-11-02,47,quantile,0.99,45.43210151639507
2024-11-02,wk inc flu hosp,1,2024-11-09,47,quantile,0.01,14.775514337919361
2024-11-02,wk inc flu hosp,1,2024-11-09,47,quantile,0.025,17.21261984700423
2024-11-02,wk inc flu hosp,1,2024-11-09,47,quantile,0.05,21.05989776469375
2024-11-02,wk inc flu hosp,1,2024-11-09,47,quantile,0.1,25.180463492394196
2024-11-02,wk inc flu hosp,1,2024-11-09,47,quantile,0.15,27.236624195403827
2024-11-02,wk inc flu hosp,1,2024-11-09,47,quantile,0.2,28.440586705698248
2024-11-02,wk inc flu hosp,1,2024-11-09,47,quantile,0.25,29.799392164736737
2024-11-02,wk inc flu hosp,1,2024-11-09,47,quantile,0.3,30.622475284089106
2024-11-02,wk inc flu hosp,1,2024-11-09,47,quantile,0.35,31.72719027462601
2024-11-02,wk inc flu hosp,1,2024-11-09,47,quantile,0.4,33.30072841660759
2024-11-02,wk inc flu hosp,1,2024-11-09,47,quantile,0.45,34.79621483116984
2024-11-02,wk inc flu hosp,1,2024-11-09,47,quantile,0.5,36.51761784665626
2024-11-02,wk inc flu hosp,1,2024-11-09,47,quantile,0.55,38.01334811250913
2024-11-02,wk inc flu hosp,1,2024-11-09,47,quantile,0.6,39.56393992656182
2024-11-02,wk inc flu hosp,1,2024-11-09,47,quantile,0.65,41.690849446871084
2024-11-02,wk inc flu hosp,1,2024-11-09,47,quantile,0.7,43.325384454708384
2024-11-02,wk inc flu hosp,1,2024-11-09,47,quantile,0.75,45.135379547303245
2024-11-02,wk inc flu hosp,1,2024-11-09,47,quantile,0.8,46.62827650379224
2024-11-02,wk inc flu hosp,1,2024-11-09,47,quantile,0.85,49.39326522002473
2024-11-02,wk inc flu hosp,1,2024-11-09,47,quantile,0.9,51.89525045421429
2024-11-02,wk inc flu hosp,1,2024-11-09,47,quantile,0.95,55.495543036901665
2024-11-02,wk inc flu hosp,1,2024-11-09,47,quantile,0.975,59.44022012170246
2024-11-02,wk inc flu hosp,1,2024-11-09,47,quantile,0.99,88.45154325806025
2024-11-02,wk inc flu hosp,2,2024-11-16,47,quantile,0.01,15.7801544006128
2024-11-02,wk inc flu hosp,2,2024-11-16,47,quantile,0.025,19.577687032851056
2024-11-02,wk inc flu hosp,2,2024-11-16,47,quantile,0.05,23.287785550895588
2024-11-02,wk inc flu hosp,2,2024-11-16,47,quantile,0.1,27.888178666575627
2024-11-02,wk inc flu hosp,2,2024-11-16,47,quantile,0.15,29.95066629060964
2024-11-02,wk inc flu hosp,2,2024-11-16,47,quantile,0.2,31.716823514179076
2024-11-02,wk inc flu hosp,2,2024-11-16,47,quantile,0.25,34.73220154764227
2024-11-02,wk inc flu hosp,2,2024-11-16,47,quantile,0.3,37.06091629022202
2024-11-02,wk inc flu hosp,2,2024-11-16,47,quantile,0.35,38.42447189829845
2024-11-02,wk inc flu hosp,2,2024-11-16,47,quantile,0.4,40.023795490823595
2024-11-02,wk inc flu hosp,2,2024-11-16,47,quantile,0.45,41.51177349817742
2024-11-02,wk inc flu hosp,2,2024-11-16,47,quantile,0.5,42.88822447523678
2024-11-02,wk inc flu hosp,2,2024-11-16,47,quantile,0.55,44.61476146012165
2024-11-02,wk inc flu hosp,2,2024-11-16,47,quantile,0.6,45.91217357875325
2024-11-02,wk inc flu hosp,2,2024-11-16,47,quantile,0.65,47.78121705418211
2024-11-02,wk inc flu hosp,2,2024-11-16,47,quantile,0.7,49.35667945370247
2024-11-02,wk inc flu hosp,2,2024-11-16,47,quantile,0.75,51.20668954224862
2024-11-02,wk inc flu hosp,2,2024-11-16,47,quantile,0.8,52.90260404892589
2024-11-02,wk inc flu hosp,2,2024-11-16,47,quantile,0.85,56.536818120894864
2024-11-02,wk inc flu hosp,2,2024-11-16,47,quantile,0.9,60.534564938462005
2024-11-02,wk inc flu hosp,2,2024-11-16,47,quantile,0.95,71.10611186629052
2024-11-02,wk inc flu hosp,2,2024-11-16,47,quantile,0.975,88.39754009620158
2024-11-02,wk inc flu hosp,2,2024-11-16,47,quantile,0.99,93.40421467138806
2024-11-02,wk inc flu hosp,3,2024-11-23,47,quantile,0.01,17.378671231039394
2024-11-02,wk inc flu hosp,3,2024-11-23,47,quantile,0.025,21.701539354833045
2024-11-02,wk inc flu hosp,3,2024-11-23,47,quantile,0.05,26.206232604389708
2024-11-02,wk inc flu hosp,3,2024-11-23,47,quantile,0.1,30.273364201631797
2024-11-02,wk inc flu hosp,3,2024-11-23,47,quantile,0.15,33.64849507821819
2024-11-02,wk inc flu hosp,3,2024-11-23,47,quantile,0.2,36.55719894369828
2024-11-02,wk inc flu hosp,3,2024-11-23,47,quantile,0.25,39.20182976449578
2024-11-02,wk inc flu hosp,3,2024-11-23,47,quantile,0.3,41.47369954423694
2024-11-02,wk inc flu hosp,3,2024-11-23,47,quantile,0.35,43.75098474780965
2024-11-02,wk inc flu hosp,3,2024-11-23,47,quantile,0.4,46.1130444793562
2024-11-02,wk inc flu hosp,3,2024-11-23,47,quantile,0.45,48.04380497542299
2024-11-02,wk inc flu hosp,3,2024-11-23,47,quantile,0.5,49.153031570014626
2024-11-02,wk inc flu hosp,3,2024-11-23,47,quantile,0.55,50.34650969905517
2024-11-02,wk inc flu hosp,3,2024-11-23,47,quantile,0.6,52.10270182330857
2024-11-02,wk inc flu hosp,3,2024-11-23,47,quantile,0.65,54.62117761547795
2024-11-02,wk inc flu hosp,3,2024-11-23,47,quantile,0.7,56.35561258595405
2024-11-02,wk inc flu hosp,3,2024-11-23,47,quantile,0.75,58.48556509945054
2024-11-02,wk inc flu hosp,3,2024-11-23,47,quantile,0.8,61.41622093092841
2024-11-02,wk inc flu hosp,3,2024-11-23,47,quantile,0.85,65.41654889709058
2024-11-02,wk inc flu hosp,3,2024-11-23,47,quantile,0.9,78.28941754265433
2024-11-02,wk inc flu hosp,3,2024-11-23,47,quantile,0.95,88.54192936309536
2024-11-02,wk inc flu hosp,3,2024-11-23,47,quantile,0.975,98.1793364779616
2024-11-02,wk inc flu hosp,3,2024-11-23,47,quantile,0.99,107.42402706074587
2024-11-02,wk inc flu hosp,0,2024-11-02,48,quantile,0.01,7.790006631496772
2024-11-02,wk inc flu hosp,0,2024-11-02,48,quantile,0.025,39.12078996220458
2024-11-02,wk inc flu hosp,0,2024-11-02,48,quantile,0.05,61.33804260625714
2024-11-02,wk inc flu hosp,0,2024-11-02,48,quantile,0.1,70.98174642006603
2024-11-02,wk inc flu hosp,0,2024-11-02,48,quantile,0.15,72.76168321378954
2024-11-02,wk inc flu hosp,0,2024-11-02,48,quantile,0.2,74.28004176130895
2024-11-02,wk inc flu hosp,0,2024-11-02,48,quantile,0.25,75.34568666716983
2024-11-02,wk inc flu hosp,0,2024-11-02,48,quantile,0.3,78.31681865917007
2024-11-02,wk inc flu hosp,0,2024-11-02,48,quantile,0.35,90.01674254298995
2024-11-02,wk inc flu hosp,0,2024-11-02,48,quantile,0.4,91.75608555914226
2024-11-02,wk inc flu hosp,0,2024-11-02,48,quantile,0.45,106.80487696630644
2024-11-02,wk inc flu hosp,0,2024-11-02,48,quantile,0.5,126.33490902050065
2024-11-02,wk inc flu hosp,0,2024-11-02,48,quantile,0.55,137.73160939072096
2024-11-02,wk inc flu hosp,0,2024-11-02,48,quantile,0.6,154.07844073859798
2024-11-02,wk inc flu hosp,0,2024-11-02,48,quantile,0.65,180.12435677139604
2024-11-02,wk inc flu hosp,0,2024-11-02,48,quantile,0.7,220.1260971699138
2024-11-02,wk inc flu hosp,0,2024-11-02,48,quantile,0.75,239.59713716612876
2024-11-02,wk inc flu hosp,0,2024-11-02,48,quantile,0.8,246.09333895663408
2024-11-02,wk inc flu hosp,0,2024-11-02,48,quantile,0.85,279.2286065774449
2024-11-02,wk inc flu hosp,0,2024-11-02,48,quantile,0.9,288.9474717426336
2024-11-02,wk inc flu hosp,0,2024-11-02,48,quantile,0.95,354.54742919030184
2024-11-02,wk inc flu hosp,0,2024-11-02,48,quantile,0.975,444.41335835345257
2024-11-02,wk inc flu hosp,0,2024-11-02,48,quantile,0.99,601.0321479257843
2024-11-02,wk inc flu hosp,1,2024-11-09,48,quantile,0.01,40.7882835235153
2024-11-02,wk inc flu hosp,1,2024-11-09,48,quantile,0.025,53.1505916545369
2024-11-02,wk inc flu hosp,1,2024-11-09,48,quantile,0.05,71.63172452905066
2024-11-02,wk inc flu hosp,1,2024-11-09,48,quantile,0.1,88.59105363563557
2024-11-02,wk inc flu hosp,1,2024-11-09,48,quantile,0.15,96.60648305803316
2024-11-02,wk inc flu hosp,1,2024-11-09,48,quantile,0.2,102.85519498969944
2024-11-02,wk inc flu hosp,1,2024-11-09,48,quantile,0.25,118.83020004825708
2024-11-02,wk inc flu hosp,1,2024-11-09,48,quantile,0.3,137.77314817901734
2024-11-02,wk inc flu hosp,1,2024-11-09,48,quantile,0.35,150.01462843604196
2024-11-02,wk inc flu hosp,1,2024-11-09,48,quantile,0.4,165.87223569916227
2024-11-02,wk inc flu hosp,1,2024-11-09,48,quantile,0.45,178.57239806718255
2024-11-02,wk inc flu hosp,1,2024-11-09,48,quantile,0.5,194.04913397085923
2024-11-02,wk inc flu hosp,1,2024-11-09,48,quantile,0.55,209.21725694268088
2024-11-02,wk inc flu hosp,1,2024-11-09,48,quantile,0.6,225.6092428993586
2024-11-02,wk inc flu hosp,1,2024-11-09,48,quantile,0.65,234.16498493526814
2024-11-02,wk inc flu hosp,1,2024-11-09,48,quantile,0.7,242.08914182695437
2024-11-02,wk inc flu hosp,1,2024-11-09,48,quantile,0.75,258.1110165864463
2024-11-02,wk inc flu hosp,1,2024-11-09,48,quantile,0.8,279.6282670767036
2024-11-02,wk inc flu hosp,1,2024-11-09,48,quantile,0.85,300.3728068918473
2024-11-02,wk inc flu hosp,1,2024-11-09,48,quantile,0.9,338.13247667663927
2024-11-02,wk inc flu hosp,1,2024-11-09,48,quantile,0.95,410.9282623624296
2024-11-02,wk inc flu hosp,1,2024-11-09,48,quantile,0.975,551.4143045357055
2024-11-02,wk inc flu hosp,1,2024-11-09,48,quantile,0.99,609.6556800208862
2024-11-02,wk inc flu hosp,2,2024-11-16,48,quantile,0.01,43.764154693420934
2024-11-02,wk inc flu hosp,2,2024-11-16,48,quantile,0.025,64.92053663888338
2024-11-02,wk inc flu hosp,2,2024-11-16,48,quantile,0.05,88.5637757312767
2024-11-02,wk inc flu hosp,2,2024-11-16,48,quantile,0.1,126.03507512404741
2024-11-02,wk inc flu hosp,2,2024-11-16,48,quantile,0.15,138.48888003465788
2024-11-02,wk inc flu hosp,2,2024-11-16,48,quantile,0.2,154.39498328635452
2024-11-02,wk inc flu hosp,2,2024-11-16,48,quantile,0.25,171.06640773335954
2024-11-02,wk inc flu hosp,2,2024-11-16,48,quantile,0.3,184.41671865434196
2024-11-02,wk inc flu hosp,2,2024-11-16,48,quantile,0.35,196.47024818235232
2024-11-02,wk inc flu hosp,2,2024-11-16,48,quantile,0.4,206.2632929429392
2024-11-02,wk inc flu hosp,2,2024-11-16,48,quantile,0.45,224.63474702078156
2024-11-02,wk inc flu hosp,2,2024-11-16,48,quantile,0.5,236.68200217231828
2024-11-02,wk inc flu hosp,2,2024-11-16,48,quantile,0.55,246.56659529051043
2024-11-02,wk inc flu hosp,2,2024-11-16,48,quantile,0.6,263.20282086416006
2024-11-02,wk inc flu hosp,2,2024-11-16,48,quantile,0.65,280.465694982007
2024-11-02,wk inc flu hosp,2,2024-11-16,48,quantile,0.7,302.96539805872055
2024-11-02,wk inc flu hosp,2,2024-11-16,48,quantile,0.75,320.5649820267621
2024-11-02,wk inc flu hosp,2,2024-11-16,48,quantile,0.8,345.3282243475274
2024-11-02,wk inc flu hosp,2,2024-11-16,48,quantile,0.85,376.16808146630837
2024-11-02,wk inc flu hosp,2,2024-11-16,48,quantile,0.9,416.472196380472
2024-11-02,wk inc flu hosp,2,2024-11-16,48,quantile,0.95,520.4267495325317
2024-11-02,wk inc flu hosp,2,2024-11-16,48,quantile,0.975,634.3320095968859
2024-11-02,wk inc flu hosp,2,2024-11-16,48,quantile,0.99,686.7030336178462
2024-11-02,wk inc flu hosp,3,2024-11-23,48,quantile,0.01,52.99218191520135
2024-11-02,wk inc flu hosp,3,2024-11-23,48,quantile,0.025,84.73025234707625
2024-11-02,wk inc flu hosp,3,2024-11-23,48,quantile,0.05,138.16429918577194
2024-11-02,wk inc flu hosp,3,2024-11-23,48,quantile,0.1,169.9350316742622
2024-11-02,wk inc flu hosp,3,2024-11-23,48,quantile,0.15,186.7299054937263
2024-11-02,wk inc flu hosp,3,2024-11-23,48,quantile,0.2,202.34211993556966
2024-11-02,wk inc flu hosp,3,2024-11-23,48,quantile,0.25,216.3155936445743
2024-11-02,wk inc flu hosp,3,2024-11-23,48,quantile,0.3,232.58083207989554
2024-11-02,wk inc flu hosp,3,2024-11-23,48,quantile,0.35,246.16710552097365
2024-11-02,wk inc flu hosp,3,2024-11-23,48,quantile,0.4,258.6664426875174
2024-11-02,wk inc flu hosp,3,2024-11-23,48,quantile,0.45,265.7646246782611
2024-11-02,wk inc flu hosp,3,2024-11-23,48,quantile,0.5,285.71987008756037
2024-11-02,wk inc flu hosp,3,2024-11-23,48,quantile,0.55,304.2760646969988
2024-11-02,wk inc flu hosp,3,2024-11-23,48,quantile,0.6,326.9157568321382
2024-11-02,wk inc flu hosp,3,2024-11-23,48,quantile,0.65,347.40126238657405
2024-11-02,wk inc flu hosp,3,2024-11-23,48,quantile,0.7,368.9337526860158
2024-11-02,wk inc flu hosp,3,2024-11-23,48,quantile,0.75,389.30941241660327
2024-11-02,wk inc flu hosp,3,2024-11-23,48,quantile,0.8,425.5918609334931
2024-11-02,wk inc flu hosp,3,2024-11-23,48,quantile,0.85,456.5393025923985
2024-11-02,wk inc flu hosp,3,2024-11-23,48,quantile,0.9,501.0073556792696
2024-11-02,wk inc flu hosp,3,2024-11-23,48,quantile,0.95,623.8220253125164
2024-11-02,wk inc flu hosp,3,2024-11-23,48,quantile,0.975,703.506653872338
2024-11-02,wk inc flu hosp,3,2024-11-23,48,quantile,0.99,776.7730362454066
2024-11-02,wk inc flu hosp,0,2024-11-02,49,quantile,0.01,0.34438842495793176
2024-11-02,wk inc flu hosp,0,2024-11-02,49,quantile,0.025,0.4612201790677144
2024-11-02,wk inc flu hosp,0,2024-11-02,49,quantile,0.05,0.6723926513291033
2024-11-02,wk inc flu hosp,0,2024-11-02,49,quantile,0.1,1.2661940604199753
2024-11-02,wk inc flu hosp,0,2024-11-02,49,quantile,0.15,2.1407435728924704
2024-11-02,wk inc flu hosp,0,2024-11-02,49,quantile,0.2,2.4314972618664745
2024-11-02,wk inc flu hosp,0,2024-11-02,49,quantile,0.25,2.7552372142727277
2024-11-02,wk inc flu hosp,0,2024-11-02,49,quantile,0.3,3.0617674214391837
2024-11-02,wk inc flu hosp,0,2024-11-02,49,quantile,0.35,3.457069692787484
2024-11-02,wk inc flu hosp,0,2024-11-02,49,quantile,0.4,3.6288503926701936
2024-11-02,wk inc flu hosp,0,2024-11-02,49,quantile,0.45,3.870515854329327
2024-11-02,wk inc flu hosp,0,2024-11-02,49,quantile,0.5,6.409027038005735
2024-11-02,wk inc flu hosp,0,2024-11-02,49,quantile,0.55,7.0218187041386875
2024-11-02,wk inc flu hosp,0,2024-11-02,49,quantile,0.6,7.636539072586802
2024-11-02,wk inc flu hosp,0,2024-11-02,49,quantile,0.65,8.625811259456757
2024-11-02,wk inc flu hosp,0,2024-11-02,49,quantile,0.7,9.176414582258356
2024-11-02,wk inc flu hosp,0,2024-11-02,49,quantile,0.75,9.74348316022517
2024-11-02,wk inc flu hosp,0,2024-11-02,49,quantile,0.8,10.486735592544047
2024-11-02,wk inc flu hosp,0,2024-11-02,49,quantile,0.85,11.99508344214209
2024-11-02,wk inc flu hosp,0,2024-11-02,49,quantile,0.9,13.785946233422854
2024-11-02,wk inc flu hosp,0,2024-11-02,49,quantile,0.95,15.63073456591085
2024-11-02,wk inc flu hosp,0,2024-11-02,49,quantile,0.975,17.556329387043117
2024-11-02,wk inc flu hosp,0,2024-11-02,49,quantile,0.99,26.44006398777359
2024-11-02,wk inc flu hosp,1,2024-11-09,49,quantile,0.01,0.7314544766107985
2024-11-02,wk inc flu hosp,1,2024-11-09,49,quantile,0.025,1.2775694618869462
2024-11-02,wk inc flu hosp,1,2024-11-09,49,quantile,0.05,2.575736789483507
2024-11-02,wk inc flu hosp,1,2024-11-09,49,quantile,0.1,3.8099840022304186
2024-11-02,wk inc flu hosp,1,2024-11-09,49,quantile,0.15,4.707604503888201
2024-11-02,wk inc flu hosp,1,2024-11-09,49,quantile,0.2,5.312382118406127
2024-11-02,wk inc flu hosp,1,2024-11-09,49,quantile,0.25,5.7076535259770615
2024-11-02,wk inc flu hosp,1,2024-11-09,49,quantile,0.3,6.049050890638734
2024-11-02,wk inc flu hosp,1,2024-11-09,49,quantile,0.35,6.34668331392035
2024-11-02,wk inc flu hosp,1,2024-11-09,49,quantile,0.4,6.588340694051243
2024-11-02,wk inc flu hosp,1,2024-11-09,49,quantile,0.45,6.827975998334117
2024-11-02,wk inc flu hosp,1,2024-11-09,49,quantile,0.5,7.131217888659691
2024-11-02,wk inc flu hosp,1,2024-11-09,49,quantile,0.55,7.493022183661089
2024-11-02,wk inc flu hosp,1,2024-11-09,49,quantile,0.6,7.878951953794789
2024-11-02,wk inc flu hosp,1,2024-11-09,49,quantile,0.65,8.367010786287457
2024-11-02,wk inc flu hosp,1,2024-11-09,49,quantile,0.7,9.00875295243375
2024-11-02,wk inc flu hosp,1,2024-11-09,49,quantile,0.75,9.912401141985766
2024-11-02,wk inc flu hosp,1,2024-11-09,49,quantile,0.8,10.990801280733372
2024-11-02,wk inc flu hosp,1,2024-11-09,49,quantile,0.85,12.534961596633567
2024-11-02,wk inc flu hosp,1,2024-11-09,49,quantile,0.9,16.06752787842053
2024-11-02,wk inc flu hosp,1,2024-11-09,49,quantile,0.95,19.31119552162756
2024-11-02,wk inc flu hosp,1,2024-11-09,49,quantile,0.975,24.571684198325777
2024-11-02,wk inc flu hosp,1,2024-11-09,49,quantile,0.99,33.155022388926035
2024-11-02,wk inc flu hosp,2,2024-11-16,49,quantile,0.01,1.0908954978229972
2024-11-02,wk inc flu hosp,2,2024-11-16,49,quantile,0.025,1.7432858004319405
2024-11-02,wk inc flu hosp,2,2024-11-16,49,quantile,0.05,2.061531578118892
2024-11-02,wk inc flu hosp,2,2024-11-16,49,quantile,0.1,2.7560689835920233
2024-11-02,wk inc flu hosp,2,2024-11-16,49,quantile,0.15,3.224921714871749
2024-11-02,wk inc flu hosp,2,2024-11-16,49,quantile,0.2,3.553241766753925
2024-11-02,wk inc flu hosp,2,2024-11-16,49,quantile,0.25,3.8738370148168038
2024-11-02,wk inc flu hosp,2,2024-11-16,49,quantile,0.3,4.268611526563336
2024-11-02,wk inc flu hosp,2,2024-11-16,49,quantile,0.35,4.8345548396317755
2024-11-02,wk inc flu hosp,2,2024-11-16,49,quantile,0.4,5.381853359546189
2024-11-02,wk inc flu hosp,2,2024-11-16,49,quantile,0.45,6.472917200990937
2024-11-02,wk inc flu hosp,2,2024-11-16,49,quantile,0.5,7.537965572228766
2024-11-02,wk inc flu hosp,2,2024-11-16,49,quantile,0.55,8.642530951543408
2024-11-02,wk inc flu hosp,2,2024-11-16,49,quantile,0.6,9.498702556275134
2024-11-02,wk inc flu hosp,2,2024-11-16,49,quantile,0.65,10.314557517780521
2024-11-02,wk inc flu hosp,2,2024-11-16,49,quantile,0.7,11.123573940447454
2024-11-02,wk inc flu hosp,2,2024-11-16,49,quantile,0.75,12.652706073350416
2024-11-02,wk inc flu hosp,2,2024-11-16,49,quantile,0.8,14.127869248995692
2024-11-02,wk inc flu hosp,2,2024-11-16,49,quantile,0.85,15.451559458017254
2024-11-02,wk inc flu hosp,2,2024-11-16,49,quantile,0.9,17.20701996073297
2024-11-02,wk inc flu hosp,2,2024-11-16,49,quantile,0.95,24.484110618174114
2024-11-02,wk inc flu hosp,2,2024-11-16,49,quantile,0.975,31.739780927587535
2024-11-02,wk inc flu hosp,2,2024-11-16,49,quantile,0.99,34.662135985935464
2024-11-02,wk inc flu hosp,3,2024-11-23,49,quantile,0.01,1.4111761644115544
2024-11-02,wk inc flu hosp,3,2024-11-23,49,quantile,0.025,2.3473701078392932
2024-11-02,wk inc flu hosp,3,2024-11-23,49,quantile,0.05,3.702161135227207
2024-11-02,wk inc flu hosp,3,2024-11-23,49,quantile,0.1,5.456225079617695
2024-11-02,wk inc flu hosp,3,2024-11-23,49,quantile,0.15,6.598202557752434
2024-11-02,wk inc flu hosp,3,2024-11-23,49,quantile,0.2,7.368373754935832
2024-11-02,wk inc flu hosp,3,2024-11-23,49,quantile,0.25,8.284431146858733
2024-11-02,wk inc flu hosp,3,2024-11-23,49,quantile,0.3,8.82165866318823
2024-11-02,wk inc flu hosp,3,2024-11-23,49,quantile,0.35,9.597615244931683
2024-11-02,wk inc flu hosp,3,2024-11-23,49,quantile,0.4,10.182959108584427
2024-11-02,wk inc flu hosp,3,2024-11-23,49,quantile,0.45,10.799465927989724
2024-11-02,wk inc flu hosp,3,2024-11-23,49,quantile,0.5,11.585808198488571
2024-11-02,wk inc flu hosp,3,2024-11-23,49,quantile,0.55,12.60886801495349
2024-11-02,wk inc flu hosp,3,2024-11-23,49,quantile,0.6,13.540192050656007
2024-11-02,wk inc flu hosp,3,2024-11-23,49,quantile,0.65,15.115123706703951
2024-11-02,wk inc flu hosp,3,2024-11-23,49,quantile,0.7,16.03789305486929
2024-11-02,wk inc flu hosp,3,2024-11-23,49,quantile,0.75,17.012110840069802
2024-11-02,wk inc flu hosp,3,2024-11-23,49,quantile,0.8,18.252158289835208
2024-11-02,wk inc flu hosp,3,2024-11-23,49,quantile,0.85,19.720013564153476
2024-11-02,wk inc flu hosp,3,2024-11-23,49,quantile,0.9,22.763593768154358
2024-11-02,wk inc flu hosp,3,2024-11-23,49,quantile,0.95,31.781259404352067
2024-11-02,wk inc flu hosp,3,2024-11-23,49,quantile,0.975,35.816197942281384
2024-11-02,wk inc flu hosp,3,2024-11-23,49,quantile,0.99,47.364382776171084
2024-11-02,wk inc flu hosp,0,2024-11-02,50,quantile,0.01,0.0
2024-11-02,wk inc flu hosp,0,2024-11-02,50,quantile,0.025,0.0
2024-11-02,wk inc flu hosp,0,2024-11-02,50,quantile,0.05,0.0
2024-11-02,wk inc flu hosp,0,2024-11-02,50,quantile,0.1,3.1678496375544135e-06
2024-11-02,wk inc flu hosp,0,2024-11-02,50,quantile,0.15,4.6216393002877e-05
2024-11-02,wk inc flu hosp,0,2024-11-02,50,quantile,0.2,7.204363817948105e-05
2024-11-02,wk inc flu hosp,0,2024-11-02,50,quantile,0.25,0.08647475448659012
2024-11-02,wk inc flu hosp,0,2024-11-02,50,quantile,0.3,0.3604959859925898
2024-11-02,wk inc flu hosp,0,2024-11-02,50,quantile,0.35,0.3783724430149079
2024-11-02,wk inc flu hosp,0,2024-11-02,50,quantile,0.4,0.4649869458174091
2024-11-02,wk inc flu hosp,0,2024-11-02,50,quantile,0.45,0.5602579397843445
2024-11-02,wk inc flu hosp,0,2024-11-02,50,quantile,0.5,0.6073497167948241
2024-11-02,wk inc flu hosp,0,2024-11-02,50,quantile,0.55,0.6282607869133656
2024-11-02,wk inc flu hosp,0,2024-11-02,50,quantile,0.6,0.7174967005347469
2024-11-02,wk inc flu hosp,0,2024-11-02,50,quantile,0.65,0.8235112951559405
2024-11-02,wk inc flu hosp,0,2024-11-02,50,quantile,0.7,0.916134865743023
2024-11-02,wk inc flu hosp,0,2024-11-02,50,quantile,0.75,0.9698350195338212
2024-11-02,wk inc flu hosp,0,2024-11-02,50,quantile,0.8,1.0259686742735545
2024-11-02,wk inc flu hosp,0,2024-11-02,50,quantile,0.85,1.1730596743765378
2024-11-02,wk inc flu hosp,0,2024-11-02,50,quantile,0.9,1.4333312322922775
2024-11-02,wk inc flu hosp,0,2024-11-02,50,quantile,0.95,3.0475034117935045
2024-11-02,wk inc flu hosp,0,2024-11-02,50,quantile,0.975,5.8447435172393565
2024-11-02,wk inc flu hosp,0,2024-11-02,50,quantile,0.99,16.71611591220995
2024-11-02,wk inc flu hosp,1,2024-11-09,50,quantile,0.01,0.0
2024-11-02,wk inc flu hosp,1,2024-11-09,50,quantile,0.025,0.0
2024-11-02,wk inc flu hosp,1,2024-11-09,50,quantile,0.05,0.0
2024-11-02,wk inc flu hosp,1,2024-11-09,50,quantile,0.1,0.0
2024-11-02,wk inc flu hosp,1,2024-11-09,50,quantile,0.15,5.082848416166451e-05
2024-11-02,wk inc flu hosp,1,2024-11-09,50,quantile,0.2,0.1484098582226968
2024-11-02,wk inc flu hosp,1,2024-11-09,50,quantile,0.25,0.476429343534561
2024-11-02,wk inc flu hosp,1,2024-11-09,50,quantile,0.3,0.9644356315056672
2024-11-02,wk inc flu hosp,1,2024-11-09,50,quantile,0.35,1.0452650126892078
2024-11-02,wk inc flu hosp,1,2024-11-09,50,quantile,0.4,1.083597759375733
2024-11-02,wk inc flu hosp,1,2024-11-09,50,quantile,0.45,1.1644335241072128
2024-11-02,wk inc flu hosp,1,2024-11-09,50,quantile,0.5,1.2555102960170526
2024-11-02,wk inc flu hosp,1,2024-11-09,50,quantile,0.55,1.3933836886678386
2024-11-02,wk inc flu hosp,1,2024-11-09,50,quantile,0.6,1.5168908329494561
2024-11-02,wk inc flu hosp,1,2024-11-09,50,quantile,0.65,1.6130287269091246
2024-11-02,wk inc flu hosp,1,2024-11-09,50,quantile,0.7,1.7202891057674226
2024-11-02,wk inc flu hosp,1,2024-11-09,50,quantile,0.75,1.8513908861331716
2024-11-02,wk inc flu hosp,1,2024-11-09,50,quantile,0.8,2.0485311692356483
2024-11-02,wk inc flu hosp,1,2024-11-09,50,quantile,0.85,2.5613746173179606
2024-11-02,wk inc flu hosp,1,2024-11-09,50,quantile,0.9,3.48515932189075
2024-11-02,wk inc flu hosp,1,2024-11-09,50,quantile,0.95,6.120501631869328
2024-11-02,wk inc flu hosp,1,2024-11-09,50,quantile,0.975,10.985078702585234
2024-11-02,wk inc flu hosp,1,2024-11-09,50,quantile,0.99,14.714275619070184
2024-11-02,wk inc flu hosp,2,2024-11-16,50,quantile,0.01,0.0
2024-11-02,wk inc flu hosp,2,2024-11-16,50,quantile,0.025,0.0
2024-11-02,wk inc flu hosp,2,2024-11-16,50,quantile,0.05,1.6761971016437668e-05
2024-11-02,wk inc flu hosp,2,2024-11-16,50,quantile,0.1,0.15410275601642187
2024-11-02,wk inc flu hosp,2,2024-11-16,50,quantile,0.15,0.8838881170598806
2024-11-02,wk inc flu hosp,2,2024-11-16,50,quantile,0.2,1.2583936369476305
2024-11-02,wk inc flu hosp,2,2024-11-16,50,quantile,0.25,1.490219836357032
2024-11-02,wk inc flu hosp,2,2024-11-16,50,quantile,0.3,1.8075906205357455
2024-11-02,wk inc flu hosp,2,2024-11-16,50,quantile,0.35,2.1851728190743147
2024-11-02,wk inc flu hosp,2,2024-11-16,50,quantile,0.4,2.424959890399553
2024-11-02,wk inc flu hosp,2,2024-11-16,50,quantile,0.45,2.580075150840329
2024-11-02,wk inc flu hosp,2,2024-11-16,50,quantile,0.5,2.9378348765209985
2024-11-02,wk inc flu hosp,2,2024-11-16,50,quantile,0.55,3.256193080382852
2024-11-02,wk inc flu hosp,2,2024-11-16,50,quantile,0.6,3.667154077277507
2024-11-02,wk inc flu hosp,2,2024-11-16,50,quantile,0.65,3.8968026127121833
2024-11-02,wk inc flu hosp,2,2024-11-16,50,quantile,0.7,4.0633157009716125
2024-11-02,wk inc flu hosp,2,2024-11-16,50,quantile,0.75,4.305522834832892
2024-11-02,wk inc flu hosp,2,2024-11-16,50,quantile,0.8,5.049632053377337
2024-11-02,wk inc flu hosp,2,2024-11-16,50,quantile,0.85,5.722943412060523
2024-11-02,wk inc flu hosp,2,2024-11-16,50,quantile,0.9,6.895349804298386
2024-11-02,wk inc flu hosp,2,2024-11-16,50,quantile,0.95,9.406094131407318
2024-11-02,wk inc flu hosp,2,2024-11-16,50,quantile,0.975,14.277004950613186
2024-11-02,wk inc flu hosp,2,2024-11-16,50,quantile,0.99,17.46728480876433
2024-11-02,wk inc flu hosp,3,2024-11-23,50,quantile,0.01,0.0
2024-11-02,wk inc flu hosp,3,2024-11-23,50,quantile,0.025,0.0
2024-11-02,wk inc flu hosp,3,2024-11-23,50,quantile,0.05,0.08524810844973835
2024-11-02,wk inc flu hosp,3,2024-11-23,50,quantile,0.1,0.6555253862459737
2024-11-02,wk inc flu hosp,3,2024-11-23,50,quantile,0.15,0.9330276503100942
2024-11-02,wk inc flu hosp,3,2024-11-23,50,quantile,0.2,1.312135385775652
2024-11-02,wk inc flu hosp,3,2024-11-23,50,quantile,0.25,1.9347305794639453
2024-11-02,wk inc flu hosp,3,2024-11-23,50,quantile,0.3,2.489258727546701
2024-11-02,wk inc flu hosp,3,2024-11-23,50,quantile,0.35,2.962511262774971
2024-11-02,wk inc flu hosp,3,2024-11-23,50,quantile,0.4,3.3215883401962008
2024-11-02,wk inc flu hosp,3,2024-11-23,50,quantile,0.45,3.982925562822837
2024-11-02,wk inc flu hosp,3,2024-11-23,50,quantile,0.5,4.569181263254763
2024-11-02,wk inc flu hosp,3,2024-11-23,50,quantile,0.55,5.198594048110268
2024-11-02,wk inc flu hosp,3,2024-11-23,50,quantile,0.6,5.543363214947496
2024-11-02,wk inc flu hosp,3,2024-11-23,50,quantile,0.65,6.203842756220632
2024-11-02,wk inc flu hosp,3,2024-11-23,50,quantile,0.7,7.240152628140066
2024-11-02,wk inc flu hosp,3,2024-11-23,50,quantile,0.75,8.149985664204824
2024-11-02,wk inc flu hosp,3,2024-11-23,50,quantile,0.8,9.164725882176564
2024-11-02,wk inc flu hosp,3,2024-11-23,50,quantile,0.85,10.384652491949677
2024-11-02,wk inc flu hosp,3,2024-11-23,50,quantile,0.9,11.61904924411391
2024-11-02,wk inc flu hosp,3,2024-11-23,50,quantile,0.95,14.393638730994333
2024-11-02,wk inc flu hosp,3,2024-11-23,50,quantile,0.975,17.171822680369853
2024-11-02,wk inc flu hosp,3,2024-11-23,50,quantile,0.99,21.867155351924485
2024-11-02,wk inc flu hosp,0,2024-11-02,51,quantile,0.01,2.8321889922566523
2024-11-02,wk inc flu hosp,0,2024-11-02,51,quantile,0.025,5.22922240249084
2024-11-02,wk inc flu hosp,0,2024-11-02,51,quantile,0.05,6.88670223869024
2024-11-02,wk inc flu hosp,0,2024-11-02,51,quantile,0.1,8.194240488386205
2024-11-02,wk inc flu hosp,0,2024-11-02,51,quantile,0.15,8.807869885469415
2024-11-02,wk inc flu hosp,0,2024-11-02,51,quantile,0.2,9.115705466387102
2024-11-02,wk inc flu hosp,0,2024-11-02,51,quantile,0.25,9.488983899742772
2024-11-02,wk inc flu hosp,0,2024-11-02,51,quantile,0.3,10.836027129716582
2024-11-02,wk inc flu hosp,0,2024-11-02,51,quantile,0.35,13.355107252455918
2024-11-02,wk inc flu hosp,0,2024-11-02,51,quantile,0.4,13.796935020744865
2024-11-02,wk inc flu hosp,0,2024-11-02,51,quantile,0.45,15.506445541120708
2024-11-02,wk inc flu hosp,0,2024-11-02,51,quantile,0.5,20.722402263426424
2024-11-02,wk inc flu hosp,0,2024-11-02,51,quantile,0.55,22.969343314726018
2024-11-02,wk inc flu hosp,0,2024-11-02,51,quantile,0.6,24.121048776387646
2024-11-02,wk inc flu hosp,0,2024-11-02,51,quantile,0.65,25.316508170305404
2024-11-02,wk inc flu hosp,0,2024-11-02,51,quantile,0.7,26.449722198211862
2024-11-02,wk inc flu hosp,0,2024-11-02,51,quantile,0.75,27.5410303845919
2024-11-02,wk inc flu hosp,0,2024-11-02,51,quantile,0.8,30.00691812454814
2024-11-02,wk inc flu hosp,0,2024-11-02,51,quantile,0.85,33.6921803604188
2024-11-02,wk inc flu hosp,0,2024-11-02,51,quantile,0.9,35.781335652954816
2024-11-02,wk inc flu hosp,0,2024-11-02,51,quantile,0.95,45.986771749884014
2024-11-02,wk inc flu hosp,0,2024-11-02,51,quantile,0.975,60.2111937936674
2024-11-02,wk inc flu hosp,0,2024-11-02,51,quantile,0.99,105.16877170920007
2024-11-02,wk inc flu hosp,1,2024-11-09,51,quantile,0.01,3.764191297248477
2024-11-02,wk inc flu hosp,1,2024-11-09,51,quantile,0.025,6.777584569061762
2024-11-02,wk inc flu hosp,1,2024-11-09,51,quantile,0.05,7.924909402979534
2024-11-02,wk inc flu hosp,1,2024-11-09,51,quantile,0.1,10.769563338737903
2024-11-02,wk inc flu hosp,1,2024-11-09,51,quantile,0.15,14.03313107453925
2024-11-02,wk inc flu hosp,1,2024-11-09,51,quantile,0.2,15.355664021104646
2024-11-02,wk inc flu hosp,1,2024-11-09,51,quantile,0.25,16.77303629790035
2024-11-02,wk inc flu hosp,1,2024-11-09,51,quantile,0.3,18.653576443013595
2024-11-02,wk inc flu hosp,1,2024-11-09,51,quantile,0.35,20.074391456780535
2024-11-02,wk inc flu hosp,1,2024-11-09,51,quantile,0.4,21.533845108510643
2024-11-02,wk inc flu hosp,1,2024-11-09,51,quantile,0.45,23.00841614306094
2024-11-02,wk inc flu hosp,1,2024-11-09,51,quantile,0.5,24.75974207570632
2024-11-02,wk inc flu hosp,1,2024-11-09,51,quantile,0.55,26.785793670188
2024-11-02,wk inc flu hosp,1,2024-11-09,51,quantile,0.6,28.60349601212209
2024-11-02,wk inc flu hosp,1,2024-11-09,51,quantile,0.65,31.74034617847075
2024-11-02,wk inc flu hosp,1,2024-11-09,51,quantile,0.7,34.14992008472476
2024-11-02,wk inc flu hosp,1,2024-11-09,51,quantile,0.75,37.40037119678194
2024-11-02,wk inc flu hosp,1,2024-11-09,51,quantile,0.8,41.264972954284374
2024-11-02,wk inc flu hosp,1,2024-11-09,51,quantile,0.85,45.73717602236628
2024-11-02,wk inc flu hosp,1,2024-11-09,51,quantile,0.9,50.7477856518631
2024-11-02,wk inc flu hosp,1,2024-11-09,51,quantile,0.95,69.98737173732394
2024-11-02,wk inc flu hosp,1,2024-11-09,51,quantile,0.975,106.75082802079758
2024-11-02,wk inc flu hosp,1,2024-11-09,51,quantile,0.99,135.2465953007561
2024-11-02,wk inc flu hosp,2,2024-11-16,51,quantile,0.01,6.23252695562183
2024-11-02,wk inc flu hosp,2,2024-11-16,51,quantile,0.025,10.346393235244749
2024-11-02,wk inc flu hosp,2,2024-11-16,51,quantile,0.05,13.532840280313264
2024-11-02,wk inc flu hosp,2,2024-11-16,51,quantile,0.1,18.36542116566705
2024-11-02,wk inc flu hosp,2,2024-11-16,51,quantile,0.15,21.56448153046623
2024-11-02,wk inc flu hosp,2,2024-11-16,51,quantile,0.2,23.3649853642012
2024-11-02,wk inc flu hosp,2,2024-11-16,51,quantile,0.25,25.374762772652023
2024-11-02,wk inc flu hosp,2,2024-11-16,51,quantile,0.3,27.129740791332498
2024-11-02,wk inc flu hosp,2,2024-11-16,51,quantile,0.35,29.954445076543198
2024-11-02,wk inc flu hosp,2,2024-11-16,51,quantile,0.4,31.92392114753689
2024-11-02,wk inc flu hosp,2,2024-11-16,51,quantile,0.45,34.12711018245331
2024-11-02,wk inc flu hosp,2,2024-11-16,51,quantile,0.5,37.01428736694479
2024-11-02,wk inc flu hosp,2,2024-11-16,51,quantile,0.55,40.781710221560374
2024-11-02,wk inc flu hosp,2,2024-11-16,51,quantile,0.6,43.27339817604681
2024-11-02,wk inc flu hosp,2,2024-11-16,51,quantile,0.65,46.22692597794593
2024-11-02,wk inc flu hosp,2,2024-11-16,51,quantile,0.7,48.40885024141934
2024-11-02,wk inc flu hosp,2,2024-11-16,51,quantile,0.75,51.5075217085971
2024-11-02,wk inc flu hosp,2,2024-11-16,51,quantile,0.8,54.91437522494455
2024-11-02,wk inc flu hosp,2,2024-11-16,51,quantile,0.85,59.08113293396402
2024-11-02,wk inc flu hosp,2,2024-11-16,51,quantile,0.9,68.49996132631344
2024-11-02,wk inc flu hosp,2,2024-11-16,51,quantile,0.95,95.01130369983123
2024-11-02,wk inc flu hosp,2,2024-11-16,51,quantile,0.975,132.6517224523748
2024-11-02,wk inc flu hosp,2,2024-11-16,51,quantile,0.99,150.4589898811765
2024-11-02,wk inc flu hosp,3,2024-11-23,51,quantile,0.01,16.86050981711295
2024-11-02,wk inc flu hosp,3,2024-11-23,51,quantile,0.025,19.902459953525824
2024-11-02,wk inc flu hosp,3,2024-11-23,51,quantile,0.05,23.713760599545715
2024-11-02,wk inc flu hosp,3,2024-11-23,51,quantile,0.1,27.145440005989382
2024-11-02,wk inc flu hosp,3,2024-11-23,51,quantile,0.15,30.672452414676606
2024-11-02,wk inc flu hosp,3,2024-11-23,51,quantile,0.2,33.855276782912675
2024-11-02,wk inc flu hosp,3,2024-11-23,51,quantile,0.25,38.228140076587025
2024-11-02,wk inc flu hosp,3,2024-11-23,51,quantile,0.3,41.974896743273455
2024-11-02,wk inc flu hosp,3,2024-11-23,51,quantile,0.35,44.97144976369141
2024-11-02,wk inc flu hosp,3,2024-11-23,51,quantile,0.4,48.82443046366574
2024-11-02,wk inc flu hosp,3,2024-11-23,51,quantile,0.45,51.49539738587621
2024-11-02,wk inc flu hosp,3,2024-11-23,51,quantile,0.5,53.89406213630436
2024-11-02,wk inc flu hosp,3,2024-11-23,51,quantile,0.55,56.226730001682675
2024-11-02,wk inc flu hosp,3,2024-11-23,51,quantile,0.6,58.3291376522743
2024-11-02,wk inc flu hosp,3,2024-11-23,51,quantile,0.65,60.30904738493932
2024-11-02,wk inc flu hosp,3,2024-11-23,51,quantile,0.7,63.436948148817855
2024-11-02,wk inc flu hosp,3,2024-11-23,51,quantile,0.75,67.65799547517757
2024-11-02,wk inc flu hosp,3,2024-11-23,51,quantile,0.8,73.3302084649038
2024-11-02,wk inc flu hosp,3,2024-11-23,51,quantile,0.85,79.37737977722416
2024-11-02,wk inc flu hosp,3,2024-11-23,51,quantile,0.9,96.7768382162711
2024-11-02,wk inc flu hosp,3,2024-11-23,51,quantile,0.95,148.50218911865974
2024-11-02,wk inc flu hosp,3,2024-11-23,51,quantile,0.975,150.6244492418282
2024-11-02,wk inc flu hosp,3,2024-11-23,51,quantile,0.99,172.75911139001707
2024-11-02,wk inc flu hosp,0,2024-11-02,53,quantile,0.01,1.7509356040156543
2024-11-02,wk inc flu hosp,0,2024-11-02,53,quantile,0.025,3.155402375262407
2024-11-02,wk inc flu hosp,0,2024-11-02,53,quantile,0.05,3.6660434936508004
2024-11-02,wk inc flu hosp,0,2024-11-02,53,quantile,0.1,6.391073702202932
2024-11-02,wk inc flu hosp,0,2024-11-02,53,quantile,0.15,6.884925929882345
2024-11-02,wk inc flu hosp,0,2024-11-02,53,quantile,0.2,7.471122138934813
2024-11-02,wk inc flu hosp,0,2024-11-02,53,quantile,0.25,8.337335487814975
2024-11-02,wk inc flu hosp,0,2024-11-02,53,quantile,0.3,9.130747381702962
2024-11-02,wk inc flu hosp,0,2024-11-02,53,quantile,0.35,9.333554788024927
2024-11-02,wk inc flu hosp,0,2024-11-02,53,quantile,0.4,9.534543534309549
2024-11-02,wk inc flu hosp,0,2024-11-02,53,quantile,0.45,9.746131492984754
2024-11-02,wk inc flu hosp,0,2024-11-02,53,quantile,0.5,11.482573154927671
2024-11-02,wk inc flu hosp,0,2024-11-02,53,quantile,0.55,12.738324642475309
2024-11-02,wk inc flu hosp,0,2024-11-02,53,quantile,0.6,13.42404837615466
2024-11-02,wk inc flu hosp,0,2024-11-02,53,quantile,0.65,14.484771298414504
2024-11-02,wk inc flu hosp,0,2024-11-02,53,quantile,0.7,16.815187993770806
2024-11-02,wk inc flu hosp,0,2024-11-02,53,quantile,0.75,18.361599282800327
2024-11-02,wk inc flu hosp,0,2024-11-02,53,quantile,0.8,23.246192279841768
2024-11-02,wk inc flu hosp,0,2024-11-02,53,quantile,0.85,27.65047171229346
2024-11-02,wk inc flu hosp,0,2024-11-02,53,quantile,0.9,31.726714091477472
2024-11-02,wk inc flu hosp,0,2024-11-02,53,quantile,0.95,35.637590355971554
2024-11-02,wk inc flu hosp,0,2024-11-02,53,quantile,0.975,57.670191952447524
2024-11-02,wk inc flu hosp,0,2024-11-02,53,quantile,0.99,79.46123042908145
2024-11-02,wk inc flu hosp,1,2024-11-09,53,quantile,0.01,2.6547404951666107
2024-11-02,wk inc flu hosp,1,2024-11-09,53,quantile,0.025,3.8704618460425713
2024-11-02,wk inc flu hosp,1,2024-11-09,53,quantile,0.05,5.868033295877194
2024-11-02,wk inc flu hosp,1,2024-11-09,53,quantile,0.1,7.388696953410193
2024-11-02,wk inc flu hosp,1,2024-11-09,53,quantile,0.15,8.253977758889185
2024-11-02,wk inc flu hosp,1,2024-11-09,53,quantile,0.2,9.42026577450365
2024-11-02,wk inc flu hosp,1,2024-11-09,53,quantile,0.25,10.556526095166381
2024-11-02,wk inc flu hosp,1,2024-11-09,53,quantile,0.3,11.533575304280284
2024-11-02,wk inc flu hosp,1,2024-11-09,53,quantile,0.35,12.630870021938808
2024-11-02,wk inc flu hosp,1,2024-11-09,53,quantile,0.4,13.967658332990691
2024-11-02,wk inc flu hosp,1,2024-11-09,53,quantile,0.45,14.94002053940797
2024-11-02,wk inc flu hosp,1,2024-11-09,53,quantile,0.5,16.263487563054742
2024-11-02,wk inc flu hosp,1,2024-11-09,53,quantile,0.55,17.950517947933577
2024-11-02,wk inc flu hosp,1,2024-11-09,53,quantile,0.6,21.69377173034811
2024-11-02,wk inc flu hosp,1,2024-11-09,53,quantile,0.65,25.128831006873867
2024-11-02,wk inc flu hosp,1,2024-11-09,53,quantile,0.7,27.330342961697365
2024-11-02,wk inc flu hosp,1,2024-11-09,53,quantile,0.75,28.361180370353885
2024-11-02,wk inc flu hosp,1,2024-11-09,53,quantile,0.8,30.50941986456537
2024-11-02,wk inc flu hosp,1,2024-11-09,53,quantile,0.85,36.60937740865495
2024-11-02,wk inc flu hosp,1,2024-11-09,53,quantile,0.9,49.55394317690545
2024-11-02,wk inc flu hosp,1,2024-11-09,53,quantile,0.95,66.59960278283954
2024-11-02,wk inc flu hosp,1,2024-11-09,53,quantile,0.975,77.26500829824444
2024-11-02,wk inc flu hosp,1,2024-11-09,53,quantile,0.99,83.07696026885944
2024-11-02,wk inc flu hosp,2,2024-11-16,53,quantile,0.01,2.081315346628158
2024-11-02,wk inc flu hosp,2,2024-11-16,53,quantile,0.025,4.527823591496184
2024-11-02,wk inc flu hosp,2,2024-11-16,53,quantile,0.05,6.539137150155137
2024-11-02,wk inc flu hosp,2,2024-11-16,53,quantile,0.1,8.453181115196294
2024-11-02,wk inc flu hosp,2,2024-11-16,53,quantile,0.15,9.792888502219311
2024-11-02,wk inc flu hosp,2,2024-11-16,53,quantile,0.2,11.578041117825594
2024-11-02,wk inc flu hosp,2,2024-11-16,53,quantile,0.25,12.78310677884056
2024-11-02,wk inc flu hosp,2,2024-11-16,53,quantile,0.3,14.064891491402417
2024-11-02,wk inc flu hosp,2,2024-11-16,53,quantile,0.35,15.42878477645257
2024-11-02,wk inc flu hosp,2,2024-11-16,53,quantile,0.4,17.071086284851894
2024-11-02,wk inc flu hosp,2,2024-11-16,53,quantile,0.45,19.612094096452665
2024-11-02,wk inc flu hosp,2,2024-11-16,53,quantile,0.5,22.3931802448436
2024-11-02,wk inc flu hosp,2,2024-11-16,53,quantile,0.55,24.115968845807913
2024-11-02,wk inc flu hosp,2,2024-11-16,53,quantile,0.6,24.83239754965165
2024-11-02,wk inc flu hosp,2,2024-11-16,53,quantile,0.65,27.33942996782868
2024-11-02,wk inc flu hosp,2,2024-11-16,53,quantile,0.7,29.967476918728455
2024-11-02,wk inc flu hosp,2,2024-11-16,53,quantile,0.75,32.431669189716985
2024-11-02,wk inc flu hosp,2,2024-11-16,53,quantile,0.8,37.800214791436
2024-11-02,wk inc flu hosp,2,2024-11-16,53,quantile,0.85,45.08960350016534
2024-11-02,wk inc flu hosp,2,2024-11-16,53,quantile,0.9,56.37030769000633
2024-11-02,wk inc flu hosp,2,2024-11-16,53,quantile,0.95,72.22425394408388
2024-11-02,wk inc flu hosp,2,2024-11-16,53,quantile,0.975,80.34780879534412
2024-11-02,wk inc flu hosp,2,2024-11-16,53,quantile,0.99,93.65012651944672
2024-11-02,wk inc flu hosp,3,2024-11-23,53,quantile,0.01,6.3462949385440535
2024-11-02,wk inc flu hosp,3,2024-11-23,53,quantile,0.025,10.891498309995086
2024-11-02,wk inc flu hosp,3,2024-11-23,53,quantile,0.05,13.01045118807587
2024-11-02,wk inc flu hosp,3,2024-11-23,53,quantile,0.1,15.86037143603381
2024-11-02,wk inc flu hosp,3,2024-11-23,53,quantile,0.15,18.347764241360032
2024-11-02,wk inc flu hosp,3,2024-11-23,53,quantile,0.2,20.508582963717288
2024-11-02,wk inc flu hosp,3,2024-11-23,53,quantile,0.25,22.21350288191226
2024-11-02,wk inc flu hosp,3,2024-11-23,53,quantile,0.3,23.968326227359025
2024-11-02,wk inc flu hosp,3,2024-11-23,53,quantile,0.35,25.322983844476322
2024-11-02,wk inc flu hosp,3,2024-11-23,53,quantile,0.4,27.38473548443754
2024-11-02,wk inc flu hosp,3,2024-11-23,53,quantile,0.45,30.030066188788613
2024-11-02,wk inc flu hosp,3,2024-11-23,53,quantile,0.5,31.715439296666478
2024-11-02,wk inc flu hosp,3,2024-11-23,53,quantile,0.55,33.545522867599146
2024-11-02,wk inc flu hosp,3,2024-11-23,53,quantile,0.6,35.90642014863315
2024-11-02,wk inc flu hosp,3,2024-11-23,53,quantile,0.65,38.08459915895071
2024-11-02,wk inc flu hosp,3,2024-11-23,53,quantile,0.7,40.97469749946534
2024-11-02,wk inc flu hosp,3,2024-11-23,53,quantile,0.75,44.79150590464695
2024-11-02,wk inc flu hosp,3,2024-11-23,53,quantile,0.8,47.59195488060159
2024-11-02,wk inc flu hosp,3,2024-11-23,53,quantile,0.85,52.840588284937894
2024-11-02,wk inc flu hosp,3,2024-11-23,53,quantile,0.9,57.696288179141206
2024-11-02,wk inc flu hosp,3,2024-11-23,53,quantile,0.95,66.74788913730423
2024-11-02,wk inc flu hosp,3,2024-11-23,53,quantile,0.975,85.29282836282036
2024-11-02,wk inc flu hosp,3,2024-11-23,53,quantile,0.99,111.76882308731356
2024-11-02,wk inc flu hosp,0,2024-11-02,54,quantile,0.01,0.0
2024-11-02,wk inc flu hosp,0,2024-11-02,54,quantile,0.025,0.0
2024-11-02,wk inc flu hosp,0,2024-11-02,54,quantile,0.05,0.0
2024-11-02,wk inc flu hosp,0,2024-11-02,54,quantile,0.1,0.0
2024-11-02,wk inc flu hosp,0,2024-11-02,54,quantile,0.15,0.0
2024-11-02,wk inc flu hosp,0,2024-11-02,54,quantile,0.2,0.0
2024-11-02,wk inc flu hosp,0,2024-11-02,54,quantile,0.25,0.0
2024-11-02,wk inc flu hosp,0,2024-11-02,54,quantile,0.3,0.0
2024-11-02,wk inc flu hosp,0,2024-11-02,54,quantile,0.35,1.0356401608068076e-05
2024-11-02,wk inc flu hosp,0,2024-11-02,54,quantile,0.4,5.059359804650315e-05
2024-11-02,wk inc flu hosp,0,2024-11-02,54,quantile,0.45,0.00010705058324613837
2024-11-02,wk inc flu hosp,0,2024-11-02,54,quantile,0.5,0.00017283022533889775
2024-11-02,wk inc flu hosp,0,2024-11-02,54,quantile,0.55,0.03783585067763355
2024-11-02,wk inc flu hosp,0,2024-11-02,54,quantile,0.6,0.16096076660166006
2024-11-02,wk inc flu hosp,0,2024-11-02,54,quantile,0.65,0.25690686390667167
2024-11-02,wk inc flu hosp,0,2024-11-02,54,quantile,0.7,4.110607749610347
2024-11-02,wk inc flu hosp,0,2024-11-02,54,quantile,0.75,4.793191352628819
2024-11-02,wk inc flu hosp,0,2024-11-02,54,quantile,0.8,6.274228222847603
2024-11-02,wk inc flu hosp,0,2024-11-02,54,quantile,0.85,7.7411191878214165
2024-11-02,wk inc flu hosp,0,2024-11-02,54,quantile,0.9,8.18094346373823
2024-11-02,wk inc flu hosp,0,2024-11-02,54,quantile,0.95,13.017006307614775
2024-11-02,wk inc flu hosp,0,2024-11-02,54,quantile,0.975,50.61051320149098
2024-11-02,wk inc flu hosp,0,2024-11-02,54,quantile,0.99,68.62708247656401
2024-11-02,wk inc flu hosp,1,2024-11-09,54,quantile,0.01,0.0
2024-11-02,wk inc flu hosp,1,2024-11-09,54,quantile,0.025,0.0
2024-11-02,wk inc flu hosp,1,2024-11-09,54,quantile,0.05,0.0
2024-11-02,wk inc flu hosp,1,2024-11-09,54,quantile,0.1,0.0
2024-11-02,wk inc flu hosp,1,2024-11-09,54,quantile,0.15,0.0
2024-11-02,wk inc flu hosp,1,2024-11-09,54,quantile,0.2,0.0
2024-11-02,wk inc flu hosp,1,2024-11-09,54,quantile,0.25,0.0
2024-11-02,wk inc flu hosp,1,2024-11-09,54,quantile,0.3,0.00013108397232651378
2024-11-02,wk inc flu hosp,1,2024-11-09,54,quantile,0.35,0.09027413434044926
2024-11-02,wk inc flu hosp,1,2024-11-09,54,quantile,0.4,0.2954791135352751
2024-11-02,wk inc flu hosp,1,2024-11-09,54,quantile,0.45,0.5713338247573799
2024-11-02,wk inc flu hosp,1,2024-11-09,54,quantile,0.5,0.8169588659438777
2024-11-02,wk inc flu hosp,1,2024-11-09,54,quantile,0.55,2.0262254590484283
2024-11-02,wk inc flu hosp,1,2024-11-09,54,quantile,0.6,3.323513168716427
2024-11-02,wk inc flu hosp,1,2024-11-09,54,quantile,0.65,4.223477538509719
2024-11-02,wk inc flu hosp,1,2024-11-09,54,quantile,0.7,4.880439485619795
2024-11-02,wk inc flu hosp,1,2024-11-09,54,quantile,0.75,6.018678636265101
2024-11-02,wk inc flu hosp,1,2024-11-09,54,quantile,0.8,7.63407634726073
2024-11-02,wk inc flu hosp,1,2024-11-09,54,quantile,0.85,9.901558088253587
2024-11-02,wk inc flu hosp,1,2024-11-09,54,quantile,0.9,14.145869784736059
2024-11-02,wk inc flu hosp,1,2024-11-09,54,quantile,0.95,35.69366622057584
2024-11-02,wk inc flu hosp,1,2024-11-09,54,quantile,0.975,49.968720080565205
2024-11-02,wk inc flu hosp,1,2024-11-09,54,quantile,0.99,65.2991398832701
2024-11-02,wk inc flu hosp,2,2024-11-16,54,quantile,0.01,0.0
2024-11-02,wk inc flu hosp,2,2024-11-16,54,quantile,0.025,0.0
2024-11-02,wk inc flu hosp,2,2024-11-16,54,quantile,0.05,0.0
2024-11-02,wk inc flu hosp,2,2024-11-16,54,quantile,0.1,0.02460988446818534
2024-11-02,wk inc flu hosp,2,2024-11-16,54,quantile,0.15,0.25634034351704105
2024-11-02,wk inc flu hosp,2,2024-11-16,54,quantile,0.2,0.6757064406047691
2024-11-02,wk inc flu hosp,2,2024-11-16,54,quantile,0.25,1.0175860794630363
2024-11-02,wk inc flu hosp,2,2024-11-16,54,quantile,0.3,1.3521996202330842
2024-11-02,wk inc flu hosp,2,2024-11-16,54,quantile,0.35,1.8262169868394431
2024-11-02,wk inc flu hosp,2,2024-11-16,54,quantile,0.4,2.9864878257891228
2024-11-02,wk inc flu hosp,2,2024-11-16,54,quantile,0.45,3.5385163133526145
2024-11-02,wk inc flu hosp,2,2024-11-16,54,quantile,0.5,4.029985611178482
2024-11-02,wk inc flu hosp,2,2024-11-16,54,quantile,0.55,4.618375174544512
2024-11-02,wk inc flu hosp,2,2024-11-16,54,quantile,0.6,5.404626700899311
2024-11-02,wk inc flu hosp,2,2024-11-16,54,quantile,0.65,6.250638024931074
2024-11-02,wk inc flu hosp,2,2024-11-16,54,quantile,0.7,8.251345714689611
2024-11-02,wk inc flu hosp,2,2024-11-16,54,quantile,0.75,10.716731510661376
2024-11-02,wk inc flu hosp,2,2024-11-16,54,quantile,0.8,15.046282117703857
2024-11-02,wk inc flu hosp,2,2024-11-16,54,quantile,0.85,21.277945056348994
2024-11-02,wk inc flu hosp,2,2024-11-16,54,quantile,0.9,32.09500705212711
2024-11-02,wk inc flu hosp,2,2024-11-16,54,quantile,0.95,39.93405874228668
2024-11-02,wk inc flu hosp,2,2024-11-16,54,quantile,0.975,49.30156231810851
2024-11-02,wk inc flu hosp,2,2024-11-16,54,quantile,0.99,66.43350774908106
2024-11-02,wk inc flu hosp,3,2024-11-23,54,quantile,0.01,0.0
2024-11-02,wk inc flu hosp,3,2024-11-23,54,quantile,0.025,0.0
2024-11-02,wk inc flu hosp,3,2024-11-23,54,quantile,0.05,0.0
2024-11-02,wk inc flu hosp,3,2024-11-23,54,quantile,0.1,0.386384482951508
2024-11-02,wk inc flu hosp,3,2024-11-23,54,quantile,0.15,1.4687269804123764
2024-11-02,wk inc flu hosp,3,2024-11-23,54,quantile,0.2,2.344190157688917
2024-11-02,wk inc flu hosp,3,2024-11-23,54,quantile,0.25,3.0766619049896637
2024-11-02,wk inc flu hosp,3,2024-11-23,54,quantile,0.3,3.4133273002821443
2024-11-02,wk inc flu hosp,3,2024-11-23,54,quantile,0.35,3.8524786545963168
2024-11-02,wk inc flu hosp,3,2024-11-23,54,quantile,0.4,4.463535231550067
2024-11-02,wk inc flu hosp,3,2024-11-23,54,quantile,0.45,5.31657820916853
2024-11-02,wk inc flu hosp,3,2024-11-23,54,quantile,0.5,6.909800289121429
2024-11-02,wk inc flu hosp,3,2024-11-23,54,quantile,0.55,8.252296501555662
2024-11-02,wk inc flu hosp,3,2024-11-23,54,quantile,0.6,9.782469340678183
2024-11-02,wk inc flu hosp,3,2024-11-23,54,quantile,0.65,11.343187587894516
2024-11-02,wk inc flu hosp,3,2024-11-23,54,quantile,0.7,13.252414702156596
2024-11-02,wk inc flu hosp,3,2024-11-23,54,quantile,0.75,16.820666743916586
2024-11-02,wk inc flu hosp,3,2024-11-23,54,quantile,0.8,20.959050810294357
2024-11-02,wk inc flu hosp,3,2024-11-23,54,quantile,0.85,26.12981954185253
2024-11-02,wk inc flu hosp,3,2024-11-23,54,quantile,0.9,33.94538401181195
2024-11-02,wk inc flu hosp,3,2024-11-23,54,quantile,0.95,44.44052765848028
2024-11-02,wk inc flu hosp,3,2024-11-23,54,quantile,0.975,61.47770447094689
2024-11-02,wk inc flu hosp,3,2024-11-23,54,quantile,0.99,75.14834426802098
2024-11-02,wk inc flu hosp,0,2024-11-02,55,quantile,0.01,0.5126573838755447
2024-11-02,wk inc flu hosp,0,2024-11-02,55,quantile,0.025,0.6378454782947142
2024-11-02,wk inc flu hosp,0,2024-11-02,55,quantile,0.05,1.0334502869564424
2024-11-02,wk inc flu hosp,0,2024-11-02,55,quantile,0.1,3.560223585440168
2024-11-02,wk inc flu hosp,0,2024-11-02,55,quantile,0.15,4.184318834341146
2024-11-02,wk inc flu hosp,0,2024-11-02,55,quantile,0.2,4.418810451176616
2024-11-02,wk inc flu hosp,0,2024-11-02,55,quantile,0.25,4.833786503625185
2024-11-02,wk inc flu hosp,0,2024-11-02,55,quantile,0.3,5.866128739699707
2024-11-02,wk inc flu hosp,0,2024-11-02,55,quantile,0.35,6.281121166646936
2024-11-02,wk inc flu hosp,0,2024-11-02,55,quantile,0.4,6.372144086323256
2024-11-02,wk inc flu hosp,0,2024-11-02,55,quantile,0.45,6.44700314801359
2024-11-02,wk inc flu hosp,0,2024-11-02,55,quantile,0.5,6.540880633989747
2024-11-02,wk inc flu hosp,0,2024-11-02,55,quantile,0.55,6.647694608316501
2024-11-02,wk inc flu hosp,0,2024-11-02,55,quantile,0.6,6.724978685734784
2024-11-02,wk inc flu hosp,0,2024-11-02,55,quantile,0.65,7.070233120119169
2024-11-02,wk inc flu hosp,0,2024-11-02,55,quantile,0.7,7.379677604471751
2024-11-02,wk inc flu hosp,0,2024-11-02,55,quantile,0.75,7.832321701020904
2024-11-02,wk inc flu hosp,0,2024-11-02,55,quantile,0.8,8.679094252106488
2024-11-02,wk inc flu hosp,0,2024-11-02,55,quantile,0.85,9.675461758891943
2024-11-02,wk inc flu hosp,0,2024-11-02,55,quantile,0.9,10.261972282423352
2024-11-02,wk inc flu hosp,0,2024-11-02,55,quantile,0.95,23.126153210260025
2024-11-02,wk inc flu hosp,0,2024-11-02,55,quantile,0.975,85.96191861302897
2024-11-02,wk inc flu hosp,0,2024-11-02,55,quantile,0.99,127.23358136742615
2024-11-02,wk inc flu hosp,1,2024-11-09,55,quantile,0.01,1.5773927680279385
2024-11-02,wk inc flu hosp,1,2024-11-09,55,quantile,0.025,2.143775199732735
2024-11-02,wk inc flu hosp,1,2024-11-09,55,quantile,0.05,3.014953386942004
2024-11-02,wk inc flu hosp,1,2024-11-09,55,quantile,0.1,5.463306342268743
2024-11-02,wk inc flu hosp,1,2024-11-09,55,quantile,0.15,6.884888582373745
2024-11-02,wk inc flu hosp,1,2024-11-09,55,quantile,0.2,7.7451566977009145
2024-11-02,wk inc flu hosp,1,2024-11-09,55,quantile,0.25,8.251866207433778
2024-11-02,wk inc flu hosp,1,2024-11-09,55,quantile,0.3,8.905112369870995
2024-11-02,wk inc flu hosp,1,2024-11-09,55,quantile,0.35,9.639655982338311
2024-11-02,wk inc flu hosp,1,2024-11-09,55,quantile,0.4,10.1421428050375
2024-11-02,wk inc flu hosp,1,2024-11-09,55,quantile,0.45,10.268475362607004
2024-11-02,wk inc flu hosp,1,2024-11-09,55,quantile,0.5,10.370605596189968
2024-11-02,wk inc flu hosp,1,2024-11-09,55,quantile,0.55,10.5581270555713
2024-11-02,wk inc flu hosp,1,2024-11-09,55,quantile,0.6,11.048941982267372
2024-11-02,wk inc flu hosp,1,2024-11-09,55,quantile,0.65,11.66917201636139
2024-11-02,wk inc flu hosp,1,2024-11-09,55,quantile,0.7,12.50421718935946
2024-11-02,wk inc flu hosp,1,2024-11-09,55,quantile,0.75,13.531490127423394
2024-11-02,wk inc flu hosp,1,2024-11-09,55,quantile,0.8,15.60401544053867
2024-11-02,wk inc flu hosp,1,2024-11-09,55,quantile,0.85,27.068758702492694
2024-11-02,wk inc flu hosp,1,2024-11-09,55,quantile,0.9,35.39786700483614
2024-11-02,wk inc flu hosp,1,2024-11-09,55,quantile,0.95,47.13578521929105
2024-11-02,wk inc flu hosp,1,2024-11-09,55,quantile,0.975,104.5012816291161
2024-11-02,wk inc flu hosp,1,2024-11-09,55,quantile,0.99,151.5978459119261
2024-11-02,wk inc flu hosp,2,2024-11-16,55,quantile,0.01,2.1493183685794186
2024-11-02,wk inc flu hosp,2,2024-11-16,55,quantile,0.025,3.0698653345844016
2024-11-02,wk inc flu hosp,2,2024-11-16,55,quantile,0.05,4.1376645309378635
2024-11-02,wk inc flu hosp,2,2024-11-16,55,quantile,0.1,5.600195847263811
2024-11-02,wk inc flu hosp,2,2024-11-16,55,quantile,0.15,6.577350922455951
2024-11-02,wk inc flu hosp,2,2024-11-16,55,quantile,0.2,7.833319784879766
2024-11-02,wk inc flu hosp,2,2024-11-16,55,quantile,0.25,8.591264662447422
2024-11-02,wk inc flu hosp,2,2024-11-16,55,quantile,0.3,9.075350639863546
2024-11-02,wk inc flu hosp,2,2024-11-16,55,quantile,0.35,9.39053656204741
2024-11-02,wk inc flu hosp,2,2024-11-16,55,quantile,0.4,9.88317783776827
2024-11-02,wk inc flu hosp,2,2024-11-16,55,quantile,0.45,10.376511431893901
2024-11-02,wk inc flu hosp,2,2024-11-16,55,quantile,0.5,12.5610080187305
2024-11-02,wk inc flu hosp,2,2024-11-16,55,quantile,0.55,16.387886542279638
2024-11-02,wk inc flu hosp,2,2024-11-16,55,quantile,0.6,21.450892468061678
2024-11-02,wk inc flu hosp,2,2024-11-16,55,quantile,0.65,25.579329374495245
2024-11-02,wk inc flu hosp,2,2024-11-16,55,quantile,0.7,28.178417269064727
2024-11-02,wk inc flu hosp,2,2024-11-16,55,quantile,0.75,31.12296538178884
2024-11-02,wk inc flu hosp,2,2024-11-16,55,quantile,0.8,33.80999291311835
2024-11-02,wk inc flu hosp,2,2024-11-16,55,quantile,0.85,36.17425258839111
2024-11-02,wk inc flu hosp,2,2024-11-16,55,quantile,0.9,47.88975304016775
2024-11-02,wk inc flu hosp,2,2024-11-16,55,quantile,0.95,78.16546486297597
2024-11-02,wk inc flu hosp,2,2024-11-16,55,quantile,0.975,98.23494439405802
2024-11-02,wk inc flu hosp,2,2024-11-16,55,quantile,0.99,135.20206921920462
2024-11-02,wk inc flu hosp,3,2024-11-23,55,quantile,0.01,2.799358673849374
2024-11-02,wk inc flu hosp,3,2024-11-23,55,quantile,0.025,4.709497331013777
2024-11-02,wk inc flu hosp,3,2024-11-23,55,quantile,0.05,7.039624765345627
2024-11-02,wk inc flu hosp,3,2024-11-23,55,quantile,0.1,8.92628466945817
2024-11-02,wk inc flu hosp,3,2024-11-23,55,quantile,0.15,10.820378825357812
2024-11-02,wk inc flu hosp,3,2024-11-23,55,quantile,0.2,11.81688383665744
2024-11-02,wk inc flu hosp,3,2024-11-23,55,quantile,0.25,12.592501336928365
2024-11-02,wk inc flu hosp,3,2024-11-23,55,quantile,0.3,14.432545505254357
2024-11-02,wk inc flu hosp,3,2024-11-23,55,quantile,0.35,17.5046665959217
2024-11-02,wk inc flu hosp,3,2024-11-23,55,quantile,0.4,22.424583630523607
2024-11-02,wk inc flu hosp,3,2024-11-23,55,quantile,0.45,25.803652432809358
2024-11-02,wk inc flu hosp,3,2024-11-23,55,quantile,0.5,28.23236182492721
2024-11-02,wk inc flu hosp,3,2024-11-23,55,quantile,0.55,30.58426680334185
2024-11-02,wk inc flu hosp,3,2024-11-23,55,quantile,0.6,34.05941149842449
2024-11-02,wk inc flu hosp,3,2024-11-23,55,quantile,0.65,37.60930941253632
2024-11-02,wk inc flu hosp,3,2024-11-23,55,quantile,0.7,41.06849808664613
2024-11-02,wk inc flu hosp,3,2024-11-23,55,quantile,0.75,45.74120883990622
2024-11-02,wk inc flu hosp,3,2024-11-23,55,quantile,0.8,49.18303186317601
2024-11-02,wk inc flu hosp,3,2024-11-23,55,quantile,0.85,56.79568319851183
2024-11-02,wk inc flu hosp,3,2024-11-23,55,quantile,0.9,69.07162821603771
2024-11-02,wk inc flu hosp,3,2024-11-23,55,quantile,0.95,100.87235290505215
2024-11-02,wk inc flu hosp,3,2024-11-23,55,quantile,0.975,151.67049901319115
2024-11-02,wk inc flu hosp,3,2024-11-23,55,quantile,0.99,158.0154216586194
2024-11-02,wk inc flu hosp,0,2024-11-02,56,quantile,0.01,0.0
2024-11-02,wk inc flu hosp,0,2024-11-02,56,quantile,0.025,0.3049806612625436
2024-11-02,wk inc flu hosp,0,2024-11-02,56,quantile,0.05,1.1543171339845388
2024-11-02,wk inc flu hosp,0,2024-11-02,56,quantile,0.1,2.2963162652627322
2024-11-02,wk inc flu hosp,0,2024-11-02,56,quantile,0.15,2.591507804914263
2024-11-02,wk inc flu hosp,0,2024-11-02,56,quantile,0.2,2.951332918387656
2024-11-02,wk inc flu hosp,0,2024-11-02,56,quantile,0.25,3.237561066042083
2024-11-02,wk inc flu hosp,0,2024-11-02,56,quantile,0.3,3.6065212455812556
2024-11-02,wk inc flu hosp,0,2024-11-02,56,quantile,0.35,4.1896603402960855
2024-11-02,wk inc flu hosp,0,2024-11-02,56,quantile,0.4,4.317987681434957
2024-11-02,wk inc flu hosp,0,2024-11-02,56,quantile,0.45,4.480781928712406
2024-11-02,wk inc flu hosp,0,2024-11-02,56,quantile,0.5,4.9408703701897885
2024-11-02,wk inc flu hosp,0,2024-11-02,56,quantile,0.55,5.500621035029226
2024-11-02,wk inc flu hosp,0,2024-11-02,56,quantile,0.6,5.625551082329847
2024-11-02,wk inc flu hosp,0,2024-11-02,56,quantile,0.65,6.13806290157358
2024-11-02,wk inc flu hosp,0,2024-11-02,56,quantile,0.7,6.801588588864262
2024-11-02,wk inc flu hosp,0,2024-11-02,56,quantile,0.75,7.062968294182785
2024-11-02,wk inc flu hosp,0,2024-11-02,56,quantile,0.8,7.273482098277158
2024-11-02,wk inc flu hosp,0,2024-11-02,56,quantile,0.85,7.715118784018453
2024-11-02,wk inc flu hosp,0,2024-11-02,56,quantile,0.9,7.951463073455724
2024-11-02,wk inc flu hosp,0,2024-11-02,56,quantile,0.95,8.435690746436308
2024-11-02,wk inc flu hosp,0,2024-11-02,56,quantile,0.975,8.659854954904267
2024-11-02,wk inc flu hosp,0,2024-11-02,56,quantile,0.99,8.855160111074607
2024-11-02,wk inc flu hosp,1,2024-11-09,56,quantile,0.01,1.4895430486882175
2024-11-02,wk inc flu hosp,1,2024-11-09,56,quantile,0.025,1.7943108972770068
2024-11-02,wk inc flu hosp,1,2024-11-09,56,quantile,0.05,2.3327751467123234
2024-11-02,wk inc flu hosp,1,2024-11-09,56,quantile,0.1,2.9850335318079906
2024-11-02,wk inc flu hosp,1,2024-11-09,56,quantile,0.15,3.594348761071433
2024-11-02,wk inc flu hosp,1,2024-11-09,56,quantile,0.2,4.099623527555391
2024-11-02,wk inc flu hosp,1,2024-11-09,56,quantile,0.25,4.431701680621914
2024-11-02,wk inc flu hosp,1,2024-11-09,56,quantile,0.3,4.750147508559994
2024-11-02,wk inc flu hosp,1,2024-11-09,56,quantile,0.35,4.920026311726458
2024-11-02,wk inc flu hosp,1,2024-11-09,56,quantile,0.4,5.1004096973907735
2024-11-02,wk inc flu hosp,1,2024-11-09,56,quantile,0.45,5.295918632752426
2024-11-02,wk inc flu hosp,1,2024-11-09,56,quantile,0.5,5.531449753264486
2024-11-02,wk inc flu hosp,1,2024-11-09,56,quantile,0.55,5.710242468190891
2024-11-02,wk inc flu hosp,1,2024-11-09,56,quantile,0.6,5.942925090269467
2024-11-02,wk inc flu hosp,1,2024-11-09,56,quantile,0.65,6.11699275417211
2024-11-02,wk inc flu hosp,1,2024-11-09,56,quantile,0.7,6.310082284312264
2024-11-02,wk inc flu hosp,1,2024-11-09,56,quantile,0.75,6.569150498636194
2024-11-02,wk inc flu hosp,1,2024-11-09,56,quantile,0.8,6.811487202021494
2024-11-02,wk inc flu hosp,1,2024-11-09,56,quantile,0.85,7.1112482696537205
2024-11-02,wk inc flu hosp,1,2024-11-09,56,quantile,0.9,8.01840822371218
2024-11-02,wk inc flu hosp,1,2024-11-09,56,quantile,0.95,9.18791719917046
2024-11-02,wk inc flu hosp,1,2024-11-09,56,quantile,0.975,11.004613899853657
2024-11-02,wk inc flu hosp,1,2024-11-09,56,quantile,0.99,12.316032326884834
2024-11-02,wk inc flu hosp,2,2024-11-16,56,quantile,0.01,1.4145482602486383
2024-11-02,wk inc flu hosp,2,2024-11-16,56,quantile,0.025,1.7874982797034407
2024-11-02,wk inc flu hosp,2,2024-11-16,56,quantile,0.05,2.241180323342606
2024-11-02,wk inc flu hosp,2,2024-11-16,56,quantile,0.1,2.9802955056131424
2024-11-02,wk inc flu hosp,2,2024-11-16,56,quantile,0.15,3.4765292244095956
2024-11-02,wk inc flu hosp,2,2024-11-16,56,quantile,0.2,3.9038376365785945
2024-11-02,wk inc flu hosp,2,2024-11-16,56,quantile,0.25,4.234847769510728
2024-11-02,wk inc flu hosp,2,2024-11-16,56,quantile,0.3,4.462029928954205
2024-11-02,wk inc flu hosp,2,2024-11-16,56,quantile,0.35,4.705876772115618
2024-11-02,wk inc flu hosp,2,2024-11-16,56,quantile,0.4,4.892864399042721
2024-11-02,wk inc flu hosp,2,2024-11-16,56,quantile,0.45,5.184424084716487
2024-11-02,wk inc flu hosp,2,2024-11-16,56,quantile,0.5,5.39441408368323
2024-11-02,wk inc flu hosp,2,2024-11-16,56,quantile,0.55,5.606632175355552
2024-11-02,wk inc flu hosp,2,2024-11-16,56,quantile,0.6,5.816104354093904
2024-11-02,wk inc flu hosp,2,2024-11-16,56,quantile,0.65,6.021028163773832
2024-11-02,wk inc flu hosp,2,2024-11-16,56,quantile,0.7,6.245436973179878
2024-11-02,wk inc flu hosp,2,2024-11-16,56,quantile,0.75,6.519956203253103
2024-11-02,wk inc flu hosp,2,2024-11-16,56,quantile,0.8,6.885458903712882
2024-11-02,wk inc flu hosp,2,2024-11-16,56,quantile,0.85,7.40832966763036
2024-11-02,wk inc flu hosp,2,2024-11-16,56,quantile,0.9,8.156508951494041
2024-11-02,wk inc flu hosp,2,2024-11-16,56,quantile,0.95,10.75805348633022
2024-11-02,wk inc flu hosp,2,2024-11-16,56,quantile,0.975,12.324931440597732
2024-11-02,wk inc flu hosp,2,2024-11-16,56,quantile,0.99,15.97682776469126
2024-11-02,wk inc flu hosp,3,2024-11-23,56,quantile,0.01,1.3745484027117265
2024-11-02,wk inc flu hosp,3,2024-11-23,56,quantile,0.025,2.042917275526485
2024-11-02,wk inc flu hosp,3,2024-11-23,56,quantile,0.05,2.5078291444286642
2024-11-02,wk inc flu hosp,3,2024-11-23,56,quantile,0.1,3.638929288115769
2024-11-02,wk inc flu hosp,3,2024-11-23,56,quantile,0.15,4.095423274793118
2024-11-02,wk inc flu hosp,3,2024-11-23,56,quantile,0.2,4.51214824273256
2024-11-02,wk inc flu hosp,3,2024-11-23,56,quantile,0.25,4.821859518759022
2024-11-02,wk inc flu hosp,3,2024-11-23,56,quantile,0.3,5.175052470051425
2024-11-02,wk inc flu hosp,3,2024-11-23,56,quantile,0.35,5.476443081262161
2024-11-02,wk inc flu hosp,3,2024-11-23,56,quantile,0.4,5.714392309661975
2024-11-02,wk inc flu hosp,3,2024-11-23,56,quantile,0.45,5.893231061558693
2024-11-02,wk inc flu hosp,3,2024-11-23,56,quantile,0.5,6.0903401440201215
2024-11-02,wk inc flu hosp,3,2024-11-23,56,quantile,0.55,6.330013509304385
2024-11-02,wk inc flu hosp,3,2024-11-23,56,quantile,0.6,6.615546507843498
2024-11-02,wk inc flu hosp,3,2024-11-23,56,quantile,0.65,6.967646615057103
2024-11-02,wk inc flu hosp,3,2024-11-23,56,quantile,0.7,7.346880706870098
2024-11-02,wk inc flu hosp,3,2024-11-23,56,quantile,0.75,7.771062217333613
2024-11-02,wk inc flu hosp,3,2024-11-23,56,quantile,0.8,8.124878189293149
2024-11-02,wk inc flu hosp,3,2024-11-23,56,quantile,0.85,8.53420034942486
2024-11-02,wk inc flu hosp,3,2024-11-23,56,quantile,0.9,9.280383192603827
2024-11-02,wk inc flu hosp,3,2024-11-23,56,quantile,0.95,11.807631709098997
2024-11-02,wk inc flu hosp,3,2024-11-23,56,quantile,0.975,13.149836830330415
2024-11-02,wk inc flu hosp,3,2024-11-23,56,quantile,0.99,16.474951033267125
2024-11-02,wk inc flu hosp,0,2024-11-02,72,quantile,0.01,9.116426252229674
2024-11-02,wk inc flu hosp,0,2024-11-02,72,quantile,0.025,9.35633818217625
2024-11-02,wk inc flu hosp,0,2024-11-02,72,quantile,0.05,9.515997630423152
2024-11-02,wk inc flu hosp,0,2024-11-02,72,quantile,0.1,10.586172517553084
2024-11-02,wk inc flu hosp,0,2024-11-02,72,quantile,0.15,11.257216114018176
2024-11-02,wk inc flu hosp,0,2024-11-02,72,quantile,0.2,11.978998321406346
2024-11-02,wk inc flu hosp,0,2024-11-02,72,quantile,0.25,12.857529655797531
2024-11-02,wk inc flu hosp,0,2024-11-02,72,quantile,0.3,13.635385737377149
2024-11-02,wk inc flu hosp,0,2024-11-02,72,quantile,0.35,14.375408118628195
2024-11-02,wk inc flu hosp,0,2024-11-02,72,quantile,0.4,14.713288861682349
2024-11-02,wk inc flu hosp,0,2024-11-02,72,quantile,0.45,15.160067559649056
2024-11-02,wk inc flu hosp,0,2024-11-02,72,quantile,0.5,15.584026878461284
2024-11-02,wk inc flu hosp,0,2024-11-02,72,quantile,0.55,16.234924837165696
2024-11-02,wk inc flu hosp,0,2024-11-02,72,quantile,0.6,16.864111712132548
2024-11-02,wk inc flu hosp,0,2024-11-02,72,quantile,0.65,17.48629833540165
2024-11-02,wk inc flu hosp,0,2024-11-02,72,quantile,0.7,18.489593450515894
2024-11-02,wk inc flu hosp,0,2024-11-02,72,quantile,0.75,19.162378102764112
2024-11-02,wk inc flu hosp,0,2024-11-02,72,quantile,0.8,20.90163582845083
2024-11-02,wk inc flu hosp,0,2024-11-02,72,quantile,0.85,23.92324003637585
2024-11-02,wk inc flu hosp,0,2024-11-02,72,quantile,0.9,28.160900958106218
2024-11-02,wk inc flu hosp,0,2024-11-02,72,quantile,0.95,37.77960114198084
2024-11-02,wk inc flu hosp,0,2024-11-02,72,quantile,0.975,112.53404883746676
2024-11-02,wk inc flu hosp,0,2024-11-02,72,quantile,0.99,173.3628159154327
2024-11-02,wk inc flu hosp,1,2024-11-09,72,quantile,0.01,10.300244935380432
2024-11-02,wk inc flu hosp,1,2024-11-09,72,quantile,0.025,11.2465977695185
2024-11-02,wk inc flu hosp,1,2024-11-09,72,quantile,0.05,12.483776128243825
2024-11-02,wk inc flu hosp,1,2024-11-09,72,quantile,0.1,14.180179078435847
2024-11-02,wk inc flu hosp,1,2024-11-09,72,quantile,0.15,15.740518571028842
2024-11-02,wk inc flu hosp,1,2024-11-09,72,quantile,0.2,16.8838595222035
2024-11-02,wk inc flu hosp,1,2024-11-09,72,quantile,0.25,17.887546422536882
2024-11-02,wk inc flu hosp,1,2024-11-09,72,quantile,0.3,18.740461987201215
2024-11-02,wk inc flu hosp,1,2024-11-09,72,quantile,0.35,19.532006470786172
2024-11-02,wk inc flu hosp,1,2024-11-09,72,quantile,0.4,20.236904724024583
2024-11-02,wk inc flu hosp,1,2024-11-09,72,quantile,0.45,20.96508295776512
2024-11-02,wk inc flu hosp,1,2024-11-09,72,quantile,0.5,22.07607518012508
2024-11-02,wk inc flu hosp,1,2024-11-09,72,quantile,0.55,24.34082217423354
2024-11-02,wk inc flu hosp,1,2024-11-09,72,quantile,0.6,27.38457433355782
2024-11-02,wk inc flu hosp,1,2024-11-09,72,quantile,0.65,30.818450740282884
2024-11-02,wk inc flu hosp,1,2024-11-09,72,quantile,0.7,34.098785458131466
2024-11-02,wk inc flu hosp,1,2024-11-09,72,quantile,0.75,36.64485213894973
2024-11-02,wk inc flu hosp,1,2024-11-09,72,quantile,0.8,40.29425661741663
2024-11-02,wk inc flu hosp,1,2024-11-09,72,quantile,0.85,45.691757303328224
2024-11-02,wk inc flu hosp,1,2024-11-09,72,quantile,0.9,50.217988732985646
2024-11-02,wk inc flu hosp,1,2024-11-09,72,quantile,0.95,85.1038206544167
2024-11-02,wk inc flu hosp,1,2024-11-09,72,quantile,0.975,145.6901508442965
2024-11-02,wk inc flu hosp,1,2024-11-09,72,quantile,0.99,173.3628159154327
2024-11-02,wk inc flu hosp,2,2024-11-16,72,quantile,0.01,11.226670743530049
2024-11-02,wk inc flu hosp,2,2024-11-16,72,quantile,0.025,13.582030293294759
2024-11-02,wk inc flu hosp,2,2024-11-16,72,quantile,0.05,15.334440814868234
2024-11-02,wk inc flu hosp,2,2024-11-16,72,quantile,0.1,17.026789244521805
2024-11-02,wk inc flu hosp,2,2024-11-16,72,quantile,0.15,18.476580247803483
2024-11-02,wk inc flu hosp,2,2024-11-16,72,quantile,0.2,20.11507344068398
2024-11-02,wk inc flu hosp,2,2024-11-16,72,quantile,0.25,21.917728233006777
2024-11-02,wk inc flu hosp,2,2024-11-16,72,quantile,0.3,23.262726341313584
2024-11-02,wk inc flu hosp,2,2024-11-16,72,quantile,0.35,26.894883895131123
2024-11-02,wk inc flu hosp,2,2024-11-16,72,quantile,0.4,29.903367878526865
2024-11-02,wk inc flu hosp,2,2024-11-16,72,quantile,0.45,32.726841922226605
2024-11-02,wk inc flu hosp,2,2024-11-16,72,quantile,0.5,34.88849833580487
2024-11-02,wk inc flu hosp,2,2024-11-16,72,quantile,0.55,36.412473888570965
2024-11-02,wk inc flu hosp,2,2024-11-16,72,quantile,0.6,38.53380740711592
2024-11-02,wk inc flu hosp,2,2024-11-16,72,quantile,0.65,40.49742814897618
2024-11-02,wk inc flu hosp,2,2024-11-16,72,quantile,0.7,42.414410045829314
2024-11-02,wk inc flu hosp,2,2024-11-16,72,quantile,0.75,45.85747818657264
2024-11-02,wk inc flu hosp,2,2024-11-16,72,quantile,0.8,50.780836236429984
2024-11-02,wk inc flu hosp,2,2024-11-16,72,quantile,0.85,55.833076838448775
2024-11-02,wk inc flu hosp,2,2024-11-16,72,quantile,0.9,66.27016236407509
2024-11-02,wk inc flu hosp,2,2024-11-16,72,quantile,0.95,113.70764787120112
2024-11-02,wk inc flu hosp,2,2024-11-16,72,quantile,0.975,161.93623908265974
2024-11-02,wk inc flu hosp,2,2024-11-16,72,quantile,0.99,170.60487460377655
2024-11-02,wk inc flu hosp,3,2024-11-23,72,quantile,0.01,12.15714435061864
2024-11-02,wk inc flu hosp,3,2024-11-23,72,quantile,0.025,13.85061770034194
2024-11-02,wk inc flu hosp,3,2024-11-23,72,quantile,0.05,15.894901975846267
2024-11-02,wk inc flu hosp,3,2024-11-23,72,quantile,0.1,19.834752645540007
2024-11-02,wk inc flu hosp,3,2024-11-23,72,quantile,0.15,23.410321450539637
2024-11-02,wk inc flu hosp,3,2024-11-23,72,quantile,0.2,27.185270084684923
2024-11-02,wk inc flu hosp,3,2024-11-23,72,quantile,0.25,31.109654515465515
2024-11-02,wk inc flu hosp,3,2024-11-23,72,quantile,0.3,35.02241154976508
2024-11-02,wk inc flu hosp,3,2024-11-23,72,quantile,0.35,37.992105062267036
2024-11-02,wk inc flu hosp,3,2024-11-23,72,quantile,0.4,40.09759407796711
2024-11-02,wk inc flu hosp,3,2024-11-23,72,quantile,0.45,42.5854190030198
2024-11-02,wk inc flu hosp,3,2024-11-23,72,quantile,0.5,44.31202698166754
2024-11-02,wk inc flu hosp,3,2024-11-23,72,quantile,0.55,46.52821164830772
2024-11-02,wk inc flu hosp,3,2024-11-23,72,quantile,0.6,48.25279815016033
2024-11-02,wk inc flu hosp,3,2024-11-23,72,quantile,0.65,50.20919020020354
2024-11-02,wk inc flu hosp,3,2024-11-23,72,quantile,0.7,53.80902492893125
2024-11-02,wk inc flu hosp,3,2024-11-23,72,quantile,0.75,60.22346409068688
2024-11-02,wk inc flu hosp,3,2024-11-23,72,quantile,0.8,66.62021025024451
2024-11-02,wk inc flu hosp,3,2024-11-23,72,quantile,0.85,75.84407373124562
2024-11-02,wk inc flu hosp,3,2024-11-23,72,quantile,0.9,88.59295251795439
2024-11-02,wk inc flu hosp,3,2024-11-23,72,quantile,0.95,149.30901652340867
2024-11-02,wk inc flu hosp,3,2024-11-23,72,quantile,0.975,170.60487460377655
2024-11-02,wk inc flu hosp,3,2024-11-23,72,quantile,0.99,191.19534412083365
2024-11-02,wk flu hosp rate change,0,2024-11-02,US,pmf,stable,0.9490000000000003
2024-11-02,wk flu hosp rate change,0,2024-11-02,US,pmf,increase,0.048
2024-11-02,wk flu hosp rate change,0,2024-11-02,US,pmf,large_increase,0.001
2024-11-02,wk flu hosp rate change,0,2024-11-02,US,pmf,decrease,0.001
2024-11-02,wk flu hosp rate change,0,2024-11-02,US,pmf,large_decrease,0.001
2024-11-02,wk flu hosp rate change,1,2024-11-09,US,pmf,stable,0.8970000000000004
2024-11-02,wk flu hosp rate change,1,2024-11-09,US,pmf,increase,0.1
2024-11-02,wk flu hosp rate change,1,2024-11-09,US,pmf,large_increase,0.001
2024-11-02,wk flu hosp rate change,1,2024-11-09,US,pmf,decrease,0.001
2024-11-02,wk flu hosp rate change,1,2024-11-09,US,pmf,large_decrease,0.001
2024-11-02,wk flu hosp rate change,2,2024-11-16,US,pmf,stable,0.8960000000000004
2024-11-02,wk flu hosp rate change,2,2024-11-16,US,pmf,increase,0.101
2024-11-02,wk flu hosp rate change,2,2024-11-16,US,pmf,large_increase,0.001
2024-11-02,wk flu hosp rate change,2,2024-11-16,US,pmf,decrease,0.001
2024-11-02,wk flu hosp rate change,2,2024-11-16,US,pmf,large_decrease,0.001
2024-11-02,wk flu hosp rate change,3,2024-11-23,US,pmf,stable,0.9090000000000004
2024-11-02,wk flu hosp rate change,3,2024-11-23,US,pmf,increase,0.088
2024-11-02,wk flu hosp rate change,3,2024-11-23,US,pmf,large_increase,0.001
2024-11-02,wk flu hosp rate change,3,2024-11-23,US,pmf,decrease,0.001
2024-11-02,wk flu hosp rate change,3,2024-11-23,US,pmf,large_decrease,0.001
2024-11-02,wk flu hosp rate change,0,2024-11-02,01,pmf,stable,0.9440000000000002
2024-11-02,wk flu hosp rate change,0,2024-11-02,01,pmf,increase,0.044
2024-11-02,wk flu hosp rate change,0,2024-11-02,01,pmf,large_increase,0.01
2024-11-02,wk flu hosp rate change,0,2024-11-02,01,pmf,decrease,0.001
2024-11-02,wk flu hosp rate change,0,2024-11-02,01,pmf,large_decrease,0.001
2024-11-02,wk flu hosp rate change,1,2024-11-09,01,pmf,stable,0.9130000000000003
2024-11-02,wk flu hosp rate change,1,2024-11-09,01,pmf,increase,0.083
2024-11-02,wk flu hosp rate change,1,2024-11-09,01,pmf,large_increase,0.002
2024-11-02,wk flu hosp rate change,1,2024-11-09,01,pmf,decrease,0.001
2024-11-02,wk flu hosp rate change,1,2024-11-09,01,pmf,large_decrease,0.001
2024-11-02,wk flu hosp rate change,2,2024-11-16,01,pmf,stable,0.8570000000000002
2024-11-02,wk flu hosp rate change,2,2024-11-16,01,pmf,increase,0.14
2024-11-02,wk flu hosp rate change,2,2024-11-16,01,pmf,large_increase,0.001
2024-11-02,wk flu hosp rate change,2,2024-11-16,01,pmf,decrease,0.001
2024-11-02,wk flu hosp rate change,2,2024-11-16,01,pmf,large_decrease,0.001
2024-11-02,wk flu hosp rate change,3,2024-11-23,01,pmf,stable,0.8620000000000003
2024-11-02,wk flu hosp rate change,3,2024-11-23,01,pmf,increase,0.135
2024-11-02,wk flu hosp rate change,3,2024-11-23,01,pmf,large_increase,0.001
2024-11-02,wk flu hosp rate change,3,2024-11-23,01,pmf,decrease,0.001
2024-11-02,wk flu hosp rate change,3,2024-11-23,01,pmf,large_decrease,0.001
2024-11-02,wk flu hosp rate change,0,2024-11-02,02,pmf,stable,0.7490000000000001
2024-11-02,wk flu hosp rate change,0,2024-11-02,02,pmf,increase,0.123
2024-11-02,wk flu hosp rate change,0,2024-11-02,02,pmf,large_increase,0.016
2024-11-02,wk flu hosp rate change,0,2024-11-02,02,pmf,decrease,0.111
2024-11-02,wk flu hosp rate change,0,2024-11-02,02,pmf,large_decrease,0.001
2024-11-02,wk flu hosp rate change,1,2024-11-09,02,pmf,stable,0.8410000000000003
2024-11-02,wk flu hosp rate change,1,2024-11-09,02,pmf,increase,0.156
2024-11-02,wk flu hosp rate change,1,2024-11-09,02,pmf,large_increase,0.001
2024-11-02,wk flu hosp rate change,1,2024-11-09,02,pmf,decrease,0.001
2024-11-02,wk flu hosp rate change,1,2024-11-09,02,pmf,large_decrease,0.001
2024-11-02,wk flu hosp rate change,2,2024-11-16,02,pmf,stable,0.9140000000000003
2024-11-02,wk flu hosp rate change,2,2024-11-16,02,pmf,increase,0.083
2024-11-02,wk flu hosp rate change,2,2024-11-16,02,pmf,large_increase,0.001
2024-11-02,wk flu hosp rate change,2,2024-11-16,02,pmf,decrease,0.001
2024-11-02,wk flu hosp rate change,2,2024-11-16,02,pmf,large_decrease,0.001
2024-11-02,wk flu hosp rate change,3,2024-11-23,02,pmf,stable,0.8820000000000002
2024-11-02,wk flu hosp rate change,3,2024-11-23,02,pmf,increase,0.115
2024-11-02,wk flu hosp rate change,3,2024-11-23,02,pmf,large_increase,0.001
2024-11-02,wk flu hosp rate change,3,2024-11-23,02,pmf,decrease,0.001
2024-11-02,wk flu hosp rate change,3,2024-11-23,02,pmf,large_decrease,0.001
2024-11-02,wk flu hosp rate change,0,2024-11-02,04,pmf,stable,0.4870000000000001
2024-11-02,wk flu hosp rate change,0,2024-11-02,04,pmf,increase,0.21
2024-11-02,wk flu hosp rate change,0,2024-11-02,04,pmf,large_increase,0.018
2024-11-02,wk flu hosp rate change,0,2024-11-02,04,pmf,decrease,0.284
2024-11-02,wk flu hosp rate change,0,2024-11-02,04,pmf,large_decrease,0.001
2024-11-02,wk flu hosp rate change,1,2024-11-09,04,pmf,stable,0.4780000000000001
2024-11-02,wk flu hosp rate change,1,2024-11-09,04,pmf,increase,0.427
2024-11-02,wk flu hosp rate change,1,2024-11-09,04,pmf,large_increase,0.006
2024-11-02,wk flu hosp rate change,1,2024-11-09,04,pmf,decrease,0.088
2024-11-02,wk flu hosp rate change,1,2024-11-09,04,pmf,large_decrease,0.001
2024-11-02,wk flu hosp rate change,2,2024-11-16,04,pmf,stable,0.5490000000000002
2024-11-02,wk flu hosp rate change,2,2024-11-16,04,pmf,increase,0.376
2024-11-02,wk flu hosp rate change,2,2024-11-16,04,pmf,large_increase,0.021
2024-11-02,wk flu hosp rate change,2,2024-11-16,04,pmf,decrease,0.053
2024-11-02,wk flu hosp rate change,2,2024-11-16,04,pmf,large_decrease,0.001
2024-11-02,wk flu hosp rate change,3,2024-11-23,04,pmf,stable,0.6080000000000001
2024-11-02,wk flu hosp rate change,3,2024-11-23,04,pmf,increase,0.34
2024-11-02,wk flu hosp rate change,3,2024-11-23,04,pmf,large_increase,0.033
2024-11-02,wk flu hosp rate change,3,2024-11-23,04,pmf,decrease,0.018
2024-11-02,wk flu hosp rate change,3,2024-11-23,04,pmf,large_decrease,0.001
2024-11-02,wk flu hosp rate change,0,2024-11-02,05,pmf,stable,0.6170000000000003
2024-11-02,wk flu hosp rate change,0,2024-11-02,05,pmf,increase,0.356
2024-11-02,wk flu hosp rate change,0,2024-11-02,05,pmf,large_increase,0.025
2024-11-02,wk flu hosp rate change,0,2024-11-02,05,pmf,decrease,0.001
2024-11-02,wk flu hosp rate change,0,2024-11-02,05,pmf,large_decrease,0.001
2024-11-02,wk flu hosp rate change,1,2024-11-09,05,pmf,stable,0.7090000000000002
2024-11-02,wk flu hosp rate change,1,2024-11-09,05,pmf,increase,0.288
2024-11-02,wk flu hosp rate change,1,2024-11-09,05,pmf,large_increase,0.001
2024-11-02,wk flu hosp rate change,1,2024-11-09,05,pmf,decrease,0.001
2024-11-02,wk flu hosp rate change,1,2024-11-09,05,pmf,large_decrease,0.001
2024-11-02,wk flu hosp rate change,2,2024-11-16,05,pmf,stable,0.7460000000000003
2024-11-02,wk flu hosp rate change,2,2024-11-16,05,pmf,increase,0.251
2024-11-02,wk flu hosp rate change,2,2024-11-16,05,pmf,large_increase,0.001
2024-11-02,wk flu hosp rate change,2,2024-11-16,05,pmf,decrease,0.001
2024-11-02,wk flu hosp rate change,2,2024-11-16,05,pmf,large_decrease,0.001
2024-11-02,wk flu hosp rate change,3,2024-11-23,05,pmf,stable,0.7450000000000003
2024-11-02,wk flu hosp rate change,3,2024-11-23,05,pmf,increase,0.252
2024-11-02,wk flu hosp rate change,3,2024-11-23,05,pmf,large_increase,0.001
2024-11-02,wk flu hosp rate change,3,2024-11-23,05,pmf,decrease,0.001
2024-11-02,wk flu hosp rate change,3,2024-11-23,05,pmf,large_decrease,0.001
2024-11-02,wk flu hosp rate change,0,2024-11-02,06,pmf,stable,0.9230000000000004
2024-11-02,wk flu hosp rate change,0,2024-11-02,06,pmf,increase,0.074
2024-11-02,wk flu hosp rate change,0,2024-11-02,06,pmf,large_increase,0.001
2024-11-02,wk flu hosp rate change,0,2024-11-02,06,pmf,decrease,0.001
2024-11-02,wk flu hosp rate change,0,2024-11-02,06,pmf,large_decrease,0.001
2024-11-02,wk flu hosp rate change,1,2024-11-09,06,pmf,stable,0.8030000000000004
2024-11-02,wk flu hosp rate change,1,2024-11-09,06,pmf,increase,0.194
2024-11-02,wk flu hosp rate change,1,2024-11-09,06,pmf,large_increase,0.001
2024-11-02,wk flu hosp rate change,1,2024-11-09,06,pmf,decrease,0.001
2024-11-02,wk flu hosp rate change,1,2024-11-09,06,pmf,large_decrease,0.001
2024-11-02,wk flu hosp rate change,2,2024-11-16,06,pmf,stable,0.8270000000000003
2024-11-02,wk flu hosp rate change,2,2024-11-16,06,pmf,increase,0.17
2024-11-02,wk flu hosp rate change,2,2024-11-16,06,pmf,large_increase,0.001
2024-11-02,wk flu hosp rate change,2,2024-11-16,06,pmf,decrease,0.001
2024-11-02,wk flu hosp rate change,2,2024-11-16,06,pmf,large_decrease,0.001
2024-11-02,wk flu hosp rate change,3,2024-11-23,06,pmf,stable,0.7850000000000004
2024-11-02,wk flu hosp rate change,3,2024-11-23,06,pmf,increase,0.212
2024-11-02,wk flu hosp rate change,3,2024-11-23,06,pmf,large_increase,0.001
2024-11-02,wk flu hosp rate change,3,2024-11-23,06,pmf,decrease,0.001
2024-11-02,wk flu hosp rate change,3,2024-11-23,06,pmf,large_decrease,0.001
2024-11-02,wk flu hosp rate change,0,2024-11-02,08,pmf,stable,0.9770000000000003
2024-11-02,wk flu hosp rate change,0,2024-11-02,08,pmf,increase,0.02
2024-11-02,wk flu hosp rate change,0,2024-11-02,08,pmf,large_increase,0.001
2024-11-02,wk flu hosp rate change,0,2024-11-02,08,pmf,decrease,0.001
2024-11-02,wk flu hosp rate change,0,2024-11-02,08,pmf,large_decrease,0.001
2024-11-02,wk flu hosp rate change,1,2024-11-09,08,pmf,stable,0.9650000000000003
2024-11-02,wk flu hosp rate change,1,2024-11-09,08,pmf,increase,0.032
2024-11-02,wk flu hosp rate change,1,2024-11-09,08,pmf,large_increase,0.001
2024-11-02,wk flu hosp rate change,1,2024-11-09,08,pmf,decrease,0.001
2024-11-02,wk flu hosp rate change,1,2024-11-09,08,pmf,large_decrease,0.001
2024-11-02,wk flu hosp rate change,2,2024-11-16,08,pmf,stable,0.9560000000000003
2024-11-02,wk flu hosp rate change,2,2024-11-16,08,pmf,increase,0.041
2024-11-02,wk flu hosp rate change,2,2024-11-16,08,pmf,large_increase,0.001
2024-11-02,wk flu hosp rate change,2,2024-11-16,08,pmf,decrease,0.001
2024-11-02,wk flu hosp rate change,2,2024-11-16,08,pmf,large_decrease,0.001
2024-11-02,wk flu hosp rate change,3,2024-11-23,08,pmf,stable,0.9590000000000003
2024-11-02,wk flu hosp rate change,3,2024-11-23,08,pmf,increase,0.038
2024-11-02,wk flu hosp rate change,3,2024-11-23,08,pmf,large_increase,0.001
2024-11-02,wk flu hosp rate change,3,2024-11-23,08,pmf,decrease,0.001
2024-11-02,wk flu hosp rate change,3,2024-11-23,08,pmf,large_decrease,0.001
2024-11-02,wk flu hosp rate change,0,2024-11-02,09,pmf,stable,0.8660000000000002
2024-11-02,wk flu hosp rate change,0,2024-11-02,09,pmf,increase,0.108
2024-11-02,wk flu hosp rate change,0,2024-11-02,09,pmf,large_increase,0.024
2024-11-02,wk flu hosp rate change,0,2024-11-02,09,pmf,decrease,0.001
2024-11-02,wk flu hosp rate change,0,2024-11-02,09,pmf,large_decrease,0.001
2024-11-02,wk flu hosp rate change,1,2024-11-09,09,pmf,stable,0.8480000000000002
2024-11-02,wk flu hosp rate change,1,2024-11-09,09,pmf,increase,0.144
2024-11-02,wk flu hosp rate change,1,2024-11-09,09,pmf,large_increase,0.006
2024-11-02,wk flu hosp rate change,1,2024-11-09,09,pmf,decrease,0.001
2024-11-02,wk flu hosp rate change,1,2024-11-09,09,pmf,large_decrease,0.001
2024-11-02,wk flu hosp rate change,2,2024-11-16,09,pmf,stable,0.8360000000000002
2024-11-02,wk flu hosp rate change,2,2024-11-16,09,pmf,increase,0.16
2024-11-02,wk flu hosp rate change,2,2024-11-16,09,pmf,large_increase,0.002
2024-11-02,wk flu hosp rate change,2,2024-11-16,09,pmf,decrease,0.001
2024-11-02,wk flu hosp rate change,2,2024-11-16,09,pmf,large_decrease,0.001
2024-11-02,wk flu hosp rate change,3,2024-11-23,09,pmf,stable,0.8750000000000003
2024-11-02,wk flu hosp rate change,3,2024-11-23,09,pmf,increase,0.122
2024-11-02,wk flu hosp rate change,3,2024-11-23,09,pmf,large_increase,0.001
2024-11-02,wk flu hosp rate change,3,2024-11-23,09,pmf,decrease,0.001
2024-11-02,wk flu hosp rate change,3,2024-11-23,09,pmf,large_decrease,0.001
2024-11-02,wk flu hosp rate change,0,2024-11-02,10,pmf,stable,0.9200000000000003
2024-11-02,wk flu hosp rate change,0,2024-11-02,10,pmf,increase,0.077
2024-11-02,wk flu hosp rate change,0,2024-11-02,10,pmf,large_increase,0.001
2024-11-02,wk flu hosp rate change,0,2024-11-02,10,pmf,decrease,0.001
2024-11-02,wk flu hosp rate change,0,2024-11-02,10,pmf,large_decrease,0.001
2024-11-02,wk flu hosp rate change,1,2024-11-09,10,pmf,stable,0.8870000000000002
2024-11-02,wk flu hosp rate change,1,2024-11-09,10,pmf,increase,0.11
2024-11-02,wk flu hosp rate change,1,2024-11-09,10,pmf,large_increase,0.001
2024-11-02,wk flu hosp rate change,1,2024-11-09,10,pmf,decrease,0.001
2024-11-02,wk flu hosp rate change,1,2024-11-09,10,pmf,large_decrease,0.001
2024-11-02,wk flu hosp rate change,2,2024-11-16,10,pmf,stable,0.9170000000000004
2024-11-02,wk flu hosp rate change,2,2024-11-16,10,pmf,increase,0.08
2024-11-02,wk flu hosp rate change,2,2024-11-16,10,pmf,large_increase,0.001
2024-11-02,wk flu hosp rate change,2,2024-11-16,10,pmf,decrease,0.001
2024-11-02,wk flu hosp rate change,2,2024-11-16,10,pmf,large_decrease,0.001
2024-11-02,wk flu hosp rate change,3,2024-11-23,10,pmf,stable,0.9380000000000003
2024-11-02,wk flu hosp rate change,3,2024-11-23,10,pmf,increase,0.059
2024-11-02,wk flu hosp rate change,3,2024-11-23,10,pmf,large_increase,0.001
2024-11-02,wk flu hosp rate change,3,2024-11-23,10,pmf,decrease,0.001
2024-11-02,wk flu hosp rate change,3,2024-11-23,10,pmf,large_decrease,0.001
2024-11-02,wk flu hosp rate change,0,2024-11-02,11,pmf,stable,0.5720000000000003
2024-11-02,wk flu hosp rate change,0,2024-11-02,11,pmf,increase,0.408
2024-11-02,wk flu hosp rate change,0,2024-11-02,11,pmf,large_increase,0.018
2024-11-02,wk flu hosp rate change,0,2024-11-02,11,pmf,decrease,0.001
2024-11-02,wk flu hosp rate change,0,2024-11-02,11,pmf,large_decrease,0.001
2024-11-02,wk flu hosp rate change,1,2024-11-09,11,pmf,stable,0.41500000000000037
2024-11-02,wk flu hosp rate change,1,2024-11-09,11,pmf,increase,0.582
2024-11-02,wk flu hosp rate change,1,2024-11-09,11,pmf,large_increase,0.001
2024-11-02,wk flu hosp rate change,1,2024-11-09,11,pmf,decrease,0.001
2024-11-02,wk flu hosp rate change,1,2024-11-09,11,pmf,large_decrease,0.001
2024-11-02,wk flu hosp rate change,2,2024-11-16,11,pmf,stable,0.4540000000000003
2024-11-02,wk flu hosp rate change,2,2024-11-16,11,pmf,increase,0.543
2024-11-02,wk flu hosp rate change,2,2024-11-16,11,pmf,large_increase,0.001
2024-11-02,wk flu hosp rate change,2,2024-11-16,11,pmf,decrease,0.001
2024-11-02,wk flu hosp rate change,2,2024-11-16,11,pmf,large_decrease,0.001
2024-11-02,wk flu hosp rate change,3,2024-11-23,11,pmf,stable,0.4340000000000004
2024-11-02,wk flu hosp rate change,3,2024-11-23,11,pmf,increase,0.563
2024-11-02,wk flu hosp rate change,3,2024-11-23,11,pmf,large_increase,0.001
2024-11-02,wk flu hosp rate change,3,2024-11-23,11,pmf,decrease,0.001
2024-11-02,wk flu hosp rate change,3,2024-11-23,11,pmf,large_decrease,0.001
2024-11-02,wk flu hosp rate change,0,2024-11-02,12,pmf,stable,0.7540000000000002
2024-11-02,wk flu hosp rate change,0,2024-11-02,12,pmf,increase,0.229
2024-11-02,wk flu hosp rate change,0,2024-11-02,12,pmf,large_increase,0.001
2024-11-02,wk flu hosp rate change,0,2024-11-02,12,pmf,decrease,0.015
2024-11-02,wk flu hosp rate change,0,2024-11-02,12,pmf,large_decrease,0.001
2024-11-02,wk flu hosp rate change,1,2024-11-09,12,pmf,stable,0.8130000000000003
2024-11-02,wk flu hosp rate change,1,2024-11-09,12,pmf,increase,0.184
2024-11-02,wk flu hosp rate change,1,2024-11-09,12,pmf,large_increase,0.001
2024-11-02,wk flu hosp rate change,1,2024-11-09,12,pmf,decrease,0.001
2024-11-02,wk flu hosp rate change,1,2024-11-09,12,pmf,large_decrease,0.001
2024-11-02,wk flu hosp rate change,2,2024-11-16,12,pmf,stable,0.8140000000000003
2024-11-02,wk flu hosp rate change,2,2024-11-16,12,pmf,increase,0.183
2024-11-02,wk flu hosp rate change,2,2024-11-16,12,pmf,large_increase,0.001
2024-11-02,wk flu hosp rate change,2,2024-11-16,12,pmf,decrease,0.001
2024-11-02,wk flu hosp rate change,2,2024-11-16,12,pmf,large_decrease,0.001
2024-11-02,wk flu hosp rate change,3,2024-11-23,12,pmf,stable,0.7330000000000003
2024-11-02,wk flu hosp rate change,3,2024-11-23,12,pmf,increase,0.264
2024-11-02,wk flu hosp rate change,3,2024-11-23,12,pmf,large_increase,0.001
2024-11-02,wk flu hosp rate change,3,2024-11-23,12,pmf,decrease,0.001
2024-11-02,wk flu hosp rate change,3,2024-11-23,12,pmf,large_decrease,0.001
2024-11-02,wk flu hosp rate change,0,2024-11-02,13,pmf,stable,0.7650000000000003
2024-11-02,wk flu hosp rate change,0,2024-11-02,13,pmf,increase,0.232
2024-11-02,wk flu hosp rate change,0,2024-11-02,13,pmf,large_increase,0.001
2024-11-02,wk flu hosp rate change,0,2024-11-02,13,pmf,decrease,0.001
2024-11-02,wk flu hosp rate change,0,2024-11-02,13,pmf,large_decrease,0.001
2024-11-02,wk flu hosp rate change,1,2024-11-09,13,pmf,stable,0.7560000000000003
2024-11-02,wk flu hosp rate change,1,2024-11-09,13,pmf,increase,0.241
2024-11-02,wk flu hosp rate change,1,2024-11-09,13,pmf,large_increase,0.001
2024-11-02,wk flu hosp rate change,1,2024-11-09,13,pmf,decrease,0.001
2024-11-02,wk flu hosp rate change,1,2024-11-09,13,pmf,large_decrease,0.001
2024-11-02,wk flu hosp rate change,2,2024-11-16,13,pmf,stable,0.7860000000000004
2024-11-02,wk flu hosp rate change,2,2024-11-16,13,pmf,increase,0.211
2024-11-02,wk flu hosp rate change,2,2024-11-16,13,pmf,large_increase,0.001
2024-11-02,wk flu hosp rate change,2,2024-11-16,13,pmf,decrease,0.001
2024-11-02,wk flu hosp rate change,2,2024-11-16,13,pmf,large_decrease,0.001
2024-11-02,wk flu hosp rate change,3,2024-11-23,13,pmf,stable,0.8330000000000003
2024-11-02,wk flu hosp rate change,3,2024-11-23,13,pmf,increase,0.164
2024-11-02,wk flu hosp rate change,3,2024-11-23,13,pmf,large_increase,0.001
2024-11-02,wk flu hosp rate change,3,2024-11-23,13,pmf,decrease,0.001
2024-11-02,wk flu hosp rate change,3,2024-11-23,13,pmf,large_decrease,0.001
2024-11-02,wk flu hosp rate change,0,2024-11-02,15,pmf,stable,0.9610000000000004
2024-11-02,wk flu hosp rate change,0,2024-11-02,15,pmf,increase,0.036
2024-11-02,wk flu hosp rate change,0,2024-11-02,15,pmf,large_increase,0.001
2024-11-02,wk flu hosp rate change,0,2024-11-02,15,pmf,decrease,0.001
2024-11-02,wk flu hosp rate change,0,2024-11-02,15,pmf,large_decrease,0.001
2024-11-02,wk flu hosp rate change,1,2024-11-09,15,pmf,stable,0.9530000000000004
2024-11-02,wk flu hosp rate change,1,2024-11-09,15,pmf,increase,0.044
2024-11-02,wk flu hosp rate change,1,2024-11-09,15,pmf,large_increase,0.001
2024-11-02,wk flu hosp rate change,1,2024-11-09,15,pmf,decrease,0.001
2024-11-02,wk flu hosp rate change,1,2024-11-09,15,pmf,large_decrease,0.001
2024-11-02,wk flu hosp rate change,2,2024-11-16,15,pmf,stable,0.9520000000000003
2024-11-02,wk flu hosp rate change,2,2024-11-16,15,pmf,increase,0.045
2024-11-02,wk flu hosp rate change,2,2024-11-16,15,pmf,large_increase,0.001
2024-11-02,wk flu hosp rate change,2,2024-11-16,15,pmf,decrease,0.001
2024-11-02,wk flu hosp rate change,2,2024-11-16,15,pmf,large_decrease,0.001
2024-11-02,wk flu hosp rate change,3,2024-11-23,15,pmf,stable,0.9630000000000003
2024-11-02,wk flu hosp rate change,3,2024-11-23,15,pmf,increase,0.034
2024-11-02,wk flu hosp rate change,3,2024-11-23,15,pmf,large_increase,0.001
2024-11-02,wk flu hosp rate change,3,2024-11-23,15,pmf,decrease,0.001
2024-11-02,wk flu hosp rate change,3,2024-11-23,15,pmf,large_decrease,0.001
2024-11-02,wk flu hosp rate change,0,2024-11-02,16,pmf,stable,0.8650000000000003
2024-11-02,wk flu hosp rate change,0,2024-11-02,16,pmf,increase,0.132
2024-11-02,wk flu hosp rate change,0,2024-11-02,16,pmf,large_increase,0.001
2024-11-02,wk flu hosp rate change,0,2024-11-02,16,pmf,decrease,0.001
2024-11-02,wk flu hosp rate change,0,2024-11-02,16,pmf,large_decrease,0.001
2024-11-02,wk flu hosp rate change,1,2024-11-09,16,pmf,stable,0.6140000000000002
2024-11-02,wk flu hosp rate change,1,2024-11-09,16,pmf,increase,0.383
2024-11-02,wk flu hosp rate change,1,2024-11-09,16,pmf,large_increase,0.001
2024-11-02,wk flu hosp rate change,1,2024-11-09,16,pmf,decrease,0.001
2024-11-02,wk flu hosp rate change,1,2024-11-09,16,pmf,large_decrease,0.001
2024-11-02,wk flu hosp rate change,2,2024-11-16,16,pmf,stable,0.6660000000000004
2024-11-02,wk flu hosp rate change,2,2024-11-16,16,pmf,increase,0.331
2024-11-02,wk flu hosp rate change,2,2024-11-16,16,pmf,large_increase,0.001
2024-11-02,wk flu hosp rate change,2,2024-11-16,16,pmf,decrease,0.001
2024-11-02,wk flu hosp rate change,2,2024-11-16,16,pmf,large_decrease,0.001
2024-11-02,wk flu hosp rate change,3,2024-11-23,16,pmf,stable,0.6830000000000003
2024-11-02,wk flu hosp rate change,3,2024-11-23,16,pmf,increase,0.314
2024-11-02,wk flu hosp rate change,3,2024-11-23,16,pmf,large_increase,0.001
2024-11-02,wk flu hosp rate change,3,2024-11-23,16,pmf,decrease,0.001
2024-11-02,wk flu hosp rate change,3,2024-11-23,16,pmf,large_decrease,0.001
2024-11-02,wk flu hosp rate change,0,2024-11-02,17,pmf,stable,0.9490000000000002
2024-11-02,wk flu hosp rate change,0,2024-11-02,17,pmf,increase,0.037
2024-11-02,wk flu hosp rate change,0,2024-11-02,17,pmf,large_increase,0.012
2024-11-02,wk flu hosp rate change,0,2024-11-02,17,pmf,decrease,0.001
2024-11-02,wk flu hosp rate change,0,2024-11-02,17,pmf,large_decrease,0.001
2024-11-02,wk flu hosp rate change,1,2024-11-09,17,pmf,stable,0.8830000000000003
2024-11-02,wk flu hosp rate change,1,2024-11-09,17,pmf,increase,0.114
2024-11-02,wk flu hosp rate change,1,2024-11-09,17,pmf,large_increase,0.001
2024-11-02,wk flu hosp rate change,1,2024-11-09,17,pmf,decrease,0.001
2024-11-02,wk flu hosp rate change,1,2024-11-09,17,pmf,large_decrease,0.001
2024-11-02,wk flu hosp rate change,2,2024-11-16,17,pmf,stable,0.8430000000000003
2024-11-02,wk flu hosp rate change,2,2024-11-16,17,pmf,increase,0.154
2024-11-02,wk flu hosp rate change,2,2024-11-16,17,pmf,large_increase,0.001
2024-11-02,wk flu hosp rate change,2,2024-11-16,17,pmf,decrease,0.001
2024-11-02,wk flu hosp rate change,2,2024-11-16,17,pmf,large_decrease,0.001
2024-11-02,wk flu hosp rate change,3,2024-11-23,17,pmf,stable,0.8370000000000003
2024-11-02,wk flu hosp rate change,3,2024-11-23,17,pmf,increase,0.16
2024-11-02,wk flu hosp rate change,3,2024-11-23,17,pmf,large_increase,0.001
2024-11-02,wk flu hosp rate change,3,2024-11-23,17,pmf,decrease,0.001
2024-11-02,wk flu hosp rate change,3,2024-11-23,17,pmf,large_decrease,0.001
2024-11-02,wk flu hosp rate change,0,2024-11-02,18,pmf,stable,0.8730000000000002
2024-11-02,wk flu hosp rate change,0,2024-11-02,18,pmf,increase,0.104
2024-11-02,wk flu hosp rate change,0,2024-11-02,18,pmf,large_increase,0.021
2024-11-02,wk flu hosp rate change,0,2024-11-02,18,pmf,decrease,0.001
2024-11-02,wk flu hosp rate change,0,2024-11-02,18,pmf,large_decrease,0.001
2024-11-02,wk flu hosp rate change,1,2024-11-09,18,pmf,stable,0.8280000000000002
2024-11-02,wk flu hosp rate change,1,2024-11-09,18,pmf,increase,0.167
2024-11-02,wk flu hosp rate change,1,2024-11-09,18,pmf,large_increase,0.003
2024-11-02,wk flu hosp rate change,1,2024-11-09,18,pmf,decrease,0.001
2024-11-02,wk flu hosp rate change,1,2024-11-09,18,pmf,large_decrease,0.001
2024-11-02,wk flu hosp rate change,2,2024-11-16,18,pmf,stable,0.7600000000000002
2024-11-02,wk flu hosp rate change,2,2024-11-16,18,pmf,increase,0.237
2024-11-02,wk flu hosp rate change,2,2024-11-16,18,pmf,large_increase,0.001
2024-11-02,wk flu hosp rate change,2,2024-11-16,18,pmf,decrease,0.001
2024-11-02,wk flu hosp rate change,2,2024-11-16,18,pmf,large_decrease,0.001
2024-11-02,wk flu hosp rate change,3,2024-11-23,18,pmf,stable,0.7270000000000003
2024-11-02,wk flu hosp rate change,3,2024-11-23,18,pmf,increase,0.27
2024-11-02,wk flu hosp rate change,3,2024-11-23,18,pmf,large_increase,0.001
2024-11-02,wk flu hosp rate change,3,2024-11-23,18,pmf,decrease,0.001
2024-11-02,wk flu hosp rate change,3,2024-11-23,18,pmf,large_decrease,0.001
2024-11-02,wk flu hosp rate change,0,2024-11-02,19,pmf,stable,0.9650000000000004
2024-11-02,wk flu hosp rate change,0,2024-11-02,19,pmf,increase,0.032
2024-11-02,wk flu hosp rate change,0,2024-11-02,19,pmf,large_increase,0.001
2024-11-02,wk flu hosp rate change,0,2024-11-02,19,pmf,decrease,0.001
2024-11-02,wk flu hosp rate change,0,2024-11-02,19,pmf,large_decrease,0.001
2024-11-02,wk flu hosp rate change,1,2024-11-09,19,pmf,stable,0.9510000000000003
2024-11-02,wk flu hosp rate change,1,2024-11-09,19,pmf,increase,0.046
2024-11-02,wk flu hosp rate change,1,2024-11-09,19,pmf,large_increase,0.001
2024-11-02,wk flu hosp rate change,1,2024-11-09,19,pmf,decrease,0.001
2024-11-02,wk flu hosp rate change,1,2024-11-09,19,pmf,large_decrease,0.001
2024-11-02,wk flu hosp rate change,2,2024-11-16,19,pmf,stable,0.9380000000000003
2024-11-02,wk flu hosp rate change,2,2024-11-16,19,pmf,increase,0.059
2024-11-02,wk flu hosp rate change,2,2024-11-16,19,pmf,large_increase,0.001
2024-11-02,wk flu hosp rate change,2,2024-11-16,19,pmf,decrease,0.001
2024-11-02,wk flu hosp rate change,2,2024-11-16,19,pmf,large_decrease,0.001
2024-11-02,wk flu hosp rate change,3,2024-11-23,19,pmf,stable,0.9570000000000002
2024-11-02,wk flu hosp rate change,3,2024-11-23,19,pmf,increase,0.04
2024-11-02,wk flu hosp rate change,3,2024-11-23,19,pmf,large_increase,0.001
2024-11-02,wk flu hosp rate change,3,2024-11-23,19,pmf,decrease,0.001
2024-11-02,wk flu hosp rate change,3,2024-11-23,19,pmf,large_decrease,0.001
2024-11-02,wk flu hosp rate change,0,2024-11-02,20,pmf,stable,0.9360000000000004
2024-11-02,wk flu hosp rate change,0,2024-11-02,20,pmf,increase,0.061
2024-11-02,wk flu hosp rate change,0,2024-11-02,20,pmf,large_increase,0.001
2024-11-02,wk flu hosp rate change,0,2024-11-02,20,pmf,decrease,0.001
2024-11-02,wk flu hosp rate change,0,2024-11-02,20,pmf,large_decrease,0.001
2024-11-02,wk flu hosp rate change,1,2024-11-09,20,pmf,stable,0.8970000000000004
2024-11-02,wk flu hosp rate change,1,2024-11-09,20,pmf,increase,0.1
2024-11-02,wk flu hosp rate change,1,2024-11-09,20,pmf,large_increase,0.001
2024-11-02,wk flu hosp rate change,1,2024-11-09,20,pmf,decrease,0.001
2024-11-02,wk flu hosp rate change,1,2024-11-09,20,pmf,large_decrease,0.001
2024-11-02,wk flu hosp rate change,2,2024-11-16,20,pmf,stable,0.8480000000000003
2024-11-02,wk flu hosp rate change,2,2024-11-16,20,pmf,increase,0.149
2024-11-02,wk flu hosp rate change,2,2024-11-16,20,pmf,large_increase,0.001
2024-11-02,wk flu hosp rate change,2,2024-11-16,20,pmf,decrease,0.001
2024-11-02,wk flu hosp rate change,2,2024-11-16,20,pmf,large_decrease,0.001
2024-11-02,wk flu hosp rate change,3,2024-11-23,20,pmf,stable,0.8440000000000003
2024-11-02,wk flu hosp rate change,3,2024-11-23,20,pmf,increase,0.153
2024-11-02,wk flu hosp rate change,3,2024-11-23,20,pmf,large_increase,0.001
2024-11-02,wk flu hosp rate change,3,2024-11-23,20,pmf,decrease,0.001
2024-11-02,wk flu hosp rate change,3,2024-11-23,20,pmf,large_decrease,0.001
2024-11-02,wk flu hosp rate change,0,2024-11-02,21,pmf,stable,0.8930000000000002
2024-11-02,wk flu hosp rate change,0,2024-11-02,21,pmf,increase,0.092
2024-11-02,wk flu hosp rate change,0,2024-11-02,21,pmf,large_increase,0.013
2024-11-02,wk flu hosp rate change,0,2024-11-02,21,pmf,decrease,0.001
2024-11-02,wk flu hosp rate change,0,2024-11-02,21,pmf,large_decrease,0.001
2024-11-02,wk flu hosp rate change,1,2024-11-09,21,pmf,stable,0.8790000000000002
2024-11-02,wk flu hosp rate change,1,2024-11-09,21,pmf,increase,0.118
2024-11-02,wk flu hosp rate change,1,2024-11-09,21,pmf,large_increase,0.001
2024-11-02,wk flu hosp rate change,1,2024-11-09,21,pmf,decrease,0.001
2024-11-02,wk flu hosp rate change,1,2024-11-09,21,pmf,large_decrease,0.001
2024-11-02,wk flu hosp rate change,2,2024-11-16,21,pmf,stable,0.8980000000000004
2024-11-02,wk flu hosp rate change,2,2024-11-16,21,pmf,increase,0.099
2024-11-02,wk flu hosp rate change,2,2024-11-16,21,pmf,large_increase,0.001
2024-11-02,wk flu hosp rate change,2,2024-11-16,21,pmf,decrease,0.001
2024-11-02,wk flu hosp rate change,2,2024-11-16,21,pmf,large_decrease,0.001
2024-11-02,wk flu hosp rate change,3,2024-11-23,21,pmf,stable,0.9010000000000004
2024-11-02,wk flu hosp rate change,3,2024-11-23,21,pmf,increase,0.096
2024-11-02,wk flu hosp rate change,3,2024-11-23,21,pmf,large_increase,0.001
2024-11-02,wk flu hosp rate change,3,2024-11-23,21,pmf,decrease,0.001
2024-11-02,wk flu hosp rate change,3,2024-11-23,21,pmf,large_decrease,0.001
2024-11-02,wk flu hosp rate change,0,2024-11-02,22,pmf,stable,0.9010000000000002
2024-11-02,wk flu hosp rate change,0,2024-11-02,22,pmf,increase,0.081
2024-11-02,wk flu hosp rate change,0,2024-11-02,22,pmf,large_increase,0.001
2024-11-02,wk flu hosp rate change,0,2024-11-02,22,pmf,decrease,0.016
2024-11-02,wk flu hosp rate change,0,2024-11-02,22,pmf,large_decrease,0.001
2024-11-02,wk flu hosp rate change,1,2024-11-09,22,pmf,stable,0.8420000000000003
2024-11-02,wk flu hosp rate change,1,2024-11-09,22,pmf,increase,0.155
2024-11-02,wk flu hosp rate change,1,2024-11-09,22,pmf,large_increase,0.001
2024-11-02,wk flu hosp rate change,1,2024-11-09,22,pmf,decrease,0.001
2024-11-02,wk flu hosp rate change,1,2024-11-09,22,pmf,large_decrease,0.001
2024-11-02,wk flu hosp rate change,2,2024-11-16,22,pmf,stable,0.6410000000000003
2024-11-02,wk flu hosp rate change,2,2024-11-16,22,pmf,increase,0.356
2024-11-02,wk flu hosp rate change,2,2024-11-16,22,pmf,large_increase,0.001
2024-11-02,wk flu hosp rate change,2,2024-11-16,22,pmf,decrease,0.001
2024-11-02,wk flu hosp rate change,2,2024-11-16,22,pmf,large_decrease,0.001
2024-11-02,wk flu hosp rate change,3,2024-11-23,22,pmf,stable,0.6560000000000004
2024-11-02,wk flu hosp rate change,3,2024-11-23,22,pmf,increase,0.341
2024-11-02,wk flu hosp rate change,3,2024-11-23,22,pmf,large_increase,0.001
2024-11-02,wk flu hosp rate change,3,2024-11-23,22,pmf,decrease,0.001
2024-11-02,wk flu hosp rate change,3,2024-11-23,22,pmf,large_decrease,0.001
2024-11-02,wk flu hosp rate change,0,2024-11-02,23,pmf,stable,0.8540000000000002
2024-11-02,wk flu hosp rate change,0,2024-11-02,23,pmf,increase,0.131
2024-11-02,wk flu hosp rate change,0,2024-11-02,23,pmf,large_increase,0.013
2024-11-02,wk flu hosp rate change,0,2024-11-02,23,pmf,decrease,0.001
2024-11-02,wk flu hosp rate change,0,2024-11-02,23,pmf,large_decrease,0.001
2024-11-02,wk flu hosp rate change,1,2024-11-09,23,pmf,stable,0.9050000000000002
2024-11-02,wk flu hosp rate change,1,2024-11-09,23,pmf,increase,0.092
2024-11-02,wk flu hosp rate change,1,2024-11-09,23,pmf,large_increase,0.001
2024-11-02,wk flu hosp rate change,1,2024-11-09,23,pmf,decrease,0.001
2024-11-02,wk flu hosp rate change,1,2024-11-09,23,pmf,large_decrease,0.001
2024-11-02,wk flu hosp rate change,2,2024-11-16,23,pmf,stable,0.8490000000000003
2024-11-02,wk flu hosp rate change,2,2024-11-16,23,pmf,increase,0.148
2024-11-02,wk flu hosp rate change,2,2024-11-16,23,pmf,large_increase,0.001
2024-11-02,wk flu hosp rate change,2,2024-11-16,23,pmf,decrease,0.001
2024-11-02,wk flu hosp rate change,2,2024-11-16,23,pmf,large_decrease,0.001
2024-11-02,wk flu hosp rate change,3,2024-11-23,23,pmf,stable,0.8460000000000003
2024-11-02,wk flu hosp rate change,3,2024-11-23,23,pmf,increase,0.151
2024-11-02,wk flu hosp rate change,3,2024-11-23,23,pmf,large_increase,0.001
2024-11-02,wk flu hosp rate change,3,2024-11-23,23,pmf,decrease,0.001
2024-11-02,wk flu hosp rate change,3,2024-11-23,23,pmf,large_decrease,0.001
2024-11-02,wk flu hosp rate change,0,2024-11-02,24,pmf,stable,0.9130000000000003
2024-11-02,wk flu hosp rate change,0,2024-11-02,24,pmf,increase,0.07
2024-11-02,wk flu hosp rate change,0,2024-11-02,24,pmf,large_increase,0.015
2024-11-02,wk flu hosp rate change,0,2024-11-02,24,pmf,decrease,0.001
2024-11-02,wk flu hosp rate change,0,2024-11-02,24,pmf,large_decrease,0.001
2024-11-02,wk flu hosp rate change,1,2024-11-09,24,pmf,stable,0.8980000000000004
2024-11-02,wk flu hosp rate change,1,2024-11-09,24,pmf,increase,0.099
2024-11-02,wk flu hosp rate change,1,2024-11-09,24,pmf,large_increase,0.001
2024-11-02,wk flu hosp rate change,1,2024-11-09,24,pmf,decrease,0.001
2024-11-02,wk flu hosp rate change,1,2024-11-09,24,pmf,large_decrease,0.001
2024-11-02,wk flu hosp rate change,2,2024-11-16,24,pmf,stable,0.8750000000000003
2024-11-02,wk flu hosp rate change,2,2024-11-16,24,pmf,increase,0.122
2024-11-02,wk flu hosp rate change,2,2024-11-16,24,pmf,large_increase,0.001
2024-11-02,wk flu hosp rate change,2,2024-11-16,24,pmf,decrease,0.001
2024-11-02,wk flu hosp rate change,2,2024-11-16,24,pmf,large_decrease,0.001
2024-11-02,wk flu hosp rate change,3,2024-11-23,24,pmf,stable,0.8940000000000003
2024-11-02,wk flu hosp rate change,3,2024-11-23,24,pmf,increase,0.103
2024-11-02,wk flu hosp rate change,3,2024-11-23,24,pmf,large_increase,0.001
2024-11-02,wk flu hosp rate change,3,2024-11-23,24,pmf,decrease,0.001
2024-11-02,wk flu hosp rate change,3,2024-11-23,24,pmf,large_decrease,0.001
2024-11-02,wk flu hosp rate change,0,2024-11-02,25,pmf,stable,0.9170000000000004
2024-11-02,wk flu hosp rate change,0,2024-11-02,25,pmf,increase,0.08
2024-11-02,wk flu hosp rate change,0,2024-11-02,25,pmf,large_increase,0.001
2024-11-02,wk flu hosp rate change,0,2024-11-02,25,pmf,decrease,0.001
2024-11-02,wk flu hosp rate change,0,2024-11-02,25,pmf,large_decrease,0.001
2024-11-02,wk flu hosp rate change,1,2024-11-09,25,pmf,stable,0.9120000000000004
2024-11-02,wk flu hosp rate change,1,2024-11-09,25,pmf,increase,0.085
2024-11-02,wk flu hosp rate change,1,2024-11-09,25,pmf,large_increase,0.001
2024-11-02,wk flu hosp rate change,1,2024-11-09,25,pmf,decrease,0.001
2024-11-02,wk flu hosp rate change,1,2024-11-09,25,pmf,large_decrease,0.001
2024-11-02,wk flu hosp rate change,2,2024-11-16,25,pmf,stable,0.9220000000000004
2024-11-02,wk flu hosp rate change,2,2024-11-16,25,pmf,increase,0.075
2024-11-02,wk flu hosp rate change,2,2024-11-16,25,pmf,large_increase,0.001
2024-11-02,wk flu hosp rate change,2,2024-11-16,25,pmf,decrease,0.001
2024-11-02,wk flu hosp rate change,2,2024-11-16,25,pmf,large_decrease,0.001
2024-11-02,wk flu hosp rate change,3,2024-11-23,25,pmf,stable,0.9540000000000003
2024-11-02,wk flu hosp rate change,3,2024-11-23,25,pmf,increase,0.043
2024-11-02,wk flu hosp rate change,3,2024-11-23,25,pmf,large_increase,0.001
2024-11-02,wk flu hosp rate change,3,2024-11-23,25,pmf,decrease,0.001
2024-11-02,wk flu hosp rate change,3,2024-11-23,25,pmf,large_decrease,0.001
2024-11-02,wk flu hosp rate change,0,2024-11-02,26,pmf,stable,0.9490000000000002
2024-11-02,wk flu hosp rate change,0,2024-11-02,26,pmf,increase,0.036
2024-11-02,wk flu hosp rate change,0,2024-11-02,26,pmf,large_increase,0.013
2024-11-02,wk flu hosp rate change,0,2024-11-02,26,pmf,decrease,0.001
2024-11-02,wk flu hosp rate change,0,2024-11-02,26,pmf,large_decrease,0.001
2024-11-02,wk flu hosp rate change,1,2024-11-09,26,pmf,stable,0.9150000000000004
2024-11-02,wk flu hosp rate change,1,2024-11-09,26,pmf,increase,0.082
2024-11-02,wk flu hosp rate change,1,2024-11-09,26,pmf,large_increase,0.001
2024-11-02,wk flu hosp rate change,1,2024-11-09,26,pmf,decrease,0.001
2024-11-02,wk flu hosp rate change,1,2024-11-09,26,pmf,large_decrease,0.001
2024-11-02,wk flu hosp rate change,2,2024-11-16,26,pmf,stable,0.9090000000000004
2024-11-02,wk flu hosp rate change,2,2024-11-16,26,pmf,increase,0.088
2024-11-02,wk flu hosp rate change,2,2024-11-16,26,pmf,large_increase,0.001
2024-11-02,wk flu hosp rate change,2,2024-11-16,26,pmf,decrease,0.001
2024-11-02,wk flu hosp rate change,2,2024-11-16,26,pmf,large_decrease,0.001
2024-11-02,wk flu hosp rate change,3,2024-11-23,26,pmf,stable,0.9080000000000004
2024-11-02,wk flu hosp rate change,3,2024-11-23,26,pmf,increase,0.089
2024-11-02,wk flu hosp rate change,3,2024-11-23,26,pmf,large_increase,0.001
2024-11-02,wk flu hosp rate change,3,2024-11-23,26,pmf,decrease,0.001
2024-11-02,wk flu hosp rate change,3,2024-11-23,26,pmf,large_decrease,0.001
2024-11-02,wk flu hosp rate change,0,2024-11-02,27,pmf,stable,0.27600000000000025
2024-11-02,wk flu hosp rate change,0,2024-11-02,27,pmf,increase,0.645
2024-11-02,wk flu hosp rate change,0,2024-11-02,27,pmf,large_increase,0.077
2024-11-02,wk flu hosp rate change,0,2024-11-02,27,pmf,decrease,0.001
2024-11-02,wk flu hosp rate change,0,2024-11-02,27,pmf,large_decrease,0.001
2024-11-02,wk flu hosp rate change,1,2024-11-09,27,pmf,stable,0.3800000000000002
2024-11-02,wk flu hosp rate change,1,2024-11-09,27,pmf,increase,0.588
2024-11-02,wk flu hosp rate change,1,2024-11-09,27,pmf,large_increase,0.03
2024-11-02,wk flu hosp rate change,1,2024-11-09,27,pmf,decrease,0.001
2024-11-02,wk flu hosp rate change,1,2024-11-09,27,pmf,large_decrease,0.001
2024-11-02,wk flu hosp rate change,2,2024-11-16,27,pmf,stable,0.3740000000000002
2024-11-02,wk flu hosp rate change,2,2024-11-16,27,pmf,increase,0.62
2024-11-02,wk flu hosp rate change,2,2024-11-16,27,pmf,large_increase,0.004
2024-11-02,wk flu hosp rate change,2,2024-11-16,27,pmf,decrease,0.001
2024-11-02,wk flu hosp rate change,2,2024-11-16,27,pmf,large_decrease,0.001
2024-11-02,wk flu hosp rate change,3,2024-11-23,27,pmf,stable,0.4080000000000002
2024-11-02,wk flu hosp rate change,3,2024-11-23,27,pmf,increase,0.588
2024-11-02,wk flu hosp rate change,3,2024-11-23,27,pmf,large_increase,0.002
2024-11-02,wk flu hosp rate change,3,2024-11-23,27,pmf,decrease,0.001
2024-11-02,wk flu hosp rate change,3,2024-11-23,27,pmf,large_decrease,0.001
2024-11-02,wk flu hosp rate change,0,2024-11-02,28,pmf,stable,0.2870000000000002
2024-11-02,wk flu hosp rate change,0,2024-11-02,28,pmf,increase,0.682
2024-11-02,wk flu hosp rate change,0,2024-11-02,28,pmf,large_increase,0.029
2024-11-02,wk flu hosp rate change,0,2024-11-02,28,pmf,decrease,0.001
2024-11-02,wk flu hosp rate change,0,2024-11-02,28,pmf,large_decrease,0.001
2024-11-02,wk flu hosp rate change,1,2024-11-09,28,pmf,stable,0.2800000000000002
2024-11-02,wk flu hosp rate change,1,2024-11-09,28,pmf,increase,0.714
2024-11-02,wk flu hosp rate change,1,2024-11-09,28,pmf,large_increase,0.004
2024-11-02,wk flu hosp rate change,1,2024-11-09,28,pmf,decrease,0.001
2024-11-02,wk flu hosp rate change,1,2024-11-09,28,pmf,large_decrease,0.001
2024-11-02,wk flu hosp rate change,2,2024-11-16,28,pmf,stable,0.32200000000000034
2024-11-02,wk flu hosp rate change,2,2024-11-16,28,pmf,increase,0.675
2024-11-02,wk flu hosp rate change,2,2024-11-16,28,pmf,large_increase,0.001
2024-11-02,wk flu hosp rate change,2,2024-11-16,28,pmf,decrease,0.001
2024-11-02,wk flu hosp rate change,2,2024-11-16,28,pmf,large_decrease,0.001
2024-11-02,wk flu hosp rate change,3,2024-11-23,28,pmf,stable,0.3560000000000003
2024-11-02,wk flu hosp rate change,3,2024-11-23,28,pmf,increase,0.641
2024-11-02,wk flu hosp rate change,3,2024-11-23,28,pmf,large_increase,0.001
2024-11-02,wk flu hosp rate change,3,2024-11-23,28,pmf,decrease,0.001
2024-11-02,wk flu hosp rate change,3,2024-11-23,28,pmf,large_decrease,0.001
2024-11-02,wk flu hosp rate change,0,2024-11-02,29,pmf,stable,0.6530000000000002
2024-11-02,wk flu hosp rate change,0,2024-11-02,29,pmf,increase,0.307
2024-11-02,wk flu hosp rate change,0,2024-11-02,29,pmf,large_increase,0.038
2024-11-02,wk flu hosp rate change,0,2024-11-02,29,pmf,decrease,0.001
2024-11-02,wk flu hosp rate change,0,2024-11-02,29,pmf,large_decrease,0.001
2024-11-02,wk flu hosp rate change,1,2024-11-09,29,pmf,stable,0.5430000000000003
2024-11-02,wk flu hosp rate change,1,2024-11-09,29,pmf,increase,0.414
2024-11-02,wk flu hosp rate change,1,2024-11-09,29,pmf,large_increase,0.041
2024-11-02,wk flu hosp rate change,1,2024-11-09,29,pmf,decrease,0.001
2024-11-02,wk flu hosp rate change,1,2024-11-09,29,pmf,large_decrease,0.001
2024-11-02,wk flu hosp rate change,2,2024-11-16,29,pmf,stable,0.4810000000000002
2024-11-02,wk flu hosp rate change,2,2024-11-16,29,pmf,increase,0.5
2024-11-02,wk flu hosp rate change,2,2024-11-16,29,pmf,large_increase,0.017
2024-11-02,wk flu hosp rate change,2,2024-11-16,29,pmf,decrease,0.001
2024-11-02,wk flu hosp rate change,2,2024-11-16,29,pmf,large_decrease,0.001
2024-11-02,wk flu hosp rate change,3,2024-11-23,29,pmf,stable,0.5030000000000002
2024-11-02,wk flu hosp rate change,3,2024-11-23,29,pmf,increase,0.494
2024-11-02,wk flu hosp rate change,3,2024-11-23,29,pmf,large_increase,0.001
2024-11-02,wk flu hosp rate change,3,2024-11-23,29,pmf,decrease,0.001
2024-11-02,wk flu hosp rate change,3,2024-11-23,29,pmf,large_decrease,0.001
2024-11-02,wk flu hosp rate change,0,2024-11-02,30,pmf,stable,0.8860000000000003
2024-11-02,wk flu hosp rate change,0,2024-11-02,30,pmf,increase,0.111
2024-11-02,wk flu hosp rate change,0,2024-11-02,30,pmf,large_increase,0.001
2024-11-02,wk flu hosp rate change,0,2024-11-02,30,pmf,decrease,0.001
2024-11-02,wk flu hosp rate change,0,2024-11-02,30,pmf,large_decrease,0.001
2024-11-02,wk flu hosp rate change,1,2024-11-09,30,pmf,stable,0.9240000000000003
2024-11-02,wk flu hosp rate change,1,2024-11-09,30,pmf,increase,0.073
2024-11-02,wk flu hosp rate change,1,2024-11-09,30,pmf,large_increase,0.001
2024-11-02,wk flu hosp rate change,1,2024-11-09,30,pmf,decrease,0.001
2024-11-02,wk flu hosp rate change,1,2024-11-09,30,pmf,large_decrease,0.001
2024-11-02,wk flu hosp rate change,2,2024-11-16,30,pmf,stable,0.9140000000000004
2024-11-02,wk flu hosp rate change,2,2024-11-16,30,pmf,increase,0.083
2024-11-02,wk flu hosp rate change,2,2024-11-16,30,pmf,large_increase,0.001
2024-11-02,wk flu hosp rate change,2,2024-11-16,30,pmf,decrease,0.001
2024-11-02,wk flu hosp rate change,2,2024-11-16,30,pmf,large_decrease,0.001
2024-11-02,wk flu hosp rate change,3,2024-11-23,30,pmf,stable,0.9360000000000003
2024-11-02,wk flu hosp rate change,3,2024-11-23,30,pmf,increase,0.061
2024-11-02,wk flu hosp rate change,3,2024-11-23,30,pmf,large_increase,0.001
2024-11-02,wk flu hosp rate change,3,2024-11-23,30,pmf,decrease,0.001
2024-11-02,wk flu hosp rate change,3,2024-11-23,30,pmf,large_decrease,0.001
2024-11-02,wk flu hosp rate change,0,2024-11-02,31,pmf,stable,0.8980000000000002
2024-11-02,wk flu hosp rate change,0,2024-11-02,31,pmf,increase,0.083
2024-11-02,wk flu hosp rate change,0,2024-11-02,31,pmf,large_increase,0.017
2024-11-02,wk flu hosp rate change,0,2024-11-02,31,pmf,decrease,0.001
2024-11-02,wk flu hosp rate change,0,2024-11-02,31,pmf,large_decrease,0.001
2024-11-02,wk flu hosp rate change,1,2024-11-09,31,pmf,stable,0.8980000000000004
2024-11-02,wk flu hosp rate change,1,2024-11-09,31,pmf,increase,0.099
2024-11-02,wk flu hosp rate change,1,2024-11-09,31,pmf,large_increase,0.001
2024-11-02,wk flu hosp rate change,1,2024-11-09,31,pmf,decrease,0.001
2024-11-02,wk flu hosp rate change,1,2024-11-09,31,pmf,large_decrease,0.001
2024-11-02,wk flu hosp rate change,2,2024-11-16,31,pmf,stable,0.9130000000000004
2024-11-02,wk flu hosp rate change,2,2024-11-16,31,pmf,increase,0.084
2024-11-02,wk flu hosp rate change,2,2024-11-16,31,pmf,large_increase,0.001
2024-11-02,wk flu hosp rate change,2,2024-11-16,31,pmf,decrease,0.001
2024-11-02,wk flu hosp rate change,2,2024-11-16,31,pmf,large_decrease,0.001
2024-11-02,wk flu hosp rate change,3,2024-11-23,31,pmf,stable,0.9090000000000004
2024-11-02,wk flu hosp rate change,3,2024-11-23,31,pmf,increase,0.088
2024-11-02,wk flu hosp rate change,3,2024-11-23,31,pmf,large_increase,0.001
2024-11-02,wk flu hosp rate change,3,2024-11-23,31,pmf,decrease,0.001
2024-11-02,wk flu hosp rate change,3,2024-11-23,31,pmf,large_decrease,0.001
2024-11-02,wk flu hosp rate change,0,2024-11-02,32,pmf,stable,0.7490000000000002
2024-11-02,wk flu hosp rate change,0,2024-11-02,32,pmf,increase,0.248
2024-11-02,wk flu hosp rate change,0,2024-11-02,32,pmf,large_increase,0.001
2024-11-02,wk flu hosp rate change,0,2024-11-02,32,pmf,decrease,0.001
2024-11-02,wk flu hosp rate change,0,2024-11-02,32,pmf,large_decrease,0.001
2024-11-02,wk flu hosp rate change,1,2024-11-09,32,pmf,stable,0.6020000000000003
2024-11-02,wk flu hosp rate change,1,2024-11-09,32,pmf,increase,0.395
2024-11-02,wk flu hosp rate change,1,2024-11-09,32,pmf,large_increase,0.001
2024-11-02,wk flu hosp rate change,1,2024-11-09,32,pmf,decrease,0.001
2024-11-02,wk flu hosp rate change,1,2024-11-09,32,pmf,large_decrease,0.001
2024-11-02,wk flu hosp rate change,2,2024-11-16,32,pmf,stable,0.5480000000000003
2024-11-02,wk flu hosp rate change,2,2024-11-16,32,pmf,increase,0.449
2024-11-02,wk flu hosp rate change,2,2024-11-16,32,pmf,large_increase,0.001
2024-11-02,wk flu hosp rate change,2,2024-11-16,32,pmf,decrease,0.001
2024-11-02,wk flu hosp rate change,2,2024-11-16,32,pmf,large_decrease,0.001
2024-11-02,wk flu hosp rate change,3,2024-11-23,32,pmf,stable,0.49500000000000033
2024-11-02,wk flu hosp rate change,3,2024-11-23,32,pmf,increase,0.502
2024-11-02,wk flu hosp rate change,3,2024-11-23,32,pmf,large_increase,0.001
2024-11-02,wk flu hosp rate change,3,2024-11-23,32,pmf,decrease,0.001
2024-11-02,wk flu hosp rate change,3,2024-11-23,32,pmf,large_decrease,0.001
2024-11-02,wk flu hosp rate change,0,2024-11-02,33,pmf,stable,0.8080000000000003
2024-11-02,wk flu hosp rate change,0,2024-11-02,33,pmf,increase,0.189
2024-11-02,wk flu hosp rate change,0,2024-11-02,33,pmf,large_increase,0.001
2024-11-02,wk flu hosp rate change,0,2024-11-02,33,pmf,decrease,0.001
2024-11-02,wk flu hosp rate change,0,2024-11-02,33,pmf,large_decrease,0.001
2024-11-02,wk flu hosp rate change,1,2024-11-09,33,pmf,stable,0.9190000000000003
2024-11-02,wk flu hosp rate change,1,2024-11-09,33,pmf,increase,0.078
2024-11-02,wk flu hosp rate change,1,2024-11-09,33,pmf,large_increase,0.001
2024-11-02,wk flu hosp rate change,1,2024-11-09,33,pmf,decrease,0.001
2024-11-02,wk flu hosp rate change,1,2024-11-09,33,pmf,large_decrease,0.001
2024-11-02,wk flu hosp rate change,2,2024-11-16,33,pmf,stable,0.9510000000000004
2024-11-02,wk flu hosp rate change,2,2024-11-16,33,pmf,increase,0.046
2024-11-02,wk flu hosp rate change,2,2024-11-16,33,pmf,large_increase,0.001
2024-11-02,wk flu hosp rate change,2,2024-11-16,33,pmf,decrease,0.001
2024-11-02,wk flu hosp rate change,2,2024-11-16,33,pmf,large_decrease,0.001
2024-11-02,wk flu hosp rate change,3,2024-11-23,33,pmf,stable,0.9810000000000003
2024-11-02,wk flu hosp rate change,3,2024-11-23,33,pmf,increase,0.016
2024-11-02,wk flu hosp rate change,3,2024-11-23,33,pmf,large_increase,0.001
2024-11-02,wk flu hosp rate change,3,2024-11-23,33,pmf,decrease,0.001
2024-11-02,wk flu hosp rate change,3,2024-11-23,33,pmf,large_decrease,0.001
2024-11-02,wk flu hosp rate change,0,2024-11-02,34,pmf,stable,0.6320000000000002
2024-11-02,wk flu hosp rate change,0,2024-11-02,34,pmf,increase,0.353
2024-11-02,wk flu hosp rate change,0,2024-11-02,34,pmf,large_increase,0.013
2024-11-02,wk flu hosp rate change,0,2024-11-02,34,pmf,decrease,0.001
2024-11-02,wk flu hosp rate change,0,2024-11-02,34,pmf,large_decrease,0.001
2024-11-02,wk flu hosp rate change,1,2024-11-09,34,pmf,stable,0.7770000000000004
2024-11-02,wk flu hosp rate change,1,2024-11-09,34,pmf,increase,0.22
2024-11-02,wk flu hosp rate change,1,2024-11-09,34,pmf,large_increase,0.001
2024-11-02,wk flu hosp rate change,1,2024-11-09,34,pmf,decrease,0.001
2024-11-02,wk flu hosp rate change,1,2024-11-09,34,pmf,large_decrease,0.001
2024-11-02,wk flu hosp rate change,2,2024-11-16,34,pmf,stable,0.8070000000000004
2024-11-02,wk flu hosp rate change,2,2024-11-16,34,pmf,increase,0.19
2024-11-02,wk flu hosp rate change,2,2024-11-16,34,pmf,large_increase,0.001
2024-11-02,wk flu hosp rate change,2,2024-11-16,34,pmf,decrease,0.001
2024-11-02,wk flu hosp rate change,2,2024-11-16,34,pmf,large_decrease,0.001
2024-11-02,wk flu hosp rate change,3,2024-11-23,34,pmf,stable,0.7980000000000004
2024-11-02,wk flu hosp rate change,3,2024-11-23,34,pmf,increase,0.199
2024-11-02,wk flu hosp rate change,3,2024-11-23,34,pmf,large_increase,0.001
2024-11-02,wk flu hosp rate change,3,2024-11-23,34,pmf,decrease,0.001
2024-11-02,wk flu hosp rate change,3,2024-11-23,34,pmf,large_decrease,0.001
2024-11-02,wk flu hosp rate change,0,2024-11-02,35,pmf,stable,0.4590000000000002
2024-11-02,wk flu hosp rate change,0,2024-11-02,35,pmf,increase,0.463
2024-11-02,wk flu hosp rate change,0,2024-11-02,35,pmf,large_increase,0.001
2024-11-02,wk flu hosp rate change,0,2024-11-02,35,pmf,decrease,0.076
2024-11-02,wk flu hosp rate change,0,2024-11-02,35,pmf,large_decrease,0.001
2024-11-02,wk flu hosp rate change,1,2024-11-09,35,pmf,stable,0.7370000000000002
2024-11-02,wk flu hosp rate change,1,2024-11-09,35,pmf,increase,0.251
2024-11-02,wk flu hosp rate change,1,2024-11-09,35,pmf,large_increase,0.001
2024-11-02,wk flu hosp rate change,1,2024-11-09,35,pmf,decrease,0.01
2024-11-02,wk flu hosp rate change,1,2024-11-09,35,pmf,large_decrease,0.001
2024-11-02,wk flu hosp rate change,2,2024-11-16,35,pmf,stable,0.6820000000000004
2024-11-02,wk flu hosp rate change,2,2024-11-16,35,pmf,increase,0.315
2024-11-02,wk flu hosp rate change,2,2024-11-16,35,pmf,large_increase,0.001
2024-11-02,wk flu hosp rate change,2,2024-11-16,35,pmf,decrease,0.001
2024-11-02,wk flu hosp rate change,2,2024-11-16,35,pmf,large_decrease,0.001
2024-11-02,wk flu hosp rate change,3,2024-11-23,35,pmf,stable,0.7660000000000003
2024-11-02,wk flu hosp rate change,3,2024-11-23,35,pmf,increase,0.231
2024-11-02,wk flu hosp rate change,3,2024-11-23,35,pmf,large_increase,0.001
2024-11-02,wk flu hosp rate change,3,2024-11-23,35,pmf,decrease,0.001
2024-11-02,wk flu hosp rate change,3,2024-11-23,35,pmf,large_decrease,0.001
2024-11-02,wk flu hosp rate change,0,2024-11-02,36,pmf,stable,0.9560000000000003
2024-11-02,wk flu hosp rate change,0,2024-11-02,36,pmf,increase,0.041
2024-11-02,wk flu hosp rate change,0,2024-11-02,36,pmf,large_increase,0.001
2024-11-02,wk flu hosp rate change,0,2024-11-02,36,pmf,decrease,0.001
2024-11-02,wk flu hosp rate change,0,2024-11-02,36,pmf,large_decrease,0.001
2024-11-02,wk flu hosp rate change,1,2024-11-09,36,pmf,stable,0.9110000000000004
2024-11-02,wk flu hosp rate change,1,2024-11-09,36,pmf,increase,0.086
2024-11-02,wk flu hosp rate change,1,2024-11-09,36,pmf,large_increase,0.001
2024-11-02,wk flu hosp rate change,1,2024-11-09,36,pmf,decrease,0.001
2024-11-02,wk flu hosp rate change,1,2024-11-09,36,pmf,large_decrease,0.001
2024-11-02,wk flu hosp rate change,2,2024-11-16,36,pmf,stable,0.8880000000000003
2024-11-02,wk flu hosp rate change,2,2024-11-16,36,pmf,increase,0.109
2024-11-02,wk flu hosp rate change,2,2024-11-16,36,pmf,large_increase,0.001
2024-11-02,wk flu hosp rate change,2,2024-11-16,36,pmf,decrease,0.001
2024-11-02,wk flu hosp rate change,2,2024-11-16,36,pmf,large_decrease,0.001
2024-11-02,wk flu hosp rate change,3,2024-11-23,36,pmf,stable,0.8740000000000003
2024-11-02,wk flu hosp rate change,3,2024-11-23,36,pmf,increase,0.123
2024-11-02,wk flu hosp rate change,3,2024-11-23,36,pmf,large_increase,0.001
2024-11-02,wk flu hosp rate change,3,2024-11-23,36,pmf,decrease,0.001
2024-11-02,wk flu hosp rate change,3,2024-11-23,36,pmf,large_decrease,0.001
2024-11-02,wk flu hosp rate change,0,2024-11-02,37,pmf,stable,0.9210000000000004
2024-11-02,wk flu hosp rate change,0,2024-11-02,37,pmf,increase,0.076
2024-11-02,wk flu hosp rate change,0,2024-11-02,37,pmf,large_increase,0.001
2024-11-02,wk flu hosp rate change,0,2024-11-02,37,pmf,decrease,0.001
2024-11-02,wk flu hosp rate change,0,2024-11-02,37,pmf,large_decrease,0.001
2024-11-02,wk flu hosp rate change,1,2024-11-09,37,pmf,stable,0.9350000000000003
2024-11-02,wk flu hosp rate change,1,2024-11-09,37,pmf,increase,0.062
2024-11-02,wk flu hosp rate change,1,2024-11-09,37,pmf,large_increase,0.001
2024-11-02,wk flu hosp rate change,1,2024-11-09,37,pmf,decrease,0.001
2024-11-02,wk flu hosp rate change,1,2024-11-09,37,pmf,large_decrease,0.001
2024-11-02,wk flu hosp rate change,2,2024-11-16,37,pmf,stable,0.9370000000000003
2024-11-02,wk flu hosp rate change,2,2024-11-16,37,pmf,increase,0.06
2024-11-02,wk flu hosp rate change,2,2024-11-16,37,pmf,large_increase,0.001
2024-11-02,wk flu hosp rate change,2,2024-11-16,37,pmf,decrease,0.001
2024-11-02,wk flu hosp rate change,2,2024-11-16,37,pmf,large_decrease,0.001
2024-11-02,wk flu hosp rate change,3,2024-11-23,37,pmf,stable,0.9670000000000003
2024-11-02,wk flu hosp rate change,3,2024-11-23,37,pmf,increase,0.03
2024-11-02,wk flu hosp rate change,3,2024-11-23,37,pmf,large_increase,0.001
2024-11-02,wk flu hosp rate change,3,2024-11-23,37,pmf,decrease,0.001
2024-11-02,wk flu hosp rate change,3,2024-11-23,37,pmf,large_decrease,0.001
2024-11-02,wk flu hosp rate change,0,2024-11-02,38,pmf,stable,0.7790000000000004
2024-11-02,wk flu hosp rate change,0,2024-11-02,38,pmf,increase,0.218
2024-11-02,wk flu hosp rate change,0,2024-11-02,38,pmf,large_increase,0.001
2024-11-02,wk flu hosp rate change,0,2024-11-02,38,pmf,decrease,0.001
2024-11-02,wk flu hosp rate change,0,2024-11-02,38,pmf,large_decrease,0.001
2024-11-02,wk flu hosp rate change,1,2024-11-09,38,pmf,stable,0.7090000000000003
2024-11-02,wk flu hosp rate change,1,2024-11-09,38,pmf,increase,0.288
2024-11-02,wk flu hosp rate change,1,2024-11-09,38,pmf,large_increase,0.001
2024-11-02,wk flu hosp rate change,1,2024-11-09,38,pmf,decrease,0.001
2024-11-02,wk flu hosp rate change,1,2024-11-09,38,pmf,large_decrease,0.001
2024-11-02,wk flu hosp rate change,2,2024-11-16,38,pmf,stable,0.8210000000000003
2024-11-02,wk flu hosp rate change,2,2024-11-16,38,pmf,increase,0.176
2024-11-02,wk flu hosp rate change,2,2024-11-16,38,pmf,large_increase,0.001
2024-11-02,wk flu hosp rate change,2,2024-11-16,38,pmf,decrease,0.001
2024-11-02,wk flu hosp rate change,2,2024-11-16,38,pmf,large_decrease,0.001
2024-11-02,wk flu hosp rate change,3,2024-11-23,38,pmf,stable,0.8360000000000004
2024-11-02,wk flu hosp rate change,3,2024-11-23,38,pmf,increase,0.161
2024-11-02,wk flu hosp rate change,3,2024-11-23,38,pmf,large_increase,0.001
2024-11-02,wk flu hosp rate change,3,2024-11-23,38,pmf,decrease,0.001
2024-11-02,wk flu hosp rate change,3,2024-11-23,38,pmf,large_decrease,0.001
2024-11-02,wk flu hosp rate change,0,2024-11-02,39,pmf,stable,0.3150000000000001
2024-11-02,wk flu hosp rate change,0,2024-11-02,39,pmf,increase,0.236
2024-11-02,wk flu hosp rate change,0,2024-11-02,39,pmf,large_increase,0.001
2024-11-02,wk flu hosp rate change,0,2024-11-02,39,pmf,decrease,0.419
2024-11-02,wk flu hosp rate change,0,2024-11-02,39,pmf,large_decrease,0.029
2024-11-02,wk flu hosp rate change,1,2024-11-09,39,pmf,stable,0.445
2024-11-02,wk flu hosp rate change,1,2024-11-09,39,pmf,increase,0.213
2024-11-02,wk flu hosp rate change,1,2024-11-09,39,pmf,large_increase,0.001
2024-11-02,wk flu hosp rate change,1,2024-11-09,39,pmf,decrease,0.34
2024-11-02,wk flu hosp rate change,1,2024-11-09,39,pmf,large_decrease,0.001
2024-11-02,wk flu hosp rate change,2,2024-11-16,39,pmf,stable,0.521
2024-11-02,wk flu hosp rate change,2,2024-11-16,39,pmf,increase,0.162
2024-11-02,wk flu hosp rate change,2,2024-11-16,39,pmf,large_increase,0.001
2024-11-02,wk flu hosp rate change,2,2024-11-16,39,pmf,decrease,0.315
2024-11-02,wk flu hosp rate change,2,2024-11-16,39,pmf,large_decrease,0.001
2024-11-02,wk flu hosp rate change,3,2024-11-23,39,pmf,stable,0.6240000000000002
2024-11-02,wk flu hosp rate change,3,2024-11-23,39,pmf,increase,0.13
2024-11-02,wk flu hosp rate change,3,2024-11-23,39,pmf,large_increase,0.001
2024-11-02,wk flu hosp rate change,3,2024-11-23,39,pmf,decrease,0.244
2024-11-02,wk flu hosp rate change,3,2024-11-23,39,pmf,large_decrease,0.001
2024-11-02,wk flu hosp rate change,0,2024-11-02,40,pmf,stable,0.7660000000000002
2024-11-02,wk flu hosp rate change,0,2024-11-02,40,pmf,increase,0.184
2024-11-02,wk flu hosp rate change,0,2024-11-02,40,pmf,large_increase,0.048
2024-11-02,wk flu hosp rate change,0,2024-11-02,40,pmf,decrease,0.001
2024-11-02,wk flu hosp rate change,0,2024-11-02,40,pmf,large_decrease,0.001
2024-11-02,wk flu hosp rate change,1,2024-11-09,40,pmf,stable,0.6830000000000003
2024-11-02,wk flu hosp rate change,1,2024-11-09,40,pmf,increase,0.276
2024-11-02,wk flu hosp rate change,1,2024-11-09,40,pmf,large_increase,0.039
2024-11-02,wk flu hosp rate change,1,2024-11-09,40,pmf,decrease,0.001
2024-11-02,wk flu hosp rate change,1,2024-11-09,40,pmf,large_decrease,0.001
2024-11-02,wk flu hosp rate change,2,2024-11-16,40,pmf,stable,0.5260000000000002
2024-11-02,wk flu hosp rate change,2,2024-11-16,40,pmf,increase,0.414
2024-11-02,wk flu hosp rate change,2,2024-11-16,40,pmf,large_increase,0.058
2024-11-02,wk flu hosp rate change,2,2024-11-16,40,pmf,decrease,0.001
2024-11-02,wk flu hosp rate change,2,2024-11-16,40,pmf,large_decrease,0.001
2024-11-02,wk flu hosp rate change,3,2024-11-23,40,pmf,stable,0.4370000000000002
2024-11-02,wk flu hosp rate change,3,2024-11-23,40,pmf,increase,0.517
2024-11-02,wk flu hosp rate change,3,2024-11-23,40,pmf,large_increase,0.044
2024-11-02,wk flu hosp rate change,3,2024-11-23,40,pmf,decrease,0.001
2024-11-02,wk flu hosp rate change,3,2024-11-23,40,pmf,large_decrease,0.001
2024-11-02,wk flu hosp rate change,0,2024-11-02,41,pmf,stable,0.9060000000000004
2024-11-02,wk flu hosp rate change,0,2024-11-02,41,pmf,increase,0.091
2024-11-02,wk flu hosp rate change,0,2024-11-02,41,pmf,large_increase,0.001
2024-11-02,wk flu hosp rate change,0,2024-11-02,41,pmf,decrease,0.001
2024-11-02,wk flu hosp rate change,0,2024-11-02,41,pmf,large_decrease,0.001
2024-11-02,wk flu hosp rate change,1,2024-11-09,41,pmf,stable,0.7510000000000003
2024-11-02,wk flu hosp rate change,1,2024-11-09,41,pmf,increase,0.246
2024-11-02,wk flu hosp rate change,1,2024-11-09,41,pmf,large_increase,0.001
2024-11-02,wk flu hosp rate change,1,2024-11-09,41,pmf,decrease,0.001
2024-11-02,wk flu hosp rate change,1,2024-11-09,41,pmf,large_decrease,0.001
2024-11-02,wk flu hosp rate change,2,2024-11-16,41,pmf,stable,0.7570000000000003
2024-11-02,wk flu hosp rate change,2,2024-11-16,41,pmf,increase,0.24
2024-11-02,wk flu hosp rate change,2,2024-11-16,41,pmf,large_increase,0.001
2024-11-02,wk flu hosp rate change,2,2024-11-16,41,pmf,decrease,0.001
2024-11-02,wk flu hosp rate change,2,2024-11-16,41,pmf,large_decrease,0.001
2024-11-02,wk flu hosp rate change,3,2024-11-23,41,pmf,stable,0.6740000000000004
2024-11-02,wk flu hosp rate change,3,2024-11-23,41,pmf,increase,0.323
2024-11-02,wk flu hosp rate change,3,2024-11-23,41,pmf,large_increase,0.001
2024-11-02,wk flu hosp rate change,3,2024-11-23,41,pmf,decrease,0.001
2024-11-02,wk flu hosp rate change,3,2024-11-23,41,pmf,large_decrease,0.001
2024-11-02,wk flu hosp rate change,0,2024-11-02,42,pmf,stable,0.9150000000000003
2024-11-02,wk flu hosp rate change,0,2024-11-02,42,pmf,increase,0.063
2024-11-02,wk flu hosp rate change,0,2024-11-02,42,pmf,large_increase,0.001
2024-11-02,wk flu hosp rate change,0,2024-11-02,42,pmf,decrease,0.02
2024-11-02,wk flu hosp rate change,0,2024-11-02,42,pmf,large_decrease,0.001
2024-11-02,wk flu hosp rate change,1,2024-11-09,42,pmf,stable,0.8840000000000003
2024-11-02,wk flu hosp rate change,1,2024-11-09,42,pmf,increase,0.113
2024-11-02,wk flu hosp rate change,1,2024-11-09,42,pmf,large_increase,0.001
2024-11-02,wk flu hosp rate change,1,2024-11-09,42,pmf,decrease,0.001
2024-11-02,wk flu hosp rate change,1,2024-11-09,42,pmf,large_decrease,0.001
2024-11-02,wk flu hosp rate change,2,2024-11-16,42,pmf,stable,0.7870000000000004
2024-11-02,wk flu hosp rate change,2,2024-11-16,42,pmf,increase,0.21
2024-11-02,wk flu hosp rate change,2,2024-11-16,42,pmf,large_increase,0.001
2024-11-02,wk flu hosp rate change,2,2024-11-16,42,pmf,decrease,0.001
2024-11-02,wk flu hosp rate change,2,2024-11-16,42,pmf,large_decrease,0.001
2024-11-02,wk flu hosp rate change,3,2024-11-23,42,pmf,stable,0.7160000000000003
2024-11-02,wk flu hosp rate change,3,2024-11-23,42,pmf,increase,0.281
2024-11-02,wk flu hosp rate change,3,2024-11-23,42,pmf,large_increase,0.001
2024-11-02,wk flu hosp rate change,3,2024-11-23,42,pmf,decrease,0.001
2024-11-02,wk flu hosp rate change,3,2024-11-23,42,pmf,large_decrease,0.001
2024-11-02,wk flu hosp rate change,0,2024-11-02,44,pmf,stable,0.9530000000000003
2024-11-02,wk flu hosp rate change,0,2024-11-02,44,pmf,increase,0.044
2024-11-02,wk flu hosp rate change,0,2024-11-02,44,pmf,large_increase,0.001
2024-11-02,wk flu hosp rate change,0,2024-11-02,44,pmf,decrease,0.001
2024-11-02,wk flu hosp rate change,0,2024-11-02,44,pmf,large_decrease,0.001
2024-11-02,wk flu hosp rate change,1,2024-11-09,44,pmf,stable,0.9510000000000004
2024-11-02,wk flu hosp rate change,1,2024-11-09,44,pmf,increase,0.046
2024-11-02,wk flu hosp rate change,1,2024-11-09,44,pmf,large_increase,0.001
2024-11-02,wk flu hosp rate change,1,2024-11-09,44,pmf,decrease,0.001
2024-11-02,wk flu hosp rate change,1,2024-11-09,44,pmf,large_decrease,0.001
2024-11-02,wk flu hosp rate change,2,2024-11-16,44,pmf,stable,0.9400000000000003
2024-11-02,wk flu hosp rate change,2,2024-11-16,44,pmf,increase,0.057
2024-11-02,wk flu hosp rate change,2,2024-11-16,44,pmf,large_increase,0.001
2024-11-02,wk flu hosp rate change,2,2024-11-16,44,pmf,decrease,0.001
2024-11-02,wk flu hosp rate change,2,2024-11-16,44,pmf,large_decrease,0.001
2024-11-02,wk flu hosp rate change,3,2024-11-23,44,pmf,stable,0.9460000000000003
2024-11-02,wk flu hosp rate change,3,2024-11-23,44,pmf,increase,0.051
2024-11-02,wk flu hosp rate change,3,2024-11-23,44,pmf,large_increase,0.001
2024-11-02,wk flu hosp rate change,3,2024-11-23,44,pmf,decrease,0.001
2024-11-02,wk flu hosp rate change,3,2024-11-23,44,pmf,large_decrease,0.001
2024-11-02,wk flu hosp rate change,0,2024-11-02,45,pmf,stable,0.9550000000000003
2024-11-02,wk flu hosp rate change,0,2024-11-02,45,pmf,increase,0.042
2024-11-02,wk flu hosp rate change,0,2024-11-02,45,pmf,large_increase,0.001
2024-11-02,wk flu hosp rate change,0,2024-11-02,45,pmf,decrease,0.001
2024-11-02,wk flu hosp rate change,0,2024-11-02,45,pmf,large_decrease,0.001
2024-11-02,wk flu hosp rate change,1,2024-11-09,45,pmf,stable,0.9430000000000003
2024-11-02,wk flu hosp rate change,1,2024-11-09,45,pmf,increase,0.054
2024-11-02,wk flu hosp rate change,1,2024-11-09,45,pmf,large_increase,0.001
2024-11-02,wk flu hosp rate change,1,2024-11-09,45,pmf,decrease,0.001
2024-11-02,wk flu hosp rate change,1,2024-11-09,45,pmf,large_decrease,0.001
2024-11-02,wk flu hosp rate change,2,2024-11-16,45,pmf,stable,0.9080000000000004
2024-11-02,wk flu hosp rate change,2,2024-11-16,45,pmf,increase,0.089
2024-11-02,wk flu hosp rate change,2,2024-11-16,45,pmf,large_increase,0.001
2024-11-02,wk flu hosp rate change,2,2024-11-16,45,pmf,decrease,0.001
2024-11-02,wk flu hosp rate change,2,2024-11-16,45,pmf,large_decrease,0.001
2024-11-02,wk flu hosp rate change,3,2024-11-23,45,pmf,stable,0.9540000000000003
2024-11-02,wk flu hosp rate change,3,2024-11-23,45,pmf,increase,0.043
2024-11-02,wk flu hosp rate change,3,2024-11-23,45,pmf,large_increase,0.001
2024-11-02,wk flu hosp rate change,3,2024-11-23,45,pmf,decrease,0.001
2024-11-02,wk flu hosp rate change,3,2024-11-23,45,pmf,large_decrease,0.001
2024-11-02,wk flu hosp rate change,0,2024-11-02,46,pmf,stable,0.9510000000000002
2024-11-02,wk flu hosp rate change,0,2024-11-02,46,pmf,increase,0.035
2024-11-02,wk flu hosp rate change,0,2024-11-02,46,pmf,large_increase,0.012
2024-11-02,wk flu hosp rate change,0,2024-11-02,46,pmf,decrease,0.001
2024-11-02,wk flu hosp rate change,0,2024-11-02,46,pmf,large_decrease,0.001
2024-11-02,wk flu hosp rate change,1,2024-11-09,46,pmf,stable,0.8430000000000004
2024-11-02,wk flu hosp rate change,1,2024-11-09,46,pmf,increase,0.154
2024-11-02,wk flu hosp rate change,1,2024-11-09,46,pmf,large_increase,0.001
2024-11-02,wk flu hosp rate change,1,2024-11-09,46,pmf,decrease,0.001
2024-11-02,wk flu hosp rate change,1,2024-11-09,46,pmf,large_decrease,0.001
2024-11-02,wk flu hosp rate change,2,2024-11-16,46,pmf,stable,0.7370000000000002
2024-11-02,wk flu hosp rate change,2,2024-11-16,46,pmf,increase,0.259
2024-11-02,wk flu hosp rate change,2,2024-11-16,46,pmf,large_increase,0.002
2024-11-02,wk flu hosp rate change,2,2024-11-16,46,pmf,decrease,0.001
2024-11-02,wk flu hosp rate change,2,2024-11-16,46,pmf,large_decrease,0.001
2024-11-02,wk flu hosp rate change,3,2024-11-23,46,pmf,stable,0.7300000000000003
2024-11-02,wk flu hosp rate change,3,2024-11-23,46,pmf,increase,0.267
2024-11-02,wk flu hosp rate change,3,2024-11-23,46,pmf,large_increase,0.001
2024-11-02,wk flu hosp rate change,3,2024-11-23,46,pmf,decrease,0.001
2024-11-02,wk flu hosp rate change,3,2024-11-23,46,pmf,large_decrease,0.001
2024-11-02,wk flu hosp rate change,0,2024-11-02,47,pmf,stable,0.9960000000000004
2024-11-02,wk flu hosp rate change,0,2024-11-02,47,pmf,increase,0.001
2024-11-02,wk flu hosp rate change,0,2024-11-02,47,pmf,large_increase,0.001
2024-11-02,wk flu hosp rate change,0,2024-11-02,47,pmf,decrease,0.001
2024-11-02,wk flu hosp rate change,0,2024-11-02,47,pmf,large_decrease,0.001
2024-11-02,wk flu hosp rate change,1,2024-11-09,47,pmf,stable,0.9790000000000003
2024-11-02,wk flu hosp rate change,1,2024-11-09,47,pmf,increase,0.018
2024-11-02,wk flu hosp rate change,1,2024-11-09,47,pmf,large_increase,0.001
2024-11-02,wk flu hosp rate change,1,2024-11-09,47,pmf,decrease,0.001
2024-11-02,wk flu hosp rate change,1,2024-11-09,47,pmf,large_decrease,0.001
2024-11-02,wk flu hosp rate change,2,2024-11-16,47,pmf,stable,0.9580000000000003
2024-11-02,wk flu hosp rate change,2,2024-11-16,47,pmf,increase,0.039
2024-11-02,wk flu hosp rate change,2,2024-11-16,47,pmf,large_increase,0.001
2024-11-02,wk flu hosp rate change,2,2024-11-16,47,pmf,decrease,0.001
2024-11-02,wk flu hosp rate change,2,2024-11-16,47,pmf,large_decrease,0.001
2024-11-02,wk flu hosp rate change,3,2024-11-23,47,pmf,stable,0.9770000000000003
2024-11-02,wk flu hosp rate change,3,2024-11-23,47,pmf,increase,0.02
2024-11-02,wk flu hosp rate change,3,2024-11-23,47,pmf,large_increase,0.001
2024-11-02,wk flu hosp rate change,3,2024-11-23,47,pmf,decrease,0.001
2024-11-02,wk flu hosp rate change,3,2024-11-23,47,pmf,large_decrease,0.001
2024-11-02,wk flu hosp rate change,0,2024-11-02,48,pmf,stable,0.5990000000000002
2024-11-02,wk flu hosp rate change,0,2024-11-02,48,pmf,increase,0.386
2024-11-02,wk flu hosp rate change,0,2024-11-02,48,pmf,large_increase,0.013
2024-11-02,wk flu hosp rate change,0,2024-11-02,48,pmf,decrease,0.001
2024-11-02,wk flu hosp rate change,0,2024-11-02,48,pmf,large_decrease,0.001
2024-11-02,wk flu hosp rate change,1,2024-11-09,48,pmf,stable,0.5590000000000004
2024-11-02,wk flu hosp rate change,1,2024-11-09,48,pmf,increase,0.438
2024-11-02,wk flu hosp rate change,1,2024-11-09,48,pmf,large_increase,0.001
2024-11-02,wk flu hosp rate change,1,2024-11-09,48,pmf,decrease,0.001
2024-11-02,wk flu hosp rate change,1,2024-11-09,48,pmf,large_decrease,0.001
2024-11-02,wk flu hosp rate change,2,2024-11-16,48,pmf,stable,0.6430000000000003
2024-11-02,wk flu hosp rate change,2,2024-11-16,48,pmf,increase,0.354
2024-11-02,wk flu hosp rate change,2,2024-11-16,48,pmf,large_increase,0.001
2024-11-02,wk flu hosp rate change,2,2024-11-16,48,pmf,decrease,0.001
2024-11-02,wk flu hosp rate change,2,2024-11-16,48,pmf,large_decrease,0.001
2024-11-02,wk flu hosp rate change,3,2024-11-23,48,pmf,stable,0.6960000000000003
2024-11-02,wk flu hosp rate change,3,2024-11-23,48,pmf,increase,0.301
2024-11-02,wk flu hosp rate change,3,2024-11-23,48,pmf,large_increase,0.001
2024-11-02,wk flu hosp rate change,3,2024-11-23,48,pmf,decrease,0.001
2024-11-02,wk flu hosp rate change,3,2024-11-23,48,pmf,large_decrease,0.001
2024-11-02,wk flu hosp rate change,0,2024-11-02,49,pmf,stable,0.9360000000000003
2024-11-02,wk flu hosp rate change,0,2024-11-02,49,pmf,increase,0.061
2024-11-02,wk flu hosp rate change,0,2024-11-02,49,pmf,large_increase,0.001
2024-11-02,wk flu hosp rate change,0,2024-11-02,49,pmf,decrease,0.001
2024-11-02,wk flu hosp rate change,0,2024-11-02,49,pmf,large_decrease,0.001
2024-11-02,wk flu hosp rate change,1,2024-11-09,49,pmf,stable,0.9590000000000003
2024-11-02,wk flu hosp rate change,1,2024-11-09,49,pmf,increase,0.038
2024-11-02,wk flu hosp rate change,1,2024-11-09,49,pmf,large_increase,0.001
2024-11-02,wk flu hosp rate change,1,2024-11-09,49,pmf,decrease,0.001
2024-11-02,wk flu hosp rate change,1,2024-11-09,49,pmf,large_decrease,0.001
2024-11-02,wk flu hosp rate change,2,2024-11-16,49,pmf,stable,0.9630000000000003
2024-11-02,wk flu hosp rate change,2,2024-11-16,49,pmf,increase,0.034
2024-11-02,wk flu hosp rate change,2,2024-11-16,49,pmf,large_increase,0.001
2024-11-02,wk flu hosp rate change,2,2024-11-16,49,pmf,decrease,0.001
2024-11-02,wk flu hosp rate change,2,2024-11-16,49,pmf,large_decrease,0.001
2024-11-02,wk flu hosp rate change,3,2024-11-23,49,pmf,stable,0.9770000000000003
2024-11-02,wk flu hosp rate change,3,2024-11-23,49,pmf,increase,0.02
2024-11-02,wk flu hosp rate change,3,2024-11-23,49,pmf,large_increase,0.001
2024-11-02,wk flu hosp rate change,3,2024-11-23,49,pmf,decrease,0.001
2024-11-02,wk flu hosp rate change,3,2024-11-23,49,pmf,large_decrease,0.001
2024-11-02,wk flu hosp rate change,0,2024-11-02,50,pmf,stable,0.9170000000000001
2024-11-02,wk flu hosp rate change,0,2024-11-02,50,pmf,increase,0.065
2024-11-02,wk flu hosp rate change,0,2024-11-02,50,pmf,large_increase,0.016
2024-11-02,wk flu hosp rate change,0,2024-11-02,50,pmf,decrease,0.001
2024-11-02,wk flu hosp rate change,0,2024-11-02,50,pmf,large_decrease,0.001
2024-11-02,wk flu hosp rate change,1,2024-11-09,50,pmf,stable,0.8880000000000003
2024-11-02,wk flu hosp rate change,1,2024-11-09,50,pmf,increase,0.109
2024-11-02,wk flu hosp rate change,1,2024-11-09,50,pmf,large_increase,0.001
2024-11-02,wk flu hosp rate change,1,2024-11-09,50,pmf,decrease,0.001
2024-11-02,wk flu hosp rate change,1,2024-11-09,50,pmf,large_decrease,0.001
2024-11-02,wk flu hosp rate change,2,2024-11-16,50,pmf,stable,0.7660000000000003
2024-11-02,wk flu hosp rate change,2,2024-11-16,50,pmf,increase,0.231
2024-11-02,wk flu hosp rate change,2,2024-11-16,50,pmf,large_increase,0.001
2024-11-02,wk flu hosp rate change,2,2024-11-16,50,pmf,decrease,0.001
2024-11-02,wk flu hosp rate change,2,2024-11-16,50,pmf,large_decrease,0.001
2024-11-02,wk flu hosp rate change,3,2024-11-23,50,pmf,stable,0.6610000000000003
2024-11-02,wk flu hosp rate change,3,2024-11-23,50,pmf,increase,0.336
2024-11-02,wk flu hosp rate change,3,2024-11-23,50,pmf,large_increase,0.001
2024-11-02,wk flu hosp rate change,3,2024-11-23,50,pmf,decrease,0.001
2024-11-02,wk flu hosp rate change,3,2024-11-23,50,pmf,large_decrease,0.001
2024-11-02,wk flu hosp rate change,0,2024-11-02,51,pmf,stable,0.9040000000000004
2024-11-02,wk flu hosp rate change,0,2024-11-02,51,pmf,increase,0.093
2024-11-02,wk flu hosp rate change,0,2024-11-02,51,pmf,large_increase,0.001
2024-11-02,wk flu hosp rate change,0,2024-11-02,51,pmf,decrease,0.001
2024-11-02,wk flu hosp rate change,0,2024-11-02,51,pmf,large_decrease,0.001
2024-11-02,wk flu hosp rate change,1,2024-11-09,51,pmf,stable,0.9080000000000004
2024-11-02,wk flu hosp rate change,1,2024-11-09,51,pmf,increase,0.089
2024-11-02,wk flu hosp rate change,1,2024-11-09,51,pmf,large_increase,0.001
2024-11-02,wk flu hosp rate change,1,2024-11-09,51,pmf,decrease,0.001
2024-11-02,wk flu hosp rate change,1,2024-11-09,51,pmf,large_decrease,0.001
2024-11-02,wk flu hosp rate change,2,2024-11-16,51,pmf,stable,0.9080000000000004
2024-11-02,wk flu hosp rate change,2,2024-11-16,51,pmf,increase,0.089
2024-11-02,wk flu hosp rate change,2,2024-11-16,51,pmf,large_increase,0.001
2024-11-02,wk flu hosp rate change,2,2024-11-16,51,pmf,decrease,0.001
2024-11-02,wk flu hosp rate change,2,2024-11-16,51,pmf,large_decrease,0.001
2024-11-02,wk flu hosp rate change,3,2024-11-23,51,pmf,stable,0.9000000000000004
2024-11-02,wk flu hosp rate change,3,2024-11-23,51,pmf,increase,0.097
2024-11-02,wk flu hosp rate change,3,2024-11-23,51,pmf,large_increase,0.001
2024-11-02,wk flu hosp rate change,3,2024-11-23,51,pmf,decrease,0.001
2024-11-02,wk flu hosp rate change,3,2024-11-23,51,pmf,large_decrease,0.001
2024-11-02,wk flu hosp rate change,0,2024-11-02,53,pmf,stable,0.8430000000000003
2024-11-02,wk flu hosp rate change,0,2024-11-02,53,pmf,increase,0.154
2024-11-02,wk flu hosp rate change,0,2024-11-02,53,pmf,large_increase,0.001
2024-11-02,wk flu hosp rate change,0,2024-11-02,53,pmf,decrease,0.001
2024-11-02,wk flu hosp rate change,0,2024-11-02,53,pmf,large_decrease,0.001
2024-11-02,wk flu hosp rate change,1,2024-11-09,53,pmf,stable,0.8790000000000003
2024-11-02,wk flu hosp rate change,1,2024-11-09,53,pmf,increase,0.118
2024-11-02,wk flu hosp rate change,1,2024-11-09,53,pmf,large_increase,0.001
2024-11-02,wk flu hosp rate change,1,2024-11-09,53,pmf,decrease,0.001
2024-11-02,wk flu hosp rate change,1,2024-11-09,53,pmf,large_decrease,0.001
2024-11-02,wk flu hosp rate change,2,2024-11-16,53,pmf,stable,0.9050000000000004
2024-11-02,wk flu hosp rate change,2,2024-11-16,53,pmf,increase,0.092
2024-11-02,wk flu hosp rate change,2,2024-11-16,53,pmf,large_increase,0.001
2024-11-02,wk flu hosp rate change,2,2024-11-16,53,pmf,decrease,0.001
2024-11-02,wk flu hosp rate change,2,2024-11-16,53,pmf,large_decrease,0.001
2024-11-02,wk flu hosp rate change,3,2024-11-23,53,pmf,stable,0.9690000000000003
2024-11-02,wk flu hosp rate change,3,2024-11-23,53,pmf,increase,0.028
2024-11-02,wk flu hosp rate change,3,2024-11-23,53,pmf,large_increase,0.001
2024-11-02,wk flu hosp rate change,3,2024-11-23,53,pmf,decrease,0.001
2024-11-02,wk flu hosp rate change,3,2024-11-23,53,pmf,large_decrease,0.001
2024-11-02,wk flu hosp rate change,0,2024-11-02,54,pmf,stable,0.7670000000000002
2024-11-02,wk flu hosp rate change,0,2024-11-02,54,pmf,increase,0.194
2024-11-02,wk flu hosp rate change,0,2024-11-02,54,pmf,large_increase,0.037
2024-11-02,wk flu hosp rate change,0,2024-11-02,54,pmf,decrease,0.001
2024-11-02,wk flu hosp rate change,0,2024-11-02,54,pmf,large_decrease,0.001
2024-11-02,wk flu hosp rate change,1,2024-11-09,54,pmf,stable,0.8290000000000002
2024-11-02,wk flu hosp rate change,1,2024-11-09,54,pmf,increase,0.151
2024-11-02,wk flu hosp rate change,1,2024-11-09,54,pmf,large_increase,0.018
2024-11-02,wk flu hosp rate change,1,2024-11-09,54,pmf,decrease,0.001
2024-11-02,wk flu hosp rate change,1,2024-11-09,54,pmf,large_decrease,0.001
2024-11-02,wk flu hosp rate change,2,2024-11-16,54,pmf,stable,0.7700000000000002
2024-11-02,wk flu hosp rate change,2,2024-11-16,54,pmf,increase,0.227
2024-11-02,wk flu hosp rate change,2,2024-11-16,54,pmf,large_increase,0.001
2024-11-02,wk flu hosp rate change,2,2024-11-16,54,pmf,decrease,0.001
2024-11-02,wk flu hosp rate change,2,2024-11-16,54,pmf,large_decrease,0.001
2024-11-02,wk flu hosp rate change,3,2024-11-23,54,pmf,stable,0.7510000000000003
2024-11-02,wk flu hosp rate change,3,2024-11-23,54,pmf,increase,0.246
2024-11-02,wk flu hosp rate change,3,2024-11-23,54,pmf,large_increase,0.001
2024-11-02,wk flu hosp rate change,3,2024-11-23,54,pmf,decrease,0.001
2024-11-02,wk flu hosp rate change,3,2024-11-23,54,pmf,large_decrease,0.001
2024-11-02,wk flu hosp rate change,0,2024-11-02,55,pmf,stable,0.9480000000000002
2024-11-02,wk flu hosp rate change,0,2024-11-02,55,pmf,increase,0.033
2024-11-02,wk flu hosp rate change,0,2024-11-02,55,pmf,large_increase,0.017
2024-11-02,wk flu hosp rate change,0,2024-11-02,55,pmf,decrease,0.001
2024-11-02,wk flu hosp rate change,0,2024-11-02,55,pmf,large_decrease,0.001
2024-11-02,wk flu hosp rate change,1,2024-11-09,55,pmf,stable,0.9180000000000004
2024-11-02,wk flu hosp rate change,1,2024-11-09,55,pmf,increase,0.079
2024-11-02,wk flu hosp rate change,1,2024-11-09,55,pmf,large_increase,0.001
2024-11-02,wk flu hosp rate change,1,2024-11-09,55,pmf,decrease,0.001
2024-11-02,wk flu hosp rate change,1,2024-11-09,55,pmf,large_decrease,0.001
2024-11-02,wk flu hosp rate change,2,2024-11-16,55,pmf,stable,0.8980000000000004
2024-11-02,wk flu hosp rate change,2,2024-11-16,55,pmf,increase,0.099
2024-11-02,wk flu hosp rate change,2,2024-11-16,55,pmf,large_increase,0.001
2024-11-02,wk flu hosp rate change,2,2024-11-16,55,pmf,decrease,0.001
2024-11-02,wk flu hosp rate change,2,2024-11-16,55,pmf,large_decrease,0.001
2024-11-02,wk flu hosp rate change,3,2024-11-23,55,pmf,stable,0.8810000000000003
2024-11-02,wk flu hosp rate change,3,2024-11-23,55,pmf,increase,0.116
2024-11-02,wk flu hosp rate change,3,2024-11-23,55,pmf,large_increase,0.001
2024-11-02,wk flu hosp rate change,3,2024-11-23,55,pmf,decrease,0.001
2024-11-02,wk flu hosp rate change,3,2024-11-23,55,pmf,large_decrease,0.001
2024-11-02,wk flu hosp rate change,0,2024-11-02,56,pmf,stable,0.4480000000000002
2024-11-02,wk flu hosp rate change,0,2024-11-02,56,pmf,increase,0.018
2024-11-02,wk flu hosp rate change,0,2024-11-02,56,pmf,large_increase,0.001
2024-11-02,wk flu hosp rate change,0,2024-11-02,56,pmf,decrease,0.532
2024-11-02,wk flu hosp rate change,0,2024-11-02,56,pmf,large_decrease,0.001
2024-11-02,wk flu hosp rate change,1,2024-11-09,56,pmf,stable,0.7590000000000003
2024-11-02,wk flu hosp rate change,1,2024-11-09,56,pmf,increase,0.041
2024-11-02,wk flu hosp rate change,1,2024-11-09,56,pmf,large_increase,0.001
2024-11-02,wk flu hosp rate change,1,2024-11-09,56,pmf,decrease,0.198
2024-11-02,wk flu hosp rate change,1,2024-11-09,56,pmf,large_decrease,0.001
2024-11-02,wk flu hosp rate change,2,2024-11-16,56,pmf,stable,0.8660000000000003
2024-11-02,wk flu hosp rate change,2,2024-11-16,56,pmf,increase,0.039
2024-11-02,wk flu hosp rate change,2,2024-11-16,56,pmf,large_increase,0.001
2024-11-02,wk flu hosp rate change,2,2024-11-16,56,pmf,decrease,0.093
2024-11-02,wk flu hosp rate change,2,2024-11-16,56,pmf,large_decrease,0.001
2024-11-02,wk flu hosp rate change,3,2024-11-23,56,pmf,stable,0.9570000000000003
2024-11-02,wk flu hosp rate change,3,2024-11-23,56,pmf,increase,0.032
2024-11-02,wk flu hosp rate change,3,2024-11-23,56,pmf,large_increase,0.001
2024-11-02,wk flu hosp rate change,3,2024-11-23,56,pmf,decrease,0.009
2024-11-02,wk flu hosp rate change,3,2024-11-23,56,pmf,large_decrease,0.001
2024-11-02,wk flu hosp rate change,0,2024-11-02,72,pmf,stable,0.7670000000000001
2024-11-02,wk flu hosp rate change,0,2024-11-02,72,pmf,increase,0.197
2024-11-02,wk flu hosp rate change,0,2024-11-02,72,pmf,large_increase,0.034
2024-11-02,wk flu hosp rate change,0,2024-11-02,72,pmf,decrease,0.001
2024-11-02,wk flu hosp rate change,0,2024-11-02,72,pmf,large_decrease,0.001
2024-11-02,wk flu hosp rate change,1,2024-11-09,72,pmf,stable,0.5740000000000002
2024-11-02,wk flu hosp rate change,1,2024-11-09,72,pmf,increase,0.382
2024-11-02,wk flu hosp rate change,1,2024-11-09,72,pmf,large_increase,0.042
2024-11-02,wk flu hosp rate change,1,2024-11-09,72,pmf,decrease,0.001
2024-11-02,wk flu hosp rate change,1,2024-11-09,72,pmf,large_decrease,0.001
2024-11-02,wk flu hosp rate change,2,2024-11-16,72,pmf,stable,0.4400000000000002
2024-11-02,wk flu hosp rate change,2,2024-11-16,72,pmf,increase,0.52
2024-11-02,wk flu hosp rate change,2,2024-11-16,72,pmf,large_increase,0.038
2024-11-02,wk flu hosp rate change,2,2024-11-16,72,pmf,decrease,0.001
2024-11-02,wk flu hosp rate change,2,2024-11-16,72,pmf,large_decrease,0.001
2024-11-02,wk flu hosp rate change,3,2024-11-23,72,pmf,stable,0.4350000000000002
2024-11-02,wk flu hosp rate change,3,2024-11-23,72,pmf,increase,0.53
2024-11-02,wk flu hosp rate change,3,2024-11-23,72,pmf,large_increase,0.033
2024-11-02,wk flu hosp rate change,3,2024-11-23,72,pmf,decrease,0.001
2024-11-02,wk flu hosp rate change,3,2024-11-23,72,pmf,large_decrease,0.001
