reference_date,target,horizon,target_end_date,location,output_type,output_type_id,value
2024-11-16,wk inc flu hosp,0,2024-11-16,01,quantile,0.01,0.0
2024-11-16,wk inc flu hosp,0,2024-11-16,01,quantile,0.025,0.0
2024-11-16,wk inc flu hosp,0,2024-11-16,01,quantile,0.05,0.0
2024-11-16,wk inc flu hosp,0,2024-11-16,01,quantile,0.1,0.0
2024-11-16,wk inc flu hosp,0,2024-11-16,01,quantile,0.15,1.038
2024-11-16,wk inc flu hosp,0,2024-11-16,01,quantile,0.2,11.916
2024-11-16,wk inc flu hosp,0,2024-11-16,01,quantile,0.25,17.496
2024-11-16,wk inc flu hosp,0,2024-11-16,01,quantile,0.3,24.596
2024-11-16,wk inc flu hosp,0,2024-11-16,01,quantile,0.35,30.293
2024-11-16,wk inc flu hosp,0,2024-11-16,01,quantile,0.4,37.237
2024-11-16,wk inc flu hosp,0,2024-11-16,01,quantile,0.45,42.481
2024-11-16,wk inc flu hosp,0,2024-11-16,01,quantile,0.5,47.544
2024-11-16,wk inc flu hosp,0,2024-11-16,01,quantile,0.55,52.846
2024-11-16,wk inc flu hosp,0,2024-11-16,01,quantile,0.6,58.254
2024-11-16,wk inc flu hosp,0,2024-11-16,01,quantile,0.65,63.592
2024-11-16,wk inc flu hosp,0,2024-11-16,01,quantile,0.7,69.907
2024-11-16,wk inc flu hosp,0,2024-11-16,01,quantile,0.75,77.778
2024-11-16,wk inc flu hosp,0,2024-11-16,01,quantile,0.8,85.977
2024-11-16,wk inc flu hosp,0,2024-11-16,01,quantile,0.85,96.766
2024-11-16,wk inc flu hosp,0,2024-11-16,01,quantile,0.9,107.537
2024-11-16,wk inc flu hosp,0,2024-11-16,01,quantile,0.95,125.721
2024-11-16,wk inc flu hosp,0,2024-11-16,01,quantile,0.975,142.504
2024-11-16,wk inc flu hosp,0,2024-11-16,01,quantile,0.99,157.795
2024-11-16,wk inc flu hosp,1,2024-11-23,01,quantile,0.01,0.0
2024-11-16,wk inc flu hosp,1,2024-11-23,01,quantile,0.025,0.0
2024-11-16,wk inc flu hosp,1,2024-11-23,01,quantile,0.05,0.0
2024-11-16,wk inc flu hosp,1,2024-11-23,01,quantile,0.1,0.0
2024-11-16,wk inc flu hosp,1,2024-11-23,01,quantile,0.15,3.189
2024-11-16,wk inc flu hosp,1,2024-11-23,01,quantile,0.2,14.15
2024-11-16,wk inc flu hosp,1,2024-11-23,01,quantile,0.25,23.817
2024-11-16,wk inc flu hosp,1,2024-11-23,01,quantile,0.3,32.595
2024-11-16,wk inc flu hosp,1,2024-11-23,01,quantile,0.35,40.862
2024-11-16,wk inc flu hosp,1,2024-11-23,01,quantile,0.4,49.607
2024-11-16,wk inc flu hosp,1,2024-11-23,01,quantile,0.45,58.152
2024-11-16,wk inc flu hosp,1,2024-11-23,01,quantile,0.5,67.287
2024-11-16,wk inc flu hosp,1,2024-11-23,01,quantile,0.55,74.23
2024-11-16,wk inc flu hosp,1,2024-11-23,01,quantile,0.6,82.361
2024-11-16,wk inc flu hosp,1,2024-11-23,01,quantile,0.65,91.689
2024-11-16,wk inc flu hosp,1,2024-11-23,01,quantile,0.7,101.514
2024-11-16,wk inc flu hosp,1,2024-11-23,01,quantile,0.75,111.272
2024-11-16,wk inc flu hosp,1,2024-11-23,01,quantile,0.8,122.169
2024-11-16,wk inc flu hosp,1,2024-11-23,01,quantile,0.85,136.479
2024-11-16,wk inc flu hosp,1,2024-11-23,01,quantile,0.9,152.232
2024-11-16,wk inc flu hosp,1,2024-11-23,01,quantile,0.95,176.402
2024-11-16,wk inc flu hosp,1,2024-11-23,01,quantile,0.975,207.066
2024-11-16,wk inc flu hosp,1,2024-11-23,01,quantile,0.99,242.542
2024-11-16,wk inc flu hosp,2,2024-11-30,01,quantile,0.01,0.0
2024-11-16,wk inc flu hosp,2,2024-11-30,01,quantile,0.025,0.0
2024-11-16,wk inc flu hosp,2,2024-11-30,01,quantile,0.05,0.0
2024-11-16,wk inc flu hosp,2,2024-11-30,01,quantile,0.1,0.0
2024-11-16,wk inc flu hosp,2,2024-11-30,01,quantile,0.15,16.747
2024-11-16,wk inc flu hosp,2,2024-11-30,01,quantile,0.2,28.169
2024-11-16,wk inc flu hosp,2,2024-11-30,01,quantile,0.25,40.897
2024-11-16,wk inc flu hosp,2,2024-11-30,01,quantile,0.3,49.427
2024-11-16,wk inc flu hosp,2,2024-11-30,01,quantile,0.35,59.457
2024-11-16,wk inc flu hosp,2,2024-11-30,01,quantile,0.4,66.968
2024-11-16,wk inc flu hosp,2,2024-11-30,01,quantile,0.45,75.16
2024-11-16,wk inc flu hosp,2,2024-11-30,01,quantile,0.5,81.907
2024-11-16,wk inc flu hosp,2,2024-11-30,01,quantile,0.55,89.574
2024-11-16,wk inc flu hosp,2,2024-11-30,01,quantile,0.6,98.519
2024-11-16,wk inc flu hosp,2,2024-11-30,01,quantile,0.65,110.109
2024-11-16,wk inc flu hosp,2,2024-11-30,01,quantile,0.7,122.402
2024-11-16,wk inc flu hosp,2,2024-11-30,01,quantile,0.75,137.112
2024-11-16,wk inc flu hosp,2,2024-11-30,01,quantile,0.8,152.927
2024-11-16,wk inc flu hosp,2,2024-11-30,01,quantile,0.85,168.735
2024-11-16,wk inc flu hosp,2,2024-11-30,01,quantile,0.9,190.492
2024-11-16,wk inc flu hosp,2,2024-11-30,01,quantile,0.95,226.436
2024-11-16,wk inc flu hosp,2,2024-11-30,01,quantile,0.975,254.658
2024-11-16,wk inc flu hosp,2,2024-11-30,01,quantile,0.99,298.099
2024-11-16,wk inc flu hosp,3,2024-12-07,01,quantile,0.01,0.0
2024-11-16,wk inc flu hosp,3,2024-12-07,01,quantile,0.025,0.0
2024-11-16,wk inc flu hosp,3,2024-12-07,01,quantile,0.05,0.0
2024-11-16,wk inc flu hosp,3,2024-12-07,01,quantile,0.1,7.298
2024-11-16,wk inc flu hosp,3,2024-12-07,01,quantile,0.15,24.197
2024-11-16,wk inc flu hosp,3,2024-12-07,01,quantile,0.2,38.728
2024-11-16,wk inc flu hosp,3,2024-12-07,01,quantile,0.25,50.526
2024-11-16,wk inc flu hosp,3,2024-12-07,01,quantile,0.3,61.985
2024-11-16,wk inc flu hosp,3,2024-12-07,01,quantile,0.35,72.969
2024-11-16,wk inc flu hosp,3,2024-12-07,01,quantile,0.4,84.702
2024-11-16,wk inc flu hosp,3,2024-12-07,01,quantile,0.45,94.999
2024-11-16,wk inc flu hosp,3,2024-12-07,01,quantile,0.5,104.977
2024-11-16,wk inc flu hosp,3,2024-12-07,01,quantile,0.55,115.876
2024-11-16,wk inc flu hosp,3,2024-12-07,01,quantile,0.6,124.279
2024-11-16,wk inc flu hosp,3,2024-12-07,01,quantile,0.65,135.641
2024-11-16,wk inc flu hosp,3,2024-12-07,01,quantile,0.7,147.177
2024-11-16,wk inc flu hosp,3,2024-12-07,01,quantile,0.75,164.503
2024-11-16,wk inc flu hosp,3,2024-12-07,01,quantile,0.8,184.054
2024-11-16,wk inc flu hosp,3,2024-12-07,01,quantile,0.85,203.941
2024-11-16,wk inc flu hosp,3,2024-12-07,01,quantile,0.9,233.887
2024-11-16,wk inc flu hosp,3,2024-12-07,01,quantile,0.95,269.571
2024-11-16,wk inc flu hosp,3,2024-12-07,01,quantile,0.975,305.135
2024-11-16,wk inc flu hosp,3,2024-12-07,01,quantile,0.99,342.771
2024-11-16,wk inc flu hosp,0,2024-11-16,02,quantile,0.01,0.0
2024-11-16,wk inc flu hosp,0,2024-11-16,02,quantile,0.025,0.0
2024-11-16,wk inc flu hosp,0,2024-11-16,02,quantile,0.05,0.0
2024-11-16,wk inc flu hosp,0,2024-11-16,02,quantile,0.1,0.0
2024-11-16,wk inc flu hosp,0,2024-11-16,02,quantile,0.15,0.0
2024-11-16,wk inc flu hosp,0,2024-11-16,02,quantile,0.2,0.0
2024-11-16,wk inc flu hosp,0,2024-11-16,02,quantile,0.25,0.052
2024-11-16,wk inc flu hosp,0,2024-11-16,02,quantile,0.3,1.088
2024-11-16,wk inc flu hosp,0,2024-11-16,02,quantile,0.35,2.472
2024-11-16,wk inc flu hosp,0,2024-11-16,02,quantile,0.4,3.734
2024-11-16,wk inc flu hosp,0,2024-11-16,02,quantile,0.45,5.387
2024-11-16,wk inc flu hosp,0,2024-11-16,02,quantile,0.5,6.488
2024-11-16,wk inc flu hosp,0,2024-11-16,02,quantile,0.55,7.404
2024-11-16,wk inc flu hosp,0,2024-11-16,02,quantile,0.6,8.445
2024-11-16,wk inc flu hosp,0,2024-11-16,02,quantile,0.65,9.572
2024-11-16,wk inc flu hosp,0,2024-11-16,02,quantile,0.7,10.753
2024-11-16,wk inc flu hosp,0,2024-11-16,02,quantile,0.75,11.88
2024-11-16,wk inc flu hosp,0,2024-11-16,02,quantile,0.8,13.629
2024-11-16,wk inc flu hosp,0,2024-11-16,02,quantile,0.85,15.86
2024-11-16,wk inc flu hosp,0,2024-11-16,02,quantile,0.9,18.552
2024-11-16,wk inc flu hosp,0,2024-11-16,02,quantile,0.95,22.774
2024-11-16,wk inc flu hosp,0,2024-11-16,02,quantile,0.975,29.094
2024-11-16,wk inc flu hosp,0,2024-11-16,02,quantile,0.99,36.488
2024-11-16,wk inc flu hosp,1,2024-11-23,02,quantile,0.01,0.0
2024-11-16,wk inc flu hosp,1,2024-11-23,02,quantile,0.025,0.0
2024-11-16,wk inc flu hosp,1,2024-11-23,02,quantile,0.05,0.0
2024-11-16,wk inc flu hosp,1,2024-11-23,02,quantile,0.1,0.0
2024-11-16,wk inc flu hosp,1,2024-11-23,02,quantile,0.15,0.0
2024-11-16,wk inc flu hosp,1,2024-11-23,02,quantile,0.2,0.0
2024-11-16,wk inc flu hosp,1,2024-11-23,02,quantile,0.25,0.276
2024-11-16,wk inc flu hosp,1,2024-11-23,02,quantile,0.3,2.011
2024-11-16,wk inc flu hosp,1,2024-11-23,02,quantile,0.35,3.495
2024-11-16,wk inc flu hosp,1,2024-11-23,02,quantile,0.4,4.953
2024-11-16,wk inc flu hosp,1,2024-11-23,02,quantile,0.45,6.49
2024-11-16,wk inc flu hosp,1,2024-11-23,02,quantile,0.5,7.767
2024-11-16,wk inc flu hosp,1,2024-11-23,02,quantile,0.55,9.182
2024-11-16,wk inc flu hosp,1,2024-11-23,02,quantile,0.6,10.603
2024-11-16,wk inc flu hosp,1,2024-11-23,02,quantile,0.65,12.734
2024-11-16,wk inc flu hosp,1,2024-11-23,02,quantile,0.7,14.603
2024-11-16,wk inc flu hosp,1,2024-11-23,02,quantile,0.75,16.507
2024-11-16,wk inc flu hosp,1,2024-11-23,02,quantile,0.8,19.376
2024-11-16,wk inc flu hosp,1,2024-11-23,02,quantile,0.85,22.268
2024-11-16,wk inc flu hosp,1,2024-11-23,02,quantile,0.9,27.851
2024-11-16,wk inc flu hosp,1,2024-11-23,02,quantile,0.95,33.993
2024-11-16,wk inc flu hosp,1,2024-11-23,02,quantile,0.975,41.485
2024-11-16,wk inc flu hosp,1,2024-11-23,02,quantile,0.99,48.368
2024-11-16,wk inc flu hosp,2,2024-11-30,02,quantile,0.01,0.0
2024-11-16,wk inc flu hosp,2,2024-11-30,02,quantile,0.025,0.0
2024-11-16,wk inc flu hosp,2,2024-11-30,02,quantile,0.05,0.0
2024-11-16,wk inc flu hosp,2,2024-11-30,02,quantile,0.1,0.0
2024-11-16,wk inc flu hosp,2,2024-11-30,02,quantile,0.15,0.0
2024-11-16,wk inc flu hosp,2,2024-11-30,02,quantile,0.2,0.0
2024-11-16,wk inc flu hosp,2,2024-11-30,02,quantile,0.25,1.278
2024-11-16,wk inc flu hosp,2,2024-11-30,02,quantile,0.3,3.065
2024-11-16,wk inc flu hosp,2,2024-11-30,02,quantile,0.35,5.058
2024-11-16,wk inc flu hosp,2,2024-11-30,02,quantile,0.4,6.913
2024-11-16,wk inc flu hosp,2,2024-11-30,02,quantile,0.45,8.971
2024-11-16,wk inc flu hosp,2,2024-11-30,02,quantile,0.5,10.821
2024-11-16,wk inc flu hosp,2,2024-11-30,02,quantile,0.55,12.48
2024-11-16,wk inc flu hosp,2,2024-11-30,02,quantile,0.6,14.555
2024-11-16,wk inc flu hosp,2,2024-11-30,02,quantile,0.65,16.682
2024-11-16,wk inc flu hosp,2,2024-11-30,02,quantile,0.7,18.905
2024-11-16,wk inc flu hosp,2,2024-11-30,02,quantile,0.75,21.191
2024-11-16,wk inc flu hosp,2,2024-11-30,02,quantile,0.8,23.296
2024-11-16,wk inc flu hosp,2,2024-11-30,02,quantile,0.85,26.549
2024-11-16,wk inc flu hosp,2,2024-11-30,02,quantile,0.9,32.43
2024-11-16,wk inc flu hosp,2,2024-11-30,02,quantile,0.95,39.461
2024-11-16,wk inc flu hosp,2,2024-11-30,02,quantile,0.975,51.841
2024-11-16,wk inc flu hosp,2,2024-11-30,02,quantile,0.99,57.472
2024-11-16,wk inc flu hosp,3,2024-12-07,02,quantile,0.01,0.0
2024-11-16,wk inc flu hosp,3,2024-12-07,02,quantile,0.025,0.0
2024-11-16,wk inc flu hosp,3,2024-12-07,02,quantile,0.05,0.0
2024-11-16,wk inc flu hosp,3,2024-12-07,02,quantile,0.1,0.0
2024-11-16,wk inc flu hosp,3,2024-12-07,02,quantile,0.15,0.0
2024-11-16,wk inc flu hosp,3,2024-12-07,02,quantile,0.2,0.0
2024-11-16,wk inc flu hosp,3,2024-12-07,02,quantile,0.25,1.548
2024-11-16,wk inc flu hosp,3,2024-12-07,02,quantile,0.3,3.687
2024-11-16,wk inc flu hosp,3,2024-12-07,02,quantile,0.35,6.406
2024-11-16,wk inc flu hosp,3,2024-12-07,02,quantile,0.4,8.856
2024-11-16,wk inc flu hosp,3,2024-12-07,02,quantile,0.45,10.88
2024-11-16,wk inc flu hosp,3,2024-12-07,02,quantile,0.5,13.229
2024-11-16,wk inc flu hosp,3,2024-12-07,02,quantile,0.55,15.627
2024-11-16,wk inc flu hosp,3,2024-12-07,02,quantile,0.6,17.215
2024-11-16,wk inc flu hosp,3,2024-12-07,02,quantile,0.65,19.768
2024-11-16,wk inc flu hosp,3,2024-12-07,02,quantile,0.7,22.411
2024-11-16,wk inc flu hosp,3,2024-12-07,02,quantile,0.75,25.044
2024-11-16,wk inc flu hosp,3,2024-12-07,02,quantile,0.8,28.182
2024-11-16,wk inc flu hosp,3,2024-12-07,02,quantile,0.85,31.678
2024-11-16,wk inc flu hosp,3,2024-12-07,02,quantile,0.9,35.967
2024-11-16,wk inc flu hosp,3,2024-12-07,02,quantile,0.95,46.955
2024-11-16,wk inc flu hosp,3,2024-12-07,02,quantile,0.975,57.138
2024-11-16,wk inc flu hosp,3,2024-12-07,02,quantile,0.99,64.271
2024-11-16,wk inc flu hosp,0,2024-11-16,04,quantile,0.01,27.32
2024-11-16,wk inc flu hosp,0,2024-11-16,04,quantile,0.025,83.079
2024-11-16,wk inc flu hosp,0,2024-11-16,04,quantile,0.05,117.148
2024-11-16,wk inc flu hosp,0,2024-11-16,04,quantile,0.1,160.787
2024-11-16,wk inc flu hosp,0,2024-11-16,04,quantile,0.15,196.473
2024-11-16,wk inc flu hosp,0,2024-11-16,04,quantile,0.2,218.215
2024-11-16,wk inc flu hosp,0,2024-11-16,04,quantile,0.25,243.371
2024-11-16,wk inc flu hosp,0,2024-11-16,04,quantile,0.3,258.65
2024-11-16,wk inc flu hosp,0,2024-11-16,04,quantile,0.35,274.689
2024-11-16,wk inc flu hosp,0,2024-11-16,04,quantile,0.4,288.901
2024-11-16,wk inc flu hosp,0,2024-11-16,04,quantile,0.45,308.955
2024-11-16,wk inc flu hosp,0,2024-11-16,04,quantile,0.5,323.853
2024-11-16,wk inc flu hosp,0,2024-11-16,04,quantile,0.55,344.418
2024-11-16,wk inc flu hosp,0,2024-11-16,04,quantile,0.6,361.29
2024-11-16,wk inc flu hosp,0,2024-11-16,04,quantile,0.65,377.901
2024-11-16,wk inc flu hosp,0,2024-11-16,04,quantile,0.7,395.302
2024-11-16,wk inc flu hosp,0,2024-11-16,04,quantile,0.75,415.751
2024-11-16,wk inc flu hosp,0,2024-11-16,04,quantile,0.8,435.141
2024-11-16,wk inc flu hosp,0,2024-11-16,04,quantile,0.85,466.998
2024-11-16,wk inc flu hosp,0,2024-11-16,04,quantile,0.9,498.595
2024-11-16,wk inc flu hosp,0,2024-11-16,04,quantile,0.95,560.36
2024-11-16,wk inc flu hosp,0,2024-11-16,04,quantile,0.975,624.561
2024-11-16,wk inc flu hosp,0,2024-11-16,04,quantile,0.99,700.387
2024-11-16,wk inc flu hosp,1,2024-11-23,04,quantile,0.01,0.0
2024-11-16,wk inc flu hosp,1,2024-11-23,04,quantile,0.025,23.037
2024-11-16,wk inc flu hosp,1,2024-11-23,04,quantile,0.05,69.875
2024-11-16,wk inc flu hosp,1,2024-11-23,04,quantile,0.1,129.806
2024-11-16,wk inc flu hosp,1,2024-11-23,04,quantile,0.15,172.31
2024-11-16,wk inc flu hosp,1,2024-11-23,04,quantile,0.2,210.308
2024-11-16,wk inc flu hosp,1,2024-11-23,04,quantile,0.25,244.898
2024-11-16,wk inc flu hosp,1,2024-11-23,04,quantile,0.3,268.275
2024-11-16,wk inc flu hosp,1,2024-11-23,04,quantile,0.35,295.443
2024-11-16,wk inc flu hosp,1,2024-11-23,04,quantile,0.4,325.095
2024-11-16,wk inc flu hosp,1,2024-11-23,04,quantile,0.45,350.265
2024-11-16,wk inc flu hosp,1,2024-11-23,04,quantile,0.5,369.25
2024-11-16,wk inc flu hosp,1,2024-11-23,04,quantile,0.55,390.999
2024-11-16,wk inc flu hosp,1,2024-11-23,04,quantile,0.6,413.78
2024-11-16,wk inc flu hosp,1,2024-11-23,04,quantile,0.65,442.393
2024-11-16,wk inc flu hosp,1,2024-11-23,04,quantile,0.7,470.259
2024-11-16,wk inc flu hosp,1,2024-11-23,04,quantile,0.75,496.361
2024-11-16,wk inc flu hosp,1,2024-11-23,04,quantile,0.8,528.422
2024-11-16,wk inc flu hosp,1,2024-11-23,04,quantile,0.85,570.526
2024-11-16,wk inc flu hosp,1,2024-11-23,04,quantile,0.9,627.78
2024-11-16,wk inc flu hosp,1,2024-11-23,04,quantile,0.95,703.534
2024-11-16,wk inc flu hosp,1,2024-11-23,04,quantile,0.975,779.068
2024-11-16,wk inc flu hosp,1,2024-11-23,04,quantile,0.99,842.936
2024-11-16,wk inc flu hosp,2,2024-11-30,04,quantile,0.01,0.0
2024-11-16,wk inc flu hosp,2,2024-11-30,04,quantile,0.025,0.0
2024-11-16,wk inc flu hosp,2,2024-11-30,04,quantile,0.05,39.929
2024-11-16,wk inc flu hosp,2,2024-11-30,04,quantile,0.1,106.536
2024-11-16,wk inc flu hosp,2,2024-11-30,04,quantile,0.15,173.241
2024-11-16,wk inc flu hosp,2,2024-11-30,04,quantile,0.2,219.6
2024-11-16,wk inc flu hosp,2,2024-11-30,04,quantile,0.25,250.728
2024-11-16,wk inc flu hosp,2,2024-11-30,04,quantile,0.3,281.852
2024-11-16,wk inc flu hosp,2,2024-11-30,04,quantile,0.35,328.056
2024-11-16,wk inc flu hosp,2,2024-11-30,04,quantile,0.4,356.848
2024-11-16,wk inc flu hosp,2,2024-11-30,04,quantile,0.45,386.606
2024-11-16,wk inc flu hosp,2,2024-11-30,04,quantile,0.5,412.778
2024-11-16,wk inc flu hosp,2,2024-11-30,04,quantile,0.55,439.475
2024-11-16,wk inc flu hosp,2,2024-11-30,04,quantile,0.6,465.839
2024-11-16,wk inc flu hosp,2,2024-11-30,04,quantile,0.65,498.62
2024-11-16,wk inc flu hosp,2,2024-11-30,04,quantile,0.7,527.868
2024-11-16,wk inc flu hosp,2,2024-11-30,04,quantile,0.75,557.869
2024-11-16,wk inc flu hosp,2,2024-11-30,04,quantile,0.8,604.661
2024-11-16,wk inc flu hosp,2,2024-11-30,04,quantile,0.85,652.041
2024-11-16,wk inc flu hosp,2,2024-11-30,04,quantile,0.9,704.379
2024-11-16,wk inc flu hosp,2,2024-11-30,04,quantile,0.95,797.403
2024-11-16,wk inc flu hosp,2,2024-11-30,04,quantile,0.975,876.984
2024-11-16,wk inc flu hosp,2,2024-11-30,04,quantile,0.99,962.305
2024-11-16,wk inc flu hosp,3,2024-12-07,04,quantile,0.01,0.0
2024-11-16,wk inc flu hosp,3,2024-12-07,04,quantile,0.025,3.383
2024-11-16,wk inc flu hosp,3,2024-12-07,04,quantile,0.05,53.42
2024-11-16,wk inc flu hosp,3,2024-12-07,04,quantile,0.1,135.298
2024-11-16,wk inc flu hosp,3,2024-12-07,04,quantile,0.15,194.563
2024-11-16,wk inc flu hosp,3,2024-12-07,04,quantile,0.2,233.151
2024-11-16,wk inc flu hosp,3,2024-12-07,04,quantile,0.25,287.694
2024-11-16,wk inc flu hosp,3,2024-12-07,04,quantile,0.3,320.161
2024-11-16,wk inc flu hosp,3,2024-12-07,04,quantile,0.35,354.542
2024-11-16,wk inc flu hosp,3,2024-12-07,04,quantile,0.4,392.692
2024-11-16,wk inc flu hosp,3,2024-12-07,04,quantile,0.45,424.178
2024-11-16,wk inc flu hosp,3,2024-12-07,04,quantile,0.5,453.772
2024-11-16,wk inc flu hosp,3,2024-12-07,04,quantile,0.55,485.304
2024-11-16,wk inc flu hosp,3,2024-12-07,04,quantile,0.6,514.21
2024-11-16,wk inc flu hosp,3,2024-12-07,04,quantile,0.65,548.937
2024-11-16,wk inc flu hosp,3,2024-12-07,04,quantile,0.7,587.879
2024-11-16,wk inc flu hosp,3,2024-12-07,04,quantile,0.75,631.692
2024-11-16,wk inc flu hosp,3,2024-12-07,04,quantile,0.8,668.041
2024-11-16,wk inc flu hosp,3,2024-12-07,04,quantile,0.85,733.19
2024-11-16,wk inc flu hosp,3,2024-12-07,04,quantile,0.9,798.468
2024-11-16,wk inc flu hosp,3,2024-12-07,04,quantile,0.95,905.949
2024-11-16,wk inc flu hosp,3,2024-12-07,04,quantile,0.975,980.564
2024-11-16,wk inc flu hosp,3,2024-12-07,04,quantile,0.99,1083.957
2024-11-16,wk inc flu hosp,0,2024-11-16,05,quantile,0.01,0.0
2024-11-16,wk inc flu hosp,0,2024-11-16,05,quantile,0.025,0.0
2024-11-16,wk inc flu hosp,0,2024-11-16,05,quantile,0.05,0.0
2024-11-16,wk inc flu hosp,0,2024-11-16,05,quantile,0.1,0.0
2024-11-16,wk inc flu hosp,0,2024-11-16,05,quantile,0.15,0.0
2024-11-16,wk inc flu hosp,0,2024-11-16,05,quantile,0.2,0.0
2024-11-16,wk inc flu hosp,0,2024-11-16,05,quantile,0.25,0.0
2024-11-16,wk inc flu hosp,0,2024-11-16,05,quantile,0.3,2.874
2024-11-16,wk inc flu hosp,0,2024-11-16,05,quantile,0.35,9.054
2024-11-16,wk inc flu hosp,0,2024-11-16,05,quantile,0.4,14.223
2024-11-16,wk inc flu hosp,0,2024-11-16,05,quantile,0.45,19.189
2024-11-16,wk inc flu hosp,0,2024-11-16,05,quantile,0.5,23.653
2024-11-16,wk inc flu hosp,0,2024-11-16,05,quantile,0.55,28.393
2024-11-16,wk inc flu hosp,0,2024-11-16,05,quantile,0.6,32.79
2024-11-16,wk inc flu hosp,0,2024-11-16,05,quantile,0.65,38.655
2024-11-16,wk inc flu hosp,0,2024-11-16,05,quantile,0.7,44.12
2024-11-16,wk inc flu hosp,0,2024-11-16,05,quantile,0.75,50.989
2024-11-16,wk inc flu hosp,0,2024-11-16,05,quantile,0.8,57.088
2024-11-16,wk inc flu hosp,0,2024-11-16,05,quantile,0.85,65.7
2024-11-16,wk inc flu hosp,0,2024-11-16,05,quantile,0.9,81.227
2024-11-16,wk inc flu hosp,0,2024-11-16,05,quantile,0.95,109.934
2024-11-16,wk inc flu hosp,0,2024-11-16,05,quantile,0.975,185.606
2024-11-16,wk inc flu hosp,0,2024-11-16,05,quantile,0.99,224.84
2024-11-16,wk inc flu hosp,1,2024-11-23,05,quantile,0.01,0.0
2024-11-16,wk inc flu hosp,1,2024-11-23,05,quantile,0.025,0.0
2024-11-16,wk inc flu hosp,1,2024-11-23,05,quantile,0.05,0.0
2024-11-16,wk inc flu hosp,1,2024-11-23,05,quantile,0.1,0.0
2024-11-16,wk inc flu hosp,1,2024-11-23,05,quantile,0.15,0.0
2024-11-16,wk inc flu hosp,1,2024-11-23,05,quantile,0.2,1.554
2024-11-16,wk inc flu hosp,1,2024-11-23,05,quantile,0.25,9.163
2024-11-16,wk inc flu hosp,1,2024-11-23,05,quantile,0.3,16.832
2024-11-16,wk inc flu hosp,1,2024-11-23,05,quantile,0.35,22.575
2024-11-16,wk inc flu hosp,1,2024-11-23,05,quantile,0.4,29.46
2024-11-16,wk inc flu hosp,1,2024-11-23,05,quantile,0.45,35.47
2024-11-16,wk inc flu hosp,1,2024-11-23,05,quantile,0.5,41.845
2024-11-16,wk inc flu hosp,1,2024-11-23,05,quantile,0.55,47.655
2024-11-16,wk inc flu hosp,1,2024-11-23,05,quantile,0.6,53.716
2024-11-16,wk inc flu hosp,1,2024-11-23,05,quantile,0.65,61.432
2024-11-16,wk inc flu hosp,1,2024-11-23,05,quantile,0.7,69.106
2024-11-16,wk inc flu hosp,1,2024-11-23,05,quantile,0.75,79.311
2024-11-16,wk inc flu hosp,1,2024-11-23,05,quantile,0.8,87.716
2024-11-16,wk inc flu hosp,1,2024-11-23,05,quantile,0.85,96.515
2024-11-16,wk inc flu hosp,1,2024-11-23,05,quantile,0.9,122.809
2024-11-16,wk inc flu hosp,1,2024-11-23,05,quantile,0.95,173.041
2024-11-16,wk inc flu hosp,1,2024-11-23,05,quantile,0.975,213.795
2024-11-16,wk inc flu hosp,1,2024-11-23,05,quantile,0.99,264.206
2024-11-16,wk inc flu hosp,2,2024-11-30,05,quantile,0.01,0.0
2024-11-16,wk inc flu hosp,2,2024-11-30,05,quantile,0.025,0.0
2024-11-16,wk inc flu hosp,2,2024-11-30,05,quantile,0.05,0.0
2024-11-16,wk inc flu hosp,2,2024-11-30,05,quantile,0.1,0.0
2024-11-16,wk inc flu hosp,2,2024-11-30,05,quantile,0.15,0.162
2024-11-16,wk inc flu hosp,2,2024-11-30,05,quantile,0.2,8.905
2024-11-16,wk inc flu hosp,2,2024-11-30,05,quantile,0.25,17.335
2024-11-16,wk inc flu hosp,2,2024-11-30,05,quantile,0.3,26.149
2024-11-16,wk inc flu hosp,2,2024-11-30,05,quantile,0.35,33.372
2024-11-16,wk inc flu hosp,2,2024-11-30,05,quantile,0.4,40.209
2024-11-16,wk inc flu hosp,2,2024-11-30,05,quantile,0.45,47.103
2024-11-16,wk inc flu hosp,2,2024-11-30,05,quantile,0.5,56.457
2024-11-16,wk inc flu hosp,2,2024-11-30,05,quantile,0.55,63.649
2024-11-16,wk inc flu hosp,2,2024-11-30,05,quantile,0.6,71.489
2024-11-16,wk inc flu hosp,2,2024-11-30,05,quantile,0.65,79.763
2024-11-16,wk inc flu hosp,2,2024-11-30,05,quantile,0.7,90.929
2024-11-16,wk inc flu hosp,2,2024-11-30,05,quantile,0.75,100.962
2024-11-16,wk inc flu hosp,2,2024-11-30,05,quantile,0.8,114.99
2024-11-16,wk inc flu hosp,2,2024-11-30,05,quantile,0.85,130.897
2024-11-16,wk inc flu hosp,2,2024-11-30,05,quantile,0.9,161.211
2024-11-16,wk inc flu hosp,2,2024-11-30,05,quantile,0.95,193.422
2024-11-16,wk inc flu hosp,2,2024-11-30,05,quantile,0.975,246.097
2024-11-16,wk inc flu hosp,2,2024-11-30,05,quantile,0.99,291.354
2024-11-16,wk inc flu hosp,3,2024-12-07,05,quantile,0.01,0.0
2024-11-16,wk inc flu hosp,3,2024-12-07,05,quantile,0.025,0.0
2024-11-16,wk inc flu hosp,3,2024-12-07,05,quantile,0.05,0.0
2024-11-16,wk inc flu hosp,3,2024-12-07,05,quantile,0.1,0.0
2024-11-16,wk inc flu hosp,3,2024-12-07,05,quantile,0.15,6.734
2024-11-16,wk inc flu hosp,3,2024-12-07,05,quantile,0.2,17.412
2024-11-16,wk inc flu hosp,3,2024-12-07,05,quantile,0.25,26.926
2024-11-16,wk inc flu hosp,3,2024-12-07,05,quantile,0.3,35.808
2024-11-16,wk inc flu hosp,3,2024-12-07,05,quantile,0.35,47.468
2024-11-16,wk inc flu hosp,3,2024-12-07,05,quantile,0.4,57.071
2024-11-16,wk inc flu hosp,3,2024-12-07,05,quantile,0.45,63.669
2024-11-16,wk inc flu hosp,3,2024-12-07,05,quantile,0.5,71.719
2024-11-16,wk inc flu hosp,3,2024-12-07,05,quantile,0.55,80.193
2024-11-16,wk inc flu hosp,3,2024-12-07,05,quantile,0.6,91.578
2024-11-16,wk inc flu hosp,3,2024-12-07,05,quantile,0.65,101.632
2024-11-16,wk inc flu hosp,3,2024-12-07,05,quantile,0.7,112.141
2024-11-16,wk inc flu hosp,3,2024-12-07,05,quantile,0.75,127.887
2024-11-16,wk inc flu hosp,3,2024-12-07,05,quantile,0.8,142.209
2024-11-16,wk inc flu hosp,3,2024-12-07,05,quantile,0.85,165.798
2024-11-16,wk inc flu hosp,3,2024-12-07,05,quantile,0.9,195.157
2024-11-16,wk inc flu hosp,3,2024-12-07,05,quantile,0.95,248.752
2024-11-16,wk inc flu hosp,3,2024-12-07,05,quantile,0.975,287.628
2024-11-16,wk inc flu hosp,3,2024-12-07,05,quantile,0.99,349.051
2024-11-16,wk inc flu hosp,0,2024-11-16,06,quantile,0.01,0.0
2024-11-16,wk inc flu hosp,0,2024-11-16,06,quantile,0.025,0.0
2024-11-16,wk inc flu hosp,0,2024-11-16,06,quantile,0.05,0.0
2024-11-16,wk inc flu hosp,0,2024-11-16,06,quantile,0.1,0.0
2024-11-16,wk inc flu hosp,0,2024-11-16,06,quantile,0.15,0.0
2024-11-16,wk inc flu hosp,0,2024-11-16,06,quantile,0.2,33.692
2024-11-16,wk inc flu hosp,0,2024-11-16,06,quantile,0.25,73.844
2024-11-16,wk inc flu hosp,0,2024-11-16,06,quantile,0.3,102.756
2024-11-16,wk inc flu hosp,0,2024-11-16,06,quantile,0.35,129.969
2024-11-16,wk inc flu hosp,0,2024-11-16,06,quantile,0.4,160.923
2024-11-16,wk inc flu hosp,0,2024-11-16,06,quantile,0.45,184.022
2024-11-16,wk inc flu hosp,0,2024-11-16,06,quantile,0.5,219.396
2024-11-16,wk inc flu hosp,0,2024-11-16,06,quantile,0.55,242.219
2024-11-16,wk inc flu hosp,0,2024-11-16,06,quantile,0.6,269.801
2024-11-16,wk inc flu hosp,0,2024-11-16,06,quantile,0.65,299.326
2024-11-16,wk inc flu hosp,0,2024-11-16,06,quantile,0.7,330.934
2024-11-16,wk inc flu hosp,0,2024-11-16,06,quantile,0.75,363.538
2024-11-16,wk inc flu hosp,0,2024-11-16,06,quantile,0.8,407.268
2024-11-16,wk inc flu hosp,0,2024-11-16,06,quantile,0.85,476.457
2024-11-16,wk inc flu hosp,0,2024-11-16,06,quantile,0.9,574.798
2024-11-16,wk inc flu hosp,0,2024-11-16,06,quantile,0.95,750.574
2024-11-16,wk inc flu hosp,0,2024-11-16,06,quantile,0.975,1001.984
2024-11-16,wk inc flu hosp,0,2024-11-16,06,quantile,0.99,1285.123
2024-11-16,wk inc flu hosp,1,2024-11-23,06,quantile,0.01,0.0
2024-11-16,wk inc flu hosp,1,2024-11-23,06,quantile,0.025,0.0
2024-11-16,wk inc flu hosp,1,2024-11-23,06,quantile,0.05,0.0
2024-11-16,wk inc flu hosp,1,2024-11-23,06,quantile,0.1,0.0
2024-11-16,wk inc flu hosp,1,2024-11-23,06,quantile,0.15,18.475
2024-11-16,wk inc flu hosp,1,2024-11-23,06,quantile,0.2,68.769
2024-11-16,wk inc flu hosp,1,2024-11-23,06,quantile,0.25,116.136
2024-11-16,wk inc flu hosp,1,2024-11-23,06,quantile,0.3,156.092
2024-11-16,wk inc flu hosp,1,2024-11-23,06,quantile,0.35,195.981
2024-11-16,wk inc flu hosp,1,2024-11-23,06,quantile,0.4,232.84
2024-11-16,wk inc flu hosp,1,2024-11-23,06,quantile,0.45,271.217
2024-11-16,wk inc flu hosp,1,2024-11-23,06,quantile,0.5,303.456
2024-11-16,wk inc flu hosp,1,2024-11-23,06,quantile,0.55,336.562
2024-11-16,wk inc flu hosp,1,2024-11-23,06,quantile,0.6,388.538
2024-11-16,wk inc flu hosp,1,2024-11-23,06,quantile,0.65,445.446
2024-11-16,wk inc flu hosp,1,2024-11-23,06,quantile,0.7,493.645
2024-11-16,wk inc flu hosp,1,2024-11-23,06,quantile,0.75,549.355
2024-11-16,wk inc flu hosp,1,2024-11-23,06,quantile,0.8,619.005
2024-11-16,wk inc flu hosp,1,2024-11-23,06,quantile,0.85,691.659
2024-11-16,wk inc flu hosp,1,2024-11-23,06,quantile,0.9,807.462
2024-11-16,wk inc flu hosp,1,2024-11-23,06,quantile,0.95,1089.354
2024-11-16,wk inc flu hosp,1,2024-11-23,06,quantile,0.975,1357.311
2024-11-16,wk inc flu hosp,1,2024-11-23,06,quantile,0.99,1590.885
2024-11-16,wk inc flu hosp,2,2024-11-30,06,quantile,0.01,0.0
2024-11-16,wk inc flu hosp,2,2024-11-30,06,quantile,0.025,0.0
2024-11-16,wk inc flu hosp,2,2024-11-30,06,quantile,0.05,0.0
2024-11-16,wk inc flu hosp,2,2024-11-30,06,quantile,0.1,0.0
2024-11-16,wk inc flu hosp,2,2024-11-30,06,quantile,0.15,66.938
2024-11-16,wk inc flu hosp,2,2024-11-30,06,quantile,0.2,122.008
2024-11-16,wk inc flu hosp,2,2024-11-30,06,quantile,0.25,180.537
2024-11-16,wk inc flu hosp,2,2024-11-30,06,quantile,0.3,227.958
2024-11-16,wk inc flu hosp,2,2024-11-30,06,quantile,0.35,276.31
2024-11-16,wk inc flu hosp,2,2024-11-30,06,quantile,0.4,312.099
2024-11-16,wk inc flu hosp,2,2024-11-30,06,quantile,0.45,365.049
2024-11-16,wk inc flu hosp,2,2024-11-30,06,quantile,0.5,419.186
2024-11-16,wk inc flu hosp,2,2024-11-30,06,quantile,0.55,462.629
2024-11-16,wk inc flu hosp,2,2024-11-30,06,quantile,0.6,537.29
2024-11-16,wk inc flu hosp,2,2024-11-30,06,quantile,0.65,598.962
2024-11-16,wk inc flu hosp,2,2024-11-30,06,quantile,0.7,650.838
2024-11-16,wk inc flu hosp,2,2024-11-30,06,quantile,0.75,715.784
2024-11-16,wk inc flu hosp,2,2024-11-30,06,quantile,0.8,804.927
2024-11-16,wk inc flu hosp,2,2024-11-30,06,quantile,0.85,909.367
2024-11-16,wk inc flu hosp,2,2024-11-30,06,quantile,0.9,1084.683
2024-11-16,wk inc flu hosp,2,2024-11-30,06,quantile,0.95,1383.817
2024-11-16,wk inc flu hosp,2,2024-11-30,06,quantile,0.975,1708.803
2024-11-16,wk inc flu hosp,2,2024-11-30,06,quantile,0.99,1933.049
2024-11-16,wk inc flu hosp,3,2024-12-07,06,quantile,0.01,0.0
2024-11-16,wk inc flu hosp,3,2024-12-07,06,quantile,0.025,0.0
2024-11-16,wk inc flu hosp,3,2024-12-07,06,quantile,0.05,0.0
2024-11-16,wk inc flu hosp,3,2024-12-07,06,quantile,0.1,36.203
2024-11-16,wk inc flu hosp,3,2024-12-07,06,quantile,0.15,125.212
2024-11-16,wk inc flu hosp,3,2024-12-07,06,quantile,0.2,188.01
2024-11-16,wk inc flu hosp,3,2024-12-07,06,quantile,0.25,242.23
2024-11-16,wk inc flu hosp,3,2024-12-07,06,quantile,0.3,291.243
2024-11-16,wk inc flu hosp,3,2024-12-07,06,quantile,0.35,348.802
2024-11-16,wk inc flu hosp,3,2024-12-07,06,quantile,0.4,407.187
2024-11-16,wk inc flu hosp,3,2024-12-07,06,quantile,0.45,465.366
2024-11-16,wk inc flu hosp,3,2024-12-07,06,quantile,0.5,522.115
2024-11-16,wk inc flu hosp,3,2024-12-07,06,quantile,0.55,581.689
2024-11-16,wk inc flu hosp,3,2024-12-07,06,quantile,0.6,637.347
2024-11-16,wk inc flu hosp,3,2024-12-07,06,quantile,0.65,702.242
2024-11-16,wk inc flu hosp,3,2024-12-07,06,quantile,0.7,799.022
2024-11-16,wk inc flu hosp,3,2024-12-07,06,quantile,0.75,872.689
2024-11-16,wk inc flu hosp,3,2024-12-07,06,quantile,0.8,997.868
2024-11-16,wk inc flu hosp,3,2024-12-07,06,quantile,0.85,1135.175
2024-11-16,wk inc flu hosp,3,2024-12-07,06,quantile,0.9,1322.306
2024-11-16,wk inc flu hosp,3,2024-12-07,06,quantile,0.95,1659.921
2024-11-16,wk inc flu hosp,3,2024-12-07,06,quantile,0.975,1984.713
2024-11-16,wk inc flu hosp,3,2024-12-07,06,quantile,0.99,2334.41
2024-11-16,wk inc flu hosp,0,2024-11-16,08,quantile,0.01,0.0
2024-11-16,wk inc flu hosp,0,2024-11-16,08,quantile,0.025,0.0
2024-11-16,wk inc flu hosp,0,2024-11-16,08,quantile,0.05,0.0
2024-11-16,wk inc flu hosp,0,2024-11-16,08,quantile,0.1,0.0
2024-11-16,wk inc flu hosp,0,2024-11-16,08,quantile,0.15,2.419
2024-11-16,wk inc flu hosp,0,2024-11-16,08,quantile,0.2,7.109
2024-11-16,wk inc flu hosp,0,2024-11-16,08,quantile,0.25,10.635
2024-11-16,wk inc flu hosp,0,2024-11-16,08,quantile,0.3,13.159
2024-11-16,wk inc flu hosp,0,2024-11-16,08,quantile,0.35,16.464
2024-11-16,wk inc flu hosp,0,2024-11-16,08,quantile,0.4,18.737
2024-11-16,wk inc flu hosp,0,2024-11-16,08,quantile,0.45,21.139
2024-11-16,wk inc flu hosp,0,2024-11-16,08,quantile,0.5,23.713
2024-11-16,wk inc flu hosp,0,2024-11-16,08,quantile,0.55,26.5
2024-11-16,wk inc flu hosp,0,2024-11-16,08,quantile,0.6,28.939
2024-11-16,wk inc flu hosp,0,2024-11-16,08,quantile,0.65,31.863
2024-11-16,wk inc flu hosp,0,2024-11-16,08,quantile,0.7,35.0
2024-11-16,wk inc flu hosp,0,2024-11-16,08,quantile,0.75,39.236
2024-11-16,wk inc flu hosp,0,2024-11-16,08,quantile,0.8,43.901
2024-11-16,wk inc flu hosp,0,2024-11-16,08,quantile,0.85,49.353
2024-11-16,wk inc flu hosp,0,2024-11-16,08,quantile,0.9,57.62
2024-11-16,wk inc flu hosp,0,2024-11-16,08,quantile,0.95,69.497
2024-11-16,wk inc flu hosp,0,2024-11-16,08,quantile,0.975,81.168
2024-11-16,wk inc flu hosp,0,2024-11-16,08,quantile,0.99,88.174
2024-11-16,wk inc flu hosp,1,2024-11-23,08,quantile,0.01,0.0
2024-11-16,wk inc flu hosp,1,2024-11-23,08,quantile,0.025,0.0
2024-11-16,wk inc flu hosp,1,2024-11-23,08,quantile,0.05,0.0
2024-11-16,wk inc flu hosp,1,2024-11-23,08,quantile,0.1,0.0
2024-11-16,wk inc flu hosp,1,2024-11-23,08,quantile,0.15,1.202
2024-11-16,wk inc flu hosp,1,2024-11-23,08,quantile,0.2,6.473
2024-11-16,wk inc flu hosp,1,2024-11-23,08,quantile,0.25,9.888
2024-11-16,wk inc flu hosp,1,2024-11-23,08,quantile,0.3,15.131
2024-11-16,wk inc flu hosp,1,2024-11-23,08,quantile,0.35,18.57
2024-11-16,wk inc flu hosp,1,2024-11-23,08,quantile,0.4,23.125
2024-11-16,wk inc flu hosp,1,2024-11-23,08,quantile,0.45,26.675
2024-11-16,wk inc flu hosp,1,2024-11-23,08,quantile,0.5,30.65
2024-11-16,wk inc flu hosp,1,2024-11-23,08,quantile,0.55,34.302
2024-11-16,wk inc flu hosp,1,2024-11-23,08,quantile,0.6,38.697
2024-11-16,wk inc flu hosp,1,2024-11-23,08,quantile,0.65,43.026
2024-11-16,wk inc flu hosp,1,2024-11-23,08,quantile,0.7,47.492
2024-11-16,wk inc flu hosp,1,2024-11-23,08,quantile,0.75,52.614
2024-11-16,wk inc flu hosp,1,2024-11-23,08,quantile,0.8,57.279
2024-11-16,wk inc flu hosp,1,2024-11-23,08,quantile,0.85,65.646
2024-11-16,wk inc flu hosp,1,2024-11-23,08,quantile,0.9,74.239
2024-11-16,wk inc flu hosp,1,2024-11-23,08,quantile,0.95,90.72
2024-11-16,wk inc flu hosp,1,2024-11-23,08,quantile,0.975,105.303
2024-11-16,wk inc flu hosp,1,2024-11-23,08,quantile,0.99,113.851
2024-11-16,wk inc flu hosp,2,2024-11-30,08,quantile,0.01,0.0
2024-11-16,wk inc flu hosp,2,2024-11-30,08,quantile,0.025,0.0
2024-11-16,wk inc flu hosp,2,2024-11-30,08,quantile,0.05,0.0
2024-11-16,wk inc flu hosp,2,2024-11-30,08,quantile,0.1,0.0
2024-11-16,wk inc flu hosp,2,2024-11-30,08,quantile,0.15,6.223
2024-11-16,wk inc flu hosp,2,2024-11-30,08,quantile,0.2,11.955
2024-11-16,wk inc flu hosp,2,2024-11-30,08,quantile,0.25,17.041
2024-11-16,wk inc flu hosp,2,2024-11-30,08,quantile,0.3,20.952
2024-11-16,wk inc flu hosp,2,2024-11-30,08,quantile,0.35,26.72
2024-11-16,wk inc flu hosp,2,2024-11-30,08,quantile,0.4,31.066
2024-11-16,wk inc flu hosp,2,2024-11-30,08,quantile,0.45,35.507
2024-11-16,wk inc flu hosp,2,2024-11-30,08,quantile,0.5,39.834
2024-11-16,wk inc flu hosp,2,2024-11-30,08,quantile,0.55,44.165
2024-11-16,wk inc flu hosp,2,2024-11-30,08,quantile,0.6,48.098
2024-11-16,wk inc flu hosp,2,2024-11-30,08,quantile,0.65,53.2
2024-11-16,wk inc flu hosp,2,2024-11-30,08,quantile,0.7,58.478
2024-11-16,wk inc flu hosp,2,2024-11-30,08,quantile,0.75,64.474
2024-11-16,wk inc flu hosp,2,2024-11-30,08,quantile,0.8,72.578
2024-11-16,wk inc flu hosp,2,2024-11-30,08,quantile,0.85,80.074
2024-11-16,wk inc flu hosp,2,2024-11-30,08,quantile,0.9,91.5
2024-11-16,wk inc flu hosp,2,2024-11-30,08,quantile,0.95,107.537
2024-11-16,wk inc flu hosp,2,2024-11-30,08,quantile,0.975,127.831
2024-11-16,wk inc flu hosp,2,2024-11-30,08,quantile,0.99,138.002
2024-11-16,wk inc flu hosp,3,2024-12-07,08,quantile,0.01,0.0
2024-11-16,wk inc flu hosp,3,2024-12-07,08,quantile,0.025,0.0
2024-11-16,wk inc flu hosp,3,2024-12-07,08,quantile,0.05,0.0
2024-11-16,wk inc flu hosp,3,2024-12-07,08,quantile,0.1,0.715
2024-11-16,wk inc flu hosp,3,2024-12-07,08,quantile,0.15,8.983
2024-11-16,wk inc flu hosp,3,2024-12-07,08,quantile,0.2,16.48
2024-11-16,wk inc flu hosp,3,2024-12-07,08,quantile,0.25,23.361
2024-11-16,wk inc flu hosp,3,2024-12-07,08,quantile,0.3,28.251
2024-11-16,wk inc flu hosp,3,2024-12-07,08,quantile,0.35,33.237
2024-11-16,wk inc flu hosp,3,2024-12-07,08,quantile,0.4,37.883
2024-11-16,wk inc flu hosp,3,2024-12-07,08,quantile,0.45,43.714
2024-11-16,wk inc flu hosp,3,2024-12-07,08,quantile,0.5,48.038
2024-11-16,wk inc flu hosp,3,2024-12-07,08,quantile,0.55,53.359
2024-11-16,wk inc flu hosp,3,2024-12-07,08,quantile,0.6,58.352
2024-11-16,wk inc flu hosp,3,2024-12-07,08,quantile,0.65,64.365
2024-11-16,wk inc flu hosp,3,2024-12-07,08,quantile,0.7,69.044
2024-11-16,wk inc flu hosp,3,2024-12-07,08,quantile,0.75,76.434
2024-11-16,wk inc flu hosp,3,2024-12-07,08,quantile,0.8,85.528
2024-11-16,wk inc flu hosp,3,2024-12-07,08,quantile,0.85,95.347
2024-11-16,wk inc flu hosp,3,2024-12-07,08,quantile,0.9,107.096
2024-11-16,wk inc flu hosp,3,2024-12-07,08,quantile,0.95,125.899
2024-11-16,wk inc flu hosp,3,2024-12-07,08,quantile,0.975,144.248
2024-11-16,wk inc flu hosp,3,2024-12-07,08,quantile,0.99,154.457
2024-11-16,wk inc flu hosp,0,2024-11-16,09,quantile,0.01,0.0
2024-11-16,wk inc flu hosp,0,2024-11-16,09,quantile,0.025,0.0
2024-11-16,wk inc flu hosp,0,2024-11-16,09,quantile,0.05,0.0
2024-11-16,wk inc flu hosp,0,2024-11-16,09,quantile,0.1,0.0
2024-11-16,wk inc flu hosp,0,2024-11-16,09,quantile,0.15,0.0
2024-11-16,wk inc flu hosp,0,2024-11-16,09,quantile,0.2,0.0
2024-11-16,wk inc flu hosp,0,2024-11-16,09,quantile,0.25,0.0
2024-11-16,wk inc flu hosp,0,2024-11-16,09,quantile,0.3,0.0
2024-11-16,wk inc flu hosp,0,2024-11-16,09,quantile,0.35,0.0
2024-11-16,wk inc flu hosp,0,2024-11-16,09,quantile,0.4,2.723
2024-11-16,wk inc flu hosp,0,2024-11-16,09,quantile,0.45,5.391
2024-11-16,wk inc flu hosp,0,2024-11-16,09,quantile,0.5,9.238
2024-11-16,wk inc flu hosp,0,2024-11-16,09,quantile,0.55,12.62
2024-11-16,wk inc flu hosp,0,2024-11-16,09,quantile,0.6,16.44
2024-11-16,wk inc flu hosp,0,2024-11-16,09,quantile,0.65,20.342
2024-11-16,wk inc flu hosp,0,2024-11-16,09,quantile,0.7,24.694
2024-11-16,wk inc flu hosp,0,2024-11-16,09,quantile,0.75,28.629
2024-11-16,wk inc flu hosp,0,2024-11-16,09,quantile,0.8,33.906
2024-11-16,wk inc flu hosp,0,2024-11-16,09,quantile,0.85,39.239
2024-11-16,wk inc flu hosp,0,2024-11-16,09,quantile,0.9,47.81
2024-11-16,wk inc flu hosp,0,2024-11-16,09,quantile,0.95,61.423
2024-11-16,wk inc flu hosp,0,2024-11-16,09,quantile,0.975,72.141
2024-11-16,wk inc flu hosp,0,2024-11-16,09,quantile,0.99,88.77
2024-11-16,wk inc flu hosp,1,2024-11-23,09,quantile,0.01,0.0
2024-11-16,wk inc flu hosp,1,2024-11-23,09,quantile,0.025,0.0
2024-11-16,wk inc flu hosp,1,2024-11-23,09,quantile,0.05,0.0
2024-11-16,wk inc flu hosp,1,2024-11-23,09,quantile,0.1,0.0
2024-11-16,wk inc flu hosp,1,2024-11-23,09,quantile,0.15,0.0
2024-11-16,wk inc flu hosp,1,2024-11-23,09,quantile,0.2,0.0
2024-11-16,wk inc flu hosp,1,2024-11-23,09,quantile,0.25,0.0
2024-11-16,wk inc flu hosp,1,2024-11-23,09,quantile,0.3,2.331
2024-11-16,wk inc flu hosp,1,2024-11-23,09,quantile,0.35,6.939
2024-11-16,wk inc flu hosp,1,2024-11-23,09,quantile,0.4,11.273
2024-11-16,wk inc flu hosp,1,2024-11-23,09,quantile,0.45,14.844
2024-11-16,wk inc flu hosp,1,2024-11-23,09,quantile,0.5,19.006
2024-11-16,wk inc flu hosp,1,2024-11-23,09,quantile,0.55,24.144
2024-11-16,wk inc flu hosp,1,2024-11-23,09,quantile,0.6,28.595
2024-11-16,wk inc flu hosp,1,2024-11-23,09,quantile,0.65,33.227
2024-11-16,wk inc flu hosp,1,2024-11-23,09,quantile,0.7,38.223
2024-11-16,wk inc flu hosp,1,2024-11-23,09,quantile,0.75,44.34
2024-11-16,wk inc flu hosp,1,2024-11-23,09,quantile,0.8,51.672
2024-11-16,wk inc flu hosp,1,2024-11-23,09,quantile,0.85,61.013
2024-11-16,wk inc flu hosp,1,2024-11-23,09,quantile,0.9,70.43
2024-11-16,wk inc flu hosp,1,2024-11-23,09,quantile,0.95,84.829
2024-11-16,wk inc flu hosp,1,2024-11-23,09,quantile,0.975,106.188
2024-11-16,wk inc flu hosp,1,2024-11-23,09,quantile,0.99,126.704
2024-11-16,wk inc flu hosp,2,2024-11-30,09,quantile,0.01,0.0
2024-11-16,wk inc flu hosp,2,2024-11-30,09,quantile,0.025,0.0
2024-11-16,wk inc flu hosp,2,2024-11-30,09,quantile,0.05,0.0
2024-11-16,wk inc flu hosp,2,2024-11-30,09,quantile,0.1,0.0
2024-11-16,wk inc flu hosp,2,2024-11-30,09,quantile,0.15,0.0
2024-11-16,wk inc flu hosp,2,2024-11-30,09,quantile,0.2,0.0
2024-11-16,wk inc flu hosp,2,2024-11-30,09,quantile,0.25,4.532
2024-11-16,wk inc flu hosp,2,2024-11-30,09,quantile,0.3,9.603
2024-11-16,wk inc flu hosp,2,2024-11-30,09,quantile,0.35,15.321
2024-11-16,wk inc flu hosp,2,2024-11-30,09,quantile,0.4,21.076
2024-11-16,wk inc flu hosp,2,2024-11-30,09,quantile,0.45,26.592
2024-11-16,wk inc flu hosp,2,2024-11-30,09,quantile,0.5,31.534
2024-11-16,wk inc flu hosp,2,2024-11-30,09,quantile,0.55,35.572
2024-11-16,wk inc flu hosp,2,2024-11-30,09,quantile,0.6,40.155
2024-11-16,wk inc flu hosp,2,2024-11-30,09,quantile,0.65,45.146
2024-11-16,wk inc flu hosp,2,2024-11-30,09,quantile,0.7,50.218
2024-11-16,wk inc flu hosp,2,2024-11-30,09,quantile,0.75,58.007
2024-11-16,wk inc flu hosp,2,2024-11-30,09,quantile,0.8,66.136
2024-11-16,wk inc flu hosp,2,2024-11-30,09,quantile,0.85,80.237
2024-11-16,wk inc flu hosp,2,2024-11-30,09,quantile,0.9,90.836
2024-11-16,wk inc flu hosp,2,2024-11-30,09,quantile,0.95,110.8
2024-11-16,wk inc flu hosp,2,2024-11-30,09,quantile,0.975,127.188
2024-11-16,wk inc flu hosp,2,2024-11-30,09,quantile,0.99,152.875
2024-11-16,wk inc flu hosp,3,2024-12-07,09,quantile,0.01,0.0
2024-11-16,wk inc flu hosp,3,2024-12-07,09,quantile,0.025,0.0
2024-11-16,wk inc flu hosp,3,2024-12-07,09,quantile,0.05,0.0
2024-11-16,wk inc flu hosp,3,2024-12-07,09,quantile,0.1,0.0
2024-11-16,wk inc flu hosp,3,2024-12-07,09,quantile,0.15,0.0
2024-11-16,wk inc flu hosp,3,2024-12-07,09,quantile,0.2,4.535
2024-11-16,wk inc flu hosp,3,2024-12-07,09,quantile,0.25,10.722
2024-11-16,wk inc flu hosp,3,2024-12-07,09,quantile,0.3,16.405
2024-11-16,wk inc flu hosp,3,2024-12-07,09,quantile,0.35,22.435
2024-11-16,wk inc flu hosp,3,2024-12-07,09,quantile,0.4,27.57
2024-11-16,wk inc flu hosp,3,2024-12-07,09,quantile,0.45,32.981
2024-11-16,wk inc flu hosp,3,2024-12-07,09,quantile,0.5,39.226
2024-11-16,wk inc flu hosp,3,2024-12-07,09,quantile,0.55,46.074
2024-11-16,wk inc flu hosp,3,2024-12-07,09,quantile,0.6,51.534
2024-11-16,wk inc flu hosp,3,2024-12-07,09,quantile,0.65,58.617
2024-11-16,wk inc flu hosp,3,2024-12-07,09,quantile,0.7,65.075
2024-11-16,wk inc flu hosp,3,2024-12-07,09,quantile,0.75,70.057
2024-11-16,wk inc flu hosp,3,2024-12-07,09,quantile,0.8,80.089
2024-11-16,wk inc flu hosp,3,2024-12-07,09,quantile,0.85,91.673
2024-11-16,wk inc flu hosp,3,2024-12-07,09,quantile,0.9,105.651
2024-11-16,wk inc flu hosp,3,2024-12-07,09,quantile,0.95,131.986
2024-11-16,wk inc flu hosp,3,2024-12-07,09,quantile,0.975,151.757
2024-11-16,wk inc flu hosp,3,2024-12-07,09,quantile,0.99,170.134
2024-11-16,wk inc flu hosp,0,2024-11-16,10,quantile,0.01,0.0
2024-11-16,wk inc flu hosp,0,2024-11-16,10,quantile,0.025,0.0
2024-11-16,wk inc flu hosp,0,2024-11-16,10,quantile,0.05,0.0
2024-11-16,wk inc flu hosp,0,2024-11-16,10,quantile,0.1,0.0
2024-11-16,wk inc flu hosp,0,2024-11-16,10,quantile,0.15,0.0
2024-11-16,wk inc flu hosp,0,2024-11-16,10,quantile,0.2,0.0
2024-11-16,wk inc flu hosp,0,2024-11-16,10,quantile,0.25,0.0
2024-11-16,wk inc flu hosp,0,2024-11-16,10,quantile,0.3,0.0
2024-11-16,wk inc flu hosp,0,2024-11-16,10,quantile,0.35,0.0
2024-11-16,wk inc flu hosp,0,2024-11-16,10,quantile,0.4,1.117
2024-11-16,wk inc flu hosp,0,2024-11-16,10,quantile,0.45,2.295
2024-11-16,wk inc flu hosp,0,2024-11-16,10,quantile,0.5,4.153
2024-11-16,wk inc flu hosp,0,2024-11-16,10,quantile,0.55,5.973
2024-11-16,wk inc flu hosp,0,2024-11-16,10,quantile,0.6,7.153
2024-11-16,wk inc flu hosp,0,2024-11-16,10,quantile,0.65,8.816
2024-11-16,wk inc flu hosp,0,2024-11-16,10,quantile,0.7,10.245
2024-11-16,wk inc flu hosp,0,2024-11-16,10,quantile,0.75,11.856
2024-11-16,wk inc flu hosp,0,2024-11-16,10,quantile,0.8,13.733
2024-11-16,wk inc flu hosp,0,2024-11-16,10,quantile,0.85,15.349
2024-11-16,wk inc flu hosp,0,2024-11-16,10,quantile,0.9,18.017
2024-11-16,wk inc flu hosp,0,2024-11-16,10,quantile,0.95,25.234
2024-11-16,wk inc flu hosp,0,2024-11-16,10,quantile,0.975,32.82
2024-11-16,wk inc flu hosp,0,2024-11-16,10,quantile,0.99,45.078
2024-11-16,wk inc flu hosp,1,2024-11-23,10,quantile,0.01,0.0
2024-11-16,wk inc flu hosp,1,2024-11-23,10,quantile,0.025,0.0
2024-11-16,wk inc flu hosp,1,2024-11-23,10,quantile,0.05,0.0
2024-11-16,wk inc flu hosp,1,2024-11-23,10,quantile,0.1,0.0
2024-11-16,wk inc flu hosp,1,2024-11-23,10,quantile,0.15,0.0
2024-11-16,wk inc flu hosp,1,2024-11-23,10,quantile,0.2,0.0
2024-11-16,wk inc flu hosp,1,2024-11-23,10,quantile,0.25,0.0
2024-11-16,wk inc flu hosp,1,2024-11-23,10,quantile,0.3,0.442
2024-11-16,wk inc flu hosp,1,2024-11-23,10,quantile,0.35,2.415
2024-11-16,wk inc flu hosp,1,2024-11-23,10,quantile,0.4,4.021
2024-11-16,wk inc flu hosp,1,2024-11-23,10,quantile,0.45,5.544
2024-11-16,wk inc flu hosp,1,2024-11-23,10,quantile,0.5,7.272
2024-11-16,wk inc flu hosp,1,2024-11-23,10,quantile,0.55,9.086
2024-11-16,wk inc flu hosp,1,2024-11-23,10,quantile,0.6,11.009
2024-11-16,wk inc flu hosp,1,2024-11-23,10,quantile,0.65,12.662
2024-11-16,wk inc flu hosp,1,2024-11-23,10,quantile,0.7,14.874
2024-11-16,wk inc flu hosp,1,2024-11-23,10,quantile,0.75,17.403
2024-11-16,wk inc flu hosp,1,2024-11-23,10,quantile,0.8,20.305
2024-11-16,wk inc flu hosp,1,2024-11-23,10,quantile,0.85,23.495
2024-11-16,wk inc flu hosp,1,2024-11-23,10,quantile,0.9,28.799
2024-11-16,wk inc flu hosp,1,2024-11-23,10,quantile,0.95,37.021
2024-11-16,wk inc flu hosp,1,2024-11-23,10,quantile,0.975,46.19
2024-11-16,wk inc flu hosp,1,2024-11-23,10,quantile,0.99,56.882
2024-11-16,wk inc flu hosp,2,2024-11-30,10,quantile,0.01,0.0
2024-11-16,wk inc flu hosp,2,2024-11-30,10,quantile,0.025,0.0
2024-11-16,wk inc flu hosp,2,2024-11-30,10,quantile,0.05,0.0
2024-11-16,wk inc flu hosp,2,2024-11-30,10,quantile,0.1,0.0
2024-11-16,wk inc flu hosp,2,2024-11-30,10,quantile,0.15,0.0
2024-11-16,wk inc flu hosp,2,2024-11-30,10,quantile,0.2,0.0
2024-11-16,wk inc flu hosp,2,2024-11-30,10,quantile,0.25,0.189
2024-11-16,wk inc flu hosp,2,2024-11-30,10,quantile,0.3,2.276
2024-11-16,wk inc flu hosp,2,2024-11-30,10,quantile,0.35,4.213
2024-11-16,wk inc flu hosp,2,2024-11-30,10,quantile,0.4,6.54
2024-11-16,wk inc flu hosp,2,2024-11-30,10,quantile,0.45,8.919
2024-11-16,wk inc flu hosp,2,2024-11-30,10,quantile,0.5,10.689
2024-11-16,wk inc flu hosp,2,2024-11-30,10,quantile,0.55,13.013
2024-11-16,wk inc flu hosp,2,2024-11-30,10,quantile,0.6,15.259
2024-11-16,wk inc flu hosp,2,2024-11-30,10,quantile,0.65,17.34
2024-11-16,wk inc flu hosp,2,2024-11-30,10,quantile,0.7,19.859
2024-11-16,wk inc flu hosp,2,2024-11-30,10,quantile,0.75,22.71
2024-11-16,wk inc flu hosp,2,2024-11-30,10,quantile,0.8,26.878
2024-11-16,wk inc flu hosp,2,2024-11-30,10,quantile,0.85,30.894
2024-11-16,wk inc flu hosp,2,2024-11-30,10,quantile,0.9,37.296
2024-11-16,wk inc flu hosp,2,2024-11-30,10,quantile,0.95,45.241
2024-11-16,wk inc flu hosp,2,2024-11-30,10,quantile,0.975,55.466
2024-11-16,wk inc flu hosp,2,2024-11-30,10,quantile,0.99,65.037
2024-11-16,wk inc flu hosp,3,2024-12-07,10,quantile,0.01,0.0
2024-11-16,wk inc flu hosp,3,2024-12-07,10,quantile,0.025,0.0
2024-11-16,wk inc flu hosp,3,2024-12-07,10,quantile,0.05,0.0
2024-11-16,wk inc flu hosp,3,2024-12-07,10,quantile,0.1,0.0
2024-11-16,wk inc flu hosp,3,2024-12-07,10,quantile,0.15,0.0
2024-11-16,wk inc flu hosp,3,2024-12-07,10,quantile,0.2,0.0
2024-11-16,wk inc flu hosp,3,2024-12-07,10,quantile,0.25,1.411
2024-11-16,wk inc flu hosp,3,2024-12-07,10,quantile,0.3,3.401
2024-11-16,wk inc flu hosp,3,2024-12-07,10,quantile,0.35,6.129
2024-11-16,wk inc flu hosp,3,2024-12-07,10,quantile,0.4,7.943
2024-11-16,wk inc flu hosp,3,2024-12-07,10,quantile,0.45,10.5
2024-11-16,wk inc flu hosp,3,2024-12-07,10,quantile,0.5,12.978
2024-11-16,wk inc flu hosp,3,2024-12-07,10,quantile,0.55,15.002
2024-11-16,wk inc flu hosp,3,2024-12-07,10,quantile,0.6,17.549
2024-11-16,wk inc flu hosp,3,2024-12-07,10,quantile,0.65,20.945
2024-11-16,wk inc flu hosp,3,2024-12-07,10,quantile,0.7,23.989
2024-11-16,wk inc flu hosp,3,2024-12-07,10,quantile,0.75,27.369
2024-11-16,wk inc flu hosp,3,2024-12-07,10,quantile,0.8,31.529
2024-11-16,wk inc flu hosp,3,2024-12-07,10,quantile,0.85,36.522
2024-11-16,wk inc flu hosp,3,2024-12-07,10,quantile,0.9,43.135
2024-11-16,wk inc flu hosp,3,2024-12-07,10,quantile,0.95,56.007
2024-11-16,wk inc flu hosp,3,2024-12-07,10,quantile,0.975,64.413
2024-11-16,wk inc flu hosp,3,2024-12-07,10,quantile,0.99,75.415
2024-11-16,wk inc flu hosp,0,2024-11-16,11,quantile,0.01,0.0
2024-11-16,wk inc flu hosp,0,2024-11-16,11,quantile,0.025,0.0
2024-11-16,wk inc flu hosp,0,2024-11-16,11,quantile,0.05,0.0
2024-11-16,wk inc flu hosp,0,2024-11-16,11,quantile,0.1,0.0
2024-11-16,wk inc flu hosp,0,2024-11-16,11,quantile,0.15,0.0
2024-11-16,wk inc flu hosp,0,2024-11-16,11,quantile,0.2,0.0
2024-11-16,wk inc flu hosp,0,2024-11-16,11,quantile,0.25,0.134
2024-11-16,wk inc flu hosp,0,2024-11-16,11,quantile,0.3,1.669
2024-11-16,wk inc flu hosp,0,2024-11-16,11,quantile,0.35,3.145
2024-11-16,wk inc flu hosp,0,2024-11-16,11,quantile,0.4,4.376
2024-11-16,wk inc flu hosp,0,2024-11-16,11,quantile,0.45,5.553
2024-11-16,wk inc flu hosp,0,2024-11-16,11,quantile,0.5,6.99
2024-11-16,wk inc flu hosp,0,2024-11-16,11,quantile,0.55,8.37
2024-11-16,wk inc flu hosp,0,2024-11-16,11,quantile,0.6,9.565
2024-11-16,wk inc flu hosp,0,2024-11-16,11,quantile,0.65,10.94
2024-11-16,wk inc flu hosp,0,2024-11-16,11,quantile,0.7,11.981
2024-11-16,wk inc flu hosp,0,2024-11-16,11,quantile,0.75,13.632
2024-11-16,wk inc flu hosp,0,2024-11-16,11,quantile,0.8,15.406
2024-11-16,wk inc flu hosp,0,2024-11-16,11,quantile,0.85,18.038
2024-11-16,wk inc flu hosp,0,2024-11-16,11,quantile,0.9,20.448
2024-11-16,wk inc flu hosp,0,2024-11-16,11,quantile,0.95,25.361
2024-11-16,wk inc flu hosp,0,2024-11-16,11,quantile,0.975,28.959
2024-11-16,wk inc flu hosp,0,2024-11-16,11,quantile,0.99,33.586
2024-11-16,wk inc flu hosp,1,2024-11-23,11,quantile,0.01,0.0
2024-11-16,wk inc flu hosp,1,2024-11-23,11,quantile,0.025,0.0
2024-11-16,wk inc flu hosp,1,2024-11-23,11,quantile,0.05,0.0
2024-11-16,wk inc flu hosp,1,2024-11-23,11,quantile,0.1,0.0
2024-11-16,wk inc flu hosp,1,2024-11-23,11,quantile,0.15,0.0
2024-11-16,wk inc flu hosp,1,2024-11-23,11,quantile,0.2,1.227
2024-11-16,wk inc flu hosp,1,2024-11-23,11,quantile,0.25,3.454
2024-11-16,wk inc flu hosp,1,2024-11-23,11,quantile,0.3,5.299
2024-11-16,wk inc flu hosp,1,2024-11-23,11,quantile,0.35,7.009
2024-11-16,wk inc flu hosp,1,2024-11-23,11,quantile,0.4,8.618
2024-11-16,wk inc flu hosp,1,2024-11-23,11,quantile,0.45,10.623
2024-11-16,wk inc flu hosp,1,2024-11-23,11,quantile,0.5,12.196
2024-11-16,wk inc flu hosp,1,2024-11-23,11,quantile,0.55,13.59
2024-11-16,wk inc flu hosp,1,2024-11-23,11,quantile,0.6,15.227
2024-11-16,wk inc flu hosp,1,2024-11-23,11,quantile,0.65,17.14
2024-11-16,wk inc flu hosp,1,2024-11-23,11,quantile,0.7,19.371
2024-11-16,wk inc flu hosp,1,2024-11-23,11,quantile,0.75,21.691
2024-11-16,wk inc flu hosp,1,2024-11-23,11,quantile,0.8,23.759
2024-11-16,wk inc flu hosp,1,2024-11-23,11,quantile,0.85,26.745
2024-11-16,wk inc flu hosp,1,2024-11-23,11,quantile,0.9,30.88
2024-11-16,wk inc flu hosp,1,2024-11-23,11,quantile,0.95,35.239
2024-11-16,wk inc flu hosp,1,2024-11-23,11,quantile,0.975,39.933
2024-11-16,wk inc flu hosp,1,2024-11-23,11,quantile,0.99,46.111
2024-11-16,wk inc flu hosp,2,2024-11-30,11,quantile,0.01,0.0
2024-11-16,wk inc flu hosp,2,2024-11-30,11,quantile,0.025,0.0
2024-11-16,wk inc flu hosp,2,2024-11-30,11,quantile,0.05,0.0
2024-11-16,wk inc flu hosp,2,2024-11-30,11,quantile,0.1,0.0
2024-11-16,wk inc flu hosp,2,2024-11-30,11,quantile,0.15,0.8
2024-11-16,wk inc flu hosp,2,2024-11-30,11,quantile,0.2,3.614
2024-11-16,wk inc flu hosp,2,2024-11-30,11,quantile,0.25,6.294
2024-11-16,wk inc flu hosp,2,2024-11-30,11,quantile,0.3,8.179
2024-11-16,wk inc flu hosp,2,2024-11-30,11,quantile,0.35,10.262
2024-11-16,wk inc flu hosp,2,2024-11-30,11,quantile,0.4,11.914
2024-11-16,wk inc flu hosp,2,2024-11-30,11,quantile,0.45,13.914
2024-11-16,wk inc flu hosp,2,2024-11-30,11,quantile,0.5,16.043
2024-11-16,wk inc flu hosp,2,2024-11-30,11,quantile,0.55,17.915
2024-11-16,wk inc flu hosp,2,2024-11-30,11,quantile,0.6,19.989
2024-11-16,wk inc flu hosp,2,2024-11-30,11,quantile,0.65,21.885
2024-11-16,wk inc flu hosp,2,2024-11-30,11,quantile,0.7,24.232
2024-11-16,wk inc flu hosp,2,2024-11-30,11,quantile,0.75,27.103
2024-11-16,wk inc flu hosp,2,2024-11-30,11,quantile,0.8,30.188
2024-11-16,wk inc flu hosp,2,2024-11-30,11,quantile,0.85,33.653
2024-11-16,wk inc flu hosp,2,2024-11-30,11,quantile,0.9,38.135
2024-11-16,wk inc flu hosp,2,2024-11-30,11,quantile,0.95,44.623
2024-11-16,wk inc flu hosp,2,2024-11-30,11,quantile,0.975,50.357
2024-11-16,wk inc flu hosp,2,2024-11-30,11,quantile,0.99,56.148
2024-11-16,wk inc flu hosp,3,2024-12-07,11,quantile,0.01,0.0
2024-11-16,wk inc flu hosp,3,2024-12-07,11,quantile,0.025,0.0
2024-11-16,wk inc flu hosp,3,2024-12-07,11,quantile,0.05,0.0
2024-11-16,wk inc flu hosp,3,2024-12-07,11,quantile,0.1,0.0
2024-11-16,wk inc flu hosp,3,2024-12-07,11,quantile,0.15,2.544
2024-11-16,wk inc flu hosp,3,2024-12-07,11,quantile,0.2,5.032
2024-11-16,wk inc flu hosp,3,2024-12-07,11,quantile,0.25,7.89
2024-11-16,wk inc flu hosp,3,2024-12-07,11,quantile,0.3,10.107
2024-11-16,wk inc flu hosp,3,2024-12-07,11,quantile,0.35,13.095
2024-11-16,wk inc flu hosp,3,2024-12-07,11,quantile,0.4,15.589
2024-11-16,wk inc flu hosp,3,2024-12-07,11,quantile,0.45,18.011
2024-11-16,wk inc flu hosp,3,2024-12-07,11,quantile,0.5,20.231
2024-11-16,wk inc flu hosp,3,2024-12-07,11,quantile,0.55,22.5
2024-11-16,wk inc flu hosp,3,2024-12-07,11,quantile,0.6,25.04
2024-11-16,wk inc flu hosp,3,2024-12-07,11,quantile,0.65,27.701
2024-11-16,wk inc flu hosp,3,2024-12-07,11,quantile,0.7,30.589
2024-11-16,wk inc flu hosp,3,2024-12-07,11,quantile,0.75,33.438
2024-11-16,wk inc flu hosp,3,2024-12-07,11,quantile,0.8,36.936
2024-11-16,wk inc flu hosp,3,2024-12-07,11,quantile,0.85,40.809
2024-11-16,wk inc flu hosp,3,2024-12-07,11,quantile,0.9,45.078
2024-11-16,wk inc flu hosp,3,2024-12-07,11,quantile,0.95,52.435
2024-11-16,wk inc flu hosp,3,2024-12-07,11,quantile,0.975,60.242
2024-11-16,wk inc flu hosp,3,2024-12-07,11,quantile,0.99,67.895
2024-11-16,wk inc flu hosp,0,2024-11-16,12,quantile,0.01,216.626
2024-11-16,wk inc flu hosp,0,2024-11-16,12,quantile,0.025,233.853
2024-11-16,wk inc flu hosp,0,2024-11-16,12,quantile,0.05,254.483
2024-11-16,wk inc flu hosp,0,2024-11-16,12,quantile,0.1,276.54
2024-11-16,wk inc flu hosp,0,2024-11-16,12,quantile,0.15,292.86
2024-11-16,wk inc flu hosp,0,2024-11-16,12,quantile,0.2,306.441
2024-11-16,wk inc flu hosp,0,2024-11-16,12,quantile,0.25,316.751
2024-11-16,wk inc flu hosp,0,2024-11-16,12,quantile,0.3,325.19
2024-11-16,wk inc flu hosp,0,2024-11-16,12,quantile,0.35,334.855
2024-11-16,wk inc flu hosp,0,2024-11-16,12,quantile,0.4,341.849
2024-11-16,wk inc flu hosp,0,2024-11-16,12,quantile,0.45,350.485
2024-11-16,wk inc flu hosp,0,2024-11-16,12,quantile,0.5,358.447
2024-11-16,wk inc flu hosp,0,2024-11-16,12,quantile,0.55,369.422
2024-11-16,wk inc flu hosp,0,2024-11-16,12,quantile,0.6,378.501
2024-11-16,wk inc flu hosp,0,2024-11-16,12,quantile,0.65,388.53
2024-11-16,wk inc flu hosp,0,2024-11-16,12,quantile,0.7,400.837
2024-11-16,wk inc flu hosp,0,2024-11-16,12,quantile,0.75,412.972
2024-11-16,wk inc flu hosp,0,2024-11-16,12,quantile,0.8,428.308
2024-11-16,wk inc flu hosp,0,2024-11-16,12,quantile,0.85,449.191
2024-11-16,wk inc flu hosp,0,2024-11-16,12,quantile,0.9,493.987
2024-11-16,wk inc flu hosp,0,2024-11-16,12,quantile,0.95,562.795
2024-11-16,wk inc flu hosp,0,2024-11-16,12,quantile,0.975,610.058
2024-11-16,wk inc flu hosp,0,2024-11-16,12,quantile,0.99,645.035
2024-11-16,wk inc flu hosp,1,2024-11-23,12,quantile,0.01,160.476
2024-11-16,wk inc flu hosp,1,2024-11-23,12,quantile,0.025,186.851
2024-11-16,wk inc flu hosp,1,2024-11-23,12,quantile,0.05,212.929
2024-11-16,wk inc flu hosp,1,2024-11-23,12,quantile,0.1,246.709
2024-11-16,wk inc flu hosp,1,2024-11-23,12,quantile,0.15,274.895
2024-11-16,wk inc flu hosp,1,2024-11-23,12,quantile,0.2,295.602
2024-11-16,wk inc flu hosp,1,2024-11-23,12,quantile,0.25,310.511
2024-11-16,wk inc flu hosp,1,2024-11-23,12,quantile,0.3,325.167
2024-11-16,wk inc flu hosp,1,2024-11-23,12,quantile,0.35,339.854
2024-11-16,wk inc flu hosp,1,2024-11-23,12,quantile,0.4,356.624
2024-11-16,wk inc flu hosp,1,2024-11-23,12,quantile,0.45,369.077
2024-11-16,wk inc flu hosp,1,2024-11-23,12,quantile,0.5,378.826
2024-11-16,wk inc flu hosp,1,2024-11-23,12,quantile,0.55,391.393
2024-11-16,wk inc flu hosp,1,2024-11-23,12,quantile,0.6,407.479
2024-11-16,wk inc flu hosp,1,2024-11-23,12,quantile,0.65,426.675
2024-11-16,wk inc flu hosp,1,2024-11-23,12,quantile,0.7,443.407
2024-11-16,wk inc flu hosp,1,2024-11-23,12,quantile,0.75,462.192
2024-11-16,wk inc flu hosp,1,2024-11-23,12,quantile,0.8,485.86
2024-11-16,wk inc flu hosp,1,2024-11-23,12,quantile,0.85,524.903
2024-11-16,wk inc flu hosp,1,2024-11-23,12,quantile,0.9,575.232
2024-11-16,wk inc flu hosp,1,2024-11-23,12,quantile,0.95,638.78
2024-11-16,wk inc flu hosp,1,2024-11-23,12,quantile,0.975,693.367
2024-11-16,wk inc flu hosp,1,2024-11-23,12,quantile,0.99,766.071
2024-11-16,wk inc flu hosp,2,2024-11-30,12,quantile,0.01,121.63
2024-11-16,wk inc flu hosp,2,2024-11-30,12,quantile,0.025,163.44
2024-11-16,wk inc flu hosp,2,2024-11-30,12,quantile,0.05,196.974
2024-11-16,wk inc flu hosp,2,2024-11-30,12,quantile,0.1,243.772
2024-11-16,wk inc flu hosp,2,2024-11-30,12,quantile,0.15,269.498
2024-11-16,wk inc flu hosp,2,2024-11-30,12,quantile,0.2,293.476
2024-11-16,wk inc flu hosp,2,2024-11-30,12,quantile,0.25,310.14
2024-11-16,wk inc flu hosp,2,2024-11-30,12,quantile,0.3,328.077
2024-11-16,wk inc flu hosp,2,2024-11-30,12,quantile,0.35,346.287
2024-11-16,wk inc flu hosp,2,2024-11-30,12,quantile,0.4,370.865
2024-11-16,wk inc flu hosp,2,2024-11-30,12,quantile,0.45,386.434
2024-11-16,wk inc flu hosp,2,2024-11-30,12,quantile,0.5,401.868
2024-11-16,wk inc flu hosp,2,2024-11-30,12,quantile,0.55,417.566
2024-11-16,wk inc flu hosp,2,2024-11-30,12,quantile,0.6,431.802
2024-11-16,wk inc flu hosp,2,2024-11-30,12,quantile,0.65,455.725
2024-11-16,wk inc flu hosp,2,2024-11-30,12,quantile,0.7,479.224
2024-11-16,wk inc flu hosp,2,2024-11-30,12,quantile,0.75,506.995
2024-11-16,wk inc flu hosp,2,2024-11-30,12,quantile,0.8,539.745
2024-11-16,wk inc flu hosp,2,2024-11-30,12,quantile,0.85,586.002
2024-11-16,wk inc flu hosp,2,2024-11-30,12,quantile,0.9,625.362
2024-11-16,wk inc flu hosp,2,2024-11-30,12,quantile,0.95,689.306
2024-11-16,wk inc flu hosp,2,2024-11-30,12,quantile,0.975,765.222
2024-11-16,wk inc flu hosp,2,2024-11-30,12,quantile,0.99,834.154
2024-11-16,wk inc flu hosp,3,2024-12-07,12,quantile,0.01,93.689
2024-11-16,wk inc flu hosp,3,2024-12-07,12,quantile,0.025,144.083
2024-11-16,wk inc flu hosp,3,2024-12-07,12,quantile,0.05,185.66
2024-11-16,wk inc flu hosp,3,2024-12-07,12,quantile,0.1,231.369
2024-11-16,wk inc flu hosp,3,2024-12-07,12,quantile,0.15,269.437
2024-11-16,wk inc flu hosp,3,2024-12-07,12,quantile,0.2,296.314
2024-11-16,wk inc flu hosp,3,2024-12-07,12,quantile,0.25,320.62
2024-11-16,wk inc flu hosp,3,2024-12-07,12,quantile,0.3,340.659
2024-11-16,wk inc flu hosp,3,2024-12-07,12,quantile,0.35,356.954
2024-11-16,wk inc flu hosp,3,2024-12-07,12,quantile,0.4,376.416
2024-11-16,wk inc flu hosp,3,2024-12-07,12,quantile,0.45,395.898
2024-11-16,wk inc flu hosp,3,2024-12-07,12,quantile,0.5,415.811
2024-11-16,wk inc flu hosp,3,2024-12-07,12,quantile,0.55,438.843
2024-11-16,wk inc flu hosp,3,2024-12-07,12,quantile,0.6,457.827
2024-11-16,wk inc flu hosp,3,2024-12-07,12,quantile,0.65,478.085
2024-11-16,wk inc flu hosp,3,2024-12-07,12,quantile,0.7,504.071
2024-11-16,wk inc flu hosp,3,2024-12-07,12,quantile,0.75,530.339
2024-11-16,wk inc flu hosp,3,2024-12-07,12,quantile,0.8,578.246
2024-11-16,wk inc flu hosp,3,2024-12-07,12,quantile,0.85,616.715
2024-11-16,wk inc flu hosp,3,2024-12-07,12,quantile,0.9,668.595
2024-11-16,wk inc flu hosp,3,2024-12-07,12,quantile,0.95,766.103
2024-11-16,wk inc flu hosp,3,2024-12-07,12,quantile,0.975,827.859
2024-11-16,wk inc flu hosp,3,2024-12-07,12,quantile,0.99,903.061
2024-11-16,wk inc flu hosp,0,2024-11-16,13,quantile,0.01,0.0
2024-11-16,wk inc flu hosp,0,2024-11-16,13,quantile,0.025,0.0
2024-11-16,wk inc flu hosp,0,2024-11-16,13,quantile,0.05,2.952
2024-11-16,wk inc flu hosp,0,2024-11-16,13,quantile,0.1,17.681
2024-11-16,wk inc flu hosp,0,2024-11-16,13,quantile,0.15,27.768
2024-11-16,wk inc flu hosp,0,2024-11-16,13,quantile,0.2,35.658
2024-11-16,wk inc flu hosp,0,2024-11-16,13,quantile,0.25,42.495
2024-11-16,wk inc flu hosp,0,2024-11-16,13,quantile,0.3,49.306
2024-11-16,wk inc flu hosp,0,2024-11-16,13,quantile,0.35,55.794
2024-11-16,wk inc flu hosp,0,2024-11-16,13,quantile,0.4,61.999
2024-11-16,wk inc flu hosp,0,2024-11-16,13,quantile,0.45,67.783
2024-11-16,wk inc flu hosp,0,2024-11-16,13,quantile,0.5,73.367
2024-11-16,wk inc flu hosp,0,2024-11-16,13,quantile,0.55,78.323
2024-11-16,wk inc flu hosp,0,2024-11-16,13,quantile,0.6,84.931
2024-11-16,wk inc flu hosp,0,2024-11-16,13,quantile,0.65,91.264
2024-11-16,wk inc flu hosp,0,2024-11-16,13,quantile,0.7,97.776
2024-11-16,wk inc flu hosp,0,2024-11-16,13,quantile,0.75,106.105
2024-11-16,wk inc flu hosp,0,2024-11-16,13,quantile,0.8,112.828
2024-11-16,wk inc flu hosp,0,2024-11-16,13,quantile,0.85,120.539
2024-11-16,wk inc flu hosp,0,2024-11-16,13,quantile,0.9,132.872
2024-11-16,wk inc flu hosp,0,2024-11-16,13,quantile,0.95,149.724
2024-11-16,wk inc flu hosp,0,2024-11-16,13,quantile,0.975,165.254
2024-11-16,wk inc flu hosp,0,2024-11-16,13,quantile,0.99,180.641
2024-11-16,wk inc flu hosp,1,2024-11-23,13,quantile,0.01,0.0
2024-11-16,wk inc flu hosp,1,2024-11-23,13,quantile,0.025,0.0
2024-11-16,wk inc flu hosp,1,2024-11-23,13,quantile,0.05,3.287
2024-11-16,wk inc flu hosp,1,2024-11-23,13,quantile,0.1,28.351
2024-11-16,wk inc flu hosp,1,2024-11-23,13,quantile,0.15,45.28
2024-11-16,wk inc flu hosp,1,2024-11-23,13,quantile,0.2,56.863
2024-11-16,wk inc flu hosp,1,2024-11-23,13,quantile,0.25,63.979
2024-11-16,wk inc flu hosp,1,2024-11-23,13,quantile,0.3,74.145
2024-11-16,wk inc flu hosp,1,2024-11-23,13,quantile,0.35,84.222
2024-11-16,wk inc flu hosp,1,2024-11-23,13,quantile,0.4,91.651
2024-11-16,wk inc flu hosp,1,2024-11-23,13,quantile,0.45,98.716
2024-11-16,wk inc flu hosp,1,2024-11-23,13,quantile,0.5,107.468
2024-11-16,wk inc flu hosp,1,2024-11-23,13,quantile,0.55,116.11
2024-11-16,wk inc flu hosp,1,2024-11-23,13,quantile,0.6,123.57
2024-11-16,wk inc flu hosp,1,2024-11-23,13,quantile,0.65,133.484
2024-11-16,wk inc flu hosp,1,2024-11-23,13,quantile,0.7,142.15
2024-11-16,wk inc flu hosp,1,2024-11-23,13,quantile,0.75,151.231
2024-11-16,wk inc flu hosp,1,2024-11-23,13,quantile,0.8,163.562
2024-11-16,wk inc flu hosp,1,2024-11-23,13,quantile,0.85,175.152
2024-11-16,wk inc flu hosp,1,2024-11-23,13,quantile,0.9,196.247
2024-11-16,wk inc flu hosp,1,2024-11-23,13,quantile,0.95,216.735
2024-11-16,wk inc flu hosp,1,2024-11-23,13,quantile,0.975,236.077
2024-11-16,wk inc flu hosp,1,2024-11-23,13,quantile,0.99,256.826
2024-11-16,wk inc flu hosp,2,2024-11-30,13,quantile,0.01,0.0
2024-11-16,wk inc flu hosp,2,2024-11-30,13,quantile,0.025,0.0
2024-11-16,wk inc flu hosp,2,2024-11-30,13,quantile,0.05,11.794
2024-11-16,wk inc flu hosp,2,2024-11-30,13,quantile,0.1,34.223
2024-11-16,wk inc flu hosp,2,2024-11-30,13,quantile,0.15,59.588
2024-11-16,wk inc flu hosp,2,2024-11-30,13,quantile,0.2,75.344
2024-11-16,wk inc flu hosp,2,2024-11-30,13,quantile,0.25,85.009
2024-11-16,wk inc flu hosp,2,2024-11-30,13,quantile,0.3,97.412
2024-11-16,wk inc flu hosp,2,2024-11-30,13,quantile,0.35,109.982
2024-11-16,wk inc flu hosp,2,2024-11-30,13,quantile,0.4,120.23
2024-11-16,wk inc flu hosp,2,2024-11-30,13,quantile,0.45,128.212
2024-11-16,wk inc flu hosp,2,2024-11-30,13,quantile,0.5,137.337
2024-11-16,wk inc flu hosp,2,2024-11-30,13,quantile,0.55,148.746
2024-11-16,wk inc flu hosp,2,2024-11-30,13,quantile,0.6,161.07
2024-11-16,wk inc flu hosp,2,2024-11-30,13,quantile,0.65,167.872
2024-11-16,wk inc flu hosp,2,2024-11-30,13,quantile,0.7,181.223
2024-11-16,wk inc flu hosp,2,2024-11-30,13,quantile,0.75,193.68
2024-11-16,wk inc flu hosp,2,2024-11-30,13,quantile,0.8,208.537
2024-11-16,wk inc flu hosp,2,2024-11-30,13,quantile,0.85,221.297
2024-11-16,wk inc flu hosp,2,2024-11-30,13,quantile,0.9,243.186
2024-11-16,wk inc flu hosp,2,2024-11-30,13,quantile,0.95,271.11
2024-11-16,wk inc flu hosp,2,2024-11-30,13,quantile,0.975,293.026
2024-11-16,wk inc flu hosp,2,2024-11-30,13,quantile,0.99,330.331
2024-11-16,wk inc flu hosp,3,2024-12-07,13,quantile,0.01,0.0
2024-11-16,wk inc flu hosp,3,2024-12-07,13,quantile,0.025,8.737
2024-11-16,wk inc flu hosp,3,2024-12-07,13,quantile,0.05,26.42
2024-11-16,wk inc flu hosp,3,2024-12-07,13,quantile,0.1,59.121
2024-11-16,wk inc flu hosp,3,2024-12-07,13,quantile,0.15,81.173
2024-11-16,wk inc flu hosp,3,2024-12-07,13,quantile,0.2,99.587
2024-11-16,wk inc flu hosp,3,2024-12-07,13,quantile,0.25,114.115
2024-11-16,wk inc flu hosp,3,2024-12-07,13,quantile,0.3,126.267
2024-11-16,wk inc flu hosp,3,2024-12-07,13,quantile,0.35,138.483
2024-11-16,wk inc flu hosp,3,2024-12-07,13,quantile,0.4,149.86
2024-11-16,wk inc flu hosp,3,2024-12-07,13,quantile,0.45,162.143
2024-11-16,wk inc flu hosp,3,2024-12-07,13,quantile,0.5,174.814
2024-11-16,wk inc flu hosp,3,2024-12-07,13,quantile,0.55,186.12
2024-11-16,wk inc flu hosp,3,2024-12-07,13,quantile,0.6,196.482
2024-11-16,wk inc flu hosp,3,2024-12-07,13,quantile,0.65,208.659
2024-11-16,wk inc flu hosp,3,2024-12-07,13,quantile,0.7,219.661
2024-11-16,wk inc flu hosp,3,2024-12-07,13,quantile,0.75,234.135
2024-11-16,wk inc flu hosp,3,2024-12-07,13,quantile,0.8,251.098
2024-11-16,wk inc flu hosp,3,2024-12-07,13,quantile,0.85,266.609
2024-11-16,wk inc flu hosp,3,2024-12-07,13,quantile,0.9,289.089
2024-11-16,wk inc flu hosp,3,2024-12-07,13,quantile,0.95,320.537
2024-11-16,wk inc flu hosp,3,2024-12-07,13,quantile,0.975,363.577
2024-11-16,wk inc flu hosp,3,2024-12-07,13,quantile,0.99,397.873
2024-11-16,wk inc flu hosp,0,2024-11-16,15,quantile,0.01,0.0
2024-11-16,wk inc flu hosp,0,2024-11-16,15,quantile,0.025,0.0
2024-11-16,wk inc flu hosp,0,2024-11-16,15,quantile,0.05,0.0
2024-11-16,wk inc flu hosp,0,2024-11-16,15,quantile,0.1,0.0
2024-11-16,wk inc flu hosp,0,2024-11-16,15,quantile,0.15,0.2
2024-11-16,wk inc flu hosp,0,2024-11-16,15,quantile,0.2,1.679
2024-11-16,wk inc flu hosp,0,2024-11-16,15,quantile,0.25,3.242
2024-11-16,wk inc flu hosp,0,2024-11-16,15,quantile,0.3,4.188
2024-11-16,wk inc flu hosp,0,2024-11-16,15,quantile,0.35,5.146
2024-11-16,wk inc flu hosp,0,2024-11-16,15,quantile,0.4,6.045
2024-11-16,wk inc flu hosp,0,2024-11-16,15,quantile,0.45,7.147
2024-11-16,wk inc flu hosp,0,2024-11-16,15,quantile,0.5,8.057
2024-11-16,wk inc flu hosp,0,2024-11-16,15,quantile,0.55,9.049
2024-11-16,wk inc flu hosp,0,2024-11-16,15,quantile,0.6,9.98
2024-11-16,wk inc flu hosp,0,2024-11-16,15,quantile,0.65,10.81
2024-11-16,wk inc flu hosp,0,2024-11-16,15,quantile,0.7,11.995
2024-11-16,wk inc flu hosp,0,2024-11-16,15,quantile,0.75,13.364
2024-11-16,wk inc flu hosp,0,2024-11-16,15,quantile,0.8,14.699
2024-11-16,wk inc flu hosp,0,2024-11-16,15,quantile,0.85,16.605
2024-11-16,wk inc flu hosp,0,2024-11-16,15,quantile,0.9,18.221
2024-11-16,wk inc flu hosp,0,2024-11-16,15,quantile,0.95,21.441
2024-11-16,wk inc flu hosp,0,2024-11-16,15,quantile,0.975,24.689
2024-11-16,wk inc flu hosp,0,2024-11-16,15,quantile,0.99,27.402
2024-11-16,wk inc flu hosp,1,2024-11-23,15,quantile,0.01,0.0
2024-11-16,wk inc flu hosp,1,2024-11-23,15,quantile,0.025,0.0
2024-11-16,wk inc flu hosp,1,2024-11-23,15,quantile,0.05,0.0
2024-11-16,wk inc flu hosp,1,2024-11-23,15,quantile,0.1,0.0
2024-11-16,wk inc flu hosp,1,2024-11-23,15,quantile,0.15,0.0
2024-11-16,wk inc flu hosp,1,2024-11-23,15,quantile,0.2,1.059
2024-11-16,wk inc flu hosp,1,2024-11-23,15,quantile,0.25,2.79
2024-11-16,wk inc flu hosp,1,2024-11-23,15,quantile,0.3,4.576
2024-11-16,wk inc flu hosp,1,2024-11-23,15,quantile,0.35,5.836
2024-11-16,wk inc flu hosp,1,2024-11-23,15,quantile,0.4,7.099
2024-11-16,wk inc flu hosp,1,2024-11-23,15,quantile,0.45,8.205
2024-11-16,wk inc flu hosp,1,2024-11-23,15,quantile,0.5,9.382
2024-11-16,wk inc flu hosp,1,2024-11-23,15,quantile,0.55,10.636
2024-11-16,wk inc flu hosp,1,2024-11-23,15,quantile,0.6,12.071
2024-11-16,wk inc flu hosp,1,2024-11-23,15,quantile,0.65,13.339
2024-11-16,wk inc flu hosp,1,2024-11-23,15,quantile,0.7,14.604
2024-11-16,wk inc flu hosp,1,2024-11-23,15,quantile,0.75,15.994
2024-11-16,wk inc flu hosp,1,2024-11-23,15,quantile,0.8,17.85
2024-11-16,wk inc flu hosp,1,2024-11-23,15,quantile,0.85,19.699
2024-11-16,wk inc flu hosp,1,2024-11-23,15,quantile,0.9,22.573
2024-11-16,wk inc flu hosp,1,2024-11-23,15,quantile,0.95,27.436
2024-11-16,wk inc flu hosp,1,2024-11-23,15,quantile,0.975,31.42
2024-11-16,wk inc flu hosp,1,2024-11-23,15,quantile,0.99,34.59
2024-11-16,wk inc flu hosp,2,2024-11-30,15,quantile,0.01,0.0
2024-11-16,wk inc flu hosp,2,2024-11-30,15,quantile,0.025,0.0
2024-11-16,wk inc flu hosp,2,2024-11-30,15,quantile,0.05,0.0
2024-11-16,wk inc flu hosp,2,2024-11-30,15,quantile,0.1,0.0
2024-11-16,wk inc flu hosp,2,2024-11-30,15,quantile,0.15,0.0
2024-11-16,wk inc flu hosp,2,2024-11-30,15,quantile,0.2,1.979
2024-11-16,wk inc flu hosp,2,2024-11-30,15,quantile,0.25,3.509
2024-11-16,wk inc flu hosp,2,2024-11-30,15,quantile,0.3,4.83
2024-11-16,wk inc flu hosp,2,2024-11-30,15,quantile,0.35,6.425
2024-11-16,wk inc flu hosp,2,2024-11-30,15,quantile,0.4,8.08
2024-11-16,wk inc flu hosp,2,2024-11-30,15,quantile,0.45,9.552
2024-11-16,wk inc flu hosp,2,2024-11-30,15,quantile,0.5,10.853
2024-11-16,wk inc flu hosp,2,2024-11-30,15,quantile,0.55,12.155
2024-11-16,wk inc flu hosp,2,2024-11-30,15,quantile,0.6,13.884
2024-11-16,wk inc flu hosp,2,2024-11-30,15,quantile,0.65,15.653
2024-11-16,wk inc flu hosp,2,2024-11-30,15,quantile,0.7,17.292
2024-11-16,wk inc flu hosp,2,2024-11-30,15,quantile,0.75,19.397
2024-11-16,wk inc flu hosp,2,2024-11-30,15,quantile,0.8,21.365
2024-11-16,wk inc flu hosp,2,2024-11-30,15,quantile,0.85,24.193
2024-11-16,wk inc flu hosp,2,2024-11-30,15,quantile,0.9,27.912
2024-11-16,wk inc flu hosp,2,2024-11-30,15,quantile,0.95,33.007
2024-11-16,wk inc flu hosp,2,2024-11-30,15,quantile,0.975,36.646
2024-11-16,wk inc flu hosp,2,2024-11-30,15,quantile,0.99,43.453
2024-11-16,wk inc flu hosp,3,2024-12-07,15,quantile,0.01,0.0
2024-11-16,wk inc flu hosp,3,2024-12-07,15,quantile,0.025,0.0
2024-11-16,wk inc flu hosp,3,2024-12-07,15,quantile,0.05,0.0
2024-11-16,wk inc flu hosp,3,2024-12-07,15,quantile,0.1,0.0
2024-11-16,wk inc flu hosp,3,2024-12-07,15,quantile,0.15,0.0
2024-11-16,wk inc flu hosp,3,2024-12-07,15,quantile,0.2,1.967
2024-11-16,wk inc flu hosp,3,2024-12-07,15,quantile,0.25,3.742
2024-11-16,wk inc flu hosp,3,2024-12-07,15,quantile,0.3,5.488
2024-11-16,wk inc flu hosp,3,2024-12-07,15,quantile,0.35,7.157
2024-11-16,wk inc flu hosp,3,2024-12-07,15,quantile,0.4,8.936
2024-11-16,wk inc flu hosp,3,2024-12-07,15,quantile,0.45,10.829
2024-11-16,wk inc flu hosp,3,2024-12-07,15,quantile,0.5,12.563
2024-11-16,wk inc flu hosp,3,2024-12-07,15,quantile,0.55,13.931
2024-11-16,wk inc flu hosp,3,2024-12-07,15,quantile,0.6,15.679
2024-11-16,wk inc flu hosp,3,2024-12-07,15,quantile,0.65,17.624
2024-11-16,wk inc flu hosp,3,2024-12-07,15,quantile,0.7,19.621
2024-11-16,wk inc flu hosp,3,2024-12-07,15,quantile,0.75,22.056
2024-11-16,wk inc flu hosp,3,2024-12-07,15,quantile,0.8,24.803
2024-11-16,wk inc flu hosp,3,2024-12-07,15,quantile,0.85,28.037
2024-11-16,wk inc flu hosp,3,2024-12-07,15,quantile,0.9,31.784
2024-11-16,wk inc flu hosp,3,2024-12-07,15,quantile,0.95,37.002
2024-11-16,wk inc flu hosp,3,2024-12-07,15,quantile,0.975,41.018
2024-11-16,wk inc flu hosp,3,2024-12-07,15,quantile,0.99,46.894
2024-11-16,wk inc flu hosp,0,2024-11-16,16,quantile,0.01,0.0
2024-11-16,wk inc flu hosp,0,2024-11-16,16,quantile,0.025,0.0
2024-11-16,wk inc flu hosp,0,2024-11-16,16,quantile,0.05,0.0
2024-11-16,wk inc flu hosp,0,2024-11-16,16,quantile,0.1,0.0
2024-11-16,wk inc flu hosp,0,2024-11-16,16,quantile,0.15,0.0
2024-11-16,wk inc flu hosp,0,2024-11-16,16,quantile,0.2,0.0
2024-11-16,wk inc flu hosp,0,2024-11-16,16,quantile,0.25,0.0
2024-11-16,wk inc flu hosp,0,2024-11-16,16,quantile,0.3,0.452
2024-11-16,wk inc flu hosp,0,2024-11-16,16,quantile,0.35,4.081
2024-11-16,wk inc flu hosp,0,2024-11-16,16,quantile,0.4,8.882
2024-11-16,wk inc flu hosp,0,2024-11-16,16,quantile,0.45,12.96
2024-11-16,wk inc flu hosp,0,2024-11-16,16,quantile,0.5,17.178
2024-11-16,wk inc flu hosp,0,2024-11-16,16,quantile,0.55,20.434
2024-11-16,wk inc flu hosp,0,2024-11-16,16,quantile,0.6,23.841
2024-11-16,wk inc flu hosp,0,2024-11-16,16,quantile,0.65,27.441
2024-11-16,wk inc flu hosp,0,2024-11-16,16,quantile,0.7,31.31
2024-11-16,wk inc flu hosp,0,2024-11-16,16,quantile,0.75,35.142
2024-11-16,wk inc flu hosp,0,2024-11-16,16,quantile,0.8,40.621
2024-11-16,wk inc flu hosp,0,2024-11-16,16,quantile,0.85,45.066
2024-11-16,wk inc flu hosp,0,2024-11-16,16,quantile,0.9,52.518
2024-11-16,wk inc flu hosp,0,2024-11-16,16,quantile,0.95,65.268
2024-11-16,wk inc flu hosp,0,2024-11-16,16,quantile,0.975,81.365
2024-11-16,wk inc flu hosp,0,2024-11-16,16,quantile,0.99,89.639
2024-11-16,wk inc flu hosp,1,2024-11-23,16,quantile,0.01,0.0
2024-11-16,wk inc flu hosp,1,2024-11-23,16,quantile,0.025,0.0
2024-11-16,wk inc flu hosp,1,2024-11-23,16,quantile,0.05,0.0
2024-11-16,wk inc flu hosp,1,2024-11-23,16,quantile,0.1,0.0
2024-11-16,wk inc flu hosp,1,2024-11-23,16,quantile,0.15,0.0
2024-11-16,wk inc flu hosp,1,2024-11-23,16,quantile,0.2,0.0
2024-11-16,wk inc flu hosp,1,2024-11-23,16,quantile,0.25,1.35
2024-11-16,wk inc flu hosp,1,2024-11-23,16,quantile,0.3,6.893
2024-11-16,wk inc flu hosp,1,2024-11-23,16,quantile,0.35,11.318
2024-11-16,wk inc flu hosp,1,2024-11-23,16,quantile,0.4,15.68
2024-11-16,wk inc flu hosp,1,2024-11-23,16,quantile,0.45,20.147
2024-11-16,wk inc flu hosp,1,2024-11-23,16,quantile,0.5,24.935
2024-11-16,wk inc flu hosp,1,2024-11-23,16,quantile,0.55,29.513
2024-11-16,wk inc flu hosp,1,2024-11-23,16,quantile,0.6,34.266
2024-11-16,wk inc flu hosp,1,2024-11-23,16,quantile,0.65,39.22
2024-11-16,wk inc flu hosp,1,2024-11-23,16,quantile,0.7,45.423
2024-11-16,wk inc flu hosp,1,2024-11-23,16,quantile,0.75,52.099
2024-11-16,wk inc flu hosp,1,2024-11-23,16,quantile,0.8,60.308
2024-11-16,wk inc flu hosp,1,2024-11-23,16,quantile,0.85,67.355
2024-11-16,wk inc flu hosp,1,2024-11-23,16,quantile,0.9,80.088
2024-11-16,wk inc flu hosp,1,2024-11-23,16,quantile,0.95,95.2
2024-11-16,wk inc flu hosp,1,2024-11-23,16,quantile,0.975,107.931
2024-11-16,wk inc flu hosp,1,2024-11-23,16,quantile,0.99,120.414
2024-11-16,wk inc flu hosp,2,2024-11-30,16,quantile,0.01,0.0
2024-11-16,wk inc flu hosp,2,2024-11-30,16,quantile,0.025,0.0
2024-11-16,wk inc flu hosp,2,2024-11-30,16,quantile,0.05,0.0
2024-11-16,wk inc flu hosp,2,2024-11-30,16,quantile,0.1,0.0
2024-11-16,wk inc flu hosp,2,2024-11-30,16,quantile,0.15,0.0
2024-11-16,wk inc flu hosp,2,2024-11-30,16,quantile,0.2,1.987
2024-11-16,wk inc flu hosp,2,2024-11-30,16,quantile,0.25,9.135
2024-11-16,wk inc flu hosp,2,2024-11-30,16,quantile,0.3,15.697
2024-11-16,wk inc flu hosp,2,2024-11-30,16,quantile,0.35,20.987
2024-11-16,wk inc flu hosp,2,2024-11-30,16,quantile,0.4,25.822
2024-11-16,wk inc flu hosp,2,2024-11-30,16,quantile,0.45,30.704
2024-11-16,wk inc flu hosp,2,2024-11-30,16,quantile,0.5,36.722
2024-11-16,wk inc flu hosp,2,2024-11-30,16,quantile,0.55,41.667
2024-11-16,wk inc flu hosp,2,2024-11-30,16,quantile,0.6,48.603
2024-11-16,wk inc flu hosp,2,2024-11-30,16,quantile,0.65,54.062
2024-11-16,wk inc flu hosp,2,2024-11-30,16,quantile,0.7,60.417
2024-11-16,wk inc flu hosp,2,2024-11-30,16,quantile,0.75,66.437
2024-11-16,wk inc flu hosp,2,2024-11-30,16,quantile,0.8,74.513
2024-11-16,wk inc flu hosp,2,2024-11-30,16,quantile,0.85,85.033
2024-11-16,wk inc flu hosp,2,2024-11-30,16,quantile,0.9,99.27
2024-11-16,wk inc flu hosp,2,2024-11-30,16,quantile,0.95,117.425
2024-11-16,wk inc flu hosp,2,2024-11-30,16,quantile,0.975,142.37
2024-11-16,wk inc flu hosp,2,2024-11-30,16,quantile,0.99,172.896
2024-11-16,wk inc flu hosp,3,2024-12-07,16,quantile,0.01,0.0
2024-11-16,wk inc flu hosp,3,2024-12-07,16,quantile,0.025,0.0
2024-11-16,wk inc flu hosp,3,2024-12-07,16,quantile,0.05,0.0
2024-11-16,wk inc flu hosp,3,2024-12-07,16,quantile,0.1,0.0
2024-11-16,wk inc flu hosp,3,2024-12-07,16,quantile,0.15,4.47
2024-11-16,wk inc flu hosp,3,2024-12-07,16,quantile,0.2,10.871
2024-11-16,wk inc flu hosp,3,2024-12-07,16,quantile,0.25,16.911
2024-11-16,wk inc flu hosp,3,2024-12-07,16,quantile,0.3,22.614
2024-11-16,wk inc flu hosp,3,2024-12-07,16,quantile,0.35,27.456
2024-11-16,wk inc flu hosp,3,2024-12-07,16,quantile,0.4,34.35
2024-11-16,wk inc flu hosp,3,2024-12-07,16,quantile,0.45,40.737
2024-11-16,wk inc flu hosp,3,2024-12-07,16,quantile,0.5,47.292
2024-11-16,wk inc flu hosp,3,2024-12-07,16,quantile,0.55,55.171
2024-11-16,wk inc flu hosp,3,2024-12-07,16,quantile,0.6,61.121
2024-11-16,wk inc flu hosp,3,2024-12-07,16,quantile,0.65,67.009
2024-11-16,wk inc flu hosp,3,2024-12-07,16,quantile,0.7,73.588
2024-11-16,wk inc flu hosp,3,2024-12-07,16,quantile,0.75,82.906
2024-11-16,wk inc flu hosp,3,2024-12-07,16,quantile,0.8,92.605
2024-11-16,wk inc flu hosp,3,2024-12-07,16,quantile,0.85,104.361
2024-11-16,wk inc flu hosp,3,2024-12-07,16,quantile,0.9,120.42
2024-11-16,wk inc flu hosp,3,2024-12-07,16,quantile,0.95,145.796
2024-11-16,wk inc flu hosp,3,2024-12-07,16,quantile,0.975,169.283
2024-11-16,wk inc flu hosp,3,2024-12-07,16,quantile,0.99,189.837
2024-11-16,wk inc flu hosp,0,2024-11-16,17,quantile,0.01,0.0
2024-11-16,wk inc flu hosp,0,2024-11-16,17,quantile,0.025,0.0
2024-11-16,wk inc flu hosp,0,2024-11-16,17,quantile,0.05,0.0
2024-11-16,wk inc flu hosp,0,2024-11-16,17,quantile,0.1,0.0
2024-11-16,wk inc flu hosp,0,2024-11-16,17,quantile,0.15,0.0
2024-11-16,wk inc flu hosp,0,2024-11-16,17,quantile,0.2,2.603
2024-11-16,wk inc flu hosp,0,2024-11-16,17,quantile,0.25,15.583
2024-11-16,wk inc flu hosp,0,2024-11-16,17,quantile,0.3,28.126
2024-11-16,wk inc flu hosp,0,2024-11-16,17,quantile,0.35,39.11
2024-11-16,wk inc flu hosp,0,2024-11-16,17,quantile,0.4,49.868
2024-11-16,wk inc flu hosp,0,2024-11-16,17,quantile,0.45,59.137
2024-11-16,wk inc flu hosp,0,2024-11-16,17,quantile,0.5,69.443
2024-11-16,wk inc flu hosp,0,2024-11-16,17,quantile,0.55,78.207
2024-11-16,wk inc flu hosp,0,2024-11-16,17,quantile,0.6,85.41
2024-11-16,wk inc flu hosp,0,2024-11-16,17,quantile,0.65,95.437
2024-11-16,wk inc flu hosp,0,2024-11-16,17,quantile,0.7,106.607
2024-11-16,wk inc flu hosp,0,2024-11-16,17,quantile,0.75,119.213
2024-11-16,wk inc flu hosp,0,2024-11-16,17,quantile,0.8,131.959
2024-11-16,wk inc flu hosp,0,2024-11-16,17,quantile,0.85,146.478
2024-11-16,wk inc flu hosp,0,2024-11-16,17,quantile,0.9,171.638
2024-11-16,wk inc flu hosp,0,2024-11-16,17,quantile,0.95,209.494
2024-11-16,wk inc flu hosp,0,2024-11-16,17,quantile,0.975,271.202
2024-11-16,wk inc flu hosp,0,2024-11-16,17,quantile,0.99,420.98
2024-11-16,wk inc flu hosp,1,2024-11-23,17,quantile,0.01,0.0
2024-11-16,wk inc flu hosp,1,2024-11-23,17,quantile,0.025,0.0
2024-11-16,wk inc flu hosp,1,2024-11-23,17,quantile,0.05,0.0
2024-11-16,wk inc flu hosp,1,2024-11-23,17,quantile,0.1,0.0
2024-11-16,wk inc flu hosp,1,2024-11-23,17,quantile,0.15,14.062
2024-11-16,wk inc flu hosp,1,2024-11-23,17,quantile,0.2,27.863
2024-11-16,wk inc flu hosp,1,2024-11-23,17,quantile,0.25,43.179
2024-11-16,wk inc flu hosp,1,2024-11-23,17,quantile,0.3,55.426
2024-11-16,wk inc flu hosp,1,2024-11-23,17,quantile,0.35,69.368
2024-11-16,wk inc flu hosp,1,2024-11-23,17,quantile,0.4,83.083
2024-11-16,wk inc flu hosp,1,2024-11-23,17,quantile,0.45,95.736
2024-11-16,wk inc flu hosp,1,2024-11-23,17,quantile,0.5,104.258
2024-11-16,wk inc flu hosp,1,2024-11-23,17,quantile,0.55,116.848
2024-11-16,wk inc flu hosp,1,2024-11-23,17,quantile,0.6,130.321
2024-11-16,wk inc flu hosp,1,2024-11-23,17,quantile,0.65,146.21
2024-11-16,wk inc flu hosp,1,2024-11-23,17,quantile,0.7,161.083
2024-11-16,wk inc flu hosp,1,2024-11-23,17,quantile,0.75,176.883
2024-11-16,wk inc flu hosp,1,2024-11-23,17,quantile,0.8,201.296
2024-11-16,wk inc flu hosp,1,2024-11-23,17,quantile,0.85,225.404
2024-11-16,wk inc flu hosp,1,2024-11-23,17,quantile,0.9,265.242
2024-11-16,wk inc flu hosp,1,2024-11-23,17,quantile,0.95,353.3
2024-11-16,wk inc flu hosp,1,2024-11-23,17,quantile,0.975,484.617
2024-11-16,wk inc flu hosp,1,2024-11-23,17,quantile,0.99,545.79
2024-11-16,wk inc flu hosp,2,2024-11-30,17,quantile,0.01,0.0
2024-11-16,wk inc flu hosp,2,2024-11-30,17,quantile,0.025,0.0
2024-11-16,wk inc flu hosp,2,2024-11-30,17,quantile,0.05,0.0
2024-11-16,wk inc flu hosp,2,2024-11-30,17,quantile,0.1,4.524
2024-11-16,wk inc flu hosp,2,2024-11-30,17,quantile,0.15,28.425
2024-11-16,wk inc flu hosp,2,2024-11-30,17,quantile,0.2,52.306
2024-11-16,wk inc flu hosp,2,2024-11-30,17,quantile,0.25,68.725
2024-11-16,wk inc flu hosp,2,2024-11-30,17,quantile,0.3,85.546
2024-11-16,wk inc flu hosp,2,2024-11-30,17,quantile,0.35,102.585
2024-11-16,wk inc flu hosp,2,2024-11-30,17,quantile,0.4,119.083
2024-11-16,wk inc flu hosp,2,2024-11-30,17,quantile,0.45,134.424
2024-11-16,wk inc flu hosp,2,2024-11-30,17,quantile,0.5,149.853
2024-11-16,wk inc flu hosp,2,2024-11-30,17,quantile,0.55,169.14
2024-11-16,wk inc flu hosp,2,2024-11-30,17,quantile,0.6,185.394
2024-11-16,wk inc flu hosp,2,2024-11-30,17,quantile,0.65,201.88
2024-11-16,wk inc flu hosp,2,2024-11-30,17,quantile,0.7,221.626
2024-11-16,wk inc flu hosp,2,2024-11-30,17,quantile,0.75,242.748
2024-11-16,wk inc flu hosp,2,2024-11-30,17,quantile,0.8,269.998
2024-11-16,wk inc flu hosp,2,2024-11-30,17,quantile,0.85,307.64
2024-11-16,wk inc flu hosp,2,2024-11-30,17,quantile,0.9,364.886
2024-11-16,wk inc flu hosp,2,2024-11-30,17,quantile,0.95,509.97
2024-11-16,wk inc flu hosp,2,2024-11-30,17,quantile,0.975,584.418
2024-11-16,wk inc flu hosp,2,2024-11-30,17,quantile,0.99,643.041
2024-11-16,wk inc flu hosp,3,2024-12-07,17,quantile,0.01,0.0
2024-11-16,wk inc flu hosp,3,2024-12-07,17,quantile,0.025,0.0
2024-11-16,wk inc flu hosp,3,2024-12-07,17,quantile,0.05,0.0
2024-11-16,wk inc flu hosp,3,2024-12-07,17,quantile,0.1,30.982
2024-11-16,wk inc flu hosp,3,2024-12-07,17,quantile,0.15,53.865
2024-11-16,wk inc flu hosp,3,2024-12-07,17,quantile,0.2,76.942
2024-11-16,wk inc flu hosp,3,2024-12-07,17,quantile,0.25,94.701
2024-11-16,wk inc flu hosp,3,2024-12-07,17,quantile,0.3,118.757
2024-11-16,wk inc flu hosp,3,2024-12-07,17,quantile,0.35,136.936
2024-11-16,wk inc flu hosp,3,2024-12-07,17,quantile,0.4,153.08
2024-11-16,wk inc flu hosp,3,2024-12-07,17,quantile,0.45,167.558
2024-11-16,wk inc flu hosp,3,2024-12-07,17,quantile,0.5,187.304
2024-11-16,wk inc flu hosp,3,2024-12-07,17,quantile,0.55,206.697
2024-11-16,wk inc flu hosp,3,2024-12-07,17,quantile,0.6,226.804
2024-11-16,wk inc flu hosp,3,2024-12-07,17,quantile,0.65,249.478
2024-11-16,wk inc flu hosp,3,2024-12-07,17,quantile,0.7,277.21
2024-11-16,wk inc flu hosp,3,2024-12-07,17,quantile,0.75,299.998
2024-11-16,wk inc flu hosp,3,2024-12-07,17,quantile,0.8,333.74
2024-11-16,wk inc flu hosp,3,2024-12-07,17,quantile,0.85,376.923
2024-11-16,wk inc flu hosp,3,2024-12-07,17,quantile,0.9,436.466
2024-11-16,wk inc flu hosp,3,2024-12-07,17,quantile,0.95,564.151
2024-11-16,wk inc flu hosp,3,2024-12-07,17,quantile,0.975,660.061
2024-11-16,wk inc flu hosp,3,2024-12-07,17,quantile,0.99,734.344
2024-11-16,wk inc flu hosp,0,2024-11-16,18,quantile,0.01,0.0
2024-11-16,wk inc flu hosp,0,2024-11-16,18,quantile,0.025,0.0
2024-11-16,wk inc flu hosp,0,2024-11-16,18,quantile,0.05,0.0
2024-11-16,wk inc flu hosp,0,2024-11-16,18,quantile,0.1,0.0
2024-11-16,wk inc flu hosp,0,2024-11-16,18,quantile,0.15,0.0
2024-11-16,wk inc flu hosp,0,2024-11-16,18,quantile,0.2,0.0
2024-11-16,wk inc flu hosp,0,2024-11-16,18,quantile,0.25,2.747
2024-11-16,wk inc flu hosp,0,2024-11-16,18,quantile,0.3,11.805
2024-11-16,wk inc flu hosp,0,2024-11-16,18,quantile,0.35,19.741
2024-11-16,wk inc flu hosp,0,2024-11-16,18,quantile,0.4,26.466
2024-11-16,wk inc flu hosp,0,2024-11-16,18,quantile,0.45,34.351
2024-11-16,wk inc flu hosp,0,2024-11-16,18,quantile,0.5,42.636
2024-11-16,wk inc flu hosp,0,2024-11-16,18,quantile,0.55,49.006
2024-11-16,wk inc flu hosp,0,2024-11-16,18,quantile,0.6,57.016
2024-11-16,wk inc flu hosp,0,2024-11-16,18,quantile,0.65,66.063
2024-11-16,wk inc flu hosp,0,2024-11-16,18,quantile,0.7,76.115
2024-11-16,wk inc flu hosp,0,2024-11-16,18,quantile,0.75,88.509
2024-11-16,wk inc flu hosp,0,2024-11-16,18,quantile,0.8,97.407
2024-11-16,wk inc flu hosp,0,2024-11-16,18,quantile,0.85,116.564
2024-11-16,wk inc flu hosp,0,2024-11-16,18,quantile,0.9,131.394
2024-11-16,wk inc flu hosp,0,2024-11-16,18,quantile,0.95,160.072
2024-11-16,wk inc flu hosp,0,2024-11-16,18,quantile,0.975,200.075
2024-11-16,wk inc flu hosp,0,2024-11-16,18,quantile,0.99,250.765
2024-11-16,wk inc flu hosp,1,2024-11-23,18,quantile,0.01,0.0
2024-11-16,wk inc flu hosp,1,2024-11-23,18,quantile,0.025,0.0
2024-11-16,wk inc flu hosp,1,2024-11-23,18,quantile,0.05,0.0
2024-11-16,wk inc flu hosp,1,2024-11-23,18,quantile,0.1,0.0
2024-11-16,wk inc flu hosp,1,2024-11-23,18,quantile,0.15,0.0
2024-11-16,wk inc flu hosp,1,2024-11-23,18,quantile,0.2,2.386
2024-11-16,wk inc flu hosp,1,2024-11-23,18,quantile,0.25,13.653
2024-11-16,wk inc flu hosp,1,2024-11-23,18,quantile,0.3,23.305
2024-11-16,wk inc flu hosp,1,2024-11-23,18,quantile,0.35,32.407
2024-11-16,wk inc flu hosp,1,2024-11-23,18,quantile,0.4,40.917
2024-11-16,wk inc flu hosp,1,2024-11-23,18,quantile,0.45,52.967
2024-11-16,wk inc flu hosp,1,2024-11-23,18,quantile,0.5,65.948
2024-11-16,wk inc flu hosp,1,2024-11-23,18,quantile,0.55,75.638
2024-11-16,wk inc flu hosp,1,2024-11-23,18,quantile,0.6,86.846
2024-11-16,wk inc flu hosp,1,2024-11-23,18,quantile,0.65,97.524
2024-11-16,wk inc flu hosp,1,2024-11-23,18,quantile,0.7,111.775
2024-11-16,wk inc flu hosp,1,2024-11-23,18,quantile,0.75,128.168
2024-11-16,wk inc flu hosp,1,2024-11-23,18,quantile,0.8,143.96
2024-11-16,wk inc flu hosp,1,2024-11-23,18,quantile,0.85,161.024
2024-11-16,wk inc flu hosp,1,2024-11-23,18,quantile,0.9,191.229
2024-11-16,wk inc flu hosp,1,2024-11-23,18,quantile,0.95,240.395
2024-11-16,wk inc flu hosp,1,2024-11-23,18,quantile,0.975,277.474
2024-11-16,wk inc flu hosp,1,2024-11-23,18,quantile,0.99,316.969
2024-11-16,wk inc flu hosp,2,2024-11-30,18,quantile,0.01,0.0
2024-11-16,wk inc flu hosp,2,2024-11-30,18,quantile,0.025,0.0
2024-11-16,wk inc flu hosp,2,2024-11-30,18,quantile,0.05,0.0
2024-11-16,wk inc flu hosp,2,2024-11-30,18,quantile,0.1,0.0
2024-11-16,wk inc flu hosp,2,2024-11-30,18,quantile,0.15,0.0
2024-11-16,wk inc flu hosp,2,2024-11-30,18,quantile,0.2,9.538
2024-11-16,wk inc flu hosp,2,2024-11-30,18,quantile,0.25,24.09
2024-11-16,wk inc flu hosp,2,2024-11-30,18,quantile,0.3,33.846
2024-11-16,wk inc flu hosp,2,2024-11-30,18,quantile,0.35,46.379
2024-11-16,wk inc flu hosp,2,2024-11-30,18,quantile,0.4,57.384
2024-11-16,wk inc flu hosp,2,2024-11-30,18,quantile,0.45,69.035
2024-11-16,wk inc flu hosp,2,2024-11-30,18,quantile,0.5,83.871
2024-11-16,wk inc flu hosp,2,2024-11-30,18,quantile,0.55,100.909
2024-11-16,wk inc flu hosp,2,2024-11-30,18,quantile,0.6,111.828
2024-11-16,wk inc flu hosp,2,2024-11-30,18,quantile,0.65,123.945
2024-11-16,wk inc flu hosp,2,2024-11-30,18,quantile,0.7,137.036
2024-11-16,wk inc flu hosp,2,2024-11-30,18,quantile,0.75,157.527
2024-11-16,wk inc flu hosp,2,2024-11-30,18,quantile,0.8,180.38
2024-11-16,wk inc flu hosp,2,2024-11-30,18,quantile,0.85,208.81
2024-11-16,wk inc flu hosp,2,2024-11-30,18,quantile,0.9,238.885
2024-11-16,wk inc flu hosp,2,2024-11-30,18,quantile,0.95,283.318
2024-11-16,wk inc flu hosp,2,2024-11-30,18,quantile,0.975,319.382
2024-11-16,wk inc flu hosp,2,2024-11-30,18,quantile,0.99,375.632
2024-11-16,wk inc flu hosp,3,2024-12-07,18,quantile,0.01,0.0
2024-11-16,wk inc flu hosp,3,2024-12-07,18,quantile,0.025,0.0
2024-11-16,wk inc flu hosp,3,2024-12-07,18,quantile,0.05,0.0
2024-11-16,wk inc flu hosp,3,2024-12-07,18,quantile,0.1,0.0
2024-11-16,wk inc flu hosp,3,2024-12-07,18,quantile,0.15,4.837
2024-11-16,wk inc flu hosp,3,2024-12-07,18,quantile,0.2,22.796
2024-11-16,wk inc flu hosp,3,2024-12-07,18,quantile,0.25,38.515
2024-11-16,wk inc flu hosp,3,2024-12-07,18,quantile,0.3,52.587
2024-11-16,wk inc flu hosp,3,2024-12-07,18,quantile,0.35,65.543
2024-11-16,wk inc flu hosp,3,2024-12-07,18,quantile,0.4,81.11
2024-11-16,wk inc flu hosp,3,2024-12-07,18,quantile,0.45,94.605
2024-11-16,wk inc flu hosp,3,2024-12-07,18,quantile,0.5,108.384
2024-11-16,wk inc flu hosp,3,2024-12-07,18,quantile,0.55,122.22
2024-11-16,wk inc flu hosp,3,2024-12-07,18,quantile,0.6,138.688
2024-11-16,wk inc flu hosp,3,2024-12-07,18,quantile,0.65,154.531
2024-11-16,wk inc flu hosp,3,2024-12-07,18,quantile,0.7,173.593
2024-11-16,wk inc flu hosp,3,2024-12-07,18,quantile,0.75,193.662
2024-11-16,wk inc flu hosp,3,2024-12-07,18,quantile,0.8,216.532
2024-11-16,wk inc flu hosp,3,2024-12-07,18,quantile,0.85,248.789
2024-11-16,wk inc flu hosp,3,2024-12-07,18,quantile,0.9,282.894
2024-11-16,wk inc flu hosp,3,2024-12-07,18,quantile,0.95,344.139
2024-11-16,wk inc flu hosp,3,2024-12-07,18,quantile,0.975,383.467
2024-11-16,wk inc flu hosp,3,2024-12-07,18,quantile,0.99,428.831
2024-11-16,wk inc flu hosp,0,2024-11-16,19,quantile,0.01,0.0
2024-11-16,wk inc flu hosp,0,2024-11-16,19,quantile,0.025,0.0
2024-11-16,wk inc flu hosp,0,2024-11-16,19,quantile,0.05,0.0
2024-11-16,wk inc flu hosp,0,2024-11-16,19,quantile,0.1,0.0
2024-11-16,wk inc flu hosp,0,2024-11-16,19,quantile,0.15,0.0
2024-11-16,wk inc flu hosp,0,2024-11-16,19,quantile,0.2,0.0
2024-11-16,wk inc flu hosp,0,2024-11-16,19,quantile,0.25,0.0
2024-11-16,wk inc flu hosp,0,2024-11-16,19,quantile,0.3,0.0
2024-11-16,wk inc flu hosp,0,2024-11-16,19,quantile,0.35,0.0
2024-11-16,wk inc flu hosp,0,2024-11-16,19,quantile,0.4,0.0
2024-11-16,wk inc flu hosp,0,2024-11-16,19,quantile,0.45,2.202
2024-11-16,wk inc flu hosp,0,2024-11-16,19,quantile,0.5,8.775
2024-11-16,wk inc flu hosp,0,2024-11-16,19,quantile,0.55,15.966
2024-11-16,wk inc flu hosp,0,2024-11-16,19,quantile,0.6,22.683
2024-11-16,wk inc flu hosp,0,2024-11-16,19,quantile,0.65,28.852
2024-11-16,wk inc flu hosp,0,2024-11-16,19,quantile,0.7,33.992
2024-11-16,wk inc flu hosp,0,2024-11-16,19,quantile,0.75,44.341
2024-11-16,wk inc flu hosp,0,2024-11-16,19,quantile,0.8,55.422
2024-11-16,wk inc flu hosp,0,2024-11-16,19,quantile,0.85,63.571
2024-11-16,wk inc flu hosp,0,2024-11-16,19,quantile,0.9,76.79
2024-11-16,wk inc flu hosp,0,2024-11-16,19,quantile,0.95,97.813
2024-11-16,wk inc flu hosp,0,2024-11-16,19,quantile,0.975,113.755
2024-11-16,wk inc flu hosp,0,2024-11-16,19,quantile,0.99,165.516
2024-11-16,wk inc flu hosp,1,2024-11-23,19,quantile,0.01,0.0
2024-11-16,wk inc flu hosp,1,2024-11-23,19,quantile,0.025,0.0
2024-11-16,wk inc flu hosp,1,2024-11-23,19,quantile,0.05,0.0
2024-11-16,wk inc flu hosp,1,2024-11-23,19,quantile,0.1,0.0
2024-11-16,wk inc flu hosp,1,2024-11-23,19,quantile,0.15,0.0
2024-11-16,wk inc flu hosp,1,2024-11-23,19,quantile,0.2,0.0
2024-11-16,wk inc flu hosp,1,2024-11-23,19,quantile,0.25,0.0
2024-11-16,wk inc flu hosp,1,2024-11-23,19,quantile,0.3,0.0
2024-11-16,wk inc flu hosp,1,2024-11-23,19,quantile,0.35,4.75
2024-11-16,wk inc flu hosp,1,2024-11-23,19,quantile,0.4,13.537
2024-11-16,wk inc flu hosp,1,2024-11-23,19,quantile,0.45,22.095
2024-11-16,wk inc flu hosp,1,2024-11-23,19,quantile,0.5,31.206
2024-11-16,wk inc flu hosp,1,2024-11-23,19,quantile,0.55,38.361
2024-11-16,wk inc flu hosp,1,2024-11-23,19,quantile,0.6,44.435
2024-11-16,wk inc flu hosp,1,2024-11-23,19,quantile,0.65,52.152
2024-11-16,wk inc flu hosp,1,2024-11-23,19,quantile,0.7,61.247
2024-11-16,wk inc flu hosp,1,2024-11-23,19,quantile,0.75,72.275
2024-11-16,wk inc flu hosp,1,2024-11-23,19,quantile,0.8,83.801
2024-11-16,wk inc flu hosp,1,2024-11-23,19,quantile,0.85,99.038
2024-11-16,wk inc flu hosp,1,2024-11-23,19,quantile,0.9,114.591
2024-11-16,wk inc flu hosp,1,2024-11-23,19,quantile,0.95,141.753
2024-11-16,wk inc flu hosp,1,2024-11-23,19,quantile,0.975,178.538
2024-11-16,wk inc flu hosp,1,2024-11-23,19,quantile,0.99,211.017
2024-11-16,wk inc flu hosp,2,2024-11-30,19,quantile,0.01,0.0
2024-11-16,wk inc flu hosp,2,2024-11-30,19,quantile,0.025,0.0
2024-11-16,wk inc flu hosp,2,2024-11-30,19,quantile,0.05,0.0
2024-11-16,wk inc flu hosp,2,2024-11-30,19,quantile,0.1,0.0
2024-11-16,wk inc flu hosp,2,2024-11-30,19,quantile,0.15,0.0
2024-11-16,wk inc flu hosp,2,2024-11-30,19,quantile,0.2,0.0
2024-11-16,wk inc flu hosp,2,2024-11-30,19,quantile,0.25,0.0
2024-11-16,wk inc flu hosp,2,2024-11-30,19,quantile,0.3,4.638
2024-11-16,wk inc flu hosp,2,2024-11-30,19,quantile,0.35,13.37
2024-11-16,wk inc flu hosp,2,2024-11-30,19,quantile,0.4,21.976
2024-11-16,wk inc flu hosp,2,2024-11-30,19,quantile,0.45,30.355
2024-11-16,wk inc flu hosp,2,2024-11-30,19,quantile,0.5,38.955
2024-11-16,wk inc flu hosp,2,2024-11-30,19,quantile,0.55,50.04
2024-11-16,wk inc flu hosp,2,2024-11-30,19,quantile,0.6,60.69
2024-11-16,wk inc flu hosp,2,2024-11-30,19,quantile,0.65,73.786
2024-11-16,wk inc flu hosp,2,2024-11-30,19,quantile,0.7,86.17
2024-11-16,wk inc flu hosp,2,2024-11-30,19,quantile,0.75,96.777
2024-11-16,wk inc flu hosp,2,2024-11-30,19,quantile,0.8,109.496
2024-11-16,wk inc flu hosp,2,2024-11-30,19,quantile,0.85,121.708
2024-11-16,wk inc flu hosp,2,2024-11-30,19,quantile,0.9,145.516
2024-11-16,wk inc flu hosp,2,2024-11-30,19,quantile,0.95,180.305
2024-11-16,wk inc flu hosp,2,2024-11-30,19,quantile,0.975,218.432
2024-11-16,wk inc flu hosp,2,2024-11-30,19,quantile,0.99,256.667
2024-11-16,wk inc flu hosp,3,2024-12-07,19,quantile,0.01,0.0
2024-11-16,wk inc flu hosp,3,2024-12-07,19,quantile,0.025,0.0
2024-11-16,wk inc flu hosp,3,2024-12-07,19,quantile,0.05,0.0
2024-11-16,wk inc flu hosp,3,2024-12-07,19,quantile,0.1,0.0
2024-11-16,wk inc flu hosp,3,2024-12-07,19,quantile,0.15,0.0
2024-11-16,wk inc flu hosp,3,2024-12-07,19,quantile,0.2,0.0
2024-11-16,wk inc flu hosp,3,2024-12-07,19,quantile,0.25,7.12
2024-11-16,wk inc flu hosp,3,2024-12-07,19,quantile,0.3,18.083
2024-11-16,wk inc flu hosp,3,2024-12-07,19,quantile,0.35,27.525
2024-11-16,wk inc flu hosp,3,2024-12-07,19,quantile,0.4,34.793
2024-11-16,wk inc flu hosp,3,2024-12-07,19,quantile,0.45,41.297
2024-11-16,wk inc flu hosp,3,2024-12-07,19,quantile,0.5,53.998
2024-11-16,wk inc flu hosp,3,2024-12-07,19,quantile,0.55,65.411
2024-11-16,wk inc flu hosp,3,2024-12-07,19,quantile,0.6,76.235
2024-11-16,wk inc flu hosp,3,2024-12-07,19,quantile,0.65,90.558
2024-11-16,wk inc flu hosp,3,2024-12-07,19,quantile,0.7,103.205
2024-11-16,wk inc flu hosp,3,2024-12-07,19,quantile,0.75,115.241
2024-11-16,wk inc flu hosp,3,2024-12-07,19,quantile,0.8,131.151
2024-11-16,wk inc flu hosp,3,2024-12-07,19,quantile,0.85,154.298
2024-11-16,wk inc flu hosp,3,2024-12-07,19,quantile,0.9,175.102
2024-11-16,wk inc flu hosp,3,2024-12-07,19,quantile,0.95,206.425
2024-11-16,wk inc flu hosp,3,2024-12-07,19,quantile,0.975,255.69
2024-11-16,wk inc flu hosp,3,2024-12-07,19,quantile,0.99,296.59
2024-11-16,wk inc flu hosp,0,2024-11-16,20,quantile,0.01,0.0
2024-11-16,wk inc flu hosp,0,2024-11-16,20,quantile,0.025,0.0
2024-11-16,wk inc flu hosp,0,2024-11-16,20,quantile,0.05,0.0
2024-11-16,wk inc flu hosp,0,2024-11-16,20,quantile,0.1,0.0
2024-11-16,wk inc flu hosp,0,2024-11-16,20,quantile,0.15,0.0
2024-11-16,wk inc flu hosp,0,2024-11-16,20,quantile,0.2,0.0
2024-11-16,wk inc flu hosp,0,2024-11-16,20,quantile,0.25,0.105
2024-11-16,wk inc flu hosp,0,2024-11-16,20,quantile,0.3,3.079
2024-11-16,wk inc flu hosp,0,2024-11-16,20,quantile,0.35,5.723
2024-11-16,wk inc flu hosp,0,2024-11-16,20,quantile,0.4,8.814
2024-11-16,wk inc flu hosp,0,2024-11-16,20,quantile,0.45,11.392
2024-11-16,wk inc flu hosp,0,2024-11-16,20,quantile,0.5,14.601
2024-11-16,wk inc flu hosp,0,2024-11-16,20,quantile,0.55,17.583
2024-11-16,wk inc flu hosp,0,2024-11-16,20,quantile,0.6,20.253
2024-11-16,wk inc flu hosp,0,2024-11-16,20,quantile,0.65,22.35
2024-11-16,wk inc flu hosp,0,2024-11-16,20,quantile,0.7,25.607
2024-11-16,wk inc flu hosp,0,2024-11-16,20,quantile,0.75,28.732
2024-11-16,wk inc flu hosp,0,2024-11-16,20,quantile,0.8,33.234
2024-11-16,wk inc flu hosp,0,2024-11-16,20,quantile,0.85,37.679
2024-11-16,wk inc flu hosp,0,2024-11-16,20,quantile,0.9,43.752
2024-11-16,wk inc flu hosp,0,2024-11-16,20,quantile,0.95,54.881
2024-11-16,wk inc flu hosp,0,2024-11-16,20,quantile,0.975,76.725
2024-11-16,wk inc flu hosp,0,2024-11-16,20,quantile,0.99,100.095
2024-11-16,wk inc flu hosp,1,2024-11-23,20,quantile,0.01,0.0
2024-11-16,wk inc flu hosp,1,2024-11-23,20,quantile,0.025,0.0
2024-11-16,wk inc flu hosp,1,2024-11-23,20,quantile,0.05,0.0
2024-11-16,wk inc flu hosp,1,2024-11-23,20,quantile,0.1,0.0
2024-11-16,wk inc flu hosp,1,2024-11-23,20,quantile,0.15,0.0
2024-11-16,wk inc flu hosp,1,2024-11-23,20,quantile,0.2,1.584
2024-11-16,wk inc flu hosp,1,2024-11-23,20,quantile,0.25,5.972
2024-11-16,wk inc flu hosp,1,2024-11-23,20,quantile,0.3,9.16
2024-11-16,wk inc flu hosp,1,2024-11-23,20,quantile,0.35,13.296
2024-11-16,wk inc flu hosp,1,2024-11-23,20,quantile,0.4,17.669
2024-11-16,wk inc flu hosp,1,2024-11-23,20,quantile,0.45,20.59
2024-11-16,wk inc flu hosp,1,2024-11-23,20,quantile,0.5,23.709
2024-11-16,wk inc flu hosp,1,2024-11-23,20,quantile,0.55,27.423
2024-11-16,wk inc flu hosp,1,2024-11-23,20,quantile,0.6,30.061
2024-11-16,wk inc flu hosp,1,2024-11-23,20,quantile,0.65,33.712
2024-11-16,wk inc flu hosp,1,2024-11-23,20,quantile,0.7,38.755
2024-11-16,wk inc flu hosp,1,2024-11-23,20,quantile,0.75,43.112
2024-11-16,wk inc flu hosp,1,2024-11-23,20,quantile,0.8,49.023
2024-11-16,wk inc flu hosp,1,2024-11-23,20,quantile,0.85,56.606
2024-11-16,wk inc flu hosp,1,2024-11-23,20,quantile,0.9,67.246
2024-11-16,wk inc flu hosp,1,2024-11-23,20,quantile,0.95,82.111
2024-11-16,wk inc flu hosp,1,2024-11-23,20,quantile,0.975,103.143
2024-11-16,wk inc flu hosp,1,2024-11-23,20,quantile,0.99,123.819
2024-11-16,wk inc flu hosp,2,2024-11-30,20,quantile,0.01,0.0
2024-11-16,wk inc flu hosp,2,2024-11-30,20,quantile,0.025,0.0
2024-11-16,wk inc flu hosp,2,2024-11-30,20,quantile,0.05,0.0
2024-11-16,wk inc flu hosp,2,2024-11-30,20,quantile,0.1,0.0
2024-11-16,wk inc flu hosp,2,2024-11-30,20,quantile,0.15,0.85
2024-11-16,wk inc flu hosp,2,2024-11-30,20,quantile,0.2,7.962
2024-11-16,wk inc flu hosp,2,2024-11-30,20,quantile,0.25,12.097
2024-11-16,wk inc flu hosp,2,2024-11-30,20,quantile,0.3,16.756
2024-11-16,wk inc flu hosp,2,2024-11-30,20,quantile,0.35,19.985
2024-11-16,wk inc flu hosp,2,2024-11-30,20,quantile,0.4,23.757
2024-11-16,wk inc flu hosp,2,2024-11-30,20,quantile,0.45,27.71
2024-11-16,wk inc flu hosp,2,2024-11-30,20,quantile,0.5,31.83
2024-11-16,wk inc flu hosp,2,2024-11-30,20,quantile,0.55,36.229
2024-11-16,wk inc flu hosp,2,2024-11-30,20,quantile,0.6,39.978
2024-11-16,wk inc flu hosp,2,2024-11-30,20,quantile,0.65,45.88
2024-11-16,wk inc flu hosp,2,2024-11-30,20,quantile,0.7,51.407
2024-11-16,wk inc flu hosp,2,2024-11-30,20,quantile,0.75,57.329
2024-11-16,wk inc flu hosp,2,2024-11-30,20,quantile,0.8,64.101
2024-11-16,wk inc flu hosp,2,2024-11-30,20,quantile,0.85,73.693
2024-11-16,wk inc flu hosp,2,2024-11-30,20,quantile,0.9,84.288
2024-11-16,wk inc flu hosp,2,2024-11-30,20,quantile,0.95,109.864
2024-11-16,wk inc flu hosp,2,2024-11-30,20,quantile,0.975,128.855
2024-11-16,wk inc flu hosp,2,2024-11-30,20,quantile,0.99,143.218
2024-11-16,wk inc flu hosp,3,2024-12-07,20,quantile,0.01,0.0
2024-11-16,wk inc flu hosp,3,2024-12-07,20,quantile,0.025,0.0
2024-11-16,wk inc flu hosp,3,2024-12-07,20,quantile,0.05,0.0
2024-11-16,wk inc flu hosp,3,2024-12-07,20,quantile,0.1,0.0
2024-11-16,wk inc flu hosp,3,2024-12-07,20,quantile,0.15,4.396
2024-11-16,wk inc flu hosp,3,2024-12-07,20,quantile,0.2,10.835
2024-11-16,wk inc flu hosp,3,2024-12-07,20,quantile,0.25,17.598
2024-11-16,wk inc flu hosp,3,2024-12-07,20,quantile,0.3,22.908
2024-11-16,wk inc flu hosp,3,2024-12-07,20,quantile,0.35,28.124
2024-11-16,wk inc flu hosp,3,2024-12-07,20,quantile,0.4,32.899
2024-11-16,wk inc flu hosp,3,2024-12-07,20,quantile,0.45,36.347
2024-11-16,wk inc flu hosp,3,2024-12-07,20,quantile,0.5,41.572
2024-11-16,wk inc flu hosp,3,2024-12-07,20,quantile,0.55,46.671
2024-11-16,wk inc flu hosp,3,2024-12-07,20,quantile,0.6,53.003
2024-11-16,wk inc flu hosp,3,2024-12-07,20,quantile,0.65,58.825
2024-11-16,wk inc flu hosp,3,2024-12-07,20,quantile,0.7,65.584
2024-11-16,wk inc flu hosp,3,2024-12-07,20,quantile,0.75,70.784
2024-11-16,wk inc flu hosp,3,2024-12-07,20,quantile,0.8,79.327
2024-11-16,wk inc flu hosp,3,2024-12-07,20,quantile,0.85,90.332
2024-11-16,wk inc flu hosp,3,2024-12-07,20,quantile,0.9,103.572
2024-11-16,wk inc flu hosp,3,2024-12-07,20,quantile,0.95,127.245
2024-11-16,wk inc flu hosp,3,2024-12-07,20,quantile,0.975,146.588
2024-11-16,wk inc flu hosp,3,2024-12-07,20,quantile,0.99,166.881
2024-11-16,wk inc flu hosp,0,2024-11-16,21,quantile,0.01,0.0
2024-11-16,wk inc flu hosp,0,2024-11-16,21,quantile,0.025,0.0
2024-11-16,wk inc flu hosp,0,2024-11-16,21,quantile,0.05,0.0
2024-11-16,wk inc flu hosp,0,2024-11-16,21,quantile,0.1,0.0
2024-11-16,wk inc flu hosp,0,2024-11-16,21,quantile,0.15,0.0
2024-11-16,wk inc flu hosp,0,2024-11-16,21,quantile,0.2,0.0
2024-11-16,wk inc flu hosp,0,2024-11-16,21,quantile,0.25,0.0
2024-11-16,wk inc flu hosp,0,2024-11-16,21,quantile,0.3,2.235
2024-11-16,wk inc flu hosp,0,2024-11-16,21,quantile,0.35,8.988
2024-11-16,wk inc flu hosp,0,2024-11-16,21,quantile,0.4,14.836
2024-11-16,wk inc flu hosp,0,2024-11-16,21,quantile,0.45,19.872
2024-11-16,wk inc flu hosp,0,2024-11-16,21,quantile,0.5,26.019
2024-11-16,wk inc flu hosp,0,2024-11-16,21,quantile,0.55,32.922
2024-11-16,wk inc flu hosp,0,2024-11-16,21,quantile,0.6,39.856
2024-11-16,wk inc flu hosp,0,2024-11-16,21,quantile,0.65,45.944
2024-11-16,wk inc flu hosp,0,2024-11-16,21,quantile,0.7,52.442
2024-11-16,wk inc flu hosp,0,2024-11-16,21,quantile,0.75,61.169
2024-11-16,wk inc flu hosp,0,2024-11-16,21,quantile,0.8,71.157
2024-11-16,wk inc flu hosp,0,2024-11-16,21,quantile,0.85,79.747
2024-11-16,wk inc flu hosp,0,2024-11-16,21,quantile,0.9,102.136
2024-11-16,wk inc flu hosp,0,2024-11-16,21,quantile,0.95,140.88
2024-11-16,wk inc flu hosp,0,2024-11-16,21,quantile,0.975,232.387
2024-11-16,wk inc flu hosp,0,2024-11-16,21,quantile,0.99,280.241
2024-11-16,wk inc flu hosp,1,2024-11-23,21,quantile,0.01,0.0
2024-11-16,wk inc flu hosp,1,2024-11-23,21,quantile,0.025,0.0
2024-11-16,wk inc flu hosp,1,2024-11-23,21,quantile,0.05,0.0
2024-11-16,wk inc flu hosp,1,2024-11-23,21,quantile,0.1,0.0
2024-11-16,wk inc flu hosp,1,2024-11-23,21,quantile,0.15,0.0
2024-11-16,wk inc flu hosp,1,2024-11-23,21,quantile,0.2,0.0
2024-11-16,wk inc flu hosp,1,2024-11-23,21,quantile,0.25,3.444
2024-11-16,wk inc flu hosp,1,2024-11-23,21,quantile,0.3,12.153
2024-11-16,wk inc flu hosp,1,2024-11-23,21,quantile,0.35,18.142
2024-11-16,wk inc flu hosp,1,2024-11-23,21,quantile,0.4,25.661
2024-11-16,wk inc flu hosp,1,2024-11-23,21,quantile,0.45,33.937
2024-11-16,wk inc flu hosp,1,2024-11-23,21,quantile,0.5,42.224
2024-11-16,wk inc flu hosp,1,2024-11-23,21,quantile,0.55,50.722
2024-11-16,wk inc flu hosp,1,2024-11-23,21,quantile,0.6,60.49
2024-11-16,wk inc flu hosp,1,2024-11-23,21,quantile,0.65,71.414
2024-11-16,wk inc flu hosp,1,2024-11-23,21,quantile,0.7,82.171
2024-11-16,wk inc flu hosp,1,2024-11-23,21,quantile,0.75,95.7
2024-11-16,wk inc flu hosp,1,2024-11-23,21,quantile,0.8,111.225
2024-11-16,wk inc flu hosp,1,2024-11-23,21,quantile,0.85,130.484
2024-11-16,wk inc flu hosp,1,2024-11-23,21,quantile,0.9,158.975
2024-11-16,wk inc flu hosp,1,2024-11-23,21,quantile,0.95,215.152
2024-11-16,wk inc flu hosp,1,2024-11-23,21,quantile,0.975,255.436
2024-11-16,wk inc flu hosp,1,2024-11-23,21,quantile,0.99,315.817
2024-11-16,wk inc flu hosp,2,2024-11-30,21,quantile,0.01,0.0
2024-11-16,wk inc flu hosp,2,2024-11-30,21,quantile,0.025,0.0
2024-11-16,wk inc flu hosp,2,2024-11-30,21,quantile,0.05,0.0
2024-11-16,wk inc flu hosp,2,2024-11-30,21,quantile,0.1,0.0
2024-11-16,wk inc flu hosp,2,2024-11-30,21,quantile,0.15,0.0
2024-11-16,wk inc flu hosp,2,2024-11-30,21,quantile,0.2,0.0
2024-11-16,wk inc flu hosp,2,2024-11-30,21,quantile,0.25,8.87
2024-11-16,wk inc flu hosp,2,2024-11-30,21,quantile,0.3,19.193
2024-11-16,wk inc flu hosp,2,2024-11-30,21,quantile,0.35,27.729
2024-11-16,wk inc flu hosp,2,2024-11-30,21,quantile,0.4,38.429
2024-11-16,wk inc flu hosp,2,2024-11-30,21,quantile,0.45,47.928
2024-11-16,wk inc flu hosp,2,2024-11-30,21,quantile,0.5,58.757
2024-11-16,wk inc flu hosp,2,2024-11-30,21,quantile,0.55,67.184
2024-11-16,wk inc flu hosp,2,2024-11-30,21,quantile,0.6,78.235
2024-11-16,wk inc flu hosp,2,2024-11-30,21,quantile,0.65,89.701
2024-11-16,wk inc flu hosp,2,2024-11-30,21,quantile,0.7,104.657
2024-11-16,wk inc flu hosp,2,2024-11-30,21,quantile,0.75,124.238
2024-11-16,wk inc flu hosp,2,2024-11-30,21,quantile,0.8,143.093
2024-11-16,wk inc flu hosp,2,2024-11-30,21,quantile,0.85,170.334
2024-11-16,wk inc flu hosp,2,2024-11-30,21,quantile,0.9,209.107
2024-11-16,wk inc flu hosp,2,2024-11-30,21,quantile,0.95,255.849
2024-11-16,wk inc flu hosp,2,2024-11-30,21,quantile,0.975,314.878
2024-11-16,wk inc flu hosp,2,2024-11-30,21,quantile,0.99,375.4
2024-11-16,wk inc flu hosp,3,2024-12-07,21,quantile,0.01,0.0
2024-11-16,wk inc flu hosp,3,2024-12-07,21,quantile,0.025,0.0
2024-11-16,wk inc flu hosp,3,2024-12-07,21,quantile,0.05,0.0
2024-11-16,wk inc flu hosp,3,2024-12-07,21,quantile,0.1,0.0
2024-11-16,wk inc flu hosp,3,2024-12-07,21,quantile,0.15,0.0
2024-11-16,wk inc flu hosp,3,2024-12-07,21,quantile,0.2,7.449
2024-11-16,wk inc flu hosp,3,2024-12-07,21,quantile,0.25,22.063
2024-11-16,wk inc flu hosp,3,2024-12-07,21,quantile,0.3,31.972
2024-11-16,wk inc flu hosp,3,2024-12-07,21,quantile,0.35,43.52
2024-11-16,wk inc flu hosp,3,2024-12-07,21,quantile,0.4,51.809
2024-11-16,wk inc flu hosp,3,2024-12-07,21,quantile,0.45,63.44
2024-11-16,wk inc flu hosp,3,2024-12-07,21,quantile,0.5,76.659
2024-11-16,wk inc flu hosp,3,2024-12-07,21,quantile,0.55,88.974
2024-11-16,wk inc flu hosp,3,2024-12-07,21,quantile,0.6,102.496
2024-11-16,wk inc flu hosp,3,2024-12-07,21,quantile,0.65,121.305
2024-11-16,wk inc flu hosp,3,2024-12-07,21,quantile,0.7,133.409
2024-11-16,wk inc flu hosp,3,2024-12-07,21,quantile,0.75,152.991
2024-11-16,wk inc flu hosp,3,2024-12-07,21,quantile,0.8,171.279
2024-11-16,wk inc flu hosp,3,2024-12-07,21,quantile,0.85,199.07
2024-11-16,wk inc flu hosp,3,2024-12-07,21,quantile,0.9,243.887
2024-11-16,wk inc flu hosp,3,2024-12-07,21,quantile,0.95,304.252
2024-11-16,wk inc flu hosp,3,2024-12-07,21,quantile,0.975,373.672
2024-11-16,wk inc flu hosp,3,2024-12-07,21,quantile,0.99,410.068
2024-11-16,wk inc flu hosp,0,2024-11-16,22,quantile,0.01,27.093
2024-11-16,wk inc flu hosp,0,2024-11-16,22,quantile,0.025,37.843
2024-11-16,wk inc flu hosp,0,2024-11-16,22,quantile,0.05,44.656
2024-11-16,wk inc flu hosp,0,2024-11-16,22,quantile,0.1,53.835
2024-11-16,wk inc flu hosp,0,2024-11-16,22,quantile,0.15,59.52
2024-11-16,wk inc flu hosp,0,2024-11-16,22,quantile,0.2,66.56
2024-11-16,wk inc flu hosp,0,2024-11-16,22,quantile,0.25,71.945
2024-11-16,wk inc flu hosp,0,2024-11-16,22,quantile,0.3,78.46
2024-11-16,wk inc flu hosp,0,2024-11-16,22,quantile,0.35,82.892
2024-11-16,wk inc flu hosp,0,2024-11-16,22,quantile,0.4,87.583
2024-11-16,wk inc flu hosp,0,2024-11-16,22,quantile,0.45,91.708
2024-11-16,wk inc flu hosp,0,2024-11-16,22,quantile,0.5,96.195
2024-11-16,wk inc flu hosp,0,2024-11-16,22,quantile,0.55,100.617
2024-11-16,wk inc flu hosp,0,2024-11-16,22,quantile,0.6,105.447
2024-11-16,wk inc flu hosp,0,2024-11-16,22,quantile,0.65,110.221
2024-11-16,wk inc flu hosp,0,2024-11-16,22,quantile,0.7,116.095
2024-11-16,wk inc flu hosp,0,2024-11-16,22,quantile,0.75,121.418
2024-11-16,wk inc flu hosp,0,2024-11-16,22,quantile,0.8,129.595
2024-11-16,wk inc flu hosp,0,2024-11-16,22,quantile,0.85,138.212
2024-11-16,wk inc flu hosp,0,2024-11-16,22,quantile,0.9,156.892
2024-11-16,wk inc flu hosp,0,2024-11-16,22,quantile,0.95,183.159
2024-11-16,wk inc flu hosp,0,2024-11-16,22,quantile,0.975,199.316
2024-11-16,wk inc flu hosp,0,2024-11-16,22,quantile,0.99,212.316
2024-11-16,wk inc flu hosp,1,2024-11-23,22,quantile,0.01,9.128
2024-11-16,wk inc flu hosp,1,2024-11-23,22,quantile,0.025,20.315
2024-11-16,wk inc flu hosp,1,2024-11-23,22,quantile,0.05,31.96
2024-11-16,wk inc flu hosp,1,2024-11-23,22,quantile,0.1,50.264
2024-11-16,wk inc flu hosp,1,2024-11-23,22,quantile,0.15,61.87
2024-11-16,wk inc flu hosp,1,2024-11-23,22,quantile,0.2,71.327
2024-11-16,wk inc flu hosp,1,2024-11-23,22,quantile,0.25,80.114
2024-11-16,wk inc flu hosp,1,2024-11-23,22,quantile,0.3,88.622
2024-11-16,wk inc flu hosp,1,2024-11-23,22,quantile,0.35,95.399
2024-11-16,wk inc flu hosp,1,2024-11-23,22,quantile,0.4,101.861
2024-11-16,wk inc flu hosp,1,2024-11-23,22,quantile,0.45,108.044
2024-11-16,wk inc flu hosp,1,2024-11-23,22,quantile,0.5,114.489
2024-11-16,wk inc flu hosp,1,2024-11-23,22,quantile,0.55,121.737
2024-11-16,wk inc flu hosp,1,2024-11-23,22,quantile,0.6,129.24
2024-11-16,wk inc flu hosp,1,2024-11-23,22,quantile,0.65,138.072
2024-11-16,wk inc flu hosp,1,2024-11-23,22,quantile,0.7,146.805
2024-11-16,wk inc flu hosp,1,2024-11-23,22,quantile,0.75,156.496
2024-11-16,wk inc flu hosp,1,2024-11-23,22,quantile,0.8,166.474
2024-11-16,wk inc flu hosp,1,2024-11-23,22,quantile,0.85,180.756
2024-11-16,wk inc flu hosp,1,2024-11-23,22,quantile,0.9,200.06
2024-11-16,wk inc flu hosp,1,2024-11-23,22,quantile,0.95,223.666
2024-11-16,wk inc flu hosp,1,2024-11-23,22,quantile,0.975,238.723
2024-11-16,wk inc flu hosp,1,2024-11-23,22,quantile,0.99,255.413
2024-11-16,wk inc flu hosp,2,2024-11-30,22,quantile,0.01,0.0
2024-11-16,wk inc flu hosp,2,2024-11-30,22,quantile,0.025,16.235
2024-11-16,wk inc flu hosp,2,2024-11-30,22,quantile,0.05,33.51
2024-11-16,wk inc flu hosp,2,2024-11-30,22,quantile,0.1,51.988
2024-11-16,wk inc flu hosp,2,2024-11-30,22,quantile,0.15,64.109
2024-11-16,wk inc flu hosp,2,2024-11-30,22,quantile,0.2,75.282
2024-11-16,wk inc flu hosp,2,2024-11-30,22,quantile,0.25,87.017
2024-11-16,wk inc flu hosp,2,2024-11-30,22,quantile,0.3,95.629
2024-11-16,wk inc flu hosp,2,2024-11-30,22,quantile,0.35,106.13
2024-11-16,wk inc flu hosp,2,2024-11-30,22,quantile,0.4,115.442
2024-11-16,wk inc flu hosp,2,2024-11-30,22,quantile,0.45,123.226
2024-11-16,wk inc flu hosp,2,2024-11-30,22,quantile,0.5,132.918
2024-11-16,wk inc flu hosp,2,2024-11-30,22,quantile,0.55,143.123
2024-11-16,wk inc flu hosp,2,2024-11-30,22,quantile,0.6,153.693
2024-11-16,wk inc flu hosp,2,2024-11-30,22,quantile,0.65,164.428
2024-11-16,wk inc flu hosp,2,2024-11-30,22,quantile,0.7,173.179
2024-11-16,wk inc flu hosp,2,2024-11-30,22,quantile,0.75,185.29
2024-11-16,wk inc flu hosp,2,2024-11-30,22,quantile,0.8,199.302
2024-11-16,wk inc flu hosp,2,2024-11-30,22,quantile,0.85,217.26
2024-11-16,wk inc flu hosp,2,2024-11-30,22,quantile,0.9,237.212
2024-11-16,wk inc flu hosp,2,2024-11-30,22,quantile,0.95,263.471
2024-11-16,wk inc flu hosp,2,2024-11-30,22,quantile,0.975,284.644
2024-11-16,wk inc flu hosp,2,2024-11-30,22,quantile,0.99,316.406
2024-11-16,wk inc flu hosp,3,2024-12-07,22,quantile,0.01,0.0
2024-11-16,wk inc flu hosp,3,2024-12-07,22,quantile,0.025,16.574
2024-11-16,wk inc flu hosp,3,2024-12-07,22,quantile,0.05,30.077
2024-11-16,wk inc flu hosp,3,2024-12-07,22,quantile,0.1,51.352
2024-11-16,wk inc flu hosp,3,2024-12-07,22,quantile,0.15,69.254
2024-11-16,wk inc flu hosp,3,2024-12-07,22,quantile,0.2,85.917
2024-11-16,wk inc flu hosp,3,2024-12-07,22,quantile,0.25,97.107
2024-11-16,wk inc flu hosp,3,2024-12-07,22,quantile,0.3,108.68
2024-11-16,wk inc flu hosp,3,2024-12-07,22,quantile,0.35,116.659
2024-11-16,wk inc flu hosp,3,2024-12-07,22,quantile,0.4,128.232
2024-11-16,wk inc flu hosp,3,2024-12-07,22,quantile,0.45,138.598
2024-11-16,wk inc flu hosp,3,2024-12-07,22,quantile,0.5,150.913
2024-11-16,wk inc flu hosp,3,2024-12-07,22,quantile,0.55,160.446
2024-11-16,wk inc flu hosp,3,2024-12-07,22,quantile,0.6,170.091
2024-11-16,wk inc flu hosp,3,2024-12-07,22,quantile,0.65,181.778
2024-11-16,wk inc flu hosp,3,2024-12-07,22,quantile,0.7,193.446
2024-11-16,wk inc flu hosp,3,2024-12-07,22,quantile,0.75,209.763
2024-11-16,wk inc flu hosp,3,2024-12-07,22,quantile,0.8,226.04
2024-11-16,wk inc flu hosp,3,2024-12-07,22,quantile,0.85,249.445
2024-11-16,wk inc flu hosp,3,2024-12-07,22,quantile,0.9,267.647
2024-11-16,wk inc flu hosp,3,2024-12-07,22,quantile,0.95,303.233
2024-11-16,wk inc flu hosp,3,2024-12-07,22,quantile,0.975,336.628
2024-11-16,wk inc flu hosp,3,2024-12-07,22,quantile,0.99,373.129
2024-11-16,wk inc flu hosp,0,2024-11-16,23,quantile,0.01,0.0
2024-11-16,wk inc flu hosp,0,2024-11-16,23,quantile,0.025,0.0
2024-11-16,wk inc flu hosp,0,2024-11-16,23,quantile,0.05,0.0
2024-11-16,wk inc flu hosp,0,2024-11-16,23,quantile,0.1,0.0
2024-11-16,wk inc flu hosp,0,2024-11-16,23,quantile,0.15,0.0
2024-11-16,wk inc flu hosp,0,2024-11-16,23,quantile,0.2,0.0
2024-11-16,wk inc flu hosp,0,2024-11-16,23,quantile,0.25,0.0
2024-11-16,wk inc flu hosp,0,2024-11-16,23,quantile,0.3,0.0
2024-11-16,wk inc flu hosp,0,2024-11-16,23,quantile,0.35,0.0
2024-11-16,wk inc flu hosp,0,2024-11-16,23,quantile,0.4,0.724
2024-11-16,wk inc flu hosp,0,2024-11-16,23,quantile,0.45,1.847
2024-11-16,wk inc flu hosp,0,2024-11-16,23,quantile,0.5,2.942
2024-11-16,wk inc flu hosp,0,2024-11-16,23,quantile,0.55,4.332
2024-11-16,wk inc flu hosp,0,2024-11-16,23,quantile,0.6,5.624
2024-11-16,wk inc flu hosp,0,2024-11-16,23,quantile,0.65,6.972
2024-11-16,wk inc flu hosp,0,2024-11-16,23,quantile,0.7,8.201
2024-11-16,wk inc flu hosp,0,2024-11-16,23,quantile,0.75,9.746
2024-11-16,wk inc flu hosp,0,2024-11-16,23,quantile,0.8,11.449
2024-11-16,wk inc flu hosp,0,2024-11-16,23,quantile,0.85,13.479
2024-11-16,wk inc flu hosp,0,2024-11-16,23,quantile,0.9,15.949
2024-11-16,wk inc flu hosp,0,2024-11-16,23,quantile,0.95,20.347
2024-11-16,wk inc flu hosp,0,2024-11-16,23,quantile,0.975,23.941
2024-11-16,wk inc flu hosp,0,2024-11-16,23,quantile,0.99,27.322
2024-11-16,wk inc flu hosp,1,2024-11-23,23,quantile,0.01,0.0
2024-11-16,wk inc flu hosp,1,2024-11-23,23,quantile,0.025,0.0
2024-11-16,wk inc flu hosp,1,2024-11-23,23,quantile,0.05,0.0
2024-11-16,wk inc flu hosp,1,2024-11-23,23,quantile,0.1,0.0
2024-11-16,wk inc flu hosp,1,2024-11-23,23,quantile,0.15,0.0
2024-11-16,wk inc flu hosp,1,2024-11-23,23,quantile,0.2,0.0
2024-11-16,wk inc flu hosp,1,2024-11-23,23,quantile,0.25,0.0
2024-11-16,wk inc flu hosp,1,2024-11-23,23,quantile,0.3,1.41
2024-11-16,wk inc flu hosp,1,2024-11-23,23,quantile,0.35,3.161
2024-11-16,wk inc flu hosp,1,2024-11-23,23,quantile,0.4,4.422
2024-11-16,wk inc flu hosp,1,2024-11-23,23,quantile,0.45,6.136
2024-11-16,wk inc flu hosp,1,2024-11-23,23,quantile,0.5,7.697
2024-11-16,wk inc flu hosp,1,2024-11-23,23,quantile,0.55,9.11
2024-11-16,wk inc flu hosp,1,2024-11-23,23,quantile,0.6,11.038
2024-11-16,wk inc flu hosp,1,2024-11-23,23,quantile,0.65,12.716
2024-11-16,wk inc flu hosp,1,2024-11-23,23,quantile,0.7,14.049
2024-11-16,wk inc flu hosp,1,2024-11-23,23,quantile,0.75,15.76
2024-11-16,wk inc flu hosp,1,2024-11-23,23,quantile,0.8,18.133
2024-11-16,wk inc flu hosp,1,2024-11-23,23,quantile,0.85,21.385
2024-11-16,wk inc flu hosp,1,2024-11-23,23,quantile,0.9,25.786
2024-11-16,wk inc flu hosp,1,2024-11-23,23,quantile,0.95,30.77
2024-11-16,wk inc flu hosp,1,2024-11-23,23,quantile,0.975,34.491
2024-11-16,wk inc flu hosp,1,2024-11-23,23,quantile,0.99,39.929
2024-11-16,wk inc flu hosp,2,2024-11-30,23,quantile,0.01,0.0
2024-11-16,wk inc flu hosp,2,2024-11-30,23,quantile,0.025,0.0
2024-11-16,wk inc flu hosp,2,2024-11-30,23,quantile,0.05,0.0
2024-11-16,wk inc flu hosp,2,2024-11-30,23,quantile,0.1,0.0
2024-11-16,wk inc flu hosp,2,2024-11-30,23,quantile,0.15,0.0
2024-11-16,wk inc flu hosp,2,2024-11-30,23,quantile,0.2,0.0
2024-11-16,wk inc flu hosp,2,2024-11-30,23,quantile,0.25,2.097
2024-11-16,wk inc flu hosp,2,2024-11-30,23,quantile,0.3,3.682
2024-11-16,wk inc flu hosp,2,2024-11-30,23,quantile,0.35,5.496
2024-11-16,wk inc flu hosp,2,2024-11-30,23,quantile,0.4,7.337
2024-11-16,wk inc flu hosp,2,2024-11-30,23,quantile,0.45,8.989
2024-11-16,wk inc flu hosp,2,2024-11-30,23,quantile,0.5,10.958
2024-11-16,wk inc flu hosp,2,2024-11-30,23,quantile,0.55,12.826
2024-11-16,wk inc flu hosp,2,2024-11-30,23,quantile,0.6,14.445
2024-11-16,wk inc flu hosp,2,2024-11-30,23,quantile,0.65,16.103
2024-11-16,wk inc flu hosp,2,2024-11-30,23,quantile,0.7,18.534
2024-11-16,wk inc flu hosp,2,2024-11-30,23,quantile,0.75,20.724
2024-11-16,wk inc flu hosp,2,2024-11-30,23,quantile,0.8,23.408
2024-11-16,wk inc flu hosp,2,2024-11-30,23,quantile,0.85,27.157
2024-11-16,wk inc flu hosp,2,2024-11-30,23,quantile,0.9,31.748
2024-11-16,wk inc flu hosp,2,2024-11-30,23,quantile,0.95,38.407
2024-11-16,wk inc flu hosp,2,2024-11-30,23,quantile,0.975,43.721
2024-11-16,wk inc flu hosp,2,2024-11-30,23,quantile,0.99,47.398
2024-11-16,wk inc flu hosp,3,2024-12-07,23,quantile,0.01,0.0
2024-11-16,wk inc flu hosp,3,2024-12-07,23,quantile,0.025,0.0
2024-11-16,wk inc flu hosp,3,2024-12-07,23,quantile,0.05,0.0
2024-11-16,wk inc flu hosp,3,2024-12-07,23,quantile,0.1,0.0
2024-11-16,wk inc flu hosp,3,2024-12-07,23,quantile,0.15,0.0
2024-11-16,wk inc flu hosp,3,2024-12-07,23,quantile,0.2,2.13
2024-11-16,wk inc flu hosp,3,2024-12-07,23,quantile,0.25,4.679
2024-11-16,wk inc flu hosp,3,2024-12-07,23,quantile,0.3,6.383
2024-11-16,wk inc flu hosp,3,2024-12-07,23,quantile,0.35,8.559
2024-11-16,wk inc flu hosp,3,2024-12-07,23,quantile,0.4,10.648
2024-11-16,wk inc flu hosp,3,2024-12-07,23,quantile,0.45,12.827
2024-11-16,wk inc flu hosp,3,2024-12-07,23,quantile,0.5,14.381
2024-11-16,wk inc flu hosp,3,2024-12-07,23,quantile,0.55,16.432
2024-11-16,wk inc flu hosp,3,2024-12-07,23,quantile,0.6,18.458
2024-11-16,wk inc flu hosp,3,2024-12-07,23,quantile,0.65,20.715
2024-11-16,wk inc flu hosp,3,2024-12-07,23,quantile,0.7,22.522
2024-11-16,wk inc flu hosp,3,2024-12-07,23,quantile,0.75,25.416
2024-11-16,wk inc flu hosp,3,2024-12-07,23,quantile,0.8,28.945
2024-11-16,wk inc flu hosp,3,2024-12-07,23,quantile,0.85,32.742
2024-11-16,wk inc flu hosp,3,2024-12-07,23,quantile,0.9,37.831
2024-11-16,wk inc flu hosp,3,2024-12-07,23,quantile,0.95,44.377
2024-11-16,wk inc flu hosp,3,2024-12-07,23,quantile,0.975,49.07
2024-11-16,wk inc flu hosp,3,2024-12-07,23,quantile,0.99,59.293
2024-11-16,wk inc flu hosp,0,2024-11-16,24,quantile,0.01,0.0
2024-11-16,wk inc flu hosp,0,2024-11-16,24,quantile,0.025,0.0
2024-11-16,wk inc flu hosp,0,2024-11-16,24,quantile,0.05,0.0
2024-11-16,wk inc flu hosp,0,2024-11-16,24,quantile,0.1,0.0
2024-11-16,wk inc flu hosp,0,2024-11-16,24,quantile,0.15,0.0
2024-11-16,wk inc flu hosp,0,2024-11-16,24,quantile,0.2,0.0
2024-11-16,wk inc flu hosp,0,2024-11-16,24,quantile,0.25,0.0
2024-11-16,wk inc flu hosp,0,2024-11-16,24,quantile,0.3,0.0
2024-11-16,wk inc flu hosp,0,2024-11-16,24,quantile,0.35,2.455
2024-11-16,wk inc flu hosp,0,2024-11-16,24,quantile,0.4,9.012
2024-11-16,wk inc flu hosp,0,2024-11-16,24,quantile,0.45,15.106
2024-11-16,wk inc flu hosp,0,2024-11-16,24,quantile,0.5,18.931
2024-11-16,wk inc flu hosp,0,2024-11-16,24,quantile,0.55,24.05
2024-11-16,wk inc flu hosp,0,2024-11-16,24,quantile,0.6,28.219
2024-11-16,wk inc flu hosp,0,2024-11-16,24,quantile,0.65,34.055
2024-11-16,wk inc flu hosp,0,2024-11-16,24,quantile,0.7,40.34
2024-11-16,wk inc flu hosp,0,2024-11-16,24,quantile,0.75,46.293
2024-11-16,wk inc flu hosp,0,2024-11-16,24,quantile,0.8,53.773
2024-11-16,wk inc flu hosp,0,2024-11-16,24,quantile,0.85,61.509
2024-11-16,wk inc flu hosp,0,2024-11-16,24,quantile,0.9,74.809
2024-11-16,wk inc flu hosp,0,2024-11-16,24,quantile,0.95,94.317
2024-11-16,wk inc flu hosp,0,2024-11-16,24,quantile,0.975,103.667
2024-11-16,wk inc flu hosp,0,2024-11-16,24,quantile,0.99,119.313
2024-11-16,wk inc flu hosp,1,2024-11-23,24,quantile,0.01,0.0
2024-11-16,wk inc flu hosp,1,2024-11-23,24,quantile,0.025,0.0
2024-11-16,wk inc flu hosp,1,2024-11-23,24,quantile,0.05,0.0
2024-11-16,wk inc flu hosp,1,2024-11-23,24,quantile,0.1,0.0
2024-11-16,wk inc flu hosp,1,2024-11-23,24,quantile,0.15,0.0
2024-11-16,wk inc flu hosp,1,2024-11-23,24,quantile,0.2,0.0
2024-11-16,wk inc flu hosp,1,2024-11-23,24,quantile,0.25,6.104
2024-11-16,wk inc flu hosp,1,2024-11-23,24,quantile,0.3,13.18
2024-11-16,wk inc flu hosp,1,2024-11-23,24,quantile,0.35,19.264
2024-11-16,wk inc flu hosp,1,2024-11-23,24,quantile,0.4,26.051
2024-11-16,wk inc flu hosp,1,2024-11-23,24,quantile,0.45,32.51
2024-11-16,wk inc flu hosp,1,2024-11-23,24,quantile,0.5,37.857
2024-11-16,wk inc flu hosp,1,2024-11-23,24,quantile,0.55,45.484
2024-11-16,wk inc flu hosp,1,2024-11-23,24,quantile,0.6,52.796
2024-11-16,wk inc flu hosp,1,2024-11-23,24,quantile,0.65,57.751
2024-11-16,wk inc flu hosp,1,2024-11-23,24,quantile,0.7,66.217
2024-11-16,wk inc flu hosp,1,2024-11-23,24,quantile,0.75,74.87
2024-11-16,wk inc flu hosp,1,2024-11-23,24,quantile,0.8,85.06
2024-11-16,wk inc flu hosp,1,2024-11-23,24,quantile,0.85,95.74
2024-11-16,wk inc flu hosp,1,2024-11-23,24,quantile,0.9,116.626
2024-11-16,wk inc flu hosp,1,2024-11-23,24,quantile,0.95,137.782
2024-11-16,wk inc flu hosp,1,2024-11-23,24,quantile,0.975,156.943
2024-11-16,wk inc flu hosp,1,2024-11-23,24,quantile,0.99,185.158
2024-11-16,wk inc flu hosp,2,2024-11-30,24,quantile,0.01,0.0
2024-11-16,wk inc flu hosp,2,2024-11-30,24,quantile,0.025,0.0
2024-11-16,wk inc flu hosp,2,2024-11-30,24,quantile,0.05,0.0
2024-11-16,wk inc flu hosp,2,2024-11-30,24,quantile,0.1,0.0
2024-11-16,wk inc flu hosp,2,2024-11-30,24,quantile,0.15,0.0
2024-11-16,wk inc flu hosp,2,2024-11-30,24,quantile,0.2,10.419
2024-11-16,wk inc flu hosp,2,2024-11-30,24,quantile,0.25,18.849
2024-11-16,wk inc flu hosp,2,2024-11-30,24,quantile,0.3,28.514
2024-11-16,wk inc flu hosp,2,2024-11-30,24,quantile,0.35,35.025
2024-11-16,wk inc flu hosp,2,2024-11-30,24,quantile,0.4,43.033
2024-11-16,wk inc flu hosp,2,2024-11-30,24,quantile,0.45,51.666
2024-11-16,wk inc flu hosp,2,2024-11-30,24,quantile,0.5,57.832
2024-11-16,wk inc flu hosp,2,2024-11-30,24,quantile,0.55,65.652
2024-11-16,wk inc flu hosp,2,2024-11-30,24,quantile,0.6,72.951
2024-11-16,wk inc flu hosp,2,2024-11-30,24,quantile,0.65,81.44
2024-11-16,wk inc flu hosp,2,2024-11-30,24,quantile,0.7,92.502
2024-11-16,wk inc flu hosp,2,2024-11-30,24,quantile,0.75,102.826
2024-11-16,wk inc flu hosp,2,2024-11-30,24,quantile,0.8,112.616
2024-11-16,wk inc flu hosp,2,2024-11-30,24,quantile,0.85,123.73
2024-11-16,wk inc flu hosp,2,2024-11-30,24,quantile,0.9,144.486
2024-11-16,wk inc flu hosp,2,2024-11-30,24,quantile,0.95,171.512
2024-11-16,wk inc flu hosp,2,2024-11-30,24,quantile,0.975,196.258
2024-11-16,wk inc flu hosp,2,2024-11-30,24,quantile,0.99,230.656
2024-11-16,wk inc flu hosp,3,2024-12-07,24,quantile,0.01,0.0
2024-11-16,wk inc flu hosp,3,2024-12-07,24,quantile,0.025,0.0
2024-11-16,wk inc flu hosp,3,2024-12-07,24,quantile,0.05,0.0
2024-11-16,wk inc flu hosp,3,2024-12-07,24,quantile,0.1,0.0
2024-11-16,wk inc flu hosp,3,2024-12-07,24,quantile,0.15,6.454
2024-11-16,wk inc flu hosp,3,2024-12-07,24,quantile,0.2,15.434
2024-11-16,wk inc flu hosp,3,2024-12-07,24,quantile,0.25,27.554
2024-11-16,wk inc flu hosp,3,2024-12-07,24,quantile,0.3,37.62
2024-11-16,wk inc flu hosp,3,2024-12-07,24,quantile,0.35,45.412
2024-11-16,wk inc flu hosp,3,2024-12-07,24,quantile,0.4,52.311
2024-11-16,wk inc flu hosp,3,2024-12-07,24,quantile,0.45,61.974
2024-11-16,wk inc flu hosp,3,2024-12-07,24,quantile,0.5,71.299
2024-11-16,wk inc flu hosp,3,2024-12-07,24,quantile,0.55,82.404
2024-11-16,wk inc flu hosp,3,2024-12-07,24,quantile,0.6,90.604
2024-11-16,wk inc flu hosp,3,2024-12-07,24,quantile,0.65,99.333
2024-11-16,wk inc flu hosp,3,2024-12-07,24,quantile,0.7,112.587
2024-11-16,wk inc flu hosp,3,2024-12-07,24,quantile,0.75,122.865
2024-11-16,wk inc flu hosp,3,2024-12-07,24,quantile,0.8,133.636
2024-11-16,wk inc flu hosp,3,2024-12-07,24,quantile,0.85,149.461
2024-11-16,wk inc flu hosp,3,2024-12-07,24,quantile,0.9,175.757
2024-11-16,wk inc flu hosp,3,2024-12-07,24,quantile,0.95,206.076
2024-11-16,wk inc flu hosp,3,2024-12-07,24,quantile,0.975,237.484
2024-11-16,wk inc flu hosp,3,2024-12-07,24,quantile,0.99,261.637
2024-11-16,wk inc flu hosp,0,2024-11-16,25,quantile,0.01,0.0
2024-11-16,wk inc flu hosp,0,2024-11-16,25,quantile,0.025,0.0
2024-11-16,wk inc flu hosp,0,2024-11-16,25,quantile,0.05,0.0
2024-11-16,wk inc flu hosp,0,2024-11-16,25,quantile,0.1,7.112
2024-11-16,wk inc flu hosp,0,2024-11-16,25,quantile,0.15,12.377
2024-11-16,wk inc flu hosp,0,2024-11-16,25,quantile,0.2,17.278
2024-11-16,wk inc flu hosp,0,2024-11-16,25,quantile,0.25,21.24
2024-11-16,wk inc flu hosp,0,2024-11-16,25,quantile,0.3,26.174
2024-11-16,wk inc flu hosp,0,2024-11-16,25,quantile,0.35,30.324
2024-11-16,wk inc flu hosp,0,2024-11-16,25,quantile,0.4,33.344
2024-11-16,wk inc flu hosp,0,2024-11-16,25,quantile,0.45,36.428
2024-11-16,wk inc flu hosp,0,2024-11-16,25,quantile,0.5,39.655
2024-11-16,wk inc flu hosp,0,2024-11-16,25,quantile,0.55,42.947
2024-11-16,wk inc flu hosp,0,2024-11-16,25,quantile,0.6,45.908
2024-11-16,wk inc flu hosp,0,2024-11-16,25,quantile,0.65,50.181
2024-11-16,wk inc flu hosp,0,2024-11-16,25,quantile,0.7,54.054
2024-11-16,wk inc flu hosp,0,2024-11-16,25,quantile,0.75,58.458
2024-11-16,wk inc flu hosp,0,2024-11-16,25,quantile,0.8,63.101
2024-11-16,wk inc flu hosp,0,2024-11-16,25,quantile,0.85,68.773
2024-11-16,wk inc flu hosp,0,2024-11-16,25,quantile,0.9,76.843
2024-11-16,wk inc flu hosp,0,2024-11-16,25,quantile,0.95,88.427
2024-11-16,wk inc flu hosp,0,2024-11-16,25,quantile,0.975,99.137
2024-11-16,wk inc flu hosp,0,2024-11-16,25,quantile,0.99,119.35
2024-11-16,wk inc flu hosp,1,2024-11-23,25,quantile,0.01,0.0
2024-11-16,wk inc flu hosp,1,2024-11-23,25,quantile,0.025,0.0
2024-11-16,wk inc flu hosp,1,2024-11-23,25,quantile,0.05,0.0
2024-11-16,wk inc flu hosp,1,2024-11-23,25,quantile,0.1,7.717
2024-11-16,wk inc flu hosp,1,2024-11-23,25,quantile,0.15,14.053
2024-11-16,wk inc flu hosp,1,2024-11-23,25,quantile,0.2,20.278
2024-11-16,wk inc flu hosp,1,2024-11-23,25,quantile,0.25,26.379
2024-11-16,wk inc flu hosp,1,2024-11-23,25,quantile,0.3,33.243
2024-11-16,wk inc flu hosp,1,2024-11-23,25,quantile,0.35,40.489
2024-11-16,wk inc flu hosp,1,2024-11-23,25,quantile,0.4,45.074
2024-11-16,wk inc flu hosp,1,2024-11-23,25,quantile,0.45,50.337
2024-11-16,wk inc flu hosp,1,2024-11-23,25,quantile,0.5,55.205
2024-11-16,wk inc flu hosp,1,2024-11-23,25,quantile,0.55,59.799
2024-11-16,wk inc flu hosp,1,2024-11-23,25,quantile,0.6,63.971
2024-11-16,wk inc flu hosp,1,2024-11-23,25,quantile,0.65,69.331
2024-11-16,wk inc flu hosp,1,2024-11-23,25,quantile,0.7,74.788
2024-11-16,wk inc flu hosp,1,2024-11-23,25,quantile,0.75,81.213
2024-11-16,wk inc flu hosp,1,2024-11-23,25,quantile,0.8,89.137
2024-11-16,wk inc flu hosp,1,2024-11-23,25,quantile,0.85,97.311
2024-11-16,wk inc flu hosp,1,2024-11-23,25,quantile,0.9,108.311
2024-11-16,wk inc flu hosp,1,2024-11-23,25,quantile,0.95,132.151
2024-11-16,wk inc flu hosp,1,2024-11-23,25,quantile,0.975,151.876
2024-11-16,wk inc flu hosp,1,2024-11-23,25,quantile,0.99,178.901
2024-11-16,wk inc flu hosp,2,2024-11-30,25,quantile,0.01,0.0
2024-11-16,wk inc flu hosp,2,2024-11-30,25,quantile,0.025,0.0
2024-11-16,wk inc flu hosp,2,2024-11-30,25,quantile,0.05,0.0
2024-11-16,wk inc flu hosp,2,2024-11-30,25,quantile,0.1,12.217
2024-11-16,wk inc flu hosp,2,2024-11-30,25,quantile,0.15,20.999
2024-11-16,wk inc flu hosp,2,2024-11-30,25,quantile,0.2,30.133
2024-11-16,wk inc flu hosp,2,2024-11-30,25,quantile,0.25,36.929
2024-11-16,wk inc flu hosp,2,2024-11-30,25,quantile,0.3,44.295
2024-11-16,wk inc flu hosp,2,2024-11-30,25,quantile,0.35,50.176
2024-11-16,wk inc flu hosp,2,2024-11-30,25,quantile,0.4,57.615
2024-11-16,wk inc flu hosp,2,2024-11-30,25,quantile,0.45,62.881
2024-11-16,wk inc flu hosp,2,2024-11-30,25,quantile,0.5,69.571
2024-11-16,wk inc flu hosp,2,2024-11-30,25,quantile,0.55,74.418
2024-11-16,wk inc flu hosp,2,2024-11-30,25,quantile,0.6,80.727
2024-11-16,wk inc flu hosp,2,2024-11-30,25,quantile,0.65,86.447
2024-11-16,wk inc flu hosp,2,2024-11-30,25,quantile,0.7,93.765
2024-11-16,wk inc flu hosp,2,2024-11-30,25,quantile,0.75,102.079
2024-11-16,wk inc flu hosp,2,2024-11-30,25,quantile,0.8,112.183
2024-11-16,wk inc flu hosp,2,2024-11-30,25,quantile,0.85,126.313
2024-11-16,wk inc flu hosp,2,2024-11-30,25,quantile,0.9,138.716
2024-11-16,wk inc flu hosp,2,2024-11-30,25,quantile,0.95,159.109
2024-11-16,wk inc flu hosp,2,2024-11-30,25,quantile,0.975,186.206
2024-11-16,wk inc flu hosp,2,2024-11-30,25,quantile,0.99,202.626
2024-11-16,wk inc flu hosp,3,2024-12-07,25,quantile,0.01,0.0
2024-11-16,wk inc flu hosp,3,2024-12-07,25,quantile,0.025,0.0
2024-11-16,wk inc flu hosp,3,2024-12-07,25,quantile,0.05,4.718
2024-11-16,wk inc flu hosp,3,2024-12-07,25,quantile,0.1,20.454
2024-11-16,wk inc flu hosp,3,2024-12-07,25,quantile,0.15,31.321
2024-11-16,wk inc flu hosp,3,2024-12-07,25,quantile,0.2,40.192
2024-11-16,wk inc flu hosp,3,2024-12-07,25,quantile,0.25,49.521
2024-11-16,wk inc flu hosp,3,2024-12-07,25,quantile,0.3,55.861
2024-11-16,wk inc flu hosp,3,2024-12-07,25,quantile,0.35,63.198
2024-11-16,wk inc flu hosp,3,2024-12-07,25,quantile,0.4,69.571
2024-11-16,wk inc flu hosp,3,2024-12-07,25,quantile,0.45,75.461
2024-11-16,wk inc flu hosp,3,2024-12-07,25,quantile,0.5,83.149
2024-11-16,wk inc flu hosp,3,2024-12-07,25,quantile,0.55,89.425
2024-11-16,wk inc flu hosp,3,2024-12-07,25,quantile,0.6,94.506
2024-11-16,wk inc flu hosp,3,2024-12-07,25,quantile,0.65,103.403
2024-11-16,wk inc flu hosp,3,2024-12-07,25,quantile,0.7,112.373
2024-11-16,wk inc flu hosp,3,2024-12-07,25,quantile,0.75,120.804
2024-11-16,wk inc flu hosp,3,2024-12-07,25,quantile,0.8,134.982
2024-11-16,wk inc flu hosp,3,2024-12-07,25,quantile,0.85,146.675
2024-11-16,wk inc flu hosp,3,2024-12-07,25,quantile,0.9,164.555
2024-11-16,wk inc flu hosp,3,2024-12-07,25,quantile,0.95,187.26
2024-11-16,wk inc flu hosp,3,2024-12-07,25,quantile,0.975,221.028
2024-11-16,wk inc flu hosp,3,2024-12-07,25,quantile,0.99,240.85
2024-11-16,wk inc flu hosp,0,2024-11-16,26,quantile,0.01,0.0
2024-11-16,wk inc flu hosp,0,2024-11-16,26,quantile,0.025,0.0
2024-11-16,wk inc flu hosp,0,2024-11-16,26,quantile,0.05,0.0
2024-11-16,wk inc flu hosp,0,2024-11-16,26,quantile,0.1,0.0
2024-11-16,wk inc flu hosp,0,2024-11-16,26,quantile,0.15,10.078
2024-11-16,wk inc flu hosp,0,2024-11-16,26,quantile,0.2,18.408
2024-11-16,wk inc flu hosp,0,2024-11-16,26,quantile,0.25,26.951
2024-11-16,wk inc flu hosp,0,2024-11-16,26,quantile,0.3,34.321
2024-11-16,wk inc flu hosp,0,2024-11-16,26,quantile,0.35,41.08
2024-11-16,wk inc flu hosp,0,2024-11-16,26,quantile,0.4,46.019
2024-11-16,wk inc flu hosp,0,2024-11-16,26,quantile,0.45,51.849
2024-11-16,wk inc flu hosp,0,2024-11-16,26,quantile,0.5,57.338
2024-11-16,wk inc flu hosp,0,2024-11-16,26,quantile,0.55,63.777
2024-11-16,wk inc flu hosp,0,2024-11-16,26,quantile,0.6,69.447
2024-11-16,wk inc flu hosp,0,2024-11-16,26,quantile,0.65,77.519
2024-11-16,wk inc flu hosp,0,2024-11-16,26,quantile,0.7,84.465
2024-11-16,wk inc flu hosp,0,2024-11-16,26,quantile,0.75,92.083
2024-11-16,wk inc flu hosp,0,2024-11-16,26,quantile,0.8,99.028
2024-11-16,wk inc flu hosp,0,2024-11-16,26,quantile,0.85,109.408
2024-11-16,wk inc flu hosp,0,2024-11-16,26,quantile,0.9,121.172
2024-11-16,wk inc flu hosp,0,2024-11-16,26,quantile,0.95,143.214
2024-11-16,wk inc flu hosp,0,2024-11-16,26,quantile,0.975,165.081
2024-11-16,wk inc flu hosp,0,2024-11-16,26,quantile,0.99,183.467
2024-11-16,wk inc flu hosp,1,2024-11-23,26,quantile,0.01,0.0
2024-11-16,wk inc flu hosp,1,2024-11-23,26,quantile,0.025,0.0
2024-11-16,wk inc flu hosp,1,2024-11-23,26,quantile,0.05,0.0
2024-11-16,wk inc flu hosp,1,2024-11-23,26,quantile,0.1,0.0
2024-11-16,wk inc flu hosp,1,2024-11-23,26,quantile,0.15,9.353
2024-11-16,wk inc flu hosp,1,2024-11-23,26,quantile,0.2,19.853
2024-11-16,wk inc flu hosp,1,2024-11-23,26,quantile,0.25,31.407
2024-11-16,wk inc flu hosp,1,2024-11-23,26,quantile,0.3,41.619
2024-11-16,wk inc flu hosp,1,2024-11-23,26,quantile,0.35,49.043
2024-11-16,wk inc flu hosp,1,2024-11-23,26,quantile,0.4,57.51
2024-11-16,wk inc flu hosp,1,2024-11-23,26,quantile,0.45,66.332
2024-11-16,wk inc flu hosp,1,2024-11-23,26,quantile,0.5,76.134
2024-11-16,wk inc flu hosp,1,2024-11-23,26,quantile,0.55,86.303
2024-11-16,wk inc flu hosp,1,2024-11-23,26,quantile,0.6,94.347
2024-11-16,wk inc flu hosp,1,2024-11-23,26,quantile,0.65,101.612
2024-11-16,wk inc flu hosp,1,2024-11-23,26,quantile,0.7,112.401
2024-11-16,wk inc flu hosp,1,2024-11-23,26,quantile,0.75,122.296
2024-11-16,wk inc flu hosp,1,2024-11-23,26,quantile,0.8,131.865
2024-11-16,wk inc flu hosp,1,2024-11-23,26,quantile,0.85,148.491
2024-11-16,wk inc flu hosp,1,2024-11-23,26,quantile,0.9,164.647
2024-11-16,wk inc flu hosp,1,2024-11-23,26,quantile,0.95,196.058
2024-11-16,wk inc flu hosp,1,2024-11-23,26,quantile,0.975,220.391
2024-11-16,wk inc flu hosp,1,2024-11-23,26,quantile,0.99,248.814
2024-11-16,wk inc flu hosp,2,2024-11-30,26,quantile,0.01,0.0
2024-11-16,wk inc flu hosp,2,2024-11-30,26,quantile,0.025,0.0
2024-11-16,wk inc flu hosp,2,2024-11-30,26,quantile,0.05,0.0
2024-11-16,wk inc flu hosp,2,2024-11-30,26,quantile,0.1,0.0
2024-11-16,wk inc flu hosp,2,2024-11-30,26,quantile,0.15,13.208
2024-11-16,wk inc flu hosp,2,2024-11-30,26,quantile,0.2,25.784
2024-11-16,wk inc flu hosp,2,2024-11-30,26,quantile,0.25,37.135
2024-11-16,wk inc flu hosp,2,2024-11-30,26,quantile,0.3,47.312
2024-11-16,wk inc flu hosp,2,2024-11-30,26,quantile,0.35,59.562
2024-11-16,wk inc flu hosp,2,2024-11-30,26,quantile,0.4,71.812
2024-11-16,wk inc flu hosp,2,2024-11-30,26,quantile,0.45,81.349
2024-11-16,wk inc flu hosp,2,2024-11-30,26,quantile,0.5,92.557
2024-11-16,wk inc flu hosp,2,2024-11-30,26,quantile,0.55,101.557
2024-11-16,wk inc flu hosp,2,2024-11-30,26,quantile,0.6,114.275
2024-11-16,wk inc flu hosp,2,2024-11-30,26,quantile,0.65,125.376
2024-11-16,wk inc flu hosp,2,2024-11-30,26,quantile,0.7,135.528
2024-11-16,wk inc flu hosp,2,2024-11-30,26,quantile,0.75,147.865
2024-11-16,wk inc flu hosp,2,2024-11-30,26,quantile,0.8,159.829
2024-11-16,wk inc flu hosp,2,2024-11-30,26,quantile,0.85,179.34
2024-11-16,wk inc flu hosp,2,2024-11-30,26,quantile,0.9,202.543
2024-11-16,wk inc flu hosp,2,2024-11-30,26,quantile,0.95,239.269
2024-11-16,wk inc flu hosp,2,2024-11-30,26,quantile,0.975,274.23
2024-11-16,wk inc flu hosp,2,2024-11-30,26,quantile,0.99,311.188
2024-11-16,wk inc flu hosp,3,2024-12-07,26,quantile,0.01,0.0
2024-11-16,wk inc flu hosp,3,2024-12-07,26,quantile,0.025,0.0
2024-11-16,wk inc flu hosp,3,2024-12-07,26,quantile,0.05,0.0
2024-11-16,wk inc flu hosp,3,2024-12-07,26,quantile,0.1,3.448
2024-11-16,wk inc flu hosp,3,2024-12-07,26,quantile,0.15,22.216
2024-11-16,wk inc flu hosp,3,2024-12-07,26,quantile,0.2,38.09
2024-11-16,wk inc flu hosp,3,2024-12-07,26,quantile,0.25,52.94
2024-11-16,wk inc flu hosp,3,2024-12-07,26,quantile,0.3,64.653
2024-11-16,wk inc flu hosp,3,2024-12-07,26,quantile,0.35,75.904
2024-11-16,wk inc flu hosp,3,2024-12-07,26,quantile,0.4,88.829
2024-11-16,wk inc flu hosp,3,2024-12-07,26,quantile,0.45,101.442
2024-11-16,wk inc flu hosp,3,2024-12-07,26,quantile,0.5,114.578
2024-11-16,wk inc flu hosp,3,2024-12-07,26,quantile,0.55,126.425
2024-11-16,wk inc flu hosp,3,2024-12-07,26,quantile,0.6,138.654
2024-11-16,wk inc flu hosp,3,2024-12-07,26,quantile,0.65,151.367
2024-11-16,wk inc flu hosp,3,2024-12-07,26,quantile,0.7,163.439
2024-11-16,wk inc flu hosp,3,2024-12-07,26,quantile,0.75,177.122
2024-11-16,wk inc flu hosp,3,2024-12-07,26,quantile,0.8,191.722
2024-11-16,wk inc flu hosp,3,2024-12-07,26,quantile,0.85,213.485
2024-11-16,wk inc flu hosp,3,2024-12-07,26,quantile,0.9,245.817
2024-11-16,wk inc flu hosp,3,2024-12-07,26,quantile,0.95,279.224
2024-11-16,wk inc flu hosp,3,2024-12-07,26,quantile,0.975,312.178
2024-11-16,wk inc flu hosp,3,2024-12-07,26,quantile,0.99,349.84
2024-11-16,wk inc flu hosp,0,2024-11-16,27,quantile,0.01,0.0
2024-11-16,wk inc flu hosp,0,2024-11-16,27,quantile,0.025,0.0
2024-11-16,wk inc flu hosp,0,2024-11-16,27,quantile,0.05,0.0
2024-11-16,wk inc flu hosp,0,2024-11-16,27,quantile,0.1,0.0
2024-11-16,wk inc flu hosp,0,2024-11-16,27,quantile,0.15,0.0
2024-11-16,wk inc flu hosp,0,2024-11-16,27,quantile,0.2,0.0
2024-11-16,wk inc flu hosp,0,2024-11-16,27,quantile,0.25,0.0
2024-11-16,wk inc flu hosp,0,2024-11-16,27,quantile,0.3,5.195
2024-11-16,wk inc flu hosp,0,2024-11-16,27,quantile,0.35,16.225
2024-11-16,wk inc flu hosp,0,2024-11-16,27,quantile,0.4,27.969
2024-11-16,wk inc flu hosp,0,2024-11-16,27,quantile,0.45,35.748
2024-11-16,wk inc flu hosp,0,2024-11-16,27,quantile,0.5,45.095
2024-11-16,wk inc flu hosp,0,2024-11-16,27,quantile,0.55,52.779
2024-11-16,wk inc flu hosp,0,2024-11-16,27,quantile,0.6,62.492
2024-11-16,wk inc flu hosp,0,2024-11-16,27,quantile,0.65,72.484
2024-11-16,wk inc flu hosp,0,2024-11-16,27,quantile,0.7,82.492
2024-11-16,wk inc flu hosp,0,2024-11-16,27,quantile,0.75,95.373
2024-11-16,wk inc flu hosp,0,2024-11-16,27,quantile,0.8,108.6
2024-11-16,wk inc flu hosp,0,2024-11-16,27,quantile,0.85,129.109
2024-11-16,wk inc flu hosp,0,2024-11-16,27,quantile,0.9,153.073
2024-11-16,wk inc flu hosp,0,2024-11-16,27,quantile,0.95,177.596
2024-11-16,wk inc flu hosp,0,2024-11-16,27,quantile,0.975,215.899
2024-11-16,wk inc flu hosp,0,2024-11-16,27,quantile,0.99,250.346
2024-11-16,wk inc flu hosp,1,2024-11-23,27,quantile,0.01,0.0
2024-11-16,wk inc flu hosp,1,2024-11-23,27,quantile,0.025,0.0
2024-11-16,wk inc flu hosp,1,2024-11-23,27,quantile,0.05,0.0
2024-11-16,wk inc flu hosp,1,2024-11-23,27,quantile,0.1,0.0
2024-11-16,wk inc flu hosp,1,2024-11-23,27,quantile,0.15,0.0
2024-11-16,wk inc flu hosp,1,2024-11-23,27,quantile,0.2,0.0
2024-11-16,wk inc flu hosp,1,2024-11-23,27,quantile,0.25,8.593
2024-11-16,wk inc flu hosp,1,2024-11-23,27,quantile,0.3,22.703
2024-11-16,wk inc flu hosp,1,2024-11-23,27,quantile,0.35,36.303
2024-11-16,wk inc flu hosp,1,2024-11-23,27,quantile,0.4,52.774
2024-11-16,wk inc flu hosp,1,2024-11-23,27,quantile,0.45,66.518
2024-11-16,wk inc flu hosp,1,2024-11-23,27,quantile,0.5,76.654
2024-11-16,wk inc flu hosp,1,2024-11-23,27,quantile,0.55,87.795
2024-11-16,wk inc flu hosp,1,2024-11-23,27,quantile,0.6,100.13
2024-11-16,wk inc flu hosp,1,2024-11-23,27,quantile,0.65,116.292
2024-11-16,wk inc flu hosp,1,2024-11-23,27,quantile,0.7,128.404
2024-11-16,wk inc flu hosp,1,2024-11-23,27,quantile,0.75,145.309
2024-11-16,wk inc flu hosp,1,2024-11-23,27,quantile,0.8,162.383
2024-11-16,wk inc flu hosp,1,2024-11-23,27,quantile,0.85,188.163
2024-11-16,wk inc flu hosp,1,2024-11-23,27,quantile,0.9,216.596
2024-11-16,wk inc flu hosp,1,2024-11-23,27,quantile,0.95,256.561
2024-11-16,wk inc flu hosp,1,2024-11-23,27,quantile,0.975,287.534
2024-11-16,wk inc flu hosp,1,2024-11-23,27,quantile,0.99,335.161
2024-11-16,wk inc flu hosp,2,2024-11-30,27,quantile,0.01,0.0
2024-11-16,wk inc flu hosp,2,2024-11-30,27,quantile,0.025,0.0
2024-11-16,wk inc flu hosp,2,2024-11-30,27,quantile,0.05,0.0
2024-11-16,wk inc flu hosp,2,2024-11-30,27,quantile,0.1,0.0
2024-11-16,wk inc flu hosp,2,2024-11-30,27,quantile,0.15,0.0
2024-11-16,wk inc flu hosp,2,2024-11-30,27,quantile,0.2,13.383
2024-11-16,wk inc flu hosp,2,2024-11-30,27,quantile,0.25,28.402
2024-11-16,wk inc flu hosp,2,2024-11-30,27,quantile,0.3,42.334
2024-11-16,wk inc flu hosp,2,2024-11-30,27,quantile,0.35,57.471
2024-11-16,wk inc flu hosp,2,2024-11-30,27,quantile,0.4,70.559
2024-11-16,wk inc flu hosp,2,2024-11-30,27,quantile,0.45,84.493
2024-11-16,wk inc flu hosp,2,2024-11-30,27,quantile,0.5,102.217
2024-11-16,wk inc flu hosp,2,2024-11-30,27,quantile,0.55,116.328
2024-11-16,wk inc flu hosp,2,2024-11-30,27,quantile,0.6,131.522
2024-11-16,wk inc flu hosp,2,2024-11-30,27,quantile,0.65,152.795
2024-11-16,wk inc flu hosp,2,2024-11-30,27,quantile,0.7,171.571
2024-11-16,wk inc flu hosp,2,2024-11-30,27,quantile,0.75,189.433
2024-11-16,wk inc flu hosp,2,2024-11-30,27,quantile,0.8,208.8
2024-11-16,wk inc flu hosp,2,2024-11-30,27,quantile,0.85,230.497
2024-11-16,wk inc flu hosp,2,2024-11-30,27,quantile,0.9,260.01
2024-11-16,wk inc flu hosp,2,2024-11-30,27,quantile,0.95,319.018
2024-11-16,wk inc flu hosp,2,2024-11-30,27,quantile,0.975,370.326
2024-11-16,wk inc flu hosp,2,2024-11-30,27,quantile,0.99,433.402
2024-11-16,wk inc flu hosp,3,2024-12-07,27,quantile,0.01,0.0
2024-11-16,wk inc flu hosp,3,2024-12-07,27,quantile,0.025,0.0
2024-11-16,wk inc flu hosp,3,2024-12-07,27,quantile,0.05,0.0
2024-11-16,wk inc flu hosp,3,2024-12-07,27,quantile,0.1,0.0
2024-11-16,wk inc flu hosp,3,2024-12-07,27,quantile,0.15,11.506
2024-11-16,wk inc flu hosp,3,2024-12-07,27,quantile,0.2,28.414
2024-11-16,wk inc flu hosp,3,2024-12-07,27,quantile,0.25,46.723
2024-11-16,wk inc flu hosp,3,2024-12-07,27,quantile,0.3,63.563
2024-11-16,wk inc flu hosp,3,2024-12-07,27,quantile,0.35,77.124
2024-11-16,wk inc flu hosp,3,2024-12-07,27,quantile,0.4,92.436
2024-11-16,wk inc flu hosp,3,2024-12-07,27,quantile,0.45,104.218
2024-11-16,wk inc flu hosp,3,2024-12-07,27,quantile,0.5,126.668
2024-11-16,wk inc flu hosp,3,2024-12-07,27,quantile,0.55,143.723
2024-11-16,wk inc flu hosp,3,2024-12-07,27,quantile,0.6,160.602
2024-11-16,wk inc flu hosp,3,2024-12-07,27,quantile,0.65,179.227
2024-11-16,wk inc flu hosp,3,2024-12-07,27,quantile,0.7,203.39
2024-11-16,wk inc flu hosp,3,2024-12-07,27,quantile,0.75,228.942
2024-11-16,wk inc flu hosp,3,2024-12-07,27,quantile,0.8,249.767
2024-11-16,wk inc flu hosp,3,2024-12-07,27,quantile,0.85,281.273
2024-11-16,wk inc flu hosp,3,2024-12-07,27,quantile,0.9,324.337
2024-11-16,wk inc flu hosp,3,2024-12-07,27,quantile,0.95,383.671
2024-11-16,wk inc flu hosp,3,2024-12-07,27,quantile,0.975,453.262
2024-11-16,wk inc flu hosp,3,2024-12-07,27,quantile,0.99,517.191
2024-11-16,wk inc flu hosp,0,2024-11-16,28,quantile,0.01,0.0
2024-11-16,wk inc flu hosp,0,2024-11-16,28,quantile,0.025,0.0
2024-11-16,wk inc flu hosp,0,2024-11-16,28,quantile,0.05,0.0
2024-11-16,wk inc flu hosp,0,2024-11-16,28,quantile,0.1,4.778
2024-11-16,wk inc flu hosp,0,2024-11-16,28,quantile,0.15,9.693
2024-11-16,wk inc flu hosp,0,2024-11-16,28,quantile,0.2,14.875
2024-11-16,wk inc flu hosp,0,2024-11-16,28,quantile,0.25,19.764
2024-11-16,wk inc flu hosp,0,2024-11-16,28,quantile,0.3,23.482
2024-11-16,wk inc flu hosp,0,2024-11-16,28,quantile,0.35,27.495
2024-11-16,wk inc flu hosp,0,2024-11-16,28,quantile,0.4,30.315
2024-11-16,wk inc flu hosp,0,2024-11-16,28,quantile,0.45,34.236
2024-11-16,wk inc flu hosp,0,2024-11-16,28,quantile,0.5,36.795
2024-11-16,wk inc flu hosp,0,2024-11-16,28,quantile,0.55,40.954
2024-11-16,wk inc flu hosp,0,2024-11-16,28,quantile,0.6,44.402
2024-11-16,wk inc flu hosp,0,2024-11-16,28,quantile,0.65,47.645
2024-11-16,wk inc flu hosp,0,2024-11-16,28,quantile,0.7,51.629
2024-11-16,wk inc flu hosp,0,2024-11-16,28,quantile,0.75,56.109
2024-11-16,wk inc flu hosp,0,2024-11-16,28,quantile,0.8,60.74
2024-11-16,wk inc flu hosp,0,2024-11-16,28,quantile,0.85,65.944
2024-11-16,wk inc flu hosp,0,2024-11-16,28,quantile,0.9,76.217
2024-11-16,wk inc flu hosp,0,2024-11-16,28,quantile,0.95,88.332
2024-11-16,wk inc flu hosp,0,2024-11-16,28,quantile,0.975,95.981
2024-11-16,wk inc flu hosp,0,2024-11-16,28,quantile,0.99,114.243
2024-11-16,wk inc flu hosp,1,2024-11-23,28,quantile,0.01,0.0
2024-11-16,wk inc flu hosp,1,2024-11-23,28,quantile,0.025,0.0
2024-11-16,wk inc flu hosp,1,2024-11-23,28,quantile,0.05,0.0
2024-11-16,wk inc flu hosp,1,2024-11-23,28,quantile,0.1,8.095
2024-11-16,wk inc flu hosp,1,2024-11-23,28,quantile,0.15,16.478
2024-11-16,wk inc flu hosp,1,2024-11-23,28,quantile,0.2,20.947
2024-11-16,wk inc flu hosp,1,2024-11-23,28,quantile,0.25,27.515
2024-11-16,wk inc flu hosp,1,2024-11-23,28,quantile,0.3,33.822
2024-11-16,wk inc flu hosp,1,2024-11-23,28,quantile,0.35,39.59
2024-11-16,wk inc flu hosp,1,2024-11-23,28,quantile,0.4,43.839
2024-11-16,wk inc flu hosp,1,2024-11-23,28,quantile,0.45,48.005
2024-11-16,wk inc flu hosp,1,2024-11-23,28,quantile,0.5,52.221
2024-11-16,wk inc flu hosp,1,2024-11-23,28,quantile,0.55,56.427
2024-11-16,wk inc flu hosp,1,2024-11-23,28,quantile,0.6,61.924
2024-11-16,wk inc flu hosp,1,2024-11-23,28,quantile,0.65,68.016
2024-11-16,wk inc flu hosp,1,2024-11-23,28,quantile,0.7,74.014
2024-11-16,wk inc flu hosp,1,2024-11-23,28,quantile,0.75,80.392
2024-11-16,wk inc flu hosp,1,2024-11-23,28,quantile,0.8,87.796
2024-11-16,wk inc flu hosp,1,2024-11-23,28,quantile,0.85,95.199
2024-11-16,wk inc flu hosp,1,2024-11-23,28,quantile,0.9,106.276
2024-11-16,wk inc flu hosp,1,2024-11-23,28,quantile,0.95,120.868
2024-11-16,wk inc flu hosp,1,2024-11-23,28,quantile,0.975,133.875
2024-11-16,wk inc flu hosp,1,2024-11-23,28,quantile,0.99,145.977
2024-11-16,wk inc flu hosp,2,2024-11-30,28,quantile,0.01,0.0
2024-11-16,wk inc flu hosp,2,2024-11-30,28,quantile,0.025,0.0
2024-11-16,wk inc flu hosp,2,2024-11-30,28,quantile,0.05,3.325
2024-11-16,wk inc flu hosp,2,2024-11-30,28,quantile,0.1,13.025
2024-11-16,wk inc flu hosp,2,2024-11-30,28,quantile,0.15,22.541
2024-11-16,wk inc flu hosp,2,2024-11-30,28,quantile,0.2,29.802
2024-11-16,wk inc flu hosp,2,2024-11-30,28,quantile,0.25,37.432
2024-11-16,wk inc flu hosp,2,2024-11-30,28,quantile,0.3,44.705
2024-11-16,wk inc flu hosp,2,2024-11-30,28,quantile,0.35,52.795
2024-11-16,wk inc flu hosp,2,2024-11-30,28,quantile,0.4,58.44
2024-11-16,wk inc flu hosp,2,2024-11-30,28,quantile,0.45,64.223
2024-11-16,wk inc flu hosp,2,2024-11-30,28,quantile,0.5,69.417
2024-11-16,wk inc flu hosp,2,2024-11-30,28,quantile,0.55,75.273
2024-11-16,wk inc flu hosp,2,2024-11-30,28,quantile,0.6,81.207
2024-11-16,wk inc flu hosp,2,2024-11-30,28,quantile,0.65,86.547
2024-11-16,wk inc flu hosp,2,2024-11-30,28,quantile,0.7,94.11
2024-11-16,wk inc flu hosp,2,2024-11-30,28,quantile,0.75,102.138
2024-11-16,wk inc flu hosp,2,2024-11-30,28,quantile,0.8,109.276
2024-11-16,wk inc flu hosp,2,2024-11-30,28,quantile,0.85,119.294
2024-11-16,wk inc flu hosp,2,2024-11-30,28,quantile,0.9,131.198
2024-11-16,wk inc flu hosp,2,2024-11-30,28,quantile,0.95,147.052
2024-11-16,wk inc flu hosp,2,2024-11-30,28,quantile,0.975,165.835
2024-11-16,wk inc flu hosp,2,2024-11-30,28,quantile,0.99,186.69
2024-11-16,wk inc flu hosp,3,2024-12-07,28,quantile,0.01,0.0
2024-11-16,wk inc flu hosp,3,2024-12-07,28,quantile,0.025,0.0
2024-11-16,wk inc flu hosp,3,2024-12-07,28,quantile,0.05,7.032
2024-11-16,wk inc flu hosp,3,2024-12-07,28,quantile,0.1,23.53
2024-11-16,wk inc flu hosp,3,2024-12-07,28,quantile,0.15,36.202
2024-11-16,wk inc flu hosp,3,2024-12-07,28,quantile,0.2,45.506
2024-11-16,wk inc flu hosp,3,2024-12-07,28,quantile,0.25,53.92
2024-11-16,wk inc flu hosp,3,2024-12-07,28,quantile,0.3,60.243
2024-11-16,wk inc flu hosp,3,2024-12-07,28,quantile,0.35,68.19
2024-11-16,wk inc flu hosp,3,2024-12-07,28,quantile,0.4,74.172
2024-11-16,wk inc flu hosp,3,2024-12-07,28,quantile,0.45,81.878
2024-11-16,wk inc flu hosp,3,2024-12-07,28,quantile,0.5,88.11
2024-11-16,wk inc flu hosp,3,2024-12-07,28,quantile,0.55,95.939
2024-11-16,wk inc flu hosp,3,2024-12-07,28,quantile,0.6,102.586
2024-11-16,wk inc flu hosp,3,2024-12-07,28,quantile,0.65,108.183
2024-11-16,wk inc flu hosp,3,2024-12-07,28,quantile,0.7,116.422
2024-11-16,wk inc flu hosp,3,2024-12-07,28,quantile,0.75,124.497
2024-11-16,wk inc flu hosp,3,2024-12-07,28,quantile,0.8,134.754
2024-11-16,wk inc flu hosp,3,2024-12-07,28,quantile,0.85,146.29
2024-11-16,wk inc flu hosp,3,2024-12-07,28,quantile,0.9,161.449
2024-11-16,wk inc flu hosp,3,2024-12-07,28,quantile,0.95,180.38
2024-11-16,wk inc flu hosp,3,2024-12-07,28,quantile,0.975,196.938
2024-11-16,wk inc flu hosp,3,2024-12-07,28,quantile,0.99,222.598
2024-11-16,wk inc flu hosp,0,2024-11-16,29,quantile,0.01,0.0
2024-11-16,wk inc flu hosp,0,2024-11-16,29,quantile,0.025,0.0
2024-11-16,wk inc flu hosp,0,2024-11-16,29,quantile,0.05,0.0
2024-11-16,wk inc flu hosp,0,2024-11-16,29,quantile,0.1,0.0
2024-11-16,wk inc flu hosp,0,2024-11-16,29,quantile,0.15,0.0
2024-11-16,wk inc flu hosp,0,2024-11-16,29,quantile,0.2,0.0
2024-11-16,wk inc flu hosp,0,2024-11-16,29,quantile,0.25,0.0
2024-11-16,wk inc flu hosp,0,2024-11-16,29,quantile,0.3,13.558
2024-11-16,wk inc flu hosp,0,2024-11-16,29,quantile,0.35,27.918
2024-11-16,wk inc flu hosp,0,2024-11-16,29,quantile,0.4,42.825
2024-11-16,wk inc flu hosp,0,2024-11-16,29,quantile,0.45,56.037
2024-11-16,wk inc flu hosp,0,2024-11-16,29,quantile,0.5,69.014
2024-11-16,wk inc flu hosp,0,2024-11-16,29,quantile,0.55,77.608
2024-11-16,wk inc flu hosp,0,2024-11-16,29,quantile,0.6,90.741
2024-11-16,wk inc flu hosp,0,2024-11-16,29,quantile,0.65,105.328
2024-11-16,wk inc flu hosp,0,2024-11-16,29,quantile,0.7,119.929
2024-11-16,wk inc flu hosp,0,2024-11-16,29,quantile,0.75,138.953
2024-11-16,wk inc flu hosp,0,2024-11-16,29,quantile,0.8,153.943
2024-11-16,wk inc flu hosp,0,2024-11-16,29,quantile,0.85,174.825
2024-11-16,wk inc flu hosp,0,2024-11-16,29,quantile,0.9,202.718
2024-11-16,wk inc flu hosp,0,2024-11-16,29,quantile,0.95,245.739
2024-11-16,wk inc flu hosp,0,2024-11-16,29,quantile,0.975,295.096
2024-11-16,wk inc flu hosp,0,2024-11-16,29,quantile,0.99,347.039
2024-11-16,wk inc flu hosp,1,2024-11-23,29,quantile,0.01,0.0
2024-11-16,wk inc flu hosp,1,2024-11-23,29,quantile,0.025,0.0
2024-11-16,wk inc flu hosp,1,2024-11-23,29,quantile,0.05,0.0
2024-11-16,wk inc flu hosp,1,2024-11-23,29,quantile,0.1,0.0
2024-11-16,wk inc flu hosp,1,2024-11-23,29,quantile,0.15,0.0
2024-11-16,wk inc flu hosp,1,2024-11-23,29,quantile,0.2,11.539
2024-11-16,wk inc flu hosp,1,2024-11-23,29,quantile,0.25,32.509
2024-11-16,wk inc flu hosp,1,2024-11-23,29,quantile,0.3,51.012
2024-11-16,wk inc flu hosp,1,2024-11-23,29,quantile,0.35,68.381
2024-11-16,wk inc flu hosp,1,2024-11-23,29,quantile,0.4,79.491
2024-11-16,wk inc flu hosp,1,2024-11-23,29,quantile,0.45,93.118
2024-11-16,wk inc flu hosp,1,2024-11-23,29,quantile,0.5,106.061
2024-11-16,wk inc flu hosp,1,2024-11-23,29,quantile,0.55,119.631
2024-11-16,wk inc flu hosp,1,2024-11-23,29,quantile,0.6,132.878
2024-11-16,wk inc flu hosp,1,2024-11-23,29,quantile,0.65,152.761
2024-11-16,wk inc flu hosp,1,2024-11-23,29,quantile,0.7,170.963
2024-11-16,wk inc flu hosp,1,2024-11-23,29,quantile,0.75,196.609
2024-11-16,wk inc flu hosp,1,2024-11-23,29,quantile,0.8,221.211
2024-11-16,wk inc flu hosp,1,2024-11-23,29,quantile,0.85,258.565
2024-11-16,wk inc flu hosp,1,2024-11-23,29,quantile,0.9,293.83
2024-11-16,wk inc flu hosp,1,2024-11-23,29,quantile,0.95,361.466
2024-11-16,wk inc flu hosp,1,2024-11-23,29,quantile,0.975,424.477
2024-11-16,wk inc flu hosp,1,2024-11-23,29,quantile,0.99,484.933
2024-11-16,wk inc flu hosp,2,2024-11-30,29,quantile,0.01,0.0
2024-11-16,wk inc flu hosp,2,2024-11-30,29,quantile,0.025,0.0
2024-11-16,wk inc flu hosp,2,2024-11-30,29,quantile,0.05,0.0
2024-11-16,wk inc flu hosp,2,2024-11-30,29,quantile,0.1,0.0
2024-11-16,wk inc flu hosp,2,2024-11-30,29,quantile,0.15,3.948
2024-11-16,wk inc flu hosp,2,2024-11-30,29,quantile,0.2,31.802
2024-11-16,wk inc flu hosp,2,2024-11-30,29,quantile,0.25,52.771
2024-11-16,wk inc flu hosp,2,2024-11-30,29,quantile,0.3,72.015
2024-11-16,wk inc flu hosp,2,2024-11-30,29,quantile,0.35,94.756
2024-11-16,wk inc flu hosp,2,2024-11-30,29,quantile,0.4,110.015
2024-11-16,wk inc flu hosp,2,2024-11-30,29,quantile,0.45,127.787
2024-11-16,wk inc flu hosp,2,2024-11-30,29,quantile,0.5,143.226
2024-11-16,wk inc flu hosp,2,2024-11-30,29,quantile,0.55,156.464
2024-11-16,wk inc flu hosp,2,2024-11-30,29,quantile,0.6,174.139
2024-11-16,wk inc flu hosp,2,2024-11-30,29,quantile,0.65,193.98
2024-11-16,wk inc flu hosp,2,2024-11-30,29,quantile,0.7,216.67
2024-11-16,wk inc flu hosp,2,2024-11-30,29,quantile,0.75,240.873
2024-11-16,wk inc flu hosp,2,2024-11-30,29,quantile,0.8,278.174
2024-11-16,wk inc flu hosp,2,2024-11-30,29,quantile,0.85,318.809
2024-11-16,wk inc flu hosp,2,2024-11-30,29,quantile,0.9,362.93
2024-11-16,wk inc flu hosp,2,2024-11-30,29,quantile,0.95,451.532
2024-11-16,wk inc flu hosp,2,2024-11-30,29,quantile,0.975,507.45
2024-11-16,wk inc flu hosp,2,2024-11-30,29,quantile,0.99,561.953
2024-11-16,wk inc flu hosp,3,2024-12-07,29,quantile,0.01,0.0
2024-11-16,wk inc flu hosp,3,2024-12-07,29,quantile,0.025,0.0
2024-11-16,wk inc flu hosp,3,2024-12-07,29,quantile,0.05,0.0
2024-11-16,wk inc flu hosp,3,2024-12-07,29,quantile,0.1,0.0
2024-11-16,wk inc flu hosp,3,2024-12-07,29,quantile,0.15,22.28
2024-11-16,wk inc flu hosp,3,2024-12-07,29,quantile,0.2,42.302
2024-11-16,wk inc flu hosp,3,2024-12-07,29,quantile,0.25,66.681
2024-11-16,wk inc flu hosp,3,2024-12-07,29,quantile,0.3,88.971
2024-11-16,wk inc flu hosp,3,2024-12-07,29,quantile,0.35,111.289
2024-11-16,wk inc flu hosp,3,2024-12-07,29,quantile,0.4,137.494
2024-11-16,wk inc flu hosp,3,2024-12-07,29,quantile,0.45,163.816
2024-11-16,wk inc flu hosp,3,2024-12-07,29,quantile,0.5,181.804
2024-11-16,wk inc flu hosp,3,2024-12-07,29,quantile,0.55,203.732
2024-11-16,wk inc flu hosp,3,2024-12-07,29,quantile,0.6,229.502
2024-11-16,wk inc flu hosp,3,2024-12-07,29,quantile,0.65,254.405
2024-11-16,wk inc flu hosp,3,2024-12-07,29,quantile,0.7,278.531
2024-11-16,wk inc flu hosp,3,2024-12-07,29,quantile,0.75,310.593
2024-11-16,wk inc flu hosp,3,2024-12-07,29,quantile,0.8,350.743
2024-11-16,wk inc flu hosp,3,2024-12-07,29,quantile,0.85,387.315
2024-11-16,wk inc flu hosp,3,2024-12-07,29,quantile,0.9,440.36
2024-11-16,wk inc flu hosp,3,2024-12-07,29,quantile,0.95,515.247
2024-11-16,wk inc flu hosp,3,2024-12-07,29,quantile,0.975,595.552
2024-11-16,wk inc flu hosp,3,2024-12-07,29,quantile,0.99,636.483
2024-11-16,wk inc flu hosp,0,2024-11-16,30,quantile,0.01,0.0
2024-11-16,wk inc flu hosp,0,2024-11-16,30,quantile,0.025,0.0
2024-11-16,wk inc flu hosp,0,2024-11-16,30,quantile,0.05,0.0
2024-11-16,wk inc flu hosp,0,2024-11-16,30,quantile,0.1,0.0
2024-11-16,wk inc flu hosp,0,2024-11-16,30,quantile,0.15,0.0
2024-11-16,wk inc flu hosp,0,2024-11-16,30,quantile,0.2,0.0
2024-11-16,wk inc flu hosp,0,2024-11-16,30,quantile,0.25,0.0
2024-11-16,wk inc flu hosp,0,2024-11-16,30,quantile,0.3,0.0
2024-11-16,wk inc flu hosp,0,2024-11-16,30,quantile,0.35,0.0
2024-11-16,wk inc flu hosp,0,2024-11-16,30,quantile,0.4,0.0
2024-11-16,wk inc flu hosp,0,2024-11-16,30,quantile,0.45,0.152
2024-11-16,wk inc flu hosp,0,2024-11-16,30,quantile,0.5,1.169
2024-11-16,wk inc flu hosp,0,2024-11-16,30,quantile,0.55,2.322
2024-11-16,wk inc flu hosp,0,2024-11-16,30,quantile,0.6,3.098
2024-11-16,wk inc flu hosp,0,2024-11-16,30,quantile,0.65,4.424
2024-11-16,wk inc flu hosp,0,2024-11-16,30,quantile,0.7,5.54
2024-11-16,wk inc flu hosp,0,2024-11-16,30,quantile,0.75,6.86
2024-11-16,wk inc flu hosp,0,2024-11-16,30,quantile,0.8,8.947
2024-11-16,wk inc flu hosp,0,2024-11-16,30,quantile,0.85,11.11
2024-11-16,wk inc flu hosp,0,2024-11-16,30,quantile,0.9,13.496
2024-11-16,wk inc flu hosp,0,2024-11-16,30,quantile,0.95,18.269
2024-11-16,wk inc flu hosp,0,2024-11-16,30,quantile,0.975,23.873
2024-11-16,wk inc flu hosp,0,2024-11-16,30,quantile,0.99,29.285
2024-11-16,wk inc flu hosp,1,2024-11-23,30,quantile,0.01,0.0
2024-11-16,wk inc flu hosp,1,2024-11-23,30,quantile,0.025,0.0
2024-11-16,wk inc flu hosp,1,2024-11-23,30,quantile,0.05,0.0
2024-11-16,wk inc flu hosp,1,2024-11-23,30,quantile,0.1,0.0
2024-11-16,wk inc flu hosp,1,2024-11-23,30,quantile,0.15,0.0
2024-11-16,wk inc flu hosp,1,2024-11-23,30,quantile,0.2,0.0
2024-11-16,wk inc flu hosp,1,2024-11-23,30,quantile,0.25,0.0
2024-11-16,wk inc flu hosp,1,2024-11-23,30,quantile,0.3,0.637
2024-11-16,wk inc flu hosp,1,2024-11-23,30,quantile,0.35,1.653
2024-11-16,wk inc flu hosp,1,2024-11-23,30,quantile,0.4,2.9
2024-11-16,wk inc flu hosp,1,2024-11-23,30,quantile,0.45,4.189
2024-11-16,wk inc flu hosp,1,2024-11-23,30,quantile,0.5,5.664
2024-11-16,wk inc flu hosp,1,2024-11-23,30,quantile,0.55,7.334
2024-11-16,wk inc flu hosp,1,2024-11-23,30,quantile,0.6,8.669
2024-11-16,wk inc flu hosp,1,2024-11-23,30,quantile,0.65,10.162
2024-11-16,wk inc flu hosp,1,2024-11-23,30,quantile,0.7,11.73
2024-11-16,wk inc flu hosp,1,2024-11-23,30,quantile,0.75,13.0
2024-11-16,wk inc flu hosp,1,2024-11-23,30,quantile,0.8,15.147
2024-11-16,wk inc flu hosp,1,2024-11-23,30,quantile,0.85,17.447
2024-11-16,wk inc flu hosp,1,2024-11-23,30,quantile,0.9,20.24
2024-11-16,wk inc flu hosp,1,2024-11-23,30,quantile,0.95,26.7
2024-11-16,wk inc flu hosp,1,2024-11-23,30,quantile,0.975,34.712
2024-11-16,wk inc flu hosp,1,2024-11-23,30,quantile,0.99,38.828
2024-11-16,wk inc flu hosp,2,2024-11-30,30,quantile,0.01,0.0
2024-11-16,wk inc flu hosp,2,2024-11-30,30,quantile,0.025,0.0
2024-11-16,wk inc flu hosp,2,2024-11-30,30,quantile,0.05,0.0
2024-11-16,wk inc flu hosp,2,2024-11-30,30,quantile,0.1,0.0
2024-11-16,wk inc flu hosp,2,2024-11-30,30,quantile,0.15,0.0
2024-11-16,wk inc flu hosp,2,2024-11-30,30,quantile,0.2,0.0
2024-11-16,wk inc flu hosp,2,2024-11-30,30,quantile,0.25,1.429
2024-11-16,wk inc flu hosp,2,2024-11-30,30,quantile,0.3,2.822
2024-11-16,wk inc flu hosp,2,2024-11-30,30,quantile,0.35,4.434
2024-11-16,wk inc flu hosp,2,2024-11-30,30,quantile,0.4,6.014
2024-11-16,wk inc flu hosp,2,2024-11-30,30,quantile,0.45,7.423
2024-11-16,wk inc flu hosp,2,2024-11-30,30,quantile,0.5,8.702
2024-11-16,wk inc flu hosp,2,2024-11-30,30,quantile,0.55,9.986
2024-11-16,wk inc flu hosp,2,2024-11-30,30,quantile,0.6,11.657
2024-11-16,wk inc flu hosp,2,2024-11-30,30,quantile,0.65,13.147
2024-11-16,wk inc flu hosp,2,2024-11-30,30,quantile,0.7,15.072
2024-11-16,wk inc flu hosp,2,2024-11-30,30,quantile,0.75,17.558
2024-11-16,wk inc flu hosp,2,2024-11-30,30,quantile,0.8,19.773
2024-11-16,wk inc flu hosp,2,2024-11-30,30,quantile,0.85,23.478
2024-11-16,wk inc flu hosp,2,2024-11-30,30,quantile,0.9,28.316
2024-11-16,wk inc flu hosp,2,2024-11-30,30,quantile,0.95,34.232
2024-11-16,wk inc flu hosp,2,2024-11-30,30,quantile,0.975,40.109
2024-11-16,wk inc flu hosp,2,2024-11-30,30,quantile,0.99,46.817
2024-11-16,wk inc flu hosp,3,2024-12-07,30,quantile,0.01,0.0
2024-11-16,wk inc flu hosp,3,2024-12-07,30,quantile,0.025,0.0
2024-11-16,wk inc flu hosp,3,2024-12-07,30,quantile,0.05,0.0
2024-11-16,wk inc flu hosp,3,2024-12-07,30,quantile,0.1,0.0
2024-11-16,wk inc flu hosp,3,2024-12-07,30,quantile,0.15,0.0
2024-11-16,wk inc flu hosp,3,2024-12-07,30,quantile,0.2,1.353
2024-11-16,wk inc flu hosp,3,2024-12-07,30,quantile,0.25,3.267
2024-11-16,wk inc flu hosp,3,2024-12-07,30,quantile,0.3,4.925
2024-11-16,wk inc flu hosp,3,2024-12-07,30,quantile,0.35,6.328
2024-11-16,wk inc flu hosp,3,2024-12-07,30,quantile,0.4,7.819
2024-11-16,wk inc flu hosp,3,2024-12-07,30,quantile,0.45,9.574
2024-11-16,wk inc flu hosp,3,2024-12-07,30,quantile,0.5,11.046
2024-11-16,wk inc flu hosp,3,2024-12-07,30,quantile,0.55,12.975
2024-11-16,wk inc flu hosp,3,2024-12-07,30,quantile,0.6,15.299
2024-11-16,wk inc flu hosp,3,2024-12-07,30,quantile,0.65,17.009
2024-11-16,wk inc flu hosp,3,2024-12-07,30,quantile,0.7,19.156
2024-11-16,wk inc flu hosp,3,2024-12-07,30,quantile,0.75,21.954
2024-11-16,wk inc flu hosp,3,2024-12-07,30,quantile,0.8,24.836
2024-11-16,wk inc flu hosp,3,2024-12-07,30,quantile,0.85,27.941
2024-11-16,wk inc flu hosp,3,2024-12-07,30,quantile,0.9,31.937
2024-11-16,wk inc flu hosp,3,2024-12-07,30,quantile,0.95,41.097
2024-11-16,wk inc flu hosp,3,2024-12-07,30,quantile,0.975,49.457
2024-11-16,wk inc flu hosp,3,2024-12-07,30,quantile,0.99,57.875
2024-11-16,wk inc flu hosp,0,2024-11-16,31,quantile,0.01,0.0
2024-11-16,wk inc flu hosp,0,2024-11-16,31,quantile,0.025,0.0
2024-11-16,wk inc flu hosp,0,2024-11-16,31,quantile,0.05,0.0
2024-11-16,wk inc flu hosp,0,2024-11-16,31,quantile,0.1,0.0
2024-11-16,wk inc flu hosp,0,2024-11-16,31,quantile,0.15,0.0
2024-11-16,wk inc flu hosp,0,2024-11-16,31,quantile,0.2,0.0
2024-11-16,wk inc flu hosp,0,2024-11-16,31,quantile,0.25,0.0
2024-11-16,wk inc flu hosp,0,2024-11-16,31,quantile,0.3,0.0
2024-11-16,wk inc flu hosp,0,2024-11-16,31,quantile,0.35,0.0
2024-11-16,wk inc flu hosp,0,2024-11-16,31,quantile,0.4,0.849
2024-11-16,wk inc flu hosp,0,2024-11-16,31,quantile,0.45,3.164
2024-11-16,wk inc flu hosp,0,2024-11-16,31,quantile,0.5,5.233
2024-11-16,wk inc flu hosp,0,2024-11-16,31,quantile,0.55,7.384
2024-11-16,wk inc flu hosp,0,2024-11-16,31,quantile,0.6,9.608
2024-11-16,wk inc flu hosp,0,2024-11-16,31,quantile,0.65,11.649
2024-11-16,wk inc flu hosp,0,2024-11-16,31,quantile,0.7,13.982
2024-11-16,wk inc flu hosp,0,2024-11-16,31,quantile,0.75,16.498
2024-11-16,wk inc flu hosp,0,2024-11-16,31,quantile,0.8,19.623
2024-11-16,wk inc flu hosp,0,2024-11-16,31,quantile,0.85,24.218
2024-11-16,wk inc flu hosp,0,2024-11-16,31,quantile,0.9,27.95
2024-11-16,wk inc flu hosp,0,2024-11-16,31,quantile,0.95,36.267
2024-11-16,wk inc flu hosp,0,2024-11-16,31,quantile,0.975,46.38
2024-11-16,wk inc flu hosp,0,2024-11-16,31,quantile,0.99,57.271
2024-11-16,wk inc flu hosp,1,2024-11-23,31,quantile,0.01,0.0
2024-11-16,wk inc flu hosp,1,2024-11-23,31,quantile,0.025,0.0
2024-11-16,wk inc flu hosp,1,2024-11-23,31,quantile,0.05,0.0
2024-11-16,wk inc flu hosp,1,2024-11-23,31,quantile,0.1,0.0
2024-11-16,wk inc flu hosp,1,2024-11-23,31,quantile,0.15,0.0
2024-11-16,wk inc flu hosp,1,2024-11-23,31,quantile,0.2,0.0
2024-11-16,wk inc flu hosp,1,2024-11-23,31,quantile,0.25,0.0
2024-11-16,wk inc flu hosp,1,2024-11-23,31,quantile,0.3,0.0
2024-11-16,wk inc flu hosp,1,2024-11-23,31,quantile,0.35,3.874
2024-11-16,wk inc flu hosp,1,2024-11-23,31,quantile,0.4,7.039
2024-11-16,wk inc flu hosp,1,2024-11-23,31,quantile,0.45,9.936
2024-11-16,wk inc flu hosp,1,2024-11-23,31,quantile,0.5,12.444
2024-11-16,wk inc flu hosp,1,2024-11-23,31,quantile,0.55,15.466
2024-11-16,wk inc flu hosp,1,2024-11-23,31,quantile,0.6,17.709
2024-11-16,wk inc flu hosp,1,2024-11-23,31,quantile,0.65,20.502
2024-11-16,wk inc flu hosp,1,2024-11-23,31,quantile,0.7,23.679
2024-11-16,wk inc flu hosp,1,2024-11-23,31,quantile,0.75,26.574
2024-11-16,wk inc flu hosp,1,2024-11-23,31,quantile,0.8,31.06
2024-11-16,wk inc flu hosp,1,2024-11-23,31,quantile,0.85,35.733
2024-11-16,wk inc flu hosp,1,2024-11-23,31,quantile,0.9,42.423
2024-11-16,wk inc flu hosp,1,2024-11-23,31,quantile,0.95,53.04
2024-11-16,wk inc flu hosp,1,2024-11-23,31,quantile,0.975,61.837
2024-11-16,wk inc flu hosp,1,2024-11-23,31,quantile,0.99,75.574
2024-11-16,wk inc flu hosp,2,2024-11-30,31,quantile,0.01,0.0
2024-11-16,wk inc flu hosp,2,2024-11-30,31,quantile,0.025,0.0
2024-11-16,wk inc flu hosp,2,2024-11-30,31,quantile,0.05,0.0
2024-11-16,wk inc flu hosp,2,2024-11-30,31,quantile,0.1,0.0
2024-11-16,wk inc flu hosp,2,2024-11-30,31,quantile,0.15,0.0
2024-11-16,wk inc flu hosp,2,2024-11-30,31,quantile,0.2,0.0
2024-11-16,wk inc flu hosp,2,2024-11-30,31,quantile,0.25,2.596
2024-11-16,wk inc flu hosp,2,2024-11-30,31,quantile,0.3,6.558
2024-11-16,wk inc flu hosp,2,2024-11-30,31,quantile,0.35,9.971
2024-11-16,wk inc flu hosp,2,2024-11-30,31,quantile,0.4,12.733
2024-11-16,wk inc flu hosp,2,2024-11-30,31,quantile,0.45,15.334
2024-11-16,wk inc flu hosp,2,2024-11-30,31,quantile,0.5,18.465
2024-11-16,wk inc flu hosp,2,2024-11-30,31,quantile,0.55,21.307
2024-11-16,wk inc flu hosp,2,2024-11-30,31,quantile,0.6,23.959
2024-11-16,wk inc flu hosp,2,2024-11-30,31,quantile,0.65,27.234
2024-11-16,wk inc flu hosp,2,2024-11-30,31,quantile,0.7,30.661
2024-11-16,wk inc flu hosp,2,2024-11-30,31,quantile,0.75,35.259
2024-11-16,wk inc flu hosp,2,2024-11-30,31,quantile,0.8,40.002
2024-11-16,wk inc flu hosp,2,2024-11-30,31,quantile,0.85,46.82
2024-11-16,wk inc flu hosp,2,2024-11-30,31,quantile,0.9,54.115
2024-11-16,wk inc flu hosp,2,2024-11-30,31,quantile,0.95,66.025
2024-11-16,wk inc flu hosp,2,2024-11-30,31,quantile,0.975,74.6
2024-11-16,wk inc flu hosp,2,2024-11-30,31,quantile,0.99,85.471
2024-11-16,wk inc flu hosp,3,2024-12-07,31,quantile,0.01,0.0
2024-11-16,wk inc flu hosp,3,2024-12-07,31,quantile,0.025,0.0
2024-11-16,wk inc flu hosp,3,2024-12-07,31,quantile,0.05,0.0
2024-11-16,wk inc flu hosp,3,2024-12-07,31,quantile,0.1,0.0
2024-11-16,wk inc flu hosp,3,2024-12-07,31,quantile,0.15,0.0
2024-11-16,wk inc flu hosp,3,2024-12-07,31,quantile,0.2,0.0
2024-11-16,wk inc flu hosp,3,2024-12-07,31,quantile,0.25,3.41
2024-11-16,wk inc flu hosp,3,2024-12-07,31,quantile,0.3,7.469
2024-11-16,wk inc flu hosp,3,2024-12-07,31,quantile,0.35,11.167
2024-11-16,wk inc flu hosp,3,2024-12-07,31,quantile,0.4,14.09
2024-11-16,wk inc flu hosp,3,2024-12-07,31,quantile,0.45,17.777
2024-11-16,wk inc flu hosp,3,2024-12-07,31,quantile,0.5,20.615
2024-11-16,wk inc flu hosp,3,2024-12-07,31,quantile,0.55,23.577
2024-11-16,wk inc flu hosp,3,2024-12-07,31,quantile,0.6,27.577
2024-11-16,wk inc flu hosp,3,2024-12-07,31,quantile,0.65,31.523
2024-11-16,wk inc flu hosp,3,2024-12-07,31,quantile,0.7,35.565
2024-11-16,wk inc flu hosp,3,2024-12-07,31,quantile,0.75,41.003
2024-11-16,wk inc flu hosp,3,2024-12-07,31,quantile,0.8,46.377
2024-11-16,wk inc flu hosp,3,2024-12-07,31,quantile,0.85,54.232
2024-11-16,wk inc flu hosp,3,2024-12-07,31,quantile,0.9,62.119
2024-11-16,wk inc flu hosp,3,2024-12-07,31,quantile,0.95,74.701
2024-11-16,wk inc flu hosp,3,2024-12-07,31,quantile,0.975,87.912
2024-11-16,wk inc flu hosp,3,2024-12-07,31,quantile,0.99,99.358
2024-11-16,wk inc flu hosp,0,2024-11-16,32,quantile,0.01,0.0
2024-11-16,wk inc flu hosp,0,2024-11-16,32,quantile,0.025,0.0
2024-11-16,wk inc flu hosp,0,2024-11-16,32,quantile,0.05,0.0
2024-11-16,wk inc flu hosp,0,2024-11-16,32,quantile,0.1,0.0
2024-11-16,wk inc flu hosp,0,2024-11-16,32,quantile,0.15,0.0
2024-11-16,wk inc flu hosp,0,2024-11-16,32,quantile,0.2,0.0
2024-11-16,wk inc flu hosp,0,2024-11-16,32,quantile,0.25,7.481
2024-11-16,wk inc flu hosp,0,2024-11-16,32,quantile,0.3,14.02
2024-11-16,wk inc flu hosp,0,2024-11-16,32,quantile,0.35,20.236
2024-11-16,wk inc flu hosp,0,2024-11-16,32,quantile,0.4,25.711
2024-11-16,wk inc flu hosp,0,2024-11-16,32,quantile,0.45,31.312
2024-11-16,wk inc flu hosp,0,2024-11-16,32,quantile,0.5,37.647
2024-11-16,wk inc flu hosp,0,2024-11-16,32,quantile,0.55,44.771
2024-11-16,wk inc flu hosp,0,2024-11-16,32,quantile,0.6,50.85
2024-11-16,wk inc flu hosp,0,2024-11-16,32,quantile,0.65,57.877
2024-11-16,wk inc flu hosp,0,2024-11-16,32,quantile,0.7,64.005
2024-11-16,wk inc flu hosp,0,2024-11-16,32,quantile,0.75,72.705
2024-11-16,wk inc flu hosp,0,2024-11-16,32,quantile,0.8,78.878
2024-11-16,wk inc flu hosp,0,2024-11-16,32,quantile,0.85,92.826
2024-11-16,wk inc flu hosp,0,2024-11-16,32,quantile,0.9,106.795
2024-11-16,wk inc flu hosp,0,2024-11-16,32,quantile,0.95,129.694
2024-11-16,wk inc flu hosp,0,2024-11-16,32,quantile,0.975,151.941
2024-11-16,wk inc flu hosp,0,2024-11-16,32,quantile,0.99,178.665
2024-11-16,wk inc flu hosp,1,2024-11-23,32,quantile,0.01,0.0
2024-11-16,wk inc flu hosp,1,2024-11-23,32,quantile,0.025,0.0
2024-11-16,wk inc flu hosp,1,2024-11-23,32,quantile,0.05,0.0
2024-11-16,wk inc flu hosp,1,2024-11-23,32,quantile,0.1,0.0
2024-11-16,wk inc flu hosp,1,2024-11-23,32,quantile,0.15,0.0
2024-11-16,wk inc flu hosp,1,2024-11-23,32,quantile,0.2,3.609
2024-11-16,wk inc flu hosp,1,2024-11-23,32,quantile,0.25,13.583
2024-11-16,wk inc flu hosp,1,2024-11-23,32,quantile,0.3,21.885
2024-11-16,wk inc flu hosp,1,2024-11-23,32,quantile,0.35,30.549
2024-11-16,wk inc flu hosp,1,2024-11-23,32,quantile,0.4,39.63
2024-11-16,wk inc flu hosp,1,2024-11-23,32,quantile,0.45,47.146
2024-11-16,wk inc flu hosp,1,2024-11-23,32,quantile,0.5,55.427
2024-11-16,wk inc flu hosp,1,2024-11-23,32,quantile,0.55,64.799
2024-11-16,wk inc flu hosp,1,2024-11-23,32,quantile,0.6,72.482
2024-11-16,wk inc flu hosp,1,2024-11-23,32,quantile,0.65,81.284
2024-11-16,wk inc flu hosp,1,2024-11-23,32,quantile,0.7,91.798
2024-11-16,wk inc flu hosp,1,2024-11-23,32,quantile,0.75,104.442
2024-11-16,wk inc flu hosp,1,2024-11-23,32,quantile,0.8,115.015
2024-11-16,wk inc flu hosp,1,2024-11-23,32,quantile,0.85,133.518
2024-11-16,wk inc flu hosp,1,2024-11-23,32,quantile,0.9,148.268
2024-11-16,wk inc flu hosp,1,2024-11-23,32,quantile,0.95,178.012
2024-11-16,wk inc flu hosp,1,2024-11-23,32,quantile,0.975,222.042
2024-11-16,wk inc flu hosp,1,2024-11-23,32,quantile,0.99,251.892
2024-11-16,wk inc flu hosp,2,2024-11-30,32,quantile,0.01,0.0
2024-11-16,wk inc flu hosp,2,2024-11-30,32,quantile,0.025,0.0
2024-11-16,wk inc flu hosp,2,2024-11-30,32,quantile,0.05,0.0
2024-11-16,wk inc flu hosp,2,2024-11-30,32,quantile,0.1,0.0
2024-11-16,wk inc flu hosp,2,2024-11-30,32,quantile,0.15,0.0
2024-11-16,wk inc flu hosp,2,2024-11-30,32,quantile,0.2,12.491
2024-11-16,wk inc flu hosp,2,2024-11-30,32,quantile,0.25,22.162
2024-11-16,wk inc flu hosp,2,2024-11-30,32,quantile,0.3,35.854
2024-11-16,wk inc flu hosp,2,2024-11-30,32,quantile,0.35,46.677
2024-11-16,wk inc flu hosp,2,2024-11-30,32,quantile,0.4,55.488
2024-11-16,wk inc flu hosp,2,2024-11-30,32,quantile,0.45,64.568
2024-11-16,wk inc flu hosp,2,2024-11-30,32,quantile,0.5,75.837
2024-11-16,wk inc flu hosp,2,2024-11-30,32,quantile,0.55,84.88
2024-11-16,wk inc flu hosp,2,2024-11-30,32,quantile,0.6,95.024
2024-11-16,wk inc flu hosp,2,2024-11-30,32,quantile,0.65,104.874
2024-11-16,wk inc flu hosp,2,2024-11-30,32,quantile,0.7,117.28
2024-11-16,wk inc flu hosp,2,2024-11-30,32,quantile,0.75,130.927
2024-11-16,wk inc flu hosp,2,2024-11-30,32,quantile,0.8,148.122
2024-11-16,wk inc flu hosp,2,2024-11-30,32,quantile,0.85,168.587
2024-11-16,wk inc flu hosp,2,2024-11-30,32,quantile,0.9,196.964
2024-11-16,wk inc flu hosp,2,2024-11-30,32,quantile,0.95,232.319
2024-11-16,wk inc flu hosp,2,2024-11-30,32,quantile,0.975,253.403
2024-11-16,wk inc flu hosp,2,2024-11-30,32,quantile,0.99,276.429
2024-11-16,wk inc flu hosp,3,2024-12-07,32,quantile,0.01,0.0
2024-11-16,wk inc flu hosp,3,2024-12-07,32,quantile,0.025,0.0
2024-11-16,wk inc flu hosp,3,2024-12-07,32,quantile,0.05,0.0
2024-11-16,wk inc flu hosp,3,2024-12-07,32,quantile,0.1,0.0
2024-11-16,wk inc flu hosp,3,2024-12-07,32,quantile,0.15,16.047
2024-11-16,wk inc flu hosp,3,2024-12-07,32,quantile,0.2,26.787
2024-11-16,wk inc flu hosp,3,2024-12-07,32,quantile,0.25,38.635
2024-11-16,wk inc flu hosp,3,2024-12-07,32,quantile,0.3,49.55
2024-11-16,wk inc flu hosp,3,2024-12-07,32,quantile,0.35,61.55
2024-11-16,wk inc flu hosp,3,2024-12-07,32,quantile,0.4,69.795
2024-11-16,wk inc flu hosp,3,2024-12-07,32,quantile,0.45,79.728
2024-11-16,wk inc flu hosp,3,2024-12-07,32,quantile,0.5,91.008
2024-11-16,wk inc flu hosp,3,2024-12-07,32,quantile,0.55,104.725
2024-11-16,wk inc flu hosp,3,2024-12-07,32,quantile,0.6,118.834
2024-11-16,wk inc flu hosp,3,2024-12-07,32,quantile,0.65,134.982
2024-11-16,wk inc flu hosp,3,2024-12-07,32,quantile,0.7,149.446
2024-11-16,wk inc flu hosp,3,2024-12-07,32,quantile,0.75,166.012
2024-11-16,wk inc flu hosp,3,2024-12-07,32,quantile,0.8,183.798
2024-11-16,wk inc flu hosp,3,2024-12-07,32,quantile,0.85,200.144
2024-11-16,wk inc flu hosp,3,2024-12-07,32,quantile,0.9,225.433
2024-11-16,wk inc flu hosp,3,2024-12-07,32,quantile,0.95,270.059
2024-11-16,wk inc flu hosp,3,2024-12-07,32,quantile,0.975,300.157
2024-11-16,wk inc flu hosp,3,2024-12-07,32,quantile,0.99,346.757
2024-11-16,wk inc flu hosp,0,2024-11-16,33,quantile,0.01,0.0
2024-11-16,wk inc flu hosp,0,2024-11-16,33,quantile,0.025,0.0
2024-11-16,wk inc flu hosp,0,2024-11-16,33,quantile,0.05,0.575
2024-11-16,wk inc flu hosp,0,2024-11-16,33,quantile,0.1,3.906
2024-11-16,wk inc flu hosp,0,2024-11-16,33,quantile,0.15,5.942
2024-11-16,wk inc flu hosp,0,2024-11-16,33,quantile,0.2,7.843
2024-11-16,wk inc flu hosp,0,2024-11-16,33,quantile,0.25,9.167
2024-11-16,wk inc flu hosp,0,2024-11-16,33,quantile,0.3,10.237
2024-11-16,wk inc flu hosp,0,2024-11-16,33,quantile,0.35,11.182
2024-11-16,wk inc flu hosp,0,2024-11-16,33,quantile,0.4,12.07
2024-11-16,wk inc flu hosp,0,2024-11-16,33,quantile,0.45,13.069
2024-11-16,wk inc flu hosp,0,2024-11-16,33,quantile,0.5,13.689
2024-11-16,wk inc flu hosp,0,2024-11-16,33,quantile,0.55,14.505
2024-11-16,wk inc flu hosp,0,2024-11-16,33,quantile,0.6,15.488
2024-11-16,wk inc flu hosp,0,2024-11-16,33,quantile,0.65,16.422
2024-11-16,wk inc flu hosp,0,2024-11-16,33,quantile,0.7,17.071
2024-11-16,wk inc flu hosp,0,2024-11-16,33,quantile,0.75,18.155
2024-11-16,wk inc flu hosp,0,2024-11-16,33,quantile,0.8,19.158
2024-11-16,wk inc flu hosp,0,2024-11-16,33,quantile,0.85,20.792
2024-11-16,wk inc flu hosp,0,2024-11-16,33,quantile,0.9,22.408
2024-11-16,wk inc flu hosp,0,2024-11-16,33,quantile,0.95,25.513
2024-11-16,wk inc flu hosp,0,2024-11-16,33,quantile,0.975,27.569
2024-11-16,wk inc flu hosp,0,2024-11-16,33,quantile,0.99,29.121
2024-11-16,wk inc flu hosp,1,2024-11-23,33,quantile,0.01,0.0
2024-11-16,wk inc flu hosp,1,2024-11-23,33,quantile,0.025,0.0
2024-11-16,wk inc flu hosp,1,2024-11-23,33,quantile,0.05,0.0
2024-11-16,wk inc flu hosp,1,2024-11-23,33,quantile,0.1,0.319
2024-11-16,wk inc flu hosp,1,2024-11-23,33,quantile,0.15,3.003
2024-11-16,wk inc flu hosp,1,2024-11-23,33,quantile,0.2,4.963
2024-11-16,wk inc flu hosp,1,2024-11-23,33,quantile,0.25,6.345
2024-11-16,wk inc flu hosp,1,2024-11-23,33,quantile,0.3,8.085
2024-11-16,wk inc flu hosp,1,2024-11-23,33,quantile,0.35,9.579
2024-11-16,wk inc flu hosp,1,2024-11-23,33,quantile,0.4,10.782
2024-11-16,wk inc flu hosp,1,2024-11-23,33,quantile,0.45,11.977
2024-11-16,wk inc flu hosp,1,2024-11-23,33,quantile,0.5,13.467
2024-11-16,wk inc flu hosp,1,2024-11-23,33,quantile,0.55,14.656
2024-11-16,wk inc flu hosp,1,2024-11-23,33,quantile,0.6,15.686
2024-11-16,wk inc flu hosp,1,2024-11-23,33,quantile,0.65,16.769
2024-11-16,wk inc flu hosp,1,2024-11-23,33,quantile,0.7,18.158
2024-11-16,wk inc flu hosp,1,2024-11-23,33,quantile,0.75,19.493
2024-11-16,wk inc flu hosp,1,2024-11-23,33,quantile,0.8,21.593
2024-11-16,wk inc flu hosp,1,2024-11-23,33,quantile,0.85,23.763
2024-11-16,wk inc flu hosp,1,2024-11-23,33,quantile,0.9,26.366
2024-11-16,wk inc flu hosp,1,2024-11-23,33,quantile,0.95,29.565
2024-11-16,wk inc flu hosp,1,2024-11-23,33,quantile,0.975,32.657
2024-11-16,wk inc flu hosp,1,2024-11-23,33,quantile,0.99,36.762
2024-11-16,wk inc flu hosp,2,2024-11-30,33,quantile,0.01,0.0
2024-11-16,wk inc flu hosp,2,2024-11-30,33,quantile,0.025,0.0
2024-11-16,wk inc flu hosp,2,2024-11-30,33,quantile,0.05,0.0
2024-11-16,wk inc flu hosp,2,2024-11-30,33,quantile,0.1,0.0
2024-11-16,wk inc flu hosp,2,2024-11-30,33,quantile,0.15,0.618
2024-11-16,wk inc flu hosp,2,2024-11-30,33,quantile,0.2,2.451
2024-11-16,wk inc flu hosp,2,2024-11-30,33,quantile,0.25,4.596
2024-11-16,wk inc flu hosp,2,2024-11-30,33,quantile,0.3,6.519
2024-11-16,wk inc flu hosp,2,2024-11-30,33,quantile,0.35,8.223
2024-11-16,wk inc flu hosp,2,2024-11-30,33,quantile,0.4,9.743
2024-11-16,wk inc flu hosp,2,2024-11-30,33,quantile,0.45,11.711
2024-11-16,wk inc flu hosp,2,2024-11-30,33,quantile,0.5,12.91
2024-11-16,wk inc flu hosp,2,2024-11-30,33,quantile,0.55,14.611
2024-11-16,wk inc flu hosp,2,2024-11-30,33,quantile,0.6,16.125
2024-11-16,wk inc flu hosp,2,2024-11-30,33,quantile,0.65,17.656
2024-11-16,wk inc flu hosp,2,2024-11-30,33,quantile,0.7,19.158
2024-11-16,wk inc flu hosp,2,2024-11-30,33,quantile,0.75,21.009
2024-11-16,wk inc flu hosp,2,2024-11-30,33,quantile,0.8,23.346
2024-11-16,wk inc flu hosp,2,2024-11-30,33,quantile,0.85,25.952
2024-11-16,wk inc flu hosp,2,2024-11-30,33,quantile,0.9,28.918
2024-11-16,wk inc flu hosp,2,2024-11-30,33,quantile,0.95,33.096
2024-11-16,wk inc flu hosp,2,2024-11-30,33,quantile,0.975,36.271
2024-11-16,wk inc flu hosp,2,2024-11-30,33,quantile,0.99,40.155
2024-11-16,wk inc flu hosp,3,2024-12-07,33,quantile,0.01,0.0
2024-11-16,wk inc flu hosp,3,2024-12-07,33,quantile,0.025,0.0
2024-11-16,wk inc flu hosp,3,2024-12-07,33,quantile,0.05,0.0
2024-11-16,wk inc flu hosp,3,2024-12-07,33,quantile,0.1,0.0
2024-11-16,wk inc flu hosp,3,2024-12-07,33,quantile,0.15,0.0
2024-11-16,wk inc flu hosp,3,2024-12-07,33,quantile,0.2,1.397
2024-11-16,wk inc flu hosp,3,2024-12-07,33,quantile,0.25,3.849
2024-11-16,wk inc flu hosp,3,2024-12-07,33,quantile,0.3,5.976
2024-11-16,wk inc flu hosp,3,2024-12-07,33,quantile,0.35,7.471
2024-11-16,wk inc flu hosp,3,2024-12-07,33,quantile,0.4,8.926
2024-11-16,wk inc flu hosp,3,2024-12-07,33,quantile,0.45,10.359
2024-11-16,wk inc flu hosp,3,2024-12-07,33,quantile,0.5,12.254
2024-11-16,wk inc flu hosp,3,2024-12-07,33,quantile,0.55,14.033
2024-11-16,wk inc flu hosp,3,2024-12-07,33,quantile,0.6,15.777
2024-11-16,wk inc flu hosp,3,2024-12-07,33,quantile,0.65,17.747
2024-11-16,wk inc flu hosp,3,2024-12-07,33,quantile,0.7,19.269
2024-11-16,wk inc flu hosp,3,2024-12-07,33,quantile,0.75,21.511
2024-11-16,wk inc flu hosp,3,2024-12-07,33,quantile,0.8,23.485
2024-11-16,wk inc flu hosp,3,2024-12-07,33,quantile,0.85,26.419
2024-11-16,wk inc flu hosp,3,2024-12-07,33,quantile,0.9,30.471
2024-11-16,wk inc flu hosp,3,2024-12-07,33,quantile,0.95,34.837
2024-11-16,wk inc flu hosp,3,2024-12-07,33,quantile,0.975,39.25
2024-11-16,wk inc flu hosp,3,2024-12-07,33,quantile,0.99,42.967
2024-11-16,wk inc flu hosp,0,2024-11-16,34,quantile,0.01,0.0
2024-11-16,wk inc flu hosp,0,2024-11-16,34,quantile,0.025,0.0
2024-11-16,wk inc flu hosp,0,2024-11-16,34,quantile,0.05,0.0
2024-11-16,wk inc flu hosp,0,2024-11-16,34,quantile,0.1,0.0
2024-11-16,wk inc flu hosp,0,2024-11-16,34,quantile,0.15,0.0
2024-11-16,wk inc flu hosp,0,2024-11-16,34,quantile,0.2,4.571
2024-11-16,wk inc flu hosp,0,2024-11-16,34,quantile,0.25,14.287
2024-11-16,wk inc flu hosp,0,2024-11-16,34,quantile,0.3,23.24
2024-11-16,wk inc flu hosp,0,2024-11-16,34,quantile,0.35,30.305
2024-11-16,wk inc flu hosp,0,2024-11-16,34,quantile,0.4,35.823
2024-11-16,wk inc flu hosp,0,2024-11-16,34,quantile,0.45,42.083
2024-11-16,wk inc flu hosp,0,2024-11-16,34,quantile,0.5,49.087
2024-11-16,wk inc flu hosp,0,2024-11-16,34,quantile,0.55,56.25
2024-11-16,wk inc flu hosp,0,2024-11-16,34,quantile,0.6,64.177
2024-11-16,wk inc flu hosp,0,2024-11-16,34,quantile,0.65,73.993
2024-11-16,wk inc flu hosp,0,2024-11-16,34,quantile,0.7,80.991
2024-11-16,wk inc flu hosp,0,2024-11-16,34,quantile,0.75,89.719
2024-11-16,wk inc flu hosp,0,2024-11-16,34,quantile,0.8,102.393
2024-11-16,wk inc flu hosp,0,2024-11-16,34,quantile,0.85,113.563
2024-11-16,wk inc flu hosp,0,2024-11-16,34,quantile,0.9,131.502
2024-11-16,wk inc flu hosp,0,2024-11-16,34,quantile,0.95,166.377
2024-11-16,wk inc flu hosp,0,2024-11-16,34,quantile,0.975,199.849
2024-11-16,wk inc flu hosp,0,2024-11-16,34,quantile,0.99,222.541
2024-11-16,wk inc flu hosp,1,2024-11-23,34,quantile,0.01,0.0
2024-11-16,wk inc flu hosp,1,2024-11-23,34,quantile,0.025,0.0
2024-11-16,wk inc flu hosp,1,2024-11-23,34,quantile,0.05,0.0
2024-11-16,wk inc flu hosp,1,2024-11-23,34,quantile,0.1,0.0
2024-11-16,wk inc flu hosp,1,2024-11-23,34,quantile,0.15,3.098
2024-11-16,wk inc flu hosp,1,2024-11-23,34,quantile,0.2,17.135
2024-11-16,wk inc flu hosp,1,2024-11-23,34,quantile,0.25,26.766
2024-11-16,wk inc flu hosp,1,2024-11-23,34,quantile,0.3,39.1
2024-11-16,wk inc flu hosp,1,2024-11-23,34,quantile,0.35,49.433
2024-11-16,wk inc flu hosp,1,2024-11-23,34,quantile,0.4,60.296
2024-11-16,wk inc flu hosp,1,2024-11-23,34,quantile,0.45,70.307
2024-11-16,wk inc flu hosp,1,2024-11-23,34,quantile,0.5,78.816
2024-11-16,wk inc flu hosp,1,2024-11-23,34,quantile,0.55,86.959
2024-11-16,wk inc flu hosp,1,2024-11-23,34,quantile,0.6,99.66
2024-11-16,wk inc flu hosp,1,2024-11-23,34,quantile,0.65,109.681
2024-11-16,wk inc flu hosp,1,2024-11-23,34,quantile,0.7,120.98
2024-11-16,wk inc flu hosp,1,2024-11-23,34,quantile,0.75,135.074
2024-11-16,wk inc flu hosp,1,2024-11-23,34,quantile,0.8,148.224
2024-11-16,wk inc flu hosp,1,2024-11-23,34,quantile,0.85,168.197
2024-11-16,wk inc flu hosp,1,2024-11-23,34,quantile,0.9,189.834
2024-11-16,wk inc flu hosp,1,2024-11-23,34,quantile,0.95,226.82
2024-11-16,wk inc flu hosp,1,2024-11-23,34,quantile,0.975,266.236
2024-11-16,wk inc flu hosp,1,2024-11-23,34,quantile,0.99,303.377
2024-11-16,wk inc flu hosp,2,2024-11-30,34,quantile,0.01,0.0
2024-11-16,wk inc flu hosp,2,2024-11-30,34,quantile,0.025,0.0
2024-11-16,wk inc flu hosp,2,2024-11-30,34,quantile,0.05,0.0
2024-11-16,wk inc flu hosp,2,2024-11-30,34,quantile,0.1,1.191
2024-11-16,wk inc flu hosp,2,2024-11-30,34,quantile,0.15,23.398
2024-11-16,wk inc flu hosp,2,2024-11-30,34,quantile,0.2,36.493
2024-11-16,wk inc flu hosp,2,2024-11-30,34,quantile,0.25,48.505
2024-11-16,wk inc flu hosp,2,2024-11-30,34,quantile,0.3,60.926
2024-11-16,wk inc flu hosp,2,2024-11-30,34,quantile,0.35,72.09
2024-11-16,wk inc flu hosp,2,2024-11-30,34,quantile,0.4,81.477
2024-11-16,wk inc flu hosp,2,2024-11-30,34,quantile,0.45,93.758
2024-11-16,wk inc flu hosp,2,2024-11-30,34,quantile,0.5,106.013
2024-11-16,wk inc flu hosp,2,2024-11-30,34,quantile,0.55,117.82
2024-11-16,wk inc flu hosp,2,2024-11-30,34,quantile,0.6,131.338
2024-11-16,wk inc flu hosp,2,2024-11-30,34,quantile,0.65,140.789
2024-11-16,wk inc flu hosp,2,2024-11-30,34,quantile,0.7,154.124
2024-11-16,wk inc flu hosp,2,2024-11-30,34,quantile,0.75,166.418
2024-11-16,wk inc flu hosp,2,2024-11-30,34,quantile,0.8,185.878
2024-11-16,wk inc flu hosp,2,2024-11-30,34,quantile,0.85,210.481
2024-11-16,wk inc flu hosp,2,2024-11-30,34,quantile,0.9,242.684
2024-11-16,wk inc flu hosp,2,2024-11-30,34,quantile,0.95,284.572
2024-11-16,wk inc flu hosp,2,2024-11-30,34,quantile,0.975,337.82
2024-11-16,wk inc flu hosp,2,2024-11-30,34,quantile,0.99,402.519
2024-11-16,wk inc flu hosp,3,2024-12-07,34,quantile,0.01,0.0
2024-11-16,wk inc flu hosp,3,2024-12-07,34,quantile,0.025,0.0
2024-11-16,wk inc flu hosp,3,2024-12-07,34,quantile,0.05,0.0
2024-11-16,wk inc flu hosp,3,2024-12-07,34,quantile,0.1,12.749
2024-11-16,wk inc flu hosp,3,2024-12-07,34,quantile,0.15,28.386
2024-11-16,wk inc flu hosp,3,2024-12-07,34,quantile,0.2,48.658
2024-11-16,wk inc flu hosp,3,2024-12-07,34,quantile,0.25,64.636
2024-11-16,wk inc flu hosp,3,2024-12-07,34,quantile,0.3,77.036
2024-11-16,wk inc flu hosp,3,2024-12-07,34,quantile,0.35,89.815
2024-11-16,wk inc flu hosp,3,2024-12-07,34,quantile,0.4,103.199
2024-11-16,wk inc flu hosp,3,2024-12-07,34,quantile,0.45,114.485
2024-11-16,wk inc flu hosp,3,2024-12-07,34,quantile,0.5,124.816
2024-11-16,wk inc flu hosp,3,2024-12-07,34,quantile,0.55,142.208
2024-11-16,wk inc flu hosp,3,2024-12-07,34,quantile,0.6,154.549
2024-11-16,wk inc flu hosp,3,2024-12-07,34,quantile,0.65,168.949
2024-11-16,wk inc flu hosp,3,2024-12-07,34,quantile,0.7,186.625
2024-11-16,wk inc flu hosp,3,2024-12-07,34,quantile,0.75,202.107
2024-11-16,wk inc flu hosp,3,2024-12-07,34,quantile,0.8,227.124
2024-11-16,wk inc flu hosp,3,2024-12-07,34,quantile,0.85,253.377
2024-11-16,wk inc flu hosp,3,2024-12-07,34,quantile,0.9,283.258
2024-11-16,wk inc flu hosp,3,2024-12-07,34,quantile,0.95,340.484
2024-11-16,wk inc flu hosp,3,2024-12-07,34,quantile,0.975,373.048
2024-11-16,wk inc flu hosp,3,2024-12-07,34,quantile,0.99,442.975
2024-11-16,wk inc flu hosp,0,2024-11-16,35,quantile,0.01,0.0
2024-11-16,wk inc flu hosp,0,2024-11-16,35,quantile,0.025,0.0
2024-11-16,wk inc flu hosp,0,2024-11-16,35,quantile,0.05,0.0
2024-11-16,wk inc flu hosp,0,2024-11-16,35,quantile,0.1,3.623
2024-11-16,wk inc flu hosp,0,2024-11-16,35,quantile,0.15,7.468
2024-11-16,wk inc flu hosp,0,2024-11-16,35,quantile,0.2,9.98
2024-11-16,wk inc flu hosp,0,2024-11-16,35,quantile,0.25,12.801
2024-11-16,wk inc flu hosp,0,2024-11-16,35,quantile,0.3,14.927
2024-11-16,wk inc flu hosp,0,2024-11-16,35,quantile,0.35,16.477
2024-11-16,wk inc flu hosp,0,2024-11-16,35,quantile,0.4,18.594
2024-11-16,wk inc flu hosp,0,2024-11-16,35,quantile,0.45,20.487
2024-11-16,wk inc flu hosp,0,2024-11-16,35,quantile,0.5,22.025
2024-11-16,wk inc flu hosp,0,2024-11-16,35,quantile,0.55,23.591
2024-11-16,wk inc flu hosp,0,2024-11-16,35,quantile,0.6,25.012
2024-11-16,wk inc flu hosp,0,2024-11-16,35,quantile,0.65,26.756
2024-11-16,wk inc flu hosp,0,2024-11-16,35,quantile,0.7,28.619
2024-11-16,wk inc flu hosp,0,2024-11-16,35,quantile,0.75,30.201
2024-11-16,wk inc flu hosp,0,2024-11-16,35,quantile,0.8,32.553
2024-11-16,wk inc flu hosp,0,2024-11-16,35,quantile,0.85,34.98
2024-11-16,wk inc flu hosp,0,2024-11-16,35,quantile,0.9,38.315
2024-11-16,wk inc flu hosp,0,2024-11-16,35,quantile,0.95,44.8
2024-11-16,wk inc flu hosp,0,2024-11-16,35,quantile,0.975,52.957
2024-11-16,wk inc flu hosp,0,2024-11-16,35,quantile,0.99,74.896
2024-11-16,wk inc flu hosp,1,2024-11-23,35,quantile,0.01,0.0
2024-11-16,wk inc flu hosp,1,2024-11-23,35,quantile,0.025,0.0
2024-11-16,wk inc flu hosp,1,2024-11-23,35,quantile,0.05,0.0
2024-11-16,wk inc flu hosp,1,2024-11-23,35,quantile,0.1,2.616
2024-11-16,wk inc flu hosp,1,2024-11-23,35,quantile,0.15,7.729
2024-11-16,wk inc flu hosp,1,2024-11-23,35,quantile,0.2,11.316
2024-11-16,wk inc flu hosp,1,2024-11-23,35,quantile,0.25,14.876
2024-11-16,wk inc flu hosp,1,2024-11-23,35,quantile,0.3,17.032
2024-11-16,wk inc flu hosp,1,2024-11-23,35,quantile,0.35,20.071
2024-11-16,wk inc flu hosp,1,2024-11-23,35,quantile,0.4,22.443
2024-11-16,wk inc flu hosp,1,2024-11-23,35,quantile,0.45,24.916
2024-11-16,wk inc flu hosp,1,2024-11-23,35,quantile,0.5,27.432
2024-11-16,wk inc flu hosp,1,2024-11-23,35,quantile,0.55,29.42
2024-11-16,wk inc flu hosp,1,2024-11-23,35,quantile,0.6,31.925
2024-11-16,wk inc flu hosp,1,2024-11-23,35,quantile,0.65,34.965
2024-11-16,wk inc flu hosp,1,2024-11-23,35,quantile,0.7,37.377
2024-11-16,wk inc flu hosp,1,2024-11-23,35,quantile,0.75,40.502
2024-11-16,wk inc flu hosp,1,2024-11-23,35,quantile,0.8,43.709
2024-11-16,wk inc flu hosp,1,2024-11-23,35,quantile,0.85,48.798
2024-11-16,wk inc flu hosp,1,2024-11-23,35,quantile,0.9,55.045
2024-11-16,wk inc flu hosp,1,2024-11-23,35,quantile,0.95,64.89
2024-11-16,wk inc flu hosp,1,2024-11-23,35,quantile,0.975,83.432
2024-11-16,wk inc flu hosp,1,2024-11-23,35,quantile,0.99,102.187
2024-11-16,wk inc flu hosp,2,2024-11-30,35,quantile,0.01,0.0
2024-11-16,wk inc flu hosp,2,2024-11-30,35,quantile,0.025,0.0
2024-11-16,wk inc flu hosp,2,2024-11-30,35,quantile,0.05,0.0
2024-11-16,wk inc flu hosp,2,2024-11-30,35,quantile,0.1,5.988
2024-11-16,wk inc flu hosp,2,2024-11-30,35,quantile,0.15,10.946
2024-11-16,wk inc flu hosp,2,2024-11-30,35,quantile,0.2,14.626
2024-11-16,wk inc flu hosp,2,2024-11-30,35,quantile,0.25,17.971
2024-11-16,wk inc flu hosp,2,2024-11-30,35,quantile,0.3,21.455
2024-11-16,wk inc flu hosp,2,2024-11-30,35,quantile,0.35,25.243
2024-11-16,wk inc flu hosp,2,2024-11-30,35,quantile,0.4,27.648
2024-11-16,wk inc flu hosp,2,2024-11-30,35,quantile,0.45,31.355
2024-11-16,wk inc flu hosp,2,2024-11-30,35,quantile,0.5,34.139
2024-11-16,wk inc flu hosp,2,2024-11-30,35,quantile,0.55,37.615
2024-11-16,wk inc flu hosp,2,2024-11-30,35,quantile,0.6,40.93
2024-11-16,wk inc flu hosp,2,2024-11-30,35,quantile,0.65,44.128
2024-11-16,wk inc flu hosp,2,2024-11-30,35,quantile,0.7,47.195
2024-11-16,wk inc flu hosp,2,2024-11-30,35,quantile,0.75,51.002
2024-11-16,wk inc flu hosp,2,2024-11-30,35,quantile,0.8,55.349
2024-11-16,wk inc flu hosp,2,2024-11-30,35,quantile,0.85,60.458
2024-11-16,wk inc flu hosp,2,2024-11-30,35,quantile,0.9,67.777
2024-11-16,wk inc flu hosp,2,2024-11-30,35,quantile,0.95,84.925
2024-11-16,wk inc flu hosp,2,2024-11-30,35,quantile,0.975,96.055
2024-11-16,wk inc flu hosp,2,2024-11-30,35,quantile,0.99,106.061
2024-11-16,wk inc flu hosp,3,2024-12-07,35,quantile,0.01,0.0
2024-11-16,wk inc flu hosp,3,2024-12-07,35,quantile,0.025,0.0
2024-11-16,wk inc flu hosp,3,2024-12-07,35,quantile,0.05,0.171
2024-11-16,wk inc flu hosp,3,2024-12-07,35,quantile,0.1,7.932
2024-11-16,wk inc flu hosp,3,2024-12-07,35,quantile,0.15,14.179
2024-11-16,wk inc flu hosp,3,2024-12-07,35,quantile,0.2,18.731
2024-11-16,wk inc flu hosp,3,2024-12-07,35,quantile,0.25,23.36
2024-11-16,wk inc flu hosp,3,2024-12-07,35,quantile,0.3,27.15
2024-11-16,wk inc flu hosp,3,2024-12-07,35,quantile,0.35,30.166
2024-11-16,wk inc flu hosp,3,2024-12-07,35,quantile,0.4,33.79
2024-11-16,wk inc flu hosp,3,2024-12-07,35,quantile,0.45,37.235
2024-11-16,wk inc flu hosp,3,2024-12-07,35,quantile,0.5,40.981
2024-11-16,wk inc flu hosp,3,2024-12-07,35,quantile,0.55,44.71
2024-11-16,wk inc flu hosp,3,2024-12-07,35,quantile,0.6,48.896
2024-11-16,wk inc flu hosp,3,2024-12-07,35,quantile,0.65,52.712
2024-11-16,wk inc flu hosp,3,2024-12-07,35,quantile,0.7,56.741
2024-11-16,wk inc flu hosp,3,2024-12-07,35,quantile,0.75,61.105
2024-11-16,wk inc flu hosp,3,2024-12-07,35,quantile,0.8,66.165
2024-11-16,wk inc flu hosp,3,2024-12-07,35,quantile,0.85,72.737
2024-11-16,wk inc flu hosp,3,2024-12-07,35,quantile,0.9,83.15
2024-11-16,wk inc flu hosp,3,2024-12-07,35,quantile,0.95,98.835
2024-11-16,wk inc flu hosp,3,2024-12-07,35,quantile,0.975,111.147
2024-11-16,wk inc flu hosp,3,2024-12-07,35,quantile,0.99,125.788
2024-11-16,wk inc flu hosp,0,2024-11-16,36,quantile,0.01,0.0
2024-11-16,wk inc flu hosp,0,2024-11-16,36,quantile,0.025,0.0
2024-11-16,wk inc flu hosp,0,2024-11-16,36,quantile,0.05,0.0
2024-11-16,wk inc flu hosp,0,2024-11-16,36,quantile,0.1,0.0
2024-11-16,wk inc flu hosp,0,2024-11-16,36,quantile,0.15,9.387
2024-11-16,wk inc flu hosp,0,2024-11-16,36,quantile,0.2,24.283
2024-11-16,wk inc flu hosp,0,2024-11-16,36,quantile,0.25,36.974
2024-11-16,wk inc flu hosp,0,2024-11-16,36,quantile,0.3,47.004
2024-11-16,wk inc flu hosp,0,2024-11-16,36,quantile,0.35,57.247
2024-11-16,wk inc flu hosp,0,2024-11-16,36,quantile,0.4,68.73
2024-11-16,wk inc flu hosp,0,2024-11-16,36,quantile,0.45,79.484
2024-11-16,wk inc flu hosp,0,2024-11-16,36,quantile,0.5,91.143
2024-11-16,wk inc flu hosp,0,2024-11-16,36,quantile,0.55,99.816
2024-11-16,wk inc flu hosp,0,2024-11-16,36,quantile,0.6,108.229
2024-11-16,wk inc flu hosp,0,2024-11-16,36,quantile,0.65,117.596
2024-11-16,wk inc flu hosp,0,2024-11-16,36,quantile,0.7,127.896
2024-11-16,wk inc flu hosp,0,2024-11-16,36,quantile,0.75,139.846
2024-11-16,wk inc flu hosp,0,2024-11-16,36,quantile,0.8,157.551
2024-11-16,wk inc flu hosp,0,2024-11-16,36,quantile,0.85,177.541
2024-11-16,wk inc flu hosp,0,2024-11-16,36,quantile,0.9,198.957
2024-11-16,wk inc flu hosp,0,2024-11-16,36,quantile,0.95,245.666
2024-11-16,wk inc flu hosp,0,2024-11-16,36,quantile,0.975,310.241
2024-11-16,wk inc flu hosp,0,2024-11-16,36,quantile,0.99,380.175
2024-11-16,wk inc flu hosp,1,2024-11-23,36,quantile,0.01,0.0
2024-11-16,wk inc flu hosp,1,2024-11-23,36,quantile,0.025,0.0
2024-11-16,wk inc flu hosp,1,2024-11-23,36,quantile,0.05,0.0
2024-11-16,wk inc flu hosp,1,2024-11-23,36,quantile,0.1,9.96
2024-11-16,wk inc flu hosp,1,2024-11-23,36,quantile,0.15,26.786
2024-11-16,wk inc flu hosp,1,2024-11-23,36,quantile,0.2,46.423
2024-11-16,wk inc flu hosp,1,2024-11-23,36,quantile,0.25,61.421
2024-11-16,wk inc flu hosp,1,2024-11-23,36,quantile,0.3,76.138
2024-11-16,wk inc flu hosp,1,2024-11-23,36,quantile,0.35,87.139
2024-11-16,wk inc flu hosp,1,2024-11-23,36,quantile,0.4,100.744
2024-11-16,wk inc flu hosp,1,2024-11-23,36,quantile,0.45,112.311
2024-11-16,wk inc flu hosp,1,2024-11-23,36,quantile,0.5,126.024
2024-11-16,wk inc flu hosp,1,2024-11-23,36,quantile,0.55,144.851
2024-11-16,wk inc flu hosp,1,2024-11-23,36,quantile,0.6,160.059
2024-11-16,wk inc flu hosp,1,2024-11-23,36,quantile,0.65,175.921
2024-11-16,wk inc flu hosp,1,2024-11-23,36,quantile,0.7,191.592
2024-11-16,wk inc flu hosp,1,2024-11-23,36,quantile,0.75,214.557
2024-11-16,wk inc flu hosp,1,2024-11-23,36,quantile,0.8,235.261
2024-11-16,wk inc flu hosp,1,2024-11-23,36,quantile,0.85,268.51
2024-11-16,wk inc flu hosp,1,2024-11-23,36,quantile,0.9,307.58
2024-11-16,wk inc flu hosp,1,2024-11-23,36,quantile,0.95,359.922
2024-11-16,wk inc flu hosp,1,2024-11-23,36,quantile,0.975,411.626
2024-11-16,wk inc flu hosp,1,2024-11-23,36,quantile,0.99,483.305
2024-11-16,wk inc flu hosp,2,2024-11-30,36,quantile,0.01,0.0
2024-11-16,wk inc flu hosp,2,2024-11-30,36,quantile,0.025,0.0
2024-11-16,wk inc flu hosp,2,2024-11-30,36,quantile,0.05,0.0
2024-11-16,wk inc flu hosp,2,2024-11-30,36,quantile,0.1,20.677
2024-11-16,wk inc flu hosp,2,2024-11-30,36,quantile,0.15,49.008
2024-11-16,wk inc flu hosp,2,2024-11-30,36,quantile,0.2,67.535
2024-11-16,wk inc flu hosp,2,2024-11-30,36,quantile,0.25,82.187
2024-11-16,wk inc flu hosp,2,2024-11-30,36,quantile,0.3,103.346
2024-11-16,wk inc flu hosp,2,2024-11-30,36,quantile,0.35,121.877
2024-11-16,wk inc flu hosp,2,2024-11-30,36,quantile,0.4,144.121
2024-11-16,wk inc flu hosp,2,2024-11-30,36,quantile,0.45,160.447
2024-11-16,wk inc flu hosp,2,2024-11-30,36,quantile,0.5,176.085
2024-11-16,wk inc flu hosp,2,2024-11-30,36,quantile,0.55,193.892
2024-11-16,wk inc flu hosp,2,2024-11-30,36,quantile,0.6,212.622
2024-11-16,wk inc flu hosp,2,2024-11-30,36,quantile,0.65,230.184
2024-11-16,wk inc flu hosp,2,2024-11-30,36,quantile,0.7,250.968
2024-11-16,wk inc flu hosp,2,2024-11-30,36,quantile,0.75,275.22
2024-11-16,wk inc flu hosp,2,2024-11-30,36,quantile,0.8,303.266
2024-11-16,wk inc flu hosp,2,2024-11-30,36,quantile,0.85,332.145
2024-11-16,wk inc flu hosp,2,2024-11-30,36,quantile,0.9,374.904
2024-11-16,wk inc flu hosp,2,2024-11-30,36,quantile,0.95,436.141
2024-11-16,wk inc flu hosp,2,2024-11-30,36,quantile,0.975,510.079
2024-11-16,wk inc flu hosp,2,2024-11-30,36,quantile,0.99,591.347
2024-11-16,wk inc flu hosp,3,2024-12-07,36,quantile,0.01,0.0
2024-11-16,wk inc flu hosp,3,2024-12-07,36,quantile,0.025,0.0
2024-11-16,wk inc flu hosp,3,2024-12-07,36,quantile,0.05,7.395
2024-11-16,wk inc flu hosp,3,2024-12-07,36,quantile,0.1,46.864
2024-11-16,wk inc flu hosp,3,2024-12-07,36,quantile,0.15,73.992
2024-11-16,wk inc flu hosp,3,2024-12-07,36,quantile,0.2,98.97
2024-11-16,wk inc flu hosp,3,2024-12-07,36,quantile,0.25,119.496
2024-11-16,wk inc flu hosp,3,2024-12-07,36,quantile,0.3,136.678
2024-11-16,wk inc flu hosp,3,2024-12-07,36,quantile,0.35,156.266
2024-11-16,wk inc flu hosp,3,2024-12-07,36,quantile,0.4,178.637
2024-11-16,wk inc flu hosp,3,2024-12-07,36,quantile,0.45,200.313
2024-11-16,wk inc flu hosp,3,2024-12-07,36,quantile,0.5,221.059
2024-11-16,wk inc flu hosp,3,2024-12-07,36,quantile,0.55,241.456
2024-11-16,wk inc flu hosp,3,2024-12-07,36,quantile,0.6,261.723
2024-11-16,wk inc flu hosp,3,2024-12-07,36,quantile,0.65,284.208
2024-11-16,wk inc flu hosp,3,2024-12-07,36,quantile,0.7,311.411
2024-11-16,wk inc flu hosp,3,2024-12-07,36,quantile,0.75,334.125
2024-11-16,wk inc flu hosp,3,2024-12-07,36,quantile,0.8,368.664
2024-11-16,wk inc flu hosp,3,2024-12-07,36,quantile,0.85,407.202
2024-11-16,wk inc flu hosp,3,2024-12-07,36,quantile,0.9,444.496
2024-11-16,wk inc flu hosp,3,2024-12-07,36,quantile,0.95,529.339
2024-11-16,wk inc flu hosp,3,2024-12-07,36,quantile,0.975,604.396
2024-11-16,wk inc flu hosp,3,2024-12-07,36,quantile,0.99,696.575
2024-11-16,wk inc flu hosp,0,2024-11-16,37,quantile,0.01,0.0
2024-11-16,wk inc flu hosp,0,2024-11-16,37,quantile,0.025,0.0
2024-11-16,wk inc flu hosp,0,2024-11-16,37,quantile,0.05,0.0
2024-11-16,wk inc flu hosp,0,2024-11-16,37,quantile,0.1,2.311
2024-11-16,wk inc flu hosp,0,2024-11-16,37,quantile,0.15,10.605
2024-11-16,wk inc flu hosp,0,2024-11-16,37,quantile,0.2,16.465
2024-11-16,wk inc flu hosp,0,2024-11-16,37,quantile,0.25,21.062
2024-11-16,wk inc flu hosp,0,2024-11-16,37,quantile,0.3,25.879
2024-11-16,wk inc flu hosp,0,2024-11-16,37,quantile,0.35,30.19
2024-11-16,wk inc flu hosp,0,2024-11-16,37,quantile,0.4,34.132
2024-11-16,wk inc flu hosp,0,2024-11-16,37,quantile,0.45,38.276
2024-11-16,wk inc flu hosp,0,2024-11-16,37,quantile,0.5,43.593
2024-11-16,wk inc flu hosp,0,2024-11-16,37,quantile,0.55,48.54
2024-11-16,wk inc flu hosp,0,2024-11-16,37,quantile,0.6,53.228
2024-11-16,wk inc flu hosp,0,2024-11-16,37,quantile,0.65,56.82
2024-11-16,wk inc flu hosp,0,2024-11-16,37,quantile,0.7,62.432
2024-11-16,wk inc flu hosp,0,2024-11-16,37,quantile,0.75,68.159
2024-11-16,wk inc flu hosp,0,2024-11-16,37,quantile,0.8,74.882
2024-11-16,wk inc flu hosp,0,2024-11-16,37,quantile,0.85,81.138
2024-11-16,wk inc flu hosp,0,2024-11-16,37,quantile,0.9,91.129
2024-11-16,wk inc flu hosp,0,2024-11-16,37,quantile,0.95,107.183
2024-11-16,wk inc flu hosp,0,2024-11-16,37,quantile,0.975,122.695
2024-11-16,wk inc flu hosp,0,2024-11-16,37,quantile,0.99,128.922
2024-11-16,wk inc flu hosp,1,2024-11-23,37,quantile,0.01,0.0
2024-11-16,wk inc flu hosp,1,2024-11-23,37,quantile,0.025,0.0
2024-11-16,wk inc flu hosp,1,2024-11-23,37,quantile,0.05,0.0
2024-11-16,wk inc flu hosp,1,2024-11-23,37,quantile,0.1,6.194
2024-11-16,wk inc flu hosp,1,2024-11-23,37,quantile,0.15,16.476
2024-11-16,wk inc flu hosp,1,2024-11-23,37,quantile,0.2,23.396
2024-11-16,wk inc flu hosp,1,2024-11-23,37,quantile,0.25,30.357
2024-11-16,wk inc flu hosp,1,2024-11-23,37,quantile,0.3,38.479
2024-11-16,wk inc flu hosp,1,2024-11-23,37,quantile,0.35,46.622
2024-11-16,wk inc flu hosp,1,2024-11-23,37,quantile,0.4,52.15
2024-11-16,wk inc flu hosp,1,2024-11-23,37,quantile,0.45,58.942
2024-11-16,wk inc flu hosp,1,2024-11-23,37,quantile,0.5,64.527
2024-11-16,wk inc flu hosp,1,2024-11-23,37,quantile,0.55,69.515
2024-11-16,wk inc flu hosp,1,2024-11-23,37,quantile,0.6,75.951
2024-11-16,wk inc flu hosp,1,2024-11-23,37,quantile,0.65,81.563
2024-11-16,wk inc flu hosp,1,2024-11-23,37,quantile,0.7,89.032
2024-11-16,wk inc flu hosp,1,2024-11-23,37,quantile,0.75,96.134
2024-11-16,wk inc flu hosp,1,2024-11-23,37,quantile,0.8,105.263
2024-11-16,wk inc flu hosp,1,2024-11-23,37,quantile,0.85,115.644
2024-11-16,wk inc flu hosp,1,2024-11-23,37,quantile,0.9,128.605
2024-11-16,wk inc flu hosp,1,2024-11-23,37,quantile,0.95,143.406
2024-11-16,wk inc flu hosp,1,2024-11-23,37,quantile,0.975,158.67
2024-11-16,wk inc flu hosp,1,2024-11-23,37,quantile,0.99,180.689
2024-11-16,wk inc flu hosp,2,2024-11-30,37,quantile,0.01,0.0
2024-11-16,wk inc flu hosp,2,2024-11-30,37,quantile,0.025,0.0
2024-11-16,wk inc flu hosp,2,2024-11-30,37,quantile,0.05,0.0
2024-11-16,wk inc flu hosp,2,2024-11-30,37,quantile,0.1,14.36
2024-11-16,wk inc flu hosp,2,2024-11-30,37,quantile,0.15,27.419
2024-11-16,wk inc flu hosp,2,2024-11-30,37,quantile,0.2,38.241
2024-11-16,wk inc flu hosp,2,2024-11-30,37,quantile,0.25,45.442
2024-11-16,wk inc flu hosp,2,2024-11-30,37,quantile,0.3,53.763
2024-11-16,wk inc flu hosp,2,2024-11-30,37,quantile,0.35,62.046
2024-11-16,wk inc flu hosp,2,2024-11-30,37,quantile,0.4,67.929
2024-11-16,wk inc flu hosp,2,2024-11-30,37,quantile,0.45,75.615
2024-11-16,wk inc flu hosp,2,2024-11-30,37,quantile,0.5,82.263
2024-11-16,wk inc flu hosp,2,2024-11-30,37,quantile,0.55,89.555
2024-11-16,wk inc flu hosp,2,2024-11-30,37,quantile,0.6,96.233
2024-11-16,wk inc flu hosp,2,2024-11-30,37,quantile,0.65,105.54
2024-11-16,wk inc flu hosp,2,2024-11-30,37,quantile,0.7,115.141
2024-11-16,wk inc flu hosp,2,2024-11-30,37,quantile,0.75,125.046
2024-11-16,wk inc flu hosp,2,2024-11-30,37,quantile,0.8,136.65
2024-11-16,wk inc flu hosp,2,2024-11-30,37,quantile,0.85,145.456
2024-11-16,wk inc flu hosp,2,2024-11-30,37,quantile,0.9,160.961
2024-11-16,wk inc flu hosp,2,2024-11-30,37,quantile,0.95,179.097
2024-11-16,wk inc flu hosp,2,2024-11-30,37,quantile,0.975,194.079
2024-11-16,wk inc flu hosp,2,2024-11-30,37,quantile,0.99,211.32
2024-11-16,wk inc flu hosp,3,2024-12-07,37,quantile,0.01,0.0
2024-11-16,wk inc flu hosp,3,2024-12-07,37,quantile,0.025,0.0
2024-11-16,wk inc flu hosp,3,2024-12-07,37,quantile,0.05,4.571
2024-11-16,wk inc flu hosp,3,2024-12-07,37,quantile,0.1,20.643
2024-11-16,wk inc flu hosp,3,2024-12-07,37,quantile,0.15,37.206
2024-11-16,wk inc flu hosp,3,2024-12-07,37,quantile,0.2,48.263
2024-11-16,wk inc flu hosp,3,2024-12-07,37,quantile,0.25,58.899
2024-11-16,wk inc flu hosp,3,2024-12-07,37,quantile,0.3,68.82
2024-11-16,wk inc flu hosp,3,2024-12-07,37,quantile,0.35,78.696
2024-11-16,wk inc flu hosp,3,2024-12-07,37,quantile,0.4,86.054
2024-11-16,wk inc flu hosp,3,2024-12-07,37,quantile,0.45,95.293
2024-11-16,wk inc flu hosp,3,2024-12-07,37,quantile,0.5,103.168
2024-11-16,wk inc flu hosp,3,2024-12-07,37,quantile,0.55,110.338
2024-11-16,wk inc flu hosp,3,2024-12-07,37,quantile,0.6,119.672
2024-11-16,wk inc flu hosp,3,2024-12-07,37,quantile,0.65,129.603
2024-11-16,wk inc flu hosp,3,2024-12-07,37,quantile,0.7,138.924
2024-11-16,wk inc flu hosp,3,2024-12-07,37,quantile,0.75,149.798
2024-11-16,wk inc flu hosp,3,2024-12-07,37,quantile,0.8,159.776
2024-11-16,wk inc flu hosp,3,2024-12-07,37,quantile,0.85,172.161
2024-11-16,wk inc flu hosp,3,2024-12-07,37,quantile,0.9,187.244
2024-11-16,wk inc flu hosp,3,2024-12-07,37,quantile,0.95,208.498
2024-11-16,wk inc flu hosp,3,2024-12-07,37,quantile,0.975,226.971
2024-11-16,wk inc flu hosp,3,2024-12-07,37,quantile,0.99,245.826
2024-11-16,wk inc flu hosp,0,2024-11-16,38,quantile,0.01,0.0
2024-11-16,wk inc flu hosp,0,2024-11-16,38,quantile,0.025,0.0
2024-11-16,wk inc flu hosp,0,2024-11-16,38,quantile,0.05,0.0
2024-11-16,wk inc flu hosp,0,2024-11-16,38,quantile,0.1,0.0
2024-11-16,wk inc flu hosp,0,2024-11-16,38,quantile,0.15,0.0
2024-11-16,wk inc flu hosp,0,2024-11-16,38,quantile,0.2,0.0
2024-11-16,wk inc flu hosp,0,2024-11-16,38,quantile,0.25,0.0
2024-11-16,wk inc flu hosp,0,2024-11-16,38,quantile,0.3,0.0
2024-11-16,wk inc flu hosp,0,2024-11-16,38,quantile,0.35,0.0
2024-11-16,wk inc flu hosp,0,2024-11-16,38,quantile,0.4,0.0
2024-11-16,wk inc flu hosp,0,2024-11-16,38,quantile,0.45,0.099
2024-11-16,wk inc flu hosp,0,2024-11-16,38,quantile,0.5,0.662
2024-11-16,wk inc flu hosp,0,2024-11-16,38,quantile,0.55,1.188
2024-11-16,wk inc flu hosp,0,2024-11-16,38,quantile,0.6,1.688
2024-11-16,wk inc flu hosp,0,2024-11-16,38,quantile,0.65,2.261
2024-11-16,wk inc flu hosp,0,2024-11-16,38,quantile,0.7,2.789
2024-11-16,wk inc flu hosp,0,2024-11-16,38,quantile,0.75,3.434
2024-11-16,wk inc flu hosp,0,2024-11-16,38,quantile,0.8,4.09
2024-11-16,wk inc flu hosp,0,2024-11-16,38,quantile,0.85,5.051
2024-11-16,wk inc flu hosp,0,2024-11-16,38,quantile,0.9,6.15
2024-11-16,wk inc flu hosp,0,2024-11-16,38,quantile,0.95,8.07
2024-11-16,wk inc flu hosp,0,2024-11-16,38,quantile,0.975,9.444
2024-11-16,wk inc flu hosp,0,2024-11-16,38,quantile,0.99,11.011
2024-11-16,wk inc flu hosp,1,2024-11-23,38,quantile,0.01,0.0
2024-11-16,wk inc flu hosp,1,2024-11-23,38,quantile,0.025,0.0
2024-11-16,wk inc flu hosp,1,2024-11-23,38,quantile,0.05,0.0
2024-11-16,wk inc flu hosp,1,2024-11-23,38,quantile,0.1,0.0
2024-11-16,wk inc flu hosp,1,2024-11-23,38,quantile,0.15,0.0
2024-11-16,wk inc flu hosp,1,2024-11-23,38,quantile,0.2,0.0
2024-11-16,wk inc flu hosp,1,2024-11-23,38,quantile,0.25,0.0
2024-11-16,wk inc flu hosp,1,2024-11-23,38,quantile,0.3,0.182
2024-11-16,wk inc flu hosp,1,2024-11-23,38,quantile,0.35,0.736
2024-11-16,wk inc flu hosp,1,2024-11-23,38,quantile,0.4,1.301
2024-11-16,wk inc flu hosp,1,2024-11-23,38,quantile,0.45,1.825
2024-11-16,wk inc flu hosp,1,2024-11-23,38,quantile,0.5,2.508
2024-11-16,wk inc flu hosp,1,2024-11-23,38,quantile,0.55,3.074
2024-11-16,wk inc flu hosp,1,2024-11-23,38,quantile,0.6,3.718
2024-11-16,wk inc flu hosp,1,2024-11-23,38,quantile,0.65,4.451
2024-11-16,wk inc flu hosp,1,2024-11-23,38,quantile,0.7,5.387
2024-11-16,wk inc flu hosp,1,2024-11-23,38,quantile,0.75,6.009
2024-11-16,wk inc flu hosp,1,2024-11-23,38,quantile,0.8,6.793
2024-11-16,wk inc flu hosp,1,2024-11-23,38,quantile,0.85,7.812
2024-11-16,wk inc flu hosp,1,2024-11-23,38,quantile,0.9,9.525
2024-11-16,wk inc flu hosp,1,2024-11-23,38,quantile,0.95,11.5
2024-11-16,wk inc flu hosp,1,2024-11-23,38,quantile,0.975,13.689
2024-11-16,wk inc flu hosp,1,2024-11-23,38,quantile,0.99,15.554
2024-11-16,wk inc flu hosp,2,2024-11-30,38,quantile,0.01,0.0
2024-11-16,wk inc flu hosp,2,2024-11-30,38,quantile,0.025,0.0
2024-11-16,wk inc flu hosp,2,2024-11-30,38,quantile,0.05,0.0
2024-11-16,wk inc flu hosp,2,2024-11-30,38,quantile,0.1,0.0
2024-11-16,wk inc flu hosp,2,2024-11-30,38,quantile,0.15,0.0
2024-11-16,wk inc flu hosp,2,2024-11-30,38,quantile,0.2,0.0
2024-11-16,wk inc flu hosp,2,2024-11-30,38,quantile,0.25,0.292
2024-11-16,wk inc flu hosp,2,2024-11-30,38,quantile,0.3,0.878
2024-11-16,wk inc flu hosp,2,2024-11-30,38,quantile,0.35,1.714
2024-11-16,wk inc flu hosp,2,2024-11-30,38,quantile,0.4,2.377
2024-11-16,wk inc flu hosp,2,2024-11-30,38,quantile,0.45,3.123
2024-11-16,wk inc flu hosp,2,2024-11-30,38,quantile,0.5,3.844
2024-11-16,wk inc flu hosp,2,2024-11-30,38,quantile,0.55,4.368
2024-11-16,wk inc flu hosp,2,2024-11-30,38,quantile,0.6,4.897
2024-11-16,wk inc flu hosp,2,2024-11-30,38,quantile,0.65,5.63
2024-11-16,wk inc flu hosp,2,2024-11-30,38,quantile,0.7,6.368
2024-11-16,wk inc flu hosp,2,2024-11-30,38,quantile,0.75,7.708
2024-11-16,wk inc flu hosp,2,2024-11-30,38,quantile,0.8,8.736
2024-11-16,wk inc flu hosp,2,2024-11-30,38,quantile,0.85,10.093
2024-11-16,wk inc flu hosp,2,2024-11-30,38,quantile,0.9,11.726
2024-11-16,wk inc flu hosp,2,2024-11-30,38,quantile,0.95,14.049
2024-11-16,wk inc flu hosp,2,2024-11-30,38,quantile,0.975,16.161
2024-11-16,wk inc flu hosp,2,2024-11-30,38,quantile,0.99,19.355
2024-11-16,wk inc flu hosp,3,2024-12-07,38,quantile,0.01,0.0
2024-11-16,wk inc flu hosp,3,2024-12-07,38,quantile,0.025,0.0
2024-11-16,wk inc flu hosp,3,2024-12-07,38,quantile,0.05,0.0
2024-11-16,wk inc flu hosp,3,2024-12-07,38,quantile,0.1,0.0
2024-11-16,wk inc flu hosp,3,2024-12-07,38,quantile,0.15,0.0
2024-11-16,wk inc flu hosp,3,2024-12-07,38,quantile,0.2,0.424
2024-11-16,wk inc flu hosp,3,2024-12-07,38,quantile,0.25,1.378
2024-11-16,wk inc flu hosp,3,2024-12-07,38,quantile,0.3,2.109
2024-11-16,wk inc flu hosp,3,2024-12-07,38,quantile,0.35,2.735
2024-11-16,wk inc flu hosp,3,2024-12-07,38,quantile,0.4,3.506
2024-11-16,wk inc flu hosp,3,2024-12-07,38,quantile,0.45,4.301
2024-11-16,wk inc flu hosp,3,2024-12-07,38,quantile,0.5,5.102
2024-11-16,wk inc flu hosp,3,2024-12-07,38,quantile,0.55,5.79
2024-11-16,wk inc flu hosp,3,2024-12-07,38,quantile,0.6,6.554
2024-11-16,wk inc flu hosp,3,2024-12-07,38,quantile,0.65,7.373
2024-11-16,wk inc flu hosp,3,2024-12-07,38,quantile,0.7,8.686
2024-11-16,wk inc flu hosp,3,2024-12-07,38,quantile,0.75,9.775
2024-11-16,wk inc flu hosp,3,2024-12-07,38,quantile,0.8,10.952
2024-11-16,wk inc flu hosp,3,2024-12-07,38,quantile,0.85,12.744
2024-11-16,wk inc flu hosp,3,2024-12-07,38,quantile,0.9,14.585
2024-11-16,wk inc flu hosp,3,2024-12-07,38,quantile,0.95,17.033
2024-11-16,wk inc flu hosp,3,2024-12-07,38,quantile,0.975,18.833
2024-11-16,wk inc flu hosp,3,2024-12-07,38,quantile,0.99,21.888
2024-11-16,wk inc flu hosp,0,2024-11-16,39,quantile,0.01,442.522
2024-11-16,wk inc flu hosp,0,2024-11-16,39,quantile,0.025,454.461
2024-11-16,wk inc flu hosp,0,2024-11-16,39,quantile,0.05,466.281
2024-11-16,wk inc flu hosp,0,2024-11-16,39,quantile,0.1,484.163
2024-11-16,wk inc flu hosp,0,2024-11-16,39,quantile,0.15,492.745
2024-11-16,wk inc flu hosp,0,2024-11-16,39,quantile,0.2,504.622
2024-11-16,wk inc flu hosp,0,2024-11-16,39,quantile,0.25,511.951
2024-11-16,wk inc flu hosp,0,2024-11-16,39,quantile,0.3,520.608
2024-11-16,wk inc flu hosp,0,2024-11-16,39,quantile,0.35,526.418
2024-11-16,wk inc flu hosp,0,2024-11-16,39,quantile,0.4,534.149
2024-11-16,wk inc flu hosp,0,2024-11-16,39,quantile,0.45,540.447
2024-11-16,wk inc flu hosp,0,2024-11-16,39,quantile,0.5,545.764
2024-11-16,wk inc flu hosp,0,2024-11-16,39,quantile,0.55,551.807
2024-11-16,wk inc flu hosp,0,2024-11-16,39,quantile,0.6,555.958
2024-11-16,wk inc flu hosp,0,2024-11-16,39,quantile,0.65,560.921
2024-11-16,wk inc flu hosp,0,2024-11-16,39,quantile,0.7,566.934
2024-11-16,wk inc flu hosp,0,2024-11-16,39,quantile,0.75,575.224
2024-11-16,wk inc flu hosp,0,2024-11-16,39,quantile,0.8,583.782
2024-11-16,wk inc flu hosp,0,2024-11-16,39,quantile,0.85,592.282
2024-11-16,wk inc flu hosp,0,2024-11-16,39,quantile,0.9,609.068
2024-11-16,wk inc flu hosp,0,2024-11-16,39,quantile,0.95,634.993
2024-11-16,wk inc flu hosp,0,2024-11-16,39,quantile,0.975,679.745
2024-11-16,wk inc flu hosp,0,2024-11-16,39,quantile,0.99,786.149
2024-11-16,wk inc flu hosp,1,2024-11-23,39,quantile,0.01,404.549
2024-11-16,wk inc flu hosp,1,2024-11-23,39,quantile,0.025,432.523
2024-11-16,wk inc flu hosp,1,2024-11-23,39,quantile,0.05,450.215
2024-11-16,wk inc flu hosp,1,2024-11-23,39,quantile,0.1,470.715
2024-11-16,wk inc flu hosp,1,2024-11-23,39,quantile,0.15,486.834
2024-11-16,wk inc flu hosp,1,2024-11-23,39,quantile,0.2,497.101
2024-11-16,wk inc flu hosp,1,2024-11-23,39,quantile,0.25,508.407
2024-11-16,wk inc flu hosp,1,2024-11-23,39,quantile,0.3,517.695
2024-11-16,wk inc flu hosp,1,2024-11-23,39,quantile,0.35,530.292
2024-11-16,wk inc flu hosp,1,2024-11-23,39,quantile,0.4,537.976
2024-11-16,wk inc flu hosp,1,2024-11-23,39,quantile,0.45,543.89
2024-11-16,wk inc flu hosp,1,2024-11-23,39,quantile,0.5,552.4
2024-11-16,wk inc flu hosp,1,2024-11-23,39,quantile,0.55,563.354
2024-11-16,wk inc flu hosp,1,2024-11-23,39,quantile,0.6,573.112
2024-11-16,wk inc flu hosp,1,2024-11-23,39,quantile,0.65,583.424
2024-11-16,wk inc flu hosp,1,2024-11-23,39,quantile,0.7,596.144
2024-11-16,wk inc flu hosp,1,2024-11-23,39,quantile,0.75,608.508
2024-11-16,wk inc flu hosp,1,2024-11-23,39,quantile,0.8,616.569
2024-11-16,wk inc flu hosp,1,2024-11-23,39,quantile,0.85,639.239
2024-11-16,wk inc flu hosp,1,2024-11-23,39,quantile,0.9,658.951
2024-11-16,wk inc flu hosp,1,2024-11-23,39,quantile,0.95,696.707
2024-11-16,wk inc flu hosp,1,2024-11-23,39,quantile,0.975,762.245
2024-11-16,wk inc flu hosp,1,2024-11-23,39,quantile,0.99,827.093
2024-11-16,wk inc flu hosp,2,2024-11-30,39,quantile,0.01,382.451
2024-11-16,wk inc flu hosp,2,2024-11-30,39,quantile,0.025,404.707
2024-11-16,wk inc flu hosp,2,2024-11-30,39,quantile,0.05,428.373
2024-11-16,wk inc flu hosp,2,2024-11-30,39,quantile,0.1,465.818
2024-11-16,wk inc flu hosp,2,2024-11-30,39,quantile,0.15,485.62
2024-11-16,wk inc flu hosp,2,2024-11-30,39,quantile,0.2,500.905
2024-11-16,wk inc flu hosp,2,2024-11-30,39,quantile,0.25,515.221
2024-11-16,wk inc flu hosp,2,2024-11-30,39,quantile,0.3,523.62
2024-11-16,wk inc flu hosp,2,2024-11-30,39,quantile,0.35,536.245
2024-11-16,wk inc flu hosp,2,2024-11-30,39,quantile,0.4,547.067
2024-11-16,wk inc flu hosp,2,2024-11-30,39,quantile,0.45,558.067
2024-11-16,wk inc flu hosp,2,2024-11-30,39,quantile,0.5,568.449
2024-11-16,wk inc flu hosp,2,2024-11-30,39,quantile,0.55,578.632
2024-11-16,wk inc flu hosp,2,2024-11-30,39,quantile,0.6,591.047
2024-11-16,wk inc flu hosp,2,2024-11-30,39,quantile,0.65,604.858
2024-11-16,wk inc flu hosp,2,2024-11-30,39,quantile,0.7,616.668
2024-11-16,wk inc flu hosp,2,2024-11-30,39,quantile,0.75,628.452
2024-11-16,wk inc flu hosp,2,2024-11-30,39,quantile,0.8,645.432
2024-11-16,wk inc flu hosp,2,2024-11-30,39,quantile,0.85,662.058
2024-11-16,wk inc flu hosp,2,2024-11-30,39,quantile,0.9,691.294
2024-11-16,wk inc flu hosp,2,2024-11-30,39,quantile,0.95,745.605
2024-11-16,wk inc flu hosp,2,2024-11-30,39,quantile,0.975,799.914
2024-11-16,wk inc flu hosp,2,2024-11-30,39,quantile,0.99,876.306
2024-11-16,wk inc flu hosp,3,2024-12-07,39,quantile,0.01,361.846
2024-11-16,wk inc flu hosp,3,2024-12-07,39,quantile,0.025,400.41
2024-11-16,wk inc flu hosp,3,2024-12-07,39,quantile,0.05,424.299
2024-11-16,wk inc flu hosp,3,2024-12-07,39,quantile,0.1,457.308
2024-11-16,wk inc flu hosp,3,2024-12-07,39,quantile,0.15,483.046
2024-11-16,wk inc flu hosp,3,2024-12-07,39,quantile,0.2,504.751
2024-11-16,wk inc flu hosp,3,2024-12-07,39,quantile,0.25,523.675
2024-11-16,wk inc flu hosp,3,2024-12-07,39,quantile,0.3,535.984
2024-11-16,wk inc flu hosp,3,2024-12-07,39,quantile,0.35,548.176
2024-11-16,wk inc flu hosp,3,2024-12-07,39,quantile,0.4,560.316
2024-11-16,wk inc flu hosp,3,2024-12-07,39,quantile,0.45,572.803
2024-11-16,wk inc flu hosp,3,2024-12-07,39,quantile,0.5,588.195
2024-11-16,wk inc flu hosp,3,2024-12-07,39,quantile,0.55,597.635
2024-11-16,wk inc flu hosp,3,2024-12-07,39,quantile,0.6,611.663
2024-11-16,wk inc flu hosp,3,2024-12-07,39,quantile,0.65,625.868
2024-11-16,wk inc flu hosp,3,2024-12-07,39,quantile,0.7,642.541
2024-11-16,wk inc flu hosp,3,2024-12-07,39,quantile,0.75,658.617
2024-11-16,wk inc flu hosp,3,2024-12-07,39,quantile,0.8,679.848
2024-11-16,wk inc flu hosp,3,2024-12-07,39,quantile,0.85,702.751
2024-11-16,wk inc flu hosp,3,2024-12-07,39,quantile,0.9,731.356
2024-11-16,wk inc flu hosp,3,2024-12-07,39,quantile,0.95,782.361
2024-11-16,wk inc flu hosp,3,2024-12-07,39,quantile,0.975,859.921
2024-11-16,wk inc flu hosp,3,2024-12-07,39,quantile,0.99,963.058
2024-11-16,wk inc flu hosp,0,2024-11-16,40,quantile,0.01,0.0
2024-11-16,wk inc flu hosp,0,2024-11-16,40,quantile,0.025,0.0
2024-11-16,wk inc flu hosp,0,2024-11-16,40,quantile,0.05,0.0
2024-11-16,wk inc flu hosp,0,2024-11-16,40,quantile,0.1,0.0
2024-11-16,wk inc flu hosp,0,2024-11-16,40,quantile,0.15,0.0
2024-11-16,wk inc flu hosp,0,2024-11-16,40,quantile,0.2,0.0
2024-11-16,wk inc flu hosp,0,2024-11-16,40,quantile,0.25,0.0
2024-11-16,wk inc flu hosp,0,2024-11-16,40,quantile,0.3,0.0
2024-11-16,wk inc flu hosp,0,2024-11-16,40,quantile,0.35,2.551
2024-11-16,wk inc flu hosp,0,2024-11-16,40,quantile,0.4,12.8
2024-11-16,wk inc flu hosp,0,2024-11-16,40,quantile,0.45,22.248
2024-11-16,wk inc flu hosp,0,2024-11-16,40,quantile,0.5,32.773
2024-11-16,wk inc flu hosp,0,2024-11-16,40,quantile,0.55,41.769
2024-11-16,wk inc flu hosp,0,2024-11-16,40,quantile,0.6,51.067
2024-11-16,wk inc flu hosp,0,2024-11-16,40,quantile,0.65,61.04
2024-11-16,wk inc flu hosp,0,2024-11-16,40,quantile,0.7,74.596
2024-11-16,wk inc flu hosp,0,2024-11-16,40,quantile,0.75,87.451
2024-11-16,wk inc flu hosp,0,2024-11-16,40,quantile,0.8,101.955
2024-11-16,wk inc flu hosp,0,2024-11-16,40,quantile,0.85,119.831
2024-11-16,wk inc flu hosp,0,2024-11-16,40,quantile,0.9,139.649
2024-11-16,wk inc flu hosp,0,2024-11-16,40,quantile,0.95,172.826
2024-11-16,wk inc flu hosp,0,2024-11-16,40,quantile,0.975,227.317
2024-11-16,wk inc flu hosp,0,2024-11-16,40,quantile,0.99,272.398
2024-11-16,wk inc flu hosp,1,2024-11-23,40,quantile,0.01,0.0
2024-11-16,wk inc flu hosp,1,2024-11-23,40,quantile,0.025,0.0
2024-11-16,wk inc flu hosp,1,2024-11-23,40,quantile,0.05,0.0
2024-11-16,wk inc flu hosp,1,2024-11-23,40,quantile,0.1,0.0
2024-11-16,wk inc flu hosp,1,2024-11-23,40,quantile,0.15,0.0
2024-11-16,wk inc flu hosp,1,2024-11-23,40,quantile,0.2,0.0
2024-11-16,wk inc flu hosp,1,2024-11-23,40,quantile,0.25,6.278
2024-11-16,wk inc flu hosp,1,2024-11-23,40,quantile,0.3,19.437
2024-11-16,wk inc flu hosp,1,2024-11-23,40,quantile,0.35,34.025
2024-11-16,wk inc flu hosp,1,2024-11-23,40,quantile,0.4,45.611
2024-11-16,wk inc flu hosp,1,2024-11-23,40,quantile,0.45,57.088
2024-11-16,wk inc flu hosp,1,2024-11-23,40,quantile,0.5,70.042
2024-11-16,wk inc flu hosp,1,2024-11-23,40,quantile,0.55,81.211
2024-11-16,wk inc flu hosp,1,2024-11-23,40,quantile,0.6,95.853
2024-11-16,wk inc flu hosp,1,2024-11-23,40,quantile,0.65,110.109
2024-11-16,wk inc flu hosp,1,2024-11-23,40,quantile,0.7,123.919
2024-11-16,wk inc flu hosp,1,2024-11-23,40,quantile,0.75,141.731
2024-11-16,wk inc flu hosp,1,2024-11-23,40,quantile,0.8,160.248
2024-11-16,wk inc flu hosp,1,2024-11-23,40,quantile,0.85,182.766
2024-11-16,wk inc flu hosp,1,2024-11-23,40,quantile,0.9,217.346
2024-11-16,wk inc flu hosp,1,2024-11-23,40,quantile,0.95,261.736
2024-11-16,wk inc flu hosp,1,2024-11-23,40,quantile,0.975,291.998
2024-11-16,wk inc flu hosp,1,2024-11-23,40,quantile,0.99,335.662
2024-11-16,wk inc flu hosp,2,2024-11-30,40,quantile,0.01,0.0
2024-11-16,wk inc flu hosp,2,2024-11-30,40,quantile,0.025,0.0
2024-11-16,wk inc flu hosp,2,2024-11-30,40,quantile,0.05,0.0
2024-11-16,wk inc flu hosp,2,2024-11-30,40,quantile,0.1,0.0
2024-11-16,wk inc flu hosp,2,2024-11-30,40,quantile,0.15,0.0
2024-11-16,wk inc flu hosp,2,2024-11-30,40,quantile,0.2,5.881
2024-11-16,wk inc flu hosp,2,2024-11-30,40,quantile,0.25,22.576
2024-11-16,wk inc flu hosp,2,2024-11-30,40,quantile,0.3,41.439
2024-11-16,wk inc flu hosp,2,2024-11-30,40,quantile,0.35,54.257
2024-11-16,wk inc flu hosp,2,2024-11-30,40,quantile,0.4,69.376
2024-11-16,wk inc flu hosp,2,2024-11-30,40,quantile,0.45,85.729
2024-11-16,wk inc flu hosp,2,2024-11-30,40,quantile,0.5,101.014
2024-11-16,wk inc flu hosp,2,2024-11-30,40,quantile,0.55,111.605
2024-11-16,wk inc flu hosp,2,2024-11-30,40,quantile,0.6,125.517
2024-11-16,wk inc flu hosp,2,2024-11-30,40,quantile,0.65,143.894
2024-11-16,wk inc flu hosp,2,2024-11-30,40,quantile,0.7,162.957
2024-11-16,wk inc flu hosp,2,2024-11-30,40,quantile,0.75,183.646
2024-11-16,wk inc flu hosp,2,2024-11-30,40,quantile,0.8,210.336
2024-11-16,wk inc flu hosp,2,2024-11-30,40,quantile,0.85,236.279
2024-11-16,wk inc flu hosp,2,2024-11-30,40,quantile,0.9,272.205
2024-11-16,wk inc flu hosp,2,2024-11-30,40,quantile,0.95,318.011
2024-11-16,wk inc flu hosp,2,2024-11-30,40,quantile,0.975,376.509
2024-11-16,wk inc flu hosp,2,2024-11-30,40,quantile,0.99,406.845
2024-11-16,wk inc flu hosp,3,2024-12-07,40,quantile,0.01,0.0
2024-11-16,wk inc flu hosp,3,2024-12-07,40,quantile,0.025,0.0
2024-11-16,wk inc flu hosp,3,2024-12-07,40,quantile,0.05,0.0
2024-11-16,wk inc flu hosp,3,2024-12-07,40,quantile,0.1,0.0
2024-11-16,wk inc flu hosp,3,2024-12-07,40,quantile,0.15,5.333
2024-11-16,wk inc flu hosp,3,2024-12-07,40,quantile,0.2,23.714
2024-11-16,wk inc flu hosp,3,2024-12-07,40,quantile,0.25,43.142
2024-11-16,wk inc flu hosp,3,2024-12-07,40,quantile,0.3,58.182
2024-11-16,wk inc flu hosp,3,2024-12-07,40,quantile,0.35,74.274
2024-11-16,wk inc flu hosp,3,2024-12-07,40,quantile,0.4,91.668
2024-11-16,wk inc flu hosp,3,2024-12-07,40,quantile,0.45,110.867
2024-11-16,wk inc flu hosp,3,2024-12-07,40,quantile,0.5,127.005
2024-11-16,wk inc flu hosp,3,2024-12-07,40,quantile,0.55,142.022
2024-11-16,wk inc flu hosp,3,2024-12-07,40,quantile,0.6,160.297
2024-11-16,wk inc flu hosp,3,2024-12-07,40,quantile,0.65,180.73
2024-11-16,wk inc flu hosp,3,2024-12-07,40,quantile,0.7,199.971
2024-11-16,wk inc flu hosp,3,2024-12-07,40,quantile,0.75,231.789
2024-11-16,wk inc flu hosp,3,2024-12-07,40,quantile,0.8,252.121
2024-11-16,wk inc flu hosp,3,2024-12-07,40,quantile,0.85,294.45
2024-11-16,wk inc flu hosp,3,2024-12-07,40,quantile,0.9,322.916
2024-11-16,wk inc flu hosp,3,2024-12-07,40,quantile,0.95,387.407
2024-11-16,wk inc flu hosp,3,2024-12-07,40,quantile,0.975,450.835
2024-11-16,wk inc flu hosp,3,2024-12-07,40,quantile,0.99,530.412
2024-11-16,wk inc flu hosp,0,2024-11-16,41,quantile,0.01,0.0
2024-11-16,wk inc flu hosp,0,2024-11-16,41,quantile,0.025,0.0
2024-11-16,wk inc flu hosp,0,2024-11-16,41,quantile,0.05,0.0
2024-11-16,wk inc flu hosp,0,2024-11-16,41,quantile,0.1,0.0
2024-11-16,wk inc flu hosp,0,2024-11-16,41,quantile,0.15,0.0
2024-11-16,wk inc flu hosp,0,2024-11-16,41,quantile,0.2,0.0
2024-11-16,wk inc flu hosp,0,2024-11-16,41,quantile,0.25,0.0
2024-11-16,wk inc flu hosp,0,2024-11-16,41,quantile,0.3,0.098
2024-11-16,wk inc flu hosp,0,2024-11-16,41,quantile,0.35,8.791
2024-11-16,wk inc flu hosp,0,2024-11-16,41,quantile,0.4,16.923
2024-11-16,wk inc flu hosp,0,2024-11-16,41,quantile,0.45,24.17
2024-11-16,wk inc flu hosp,0,2024-11-16,41,quantile,0.5,31.078
2024-11-16,wk inc flu hosp,0,2024-11-16,41,quantile,0.55,37.663
2024-11-16,wk inc flu hosp,0,2024-11-16,41,quantile,0.6,46.003
2024-11-16,wk inc flu hosp,0,2024-11-16,41,quantile,0.65,54.335
2024-11-16,wk inc flu hosp,0,2024-11-16,41,quantile,0.7,62.797
2024-11-16,wk inc flu hosp,0,2024-11-16,41,quantile,0.75,73.15
2024-11-16,wk inc flu hosp,0,2024-11-16,41,quantile,0.8,82.507
2024-11-16,wk inc flu hosp,0,2024-11-16,41,quantile,0.85,94.339
2024-11-16,wk inc flu hosp,0,2024-11-16,41,quantile,0.9,110.805
2024-11-16,wk inc flu hosp,0,2024-11-16,41,quantile,0.95,143.481
2024-11-16,wk inc flu hosp,0,2024-11-16,41,quantile,0.975,223.231
2024-11-16,wk inc flu hosp,0,2024-11-16,41,quantile,0.99,287.218
2024-11-16,wk inc flu hosp,1,2024-11-23,41,quantile,0.01,0.0
2024-11-16,wk inc flu hosp,1,2024-11-23,41,quantile,0.025,0.0
2024-11-16,wk inc flu hosp,1,2024-11-23,41,quantile,0.05,0.0
2024-11-16,wk inc flu hosp,1,2024-11-23,41,quantile,0.1,0.0
2024-11-16,wk inc flu hosp,1,2024-11-23,41,quantile,0.15,0.0
2024-11-16,wk inc flu hosp,1,2024-11-23,41,quantile,0.2,0.0
2024-11-16,wk inc flu hosp,1,2024-11-23,41,quantile,0.25,0.58
2024-11-16,wk inc flu hosp,1,2024-11-23,41,quantile,0.3,13.267
2024-11-16,wk inc flu hosp,1,2024-11-23,41,quantile,0.35,23.176
2024-11-16,wk inc flu hosp,1,2024-11-23,41,quantile,0.4,33.188
2024-11-16,wk inc flu hosp,1,2024-11-23,41,quantile,0.45,43.213
2024-11-16,wk inc flu hosp,1,2024-11-23,41,quantile,0.5,54.004
2024-11-16,wk inc flu hosp,1,2024-11-23,41,quantile,0.55,63.446
2024-11-16,wk inc flu hosp,1,2024-11-23,41,quantile,0.6,73.766
2024-11-16,wk inc flu hosp,1,2024-11-23,41,quantile,0.65,86.258
2024-11-16,wk inc flu hosp,1,2024-11-23,41,quantile,0.7,95.685
2024-11-16,wk inc flu hosp,1,2024-11-23,41,quantile,0.75,110.268
2024-11-16,wk inc flu hosp,1,2024-11-23,41,quantile,0.8,125.694
2024-11-16,wk inc flu hosp,1,2024-11-23,41,quantile,0.85,144.111
2024-11-16,wk inc flu hosp,1,2024-11-23,41,quantile,0.9,162.093
2024-11-16,wk inc flu hosp,1,2024-11-23,41,quantile,0.95,225.734
2024-11-16,wk inc flu hosp,1,2024-11-23,41,quantile,0.975,285.068
2024-11-16,wk inc flu hosp,1,2024-11-23,41,quantile,0.99,367.192
2024-11-16,wk inc flu hosp,2,2024-11-30,41,quantile,0.01,0.0
2024-11-16,wk inc flu hosp,2,2024-11-30,41,quantile,0.025,0.0
2024-11-16,wk inc flu hosp,2,2024-11-30,41,quantile,0.05,0.0
2024-11-16,wk inc flu hosp,2,2024-11-30,41,quantile,0.1,0.0
2024-11-16,wk inc flu hosp,2,2024-11-30,41,quantile,0.15,0.0
2024-11-16,wk inc flu hosp,2,2024-11-30,41,quantile,0.2,6.53
2024-11-16,wk inc flu hosp,2,2024-11-30,41,quantile,0.25,20.347
2024-11-16,wk inc flu hosp,2,2024-11-30,41,quantile,0.3,30.985
2024-11-16,wk inc flu hosp,2,2024-11-30,41,quantile,0.35,40.232
2024-11-16,wk inc flu hosp,2,2024-11-30,41,quantile,0.4,51.686
2024-11-16,wk inc flu hosp,2,2024-11-30,41,quantile,0.45,60.384
2024-11-16,wk inc flu hosp,2,2024-11-30,41,quantile,0.5,72.434
2024-11-16,wk inc flu hosp,2,2024-11-30,41,quantile,0.55,84.608
2024-11-16,wk inc flu hosp,2,2024-11-30,41,quantile,0.6,95.414
2024-11-16,wk inc flu hosp,2,2024-11-30,41,quantile,0.65,109.847
2024-11-16,wk inc flu hosp,2,2024-11-30,41,quantile,0.7,121.485
2024-11-16,wk inc flu hosp,2,2024-11-30,41,quantile,0.75,137.816
2024-11-16,wk inc flu hosp,2,2024-11-30,41,quantile,0.8,153.991
2024-11-16,wk inc flu hosp,2,2024-11-30,41,quantile,0.85,180.176
2024-11-16,wk inc flu hosp,2,2024-11-30,41,quantile,0.9,219.522
2024-11-16,wk inc flu hosp,2,2024-11-30,41,quantile,0.95,282.172
2024-11-16,wk inc flu hosp,2,2024-11-30,41,quantile,0.975,342.735
2024-11-16,wk inc flu hosp,2,2024-11-30,41,quantile,0.99,436.081
2024-11-16,wk inc flu hosp,3,2024-12-07,41,quantile,0.01,0.0
2024-11-16,wk inc flu hosp,3,2024-12-07,41,quantile,0.025,0.0
2024-11-16,wk inc flu hosp,3,2024-12-07,41,quantile,0.05,0.0
2024-11-16,wk inc flu hosp,3,2024-12-07,41,quantile,0.1,0.0
2024-11-16,wk inc flu hosp,3,2024-12-07,41,quantile,0.15,0.0
2024-11-16,wk inc flu hosp,3,2024-12-07,41,quantile,0.2,11.183
2024-11-16,wk inc flu hosp,3,2024-12-07,41,quantile,0.25,28.137
2024-11-16,wk inc flu hosp,3,2024-12-07,41,quantile,0.3,39.385
2024-11-16,wk inc flu hosp,3,2024-12-07,41,quantile,0.35,51.146
2024-11-16,wk inc flu hosp,3,2024-12-07,41,quantile,0.4,63.104
2024-11-16,wk inc flu hosp,3,2024-12-07,41,quantile,0.45,72.424
2024-11-16,wk inc flu hosp,3,2024-12-07,41,quantile,0.5,86.966
2024-11-16,wk inc flu hosp,3,2024-12-07,41,quantile,0.55,103.235
2024-11-16,wk inc flu hosp,3,2024-12-07,41,quantile,0.6,115.857
2024-11-16,wk inc flu hosp,3,2024-12-07,41,quantile,0.65,137.439
2024-11-16,wk inc flu hosp,3,2024-12-07,41,quantile,0.7,154.084
2024-11-16,wk inc flu hosp,3,2024-12-07,41,quantile,0.75,173.235
2024-11-16,wk inc flu hosp,3,2024-12-07,41,quantile,0.8,194.854
2024-11-16,wk inc flu hosp,3,2024-12-07,41,quantile,0.85,215.736
2024-11-16,wk inc flu hosp,3,2024-12-07,41,quantile,0.9,248.972
2024-11-16,wk inc flu hosp,3,2024-12-07,41,quantile,0.95,306.654
2024-11-16,wk inc flu hosp,3,2024-12-07,41,quantile,0.975,377.421
2024-11-16,wk inc flu hosp,3,2024-12-07,41,quantile,0.99,484.126
2024-11-16,wk inc flu hosp,0,2024-11-16,42,quantile,0.01,9.172
2024-11-16,wk inc flu hosp,0,2024-11-16,42,quantile,0.025,44.661
2024-11-16,wk inc flu hosp,0,2024-11-16,42,quantile,0.05,60.885
2024-11-16,wk inc flu hosp,0,2024-11-16,42,quantile,0.1,89.961
2024-11-16,wk inc flu hosp,0,2024-11-16,42,quantile,0.15,105.476
2024-11-16,wk inc flu hosp,0,2024-11-16,42,quantile,0.2,117.212
2024-11-16,wk inc flu hosp,0,2024-11-16,42,quantile,0.25,129.428
2024-11-16,wk inc flu hosp,0,2024-11-16,42,quantile,0.3,138.705
2024-11-16,wk inc flu hosp,0,2024-11-16,42,quantile,0.35,147.924
2024-11-16,wk inc flu hosp,0,2024-11-16,42,quantile,0.4,157.932
2024-11-16,wk inc flu hosp,0,2024-11-16,42,quantile,0.45,166.081
2024-11-16,wk inc flu hosp,0,2024-11-16,42,quantile,0.5,174.912
2024-11-16,wk inc flu hosp,0,2024-11-16,42,quantile,0.55,183.189
2024-11-16,wk inc flu hosp,0,2024-11-16,42,quantile,0.6,192.246
2024-11-16,wk inc flu hosp,0,2024-11-16,42,quantile,0.65,202.644
2024-11-16,wk inc flu hosp,0,2024-11-16,42,quantile,0.7,212.734
2024-11-16,wk inc flu hosp,0,2024-11-16,42,quantile,0.75,226.956
2024-11-16,wk inc flu hosp,0,2024-11-16,42,quantile,0.8,243.229
2024-11-16,wk inc flu hosp,0,2024-11-16,42,quantile,0.85,258.316
2024-11-16,wk inc flu hosp,0,2024-11-16,42,quantile,0.9,278.221
2024-11-16,wk inc flu hosp,0,2024-11-16,42,quantile,0.95,312.893
2024-11-16,wk inc flu hosp,0,2024-11-16,42,quantile,0.975,354.629
2024-11-16,wk inc flu hosp,0,2024-11-16,42,quantile,0.99,412.003
2024-11-16,wk inc flu hosp,1,2024-11-23,42,quantile,0.01,0.0
2024-11-16,wk inc flu hosp,1,2024-11-23,42,quantile,0.025,33.136
2024-11-16,wk inc flu hosp,1,2024-11-23,42,quantile,0.05,54.872
2024-11-16,wk inc flu hosp,1,2024-11-23,42,quantile,0.1,83.555
2024-11-16,wk inc flu hosp,1,2024-11-23,42,quantile,0.15,104.682
2024-11-16,wk inc flu hosp,1,2024-11-23,42,quantile,0.2,125.131
2024-11-16,wk inc flu hosp,1,2024-11-23,42,quantile,0.25,143.736
2024-11-16,wk inc flu hosp,1,2024-11-23,42,quantile,0.3,155.12
2024-11-16,wk inc flu hosp,1,2024-11-23,42,quantile,0.35,173.825
2024-11-16,wk inc flu hosp,1,2024-11-23,42,quantile,0.4,189.208
2024-11-16,wk inc flu hosp,1,2024-11-23,42,quantile,0.45,201.026
2024-11-16,wk inc flu hosp,1,2024-11-23,42,quantile,0.5,212.155
2024-11-16,wk inc flu hosp,1,2024-11-23,42,quantile,0.55,227.891
2024-11-16,wk inc flu hosp,1,2024-11-23,42,quantile,0.6,239.765
2024-11-16,wk inc flu hosp,1,2024-11-23,42,quantile,0.65,257.208
2024-11-16,wk inc flu hosp,1,2024-11-23,42,quantile,0.7,271.876
2024-11-16,wk inc flu hosp,1,2024-11-23,42,quantile,0.75,288.471
2024-11-16,wk inc flu hosp,1,2024-11-23,42,quantile,0.8,308.024
2024-11-16,wk inc flu hosp,1,2024-11-23,42,quantile,0.85,329.557
2024-11-16,wk inc flu hosp,1,2024-11-23,42,quantile,0.9,362.655
2024-11-16,wk inc flu hosp,1,2024-11-23,42,quantile,0.95,405.839
2024-11-16,wk inc flu hosp,1,2024-11-23,42,quantile,0.975,465.52
2024-11-16,wk inc flu hosp,1,2024-11-23,42,quantile,0.99,531.327
2024-11-16,wk inc flu hosp,2,2024-11-30,42,quantile,0.01,0.0
2024-11-16,wk inc flu hosp,2,2024-11-30,42,quantile,0.025,15.607
2024-11-16,wk inc flu hosp,2,2024-11-30,42,quantile,0.05,52.063
2024-11-16,wk inc flu hosp,2,2024-11-30,42,quantile,0.1,87.564
2024-11-16,wk inc flu hosp,2,2024-11-30,42,quantile,0.15,120.918
2024-11-16,wk inc flu hosp,2,2024-11-30,42,quantile,0.2,143.139
2024-11-16,wk inc flu hosp,2,2024-11-30,42,quantile,0.25,163.436
2024-11-16,wk inc flu hosp,2,2024-11-30,42,quantile,0.3,181.146
2024-11-16,wk inc flu hosp,2,2024-11-30,42,quantile,0.35,197.883
2024-11-16,wk inc flu hosp,2,2024-11-30,42,quantile,0.4,215.21
2024-11-16,wk inc flu hosp,2,2024-11-30,42,quantile,0.45,234.818
2024-11-16,wk inc flu hosp,2,2024-11-30,42,quantile,0.5,249.828
2024-11-16,wk inc flu hosp,2,2024-11-30,42,quantile,0.55,265.062
2024-11-16,wk inc flu hosp,2,2024-11-30,42,quantile,0.6,284.442
2024-11-16,wk inc flu hosp,2,2024-11-30,42,quantile,0.65,306.904
2024-11-16,wk inc flu hosp,2,2024-11-30,42,quantile,0.7,324.949
2024-11-16,wk inc flu hosp,2,2024-11-30,42,quantile,0.75,346.632
2024-11-16,wk inc flu hosp,2,2024-11-30,42,quantile,0.8,376.556
2024-11-16,wk inc flu hosp,2,2024-11-30,42,quantile,0.85,403.583
2024-11-16,wk inc flu hosp,2,2024-11-30,42,quantile,0.9,434.374
2024-11-16,wk inc flu hosp,2,2024-11-30,42,quantile,0.95,491.76
2024-11-16,wk inc flu hosp,2,2024-11-30,42,quantile,0.975,547.476
2024-11-16,wk inc flu hosp,2,2024-11-30,42,quantile,0.99,625.383
2024-11-16,wk inc flu hosp,3,2024-12-07,42,quantile,0.01,0.0
2024-11-16,wk inc flu hosp,3,2024-12-07,42,quantile,0.025,28.541
2024-11-16,wk inc flu hosp,3,2024-12-07,42,quantile,0.05,56.496
2024-11-16,wk inc flu hosp,3,2024-12-07,42,quantile,0.1,104.646
2024-11-16,wk inc flu hosp,3,2024-12-07,42,quantile,0.15,138.725
2024-11-16,wk inc flu hosp,3,2024-12-07,42,quantile,0.2,163.373
2024-11-16,wk inc flu hosp,3,2024-12-07,42,quantile,0.25,189.01
2024-11-16,wk inc flu hosp,3,2024-12-07,42,quantile,0.3,211.152
2024-11-16,wk inc flu hosp,3,2024-12-07,42,quantile,0.35,232.906
2024-11-16,wk inc flu hosp,3,2024-12-07,42,quantile,0.4,256.424
2024-11-16,wk inc flu hosp,3,2024-12-07,42,quantile,0.45,275.836
2024-11-16,wk inc flu hosp,3,2024-12-07,42,quantile,0.5,292.367
2024-11-16,wk inc flu hosp,3,2024-12-07,42,quantile,0.55,315.882
2024-11-16,wk inc flu hosp,3,2024-12-07,42,quantile,0.6,337.782
2024-11-16,wk inc flu hosp,3,2024-12-07,42,quantile,0.65,359.045
2024-11-16,wk inc flu hosp,3,2024-12-07,42,quantile,0.7,387.917
2024-11-16,wk inc flu hosp,3,2024-12-07,42,quantile,0.75,412.331
2024-11-16,wk inc flu hosp,3,2024-12-07,42,quantile,0.8,435.084
2024-11-16,wk inc flu hosp,3,2024-12-07,42,quantile,0.85,468.227
2024-11-16,wk inc flu hosp,3,2024-12-07,42,quantile,0.9,509.451
2024-11-16,wk inc flu hosp,3,2024-12-07,42,quantile,0.95,571.187
2024-11-16,wk inc flu hosp,3,2024-12-07,42,quantile,0.975,633.586
2024-11-16,wk inc flu hosp,3,2024-12-07,42,quantile,0.99,703.85
2024-11-16,wk inc flu hosp,0,2024-11-16,44,quantile,0.01,0.0
2024-11-16,wk inc flu hosp,0,2024-11-16,44,quantile,0.025,0.0
2024-11-16,wk inc flu hosp,0,2024-11-16,44,quantile,0.05,0.0
2024-11-16,wk inc flu hosp,0,2024-11-16,44,quantile,0.1,0.0
2024-11-16,wk inc flu hosp,0,2024-11-16,44,quantile,0.15,0.0
2024-11-16,wk inc flu hosp,0,2024-11-16,44,quantile,0.2,0.0
2024-11-16,wk inc flu hosp,0,2024-11-16,44,quantile,0.25,0.0
2024-11-16,wk inc flu hosp,0,2024-11-16,44,quantile,0.3,0.083
2024-11-16,wk inc flu hosp,0,2024-11-16,44,quantile,0.35,0.871
2024-11-16,wk inc flu hosp,0,2024-11-16,44,quantile,0.4,1.596
2024-11-16,wk inc flu hosp,0,2024-11-16,44,quantile,0.45,2.207
2024-11-16,wk inc flu hosp,0,2024-11-16,44,quantile,0.5,2.928
2024-11-16,wk inc flu hosp,0,2024-11-16,44,quantile,0.55,3.706
2024-11-16,wk inc flu hosp,0,2024-11-16,44,quantile,0.6,4.399
2024-11-16,wk inc flu hosp,0,2024-11-16,44,quantile,0.65,5.194
2024-11-16,wk inc flu hosp,0,2024-11-16,44,quantile,0.7,5.989
2024-11-16,wk inc flu hosp,0,2024-11-16,44,quantile,0.75,6.914
2024-11-16,wk inc flu hosp,0,2024-11-16,44,quantile,0.8,8.183
2024-11-16,wk inc flu hosp,0,2024-11-16,44,quantile,0.85,9.248
2024-11-16,wk inc flu hosp,0,2024-11-16,44,quantile,0.9,11.002
2024-11-16,wk inc flu hosp,0,2024-11-16,44,quantile,0.95,13.82
2024-11-16,wk inc flu hosp,0,2024-11-16,44,quantile,0.975,17.849
2024-11-16,wk inc flu hosp,0,2024-11-16,44,quantile,0.99,21.13
2024-11-16,wk inc flu hosp,1,2024-11-23,44,quantile,0.01,0.0
2024-11-16,wk inc flu hosp,1,2024-11-23,44,quantile,0.025,0.0
2024-11-16,wk inc flu hosp,1,2024-11-23,44,quantile,0.05,0.0
2024-11-16,wk inc flu hosp,1,2024-11-23,44,quantile,0.1,0.0
2024-11-16,wk inc flu hosp,1,2024-11-23,44,quantile,0.15,0.0
2024-11-16,wk inc flu hosp,1,2024-11-23,44,quantile,0.2,0.0
2024-11-16,wk inc flu hosp,1,2024-11-23,44,quantile,0.25,0.0
2024-11-16,wk inc flu hosp,1,2024-11-23,44,quantile,0.3,0.211
2024-11-16,wk inc flu hosp,1,2024-11-23,44,quantile,0.35,0.957
2024-11-16,wk inc flu hosp,1,2024-11-23,44,quantile,0.4,1.872
2024-11-16,wk inc flu hosp,1,2024-11-23,44,quantile,0.45,2.858
2024-11-16,wk inc flu hosp,1,2024-11-23,44,quantile,0.5,3.956
2024-11-16,wk inc flu hosp,1,2024-11-23,44,quantile,0.55,5.007
2024-11-16,wk inc flu hosp,1,2024-11-23,44,quantile,0.6,6.013
2024-11-16,wk inc flu hosp,1,2024-11-23,44,quantile,0.65,7.228
2024-11-16,wk inc flu hosp,1,2024-11-23,44,quantile,0.7,8.414
2024-11-16,wk inc flu hosp,1,2024-11-23,44,quantile,0.75,9.484
2024-11-16,wk inc flu hosp,1,2024-11-23,44,quantile,0.8,10.805
2024-11-16,wk inc flu hosp,1,2024-11-23,44,quantile,0.85,13.007
2024-11-16,wk inc flu hosp,1,2024-11-23,44,quantile,0.9,14.842
2024-11-16,wk inc flu hosp,1,2024-11-23,44,quantile,0.95,18.061
2024-11-16,wk inc flu hosp,1,2024-11-23,44,quantile,0.975,21.845
2024-11-16,wk inc flu hosp,1,2024-11-23,44,quantile,0.99,26.812
2024-11-16,wk inc flu hosp,2,2024-11-30,44,quantile,0.01,0.0
2024-11-16,wk inc flu hosp,2,2024-11-30,44,quantile,0.025,0.0
2024-11-16,wk inc flu hosp,2,2024-11-30,44,quantile,0.05,0.0
2024-11-16,wk inc flu hosp,2,2024-11-30,44,quantile,0.1,0.0
2024-11-16,wk inc flu hosp,2,2024-11-30,44,quantile,0.15,0.0
2024-11-16,wk inc flu hosp,2,2024-11-30,44,quantile,0.2,0.0
2024-11-16,wk inc flu hosp,2,2024-11-30,44,quantile,0.25,0.0
2024-11-16,wk inc flu hosp,2,2024-11-30,44,quantile,0.3,0.716
2024-11-16,wk inc flu hosp,2,2024-11-30,44,quantile,0.35,1.699
2024-11-16,wk inc flu hosp,2,2024-11-30,44,quantile,0.4,2.935
2024-11-16,wk inc flu hosp,2,2024-11-30,44,quantile,0.45,4.003
2024-11-16,wk inc flu hosp,2,2024-11-30,44,quantile,0.5,4.889
2024-11-16,wk inc flu hosp,2,2024-11-30,44,quantile,0.55,5.956
2024-11-16,wk inc flu hosp,2,2024-11-30,44,quantile,0.6,6.853
2024-11-16,wk inc flu hosp,2,2024-11-30,44,quantile,0.65,8.085
2024-11-16,wk inc flu hosp,2,2024-11-30,44,quantile,0.7,9.754
2024-11-16,wk inc flu hosp,2,2024-11-30,44,quantile,0.75,11.526
2024-11-16,wk inc flu hosp,2,2024-11-30,44,quantile,0.8,13.535
2024-11-16,wk inc flu hosp,2,2024-11-30,44,quantile,0.85,15.103
2024-11-16,wk inc flu hosp,2,2024-11-30,44,quantile,0.9,17.534
2024-11-16,wk inc flu hosp,2,2024-11-30,44,quantile,0.95,22.251
2024-11-16,wk inc flu hosp,2,2024-11-30,44,quantile,0.975,26.584
2024-11-16,wk inc flu hosp,2,2024-11-30,44,quantile,0.99,32.15
2024-11-16,wk inc flu hosp,3,2024-12-07,44,quantile,0.01,0.0
2024-11-16,wk inc flu hosp,3,2024-12-07,44,quantile,0.025,0.0
2024-11-16,wk inc flu hosp,3,2024-12-07,44,quantile,0.05,0.0
2024-11-16,wk inc flu hosp,3,2024-12-07,44,quantile,0.1,0.0
2024-11-16,wk inc flu hosp,3,2024-12-07,44,quantile,0.15,0.0
2024-11-16,wk inc flu hosp,3,2024-12-07,44,quantile,0.2,0.0
2024-11-16,wk inc flu hosp,3,2024-12-07,44,quantile,0.25,0.472
2024-11-16,wk inc flu hosp,3,2024-12-07,44,quantile,0.3,1.656
2024-11-16,wk inc flu hosp,3,2024-12-07,44,quantile,0.35,3.115
2024-11-16,wk inc flu hosp,3,2024-12-07,44,quantile,0.4,4.102
2024-11-16,wk inc flu hosp,3,2024-12-07,44,quantile,0.45,5.064
2024-11-16,wk inc flu hosp,3,2024-12-07,44,quantile,0.5,6.399
2024-11-16,wk inc flu hosp,3,2024-12-07,44,quantile,0.55,7.678
2024-11-16,wk inc flu hosp,3,2024-12-07,44,quantile,0.6,9.379
2024-11-16,wk inc flu hosp,3,2024-12-07,44,quantile,0.65,10.699
2024-11-16,wk inc flu hosp,3,2024-12-07,44,quantile,0.7,12.114
2024-11-16,wk inc flu hosp,3,2024-12-07,44,quantile,0.75,13.788
2024-11-16,wk inc flu hosp,3,2024-12-07,44,quantile,0.8,15.86
2024-11-16,wk inc flu hosp,3,2024-12-07,44,quantile,0.85,18.511
2024-11-16,wk inc flu hosp,3,2024-12-07,44,quantile,0.9,22.026
2024-11-16,wk inc flu hosp,3,2024-12-07,44,quantile,0.95,27.3
2024-11-16,wk inc flu hosp,3,2024-12-07,44,quantile,0.975,32.124
2024-11-16,wk inc flu hosp,3,2024-12-07,44,quantile,0.99,37.596
2024-11-16,wk inc flu hosp,0,2024-11-16,45,quantile,0.01,0.0
2024-11-16,wk inc flu hosp,0,2024-11-16,45,quantile,0.025,0.0
2024-11-16,wk inc flu hosp,0,2024-11-16,45,quantile,0.05,0.113
2024-11-16,wk inc flu hosp,0,2024-11-16,45,quantile,0.1,5.528
2024-11-16,wk inc flu hosp,0,2024-11-16,45,quantile,0.15,9.397
2024-11-16,wk inc flu hosp,0,2024-11-16,45,quantile,0.2,13.023
2024-11-16,wk inc flu hosp,0,2024-11-16,45,quantile,0.25,16.057
2024-11-16,wk inc flu hosp,0,2024-11-16,45,quantile,0.3,18.809
2024-11-16,wk inc flu hosp,0,2024-11-16,45,quantile,0.35,21.036
2024-11-16,wk inc flu hosp,0,2024-11-16,45,quantile,0.4,23.317
2024-11-16,wk inc flu hosp,0,2024-11-16,45,quantile,0.45,25.489
2024-11-16,wk inc flu hosp,0,2024-11-16,45,quantile,0.5,27.844
2024-11-16,wk inc flu hosp,0,2024-11-16,45,quantile,0.55,30.256
2024-11-16,wk inc flu hosp,0,2024-11-16,45,quantile,0.6,32.432
2024-11-16,wk inc flu hosp,0,2024-11-16,45,quantile,0.65,34.677
2024-11-16,wk inc flu hosp,0,2024-11-16,45,quantile,0.7,36.809
2024-11-16,wk inc flu hosp,0,2024-11-16,45,quantile,0.75,39.782
2024-11-16,wk inc flu hosp,0,2024-11-16,45,quantile,0.8,42.191
2024-11-16,wk inc flu hosp,0,2024-11-16,45,quantile,0.85,45.028
2024-11-16,wk inc flu hosp,0,2024-11-16,45,quantile,0.9,50.675
2024-11-16,wk inc flu hosp,0,2024-11-16,45,quantile,0.95,56.582
2024-11-16,wk inc flu hosp,0,2024-11-16,45,quantile,0.975,62.439
2024-11-16,wk inc flu hosp,0,2024-11-16,45,quantile,0.99,69.98
2024-11-16,wk inc flu hosp,1,2024-11-23,45,quantile,0.01,0.0
2024-11-16,wk inc flu hosp,1,2024-11-23,45,quantile,0.025,0.0
2024-11-16,wk inc flu hosp,1,2024-11-23,45,quantile,0.05,0.0
2024-11-16,wk inc flu hosp,1,2024-11-23,45,quantile,0.1,2.646
2024-11-16,wk inc flu hosp,1,2024-11-23,45,quantile,0.15,8.807
2024-11-16,wk inc flu hosp,1,2024-11-23,45,quantile,0.2,13.47
2024-11-16,wk inc flu hosp,1,2024-11-23,45,quantile,0.25,16.364
2024-11-16,wk inc flu hosp,1,2024-11-23,45,quantile,0.3,20.342
2024-11-16,wk inc flu hosp,1,2024-11-23,45,quantile,0.35,23.883
2024-11-16,wk inc flu hosp,1,2024-11-23,45,quantile,0.4,26.957
2024-11-16,wk inc flu hosp,1,2024-11-23,45,quantile,0.45,29.721
2024-11-16,wk inc flu hosp,1,2024-11-23,45,quantile,0.5,32.425
2024-11-16,wk inc flu hosp,1,2024-11-23,45,quantile,0.55,36.137
2024-11-16,wk inc flu hosp,1,2024-11-23,45,quantile,0.6,38.99
2024-11-16,wk inc flu hosp,1,2024-11-23,45,quantile,0.65,42.587
2024-11-16,wk inc flu hosp,1,2024-11-23,45,quantile,0.7,45.761
2024-11-16,wk inc flu hosp,1,2024-11-23,45,quantile,0.75,48.723
2024-11-16,wk inc flu hosp,1,2024-11-23,45,quantile,0.8,52.924
2024-11-16,wk inc flu hosp,1,2024-11-23,45,quantile,0.85,59.052
2024-11-16,wk inc flu hosp,1,2024-11-23,45,quantile,0.9,65.02
2024-11-16,wk inc flu hosp,1,2024-11-23,45,quantile,0.95,74.954
2024-11-16,wk inc flu hosp,1,2024-11-23,45,quantile,0.975,80.142
2024-11-16,wk inc flu hosp,1,2024-11-23,45,quantile,0.99,88.075
2024-11-16,wk inc flu hosp,2,2024-11-30,45,quantile,0.01,0.0
2024-11-16,wk inc flu hosp,2,2024-11-30,45,quantile,0.025,0.0
2024-11-16,wk inc flu hosp,2,2024-11-30,45,quantile,0.05,0.0
2024-11-16,wk inc flu hosp,2,2024-11-30,45,quantile,0.1,5.391
2024-11-16,wk inc flu hosp,2,2024-11-30,45,quantile,0.15,10.925
2024-11-16,wk inc flu hosp,2,2024-11-30,45,quantile,0.2,16.556
2024-11-16,wk inc flu hosp,2,2024-11-30,45,quantile,0.25,20.479
2024-11-16,wk inc flu hosp,2,2024-11-30,45,quantile,0.3,24.797
2024-11-16,wk inc flu hosp,2,2024-11-30,45,quantile,0.35,28.578
2024-11-16,wk inc flu hosp,2,2024-11-30,45,quantile,0.4,32.273
2024-11-16,wk inc flu hosp,2,2024-11-30,45,quantile,0.45,35.475
2024-11-16,wk inc flu hosp,2,2024-11-30,45,quantile,0.5,38.807
2024-11-16,wk inc flu hosp,2,2024-11-30,45,quantile,0.55,42.68
2024-11-16,wk inc flu hosp,2,2024-11-30,45,quantile,0.6,46.809
2024-11-16,wk inc flu hosp,2,2024-11-30,45,quantile,0.65,50.766
2024-11-16,wk inc flu hosp,2,2024-11-30,45,quantile,0.7,55.014
2024-11-16,wk inc flu hosp,2,2024-11-30,45,quantile,0.75,58.399
2024-11-16,wk inc flu hosp,2,2024-11-30,45,quantile,0.8,63.345
2024-11-16,wk inc flu hosp,2,2024-11-30,45,quantile,0.85,69.357
2024-11-16,wk inc flu hosp,2,2024-11-30,45,quantile,0.9,77.966
2024-11-16,wk inc flu hosp,2,2024-11-30,45,quantile,0.95,89.676
2024-11-16,wk inc flu hosp,2,2024-11-30,45,quantile,0.975,100.609
2024-11-16,wk inc flu hosp,2,2024-11-30,45,quantile,0.99,112.214
2024-11-16,wk inc flu hosp,3,2024-12-07,45,quantile,0.01,0.0
2024-11-16,wk inc flu hosp,3,2024-12-07,45,quantile,0.025,0.0
2024-11-16,wk inc flu hosp,3,2024-12-07,45,quantile,0.05,0.0
2024-11-16,wk inc flu hosp,3,2024-12-07,45,quantile,0.1,5.098
2024-11-16,wk inc flu hosp,3,2024-12-07,45,quantile,0.15,12.573
2024-11-16,wk inc flu hosp,3,2024-12-07,45,quantile,0.2,19.293
2024-11-16,wk inc flu hosp,3,2024-12-07,45,quantile,0.25,23.962
2024-11-16,wk inc flu hosp,3,2024-12-07,45,quantile,0.3,28.684
2024-11-16,wk inc flu hosp,3,2024-12-07,45,quantile,0.35,33.483
2024-11-16,wk inc flu hosp,3,2024-12-07,45,quantile,0.4,37.571
2024-11-16,wk inc flu hosp,3,2024-12-07,45,quantile,0.45,41.562
2024-11-16,wk inc flu hosp,3,2024-12-07,45,quantile,0.5,46.467
2024-11-16,wk inc flu hosp,3,2024-12-07,45,quantile,0.55,50.541
2024-11-16,wk inc flu hosp,3,2024-12-07,45,quantile,0.6,54.978
2024-11-16,wk inc flu hosp,3,2024-12-07,45,quantile,0.65,60.216
2024-11-16,wk inc flu hosp,3,2024-12-07,45,quantile,0.7,65.248
2024-11-16,wk inc flu hosp,3,2024-12-07,45,quantile,0.75,70.18
2024-11-16,wk inc flu hosp,3,2024-12-07,45,quantile,0.8,76.79
2024-11-16,wk inc flu hosp,3,2024-12-07,45,quantile,0.85,82.954
2024-11-16,wk inc flu hosp,3,2024-12-07,45,quantile,0.9,89.397
2024-11-16,wk inc flu hosp,3,2024-12-07,45,quantile,0.95,100.129
2024-11-16,wk inc flu hosp,3,2024-12-07,45,quantile,0.975,117.648
2024-11-16,wk inc flu hosp,3,2024-12-07,45,quantile,0.99,130.913
2024-11-16,wk inc flu hosp,0,2024-11-16,46,quantile,0.01,0.0
2024-11-16,wk inc flu hosp,0,2024-11-16,46,quantile,0.025,0.0
2024-11-16,wk inc flu hosp,0,2024-11-16,46,quantile,0.05,0.0
2024-11-16,wk inc flu hosp,0,2024-11-16,46,quantile,0.1,0.0
2024-11-16,wk inc flu hosp,0,2024-11-16,46,quantile,0.15,0.0
2024-11-16,wk inc flu hosp,0,2024-11-16,46,quantile,0.2,0.0
2024-11-16,wk inc flu hosp,0,2024-11-16,46,quantile,0.25,0.0
2024-11-16,wk inc flu hosp,0,2024-11-16,46,quantile,0.3,0.0
2024-11-16,wk inc flu hosp,0,2024-11-16,46,quantile,0.35,0.518
2024-11-16,wk inc flu hosp,0,2024-11-16,46,quantile,0.4,1.972
2024-11-16,wk inc flu hosp,0,2024-11-16,46,quantile,0.45,3.288
2024-11-16,wk inc flu hosp,0,2024-11-16,46,quantile,0.5,4.765
2024-11-16,wk inc flu hosp,0,2024-11-16,46,quantile,0.55,6.155
2024-11-16,wk inc flu hosp,0,2024-11-16,46,quantile,0.6,7.831
2024-11-16,wk inc flu hosp,0,2024-11-16,46,quantile,0.65,9.484
2024-11-16,wk inc flu hosp,0,2024-11-16,46,quantile,0.7,11.222
2024-11-16,wk inc flu hosp,0,2024-11-16,46,quantile,0.75,12.785
2024-11-16,wk inc flu hosp,0,2024-11-16,46,quantile,0.8,14.556
2024-11-16,wk inc flu hosp,0,2024-11-16,46,quantile,0.85,16.967
2024-11-16,wk inc flu hosp,0,2024-11-16,46,quantile,0.9,20.267
2024-11-16,wk inc flu hosp,0,2024-11-16,46,quantile,0.95,24.504
2024-11-16,wk inc flu hosp,0,2024-11-16,46,quantile,0.975,30.786
2024-11-16,wk inc flu hosp,0,2024-11-16,46,quantile,0.99,36.195
2024-11-16,wk inc flu hosp,1,2024-11-23,46,quantile,0.01,0.0
2024-11-16,wk inc flu hosp,1,2024-11-23,46,quantile,0.025,0.0
2024-11-16,wk inc flu hosp,1,2024-11-23,46,quantile,0.05,0.0
2024-11-16,wk inc flu hosp,1,2024-11-23,46,quantile,0.1,0.0
2024-11-16,wk inc flu hosp,1,2024-11-23,46,quantile,0.15,0.0
2024-11-16,wk inc flu hosp,1,2024-11-23,46,quantile,0.2,0.0
2024-11-16,wk inc flu hosp,1,2024-11-23,46,quantile,0.25,0.321
2024-11-16,wk inc flu hosp,1,2024-11-23,46,quantile,0.3,2.051
2024-11-16,wk inc flu hosp,1,2024-11-23,46,quantile,0.35,4.372
2024-11-16,wk inc flu hosp,1,2024-11-23,46,quantile,0.4,6.328
2024-11-16,wk inc flu hosp,1,2024-11-23,46,quantile,0.45,7.779
2024-11-16,wk inc flu hosp,1,2024-11-23,46,quantile,0.5,9.739
2024-11-16,wk inc flu hosp,1,2024-11-23,46,quantile,0.55,11.636
2024-11-16,wk inc flu hosp,1,2024-11-23,46,quantile,0.6,13.734
2024-11-16,wk inc flu hosp,1,2024-11-23,46,quantile,0.65,15.453
2024-11-16,wk inc flu hosp,1,2024-11-23,46,quantile,0.7,17.819
2024-11-16,wk inc flu hosp,1,2024-11-23,46,quantile,0.75,19.968
2024-11-16,wk inc flu hosp,1,2024-11-23,46,quantile,0.8,22.324
2024-11-16,wk inc flu hosp,1,2024-11-23,46,quantile,0.85,26.767
2024-11-16,wk inc flu hosp,1,2024-11-23,46,quantile,0.9,30.958
2024-11-16,wk inc flu hosp,1,2024-11-23,46,quantile,0.95,37.25
2024-11-16,wk inc flu hosp,1,2024-11-23,46,quantile,0.975,41.748
2024-11-16,wk inc flu hosp,1,2024-11-23,46,quantile,0.99,48.636
2024-11-16,wk inc flu hosp,2,2024-11-30,46,quantile,0.01,0.0
2024-11-16,wk inc flu hosp,2,2024-11-30,46,quantile,0.025,0.0
2024-11-16,wk inc flu hosp,2,2024-11-30,46,quantile,0.05,0.0
2024-11-16,wk inc flu hosp,2,2024-11-30,46,quantile,0.1,0.0
2024-11-16,wk inc flu hosp,2,2024-11-30,46,quantile,0.15,0.0
2024-11-16,wk inc flu hosp,2,2024-11-30,46,quantile,0.2,0.0
2024-11-16,wk inc flu hosp,2,2024-11-30,46,quantile,0.25,2.504
2024-11-16,wk inc flu hosp,2,2024-11-30,46,quantile,0.3,4.87
2024-11-16,wk inc flu hosp,2,2024-11-30,46,quantile,0.35,7.913
2024-11-16,wk inc flu hosp,2,2024-11-30,46,quantile,0.4,9.74
2024-11-16,wk inc flu hosp,2,2024-11-30,46,quantile,0.45,11.958
2024-11-16,wk inc flu hosp,2,2024-11-30,46,quantile,0.5,13.666
2024-11-16,wk inc flu hosp,2,2024-11-30,46,quantile,0.55,16.018
2024-11-16,wk inc flu hosp,2,2024-11-30,46,quantile,0.6,18.633
2024-11-16,wk inc flu hosp,2,2024-11-30,46,quantile,0.65,21.049
2024-11-16,wk inc flu hosp,2,2024-11-30,46,quantile,0.7,23.283
2024-11-16,wk inc flu hosp,2,2024-11-30,46,quantile,0.75,25.621
2024-11-16,wk inc flu hosp,2,2024-11-30,46,quantile,0.8,28.294
2024-11-16,wk inc flu hosp,2,2024-11-30,46,quantile,0.85,32.023
2024-11-16,wk inc flu hosp,2,2024-11-30,46,quantile,0.9,37.878
2024-11-16,wk inc flu hosp,2,2024-11-30,46,quantile,0.95,47.699
2024-11-16,wk inc flu hosp,2,2024-11-30,46,quantile,0.975,55.197
2024-11-16,wk inc flu hosp,2,2024-11-30,46,quantile,0.99,67.123
2024-11-16,wk inc flu hosp,3,2024-12-07,46,quantile,0.01,0.0
2024-11-16,wk inc flu hosp,3,2024-12-07,46,quantile,0.025,0.0
2024-11-16,wk inc flu hosp,3,2024-12-07,46,quantile,0.05,0.0
2024-11-16,wk inc flu hosp,3,2024-12-07,46,quantile,0.1,0.0
2024-11-16,wk inc flu hosp,3,2024-12-07,46,quantile,0.15,0.0
2024-11-16,wk inc flu hosp,3,2024-12-07,46,quantile,0.2,3.359
2024-11-16,wk inc flu hosp,3,2024-12-07,46,quantile,0.25,6.226
2024-11-16,wk inc flu hosp,3,2024-12-07,46,quantile,0.3,8.748
2024-11-16,wk inc flu hosp,3,2024-12-07,46,quantile,0.35,11.248
2024-11-16,wk inc flu hosp,3,2024-12-07,46,quantile,0.4,13.167
2024-11-16,wk inc flu hosp,3,2024-12-07,46,quantile,0.45,15.351
2024-11-16,wk inc flu hosp,3,2024-12-07,46,quantile,0.5,17.845
2024-11-16,wk inc flu hosp,3,2024-12-07,46,quantile,0.55,19.771
2024-11-16,wk inc flu hosp,3,2024-12-07,46,quantile,0.6,22.227
2024-11-16,wk inc flu hosp,3,2024-12-07,46,quantile,0.65,25.287
2024-11-16,wk inc flu hosp,3,2024-12-07,46,quantile,0.7,28.784
2024-11-16,wk inc flu hosp,3,2024-12-07,46,quantile,0.75,31.71
2024-11-16,wk inc flu hosp,3,2024-12-07,46,quantile,0.8,35.402
2024-11-16,wk inc flu hosp,3,2024-12-07,46,quantile,0.85,40.886
2024-11-16,wk inc flu hosp,3,2024-12-07,46,quantile,0.9,47.792
2024-11-16,wk inc flu hosp,3,2024-12-07,46,quantile,0.95,56.242
2024-11-16,wk inc flu hosp,3,2024-12-07,46,quantile,0.975,64.832
2024-11-16,wk inc flu hosp,3,2024-12-07,46,quantile,0.99,73.858
2024-11-16,wk inc flu hosp,0,2024-11-16,47,quantile,0.01,0.0
2024-11-16,wk inc flu hosp,0,2024-11-16,47,quantile,0.025,11.153
2024-11-16,wk inc flu hosp,0,2024-11-16,47,quantile,0.05,23.353
2024-11-16,wk inc flu hosp,0,2024-11-16,47,quantile,0.1,34.823
2024-11-16,wk inc flu hosp,0,2024-11-16,47,quantile,0.15,48.151
2024-11-16,wk inc flu hosp,0,2024-11-16,47,quantile,0.2,56.955
2024-11-16,wk inc flu hosp,0,2024-11-16,47,quantile,0.25,62.649
2024-11-16,wk inc flu hosp,0,2024-11-16,47,quantile,0.3,68.741
2024-11-16,wk inc flu hosp,0,2024-11-16,47,quantile,0.35,74.4
2024-11-16,wk inc flu hosp,0,2024-11-16,47,quantile,0.4,80.239
2024-11-16,wk inc flu hosp,0,2024-11-16,47,quantile,0.45,85.97
2024-11-16,wk inc flu hosp,0,2024-11-16,47,quantile,0.5,92.055
2024-11-16,wk inc flu hosp,0,2024-11-16,47,quantile,0.55,97.207
2024-11-16,wk inc flu hosp,0,2024-11-16,47,quantile,0.6,103.441
2024-11-16,wk inc flu hosp,0,2024-11-16,47,quantile,0.65,109.733
2024-11-16,wk inc flu hosp,0,2024-11-16,47,quantile,0.7,117.004
2024-11-16,wk inc flu hosp,0,2024-11-16,47,quantile,0.75,123.149
2024-11-16,wk inc flu hosp,0,2024-11-16,47,quantile,0.8,131.368
2024-11-16,wk inc flu hosp,0,2024-11-16,47,quantile,0.85,141.747
2024-11-16,wk inc flu hosp,0,2024-11-16,47,quantile,0.9,161.475
2024-11-16,wk inc flu hosp,0,2024-11-16,47,quantile,0.95,192.054
2024-11-16,wk inc flu hosp,0,2024-11-16,47,quantile,0.975,227.17
2024-11-16,wk inc flu hosp,0,2024-11-16,47,quantile,0.99,258.493
2024-11-16,wk inc flu hosp,1,2024-11-23,47,quantile,0.01,0.0
2024-11-16,wk inc flu hosp,1,2024-11-23,47,quantile,0.025,0.0
2024-11-16,wk inc flu hosp,1,2024-11-23,47,quantile,0.05,9.428
2024-11-16,wk inc flu hosp,1,2024-11-23,47,quantile,0.1,34.457
2024-11-16,wk inc flu hosp,1,2024-11-23,47,quantile,0.15,46.668
2024-11-16,wk inc flu hosp,1,2024-11-23,47,quantile,0.2,59.715
2024-11-16,wk inc flu hosp,1,2024-11-23,47,quantile,0.25,70.799
2024-11-16,wk inc flu hosp,1,2024-11-23,47,quantile,0.3,82.46
2024-11-16,wk inc flu hosp,1,2024-11-23,47,quantile,0.35,91.433
2024-11-16,wk inc flu hosp,1,2024-11-23,47,quantile,0.4,99.082
2024-11-16,wk inc flu hosp,1,2024-11-23,47,quantile,0.45,107.596
2024-11-16,wk inc flu hosp,1,2024-11-23,47,quantile,0.5,113.538
2024-11-16,wk inc flu hosp,1,2024-11-23,47,quantile,0.55,121.906
2024-11-16,wk inc flu hosp,1,2024-11-23,47,quantile,0.6,129.859
2024-11-16,wk inc flu hosp,1,2024-11-23,47,quantile,0.65,138.828
2024-11-16,wk inc flu hosp,1,2024-11-23,47,quantile,0.7,149.061
2024-11-16,wk inc flu hosp,1,2024-11-23,47,quantile,0.75,159.83
2024-11-16,wk inc flu hosp,1,2024-11-23,47,quantile,0.8,171.249
2024-11-16,wk inc flu hosp,1,2024-11-23,47,quantile,0.85,186.618
2024-11-16,wk inc flu hosp,1,2024-11-23,47,quantile,0.9,214.152
2024-11-16,wk inc flu hosp,1,2024-11-23,47,quantile,0.95,259.557
2024-11-16,wk inc flu hosp,1,2024-11-23,47,quantile,0.975,290.251
2024-11-16,wk inc flu hosp,1,2024-11-23,47,quantile,0.99,328.132
2024-11-16,wk inc flu hosp,2,2024-11-30,47,quantile,0.01,0.0
2024-11-16,wk inc flu hosp,2,2024-11-30,47,quantile,0.025,0.0
2024-11-16,wk inc flu hosp,2,2024-11-30,47,quantile,0.05,11.549
2024-11-16,wk inc flu hosp,2,2024-11-30,47,quantile,0.1,34.309
2024-11-16,wk inc flu hosp,2,2024-11-30,47,quantile,0.15,51.388
2024-11-16,wk inc flu hosp,2,2024-11-30,47,quantile,0.2,65.856
2024-11-16,wk inc flu hosp,2,2024-11-30,47,quantile,0.25,78.033
2024-11-16,wk inc flu hosp,2,2024-11-30,47,quantile,0.3,90.65
2024-11-16,wk inc flu hosp,2,2024-11-30,47,quantile,0.35,101.641
2024-11-16,wk inc flu hosp,2,2024-11-30,47,quantile,0.4,112.884
2024-11-16,wk inc flu hosp,2,2024-11-30,47,quantile,0.45,122.02
2024-11-16,wk inc flu hosp,2,2024-11-30,47,quantile,0.5,131.375
2024-11-16,wk inc flu hosp,2,2024-11-30,47,quantile,0.55,144.924
2024-11-16,wk inc flu hosp,2,2024-11-30,47,quantile,0.6,153.387
2024-11-16,wk inc flu hosp,2,2024-11-30,47,quantile,0.65,163.142
2024-11-16,wk inc flu hosp,2,2024-11-30,47,quantile,0.7,179.861
2024-11-16,wk inc flu hosp,2,2024-11-30,47,quantile,0.75,194.607
2024-11-16,wk inc flu hosp,2,2024-11-30,47,quantile,0.8,211.407
2024-11-16,wk inc flu hosp,2,2024-11-30,47,quantile,0.85,227.798
2024-11-16,wk inc flu hosp,2,2024-11-30,47,quantile,0.9,256.817
2024-11-16,wk inc flu hosp,2,2024-11-30,47,quantile,0.95,295.742
2024-11-16,wk inc flu hosp,2,2024-11-30,47,quantile,0.975,332.126
2024-11-16,wk inc flu hosp,2,2024-11-30,47,quantile,0.99,363.257
2024-11-16,wk inc flu hosp,3,2024-12-07,47,quantile,0.01,0.0
2024-11-16,wk inc flu hosp,3,2024-12-07,47,quantile,0.025,0.0
2024-11-16,wk inc flu hosp,3,2024-12-07,47,quantile,0.05,7.5
2024-11-16,wk inc flu hosp,3,2024-12-07,47,quantile,0.1,35.145
2024-11-16,wk inc flu hosp,3,2024-12-07,47,quantile,0.15,56.828
2024-11-16,wk inc flu hosp,3,2024-12-07,47,quantile,0.2,74.036
2024-11-16,wk inc flu hosp,3,2024-12-07,47,quantile,0.25,87.773
2024-11-16,wk inc flu hosp,3,2024-12-07,47,quantile,0.3,104.468
2024-11-16,wk inc flu hosp,3,2024-12-07,47,quantile,0.35,115.859
2024-11-16,wk inc flu hosp,3,2024-12-07,47,quantile,0.4,130.446
2024-11-16,wk inc flu hosp,3,2024-12-07,47,quantile,0.45,139.74
2024-11-16,wk inc flu hosp,3,2024-12-07,47,quantile,0.5,153.563
2024-11-16,wk inc flu hosp,3,2024-12-07,47,quantile,0.55,167.674
2024-11-16,wk inc flu hosp,3,2024-12-07,47,quantile,0.6,180.732
2024-11-16,wk inc flu hosp,3,2024-12-07,47,quantile,0.65,195.419
2024-11-16,wk inc flu hosp,3,2024-12-07,47,quantile,0.7,210.084
2024-11-16,wk inc flu hosp,3,2024-12-07,47,quantile,0.75,226.149
2024-11-16,wk inc flu hosp,3,2024-12-07,47,quantile,0.8,243.7
2024-11-16,wk inc flu hosp,3,2024-12-07,47,quantile,0.85,262.11
2024-11-16,wk inc flu hosp,3,2024-12-07,47,quantile,0.9,290.644
2024-11-16,wk inc flu hosp,3,2024-12-07,47,quantile,0.95,343.355
2024-11-16,wk inc flu hosp,3,2024-12-07,47,quantile,0.975,368.011
2024-11-16,wk inc flu hosp,3,2024-12-07,47,quantile,0.99,406.199
2024-11-16,wk inc flu hosp,0,2024-11-16,48,quantile,0.01,0.0
2024-11-16,wk inc flu hosp,0,2024-11-16,48,quantile,0.025,0.0
2024-11-16,wk inc flu hosp,0,2024-11-16,48,quantile,0.05,0.0
2024-11-16,wk inc flu hosp,0,2024-11-16,48,quantile,0.1,39.829
2024-11-16,wk inc flu hosp,0,2024-11-16,48,quantile,0.15,79.667
2024-11-16,wk inc flu hosp,0,2024-11-16,48,quantile,0.2,110.739
2024-11-16,wk inc flu hosp,0,2024-11-16,48,quantile,0.25,143.802
2024-11-16,wk inc flu hosp,0,2024-11-16,48,quantile,0.3,175.826
2024-11-16,wk inc flu hosp,0,2024-11-16,48,quantile,0.35,200.758
2024-11-16,wk inc flu hosp,0,2024-11-16,48,quantile,0.4,224.087
2024-11-16,wk inc flu hosp,0,2024-11-16,48,quantile,0.45,248.29
2024-11-16,wk inc flu hosp,0,2024-11-16,48,quantile,0.5,266.909
2024-11-16,wk inc flu hosp,0,2024-11-16,48,quantile,0.55,295.81
2024-11-16,wk inc flu hosp,0,2024-11-16,48,quantile,0.6,322.66
2024-11-16,wk inc flu hosp,0,2024-11-16,48,quantile,0.65,348.366
2024-11-16,wk inc flu hosp,0,2024-11-16,48,quantile,0.7,380.902
2024-11-16,wk inc flu hosp,0,2024-11-16,48,quantile,0.75,405.984
2024-11-16,wk inc flu hosp,0,2024-11-16,48,quantile,0.8,437.7
2024-11-16,wk inc flu hosp,0,2024-11-16,48,quantile,0.85,501.475
2024-11-16,wk inc flu hosp,0,2024-11-16,48,quantile,0.9,595.983
2024-11-16,wk inc flu hosp,0,2024-11-16,48,quantile,0.95,703.601
2024-11-16,wk inc flu hosp,0,2024-11-16,48,quantile,0.975,826.152
2024-11-16,wk inc flu hosp,0,2024-11-16,48,quantile,0.99,930.785
2024-11-16,wk inc flu hosp,1,2024-11-23,48,quantile,0.01,0.0
2024-11-16,wk inc flu hosp,1,2024-11-23,48,quantile,0.025,0.0
2024-11-16,wk inc flu hosp,1,2024-11-23,48,quantile,0.05,0.0
2024-11-16,wk inc flu hosp,1,2024-11-23,48,quantile,0.1,49.349
2024-11-16,wk inc flu hosp,1,2024-11-23,48,quantile,0.15,103.087
2024-11-16,wk inc flu hosp,1,2024-11-23,48,quantile,0.2,143.457
2024-11-16,wk inc flu hosp,1,2024-11-23,48,quantile,0.25,198.296
2024-11-16,wk inc flu hosp,1,2024-11-23,48,quantile,0.3,235.164
2024-11-16,wk inc flu hosp,1,2024-11-23,48,quantile,0.35,269.627
2024-11-16,wk inc flu hosp,1,2024-11-23,48,quantile,0.4,307.745
2024-11-16,wk inc flu hosp,1,2024-11-23,48,quantile,0.45,337.816
2024-11-16,wk inc flu hosp,1,2024-11-23,48,quantile,0.5,371.08
2024-11-16,wk inc flu hosp,1,2024-11-23,48,quantile,0.55,415.88
2024-11-16,wk inc flu hosp,1,2024-11-23,48,quantile,0.6,461.745
2024-11-16,wk inc flu hosp,1,2024-11-23,48,quantile,0.65,495.796
2024-11-16,wk inc flu hosp,1,2024-11-23,48,quantile,0.7,538.481
2024-11-16,wk inc flu hosp,1,2024-11-23,48,quantile,0.75,589.054
2024-11-16,wk inc flu hosp,1,2024-11-23,48,quantile,0.8,642.508
2024-11-16,wk inc flu hosp,1,2024-11-23,48,quantile,0.85,709.552
2024-11-16,wk inc flu hosp,1,2024-11-23,48,quantile,0.9,791.093
2024-11-16,wk inc flu hosp,1,2024-11-23,48,quantile,0.95,934.316
2024-11-16,wk inc flu hosp,1,2024-11-23,48,quantile,0.975,1049.954
2024-11-16,wk inc flu hosp,1,2024-11-23,48,quantile,0.99,1160.736
2024-11-16,wk inc flu hosp,2,2024-11-30,48,quantile,0.01,0.0
2024-11-16,wk inc flu hosp,2,2024-11-30,48,quantile,0.025,0.0
2024-11-16,wk inc flu hosp,2,2024-11-30,48,quantile,0.05,7.117
2024-11-16,wk inc flu hosp,2,2024-11-30,48,quantile,0.1,89.248
2024-11-16,wk inc flu hosp,2,2024-11-30,48,quantile,0.15,160.103
2024-11-16,wk inc flu hosp,2,2024-11-30,48,quantile,0.2,212.406
2024-11-16,wk inc flu hosp,2,2024-11-30,48,quantile,0.25,259.358
2024-11-16,wk inc flu hosp,2,2024-11-30,48,quantile,0.3,310.522
2024-11-16,wk inc flu hosp,2,2024-11-30,48,quantile,0.35,344.891
2024-11-16,wk inc flu hosp,2,2024-11-30,48,quantile,0.4,397.62
2024-11-16,wk inc flu hosp,2,2024-11-30,48,quantile,0.45,455.448
2024-11-16,wk inc flu hosp,2,2024-11-30,48,quantile,0.5,501.922
2024-11-16,wk inc flu hosp,2,2024-11-30,48,quantile,0.55,548.213
2024-11-16,wk inc flu hosp,2,2024-11-30,48,quantile,0.6,584.474
2024-11-16,wk inc flu hosp,2,2024-11-30,48,quantile,0.65,638.745
2024-11-16,wk inc flu hosp,2,2024-11-30,48,quantile,0.7,675.692
2024-11-16,wk inc flu hosp,2,2024-11-30,48,quantile,0.75,743.156
2024-11-16,wk inc flu hosp,2,2024-11-30,48,quantile,0.8,804.953
2024-11-16,wk inc flu hosp,2,2024-11-30,48,quantile,0.85,873.619
2024-11-16,wk inc flu hosp,2,2024-11-30,48,quantile,0.9,969.259
2024-11-16,wk inc flu hosp,2,2024-11-30,48,quantile,0.95,1168.769
2024-11-16,wk inc flu hosp,2,2024-11-30,48,quantile,0.975,1305.519
2024-11-16,wk inc flu hosp,2,2024-11-30,48,quantile,0.99,1467.673
2024-11-16,wk inc flu hosp,3,2024-12-07,48,quantile,0.01,0.0
2024-11-16,wk inc flu hosp,3,2024-12-07,48,quantile,0.025,0.0
2024-11-16,wk inc flu hosp,3,2024-12-07,48,quantile,0.05,32.104
2024-11-16,wk inc flu hosp,3,2024-12-07,48,quantile,0.1,155.922
2024-11-16,wk inc flu hosp,3,2024-12-07,48,quantile,0.15,235.002
2024-11-16,wk inc flu hosp,3,2024-12-07,48,quantile,0.2,314.075
2024-11-16,wk inc flu hosp,3,2024-12-07,48,quantile,0.25,370.315
2024-11-16,wk inc flu hosp,3,2024-12-07,48,quantile,0.3,431.708
2024-11-16,wk inc flu hosp,3,2024-12-07,48,quantile,0.35,483.588
2024-11-16,wk inc flu hosp,3,2024-12-07,48,quantile,0.4,535.907
2024-11-16,wk inc flu hosp,3,2024-12-07,48,quantile,0.45,582.87
2024-11-16,wk inc flu hosp,3,2024-12-07,48,quantile,0.5,624.258
2024-11-16,wk inc flu hosp,3,2024-12-07,48,quantile,0.55,673.641
2024-11-16,wk inc flu hosp,3,2024-12-07,48,quantile,0.6,717.5
2024-11-16,wk inc flu hosp,3,2024-12-07,48,quantile,0.65,774.693
2024-11-16,wk inc flu hosp,3,2024-12-07,48,quantile,0.7,834.811
2024-11-16,wk inc flu hosp,3,2024-12-07,48,quantile,0.75,902.371
2024-11-16,wk inc flu hosp,3,2024-12-07,48,quantile,0.8,981.165
2024-11-16,wk inc flu hosp,3,2024-12-07,48,quantile,0.85,1072.501
2024-11-16,wk inc flu hosp,3,2024-12-07,48,quantile,0.9,1217.657
2024-11-16,wk inc flu hosp,3,2024-12-07,48,quantile,0.95,1393.469
2024-11-16,wk inc flu hosp,3,2024-12-07,48,quantile,0.975,1581.268
2024-11-16,wk inc flu hosp,3,2024-12-07,48,quantile,0.99,1780.773
2024-11-16,wk inc flu hosp,0,2024-11-16,49,quantile,0.01,0.0
2024-11-16,wk inc flu hosp,0,2024-11-16,49,quantile,0.025,0.0
2024-11-16,wk inc flu hosp,0,2024-11-16,49,quantile,0.05,0.0
2024-11-16,wk inc flu hosp,0,2024-11-16,49,quantile,0.1,0.0
2024-11-16,wk inc flu hosp,0,2024-11-16,49,quantile,0.15,0.0
2024-11-16,wk inc flu hosp,0,2024-11-16,49,quantile,0.2,1.18
2024-11-16,wk inc flu hosp,0,2024-11-16,49,quantile,0.25,3.378
2024-11-16,wk inc flu hosp,0,2024-11-16,49,quantile,0.3,5.414
2024-11-16,wk inc flu hosp,0,2024-11-16,49,quantile,0.35,7.364
2024-11-16,wk inc flu hosp,0,2024-11-16,49,quantile,0.4,8.722
2024-11-16,wk inc flu hosp,0,2024-11-16,49,quantile,0.45,10.149
2024-11-16,wk inc flu hosp,0,2024-11-16,49,quantile,0.5,12.114
2024-11-16,wk inc flu hosp,0,2024-11-16,49,quantile,0.55,13.717
2024-11-16,wk inc flu hosp,0,2024-11-16,49,quantile,0.6,15.563
2024-11-16,wk inc flu hosp,0,2024-11-16,49,quantile,0.65,17.915
2024-11-16,wk inc flu hosp,0,2024-11-16,49,quantile,0.7,20.173
2024-11-16,wk inc flu hosp,0,2024-11-16,49,quantile,0.75,22.534
2024-11-16,wk inc flu hosp,0,2024-11-16,49,quantile,0.8,25.12
2024-11-16,wk inc flu hosp,0,2024-11-16,49,quantile,0.85,28.218
2024-11-16,wk inc flu hosp,0,2024-11-16,49,quantile,0.9,33.347
2024-11-16,wk inc flu hosp,0,2024-11-16,49,quantile,0.95,39.941
2024-11-16,wk inc flu hosp,0,2024-11-16,49,quantile,0.975,49.641
2024-11-16,wk inc flu hosp,0,2024-11-16,49,quantile,0.99,56.145
2024-11-16,wk inc flu hosp,1,2024-11-23,49,quantile,0.01,0.0
2024-11-16,wk inc flu hosp,1,2024-11-23,49,quantile,0.025,0.0
2024-11-16,wk inc flu hosp,1,2024-11-23,49,quantile,0.05,0.0
2024-11-16,wk inc flu hosp,1,2024-11-23,49,quantile,0.1,0.0
2024-11-16,wk inc flu hosp,1,2024-11-23,49,quantile,0.15,1.695
2024-11-16,wk inc flu hosp,1,2024-11-23,49,quantile,0.2,4.96
2024-11-16,wk inc flu hosp,1,2024-11-23,49,quantile,0.25,7.634
2024-11-16,wk inc flu hosp,1,2024-11-23,49,quantile,0.3,10.485
2024-11-16,wk inc flu hosp,1,2024-11-23,49,quantile,0.35,12.47
2024-11-16,wk inc flu hosp,1,2024-11-23,49,quantile,0.4,14.654
2024-11-16,wk inc flu hosp,1,2024-11-23,49,quantile,0.45,16.703
2024-11-16,wk inc flu hosp,1,2024-11-23,49,quantile,0.5,18.467
2024-11-16,wk inc flu hosp,1,2024-11-23,49,quantile,0.55,21.304
2024-11-16,wk inc flu hosp,1,2024-11-23,49,quantile,0.6,23.801
2024-11-16,wk inc flu hosp,1,2024-11-23,49,quantile,0.65,26.809
2024-11-16,wk inc flu hosp,1,2024-11-23,49,quantile,0.7,30.489
2024-11-16,wk inc flu hosp,1,2024-11-23,49,quantile,0.75,33.738
2024-11-16,wk inc flu hosp,1,2024-11-23,49,quantile,0.8,37.978
2024-11-16,wk inc flu hosp,1,2024-11-23,49,quantile,0.85,41.723
2024-11-16,wk inc flu hosp,1,2024-11-23,49,quantile,0.9,45.599
2024-11-16,wk inc flu hosp,1,2024-11-23,49,quantile,0.95,56.687
2024-11-16,wk inc flu hosp,1,2024-11-23,49,quantile,0.975,67.429
2024-11-16,wk inc flu hosp,1,2024-11-23,49,quantile,0.99,72.695
2024-11-16,wk inc flu hosp,2,2024-11-30,49,quantile,0.01,0.0
2024-11-16,wk inc flu hosp,2,2024-11-30,49,quantile,0.025,0.0
2024-11-16,wk inc flu hosp,2,2024-11-30,49,quantile,0.05,0.0
2024-11-16,wk inc flu hosp,2,2024-11-30,49,quantile,0.1,0.174
2024-11-16,wk inc flu hosp,2,2024-11-30,49,quantile,0.15,4.825
2024-11-16,wk inc flu hosp,2,2024-11-30,49,quantile,0.2,8.052
2024-11-16,wk inc flu hosp,2,2024-11-30,49,quantile,0.25,11.334
2024-11-16,wk inc flu hosp,2,2024-11-30,49,quantile,0.3,14.508
2024-11-16,wk inc flu hosp,2,2024-11-30,49,quantile,0.35,17.346
2024-11-16,wk inc flu hosp,2,2024-11-30,49,quantile,0.4,19.984
2024-11-16,wk inc flu hosp,2,2024-11-30,49,quantile,0.45,22.521
2024-11-16,wk inc flu hosp,2,2024-11-30,49,quantile,0.5,25.59
2024-11-16,wk inc flu hosp,2,2024-11-30,49,quantile,0.55,28.257
2024-11-16,wk inc flu hosp,2,2024-11-30,49,quantile,0.6,32.046
2024-11-16,wk inc flu hosp,2,2024-11-30,49,quantile,0.65,35.49
2024-11-16,wk inc flu hosp,2,2024-11-30,49,quantile,0.7,39.035
2024-11-16,wk inc flu hosp,2,2024-11-30,49,quantile,0.75,43.557
2024-11-16,wk inc flu hosp,2,2024-11-30,49,quantile,0.8,48.419
2024-11-16,wk inc flu hosp,2,2024-11-30,49,quantile,0.85,53.317
2024-11-16,wk inc flu hosp,2,2024-11-30,49,quantile,0.9,61.42
2024-11-16,wk inc flu hosp,2,2024-11-30,49,quantile,0.95,72.497
2024-11-16,wk inc flu hosp,2,2024-11-30,49,quantile,0.975,83.194
2024-11-16,wk inc flu hosp,2,2024-11-30,49,quantile,0.99,91.507
2024-11-16,wk inc flu hosp,3,2024-12-07,49,quantile,0.01,0.0
2024-11-16,wk inc flu hosp,3,2024-12-07,49,quantile,0.025,0.0
2024-11-16,wk inc flu hosp,3,2024-12-07,49,quantile,0.05,0.0
2024-11-16,wk inc flu hosp,3,2024-12-07,49,quantile,0.1,2.561
2024-11-16,wk inc flu hosp,3,2024-12-07,49,quantile,0.15,9.097
2024-11-16,wk inc flu hosp,3,2024-12-07,49,quantile,0.2,13.741
2024-11-16,wk inc flu hosp,3,2024-12-07,49,quantile,0.25,16.456
2024-11-16,wk inc flu hosp,3,2024-12-07,49,quantile,0.3,19.401
2024-11-16,wk inc flu hosp,3,2024-12-07,49,quantile,0.35,22.252
2024-11-16,wk inc flu hosp,3,2024-12-07,49,quantile,0.4,26.005
2024-11-16,wk inc flu hosp,3,2024-12-07,49,quantile,0.45,28.886
2024-11-16,wk inc flu hosp,3,2024-12-07,49,quantile,0.5,32.842
2024-11-16,wk inc flu hosp,3,2024-12-07,49,quantile,0.55,36.857
2024-11-16,wk inc flu hosp,3,2024-12-07,49,quantile,0.6,39.702
2024-11-16,wk inc flu hosp,3,2024-12-07,49,quantile,0.65,43.264
2024-11-16,wk inc flu hosp,3,2024-12-07,49,quantile,0.7,47.77
2024-11-16,wk inc flu hosp,3,2024-12-07,49,quantile,0.75,53.225
2024-11-16,wk inc flu hosp,3,2024-12-07,49,quantile,0.8,58.67
2024-11-16,wk inc flu hosp,3,2024-12-07,49,quantile,0.85,64.812
2024-11-16,wk inc flu hosp,3,2024-12-07,49,quantile,0.9,73.223
2024-11-16,wk inc flu hosp,3,2024-12-07,49,quantile,0.95,88.415
2024-11-16,wk inc flu hosp,3,2024-12-07,49,quantile,0.975,101.618
2024-11-16,wk inc flu hosp,3,2024-12-07,49,quantile,0.99,111.46
2024-11-16,wk inc flu hosp,0,2024-11-16,50,quantile,0.01,0.0
2024-11-16,wk inc flu hosp,0,2024-11-16,50,quantile,0.025,0.0
2024-11-16,wk inc flu hosp,0,2024-11-16,50,quantile,0.05,0.0
2024-11-16,wk inc flu hosp,0,2024-11-16,50,quantile,0.1,0.0
2024-11-16,wk inc flu hosp,0,2024-11-16,50,quantile,0.15,0.0
2024-11-16,wk inc flu hosp,0,2024-11-16,50,quantile,0.2,0.0
2024-11-16,wk inc flu hosp,0,2024-11-16,50,quantile,0.25,0.0
2024-11-16,wk inc flu hosp,0,2024-11-16,50,quantile,0.3,0.0
2024-11-16,wk inc flu hosp,0,2024-11-16,50,quantile,0.35,0.0
2024-11-16,wk inc flu hosp,0,2024-11-16,50,quantile,0.4,0.0
2024-11-16,wk inc flu hosp,0,2024-11-16,50,quantile,0.45,0.027
2024-11-16,wk inc flu hosp,0,2024-11-16,50,quantile,0.5,0.727
2024-11-16,wk inc flu hosp,0,2024-11-16,50,quantile,0.55,1.568
2024-11-16,wk inc flu hosp,0,2024-11-16,50,quantile,0.6,2.412
2024-11-16,wk inc flu hosp,0,2024-11-16,50,quantile,0.65,3.483
2024-11-16,wk inc flu hosp,0,2024-11-16,50,quantile,0.7,4.684
2024-11-16,wk inc flu hosp,0,2024-11-16,50,quantile,0.75,5.561
2024-11-16,wk inc flu hosp,0,2024-11-16,50,quantile,0.8,6.949
2024-11-16,wk inc flu hosp,0,2024-11-16,50,quantile,0.85,8.376
2024-11-16,wk inc flu hosp,0,2024-11-16,50,quantile,0.9,10.082
2024-11-16,wk inc flu hosp,0,2024-11-16,50,quantile,0.95,13.487
2024-11-16,wk inc flu hosp,0,2024-11-16,50,quantile,0.975,15.743
2024-11-16,wk inc flu hosp,0,2024-11-16,50,quantile,0.99,18.232
2024-11-16,wk inc flu hosp,1,2024-11-23,50,quantile,0.01,0.0
2024-11-16,wk inc flu hosp,1,2024-11-23,50,quantile,0.025,0.0
2024-11-16,wk inc flu hosp,1,2024-11-23,50,quantile,0.05,0.0
2024-11-16,wk inc flu hosp,1,2024-11-23,50,quantile,0.1,0.0
2024-11-16,wk inc flu hosp,1,2024-11-23,50,quantile,0.15,0.0
2024-11-16,wk inc flu hosp,1,2024-11-23,50,quantile,0.2,0.0
2024-11-16,wk inc flu hosp,1,2024-11-23,50,quantile,0.25,0.0
2024-11-16,wk inc flu hosp,1,2024-11-23,50,quantile,0.3,0.033
2024-11-16,wk inc flu hosp,1,2024-11-23,50,quantile,0.35,0.903
2024-11-16,wk inc flu hosp,1,2024-11-23,50,quantile,0.4,1.921
2024-11-16,wk inc flu hosp,1,2024-11-23,50,quantile,0.45,2.853
2024-11-16,wk inc flu hosp,1,2024-11-23,50,quantile,0.5,3.665
2024-11-16,wk inc flu hosp,1,2024-11-23,50,quantile,0.55,4.864
2024-11-16,wk inc flu hosp,1,2024-11-23,50,quantile,0.6,5.912
2024-11-16,wk inc flu hosp,1,2024-11-23,50,quantile,0.65,7.241
2024-11-16,wk inc flu hosp,1,2024-11-23,50,quantile,0.7,8.245
2024-11-16,wk inc flu hosp,1,2024-11-23,50,quantile,0.75,9.706
2024-11-16,wk inc flu hosp,1,2024-11-23,50,quantile,0.8,11.076
2024-11-16,wk inc flu hosp,1,2024-11-23,50,quantile,0.85,13.138
2024-11-16,wk inc flu hosp,1,2024-11-23,50,quantile,0.9,15.788
2024-11-16,wk inc flu hosp,1,2024-11-23,50,quantile,0.95,19.512
2024-11-16,wk inc flu hosp,1,2024-11-23,50,quantile,0.975,22.441
2024-11-16,wk inc flu hosp,1,2024-11-23,50,quantile,0.99,25.697
2024-11-16,wk inc flu hosp,2,2024-11-30,50,quantile,0.01,0.0
2024-11-16,wk inc flu hosp,2,2024-11-30,50,quantile,0.025,0.0
2024-11-16,wk inc flu hosp,2,2024-11-30,50,quantile,0.05,0.0
2024-11-16,wk inc flu hosp,2,2024-11-30,50,quantile,0.1,0.0
2024-11-16,wk inc flu hosp,2,2024-11-30,50,quantile,0.15,0.0
2024-11-16,wk inc flu hosp,2,2024-11-30,50,quantile,0.2,0.0
2024-11-16,wk inc flu hosp,2,2024-11-30,50,quantile,0.25,0.778
2024-11-16,wk inc flu hosp,2,2024-11-30,50,quantile,0.3,1.782
2024-11-16,wk inc flu hosp,2,2024-11-30,50,quantile,0.35,2.921
2024-11-16,wk inc flu hosp,2,2024-11-30,50,quantile,0.4,4.184
2024-11-16,wk inc flu hosp,2,2024-11-30,50,quantile,0.45,5.568
2024-11-16,wk inc flu hosp,2,2024-11-30,50,quantile,0.5,6.537
2024-11-16,wk inc flu hosp,2,2024-11-30,50,quantile,0.55,7.702
2024-11-16,wk inc flu hosp,2,2024-11-30,50,quantile,0.6,8.844
2024-11-16,wk inc flu hosp,2,2024-11-30,50,quantile,0.65,10.258
2024-11-16,wk inc flu hosp,2,2024-11-30,50,quantile,0.7,11.702
2024-11-16,wk inc flu hosp,2,2024-11-30,50,quantile,0.75,13.032
2024-11-16,wk inc flu hosp,2,2024-11-30,50,quantile,0.8,14.991
2024-11-16,wk inc flu hosp,2,2024-11-30,50,quantile,0.85,17.534
2024-11-16,wk inc flu hosp,2,2024-11-30,50,quantile,0.9,20.337
2024-11-16,wk inc flu hosp,2,2024-11-30,50,quantile,0.95,24.392
2024-11-16,wk inc flu hosp,2,2024-11-30,50,quantile,0.975,29.666
2024-11-16,wk inc flu hosp,2,2024-11-30,50,quantile,0.99,35.481
2024-11-16,wk inc flu hosp,3,2024-12-07,50,quantile,0.01,0.0
2024-11-16,wk inc flu hosp,3,2024-12-07,50,quantile,0.025,0.0
2024-11-16,wk inc flu hosp,3,2024-12-07,50,quantile,0.05,0.0
2024-11-16,wk inc flu hosp,3,2024-12-07,50,quantile,0.1,0.0
2024-11-16,wk inc flu hosp,3,2024-12-07,50,quantile,0.15,0.0
2024-11-16,wk inc flu hosp,3,2024-12-07,50,quantile,0.2,0.689
2024-11-16,wk inc flu hosp,3,2024-12-07,50,quantile,0.25,1.954
2024-11-16,wk inc flu hosp,3,2024-12-07,50,quantile,0.3,3.766
2024-11-16,wk inc flu hosp,3,2024-12-07,50,quantile,0.35,5.037
2024-11-16,wk inc flu hosp,3,2024-12-07,50,quantile,0.4,6.244
2024-11-16,wk inc flu hosp,3,2024-12-07,50,quantile,0.45,7.392
2024-11-16,wk inc flu hosp,3,2024-12-07,50,quantile,0.5,8.638
2024-11-16,wk inc flu hosp,3,2024-12-07,50,quantile,0.55,10.035
2024-11-16,wk inc flu hosp,3,2024-12-07,50,quantile,0.6,11.688
2024-11-16,wk inc flu hosp,3,2024-12-07,50,quantile,0.65,12.95
2024-11-16,wk inc flu hosp,3,2024-12-07,50,quantile,0.7,14.911
2024-11-16,wk inc flu hosp,3,2024-12-07,50,quantile,0.75,17.122
2024-11-16,wk inc flu hosp,3,2024-12-07,50,quantile,0.8,19.876
2024-11-16,wk inc flu hosp,3,2024-12-07,50,quantile,0.85,21.869
2024-11-16,wk inc flu hosp,3,2024-12-07,50,quantile,0.9,25.584
2024-11-16,wk inc flu hosp,3,2024-12-07,50,quantile,0.95,31.106
2024-11-16,wk inc flu hosp,3,2024-12-07,50,quantile,0.975,35.253
2024-11-16,wk inc flu hosp,3,2024-12-07,50,quantile,0.99,40.581
2024-11-16,wk inc flu hosp,0,2024-11-16,51,quantile,0.01,0.0
2024-11-16,wk inc flu hosp,0,2024-11-16,51,quantile,0.025,0.0
2024-11-16,wk inc flu hosp,0,2024-11-16,51,quantile,0.05,0.0
2024-11-16,wk inc flu hosp,0,2024-11-16,51,quantile,0.1,0.072
2024-11-16,wk inc flu hosp,0,2024-11-16,51,quantile,0.15,8.649
2024-11-16,wk inc flu hosp,0,2024-11-16,51,quantile,0.2,15.362
2024-11-16,wk inc flu hosp,0,2024-11-16,51,quantile,0.25,19.925
2024-11-16,wk inc flu hosp,0,2024-11-16,51,quantile,0.3,23.904
2024-11-16,wk inc flu hosp,0,2024-11-16,51,quantile,0.35,27.399
2024-11-16,wk inc flu hosp,0,2024-11-16,51,quantile,0.4,30.91
2024-11-16,wk inc flu hosp,0,2024-11-16,51,quantile,0.45,35.108
2024-11-16,wk inc flu hosp,0,2024-11-16,51,quantile,0.5,38.431
2024-11-16,wk inc flu hosp,0,2024-11-16,51,quantile,0.55,41.565
2024-11-16,wk inc flu hosp,0,2024-11-16,51,quantile,0.6,44.831
2024-11-16,wk inc flu hosp,0,2024-11-16,51,quantile,0.65,49.492
2024-11-16,wk inc flu hosp,0,2024-11-16,51,quantile,0.7,53.804
2024-11-16,wk inc flu hosp,0,2024-11-16,51,quantile,0.75,58.279
2024-11-16,wk inc flu hosp,0,2024-11-16,51,quantile,0.8,64.1
2024-11-16,wk inc flu hosp,0,2024-11-16,51,quantile,0.85,70.049
2024-11-16,wk inc flu hosp,0,2024-11-16,51,quantile,0.9,79.764
2024-11-16,wk inc flu hosp,0,2024-11-16,51,quantile,0.95,94.004
2024-11-16,wk inc flu hosp,0,2024-11-16,51,quantile,0.975,115.793
2024-11-16,wk inc flu hosp,0,2024-11-16,51,quantile,0.99,157.813
2024-11-16,wk inc flu hosp,1,2024-11-23,51,quantile,0.01,0.0
2024-11-16,wk inc flu hosp,1,2024-11-23,51,quantile,0.025,0.0
2024-11-16,wk inc flu hosp,1,2024-11-23,51,quantile,0.05,0.0
2024-11-16,wk inc flu hosp,1,2024-11-23,51,quantile,0.1,0.825
2024-11-16,wk inc flu hosp,1,2024-11-23,51,quantile,0.15,10.409
2024-11-16,wk inc flu hosp,1,2024-11-23,51,quantile,0.2,17.813
2024-11-16,wk inc flu hosp,1,2024-11-23,51,quantile,0.25,25.063
2024-11-16,wk inc flu hosp,1,2024-11-23,51,quantile,0.3,31.951
2024-11-16,wk inc flu hosp,1,2024-11-23,51,quantile,0.35,37.169
2024-11-16,wk inc flu hosp,1,2024-11-23,51,quantile,0.4,41.582
2024-11-16,wk inc flu hosp,1,2024-11-23,51,quantile,0.45,47.063
2024-11-16,wk inc flu hosp,1,2024-11-23,51,quantile,0.5,52.97
2024-11-16,wk inc flu hosp,1,2024-11-23,51,quantile,0.55,58.899
2024-11-16,wk inc flu hosp,1,2024-11-23,51,quantile,0.6,63.724
2024-11-16,wk inc flu hosp,1,2024-11-23,51,quantile,0.65,68.909
2024-11-16,wk inc flu hosp,1,2024-11-23,51,quantile,0.7,75.592
2024-11-16,wk inc flu hosp,1,2024-11-23,51,quantile,0.75,82.73
2024-11-16,wk inc flu hosp,1,2024-11-23,51,quantile,0.8,91.078
2024-11-16,wk inc flu hosp,1,2024-11-23,51,quantile,0.85,102.318
2024-11-16,wk inc flu hosp,1,2024-11-23,51,quantile,0.9,114.977
2024-11-16,wk inc flu hosp,1,2024-11-23,51,quantile,0.95,133.482
2024-11-16,wk inc flu hosp,1,2024-11-23,51,quantile,0.975,159.285
2024-11-16,wk inc flu hosp,1,2024-11-23,51,quantile,0.99,176.027
2024-11-16,wk inc flu hosp,2,2024-11-30,51,quantile,0.01,0.0
2024-11-16,wk inc flu hosp,2,2024-11-30,51,quantile,0.025,0.0
2024-11-16,wk inc flu hosp,2,2024-11-30,51,quantile,0.05,0.0
2024-11-16,wk inc flu hosp,2,2024-11-30,51,quantile,0.1,5.815
2024-11-16,wk inc flu hosp,2,2024-11-30,51,quantile,0.15,16.868
2024-11-16,wk inc flu hosp,2,2024-11-30,51,quantile,0.2,24.535
2024-11-16,wk inc flu hosp,2,2024-11-30,51,quantile,0.25,34.023
2024-11-16,wk inc flu hosp,2,2024-11-30,51,quantile,0.3,40.203
2024-11-16,wk inc flu hosp,2,2024-11-30,51,quantile,0.35,45.704
2024-11-16,wk inc flu hosp,2,2024-11-30,51,quantile,0.4,53.196
2024-11-16,wk inc flu hosp,2,2024-11-30,51,quantile,0.45,59.016
2024-11-16,wk inc flu hosp,2,2024-11-30,51,quantile,0.5,65.552
2024-11-16,wk inc flu hosp,2,2024-11-30,51,quantile,0.55,71.363
2024-11-16,wk inc flu hosp,2,2024-11-30,51,quantile,0.6,77.795
2024-11-16,wk inc flu hosp,2,2024-11-30,51,quantile,0.65,86.391
2024-11-16,wk inc flu hosp,2,2024-11-30,51,quantile,0.7,94.319
2024-11-16,wk inc flu hosp,2,2024-11-30,51,quantile,0.75,103.089
2024-11-16,wk inc flu hosp,2,2024-11-30,51,quantile,0.8,111.766
2024-11-16,wk inc flu hosp,2,2024-11-30,51,quantile,0.85,124.974
2024-11-16,wk inc flu hosp,2,2024-11-30,51,quantile,0.9,141.936
2024-11-16,wk inc flu hosp,2,2024-11-30,51,quantile,0.95,168.346
2024-11-16,wk inc flu hosp,2,2024-11-30,51,quantile,0.975,194.337
2024-11-16,wk inc flu hosp,2,2024-11-30,51,quantile,0.99,226.976
2024-11-16,wk inc flu hosp,3,2024-12-07,51,quantile,0.01,0.0
2024-11-16,wk inc flu hosp,3,2024-12-07,51,quantile,0.025,0.0
2024-11-16,wk inc flu hosp,3,2024-12-07,51,quantile,0.05,0.0
2024-11-16,wk inc flu hosp,3,2024-12-07,51,quantile,0.1,13.297
2024-11-16,wk inc flu hosp,3,2024-12-07,51,quantile,0.15,24.47
2024-11-16,wk inc flu hosp,3,2024-12-07,51,quantile,0.2,35.166
2024-11-16,wk inc flu hosp,3,2024-12-07,51,quantile,0.25,44.258
2024-11-16,wk inc flu hosp,3,2024-12-07,51,quantile,0.3,52.494
2024-11-16,wk inc flu hosp,3,2024-12-07,51,quantile,0.35,62.417
2024-11-16,wk inc flu hosp,3,2024-12-07,51,quantile,0.4,70.203
2024-11-16,wk inc flu hosp,3,2024-12-07,51,quantile,0.45,74.942
2024-11-16,wk inc flu hosp,3,2024-12-07,51,quantile,0.5,83.541
2024-11-16,wk inc flu hosp,3,2024-12-07,51,quantile,0.55,91.758
2024-11-16,wk inc flu hosp,3,2024-12-07,51,quantile,0.6,99.923
2024-11-16,wk inc flu hosp,3,2024-12-07,51,quantile,0.65,108.553
2024-11-16,wk inc flu hosp,3,2024-12-07,51,quantile,0.7,115.811
2024-11-16,wk inc flu hosp,3,2024-12-07,51,quantile,0.75,125.586
2024-11-16,wk inc flu hosp,3,2024-12-07,51,quantile,0.8,137.335
2024-11-16,wk inc flu hosp,3,2024-12-07,51,quantile,0.85,150.031
2024-11-16,wk inc flu hosp,3,2024-12-07,51,quantile,0.9,166.795
2024-11-16,wk inc flu hosp,3,2024-12-07,51,quantile,0.95,199.562
2024-11-16,wk inc flu hosp,3,2024-12-07,51,quantile,0.975,223.416
2024-11-16,wk inc flu hosp,3,2024-12-07,51,quantile,0.99,260.499
2024-11-16,wk inc flu hosp,0,2024-11-16,53,quantile,0.01,0.0
2024-11-16,wk inc flu hosp,0,2024-11-16,53,quantile,0.025,0.0
2024-11-16,wk inc flu hosp,0,2024-11-16,53,quantile,0.05,0.0
2024-11-16,wk inc flu hosp,0,2024-11-16,53,quantile,0.1,0.0
2024-11-16,wk inc flu hosp,0,2024-11-16,53,quantile,0.15,0.0
2024-11-16,wk inc flu hosp,0,2024-11-16,53,quantile,0.2,0.0
2024-11-16,wk inc flu hosp,0,2024-11-16,53,quantile,0.25,0.0
2024-11-16,wk inc flu hosp,0,2024-11-16,53,quantile,0.3,0.0
2024-11-16,wk inc flu hosp,0,2024-11-16,53,quantile,0.35,2.117
2024-11-16,wk inc flu hosp,0,2024-11-16,53,quantile,0.4,9.362
2024-11-16,wk inc flu hosp,0,2024-11-16,53,quantile,0.45,20.155
2024-11-16,wk inc flu hosp,0,2024-11-16,53,quantile,0.5,25.797
2024-11-16,wk inc flu hosp,0,2024-11-16,53,quantile,0.55,33.585
2024-11-16,wk inc flu hosp,0,2024-11-16,53,quantile,0.6,40.996
2024-11-16,wk inc flu hosp,0,2024-11-16,53,quantile,0.65,48.417
2024-11-16,wk inc flu hosp,0,2024-11-16,53,quantile,0.7,56.627
2024-11-16,wk inc flu hosp,0,2024-11-16,53,quantile,0.75,65.841
2024-11-16,wk inc flu hosp,0,2024-11-16,53,quantile,0.8,78.476
2024-11-16,wk inc flu hosp,0,2024-11-16,53,quantile,0.85,90.634
2024-11-16,wk inc flu hosp,0,2024-11-16,53,quantile,0.9,113.555
2024-11-16,wk inc flu hosp,0,2024-11-16,53,quantile,0.95,156.025
2024-11-16,wk inc flu hosp,0,2024-11-16,53,quantile,0.975,202.694
2024-11-16,wk inc flu hosp,0,2024-11-16,53,quantile,0.99,324.2
2024-11-16,wk inc flu hosp,1,2024-11-23,53,quantile,0.01,0.0
2024-11-16,wk inc flu hosp,1,2024-11-23,53,quantile,0.025,0.0
2024-11-16,wk inc flu hosp,1,2024-11-23,53,quantile,0.05,0.0
2024-11-16,wk inc flu hosp,1,2024-11-23,53,quantile,0.1,0.0
2024-11-16,wk inc flu hosp,1,2024-11-23,53,quantile,0.15,0.0
2024-11-16,wk inc flu hosp,1,2024-11-23,53,quantile,0.2,0.0
2024-11-16,wk inc flu hosp,1,2024-11-23,53,quantile,0.25,1.38
2024-11-16,wk inc flu hosp,1,2024-11-23,53,quantile,0.3,10.766
2024-11-16,wk inc flu hosp,1,2024-11-23,53,quantile,0.35,21.165
2024-11-16,wk inc flu hosp,1,2024-11-23,53,quantile,0.4,31.208
2024-11-16,wk inc flu hosp,1,2024-11-23,53,quantile,0.45,41.123
2024-11-16,wk inc flu hosp,1,2024-11-23,53,quantile,0.5,48.461
2024-11-16,wk inc flu hosp,1,2024-11-23,53,quantile,0.55,55.209
2024-11-16,wk inc flu hosp,1,2024-11-23,53,quantile,0.6,68.426
2024-11-16,wk inc flu hosp,1,2024-11-23,53,quantile,0.65,78.33
2024-11-16,wk inc flu hosp,1,2024-11-23,53,quantile,0.7,89.697
2024-11-16,wk inc flu hosp,1,2024-11-23,53,quantile,0.75,102.98
2024-11-16,wk inc flu hosp,1,2024-11-23,53,quantile,0.8,120.044
2024-11-16,wk inc flu hosp,1,2024-11-23,53,quantile,0.85,144.738
2024-11-16,wk inc flu hosp,1,2024-11-23,53,quantile,0.9,179.747
2024-11-16,wk inc flu hosp,1,2024-11-23,53,quantile,0.95,237.006
2024-11-16,wk inc flu hosp,1,2024-11-23,53,quantile,0.975,322.713
2024-11-16,wk inc flu hosp,1,2024-11-23,53,quantile,0.99,381.333
2024-11-16,wk inc flu hosp,2,2024-11-30,53,quantile,0.01,0.0
2024-11-16,wk inc flu hosp,2,2024-11-30,53,quantile,0.025,0.0
2024-11-16,wk inc flu hosp,2,2024-11-30,53,quantile,0.05,0.0
2024-11-16,wk inc flu hosp,2,2024-11-30,53,quantile,0.1,0.0
2024-11-16,wk inc flu hosp,2,2024-11-30,53,quantile,0.15,0.0
2024-11-16,wk inc flu hosp,2,2024-11-30,53,quantile,0.2,0.869
2024-11-16,wk inc flu hosp,2,2024-11-30,53,quantile,0.25,13.376
2024-11-16,wk inc flu hosp,2,2024-11-30,53,quantile,0.3,27.593
2024-11-16,wk inc flu hosp,2,2024-11-30,53,quantile,0.35,35.95
2024-11-16,wk inc flu hosp,2,2024-11-30,53,quantile,0.4,43.754
2024-11-16,wk inc flu hosp,2,2024-11-30,53,quantile,0.45,56.879
2024-11-16,wk inc flu hosp,2,2024-11-30,53,quantile,0.5,68.211
2024-11-16,wk inc flu hosp,2,2024-11-30,53,quantile,0.55,83.59
2024-11-16,wk inc flu hosp,2,2024-11-30,53,quantile,0.6,95.22
2024-11-16,wk inc flu hosp,2,2024-11-30,53,quantile,0.65,110.02
2024-11-16,wk inc flu hosp,2,2024-11-30,53,quantile,0.7,125.665
2024-11-16,wk inc flu hosp,2,2024-11-30,53,quantile,0.75,146.037
2024-11-16,wk inc flu hosp,2,2024-11-30,53,quantile,0.8,169.496
2024-11-16,wk inc flu hosp,2,2024-11-30,53,quantile,0.85,194.601
2024-11-16,wk inc flu hosp,2,2024-11-30,53,quantile,0.9,232.97
2024-11-16,wk inc flu hosp,2,2024-11-30,53,quantile,0.95,320.498
2024-11-16,wk inc flu hosp,2,2024-11-30,53,quantile,0.975,382.476
2024-11-16,wk inc flu hosp,2,2024-11-30,53,quantile,0.99,421.388
2024-11-16,wk inc flu hosp,3,2024-12-07,53,quantile,0.01,0.0
2024-11-16,wk inc flu hosp,3,2024-12-07,53,quantile,0.025,0.0
2024-11-16,wk inc flu hosp,3,2024-12-07,53,quantile,0.05,0.0
2024-11-16,wk inc flu hosp,3,2024-12-07,53,quantile,0.1,0.0
2024-11-16,wk inc flu hosp,3,2024-12-07,53,quantile,0.15,2.137
2024-11-16,wk inc flu hosp,3,2024-12-07,53,quantile,0.2,15.451
2024-11-16,wk inc flu hosp,3,2024-12-07,53,quantile,0.25,28.93
2024-11-16,wk inc flu hosp,3,2024-12-07,53,quantile,0.3,42.051
2024-11-16,wk inc flu hosp,3,2024-12-07,53,quantile,0.35,54.718
2024-11-16,wk inc flu hosp,3,2024-12-07,53,quantile,0.4,68.723
2024-11-16,wk inc flu hosp,3,2024-12-07,53,quantile,0.45,84.445
2024-11-16,wk inc flu hosp,3,2024-12-07,53,quantile,0.5,100.294
2024-11-16,wk inc flu hosp,3,2024-12-07,53,quantile,0.55,112.987
2024-11-16,wk inc flu hosp,3,2024-12-07,53,quantile,0.6,130.564
2024-11-16,wk inc flu hosp,3,2024-12-07,53,quantile,0.65,148.339
2024-11-16,wk inc flu hosp,3,2024-12-07,53,quantile,0.7,166.512
2024-11-16,wk inc flu hosp,3,2024-12-07,53,quantile,0.75,187.669
2024-11-16,wk inc flu hosp,3,2024-12-07,53,quantile,0.8,216.948
2024-11-16,wk inc flu hosp,3,2024-12-07,53,quantile,0.85,248.368
2024-11-16,wk inc flu hosp,3,2024-12-07,53,quantile,0.9,295.942
2024-11-16,wk inc flu hosp,3,2024-12-07,53,quantile,0.95,384.171
2024-11-16,wk inc flu hosp,3,2024-12-07,53,quantile,0.975,444.391
2024-11-16,wk inc flu hosp,3,2024-12-07,53,quantile,0.99,481.676
2024-11-16,wk inc flu hosp,0,2024-11-16,54,quantile,0.01,0.0
2024-11-16,wk inc flu hosp,0,2024-11-16,54,quantile,0.025,0.0
2024-11-16,wk inc flu hosp,0,2024-11-16,54,quantile,0.05,0.0
2024-11-16,wk inc flu hosp,0,2024-11-16,54,quantile,0.1,0.0
2024-11-16,wk inc flu hosp,0,2024-11-16,54,quantile,0.15,0.0
2024-11-16,wk inc flu hosp,0,2024-11-16,54,quantile,0.2,0.0
2024-11-16,wk inc flu hosp,0,2024-11-16,54,quantile,0.25,0.0
2024-11-16,wk inc flu hosp,0,2024-11-16,54,quantile,0.3,0.0
2024-11-16,wk inc flu hosp,0,2024-11-16,54,quantile,0.35,0.0
2024-11-16,wk inc flu hosp,0,2024-11-16,54,quantile,0.4,1.808
2024-11-16,wk inc flu hosp,0,2024-11-16,54,quantile,0.45,4.267
2024-11-16,wk inc flu hosp,0,2024-11-16,54,quantile,0.5,6.325
2024-11-16,wk inc flu hosp,0,2024-11-16,54,quantile,0.55,8.015
2024-11-16,wk inc flu hosp,0,2024-11-16,54,quantile,0.6,10.62
2024-11-16,wk inc flu hosp,0,2024-11-16,54,quantile,0.65,13.507
2024-11-16,wk inc flu hosp,0,2024-11-16,54,quantile,0.7,16.008
2024-11-16,wk inc flu hosp,0,2024-11-16,54,quantile,0.75,19.35
2024-11-16,wk inc flu hosp,0,2024-11-16,54,quantile,0.8,22.63
2024-11-16,wk inc flu hosp,0,2024-11-16,54,quantile,0.85,26.094
2024-11-16,wk inc flu hosp,0,2024-11-16,54,quantile,0.9,32.918
2024-11-16,wk inc flu hosp,0,2024-11-16,54,quantile,0.95,46.203
2024-11-16,wk inc flu hosp,0,2024-11-16,54,quantile,0.975,58.017
2024-11-16,wk inc flu hosp,0,2024-11-16,54,quantile,0.99,71.539
2024-11-16,wk inc flu hosp,1,2024-11-23,54,quantile,0.01,0.0
2024-11-16,wk inc flu hosp,1,2024-11-23,54,quantile,0.025,0.0
2024-11-16,wk inc flu hosp,1,2024-11-23,54,quantile,0.05,0.0
2024-11-16,wk inc flu hosp,1,2024-11-23,54,quantile,0.1,0.0
2024-11-16,wk inc flu hosp,1,2024-11-23,54,quantile,0.15,0.0
2024-11-16,wk inc flu hosp,1,2024-11-23,54,quantile,0.2,0.0
2024-11-16,wk inc flu hosp,1,2024-11-23,54,quantile,0.25,0.0
2024-11-16,wk inc flu hosp,1,2024-11-23,54,quantile,0.3,0.857
2024-11-16,wk inc flu hosp,1,2024-11-23,54,quantile,0.35,4.129
2024-11-16,wk inc flu hosp,1,2024-11-23,54,quantile,0.4,7.314
2024-11-16,wk inc flu hosp,1,2024-11-23,54,quantile,0.45,9.375
2024-11-16,wk inc flu hosp,1,2024-11-23,54,quantile,0.5,12.181
2024-11-16,wk inc flu hosp,1,2024-11-23,54,quantile,0.55,14.84
2024-11-16,wk inc flu hosp,1,2024-11-23,54,quantile,0.6,18.466
2024-11-16,wk inc flu hosp,1,2024-11-23,54,quantile,0.65,22.531
2024-11-16,wk inc flu hosp,1,2024-11-23,54,quantile,0.7,26.074
2024-11-16,wk inc flu hosp,1,2024-11-23,54,quantile,0.75,29.667
2024-11-16,wk inc flu hosp,1,2024-11-23,54,quantile,0.8,33.316
2024-11-16,wk inc flu hosp,1,2024-11-23,54,quantile,0.85,39.333
2024-11-16,wk inc flu hosp,1,2024-11-23,54,quantile,0.9,51.193
2024-11-16,wk inc flu hosp,1,2024-11-23,54,quantile,0.95,65.155
2024-11-16,wk inc flu hosp,1,2024-11-23,54,quantile,0.975,77.288
2024-11-16,wk inc flu hosp,1,2024-11-23,54,quantile,0.99,93.04
2024-11-16,wk inc flu hosp,2,2024-11-30,54,quantile,0.01,0.0
2024-11-16,wk inc flu hosp,2,2024-11-30,54,quantile,0.025,0.0
2024-11-16,wk inc flu hosp,2,2024-11-30,54,quantile,0.05,0.0
2024-11-16,wk inc flu hosp,2,2024-11-30,54,quantile,0.1,0.0
2024-11-16,wk inc flu hosp,2,2024-11-30,54,quantile,0.15,0.0
2024-11-16,wk inc flu hosp,2,2024-11-30,54,quantile,0.2,0.0
2024-11-16,wk inc flu hosp,2,2024-11-30,54,quantile,0.25,1.494
2024-11-16,wk inc flu hosp,2,2024-11-30,54,quantile,0.3,4.971
2024-11-16,wk inc flu hosp,2,2024-11-30,54,quantile,0.35,8.725
2024-11-16,wk inc flu hosp,2,2024-11-30,54,quantile,0.4,12.078
2024-11-16,wk inc flu hosp,2,2024-11-30,54,quantile,0.45,15.035
2024-11-16,wk inc flu hosp,2,2024-11-30,54,quantile,0.5,17.885
2024-11-16,wk inc flu hosp,2,2024-11-30,54,quantile,0.55,21.308
2024-11-16,wk inc flu hosp,2,2024-11-30,54,quantile,0.6,24.896
2024-11-16,wk inc flu hosp,2,2024-11-30,54,quantile,0.65,29.903
2024-11-16,wk inc flu hosp,2,2024-11-30,54,quantile,0.7,35.167
2024-11-16,wk inc flu hosp,2,2024-11-30,54,quantile,0.75,40.098
2024-11-16,wk inc flu hosp,2,2024-11-30,54,quantile,0.8,46.908
2024-11-16,wk inc flu hosp,2,2024-11-30,54,quantile,0.85,55.263
2024-11-16,wk inc flu hosp,2,2024-11-30,54,quantile,0.9,65.12
2024-11-16,wk inc flu hosp,2,2024-11-30,54,quantile,0.95,79.919
2024-11-16,wk inc flu hosp,2,2024-11-30,54,quantile,0.975,93.012
2024-11-16,wk inc flu hosp,2,2024-11-30,54,quantile,0.99,103.807
2024-11-16,wk inc flu hosp,3,2024-12-07,54,quantile,0.01,0.0
2024-11-16,wk inc flu hosp,3,2024-12-07,54,quantile,0.025,0.0
2024-11-16,wk inc flu hosp,3,2024-12-07,54,quantile,0.05,0.0
2024-11-16,wk inc flu hosp,3,2024-12-07,54,quantile,0.1,0.0
2024-11-16,wk inc flu hosp,3,2024-12-07,54,quantile,0.15,0.0
2024-11-16,wk inc flu hosp,3,2024-12-07,54,quantile,0.2,1.259
2024-11-16,wk inc flu hosp,3,2024-12-07,54,quantile,0.25,5.094
2024-11-16,wk inc flu hosp,3,2024-12-07,54,quantile,0.3,9.031
2024-11-16,wk inc flu hosp,3,2024-12-07,54,quantile,0.35,12.866
2024-11-16,wk inc flu hosp,3,2024-12-07,54,quantile,0.4,16.808
2024-11-16,wk inc flu hosp,3,2024-12-07,54,quantile,0.45,21.454
2024-11-16,wk inc flu hosp,3,2024-12-07,54,quantile,0.5,23.999
2024-11-16,wk inc flu hosp,3,2024-12-07,54,quantile,0.55,28.14
2024-11-16,wk inc flu hosp,3,2024-12-07,54,quantile,0.6,32.751
2024-11-16,wk inc flu hosp,3,2024-12-07,54,quantile,0.65,37.327
2024-11-16,wk inc flu hosp,3,2024-12-07,54,quantile,0.7,43.043
2024-11-16,wk inc flu hosp,3,2024-12-07,54,quantile,0.75,48.077
2024-11-16,wk inc flu hosp,3,2024-12-07,54,quantile,0.8,56.037
2024-11-16,wk inc flu hosp,3,2024-12-07,54,quantile,0.85,64.811
2024-11-16,wk inc flu hosp,3,2024-12-07,54,quantile,0.9,72.374
2024-11-16,wk inc flu hosp,3,2024-12-07,54,quantile,0.95,87.607
2024-11-16,wk inc flu hosp,3,2024-12-07,54,quantile,0.975,104.656
2024-11-16,wk inc flu hosp,3,2024-12-07,54,quantile,0.99,121.315
2024-11-16,wk inc flu hosp,0,2024-11-16,55,quantile,0.01,0.0
2024-11-16,wk inc flu hosp,0,2024-11-16,55,quantile,0.025,0.0
2024-11-16,wk inc flu hosp,0,2024-11-16,55,quantile,0.05,0.0
2024-11-16,wk inc flu hosp,0,2024-11-16,55,quantile,0.1,0.0
2024-11-16,wk inc flu hosp,0,2024-11-16,55,quantile,0.15,0.0
2024-11-16,wk inc flu hosp,0,2024-11-16,55,quantile,0.2,0.0
2024-11-16,wk inc flu hosp,0,2024-11-16,55,quantile,0.25,0.0
2024-11-16,wk inc flu hosp,0,2024-11-16,55,quantile,0.3,0.0
2024-11-16,wk inc flu hosp,0,2024-11-16,55,quantile,0.35,1.213
2024-11-16,wk inc flu hosp,0,2024-11-16,55,quantile,0.4,8.23
2024-11-16,wk inc flu hosp,0,2024-11-16,55,quantile,0.45,14.533
2024-11-16,wk inc flu hosp,0,2024-11-16,55,quantile,0.5,19.551
2024-11-16,wk inc flu hosp,0,2024-11-16,55,quantile,0.55,25.504
2024-11-16,wk inc flu hosp,0,2024-11-16,55,quantile,0.6,32.823
2024-11-16,wk inc flu hosp,0,2024-11-16,55,quantile,0.65,38.355
2024-11-16,wk inc flu hosp,0,2024-11-16,55,quantile,0.7,43.926
2024-11-16,wk inc flu hosp,0,2024-11-16,55,quantile,0.75,50.143
2024-11-16,wk inc flu hosp,0,2024-11-16,55,quantile,0.8,61.267
2024-11-16,wk inc flu hosp,0,2024-11-16,55,quantile,0.85,70.029
2024-11-16,wk inc flu hosp,0,2024-11-16,55,quantile,0.9,87.553
2024-11-16,wk inc flu hosp,0,2024-11-16,55,quantile,0.95,119.694
2024-11-16,wk inc flu hosp,0,2024-11-16,55,quantile,0.975,161.589
2024-11-16,wk inc flu hosp,0,2024-11-16,55,quantile,0.99,195.243
2024-11-16,wk inc flu hosp,1,2024-11-23,55,quantile,0.01,0.0
2024-11-16,wk inc flu hosp,1,2024-11-23,55,quantile,0.025,0.0
2024-11-16,wk inc flu hosp,1,2024-11-23,55,quantile,0.05,0.0
2024-11-16,wk inc flu hosp,1,2024-11-23,55,quantile,0.1,0.0
2024-11-16,wk inc flu hosp,1,2024-11-23,55,quantile,0.15,0.0
2024-11-16,wk inc flu hosp,1,2024-11-23,55,quantile,0.2,0.0
2024-11-16,wk inc flu hosp,1,2024-11-23,55,quantile,0.25,0.0
2024-11-16,wk inc flu hosp,1,2024-11-23,55,quantile,0.3,7.441
2024-11-16,wk inc flu hosp,1,2024-11-23,55,quantile,0.35,14.328
2024-11-16,wk inc flu hosp,1,2024-11-23,55,quantile,0.4,21.892
2024-11-16,wk inc flu hosp,1,2024-11-23,55,quantile,0.45,29.039
2024-11-16,wk inc flu hosp,1,2024-11-23,55,quantile,0.5,36.875
2024-11-16,wk inc flu hosp,1,2024-11-23,55,quantile,0.55,44.009
2024-11-16,wk inc flu hosp,1,2024-11-23,55,quantile,0.6,51.874
2024-11-16,wk inc flu hosp,1,2024-11-23,55,quantile,0.65,61.934
2024-11-16,wk inc flu hosp,1,2024-11-23,55,quantile,0.7,74.287
2024-11-16,wk inc flu hosp,1,2024-11-23,55,quantile,0.75,87.71
2024-11-16,wk inc flu hosp,1,2024-11-23,55,quantile,0.8,98.374
2024-11-16,wk inc flu hosp,1,2024-11-23,55,quantile,0.85,116.21
2024-11-16,wk inc flu hosp,1,2024-11-23,55,quantile,0.9,141.946
2024-11-16,wk inc flu hosp,1,2024-11-23,55,quantile,0.95,181.055
2024-11-16,wk inc flu hosp,1,2024-11-23,55,quantile,0.975,210.186
2024-11-16,wk inc flu hosp,1,2024-11-23,55,quantile,0.99,253.207
2024-11-16,wk inc flu hosp,2,2024-11-30,55,quantile,0.01,0.0
2024-11-16,wk inc flu hosp,2,2024-11-30,55,quantile,0.025,0.0
2024-11-16,wk inc flu hosp,2,2024-11-30,55,quantile,0.05,0.0
2024-11-16,wk inc flu hosp,2,2024-11-30,55,quantile,0.1,0.0
2024-11-16,wk inc flu hosp,2,2024-11-30,55,quantile,0.15,0.0
2024-11-16,wk inc flu hosp,2,2024-11-30,55,quantile,0.2,0.0
2024-11-16,wk inc flu hosp,2,2024-11-30,55,quantile,0.25,5.883
2024-11-16,wk inc flu hosp,2,2024-11-30,55,quantile,0.3,15.383
2024-11-16,wk inc flu hosp,2,2024-11-30,55,quantile,0.35,24.228
2024-11-16,wk inc flu hosp,2,2024-11-30,55,quantile,0.4,33.41
2024-11-16,wk inc flu hosp,2,2024-11-30,55,quantile,0.45,41.616
2024-11-16,wk inc flu hosp,2,2024-11-30,55,quantile,0.5,50.734
2024-11-16,wk inc flu hosp,2,2024-11-30,55,quantile,0.55,60.939
2024-11-16,wk inc flu hosp,2,2024-11-30,55,quantile,0.6,74.68
2024-11-16,wk inc flu hosp,2,2024-11-30,55,quantile,0.65,84.754
2024-11-16,wk inc flu hosp,2,2024-11-30,55,quantile,0.7,94.003
2024-11-16,wk inc flu hosp,2,2024-11-30,55,quantile,0.75,110.474
2024-11-16,wk inc flu hosp,2,2024-11-30,55,quantile,0.8,127.223
2024-11-16,wk inc flu hosp,2,2024-11-30,55,quantile,0.85,146.572
2024-11-16,wk inc flu hosp,2,2024-11-30,55,quantile,0.9,160.806
2024-11-16,wk inc flu hosp,2,2024-11-30,55,quantile,0.95,212.318
2024-11-16,wk inc flu hosp,2,2024-11-30,55,quantile,0.975,248.095
2024-11-16,wk inc flu hosp,2,2024-11-30,55,quantile,0.99,308.052
2024-11-16,wk inc flu hosp,3,2024-12-07,55,quantile,0.01,0.0
2024-11-16,wk inc flu hosp,3,2024-12-07,55,quantile,0.025,0.0
2024-11-16,wk inc flu hosp,3,2024-12-07,55,quantile,0.05,0.0
2024-11-16,wk inc flu hosp,3,2024-12-07,55,quantile,0.1,0.0
2024-11-16,wk inc flu hosp,3,2024-12-07,55,quantile,0.15,0.0
2024-11-16,wk inc flu hosp,3,2024-12-07,55,quantile,0.2,3.2
2024-11-16,wk inc flu hosp,3,2024-12-07,55,quantile,0.25,15.318
2024-11-16,wk inc flu hosp,3,2024-12-07,55,quantile,0.3,26.21
2024-11-16,wk inc flu hosp,3,2024-12-07,55,quantile,0.35,36.847
2024-11-16,wk inc flu hosp,3,2024-12-07,55,quantile,0.4,47.395
2024-11-16,wk inc flu hosp,3,2024-12-07,55,quantile,0.45,55.953
2024-11-16,wk inc flu hosp,3,2024-12-07,55,quantile,0.5,68.139
2024-11-16,wk inc flu hosp,3,2024-12-07,55,quantile,0.55,78.113
2024-11-16,wk inc flu hosp,3,2024-12-07,55,quantile,0.6,89.605
2024-11-16,wk inc flu hosp,3,2024-12-07,55,quantile,0.65,101.992
2024-11-16,wk inc flu hosp,3,2024-12-07,55,quantile,0.7,115.716
2024-11-16,wk inc flu hosp,3,2024-12-07,55,quantile,0.75,131.242
2024-11-16,wk inc flu hosp,3,2024-12-07,55,quantile,0.8,148.129
2024-11-16,wk inc flu hosp,3,2024-12-07,55,quantile,0.85,170.989
2024-11-16,wk inc flu hosp,3,2024-12-07,55,quantile,0.9,204.629
2024-11-16,wk inc flu hosp,3,2024-12-07,55,quantile,0.95,242.787
2024-11-16,wk inc flu hosp,3,2024-12-07,55,quantile,0.975,285.332
2024-11-16,wk inc flu hosp,3,2024-12-07,55,quantile,0.99,340.762
2024-11-16,wk inc flu hosp,0,2024-11-16,56,quantile,0.01,0.0
2024-11-16,wk inc flu hosp,0,2024-11-16,56,quantile,0.025,0.0
2024-11-16,wk inc flu hosp,0,2024-11-16,56,quantile,0.05,0.0
2024-11-16,wk inc flu hosp,0,2024-11-16,56,quantile,0.1,0.0
2024-11-16,wk inc flu hosp,0,2024-11-16,56,quantile,0.15,1.132
2024-11-16,wk inc flu hosp,0,2024-11-16,56,quantile,0.2,2.509
2024-11-16,wk inc flu hosp,0,2024-11-16,56,quantile,0.25,3.692
2024-11-16,wk inc flu hosp,0,2024-11-16,56,quantile,0.3,4.667
2024-11-16,wk inc flu hosp,0,2024-11-16,56,quantile,0.35,5.672
2024-11-16,wk inc flu hosp,0,2024-11-16,56,quantile,0.4,6.773
2024-11-16,wk inc flu hosp,0,2024-11-16,56,quantile,0.45,7.738
2024-11-16,wk inc flu hosp,0,2024-11-16,56,quantile,0.5,8.702
2024-11-16,wk inc flu hosp,0,2024-11-16,56,quantile,0.55,9.818
2024-11-16,wk inc flu hosp,0,2024-11-16,56,quantile,0.6,10.721
2024-11-16,wk inc flu hosp,0,2024-11-16,56,quantile,0.65,11.745
2024-11-16,wk inc flu hosp,0,2024-11-16,56,quantile,0.7,12.519
2024-11-16,wk inc flu hosp,0,2024-11-16,56,quantile,0.75,13.88
2024-11-16,wk inc flu hosp,0,2024-11-16,56,quantile,0.8,15.158
2024-11-16,wk inc flu hosp,0,2024-11-16,56,quantile,0.85,16.707
2024-11-16,wk inc flu hosp,0,2024-11-16,56,quantile,0.9,19.015
2024-11-16,wk inc flu hosp,0,2024-11-16,56,quantile,0.95,23.517
2024-11-16,wk inc flu hosp,0,2024-11-16,56,quantile,0.975,29.387
2024-11-16,wk inc flu hosp,0,2024-11-16,56,quantile,0.99,38.855
2024-11-16,wk inc flu hosp,1,2024-11-23,56,quantile,0.01,0.0
2024-11-16,wk inc flu hosp,1,2024-11-23,56,quantile,0.025,0.0
2024-11-16,wk inc flu hosp,1,2024-11-23,56,quantile,0.05,0.0
2024-11-16,wk inc flu hosp,1,2024-11-23,56,quantile,0.1,0.0
2024-11-16,wk inc flu hosp,1,2024-11-23,56,quantile,0.15,0.0
2024-11-16,wk inc flu hosp,1,2024-11-23,56,quantile,0.2,1.299
2024-11-16,wk inc flu hosp,1,2024-11-23,56,quantile,0.25,2.838
2024-11-16,wk inc flu hosp,1,2024-11-23,56,quantile,0.3,4.108
2024-11-16,wk inc flu hosp,1,2024-11-23,56,quantile,0.35,5.368
2024-11-16,wk inc flu hosp,1,2024-11-23,56,quantile,0.4,6.673
2024-11-16,wk inc flu hosp,1,2024-11-23,56,quantile,0.45,8.16
2024-11-16,wk inc flu hosp,1,2024-11-23,56,quantile,0.5,9.465
2024-11-16,wk inc flu hosp,1,2024-11-23,56,quantile,0.55,10.867
2024-11-16,wk inc flu hosp,1,2024-11-23,56,quantile,0.6,12.492
2024-11-16,wk inc flu hosp,1,2024-11-23,56,quantile,0.65,13.996
2024-11-16,wk inc flu hosp,1,2024-11-23,56,quantile,0.7,15.646
2024-11-16,wk inc flu hosp,1,2024-11-23,56,quantile,0.75,17.207
2024-11-16,wk inc flu hosp,1,2024-11-23,56,quantile,0.8,19.044
2024-11-16,wk inc flu hosp,1,2024-11-23,56,quantile,0.85,21.381
2024-11-16,wk inc flu hosp,1,2024-11-23,56,quantile,0.9,24.407
2024-11-16,wk inc flu hosp,1,2024-11-23,56,quantile,0.95,31.875
2024-11-16,wk inc flu hosp,1,2024-11-23,56,quantile,0.975,37.937
2024-11-16,wk inc flu hosp,1,2024-11-23,56,quantile,0.99,46.195
2024-11-16,wk inc flu hosp,2,2024-11-30,56,quantile,0.01,0.0
2024-11-16,wk inc flu hosp,2,2024-11-30,56,quantile,0.025,0.0
2024-11-16,wk inc flu hosp,2,2024-11-30,56,quantile,0.05,0.0
2024-11-16,wk inc flu hosp,2,2024-11-30,56,quantile,0.1,0.0
2024-11-16,wk inc flu hosp,2,2024-11-30,56,quantile,0.15,0.0
2024-11-16,wk inc flu hosp,2,2024-11-30,56,quantile,0.2,1.522
2024-11-16,wk inc flu hosp,2,2024-11-30,56,quantile,0.25,3.163
2024-11-16,wk inc flu hosp,2,2024-11-30,56,quantile,0.3,4.678
2024-11-16,wk inc flu hosp,2,2024-11-30,56,quantile,0.35,6.72
2024-11-16,wk inc flu hosp,2,2024-11-30,56,quantile,0.4,8.297
2024-11-16,wk inc flu hosp,2,2024-11-30,56,quantile,0.45,9.475
2024-11-16,wk inc flu hosp,2,2024-11-30,56,quantile,0.5,10.862
2024-11-16,wk inc flu hosp,2,2024-11-30,56,quantile,0.55,12.261
2024-11-16,wk inc flu hosp,2,2024-11-30,56,quantile,0.6,14.198
2024-11-16,wk inc flu hosp,2,2024-11-30,56,quantile,0.65,15.705
2024-11-16,wk inc flu hosp,2,2024-11-30,56,quantile,0.7,17.646
2024-11-16,wk inc flu hosp,2,2024-11-30,56,quantile,0.75,20.253
2024-11-16,wk inc flu hosp,2,2024-11-30,56,quantile,0.8,22.954
2024-11-16,wk inc flu hosp,2,2024-11-30,56,quantile,0.85,25.679
2024-11-16,wk inc flu hosp,2,2024-11-30,56,quantile,0.9,29.993
2024-11-16,wk inc flu hosp,2,2024-11-30,56,quantile,0.95,38.399
2024-11-16,wk inc flu hosp,2,2024-11-30,56,quantile,0.975,43.949
2024-11-16,wk inc flu hosp,2,2024-11-30,56,quantile,0.99,52.127
2024-11-16,wk inc flu hosp,3,2024-12-07,56,quantile,0.01,0.0
2024-11-16,wk inc flu hosp,3,2024-12-07,56,quantile,0.025,0.0
2024-11-16,wk inc flu hosp,3,2024-12-07,56,quantile,0.05,0.0
2024-11-16,wk inc flu hosp,3,2024-12-07,56,quantile,0.1,0.0
2024-11-16,wk inc flu hosp,3,2024-12-07,56,quantile,0.15,0.0
2024-11-16,wk inc flu hosp,3,2024-12-07,56,quantile,0.2,1.557
2024-11-16,wk inc flu hosp,3,2024-12-07,56,quantile,0.25,3.179
2024-11-16,wk inc flu hosp,3,2024-12-07,56,quantile,0.3,4.638
2024-11-16,wk inc flu hosp,3,2024-12-07,56,quantile,0.35,7.061
2024-11-16,wk inc flu hosp,3,2024-12-07,56,quantile,0.4,8.747
2024-11-16,wk inc flu hosp,3,2024-12-07,56,quantile,0.45,10.922
2024-11-16,wk inc flu hosp,3,2024-12-07,56,quantile,0.5,12.49
2024-11-16,wk inc flu hosp,3,2024-12-07,56,quantile,0.55,14.296
2024-11-16,wk inc flu hosp,3,2024-12-07,56,quantile,0.6,15.985
2024-11-16,wk inc flu hosp,3,2024-12-07,56,quantile,0.65,17.95
2024-11-16,wk inc flu hosp,3,2024-12-07,56,quantile,0.7,20.249
2024-11-16,wk inc flu hosp,3,2024-12-07,56,quantile,0.75,22.545
2024-11-16,wk inc flu hosp,3,2024-12-07,56,quantile,0.8,25.034
2024-11-16,wk inc flu hosp,3,2024-12-07,56,quantile,0.85,29.124
2024-11-16,wk inc flu hosp,3,2024-12-07,56,quantile,0.9,34.529
2024-11-16,wk inc flu hosp,3,2024-12-07,56,quantile,0.95,42.337
2024-11-16,wk inc flu hosp,3,2024-12-07,56,quantile,0.975,50.952
2024-11-16,wk inc flu hosp,3,2024-12-07,56,quantile,0.99,58.319
2024-11-16,wk inc flu hosp,0,2024-11-16,72,quantile,0.01,0.0
2024-11-16,wk inc flu hosp,0,2024-11-16,72,quantile,0.025,0.0
2024-11-16,wk inc flu hosp,0,2024-11-16,72,quantile,0.05,0.0
2024-11-16,wk inc flu hosp,0,2024-11-16,72,quantile,0.1,0.0
2024-11-16,wk inc flu hosp,0,2024-11-16,72,quantile,0.15,0.0
2024-11-16,wk inc flu hosp,0,2024-11-16,72,quantile,0.2,0.0
2024-11-16,wk inc flu hosp,0,2024-11-16,72,quantile,0.25,0.0
2024-11-16,wk inc flu hosp,0,2024-11-16,72,quantile,0.3,0.0
2024-11-16,wk inc flu hosp,0,2024-11-16,72,quantile,0.35,9.531
2024-11-16,wk inc flu hosp,0,2024-11-16,72,quantile,0.4,19.653
2024-11-16,wk inc flu hosp,0,2024-11-16,72,quantile,0.45,28.813
2024-11-16,wk inc flu hosp,0,2024-11-16,72,quantile,0.5,37.779
2024-11-16,wk inc flu hosp,0,2024-11-16,72,quantile,0.55,47.215
2024-11-16,wk inc flu hosp,0,2024-11-16,72,quantile,0.6,56.637
2024-11-16,wk inc flu hosp,0,2024-11-16,72,quantile,0.65,65.69
2024-11-16,wk inc flu hosp,0,2024-11-16,72,quantile,0.7,75.743
2024-11-16,wk inc flu hosp,0,2024-11-16,72,quantile,0.75,86.688
2024-11-16,wk inc flu hosp,0,2024-11-16,72,quantile,0.8,100.886
2024-11-16,wk inc flu hosp,0,2024-11-16,72,quantile,0.85,117.93
2024-11-16,wk inc flu hosp,0,2024-11-16,72,quantile,0.9,135.921
2024-11-16,wk inc flu hosp,0,2024-11-16,72,quantile,0.95,170.862
2024-11-16,wk inc flu hosp,0,2024-11-16,72,quantile,0.975,190.883
2024-11-16,wk inc flu hosp,0,2024-11-16,72,quantile,0.99,218.09
2024-11-16,wk inc flu hosp,1,2024-11-23,72,quantile,0.01,0.0
2024-11-16,wk inc flu hosp,1,2024-11-23,72,quantile,0.025,0.0
2024-11-16,wk inc flu hosp,1,2024-11-23,72,quantile,0.05,0.0
2024-11-16,wk inc flu hosp,1,2024-11-23,72,quantile,0.1,0.0
2024-11-16,wk inc flu hosp,1,2024-11-23,72,quantile,0.15,0.0
2024-11-16,wk inc flu hosp,1,2024-11-23,72,quantile,0.2,0.0
2024-11-16,wk inc flu hosp,1,2024-11-23,72,quantile,0.25,0.0
2024-11-16,wk inc flu hosp,1,2024-11-23,72,quantile,0.3,2.624
2024-11-16,wk inc flu hosp,1,2024-11-23,72,quantile,0.35,16.018
2024-11-16,wk inc flu hosp,1,2024-11-23,72,quantile,0.4,29.765
2024-11-16,wk inc flu hosp,1,2024-11-23,72,quantile,0.45,40.574
2024-11-16,wk inc flu hosp,1,2024-11-23,72,quantile,0.5,51.636
2024-11-16,wk inc flu hosp,1,2024-11-23,72,quantile,0.55,61.642
2024-11-16,wk inc flu hosp,1,2024-11-23,72,quantile,0.6,73.051
2024-11-16,wk inc flu hosp,1,2024-11-23,72,quantile,0.65,86.162
2024-11-16,wk inc flu hosp,1,2024-11-23,72,quantile,0.7,98.424
2024-11-16,wk inc flu hosp,1,2024-11-23,72,quantile,0.75,115.024
2024-11-16,wk inc flu hosp,1,2024-11-23,72,quantile,0.8,131.869
2024-11-16,wk inc flu hosp,1,2024-11-23,72,quantile,0.85,149.473
2024-11-16,wk inc flu hosp,1,2024-11-23,72,quantile,0.9,175.739
2024-11-16,wk inc flu hosp,1,2024-11-23,72,quantile,0.95,227.486
2024-11-16,wk inc flu hosp,1,2024-11-23,72,quantile,0.975,265.927
2024-11-16,wk inc flu hosp,1,2024-11-23,72,quantile,0.99,321.19
2024-11-16,wk inc flu hosp,2,2024-11-30,72,quantile,0.01,0.0
2024-11-16,wk inc flu hosp,2,2024-11-30,72,quantile,0.025,0.0
2024-11-16,wk inc flu hosp,2,2024-11-30,72,quantile,0.05,0.0
2024-11-16,wk inc flu hosp,2,2024-11-30,72,quantile,0.1,0.0
2024-11-16,wk inc flu hosp,2,2024-11-30,72,quantile,0.15,0.0
2024-11-16,wk inc flu hosp,2,2024-11-30,72,quantile,0.2,0.0
2024-11-16,wk inc flu hosp,2,2024-11-30,72,quantile,0.25,1.284
2024-11-16,wk inc flu hosp,2,2024-11-30,72,quantile,0.3,15.729
2024-11-16,wk inc flu hosp,2,2024-11-30,72,quantile,0.35,28.216
2024-11-16,wk inc flu hosp,2,2024-11-30,72,quantile,0.4,40.389
2024-11-16,wk inc flu hosp,2,2024-11-30,72,quantile,0.45,55.484
2024-11-16,wk inc flu hosp,2,2024-11-30,72,quantile,0.5,69.639
2024-11-16,wk inc flu hosp,2,2024-11-30,72,quantile,0.55,82.013
2024-11-16,wk inc flu hosp,2,2024-11-30,72,quantile,0.6,96.362
2024-11-16,wk inc flu hosp,2,2024-11-30,72,quantile,0.65,108.983
2024-11-16,wk inc flu hosp,2,2024-11-30,72,quantile,0.7,127.934
2024-11-16,wk inc flu hosp,2,2024-11-30,72,quantile,0.75,145.028
2024-11-16,wk inc flu hosp,2,2024-11-30,72,quantile,0.8,166.272
2024-11-16,wk inc flu hosp,2,2024-11-30,72,quantile,0.85,192.578
2024-11-16,wk inc flu hosp,2,2024-11-30,72,quantile,0.9,229.566
2024-11-16,wk inc flu hosp,2,2024-11-30,72,quantile,0.95,275.209
2024-11-16,wk inc flu hosp,2,2024-11-30,72,quantile,0.975,325.382
2024-11-16,wk inc flu hosp,2,2024-11-30,72,quantile,0.99,396.022
2024-11-16,wk inc flu hosp,3,2024-12-07,72,quantile,0.01,0.0
2024-11-16,wk inc flu hosp,3,2024-12-07,72,quantile,0.025,0.0
2024-11-16,wk inc flu hosp,3,2024-12-07,72,quantile,0.05,0.0
2024-11-16,wk inc flu hosp,3,2024-12-07,72,quantile,0.1,0.0
2024-11-16,wk inc flu hosp,3,2024-12-07,72,quantile,0.15,0.0
2024-11-16,wk inc flu hosp,3,2024-12-07,72,quantile,0.2,0.0
2024-11-16,wk inc flu hosp,3,2024-12-07,72,quantile,0.25,12.02
2024-11-16,wk inc flu hosp,3,2024-12-07,72,quantile,0.3,25.87
2024-11-16,wk inc flu hosp,3,2024-12-07,72,quantile,0.35,43.073
2024-11-16,wk inc flu hosp,3,2024-12-07,72,quantile,0.4,55.875
2024-11-16,wk inc flu hosp,3,2024-12-07,72,quantile,0.45,72.093
2024-11-16,wk inc flu hosp,3,2024-12-07,72,quantile,0.5,84.348
2024-11-16,wk inc flu hosp,3,2024-12-07,72,quantile,0.55,98.596
2024-11-16,wk inc flu hosp,3,2024-12-07,72,quantile,0.6,110.581
2024-11-16,wk inc flu hosp,3,2024-12-07,72,quantile,0.65,127.118
2024-11-16,wk inc flu hosp,3,2024-12-07,72,quantile,0.7,146.989
2024-11-16,wk inc flu hosp,3,2024-12-07,72,quantile,0.75,164.606
2024-11-16,wk inc flu hosp,3,2024-12-07,72,quantile,0.8,188.098
2024-11-16,wk inc flu hosp,3,2024-12-07,72,quantile,0.85,220.173
2024-11-16,wk inc flu hosp,3,2024-12-07,72,quantile,0.9,261.883
2024-11-16,wk inc flu hosp,3,2024-12-07,72,quantile,0.95,337.113
2024-11-16,wk inc flu hosp,3,2024-12-07,72,quantile,0.975,409.83
2024-11-16,wk inc flu hosp,3,2024-12-07,72,quantile,0.99,456.534
2024-11-16,wk inc flu hosp,0,2024-11-16,US,quantile,0.01,538.26
2024-11-16,wk inc flu hosp,0,2024-11-16,US,quantile,0.025,980.367
2024-11-16,wk inc flu hosp,0,2024-11-16,US,quantile,0.05,1276.422
2024-11-16,wk inc flu hosp,0,2024-11-16,US,quantile,0.1,1682.009
2024-11-16,wk inc flu hosp,0,2024-11-16,US,quantile,0.15,2041.35
2024-11-16,wk inc flu hosp,0,2024-11-16,US,quantile,0.2,2235.026
2024-11-16,wk inc flu hosp,0,2024-11-16,US,quantile,0.25,2424.353
2024-11-16,wk inc flu hosp,0,2024-11-16,US,quantile,0.3,2639.292
2024-11-16,wk inc flu hosp,0,2024-11-16,US,quantile,0.35,2869.221
2024-11-16,wk inc flu hosp,0,2024-11-16,US,quantile,0.4,3061.205
2024-11-16,wk inc flu hosp,0,2024-11-16,US,quantile,0.45,3205.271
2024-11-16,wk inc flu hosp,0,2024-11-16,US,quantile,0.5,3337.14
2024-11-16,wk inc flu hosp,0,2024-11-16,US,quantile,0.55,3510.148
2024-11-16,wk inc flu hosp,0,2024-11-16,US,quantile,0.6,3671.078
2024-11-16,wk inc flu hosp,0,2024-11-16,US,quantile,0.65,3814.924
2024-11-16,wk inc flu hosp,0,2024-11-16,US,quantile,0.7,3942.215
2024-11-16,wk inc flu hosp,0,2024-11-16,US,quantile,0.75,4199.172
2024-11-16,wk inc flu hosp,0,2024-11-16,US,quantile,0.8,4440.416
2024-11-16,wk inc flu hosp,0,2024-11-16,US,quantile,0.85,4811.005
2024-11-16,wk inc flu hosp,0,2024-11-16,US,quantile,0.9,5351.71
2024-11-16,wk inc flu hosp,0,2024-11-16,US,quantile,0.95,6106.361
2024-11-16,wk inc flu hosp,0,2024-11-16,US,quantile,0.975,8395.307
2024-11-16,wk inc flu hosp,0,2024-11-16,US,quantile,0.99,10158.867
2024-11-16,wk inc flu hosp,1,2024-11-23,US,quantile,0.01,0.0
2024-11-16,wk inc flu hosp,1,2024-11-23,US,quantile,0.025,632.587
2024-11-16,wk inc flu hosp,1,2024-11-23,US,quantile,0.05,1238.051
2024-11-16,wk inc flu hosp,1,2024-11-23,US,quantile,0.1,1860.878
2024-11-16,wk inc flu hosp,1,2024-11-23,US,quantile,0.15,2268.029
2024-11-16,wk inc flu hosp,1,2024-11-23,US,quantile,0.2,2650.025
2024-11-16,wk inc flu hosp,1,2024-11-23,US,quantile,0.25,2995.589
2024-11-16,wk inc flu hosp,1,2024-11-23,US,quantile,0.3,3294.654
2024-11-16,wk inc flu hosp,1,2024-11-23,US,quantile,0.35,3553.478
2024-11-16,wk inc flu hosp,1,2024-11-23,US,quantile,0.4,3831.013
2024-11-16,wk inc flu hosp,1,2024-11-23,US,quantile,0.45,4056.433
2024-11-16,wk inc flu hosp,1,2024-11-23,US,quantile,0.5,4265.787
2024-11-16,wk inc flu hosp,1,2024-11-23,US,quantile,0.55,4519.71
2024-11-16,wk inc flu hosp,1,2024-11-23,US,quantile,0.6,4756.056
2024-11-16,wk inc flu hosp,1,2024-11-23,US,quantile,0.65,5051.855
2024-11-16,wk inc flu hosp,1,2024-11-23,US,quantile,0.7,5384.61
2024-11-16,wk inc flu hosp,1,2024-11-23,US,quantile,0.75,5630.156
2024-11-16,wk inc flu hosp,1,2024-11-23,US,quantile,0.8,5913.718
2024-11-16,wk inc flu hosp,1,2024-11-23,US,quantile,0.85,6424.146
2024-11-16,wk inc flu hosp,1,2024-11-23,US,quantile,0.9,7274.554
2024-11-16,wk inc flu hosp,1,2024-11-23,US,quantile,0.95,9078.533
2024-11-16,wk inc flu hosp,1,2024-11-23,US,quantile,0.975,11051.502
2024-11-16,wk inc flu hosp,1,2024-11-23,US,quantile,0.99,12256.794
2024-11-16,wk inc flu hosp,2,2024-11-30,US,quantile,0.01,0.0
2024-11-16,wk inc flu hosp,2,2024-11-30,US,quantile,0.025,604.191
2024-11-16,wk inc flu hosp,2,2024-11-30,US,quantile,0.05,1315.503
2024-11-16,wk inc flu hosp,2,2024-11-30,US,quantile,0.1,2159.629
2024-11-16,wk inc flu hosp,2,2024-11-30,US,quantile,0.15,2704.754
2024-11-16,wk inc flu hosp,2,2024-11-30,US,quantile,0.2,3080.059
2024-11-16,wk inc flu hosp,2,2024-11-30,US,quantile,0.25,3596.653
2024-11-16,wk inc flu hosp,2,2024-11-30,US,quantile,0.3,3932.599
2024-11-16,wk inc flu hosp,2,2024-11-30,US,quantile,0.35,4253.454
2024-11-16,wk inc flu hosp,2,2024-11-30,US,quantile,0.4,4617.981
2024-11-16,wk inc flu hosp,2,2024-11-30,US,quantile,0.45,4866.022
2024-11-16,wk inc flu hosp,2,2024-11-30,US,quantile,0.5,5159.36
2024-11-16,wk inc flu hosp,2,2024-11-30,US,quantile,0.55,5461.195
2024-11-16,wk inc flu hosp,2,2024-11-30,US,quantile,0.6,5718.483
2024-11-16,wk inc flu hosp,2,2024-11-30,US,quantile,0.65,6069.024
2024-11-16,wk inc flu hosp,2,2024-11-30,US,quantile,0.7,6486.797
2024-11-16,wk inc flu hosp,2,2024-11-30,US,quantile,0.75,6906.985
2024-11-16,wk inc flu hosp,2,2024-11-30,US,quantile,0.8,7425.342
2024-11-16,wk inc flu hosp,2,2024-11-30,US,quantile,0.85,8072.13
2024-11-16,wk inc flu hosp,2,2024-11-30,US,quantile,0.9,9034.088
2024-11-16,wk inc flu hosp,2,2024-11-30,US,quantile,0.95,11220.192
2024-11-16,wk inc flu hosp,2,2024-11-30,US,quantile,0.975,12646.621
2024-11-16,wk inc flu hosp,2,2024-11-30,US,quantile,0.99,14523.345
2024-11-16,wk inc flu hosp,3,2024-12-07,US,quantile,0.01,37.136
2024-11-16,wk inc flu hosp,3,2024-12-07,US,quantile,0.025,917.879
2024-11-16,wk inc flu hosp,3,2024-12-07,US,quantile,0.05,1479.394
2024-11-16,wk inc flu hosp,3,2024-12-07,US,quantile,0.1,2376.153
2024-11-16,wk inc flu hosp,3,2024-12-07,US,quantile,0.15,3119.83
2024-11-16,wk inc flu hosp,3,2024-12-07,US,quantile,0.2,3776.013
2024-11-16,wk inc flu hosp,3,2024-12-07,US,quantile,0.25,4092.353
2024-11-16,wk inc flu hosp,3,2024-12-07,US,quantile,0.3,4568.342
2024-11-16,wk inc flu hosp,3,2024-12-07,US,quantile,0.35,4940.132
2024-11-16,wk inc flu hosp,3,2024-12-07,US,quantile,0.4,5388.279
2024-11-16,wk inc flu hosp,3,2024-12-07,US,quantile,0.45,5709.099
2024-11-16,wk inc flu hosp,3,2024-12-07,US,quantile,0.5,6013.182
2024-11-16,wk inc flu hosp,3,2024-12-07,US,quantile,0.55,6451.388
2024-11-16,wk inc flu hosp,3,2024-12-07,US,quantile,0.6,6857.508
2024-11-16,wk inc flu hosp,3,2024-12-07,US,quantile,0.65,7219.982
2024-11-16,wk inc flu hosp,3,2024-12-07,US,quantile,0.7,7643.424
2024-11-16,wk inc flu hosp,3,2024-12-07,US,quantile,0.75,8091.301
2024-11-16,wk inc flu hosp,3,2024-12-07,US,quantile,0.8,8736.319
2024-11-16,wk inc flu hosp,3,2024-12-07,US,quantile,0.85,9398.24
2024-11-16,wk inc flu hosp,3,2024-12-07,US,quantile,0.9,10582.095
2024-11-16,wk inc flu hosp,3,2024-12-07,US,quantile,0.95,12669.273
2024-11-16,wk inc flu hosp,3,2024-12-07,US,quantile,0.975,14130.88
2024-11-16,wk inc flu hosp,3,2024-12-07,US,quantile,0.99,15410.265
2024-11-16,wk flu hosp rate change,0,2024-11-16,01,pmf,stable,0.2580000000000001
2024-11-16,wk flu hosp rate change,0,2024-11-16,01,pmf,increase,0.44
2024-11-16,wk flu hosp rate change,0,2024-11-16,01,pmf,large_increase,0.063
2024-11-16,wk flu hosp rate change,0,2024-11-16,01,pmf,decrease,0.238
2024-11-16,wk flu hosp rate change,0,2024-11-16,01,pmf,large_decrease,0.001
2024-11-16,wk flu hosp rate change,1,2024-11-23,01,pmf,stable,0.2860000000000001
2024-11-16,wk flu hosp rate change,1,2024-11-23,01,pmf,increase,0.512
2024-11-16,wk flu hosp rate change,1,2024-11-23,01,pmf,large_increase,0.04
2024-11-16,wk flu hosp rate change,1,2024-11-23,01,pmf,decrease,0.161
2024-11-16,wk flu hosp rate change,1,2024-11-23,01,pmf,large_decrease,0.001
2024-11-16,wk flu hosp rate change,2,2024-11-30,01,pmf,stable,0.40300000000000025
2024-11-16,wk flu hosp rate change,2,2024-11-30,01,pmf,increase,0.555
2024-11-16,wk flu hosp rate change,2,2024-11-30,01,pmf,large_increase,0.04
2024-11-16,wk flu hosp rate change,2,2024-11-30,01,pmf,decrease,0.001
2024-11-16,wk flu hosp rate change,2,2024-11-30,01,pmf,large_decrease,0.001
2024-11-16,wk flu hosp rate change,3,2024-12-07,01,pmf,stable,0.39200000000000024
2024-11-16,wk flu hosp rate change,3,2024-12-07,01,pmf,increase,0.569
2024-11-16,wk flu hosp rate change,3,2024-12-07,01,pmf,large_increase,0.037
2024-11-16,wk flu hosp rate change,3,2024-12-07,01,pmf,decrease,0.001
2024-11-16,wk flu hosp rate change,3,2024-12-07,01,pmf,large_decrease,0.001
2024-11-16,wk flu hosp rate change,0,2024-11-16,02,pmf,stable,0.16900000000000037
2024-11-16,wk flu hosp rate change,0,2024-11-16,02,pmf,increase,0.349
2024-11-16,wk flu hosp rate change,0,2024-11-16,02,pmf,large_increase,0.118
2024-11-16,wk flu hosp rate change,0,2024-11-16,02,pmf,decrease,0.363
2024-11-16,wk flu hosp rate change,0,2024-11-16,02,pmf,large_decrease,0.001
2024-11-16,wk flu hosp rate change,1,2024-11-23,02,pmf,stable,0.251
2024-11-16,wk flu hosp rate change,1,2024-11-23,02,pmf,increase,0.368
2024-11-16,wk flu hosp rate change,1,2024-11-23,02,pmf,large_increase,0.103
2024-11-16,wk flu hosp rate change,1,2024-11-23,02,pmf,decrease,0.277
2024-11-16,wk flu hosp rate change,1,2024-11-23,02,pmf,large_decrease,0.001
2024-11-16,wk flu hosp rate change,2,2024-11-30,02,pmf,stable,0.4830000000000001
2024-11-16,wk flu hosp rate change,2,2024-11-30,02,pmf,increase,0.435
2024-11-16,wk flu hosp rate change,2,2024-11-30,02,pmf,large_increase,0.08
2024-11-16,wk flu hosp rate change,2,2024-11-30,02,pmf,decrease,0.001
2024-11-16,wk flu hosp rate change,2,2024-11-30,02,pmf,large_decrease,0.001
2024-11-16,wk flu hosp rate change,3,2024-12-07,02,pmf,stable,0.4810000000000002
2024-11-16,wk flu hosp rate change,3,2024-12-07,02,pmf,increase,0.451
2024-11-16,wk flu hosp rate change,3,2024-12-07,02,pmf,large_increase,0.066
2024-11-16,wk flu hosp rate change,3,2024-12-07,02,pmf,decrease,0.001
2024-11-16,wk flu hosp rate change,3,2024-12-07,02,pmf,large_decrease,0.001
2024-11-16,wk flu hosp rate change,0,2024-11-16,04,pmf,stable,0.13500000000000012
2024-11-16,wk flu hosp rate change,0,2024-11-16,04,pmf,increase,0.289
2024-11-16,wk flu hosp rate change,0,2024-11-16,04,pmf,large_increase,0.256
2024-11-16,wk flu hosp rate change,0,2024-11-16,04,pmf,decrease,0.218
2024-11-16,wk flu hosp rate change,0,2024-11-16,04,pmf,large_decrease,0.102
2024-11-16,wk flu hosp rate change,1,2024-11-23,04,pmf,stable,0.137
2024-11-16,wk flu hosp rate change,1,2024-11-23,04,pmf,increase,0.376
2024-11-16,wk flu hosp rate change,1,2024-11-23,04,pmf,large_increase,0.224
2024-11-16,wk flu hosp rate change,1,2024-11-23,04,pmf,decrease,0.214
2024-11-16,wk flu hosp rate change,1,2024-11-23,04,pmf,large_decrease,0.049
2024-11-16,wk flu hosp rate change,2,2024-11-30,04,pmf,stable,0.1410000000000001
2024-11-16,wk flu hosp rate change,2,2024-11-30,04,pmf,increase,0.411
2024-11-16,wk flu hosp rate change,2,2024-11-30,04,pmf,large_increase,0.219
2024-11-16,wk flu hosp rate change,2,2024-11-30,04,pmf,decrease,0.228
2024-11-16,wk flu hosp rate change,2,2024-11-30,04,pmf,large_decrease,0.001
2024-11-16,wk flu hosp rate change,3,2024-12-07,04,pmf,stable,0.1840000000000001
2024-11-16,wk flu hosp rate change,3,2024-12-07,04,pmf,increase,0.425
2024-11-16,wk flu hosp rate change,3,2024-12-07,04,pmf,large_increase,0.209
2024-11-16,wk flu hosp rate change,3,2024-12-07,04,pmf,decrease,0.181
2024-11-16,wk flu hosp rate change,3,2024-12-07,04,pmf,large_decrease,0.001
2024-11-16,wk flu hosp rate change,0,2024-11-16,05,pmf,stable,0.1660000000000002
2024-11-16,wk flu hosp rate change,0,2024-11-16,05,pmf,increase,0.381
2024-11-16,wk flu hosp rate change,0,2024-11-16,05,pmf,large_increase,0.162
2024-11-16,wk flu hosp rate change,0,2024-11-16,05,pmf,decrease,0.29
2024-11-16,wk flu hosp rate change,0,2024-11-16,05,pmf,large_decrease,0.001
2024-11-16,wk flu hosp rate change,1,2024-11-23,05,pmf,stable,0.3720000000000002
2024-11-16,wk flu hosp rate change,1,2024-11-23,05,pmf,increase,0.492
2024-11-16,wk flu hosp rate change,1,2024-11-23,05,pmf,large_increase,0.134
2024-11-16,wk flu hosp rate change,1,2024-11-23,05,pmf,decrease,0.001
2024-11-16,wk flu hosp rate change,1,2024-11-23,05,pmf,large_decrease,0.001
2024-11-16,wk flu hosp rate change,2,2024-11-30,05,pmf,stable,0.3460000000000002
2024-11-16,wk flu hosp rate change,2,2024-11-30,05,pmf,increase,0.508
2024-11-16,wk flu hosp rate change,2,2024-11-30,05,pmf,large_increase,0.144
2024-11-16,wk flu hosp rate change,2,2024-11-30,05,pmf,decrease,0.001
2024-11-16,wk flu hosp rate change,2,2024-11-30,05,pmf,large_decrease,0.001
2024-11-16,wk flu hosp rate change,3,2024-12-07,05,pmf,stable,0.32600000000000023
2024-11-16,wk flu hosp rate change,3,2024-12-07,05,pmf,increase,0.517
2024-11-16,wk flu hosp rate change,3,2024-12-07,05,pmf,large_increase,0.155
2024-11-16,wk flu hosp rate change,3,2024-12-07,05,pmf,decrease,0.001
2024-11-16,wk flu hosp rate change,3,2024-12-07,05,pmf,large_decrease,0.001
2024-11-16,wk flu hosp rate change,0,2024-11-16,06,pmf,stable,0.3850000000000001
2024-11-16,wk flu hosp rate change,0,2024-11-16,06,pmf,increase,0.382
2024-11-16,wk flu hosp rate change,0,2024-11-16,06,pmf,large_increase,0.042
2024-11-16,wk flu hosp rate change,0,2024-11-16,06,pmf,decrease,0.19
2024-11-16,wk flu hosp rate change,0,2024-11-16,06,pmf,large_decrease,0.001
2024-11-16,wk flu hosp rate change,1,2024-11-23,06,pmf,stable,0.5480000000000003
2024-11-16,wk flu hosp rate change,1,2024-11-23,06,pmf,increase,0.417
2024-11-16,wk flu hosp rate change,1,2024-11-23,06,pmf,large_increase,0.033
2024-11-16,wk flu hosp rate change,1,2024-11-23,06,pmf,decrease,0.001
2024-11-16,wk flu hosp rate change,1,2024-11-23,06,pmf,large_decrease,0.001
2024-11-16,wk flu hosp rate change,2,2024-11-30,06,pmf,stable,0.4960000000000002
2024-11-16,wk flu hosp rate change,2,2024-11-30,06,pmf,increase,0.476
2024-11-16,wk flu hosp rate change,2,2024-11-30,06,pmf,large_increase,0.026
2024-11-16,wk flu hosp rate change,2,2024-11-30,06,pmf,decrease,0.001
2024-11-16,wk flu hosp rate change,2,2024-11-30,06,pmf,large_decrease,0.001
2024-11-16,wk flu hosp rate change,3,2024-12-07,06,pmf,stable,0.5080000000000002
2024-11-16,wk flu hosp rate change,3,2024-12-07,06,pmf,increase,0.474
2024-11-16,wk flu hosp rate change,3,2024-12-07,06,pmf,large_increase,0.016
2024-11-16,wk flu hosp rate change,3,2024-12-07,06,pmf,decrease,0.001
2024-11-16,wk flu hosp rate change,3,2024-12-07,06,pmf,large_decrease,0.001
2024-11-16,wk flu hosp rate change,0,2024-11-16,08,pmf,stable,0.5810000000000002
2024-11-16,wk flu hosp rate change,0,2024-11-16,08,pmf,increase,0.268
2024-11-16,wk flu hosp rate change,0,2024-11-16,08,pmf,large_increase,0.001
2024-11-16,wk flu hosp rate change,0,2024-11-16,08,pmf,decrease,0.149
2024-11-16,wk flu hosp rate change,0,2024-11-16,08,pmf,large_decrease,0.001
2024-11-16,wk flu hosp rate change,1,2024-11-23,08,pmf,stable,0.7160000000000003
2024-11-16,wk flu hosp rate change,1,2024-11-23,08,pmf,increase,0.281
2024-11-16,wk flu hosp rate change,1,2024-11-23,08,pmf,large_increase,0.001
2024-11-16,wk flu hosp rate change,1,2024-11-23,08,pmf,decrease,0.001
2024-11-16,wk flu hosp rate change,1,2024-11-23,08,pmf,large_decrease,0.001
2024-11-16,wk flu hosp rate change,2,2024-11-30,08,pmf,stable,0.7200000000000003
2024-11-16,wk flu hosp rate change,2,2024-11-30,08,pmf,increase,0.277
2024-11-16,wk flu hosp rate change,2,2024-11-30,08,pmf,large_increase,0.001
2024-11-16,wk flu hosp rate change,2,2024-11-30,08,pmf,decrease,0.001
2024-11-16,wk flu hosp rate change,2,2024-11-30,08,pmf,large_decrease,0.001
2024-11-16,wk flu hosp rate change,3,2024-12-07,08,pmf,stable,0.7610000000000003
2024-11-16,wk flu hosp rate change,3,2024-12-07,08,pmf,increase,0.236
2024-11-16,wk flu hosp rate change,3,2024-12-07,08,pmf,large_increase,0.001
2024-11-16,wk flu hosp rate change,3,2024-12-07,08,pmf,decrease,0.001
2024-11-16,wk flu hosp rate change,3,2024-12-07,08,pmf,large_decrease,0.001
2024-11-16,wk flu hosp rate change,0,2024-11-16,09,pmf,stable,0.5750000000000002
2024-11-16,wk flu hosp rate change,0,2024-11-16,09,pmf,increase,0.385
2024-11-16,wk flu hosp rate change,0,2024-11-16,09,pmf,large_increase,0.038
2024-11-16,wk flu hosp rate change,0,2024-11-16,09,pmf,decrease,0.001
2024-11-16,wk flu hosp rate change,0,2024-11-16,09,pmf,large_decrease,0.001
2024-11-16,wk flu hosp rate change,1,2024-11-23,09,pmf,stable,0.5280000000000002
2024-11-16,wk flu hosp rate change,1,2024-11-23,09,pmf,increase,0.452
2024-11-16,wk flu hosp rate change,1,2024-11-23,09,pmf,large_increase,0.018
2024-11-16,wk flu hosp rate change,1,2024-11-23,09,pmf,decrease,0.001
2024-11-16,wk flu hosp rate change,1,2024-11-23,09,pmf,large_decrease,0.001
2024-11-16,wk flu hosp rate change,2,2024-11-30,09,pmf,stable,0.4760000000000002
2024-11-16,wk flu hosp rate change,2,2024-11-30,09,pmf,increase,0.509
2024-11-16,wk flu hosp rate change,2,2024-11-30,09,pmf,large_increase,0.013
2024-11-16,wk flu hosp rate change,2,2024-11-30,09,pmf,decrease,0.001
2024-11-16,wk flu hosp rate change,2,2024-11-30,09,pmf,large_decrease,0.001
2024-11-16,wk flu hosp rate change,3,2024-12-07,09,pmf,stable,0.5050000000000002
2024-11-16,wk flu hosp rate change,3,2024-12-07,09,pmf,increase,0.486
2024-11-16,wk flu hosp rate change,3,2024-12-07,09,pmf,large_increase,0.007
2024-11-16,wk flu hosp rate change,3,2024-12-07,09,pmf,decrease,0.001
2024-11-16,wk flu hosp rate change,3,2024-12-07,09,pmf,large_decrease,0.001
2024-11-16,wk flu hosp rate change,0,2024-11-16,10,pmf,stable,0.19899999999999984
2024-11-16,wk flu hosp rate change,0,2024-11-16,10,pmf,increase,0.334
2024-11-16,wk flu hosp rate change,0,2024-11-16,10,pmf,large_increase,0.07
2024-11-16,wk flu hosp rate change,0,2024-11-16,10,pmf,decrease,0.396
2024-11-16,wk flu hosp rate change,0,2024-11-16,10,pmf,large_decrease,0.001
2024-11-16,wk flu hosp rate change,1,2024-11-23,10,pmf,stable,0.5510000000000002
2024-11-16,wk flu hosp rate change,1,2024-11-23,10,pmf,increase,0.385
2024-11-16,wk flu hosp rate change,1,2024-11-23,10,pmf,large_increase,0.062
2024-11-16,wk flu hosp rate change,1,2024-11-23,10,pmf,decrease,0.001
2024-11-16,wk flu hosp rate change,1,2024-11-23,10,pmf,large_decrease,0.001
2024-11-16,wk flu hosp rate change,2,2024-11-30,10,pmf,stable,0.5110000000000002
2024-11-16,wk flu hosp rate change,2,2024-11-30,10,pmf,increase,0.437
2024-11-16,wk flu hosp rate change,2,2024-11-30,10,pmf,large_increase,0.05
2024-11-16,wk flu hosp rate change,2,2024-11-30,10,pmf,decrease,0.001
2024-11-16,wk flu hosp rate change,2,2024-11-30,10,pmf,large_decrease,0.001
2024-11-16,wk flu hosp rate change,3,2024-12-07,10,pmf,stable,0.5280000000000002
2024-11-16,wk flu hosp rate change,3,2024-12-07,10,pmf,increase,0.418
2024-11-16,wk flu hosp rate change,3,2024-12-07,10,pmf,large_increase,0.052
2024-11-16,wk flu hosp rate change,3,2024-12-07,10,pmf,decrease,0.001
2024-11-16,wk flu hosp rate change,3,2024-12-07,10,pmf,large_decrease,0.001
2024-11-16,wk flu hosp rate change,0,2024-11-16,11,pmf,stable,0.15600000000000003
2024-11-16,wk flu hosp rate change,0,2024-11-16,11,pmf,increase,0.345
2024-11-16,wk flu hosp rate change,0,2024-11-16,11,pmf,large_increase,0.224
2024-11-16,wk flu hosp rate change,0,2024-11-16,11,pmf,decrease,0.274
2024-11-16,wk flu hosp rate change,0,2024-11-16,11,pmf,large_decrease,0.001
2024-11-16,wk flu hosp rate change,1,2024-11-23,11,pmf,stable,0.3240000000000003
2024-11-16,wk flu hosp rate change,1,2024-11-23,11,pmf,increase,0.464
2024-11-16,wk flu hosp rate change,1,2024-11-23,11,pmf,large_increase,0.21
2024-11-16,wk flu hosp rate change,1,2024-11-23,11,pmf,decrease,0.001
2024-11-16,wk flu hosp rate change,1,2024-11-23,11,pmf,large_decrease,0.001
2024-11-16,wk flu hosp rate change,2,2024-11-30,11,pmf,stable,0.2870000000000001
2024-11-16,wk flu hosp rate change,2,2024-11-30,11,pmf,increase,0.51
2024-11-16,wk flu hosp rate change,2,2024-11-30,11,pmf,large_increase,0.201
2024-11-16,wk flu hosp rate change,2,2024-11-30,11,pmf,decrease,0.001
2024-11-16,wk flu hosp rate change,2,2024-11-30,11,pmf,large_decrease,0.001
2024-11-16,wk flu hosp rate change,3,2024-12-07,11,pmf,stable,0.28700000000000025
2024-11-16,wk flu hosp rate change,3,2024-12-07,11,pmf,increase,0.511
2024-11-16,wk flu hosp rate change,3,2024-12-07,11,pmf,large_increase,0.2
2024-11-16,wk flu hosp rate change,3,2024-12-07,11,pmf,decrease,0.001
2024-11-16,wk flu hosp rate change,3,2024-12-07,11,pmf,large_decrease,0.001
2024-11-16,wk flu hosp rate change,0,2024-11-16,12,pmf,stable,0.645
2024-11-16,wk flu hosp rate change,0,2024-11-16,12,pmf,increase,0.245
2024-11-16,wk flu hosp rate change,0,2024-11-16,12,pmf,large_increase,0.001
2024-11-16,wk flu hosp rate change,0,2024-11-16,12,pmf,decrease,0.108
2024-11-16,wk flu hosp rate change,0,2024-11-16,12,pmf,large_decrease,0.001
2024-11-16,wk flu hosp rate change,1,2024-11-23,12,pmf,stable,0.663
2024-11-16,wk flu hosp rate change,1,2024-11-23,12,pmf,increase,0.253
2024-11-16,wk flu hosp rate change,1,2024-11-23,12,pmf,large_increase,0.001
2024-11-16,wk flu hosp rate change,1,2024-11-23,12,pmf,decrease,0.082
2024-11-16,wk flu hosp rate change,1,2024-11-23,12,pmf,large_decrease,0.001
2024-11-16,wk flu hosp rate change,2,2024-11-30,12,pmf,stable,0.7020000000000002
2024-11-16,wk flu hosp rate change,2,2024-11-30,12,pmf,increase,0.256
2024-11-16,wk flu hosp rate change,2,2024-11-30,12,pmf,large_increase,0.001
2024-11-16,wk flu hosp rate change,2,2024-11-30,12,pmf,decrease,0.04
2024-11-16,wk flu hosp rate change,2,2024-11-30,12,pmf,large_decrease,0.001
2024-11-16,wk flu hosp rate change,3,2024-12-07,12,pmf,stable,0.7720000000000002
2024-11-16,wk flu hosp rate change,3,2024-12-07,12,pmf,increase,0.207
2024-11-16,wk flu hosp rate change,3,2024-12-07,12,pmf,large_increase,0.001
2024-11-16,wk flu hosp rate change,3,2024-12-07,12,pmf,decrease,0.019
2024-11-16,wk flu hosp rate change,3,2024-12-07,12,pmf,large_decrease,0.001
2024-11-16,wk flu hosp rate change,0,2024-11-16,13,pmf,stable,0.4340000000000001
2024-11-16,wk flu hosp rate change,0,2024-11-16,13,pmf,increase,0.501
2024-11-16,wk flu hosp rate change,0,2024-11-16,13,pmf,large_increase,0.001
2024-11-16,wk flu hosp rate change,0,2024-11-16,13,pmf,decrease,0.063
2024-11-16,wk flu hosp rate change,0,2024-11-16,13,pmf,large_decrease,0.001
2024-11-16,wk flu hosp rate change,1,2024-11-23,13,pmf,stable,0.4170000000000003
2024-11-16,wk flu hosp rate change,1,2024-11-23,13,pmf,increase,0.58
2024-11-16,wk flu hosp rate change,1,2024-11-23,13,pmf,large_increase,0.001
2024-11-16,wk flu hosp rate change,1,2024-11-23,13,pmf,decrease,0.001
2024-11-16,wk flu hosp rate change,1,2024-11-23,13,pmf,large_decrease,0.001
2024-11-16,wk flu hosp rate change,2,2024-11-30,13,pmf,stable,0.38600000000000034
2024-11-16,wk flu hosp rate change,2,2024-11-30,13,pmf,increase,0.611
2024-11-16,wk flu hosp rate change,2,2024-11-30,13,pmf,large_increase,0.001
2024-11-16,wk flu hosp rate change,2,2024-11-30,13,pmf,decrease,0.001
2024-11-16,wk flu hosp rate change,2,2024-11-30,13,pmf,large_decrease,0.001
2024-11-16,wk flu hosp rate change,3,2024-12-07,13,pmf,stable,0.39900000000000035
2024-11-16,wk flu hosp rate change,3,2024-12-07,13,pmf,increase,0.598
2024-11-16,wk flu hosp rate change,3,2024-12-07,13,pmf,large_increase,0.001
2024-11-16,wk flu hosp rate change,3,2024-12-07,13,pmf,decrease,0.001
2024-11-16,wk flu hosp rate change,3,2024-12-07,13,pmf,large_decrease,0.001
2024-11-16,wk flu hosp rate change,0,2024-11-16,15,pmf,stable,0.44000000000000017
2024-11-16,wk flu hosp rate change,0,2024-11-16,15,pmf,increase,0.329
2024-11-16,wk flu hosp rate change,0,2024-11-16,15,pmf,large_increase,0.001
2024-11-16,wk flu hosp rate change,0,2024-11-16,15,pmf,decrease,0.229
2024-11-16,wk flu hosp rate change,0,2024-11-16,15,pmf,large_decrease,0.001
2024-11-16,wk flu hosp rate change,1,2024-11-23,15,pmf,stable,0.6780000000000004
2024-11-16,wk flu hosp rate change,1,2024-11-23,15,pmf,increase,0.319
2024-11-16,wk flu hosp rate change,1,2024-11-23,15,pmf,large_increase,0.001
2024-11-16,wk flu hosp rate change,1,2024-11-23,15,pmf,decrease,0.001
2024-11-16,wk flu hosp rate change,1,2024-11-23,15,pmf,large_decrease,0.001
2024-11-16,wk flu hosp rate change,2,2024-11-30,15,pmf,stable,0.6850000000000003
2024-11-16,wk flu hosp rate change,2,2024-11-30,15,pmf,increase,0.312
2024-11-16,wk flu hosp rate change,2,2024-11-30,15,pmf,large_increase,0.001
2024-11-16,wk flu hosp rate change,2,2024-11-30,15,pmf,decrease,0.001
2024-11-16,wk flu hosp rate change,2,2024-11-30,15,pmf,large_decrease,0.001
2024-11-16,wk flu hosp rate change,3,2024-12-07,15,pmf,stable,0.7360000000000002
2024-11-16,wk flu hosp rate change,3,2024-12-07,15,pmf,increase,0.261
2024-11-16,wk flu hosp rate change,3,2024-12-07,15,pmf,large_increase,0.001
2024-11-16,wk flu hosp rate change,3,2024-12-07,15,pmf,decrease,0.001
2024-11-16,wk flu hosp rate change,3,2024-12-07,15,pmf,large_decrease,0.001
2024-11-16,wk flu hosp rate change,0,2024-11-16,16,pmf,stable,0.128
2024-11-16,wk flu hosp rate change,0,2024-11-16,16,pmf,increase,0.351
2024-11-16,wk flu hosp rate change,0,2024-11-16,16,pmf,large_increase,0.19
2024-11-16,wk flu hosp rate change,0,2024-11-16,16,pmf,decrease,0.33
2024-11-16,wk flu hosp rate change,0,2024-11-16,16,pmf,large_decrease,0.001
2024-11-16,wk flu hosp rate change,1,2024-11-23,16,pmf,stable,0.4210000000000002
2024-11-16,wk flu hosp rate change,1,2024-11-23,16,pmf,increase,0.423
2024-11-16,wk flu hosp rate change,1,2024-11-23,16,pmf,large_increase,0.154
2024-11-16,wk flu hosp rate change,1,2024-11-23,16,pmf,decrease,0.001
2024-11-16,wk flu hosp rate change,1,2024-11-23,16,pmf,large_decrease,0.001
2024-11-16,wk flu hosp rate change,2,2024-11-30,16,pmf,stable,0.3530000000000002
2024-11-16,wk flu hosp rate change,2,2024-11-30,16,pmf,increase,0.502
2024-11-16,wk flu hosp rate change,2,2024-11-30,16,pmf,large_increase,0.143
2024-11-16,wk flu hosp rate change,2,2024-11-30,16,pmf,decrease,0.001
2024-11-16,wk flu hosp rate change,2,2024-11-30,16,pmf,large_decrease,0.001
2024-11-16,wk flu hosp rate change,3,2024-12-07,16,pmf,stable,0.3520000000000002
2024-11-16,wk flu hosp rate change,3,2024-12-07,16,pmf,increase,0.504
2024-11-16,wk flu hosp rate change,3,2024-12-07,16,pmf,large_increase,0.142
2024-11-16,wk flu hosp rate change,3,2024-12-07,16,pmf,decrease,0.001
2024-11-16,wk flu hosp rate change,3,2024-12-07,16,pmf,large_decrease,0.001
2024-11-16,wk flu hosp rate change,0,2024-11-16,17,pmf,stable,0.5100000000000002
2024-11-16,wk flu hosp rate change,0,2024-11-16,17,pmf,increase,0.46
2024-11-16,wk flu hosp rate change,0,2024-11-16,17,pmf,large_increase,0.028
2024-11-16,wk flu hosp rate change,0,2024-11-16,17,pmf,decrease,0.001
2024-11-16,wk flu hosp rate change,0,2024-11-16,17,pmf,large_decrease,0.001
2024-11-16,wk flu hosp rate change,1,2024-11-23,17,pmf,stable,0.45400000000000024
2024-11-16,wk flu hosp rate change,1,2024-11-23,17,pmf,increase,0.506
2024-11-16,wk flu hosp rate change,1,2024-11-23,17,pmf,large_increase,0.038
2024-11-16,wk flu hosp rate change,1,2024-11-23,17,pmf,decrease,0.001
2024-11-16,wk flu hosp rate change,1,2024-11-23,17,pmf,large_decrease,0.001
2024-11-16,wk flu hosp rate change,2,2024-11-30,17,pmf,stable,0.4060000000000002
2024-11-16,wk flu hosp rate change,2,2024-11-30,17,pmf,increase,0.551
2024-11-16,wk flu hosp rate change,2,2024-11-30,17,pmf,large_increase,0.041
2024-11-16,wk flu hosp rate change,2,2024-11-30,17,pmf,decrease,0.001
2024-11-16,wk flu hosp rate change,2,2024-11-30,17,pmf,large_decrease,0.001
2024-11-16,wk flu hosp rate change,3,2024-12-07,17,pmf,stable,0.4210000000000002
2024-11-16,wk flu hosp rate change,3,2024-12-07,17,pmf,increase,0.552
2024-11-16,wk flu hosp rate change,3,2024-12-07,17,pmf,large_increase,0.025
2024-11-16,wk flu hosp rate change,3,2024-12-07,17,pmf,decrease,0.001
2024-11-16,wk flu hosp rate change,3,2024-12-07,17,pmf,large_decrease,0.001
2024-11-16,wk flu hosp rate change,0,2024-11-16,18,pmf,stable,0.27000000000000013
2024-11-16,wk flu hosp rate change,0,2024-11-16,18,pmf,increase,0.378
2024-11-16,wk flu hosp rate change,0,2024-11-16,18,pmf,large_increase,0.069
2024-11-16,wk flu hosp rate change,0,2024-11-16,18,pmf,decrease,0.282
2024-11-16,wk flu hosp rate change,0,2024-11-16,18,pmf,large_decrease,0.001
2024-11-16,wk flu hosp rate change,1,2024-11-23,18,pmf,stable,0.4870000000000002
2024-11-16,wk flu hosp rate change,1,2024-11-23,18,pmf,increase,0.46
2024-11-16,wk flu hosp rate change,1,2024-11-23,18,pmf,large_increase,0.051
2024-11-16,wk flu hosp rate change,1,2024-11-23,18,pmf,decrease,0.001
2024-11-16,wk flu hosp rate change,1,2024-11-23,18,pmf,large_decrease,0.001
2024-11-16,wk flu hosp rate change,2,2024-11-30,18,pmf,stable,0.4720000000000002
2024-11-16,wk flu hosp rate change,2,2024-11-30,18,pmf,increase,0.489
2024-11-16,wk flu hosp rate change,2,2024-11-30,18,pmf,large_increase,0.037
2024-11-16,wk flu hosp rate change,2,2024-11-30,18,pmf,decrease,0.001
2024-11-16,wk flu hosp rate change,2,2024-11-30,18,pmf,large_decrease,0.001
2024-11-16,wk flu hosp rate change,3,2024-12-07,18,pmf,stable,0.46100000000000024
2024-11-16,wk flu hosp rate change,3,2024-12-07,18,pmf,increase,0.505
2024-11-16,wk flu hosp rate change,3,2024-12-07,18,pmf,large_increase,0.032
2024-11-16,wk flu hosp rate change,3,2024-12-07,18,pmf,decrease,0.001
2024-11-16,wk flu hosp rate change,3,2024-12-07,18,pmf,large_decrease,0.001
2024-11-16,wk flu hosp rate change,0,2024-11-16,19,pmf,stable,0.5330000000000001
2024-11-16,wk flu hosp rate change,0,2024-11-16,19,pmf,increase,0.284
2024-11-16,wk flu hosp rate change,0,2024-11-16,19,pmf,large_increase,0.181
2024-11-16,wk flu hosp rate change,0,2024-11-16,19,pmf,decrease,0.001
2024-11-16,wk flu hosp rate change,0,2024-11-16,19,pmf,large_decrease,0.001
2024-11-16,wk flu hosp rate change,1,2024-11-23,19,pmf,stable,0.4340000000000002
2024-11-16,wk flu hosp rate change,1,2024-11-23,19,pmf,increase,0.416
2024-11-16,wk flu hosp rate change,1,2024-11-23,19,pmf,large_increase,0.148
2024-11-16,wk flu hosp rate change,1,2024-11-23,19,pmf,decrease,0.001
2024-11-16,wk flu hosp rate change,1,2024-11-23,19,pmf,large_decrease,0.001
2024-11-16,wk flu hosp rate change,2,2024-11-30,19,pmf,stable,0.4340000000000002
2024-11-16,wk flu hosp rate change,2,2024-11-30,19,pmf,increase,0.437
2024-11-16,wk flu hosp rate change,2,2024-11-30,19,pmf,large_increase,0.127
2024-11-16,wk flu hosp rate change,2,2024-11-30,19,pmf,decrease,0.001
2024-11-16,wk flu hosp rate change,2,2024-11-30,19,pmf,large_decrease,0.001
2024-11-16,wk flu hosp rate change,3,2024-12-07,19,pmf,stable,0.4080000000000002
2024-11-16,wk flu hosp rate change,3,2024-12-07,19,pmf,increase,0.469
2024-11-16,wk flu hosp rate change,3,2024-12-07,19,pmf,large_increase,0.121
2024-11-16,wk flu hosp rate change,3,2024-12-07,19,pmf,decrease,0.001
2024-11-16,wk flu hosp rate change,3,2024-12-07,19,pmf,large_decrease,0.001
2024-11-16,wk flu hosp rate change,0,2024-11-16,20,pmf,stable,0.5230000000000002
2024-11-16,wk flu hosp rate change,0,2024-11-16,20,pmf,increase,0.429
2024-11-16,wk flu hosp rate change,0,2024-11-16,20,pmf,large_increase,0.046
2024-11-16,wk flu hosp rate change,0,2024-11-16,20,pmf,decrease,0.001
2024-11-16,wk flu hosp rate change,0,2024-11-16,20,pmf,large_decrease,0.001
2024-11-16,wk flu hosp rate change,1,2024-11-23,20,pmf,stable,0.4700000000000002
2024-11-16,wk flu hosp rate change,1,2024-11-23,20,pmf,increase,0.498
2024-11-16,wk flu hosp rate change,1,2024-11-23,20,pmf,large_increase,0.03
2024-11-16,wk flu hosp rate change,1,2024-11-23,20,pmf,decrease,0.001
2024-11-16,wk flu hosp rate change,1,2024-11-23,20,pmf,large_decrease,0.001
2024-11-16,wk flu hosp rate change,2,2024-11-30,20,pmf,stable,0.44700000000000023
2024-11-16,wk flu hosp rate change,2,2024-11-30,20,pmf,increase,0.522
2024-11-16,wk flu hosp rate change,2,2024-11-30,20,pmf,large_increase,0.029
2024-11-16,wk flu hosp rate change,2,2024-11-30,20,pmf,decrease,0.001
2024-11-16,wk flu hosp rate change,2,2024-11-30,20,pmf,large_decrease,0.001
2024-11-16,wk flu hosp rate change,3,2024-12-07,20,pmf,stable,0.45000000000000023
2024-11-16,wk flu hosp rate change,3,2024-12-07,20,pmf,increase,0.527
2024-11-16,wk flu hosp rate change,3,2024-12-07,20,pmf,large_increase,0.021
2024-11-16,wk flu hosp rate change,3,2024-12-07,20,pmf,decrease,0.001
2024-11-16,wk flu hosp rate change,3,2024-12-07,20,pmf,large_decrease,0.001
2024-11-16,wk flu hosp rate change,0,2024-11-16,21,pmf,stable,0.22300000000000011
2024-11-16,wk flu hosp rate change,0,2024-11-16,21,pmf,increase,0.349
2024-11-16,wk flu hosp rate change,0,2024-11-16,21,pmf,large_increase,0.125
2024-11-16,wk flu hosp rate change,0,2024-11-16,21,pmf,decrease,0.302
2024-11-16,wk flu hosp rate change,0,2024-11-16,21,pmf,large_decrease,0.001
2024-11-16,wk flu hosp rate change,1,2024-11-23,21,pmf,stable,0.4740000000000002
2024-11-16,wk flu hosp rate change,1,2024-11-23,21,pmf,increase,0.412
2024-11-16,wk flu hosp rate change,1,2024-11-23,21,pmf,large_increase,0.112
2024-11-16,wk flu hosp rate change,1,2024-11-23,21,pmf,decrease,0.001
2024-11-16,wk flu hosp rate change,1,2024-11-23,21,pmf,large_decrease,0.001
2024-11-16,wk flu hosp rate change,2,2024-11-30,21,pmf,stable,0.44800000000000023
2024-11-16,wk flu hosp rate change,2,2024-11-30,21,pmf,increase,0.44
2024-11-16,wk flu hosp rate change,2,2024-11-30,21,pmf,large_increase,0.11
2024-11-16,wk flu hosp rate change,2,2024-11-30,21,pmf,decrease,0.001
2024-11-16,wk flu hosp rate change,2,2024-11-30,21,pmf,large_decrease,0.001
2024-11-16,wk flu hosp rate change,3,2024-12-07,21,pmf,stable,0.4390000000000002
2024-11-16,wk flu hosp rate change,3,2024-12-07,21,pmf,increase,0.457
2024-11-16,wk flu hosp rate change,3,2024-12-07,21,pmf,large_increase,0.102
2024-11-16,wk flu hosp rate change,3,2024-12-07,21,pmf,decrease,0.001
2024-11-16,wk flu hosp rate change,3,2024-12-07,21,pmf,large_decrease,0.001
2024-11-16,wk flu hosp rate change,0,2024-11-16,22,pmf,stable,0.2860000000000001
2024-11-16,wk flu hosp rate change,0,2024-11-16,22,pmf,increase,0.392
2024-11-16,wk flu hosp rate change,0,2024-11-16,22,pmf,large_increase,0.094
2024-11-16,wk flu hosp rate change,0,2024-11-16,22,pmf,decrease,0.227
2024-11-16,wk flu hosp rate change,0,2024-11-16,22,pmf,large_decrease,0.001
2024-11-16,wk flu hosp rate change,1,2024-11-23,22,pmf,stable,0.2940000000000001
2024-11-16,wk flu hosp rate change,1,2024-11-23,22,pmf,increase,0.498
2024-11-16,wk flu hosp rate change,1,2024-11-23,22,pmf,large_increase,0.06
2024-11-16,wk flu hosp rate change,1,2024-11-23,22,pmf,decrease,0.147
2024-11-16,wk flu hosp rate change,1,2024-11-23,22,pmf,large_decrease,0.001
2024-11-16,wk flu hosp rate change,2,2024-11-30,22,pmf,stable,0.3020000000000001
2024-11-16,wk flu hosp rate change,2,2024-11-30,22,pmf,increase,0.55
2024-11-16,wk flu hosp rate change,2,2024-11-30,22,pmf,large_increase,0.047
2024-11-16,wk flu hosp rate change,2,2024-11-30,22,pmf,decrease,0.1
2024-11-16,wk flu hosp rate change,2,2024-11-30,22,pmf,large_decrease,0.001
2024-11-16,wk flu hosp rate change,3,2024-12-07,22,pmf,stable,0.3359999999999999
2024-11-16,wk flu hosp rate change,3,2024-12-07,22,pmf,increase,0.551
2024-11-16,wk flu hosp rate change,3,2024-12-07,22,pmf,large_increase,0.041
2024-11-16,wk flu hosp rate change,3,2024-12-07,22,pmf,decrease,0.071
2024-11-16,wk flu hosp rate change,3,2024-12-07,22,pmf,large_decrease,0.001
2024-11-16,wk flu hosp rate change,0,2024-11-16,23,pmf,stable,0.5830000000000002
2024-11-16,wk flu hosp rate change,0,2024-11-16,23,pmf,increase,0.393
2024-11-16,wk flu hosp rate change,0,2024-11-16,23,pmf,large_increase,0.022
2024-11-16,wk flu hosp rate change,0,2024-11-16,23,pmf,decrease,0.001
2024-11-16,wk flu hosp rate change,0,2024-11-16,23,pmf,large_decrease,0.001
2024-11-16,wk flu hosp rate change,1,2024-11-23,23,pmf,stable,0.5030000000000002
2024-11-16,wk flu hosp rate change,1,2024-11-23,23,pmf,increase,0.489
2024-11-16,wk flu hosp rate change,1,2024-11-23,23,pmf,large_increase,0.006
2024-11-16,wk flu hosp rate change,1,2024-11-23,23,pmf,decrease,0.001
2024-11-16,wk flu hosp rate change,1,2024-11-23,23,pmf,large_decrease,0.001
2024-11-16,wk flu hosp rate change,2,2024-11-30,23,pmf,stable,0.4930000000000002
2024-11-16,wk flu hosp rate change,2,2024-11-30,23,pmf,increase,0.501
2024-11-16,wk flu hosp rate change,2,2024-11-30,23,pmf,large_increase,0.004
2024-11-16,wk flu hosp rate change,2,2024-11-30,23,pmf,decrease,0.001
2024-11-16,wk flu hosp rate change,2,2024-11-30,23,pmf,large_decrease,0.001
2024-11-16,wk flu hosp rate change,3,2024-12-07,23,pmf,stable,0.5050000000000002
2024-11-16,wk flu hosp rate change,3,2024-12-07,23,pmf,increase,0.492
2024-11-16,wk flu hosp rate change,3,2024-12-07,23,pmf,large_increase,0.001
2024-11-16,wk flu hosp rate change,3,2024-12-07,23,pmf,decrease,0.001
2024-11-16,wk flu hosp rate change,3,2024-12-07,23,pmf,large_decrease,0.001
2024-11-16,wk flu hosp rate change,0,2024-11-16,24,pmf,stable,0.5770000000000002
2024-11-16,wk flu hosp rate change,0,2024-11-16,24,pmf,increase,0.405
2024-11-16,wk flu hosp rate change,0,2024-11-16,24,pmf,large_increase,0.016
2024-11-16,wk flu hosp rate change,0,2024-11-16,24,pmf,decrease,0.001
2024-11-16,wk flu hosp rate change,0,2024-11-16,24,pmf,large_decrease,0.001
2024-11-16,wk flu hosp rate change,1,2024-11-23,24,pmf,stable,0.5080000000000002
2024-11-16,wk flu hosp rate change,1,2024-11-23,24,pmf,increase,0.484
2024-11-16,wk flu hosp rate change,1,2024-11-23,24,pmf,large_increase,0.006
2024-11-16,wk flu hosp rate change,1,2024-11-23,24,pmf,decrease,0.001
2024-11-16,wk flu hosp rate change,1,2024-11-23,24,pmf,large_decrease,0.001
2024-11-16,wk flu hosp rate change,2,2024-11-30,24,pmf,stable,0.44500000000000023
2024-11-16,wk flu hosp rate change,2,2024-11-30,24,pmf,increase,0.547
2024-11-16,wk flu hosp rate change,2,2024-11-30,24,pmf,large_increase,0.006
2024-11-16,wk flu hosp rate change,2,2024-11-30,24,pmf,decrease,0.001
2024-11-16,wk flu hosp rate change,2,2024-11-30,24,pmf,large_decrease,0.001
2024-11-16,wk flu hosp rate change,3,2024-12-07,24,pmf,stable,0.4930000000000002
2024-11-16,wk flu hosp rate change,3,2024-12-07,24,pmf,increase,0.503
2024-11-16,wk flu hosp rate change,3,2024-12-07,24,pmf,large_increase,0.002
2024-11-16,wk flu hosp rate change,3,2024-12-07,24,pmf,decrease,0.001
2024-11-16,wk flu hosp rate change,3,2024-12-07,24,pmf,large_decrease,0.001
2024-11-16,wk flu hosp rate change,0,2024-11-16,25,pmf,stable,0.5390000000000001
2024-11-16,wk flu hosp rate change,0,2024-11-16,25,pmf,increase,0.348
2024-11-16,wk flu hosp rate change,0,2024-11-16,25,pmf,large_increase,0.004
2024-11-16,wk flu hosp rate change,0,2024-11-16,25,pmf,decrease,0.108
2024-11-16,wk flu hosp rate change,0,2024-11-16,25,pmf,large_decrease,0.001
2024-11-16,wk flu hosp rate change,1,2024-11-23,25,pmf,stable,0.5970000000000003
2024-11-16,wk flu hosp rate change,1,2024-11-23,25,pmf,increase,0.4
2024-11-16,wk flu hosp rate change,1,2024-11-23,25,pmf,large_increase,0.001
2024-11-16,wk flu hosp rate change,1,2024-11-23,25,pmf,decrease,0.001
2024-11-16,wk flu hosp rate change,1,2024-11-23,25,pmf,large_decrease,0.001
2024-11-16,wk flu hosp rate change,2,2024-11-30,25,pmf,stable,0.5750000000000003
2024-11-16,wk flu hosp rate change,2,2024-11-30,25,pmf,increase,0.422
2024-11-16,wk flu hosp rate change,2,2024-11-30,25,pmf,large_increase,0.001
2024-11-16,wk flu hosp rate change,2,2024-11-30,25,pmf,decrease,0.001
2024-11-16,wk flu hosp rate change,2,2024-11-30,25,pmf,large_decrease,0.001
2024-11-16,wk flu hosp rate change,3,2024-12-07,25,pmf,stable,0.6260000000000003
2024-11-16,wk flu hosp rate change,3,2024-12-07,25,pmf,increase,0.371
2024-11-16,wk flu hosp rate change,3,2024-12-07,25,pmf,large_increase,0.001
2024-11-16,wk flu hosp rate change,3,2024-12-07,25,pmf,decrease,0.001
2024-11-16,wk flu hosp rate change,3,2024-12-07,25,pmf,large_decrease,0.001
2024-11-16,wk flu hosp rate change,0,2024-11-16,26,pmf,stable,0.4490000000000001
2024-11-16,wk flu hosp rate change,0,2024-11-16,26,pmf,increase,0.368
2024-11-16,wk flu hosp rate change,0,2024-11-16,26,pmf,large_increase,0.002
2024-11-16,wk flu hosp rate change,0,2024-11-16,26,pmf,decrease,0.18
2024-11-16,wk flu hosp rate change,0,2024-11-16,26,pmf,large_decrease,0.001
2024-11-16,wk flu hosp rate change,1,2024-11-23,26,pmf,stable,0.6090000000000003
2024-11-16,wk flu hosp rate change,1,2024-11-23,26,pmf,increase,0.388
2024-11-16,wk flu hosp rate change,1,2024-11-23,26,pmf,large_increase,0.001
2024-11-16,wk flu hosp rate change,1,2024-11-23,26,pmf,decrease,0.001
2024-11-16,wk flu hosp rate change,1,2024-11-23,26,pmf,large_decrease,0.001
2024-11-16,wk flu hosp rate change,2,2024-11-30,26,pmf,stable,0.5990000000000003
2024-11-16,wk flu hosp rate change,2,2024-11-30,26,pmf,increase,0.398
2024-11-16,wk flu hosp rate change,2,2024-11-30,26,pmf,large_increase,0.001
2024-11-16,wk flu hosp rate change,2,2024-11-30,26,pmf,decrease,0.001
2024-11-16,wk flu hosp rate change,2,2024-11-30,26,pmf,large_decrease,0.001
2024-11-16,wk flu hosp rate change,3,2024-12-07,26,pmf,stable,0.6220000000000003
2024-11-16,wk flu hosp rate change,3,2024-12-07,26,pmf,increase,0.375
2024-11-16,wk flu hosp rate change,3,2024-12-07,26,pmf,large_increase,0.001
2024-11-16,wk flu hosp rate change,3,2024-12-07,26,pmf,decrease,0.001
2024-11-16,wk flu hosp rate change,3,2024-12-07,26,pmf,large_decrease,0.001
2024-11-16,wk flu hosp rate change,0,2024-11-16,27,pmf,stable,0.1720000000000001
2024-11-16,wk flu hosp rate change,0,2024-11-16,27,pmf,increase,0.332
2024-11-16,wk flu hosp rate change,0,2024-11-16,27,pmf,large_increase,0.16
2024-11-16,wk flu hosp rate change,0,2024-11-16,27,pmf,decrease,0.335
2024-11-16,wk flu hosp rate change,0,2024-11-16,27,pmf,large_decrease,0.001
2024-11-16,wk flu hosp rate change,1,2024-11-23,27,pmf,stable,0.19800000000000012
2024-11-16,wk flu hosp rate change,1,2024-11-23,27,pmf,increase,0.462
2024-11-16,wk flu hosp rate change,1,2024-11-23,27,pmf,large_increase,0.123
2024-11-16,wk flu hosp rate change,1,2024-11-23,27,pmf,decrease,0.216
2024-11-16,wk flu hosp rate change,1,2024-11-23,27,pmf,large_decrease,0.001
2024-11-16,wk flu hosp rate change,2,2024-11-30,27,pmf,stable,0.39500000000000024
2024-11-16,wk flu hosp rate change,2,2024-11-30,27,pmf,increase,0.502
2024-11-16,wk flu hosp rate change,2,2024-11-30,27,pmf,large_increase,0.101
2024-11-16,wk flu hosp rate change,2,2024-11-30,27,pmf,decrease,0.001
2024-11-16,wk flu hosp rate change,2,2024-11-30,27,pmf,large_decrease,0.001
2024-11-16,wk flu hosp rate change,3,2024-12-07,27,pmf,stable,0.3810000000000002
2024-11-16,wk flu hosp rate change,3,2024-12-07,27,pmf,increase,0.506
2024-11-16,wk flu hosp rate change,3,2024-12-07,27,pmf,large_increase,0.111
2024-11-16,wk flu hosp rate change,3,2024-12-07,27,pmf,decrease,0.001
2024-11-16,wk flu hosp rate change,3,2024-12-07,27,pmf,large_decrease,0.001
2024-11-16,wk flu hosp rate change,0,2024-11-16,28,pmf,stable,0.22499999999999998
2024-11-16,wk flu hosp rate change,0,2024-11-16,28,pmf,increase,0.468
2024-11-16,wk flu hosp rate change,0,2024-11-16,28,pmf,large_increase,0.113
2024-11-16,wk flu hosp rate change,0,2024-11-16,28,pmf,decrease,0.193
2024-11-16,wk flu hosp rate change,0,2024-11-16,28,pmf,large_decrease,0.001
2024-11-16,wk flu hosp rate change,1,2024-11-23,28,pmf,stable,0.23000000000000012
2024-11-16,wk flu hosp rate change,1,2024-11-23,28,pmf,increase,0.581
2024-11-16,wk flu hosp rate change,1,2024-11-23,28,pmf,large_increase,0.085
2024-11-16,wk flu hosp rate change,1,2024-11-23,28,pmf,decrease,0.103
2024-11-16,wk flu hosp rate change,1,2024-11-23,28,pmf,large_decrease,0.001
2024-11-16,wk flu hosp rate change,2,2024-11-30,28,pmf,stable,0.2450000000000001
2024-11-16,wk flu hosp rate change,2,2024-11-30,28,pmf,increase,0.634
2024-11-16,wk flu hosp rate change,2,2024-11-30,28,pmf,large_increase,0.071
2024-11-16,wk flu hosp rate change,2,2024-11-30,28,pmf,decrease,0.049
2024-11-16,wk flu hosp rate change,2,2024-11-30,28,pmf,large_decrease,0.001
2024-11-16,wk flu hosp rate change,3,2024-12-07,28,pmf,stable,0.24200000000000021
2024-11-16,wk flu hosp rate change,3,2024-12-07,28,pmf,increase,0.681
2024-11-16,wk flu hosp rate change,3,2024-12-07,28,pmf,large_increase,0.075
2024-11-16,wk flu hosp rate change,3,2024-12-07,28,pmf,decrease,0.001
2024-11-16,wk flu hosp rate change,3,2024-12-07,28,pmf,large_decrease,0.001
2024-11-16,wk flu hosp rate change,0,2024-11-16,29,pmf,stable,0.1400000000000001
2024-11-16,wk flu hosp rate change,0,2024-11-16,29,pmf,increase,0.318
2024-11-16,wk flu hosp rate change,0,2024-11-16,29,pmf,large_increase,0.258
2024-11-16,wk flu hosp rate change,0,2024-11-16,29,pmf,decrease,0.283
2024-11-16,wk flu hosp rate change,0,2024-11-16,29,pmf,large_decrease,0.001
2024-11-16,wk flu hosp rate change,1,2024-11-23,29,pmf,stable,0.32900000000000024
2024-11-16,wk flu hosp rate change,1,2024-11-23,29,pmf,increase,0.461
2024-11-16,wk flu hosp rate change,1,2024-11-23,29,pmf,large_increase,0.208
2024-11-16,wk flu hosp rate change,1,2024-11-23,29,pmf,decrease,0.001
2024-11-16,wk flu hosp rate change,1,2024-11-23,29,pmf,large_decrease,0.001
2024-11-16,wk flu hosp rate change,2,2024-11-30,29,pmf,stable,0.3000000000000002
2024-11-16,wk flu hosp rate change,2,2024-11-30,29,pmf,increase,0.497
2024-11-16,wk flu hosp rate change,2,2024-11-30,29,pmf,large_increase,0.201
2024-11-16,wk flu hosp rate change,2,2024-11-30,29,pmf,decrease,0.001
2024-11-16,wk flu hosp rate change,2,2024-11-30,29,pmf,large_decrease,0.001
2024-11-16,wk flu hosp rate change,3,2024-12-07,29,pmf,stable,0.3050000000000002
2024-11-16,wk flu hosp rate change,3,2024-12-07,29,pmf,increase,0.484
2024-11-16,wk flu hosp rate change,3,2024-12-07,29,pmf,large_increase,0.209
2024-11-16,wk flu hosp rate change,3,2024-12-07,29,pmf,decrease,0.001
2024-11-16,wk flu hosp rate change,3,2024-12-07,29,pmf,large_decrease,0.001
2024-11-16,wk flu hosp rate change,0,2024-11-16,30,pmf,stable,0.6140000000000002
2024-11-16,wk flu hosp rate change,0,2024-11-16,30,pmf,increase,0.341
2024-11-16,wk flu hosp rate change,0,2024-11-16,30,pmf,large_increase,0.043
2024-11-16,wk flu hosp rate change,0,2024-11-16,30,pmf,decrease,0.001
2024-11-16,wk flu hosp rate change,0,2024-11-16,30,pmf,large_decrease,0.001
2024-11-16,wk flu hosp rate change,1,2024-11-23,30,pmf,stable,0.4980000000000001
2024-11-16,wk flu hosp rate change,1,2024-11-23,30,pmf,increase,0.474
2024-11-16,wk flu hosp rate change,1,2024-11-23,30,pmf,large_increase,0.026
2024-11-16,wk flu hosp rate change,1,2024-11-23,30,pmf,decrease,0.001
2024-11-16,wk flu hosp rate change,1,2024-11-23,30,pmf,large_decrease,0.001
2024-11-16,wk flu hosp rate change,2,2024-11-30,30,pmf,stable,0.4660000000000002
2024-11-16,wk flu hosp rate change,2,2024-11-30,30,pmf,increase,0.52
2024-11-16,wk flu hosp rate change,2,2024-11-30,30,pmf,large_increase,0.012
2024-11-16,wk flu hosp rate change,2,2024-11-30,30,pmf,decrease,0.001
2024-11-16,wk flu hosp rate change,2,2024-11-30,30,pmf,large_decrease,0.001
2024-11-16,wk flu hosp rate change,3,2024-12-07,30,pmf,stable,0.5030000000000002
2024-11-16,wk flu hosp rate change,3,2024-12-07,30,pmf,increase,0.481
2024-11-16,wk flu hosp rate change,3,2024-12-07,30,pmf,large_increase,0.014
2024-11-16,wk flu hosp rate change,3,2024-12-07,30,pmf,decrease,0.001
2024-11-16,wk flu hosp rate change,3,2024-12-07,30,pmf,large_decrease,0.001
2024-11-16,wk flu hosp rate change,0,2024-11-16,31,pmf,stable,0.6050000000000002
2024-11-16,wk flu hosp rate change,0,2024-11-16,31,pmf,increase,0.349
2024-11-16,wk flu hosp rate change,0,2024-11-16,31,pmf,large_increase,0.044
2024-11-16,wk flu hosp rate change,0,2024-11-16,31,pmf,decrease,0.001
2024-11-16,wk flu hosp rate change,0,2024-11-16,31,pmf,large_decrease,0.001
2024-11-16,wk flu hosp rate change,1,2024-11-23,31,pmf,stable,0.5230000000000002
2024-11-16,wk flu hosp rate change,1,2024-11-23,31,pmf,increase,0.453
2024-11-16,wk flu hosp rate change,1,2024-11-23,31,pmf,large_increase,0.022
2024-11-16,wk flu hosp rate change,1,2024-11-23,31,pmf,decrease,0.001
2024-11-16,wk flu hosp rate change,1,2024-11-23,31,pmf,large_decrease,0.001
2024-11-16,wk flu hosp rate change,2,2024-11-30,31,pmf,stable,0.4900000000000002
2024-11-16,wk flu hosp rate change,2,2024-11-30,31,pmf,increase,0.494
2024-11-16,wk flu hosp rate change,2,2024-11-30,31,pmf,large_increase,0.014
2024-11-16,wk flu hosp rate change,2,2024-11-30,31,pmf,decrease,0.001
2024-11-16,wk flu hosp rate change,2,2024-11-30,31,pmf,large_decrease,0.001
2024-11-16,wk flu hosp rate change,3,2024-12-07,31,pmf,stable,0.5510000000000003
2024-11-16,wk flu hosp rate change,3,2024-12-07,31,pmf,increase,0.44
2024-11-16,wk flu hosp rate change,3,2024-12-07,31,pmf,large_increase,0.007
2024-11-16,wk flu hosp rate change,3,2024-12-07,31,pmf,decrease,0.001
2024-11-16,wk flu hosp rate change,3,2024-12-07,31,pmf,large_decrease,0.001
2024-11-16,wk flu hosp rate change,0,2024-11-16,32,pmf,stable,0.1710000000000001
2024-11-16,wk flu hosp rate change,0,2024-11-16,32,pmf,increase,0.322
2024-11-16,wk flu hosp rate change,0,2024-11-16,32,pmf,large_increase,0.214
2024-11-16,wk flu hosp rate change,0,2024-11-16,32,pmf,decrease,0.292
2024-11-16,wk flu hosp rate change,0,2024-11-16,32,pmf,large_decrease,0.001
2024-11-16,wk flu hosp rate change,1,2024-11-23,32,pmf,stable,0.1790000000000001
2024-11-16,wk flu hosp rate change,1,2024-11-23,32,pmf,increase,0.418
2024-11-16,wk flu hosp rate change,1,2024-11-23,32,pmf,large_increase,0.188
2024-11-16,wk flu hosp rate change,1,2024-11-23,32,pmf,decrease,0.214
2024-11-16,wk flu hosp rate change,1,2024-11-23,32,pmf,large_decrease,0.001
2024-11-16,wk flu hosp rate change,2,2024-11-30,32,pmf,stable,0.1810000000000001
2024-11-16,wk flu hosp rate change,2,2024-11-30,32,pmf,increase,0.464
2024-11-16,wk flu hosp rate change,2,2024-11-30,32,pmf,large_increase,0.19
2024-11-16,wk flu hosp rate change,2,2024-11-30,32,pmf,decrease,0.164
2024-11-16,wk flu hosp rate change,2,2024-11-30,32,pmf,large_decrease,0.001
2024-11-16,wk flu hosp rate change,3,2024-12-07,32,pmf,stable,0.31900000000000023
2024-11-16,wk flu hosp rate change,3,2024-12-07,32,pmf,increase,0.475
2024-11-16,wk flu hosp rate change,3,2024-12-07,32,pmf,large_increase,0.204
2024-11-16,wk flu hosp rate change,3,2024-12-07,32,pmf,decrease,0.001
2024-11-16,wk flu hosp rate change,3,2024-12-07,32,pmf,large_decrease,0.001
2024-11-16,wk flu hosp rate change,0,2024-11-16,33,pmf,stable,0.4710000000000002
2024-11-16,wk flu hosp rate change,0,2024-11-16,33,pmf,increase,0.247
2024-11-16,wk flu hosp rate change,0,2024-11-16,33,pmf,large_increase,0.001
2024-11-16,wk flu hosp rate change,0,2024-11-16,33,pmf,decrease,0.28
2024-11-16,wk flu hosp rate change,0,2024-11-16,33,pmf,large_decrease,0.001
2024-11-16,wk flu hosp rate change,1,2024-11-23,33,pmf,stable,0.5170000000000001
2024-11-16,wk flu hosp rate change,1,2024-11-23,33,pmf,increase,0.211
2024-11-16,wk flu hosp rate change,1,2024-11-23,33,pmf,large_increase,0.001
2024-11-16,wk flu hosp rate change,1,2024-11-23,33,pmf,decrease,0.27
2024-11-16,wk flu hosp rate change,1,2024-11-23,33,pmf,large_decrease,0.001
2024-11-16,wk flu hosp rate change,2,2024-11-30,33,pmf,stable,0.5740000000000001
2024-11-16,wk flu hosp rate change,2,2024-11-30,33,pmf,increase,0.194
2024-11-16,wk flu hosp rate change,2,2024-11-30,33,pmf,large_increase,0.001
2024-11-16,wk flu hosp rate change,2,2024-11-30,33,pmf,decrease,0.23
2024-11-16,wk flu hosp rate change,2,2024-11-30,33,pmf,large_decrease,0.001
2024-11-16,wk flu hosp rate change,3,2024-12-07,33,pmf,stable,0.8690000000000003
2024-11-16,wk flu hosp rate change,3,2024-12-07,33,pmf,increase,0.128
2024-11-16,wk flu hosp rate change,3,2024-12-07,33,pmf,large_increase,0.001
2024-11-16,wk flu hosp rate change,3,2024-12-07,33,pmf,decrease,0.001
2024-11-16,wk flu hosp rate change,3,2024-12-07,33,pmf,large_decrease,0.001
2024-11-16,wk flu hosp rate change,0,2024-11-16,34,pmf,stable,0.3730000000000001
2024-11-16,wk flu hosp rate change,0,2024-11-16,34,pmf,increase,0.408
2024-11-16,wk flu hosp rate change,0,2024-11-16,34,pmf,large_increase,0.029
2024-11-16,wk flu hosp rate change,0,2024-11-16,34,pmf,decrease,0.189
2024-11-16,wk flu hosp rate change,0,2024-11-16,34,pmf,large_decrease,0.001
2024-11-16,wk flu hosp rate change,1,2024-11-23,34,pmf,stable,0.4890000000000002
2024-11-16,wk flu hosp rate change,1,2024-11-23,34,pmf,increase,0.5
2024-11-16,wk flu hosp rate change,1,2024-11-23,34,pmf,large_increase,0.009
2024-11-16,wk flu hosp rate change,1,2024-11-23,34,pmf,decrease,0.001
2024-11-16,wk flu hosp rate change,1,2024-11-23,34,pmf,large_decrease,0.001
2024-11-16,wk flu hosp rate change,2,2024-11-30,34,pmf,stable,0.45200000000000023
2024-11-16,wk flu hosp rate change,2,2024-11-30,34,pmf,increase,0.535
2024-11-16,wk flu hosp rate change,2,2024-11-30,34,pmf,large_increase,0.011
2024-11-16,wk flu hosp rate change,2,2024-11-30,34,pmf,decrease,0.001
2024-11-16,wk flu hosp rate change,2,2024-11-30,34,pmf,large_decrease,0.001
2024-11-16,wk flu hosp rate change,3,2024-12-07,34,pmf,stable,0.4830000000000002
2024-11-16,wk flu hosp rate change,3,2024-12-07,34,pmf,increase,0.511
2024-11-16,wk flu hosp rate change,3,2024-12-07,34,pmf,large_increase,0.004
2024-11-16,wk flu hosp rate change,3,2024-12-07,34,pmf,decrease,0.001
2024-11-16,wk flu hosp rate change,3,2024-12-07,34,pmf,large_decrease,0.001
2024-11-16,wk flu hosp rate change,0,2024-11-16,35,pmf,stable,0.31400000000000006
2024-11-16,wk flu hosp rate change,0,2024-11-16,35,pmf,increase,0.466
2024-11-16,wk flu hosp rate change,0,2024-11-16,35,pmf,large_increase,0.026
2024-11-16,wk flu hosp rate change,0,2024-11-16,35,pmf,decrease,0.193
2024-11-16,wk flu hosp rate change,0,2024-11-16,35,pmf,large_decrease,0.001
2024-11-16,wk flu hosp rate change,1,2024-11-23,35,pmf,stable,0.3590000000000001
2024-11-16,wk flu hosp rate change,1,2024-11-23,35,pmf,increase,0.487
2024-11-16,wk flu hosp rate change,1,2024-11-23,35,pmf,large_increase,0.028
2024-11-16,wk flu hosp rate change,1,2024-11-23,35,pmf,decrease,0.125
2024-11-16,wk flu hosp rate change,1,2024-11-23,35,pmf,large_decrease,0.001
2024-11-16,wk flu hosp rate change,2,2024-11-30,35,pmf,stable,0.3850000000000001
2024-11-16,wk flu hosp rate change,2,2024-11-30,35,pmf,increase,0.534
2024-11-16,wk flu hosp rate change,2,2024-11-30,35,pmf,large_increase,0.021
2024-11-16,wk flu hosp rate change,2,2024-11-30,35,pmf,decrease,0.059
2024-11-16,wk flu hosp rate change,2,2024-11-30,35,pmf,large_decrease,0.001
2024-11-16,wk flu hosp rate change,3,2024-12-07,35,pmf,stable,0.44600000000000023
2024-11-16,wk flu hosp rate change,3,2024-12-07,35,pmf,increase,0.541
2024-11-16,wk flu hosp rate change,3,2024-12-07,35,pmf,large_increase,0.011
2024-11-16,wk flu hosp rate change,3,2024-12-07,35,pmf,decrease,0.001
2024-11-16,wk flu hosp rate change,3,2024-12-07,35,pmf,large_decrease,0.001
2024-11-16,wk flu hosp rate change,0,2024-11-16,36,pmf,stable,0.6250000000000002
2024-11-16,wk flu hosp rate change,0,2024-11-16,36,pmf,increase,0.363
2024-11-16,wk flu hosp rate change,0,2024-11-16,36,pmf,large_increase,0.01
2024-11-16,wk flu hosp rate change,0,2024-11-16,36,pmf,decrease,0.001
2024-11-16,wk flu hosp rate change,0,2024-11-16,36,pmf,large_decrease,0.001
2024-11-16,wk flu hosp rate change,1,2024-11-23,36,pmf,stable,0.5740000000000003
2024-11-16,wk flu hosp rate change,1,2024-11-23,36,pmf,increase,0.423
2024-11-16,wk flu hosp rate change,1,2024-11-23,36,pmf,large_increase,0.001
2024-11-16,wk flu hosp rate change,1,2024-11-23,36,pmf,decrease,0.001
2024-11-16,wk flu hosp rate change,1,2024-11-23,36,pmf,large_decrease,0.001
2024-11-16,wk flu hosp rate change,2,2024-11-30,36,pmf,stable,0.5420000000000004
2024-11-16,wk flu hosp rate change,2,2024-11-30,36,pmf,increase,0.455
2024-11-16,wk flu hosp rate change,2,2024-11-30,36,pmf,large_increase,0.001
2024-11-16,wk flu hosp rate change,2,2024-11-30,36,pmf,decrease,0.001
2024-11-16,wk flu hosp rate change,2,2024-11-30,36,pmf,large_decrease,0.001
2024-11-16,wk flu hosp rate change,3,2024-12-07,36,pmf,stable,0.5690000000000003
2024-11-16,wk flu hosp rate change,3,2024-12-07,36,pmf,increase,0.428
2024-11-16,wk flu hosp rate change,3,2024-12-07,36,pmf,large_increase,0.001
2024-11-16,wk flu hosp rate change,3,2024-12-07,36,pmf,decrease,0.001
2024-11-16,wk flu hosp rate change,3,2024-12-07,36,pmf,large_decrease,0.001
2024-11-16,wk flu hosp rate change,0,2024-11-16,37,pmf,stable,0.6660000000000004
2024-11-16,wk flu hosp rate change,0,2024-11-16,37,pmf,increase,0.331
2024-11-16,wk flu hosp rate change,0,2024-11-16,37,pmf,large_increase,0.001
2024-11-16,wk flu hosp rate change,0,2024-11-16,37,pmf,decrease,0.001
2024-11-16,wk flu hosp rate change,0,2024-11-16,37,pmf,large_decrease,0.001
2024-11-16,wk flu hosp rate change,1,2024-11-23,37,pmf,stable,0.6430000000000003
2024-11-16,wk flu hosp rate change,1,2024-11-23,37,pmf,increase,0.354
2024-11-16,wk flu hosp rate change,1,2024-11-23,37,pmf,large_increase,0.001
2024-11-16,wk flu hosp rate change,1,2024-11-23,37,pmf,decrease,0.001
2024-11-16,wk flu hosp rate change,1,2024-11-23,37,pmf,large_decrease,0.001
2024-11-16,wk flu hosp rate change,2,2024-11-30,37,pmf,stable,0.6320000000000003
2024-11-16,wk flu hosp rate change,2,2024-11-30,37,pmf,increase,0.365
2024-11-16,wk flu hosp rate change,2,2024-11-30,37,pmf,large_increase,0.001
2024-11-16,wk flu hosp rate change,2,2024-11-30,37,pmf,decrease,0.001
2024-11-16,wk flu hosp rate change,2,2024-11-30,37,pmf,large_decrease,0.001
2024-11-16,wk flu hosp rate change,3,2024-12-07,37,pmf,stable,0.6790000000000004
2024-11-16,wk flu hosp rate change,3,2024-12-07,37,pmf,increase,0.318
2024-11-16,wk flu hosp rate change,3,2024-12-07,37,pmf,large_increase,0.001
2024-11-16,wk flu hosp rate change,3,2024-12-07,37,pmf,decrease,0.001
2024-11-16,wk flu hosp rate change,3,2024-12-07,37,pmf,large_decrease,0.001
2024-11-16,wk flu hosp rate change,0,2024-11-16,38,pmf,stable,0.6580000000000004
2024-11-16,wk flu hosp rate change,0,2024-11-16,38,pmf,increase,0.337
2024-11-16,wk flu hosp rate change,0,2024-11-16,38,pmf,large_increase,0.003
2024-11-16,wk flu hosp rate change,0,2024-11-16,38,pmf,decrease,0.001
2024-11-16,wk flu hosp rate change,0,2024-11-16,38,pmf,large_decrease,0.001
2024-11-16,wk flu hosp rate change,1,2024-11-23,38,pmf,stable,0.6080000000000004
2024-11-16,wk flu hosp rate change,1,2024-11-23,38,pmf,increase,0.389
2024-11-16,wk flu hosp rate change,1,2024-11-23,38,pmf,large_increase,0.001
2024-11-16,wk flu hosp rate change,1,2024-11-23,38,pmf,decrease,0.001
2024-11-16,wk flu hosp rate change,1,2024-11-23,38,pmf,large_decrease,0.001
2024-11-16,wk flu hosp rate change,2,2024-11-30,38,pmf,stable,0.6380000000000003
2024-11-16,wk flu hosp rate change,2,2024-11-30,38,pmf,increase,0.359
2024-11-16,wk flu hosp rate change,2,2024-11-30,38,pmf,large_increase,0.001
2024-11-16,wk flu hosp rate change,2,2024-11-30,38,pmf,decrease,0.001
2024-11-16,wk flu hosp rate change,2,2024-11-30,38,pmf,large_decrease,0.001
2024-11-16,wk flu hosp rate change,3,2024-12-07,38,pmf,stable,0.6630000000000003
2024-11-16,wk flu hosp rate change,3,2024-12-07,38,pmf,increase,0.334
2024-11-16,wk flu hosp rate change,3,2024-12-07,38,pmf,large_increase,0.001
2024-11-16,wk flu hosp rate change,3,2024-12-07,38,pmf,decrease,0.001
2024-11-16,wk flu hosp rate change,3,2024-12-07,38,pmf,large_decrease,0.001
2024-11-16,wk flu hosp rate change,0,2024-11-16,39,pmf,stable,0.5430000000000001
2024-11-16,wk flu hosp rate change,0,2024-11-16,39,pmf,increase,0.278
2024-11-16,wk flu hosp rate change,0,2024-11-16,39,pmf,large_increase,0.02
2024-11-16,wk flu hosp rate change,0,2024-11-16,39,pmf,decrease,0.158
2024-11-16,wk flu hosp rate change,0,2024-11-16,39,pmf,large_decrease,0.001
2024-11-16,wk flu hosp rate change,1,2024-11-23,39,pmf,stable,0.5750000000000001
2024-11-16,wk flu hosp rate change,1,2024-11-23,39,pmf,increase,0.312
2024-11-16,wk flu hosp rate change,1,2024-11-23,39,pmf,large_increase,0.003
2024-11-16,wk flu hosp rate change,1,2024-11-23,39,pmf,decrease,0.109
2024-11-16,wk flu hosp rate change,1,2024-11-23,39,pmf,large_decrease,0.001
2024-11-16,wk flu hosp rate change,2,2024-11-30,39,pmf,stable,0.6090000000000001
2024-11-16,wk flu hosp rate change,2,2024-11-30,39,pmf,increase,0.31
2024-11-16,wk flu hosp rate change,2,2024-11-30,39,pmf,large_increase,0.001
2024-11-16,wk flu hosp rate change,2,2024-11-30,39,pmf,decrease,0.079
2024-11-16,wk flu hosp rate change,2,2024-11-30,39,pmf,large_decrease,0.001
2024-11-16,wk flu hosp rate change,3,2024-12-07,39,pmf,stable,0.6770000000000003
2024-11-16,wk flu hosp rate change,3,2024-12-07,39,pmf,increase,0.283
2024-11-16,wk flu hosp rate change,3,2024-12-07,39,pmf,large_increase,0.001
2024-11-16,wk flu hosp rate change,3,2024-12-07,39,pmf,decrease,0.038
2024-11-16,wk flu hosp rate change,3,2024-12-07,39,pmf,large_decrease,0.001
2024-11-16,wk flu hosp rate change,0,2024-11-16,40,pmf,stable,0.1250000000000001
2024-11-16,wk flu hosp rate change,0,2024-11-16,40,pmf,increase,0.261
2024-11-16,wk flu hosp rate change,0,2024-11-16,40,pmf,large_increase,0.272
2024-11-16,wk flu hosp rate change,0,2024-11-16,40,pmf,decrease,0.341
2024-11-16,wk flu hosp rate change,0,2024-11-16,40,pmf,large_decrease,0.001
2024-11-16,wk flu hosp rate change,1,2024-11-23,40,pmf,stable,0.3450000000000002
2024-11-16,wk flu hosp rate change,1,2024-11-23,40,pmf,increase,0.38
2024-11-16,wk flu hosp rate change,1,2024-11-23,40,pmf,large_increase,0.273
2024-11-16,wk flu hosp rate change,1,2024-11-23,40,pmf,decrease,0.001
2024-11-16,wk flu hosp rate change,1,2024-11-23,40,pmf,large_decrease,0.001
2024-11-16,wk flu hosp rate change,2,2024-11-30,40,pmf,stable,0.2980000000000002
2024-11-16,wk flu hosp rate change,2,2024-11-30,40,pmf,increase,0.426
2024-11-16,wk flu hosp rate change,2,2024-11-30,40,pmf,large_increase,0.274
2024-11-16,wk flu hosp rate change,2,2024-11-30,40,pmf,decrease,0.001
2024-11-16,wk flu hosp rate change,2,2024-11-30,40,pmf,large_decrease,0.001
2024-11-16,wk flu hosp rate change,3,2024-12-07,40,pmf,stable,0.2860000000000002
2024-11-16,wk flu hosp rate change,3,2024-12-07,40,pmf,increase,0.437
2024-11-16,wk flu hosp rate change,3,2024-12-07,40,pmf,large_increase,0.275
2024-11-16,wk flu hosp rate change,3,2024-12-07,40,pmf,decrease,0.001
2024-11-16,wk flu hosp rate change,3,2024-12-07,40,pmf,large_decrease,0.001
2024-11-16,wk flu hosp rate change,0,2024-11-16,41,pmf,stable,0.16900000000000012
2024-11-16,wk flu hosp rate change,0,2024-11-16,41,pmf,increase,0.323
2024-11-16,wk flu hosp rate change,0,2024-11-16,41,pmf,large_increase,0.152
2024-11-16,wk flu hosp rate change,0,2024-11-16,41,pmf,decrease,0.355
2024-11-16,wk flu hosp rate change,0,2024-11-16,41,pmf,large_decrease,0.001
2024-11-16,wk flu hosp rate change,1,2024-11-23,41,pmf,stable,0.19700000000000012
2024-11-16,wk flu hosp rate change,1,2024-11-23,41,pmf,increase,0.415
2024-11-16,wk flu hosp rate change,1,2024-11-23,41,pmf,large_increase,0.135
2024-11-16,wk flu hosp rate change,1,2024-11-23,41,pmf,decrease,0.252
2024-11-16,wk flu hosp rate change,1,2024-11-23,41,pmf,large_decrease,0.001
2024-11-16,wk flu hosp rate change,2,2024-11-30,41,pmf,stable,0.39700000000000024
2024-11-16,wk flu hosp rate change,2,2024-11-30,41,pmf,increase,0.465
2024-11-16,wk flu hosp rate change,2,2024-11-30,41,pmf,large_increase,0.136
2024-11-16,wk flu hosp rate change,2,2024-11-30,41,pmf,decrease,0.001
2024-11-16,wk flu hosp rate change,2,2024-11-30,41,pmf,large_decrease,0.001
2024-11-16,wk flu hosp rate change,3,2024-12-07,41,pmf,stable,0.40400000000000025
2024-11-16,wk flu hosp rate change,3,2024-12-07,41,pmf,increase,0.473
2024-11-16,wk flu hosp rate change,3,2024-12-07,41,pmf,large_increase,0.121
2024-11-16,wk flu hosp rate change,3,2024-12-07,41,pmf,decrease,0.001
2024-11-16,wk flu hosp rate change,3,2024-12-07,41,pmf,large_decrease,0.001
2024-11-16,wk flu hosp rate change,0,2024-11-16,42,pmf,stable,0.3890000000000001
2024-11-16,wk flu hosp rate change,0,2024-11-16,42,pmf,increase,0.447
2024-11-16,wk flu hosp rate change,0,2024-11-16,42,pmf,large_increase,0.024
2024-11-16,wk flu hosp rate change,0,2024-11-16,42,pmf,decrease,0.139
2024-11-16,wk flu hosp rate change,0,2024-11-16,42,pmf,large_decrease,0.001
2024-11-16,wk flu hosp rate change,1,2024-11-23,42,pmf,stable,0.3830000000000001
2024-11-16,wk flu hosp rate change,1,2024-11-23,42,pmf,increase,0.522
2024-11-16,wk flu hosp rate change,1,2024-11-23,42,pmf,large_increase,0.011
2024-11-16,wk flu hosp rate change,1,2024-11-23,42,pmf,decrease,0.083
2024-11-16,wk flu hosp rate change,1,2024-11-23,42,pmf,large_decrease,0.001
2024-11-16,wk flu hosp rate change,2,2024-11-30,42,pmf,stable,0.3930000000000001
2024-11-16,wk flu hosp rate change,2,2024-11-30,42,pmf,increase,0.552
2024-11-16,wk flu hosp rate change,2,2024-11-30,42,pmf,large_increase,0.005
2024-11-16,wk flu hosp rate change,2,2024-11-30,42,pmf,decrease,0.049
2024-11-16,wk flu hosp rate change,2,2024-11-30,42,pmf,large_decrease,0.001
2024-11-16,wk flu hosp rate change,3,2024-12-07,42,pmf,stable,0.4210000000000001
2024-11-16,wk flu hosp rate change,3,2024-12-07,42,pmf,increase,0.56
2024-11-16,wk flu hosp rate change,3,2024-12-07,42,pmf,large_increase,0.002
2024-11-16,wk flu hosp rate change,3,2024-12-07,42,pmf,decrease,0.016
2024-11-16,wk flu hosp rate change,3,2024-12-07,42,pmf,large_decrease,0.001
2024-11-16,wk flu hosp rate change,0,2024-11-16,44,pmf,stable,0.7100000000000003
2024-11-16,wk flu hosp rate change,0,2024-11-16,44,pmf,increase,0.279
2024-11-16,wk flu hosp rate change,0,2024-11-16,44,pmf,large_increase,0.009
2024-11-16,wk flu hosp rate change,0,2024-11-16,44,pmf,decrease,0.001
2024-11-16,wk flu hosp rate change,0,2024-11-16,44,pmf,large_decrease,0.001
2024-11-16,wk flu hosp rate change,1,2024-11-23,44,pmf,stable,0.7000000000000003
2024-11-16,wk flu hosp rate change,1,2024-11-23,44,pmf,increase,0.296
2024-11-16,wk flu hosp rate change,1,2024-11-23,44,pmf,large_increase,0.002
2024-11-16,wk flu hosp rate change,1,2024-11-23,44,pmf,decrease,0.001
2024-11-16,wk flu hosp rate change,1,2024-11-23,44,pmf,large_decrease,0.001
2024-11-16,wk flu hosp rate change,2,2024-11-30,44,pmf,stable,0.7200000000000003
2024-11-16,wk flu hosp rate change,2,2024-11-30,44,pmf,increase,0.277
2024-11-16,wk flu hosp rate change,2,2024-11-30,44,pmf,large_increase,0.001
2024-11-16,wk flu hosp rate change,2,2024-11-30,44,pmf,decrease,0.001
2024-11-16,wk flu hosp rate change,2,2024-11-30,44,pmf,large_decrease,0.001
2024-11-16,wk flu hosp rate change,3,2024-12-07,44,pmf,stable,0.7490000000000003
2024-11-16,wk flu hosp rate change,3,2024-12-07,44,pmf,increase,0.248
2024-11-16,wk flu hosp rate change,3,2024-12-07,44,pmf,large_increase,0.001
2024-11-16,wk flu hosp rate change,3,2024-12-07,44,pmf,decrease,0.001
2024-11-16,wk flu hosp rate change,3,2024-12-07,44,pmf,large_decrease,0.001
2024-11-16,wk flu hosp rate change,0,2024-11-16,45,pmf,stable,0.6110000000000002
2024-11-16,wk flu hosp rate change,0,2024-11-16,45,pmf,increase,0.295
2024-11-16,wk flu hosp rate change,0,2024-11-16,45,pmf,large_increase,0.001
2024-11-16,wk flu hosp rate change,0,2024-11-16,45,pmf,decrease,0.092
2024-11-16,wk flu hosp rate change,0,2024-11-16,45,pmf,large_decrease,0.001
2024-11-16,wk flu hosp rate change,1,2024-11-23,45,pmf,stable,0.7360000000000003
2024-11-16,wk flu hosp rate change,1,2024-11-23,45,pmf,increase,0.261
2024-11-16,wk flu hosp rate change,1,2024-11-23,45,pmf,large_increase,0.001
2024-11-16,wk flu hosp rate change,1,2024-11-23,45,pmf,decrease,0.001
2024-11-16,wk flu hosp rate change,1,2024-11-23,45,pmf,large_decrease,0.001
2024-11-16,wk flu hosp rate change,2,2024-11-30,45,pmf,stable,0.7490000000000003
2024-11-16,wk flu hosp rate change,2,2024-11-30,45,pmf,increase,0.248
2024-11-16,wk flu hosp rate change,2,2024-11-30,45,pmf,large_increase,0.001
2024-11-16,wk flu hosp rate change,2,2024-11-30,45,pmf,decrease,0.001
2024-11-16,wk flu hosp rate change,2,2024-11-30,45,pmf,large_decrease,0.001
2024-11-16,wk flu hosp rate change,3,2024-12-07,45,pmf,stable,0.7790000000000004
2024-11-16,wk flu hosp rate change,3,2024-12-07,45,pmf,increase,0.218
2024-11-16,wk flu hosp rate change,3,2024-12-07,45,pmf,large_increase,0.001
2024-11-16,wk flu hosp rate change,3,2024-12-07,45,pmf,decrease,0.001
2024-11-16,wk flu hosp rate change,3,2024-12-07,45,pmf,large_decrease,0.001
2024-11-16,wk flu hosp rate change,0,2024-11-16,46,pmf,stable,0.4980000000000001
2024-11-16,wk flu hosp rate change,0,2024-11-16,46,pmf,increase,0.357
2024-11-16,wk flu hosp rate change,0,2024-11-16,46,pmf,large_increase,0.143
2024-11-16,wk flu hosp rate change,0,2024-11-16,46,pmf,decrease,0.001
2024-11-16,wk flu hosp rate change,0,2024-11-16,46,pmf,large_decrease,0.001
2024-11-16,wk flu hosp rate change,1,2024-11-23,46,pmf,stable,0.41500000000000015
2024-11-16,wk flu hosp rate change,1,2024-11-23,46,pmf,increase,0.468
2024-11-16,wk flu hosp rate change,1,2024-11-23,46,pmf,large_increase,0.115
2024-11-16,wk flu hosp rate change,1,2024-11-23,46,pmf,decrease,0.001
2024-11-16,wk flu hosp rate change,1,2024-11-23,46,pmf,large_decrease,0.001
2024-11-16,wk flu hosp rate change,2,2024-11-30,46,pmf,stable,0.35900000000000015
2024-11-16,wk flu hosp rate change,2,2024-11-30,46,pmf,increase,0.544
2024-11-16,wk flu hosp rate change,2,2024-11-30,46,pmf,large_increase,0.095
2024-11-16,wk flu hosp rate change,2,2024-11-30,46,pmf,decrease,0.001
2024-11-16,wk flu hosp rate change,2,2024-11-30,46,pmf,large_decrease,0.001
2024-11-16,wk flu hosp rate change,3,2024-12-07,46,pmf,stable,0.3470000000000002
2024-11-16,wk flu hosp rate change,3,2024-12-07,46,pmf,increase,0.552
2024-11-16,wk flu hosp rate change,3,2024-12-07,46,pmf,large_increase,0.099
2024-11-16,wk flu hosp rate change,3,2024-12-07,46,pmf,decrease,0.001
2024-11-16,wk flu hosp rate change,3,2024-12-07,46,pmf,large_decrease,0.001
2024-11-16,wk flu hosp rate change,0,2024-11-16,47,pmf,stable,0.3690000000000001
2024-11-16,wk flu hosp rate change,0,2024-11-16,47,pmf,increase,0.378
2024-11-16,wk flu hosp rate change,0,2024-11-16,47,pmf,large_increase,0.045
2024-11-16,wk flu hosp rate change,0,2024-11-16,47,pmf,decrease,0.207
2024-11-16,wk flu hosp rate change,0,2024-11-16,47,pmf,large_decrease,0.001
2024-11-16,wk flu hosp rate change,1,2024-11-23,47,pmf,stable,0.3750000000000001
2024-11-16,wk flu hosp rate change,1,2024-11-23,47,pmf,increase,0.473
2024-11-16,wk flu hosp rate change,1,2024-11-23,47,pmf,large_increase,0.023
2024-11-16,wk flu hosp rate change,1,2024-11-23,47,pmf,decrease,0.128
2024-11-16,wk flu hosp rate change,1,2024-11-23,47,pmf,large_decrease,0.001
2024-11-16,wk flu hosp rate change,2,2024-11-30,47,pmf,stable,0.39400000000000013
2024-11-16,wk flu hosp rate change,2,2024-11-30,47,pmf,increase,0.502
2024-11-16,wk flu hosp rate change,2,2024-11-30,47,pmf,large_increase,0.01
2024-11-16,wk flu hosp rate change,2,2024-11-30,47,pmf,decrease,0.093
2024-11-16,wk flu hosp rate change,2,2024-11-30,47,pmf,large_decrease,0.001
2024-11-16,wk flu hosp rate change,3,2024-12-07,47,pmf,stable,0.4370000000000001
2024-11-16,wk flu hosp rate change,3,2024-12-07,47,pmf,increase,0.504
2024-11-16,wk flu hosp rate change,3,2024-12-07,47,pmf,large_increase,0.007
2024-11-16,wk flu hosp rate change,3,2024-12-07,47,pmf,decrease,0.051
2024-11-16,wk flu hosp rate change,3,2024-12-07,47,pmf,large_decrease,0.001
2024-11-16,wk flu hosp rate change,0,2024-11-16,48,pmf,stable,0.3440000000000001
2024-11-16,wk flu hosp rate change,0,2024-11-16,48,pmf,increase,0.437
2024-11-16,wk flu hosp rate change,0,2024-11-16,48,pmf,large_increase,0.052
2024-11-16,wk flu hosp rate change,0,2024-11-16,48,pmf,decrease,0.166
2024-11-16,wk flu hosp rate change,0,2024-11-16,48,pmf,large_decrease,0.001
2024-11-16,wk flu hosp rate change,1,2024-11-23,48,pmf,stable,0.3470000000000001
2024-11-16,wk flu hosp rate change,1,2024-11-23,48,pmf,increase,0.55
2024-11-16,wk flu hosp rate change,1,2024-11-23,48,pmf,large_increase,0.014
2024-11-16,wk flu hosp rate change,1,2024-11-23,48,pmf,decrease,0.088
2024-11-16,wk flu hosp rate change,1,2024-11-23,48,pmf,large_decrease,0.001
2024-11-16,wk flu hosp rate change,2,2024-11-30,48,pmf,stable,0.39700000000000024
2024-11-16,wk flu hosp rate change,2,2024-11-30,48,pmf,increase,0.585
2024-11-16,wk flu hosp rate change,2,2024-11-30,48,pmf,large_increase,0.016
2024-11-16,wk flu hosp rate change,2,2024-11-30,48,pmf,decrease,0.001
2024-11-16,wk flu hosp rate change,2,2024-11-30,48,pmf,large_decrease,0.001
2024-11-16,wk flu hosp rate change,3,2024-12-07,48,pmf,stable,0.3540000000000002
2024-11-16,wk flu hosp rate change,3,2024-12-07,48,pmf,increase,0.63
2024-11-16,wk flu hosp rate change,3,2024-12-07,48,pmf,large_increase,0.014
2024-11-16,wk flu hosp rate change,3,2024-12-07,48,pmf,decrease,0.001
2024-11-16,wk flu hosp rate change,3,2024-12-07,48,pmf,large_decrease,0.001
2024-11-16,wk flu hosp rate change,0,2024-11-16,49,pmf,stable,0.6280000000000002
2024-11-16,wk flu hosp rate change,0,2024-11-16,49,pmf,increase,0.365
2024-11-16,wk flu hosp rate change,0,2024-11-16,49,pmf,large_increase,0.005
2024-11-16,wk flu hosp rate change,0,2024-11-16,49,pmf,decrease,0.001
2024-11-16,wk flu hosp rate change,0,2024-11-16,49,pmf,large_decrease,0.001
2024-11-16,wk flu hosp rate change,1,2024-11-23,49,pmf,stable,0.5990000000000003
2024-11-16,wk flu hosp rate change,1,2024-11-23,49,pmf,increase,0.398
2024-11-16,wk flu hosp rate change,1,2024-11-23,49,pmf,large_increase,0.001
2024-11-16,wk flu hosp rate change,1,2024-11-23,49,pmf,decrease,0.001
2024-11-16,wk flu hosp rate change,1,2024-11-23,49,pmf,large_decrease,0.001
2024-11-16,wk flu hosp rate change,2,2024-11-30,49,pmf,stable,0.5820000000000003
2024-11-16,wk flu hosp rate change,2,2024-11-30,49,pmf,increase,0.415
2024-11-16,wk flu hosp rate change,2,2024-11-30,49,pmf,large_increase,0.001
2024-11-16,wk flu hosp rate change,2,2024-11-30,49,pmf,decrease,0.001
2024-11-16,wk flu hosp rate change,2,2024-11-30,49,pmf,large_decrease,0.001
2024-11-16,wk flu hosp rate change,3,2024-12-07,49,pmf,stable,0.6170000000000003
2024-11-16,wk flu hosp rate change,3,2024-12-07,49,pmf,increase,0.38
2024-11-16,wk flu hosp rate change,3,2024-12-07,49,pmf,large_increase,0.001
2024-11-16,wk flu hosp rate change,3,2024-12-07,49,pmf,decrease,0.001
2024-11-16,wk flu hosp rate change,3,2024-12-07,49,pmf,large_decrease,0.001
2024-11-16,wk flu hosp rate change,0,2024-11-16,50,pmf,stable,0.5700000000000001
2024-11-16,wk flu hosp rate change,0,2024-11-16,50,pmf,increase,0.342
2024-11-16,wk flu hosp rate change,0,2024-11-16,50,pmf,large_increase,0.086
2024-11-16,wk flu hosp rate change,0,2024-11-16,50,pmf,decrease,0.001
2024-11-16,wk flu hosp rate change,0,2024-11-16,50,pmf,large_decrease,0.001
2024-11-16,wk flu hosp rate change,1,2024-11-23,50,pmf,stable,0.4730000000000003
2024-11-16,wk flu hosp rate change,1,2024-11-23,50,pmf,increase,0.474
2024-11-16,wk flu hosp rate change,1,2024-11-23,50,pmf,large_increase,0.051
2024-11-16,wk flu hosp rate change,1,2024-11-23,50,pmf,decrease,0.001
2024-11-16,wk flu hosp rate change,1,2024-11-23,50,pmf,large_decrease,0.001
2024-11-16,wk flu hosp rate change,2,2024-11-30,50,pmf,stable,0.41100000000000025
2024-11-16,wk flu hosp rate change,2,2024-11-30,50,pmf,increase,0.545
2024-11-16,wk flu hosp rate change,2,2024-11-30,50,pmf,large_increase,0.042
2024-11-16,wk flu hosp rate change,2,2024-11-30,50,pmf,decrease,0.001
2024-11-16,wk flu hosp rate change,2,2024-11-30,50,pmf,large_decrease,0.001
2024-11-16,wk flu hosp rate change,3,2024-12-07,50,pmf,stable,0.41100000000000025
2024-11-16,wk flu hosp rate change,3,2024-12-07,50,pmf,increase,0.546
2024-11-16,wk flu hosp rate change,3,2024-12-07,50,pmf,large_increase,0.041
2024-11-16,wk flu hosp rate change,3,2024-12-07,50,pmf,decrease,0.001
2024-11-16,wk flu hosp rate change,3,2024-12-07,50,pmf,large_decrease,0.001
2024-11-16,wk flu hosp rate change,0,2024-11-16,51,pmf,stable,0.6770000000000003
2024-11-16,wk flu hosp rate change,0,2024-11-16,51,pmf,increase,0.317
2024-11-16,wk flu hosp rate change,0,2024-11-16,51,pmf,large_increase,0.004
2024-11-16,wk flu hosp rate change,0,2024-11-16,51,pmf,decrease,0.001
2024-11-16,wk flu hosp rate change,0,2024-11-16,51,pmf,large_decrease,0.001
2024-11-16,wk flu hosp rate change,1,2024-11-23,51,pmf,stable,0.6520000000000004
2024-11-16,wk flu hosp rate change,1,2024-11-23,51,pmf,increase,0.345
2024-11-16,wk flu hosp rate change,1,2024-11-23,51,pmf,large_increase,0.001
2024-11-16,wk flu hosp rate change,1,2024-11-23,51,pmf,decrease,0.001
2024-11-16,wk flu hosp rate change,1,2024-11-23,51,pmf,large_decrease,0.001
2024-11-16,wk flu hosp rate change,2,2024-11-30,51,pmf,stable,0.6490000000000004
2024-11-16,wk flu hosp rate change,2,2024-11-30,51,pmf,increase,0.348
2024-11-16,wk flu hosp rate change,2,2024-11-30,51,pmf,large_increase,0.001
2024-11-16,wk flu hosp rate change,2,2024-11-30,51,pmf,decrease,0.001
2024-11-16,wk flu hosp rate change,2,2024-11-30,51,pmf,large_decrease,0.001
2024-11-16,wk flu hosp rate change,3,2024-12-07,51,pmf,stable,0.6810000000000004
2024-11-16,wk flu hosp rate change,3,2024-12-07,51,pmf,increase,0.316
2024-11-16,wk flu hosp rate change,3,2024-12-07,51,pmf,large_increase,0.001
2024-11-16,wk flu hosp rate change,3,2024-12-07,51,pmf,decrease,0.001
2024-11-16,wk flu hosp rate change,3,2024-12-07,51,pmf,large_decrease,0.001
2024-11-16,wk flu hosp rate change,0,2024-11-16,53,pmf,stable,0.5630000000000002
2024-11-16,wk flu hosp rate change,0,2024-11-16,53,pmf,increase,0.379
2024-11-16,wk flu hosp rate change,0,2024-11-16,53,pmf,large_increase,0.056
2024-11-16,wk flu hosp rate change,0,2024-11-16,53,pmf,decrease,0.001
2024-11-16,wk flu hosp rate change,0,2024-11-16,53,pmf,large_decrease,0.001
2024-11-16,wk flu hosp rate change,1,2024-11-23,53,pmf,stable,0.5290000000000002
2024-11-16,wk flu hosp rate change,1,2024-11-23,53,pmf,increase,0.423
2024-11-16,wk flu hosp rate change,1,2024-11-23,53,pmf,large_increase,0.046
2024-11-16,wk flu hosp rate change,1,2024-11-23,53,pmf,decrease,0.001
2024-11-16,wk flu hosp rate change,1,2024-11-23,53,pmf,large_decrease,0.001
2024-11-16,wk flu hosp rate change,2,2024-11-30,53,pmf,stable,0.4970000000000002
2024-11-16,wk flu hosp rate change,2,2024-11-30,53,pmf,increase,0.454
2024-11-16,wk flu hosp rate change,2,2024-11-30,53,pmf,large_increase,0.047
2024-11-16,wk flu hosp rate change,2,2024-11-30,53,pmf,decrease,0.001
2024-11-16,wk flu hosp rate change,2,2024-11-30,53,pmf,large_decrease,0.001
2024-11-16,wk flu hosp rate change,3,2024-12-07,53,pmf,stable,0.4740000000000002
2024-11-16,wk flu hosp rate change,3,2024-12-07,53,pmf,increase,0.487
2024-11-16,wk flu hosp rate change,3,2024-12-07,53,pmf,large_increase,0.037
2024-11-16,wk flu hosp rate change,3,2024-12-07,53,pmf,decrease,0.001
2024-11-16,wk flu hosp rate change,3,2024-12-07,53,pmf,large_decrease,0.001
2024-11-16,wk flu hosp rate change,0,2024-11-16,54,pmf,stable,0.5940000000000002
2024-11-16,wk flu hosp rate change,0,2024-11-16,54,pmf,increase,0.314
2024-11-16,wk flu hosp rate change,0,2024-11-16,54,pmf,large_increase,0.09
2024-11-16,wk flu hosp rate change,0,2024-11-16,54,pmf,decrease,0.001
2024-11-16,wk flu hosp rate change,0,2024-11-16,54,pmf,large_decrease,0.001
2024-11-16,wk flu hosp rate change,1,2024-11-23,54,pmf,stable,0.5300000000000001
2024-11-16,wk flu hosp rate change,1,2024-11-23,54,pmf,increase,0.401
2024-11-16,wk flu hosp rate change,1,2024-11-23,54,pmf,large_increase,0.067
2024-11-16,wk flu hosp rate change,1,2024-11-23,54,pmf,decrease,0.001
2024-11-16,wk flu hosp rate change,1,2024-11-23,54,pmf,large_decrease,0.001
2024-11-16,wk flu hosp rate change,2,2024-11-30,54,pmf,stable,0.4880000000000002
2024-11-16,wk flu hosp rate change,2,2024-11-30,54,pmf,increase,0.448
2024-11-16,wk flu hosp rate change,2,2024-11-30,54,pmf,large_increase,0.062
2024-11-16,wk flu hosp rate change,2,2024-11-30,54,pmf,decrease,0.001
2024-11-16,wk flu hosp rate change,2,2024-11-30,54,pmf,large_decrease,0.001
2024-11-16,wk flu hosp rate change,3,2024-12-07,54,pmf,stable,0.4740000000000002
2024-11-16,wk flu hosp rate change,3,2024-12-07,54,pmf,increase,0.48
2024-11-16,wk flu hosp rate change,3,2024-12-07,54,pmf,large_increase,0.044
2024-11-16,wk flu hosp rate change,3,2024-12-07,54,pmf,decrease,0.001
2024-11-16,wk flu hosp rate change,3,2024-12-07,54,pmf,large_decrease,0.001
2024-11-16,wk flu hosp rate change,0,2024-11-16,55,pmf,stable,0.5690000000000002
2024-11-16,wk flu hosp rate change,0,2024-11-16,55,pmf,increase,0.368
2024-11-16,wk flu hosp rate change,0,2024-11-16,55,pmf,large_increase,0.061
2024-11-16,wk flu hosp rate change,0,2024-11-16,55,pmf,decrease,0.001
2024-11-16,wk flu hosp rate change,0,2024-11-16,55,pmf,large_decrease,0.001
2024-11-16,wk flu hosp rate change,1,2024-11-23,55,pmf,stable,0.5200000000000002
2024-11-16,wk flu hosp rate change,1,2024-11-23,55,pmf,increase,0.439
2024-11-16,wk flu hosp rate change,1,2024-11-23,55,pmf,large_increase,0.039
2024-11-16,wk flu hosp rate change,1,2024-11-23,55,pmf,decrease,0.001
2024-11-16,wk flu hosp rate change,1,2024-11-23,55,pmf,large_decrease,0.001
2024-11-16,wk flu hosp rate change,2,2024-11-30,55,pmf,stable,0.5060000000000002
2024-11-16,wk flu hosp rate change,2,2024-11-30,55,pmf,increase,0.464
2024-11-16,wk flu hosp rate change,2,2024-11-30,55,pmf,large_increase,0.028
2024-11-16,wk flu hosp rate change,2,2024-11-30,55,pmf,decrease,0.001
2024-11-16,wk flu hosp rate change,2,2024-11-30,55,pmf,large_decrease,0.001
2024-11-16,wk flu hosp rate change,3,2024-12-07,55,pmf,stable,0.5050000000000002
2024-11-16,wk flu hosp rate change,3,2024-12-07,55,pmf,increase,0.474
2024-11-16,wk flu hosp rate change,3,2024-12-07,55,pmf,large_increase,0.019
2024-11-16,wk flu hosp rate change,3,2024-12-07,55,pmf,decrease,0.001
2024-11-16,wk flu hosp rate change,3,2024-12-07,55,pmf,large_decrease,0.001
2024-11-16,wk flu hosp rate change,0,2024-11-16,56,pmf,stable,0.16700000000000015
2024-11-16,wk flu hosp rate change,0,2024-11-16,56,pmf,increase,0.337
2024-11-16,wk flu hosp rate change,0,2024-11-16,56,pmf,large_increase,0.119
2024-11-16,wk flu hosp rate change,0,2024-11-16,56,pmf,decrease,0.376
2024-11-16,wk flu hosp rate change,0,2024-11-16,56,pmf,large_decrease,0.001
2024-11-16,wk flu hosp rate change,1,2024-11-23,56,pmf,stable,0.2120000000000002
2024-11-16,wk flu hosp rate change,1,2024-11-23,56,pmf,increase,0.357
2024-11-16,wk flu hosp rate change,1,2024-11-23,56,pmf,large_increase,0.091
2024-11-16,wk flu hosp rate change,1,2024-11-23,56,pmf,decrease,0.339
2024-11-16,wk flu hosp rate change,1,2024-11-23,56,pmf,large_decrease,0.001
2024-11-16,wk flu hosp rate change,2,2024-11-30,56,pmf,stable,0.26600000000000024
2024-11-16,wk flu hosp rate change,2,2024-11-30,56,pmf,increase,0.37
2024-11-16,wk flu hosp rate change,2,2024-11-30,56,pmf,large_increase,0.088
2024-11-16,wk flu hosp rate change,2,2024-11-30,56,pmf,decrease,0.275
2024-11-16,wk flu hosp rate change,2,2024-11-30,56,pmf,large_decrease,0.001
2024-11-16,wk flu hosp rate change,3,2024-12-07,56,pmf,stable,0.31299999999999983
2024-11-16,wk flu hosp rate change,3,2024-12-07,56,pmf,increase,0.385
2024-11-16,wk flu hosp rate change,3,2024-12-07,56,pmf,large_increase,0.084
2024-11-16,wk flu hosp rate change,3,2024-12-07,56,pmf,decrease,0.217
2024-11-16,wk flu hosp rate change,3,2024-12-07,56,pmf,large_decrease,0.001
2024-11-16,wk flu hosp rate change,0,2024-11-16,72,pmf,stable,0.10800000000000022
2024-11-16,wk flu hosp rate change,0,2024-11-16,72,pmf,increase,0.227
2024-11-16,wk flu hosp rate change,0,2024-11-16,72,pmf,large_increase,0.266
2024-11-16,wk flu hosp rate change,0,2024-11-16,72,pmf,decrease,0.398
2024-11-16,wk flu hosp rate change,0,2024-11-16,72,pmf,large_decrease,0.001
2024-11-16,wk flu hosp rate change,1,2024-11-23,72,pmf,stable,0.13200000000000012
2024-11-16,wk flu hosp rate change,1,2024-11-23,72,pmf,increase,0.304
2024-11-16,wk flu hosp rate change,1,2024-11-23,72,pmf,large_increase,0.225
2024-11-16,wk flu hosp rate change,1,2024-11-23,72,pmf,decrease,0.338
2024-11-16,wk flu hosp rate change,1,2024-11-23,72,pmf,large_decrease,0.001
2024-11-16,wk flu hosp rate change,2,2024-11-30,72,pmf,stable,0.17000000000000012
2024-11-16,wk flu hosp rate change,2,2024-11-30,72,pmf,increase,0.335
2024-11-16,wk flu hosp rate change,2,2024-11-30,72,pmf,large_increase,0.227
2024-11-16,wk flu hosp rate change,2,2024-11-30,72,pmf,decrease,0.267
2024-11-16,wk flu hosp rate change,2,2024-11-30,72,pmf,large_decrease,0.001
2024-11-16,wk flu hosp rate change,3,2024-12-07,72,pmf,stable,0.4220000000000002
2024-11-16,wk flu hosp rate change,3,2024-12-07,72,pmf,increase,0.378
2024-11-16,wk flu hosp rate change,3,2024-12-07,72,pmf,large_increase,0.198
2024-11-16,wk flu hosp rate change,3,2024-12-07,72,pmf,decrease,0.001
2024-11-16,wk flu hosp rate change,3,2024-12-07,72,pmf,large_decrease,0.001
2024-11-16,wk flu hosp rate change,0,2024-11-16,US,pmf,stable,0.4770000000000001
2024-11-16,wk flu hosp rate change,0,2024-11-16,US,pmf,increase,0.417
2024-11-16,wk flu hosp rate change,0,2024-11-16,US,pmf,large_increase,0.027
2024-11-16,wk flu hosp rate change,0,2024-11-16,US,pmf,decrease,0.078
2024-11-16,wk flu hosp rate change,0,2024-11-16,US,pmf,large_decrease,0.001
2024-11-16,wk flu hosp rate change,1,2024-11-23,US,pmf,stable,0.4460000000000001
2024-11-16,wk flu hosp rate change,1,2024-11-23,US,pmf,increase,0.508
2024-11-16,wk flu hosp rate change,1,2024-11-23,US,pmf,large_increase,0.009
2024-11-16,wk flu hosp rate change,1,2024-11-23,US,pmf,decrease,0.036
2024-11-16,wk flu hosp rate change,1,2024-11-23,US,pmf,large_decrease,0.001
2024-11-16,wk flu hosp rate change,2,2024-11-30,US,pmf,stable,0.4320000000000001
2024-11-16,wk flu hosp rate change,2,2024-11-30,US,pmf,increase,0.547
2024-11-16,wk flu hosp rate change,2,2024-11-30,US,pmf,large_increase,0.003
2024-11-16,wk flu hosp rate change,2,2024-11-30,US,pmf,decrease,0.017
2024-11-16,wk flu hosp rate change,2,2024-11-30,US,pmf,large_decrease,0.001
2024-11-16,wk flu hosp rate change,3,2024-12-07,US,pmf,stable,0.4710000000000003
2024-11-16,wk flu hosp rate change,3,2024-12-07,US,pmf,increase,0.526
2024-11-16,wk flu hosp rate change,3,2024-12-07,US,pmf,large_increase,0.001
2024-11-16,wk flu hosp rate change,3,2024-12-07,US,pmf,decrease,0.001
2024-11-16,wk flu hosp rate change,3,2024-12-07,US,pmf,large_decrease,0.001
