reference_date,target,horizon,target_end_date,location,output_type,output_type_id,value
2025-05-24,wk inc flu hosp,0,2025-05-24,01,quantile,0.01,0.0
2025-05-24,wk inc flu hosp,0,2025-05-24,01,quantile,0.025,0.0
2025-05-24,wk inc flu hosp,0,2025-05-24,01,quantile,0.05,0.0
2025-05-24,wk inc flu hosp,0,2025-05-24,01,quantile,0.1,0.0
2025-05-24,wk inc flu hosp,0,2025-05-24,01,quantile,0.15,0.937
2025-05-24,wk inc flu hosp,0,2025-05-24,01,quantile,0.2,7.385
2025-05-24,wk inc flu hosp,0,2025-05-24,01,quantile,0.25,12.456
2025-05-24,wk inc flu hosp,0,2025-05-24,01,quantile,0.3,16.327
2025-05-24,wk inc flu hosp,0,2025-05-24,01,quantile,0.35,19.551
2025-05-24,wk inc flu hosp,0,2025-05-24,01,quantile,0.4,23.874
2025-05-24,wk inc flu hosp,0,2025-05-24,01,quantile,0.45,28.468
2025-05-24,wk inc flu hosp,0,2025-05-24,01,quantile,0.5,32.827
2025-05-24,wk inc flu hosp,0,2025-05-24,01,quantile,0.55,36.832
2025-05-24,wk inc flu hosp,0,2025-05-24,01,quantile,0.6,40.928
2025-05-24,wk inc flu hosp,0,2025-05-24,01,quantile,0.65,45.624
2025-05-24,wk inc flu hosp,0,2025-05-24,01,quantile,0.7,49.277
2025-05-24,wk inc flu hosp,0,2025-05-24,01,quantile,0.75,53.202
2025-05-24,wk inc flu hosp,0,2025-05-24,01,quantile,0.8,59.343
2025-05-24,wk inc flu hosp,0,2025-05-24,01,quantile,0.85,65.467
2025-05-24,wk inc flu hosp,0,2025-05-24,01,quantile,0.9,72.887
2025-05-24,wk inc flu hosp,0,2025-05-24,01,quantile,0.95,81.152
2025-05-24,wk inc flu hosp,0,2025-05-24,01,quantile,0.975,94.344
2025-05-24,wk inc flu hosp,0,2025-05-24,01,quantile,0.99,110.364
2025-05-24,wk inc flu hosp,1,2025-05-31,01,quantile,0.01,0.0
2025-05-24,wk inc flu hosp,1,2025-05-31,01,quantile,0.025,0.0
2025-05-24,wk inc flu hosp,1,2025-05-31,01,quantile,0.05,0.0
2025-05-24,wk inc flu hosp,1,2025-05-31,01,quantile,0.1,0.0
2025-05-24,wk inc flu hosp,1,2025-05-31,01,quantile,0.15,0.0
2025-05-24,wk inc flu hosp,1,2025-05-31,01,quantile,0.2,0.0
2025-05-24,wk inc flu hosp,1,2025-05-31,01,quantile,0.25,0.0
2025-05-24,wk inc flu hosp,1,2025-05-31,01,quantile,0.3,3.684
2025-05-24,wk inc flu hosp,1,2025-05-31,01,quantile,0.35,9.963
2025-05-24,wk inc flu hosp,1,2025-05-31,01,quantile,0.4,15.744
2025-05-24,wk inc flu hosp,1,2025-05-31,01,quantile,0.45,20.738
2025-05-24,wk inc flu hosp,1,2025-05-31,01,quantile,0.5,25.282
2025-05-24,wk inc flu hosp,1,2025-05-31,01,quantile,0.55,30.355
2025-05-24,wk inc flu hosp,1,2025-05-31,01,quantile,0.6,35.192
2025-05-24,wk inc flu hosp,1,2025-05-31,01,quantile,0.65,40.445
2025-05-24,wk inc flu hosp,1,2025-05-31,01,quantile,0.7,46.078
2025-05-24,wk inc flu hosp,1,2025-05-31,01,quantile,0.75,52.586
2025-05-24,wk inc flu hosp,1,2025-05-31,01,quantile,0.8,59.773
2025-05-24,wk inc flu hosp,1,2025-05-31,01,quantile,0.85,69.537
2025-05-24,wk inc flu hosp,1,2025-05-31,01,quantile,0.9,78.277
2025-05-24,wk inc flu hosp,1,2025-05-31,01,quantile,0.95,93.494
2025-05-24,wk inc flu hosp,1,2025-05-31,01,quantile,0.975,101.567
2025-05-24,wk inc flu hosp,1,2025-05-31,01,quantile,0.99,114.627
2025-05-24,wk inc flu hosp,2,2025-06-07,01,quantile,0.01,0.0
2025-05-24,wk inc flu hosp,2,2025-06-07,01,quantile,0.025,0.0
2025-05-24,wk inc flu hosp,2,2025-06-07,01,quantile,0.05,0.0
2025-05-24,wk inc flu hosp,2,2025-06-07,01,quantile,0.1,0.0
2025-05-24,wk inc flu hosp,2,2025-06-07,01,quantile,0.15,0.0
2025-05-24,wk inc flu hosp,2,2025-06-07,01,quantile,0.2,0.0
2025-05-24,wk inc flu hosp,2,2025-06-07,01,quantile,0.25,0.0
2025-05-24,wk inc flu hosp,2,2025-06-07,01,quantile,0.3,3.356
2025-05-24,wk inc flu hosp,2,2025-06-07,01,quantile,0.35,7.245
2025-05-24,wk inc flu hosp,2,2025-06-07,01,quantile,0.4,11.577
2025-05-24,wk inc flu hosp,2,2025-06-07,01,quantile,0.45,16.633
2025-05-24,wk inc flu hosp,2,2025-06-07,01,quantile,0.5,21.613
2025-05-24,wk inc flu hosp,2,2025-06-07,01,quantile,0.55,26.135
2025-05-24,wk inc flu hosp,2,2025-06-07,01,quantile,0.6,32.016
2025-05-24,wk inc flu hosp,2,2025-06-07,01,quantile,0.65,38.049
2025-05-24,wk inc flu hosp,2,2025-06-07,01,quantile,0.7,43.346
2025-05-24,wk inc flu hosp,2,2025-06-07,01,quantile,0.75,50.609
2025-05-24,wk inc flu hosp,2,2025-06-07,01,quantile,0.8,58.687
2025-05-24,wk inc flu hosp,2,2025-06-07,01,quantile,0.85,68.277
2025-05-24,wk inc flu hosp,2,2025-06-07,01,quantile,0.9,79.542
2025-05-24,wk inc flu hosp,2,2025-06-07,01,quantile,0.95,96.962
2025-05-24,wk inc flu hosp,2,2025-06-07,01,quantile,0.975,112.914
2025-05-24,wk inc flu hosp,2,2025-06-07,01,quantile,0.99,128.192
2025-05-24,wk inc flu hosp,3,2025-06-14,01,quantile,0.01,0.0
2025-05-24,wk inc flu hosp,3,2025-06-14,01,quantile,0.025,0.0
2025-05-24,wk inc flu hosp,3,2025-06-14,01,quantile,0.05,0.0
2025-05-24,wk inc flu hosp,3,2025-06-14,01,quantile,0.1,0.0
2025-05-24,wk inc flu hosp,3,2025-06-14,01,quantile,0.15,0.0
2025-05-24,wk inc flu hosp,3,2025-06-14,01,quantile,0.2,0.0
2025-05-24,wk inc flu hosp,3,2025-06-14,01,quantile,0.25,0.0
2025-05-24,wk inc flu hosp,3,2025-06-14,01,quantile,0.3,0.0
2025-05-24,wk inc flu hosp,3,2025-06-14,01,quantile,0.35,0.0
2025-05-24,wk inc flu hosp,3,2025-06-14,01,quantile,0.4,4.257
2025-05-24,wk inc flu hosp,3,2025-06-14,01,quantile,0.45,10.007
2025-05-24,wk inc flu hosp,3,2025-06-14,01,quantile,0.5,15.227
2025-05-24,wk inc flu hosp,3,2025-06-14,01,quantile,0.55,22.631
2025-05-24,wk inc flu hosp,3,2025-06-14,01,quantile,0.6,30.534
2025-05-24,wk inc flu hosp,3,2025-06-14,01,quantile,0.65,37.831
2025-05-24,wk inc flu hosp,3,2025-06-14,01,quantile,0.7,45.915
2025-05-24,wk inc flu hosp,3,2025-06-14,01,quantile,0.75,52.062
2025-05-24,wk inc flu hosp,3,2025-06-14,01,quantile,0.8,61.56
2025-05-24,wk inc flu hosp,3,2025-06-14,01,quantile,0.85,73.631
2025-05-24,wk inc flu hosp,3,2025-06-14,01,quantile,0.9,86.317
2025-05-24,wk inc flu hosp,3,2025-06-14,01,quantile,0.95,108.781
2025-05-24,wk inc flu hosp,3,2025-06-14,01,quantile,0.975,129.045
2025-05-24,wk inc flu hosp,3,2025-06-14,01,quantile,0.99,148.577
2025-05-24,wk inc flu hosp,0,2025-05-24,02,quantile,0.01,0.0
2025-05-24,wk inc flu hosp,0,2025-05-24,02,quantile,0.025,0.0
2025-05-24,wk inc flu hosp,0,2025-05-24,02,quantile,0.05,0.0
2025-05-24,wk inc flu hosp,0,2025-05-24,02,quantile,0.1,0.0
2025-05-24,wk inc flu hosp,0,2025-05-24,02,quantile,0.15,0.0
2025-05-24,wk inc flu hosp,0,2025-05-24,02,quantile,0.2,0.0
2025-05-24,wk inc flu hosp,0,2025-05-24,02,quantile,0.25,0.0
2025-05-24,wk inc flu hosp,0,2025-05-24,02,quantile,0.3,0.0
2025-05-24,wk inc flu hosp,0,2025-05-24,02,quantile,0.35,0.0
2025-05-24,wk inc flu hosp,0,2025-05-24,02,quantile,0.4,0.885
2025-05-24,wk inc flu hosp,0,2025-05-24,02,quantile,0.45,2.573
2025-05-24,wk inc flu hosp,0,2025-05-24,02,quantile,0.5,4.173
2025-05-24,wk inc flu hosp,0,2025-05-24,02,quantile,0.55,5.481
2025-05-24,wk inc flu hosp,0,2025-05-24,02,quantile,0.6,7.737
2025-05-24,wk inc flu hosp,0,2025-05-24,02,quantile,0.65,9.184
2025-05-24,wk inc flu hosp,0,2025-05-24,02,quantile,0.7,11.023
2025-05-24,wk inc flu hosp,0,2025-05-24,02,quantile,0.75,13.352
2025-05-24,wk inc flu hosp,0,2025-05-24,02,quantile,0.8,15.749
2025-05-24,wk inc flu hosp,0,2025-05-24,02,quantile,0.85,19.201
2025-05-24,wk inc flu hosp,0,2025-05-24,02,quantile,0.9,22.843
2025-05-24,wk inc flu hosp,0,2025-05-24,02,quantile,0.95,29.639
2025-05-24,wk inc flu hosp,0,2025-05-24,02,quantile,0.975,34.565
2025-05-24,wk inc flu hosp,0,2025-05-24,02,quantile,0.99,39.525
2025-05-24,wk inc flu hosp,1,2025-05-31,02,quantile,0.01,0.0
2025-05-24,wk inc flu hosp,1,2025-05-31,02,quantile,0.025,0.0
2025-05-24,wk inc flu hosp,1,2025-05-31,02,quantile,0.05,0.0
2025-05-24,wk inc flu hosp,1,2025-05-31,02,quantile,0.1,0.0
2025-05-24,wk inc flu hosp,1,2025-05-31,02,quantile,0.15,0.0
2025-05-24,wk inc flu hosp,1,2025-05-31,02,quantile,0.2,0.0
2025-05-24,wk inc flu hosp,1,2025-05-31,02,quantile,0.25,0.0
2025-05-24,wk inc flu hosp,1,2025-05-31,02,quantile,0.3,0.0
2025-05-24,wk inc flu hosp,1,2025-05-31,02,quantile,0.35,0.0
2025-05-24,wk inc flu hosp,1,2025-05-31,02,quantile,0.4,1.121
2025-05-24,wk inc flu hosp,1,2025-05-31,02,quantile,0.45,3.065
2025-05-24,wk inc flu hosp,1,2025-05-31,02,quantile,0.5,5.106
2025-05-24,wk inc flu hosp,1,2025-05-31,02,quantile,0.55,6.894
2025-05-24,wk inc flu hosp,1,2025-05-31,02,quantile,0.6,9.043
2025-05-24,wk inc flu hosp,1,2025-05-31,02,quantile,0.65,11.458
2025-05-24,wk inc flu hosp,1,2025-05-31,02,quantile,0.7,14.494
2025-05-24,wk inc flu hosp,1,2025-05-31,02,quantile,0.75,17.746
2025-05-24,wk inc flu hosp,1,2025-05-31,02,quantile,0.8,21.783
2025-05-24,wk inc flu hosp,1,2025-05-31,02,quantile,0.85,24.907
2025-05-24,wk inc flu hosp,1,2025-05-31,02,quantile,0.9,28.827
2025-05-24,wk inc flu hosp,1,2025-05-31,02,quantile,0.95,35.879
2025-05-24,wk inc flu hosp,1,2025-05-31,02,quantile,0.975,41.697
2025-05-24,wk inc flu hosp,1,2025-05-31,02,quantile,0.99,50.721
2025-05-24,wk inc flu hosp,2,2025-06-07,02,quantile,0.01,0.0
2025-05-24,wk inc flu hosp,2,2025-06-07,02,quantile,0.025,0.0
2025-05-24,wk inc flu hosp,2,2025-06-07,02,quantile,0.05,0.0
2025-05-24,wk inc flu hosp,2,2025-06-07,02,quantile,0.1,0.0
2025-05-24,wk inc flu hosp,2,2025-06-07,02,quantile,0.15,0.0
2025-05-24,wk inc flu hosp,2,2025-06-07,02,quantile,0.2,0.0
2025-05-24,wk inc flu hosp,2,2025-06-07,02,quantile,0.25,0.0
2025-05-24,wk inc flu hosp,2,2025-06-07,02,quantile,0.3,0.0
2025-05-24,wk inc flu hosp,2,2025-06-07,02,quantile,0.35,0.0
2025-05-24,wk inc flu hosp,2,2025-06-07,02,quantile,0.4,2.325
2025-05-24,wk inc flu hosp,2,2025-06-07,02,quantile,0.45,5.158
2025-05-24,wk inc flu hosp,2,2025-06-07,02,quantile,0.5,7.132
2025-05-24,wk inc flu hosp,2,2025-06-07,02,quantile,0.55,8.866
2025-05-24,wk inc flu hosp,2,2025-06-07,02,quantile,0.6,11.931
2025-05-24,wk inc flu hosp,2,2025-06-07,02,quantile,0.65,14.332
2025-05-24,wk inc flu hosp,2,2025-06-07,02,quantile,0.7,17.353
2025-05-24,wk inc flu hosp,2,2025-06-07,02,quantile,0.75,20.527
2025-05-24,wk inc flu hosp,2,2025-06-07,02,quantile,0.8,24.464
2025-05-24,wk inc flu hosp,2,2025-06-07,02,quantile,0.85,28.765
2025-05-24,wk inc flu hosp,2,2025-06-07,02,quantile,0.9,33.897
2025-05-24,wk inc flu hosp,2,2025-06-07,02,quantile,0.95,42.514
2025-05-24,wk inc flu hosp,2,2025-06-07,02,quantile,0.975,49.39
2025-05-24,wk inc flu hosp,2,2025-06-07,02,quantile,0.99,57.193
2025-05-24,wk inc flu hosp,3,2025-06-14,02,quantile,0.01,0.0
2025-05-24,wk inc flu hosp,3,2025-06-14,02,quantile,0.025,0.0
2025-05-24,wk inc flu hosp,3,2025-06-14,02,quantile,0.05,0.0
2025-05-24,wk inc flu hosp,3,2025-06-14,02,quantile,0.1,0.0
2025-05-24,wk inc flu hosp,3,2025-06-14,02,quantile,0.15,0.0
2025-05-24,wk inc flu hosp,3,2025-06-14,02,quantile,0.2,0.0
2025-05-24,wk inc flu hosp,3,2025-06-14,02,quantile,0.25,0.0
2025-05-24,wk inc flu hosp,3,2025-06-14,02,quantile,0.3,2.046
2025-05-24,wk inc flu hosp,3,2025-06-14,02,quantile,0.35,3.741
2025-05-24,wk inc flu hosp,3,2025-06-14,02,quantile,0.4,6.371
2025-05-24,wk inc flu hosp,3,2025-06-14,02,quantile,0.45,8.154
2025-05-24,wk inc flu hosp,3,2025-06-14,02,quantile,0.5,10.152
2025-05-24,wk inc flu hosp,3,2025-06-14,02,quantile,0.55,12.192
2025-05-24,wk inc flu hosp,3,2025-06-14,02,quantile,0.6,14.736
2025-05-24,wk inc flu hosp,3,2025-06-14,02,quantile,0.65,16.438
2025-05-24,wk inc flu hosp,3,2025-06-14,02,quantile,0.7,19.654
2025-05-24,wk inc flu hosp,3,2025-06-14,02,quantile,0.75,23.945
2025-05-24,wk inc flu hosp,3,2025-06-14,02,quantile,0.8,28.211
2025-05-24,wk inc flu hosp,3,2025-06-14,02,quantile,0.85,32.627
2025-05-24,wk inc flu hosp,3,2025-06-14,02,quantile,0.9,39.8
2025-05-24,wk inc flu hosp,3,2025-06-14,02,quantile,0.95,48.592
2025-05-24,wk inc flu hosp,3,2025-06-14,02,quantile,0.975,57.396
2025-05-24,wk inc flu hosp,3,2025-06-14,02,quantile,0.99,65.907
2025-05-24,wk inc flu hosp,0,2025-05-24,04,quantile,0.01,0.0
2025-05-24,wk inc flu hosp,0,2025-05-24,04,quantile,0.025,0.0
2025-05-24,wk inc flu hosp,0,2025-05-24,04,quantile,0.05,0.0
2025-05-24,wk inc flu hosp,0,2025-05-24,04,quantile,0.1,0.0
2025-05-24,wk inc flu hosp,0,2025-05-24,04,quantile,0.15,0.0
2025-05-24,wk inc flu hosp,0,2025-05-24,04,quantile,0.2,0.0
2025-05-24,wk inc flu hosp,0,2025-05-24,04,quantile,0.25,0.0
2025-05-24,wk inc flu hosp,0,2025-05-24,04,quantile,0.3,0.0
2025-05-24,wk inc flu hosp,0,2025-05-24,04,quantile,0.35,0.0
2025-05-24,wk inc flu hosp,0,2025-05-24,04,quantile,0.4,7.12
2025-05-24,wk inc flu hosp,0,2025-05-24,04,quantile,0.45,18.554
2025-05-24,wk inc flu hosp,0,2025-05-24,04,quantile,0.5,29.012
2025-05-24,wk inc flu hosp,0,2025-05-24,04,quantile,0.55,38.642
2025-05-24,wk inc flu hosp,0,2025-05-24,04,quantile,0.6,49.044
2025-05-24,wk inc flu hosp,0,2025-05-24,04,quantile,0.65,58.247
2025-05-24,wk inc flu hosp,0,2025-05-24,04,quantile,0.7,71.95
2025-05-24,wk inc flu hosp,0,2025-05-24,04,quantile,0.75,86.056
2025-05-24,wk inc flu hosp,0,2025-05-24,04,quantile,0.8,98.816
2025-05-24,wk inc flu hosp,0,2025-05-24,04,quantile,0.85,114.462
2025-05-24,wk inc flu hosp,0,2025-05-24,04,quantile,0.9,141.02
2025-05-24,wk inc flu hosp,0,2025-05-24,04,quantile,0.95,179.709
2025-05-24,wk inc flu hosp,0,2025-05-24,04,quantile,0.975,224.283
2025-05-24,wk inc flu hosp,0,2025-05-24,04,quantile,0.99,289.238
2025-05-24,wk inc flu hosp,1,2025-05-31,04,quantile,0.01,0.0
2025-05-24,wk inc flu hosp,1,2025-05-31,04,quantile,0.025,0.0
2025-05-24,wk inc flu hosp,1,2025-05-31,04,quantile,0.05,0.0
2025-05-24,wk inc flu hosp,1,2025-05-31,04,quantile,0.1,0.0
2025-05-24,wk inc flu hosp,1,2025-05-31,04,quantile,0.15,0.0
2025-05-24,wk inc flu hosp,1,2025-05-31,04,quantile,0.2,0.0
2025-05-24,wk inc flu hosp,1,2025-05-31,04,quantile,0.25,0.0
2025-05-24,wk inc flu hosp,1,2025-05-31,04,quantile,0.3,0.0
2025-05-24,wk inc flu hosp,1,2025-05-31,04,quantile,0.35,0.0
2025-05-24,wk inc flu hosp,1,2025-05-31,04,quantile,0.4,0.0
2025-05-24,wk inc flu hosp,1,2025-05-31,04,quantile,0.45,2.677
2025-05-24,wk inc flu hosp,1,2025-05-31,04,quantile,0.5,16.746
2025-05-24,wk inc flu hosp,1,2025-05-31,04,quantile,0.55,28.788
2025-05-24,wk inc flu hosp,1,2025-05-31,04,quantile,0.6,41.473
2025-05-24,wk inc flu hosp,1,2025-05-31,04,quantile,0.65,58.769
2025-05-24,wk inc flu hosp,1,2025-05-31,04,quantile,0.7,74.954
2025-05-24,wk inc flu hosp,1,2025-05-31,04,quantile,0.75,96.595
2025-05-24,wk inc flu hosp,1,2025-05-31,04,quantile,0.8,111.702
2025-05-24,wk inc flu hosp,1,2025-05-31,04,quantile,0.85,138.153
2025-05-24,wk inc flu hosp,1,2025-05-31,04,quantile,0.9,165.347
2025-05-24,wk inc flu hosp,1,2025-05-31,04,quantile,0.95,215.484
2025-05-24,wk inc flu hosp,1,2025-05-31,04,quantile,0.975,261.196
2025-05-24,wk inc flu hosp,1,2025-05-31,04,quantile,0.99,319.763
2025-05-24,wk inc flu hosp,2,2025-06-07,04,quantile,0.01,0.0
2025-05-24,wk inc flu hosp,2,2025-06-07,04,quantile,0.025,0.0
2025-05-24,wk inc flu hosp,2,2025-06-07,04,quantile,0.05,0.0
2025-05-24,wk inc flu hosp,2,2025-06-07,04,quantile,0.1,0.0
2025-05-24,wk inc flu hosp,2,2025-06-07,04,quantile,0.15,0.0
2025-05-24,wk inc flu hosp,2,2025-06-07,04,quantile,0.2,0.0
2025-05-24,wk inc flu hosp,2,2025-06-07,04,quantile,0.25,0.0
2025-05-24,wk inc flu hosp,2,2025-06-07,04,quantile,0.3,0.0
2025-05-24,wk inc flu hosp,2,2025-06-07,04,quantile,0.35,0.0
2025-05-24,wk inc flu hosp,2,2025-06-07,04,quantile,0.4,0.0
2025-05-24,wk inc flu hosp,2,2025-06-07,04,quantile,0.45,9.055
2025-05-24,wk inc flu hosp,2,2025-06-07,04,quantile,0.5,20.699
2025-05-24,wk inc flu hosp,2,2025-06-07,04,quantile,0.55,36.262
2025-05-24,wk inc flu hosp,2,2025-06-07,04,quantile,0.6,52.375
2025-05-24,wk inc flu hosp,2,2025-06-07,04,quantile,0.65,71.115
2025-05-24,wk inc flu hosp,2,2025-06-07,04,quantile,0.7,89.759
2025-05-24,wk inc flu hosp,2,2025-06-07,04,quantile,0.75,111.896
2025-05-24,wk inc flu hosp,2,2025-06-07,04,quantile,0.8,135.621
2025-05-24,wk inc flu hosp,2,2025-06-07,04,quantile,0.85,161.856
2025-05-24,wk inc flu hosp,2,2025-06-07,04,quantile,0.9,193.841
2025-05-24,wk inc flu hosp,2,2025-06-07,04,quantile,0.95,249.823
2025-05-24,wk inc flu hosp,2,2025-06-07,04,quantile,0.975,296.944
2025-05-24,wk inc flu hosp,2,2025-06-07,04,quantile,0.99,363.269
2025-05-24,wk inc flu hosp,3,2025-06-14,04,quantile,0.01,0.0
2025-05-24,wk inc flu hosp,3,2025-06-14,04,quantile,0.025,0.0
2025-05-24,wk inc flu hosp,3,2025-06-14,04,quantile,0.05,0.0
2025-05-24,wk inc flu hosp,3,2025-06-14,04,quantile,0.1,0.0
2025-05-24,wk inc flu hosp,3,2025-06-14,04,quantile,0.15,0.0
2025-05-24,wk inc flu hosp,3,2025-06-14,04,quantile,0.2,0.0
2025-05-24,wk inc flu hosp,3,2025-06-14,04,quantile,0.25,0.0
2025-05-24,wk inc flu hosp,3,2025-06-14,04,quantile,0.3,0.0
2025-05-24,wk inc flu hosp,3,2025-06-14,04,quantile,0.35,0.0
2025-05-24,wk inc flu hosp,3,2025-06-14,04,quantile,0.4,0.0
2025-05-24,wk inc flu hosp,3,2025-06-14,04,quantile,0.45,8.008
2025-05-24,wk inc flu hosp,3,2025-06-14,04,quantile,0.5,25.008
2025-05-24,wk inc flu hosp,3,2025-06-14,04,quantile,0.55,42.908
2025-05-24,wk inc flu hosp,3,2025-06-14,04,quantile,0.6,60.831
2025-05-24,wk inc flu hosp,3,2025-06-14,04,quantile,0.65,78.832
2025-05-24,wk inc flu hosp,3,2025-06-14,04,quantile,0.7,100.054
2025-05-24,wk inc flu hosp,3,2025-06-14,04,quantile,0.75,117.94
2025-05-24,wk inc flu hosp,3,2025-06-14,04,quantile,0.8,137.195
2025-05-24,wk inc flu hosp,3,2025-06-14,04,quantile,0.85,170.6
2025-05-24,wk inc flu hosp,3,2025-06-14,04,quantile,0.9,205.64
2025-05-24,wk inc flu hosp,3,2025-06-14,04,quantile,0.95,258.714
2025-05-24,wk inc flu hosp,3,2025-06-14,04,quantile,0.975,307.417
2025-05-24,wk inc flu hosp,3,2025-06-14,04,quantile,0.99,399.461
2025-05-24,wk inc flu hosp,0,2025-05-24,05,quantile,0.01,0.0
2025-05-24,wk inc flu hosp,0,2025-05-24,05,quantile,0.025,0.0
2025-05-24,wk inc flu hosp,0,2025-05-24,05,quantile,0.05,0.0
2025-05-24,wk inc flu hosp,0,2025-05-24,05,quantile,0.1,0.0
2025-05-24,wk inc flu hosp,0,2025-05-24,05,quantile,0.15,0.0
2025-05-24,wk inc flu hosp,0,2025-05-24,05,quantile,0.2,0.0
2025-05-24,wk inc flu hosp,0,2025-05-24,05,quantile,0.25,0.0
2025-05-24,wk inc flu hosp,0,2025-05-24,05,quantile,0.3,0.0
2025-05-24,wk inc flu hosp,0,2025-05-24,05,quantile,0.35,0.0
2025-05-24,wk inc flu hosp,0,2025-05-24,05,quantile,0.4,0.0
2025-05-24,wk inc flu hosp,0,2025-05-24,05,quantile,0.45,0.0
2025-05-24,wk inc flu hosp,0,2025-05-24,05,quantile,0.5,0.0
2025-05-24,wk inc flu hosp,0,2025-05-24,05,quantile,0.55,1.228
2025-05-24,wk inc flu hosp,0,2025-05-24,05,quantile,0.6,4.699
2025-05-24,wk inc flu hosp,0,2025-05-24,05,quantile,0.65,9.661
2025-05-24,wk inc flu hosp,0,2025-05-24,05,quantile,0.7,13.957
2025-05-24,wk inc flu hosp,0,2025-05-24,05,quantile,0.75,17.36
2025-05-24,wk inc flu hosp,0,2025-05-24,05,quantile,0.8,22.915
2025-05-24,wk inc flu hosp,0,2025-05-24,05,quantile,0.85,30.022
2025-05-24,wk inc flu hosp,0,2025-05-24,05,quantile,0.9,37.843
2025-05-24,wk inc flu hosp,0,2025-05-24,05,quantile,0.95,52.923
2025-05-24,wk inc flu hosp,0,2025-05-24,05,quantile,0.975,60.934
2025-05-24,wk inc flu hosp,0,2025-05-24,05,quantile,0.99,71.836
2025-05-24,wk inc flu hosp,1,2025-05-31,05,quantile,0.01,0.0
2025-05-24,wk inc flu hosp,1,2025-05-31,05,quantile,0.025,0.0
2025-05-24,wk inc flu hosp,1,2025-05-31,05,quantile,0.05,0.0
2025-05-24,wk inc flu hosp,1,2025-05-31,05,quantile,0.1,0.0
2025-05-24,wk inc flu hosp,1,2025-05-31,05,quantile,0.15,0.0
2025-05-24,wk inc flu hosp,1,2025-05-31,05,quantile,0.2,0.0
2025-05-24,wk inc flu hosp,1,2025-05-31,05,quantile,0.25,0.0
2025-05-24,wk inc flu hosp,1,2025-05-31,05,quantile,0.3,0.0
2025-05-24,wk inc flu hosp,1,2025-05-31,05,quantile,0.35,0.0
2025-05-24,wk inc flu hosp,1,2025-05-31,05,quantile,0.4,0.0
2025-05-24,wk inc flu hosp,1,2025-05-31,05,quantile,0.45,0.0
2025-05-24,wk inc flu hosp,1,2025-05-31,05,quantile,0.5,2.354
2025-05-24,wk inc flu hosp,1,2025-05-31,05,quantile,0.55,6.6
2025-05-24,wk inc flu hosp,1,2025-05-31,05,quantile,0.6,10.75
2025-05-24,wk inc flu hosp,1,2025-05-31,05,quantile,0.65,16.108
2025-05-24,wk inc flu hosp,1,2025-05-31,05,quantile,0.7,21.174
2025-05-24,wk inc flu hosp,1,2025-05-31,05,quantile,0.75,27.57
2025-05-24,wk inc flu hosp,1,2025-05-31,05,quantile,0.8,33.962
2025-05-24,wk inc flu hosp,1,2025-05-31,05,quantile,0.85,41.267
2025-05-24,wk inc flu hosp,1,2025-05-31,05,quantile,0.9,49.107
2025-05-24,wk inc flu hosp,1,2025-05-31,05,quantile,0.95,63.703
2025-05-24,wk inc flu hosp,1,2025-05-31,05,quantile,0.975,71.514
2025-05-24,wk inc flu hosp,1,2025-05-31,05,quantile,0.99,87.493
2025-05-24,wk inc flu hosp,2,2025-06-07,05,quantile,0.01,0.0
2025-05-24,wk inc flu hosp,2,2025-06-07,05,quantile,0.025,0.0
2025-05-24,wk inc flu hosp,2,2025-06-07,05,quantile,0.05,0.0
2025-05-24,wk inc flu hosp,2,2025-06-07,05,quantile,0.1,0.0
2025-05-24,wk inc flu hosp,2,2025-06-07,05,quantile,0.15,0.0
2025-05-24,wk inc flu hosp,2,2025-06-07,05,quantile,0.2,0.0
2025-05-24,wk inc flu hosp,2,2025-06-07,05,quantile,0.25,0.0
2025-05-24,wk inc flu hosp,2,2025-06-07,05,quantile,0.3,0.0
2025-05-24,wk inc flu hosp,2,2025-06-07,05,quantile,0.35,0.0
2025-05-24,wk inc flu hosp,2,2025-06-07,05,quantile,0.4,1.337
2025-05-24,wk inc flu hosp,2,2025-06-07,05,quantile,0.45,5.344
2025-05-24,wk inc flu hosp,2,2025-06-07,05,quantile,0.5,9.135
2025-05-24,wk inc flu hosp,2,2025-06-07,05,quantile,0.55,12.547
2025-05-24,wk inc flu hosp,2,2025-06-07,05,quantile,0.6,17.133
2025-05-24,wk inc flu hosp,2,2025-06-07,05,quantile,0.65,20.339
2025-05-24,wk inc flu hosp,2,2025-06-07,05,quantile,0.7,25.263
2025-05-24,wk inc flu hosp,2,2025-06-07,05,quantile,0.75,30.155
2025-05-24,wk inc flu hosp,2,2025-06-07,05,quantile,0.8,35.811
2025-05-24,wk inc flu hosp,2,2025-06-07,05,quantile,0.85,45.168
2025-05-24,wk inc flu hosp,2,2025-06-07,05,quantile,0.9,56.722
2025-05-24,wk inc flu hosp,2,2025-06-07,05,quantile,0.95,70.873
2025-05-24,wk inc flu hosp,2,2025-06-07,05,quantile,0.975,82.567
2025-05-24,wk inc flu hosp,2,2025-06-07,05,quantile,0.99,94.194
2025-05-24,wk inc flu hosp,3,2025-06-14,05,quantile,0.01,0.0
2025-05-24,wk inc flu hosp,3,2025-06-14,05,quantile,0.025,0.0
2025-05-24,wk inc flu hosp,3,2025-06-14,05,quantile,0.05,0.0
2025-05-24,wk inc flu hosp,3,2025-06-14,05,quantile,0.1,0.0
2025-05-24,wk inc flu hosp,3,2025-06-14,05,quantile,0.15,0.0
2025-05-24,wk inc flu hosp,3,2025-06-14,05,quantile,0.2,0.0
2025-05-24,wk inc flu hosp,3,2025-06-14,05,quantile,0.25,0.0
2025-05-24,wk inc flu hosp,3,2025-06-14,05,quantile,0.3,0.0
2025-05-24,wk inc flu hosp,3,2025-06-14,05,quantile,0.35,0.0
2025-05-24,wk inc flu hosp,3,2025-06-14,05,quantile,0.4,2.881
2025-05-24,wk inc flu hosp,3,2025-06-14,05,quantile,0.45,6.879
2025-05-24,wk inc flu hosp,3,2025-06-14,05,quantile,0.5,11.109
2025-05-24,wk inc flu hosp,3,2025-06-14,05,quantile,0.55,14.36
2025-05-24,wk inc flu hosp,3,2025-06-14,05,quantile,0.6,18.895
2025-05-24,wk inc flu hosp,3,2025-06-14,05,quantile,0.65,23.643
2025-05-24,wk inc flu hosp,3,2025-06-14,05,quantile,0.7,28.601
2025-05-24,wk inc flu hosp,3,2025-06-14,05,quantile,0.75,34.055
2025-05-24,wk inc flu hosp,3,2025-06-14,05,quantile,0.8,40.502
2025-05-24,wk inc flu hosp,3,2025-06-14,05,quantile,0.85,48.907
2025-05-24,wk inc flu hosp,3,2025-06-14,05,quantile,0.9,59.612
2025-05-24,wk inc flu hosp,3,2025-06-14,05,quantile,0.95,76.583
2025-05-24,wk inc flu hosp,3,2025-06-14,05,quantile,0.975,91.832
2025-05-24,wk inc flu hosp,3,2025-06-14,05,quantile,0.99,104.103
2025-05-24,wk inc flu hosp,0,2025-05-24,06,quantile,0.01,0.0
2025-05-24,wk inc flu hosp,0,2025-05-24,06,quantile,0.025,0.0
2025-05-24,wk inc flu hosp,0,2025-05-24,06,quantile,0.05,14.283
2025-05-24,wk inc flu hosp,0,2025-05-24,06,quantile,0.1,39.094
2025-05-24,wk inc flu hosp,0,2025-05-24,06,quantile,0.15,55.198
2025-05-24,wk inc flu hosp,0,2025-05-24,06,quantile,0.2,69.4
2025-05-24,wk inc flu hosp,0,2025-05-24,06,quantile,0.25,81.85
2025-05-24,wk inc flu hosp,0,2025-05-24,06,quantile,0.3,93.635
2025-05-24,wk inc flu hosp,0,2025-05-24,06,quantile,0.35,106.747
2025-05-24,wk inc flu hosp,0,2025-05-24,06,quantile,0.4,118.417
2025-05-24,wk inc flu hosp,0,2025-05-24,06,quantile,0.45,127.735
2025-05-24,wk inc flu hosp,0,2025-05-24,06,quantile,0.5,137.714
2025-05-24,wk inc flu hosp,0,2025-05-24,06,quantile,0.55,146.511
2025-05-24,wk inc flu hosp,0,2025-05-24,06,quantile,0.6,159.096
2025-05-24,wk inc flu hosp,0,2025-05-24,06,quantile,0.65,168.773
2025-05-24,wk inc flu hosp,0,2025-05-24,06,quantile,0.7,180.113
2025-05-24,wk inc flu hosp,0,2025-05-24,06,quantile,0.75,191.89
2025-05-24,wk inc flu hosp,0,2025-05-24,06,quantile,0.8,205.825
2025-05-24,wk inc flu hosp,0,2025-05-24,06,quantile,0.85,225.391
2025-05-24,wk inc flu hosp,0,2025-05-24,06,quantile,0.9,250.672
2025-05-24,wk inc flu hosp,0,2025-05-24,06,quantile,0.95,297.715
2025-05-24,wk inc flu hosp,0,2025-05-24,06,quantile,0.975,343.34
2025-05-24,wk inc flu hosp,0,2025-05-24,06,quantile,0.99,387.935
2025-05-24,wk inc flu hosp,1,2025-05-31,06,quantile,0.01,0.0
2025-05-24,wk inc flu hosp,1,2025-05-31,06,quantile,0.025,0.0
2025-05-24,wk inc flu hosp,1,2025-05-31,06,quantile,0.05,0.0
2025-05-24,wk inc flu hosp,1,2025-05-31,06,quantile,0.1,0.0
2025-05-24,wk inc flu hosp,1,2025-05-31,06,quantile,0.15,0.0
2025-05-24,wk inc flu hosp,1,2025-05-31,06,quantile,0.2,20.649
2025-05-24,wk inc flu hosp,1,2025-05-31,06,quantile,0.25,44.34
2025-05-24,wk inc flu hosp,1,2025-05-31,06,quantile,0.3,64.738
2025-05-24,wk inc flu hosp,1,2025-05-31,06,quantile,0.35,78.668
2025-05-24,wk inc flu hosp,1,2025-05-31,06,quantile,0.4,92.105
2025-05-24,wk inc flu hosp,1,2025-05-31,06,quantile,0.45,108.346
2025-05-24,wk inc flu hosp,1,2025-05-31,06,quantile,0.5,125.294
2025-05-24,wk inc flu hosp,1,2025-05-31,06,quantile,0.55,139.599
2025-05-24,wk inc flu hosp,1,2025-05-31,06,quantile,0.6,161.071
2025-05-24,wk inc flu hosp,1,2025-05-31,06,quantile,0.65,178.001
2025-05-24,wk inc flu hosp,1,2025-05-31,06,quantile,0.7,198.016
2025-05-24,wk inc flu hosp,1,2025-05-31,06,quantile,0.75,217.859
2025-05-24,wk inc flu hosp,1,2025-05-31,06,quantile,0.8,242.989
2025-05-24,wk inc flu hosp,1,2025-05-31,06,quantile,0.85,271.467
2025-05-24,wk inc flu hosp,1,2025-05-31,06,quantile,0.9,307.305
2025-05-24,wk inc flu hosp,1,2025-05-31,06,quantile,0.95,363.076
2025-05-24,wk inc flu hosp,1,2025-05-31,06,quantile,0.975,406.734
2025-05-24,wk inc flu hosp,1,2025-05-31,06,quantile,0.99,453.88
2025-05-24,wk inc flu hosp,2,2025-06-07,06,quantile,0.01,0.0
2025-05-24,wk inc flu hosp,2,2025-06-07,06,quantile,0.025,0.0
2025-05-24,wk inc flu hosp,2,2025-06-07,06,quantile,0.05,0.0
2025-05-24,wk inc flu hosp,2,2025-06-07,06,quantile,0.1,0.0
2025-05-24,wk inc flu hosp,2,2025-06-07,06,quantile,0.15,0.0
2025-05-24,wk inc flu hosp,2,2025-06-07,06,quantile,0.2,0.0
2025-05-24,wk inc flu hosp,2,2025-06-07,06,quantile,0.25,7.539
2025-05-24,wk inc flu hosp,2,2025-06-07,06,quantile,0.3,28.987
2025-05-24,wk inc flu hosp,2,2025-06-07,06,quantile,0.35,46.536
2025-05-24,wk inc flu hosp,2,2025-06-07,06,quantile,0.4,69.286
2025-05-24,wk inc flu hosp,2,2025-06-07,06,quantile,0.45,87.321
2025-05-24,wk inc flu hosp,2,2025-06-07,06,quantile,0.5,104.484
2025-05-24,wk inc flu hosp,2,2025-06-07,06,quantile,0.55,120.964
2025-05-24,wk inc flu hosp,2,2025-06-07,06,quantile,0.6,142.127
2025-05-24,wk inc flu hosp,2,2025-06-07,06,quantile,0.65,163.522
2025-05-24,wk inc flu hosp,2,2025-06-07,06,quantile,0.7,187.17
2025-05-24,wk inc flu hosp,2,2025-06-07,06,quantile,0.75,212.848
2025-05-24,wk inc flu hosp,2,2025-06-07,06,quantile,0.8,242.774
2025-05-24,wk inc flu hosp,2,2025-06-07,06,quantile,0.85,282.582
2025-05-24,wk inc flu hosp,2,2025-06-07,06,quantile,0.9,332.983
2025-05-24,wk inc flu hosp,2,2025-06-07,06,quantile,0.95,397.907
2025-05-24,wk inc flu hosp,2,2025-06-07,06,quantile,0.975,445.229
2025-05-24,wk inc flu hosp,2,2025-06-07,06,quantile,0.99,532.341
2025-05-24,wk inc flu hosp,3,2025-06-14,06,quantile,0.01,0.0
2025-05-24,wk inc flu hosp,3,2025-06-14,06,quantile,0.025,0.0
2025-05-24,wk inc flu hosp,3,2025-06-14,06,quantile,0.05,0.0
2025-05-24,wk inc flu hosp,3,2025-06-14,06,quantile,0.1,0.0
2025-05-24,wk inc flu hosp,3,2025-06-14,06,quantile,0.15,0.0
2025-05-24,wk inc flu hosp,3,2025-06-14,06,quantile,0.2,0.0
2025-05-24,wk inc flu hosp,3,2025-06-14,06,quantile,0.25,0.0
2025-05-24,wk inc flu hosp,3,2025-06-14,06,quantile,0.3,9.631
2025-05-24,wk inc flu hosp,3,2025-06-14,06,quantile,0.35,26.388
2025-05-24,wk inc flu hosp,3,2025-06-14,06,quantile,0.4,45.101
2025-05-24,wk inc flu hosp,3,2025-06-14,06,quantile,0.45,68.631
2025-05-24,wk inc flu hosp,3,2025-06-14,06,quantile,0.5,92.818
2025-05-24,wk inc flu hosp,3,2025-06-14,06,quantile,0.55,112.037
2025-05-24,wk inc flu hosp,3,2025-06-14,06,quantile,0.6,140.566
2025-05-24,wk inc flu hosp,3,2025-06-14,06,quantile,0.65,162.074
2025-05-24,wk inc flu hosp,3,2025-06-14,06,quantile,0.7,182.514
2025-05-24,wk inc flu hosp,3,2025-06-14,06,quantile,0.75,202.378
2025-05-24,wk inc flu hosp,3,2025-06-14,06,quantile,0.8,237.162
2025-05-24,wk inc flu hosp,3,2025-06-14,06,quantile,0.85,271.876
2025-05-24,wk inc flu hosp,3,2025-06-14,06,quantile,0.9,323.097
2025-05-24,wk inc flu hosp,3,2025-06-14,06,quantile,0.95,392.177
2025-05-24,wk inc flu hosp,3,2025-06-14,06,quantile,0.975,460.759
2025-05-24,wk inc flu hosp,3,2025-06-14,06,quantile,0.99,560.786
2025-05-24,wk inc flu hosp,0,2025-05-24,08,quantile,0.01,0.0
2025-05-24,wk inc flu hosp,0,2025-05-24,08,quantile,0.025,0.0
2025-05-24,wk inc flu hosp,0,2025-05-24,08,quantile,0.05,0.0
2025-05-24,wk inc flu hosp,0,2025-05-24,08,quantile,0.1,0.0
2025-05-24,wk inc flu hosp,0,2025-05-24,08,quantile,0.15,0.0
2025-05-24,wk inc flu hosp,0,2025-05-24,08,quantile,0.2,0.0
2025-05-24,wk inc flu hosp,0,2025-05-24,08,quantile,0.25,0.0
2025-05-24,wk inc flu hosp,0,2025-05-24,08,quantile,0.3,2.483
2025-05-24,wk inc flu hosp,0,2025-05-24,08,quantile,0.35,5.752
2025-05-24,wk inc flu hosp,0,2025-05-24,08,quantile,0.4,8.437
2025-05-24,wk inc flu hosp,0,2025-05-24,08,quantile,0.45,11.122
2025-05-24,wk inc flu hosp,0,2025-05-24,08,quantile,0.5,13.395
2025-05-24,wk inc flu hosp,0,2025-05-24,08,quantile,0.55,15.761
2025-05-24,wk inc flu hosp,0,2025-05-24,08,quantile,0.6,17.92
2025-05-24,wk inc flu hosp,0,2025-05-24,08,quantile,0.65,20.254
2025-05-24,wk inc flu hosp,0,2025-05-24,08,quantile,0.7,22.415
2025-05-24,wk inc flu hosp,0,2025-05-24,08,quantile,0.75,25.029
2025-05-24,wk inc flu hosp,0,2025-05-24,08,quantile,0.8,27.881
2025-05-24,wk inc flu hosp,0,2025-05-24,08,quantile,0.85,32.77
2025-05-24,wk inc flu hosp,0,2025-05-24,08,quantile,0.9,37.28
2025-05-24,wk inc flu hosp,0,2025-05-24,08,quantile,0.95,45.568
2025-05-24,wk inc flu hosp,0,2025-05-24,08,quantile,0.975,51.886
2025-05-24,wk inc flu hosp,0,2025-05-24,08,quantile,0.99,61.088
2025-05-24,wk inc flu hosp,1,2025-05-31,08,quantile,0.01,0.0
2025-05-24,wk inc flu hosp,1,2025-05-31,08,quantile,0.025,0.0
2025-05-24,wk inc flu hosp,1,2025-05-31,08,quantile,0.05,0.0
2025-05-24,wk inc flu hosp,1,2025-05-31,08,quantile,0.1,0.0
2025-05-24,wk inc flu hosp,1,2025-05-31,08,quantile,0.15,0.0
2025-05-24,wk inc flu hosp,1,2025-05-31,08,quantile,0.2,0.0
2025-05-24,wk inc flu hosp,1,2025-05-31,08,quantile,0.25,0.0
2025-05-24,wk inc flu hosp,1,2025-05-31,08,quantile,0.3,0.0
2025-05-24,wk inc flu hosp,1,2025-05-31,08,quantile,0.35,1.711
2025-05-24,wk inc flu hosp,1,2025-05-31,08,quantile,0.4,4.463
2025-05-24,wk inc flu hosp,1,2025-05-31,08,quantile,0.45,7.533
2025-05-24,wk inc flu hosp,1,2025-05-31,08,quantile,0.5,9.945
2025-05-24,wk inc flu hosp,1,2025-05-31,08,quantile,0.55,13.193
2025-05-24,wk inc flu hosp,1,2025-05-31,08,quantile,0.6,17.326
2025-05-24,wk inc flu hosp,1,2025-05-31,08,quantile,0.65,21.202
2025-05-24,wk inc flu hosp,1,2025-05-31,08,quantile,0.7,25.31
2025-05-24,wk inc flu hosp,1,2025-05-31,08,quantile,0.75,28.688
2025-05-24,wk inc flu hosp,1,2025-05-31,08,quantile,0.8,33.376
2025-05-24,wk inc flu hosp,1,2025-05-31,08,quantile,0.85,38.75
2025-05-24,wk inc flu hosp,1,2025-05-31,08,quantile,0.9,45.85
2025-05-24,wk inc flu hosp,1,2025-05-31,08,quantile,0.95,53.849
2025-05-24,wk inc flu hosp,1,2025-05-31,08,quantile,0.975,60.462
2025-05-24,wk inc flu hosp,1,2025-05-31,08,quantile,0.99,70.224
2025-05-24,wk inc flu hosp,2,2025-06-07,08,quantile,0.01,0.0
2025-05-24,wk inc flu hosp,2,2025-06-07,08,quantile,0.025,0.0
2025-05-24,wk inc flu hosp,2,2025-06-07,08,quantile,0.05,0.0
2025-05-24,wk inc flu hosp,2,2025-06-07,08,quantile,0.1,0.0
2025-05-24,wk inc flu hosp,2,2025-06-07,08,quantile,0.15,0.0
2025-05-24,wk inc flu hosp,2,2025-06-07,08,quantile,0.2,0.0
2025-05-24,wk inc flu hosp,2,2025-06-07,08,quantile,0.25,0.0
2025-05-24,wk inc flu hosp,2,2025-06-07,08,quantile,0.3,0.0
2025-05-24,wk inc flu hosp,2,2025-06-07,08,quantile,0.35,0.37
2025-05-24,wk inc flu hosp,2,2025-06-07,08,quantile,0.4,3.841
2025-05-24,wk inc flu hosp,2,2025-06-07,08,quantile,0.45,7.17
2025-05-24,wk inc flu hosp,2,2025-06-07,08,quantile,0.5,10.744
2025-05-24,wk inc flu hosp,2,2025-06-07,08,quantile,0.55,14.295
2025-05-24,wk inc flu hosp,2,2025-06-07,08,quantile,0.6,17.557
2025-05-24,wk inc flu hosp,2,2025-06-07,08,quantile,0.65,20.629
2025-05-24,wk inc flu hosp,2,2025-06-07,08,quantile,0.7,24.148
2025-05-24,wk inc flu hosp,2,2025-06-07,08,quantile,0.75,28.589
2025-05-24,wk inc flu hosp,2,2025-06-07,08,quantile,0.8,33.324
2025-05-24,wk inc flu hosp,2,2025-06-07,08,quantile,0.85,39.746
2025-05-24,wk inc flu hosp,2,2025-06-07,08,quantile,0.9,49.375
2025-05-24,wk inc flu hosp,2,2025-06-07,08,quantile,0.95,61.517
2025-05-24,wk inc flu hosp,2,2025-06-07,08,quantile,0.975,73.328
2025-05-24,wk inc flu hosp,2,2025-06-07,08,quantile,0.99,79.358
2025-05-24,wk inc flu hosp,3,2025-06-14,08,quantile,0.01,0.0
2025-05-24,wk inc flu hosp,3,2025-06-14,08,quantile,0.025,0.0
2025-05-24,wk inc flu hosp,3,2025-06-14,08,quantile,0.05,0.0
2025-05-24,wk inc flu hosp,3,2025-06-14,08,quantile,0.1,0.0
2025-05-24,wk inc flu hosp,3,2025-06-14,08,quantile,0.15,0.0
2025-05-24,wk inc flu hosp,3,2025-06-14,08,quantile,0.2,0.0
2025-05-24,wk inc flu hosp,3,2025-06-14,08,quantile,0.25,0.0
2025-05-24,wk inc flu hosp,3,2025-06-14,08,quantile,0.3,0.0
2025-05-24,wk inc flu hosp,3,2025-06-14,08,quantile,0.35,0.752
2025-05-24,wk inc flu hosp,3,2025-06-14,08,quantile,0.4,4.205
2025-05-24,wk inc flu hosp,3,2025-06-14,08,quantile,0.45,7.687
2025-05-24,wk inc flu hosp,3,2025-06-14,08,quantile,0.5,11.025
2025-05-24,wk inc flu hosp,3,2025-06-14,08,quantile,0.55,15.958
2025-05-24,wk inc flu hosp,3,2025-06-14,08,quantile,0.6,20.033
2025-05-24,wk inc flu hosp,3,2025-06-14,08,quantile,0.65,24.315
2025-05-24,wk inc flu hosp,3,2025-06-14,08,quantile,0.7,27.622
2025-05-24,wk inc flu hosp,3,2025-06-14,08,quantile,0.75,32.428
2025-05-24,wk inc flu hosp,3,2025-06-14,08,quantile,0.8,38.053
2025-05-24,wk inc flu hosp,3,2025-06-14,08,quantile,0.85,44.762
2025-05-24,wk inc flu hosp,3,2025-06-14,08,quantile,0.9,54.165
2025-05-24,wk inc flu hosp,3,2025-06-14,08,quantile,0.95,70.773
2025-05-24,wk inc flu hosp,3,2025-06-14,08,quantile,0.975,81.608
2025-05-24,wk inc flu hosp,3,2025-06-14,08,quantile,0.99,93.473
2025-05-24,wk inc flu hosp,0,2025-05-24,09,quantile,0.01,0.0
2025-05-24,wk inc flu hosp,0,2025-05-24,09,quantile,0.025,0.0
2025-05-24,wk inc flu hosp,0,2025-05-24,09,quantile,0.05,0.0
2025-05-24,wk inc flu hosp,0,2025-05-24,09,quantile,0.1,0.0
2025-05-24,wk inc flu hosp,0,2025-05-24,09,quantile,0.15,0.0
2025-05-24,wk inc flu hosp,0,2025-05-24,09,quantile,0.2,0.0
2025-05-24,wk inc flu hosp,0,2025-05-24,09,quantile,0.25,0.0
2025-05-24,wk inc flu hosp,0,2025-05-24,09,quantile,0.3,0.0
2025-05-24,wk inc flu hosp,0,2025-05-24,09,quantile,0.35,0.0
2025-05-24,wk inc flu hosp,0,2025-05-24,09,quantile,0.4,0.0
2025-05-24,wk inc flu hosp,0,2025-05-24,09,quantile,0.45,5.076
2025-05-24,wk inc flu hosp,0,2025-05-24,09,quantile,0.5,10.905
2025-05-24,wk inc flu hosp,0,2025-05-24,09,quantile,0.55,16.666
2025-05-24,wk inc flu hosp,0,2025-05-24,09,quantile,0.6,21.229
2025-05-24,wk inc flu hosp,0,2025-05-24,09,quantile,0.65,26.37
2025-05-24,wk inc flu hosp,0,2025-05-24,09,quantile,0.7,31.697
2025-05-24,wk inc flu hosp,0,2025-05-24,09,quantile,0.75,37.988
2025-05-24,wk inc flu hosp,0,2025-05-24,09,quantile,0.8,45.133
2025-05-24,wk inc flu hosp,0,2025-05-24,09,quantile,0.85,54.139
2025-05-24,wk inc flu hosp,0,2025-05-24,09,quantile,0.9,65.231
2025-05-24,wk inc flu hosp,0,2025-05-24,09,quantile,0.95,84.678
2025-05-24,wk inc flu hosp,0,2025-05-24,09,quantile,0.975,102.924
2025-05-24,wk inc flu hosp,0,2025-05-24,09,quantile,0.99,127.514
2025-05-24,wk inc flu hosp,1,2025-05-31,09,quantile,0.01,0.0
2025-05-24,wk inc flu hosp,1,2025-05-31,09,quantile,0.025,0.0
2025-05-24,wk inc flu hosp,1,2025-05-31,09,quantile,0.05,0.0
2025-05-24,wk inc flu hosp,1,2025-05-31,09,quantile,0.1,0.0
2025-05-24,wk inc flu hosp,1,2025-05-31,09,quantile,0.15,0.0
2025-05-24,wk inc flu hosp,1,2025-05-31,09,quantile,0.2,0.0
2025-05-24,wk inc flu hosp,1,2025-05-31,09,quantile,0.25,0.0
2025-05-24,wk inc flu hosp,1,2025-05-31,09,quantile,0.3,0.0
2025-05-24,wk inc flu hosp,1,2025-05-31,09,quantile,0.35,0.0
2025-05-24,wk inc flu hosp,1,2025-05-31,09,quantile,0.4,0.966
2025-05-24,wk inc flu hosp,1,2025-05-31,09,quantile,0.45,6.157
2025-05-24,wk inc flu hosp,1,2025-05-31,09,quantile,0.5,11.187
2025-05-24,wk inc flu hosp,1,2025-05-31,09,quantile,0.55,17.45
2025-05-24,wk inc flu hosp,1,2025-05-31,09,quantile,0.6,23.871
2025-05-24,wk inc flu hosp,1,2025-05-31,09,quantile,0.65,30.278
2025-05-24,wk inc flu hosp,1,2025-05-31,09,quantile,0.7,36.886
2025-05-24,wk inc flu hosp,1,2025-05-31,09,quantile,0.75,43.526
2025-05-24,wk inc flu hosp,1,2025-05-31,09,quantile,0.8,53.258
2025-05-24,wk inc flu hosp,1,2025-05-31,09,quantile,0.85,66.722
2025-05-24,wk inc flu hosp,1,2025-05-31,09,quantile,0.9,82.472
2025-05-24,wk inc flu hosp,1,2025-05-31,09,quantile,0.95,100.696
2025-05-24,wk inc flu hosp,1,2025-05-31,09,quantile,0.975,120.635
2025-05-24,wk inc flu hosp,1,2025-05-31,09,quantile,0.99,145.222
2025-05-24,wk inc flu hosp,2,2025-06-07,09,quantile,0.01,0.0
2025-05-24,wk inc flu hosp,2,2025-06-07,09,quantile,0.025,0.0
2025-05-24,wk inc flu hosp,2,2025-06-07,09,quantile,0.05,0.0
2025-05-24,wk inc flu hosp,2,2025-06-07,09,quantile,0.1,0.0
2025-05-24,wk inc flu hosp,2,2025-06-07,09,quantile,0.15,0.0
2025-05-24,wk inc flu hosp,2,2025-06-07,09,quantile,0.2,0.0
2025-05-24,wk inc flu hosp,2,2025-06-07,09,quantile,0.25,0.0
2025-05-24,wk inc flu hosp,2,2025-06-07,09,quantile,0.3,0.0
2025-05-24,wk inc flu hosp,2,2025-06-07,09,quantile,0.35,0.0
2025-05-24,wk inc flu hosp,2,2025-06-07,09,quantile,0.4,1.596
2025-05-24,wk inc flu hosp,2,2025-06-07,09,quantile,0.45,7.692
2025-05-24,wk inc flu hosp,2,2025-06-07,09,quantile,0.5,14.651
2025-05-24,wk inc flu hosp,2,2025-06-07,09,quantile,0.55,19.346
2025-05-24,wk inc flu hosp,2,2025-06-07,09,quantile,0.6,25.578
2025-05-24,wk inc flu hosp,2,2025-06-07,09,quantile,0.65,32.135
2025-05-24,wk inc flu hosp,2,2025-06-07,09,quantile,0.7,38.796
2025-05-24,wk inc flu hosp,2,2025-06-07,09,quantile,0.75,46.713
2025-05-24,wk inc flu hosp,2,2025-06-07,09,quantile,0.8,57.136
2025-05-24,wk inc flu hosp,2,2025-06-07,09,quantile,0.85,66.154
2025-05-24,wk inc flu hosp,2,2025-06-07,09,quantile,0.9,82.375
2025-05-24,wk inc flu hosp,2,2025-06-07,09,quantile,0.95,101.413
2025-05-24,wk inc flu hosp,2,2025-06-07,09,quantile,0.975,133.885
2025-05-24,wk inc flu hosp,2,2025-06-07,09,quantile,0.99,151.299
2025-05-24,wk inc flu hosp,3,2025-06-14,09,quantile,0.01,0.0
2025-05-24,wk inc flu hosp,3,2025-06-14,09,quantile,0.025,0.0
2025-05-24,wk inc flu hosp,3,2025-06-14,09,quantile,0.05,0.0
2025-05-24,wk inc flu hosp,3,2025-06-14,09,quantile,0.1,0.0
2025-05-24,wk inc flu hosp,3,2025-06-14,09,quantile,0.15,0.0
2025-05-24,wk inc flu hosp,3,2025-06-14,09,quantile,0.2,0.0
2025-05-24,wk inc flu hosp,3,2025-06-14,09,quantile,0.25,0.0
2025-05-24,wk inc flu hosp,3,2025-06-14,09,quantile,0.3,0.156
2025-05-24,wk inc flu hosp,3,2025-06-14,09,quantile,0.35,4.17
2025-05-24,wk inc flu hosp,3,2025-06-14,09,quantile,0.4,8.492
2025-05-24,wk inc flu hosp,3,2025-06-14,09,quantile,0.45,11.805
2025-05-24,wk inc flu hosp,3,2025-06-14,09,quantile,0.5,16.982
2025-05-24,wk inc flu hosp,3,2025-06-14,09,quantile,0.55,22.78
2025-05-24,wk inc flu hosp,3,2025-06-14,09,quantile,0.6,27.012
2025-05-24,wk inc flu hosp,3,2025-06-14,09,quantile,0.65,31.319
2025-05-24,wk inc flu hosp,3,2025-06-14,09,quantile,0.7,37.864
2025-05-24,wk inc flu hosp,3,2025-06-14,09,quantile,0.75,47.505
2025-05-24,wk inc flu hosp,3,2025-06-14,09,quantile,0.8,56.311
2025-05-24,wk inc flu hosp,3,2025-06-14,09,quantile,0.85,70.587
2025-05-24,wk inc flu hosp,3,2025-06-14,09,quantile,0.9,84.527
2025-05-24,wk inc flu hosp,3,2025-06-14,09,quantile,0.95,107.154
2025-05-24,wk inc flu hosp,3,2025-06-14,09,quantile,0.975,131.444
2025-05-24,wk inc flu hosp,3,2025-06-14,09,quantile,0.99,157.936
2025-05-24,wk inc flu hosp,0,2025-05-24,10,quantile,0.01,0.0
2025-05-24,wk inc flu hosp,0,2025-05-24,10,quantile,0.025,0.0
2025-05-24,wk inc flu hosp,0,2025-05-24,10,quantile,0.05,0.0
2025-05-24,wk inc flu hosp,0,2025-05-24,10,quantile,0.1,0.0
2025-05-24,wk inc flu hosp,0,2025-05-24,10,quantile,0.15,0.0
2025-05-24,wk inc flu hosp,0,2025-05-24,10,quantile,0.2,0.0
2025-05-24,wk inc flu hosp,0,2025-05-24,10,quantile,0.25,0.0
2025-05-24,wk inc flu hosp,0,2025-05-24,10,quantile,0.3,0.0
2025-05-24,wk inc flu hosp,0,2025-05-24,10,quantile,0.35,0.0
2025-05-24,wk inc flu hosp,0,2025-05-24,10,quantile,0.4,0.0
2025-05-24,wk inc flu hosp,0,2025-05-24,10,quantile,0.45,0.0
2025-05-24,wk inc flu hosp,0,2025-05-24,10,quantile,0.5,0.22
2025-05-24,wk inc flu hosp,0,2025-05-24,10,quantile,0.55,0.846
2025-05-24,wk inc flu hosp,0,2025-05-24,10,quantile,0.6,1.412
2025-05-24,wk inc flu hosp,0,2025-05-24,10,quantile,0.65,2.055
2025-05-24,wk inc flu hosp,0,2025-05-24,10,quantile,0.7,2.676
2025-05-24,wk inc flu hosp,0,2025-05-24,10,quantile,0.75,3.449
2025-05-24,wk inc flu hosp,0,2025-05-24,10,quantile,0.8,4.337
2025-05-24,wk inc flu hosp,0,2025-05-24,10,quantile,0.85,5.558
2025-05-24,wk inc flu hosp,0,2025-05-24,10,quantile,0.9,7.026
2025-05-24,wk inc flu hosp,0,2025-05-24,10,quantile,0.95,9.122
2025-05-24,wk inc flu hosp,0,2025-05-24,10,quantile,0.975,10.969
2025-05-24,wk inc flu hosp,0,2025-05-24,10,quantile,0.99,12.759
2025-05-24,wk inc flu hosp,1,2025-05-31,10,quantile,0.01,0.0
2025-05-24,wk inc flu hosp,1,2025-05-31,10,quantile,0.025,0.0
2025-05-24,wk inc flu hosp,1,2025-05-31,10,quantile,0.05,0.0
2025-05-24,wk inc flu hosp,1,2025-05-31,10,quantile,0.1,0.0
2025-05-24,wk inc flu hosp,1,2025-05-31,10,quantile,0.15,0.0
2025-05-24,wk inc flu hosp,1,2025-05-31,10,quantile,0.2,0.0
2025-05-24,wk inc flu hosp,1,2025-05-31,10,quantile,0.25,0.0
2025-05-24,wk inc flu hosp,1,2025-05-31,10,quantile,0.3,0.0
2025-05-24,wk inc flu hosp,1,2025-05-31,10,quantile,0.35,0.0
2025-05-24,wk inc flu hosp,1,2025-05-31,10,quantile,0.4,0.152
2025-05-24,wk inc flu hosp,1,2025-05-31,10,quantile,0.45,0.952
2025-05-24,wk inc flu hosp,1,2025-05-31,10,quantile,0.5,1.563
2025-05-24,wk inc flu hosp,1,2025-05-31,10,quantile,0.55,2.121
2025-05-24,wk inc flu hosp,1,2025-05-31,10,quantile,0.6,2.746
2025-05-24,wk inc flu hosp,1,2025-05-31,10,quantile,0.65,3.461
2025-05-24,wk inc flu hosp,1,2025-05-31,10,quantile,0.7,4.209
2025-05-24,wk inc flu hosp,1,2025-05-31,10,quantile,0.75,5.282
2025-05-24,wk inc flu hosp,1,2025-05-31,10,quantile,0.8,6.419
2025-05-24,wk inc flu hosp,1,2025-05-31,10,quantile,0.85,7.77
2025-05-24,wk inc flu hosp,1,2025-05-31,10,quantile,0.9,9.744
2025-05-24,wk inc flu hosp,1,2025-05-31,10,quantile,0.95,11.803
2025-05-24,wk inc flu hosp,1,2025-05-31,10,quantile,0.975,14.333
2025-05-24,wk inc flu hosp,1,2025-05-31,10,quantile,0.99,16.794
2025-05-24,wk inc flu hosp,2,2025-06-07,10,quantile,0.01,0.0
2025-05-24,wk inc flu hosp,2,2025-06-07,10,quantile,0.025,0.0
2025-05-24,wk inc flu hosp,2,2025-06-07,10,quantile,0.05,0.0
2025-05-24,wk inc flu hosp,2,2025-06-07,10,quantile,0.1,0.0
2025-05-24,wk inc flu hosp,2,2025-06-07,10,quantile,0.15,0.0
2025-05-24,wk inc flu hosp,2,2025-06-07,10,quantile,0.2,0.0
2025-05-24,wk inc flu hosp,2,2025-06-07,10,quantile,0.25,0.0
2025-05-24,wk inc flu hosp,2,2025-06-07,10,quantile,0.3,0.0
2025-05-24,wk inc flu hosp,2,2025-06-07,10,quantile,0.35,0.497
2025-05-24,wk inc flu hosp,2,2025-06-07,10,quantile,0.4,1.266
2025-05-24,wk inc flu hosp,2,2025-06-07,10,quantile,0.45,2.233
2025-05-24,wk inc flu hosp,2,2025-06-07,10,quantile,0.5,3.317
2025-05-24,wk inc flu hosp,2,2025-06-07,10,quantile,0.55,4.175
2025-05-24,wk inc flu hosp,2,2025-06-07,10,quantile,0.6,5.125
2025-05-24,wk inc flu hosp,2,2025-06-07,10,quantile,0.65,5.868
2025-05-24,wk inc flu hosp,2,2025-06-07,10,quantile,0.7,7.112
2025-05-24,wk inc flu hosp,2,2025-06-07,10,quantile,0.75,8.181
2025-05-24,wk inc flu hosp,2,2025-06-07,10,quantile,0.8,9.62
2025-05-24,wk inc flu hosp,2,2025-06-07,10,quantile,0.85,11.453
2025-05-24,wk inc flu hosp,2,2025-06-07,10,quantile,0.9,14.096
2025-05-24,wk inc flu hosp,2,2025-06-07,10,quantile,0.95,18.198
2025-05-24,wk inc flu hosp,2,2025-06-07,10,quantile,0.975,21.601
2025-05-24,wk inc flu hosp,2,2025-06-07,10,quantile,0.99,26.976
2025-05-24,wk inc flu hosp,3,2025-06-14,10,quantile,0.01,0.0
2025-05-24,wk inc flu hosp,3,2025-06-14,10,quantile,0.025,0.0
2025-05-24,wk inc flu hosp,3,2025-06-14,10,quantile,0.05,0.0
2025-05-24,wk inc flu hosp,3,2025-06-14,10,quantile,0.1,0.0
2025-05-24,wk inc flu hosp,3,2025-06-14,10,quantile,0.15,0.0
2025-05-24,wk inc flu hosp,3,2025-06-14,10,quantile,0.2,0.0
2025-05-24,wk inc flu hosp,3,2025-06-14,10,quantile,0.25,0.0
2025-05-24,wk inc flu hosp,3,2025-06-14,10,quantile,0.3,0.0
2025-05-24,wk inc flu hosp,3,2025-06-14,10,quantile,0.35,0.304
2025-05-24,wk inc flu hosp,3,2025-06-14,10,quantile,0.4,1.587
2025-05-24,wk inc flu hosp,3,2025-06-14,10,quantile,0.45,2.737
2025-05-24,wk inc flu hosp,3,2025-06-14,10,quantile,0.5,3.646
2025-05-24,wk inc flu hosp,3,2025-06-14,10,quantile,0.55,4.724
2025-05-24,wk inc flu hosp,3,2025-06-14,10,quantile,0.6,5.818
2025-05-24,wk inc flu hosp,3,2025-06-14,10,quantile,0.65,7.306
2025-05-24,wk inc flu hosp,3,2025-06-14,10,quantile,0.7,8.702
2025-05-24,wk inc flu hosp,3,2025-06-14,10,quantile,0.75,10.518
2025-05-24,wk inc flu hosp,3,2025-06-14,10,quantile,0.8,12.147
2025-05-24,wk inc flu hosp,3,2025-06-14,10,quantile,0.85,14.766
2025-05-24,wk inc flu hosp,3,2025-06-14,10,quantile,0.9,17.605
2025-05-24,wk inc flu hosp,3,2025-06-14,10,quantile,0.95,22.683
2025-05-24,wk inc flu hosp,3,2025-06-14,10,quantile,0.975,26.69
2025-05-24,wk inc flu hosp,3,2025-06-14,10,quantile,0.99,30.712
2025-05-24,wk inc flu hosp,0,2025-05-24,11,quantile,0.01,0.0
2025-05-24,wk inc flu hosp,0,2025-05-24,11,quantile,0.025,0.0
2025-05-24,wk inc flu hosp,0,2025-05-24,11,quantile,0.05,0.0
2025-05-24,wk inc flu hosp,0,2025-05-24,11,quantile,0.1,0.0
2025-05-24,wk inc flu hosp,0,2025-05-24,11,quantile,0.15,0.0
2025-05-24,wk inc flu hosp,0,2025-05-24,11,quantile,0.2,0.0
2025-05-24,wk inc flu hosp,0,2025-05-24,11,quantile,0.25,0.0
2025-05-24,wk inc flu hosp,0,2025-05-24,11,quantile,0.3,0.0
2025-05-24,wk inc flu hosp,0,2025-05-24,11,quantile,0.35,0.0
2025-05-24,wk inc flu hosp,0,2025-05-24,11,quantile,0.4,0.0
2025-05-24,wk inc flu hosp,0,2025-05-24,11,quantile,0.45,1.532
2025-05-24,wk inc flu hosp,0,2025-05-24,11,quantile,0.5,5.754
2025-05-24,wk inc flu hosp,0,2025-05-24,11,quantile,0.55,8.516
2025-05-24,wk inc flu hosp,0,2025-05-24,11,quantile,0.6,12.038
2025-05-24,wk inc flu hosp,0,2025-05-24,11,quantile,0.65,14.184
2025-05-24,wk inc flu hosp,0,2025-05-24,11,quantile,0.7,17.341
2025-05-24,wk inc flu hosp,0,2025-05-24,11,quantile,0.75,21.237
2025-05-24,wk inc flu hosp,0,2025-05-24,11,quantile,0.8,25.293
2025-05-24,wk inc flu hosp,0,2025-05-24,11,quantile,0.85,30.776
2025-05-24,wk inc flu hosp,0,2025-05-24,11,quantile,0.9,38.456
2025-05-24,wk inc flu hosp,0,2025-05-24,11,quantile,0.95,48.492
2025-05-24,wk inc flu hosp,0,2025-05-24,11,quantile,0.975,70.857
2025-05-24,wk inc flu hosp,0,2025-05-24,11,quantile,0.99,96.183
2025-05-24,wk inc flu hosp,1,2025-05-31,11,quantile,0.01,0.0
2025-05-24,wk inc flu hosp,1,2025-05-31,11,quantile,0.025,0.0
2025-05-24,wk inc flu hosp,1,2025-05-31,11,quantile,0.05,0.0
2025-05-24,wk inc flu hosp,1,2025-05-31,11,quantile,0.1,0.0
2025-05-24,wk inc flu hosp,1,2025-05-31,11,quantile,0.15,0.0
2025-05-24,wk inc flu hosp,1,2025-05-31,11,quantile,0.2,0.0
2025-05-24,wk inc flu hosp,1,2025-05-31,11,quantile,0.25,0.0
2025-05-24,wk inc flu hosp,1,2025-05-31,11,quantile,0.3,0.0
2025-05-24,wk inc flu hosp,1,2025-05-31,11,quantile,0.35,2.38
2025-05-24,wk inc flu hosp,1,2025-05-31,11,quantile,0.4,5.44
2025-05-24,wk inc flu hosp,1,2025-05-31,11,quantile,0.45,10.105
2025-05-24,wk inc flu hosp,1,2025-05-31,11,quantile,0.5,13.194
2025-05-24,wk inc flu hosp,1,2025-05-31,11,quantile,0.55,16.782
2025-05-24,wk inc flu hosp,1,2025-05-31,11,quantile,0.6,20.066
2025-05-24,wk inc flu hosp,1,2025-05-31,11,quantile,0.65,23.658
2025-05-24,wk inc flu hosp,1,2025-05-31,11,quantile,0.7,28.458
2025-05-24,wk inc flu hosp,1,2025-05-31,11,quantile,0.75,33.447
2025-05-24,wk inc flu hosp,1,2025-05-31,11,quantile,0.8,40.536
2025-05-24,wk inc flu hosp,1,2025-05-31,11,quantile,0.85,48.355
2025-05-24,wk inc flu hosp,1,2025-05-31,11,quantile,0.9,58.395
2025-05-24,wk inc flu hosp,1,2025-05-31,11,quantile,0.95,76.952
2025-05-24,wk inc flu hosp,1,2025-05-31,11,quantile,0.975,93.407
2025-05-24,wk inc flu hosp,1,2025-05-31,11,quantile,0.99,114.069
2025-05-24,wk inc flu hosp,2,2025-06-07,11,quantile,0.01,0.0
2025-05-24,wk inc flu hosp,2,2025-06-07,11,quantile,0.025,0.0
2025-05-24,wk inc flu hosp,2,2025-06-07,11,quantile,0.05,0.0
2025-05-24,wk inc flu hosp,2,2025-06-07,11,quantile,0.1,0.0
2025-05-24,wk inc flu hosp,2,2025-06-07,11,quantile,0.15,0.0
2025-05-24,wk inc flu hosp,2,2025-06-07,11,quantile,0.2,0.0
2025-05-24,wk inc flu hosp,2,2025-06-07,11,quantile,0.25,0.0
2025-05-24,wk inc flu hosp,2,2025-06-07,11,quantile,0.3,0.0
2025-05-24,wk inc flu hosp,2,2025-06-07,11,quantile,0.35,3.668
2025-05-24,wk inc flu hosp,2,2025-06-07,11,quantile,0.4,6.996
2025-05-24,wk inc flu hosp,2,2025-06-07,11,quantile,0.45,10.39
2025-05-24,wk inc flu hosp,2,2025-06-07,11,quantile,0.5,13.883
2025-05-24,wk inc flu hosp,2,2025-06-07,11,quantile,0.55,17.645
2025-05-24,wk inc flu hosp,2,2025-06-07,11,quantile,0.6,21.422
2025-05-24,wk inc flu hosp,2,2025-06-07,11,quantile,0.65,25.815
2025-05-24,wk inc flu hosp,2,2025-06-07,11,quantile,0.7,30.281
2025-05-24,wk inc flu hosp,2,2025-06-07,11,quantile,0.75,35.493
2025-05-24,wk inc flu hosp,2,2025-06-07,11,quantile,0.8,41.769
2025-05-24,wk inc flu hosp,2,2025-06-07,11,quantile,0.85,49.895
2025-05-24,wk inc flu hosp,2,2025-06-07,11,quantile,0.9,58.567
2025-05-24,wk inc flu hosp,2,2025-06-07,11,quantile,0.95,78.215
2025-05-24,wk inc flu hosp,2,2025-06-07,11,quantile,0.975,95.01
2025-05-24,wk inc flu hosp,2,2025-06-07,11,quantile,0.99,111.513
2025-05-24,wk inc flu hosp,3,2025-06-14,11,quantile,0.01,0.0
2025-05-24,wk inc flu hosp,3,2025-06-14,11,quantile,0.025,0.0
2025-05-24,wk inc flu hosp,3,2025-06-14,11,quantile,0.05,0.0
2025-05-24,wk inc flu hosp,3,2025-06-14,11,quantile,0.1,0.0
2025-05-24,wk inc flu hosp,3,2025-06-14,11,quantile,0.15,0.0
2025-05-24,wk inc flu hosp,3,2025-06-14,11,quantile,0.2,0.0
2025-05-24,wk inc flu hosp,3,2025-06-14,11,quantile,0.25,0.0
2025-05-24,wk inc flu hosp,3,2025-06-14,11,quantile,0.3,0.93
2025-05-24,wk inc flu hosp,3,2025-06-14,11,quantile,0.35,5.107
2025-05-24,wk inc flu hosp,3,2025-06-14,11,quantile,0.4,9.962
2025-05-24,wk inc flu hosp,3,2025-06-14,11,quantile,0.45,14.757
2025-05-24,wk inc flu hosp,3,2025-06-14,11,quantile,0.5,20.135
2025-05-24,wk inc flu hosp,3,2025-06-14,11,quantile,0.55,24.643
2025-05-24,wk inc flu hosp,3,2025-06-14,11,quantile,0.6,29.827
2025-05-24,wk inc flu hosp,3,2025-06-14,11,quantile,0.65,35.534
2025-05-24,wk inc flu hosp,3,2025-06-14,11,quantile,0.7,41.755
2025-05-24,wk inc flu hosp,3,2025-06-14,11,quantile,0.75,49.726
2025-05-24,wk inc flu hosp,3,2025-06-14,11,quantile,0.8,57.643
2025-05-24,wk inc flu hosp,3,2025-06-14,11,quantile,0.85,66.121
2025-05-24,wk inc flu hosp,3,2025-06-14,11,quantile,0.9,78.105
2025-05-24,wk inc flu hosp,3,2025-06-14,11,quantile,0.95,97.178
2025-05-24,wk inc flu hosp,3,2025-06-14,11,quantile,0.975,112.163
2025-05-24,wk inc flu hosp,3,2025-06-14,11,quantile,0.99,142.446
2025-05-24,wk inc flu hosp,0,2025-05-24,12,quantile,0.01,74.936
2025-05-24,wk inc flu hosp,0,2025-05-24,12,quantile,0.025,91.772
2025-05-24,wk inc flu hosp,0,2025-05-24,12,quantile,0.05,112.559
2025-05-24,wk inc flu hosp,0,2025-05-24,12,quantile,0.1,131.539
2025-05-24,wk inc flu hosp,0,2025-05-24,12,quantile,0.15,142.014
2025-05-24,wk inc flu hosp,0,2025-05-24,12,quantile,0.2,152.808
2025-05-24,wk inc flu hosp,0,2025-05-24,12,quantile,0.25,163.545
2025-05-24,wk inc flu hosp,0,2025-05-24,12,quantile,0.3,171.199
2025-05-24,wk inc flu hosp,0,2025-05-24,12,quantile,0.35,181.438
2025-05-24,wk inc flu hosp,0,2025-05-24,12,quantile,0.4,188.114
2025-05-24,wk inc flu hosp,0,2025-05-24,12,quantile,0.45,193.718
2025-05-24,wk inc flu hosp,0,2025-05-24,12,quantile,0.5,200.216
2025-05-24,wk inc flu hosp,0,2025-05-24,12,quantile,0.55,205.06
2025-05-24,wk inc flu hosp,0,2025-05-24,12,quantile,0.6,212.265
2025-05-24,wk inc flu hosp,0,2025-05-24,12,quantile,0.65,219.349
2025-05-24,wk inc flu hosp,0,2025-05-24,12,quantile,0.7,227.166
2025-05-24,wk inc flu hosp,0,2025-05-24,12,quantile,0.75,236.426
2025-05-24,wk inc flu hosp,0,2025-05-24,12,quantile,0.8,246.675
2025-05-24,wk inc flu hosp,0,2025-05-24,12,quantile,0.85,260.523
2025-05-24,wk inc flu hosp,0,2025-05-24,12,quantile,0.9,279.532
2025-05-24,wk inc flu hosp,0,2025-05-24,12,quantile,0.95,365.615
2025-05-24,wk inc flu hosp,0,2025-05-24,12,quantile,0.975,432.204
2025-05-24,wk inc flu hosp,0,2025-05-24,12,quantile,0.99,470.833
2025-05-24,wk inc flu hosp,1,2025-05-31,12,quantile,0.01,0.0
2025-05-24,wk inc flu hosp,1,2025-05-31,12,quantile,0.025,0.0
2025-05-24,wk inc flu hosp,1,2025-05-31,12,quantile,0.05,44.984
2025-05-24,wk inc flu hosp,1,2025-05-31,12,quantile,0.1,84.618
2025-05-24,wk inc flu hosp,1,2025-05-31,12,quantile,0.15,112.022
2025-05-24,wk inc flu hosp,1,2025-05-31,12,quantile,0.2,130.135
2025-05-24,wk inc flu hosp,1,2025-05-31,12,quantile,0.25,143.79
2025-05-24,wk inc flu hosp,1,2025-05-31,12,quantile,0.3,155.585
2025-05-24,wk inc flu hosp,1,2025-05-31,12,quantile,0.35,169.745
2025-05-24,wk inc flu hosp,1,2025-05-31,12,quantile,0.4,181.399
2025-05-24,wk inc flu hosp,1,2025-05-31,12,quantile,0.45,191.423
2025-05-24,wk inc flu hosp,1,2025-05-31,12,quantile,0.5,203.531
2025-05-24,wk inc flu hosp,1,2025-05-31,12,quantile,0.55,213.764
2025-05-24,wk inc flu hosp,1,2025-05-31,12,quantile,0.6,223.876
2025-05-24,wk inc flu hosp,1,2025-05-31,12,quantile,0.65,238.636
2025-05-24,wk inc flu hosp,1,2025-05-31,12,quantile,0.7,250.609
2025-05-24,wk inc flu hosp,1,2025-05-31,12,quantile,0.75,264.195
2025-05-24,wk inc flu hosp,1,2025-05-31,12,quantile,0.8,282.615
2025-05-24,wk inc flu hosp,1,2025-05-31,12,quantile,0.85,306.344
2025-05-24,wk inc flu hosp,1,2025-05-31,12,quantile,0.9,344.754
2025-05-24,wk inc flu hosp,1,2025-05-31,12,quantile,0.95,416.307
2025-05-24,wk inc flu hosp,1,2025-05-31,12,quantile,0.975,500.451
2025-05-24,wk inc flu hosp,1,2025-05-31,12,quantile,0.99,524.143
2025-05-24,wk inc flu hosp,2,2025-06-07,12,quantile,0.01,0.0
2025-05-24,wk inc flu hosp,2,2025-06-07,12,quantile,0.025,0.0
2025-05-24,wk inc flu hosp,2,2025-06-07,12,quantile,0.05,0.0
2025-05-24,wk inc flu hosp,2,2025-06-07,12,quantile,0.1,26.75
2025-05-24,wk inc flu hosp,2,2025-06-07,12,quantile,0.15,70.663
2025-05-24,wk inc flu hosp,2,2025-06-07,12,quantile,0.2,100.307
2025-05-24,wk inc flu hosp,2,2025-06-07,12,quantile,0.25,120.149
2025-05-24,wk inc flu hosp,2,2025-06-07,12,quantile,0.3,140.745
2025-05-24,wk inc flu hosp,2,2025-06-07,12,quantile,0.35,156.344
2025-05-24,wk inc flu hosp,2,2025-06-07,12,quantile,0.4,168.114
2025-05-24,wk inc flu hosp,2,2025-06-07,12,quantile,0.45,180.257
2025-05-24,wk inc flu hosp,2,2025-06-07,12,quantile,0.5,192.648
2025-05-24,wk inc flu hosp,2,2025-06-07,12,quantile,0.55,209.865
2025-05-24,wk inc flu hosp,2,2025-06-07,12,quantile,0.6,225.895
2025-05-24,wk inc flu hosp,2,2025-06-07,12,quantile,0.65,239.951
2025-05-24,wk inc flu hosp,2,2025-06-07,12,quantile,0.7,254.165
2025-05-24,wk inc flu hosp,2,2025-06-07,12,quantile,0.75,271.323
2025-05-24,wk inc flu hosp,2,2025-06-07,12,quantile,0.8,296.108
2025-05-24,wk inc flu hosp,2,2025-06-07,12,quantile,0.85,321.685
2025-05-24,wk inc flu hosp,2,2025-06-07,12,quantile,0.9,361.206
2025-05-24,wk inc flu hosp,2,2025-06-07,12,quantile,0.95,430.835
2025-05-24,wk inc flu hosp,2,2025-06-07,12,quantile,0.975,507.829
2025-05-24,wk inc flu hosp,2,2025-06-07,12,quantile,0.99,568.573
2025-05-24,wk inc flu hosp,3,2025-06-14,12,quantile,0.01,0.0
2025-05-24,wk inc flu hosp,3,2025-06-14,12,quantile,0.025,0.0
2025-05-24,wk inc flu hosp,3,2025-06-14,12,quantile,0.05,0.0
2025-05-24,wk inc flu hosp,3,2025-06-14,12,quantile,0.1,0.0
2025-05-24,wk inc flu hosp,3,2025-06-14,12,quantile,0.15,40.639
2025-05-24,wk inc flu hosp,3,2025-06-14,12,quantile,0.2,70.782
2025-05-24,wk inc flu hosp,3,2025-06-14,12,quantile,0.25,94.358
2025-05-24,wk inc flu hosp,3,2025-06-14,12,quantile,0.3,116.511
2025-05-24,wk inc flu hosp,3,2025-06-14,12,quantile,0.35,135.693
2025-05-24,wk inc flu hosp,3,2025-06-14,12,quantile,0.4,155.593
2025-05-24,wk inc flu hosp,3,2025-06-14,12,quantile,0.45,171.231
2025-05-24,wk inc flu hosp,3,2025-06-14,12,quantile,0.5,186.99
2025-05-24,wk inc flu hosp,3,2025-06-14,12,quantile,0.55,200.781
2025-05-24,wk inc flu hosp,3,2025-06-14,12,quantile,0.6,217.856
2025-05-24,wk inc flu hosp,3,2025-06-14,12,quantile,0.65,238.317
2025-05-24,wk inc flu hosp,3,2025-06-14,12,quantile,0.7,258.39
2025-05-24,wk inc flu hosp,3,2025-06-14,12,quantile,0.75,280.884
2025-05-24,wk inc flu hosp,3,2025-06-14,12,quantile,0.8,306.384
2025-05-24,wk inc flu hosp,3,2025-06-14,12,quantile,0.85,340.149
2025-05-24,wk inc flu hosp,3,2025-06-14,12,quantile,0.9,378.933
2025-05-24,wk inc flu hosp,3,2025-06-14,12,quantile,0.95,433.667
2025-05-24,wk inc flu hosp,3,2025-06-14,12,quantile,0.975,515.376
2025-05-24,wk inc flu hosp,3,2025-06-14,12,quantile,0.99,597.386
2025-05-24,wk inc flu hosp,0,2025-05-24,13,quantile,0.01,0.0
2025-05-24,wk inc flu hosp,0,2025-05-24,13,quantile,0.025,0.0
2025-05-24,wk inc flu hosp,0,2025-05-24,13,quantile,0.05,0.0
2025-05-24,wk inc flu hosp,0,2025-05-24,13,quantile,0.1,0.0
2025-05-24,wk inc flu hosp,0,2025-05-24,13,quantile,0.15,0.0
2025-05-24,wk inc flu hosp,0,2025-05-24,13,quantile,0.2,2.718
2025-05-24,wk inc flu hosp,0,2025-05-24,13,quantile,0.25,8.738
2025-05-24,wk inc flu hosp,0,2025-05-24,13,quantile,0.3,13.243
2025-05-24,wk inc flu hosp,0,2025-05-24,13,quantile,0.35,17.29
2025-05-24,wk inc flu hosp,0,2025-05-24,13,quantile,0.4,20.632
2025-05-24,wk inc flu hosp,0,2025-05-24,13,quantile,0.45,24.971
2025-05-24,wk inc flu hosp,0,2025-05-24,13,quantile,0.5,28.365
2025-05-24,wk inc flu hosp,0,2025-05-24,13,quantile,0.55,30.906
2025-05-24,wk inc flu hosp,0,2025-05-24,13,quantile,0.6,34.436
2025-05-24,wk inc flu hosp,0,2025-05-24,13,quantile,0.65,38.033
2025-05-24,wk inc flu hosp,0,2025-05-24,13,quantile,0.7,41.693
2025-05-24,wk inc flu hosp,0,2025-05-24,13,quantile,0.75,44.542
2025-05-24,wk inc flu hosp,0,2025-05-24,13,quantile,0.8,48.961
2025-05-24,wk inc flu hosp,0,2025-05-24,13,quantile,0.85,55.271
2025-05-24,wk inc flu hosp,0,2025-05-24,13,quantile,0.9,63.818
2025-05-24,wk inc flu hosp,0,2025-05-24,13,quantile,0.95,76.073
2025-05-24,wk inc flu hosp,0,2025-05-24,13,quantile,0.975,103.66
2025-05-24,wk inc flu hosp,0,2025-05-24,13,quantile,0.99,130.757
2025-05-24,wk inc flu hosp,1,2025-05-31,13,quantile,0.01,0.0
2025-05-24,wk inc flu hosp,1,2025-05-31,13,quantile,0.025,0.0
2025-05-24,wk inc flu hosp,1,2025-05-31,13,quantile,0.05,0.0
2025-05-24,wk inc flu hosp,1,2025-05-31,13,quantile,0.1,0.0
2025-05-24,wk inc flu hosp,1,2025-05-31,13,quantile,0.15,0.0
2025-05-24,wk inc flu hosp,1,2025-05-31,13,quantile,0.2,0.0
2025-05-24,wk inc flu hosp,1,2025-05-31,13,quantile,0.25,0.0
2025-05-24,wk inc flu hosp,1,2025-05-31,13,quantile,0.3,0.0
2025-05-24,wk inc flu hosp,1,2025-05-31,13,quantile,0.35,2.258
2025-05-24,wk inc flu hosp,1,2025-05-31,13,quantile,0.4,7.689
2025-05-24,wk inc flu hosp,1,2025-05-31,13,quantile,0.45,13.131
2025-05-24,wk inc flu hosp,1,2025-05-31,13,quantile,0.5,17.616
2025-05-24,wk inc flu hosp,1,2025-05-31,13,quantile,0.55,21.985
2025-05-24,wk inc flu hosp,1,2025-05-31,13,quantile,0.6,26.774
2025-05-24,wk inc flu hosp,1,2025-05-31,13,quantile,0.65,32.292
2025-05-24,wk inc flu hosp,1,2025-05-31,13,quantile,0.7,39.196
2025-05-24,wk inc flu hosp,1,2025-05-31,13,quantile,0.75,44.066
2025-05-24,wk inc flu hosp,1,2025-05-31,13,quantile,0.8,51.653
2025-05-24,wk inc flu hosp,1,2025-05-31,13,quantile,0.85,60.975
2025-05-24,wk inc flu hosp,1,2025-05-31,13,quantile,0.9,75.105
2025-05-24,wk inc flu hosp,1,2025-05-31,13,quantile,0.95,99.848
2025-05-24,wk inc flu hosp,1,2025-05-31,13,quantile,0.975,120.795
2025-05-24,wk inc flu hosp,1,2025-05-31,13,quantile,0.99,138.505
2025-05-24,wk inc flu hosp,2,2025-06-07,13,quantile,0.01,0.0
2025-05-24,wk inc flu hosp,2,2025-06-07,13,quantile,0.025,0.0
2025-05-24,wk inc flu hosp,2,2025-06-07,13,quantile,0.05,0.0
2025-05-24,wk inc flu hosp,2,2025-06-07,13,quantile,0.1,0.0
2025-05-24,wk inc flu hosp,2,2025-06-07,13,quantile,0.15,0.0
2025-05-24,wk inc flu hosp,2,2025-06-07,13,quantile,0.2,0.0
2025-05-24,wk inc flu hosp,2,2025-06-07,13,quantile,0.25,0.0
2025-05-24,wk inc flu hosp,2,2025-06-07,13,quantile,0.3,0.0
2025-05-24,wk inc flu hosp,2,2025-06-07,13,quantile,0.35,0.0
2025-05-24,wk inc flu hosp,2,2025-06-07,13,quantile,0.4,0.488
2025-05-24,wk inc flu hosp,2,2025-06-07,13,quantile,0.45,5.428
2025-05-24,wk inc flu hosp,2,2025-06-07,13,quantile,0.5,9.509
2025-05-24,wk inc flu hosp,2,2025-06-07,13,quantile,0.55,14.079
2025-05-24,wk inc flu hosp,2,2025-06-07,13,quantile,0.6,19.409
2025-05-24,wk inc flu hosp,2,2025-06-07,13,quantile,0.65,24.966
2025-05-24,wk inc flu hosp,2,2025-06-07,13,quantile,0.7,29.409
2025-05-24,wk inc flu hosp,2,2025-06-07,13,quantile,0.75,36.345
2025-05-24,wk inc flu hosp,2,2025-06-07,13,quantile,0.8,44.184
2025-05-24,wk inc flu hosp,2,2025-06-07,13,quantile,0.85,55.025
2025-05-24,wk inc flu hosp,2,2025-06-07,13,quantile,0.9,70.683
2025-05-24,wk inc flu hosp,2,2025-06-07,13,quantile,0.95,93.847
2025-05-24,wk inc flu hosp,2,2025-06-07,13,quantile,0.975,116.078
2025-05-24,wk inc flu hosp,2,2025-06-07,13,quantile,0.99,134.425
2025-05-24,wk inc flu hosp,3,2025-06-14,13,quantile,0.01,0.0
2025-05-24,wk inc flu hosp,3,2025-06-14,13,quantile,0.025,0.0
2025-05-24,wk inc flu hosp,3,2025-06-14,13,quantile,0.05,0.0
2025-05-24,wk inc flu hosp,3,2025-06-14,13,quantile,0.1,0.0
2025-05-24,wk inc flu hosp,3,2025-06-14,13,quantile,0.15,0.0
2025-05-24,wk inc flu hosp,3,2025-06-14,13,quantile,0.2,0.0
2025-05-24,wk inc flu hosp,3,2025-06-14,13,quantile,0.25,0.0
2025-05-24,wk inc flu hosp,3,2025-06-14,13,quantile,0.3,0.0
2025-05-24,wk inc flu hosp,3,2025-06-14,13,quantile,0.35,0.0
2025-05-24,wk inc flu hosp,3,2025-06-14,13,quantile,0.4,0.0
2025-05-24,wk inc flu hosp,3,2025-06-14,13,quantile,0.45,0.0
2025-05-24,wk inc flu hosp,3,2025-06-14,13,quantile,0.5,1.636
2025-05-24,wk inc flu hosp,3,2025-06-14,13,quantile,0.55,5.933
2025-05-24,wk inc flu hosp,3,2025-06-14,13,quantile,0.6,11.066
2025-05-24,wk inc flu hosp,3,2025-06-14,13,quantile,0.65,17.129
2025-05-24,wk inc flu hosp,3,2025-06-14,13,quantile,0.7,25.236
2025-05-24,wk inc flu hosp,3,2025-06-14,13,quantile,0.75,32.067
2025-05-24,wk inc flu hosp,3,2025-06-14,13,quantile,0.8,39.879
2025-05-24,wk inc flu hosp,3,2025-06-14,13,quantile,0.85,50.399
2025-05-24,wk inc flu hosp,3,2025-06-14,13,quantile,0.9,65.576
2025-05-24,wk inc flu hosp,3,2025-06-14,13,quantile,0.95,92.098
2025-05-24,wk inc flu hosp,3,2025-06-14,13,quantile,0.975,112.07
2025-05-24,wk inc flu hosp,3,2025-06-14,13,quantile,0.99,137.962
2025-05-24,wk inc flu hosp,0,2025-05-24,15,quantile,0.01,0.0
2025-05-24,wk inc flu hosp,0,2025-05-24,15,quantile,0.025,0.0
2025-05-24,wk inc flu hosp,0,2025-05-24,15,quantile,0.05,0.0
2025-05-24,wk inc flu hosp,0,2025-05-24,15,quantile,0.1,3.702
2025-05-24,wk inc flu hosp,0,2025-05-24,15,quantile,0.15,8.688
2025-05-24,wk inc flu hosp,0,2025-05-24,15,quantile,0.2,12.103
2025-05-24,wk inc flu hosp,0,2025-05-24,15,quantile,0.25,15.087
2025-05-24,wk inc flu hosp,0,2025-05-24,15,quantile,0.3,17.448
2025-05-24,wk inc flu hosp,0,2025-05-24,15,quantile,0.35,19.006
2025-05-24,wk inc flu hosp,0,2025-05-24,15,quantile,0.4,21.05
2025-05-24,wk inc flu hosp,0,2025-05-24,15,quantile,0.45,23.044
2025-05-24,wk inc flu hosp,0,2025-05-24,15,quantile,0.5,24.672
2025-05-24,wk inc flu hosp,0,2025-05-24,15,quantile,0.55,26.653
2025-05-24,wk inc flu hosp,0,2025-05-24,15,quantile,0.6,28.487
2025-05-24,wk inc flu hosp,0,2025-05-24,15,quantile,0.65,30.943
2025-05-24,wk inc flu hosp,0,2025-05-24,15,quantile,0.7,33.243
2025-05-24,wk inc flu hosp,0,2025-05-24,15,quantile,0.75,35.572
2025-05-24,wk inc flu hosp,0,2025-05-24,15,quantile,0.8,38.139
2025-05-24,wk inc flu hosp,0,2025-05-24,15,quantile,0.85,41.273
2025-05-24,wk inc flu hosp,0,2025-05-24,15,quantile,0.9,45.676
2025-05-24,wk inc flu hosp,0,2025-05-24,15,quantile,0.95,51.016
2025-05-24,wk inc flu hosp,0,2025-05-24,15,quantile,0.975,56.51
2025-05-24,wk inc flu hosp,0,2025-05-24,15,quantile,0.99,63.55
2025-05-24,wk inc flu hosp,1,2025-05-31,15,quantile,0.01,0.0
2025-05-24,wk inc flu hosp,1,2025-05-31,15,quantile,0.025,0.0
2025-05-24,wk inc flu hosp,1,2025-05-31,15,quantile,0.05,0.0
2025-05-24,wk inc flu hosp,1,2025-05-31,15,quantile,0.1,0.0
2025-05-24,wk inc flu hosp,1,2025-05-31,15,quantile,0.15,0.0
2025-05-24,wk inc flu hosp,1,2025-05-31,15,quantile,0.2,0.0
2025-05-24,wk inc flu hosp,1,2025-05-31,15,quantile,0.25,2.047
2025-05-24,wk inc flu hosp,1,2025-05-31,15,quantile,0.3,7.236
2025-05-24,wk inc flu hosp,1,2025-05-31,15,quantile,0.35,12.045
2025-05-24,wk inc flu hosp,1,2025-05-31,15,quantile,0.4,15.319
2025-05-24,wk inc flu hosp,1,2025-05-31,15,quantile,0.45,19.582
2025-05-24,wk inc flu hosp,1,2025-05-31,15,quantile,0.5,23.0
2025-05-24,wk inc flu hosp,1,2025-05-31,15,quantile,0.55,25.275
2025-05-24,wk inc flu hosp,1,2025-05-31,15,quantile,0.6,28.687
2025-05-24,wk inc flu hosp,1,2025-05-31,15,quantile,0.65,32.155
2025-05-24,wk inc flu hosp,1,2025-05-31,15,quantile,0.7,37.388
2025-05-24,wk inc flu hosp,1,2025-05-31,15,quantile,0.75,40.689
2025-05-24,wk inc flu hosp,1,2025-05-31,15,quantile,0.8,44.675
2025-05-24,wk inc flu hosp,1,2025-05-31,15,quantile,0.85,49.488
2025-05-24,wk inc flu hosp,1,2025-05-31,15,quantile,0.9,56.008
2025-05-24,wk inc flu hosp,1,2025-05-31,15,quantile,0.95,64.767
2025-05-24,wk inc flu hosp,1,2025-05-31,15,quantile,0.975,71.241
2025-05-24,wk inc flu hosp,1,2025-05-31,15,quantile,0.99,80.382
2025-05-24,wk inc flu hosp,2,2025-06-07,15,quantile,0.01,0.0
2025-05-24,wk inc flu hosp,2,2025-06-07,15,quantile,0.025,0.0
2025-05-24,wk inc flu hosp,2,2025-06-07,15,quantile,0.05,0.0
2025-05-24,wk inc flu hosp,2,2025-06-07,15,quantile,0.1,0.0
2025-05-24,wk inc flu hosp,2,2025-06-07,15,quantile,0.15,0.0
2025-05-24,wk inc flu hosp,2,2025-06-07,15,quantile,0.2,0.0
2025-05-24,wk inc flu hosp,2,2025-06-07,15,quantile,0.25,0.0
2025-05-24,wk inc flu hosp,2,2025-06-07,15,quantile,0.3,3.615
2025-05-24,wk inc flu hosp,2,2025-06-07,15,quantile,0.35,7.837
2025-05-24,wk inc flu hosp,2,2025-06-07,15,quantile,0.4,11.526
2025-05-24,wk inc flu hosp,2,2025-06-07,15,quantile,0.45,15.604
2025-05-24,wk inc flu hosp,2,2025-06-07,15,quantile,0.5,19.95
2025-05-24,wk inc flu hosp,2,2025-06-07,15,quantile,0.55,24.296
2025-05-24,wk inc flu hosp,2,2025-06-07,15,quantile,0.6,28.72
2025-05-24,wk inc flu hosp,2,2025-06-07,15,quantile,0.65,32.473
2025-05-24,wk inc flu hosp,2,2025-06-07,15,quantile,0.7,37.606
2025-05-24,wk inc flu hosp,2,2025-06-07,15,quantile,0.75,42.933
2025-05-24,wk inc flu hosp,2,2025-06-07,15,quantile,0.8,49.03
2025-05-24,wk inc flu hosp,2,2025-06-07,15,quantile,0.85,56.098
2025-05-24,wk inc flu hosp,2,2025-06-07,15,quantile,0.9,63.688
2025-05-24,wk inc flu hosp,2,2025-06-07,15,quantile,0.95,76.981
2025-05-24,wk inc flu hosp,2,2025-06-07,15,quantile,0.975,89.076
2025-05-24,wk inc flu hosp,2,2025-06-07,15,quantile,0.99,102.169
2025-05-24,wk inc flu hosp,3,2025-06-14,15,quantile,0.01,0.0
2025-05-24,wk inc flu hosp,3,2025-06-14,15,quantile,0.025,0.0
2025-05-24,wk inc flu hosp,3,2025-06-14,15,quantile,0.05,0.0
2025-05-24,wk inc flu hosp,3,2025-06-14,15,quantile,0.1,0.0
2025-05-24,wk inc flu hosp,3,2025-06-14,15,quantile,0.15,0.0
2025-05-24,wk inc flu hosp,3,2025-06-14,15,quantile,0.2,0.0
2025-05-24,wk inc flu hosp,3,2025-06-14,15,quantile,0.25,0.0
2025-05-24,wk inc flu hosp,3,2025-06-14,15,quantile,0.3,0.229
2025-05-24,wk inc flu hosp,3,2025-06-14,15,quantile,0.35,4.756
2025-05-24,wk inc flu hosp,3,2025-06-14,15,quantile,0.4,9.233
2025-05-24,wk inc flu hosp,3,2025-06-14,15,quantile,0.45,14.285
2025-05-24,wk inc flu hosp,3,2025-06-14,15,quantile,0.5,19.511
2025-05-24,wk inc flu hosp,3,2025-06-14,15,quantile,0.55,24.053
2025-05-24,wk inc flu hosp,3,2025-06-14,15,quantile,0.6,28.416
2025-05-24,wk inc flu hosp,3,2025-06-14,15,quantile,0.65,33.862
2025-05-24,wk inc flu hosp,3,2025-06-14,15,quantile,0.7,38.422
2025-05-24,wk inc flu hosp,3,2025-06-14,15,quantile,0.75,45.373
2025-05-24,wk inc flu hosp,3,2025-06-14,15,quantile,0.8,52.128
2025-05-24,wk inc flu hosp,3,2025-06-14,15,quantile,0.85,60.79
2025-05-24,wk inc flu hosp,3,2025-06-14,15,quantile,0.9,73.77
2025-05-24,wk inc flu hosp,3,2025-06-14,15,quantile,0.95,89.027
2025-05-24,wk inc flu hosp,3,2025-06-14,15,quantile,0.975,99.977
2025-05-24,wk inc flu hosp,3,2025-06-14,15,quantile,0.99,111.993
2025-05-24,wk inc flu hosp,0,2025-05-24,16,quantile,0.01,0.0
2025-05-24,wk inc flu hosp,0,2025-05-24,16,quantile,0.025,0.0
2025-05-24,wk inc flu hosp,0,2025-05-24,16,quantile,0.05,0.0
2025-05-24,wk inc flu hosp,0,2025-05-24,16,quantile,0.1,0.0
2025-05-24,wk inc flu hosp,0,2025-05-24,16,quantile,0.15,0.0
2025-05-24,wk inc flu hosp,0,2025-05-24,16,quantile,0.2,0.0
2025-05-24,wk inc flu hosp,0,2025-05-24,16,quantile,0.25,0.0
2025-05-24,wk inc flu hosp,0,2025-05-24,16,quantile,0.3,0.0
2025-05-24,wk inc flu hosp,0,2025-05-24,16,quantile,0.35,0.0
2025-05-24,wk inc flu hosp,0,2025-05-24,16,quantile,0.4,0.0
2025-05-24,wk inc flu hosp,0,2025-05-24,16,quantile,0.45,0.0
2025-05-24,wk inc flu hosp,0,2025-05-24,16,quantile,0.5,1.602
2025-05-24,wk inc flu hosp,0,2025-05-24,16,quantile,0.55,4.371
2025-05-24,wk inc flu hosp,0,2025-05-24,16,quantile,0.6,9.408
2025-05-24,wk inc flu hosp,0,2025-05-24,16,quantile,0.65,12.858
2025-05-24,wk inc flu hosp,0,2025-05-24,16,quantile,0.7,15.734
2025-05-24,wk inc flu hosp,0,2025-05-24,16,quantile,0.75,21.134
2025-05-24,wk inc flu hosp,0,2025-05-24,16,quantile,0.8,27.416
2025-05-24,wk inc flu hosp,0,2025-05-24,16,quantile,0.85,33.402
2025-05-24,wk inc flu hosp,0,2025-05-24,16,quantile,0.9,42.152
2025-05-24,wk inc flu hosp,0,2025-05-24,16,quantile,0.95,54.353
2025-05-24,wk inc flu hosp,0,2025-05-24,16,quantile,0.975,67.84
2025-05-24,wk inc flu hosp,0,2025-05-24,16,quantile,0.99,89.412
2025-05-24,wk inc flu hosp,1,2025-05-31,16,quantile,0.01,0.0
2025-05-24,wk inc flu hosp,1,2025-05-31,16,quantile,0.025,0.0
2025-05-24,wk inc flu hosp,1,2025-05-31,16,quantile,0.05,0.0
2025-05-24,wk inc flu hosp,1,2025-05-31,16,quantile,0.1,0.0
2025-05-24,wk inc flu hosp,1,2025-05-31,16,quantile,0.15,0.0
2025-05-24,wk inc flu hosp,1,2025-05-31,16,quantile,0.2,0.0
2025-05-24,wk inc flu hosp,1,2025-05-31,16,quantile,0.25,0.0
2025-05-24,wk inc flu hosp,1,2025-05-31,16,quantile,0.3,0.0
2025-05-24,wk inc flu hosp,1,2025-05-31,16,quantile,0.35,0.0
2025-05-24,wk inc flu hosp,1,2025-05-31,16,quantile,0.4,0.0
2025-05-24,wk inc flu hosp,1,2025-05-31,16,quantile,0.45,3.179
2025-05-24,wk inc flu hosp,1,2025-05-31,16,quantile,0.5,7.386
2025-05-24,wk inc flu hosp,1,2025-05-31,16,quantile,0.55,12.328
2025-05-24,wk inc flu hosp,1,2025-05-31,16,quantile,0.6,17.723
2025-05-24,wk inc flu hosp,1,2025-05-31,16,quantile,0.65,21.484
2025-05-24,wk inc flu hosp,1,2025-05-31,16,quantile,0.7,27.607
2025-05-24,wk inc flu hosp,1,2025-05-31,16,quantile,0.75,34.772
2025-05-24,wk inc flu hosp,1,2025-05-31,16,quantile,0.8,40.783
2025-05-24,wk inc flu hosp,1,2025-05-31,16,quantile,0.85,48.261
2025-05-24,wk inc flu hosp,1,2025-05-31,16,quantile,0.9,58.001
2025-05-24,wk inc flu hosp,1,2025-05-31,16,quantile,0.95,79.653
2025-05-24,wk inc flu hosp,1,2025-05-31,16,quantile,0.975,99.143
2025-05-24,wk inc flu hosp,1,2025-05-31,16,quantile,0.99,118.128
2025-05-24,wk inc flu hosp,2,2025-06-07,16,quantile,0.01,0.0
2025-05-24,wk inc flu hosp,2,2025-06-07,16,quantile,0.025,0.0
2025-05-24,wk inc flu hosp,2,2025-06-07,16,quantile,0.05,0.0
2025-05-24,wk inc flu hosp,2,2025-06-07,16,quantile,0.1,0.0
2025-05-24,wk inc flu hosp,2,2025-06-07,16,quantile,0.15,0.0
2025-05-24,wk inc flu hosp,2,2025-06-07,16,quantile,0.2,0.0
2025-05-24,wk inc flu hosp,2,2025-06-07,16,quantile,0.25,0.0
2025-05-24,wk inc flu hosp,2,2025-06-07,16,quantile,0.3,0.0
2025-05-24,wk inc flu hosp,2,2025-06-07,16,quantile,0.35,1.922
2025-05-24,wk inc flu hosp,2,2025-06-07,16,quantile,0.4,5.083
2025-05-24,wk inc flu hosp,2,2025-06-07,16,quantile,0.45,9.26
2025-05-24,wk inc flu hosp,2,2025-06-07,16,quantile,0.5,13.985
2025-05-24,wk inc flu hosp,2,2025-06-07,16,quantile,0.55,17.537
2025-05-24,wk inc flu hosp,2,2025-06-07,16,quantile,0.6,21.879
2025-05-24,wk inc flu hosp,2,2025-06-07,16,quantile,0.65,27.233
2025-05-24,wk inc flu hosp,2,2025-06-07,16,quantile,0.7,32.125
2025-05-24,wk inc flu hosp,2,2025-06-07,16,quantile,0.75,38.285
2025-05-24,wk inc flu hosp,2,2025-06-07,16,quantile,0.8,44.327
2025-05-24,wk inc flu hosp,2,2025-06-07,16,quantile,0.85,54.884
2025-05-24,wk inc flu hosp,2,2025-06-07,16,quantile,0.9,68.234
2025-05-24,wk inc flu hosp,2,2025-06-07,16,quantile,0.95,89.725
2025-05-24,wk inc flu hosp,2,2025-06-07,16,quantile,0.975,113.463
2025-05-24,wk inc flu hosp,2,2025-06-07,16,quantile,0.99,141.656
2025-05-24,wk inc flu hosp,3,2025-06-14,16,quantile,0.01,0.0
2025-05-24,wk inc flu hosp,3,2025-06-14,16,quantile,0.025,0.0
2025-05-24,wk inc flu hosp,3,2025-06-14,16,quantile,0.05,0.0
2025-05-24,wk inc flu hosp,3,2025-06-14,16,quantile,0.1,0.0
2025-05-24,wk inc flu hosp,3,2025-06-14,16,quantile,0.15,0.0
2025-05-24,wk inc flu hosp,3,2025-06-14,16,quantile,0.2,0.0
2025-05-24,wk inc flu hosp,3,2025-06-14,16,quantile,0.25,0.0
2025-05-24,wk inc flu hosp,3,2025-06-14,16,quantile,0.3,0.589
2025-05-24,wk inc flu hosp,3,2025-06-14,16,quantile,0.35,3.709
2025-05-24,wk inc flu hosp,3,2025-06-14,16,quantile,0.4,7.517
2025-05-24,wk inc flu hosp,3,2025-06-14,16,quantile,0.45,10.63
2025-05-24,wk inc flu hosp,3,2025-06-14,16,quantile,0.5,14.355
2025-05-24,wk inc flu hosp,3,2025-06-14,16,quantile,0.55,17.962
2025-05-24,wk inc flu hosp,3,2025-06-14,16,quantile,0.6,22.423
2025-05-24,wk inc flu hosp,3,2025-06-14,16,quantile,0.65,26.946
2025-05-24,wk inc flu hosp,3,2025-06-14,16,quantile,0.7,32.955
2025-05-24,wk inc flu hosp,3,2025-06-14,16,quantile,0.75,40.288
2025-05-24,wk inc flu hosp,3,2025-06-14,16,quantile,0.8,46.878
2025-05-24,wk inc flu hosp,3,2025-06-14,16,quantile,0.85,56.859
2025-05-24,wk inc flu hosp,3,2025-06-14,16,quantile,0.9,68.354
2025-05-24,wk inc flu hosp,3,2025-06-14,16,quantile,0.95,92.905
2025-05-24,wk inc flu hosp,3,2025-06-14,16,quantile,0.975,113.516
2025-05-24,wk inc flu hosp,3,2025-06-14,16,quantile,0.99,137.968
2025-05-24,wk inc flu hosp,0,2025-05-24,17,quantile,0.01,0.0
2025-05-24,wk inc flu hosp,0,2025-05-24,17,quantile,0.025,0.0
2025-05-24,wk inc flu hosp,0,2025-05-24,17,quantile,0.05,0.0
2025-05-24,wk inc flu hosp,0,2025-05-24,17,quantile,0.1,0.0
2025-05-24,wk inc flu hosp,0,2025-05-24,17,quantile,0.15,0.0
2025-05-24,wk inc flu hosp,0,2025-05-24,17,quantile,0.2,0.0
2025-05-24,wk inc flu hosp,0,2025-05-24,17,quantile,0.25,0.0
2025-05-24,wk inc flu hosp,0,2025-05-24,17,quantile,0.3,0.184
2025-05-24,wk inc flu hosp,0,2025-05-24,17,quantile,0.35,8.832
2025-05-24,wk inc flu hosp,0,2025-05-24,17,quantile,0.4,16.919
2025-05-24,wk inc flu hosp,0,2025-05-24,17,quantile,0.45,24.918
2025-05-24,wk inc flu hosp,0,2025-05-24,17,quantile,0.5,31.675
2025-05-24,wk inc flu hosp,0,2025-05-24,17,quantile,0.55,39.94
2025-05-24,wk inc flu hosp,0,2025-05-24,17,quantile,0.6,49.188
2025-05-24,wk inc flu hosp,0,2025-05-24,17,quantile,0.65,58.307
2025-05-24,wk inc flu hosp,0,2025-05-24,17,quantile,0.7,67.975
2025-05-24,wk inc flu hosp,0,2025-05-24,17,quantile,0.75,79.039
2025-05-24,wk inc flu hosp,0,2025-05-24,17,quantile,0.8,86.608
2025-05-24,wk inc flu hosp,0,2025-05-24,17,quantile,0.85,98.503
2025-05-24,wk inc flu hosp,0,2025-05-24,17,quantile,0.9,112.388
2025-05-24,wk inc flu hosp,0,2025-05-24,17,quantile,0.95,138.657
2025-05-24,wk inc flu hosp,0,2025-05-24,17,quantile,0.975,159.286
2025-05-24,wk inc flu hosp,0,2025-05-24,17,quantile,0.99,194.856
2025-05-24,wk inc flu hosp,1,2025-05-31,17,quantile,0.01,0.0
2025-05-24,wk inc flu hosp,1,2025-05-31,17,quantile,0.025,0.0
2025-05-24,wk inc flu hosp,1,2025-05-31,17,quantile,0.05,0.0
2025-05-24,wk inc flu hosp,1,2025-05-31,17,quantile,0.1,0.0
2025-05-24,wk inc flu hosp,1,2025-05-31,17,quantile,0.15,0.0
2025-05-24,wk inc flu hosp,1,2025-05-31,17,quantile,0.2,0.0
2025-05-24,wk inc flu hosp,1,2025-05-31,17,quantile,0.25,0.0
2025-05-24,wk inc flu hosp,1,2025-05-31,17,quantile,0.3,0.0
2025-05-24,wk inc flu hosp,1,2025-05-31,17,quantile,0.35,0.0
2025-05-24,wk inc flu hosp,1,2025-05-31,17,quantile,0.4,2.298
2025-05-24,wk inc flu hosp,1,2025-05-31,17,quantile,0.45,11.543
2025-05-24,wk inc flu hosp,1,2025-05-31,17,quantile,0.5,22.274
2025-05-24,wk inc flu hosp,1,2025-05-31,17,quantile,0.55,34.376
2025-05-24,wk inc flu hosp,1,2025-05-31,17,quantile,0.6,45.044
2025-05-24,wk inc flu hosp,1,2025-05-31,17,quantile,0.65,54.351
2025-05-24,wk inc flu hosp,1,2025-05-31,17,quantile,0.7,64.288
2025-05-24,wk inc flu hosp,1,2025-05-31,17,quantile,0.75,77.462
2025-05-24,wk inc flu hosp,1,2025-05-31,17,quantile,0.8,94.294
2025-05-24,wk inc flu hosp,1,2025-05-31,17,quantile,0.85,109.577
2025-05-24,wk inc flu hosp,1,2025-05-31,17,quantile,0.9,134.434
2025-05-24,wk inc flu hosp,1,2025-05-31,17,quantile,0.95,161.558
2025-05-24,wk inc flu hosp,1,2025-05-31,17,quantile,0.975,191.759
2025-05-24,wk inc flu hosp,1,2025-05-31,17,quantile,0.99,229.915
2025-05-24,wk inc flu hosp,2,2025-06-07,17,quantile,0.01,0.0
2025-05-24,wk inc flu hosp,2,2025-06-07,17,quantile,0.025,0.0
2025-05-24,wk inc flu hosp,2,2025-06-07,17,quantile,0.05,0.0
2025-05-24,wk inc flu hosp,2,2025-06-07,17,quantile,0.1,0.0
2025-05-24,wk inc flu hosp,2,2025-06-07,17,quantile,0.15,0.0
2025-05-24,wk inc flu hosp,2,2025-06-07,17,quantile,0.2,0.0
2025-05-24,wk inc flu hosp,2,2025-06-07,17,quantile,0.25,0.0
2025-05-24,wk inc flu hosp,2,2025-06-07,17,quantile,0.3,0.0
2025-05-24,wk inc flu hosp,2,2025-06-07,17,quantile,0.35,0.0
2025-05-24,wk inc flu hosp,2,2025-06-07,17,quantile,0.4,0.094
2025-05-24,wk inc flu hosp,2,2025-06-07,17,quantile,0.45,7.197
2025-05-24,wk inc flu hosp,2,2025-06-07,17,quantile,0.5,16.933
2025-05-24,wk inc flu hosp,2,2025-06-07,17,quantile,0.55,28.217
2025-05-24,wk inc flu hosp,2,2025-06-07,17,quantile,0.6,36.03
2025-05-24,wk inc flu hosp,2,2025-06-07,17,quantile,0.65,46.652
2025-05-24,wk inc flu hosp,2,2025-06-07,17,quantile,0.7,61.09
2025-05-24,wk inc flu hosp,2,2025-06-07,17,quantile,0.75,75.281
2025-05-24,wk inc flu hosp,2,2025-06-07,17,quantile,0.8,91.315
2025-05-24,wk inc flu hosp,2,2025-06-07,17,quantile,0.85,111.242
2025-05-24,wk inc flu hosp,2,2025-06-07,17,quantile,0.9,139.924
2025-05-24,wk inc flu hosp,2,2025-06-07,17,quantile,0.95,176.443
2025-05-24,wk inc flu hosp,2,2025-06-07,17,quantile,0.975,200.627
2025-05-24,wk inc flu hosp,2,2025-06-07,17,quantile,0.99,241.32
2025-05-24,wk inc flu hosp,3,2025-06-14,17,quantile,0.01,0.0
2025-05-24,wk inc flu hosp,3,2025-06-14,17,quantile,0.025,0.0
2025-05-24,wk inc flu hosp,3,2025-06-14,17,quantile,0.05,0.0
2025-05-24,wk inc flu hosp,3,2025-06-14,17,quantile,0.1,0.0
2025-05-24,wk inc flu hosp,3,2025-06-14,17,quantile,0.15,0.0
2025-05-24,wk inc flu hosp,3,2025-06-14,17,quantile,0.2,0.0
2025-05-24,wk inc flu hosp,3,2025-06-14,17,quantile,0.25,0.0
2025-05-24,wk inc flu hosp,3,2025-06-14,17,quantile,0.3,0.0
2025-05-24,wk inc flu hosp,3,2025-06-14,17,quantile,0.35,0.0
2025-05-24,wk inc flu hosp,3,2025-06-14,17,quantile,0.4,0.0
2025-05-24,wk inc flu hosp,3,2025-06-14,17,quantile,0.45,2.644
2025-05-24,wk inc flu hosp,3,2025-06-14,17,quantile,0.5,11.793
2025-05-24,wk inc flu hosp,3,2025-06-14,17,quantile,0.55,22.55
2025-05-24,wk inc flu hosp,3,2025-06-14,17,quantile,0.6,31.186
2025-05-24,wk inc flu hosp,3,2025-06-14,17,quantile,0.65,39.607
2025-05-24,wk inc flu hosp,3,2025-06-14,17,quantile,0.7,51.534
2025-05-24,wk inc flu hosp,3,2025-06-14,17,quantile,0.75,64.373
2025-05-24,wk inc flu hosp,3,2025-06-14,17,quantile,0.8,79.728
2025-05-24,wk inc flu hosp,3,2025-06-14,17,quantile,0.85,99.918
2025-05-24,wk inc flu hosp,3,2025-06-14,17,quantile,0.9,126.505
2025-05-24,wk inc flu hosp,3,2025-06-14,17,quantile,0.95,172.698
2025-05-24,wk inc flu hosp,3,2025-06-14,17,quantile,0.975,203.776
2025-05-24,wk inc flu hosp,3,2025-06-14,17,quantile,0.99,239.92
2025-05-24,wk inc flu hosp,0,2025-05-24,18,quantile,0.01,0.0
2025-05-24,wk inc flu hosp,0,2025-05-24,18,quantile,0.025,0.0
2025-05-24,wk inc flu hosp,0,2025-05-24,18,quantile,0.05,0.0
2025-05-24,wk inc flu hosp,0,2025-05-24,18,quantile,0.1,0.0
2025-05-24,wk inc flu hosp,0,2025-05-24,18,quantile,0.15,0.0
2025-05-24,wk inc flu hosp,0,2025-05-24,18,quantile,0.2,0.0
2025-05-24,wk inc flu hosp,0,2025-05-24,18,quantile,0.25,0.0
2025-05-24,wk inc flu hosp,0,2025-05-24,18,quantile,0.3,0.0
2025-05-24,wk inc flu hosp,0,2025-05-24,18,quantile,0.35,3.799
2025-05-24,wk inc flu hosp,0,2025-05-24,18,quantile,0.4,9.51
2025-05-24,wk inc flu hosp,0,2025-05-24,18,quantile,0.45,13.337
2025-05-24,wk inc flu hosp,0,2025-05-24,18,quantile,0.5,18.969
2025-05-24,wk inc flu hosp,0,2025-05-24,18,quantile,0.55,25.1
2025-05-24,wk inc flu hosp,0,2025-05-24,18,quantile,0.6,31.877
2025-05-24,wk inc flu hosp,0,2025-05-24,18,quantile,0.65,37.955
2025-05-24,wk inc flu hosp,0,2025-05-24,18,quantile,0.7,42.534
2025-05-24,wk inc flu hosp,0,2025-05-24,18,quantile,0.75,50.188
2025-05-24,wk inc flu hosp,0,2025-05-24,18,quantile,0.8,58.459
2025-05-24,wk inc flu hosp,0,2025-05-24,18,quantile,0.85,69.331
2025-05-24,wk inc flu hosp,0,2025-05-24,18,quantile,0.9,84.106
2025-05-24,wk inc flu hosp,0,2025-05-24,18,quantile,0.95,105.536
2025-05-24,wk inc flu hosp,0,2025-05-24,18,quantile,0.975,121.721
2025-05-24,wk inc flu hosp,0,2025-05-24,18,quantile,0.99,135.023
2025-05-24,wk inc flu hosp,1,2025-05-31,18,quantile,0.01,0.0
2025-05-24,wk inc flu hosp,1,2025-05-31,18,quantile,0.025,0.0
2025-05-24,wk inc flu hosp,1,2025-05-31,18,quantile,0.05,0.0
2025-05-24,wk inc flu hosp,1,2025-05-31,18,quantile,0.1,0.0
2025-05-24,wk inc flu hosp,1,2025-05-31,18,quantile,0.15,0.0
2025-05-24,wk inc flu hosp,1,2025-05-31,18,quantile,0.2,0.0
2025-05-24,wk inc flu hosp,1,2025-05-31,18,quantile,0.25,0.0
2025-05-24,wk inc flu hosp,1,2025-05-31,18,quantile,0.3,0.0
2025-05-24,wk inc flu hosp,1,2025-05-31,18,quantile,0.35,0.089
2025-05-24,wk inc flu hosp,1,2025-05-31,18,quantile,0.4,6.376
2025-05-24,wk inc flu hosp,1,2025-05-31,18,quantile,0.45,15.739
2025-05-24,wk inc flu hosp,1,2025-05-31,18,quantile,0.5,21.61
2025-05-24,wk inc flu hosp,1,2025-05-31,18,quantile,0.55,29.682
2025-05-24,wk inc flu hosp,1,2025-05-31,18,quantile,0.6,38.076
2025-05-24,wk inc flu hosp,1,2025-05-31,18,quantile,0.65,46.784
2025-05-24,wk inc flu hosp,1,2025-05-31,18,quantile,0.7,57.149
2025-05-24,wk inc flu hosp,1,2025-05-31,18,quantile,0.75,65.088
2025-05-24,wk inc flu hosp,1,2025-05-31,18,quantile,0.8,78.097
2025-05-24,wk inc flu hosp,1,2025-05-31,18,quantile,0.85,94.275
2025-05-24,wk inc flu hosp,1,2025-05-31,18,quantile,0.9,114.727
2025-05-24,wk inc flu hosp,1,2025-05-31,18,quantile,0.95,138.725
2025-05-24,wk inc flu hosp,1,2025-05-31,18,quantile,0.975,156.643
2025-05-24,wk inc flu hosp,1,2025-05-31,18,quantile,0.99,187.704
2025-05-24,wk inc flu hosp,2,2025-06-07,18,quantile,0.01,0.0
2025-05-24,wk inc flu hosp,2,2025-06-07,18,quantile,0.025,0.0
2025-05-24,wk inc flu hosp,2,2025-06-07,18,quantile,0.05,0.0
2025-05-24,wk inc flu hosp,2,2025-06-07,18,quantile,0.1,0.0
2025-05-24,wk inc flu hosp,2,2025-06-07,18,quantile,0.15,0.0
2025-05-24,wk inc flu hosp,2,2025-06-07,18,quantile,0.2,0.0
2025-05-24,wk inc flu hosp,2,2025-06-07,18,quantile,0.25,0.0
2025-05-24,wk inc flu hosp,2,2025-06-07,18,quantile,0.3,0.0
2025-05-24,wk inc flu hosp,2,2025-06-07,18,quantile,0.35,1.916
2025-05-24,wk inc flu hosp,2,2025-06-07,18,quantile,0.4,11.96
2025-05-24,wk inc flu hosp,2,2025-06-07,18,quantile,0.45,22.505
2025-05-24,wk inc flu hosp,2,2025-06-07,18,quantile,0.5,34.304
2025-05-24,wk inc flu hosp,2,2025-06-07,18,quantile,0.55,45.357
2025-05-24,wk inc flu hosp,2,2025-06-07,18,quantile,0.6,55.558
2025-05-24,wk inc flu hosp,2,2025-06-07,18,quantile,0.65,69.198
2025-05-24,wk inc flu hosp,2,2025-06-07,18,quantile,0.7,83.91
2025-05-24,wk inc flu hosp,2,2025-06-07,18,quantile,0.75,98.382
2025-05-24,wk inc flu hosp,2,2025-06-07,18,quantile,0.8,111.35
2025-05-24,wk inc flu hosp,2,2025-06-07,18,quantile,0.85,129.717
2025-05-24,wk inc flu hosp,2,2025-06-07,18,quantile,0.9,162.223
2025-05-24,wk inc flu hosp,2,2025-06-07,18,quantile,0.95,207.229
2025-05-24,wk inc flu hosp,2,2025-06-07,18,quantile,0.975,247.74
2025-05-24,wk inc flu hosp,2,2025-06-07,18,quantile,0.99,298.803
2025-05-24,wk inc flu hosp,3,2025-06-14,18,quantile,0.01,0.0
2025-05-24,wk inc flu hosp,3,2025-06-14,18,quantile,0.025,0.0
2025-05-24,wk inc flu hosp,3,2025-06-14,18,quantile,0.05,0.0
2025-05-24,wk inc flu hosp,3,2025-06-14,18,quantile,0.1,0.0
2025-05-24,wk inc flu hosp,3,2025-06-14,18,quantile,0.15,0.0
2025-05-24,wk inc flu hosp,3,2025-06-14,18,quantile,0.2,0.0
2025-05-24,wk inc flu hosp,3,2025-06-14,18,quantile,0.25,0.0
2025-05-24,wk inc flu hosp,3,2025-06-14,18,quantile,0.3,0.0
2025-05-24,wk inc flu hosp,3,2025-06-14,18,quantile,0.35,6.669
2025-05-24,wk inc flu hosp,3,2025-06-14,18,quantile,0.4,19.133
2025-05-24,wk inc flu hosp,3,2025-06-14,18,quantile,0.45,30.055
2025-05-24,wk inc flu hosp,3,2025-06-14,18,quantile,0.5,39.743
2025-05-24,wk inc flu hosp,3,2025-06-14,18,quantile,0.55,52.816
2025-05-24,wk inc flu hosp,3,2025-06-14,18,quantile,0.6,66.127
2025-05-24,wk inc flu hosp,3,2025-06-14,18,quantile,0.65,78.652
2025-05-24,wk inc flu hosp,3,2025-06-14,18,quantile,0.7,91.268
2025-05-24,wk inc flu hosp,3,2025-06-14,18,quantile,0.75,108.805
2025-05-24,wk inc flu hosp,3,2025-06-14,18,quantile,0.8,126.414
2025-05-24,wk inc flu hosp,3,2025-06-14,18,quantile,0.85,150.601
2025-05-24,wk inc flu hosp,3,2025-06-14,18,quantile,0.9,191.254
2025-05-24,wk inc flu hosp,3,2025-06-14,18,quantile,0.95,240.121
2025-05-24,wk inc flu hosp,3,2025-06-14,18,quantile,0.975,281.864
2025-05-24,wk inc flu hosp,3,2025-06-14,18,quantile,0.99,332.93
2025-05-24,wk inc flu hosp,0,2025-05-24,19,quantile,0.01,0.0
2025-05-24,wk inc flu hosp,0,2025-05-24,19,quantile,0.025,0.0
2025-05-24,wk inc flu hosp,0,2025-05-24,19,quantile,0.05,0.0
2025-05-24,wk inc flu hosp,0,2025-05-24,19,quantile,0.1,0.0
2025-05-24,wk inc flu hosp,0,2025-05-24,19,quantile,0.15,0.0
2025-05-24,wk inc flu hosp,0,2025-05-24,19,quantile,0.2,0.0
2025-05-24,wk inc flu hosp,0,2025-05-24,19,quantile,0.25,0.0
2025-05-24,wk inc flu hosp,0,2025-05-24,19,quantile,0.3,0.0
2025-05-24,wk inc flu hosp,0,2025-05-24,19,quantile,0.35,0.0
2025-05-24,wk inc flu hosp,0,2025-05-24,19,quantile,0.4,0.0
2025-05-24,wk inc flu hosp,0,2025-05-24,19,quantile,0.45,0.0
2025-05-24,wk inc flu hosp,0,2025-05-24,19,quantile,0.5,0.0
2025-05-24,wk inc flu hosp,0,2025-05-24,19,quantile,0.55,0.003
2025-05-24,wk inc flu hosp,0,2025-05-24,19,quantile,0.6,0.916
2025-05-24,wk inc flu hosp,0,2025-05-24,19,quantile,0.65,2.007
2025-05-24,wk inc flu hosp,0,2025-05-24,19,quantile,0.7,3.221
2025-05-24,wk inc flu hosp,0,2025-05-24,19,quantile,0.75,4.869
2025-05-24,wk inc flu hosp,0,2025-05-24,19,quantile,0.8,6.384
2025-05-24,wk inc flu hosp,0,2025-05-24,19,quantile,0.85,8.392
2025-05-24,wk inc flu hosp,0,2025-05-24,19,quantile,0.9,10.22
2025-05-24,wk inc flu hosp,0,2025-05-24,19,quantile,0.95,13.754
2025-05-24,wk inc flu hosp,0,2025-05-24,19,quantile,0.975,17.047
2025-05-24,wk inc flu hosp,0,2025-05-24,19,quantile,0.99,21.64
2025-05-24,wk inc flu hosp,1,2025-05-31,19,quantile,0.01,0.0
2025-05-24,wk inc flu hosp,1,2025-05-31,19,quantile,0.025,0.0
2025-05-24,wk inc flu hosp,1,2025-05-31,19,quantile,0.05,0.0
2025-05-24,wk inc flu hosp,1,2025-05-31,19,quantile,0.1,0.0
2025-05-24,wk inc flu hosp,1,2025-05-31,19,quantile,0.15,0.0
2025-05-24,wk inc flu hosp,1,2025-05-31,19,quantile,0.2,0.0
2025-05-24,wk inc flu hosp,1,2025-05-31,19,quantile,0.25,0.0
2025-05-24,wk inc flu hosp,1,2025-05-31,19,quantile,0.3,0.0
2025-05-24,wk inc flu hosp,1,2025-05-31,19,quantile,0.35,0.0
2025-05-24,wk inc flu hosp,1,2025-05-31,19,quantile,0.4,0.0
2025-05-24,wk inc flu hosp,1,2025-05-31,19,quantile,0.45,0.0
2025-05-24,wk inc flu hosp,1,2025-05-31,19,quantile,0.5,1.359
2025-05-24,wk inc flu hosp,1,2025-05-31,19,quantile,0.55,2.527
2025-05-24,wk inc flu hosp,1,2025-05-31,19,quantile,0.6,3.767
2025-05-24,wk inc flu hosp,1,2025-05-31,19,quantile,0.65,5.131
2025-05-24,wk inc flu hosp,1,2025-05-31,19,quantile,0.7,6.546
2025-05-24,wk inc flu hosp,1,2025-05-31,19,quantile,0.75,8.247
2025-05-24,wk inc flu hosp,1,2025-05-31,19,quantile,0.8,10.191
2025-05-24,wk inc flu hosp,1,2025-05-31,19,quantile,0.85,12.351
2025-05-24,wk inc flu hosp,1,2025-05-31,19,quantile,0.9,15.663
2025-05-24,wk inc flu hosp,1,2025-05-31,19,quantile,0.95,20.483
2025-05-24,wk inc flu hosp,1,2025-05-31,19,quantile,0.975,23.668
2025-05-24,wk inc flu hosp,1,2025-05-31,19,quantile,0.99,28.915
2025-05-24,wk inc flu hosp,2,2025-06-07,19,quantile,0.01,0.0
2025-05-24,wk inc flu hosp,2,2025-06-07,19,quantile,0.025,0.0
2025-05-24,wk inc flu hosp,2,2025-06-07,19,quantile,0.05,0.0
2025-05-24,wk inc flu hosp,2,2025-06-07,19,quantile,0.1,0.0
2025-05-24,wk inc flu hosp,2,2025-06-07,19,quantile,0.15,0.0
2025-05-24,wk inc flu hosp,2,2025-06-07,19,quantile,0.2,0.0
2025-05-24,wk inc flu hosp,2,2025-06-07,19,quantile,0.25,0.0
2025-05-24,wk inc flu hosp,2,2025-06-07,19,quantile,0.3,0.0
2025-05-24,wk inc flu hosp,2,2025-06-07,19,quantile,0.35,0.0
2025-05-24,wk inc flu hosp,2,2025-06-07,19,quantile,0.4,0.484
2025-05-24,wk inc flu hosp,2,2025-06-07,19,quantile,0.45,1.604
2025-05-24,wk inc flu hosp,2,2025-06-07,19,quantile,0.5,2.998
2025-05-24,wk inc flu hosp,2,2025-06-07,19,quantile,0.55,4.264
2025-05-24,wk inc flu hosp,2,2025-06-07,19,quantile,0.6,5.797
2025-05-24,wk inc flu hosp,2,2025-06-07,19,quantile,0.65,7.02
2025-05-24,wk inc flu hosp,2,2025-06-07,19,quantile,0.7,8.674
2025-05-24,wk inc flu hosp,2,2025-06-07,19,quantile,0.75,10.605
2025-05-24,wk inc flu hosp,2,2025-06-07,19,quantile,0.8,12.968
2025-05-24,wk inc flu hosp,2,2025-06-07,19,quantile,0.85,15.153
2025-05-24,wk inc flu hosp,2,2025-06-07,19,quantile,0.9,18.507
2025-05-24,wk inc flu hosp,2,2025-06-07,19,quantile,0.95,22.176
2025-05-24,wk inc flu hosp,2,2025-06-07,19,quantile,0.975,28.423
2025-05-24,wk inc flu hosp,2,2025-06-07,19,quantile,0.99,34.17
2025-05-24,wk inc flu hosp,3,2025-06-14,19,quantile,0.01,0.0
2025-05-24,wk inc flu hosp,3,2025-06-14,19,quantile,0.025,0.0
2025-05-24,wk inc flu hosp,3,2025-06-14,19,quantile,0.05,0.0
2025-05-24,wk inc flu hosp,3,2025-06-14,19,quantile,0.1,0.0
2025-05-24,wk inc flu hosp,3,2025-06-14,19,quantile,0.15,0.0
2025-05-24,wk inc flu hosp,3,2025-06-14,19,quantile,0.2,0.0
2025-05-24,wk inc flu hosp,3,2025-06-14,19,quantile,0.25,0.0
2025-05-24,wk inc flu hosp,3,2025-06-14,19,quantile,0.3,0.0
2025-05-24,wk inc flu hosp,3,2025-06-14,19,quantile,0.35,0.492
2025-05-24,wk inc flu hosp,3,2025-06-14,19,quantile,0.4,1.537
2025-05-24,wk inc flu hosp,3,2025-06-14,19,quantile,0.45,2.899
2025-05-24,wk inc flu hosp,3,2025-06-14,19,quantile,0.5,4.368
2025-05-24,wk inc flu hosp,3,2025-06-14,19,quantile,0.55,5.823
2025-05-24,wk inc flu hosp,3,2025-06-14,19,quantile,0.6,7.244
2025-05-24,wk inc flu hosp,3,2025-06-14,19,quantile,0.65,9.104
2025-05-24,wk inc flu hosp,3,2025-06-14,19,quantile,0.7,10.658
2025-05-24,wk inc flu hosp,3,2025-06-14,19,quantile,0.75,12.591
2025-05-24,wk inc flu hosp,3,2025-06-14,19,quantile,0.8,15.031
2025-05-24,wk inc flu hosp,3,2025-06-14,19,quantile,0.85,17.983
2025-05-24,wk inc flu hosp,3,2025-06-14,19,quantile,0.9,22.79
2025-05-24,wk inc flu hosp,3,2025-06-14,19,quantile,0.95,28.457
2025-05-24,wk inc flu hosp,3,2025-06-14,19,quantile,0.975,34.541
2025-05-24,wk inc flu hosp,3,2025-06-14,19,quantile,0.99,38.043
2025-05-24,wk inc flu hosp,0,2025-05-24,20,quantile,0.01,0.0
2025-05-24,wk inc flu hosp,0,2025-05-24,20,quantile,0.025,0.0
2025-05-24,wk inc flu hosp,0,2025-05-24,20,quantile,0.05,0.0
2025-05-24,wk inc flu hosp,0,2025-05-24,20,quantile,0.1,0.0
2025-05-24,wk inc flu hosp,0,2025-05-24,20,quantile,0.15,0.0
2025-05-24,wk inc flu hosp,0,2025-05-24,20,quantile,0.2,0.0
2025-05-24,wk inc flu hosp,0,2025-05-24,20,quantile,0.25,0.0
2025-05-24,wk inc flu hosp,0,2025-05-24,20,quantile,0.3,0.714
2025-05-24,wk inc flu hosp,0,2025-05-24,20,quantile,0.35,2.301
2025-05-24,wk inc flu hosp,0,2025-05-24,20,quantile,0.4,3.753
2025-05-24,wk inc flu hosp,0,2025-05-24,20,quantile,0.45,5.146
2025-05-24,wk inc flu hosp,0,2025-05-24,20,quantile,0.5,6.74
2025-05-24,wk inc flu hosp,0,2025-05-24,20,quantile,0.55,8.193
2025-05-24,wk inc flu hosp,0,2025-05-24,20,quantile,0.6,9.654
2025-05-24,wk inc flu hosp,0,2025-05-24,20,quantile,0.65,11.242
2025-05-24,wk inc flu hosp,0,2025-05-24,20,quantile,0.7,12.952
2025-05-24,wk inc flu hosp,0,2025-05-24,20,quantile,0.75,14.293
2025-05-24,wk inc flu hosp,0,2025-05-24,20,quantile,0.8,16.147
2025-05-24,wk inc flu hosp,0,2025-05-24,20,quantile,0.85,17.962
2025-05-24,wk inc flu hosp,0,2025-05-24,20,quantile,0.9,21.141
2025-05-24,wk inc flu hosp,0,2025-05-24,20,quantile,0.95,25.253
2025-05-24,wk inc flu hosp,0,2025-05-24,20,quantile,0.975,28.332
2025-05-24,wk inc flu hosp,0,2025-05-24,20,quantile,0.99,32.294
2025-05-24,wk inc flu hosp,1,2025-05-31,20,quantile,0.01,0.0
2025-05-24,wk inc flu hosp,1,2025-05-31,20,quantile,0.025,0.0
2025-05-24,wk inc flu hosp,1,2025-05-31,20,quantile,0.05,0.0
2025-05-24,wk inc flu hosp,1,2025-05-31,20,quantile,0.1,0.0
2025-05-24,wk inc flu hosp,1,2025-05-31,20,quantile,0.15,0.0
2025-05-24,wk inc flu hosp,1,2025-05-31,20,quantile,0.2,0.0
2025-05-24,wk inc flu hosp,1,2025-05-31,20,quantile,0.25,0.0
2025-05-24,wk inc flu hosp,1,2025-05-31,20,quantile,0.3,0.0
2025-05-24,wk inc flu hosp,1,2025-05-31,20,quantile,0.35,0.881
2025-05-24,wk inc flu hosp,1,2025-05-31,20,quantile,0.4,2.714
2025-05-24,wk inc flu hosp,1,2025-05-31,20,quantile,0.45,4.54
2025-05-24,wk inc flu hosp,1,2025-05-31,20,quantile,0.5,6.211
2025-05-24,wk inc flu hosp,1,2025-05-31,20,quantile,0.55,8.156
2025-05-24,wk inc flu hosp,1,2025-05-31,20,quantile,0.6,9.572
2025-05-24,wk inc flu hosp,1,2025-05-31,20,quantile,0.65,11.8
2025-05-24,wk inc flu hosp,1,2025-05-31,20,quantile,0.7,13.688
2025-05-24,wk inc flu hosp,1,2025-05-31,20,quantile,0.75,15.643
2025-05-24,wk inc flu hosp,1,2025-05-31,20,quantile,0.8,18.332
2025-05-24,wk inc flu hosp,1,2025-05-31,20,quantile,0.85,21.71
2025-05-24,wk inc flu hosp,1,2025-05-31,20,quantile,0.9,24.564
2025-05-24,wk inc flu hosp,1,2025-05-31,20,quantile,0.95,30.474
2025-05-24,wk inc flu hosp,1,2025-05-31,20,quantile,0.975,35.872
2025-05-24,wk inc flu hosp,1,2025-05-31,20,quantile,0.99,41.394
2025-05-24,wk inc flu hosp,2,2025-06-07,20,quantile,0.01,0.0
2025-05-24,wk inc flu hosp,2,2025-06-07,20,quantile,0.025,0.0
2025-05-24,wk inc flu hosp,2,2025-06-07,20,quantile,0.05,0.0
2025-05-24,wk inc flu hosp,2,2025-06-07,20,quantile,0.1,0.0
2025-05-24,wk inc flu hosp,2,2025-06-07,20,quantile,0.15,0.0
2025-05-24,wk inc flu hosp,2,2025-06-07,20,quantile,0.2,0.0
2025-05-24,wk inc flu hosp,2,2025-06-07,20,quantile,0.25,0.0
2025-05-24,wk inc flu hosp,2,2025-06-07,20,quantile,0.3,0.0
2025-05-24,wk inc flu hosp,2,2025-06-07,20,quantile,0.35,0.381
2025-05-24,wk inc flu hosp,2,2025-06-07,20,quantile,0.4,1.918
2025-05-24,wk inc flu hosp,2,2025-06-07,20,quantile,0.45,3.878
2025-05-24,wk inc flu hosp,2,2025-06-07,20,quantile,0.5,6.215
2025-05-24,wk inc flu hosp,2,2025-06-07,20,quantile,0.55,8.144
2025-05-24,wk inc flu hosp,2,2025-06-07,20,quantile,0.6,10.06
2025-05-24,wk inc flu hosp,2,2025-06-07,20,quantile,0.65,12.376
2025-05-24,wk inc flu hosp,2,2025-06-07,20,quantile,0.7,14.902
2025-05-24,wk inc flu hosp,2,2025-06-07,20,quantile,0.75,17.778
2025-05-24,wk inc flu hosp,2,2025-06-07,20,quantile,0.8,20.631
2025-05-24,wk inc flu hosp,2,2025-06-07,20,quantile,0.85,23.497
2025-05-24,wk inc flu hosp,2,2025-06-07,20,quantile,0.9,27.084
2025-05-24,wk inc flu hosp,2,2025-06-07,20,quantile,0.95,34.73
2025-05-24,wk inc flu hosp,2,2025-06-07,20,quantile,0.975,39.204
2025-05-24,wk inc flu hosp,2,2025-06-07,20,quantile,0.99,47.121
2025-05-24,wk inc flu hosp,3,2025-06-14,20,quantile,0.01,0.0
2025-05-24,wk inc flu hosp,3,2025-06-14,20,quantile,0.025,0.0
2025-05-24,wk inc flu hosp,3,2025-06-14,20,quantile,0.05,0.0
2025-05-24,wk inc flu hosp,3,2025-06-14,20,quantile,0.1,0.0
2025-05-24,wk inc flu hosp,3,2025-06-14,20,quantile,0.15,0.0
2025-05-24,wk inc flu hosp,3,2025-06-14,20,quantile,0.2,0.0
2025-05-24,wk inc flu hosp,3,2025-06-14,20,quantile,0.25,0.0
2025-05-24,wk inc flu hosp,3,2025-06-14,20,quantile,0.3,0.0
2025-05-24,wk inc flu hosp,3,2025-06-14,20,quantile,0.35,0.32
2025-05-24,wk inc flu hosp,3,2025-06-14,20,quantile,0.4,2.371
2025-05-24,wk inc flu hosp,3,2025-06-14,20,quantile,0.45,4.536
2025-05-24,wk inc flu hosp,3,2025-06-14,20,quantile,0.5,6.615
2025-05-24,wk inc flu hosp,3,2025-06-14,20,quantile,0.55,8.983
2025-05-24,wk inc flu hosp,3,2025-06-14,20,quantile,0.6,11.099
2025-05-24,wk inc flu hosp,3,2025-06-14,20,quantile,0.65,13.272
2025-05-24,wk inc flu hosp,3,2025-06-14,20,quantile,0.7,15.192
2025-05-24,wk inc flu hosp,3,2025-06-14,20,quantile,0.75,18.015
2025-05-24,wk inc flu hosp,3,2025-06-14,20,quantile,0.8,20.912
2025-05-24,wk inc flu hosp,3,2025-06-14,20,quantile,0.85,24.3
2025-05-24,wk inc flu hosp,3,2025-06-14,20,quantile,0.9,28.412
2025-05-24,wk inc flu hosp,3,2025-06-14,20,quantile,0.95,35.831
2025-05-24,wk inc flu hosp,3,2025-06-14,20,quantile,0.975,43.146
2025-05-24,wk inc flu hosp,3,2025-06-14,20,quantile,0.99,52.384
2025-05-24,wk inc flu hosp,0,2025-05-24,21,quantile,0.01,0.0
2025-05-24,wk inc flu hosp,0,2025-05-24,21,quantile,0.025,0.0
2025-05-24,wk inc flu hosp,0,2025-05-24,21,quantile,0.05,0.0
2025-05-24,wk inc flu hosp,0,2025-05-24,21,quantile,0.1,0.0
2025-05-24,wk inc flu hosp,0,2025-05-24,21,quantile,0.15,0.0
2025-05-24,wk inc flu hosp,0,2025-05-24,21,quantile,0.2,0.0
2025-05-24,wk inc flu hosp,0,2025-05-24,21,quantile,0.25,0.0
2025-05-24,wk inc flu hosp,0,2025-05-24,21,quantile,0.3,0.0
2025-05-24,wk inc flu hosp,0,2025-05-24,21,quantile,0.35,0.0
2025-05-24,wk inc flu hosp,0,2025-05-24,21,quantile,0.4,1.503
2025-05-24,wk inc flu hosp,0,2025-05-24,21,quantile,0.45,3.376
2025-05-24,wk inc flu hosp,0,2025-05-24,21,quantile,0.5,5.41
2025-05-24,wk inc flu hosp,0,2025-05-24,21,quantile,0.55,7.516
2025-05-24,wk inc flu hosp,0,2025-05-24,21,quantile,0.6,9.559
2025-05-24,wk inc flu hosp,0,2025-05-24,21,quantile,0.65,11.72
2025-05-24,wk inc flu hosp,0,2025-05-24,21,quantile,0.7,14.332
2025-05-24,wk inc flu hosp,0,2025-05-24,21,quantile,0.75,17.302
2025-05-24,wk inc flu hosp,0,2025-05-24,21,quantile,0.8,21.17
2025-05-24,wk inc flu hosp,0,2025-05-24,21,quantile,0.85,25.903
2025-05-24,wk inc flu hosp,0,2025-05-24,21,quantile,0.9,32.134
2025-05-24,wk inc flu hosp,0,2025-05-24,21,quantile,0.95,39.601
2025-05-24,wk inc flu hosp,0,2025-05-24,21,quantile,0.975,50.18
2025-05-24,wk inc flu hosp,0,2025-05-24,21,quantile,0.99,57.629
2025-05-24,wk inc flu hosp,1,2025-05-31,21,quantile,0.01,0.0
2025-05-24,wk inc flu hosp,1,2025-05-31,21,quantile,0.025,0.0
2025-05-24,wk inc flu hosp,1,2025-05-31,21,quantile,0.05,0.0
2025-05-24,wk inc flu hosp,1,2025-05-31,21,quantile,0.1,0.0
2025-05-24,wk inc flu hosp,1,2025-05-31,21,quantile,0.15,0.0
2025-05-24,wk inc flu hosp,1,2025-05-31,21,quantile,0.2,0.0
2025-05-24,wk inc flu hosp,1,2025-05-31,21,quantile,0.25,0.0
2025-05-24,wk inc flu hosp,1,2025-05-31,21,quantile,0.3,0.0
2025-05-24,wk inc flu hosp,1,2025-05-31,21,quantile,0.35,0.0
2025-05-24,wk inc flu hosp,1,2025-05-31,21,quantile,0.4,0.0
2025-05-24,wk inc flu hosp,1,2025-05-31,21,quantile,0.45,0.444
2025-05-24,wk inc flu hosp,1,2025-05-31,21,quantile,0.5,3.283
2025-05-24,wk inc flu hosp,1,2025-05-31,21,quantile,0.55,6.146
2025-05-24,wk inc flu hosp,1,2025-05-31,21,quantile,0.6,9.557
2025-05-24,wk inc flu hosp,1,2025-05-31,21,quantile,0.65,13.274
2025-05-24,wk inc flu hosp,1,2025-05-31,21,quantile,0.7,17.403
2025-05-24,wk inc flu hosp,1,2025-05-31,21,quantile,0.75,20.735
2025-05-24,wk inc flu hosp,1,2025-05-31,21,quantile,0.8,26.709
2025-05-24,wk inc flu hosp,1,2025-05-31,21,quantile,0.85,32.359
2025-05-24,wk inc flu hosp,1,2025-05-31,21,quantile,0.9,40.641
2025-05-24,wk inc flu hosp,1,2025-05-31,21,quantile,0.95,52.262
2025-05-24,wk inc flu hosp,1,2025-05-31,21,quantile,0.975,61.313
2025-05-24,wk inc flu hosp,1,2025-05-31,21,quantile,0.99,71.459
2025-05-24,wk inc flu hosp,2,2025-06-07,21,quantile,0.01,0.0
2025-05-24,wk inc flu hosp,2,2025-06-07,21,quantile,0.025,0.0
2025-05-24,wk inc flu hosp,2,2025-06-07,21,quantile,0.05,0.0
2025-05-24,wk inc flu hosp,2,2025-06-07,21,quantile,0.1,0.0
2025-05-24,wk inc flu hosp,2,2025-06-07,21,quantile,0.15,0.0
2025-05-24,wk inc flu hosp,2,2025-06-07,21,quantile,0.2,0.0
2025-05-24,wk inc flu hosp,2,2025-06-07,21,quantile,0.25,0.0
2025-05-24,wk inc flu hosp,2,2025-06-07,21,quantile,0.3,0.0
2025-05-24,wk inc flu hosp,2,2025-06-07,21,quantile,0.35,0.0
2025-05-24,wk inc flu hosp,2,2025-06-07,21,quantile,0.4,2.401
2025-05-24,wk inc flu hosp,2,2025-06-07,21,quantile,0.45,5.739
2025-05-24,wk inc flu hosp,2,2025-06-07,21,quantile,0.5,10.254
2025-05-24,wk inc flu hosp,2,2025-06-07,21,quantile,0.55,12.922
2025-05-24,wk inc flu hosp,2,2025-06-07,21,quantile,0.6,16.043
2025-05-24,wk inc flu hosp,2,2025-06-07,21,quantile,0.65,19.093
2025-05-24,wk inc flu hosp,2,2025-06-07,21,quantile,0.7,23.229
2025-05-24,wk inc flu hosp,2,2025-06-07,21,quantile,0.75,27.069
2025-05-24,wk inc flu hosp,2,2025-06-07,21,quantile,0.8,32.43
2025-05-24,wk inc flu hosp,2,2025-06-07,21,quantile,0.85,38.199
2025-05-24,wk inc flu hosp,2,2025-06-07,21,quantile,0.9,46.471
2025-05-24,wk inc flu hosp,2,2025-06-07,21,quantile,0.95,60.658
2025-05-24,wk inc flu hosp,2,2025-06-07,21,quantile,0.975,72.021
2025-05-24,wk inc flu hosp,2,2025-06-07,21,quantile,0.99,79.634
2025-05-24,wk inc flu hosp,3,2025-06-14,21,quantile,0.01,0.0
2025-05-24,wk inc flu hosp,3,2025-06-14,21,quantile,0.025,0.0
2025-05-24,wk inc flu hosp,3,2025-06-14,21,quantile,0.05,0.0
2025-05-24,wk inc flu hosp,3,2025-06-14,21,quantile,0.1,0.0
2025-05-24,wk inc flu hosp,3,2025-06-14,21,quantile,0.15,0.0
2025-05-24,wk inc flu hosp,3,2025-06-14,21,quantile,0.2,0.0
2025-05-24,wk inc flu hosp,3,2025-06-14,21,quantile,0.25,0.0
2025-05-24,wk inc flu hosp,3,2025-06-14,21,quantile,0.3,0.0
2025-05-24,wk inc flu hosp,3,2025-06-14,21,quantile,0.35,0.0
2025-05-24,wk inc flu hosp,3,2025-06-14,21,quantile,0.4,3.882
2025-05-24,wk inc flu hosp,3,2025-06-14,21,quantile,0.45,7.466
2025-05-24,wk inc flu hosp,3,2025-06-14,21,quantile,0.5,10.31
2025-05-24,wk inc flu hosp,3,2025-06-14,21,quantile,0.55,13.19
2025-05-24,wk inc flu hosp,3,2025-06-14,21,quantile,0.6,16.837
2025-05-24,wk inc flu hosp,3,2025-06-14,21,quantile,0.65,19.801
2025-05-24,wk inc flu hosp,3,2025-06-14,21,quantile,0.7,23.964
2025-05-24,wk inc flu hosp,3,2025-06-14,21,quantile,0.75,27.965
2025-05-24,wk inc flu hosp,3,2025-06-14,21,quantile,0.8,33.018
2025-05-24,wk inc flu hosp,3,2025-06-14,21,quantile,0.85,39.299
2025-05-24,wk inc flu hosp,3,2025-06-14,21,quantile,0.9,47.761
2025-05-24,wk inc flu hosp,3,2025-06-14,21,quantile,0.95,61.441
2025-05-24,wk inc flu hosp,3,2025-06-14,21,quantile,0.975,70.99
2025-05-24,wk inc flu hosp,3,2025-06-14,21,quantile,0.99,83.347
2025-05-24,wk inc flu hosp,0,2025-05-24,22,quantile,0.01,14.324
2025-05-24,wk inc flu hosp,0,2025-05-24,22,quantile,0.025,17.634
2025-05-24,wk inc flu hosp,0,2025-05-24,22,quantile,0.05,20.688
2025-05-24,wk inc flu hosp,0,2025-05-24,22,quantile,0.1,25.308
2025-05-24,wk inc flu hosp,0,2025-05-24,22,quantile,0.15,27.607
2025-05-24,wk inc flu hosp,0,2025-05-24,22,quantile,0.2,29.697
2025-05-24,wk inc flu hosp,0,2025-05-24,22,quantile,0.25,31.82
2025-05-24,wk inc flu hosp,0,2025-05-24,22,quantile,0.3,33.233
2025-05-24,wk inc flu hosp,0,2025-05-24,22,quantile,0.35,34.203
2025-05-24,wk inc flu hosp,0,2025-05-24,22,quantile,0.4,35.524
2025-05-24,wk inc flu hosp,0,2025-05-24,22,quantile,0.45,36.728
2025-05-24,wk inc flu hosp,0,2025-05-24,22,quantile,0.5,37.88
2025-05-24,wk inc flu hosp,0,2025-05-24,22,quantile,0.55,38.94
2025-05-24,wk inc flu hosp,0,2025-05-24,22,quantile,0.6,39.938
2025-05-24,wk inc flu hosp,0,2025-05-24,22,quantile,0.65,40.845
2025-05-24,wk inc flu hosp,0,2025-05-24,22,quantile,0.7,41.999
2025-05-24,wk inc flu hosp,0,2025-05-24,22,quantile,0.75,43.11
2025-05-24,wk inc flu hosp,0,2025-05-24,22,quantile,0.8,44.609
2025-05-24,wk inc flu hosp,0,2025-05-24,22,quantile,0.85,46.416
2025-05-24,wk inc flu hosp,0,2025-05-24,22,quantile,0.9,48.331
2025-05-24,wk inc flu hosp,0,2025-05-24,22,quantile,0.95,51.34
2025-05-24,wk inc flu hosp,0,2025-05-24,22,quantile,0.975,54.158
2025-05-24,wk inc flu hosp,0,2025-05-24,22,quantile,0.99,59.071
2025-05-24,wk inc flu hosp,1,2025-05-31,22,quantile,0.01,0.0
2025-05-24,wk inc flu hosp,1,2025-05-31,22,quantile,0.025,6.34
2025-05-24,wk inc flu hosp,1,2025-05-31,22,quantile,0.05,11.129
2025-05-24,wk inc flu hosp,1,2025-05-31,22,quantile,0.1,16.425
2025-05-24,wk inc flu hosp,1,2025-05-31,22,quantile,0.15,20.466
2025-05-24,wk inc flu hosp,1,2025-05-31,22,quantile,0.2,22.697
2025-05-24,wk inc flu hosp,1,2025-05-31,22,quantile,0.25,24.688
2025-05-24,wk inc flu hosp,1,2025-05-31,22,quantile,0.3,26.715
2025-05-24,wk inc flu hosp,1,2025-05-31,22,quantile,0.35,29.099
2025-05-24,wk inc flu hosp,1,2025-05-31,22,quantile,0.4,31.4
2025-05-24,wk inc flu hosp,1,2025-05-31,22,quantile,0.45,33.124
2025-05-24,wk inc flu hosp,1,2025-05-31,22,quantile,0.5,34.921
2025-05-24,wk inc flu hosp,1,2025-05-31,22,quantile,0.55,36.347
2025-05-24,wk inc flu hosp,1,2025-05-31,22,quantile,0.6,37.869
2025-05-24,wk inc flu hosp,1,2025-05-31,22,quantile,0.65,39.461
2025-05-24,wk inc flu hosp,1,2025-05-31,22,quantile,0.7,41.311
2025-05-24,wk inc flu hosp,1,2025-05-31,22,quantile,0.75,43.378
2025-05-24,wk inc flu hosp,1,2025-05-31,22,quantile,0.8,45.633
2025-05-24,wk inc flu hosp,1,2025-05-31,22,quantile,0.85,48.064
2025-05-24,wk inc flu hosp,1,2025-05-31,22,quantile,0.9,51.199
2025-05-24,wk inc flu hosp,1,2025-05-31,22,quantile,0.95,55.477
2025-05-24,wk inc flu hosp,1,2025-05-31,22,quantile,0.975,59.355
2025-05-24,wk inc flu hosp,1,2025-05-31,22,quantile,0.99,64.41
2025-05-24,wk inc flu hosp,2,2025-06-07,22,quantile,0.01,0.0
2025-05-24,wk inc flu hosp,2,2025-06-07,22,quantile,0.025,0.0
2025-05-24,wk inc flu hosp,2,2025-06-07,22,quantile,0.05,2.964
2025-05-24,wk inc flu hosp,2,2025-06-07,22,quantile,0.1,9.097
2025-05-24,wk inc flu hosp,2,2025-06-07,22,quantile,0.15,12.814
2025-05-24,wk inc flu hosp,2,2025-06-07,22,quantile,0.2,17.184
2025-05-24,wk inc flu hosp,2,2025-06-07,22,quantile,0.25,20.198
2025-05-24,wk inc flu hosp,2,2025-06-07,22,quantile,0.3,23.522
2025-05-24,wk inc flu hosp,2,2025-06-07,22,quantile,0.35,26.088
2025-05-24,wk inc flu hosp,2,2025-06-07,22,quantile,0.4,28.202
2025-05-24,wk inc flu hosp,2,2025-06-07,22,quantile,0.45,30.617
2025-05-24,wk inc flu hosp,2,2025-06-07,22,quantile,0.5,32.771
2025-05-24,wk inc flu hosp,2,2025-06-07,22,quantile,0.55,34.922
2025-05-24,wk inc flu hosp,2,2025-06-07,22,quantile,0.6,36.974
2025-05-24,wk inc flu hosp,2,2025-06-07,22,quantile,0.65,39.058
2025-05-24,wk inc flu hosp,2,2025-06-07,22,quantile,0.7,41.198
2025-05-24,wk inc flu hosp,2,2025-06-07,22,quantile,0.75,44.149
2025-05-24,wk inc flu hosp,2,2025-06-07,22,quantile,0.8,46.276
2025-05-24,wk inc flu hosp,2,2025-06-07,22,quantile,0.85,48.948
2025-05-24,wk inc flu hosp,2,2025-06-07,22,quantile,0.9,52.234
2025-05-24,wk inc flu hosp,2,2025-06-07,22,quantile,0.95,58.706
2025-05-24,wk inc flu hosp,2,2025-06-07,22,quantile,0.975,63.965
2025-05-24,wk inc flu hosp,2,2025-06-07,22,quantile,0.99,68.663
2025-05-24,wk inc flu hosp,3,2025-06-14,22,quantile,0.01,0.0
2025-05-24,wk inc flu hosp,3,2025-06-14,22,quantile,0.025,0.0
2025-05-24,wk inc flu hosp,3,2025-06-14,22,quantile,0.05,0.0
2025-05-24,wk inc flu hosp,3,2025-06-14,22,quantile,0.1,4.116
2025-05-24,wk inc flu hosp,3,2025-06-14,22,quantile,0.15,9.39
2025-05-24,wk inc flu hosp,3,2025-06-14,22,quantile,0.2,13.539
2025-05-24,wk inc flu hosp,3,2025-06-14,22,quantile,0.25,17.357
2025-05-24,wk inc flu hosp,3,2025-06-14,22,quantile,0.3,19.74
2025-05-24,wk inc flu hosp,3,2025-06-14,22,quantile,0.35,23.065
2025-05-24,wk inc flu hosp,3,2025-06-14,22,quantile,0.4,25.722
2025-05-24,wk inc flu hosp,3,2025-06-14,22,quantile,0.45,28.15
2025-05-24,wk inc flu hosp,3,2025-06-14,22,quantile,0.5,30.102
2025-05-24,wk inc flu hosp,3,2025-06-14,22,quantile,0.55,32.802
2025-05-24,wk inc flu hosp,3,2025-06-14,22,quantile,0.6,35.469
2025-05-24,wk inc flu hosp,3,2025-06-14,22,quantile,0.65,38.164
2025-05-24,wk inc flu hosp,3,2025-06-14,22,quantile,0.7,40.703
2025-05-24,wk inc flu hosp,3,2025-06-14,22,quantile,0.75,43.333
2025-05-24,wk inc flu hosp,3,2025-06-14,22,quantile,0.8,46.629
2025-05-24,wk inc flu hosp,3,2025-06-14,22,quantile,0.85,50.397
2025-05-24,wk inc flu hosp,3,2025-06-14,22,quantile,0.9,54.562
2025-05-24,wk inc flu hosp,3,2025-06-14,22,quantile,0.95,60.1
2025-05-24,wk inc flu hosp,3,2025-06-14,22,quantile,0.975,64.51
2025-05-24,wk inc flu hosp,3,2025-06-14,22,quantile,0.99,71.28
2025-05-24,wk inc flu hosp,0,2025-05-24,23,quantile,0.01,0.0
2025-05-24,wk inc flu hosp,0,2025-05-24,23,quantile,0.025,0.0
2025-05-24,wk inc flu hosp,0,2025-05-24,23,quantile,0.05,0.0
2025-05-24,wk inc flu hosp,0,2025-05-24,23,quantile,0.1,0.0
2025-05-24,wk inc flu hosp,0,2025-05-24,23,quantile,0.15,0.0
2025-05-24,wk inc flu hosp,0,2025-05-24,23,quantile,0.2,0.0
2025-05-24,wk inc flu hosp,0,2025-05-24,23,quantile,0.25,0.0
2025-05-24,wk inc flu hosp,0,2025-05-24,23,quantile,0.3,0.0
2025-05-24,wk inc flu hosp,0,2025-05-24,23,quantile,0.35,0.0
2025-05-24,wk inc flu hosp,0,2025-05-24,23,quantile,0.4,0.0
2025-05-24,wk inc flu hosp,0,2025-05-24,23,quantile,0.45,0.0
2025-05-24,wk inc flu hosp,0,2025-05-24,23,quantile,0.5,0.584
2025-05-24,wk inc flu hosp,0,2025-05-24,23,quantile,0.55,1.558
2025-05-24,wk inc flu hosp,0,2025-05-24,23,quantile,0.6,2.678
2025-05-24,wk inc flu hosp,0,2025-05-24,23,quantile,0.65,3.92
2025-05-24,wk inc flu hosp,0,2025-05-24,23,quantile,0.7,4.969
2025-05-24,wk inc flu hosp,0,2025-05-24,23,quantile,0.75,6.162
2025-05-24,wk inc flu hosp,0,2025-05-24,23,quantile,0.8,7.424
2025-05-24,wk inc flu hosp,0,2025-05-24,23,quantile,0.85,9.221
2025-05-24,wk inc flu hosp,0,2025-05-24,23,quantile,0.9,10.963
2025-05-24,wk inc flu hosp,0,2025-05-24,23,quantile,0.95,14.559
2025-05-24,wk inc flu hosp,0,2025-05-24,23,quantile,0.975,17.209
2025-05-24,wk inc flu hosp,0,2025-05-24,23,quantile,0.99,20.922
2025-05-24,wk inc flu hosp,1,2025-05-31,23,quantile,0.01,0.0
2025-05-24,wk inc flu hosp,1,2025-05-31,23,quantile,0.025,0.0
2025-05-24,wk inc flu hosp,1,2025-05-31,23,quantile,0.05,0.0
2025-05-24,wk inc flu hosp,1,2025-05-31,23,quantile,0.1,0.0
2025-05-24,wk inc flu hosp,1,2025-05-31,23,quantile,0.15,0.0
2025-05-24,wk inc flu hosp,1,2025-05-31,23,quantile,0.2,0.0
2025-05-24,wk inc flu hosp,1,2025-05-31,23,quantile,0.25,0.0
2025-05-24,wk inc flu hosp,1,2025-05-31,23,quantile,0.3,0.0
2025-05-24,wk inc flu hosp,1,2025-05-31,23,quantile,0.35,0.0
2025-05-24,wk inc flu hosp,1,2025-05-31,23,quantile,0.4,0.311
2025-05-24,wk inc flu hosp,1,2025-05-31,23,quantile,0.45,1.493
2025-05-24,wk inc flu hosp,1,2025-05-31,23,quantile,0.5,2.535
2025-05-24,wk inc flu hosp,1,2025-05-31,23,quantile,0.55,3.707
2025-05-24,wk inc flu hosp,1,2025-05-31,23,quantile,0.6,4.681
2025-05-24,wk inc flu hosp,1,2025-05-31,23,quantile,0.65,5.62
2025-05-24,wk inc flu hosp,1,2025-05-31,23,quantile,0.7,7.084
2025-05-24,wk inc flu hosp,1,2025-05-31,23,quantile,0.75,8.595
2025-05-24,wk inc flu hosp,1,2025-05-31,23,quantile,0.8,10.638
2025-05-24,wk inc flu hosp,1,2025-05-31,23,quantile,0.85,12.62
2025-05-24,wk inc flu hosp,1,2025-05-31,23,quantile,0.9,15.112
2025-05-24,wk inc flu hosp,1,2025-05-31,23,quantile,0.95,19.333
2025-05-24,wk inc flu hosp,1,2025-05-31,23,quantile,0.975,23.13
2025-05-24,wk inc flu hosp,1,2025-05-31,23,quantile,0.99,27.136
2025-05-24,wk inc flu hosp,2,2025-06-07,23,quantile,0.01,0.0
2025-05-24,wk inc flu hosp,2,2025-06-07,23,quantile,0.025,0.0
2025-05-24,wk inc flu hosp,2,2025-06-07,23,quantile,0.05,0.0
2025-05-24,wk inc flu hosp,2,2025-06-07,23,quantile,0.1,0.0
2025-05-24,wk inc flu hosp,2,2025-06-07,23,quantile,0.15,0.0
2025-05-24,wk inc flu hosp,2,2025-06-07,23,quantile,0.2,0.0
2025-05-24,wk inc flu hosp,2,2025-06-07,23,quantile,0.25,0.0
2025-05-24,wk inc flu hosp,2,2025-06-07,23,quantile,0.3,0.0
2025-05-24,wk inc flu hosp,2,2025-06-07,23,quantile,0.35,0.0
2025-05-24,wk inc flu hosp,2,2025-06-07,23,quantile,0.4,0.744
2025-05-24,wk inc flu hosp,2,2025-06-07,23,quantile,0.45,2.067
2025-05-24,wk inc flu hosp,2,2025-06-07,23,quantile,0.5,3.419
2025-05-24,wk inc flu hosp,2,2025-06-07,23,quantile,0.55,4.979
2025-05-24,wk inc flu hosp,2,2025-06-07,23,quantile,0.6,6.008
2025-05-24,wk inc flu hosp,2,2025-06-07,23,quantile,0.65,7.614
2025-05-24,wk inc flu hosp,2,2025-06-07,23,quantile,0.7,9.042
2025-05-24,wk inc flu hosp,2,2025-06-07,23,quantile,0.75,10.324
2025-05-24,wk inc flu hosp,2,2025-06-07,23,quantile,0.8,12.618
2025-05-24,wk inc flu hosp,2,2025-06-07,23,quantile,0.85,15.364
2025-05-24,wk inc flu hosp,2,2025-06-07,23,quantile,0.9,17.595
2025-05-24,wk inc flu hosp,2,2025-06-07,23,quantile,0.95,22.572
2025-05-24,wk inc flu hosp,2,2025-06-07,23,quantile,0.975,26.752
2025-05-24,wk inc flu hosp,2,2025-06-07,23,quantile,0.99,32.966
2025-05-24,wk inc flu hosp,3,2025-06-14,23,quantile,0.01,0.0
2025-05-24,wk inc flu hosp,3,2025-06-14,23,quantile,0.025,0.0
2025-05-24,wk inc flu hosp,3,2025-06-14,23,quantile,0.05,0.0
2025-05-24,wk inc flu hosp,3,2025-06-14,23,quantile,0.1,0.0
2025-05-24,wk inc flu hosp,3,2025-06-14,23,quantile,0.15,0.0
2025-05-24,wk inc flu hosp,3,2025-06-14,23,quantile,0.2,0.0
2025-05-24,wk inc flu hosp,3,2025-06-14,23,quantile,0.25,0.0
2025-05-24,wk inc flu hosp,3,2025-06-14,23,quantile,0.3,0.0
2025-05-24,wk inc flu hosp,3,2025-06-14,23,quantile,0.35,0.445
2025-05-24,wk inc flu hosp,3,2025-06-14,23,quantile,0.4,1.403
2025-05-24,wk inc flu hosp,3,2025-06-14,23,quantile,0.45,2.279
2025-05-24,wk inc flu hosp,3,2025-06-14,23,quantile,0.5,3.375
2025-05-24,wk inc flu hosp,3,2025-06-14,23,quantile,0.55,4.443
2025-05-24,wk inc flu hosp,3,2025-06-14,23,quantile,0.6,5.988
2025-05-24,wk inc flu hosp,3,2025-06-14,23,quantile,0.65,7.153
2025-05-24,wk inc flu hosp,3,2025-06-14,23,quantile,0.7,8.559
2025-05-24,wk inc flu hosp,3,2025-06-14,23,quantile,0.75,10.027
2025-05-24,wk inc flu hosp,3,2025-06-14,23,quantile,0.8,12.208
2025-05-24,wk inc flu hosp,3,2025-06-14,23,quantile,0.85,14.607
2025-05-24,wk inc flu hosp,3,2025-06-14,23,quantile,0.9,18.724
2025-05-24,wk inc flu hosp,3,2025-06-14,23,quantile,0.95,24.203
2025-05-24,wk inc flu hosp,3,2025-06-14,23,quantile,0.975,29.787
2025-05-24,wk inc flu hosp,3,2025-06-14,23,quantile,0.99,34.968
2025-05-24,wk inc flu hosp,0,2025-05-24,24,quantile,0.01,0.0
2025-05-24,wk inc flu hosp,0,2025-05-24,24,quantile,0.025,0.0
2025-05-24,wk inc flu hosp,0,2025-05-24,24,quantile,0.05,0.0
2025-05-24,wk inc flu hosp,0,2025-05-24,24,quantile,0.1,0.0
2025-05-24,wk inc flu hosp,0,2025-05-24,24,quantile,0.15,0.0
2025-05-24,wk inc flu hosp,0,2025-05-24,24,quantile,0.2,0.0
2025-05-24,wk inc flu hosp,0,2025-05-24,24,quantile,0.25,0.0
2025-05-24,wk inc flu hosp,0,2025-05-24,24,quantile,0.3,0.0
2025-05-24,wk inc flu hosp,0,2025-05-24,24,quantile,0.35,0.0
2025-05-24,wk inc flu hosp,0,2025-05-24,24,quantile,0.4,0.0
2025-05-24,wk inc flu hosp,0,2025-05-24,24,quantile,0.45,0.0
2025-05-24,wk inc flu hosp,0,2025-05-24,24,quantile,0.5,0.734
2025-05-24,wk inc flu hosp,0,2025-05-24,24,quantile,0.55,10.487
2025-05-24,wk inc flu hosp,0,2025-05-24,24,quantile,0.6,17.466
2025-05-24,wk inc flu hosp,0,2025-05-24,24,quantile,0.65,28.803
2025-05-24,wk inc flu hosp,0,2025-05-24,24,quantile,0.7,38.474
2025-05-24,wk inc flu hosp,0,2025-05-24,24,quantile,0.75,51.258
2025-05-24,wk inc flu hosp,0,2025-05-24,24,quantile,0.8,62.279
2025-05-24,wk inc flu hosp,0,2025-05-24,24,quantile,0.85,78.107
2025-05-24,wk inc flu hosp,0,2025-05-24,24,quantile,0.9,91.745
2025-05-24,wk inc flu hosp,0,2025-05-24,24,quantile,0.95,121.424
2025-05-24,wk inc flu hosp,0,2025-05-24,24,quantile,0.975,143.632
2025-05-24,wk inc flu hosp,0,2025-05-24,24,quantile,0.99,167.434
2025-05-24,wk inc flu hosp,1,2025-05-31,24,quantile,0.01,0.0
2025-05-24,wk inc flu hosp,1,2025-05-31,24,quantile,0.025,0.0
2025-05-24,wk inc flu hosp,1,2025-05-31,24,quantile,0.05,0.0
2025-05-24,wk inc flu hosp,1,2025-05-31,24,quantile,0.1,0.0
2025-05-24,wk inc flu hosp,1,2025-05-31,24,quantile,0.15,0.0
2025-05-24,wk inc flu hosp,1,2025-05-31,24,quantile,0.2,0.0
2025-05-24,wk inc flu hosp,1,2025-05-31,24,quantile,0.25,0.0
2025-05-24,wk inc flu hosp,1,2025-05-31,24,quantile,0.3,0.0
2025-05-24,wk inc flu hosp,1,2025-05-31,24,quantile,0.35,0.0
2025-05-24,wk inc flu hosp,1,2025-05-31,24,quantile,0.4,10.338
2025-05-24,wk inc flu hosp,1,2025-05-31,24,quantile,0.45,20.695
2025-05-24,wk inc flu hosp,1,2025-05-31,24,quantile,0.5,33.942
2025-05-24,wk inc flu hosp,1,2025-05-31,24,quantile,0.55,43.979
2025-05-24,wk inc flu hosp,1,2025-05-31,24,quantile,0.6,54.697
2025-05-24,wk inc flu hosp,1,2025-05-31,24,quantile,0.65,68.748
2025-05-24,wk inc flu hosp,1,2025-05-31,24,quantile,0.7,83.399
2025-05-24,wk inc flu hosp,1,2025-05-31,24,quantile,0.75,97.244
2025-05-24,wk inc flu hosp,1,2025-05-31,24,quantile,0.8,119.944
2025-05-24,wk inc flu hosp,1,2025-05-31,24,quantile,0.85,138.944
2025-05-24,wk inc flu hosp,1,2025-05-31,24,quantile,0.9,171.477
2025-05-24,wk inc flu hosp,1,2025-05-31,24,quantile,0.95,224.263
2025-05-24,wk inc flu hosp,1,2025-05-31,24,quantile,0.975,278.088
2025-05-24,wk inc flu hosp,1,2025-05-31,24,quantile,0.99,397.981
2025-05-24,wk inc flu hosp,2,2025-06-07,24,quantile,0.01,0.0
2025-05-24,wk inc flu hosp,2,2025-06-07,24,quantile,0.025,0.0
2025-05-24,wk inc flu hosp,2,2025-06-07,24,quantile,0.05,0.0
2025-05-24,wk inc flu hosp,2,2025-06-07,24,quantile,0.1,0.0
2025-05-24,wk inc flu hosp,2,2025-06-07,24,quantile,0.15,0.0
2025-05-24,wk inc flu hosp,2,2025-06-07,24,quantile,0.2,0.0
2025-05-24,wk inc flu hosp,2,2025-06-07,24,quantile,0.25,0.0
2025-05-24,wk inc flu hosp,2,2025-06-07,24,quantile,0.3,0.0
2025-05-24,wk inc flu hosp,2,2025-06-07,24,quantile,0.35,8.639
2025-05-24,wk inc flu hosp,2,2025-06-07,24,quantile,0.4,26.706
2025-05-24,wk inc flu hosp,2,2025-06-07,24,quantile,0.45,40.615
2025-05-24,wk inc flu hosp,2,2025-06-07,24,quantile,0.5,53.123
2025-05-24,wk inc flu hosp,2,2025-06-07,24,quantile,0.55,69.688
2025-05-24,wk inc flu hosp,2,2025-06-07,24,quantile,0.6,86.119
2025-05-24,wk inc flu hosp,2,2025-06-07,24,quantile,0.65,103.204
2025-05-24,wk inc flu hosp,2,2025-06-07,24,quantile,0.7,126.707
2025-05-24,wk inc flu hosp,2,2025-06-07,24,quantile,0.75,148.421
2025-05-24,wk inc flu hosp,2,2025-06-07,24,quantile,0.8,179.666
2025-05-24,wk inc flu hosp,2,2025-06-07,24,quantile,0.85,215.908
2025-05-24,wk inc flu hosp,2,2025-06-07,24,quantile,0.9,267.025
2025-05-24,wk inc flu hosp,2,2025-06-07,24,quantile,0.95,340.356
2025-05-24,wk inc flu hosp,2,2025-06-07,24,quantile,0.975,427.722
2025-05-24,wk inc flu hosp,2,2025-06-07,24,quantile,0.99,487.49
2025-05-24,wk inc flu hosp,3,2025-06-14,24,quantile,0.01,0.0
2025-05-24,wk inc flu hosp,3,2025-06-14,24,quantile,0.025,0.0
2025-05-24,wk inc flu hosp,3,2025-06-14,24,quantile,0.05,0.0
2025-05-24,wk inc flu hosp,3,2025-06-14,24,quantile,0.1,0.0
2025-05-24,wk inc flu hosp,3,2025-06-14,24,quantile,0.15,0.0
2025-05-24,wk inc flu hosp,3,2025-06-14,24,quantile,0.2,0.0
2025-05-24,wk inc flu hosp,3,2025-06-14,24,quantile,0.25,0.0
2025-05-24,wk inc flu hosp,3,2025-06-14,24,quantile,0.3,11.447
2025-05-24,wk inc flu hosp,3,2025-06-14,24,quantile,0.35,27.809
2025-05-24,wk inc flu hosp,3,2025-06-14,24,quantile,0.4,41.039
2025-05-24,wk inc flu hosp,3,2025-06-14,24,quantile,0.45,57.434
2025-05-24,wk inc flu hosp,3,2025-06-14,24,quantile,0.5,79.162
2025-05-24,wk inc flu hosp,3,2025-06-14,24,quantile,0.55,98.03
2025-05-24,wk inc flu hosp,3,2025-06-14,24,quantile,0.6,114.743
2025-05-24,wk inc flu hosp,3,2025-06-14,24,quantile,0.65,133.084
2025-05-24,wk inc flu hosp,3,2025-06-14,24,quantile,0.7,163.562
2025-05-24,wk inc flu hosp,3,2025-06-14,24,quantile,0.75,186.215
2025-05-24,wk inc flu hosp,3,2025-06-14,24,quantile,0.8,216.663
2025-05-24,wk inc flu hosp,3,2025-06-14,24,quantile,0.85,254.707
2025-05-24,wk inc flu hosp,3,2025-06-14,24,quantile,0.9,322.978
2025-05-24,wk inc flu hosp,3,2025-06-14,24,quantile,0.95,437.27
2025-05-24,wk inc flu hosp,3,2025-06-14,24,quantile,0.975,494.097
2025-05-24,wk inc flu hosp,3,2025-06-14,24,quantile,0.99,578.646
2025-05-24,wk inc flu hosp,0,2025-05-24,25,quantile,0.01,0.0
2025-05-24,wk inc flu hosp,0,2025-05-24,25,quantile,0.025,0.0
2025-05-24,wk inc flu hosp,0,2025-05-24,25,quantile,0.05,0.0
2025-05-24,wk inc flu hosp,0,2025-05-24,25,quantile,0.1,0.0
2025-05-24,wk inc flu hosp,0,2025-05-24,25,quantile,0.15,0.0
2025-05-24,wk inc flu hosp,0,2025-05-24,25,quantile,0.2,0.0
2025-05-24,wk inc flu hosp,0,2025-05-24,25,quantile,0.25,0.0
2025-05-24,wk inc flu hosp,0,2025-05-24,25,quantile,0.3,0.725
2025-05-24,wk inc flu hosp,0,2025-05-24,25,quantile,0.35,5.831
2025-05-24,wk inc flu hosp,0,2025-05-24,25,quantile,0.4,9.387
2025-05-24,wk inc flu hosp,0,2025-05-24,25,quantile,0.45,13.096
2025-05-24,wk inc flu hosp,0,2025-05-24,25,quantile,0.5,16.912
2025-05-24,wk inc flu hosp,0,2025-05-24,25,quantile,0.55,20.621
2025-05-24,wk inc flu hosp,0,2025-05-24,25,quantile,0.6,24.672
2025-05-24,wk inc flu hosp,0,2025-05-24,25,quantile,0.65,28.474
2025-05-24,wk inc flu hosp,0,2025-05-24,25,quantile,0.7,32.91
2025-05-24,wk inc flu hosp,0,2025-05-24,25,quantile,0.75,37.094
2025-05-24,wk inc flu hosp,0,2025-05-24,25,quantile,0.8,41.51
2025-05-24,wk inc flu hosp,0,2025-05-24,25,quantile,0.85,46.046
2025-05-24,wk inc flu hosp,0,2025-05-24,25,quantile,0.9,53.302
2025-05-24,wk inc flu hosp,0,2025-05-24,25,quantile,0.95,61.0
2025-05-24,wk inc flu hosp,0,2025-05-24,25,quantile,0.975,70.191
2025-05-24,wk inc flu hosp,0,2025-05-24,25,quantile,0.99,76.795
2025-05-24,wk inc flu hosp,1,2025-05-31,25,quantile,0.01,0.0
2025-05-24,wk inc flu hosp,1,2025-05-31,25,quantile,0.025,0.0
2025-05-24,wk inc flu hosp,1,2025-05-31,25,quantile,0.05,0.0
2025-05-24,wk inc flu hosp,1,2025-05-31,25,quantile,0.1,0.0
2025-05-24,wk inc flu hosp,1,2025-05-31,25,quantile,0.15,0.0
2025-05-24,wk inc flu hosp,1,2025-05-31,25,quantile,0.2,0.0
2025-05-24,wk inc flu hosp,1,2025-05-31,25,quantile,0.25,0.0
2025-05-24,wk inc flu hosp,1,2025-05-31,25,quantile,0.3,0.0
2025-05-24,wk inc flu hosp,1,2025-05-31,25,quantile,0.35,0.0
2025-05-24,wk inc flu hosp,1,2025-05-31,25,quantile,0.4,2.393
2025-05-24,wk inc flu hosp,1,2025-05-31,25,quantile,0.45,7.46
2025-05-24,wk inc flu hosp,1,2025-05-31,25,quantile,0.5,11.674
2025-05-24,wk inc flu hosp,1,2025-05-31,25,quantile,0.55,16.401
2025-05-24,wk inc flu hosp,1,2025-05-31,25,quantile,0.6,19.965
2025-05-24,wk inc flu hosp,1,2025-05-31,25,quantile,0.65,25.041
2025-05-24,wk inc flu hosp,1,2025-05-31,25,quantile,0.7,29.719
2025-05-24,wk inc flu hosp,1,2025-05-31,25,quantile,0.75,35.192
2025-05-24,wk inc flu hosp,1,2025-05-31,25,quantile,0.8,43.02
2025-05-24,wk inc flu hosp,1,2025-05-31,25,quantile,0.85,49.793
2025-05-24,wk inc flu hosp,1,2025-05-31,25,quantile,0.9,58.101
2025-05-24,wk inc flu hosp,1,2025-05-31,25,quantile,0.95,71.241
2025-05-24,wk inc flu hosp,1,2025-05-31,25,quantile,0.975,84.047
2025-05-24,wk inc flu hosp,1,2025-05-31,25,quantile,0.99,99.585
2025-05-24,wk inc flu hosp,2,2025-06-07,25,quantile,0.01,0.0
2025-05-24,wk inc flu hosp,2,2025-06-07,25,quantile,0.025,0.0
2025-05-24,wk inc flu hosp,2,2025-06-07,25,quantile,0.05,0.0
2025-05-24,wk inc flu hosp,2,2025-06-07,25,quantile,0.1,0.0
2025-05-24,wk inc flu hosp,2,2025-06-07,25,quantile,0.15,0.0
2025-05-24,wk inc flu hosp,2,2025-06-07,25,quantile,0.2,0.0
2025-05-24,wk inc flu hosp,2,2025-06-07,25,quantile,0.25,0.0
2025-05-24,wk inc flu hosp,2,2025-06-07,25,quantile,0.3,0.0
2025-05-24,wk inc flu hosp,2,2025-06-07,25,quantile,0.35,1.424
2025-05-24,wk inc flu hosp,2,2025-06-07,25,quantile,0.4,6.608
2025-05-24,wk inc flu hosp,2,2025-06-07,25,quantile,0.45,10.892
2025-05-24,wk inc flu hosp,2,2025-06-07,25,quantile,0.5,14.261
2025-05-24,wk inc flu hosp,2,2025-06-07,25,quantile,0.55,18.173
2025-05-24,wk inc flu hosp,2,2025-06-07,25,quantile,0.6,21.751
2025-05-24,wk inc flu hosp,2,2025-06-07,25,quantile,0.65,27.311
2025-05-24,wk inc flu hosp,2,2025-06-07,25,quantile,0.7,32.363
2025-05-24,wk inc flu hosp,2,2025-06-07,25,quantile,0.75,36.992
2025-05-24,wk inc flu hosp,2,2025-06-07,25,quantile,0.8,42.637
2025-05-24,wk inc flu hosp,2,2025-06-07,25,quantile,0.85,52.563
2025-05-24,wk inc flu hosp,2,2025-06-07,25,quantile,0.9,63.913
2025-05-24,wk inc flu hosp,2,2025-06-07,25,quantile,0.95,79.512
2025-05-24,wk inc flu hosp,2,2025-06-07,25,quantile,0.975,91.767
2025-05-24,wk inc flu hosp,2,2025-06-07,25,quantile,0.99,105.782
2025-05-24,wk inc flu hosp,3,2025-06-14,25,quantile,0.01,0.0
2025-05-24,wk inc flu hosp,3,2025-06-14,25,quantile,0.025,0.0
2025-05-24,wk inc flu hosp,3,2025-06-14,25,quantile,0.05,0.0
2025-05-24,wk inc flu hosp,3,2025-06-14,25,quantile,0.1,0.0
2025-05-24,wk inc flu hosp,3,2025-06-14,25,quantile,0.15,0.0
2025-05-24,wk inc flu hosp,3,2025-06-14,25,quantile,0.2,0.0
2025-05-24,wk inc flu hosp,3,2025-06-14,25,quantile,0.25,0.0
2025-05-24,wk inc flu hosp,3,2025-06-14,25,quantile,0.3,0.0
2025-05-24,wk inc flu hosp,3,2025-06-14,25,quantile,0.35,1.903
2025-05-24,wk inc flu hosp,3,2025-06-14,25,quantile,0.4,6.33
2025-05-24,wk inc flu hosp,3,2025-06-14,25,quantile,0.45,10.138
2025-05-24,wk inc flu hosp,3,2025-06-14,25,quantile,0.5,13.617
2025-05-24,wk inc flu hosp,3,2025-06-14,25,quantile,0.55,17.2
2025-05-24,wk inc flu hosp,3,2025-06-14,25,quantile,0.6,21.271
2025-05-24,wk inc flu hosp,3,2025-06-14,25,quantile,0.65,25.101
2025-05-24,wk inc flu hosp,3,2025-06-14,25,quantile,0.7,31.489
2025-05-24,wk inc flu hosp,3,2025-06-14,25,quantile,0.75,36.434
2025-05-24,wk inc flu hosp,3,2025-06-14,25,quantile,0.8,43.263
2025-05-24,wk inc flu hosp,3,2025-06-14,25,quantile,0.85,52.708
2025-05-24,wk inc flu hosp,3,2025-06-14,25,quantile,0.9,64.242
2025-05-24,wk inc flu hosp,3,2025-06-14,25,quantile,0.95,78.111
2025-05-24,wk inc flu hosp,3,2025-06-14,25,quantile,0.975,90.425
2025-05-24,wk inc flu hosp,3,2025-06-14,25,quantile,0.99,105.285
2025-05-24,wk inc flu hosp,0,2025-05-24,26,quantile,0.01,0.0
2025-05-24,wk inc flu hosp,0,2025-05-24,26,quantile,0.025,0.0
2025-05-24,wk inc flu hosp,0,2025-05-24,26,quantile,0.05,0.0
2025-05-24,wk inc flu hosp,0,2025-05-24,26,quantile,0.1,0.0
2025-05-24,wk inc flu hosp,0,2025-05-24,26,quantile,0.15,0.0
2025-05-24,wk inc flu hosp,0,2025-05-24,26,quantile,0.2,5.255
2025-05-24,wk inc flu hosp,0,2025-05-24,26,quantile,0.25,12.916
2025-05-24,wk inc flu hosp,0,2025-05-24,26,quantile,0.3,20.818
2025-05-24,wk inc flu hosp,0,2025-05-24,26,quantile,0.35,27.973
2025-05-24,wk inc flu hosp,0,2025-05-24,26,quantile,0.4,35.097
2025-05-24,wk inc flu hosp,0,2025-05-24,26,quantile,0.45,42.274
2025-05-24,wk inc flu hosp,0,2025-05-24,26,quantile,0.5,48.871
2025-05-24,wk inc flu hosp,0,2025-05-24,26,quantile,0.55,55.883
2025-05-24,wk inc flu hosp,0,2025-05-24,26,quantile,0.6,62.339
2025-05-24,wk inc flu hosp,0,2025-05-24,26,quantile,0.65,70.34
2025-05-24,wk inc flu hosp,0,2025-05-24,26,quantile,0.7,76.804
2025-05-24,wk inc flu hosp,0,2025-05-24,26,quantile,0.75,85.201
2025-05-24,wk inc flu hosp,0,2025-05-24,26,quantile,0.8,95.55
2025-05-24,wk inc flu hosp,0,2025-05-24,26,quantile,0.85,105.507
2025-05-24,wk inc flu hosp,0,2025-05-24,26,quantile,0.9,118.121
2025-05-24,wk inc flu hosp,0,2025-05-24,26,quantile,0.95,136.004
2025-05-24,wk inc flu hosp,0,2025-05-24,26,quantile,0.975,159.42
2025-05-24,wk inc flu hosp,0,2025-05-24,26,quantile,0.99,169.423
2025-05-24,wk inc flu hosp,1,2025-05-31,26,quantile,0.01,0.0
2025-05-24,wk inc flu hosp,1,2025-05-31,26,quantile,0.025,0.0
2025-05-24,wk inc flu hosp,1,2025-05-31,26,quantile,0.05,0.0
2025-05-24,wk inc flu hosp,1,2025-05-31,26,quantile,0.1,0.0
2025-05-24,wk inc flu hosp,1,2025-05-31,26,quantile,0.15,0.0
2025-05-24,wk inc flu hosp,1,2025-05-31,26,quantile,0.2,0.0
2025-05-24,wk inc flu hosp,1,2025-05-31,26,quantile,0.25,2.453
2025-05-24,wk inc flu hosp,1,2025-05-31,26,quantile,0.3,8.956
2025-05-24,wk inc flu hosp,1,2025-05-31,26,quantile,0.35,15.922
2025-05-24,wk inc flu hosp,1,2025-05-31,26,quantile,0.4,25.558
2025-05-24,wk inc flu hosp,1,2025-05-31,26,quantile,0.45,32.544
2025-05-24,wk inc flu hosp,1,2025-05-31,26,quantile,0.5,40.42
2025-05-24,wk inc flu hosp,1,2025-05-31,26,quantile,0.55,49.349
2025-05-24,wk inc flu hosp,1,2025-05-31,26,quantile,0.6,57.366
2025-05-24,wk inc flu hosp,1,2025-05-31,26,quantile,0.65,64.916
2025-05-24,wk inc flu hosp,1,2025-05-31,26,quantile,0.7,73.109
2025-05-24,wk inc flu hosp,1,2025-05-31,26,quantile,0.75,82.037
2025-05-24,wk inc flu hosp,1,2025-05-31,26,quantile,0.8,92.343
2025-05-24,wk inc flu hosp,1,2025-05-31,26,quantile,0.85,105.795
2025-05-24,wk inc flu hosp,1,2025-05-31,26,quantile,0.9,124.952
2025-05-24,wk inc flu hosp,1,2025-05-31,26,quantile,0.95,148.217
2025-05-24,wk inc flu hosp,1,2025-05-31,26,quantile,0.975,174.254
2025-05-24,wk inc flu hosp,1,2025-05-31,26,quantile,0.99,190.663
2025-05-24,wk inc flu hosp,2,2025-06-07,26,quantile,0.01,0.0
2025-05-24,wk inc flu hosp,2,2025-06-07,26,quantile,0.025,0.0
2025-05-24,wk inc flu hosp,2,2025-06-07,26,quantile,0.05,0.0
2025-05-24,wk inc flu hosp,2,2025-06-07,26,quantile,0.1,0.0
2025-05-24,wk inc flu hosp,2,2025-06-07,26,quantile,0.15,0.0
2025-05-24,wk inc flu hosp,2,2025-06-07,26,quantile,0.2,0.0
2025-05-24,wk inc flu hosp,2,2025-06-07,26,quantile,0.25,0.0
2025-05-24,wk inc flu hosp,2,2025-06-07,26,quantile,0.3,7.535
2025-05-24,wk inc flu hosp,2,2025-06-07,26,quantile,0.35,13.987
2025-05-24,wk inc flu hosp,2,2025-06-07,26,quantile,0.4,22.956
2025-05-24,wk inc flu hosp,2,2025-06-07,26,quantile,0.45,30.063
2025-05-24,wk inc flu hosp,2,2025-06-07,26,quantile,0.5,37.872
2025-05-24,wk inc flu hosp,2,2025-06-07,26,quantile,0.55,45.417
2025-05-24,wk inc flu hosp,2,2025-06-07,26,quantile,0.6,55.006
2025-05-24,wk inc flu hosp,2,2025-06-07,26,quantile,0.65,65.003
2025-05-24,wk inc flu hosp,2,2025-06-07,26,quantile,0.7,72.972
2025-05-24,wk inc flu hosp,2,2025-06-07,26,quantile,0.75,85.515
2025-05-24,wk inc flu hosp,2,2025-06-07,26,quantile,0.8,99.334
2025-05-24,wk inc flu hosp,2,2025-06-07,26,quantile,0.85,110.991
2025-05-24,wk inc flu hosp,2,2025-06-07,26,quantile,0.9,128.639
2025-05-24,wk inc flu hosp,2,2025-06-07,26,quantile,0.95,167.463
2025-05-24,wk inc flu hosp,2,2025-06-07,26,quantile,0.975,187.697
2025-05-24,wk inc flu hosp,2,2025-06-07,26,quantile,0.99,215.099
2025-05-24,wk inc flu hosp,3,2025-06-14,26,quantile,0.01,0.0
2025-05-24,wk inc flu hosp,3,2025-06-14,26,quantile,0.025,0.0
2025-05-24,wk inc flu hosp,3,2025-06-14,26,quantile,0.05,0.0
2025-05-24,wk inc flu hosp,3,2025-06-14,26,quantile,0.1,0.0
2025-05-24,wk inc flu hosp,3,2025-06-14,26,quantile,0.15,0.0
2025-05-24,wk inc flu hosp,3,2025-06-14,26,quantile,0.2,0.0
2025-05-24,wk inc flu hosp,3,2025-06-14,26,quantile,0.25,0.0
2025-05-24,wk inc flu hosp,3,2025-06-14,26,quantile,0.3,6.224
2025-05-24,wk inc flu hosp,3,2025-06-14,26,quantile,0.35,12.337
2025-05-24,wk inc flu hosp,3,2025-06-14,26,quantile,0.4,18.933
2025-05-24,wk inc flu hosp,3,2025-06-14,26,quantile,0.45,26.121
2025-05-24,wk inc flu hosp,3,2025-06-14,26,quantile,0.5,33.653
2025-05-24,wk inc flu hosp,3,2025-06-14,26,quantile,0.55,41.616
2025-05-24,wk inc flu hosp,3,2025-06-14,26,quantile,0.6,51.474
2025-05-24,wk inc flu hosp,3,2025-06-14,26,quantile,0.65,60.339
2025-05-24,wk inc flu hosp,3,2025-06-14,26,quantile,0.7,69.783
2025-05-24,wk inc flu hosp,3,2025-06-14,26,quantile,0.75,80.205
2025-05-24,wk inc flu hosp,3,2025-06-14,26,quantile,0.8,92.419
2025-05-24,wk inc flu hosp,3,2025-06-14,26,quantile,0.85,105.765
2025-05-24,wk inc flu hosp,3,2025-06-14,26,quantile,0.9,129.414
2025-05-24,wk inc flu hosp,3,2025-06-14,26,quantile,0.95,168.787
2025-05-24,wk inc flu hosp,3,2025-06-14,26,quantile,0.975,197.829
2025-05-24,wk inc flu hosp,3,2025-06-14,26,quantile,0.99,226.367
2025-05-24,wk inc flu hosp,0,2025-05-24,27,quantile,0.01,0.0
2025-05-24,wk inc flu hosp,0,2025-05-24,27,quantile,0.025,0.0
2025-05-24,wk inc flu hosp,0,2025-05-24,27,quantile,0.05,0.0
2025-05-24,wk inc flu hosp,0,2025-05-24,27,quantile,0.1,0.0
2025-05-24,wk inc flu hosp,0,2025-05-24,27,quantile,0.15,0.0
2025-05-24,wk inc flu hosp,0,2025-05-24,27,quantile,0.2,0.0
2025-05-24,wk inc flu hosp,0,2025-05-24,27,quantile,0.25,0.0
2025-05-24,wk inc flu hosp,0,2025-05-24,27,quantile,0.3,0.0
2025-05-24,wk inc flu hosp,0,2025-05-24,27,quantile,0.35,0.0
2025-05-24,wk inc flu hosp,0,2025-05-24,27,quantile,0.4,0.0
2025-05-24,wk inc flu hosp,0,2025-05-24,27,quantile,0.45,0.0
2025-05-24,wk inc flu hosp,0,2025-05-24,27,quantile,0.5,0.0
2025-05-24,wk inc flu hosp,0,2025-05-24,27,quantile,0.55,0.537
2025-05-24,wk inc flu hosp,0,2025-05-24,27,quantile,0.6,7.345
2025-05-24,wk inc flu hosp,0,2025-05-24,27,quantile,0.65,16.329
2025-05-24,wk inc flu hosp,0,2025-05-24,27,quantile,0.7,26.06
2025-05-24,wk inc flu hosp,0,2025-05-24,27,quantile,0.75,34.777
2025-05-24,wk inc flu hosp,0,2025-05-24,27,quantile,0.8,45.514
2025-05-24,wk inc flu hosp,0,2025-05-24,27,quantile,0.85,59.383
2025-05-24,wk inc flu hosp,0,2025-05-24,27,quantile,0.9,75.741
2025-05-24,wk inc flu hosp,0,2025-05-24,27,quantile,0.95,98.682
2025-05-24,wk inc flu hosp,0,2025-05-24,27,quantile,0.975,114.577
2025-05-24,wk inc flu hosp,0,2025-05-24,27,quantile,0.99,136.607
2025-05-24,wk inc flu hosp,1,2025-05-31,27,quantile,0.01,0.0
2025-05-24,wk inc flu hosp,1,2025-05-31,27,quantile,0.025,0.0
2025-05-24,wk inc flu hosp,1,2025-05-31,27,quantile,0.05,0.0
2025-05-24,wk inc flu hosp,1,2025-05-31,27,quantile,0.1,0.0
2025-05-24,wk inc flu hosp,1,2025-05-31,27,quantile,0.15,0.0
2025-05-24,wk inc flu hosp,1,2025-05-31,27,quantile,0.2,0.0
2025-05-24,wk inc flu hosp,1,2025-05-31,27,quantile,0.25,0.0
2025-05-24,wk inc flu hosp,1,2025-05-31,27,quantile,0.3,0.0
2025-05-24,wk inc flu hosp,1,2025-05-31,27,quantile,0.35,0.0
2025-05-24,wk inc flu hosp,1,2025-05-31,27,quantile,0.4,0.0
2025-05-24,wk inc flu hosp,1,2025-05-31,27,quantile,0.45,0.0
2025-05-24,wk inc flu hosp,1,2025-05-31,27,quantile,0.5,3.732
2025-05-24,wk inc flu hosp,1,2025-05-31,27,quantile,0.55,11.688
2025-05-24,wk inc flu hosp,1,2025-05-31,27,quantile,0.6,21.82
2025-05-24,wk inc flu hosp,1,2025-05-31,27,quantile,0.65,32.864
2025-05-24,wk inc flu hosp,1,2025-05-31,27,quantile,0.7,42.884
2025-05-24,wk inc flu hosp,1,2025-05-31,27,quantile,0.75,53.232
2025-05-24,wk inc flu hosp,1,2025-05-31,27,quantile,0.8,63.75
2025-05-24,wk inc flu hosp,1,2025-05-31,27,quantile,0.85,77.584
2025-05-24,wk inc flu hosp,1,2025-05-31,27,quantile,0.9,100.073
2025-05-24,wk inc flu hosp,1,2025-05-31,27,quantile,0.95,127.079
2025-05-24,wk inc flu hosp,1,2025-05-31,27,quantile,0.975,156.5
2025-05-24,wk inc flu hosp,1,2025-05-31,27,quantile,0.99,199.463
2025-05-24,wk inc flu hosp,2,2025-06-07,27,quantile,0.01,0.0
2025-05-24,wk inc flu hosp,2,2025-06-07,27,quantile,0.025,0.0
2025-05-24,wk inc flu hosp,2,2025-06-07,27,quantile,0.05,0.0
2025-05-24,wk inc flu hosp,2,2025-06-07,27,quantile,0.1,0.0
2025-05-24,wk inc flu hosp,2,2025-06-07,27,quantile,0.15,0.0
2025-05-24,wk inc flu hosp,2,2025-06-07,27,quantile,0.2,0.0
2025-05-24,wk inc flu hosp,2,2025-06-07,27,quantile,0.25,0.0
2025-05-24,wk inc flu hosp,2,2025-06-07,27,quantile,0.3,0.0
2025-05-24,wk inc flu hosp,2,2025-06-07,27,quantile,0.35,0.0
2025-05-24,wk inc flu hosp,2,2025-06-07,27,quantile,0.4,5.613
2025-05-24,wk inc flu hosp,2,2025-06-07,27,quantile,0.45,12.629
2025-05-24,wk inc flu hosp,2,2025-06-07,27,quantile,0.5,18.457
2025-05-24,wk inc flu hosp,2,2025-06-07,27,quantile,0.55,25.231
2025-05-24,wk inc flu hosp,2,2025-06-07,27,quantile,0.6,34.681
2025-05-24,wk inc flu hosp,2,2025-06-07,27,quantile,0.65,42.346
2025-05-24,wk inc flu hosp,2,2025-06-07,27,quantile,0.7,53.619
2025-05-24,wk inc flu hosp,2,2025-06-07,27,quantile,0.75,66.619
2025-05-24,wk inc flu hosp,2,2025-06-07,27,quantile,0.8,78.663
2025-05-24,wk inc flu hosp,2,2025-06-07,27,quantile,0.85,93.733
2025-05-24,wk inc flu hosp,2,2025-06-07,27,quantile,0.9,113.546
2025-05-24,wk inc flu hosp,2,2025-06-07,27,quantile,0.95,150.704
2025-05-24,wk inc flu hosp,2,2025-06-07,27,quantile,0.975,177.719
2025-05-24,wk inc flu hosp,2,2025-06-07,27,quantile,0.99,198.411
2025-05-24,wk inc flu hosp,3,2025-06-14,27,quantile,0.01,0.0
2025-05-24,wk inc flu hosp,3,2025-06-14,27,quantile,0.025,0.0
2025-05-24,wk inc flu hosp,3,2025-06-14,27,quantile,0.05,0.0
2025-05-24,wk inc flu hosp,3,2025-06-14,27,quantile,0.1,0.0
2025-05-24,wk inc flu hosp,3,2025-06-14,27,quantile,0.15,0.0
2025-05-24,wk inc flu hosp,3,2025-06-14,27,quantile,0.2,0.0
2025-05-24,wk inc flu hosp,3,2025-06-14,27,quantile,0.25,0.0
2025-05-24,wk inc flu hosp,3,2025-06-14,27,quantile,0.3,0.0
2025-05-24,wk inc flu hosp,3,2025-06-14,27,quantile,0.35,3.324
2025-05-24,wk inc flu hosp,3,2025-06-14,27,quantile,0.4,10.255
2025-05-24,wk inc flu hosp,3,2025-06-14,27,quantile,0.45,16.688
2025-05-24,wk inc flu hosp,3,2025-06-14,27,quantile,0.5,24.267
2025-05-24,wk inc flu hosp,3,2025-06-14,27,quantile,0.55,34.389
2025-05-24,wk inc flu hosp,3,2025-06-14,27,quantile,0.6,41.454
2025-05-24,wk inc flu hosp,3,2025-06-14,27,quantile,0.65,50.145
2025-05-24,wk inc flu hosp,3,2025-06-14,27,quantile,0.7,61.644
2025-05-24,wk inc flu hosp,3,2025-06-14,27,quantile,0.75,75.47
2025-05-24,wk inc flu hosp,3,2025-06-14,27,quantile,0.8,88.014
2025-05-24,wk inc flu hosp,3,2025-06-14,27,quantile,0.85,105.951
2025-05-24,wk inc flu hosp,3,2025-06-14,27,quantile,0.9,135.991
2025-05-24,wk inc flu hosp,3,2025-06-14,27,quantile,0.95,172.327
2025-05-24,wk inc flu hosp,3,2025-06-14,27,quantile,0.975,203.951
2025-05-24,wk inc flu hosp,3,2025-06-14,27,quantile,0.99,237.133
2025-05-24,wk inc flu hosp,0,2025-05-24,28,quantile,0.01,0.0
2025-05-24,wk inc flu hosp,0,2025-05-24,28,quantile,0.025,0.0
2025-05-24,wk inc flu hosp,0,2025-05-24,28,quantile,0.05,0.0
2025-05-24,wk inc flu hosp,0,2025-05-24,28,quantile,0.1,0.0
2025-05-24,wk inc flu hosp,0,2025-05-24,28,quantile,0.15,0.0
2025-05-24,wk inc flu hosp,0,2025-05-24,28,quantile,0.2,0.0
2025-05-24,wk inc flu hosp,0,2025-05-24,28,quantile,0.25,0.0
2025-05-24,wk inc flu hosp,0,2025-05-24,28,quantile,0.3,1.074
2025-05-24,wk inc flu hosp,0,2025-05-24,28,quantile,0.35,3.359
2025-05-24,wk inc flu hosp,0,2025-05-24,28,quantile,0.4,5.501
2025-05-24,wk inc flu hosp,0,2025-05-24,28,quantile,0.45,7.342
2025-05-24,wk inc flu hosp,0,2025-05-24,28,quantile,0.5,9.084
2025-05-24,wk inc flu hosp,0,2025-05-24,28,quantile,0.55,11.005
2025-05-24,wk inc flu hosp,0,2025-05-24,28,quantile,0.6,13.299
2025-05-24,wk inc flu hosp,0,2025-05-24,28,quantile,0.65,15.417
2025-05-24,wk inc flu hosp,0,2025-05-24,28,quantile,0.7,18.48
2025-05-24,wk inc flu hosp,0,2025-05-24,28,quantile,0.75,21.403
2025-05-24,wk inc flu hosp,0,2025-05-24,28,quantile,0.8,24.254
2025-05-24,wk inc flu hosp,0,2025-05-24,28,quantile,0.85,28.132
2025-05-24,wk inc flu hosp,0,2025-05-24,28,quantile,0.9,32.147
2025-05-24,wk inc flu hosp,0,2025-05-24,28,quantile,0.95,37.34
2025-05-24,wk inc flu hosp,0,2025-05-24,28,quantile,0.975,42.03
2025-05-24,wk inc flu hosp,0,2025-05-24,28,quantile,0.99,46.47
2025-05-24,wk inc flu hosp,1,2025-05-31,28,quantile,0.01,0.0
2025-05-24,wk inc flu hosp,1,2025-05-31,28,quantile,0.025,0.0
2025-05-24,wk inc flu hosp,1,2025-05-31,28,quantile,0.05,0.0
2025-05-24,wk inc flu hosp,1,2025-05-31,28,quantile,0.1,0.0
2025-05-24,wk inc flu hosp,1,2025-05-31,28,quantile,0.15,0.0
2025-05-24,wk inc flu hosp,1,2025-05-31,28,quantile,0.2,0.0
2025-05-24,wk inc flu hosp,1,2025-05-31,28,quantile,0.25,0.0
2025-05-24,wk inc flu hosp,1,2025-05-31,28,quantile,0.3,0.0
2025-05-24,wk inc flu hosp,1,2025-05-31,28,quantile,0.35,0.0
2025-05-24,wk inc flu hosp,1,2025-05-31,28,quantile,0.4,0.0
2025-05-24,wk inc flu hosp,1,2025-05-31,28,quantile,0.45,2.125
2025-05-24,wk inc flu hosp,1,2025-05-31,28,quantile,0.5,5.06
2025-05-24,wk inc flu hosp,1,2025-05-31,28,quantile,0.55,7.641
2025-05-24,wk inc flu hosp,1,2025-05-31,28,quantile,0.6,10.938
2025-05-24,wk inc flu hosp,1,2025-05-31,28,quantile,0.65,14.822
2025-05-24,wk inc flu hosp,1,2025-05-31,28,quantile,0.7,18.023
2025-05-24,wk inc flu hosp,1,2025-05-31,28,quantile,0.75,22.348
2025-05-24,wk inc flu hosp,1,2025-05-31,28,quantile,0.8,25.318
2025-05-24,wk inc flu hosp,1,2025-05-31,28,quantile,0.85,29.761
2025-05-24,wk inc flu hosp,1,2025-05-31,28,quantile,0.9,34.595
2025-05-24,wk inc flu hosp,1,2025-05-31,28,quantile,0.95,43.596
2025-05-24,wk inc flu hosp,1,2025-05-31,28,quantile,0.975,52.922
2025-05-24,wk inc flu hosp,1,2025-05-31,28,quantile,0.99,60.174
2025-05-24,wk inc flu hosp,2,2025-06-07,28,quantile,0.01,0.0
2025-05-24,wk inc flu hosp,2,2025-06-07,28,quantile,0.025,0.0
2025-05-24,wk inc flu hosp,2,2025-06-07,28,quantile,0.05,0.0
2025-05-24,wk inc flu hosp,2,2025-06-07,28,quantile,0.1,0.0
2025-05-24,wk inc flu hosp,2,2025-06-07,28,quantile,0.15,0.0
2025-05-24,wk inc flu hosp,2,2025-06-07,28,quantile,0.2,0.0
2025-05-24,wk inc flu hosp,2,2025-06-07,28,quantile,0.25,0.0
2025-05-24,wk inc flu hosp,2,2025-06-07,28,quantile,0.3,0.0
2025-05-24,wk inc flu hosp,2,2025-06-07,28,quantile,0.35,0.0
2025-05-24,wk inc flu hosp,2,2025-06-07,28,quantile,0.4,1.935
2025-05-24,wk inc flu hosp,2,2025-06-07,28,quantile,0.45,4.828
2025-05-24,wk inc flu hosp,2,2025-06-07,28,quantile,0.5,7.583
2025-05-24,wk inc flu hosp,2,2025-06-07,28,quantile,0.55,9.898
2025-05-24,wk inc flu hosp,2,2025-06-07,28,quantile,0.6,12.66
2025-05-24,wk inc flu hosp,2,2025-06-07,28,quantile,0.65,16.307
2025-05-24,wk inc flu hosp,2,2025-06-07,28,quantile,0.7,20.147
2025-05-24,wk inc flu hosp,2,2025-06-07,28,quantile,0.75,23.514
2025-05-24,wk inc flu hosp,2,2025-06-07,28,quantile,0.8,28.838
2025-05-24,wk inc flu hosp,2,2025-06-07,28,quantile,0.85,33.389
2025-05-24,wk inc flu hosp,2,2025-06-07,28,quantile,0.9,38.763
2025-05-24,wk inc flu hosp,2,2025-06-07,28,quantile,0.95,47.116
2025-05-24,wk inc flu hosp,2,2025-06-07,28,quantile,0.975,54.407
2025-05-24,wk inc flu hosp,2,2025-06-07,28,quantile,0.99,66.921
2025-05-24,wk inc flu hosp,3,2025-06-14,28,quantile,0.01,0.0
2025-05-24,wk inc flu hosp,3,2025-06-14,28,quantile,0.025,0.0
2025-05-24,wk inc flu hosp,3,2025-06-14,28,quantile,0.05,0.0
2025-05-24,wk inc flu hosp,3,2025-06-14,28,quantile,0.1,0.0
2025-05-24,wk inc flu hosp,3,2025-06-14,28,quantile,0.15,0.0
2025-05-24,wk inc flu hosp,3,2025-06-14,28,quantile,0.2,0.0
2025-05-24,wk inc flu hosp,3,2025-06-14,28,quantile,0.25,0.0
2025-05-24,wk inc flu hosp,3,2025-06-14,28,quantile,0.3,0.0
2025-05-24,wk inc flu hosp,3,2025-06-14,28,quantile,0.35,0.0
2025-05-24,wk inc flu hosp,3,2025-06-14,28,quantile,0.4,0.969
2025-05-24,wk inc flu hosp,3,2025-06-14,28,quantile,0.45,3.629
2025-05-24,wk inc flu hosp,3,2025-06-14,28,quantile,0.5,7.875
2025-05-24,wk inc flu hosp,3,2025-06-14,28,quantile,0.55,11.502
2025-05-24,wk inc flu hosp,3,2025-06-14,28,quantile,0.6,14.77
2025-05-24,wk inc flu hosp,3,2025-06-14,28,quantile,0.65,18.292
2025-05-24,wk inc flu hosp,3,2025-06-14,28,quantile,0.7,21.798
2025-05-24,wk inc flu hosp,3,2025-06-14,28,quantile,0.75,26.518
2025-05-24,wk inc flu hosp,3,2025-06-14,28,quantile,0.8,32.008
2025-05-24,wk inc flu hosp,3,2025-06-14,28,quantile,0.85,36.979
2025-05-24,wk inc flu hosp,3,2025-06-14,28,quantile,0.9,45.738
2025-05-24,wk inc flu hosp,3,2025-06-14,28,quantile,0.95,56.274
2025-05-24,wk inc flu hosp,3,2025-06-14,28,quantile,0.975,71.321
2025-05-24,wk inc flu hosp,3,2025-06-14,28,quantile,0.99,80.251
2025-05-24,wk inc flu hosp,0,2025-05-24,29,quantile,0.01,0.0
2025-05-24,wk inc flu hosp,0,2025-05-24,29,quantile,0.025,0.0
2025-05-24,wk inc flu hosp,0,2025-05-24,29,quantile,0.05,0.0
2025-05-24,wk inc flu hosp,0,2025-05-24,29,quantile,0.1,0.0
2025-05-24,wk inc flu hosp,0,2025-05-24,29,quantile,0.15,0.0
2025-05-24,wk inc flu hosp,0,2025-05-24,29,quantile,0.2,0.0
2025-05-24,wk inc flu hosp,0,2025-05-24,29,quantile,0.25,0.0
2025-05-24,wk inc flu hosp,0,2025-05-24,29,quantile,0.3,0.0
2025-05-24,wk inc flu hosp,0,2025-05-24,29,quantile,0.35,0.0
2025-05-24,wk inc flu hosp,0,2025-05-24,29,quantile,0.4,0.782
2025-05-24,wk inc flu hosp,0,2025-05-24,29,quantile,0.45,7.201
2025-05-24,wk inc flu hosp,0,2025-05-24,29,quantile,0.5,16.065
2025-05-24,wk inc flu hosp,0,2025-05-24,29,quantile,0.55,23.612
2025-05-24,wk inc flu hosp,0,2025-05-24,29,quantile,0.6,31.004
2025-05-24,wk inc flu hosp,0,2025-05-24,29,quantile,0.65,38.884
2025-05-24,wk inc flu hosp,0,2025-05-24,29,quantile,0.7,47.681
2025-05-24,wk inc flu hosp,0,2025-05-24,29,quantile,0.75,57.872
2025-05-24,wk inc flu hosp,0,2025-05-24,29,quantile,0.8,67.627
2025-05-24,wk inc flu hosp,0,2025-05-24,29,quantile,0.85,79.345
2025-05-24,wk inc flu hosp,0,2025-05-24,29,quantile,0.9,92.488
2025-05-24,wk inc flu hosp,0,2025-05-24,29,quantile,0.95,118.411
2025-05-24,wk inc flu hosp,0,2025-05-24,29,quantile,0.975,140.101
2025-05-24,wk inc flu hosp,0,2025-05-24,29,quantile,0.99,161.572
2025-05-24,wk inc flu hosp,1,2025-05-31,29,quantile,0.01,0.0
2025-05-24,wk inc flu hosp,1,2025-05-31,29,quantile,0.025,0.0
2025-05-24,wk inc flu hosp,1,2025-05-31,29,quantile,0.05,0.0
2025-05-24,wk inc flu hosp,1,2025-05-31,29,quantile,0.1,0.0
2025-05-24,wk inc flu hosp,1,2025-05-31,29,quantile,0.15,0.0
2025-05-24,wk inc flu hosp,1,2025-05-31,29,quantile,0.2,0.0
2025-05-24,wk inc flu hosp,1,2025-05-31,29,quantile,0.25,0.0
2025-05-24,wk inc flu hosp,1,2025-05-31,29,quantile,0.3,0.0
2025-05-24,wk inc flu hosp,1,2025-05-31,29,quantile,0.35,0.0
2025-05-24,wk inc flu hosp,1,2025-05-31,29,quantile,0.4,0.0
2025-05-24,wk inc flu hosp,1,2025-05-31,29,quantile,0.45,5.085
2025-05-24,wk inc flu hosp,1,2025-05-31,29,quantile,0.5,15.205
2025-05-24,wk inc flu hosp,1,2025-05-31,29,quantile,0.55,25.621
2025-05-24,wk inc flu hosp,1,2025-05-31,29,quantile,0.6,34.023
2025-05-24,wk inc flu hosp,1,2025-05-31,29,quantile,0.65,44.559
2025-05-24,wk inc flu hosp,1,2025-05-31,29,quantile,0.7,58.114
2025-05-24,wk inc flu hosp,1,2025-05-31,29,quantile,0.75,71.956
2025-05-24,wk inc flu hosp,1,2025-05-31,29,quantile,0.8,85.482
2025-05-24,wk inc flu hosp,1,2025-05-31,29,quantile,0.85,101.571
2025-05-24,wk inc flu hosp,1,2025-05-31,29,quantile,0.9,127.699
2025-05-24,wk inc flu hosp,1,2025-05-31,29,quantile,0.95,162.369
2025-05-24,wk inc flu hosp,1,2025-05-31,29,quantile,0.975,182.408
2025-05-24,wk inc flu hosp,1,2025-05-31,29,quantile,0.99,210.236
2025-05-24,wk inc flu hosp,2,2025-06-07,29,quantile,0.01,0.0
2025-05-24,wk inc flu hosp,2,2025-06-07,29,quantile,0.025,0.0
2025-05-24,wk inc flu hosp,2,2025-06-07,29,quantile,0.05,0.0
2025-05-24,wk inc flu hosp,2,2025-06-07,29,quantile,0.1,0.0
2025-05-24,wk inc flu hosp,2,2025-06-07,29,quantile,0.15,0.0
2025-05-24,wk inc flu hosp,2,2025-06-07,29,quantile,0.2,0.0
2025-05-24,wk inc flu hosp,2,2025-06-07,29,quantile,0.25,0.0
2025-05-24,wk inc flu hosp,2,2025-06-07,29,quantile,0.3,0.0
2025-05-24,wk inc flu hosp,2,2025-06-07,29,quantile,0.35,0.0
2025-05-24,wk inc flu hosp,2,2025-06-07,29,quantile,0.4,0.98
2025-05-24,wk inc flu hosp,2,2025-06-07,29,quantile,0.45,8.103
2025-05-24,wk inc flu hosp,2,2025-06-07,29,quantile,0.5,18.219
2025-05-24,wk inc flu hosp,2,2025-06-07,29,quantile,0.55,29.4
2025-05-24,wk inc flu hosp,2,2025-06-07,29,quantile,0.6,40.169
2025-05-24,wk inc flu hosp,2,2025-06-07,29,quantile,0.65,51.028
2025-05-24,wk inc flu hosp,2,2025-06-07,29,quantile,0.7,65.62
2025-05-24,wk inc flu hosp,2,2025-06-07,29,quantile,0.75,80.269
2025-05-24,wk inc flu hosp,2,2025-06-07,29,quantile,0.8,100.646
2025-05-24,wk inc flu hosp,2,2025-06-07,29,quantile,0.85,121.35
2025-05-24,wk inc flu hosp,2,2025-06-07,29,quantile,0.9,151.271
2025-05-24,wk inc flu hosp,2,2025-06-07,29,quantile,0.95,195.321
2025-05-24,wk inc flu hosp,2,2025-06-07,29,quantile,0.975,223.583
2025-05-24,wk inc flu hosp,2,2025-06-07,29,quantile,0.99,283.885
2025-05-24,wk inc flu hosp,3,2025-06-14,29,quantile,0.01,0.0
2025-05-24,wk inc flu hosp,3,2025-06-14,29,quantile,0.025,0.0
2025-05-24,wk inc flu hosp,3,2025-06-14,29,quantile,0.05,0.0
2025-05-24,wk inc flu hosp,3,2025-06-14,29,quantile,0.1,0.0
2025-05-24,wk inc flu hosp,3,2025-06-14,29,quantile,0.15,0.0
2025-05-24,wk inc flu hosp,3,2025-06-14,29,quantile,0.2,0.0
2025-05-24,wk inc flu hosp,3,2025-06-14,29,quantile,0.25,0.0
2025-05-24,wk inc flu hosp,3,2025-06-14,29,quantile,0.3,0.0
2025-05-24,wk inc flu hosp,3,2025-06-14,29,quantile,0.35,7.75
2025-05-24,wk inc flu hosp,3,2025-06-14,29,quantile,0.4,15.544
2025-05-24,wk inc flu hosp,3,2025-06-14,29,quantile,0.45,24.102
2025-05-24,wk inc flu hosp,3,2025-06-14,29,quantile,0.5,34.8
2025-05-24,wk inc flu hosp,3,2025-06-14,29,quantile,0.55,44.75
2025-05-24,wk inc flu hosp,3,2025-06-14,29,quantile,0.6,55.597
2025-05-24,wk inc flu hosp,3,2025-06-14,29,quantile,0.65,70.478
2025-05-24,wk inc flu hosp,3,2025-06-14,29,quantile,0.7,86.815
2025-05-24,wk inc flu hosp,3,2025-06-14,29,quantile,0.75,104.038
2025-05-24,wk inc flu hosp,3,2025-06-14,29,quantile,0.8,123.636
2025-05-24,wk inc flu hosp,3,2025-06-14,29,quantile,0.85,142.101
2025-05-24,wk inc flu hosp,3,2025-06-14,29,quantile,0.9,174.695
2025-05-24,wk inc flu hosp,3,2025-06-14,29,quantile,0.95,217.822
2025-05-24,wk inc flu hosp,3,2025-06-14,29,quantile,0.975,269.376
2025-05-24,wk inc flu hosp,3,2025-06-14,29,quantile,0.99,310.963
2025-05-24,wk inc flu hosp,0,2025-05-24,30,quantile,0.01,0.0
2025-05-24,wk inc flu hosp,0,2025-05-24,30,quantile,0.025,0.0
2025-05-24,wk inc flu hosp,0,2025-05-24,30,quantile,0.05,0.0
2025-05-24,wk inc flu hosp,0,2025-05-24,30,quantile,0.1,0.0
2025-05-24,wk inc flu hosp,0,2025-05-24,30,quantile,0.15,0.0
2025-05-24,wk inc flu hosp,0,2025-05-24,30,quantile,0.2,0.0
2025-05-24,wk inc flu hosp,0,2025-05-24,30,quantile,0.25,0.0
2025-05-24,wk inc flu hosp,0,2025-05-24,30,quantile,0.3,0.0
2025-05-24,wk inc flu hosp,0,2025-05-24,30,quantile,0.35,0.0
2025-05-24,wk inc flu hosp,0,2025-05-24,30,quantile,0.4,0.0
2025-05-24,wk inc flu hosp,0,2025-05-24,30,quantile,0.45,0.0
2025-05-24,wk inc flu hosp,0,2025-05-24,30,quantile,0.5,0.0
2025-05-24,wk inc flu hosp,0,2025-05-24,30,quantile,0.55,0.026
2025-05-24,wk inc flu hosp,0,2025-05-24,30,quantile,0.6,0.866
2025-05-24,wk inc flu hosp,0,2025-05-24,30,quantile,0.65,1.476
2025-05-24,wk inc flu hosp,0,2025-05-24,30,quantile,0.7,2.328
2025-05-24,wk inc flu hosp,0,2025-05-24,30,quantile,0.75,3.098
2025-05-24,wk inc flu hosp,0,2025-05-24,30,quantile,0.8,3.854
2025-05-24,wk inc flu hosp,0,2025-05-24,30,quantile,0.85,5.141
2025-05-24,wk inc flu hosp,0,2025-05-24,30,quantile,0.9,6.449
2025-05-24,wk inc flu hosp,0,2025-05-24,30,quantile,0.95,8.504
2025-05-24,wk inc flu hosp,0,2025-05-24,30,quantile,0.975,10.285
2025-05-24,wk inc flu hosp,0,2025-05-24,30,quantile,0.99,12.979
2025-05-24,wk inc flu hosp,1,2025-05-31,30,quantile,0.01,0.0
2025-05-24,wk inc flu hosp,1,2025-05-31,30,quantile,0.025,0.0
2025-05-24,wk inc flu hosp,1,2025-05-31,30,quantile,0.05,0.0
2025-05-24,wk inc flu hosp,1,2025-05-31,30,quantile,0.1,0.0
2025-05-24,wk inc flu hosp,1,2025-05-31,30,quantile,0.15,0.0
2025-05-24,wk inc flu hosp,1,2025-05-31,30,quantile,0.2,0.0
2025-05-24,wk inc flu hosp,1,2025-05-31,30,quantile,0.25,0.0
2025-05-24,wk inc flu hosp,1,2025-05-31,30,quantile,0.3,0.0
2025-05-24,wk inc flu hosp,1,2025-05-31,30,quantile,0.35,0.0
2025-05-24,wk inc flu hosp,1,2025-05-31,30,quantile,0.4,0.0
2025-05-24,wk inc flu hosp,1,2025-05-31,30,quantile,0.45,0.683
2025-05-24,wk inc flu hosp,1,2025-05-31,30,quantile,0.5,1.342
2025-05-24,wk inc flu hosp,1,2025-05-31,30,quantile,0.55,2.277
2025-05-24,wk inc flu hosp,1,2025-05-31,30,quantile,0.6,3.024
2025-05-24,wk inc flu hosp,1,2025-05-31,30,quantile,0.65,3.809
2025-05-24,wk inc flu hosp,1,2025-05-31,30,quantile,0.7,4.953
2025-05-24,wk inc flu hosp,1,2025-05-31,30,quantile,0.75,6.013
2025-05-24,wk inc flu hosp,1,2025-05-31,30,quantile,0.8,7.531
2025-05-24,wk inc flu hosp,1,2025-05-31,30,quantile,0.85,8.904
2025-05-24,wk inc flu hosp,1,2025-05-31,30,quantile,0.9,10.368
2025-05-24,wk inc flu hosp,1,2025-05-31,30,quantile,0.95,13.457
2025-05-24,wk inc flu hosp,1,2025-05-31,30,quantile,0.975,15.995
2025-05-24,wk inc flu hosp,1,2025-05-31,30,quantile,0.99,20.613
2025-05-24,wk inc flu hosp,2,2025-06-07,30,quantile,0.01,0.0
2025-05-24,wk inc flu hosp,2,2025-06-07,30,quantile,0.025,0.0
2025-05-24,wk inc flu hosp,2,2025-06-07,30,quantile,0.05,0.0
2025-05-24,wk inc flu hosp,2,2025-06-07,30,quantile,0.1,0.0
2025-05-24,wk inc flu hosp,2,2025-06-07,30,quantile,0.15,0.0
2025-05-24,wk inc flu hosp,2,2025-06-07,30,quantile,0.2,0.0
2025-05-24,wk inc flu hosp,2,2025-06-07,30,quantile,0.25,0.0
2025-05-24,wk inc flu hosp,2,2025-06-07,30,quantile,0.3,0.0
2025-05-24,wk inc flu hosp,2,2025-06-07,30,quantile,0.35,0.155
2025-05-24,wk inc flu hosp,2,2025-06-07,30,quantile,0.4,1.005
2025-05-24,wk inc flu hosp,2,2025-06-07,30,quantile,0.45,1.878
2025-05-24,wk inc flu hosp,2,2025-06-07,30,quantile,0.5,2.755
2025-05-24,wk inc flu hosp,2,2025-06-07,30,quantile,0.55,3.608
2025-05-24,wk inc flu hosp,2,2025-06-07,30,quantile,0.6,4.697
2025-05-24,wk inc flu hosp,2,2025-06-07,30,quantile,0.65,5.572
2025-05-24,wk inc flu hosp,2,2025-06-07,30,quantile,0.7,7.02
2025-05-24,wk inc flu hosp,2,2025-06-07,30,quantile,0.75,8.313
2025-05-24,wk inc flu hosp,2,2025-06-07,30,quantile,0.8,9.884
2025-05-24,wk inc flu hosp,2,2025-06-07,30,quantile,0.85,11.667
2025-05-24,wk inc flu hosp,2,2025-06-07,30,quantile,0.9,13.946
2025-05-24,wk inc flu hosp,2,2025-06-07,30,quantile,0.95,17.123
2025-05-24,wk inc flu hosp,2,2025-06-07,30,quantile,0.975,20.119
2025-05-24,wk inc flu hosp,2,2025-06-07,30,quantile,0.99,22.801
2025-05-24,wk inc flu hosp,3,2025-06-14,30,quantile,0.01,0.0
2025-05-24,wk inc flu hosp,3,2025-06-14,30,quantile,0.025,0.0
2025-05-24,wk inc flu hosp,3,2025-06-14,30,quantile,0.05,0.0
2025-05-24,wk inc flu hosp,3,2025-06-14,30,quantile,0.1,0.0
2025-05-24,wk inc flu hosp,3,2025-06-14,30,quantile,0.15,0.0
2025-05-24,wk inc flu hosp,3,2025-06-14,30,quantile,0.2,0.0
2025-05-24,wk inc flu hosp,3,2025-06-14,30,quantile,0.25,0.0
2025-05-24,wk inc flu hosp,3,2025-06-14,30,quantile,0.3,0.766
2025-05-24,wk inc flu hosp,3,2025-06-14,30,quantile,0.35,1.787
2025-05-24,wk inc flu hosp,3,2025-06-14,30,quantile,0.4,2.672
2025-05-24,wk inc flu hosp,3,2025-06-14,30,quantile,0.45,3.474
2025-05-24,wk inc flu hosp,3,2025-06-14,30,quantile,0.5,4.42
2025-05-24,wk inc flu hosp,3,2025-06-14,30,quantile,0.55,5.338
2025-05-24,wk inc flu hosp,3,2025-06-14,30,quantile,0.6,6.488
2025-05-24,wk inc flu hosp,3,2025-06-14,30,quantile,0.65,7.626
2025-05-24,wk inc flu hosp,3,2025-06-14,30,quantile,0.7,9.159
2025-05-24,wk inc flu hosp,3,2025-06-14,30,quantile,0.75,10.492
2025-05-24,wk inc flu hosp,3,2025-06-14,30,quantile,0.8,12.189
2025-05-24,wk inc flu hosp,3,2025-06-14,30,quantile,0.85,13.628
2025-05-24,wk inc flu hosp,3,2025-06-14,30,quantile,0.9,16.058
2025-05-24,wk inc flu hosp,3,2025-06-14,30,quantile,0.95,20.052
2025-05-24,wk inc flu hosp,3,2025-06-14,30,quantile,0.975,22.643
2025-05-24,wk inc flu hosp,3,2025-06-14,30,quantile,0.99,25.732
2025-05-24,wk inc flu hosp,0,2025-05-24,31,quantile,0.01,0.0
2025-05-24,wk inc flu hosp,0,2025-05-24,31,quantile,0.025,0.0
2025-05-24,wk inc flu hosp,0,2025-05-24,31,quantile,0.05,0.0
2025-05-24,wk inc flu hosp,0,2025-05-24,31,quantile,0.1,0.0
2025-05-24,wk inc flu hosp,0,2025-05-24,31,quantile,0.15,0.0
2025-05-24,wk inc flu hosp,0,2025-05-24,31,quantile,0.2,0.0
2025-05-24,wk inc flu hosp,0,2025-05-24,31,quantile,0.25,0.0
2025-05-24,wk inc flu hosp,0,2025-05-24,31,quantile,0.3,0.0
2025-05-24,wk inc flu hosp,0,2025-05-24,31,quantile,0.35,0.0
2025-05-24,wk inc flu hosp,0,2025-05-24,31,quantile,0.4,0.094
2025-05-24,wk inc flu hosp,0,2025-05-24,31,quantile,0.45,1.21
2025-05-24,wk inc flu hosp,0,2025-05-24,31,quantile,0.5,2.565
2025-05-24,wk inc flu hosp,0,2025-05-24,31,quantile,0.55,4.155
2025-05-24,wk inc flu hosp,0,2025-05-24,31,quantile,0.6,5.558
2025-05-24,wk inc flu hosp,0,2025-05-24,31,quantile,0.65,7.021
2025-05-24,wk inc flu hosp,0,2025-05-24,31,quantile,0.7,8.584
2025-05-24,wk inc flu hosp,0,2025-05-24,31,quantile,0.75,9.954
2025-05-24,wk inc flu hosp,0,2025-05-24,31,quantile,0.8,11.761
2025-05-24,wk inc flu hosp,0,2025-05-24,31,quantile,0.85,13.592
2025-05-24,wk inc flu hosp,0,2025-05-24,31,quantile,0.9,16.268
2025-05-24,wk inc flu hosp,0,2025-05-24,31,quantile,0.95,20.257
2025-05-24,wk inc flu hosp,0,2025-05-24,31,quantile,0.975,23.789
2025-05-24,wk inc flu hosp,0,2025-05-24,31,quantile,0.99,29.307
2025-05-24,wk inc flu hosp,1,2025-05-31,31,quantile,0.01,0.0
2025-05-24,wk inc flu hosp,1,2025-05-31,31,quantile,0.025,0.0
2025-05-24,wk inc flu hosp,1,2025-05-31,31,quantile,0.05,0.0
2025-05-24,wk inc flu hosp,1,2025-05-31,31,quantile,0.1,0.0
2025-05-24,wk inc flu hosp,1,2025-05-31,31,quantile,0.15,0.0
2025-05-24,wk inc flu hosp,1,2025-05-31,31,quantile,0.2,0.0
2025-05-24,wk inc flu hosp,1,2025-05-31,31,quantile,0.25,0.0
2025-05-24,wk inc flu hosp,1,2025-05-31,31,quantile,0.3,0.0
2025-05-24,wk inc flu hosp,1,2025-05-31,31,quantile,0.35,0.0
2025-05-24,wk inc flu hosp,1,2025-05-31,31,quantile,0.4,0.0
2025-05-24,wk inc flu hosp,1,2025-05-31,31,quantile,0.45,1.502
2025-05-24,wk inc flu hosp,1,2025-05-31,31,quantile,0.5,3.589
2025-05-24,wk inc flu hosp,1,2025-05-31,31,quantile,0.55,5.836
2025-05-24,wk inc flu hosp,1,2025-05-31,31,quantile,0.6,8.143
2025-05-24,wk inc flu hosp,1,2025-05-31,31,quantile,0.65,10.214
2025-05-24,wk inc flu hosp,1,2025-05-31,31,quantile,0.7,12.651
2025-05-24,wk inc flu hosp,1,2025-05-31,31,quantile,0.75,14.924
2025-05-24,wk inc flu hosp,1,2025-05-31,31,quantile,0.8,17.442
2025-05-24,wk inc flu hosp,1,2025-05-31,31,quantile,0.85,20.613
2025-05-24,wk inc flu hosp,1,2025-05-31,31,quantile,0.9,24.826
2025-05-24,wk inc flu hosp,1,2025-05-31,31,quantile,0.95,32.746
2025-05-24,wk inc flu hosp,1,2025-05-31,31,quantile,0.975,39.153
2025-05-24,wk inc flu hosp,1,2025-05-31,31,quantile,0.99,46.669
2025-05-24,wk inc flu hosp,2,2025-06-07,31,quantile,0.01,0.0
2025-05-24,wk inc flu hosp,2,2025-06-07,31,quantile,0.025,0.0
2025-05-24,wk inc flu hosp,2,2025-06-07,31,quantile,0.05,0.0
2025-05-24,wk inc flu hosp,2,2025-06-07,31,quantile,0.1,0.0
2025-05-24,wk inc flu hosp,2,2025-06-07,31,quantile,0.15,0.0
2025-05-24,wk inc flu hosp,2,2025-06-07,31,quantile,0.2,0.0
2025-05-24,wk inc flu hosp,2,2025-06-07,31,quantile,0.25,0.0
2025-05-24,wk inc flu hosp,2,2025-06-07,31,quantile,0.3,0.0
2025-05-24,wk inc flu hosp,2,2025-06-07,31,quantile,0.35,0.0
2025-05-24,wk inc flu hosp,2,2025-06-07,31,quantile,0.4,0.728
2025-05-24,wk inc flu hosp,2,2025-06-07,31,quantile,0.45,3.028
2025-05-24,wk inc flu hosp,2,2025-06-07,31,quantile,0.5,5.332
2025-05-24,wk inc flu hosp,2,2025-06-07,31,quantile,0.55,7.28
2025-05-24,wk inc flu hosp,2,2025-06-07,31,quantile,0.6,9.67
2025-05-24,wk inc flu hosp,2,2025-06-07,31,quantile,0.65,11.86
2025-05-24,wk inc flu hosp,2,2025-06-07,31,quantile,0.7,14.638
2025-05-24,wk inc flu hosp,2,2025-06-07,31,quantile,0.75,17.753
2025-05-24,wk inc flu hosp,2,2025-06-07,31,quantile,0.8,21.791
2025-05-24,wk inc flu hosp,2,2025-06-07,31,quantile,0.85,26.715
2025-05-24,wk inc flu hosp,2,2025-06-07,31,quantile,0.9,31.632
2025-05-24,wk inc flu hosp,2,2025-06-07,31,quantile,0.95,41.029
2025-05-24,wk inc flu hosp,2,2025-06-07,31,quantile,0.975,48.77
2025-05-24,wk inc flu hosp,2,2025-06-07,31,quantile,0.99,61.336
2025-05-24,wk inc flu hosp,3,2025-06-14,31,quantile,0.01,0.0
2025-05-24,wk inc flu hosp,3,2025-06-14,31,quantile,0.025,0.0
2025-05-24,wk inc flu hosp,3,2025-06-14,31,quantile,0.05,0.0
2025-05-24,wk inc flu hosp,3,2025-06-14,31,quantile,0.1,0.0
2025-05-24,wk inc flu hosp,3,2025-06-14,31,quantile,0.15,0.0
2025-05-24,wk inc flu hosp,3,2025-06-14,31,quantile,0.2,0.0
2025-05-24,wk inc flu hosp,3,2025-06-14,31,quantile,0.25,0.0
2025-05-24,wk inc flu hosp,3,2025-06-14,31,quantile,0.3,0.0
2025-05-24,wk inc flu hosp,3,2025-06-14,31,quantile,0.35,0.0
2025-05-24,wk inc flu hosp,3,2025-06-14,31,quantile,0.4,2.213
2025-05-24,wk inc flu hosp,3,2025-06-14,31,quantile,0.45,4.146
2025-05-24,wk inc flu hosp,3,2025-06-14,31,quantile,0.5,6.749
2025-05-24,wk inc flu hosp,3,2025-06-14,31,quantile,0.55,9.608
2025-05-24,wk inc flu hosp,3,2025-06-14,31,quantile,0.6,11.998
2025-05-24,wk inc flu hosp,3,2025-06-14,31,quantile,0.65,14.999
2025-05-24,wk inc flu hosp,3,2025-06-14,31,quantile,0.7,18.026
2025-05-24,wk inc flu hosp,3,2025-06-14,31,quantile,0.75,21.213
2025-05-24,wk inc flu hosp,3,2025-06-14,31,quantile,0.8,25.705
2025-05-24,wk inc flu hosp,3,2025-06-14,31,quantile,0.85,30.579
2025-05-24,wk inc flu hosp,3,2025-06-14,31,quantile,0.9,35.013
2025-05-24,wk inc flu hosp,3,2025-06-14,31,quantile,0.95,45.689
2025-05-24,wk inc flu hosp,3,2025-06-14,31,quantile,0.975,53.95
2025-05-24,wk inc flu hosp,3,2025-06-14,31,quantile,0.99,63.569
2025-05-24,wk inc flu hosp,0,2025-05-24,32,quantile,0.01,0.0
2025-05-24,wk inc flu hosp,0,2025-05-24,32,quantile,0.025,0.0
2025-05-24,wk inc flu hosp,0,2025-05-24,32,quantile,0.05,0.0
2025-05-24,wk inc flu hosp,0,2025-05-24,32,quantile,0.1,0.0
2025-05-24,wk inc flu hosp,0,2025-05-24,32,quantile,0.15,0.0
2025-05-24,wk inc flu hosp,0,2025-05-24,32,quantile,0.2,0.0
2025-05-24,wk inc flu hosp,0,2025-05-24,32,quantile,0.25,0.0
2025-05-24,wk inc flu hosp,0,2025-05-24,32,quantile,0.3,0.0
2025-05-24,wk inc flu hosp,0,2025-05-24,32,quantile,0.35,0.601
2025-05-24,wk inc flu hosp,0,2025-05-24,32,quantile,0.4,5.932
2025-05-24,wk inc flu hosp,0,2025-05-24,32,quantile,0.45,11.924
2025-05-24,wk inc flu hosp,0,2025-05-24,32,quantile,0.5,16.833
2025-05-24,wk inc flu hosp,0,2025-05-24,32,quantile,0.55,21.651
2025-05-24,wk inc flu hosp,0,2025-05-24,32,quantile,0.6,27.62
2025-05-24,wk inc flu hosp,0,2025-05-24,32,quantile,0.65,33.132
2025-05-24,wk inc flu hosp,0,2025-05-24,32,quantile,0.7,37.48
2025-05-24,wk inc flu hosp,0,2025-05-24,32,quantile,0.75,44.689
2025-05-24,wk inc flu hosp,0,2025-05-24,32,quantile,0.8,50.997
2025-05-24,wk inc flu hosp,0,2025-05-24,32,quantile,0.85,60.406
2025-05-24,wk inc flu hosp,0,2025-05-24,32,quantile,0.9,69.898
2025-05-24,wk inc flu hosp,0,2025-05-24,32,quantile,0.95,90.882
2025-05-24,wk inc flu hosp,0,2025-05-24,32,quantile,0.975,109.535
2025-05-24,wk inc flu hosp,0,2025-05-24,32,quantile,0.99,142.938
2025-05-24,wk inc flu hosp,1,2025-05-31,32,quantile,0.01,0.0
2025-05-24,wk inc flu hosp,1,2025-05-31,32,quantile,0.025,0.0
2025-05-24,wk inc flu hosp,1,2025-05-31,32,quantile,0.05,0.0
2025-05-24,wk inc flu hosp,1,2025-05-31,32,quantile,0.1,0.0
2025-05-24,wk inc flu hosp,1,2025-05-31,32,quantile,0.15,0.0
2025-05-24,wk inc flu hosp,1,2025-05-31,32,quantile,0.2,0.0
2025-05-24,wk inc flu hosp,1,2025-05-31,32,quantile,0.25,0.0
2025-05-24,wk inc flu hosp,1,2025-05-31,32,quantile,0.3,1.403
2025-05-24,wk inc flu hosp,1,2025-05-31,32,quantile,0.35,8.08
2025-05-24,wk inc flu hosp,1,2025-05-31,32,quantile,0.4,14.038
2025-05-24,wk inc flu hosp,1,2025-05-31,32,quantile,0.45,19.615
2025-05-24,wk inc flu hosp,1,2025-05-31,32,quantile,0.5,24.474
2025-05-24,wk inc flu hosp,1,2025-05-31,32,quantile,0.55,30.358
2025-05-24,wk inc flu hosp,1,2025-05-31,32,quantile,0.6,37.517
2025-05-24,wk inc flu hosp,1,2025-05-31,32,quantile,0.65,45.195
2025-05-24,wk inc flu hosp,1,2025-05-31,32,quantile,0.7,51.11
2025-05-24,wk inc flu hosp,1,2025-05-31,32,quantile,0.75,59.31
2025-05-24,wk inc flu hosp,1,2025-05-31,32,quantile,0.8,69.569
2025-05-24,wk inc flu hosp,1,2025-05-31,32,quantile,0.85,77.311
2025-05-24,wk inc flu hosp,1,2025-05-31,32,quantile,0.9,92.234
2025-05-24,wk inc flu hosp,1,2025-05-31,32,quantile,0.95,113.599
2025-05-24,wk inc flu hosp,1,2025-05-31,32,quantile,0.975,142.299
2025-05-24,wk inc flu hosp,1,2025-05-31,32,quantile,0.99,168.937
2025-05-24,wk inc flu hosp,2,2025-06-07,32,quantile,0.01,0.0
2025-05-24,wk inc flu hosp,2,2025-06-07,32,quantile,0.025,0.0
2025-05-24,wk inc flu hosp,2,2025-06-07,32,quantile,0.05,0.0
2025-05-24,wk inc flu hosp,2,2025-06-07,32,quantile,0.1,0.0
2025-05-24,wk inc flu hosp,2,2025-06-07,32,quantile,0.15,0.0
2025-05-24,wk inc flu hosp,2,2025-06-07,32,quantile,0.2,0.0
2025-05-24,wk inc flu hosp,2,2025-06-07,32,quantile,0.25,0.0
2025-05-24,wk inc flu hosp,2,2025-06-07,32,quantile,0.3,4.287
2025-05-24,wk inc flu hosp,2,2025-06-07,32,quantile,0.35,11.779
2025-05-24,wk inc flu hosp,2,2025-06-07,32,quantile,0.4,17.174
2025-05-24,wk inc flu hosp,2,2025-06-07,32,quantile,0.45,23.564
2025-05-24,wk inc flu hosp,2,2025-06-07,32,quantile,0.5,31.387
2025-05-24,wk inc flu hosp,2,2025-06-07,32,quantile,0.55,39.371
2025-05-24,wk inc flu hosp,2,2025-06-07,32,quantile,0.6,45.566
2025-05-24,wk inc flu hosp,2,2025-06-07,32,quantile,0.65,54.314
2025-05-24,wk inc flu hosp,2,2025-06-07,32,quantile,0.7,65.149
2025-05-24,wk inc flu hosp,2,2025-06-07,32,quantile,0.75,73.483
2025-05-24,wk inc flu hosp,2,2025-06-07,32,quantile,0.8,80.62
2025-05-24,wk inc flu hosp,2,2025-06-07,32,quantile,0.85,90.188
2025-05-24,wk inc flu hosp,2,2025-06-07,32,quantile,0.9,104.546
2025-05-24,wk inc flu hosp,2,2025-06-07,32,quantile,0.95,129.864
2025-05-24,wk inc flu hosp,2,2025-06-07,32,quantile,0.975,154.258
2025-05-24,wk inc flu hosp,2,2025-06-07,32,quantile,0.99,179.213
2025-05-24,wk inc flu hosp,3,2025-06-14,32,quantile,0.01,0.0
2025-05-24,wk inc flu hosp,3,2025-06-14,32,quantile,0.025,0.0
2025-05-24,wk inc flu hosp,3,2025-06-14,32,quantile,0.05,0.0
2025-05-24,wk inc flu hosp,3,2025-06-14,32,quantile,0.1,0.0
2025-05-24,wk inc flu hosp,3,2025-06-14,32,quantile,0.15,0.0
2025-05-24,wk inc flu hosp,3,2025-06-14,32,quantile,0.2,0.0
2025-05-24,wk inc flu hosp,3,2025-06-14,32,quantile,0.25,0.0
2025-05-24,wk inc flu hosp,3,2025-06-14,32,quantile,0.3,0.0
2025-05-24,wk inc flu hosp,3,2025-06-14,32,quantile,0.35,10.244
2025-05-24,wk inc flu hosp,3,2025-06-14,32,quantile,0.4,17.258
2025-05-24,wk inc flu hosp,3,2025-06-14,32,quantile,0.45,26.35
2025-05-24,wk inc flu hosp,3,2025-06-14,32,quantile,0.5,35.161
2025-05-24,wk inc flu hosp,3,2025-06-14,32,quantile,0.55,43.924
2025-05-24,wk inc flu hosp,3,2025-06-14,32,quantile,0.6,51.719
2025-05-24,wk inc flu hosp,3,2025-06-14,32,quantile,0.65,60.024
2025-05-24,wk inc flu hosp,3,2025-06-14,32,quantile,0.7,66.392
2025-05-24,wk inc flu hosp,3,2025-06-14,32,quantile,0.75,76.076
2025-05-24,wk inc flu hosp,3,2025-06-14,32,quantile,0.8,85.364
2025-05-24,wk inc flu hosp,3,2025-06-14,32,quantile,0.85,101.984
2025-05-24,wk inc flu hosp,3,2025-06-14,32,quantile,0.9,119.154
2025-05-24,wk inc flu hosp,3,2025-06-14,32,quantile,0.95,149.148
2025-05-24,wk inc flu hosp,3,2025-06-14,32,quantile,0.975,174.845
2025-05-24,wk inc flu hosp,3,2025-06-14,32,quantile,0.99,211.661
2025-05-24,wk inc flu hosp,0,2025-05-24,33,quantile,0.01,0.0
2025-05-24,wk inc flu hosp,0,2025-05-24,33,quantile,0.025,0.0
2025-05-24,wk inc flu hosp,0,2025-05-24,33,quantile,0.05,0.0
2025-05-24,wk inc flu hosp,0,2025-05-24,33,quantile,0.1,0.0
2025-05-24,wk inc flu hosp,0,2025-05-24,33,quantile,0.15,0.0
2025-05-24,wk inc flu hosp,0,2025-05-24,33,quantile,0.2,0.0
2025-05-24,wk inc flu hosp,0,2025-05-24,33,quantile,0.25,0.0
2025-05-24,wk inc flu hosp,0,2025-05-24,33,quantile,0.3,0.0
2025-05-24,wk inc flu hosp,0,2025-05-24,33,quantile,0.35,0.0
2025-05-24,wk inc flu hosp,0,2025-05-24,33,quantile,0.4,0.432
2025-05-24,wk inc flu hosp,0,2025-05-24,33,quantile,0.45,1.356
2025-05-24,wk inc flu hosp,0,2025-05-24,33,quantile,0.5,1.944
2025-05-24,wk inc flu hosp,0,2025-05-24,33,quantile,0.55,2.482
2025-05-24,wk inc flu hosp,0,2025-05-24,33,quantile,0.6,3.174
2025-05-24,wk inc flu hosp,0,2025-05-24,33,quantile,0.65,3.952
2025-05-24,wk inc flu hosp,0,2025-05-24,33,quantile,0.7,4.657
2025-05-24,wk inc flu hosp,0,2025-05-24,33,quantile,0.75,5.242
2025-05-24,wk inc flu hosp,0,2025-05-24,33,quantile,0.8,6.129
2025-05-24,wk inc flu hosp,0,2025-05-24,33,quantile,0.85,7.297
2025-05-24,wk inc flu hosp,0,2025-05-24,33,quantile,0.9,8.665
2025-05-24,wk inc flu hosp,0,2025-05-24,33,quantile,0.95,10.116
2025-05-24,wk inc flu hosp,0,2025-05-24,33,quantile,0.975,11.078
2025-05-24,wk inc flu hosp,0,2025-05-24,33,quantile,0.99,12.421
2025-05-24,wk inc flu hosp,1,2025-05-31,33,quantile,0.01,0.0
2025-05-24,wk inc flu hosp,1,2025-05-31,33,quantile,0.025,0.0
2025-05-24,wk inc flu hosp,1,2025-05-31,33,quantile,0.05,0.0
2025-05-24,wk inc flu hosp,1,2025-05-31,33,quantile,0.1,0.0
2025-05-24,wk inc flu hosp,1,2025-05-31,33,quantile,0.15,0.0
2025-05-24,wk inc flu hosp,1,2025-05-31,33,quantile,0.2,0.0
2025-05-24,wk inc flu hosp,1,2025-05-31,33,quantile,0.25,0.0
2025-05-24,wk inc flu hosp,1,2025-05-31,33,quantile,0.3,0.0
2025-05-24,wk inc flu hosp,1,2025-05-31,33,quantile,0.35,0.0
2025-05-24,wk inc flu hosp,1,2025-05-31,33,quantile,0.4,0.526
2025-05-24,wk inc flu hosp,1,2025-05-31,33,quantile,0.45,1.332
2025-05-24,wk inc flu hosp,1,2025-05-31,33,quantile,0.5,2.137
2025-05-24,wk inc flu hosp,1,2025-05-31,33,quantile,0.55,2.712
2025-05-24,wk inc flu hosp,1,2025-05-31,33,quantile,0.6,3.466
2025-05-24,wk inc flu hosp,1,2025-05-31,33,quantile,0.65,4.34
2025-05-24,wk inc flu hosp,1,2025-05-31,33,quantile,0.7,5.335
2025-05-24,wk inc flu hosp,1,2025-05-31,33,quantile,0.75,6.588
2025-05-24,wk inc flu hosp,1,2025-05-31,33,quantile,0.8,7.965
2025-05-24,wk inc flu hosp,1,2025-05-31,33,quantile,0.85,9.487
2025-05-24,wk inc flu hosp,1,2025-05-31,33,quantile,0.9,11.37
2025-05-24,wk inc flu hosp,1,2025-05-31,33,quantile,0.95,13.908
2025-05-24,wk inc flu hosp,1,2025-05-31,33,quantile,0.975,15.912
2025-05-24,wk inc flu hosp,1,2025-05-31,33,quantile,0.99,18.163
2025-05-24,wk inc flu hosp,2,2025-06-07,33,quantile,0.01,0.0
2025-05-24,wk inc flu hosp,2,2025-06-07,33,quantile,0.025,0.0
2025-05-24,wk inc flu hosp,2,2025-06-07,33,quantile,0.05,0.0
2025-05-24,wk inc flu hosp,2,2025-06-07,33,quantile,0.1,0.0
2025-05-24,wk inc flu hosp,2,2025-06-07,33,quantile,0.15,0.0
2025-05-24,wk inc flu hosp,2,2025-06-07,33,quantile,0.2,0.0
2025-05-24,wk inc flu hosp,2,2025-06-07,33,quantile,0.25,0.0
2025-05-24,wk inc flu hosp,2,2025-06-07,33,quantile,0.3,0.274
2025-05-24,wk inc flu hosp,2,2025-06-07,33,quantile,0.35,1.13
2025-05-24,wk inc flu hosp,2,2025-06-07,33,quantile,0.4,2.084
2025-05-24,wk inc flu hosp,2,2025-06-07,33,quantile,0.45,2.866
2025-05-24,wk inc flu hosp,2,2025-06-07,33,quantile,0.5,3.713
2025-05-24,wk inc flu hosp,2,2025-06-07,33,quantile,0.55,4.483
2025-05-24,wk inc flu hosp,2,2025-06-07,33,quantile,0.6,5.305
2025-05-24,wk inc flu hosp,2,2025-06-07,33,quantile,0.65,6.191
2025-05-24,wk inc flu hosp,2,2025-06-07,33,quantile,0.7,7.244
2025-05-24,wk inc flu hosp,2,2025-06-07,33,quantile,0.75,8.728
2025-05-24,wk inc flu hosp,2,2025-06-07,33,quantile,0.8,10.003
2025-05-24,wk inc flu hosp,2,2025-06-07,33,quantile,0.85,11.652
2025-05-24,wk inc flu hosp,2,2025-06-07,33,quantile,0.9,13.925
2025-05-24,wk inc flu hosp,2,2025-06-07,33,quantile,0.95,17.21
2025-05-24,wk inc flu hosp,2,2025-06-07,33,quantile,0.975,19.876
2025-05-24,wk inc flu hosp,2,2025-06-07,33,quantile,0.99,22.265
2025-05-24,wk inc flu hosp,3,2025-06-14,33,quantile,0.01,0.0
2025-05-24,wk inc flu hosp,3,2025-06-14,33,quantile,0.025,0.0
2025-05-24,wk inc flu hosp,3,2025-06-14,33,quantile,0.05,0.0
2025-05-24,wk inc flu hosp,3,2025-06-14,33,quantile,0.1,0.0
2025-05-24,wk inc flu hosp,3,2025-06-14,33,quantile,0.15,0.0
2025-05-24,wk inc flu hosp,3,2025-06-14,33,quantile,0.2,0.0
2025-05-24,wk inc flu hosp,3,2025-06-14,33,quantile,0.25,0.256
2025-05-24,wk inc flu hosp,3,2025-06-14,33,quantile,0.3,1.142
2025-05-24,wk inc flu hosp,3,2025-06-14,33,quantile,0.35,2.071
2025-05-24,wk inc flu hosp,3,2025-06-14,33,quantile,0.4,3.051
2025-05-24,wk inc flu hosp,3,2025-06-14,33,quantile,0.45,4.111
2025-05-24,wk inc flu hosp,3,2025-06-14,33,quantile,0.5,5.215
2025-05-24,wk inc flu hosp,3,2025-06-14,33,quantile,0.55,6.028
2025-05-24,wk inc flu hosp,3,2025-06-14,33,quantile,0.6,7.232
2025-05-24,wk inc flu hosp,3,2025-06-14,33,quantile,0.65,8.356
2025-05-24,wk inc flu hosp,3,2025-06-14,33,quantile,0.7,10.121
2025-05-24,wk inc flu hosp,3,2025-06-14,33,quantile,0.75,11.534
2025-05-24,wk inc flu hosp,3,2025-06-14,33,quantile,0.8,12.815
2025-05-24,wk inc flu hosp,3,2025-06-14,33,quantile,0.85,14.695
2025-05-24,wk inc flu hosp,3,2025-06-14,33,quantile,0.9,17.614
2025-05-24,wk inc flu hosp,3,2025-06-14,33,quantile,0.95,21.494
2025-05-24,wk inc flu hosp,3,2025-06-14,33,quantile,0.975,24.827
2025-05-24,wk inc flu hosp,3,2025-06-14,33,quantile,0.99,26.985
2025-05-24,wk inc flu hosp,0,2025-05-24,34,quantile,0.01,0.0
2025-05-24,wk inc flu hosp,0,2025-05-24,34,quantile,0.025,0.0
2025-05-24,wk inc flu hosp,0,2025-05-24,34,quantile,0.05,0.0
2025-05-24,wk inc flu hosp,0,2025-05-24,34,quantile,0.1,0.0
2025-05-24,wk inc flu hosp,0,2025-05-24,34,quantile,0.15,0.0
2025-05-24,wk inc flu hosp,0,2025-05-24,34,quantile,0.2,0.0
2025-05-24,wk inc flu hosp,0,2025-05-24,34,quantile,0.25,0.077
2025-05-24,wk inc flu hosp,0,2025-05-24,34,quantile,0.3,7.21
2025-05-24,wk inc flu hosp,0,2025-05-24,34,quantile,0.35,14.15
2025-05-24,wk inc flu hosp,0,2025-05-24,34,quantile,0.4,20.814
2025-05-24,wk inc flu hosp,0,2025-05-24,34,quantile,0.45,27.791
2025-05-24,wk inc flu hosp,0,2025-05-24,34,quantile,0.5,33.381
2025-05-24,wk inc flu hosp,0,2025-05-24,34,quantile,0.55,39.381
2025-05-24,wk inc flu hosp,0,2025-05-24,34,quantile,0.6,45.774
2025-05-24,wk inc flu hosp,0,2025-05-24,34,quantile,0.65,51.677
2025-05-24,wk inc flu hosp,0,2025-05-24,34,quantile,0.7,57.537
2025-05-24,wk inc flu hosp,0,2025-05-24,34,quantile,0.75,64.602
2025-05-24,wk inc flu hosp,0,2025-05-24,34,quantile,0.8,72.094
2025-05-24,wk inc flu hosp,0,2025-05-24,34,quantile,0.85,83.723
2025-05-24,wk inc flu hosp,0,2025-05-24,34,quantile,0.9,95.488
2025-05-24,wk inc flu hosp,0,2025-05-24,34,quantile,0.95,112.543
2025-05-24,wk inc flu hosp,0,2025-05-24,34,quantile,0.975,128.395
2025-05-24,wk inc flu hosp,0,2025-05-24,34,quantile,0.99,156.622
2025-05-24,wk inc flu hosp,1,2025-05-31,34,quantile,0.01,0.0
2025-05-24,wk inc flu hosp,1,2025-05-31,34,quantile,0.025,0.0
2025-05-24,wk inc flu hosp,1,2025-05-31,34,quantile,0.05,0.0
2025-05-24,wk inc flu hosp,1,2025-05-31,34,quantile,0.1,0.0
2025-05-24,wk inc flu hosp,1,2025-05-31,34,quantile,0.15,0.0
2025-05-24,wk inc flu hosp,1,2025-05-31,34,quantile,0.2,0.0
2025-05-24,wk inc flu hosp,1,2025-05-31,34,quantile,0.25,0.0
2025-05-24,wk inc flu hosp,1,2025-05-31,34,quantile,0.3,0.0
2025-05-24,wk inc flu hosp,1,2025-05-31,34,quantile,0.35,0.0
2025-05-24,wk inc flu hosp,1,2025-05-31,34,quantile,0.4,6.669
2025-05-24,wk inc flu hosp,1,2025-05-31,34,quantile,0.45,17.915
2025-05-24,wk inc flu hosp,1,2025-05-31,34,quantile,0.5,27.224
2025-05-24,wk inc flu hosp,1,2025-05-31,34,quantile,0.55,36.272
2025-05-24,wk inc flu hosp,1,2025-05-31,34,quantile,0.6,46.062
2025-05-24,wk inc flu hosp,1,2025-05-31,34,quantile,0.65,55.474
2025-05-24,wk inc flu hosp,1,2025-05-31,34,quantile,0.7,67.184
2025-05-24,wk inc flu hosp,1,2025-05-31,34,quantile,0.75,78.063
2025-05-24,wk inc flu hosp,1,2025-05-31,34,quantile,0.8,87.413
2025-05-24,wk inc flu hosp,1,2025-05-31,34,quantile,0.85,98.221
2025-05-24,wk inc flu hosp,1,2025-05-31,34,quantile,0.9,114.03
2025-05-24,wk inc flu hosp,1,2025-05-31,34,quantile,0.95,139.538
2025-05-24,wk inc flu hosp,1,2025-05-31,34,quantile,0.975,172.735
2025-05-24,wk inc flu hosp,1,2025-05-31,34,quantile,0.99,198.805
2025-05-24,wk inc flu hosp,2,2025-06-07,34,quantile,0.01,0.0
2025-05-24,wk inc flu hosp,2,2025-06-07,34,quantile,0.025,0.0
2025-05-24,wk inc flu hosp,2,2025-06-07,34,quantile,0.05,0.0
2025-05-24,wk inc flu hosp,2,2025-06-07,34,quantile,0.1,0.0
2025-05-24,wk inc flu hosp,2,2025-06-07,34,quantile,0.15,0.0
2025-05-24,wk inc flu hosp,2,2025-06-07,34,quantile,0.2,0.0
2025-05-24,wk inc flu hosp,2,2025-06-07,34,quantile,0.25,0.0
2025-05-24,wk inc flu hosp,2,2025-06-07,34,quantile,0.3,1.956
2025-05-24,wk inc flu hosp,2,2025-06-07,34,quantile,0.35,9.824
2025-05-24,wk inc flu hosp,2,2025-06-07,34,quantile,0.4,19.674
2025-05-24,wk inc flu hosp,2,2025-06-07,34,quantile,0.45,28.588
2025-05-24,wk inc flu hosp,2,2025-06-07,34,quantile,0.5,36.013
2025-05-24,wk inc flu hosp,2,2025-06-07,34,quantile,0.55,42.112
2025-05-24,wk inc flu hosp,2,2025-06-07,34,quantile,0.6,52.804
2025-05-24,wk inc flu hosp,2,2025-06-07,34,quantile,0.65,63.572
2025-05-24,wk inc flu hosp,2,2025-06-07,34,quantile,0.7,74.947
2025-05-24,wk inc flu hosp,2,2025-06-07,34,quantile,0.75,86.739
2025-05-24,wk inc flu hosp,2,2025-06-07,34,quantile,0.8,100.007
2025-05-24,wk inc flu hosp,2,2025-06-07,34,quantile,0.85,119.576
2025-05-24,wk inc flu hosp,2,2025-06-07,34,quantile,0.9,139.47
2025-05-24,wk inc flu hosp,2,2025-06-07,34,quantile,0.95,168.659
2025-05-24,wk inc flu hosp,2,2025-06-07,34,quantile,0.975,193.44
2025-05-24,wk inc flu hosp,2,2025-06-07,34,quantile,0.99,220.679
2025-05-24,wk inc flu hosp,3,2025-06-14,34,quantile,0.01,0.0
2025-05-24,wk inc flu hosp,3,2025-06-14,34,quantile,0.025,0.0
2025-05-24,wk inc flu hosp,3,2025-06-14,34,quantile,0.05,0.0
2025-05-24,wk inc flu hosp,3,2025-06-14,34,quantile,0.1,0.0
2025-05-24,wk inc flu hosp,3,2025-06-14,34,quantile,0.15,0.0
2025-05-24,wk inc flu hosp,3,2025-06-14,34,quantile,0.2,0.0
2025-05-24,wk inc flu hosp,3,2025-06-14,34,quantile,0.25,0.0
2025-05-24,wk inc flu hosp,3,2025-06-14,34,quantile,0.3,4.932
2025-05-24,wk inc flu hosp,3,2025-06-14,34,quantile,0.35,12.663
2025-05-24,wk inc flu hosp,3,2025-06-14,34,quantile,0.4,20.837
2025-05-24,wk inc flu hosp,3,2025-06-14,34,quantile,0.45,28.054
2025-05-24,wk inc flu hosp,3,2025-06-14,34,quantile,0.5,37.581
2025-05-24,wk inc flu hosp,3,2025-06-14,34,quantile,0.55,45.407
2025-05-24,wk inc flu hosp,3,2025-06-14,34,quantile,0.6,56.239
2025-05-24,wk inc flu hosp,3,2025-06-14,34,quantile,0.65,65.553
2025-05-24,wk inc flu hosp,3,2025-06-14,34,quantile,0.7,77.589
2025-05-24,wk inc flu hosp,3,2025-06-14,34,quantile,0.75,91.358
2025-05-24,wk inc flu hosp,3,2025-06-14,34,quantile,0.8,103.913
2025-05-24,wk inc flu hosp,3,2025-06-14,34,quantile,0.85,119.228
2025-05-24,wk inc flu hosp,3,2025-06-14,34,quantile,0.9,144.506
2025-05-24,wk inc flu hosp,3,2025-06-14,34,quantile,0.95,180.521
2025-05-24,wk inc flu hosp,3,2025-06-14,34,quantile,0.975,210.545
2025-05-24,wk inc flu hosp,3,2025-06-14,34,quantile,0.99,248.329
2025-05-24,wk inc flu hosp,0,2025-05-24,35,quantile,0.01,0.0
2025-05-24,wk inc flu hosp,0,2025-05-24,35,quantile,0.025,0.0
2025-05-24,wk inc flu hosp,0,2025-05-24,35,quantile,0.05,0.0
2025-05-24,wk inc flu hosp,0,2025-05-24,35,quantile,0.1,0.0
2025-05-24,wk inc flu hosp,0,2025-05-24,35,quantile,0.15,0.0
2025-05-24,wk inc flu hosp,0,2025-05-24,35,quantile,0.2,0.522
2025-05-24,wk inc flu hosp,0,2025-05-24,35,quantile,0.25,2.472
2025-05-24,wk inc flu hosp,0,2025-05-24,35,quantile,0.3,3.965
2025-05-24,wk inc flu hosp,0,2025-05-24,35,quantile,0.35,5.439
2025-05-24,wk inc flu hosp,0,2025-05-24,35,quantile,0.4,6.479
2025-05-24,wk inc flu hosp,0,2025-05-24,35,quantile,0.45,7.882
2025-05-24,wk inc flu hosp,0,2025-05-24,35,quantile,0.5,9.109
2025-05-24,wk inc flu hosp,0,2025-05-24,35,quantile,0.55,10.61
2025-05-24,wk inc flu hosp,0,2025-05-24,35,quantile,0.6,11.85
2025-05-24,wk inc flu hosp,0,2025-05-24,35,quantile,0.65,13.419
2025-05-24,wk inc flu hosp,0,2025-05-24,35,quantile,0.7,14.622
2025-05-24,wk inc flu hosp,0,2025-05-24,35,quantile,0.75,16.104
2025-05-24,wk inc flu hosp,0,2025-05-24,35,quantile,0.8,17.9
2025-05-24,wk inc flu hosp,0,2025-05-24,35,quantile,0.85,20.241
2025-05-24,wk inc flu hosp,0,2025-05-24,35,quantile,0.9,22.673
2025-05-24,wk inc flu hosp,0,2025-05-24,35,quantile,0.95,27.301
2025-05-24,wk inc flu hosp,0,2025-05-24,35,quantile,0.975,32.216
2025-05-24,wk inc flu hosp,0,2025-05-24,35,quantile,0.99,37.128
2025-05-24,wk inc flu hosp,1,2025-05-31,35,quantile,0.01,0.0
2025-05-24,wk inc flu hosp,1,2025-05-31,35,quantile,0.025,0.0
2025-05-24,wk inc flu hosp,1,2025-05-31,35,quantile,0.05,0.0
2025-05-24,wk inc flu hosp,1,2025-05-31,35,quantile,0.1,0.0
2025-05-24,wk inc flu hosp,1,2025-05-31,35,quantile,0.15,0.0
2025-05-24,wk inc flu hosp,1,2025-05-31,35,quantile,0.2,0.0
2025-05-24,wk inc flu hosp,1,2025-05-31,35,quantile,0.25,0.0
2025-05-24,wk inc flu hosp,1,2025-05-31,35,quantile,0.3,0.0
2025-05-24,wk inc flu hosp,1,2025-05-31,35,quantile,0.35,1.142
2025-05-24,wk inc flu hosp,1,2025-05-31,35,quantile,0.4,3.103
2025-05-24,wk inc flu hosp,1,2025-05-31,35,quantile,0.45,4.84
2025-05-24,wk inc flu hosp,1,2025-05-31,35,quantile,0.5,7.117
2025-05-24,wk inc flu hosp,1,2025-05-31,35,quantile,0.55,8.818
2025-05-24,wk inc flu hosp,1,2025-05-31,35,quantile,0.6,11.05
2025-05-24,wk inc flu hosp,1,2025-05-31,35,quantile,0.65,13.241
2025-05-24,wk inc flu hosp,1,2025-05-31,35,quantile,0.7,15.18
2025-05-24,wk inc flu hosp,1,2025-05-31,35,quantile,0.75,18.555
2025-05-24,wk inc flu hosp,1,2025-05-31,35,quantile,0.8,21.488
2025-05-24,wk inc flu hosp,1,2025-05-31,35,quantile,0.85,25.004
2025-05-24,wk inc flu hosp,1,2025-05-31,35,quantile,0.9,29.101
2025-05-24,wk inc flu hosp,1,2025-05-31,35,quantile,0.95,35.913
2025-05-24,wk inc flu hosp,1,2025-05-31,35,quantile,0.975,41.569
2025-05-24,wk inc flu hosp,1,2025-05-31,35,quantile,0.99,47.238
2025-05-24,wk inc flu hosp,2,2025-06-07,35,quantile,0.01,0.0
2025-05-24,wk inc flu hosp,2,2025-06-07,35,quantile,0.025,0.0
2025-05-24,wk inc flu hosp,2,2025-06-07,35,quantile,0.05,0.0
2025-05-24,wk inc flu hosp,2,2025-06-07,35,quantile,0.1,0.0
2025-05-24,wk inc flu hosp,2,2025-06-07,35,quantile,0.15,0.0
2025-05-24,wk inc flu hosp,2,2025-06-07,35,quantile,0.2,0.0
2025-05-24,wk inc flu hosp,2,2025-06-07,35,quantile,0.25,0.0
2025-05-24,wk inc flu hosp,2,2025-06-07,35,quantile,0.3,0.0
2025-05-24,wk inc flu hosp,2,2025-06-07,35,quantile,0.35,0.627
2025-05-24,wk inc flu hosp,2,2025-06-07,35,quantile,0.4,3.044
2025-05-24,wk inc flu hosp,2,2025-06-07,35,quantile,0.45,5.485
2025-05-24,wk inc flu hosp,2,2025-06-07,35,quantile,0.5,7.706
2025-05-24,wk inc flu hosp,2,2025-06-07,35,quantile,0.55,10.393
2025-05-24,wk inc flu hosp,2,2025-06-07,35,quantile,0.6,12.866
2025-05-24,wk inc flu hosp,2,2025-06-07,35,quantile,0.65,15.388
2025-05-24,wk inc flu hosp,2,2025-06-07,35,quantile,0.7,17.355
2025-05-24,wk inc flu hosp,2,2025-06-07,35,quantile,0.75,20.512
2025-05-24,wk inc flu hosp,2,2025-06-07,35,quantile,0.8,23.607
2025-05-24,wk inc flu hosp,2,2025-06-07,35,quantile,0.85,26.844
2025-05-24,wk inc flu hosp,2,2025-06-07,35,quantile,0.9,32.12
2025-05-24,wk inc flu hosp,2,2025-06-07,35,quantile,0.95,38.954
2025-05-24,wk inc flu hosp,2,2025-06-07,35,quantile,0.975,47.54
2025-05-24,wk inc flu hosp,2,2025-06-07,35,quantile,0.99,58.197
2025-05-24,wk inc flu hosp,3,2025-06-14,35,quantile,0.01,0.0
2025-05-24,wk inc flu hosp,3,2025-06-14,35,quantile,0.025,0.0
2025-05-24,wk inc flu hosp,3,2025-06-14,35,quantile,0.05,0.0
2025-05-24,wk inc flu hosp,3,2025-06-14,35,quantile,0.1,0.0
2025-05-24,wk inc flu hosp,3,2025-06-14,35,quantile,0.15,0.0
2025-05-24,wk inc flu hosp,3,2025-06-14,35,quantile,0.2,0.0
2025-05-24,wk inc flu hosp,3,2025-06-14,35,quantile,0.25,0.0
2025-05-24,wk inc flu hosp,3,2025-06-14,35,quantile,0.3,0.0
2025-05-24,wk inc flu hosp,3,2025-06-14,35,quantile,0.35,0.395
2025-05-24,wk inc flu hosp,3,2025-06-14,35,quantile,0.4,2.18
2025-05-24,wk inc flu hosp,3,2025-06-14,35,quantile,0.45,4.226
2025-05-24,wk inc flu hosp,3,2025-06-14,35,quantile,0.5,6.476
2025-05-24,wk inc flu hosp,3,2025-06-14,35,quantile,0.55,8.491
2025-05-24,wk inc flu hosp,3,2025-06-14,35,quantile,0.6,10.515
2025-05-24,wk inc flu hosp,3,2025-06-14,35,quantile,0.65,13.701
2025-05-24,wk inc flu hosp,3,2025-06-14,35,quantile,0.7,16.713
2025-05-24,wk inc flu hosp,3,2025-06-14,35,quantile,0.75,19.511
2025-05-24,wk inc flu hosp,3,2025-06-14,35,quantile,0.8,22.908
2025-05-24,wk inc flu hosp,3,2025-06-14,35,quantile,0.85,26.379
2025-05-24,wk inc flu hosp,3,2025-06-14,35,quantile,0.9,30.905
2025-05-24,wk inc flu hosp,3,2025-06-14,35,quantile,0.95,40.292
2025-05-24,wk inc flu hosp,3,2025-06-14,35,quantile,0.975,50.74
2025-05-24,wk inc flu hosp,3,2025-06-14,35,quantile,0.99,60.831
2025-05-24,wk inc flu hosp,0,2025-05-24,36,quantile,0.01,0.0
2025-05-24,wk inc flu hosp,0,2025-05-24,36,quantile,0.025,0.0
2025-05-24,wk inc flu hosp,0,2025-05-24,36,quantile,0.05,0.0
2025-05-24,wk inc flu hosp,0,2025-05-24,36,quantile,0.1,5.754
2025-05-24,wk inc flu hosp,0,2025-05-24,36,quantile,0.15,13.59
2025-05-24,wk inc flu hosp,0,2025-05-24,36,quantile,0.2,19.464
2025-05-24,wk inc flu hosp,0,2025-05-24,36,quantile,0.25,24.098
2025-05-24,wk inc flu hosp,0,2025-05-24,36,quantile,0.3,28.536
2025-05-24,wk inc flu hosp,0,2025-05-24,36,quantile,0.35,33.181
2025-05-24,wk inc flu hosp,0,2025-05-24,36,quantile,0.4,37.081
2025-05-24,wk inc flu hosp,0,2025-05-24,36,quantile,0.45,40.148
2025-05-24,wk inc flu hosp,0,2025-05-24,36,quantile,0.5,43.787
2025-05-24,wk inc flu hosp,0,2025-05-24,36,quantile,0.55,47.673
2025-05-24,wk inc flu hosp,0,2025-05-24,36,quantile,0.6,51.159
2025-05-24,wk inc flu hosp,0,2025-05-24,36,quantile,0.65,55.834
2025-05-24,wk inc flu hosp,0,2025-05-24,36,quantile,0.7,60.279
2025-05-24,wk inc flu hosp,0,2025-05-24,36,quantile,0.75,66.173
2025-05-24,wk inc flu hosp,0,2025-05-24,36,quantile,0.8,71.337
2025-05-24,wk inc flu hosp,0,2025-05-24,36,quantile,0.85,78.606
2025-05-24,wk inc flu hosp,0,2025-05-24,36,quantile,0.9,87.886
2025-05-24,wk inc flu hosp,0,2025-05-24,36,quantile,0.95,101.31
2025-05-24,wk inc flu hosp,0,2025-05-24,36,quantile,0.975,112.801
2025-05-24,wk inc flu hosp,0,2025-05-24,36,quantile,0.99,127.535
2025-05-24,wk inc flu hosp,1,2025-05-31,36,quantile,0.01,0.0
2025-05-24,wk inc flu hosp,1,2025-05-31,36,quantile,0.025,0.0
2025-05-24,wk inc flu hosp,1,2025-05-31,36,quantile,0.05,0.0
2025-05-24,wk inc flu hosp,1,2025-05-31,36,quantile,0.1,0.0
2025-05-24,wk inc flu hosp,1,2025-05-31,36,quantile,0.15,0.0
2025-05-24,wk inc flu hosp,1,2025-05-31,36,quantile,0.2,0.828
2025-05-24,wk inc flu hosp,1,2025-05-31,36,quantile,0.25,7.275
2025-05-24,wk inc flu hosp,1,2025-05-31,36,quantile,0.3,13.397
2025-05-24,wk inc flu hosp,1,2025-05-31,36,quantile,0.35,18.937
2025-05-24,wk inc flu hosp,1,2025-05-31,36,quantile,0.4,24.878
2025-05-24,wk inc flu hosp,1,2025-05-31,36,quantile,0.45,31.307
2025-05-24,wk inc flu hosp,1,2025-05-31,36,quantile,0.5,37.871
2025-05-24,wk inc flu hosp,1,2025-05-31,36,quantile,0.55,43.247
2025-05-24,wk inc flu hosp,1,2025-05-31,36,quantile,0.6,48.881
2025-05-24,wk inc flu hosp,1,2025-05-31,36,quantile,0.65,53.926
2025-05-24,wk inc flu hosp,1,2025-05-31,36,quantile,0.7,58.442
2025-05-24,wk inc flu hosp,1,2025-05-31,36,quantile,0.75,64.891
2025-05-24,wk inc flu hosp,1,2025-05-31,36,quantile,0.8,71.624
2025-05-24,wk inc flu hosp,1,2025-05-31,36,quantile,0.85,79.663
2025-05-24,wk inc flu hosp,1,2025-05-31,36,quantile,0.9,88.589
2025-05-24,wk inc flu hosp,1,2025-05-31,36,quantile,0.95,105.275
2025-05-24,wk inc flu hosp,1,2025-05-31,36,quantile,0.975,123.774
2025-05-24,wk inc flu hosp,1,2025-05-31,36,quantile,0.99,145.262
2025-05-24,wk inc flu hosp,2,2025-06-07,36,quantile,0.01,0.0
2025-05-24,wk inc flu hosp,2,2025-06-07,36,quantile,0.025,0.0
2025-05-24,wk inc flu hosp,2,2025-06-07,36,quantile,0.05,0.0
2025-05-24,wk inc flu hosp,2,2025-06-07,36,quantile,0.1,0.0
2025-05-24,wk inc flu hosp,2,2025-06-07,36,quantile,0.15,0.0
2025-05-24,wk inc flu hosp,2,2025-06-07,36,quantile,0.2,0.0
2025-05-24,wk inc flu hosp,2,2025-06-07,36,quantile,0.25,0.0
2025-05-24,wk inc flu hosp,2,2025-06-07,36,quantile,0.3,1.026
2025-05-24,wk inc flu hosp,2,2025-06-07,36,quantile,0.35,8.767
2025-05-24,wk inc flu hosp,2,2025-06-07,36,quantile,0.4,15.855
2025-05-24,wk inc flu hosp,2,2025-06-07,36,quantile,0.45,21.487
2025-05-24,wk inc flu hosp,2,2025-06-07,36,quantile,0.5,26.588
2025-05-24,wk inc flu hosp,2,2025-06-07,36,quantile,0.55,33.467
2025-05-24,wk inc flu hosp,2,2025-06-07,36,quantile,0.6,39.48
2025-05-24,wk inc flu hosp,2,2025-06-07,36,quantile,0.65,45.391
2025-05-24,wk inc flu hosp,2,2025-06-07,36,quantile,0.7,53.552
2025-05-24,wk inc flu hosp,2,2025-06-07,36,quantile,0.75,60.968
2025-05-24,wk inc flu hosp,2,2025-06-07,36,quantile,0.8,70.68
2025-05-24,wk inc flu hosp,2,2025-06-07,36,quantile,0.85,81.423
2025-05-24,wk inc flu hosp,2,2025-06-07,36,quantile,0.9,93.706
2025-05-24,wk inc flu hosp,2,2025-06-07,36,quantile,0.95,110.671
2025-05-24,wk inc flu hosp,2,2025-06-07,36,quantile,0.975,131.998
2025-05-24,wk inc flu hosp,2,2025-06-07,36,quantile,0.99,158.75
2025-05-24,wk inc flu hosp,3,2025-06-14,36,quantile,0.01,0.0
2025-05-24,wk inc flu hosp,3,2025-06-14,36,quantile,0.025,0.0
2025-05-24,wk inc flu hosp,3,2025-06-14,36,quantile,0.05,0.0
2025-05-24,wk inc flu hosp,3,2025-06-14,36,quantile,0.1,0.0
2025-05-24,wk inc flu hosp,3,2025-06-14,36,quantile,0.15,0.0
2025-05-24,wk inc flu hosp,3,2025-06-14,36,quantile,0.2,0.0
2025-05-24,wk inc flu hosp,3,2025-06-14,36,quantile,0.25,0.0
2025-05-24,wk inc flu hosp,3,2025-06-14,36,quantile,0.3,0.0
2025-05-24,wk inc flu hosp,3,2025-06-14,36,quantile,0.35,5.642
2025-05-24,wk inc flu hosp,3,2025-06-14,36,quantile,0.4,11.771
2025-05-24,wk inc flu hosp,3,2025-06-14,36,quantile,0.45,16.815
2025-05-24,wk inc flu hosp,3,2025-06-14,36,quantile,0.5,21.461
2025-05-24,wk inc flu hosp,3,2025-06-14,36,quantile,0.55,28.188
2025-05-24,wk inc flu hosp,3,2025-06-14,36,quantile,0.6,36.381
2025-05-24,wk inc flu hosp,3,2025-06-14,36,quantile,0.65,43.205
2025-05-24,wk inc flu hosp,3,2025-06-14,36,quantile,0.7,51.324
2025-05-24,wk inc flu hosp,3,2025-06-14,36,quantile,0.75,61.965
2025-05-24,wk inc flu hosp,3,2025-06-14,36,quantile,0.8,70.562
2025-05-24,wk inc flu hosp,3,2025-06-14,36,quantile,0.85,84.323
2025-05-24,wk inc flu hosp,3,2025-06-14,36,quantile,0.9,98.224
2025-05-24,wk inc flu hosp,3,2025-06-14,36,quantile,0.95,119.744
2025-05-24,wk inc flu hosp,3,2025-06-14,36,quantile,0.975,137.055
2025-05-24,wk inc flu hosp,3,2025-06-14,36,quantile,0.99,163.603
2025-05-24,wk inc flu hosp,0,2025-05-24,37,quantile,0.01,0.0
2025-05-24,wk inc flu hosp,0,2025-05-24,37,quantile,0.025,0.0
2025-05-24,wk inc flu hosp,0,2025-05-24,37,quantile,0.05,0.0
2025-05-24,wk inc flu hosp,0,2025-05-24,37,quantile,0.1,0.0
2025-05-24,wk inc flu hosp,0,2025-05-24,37,quantile,0.15,0.0
2025-05-24,wk inc flu hosp,0,2025-05-24,37,quantile,0.2,0.0
2025-05-24,wk inc flu hosp,0,2025-05-24,37,quantile,0.25,0.0
2025-05-24,wk inc flu hosp,0,2025-05-24,37,quantile,0.3,0.0
2025-05-24,wk inc flu hosp,0,2025-05-24,37,quantile,0.35,0.0
2025-05-24,wk inc flu hosp,0,2025-05-24,37,quantile,0.4,0.0
2025-05-24,wk inc flu hosp,0,2025-05-24,37,quantile,0.45,7.318
2025-05-24,wk inc flu hosp,0,2025-05-24,37,quantile,0.5,16.011
2025-05-24,wk inc flu hosp,0,2025-05-24,37,quantile,0.55,22.001
2025-05-24,wk inc flu hosp,0,2025-05-24,37,quantile,0.6,30.321
2025-05-24,wk inc flu hosp,0,2025-05-24,37,quantile,0.65,38.698
2025-05-24,wk inc flu hosp,0,2025-05-24,37,quantile,0.7,46.981
2025-05-24,wk inc flu hosp,0,2025-05-24,37,quantile,0.75,59.244
2025-05-24,wk inc flu hosp,0,2025-05-24,37,quantile,0.8,72.095
2025-05-24,wk inc flu hosp,0,2025-05-24,37,quantile,0.85,86.226
2025-05-24,wk inc flu hosp,0,2025-05-24,37,quantile,0.9,107.298
2025-05-24,wk inc flu hosp,0,2025-05-24,37,quantile,0.95,136.475
2025-05-24,wk inc flu hosp,0,2025-05-24,37,quantile,0.975,158.129
2025-05-24,wk inc flu hosp,0,2025-05-24,37,quantile,0.99,194.912
2025-05-24,wk inc flu hosp,1,2025-05-31,37,quantile,0.01,0.0
2025-05-24,wk inc flu hosp,1,2025-05-31,37,quantile,0.025,0.0
2025-05-24,wk inc flu hosp,1,2025-05-31,37,quantile,0.05,0.0
2025-05-24,wk inc flu hosp,1,2025-05-31,37,quantile,0.1,0.0
2025-05-24,wk inc flu hosp,1,2025-05-31,37,quantile,0.15,0.0
2025-05-24,wk inc flu hosp,1,2025-05-31,37,quantile,0.2,0.0
2025-05-24,wk inc flu hosp,1,2025-05-31,37,quantile,0.25,0.0
2025-05-24,wk inc flu hosp,1,2025-05-31,37,quantile,0.3,0.0
2025-05-24,wk inc flu hosp,1,2025-05-31,37,quantile,0.35,5.865
2025-05-24,wk inc flu hosp,1,2025-05-31,37,quantile,0.4,14.722
2025-05-24,wk inc flu hosp,1,2025-05-31,37,quantile,0.45,24.618
2025-05-24,wk inc flu hosp,1,2025-05-31,37,quantile,0.5,34.881
2025-05-24,wk inc flu hosp,1,2025-05-31,37,quantile,0.55,41.831
2025-05-24,wk inc flu hosp,1,2025-05-31,37,quantile,0.6,53.33
2025-05-24,wk inc flu hosp,1,2025-05-31,37,quantile,0.65,63.371
2025-05-24,wk inc flu hosp,1,2025-05-31,37,quantile,0.7,76.094
2025-05-24,wk inc flu hosp,1,2025-05-31,37,quantile,0.75,88.05
2025-05-24,wk inc flu hosp,1,2025-05-31,37,quantile,0.8,100.7
2025-05-24,wk inc flu hosp,1,2025-05-31,37,quantile,0.85,116.78
2025-05-24,wk inc flu hosp,1,2025-05-31,37,quantile,0.9,140.894
2025-05-24,wk inc flu hosp,1,2025-05-31,37,quantile,0.95,174.034
2025-05-24,wk inc flu hosp,1,2025-05-31,37,quantile,0.975,199.029
2025-05-24,wk inc flu hosp,1,2025-05-31,37,quantile,0.99,260.395
2025-05-24,wk inc flu hosp,2,2025-06-07,37,quantile,0.01,0.0
2025-05-24,wk inc flu hosp,2,2025-06-07,37,quantile,0.025,0.0
2025-05-24,wk inc flu hosp,2,2025-06-07,37,quantile,0.05,0.0
2025-05-24,wk inc flu hosp,2,2025-06-07,37,quantile,0.1,0.0
2025-05-24,wk inc flu hosp,2,2025-06-07,37,quantile,0.15,0.0
2025-05-24,wk inc flu hosp,2,2025-06-07,37,quantile,0.2,0.0
2025-05-24,wk inc flu hosp,2,2025-06-07,37,quantile,0.25,0.0
2025-05-24,wk inc flu hosp,2,2025-06-07,37,quantile,0.3,0.0
2025-05-24,wk inc flu hosp,2,2025-06-07,37,quantile,0.35,2.319
2025-05-24,wk inc flu hosp,2,2025-06-07,37,quantile,0.4,13.609
2025-05-24,wk inc flu hosp,2,2025-06-07,37,quantile,0.45,22.823
2025-05-24,wk inc flu hosp,2,2025-06-07,37,quantile,0.5,31.013
2025-05-24,wk inc flu hosp,2,2025-06-07,37,quantile,0.55,42.176
2025-05-24,wk inc flu hosp,2,2025-06-07,37,quantile,0.6,52.94
2025-05-24,wk inc flu hosp,2,2025-06-07,37,quantile,0.65,68.094
2025-05-24,wk inc flu hosp,2,2025-06-07,37,quantile,0.7,79.137
2025-05-24,wk inc flu hosp,2,2025-06-07,37,quantile,0.75,93.93
2025-05-24,wk inc flu hosp,2,2025-06-07,37,quantile,0.8,112.504
2025-05-24,wk inc flu hosp,2,2025-06-07,37,quantile,0.85,139.149
2025-05-24,wk inc flu hosp,2,2025-06-07,37,quantile,0.9,165.867
2025-05-24,wk inc flu hosp,2,2025-06-07,37,quantile,0.95,199.021
2025-05-24,wk inc flu hosp,2,2025-06-07,37,quantile,0.975,224.372
2025-05-24,wk inc flu hosp,2,2025-06-07,37,quantile,0.99,264.702
2025-05-24,wk inc flu hosp,3,2025-06-14,37,quantile,0.01,0.0
2025-05-24,wk inc flu hosp,3,2025-06-14,37,quantile,0.025,0.0
2025-05-24,wk inc flu hosp,3,2025-06-14,37,quantile,0.05,0.0
2025-05-24,wk inc flu hosp,3,2025-06-14,37,quantile,0.1,0.0
2025-05-24,wk inc flu hosp,3,2025-06-14,37,quantile,0.15,0.0
2025-05-24,wk inc flu hosp,3,2025-06-14,37,quantile,0.2,0.0
2025-05-24,wk inc flu hosp,3,2025-06-14,37,quantile,0.25,0.0
2025-05-24,wk inc flu hosp,3,2025-06-14,37,quantile,0.3,5.503
2025-05-24,wk inc flu hosp,3,2025-06-14,37,quantile,0.35,13.568
2025-05-24,wk inc flu hosp,3,2025-06-14,37,quantile,0.4,23.672
2025-05-24,wk inc flu hosp,3,2025-06-14,37,quantile,0.45,32.21
2025-05-24,wk inc flu hosp,3,2025-06-14,37,quantile,0.5,41.624
2025-05-24,wk inc flu hosp,3,2025-06-14,37,quantile,0.55,51.111
2025-05-24,wk inc flu hosp,3,2025-06-14,37,quantile,0.6,61.765
2025-05-24,wk inc flu hosp,3,2025-06-14,37,quantile,0.65,72.68
2025-05-24,wk inc flu hosp,3,2025-06-14,37,quantile,0.7,89.67
2025-05-24,wk inc flu hosp,3,2025-06-14,37,quantile,0.75,105.194
2025-05-24,wk inc flu hosp,3,2025-06-14,37,quantile,0.8,125.625
2025-05-24,wk inc flu hosp,3,2025-06-14,37,quantile,0.85,146.638
2025-05-24,wk inc flu hosp,3,2025-06-14,37,quantile,0.9,173.83
2025-05-24,wk inc flu hosp,3,2025-06-14,37,quantile,0.95,219.016
2025-05-24,wk inc flu hosp,3,2025-06-14,37,quantile,0.975,257.76
2025-05-24,wk inc flu hosp,3,2025-06-14,37,quantile,0.99,290.808
2025-05-24,wk inc flu hosp,0,2025-05-24,38,quantile,0.01,0.0
2025-05-24,wk inc flu hosp,0,2025-05-24,38,quantile,0.025,0.0
2025-05-24,wk inc flu hosp,0,2025-05-24,38,quantile,0.05,0.0
2025-05-24,wk inc flu hosp,0,2025-05-24,38,quantile,0.1,0.0
2025-05-24,wk inc flu hosp,0,2025-05-24,38,quantile,0.15,0.0
2025-05-24,wk inc flu hosp,0,2025-05-24,38,quantile,0.2,0.0
2025-05-24,wk inc flu hosp,0,2025-05-24,38,quantile,0.25,0.915
2025-05-24,wk inc flu hosp,0,2025-05-24,38,quantile,0.3,2.161
2025-05-24,wk inc flu hosp,0,2025-05-24,38,quantile,0.35,3.185
2025-05-24,wk inc flu hosp,0,2025-05-24,38,quantile,0.4,4.047
2025-05-24,wk inc flu hosp,0,2025-05-24,38,quantile,0.45,4.992
2025-05-24,wk inc flu hosp,0,2025-05-24,38,quantile,0.5,6.087
2025-05-24,wk inc flu hosp,0,2025-05-24,38,quantile,0.55,7.1
2025-05-24,wk inc flu hosp,0,2025-05-24,38,quantile,0.6,8.035
2025-05-24,wk inc flu hosp,0,2025-05-24,38,quantile,0.65,9.212
2025-05-24,wk inc flu hosp,0,2025-05-24,38,quantile,0.7,10.536
2025-05-24,wk inc flu hosp,0,2025-05-24,38,quantile,0.75,11.899
2025-05-24,wk inc flu hosp,0,2025-05-24,38,quantile,0.8,13.625
2025-05-24,wk inc flu hosp,0,2025-05-24,38,quantile,0.85,15.349
2025-05-24,wk inc flu hosp,0,2025-05-24,38,quantile,0.9,17.685
2025-05-24,wk inc flu hosp,0,2025-05-24,38,quantile,0.95,21.111
2025-05-24,wk inc flu hosp,0,2025-05-24,38,quantile,0.975,25.602
2025-05-24,wk inc flu hosp,0,2025-05-24,38,quantile,0.99,31.166
2025-05-24,wk inc flu hosp,1,2025-05-31,38,quantile,0.01,0.0
2025-05-24,wk inc flu hosp,1,2025-05-31,38,quantile,0.025,0.0
2025-05-24,wk inc flu hosp,1,2025-05-31,38,quantile,0.05,0.0
2025-05-24,wk inc flu hosp,1,2025-05-31,38,quantile,0.1,0.0
2025-05-24,wk inc flu hosp,1,2025-05-31,38,quantile,0.15,0.0
2025-05-24,wk inc flu hosp,1,2025-05-31,38,quantile,0.2,0.0
2025-05-24,wk inc flu hosp,1,2025-05-31,38,quantile,0.25,0.0
2025-05-24,wk inc flu hosp,1,2025-05-31,38,quantile,0.3,1.208
2025-05-24,wk inc flu hosp,1,2025-05-31,38,quantile,0.35,2.296
2025-05-24,wk inc flu hosp,1,2025-05-31,38,quantile,0.4,3.665
2025-05-24,wk inc flu hosp,1,2025-05-31,38,quantile,0.45,4.949
2025-05-24,wk inc flu hosp,1,2025-05-31,38,quantile,0.5,6.267
2025-05-24,wk inc flu hosp,1,2025-05-31,38,quantile,0.55,8.021
2025-05-24,wk inc flu hosp,1,2025-05-31,38,quantile,0.6,9.695
2025-05-24,wk inc flu hosp,1,2025-05-31,38,quantile,0.65,10.922
2025-05-24,wk inc flu hosp,1,2025-05-31,38,quantile,0.7,12.718
2025-05-24,wk inc flu hosp,1,2025-05-31,38,quantile,0.75,14.422
2025-05-24,wk inc flu hosp,1,2025-05-31,38,quantile,0.8,16.402
2025-05-24,wk inc flu hosp,1,2025-05-31,38,quantile,0.85,19.447
2025-05-24,wk inc flu hosp,1,2025-05-31,38,quantile,0.9,22.773
2025-05-24,wk inc flu hosp,1,2025-05-31,38,quantile,0.95,28.101
2025-05-24,wk inc flu hosp,1,2025-05-31,38,quantile,0.975,33.087
2025-05-24,wk inc flu hosp,1,2025-05-31,38,quantile,0.99,38.094
2025-05-24,wk inc flu hosp,2,2025-06-07,38,quantile,0.01,0.0
2025-05-24,wk inc flu hosp,2,2025-06-07,38,quantile,0.025,0.0
2025-05-24,wk inc flu hosp,2,2025-06-07,38,quantile,0.05,0.0
2025-05-24,wk inc flu hosp,2,2025-06-07,38,quantile,0.1,0.0
2025-05-24,wk inc flu hosp,2,2025-06-07,38,quantile,0.15,0.0
2025-05-24,wk inc flu hosp,2,2025-06-07,38,quantile,0.2,0.0
2025-05-24,wk inc flu hosp,2,2025-06-07,38,quantile,0.25,0.0
2025-05-24,wk inc flu hosp,2,2025-06-07,38,quantile,0.3,1.04
2025-05-24,wk inc flu hosp,2,2025-06-07,38,quantile,0.35,2.7
2025-05-24,wk inc flu hosp,2,2025-06-07,38,quantile,0.4,3.839
2025-05-24,wk inc flu hosp,2,2025-06-07,38,quantile,0.45,5.374
2025-05-24,wk inc flu hosp,2,2025-06-07,38,quantile,0.5,6.84
2025-05-24,wk inc flu hosp,2,2025-06-07,38,quantile,0.55,8.475
2025-05-24,wk inc flu hosp,2,2025-06-07,38,quantile,0.6,9.98
2025-05-24,wk inc flu hosp,2,2025-06-07,38,quantile,0.65,12.104
2025-05-24,wk inc flu hosp,2,2025-06-07,38,quantile,0.7,13.711
2025-05-24,wk inc flu hosp,2,2025-06-07,38,quantile,0.75,16.144
2025-05-24,wk inc flu hosp,2,2025-06-07,38,quantile,0.8,18.347
2025-05-24,wk inc flu hosp,2,2025-06-07,38,quantile,0.85,21.133
2025-05-24,wk inc flu hosp,2,2025-06-07,38,quantile,0.9,24.373
2025-05-24,wk inc flu hosp,2,2025-06-07,38,quantile,0.95,30.647
2025-05-24,wk inc flu hosp,2,2025-06-07,38,quantile,0.975,36.76
2025-05-24,wk inc flu hosp,2,2025-06-07,38,quantile,0.99,42.652
2025-05-24,wk inc flu hosp,3,2025-06-14,38,quantile,0.01,0.0
2025-05-24,wk inc flu hosp,3,2025-06-14,38,quantile,0.025,0.0
2025-05-24,wk inc flu hosp,3,2025-06-14,38,quantile,0.05,0.0
2025-05-24,wk inc flu hosp,3,2025-06-14,38,quantile,0.1,0.0
2025-05-24,wk inc flu hosp,3,2025-06-14,38,quantile,0.15,0.0
2025-05-24,wk inc flu hosp,3,2025-06-14,38,quantile,0.2,0.0
2025-05-24,wk inc flu hosp,3,2025-06-14,38,quantile,0.25,0.0
2025-05-24,wk inc flu hosp,3,2025-06-14,38,quantile,0.3,1.499
2025-05-24,wk inc flu hosp,3,2025-06-14,38,quantile,0.35,3.119
2025-05-24,wk inc flu hosp,3,2025-06-14,38,quantile,0.4,4.95
2025-05-24,wk inc flu hosp,3,2025-06-14,38,quantile,0.45,6.623
2025-05-24,wk inc flu hosp,3,2025-06-14,38,quantile,0.5,8.112
2025-05-24,wk inc flu hosp,3,2025-06-14,38,quantile,0.55,9.655
2025-05-24,wk inc flu hosp,3,2025-06-14,38,quantile,0.6,11.138
2025-05-24,wk inc flu hosp,3,2025-06-14,38,quantile,0.65,12.925
2025-05-24,wk inc flu hosp,3,2025-06-14,38,quantile,0.7,14.758
2025-05-24,wk inc flu hosp,3,2025-06-14,38,quantile,0.75,17.553
2025-05-24,wk inc flu hosp,3,2025-06-14,38,quantile,0.8,20.232
2025-05-24,wk inc flu hosp,3,2025-06-14,38,quantile,0.85,24.096
2025-05-24,wk inc flu hosp,3,2025-06-14,38,quantile,0.9,29.079
2025-05-24,wk inc flu hosp,3,2025-06-14,38,quantile,0.95,34.799
2025-05-24,wk inc flu hosp,3,2025-06-14,38,quantile,0.975,42.788
2025-05-24,wk inc flu hosp,3,2025-06-14,38,quantile,0.99,48.242
2025-05-24,wk inc flu hosp,0,2025-05-24,39,quantile,0.01,0.0
2025-05-24,wk inc flu hosp,0,2025-05-24,39,quantile,0.025,0.0
2025-05-24,wk inc flu hosp,0,2025-05-24,39,quantile,0.05,0.0
2025-05-24,wk inc flu hosp,0,2025-05-24,39,quantile,0.1,0.0
2025-05-24,wk inc flu hosp,0,2025-05-24,39,quantile,0.15,0.0
2025-05-24,wk inc flu hosp,0,2025-05-24,39,quantile,0.2,0.0
2025-05-24,wk inc flu hosp,0,2025-05-24,39,quantile,0.25,0.0
2025-05-24,wk inc flu hosp,0,2025-05-24,39,quantile,0.3,0.0
2025-05-24,wk inc flu hosp,0,2025-05-24,39,quantile,0.35,0.0
2025-05-24,wk inc flu hosp,0,2025-05-24,39,quantile,0.4,4.885
2025-05-24,wk inc flu hosp,0,2025-05-24,39,quantile,0.45,13.577
2025-05-24,wk inc flu hosp,0,2025-05-24,39,quantile,0.5,20.496
2025-05-24,wk inc flu hosp,0,2025-05-24,39,quantile,0.55,27.03
2025-05-24,wk inc flu hosp,0,2025-05-24,39,quantile,0.6,34.668
2025-05-24,wk inc flu hosp,0,2025-05-24,39,quantile,0.65,43.383
2025-05-24,wk inc flu hosp,0,2025-05-24,39,quantile,0.7,50.94
2025-05-24,wk inc flu hosp,0,2025-05-24,39,quantile,0.75,59.296
2025-05-24,wk inc flu hosp,0,2025-05-24,39,quantile,0.8,67.454
2025-05-24,wk inc flu hosp,0,2025-05-24,39,quantile,0.85,79.627
2025-05-24,wk inc flu hosp,0,2025-05-24,39,quantile,0.9,92.799
2025-05-24,wk inc flu hosp,0,2025-05-24,39,quantile,0.95,115.532
2025-05-24,wk inc flu hosp,0,2025-05-24,39,quantile,0.975,135.621
2025-05-24,wk inc flu hosp,0,2025-05-24,39,quantile,0.99,228.213
2025-05-24,wk inc flu hosp,1,2025-05-31,39,quantile,0.01,0.0
2025-05-24,wk inc flu hosp,1,2025-05-31,39,quantile,0.025,0.0
2025-05-24,wk inc flu hosp,1,2025-05-31,39,quantile,0.05,0.0
2025-05-24,wk inc flu hosp,1,2025-05-31,39,quantile,0.1,0.0
2025-05-24,wk inc flu hosp,1,2025-05-31,39,quantile,0.15,0.0
2025-05-24,wk inc flu hosp,1,2025-05-31,39,quantile,0.2,0.0
2025-05-24,wk inc flu hosp,1,2025-05-31,39,quantile,0.25,0.0
2025-05-24,wk inc flu hosp,1,2025-05-31,39,quantile,0.3,0.0
2025-05-24,wk inc flu hosp,1,2025-05-31,39,quantile,0.35,0.791
2025-05-24,wk inc flu hosp,1,2025-05-31,39,quantile,0.4,8.898
2025-05-24,wk inc flu hosp,1,2025-05-31,39,quantile,0.45,16.463
2025-05-24,wk inc flu hosp,1,2025-05-31,39,quantile,0.5,23.792
2025-05-24,wk inc flu hosp,1,2025-05-31,39,quantile,0.55,30.418
2025-05-24,wk inc flu hosp,1,2025-05-31,39,quantile,0.6,39.537
2025-05-24,wk inc flu hosp,1,2025-05-31,39,quantile,0.65,47.106
2025-05-24,wk inc flu hosp,1,2025-05-31,39,quantile,0.7,56.253
2025-05-24,wk inc flu hosp,1,2025-05-31,39,quantile,0.75,63.864
2025-05-24,wk inc flu hosp,1,2025-05-31,39,quantile,0.8,76.502
2025-05-24,wk inc flu hosp,1,2025-05-31,39,quantile,0.85,87.871
2025-05-24,wk inc flu hosp,1,2025-05-31,39,quantile,0.9,107.774
2025-05-24,wk inc flu hosp,1,2025-05-31,39,quantile,0.95,133.687
2025-05-24,wk inc flu hosp,1,2025-05-31,39,quantile,0.975,171.226
2025-05-24,wk inc flu hosp,1,2025-05-31,39,quantile,0.99,212.073
2025-05-24,wk inc flu hosp,2,2025-06-07,39,quantile,0.01,0.0
2025-05-24,wk inc flu hosp,2,2025-06-07,39,quantile,0.025,0.0
2025-05-24,wk inc flu hosp,2,2025-06-07,39,quantile,0.05,0.0
2025-05-24,wk inc flu hosp,2,2025-06-07,39,quantile,0.1,0.0
2025-05-24,wk inc flu hosp,2,2025-06-07,39,quantile,0.15,0.0
2025-05-24,wk inc flu hosp,2,2025-06-07,39,quantile,0.2,0.0
2025-05-24,wk inc flu hosp,2,2025-06-07,39,quantile,0.25,0.0
2025-05-24,wk inc flu hosp,2,2025-06-07,39,quantile,0.3,2.256
2025-05-24,wk inc flu hosp,2,2025-06-07,39,quantile,0.35,8.127
2025-05-24,wk inc flu hosp,2,2025-06-07,39,quantile,0.4,14.411
2025-05-24,wk inc flu hosp,2,2025-06-07,39,quantile,0.45,20.904
2025-05-24,wk inc flu hosp,2,2025-06-07,39,quantile,0.5,27.16
2025-05-24,wk inc flu hosp,2,2025-06-07,39,quantile,0.55,32.448
2025-05-24,wk inc flu hosp,2,2025-06-07,39,quantile,0.6,38.715
2025-05-24,wk inc flu hosp,2,2025-06-07,39,quantile,0.65,44.048
2025-05-24,wk inc flu hosp,2,2025-06-07,39,quantile,0.7,53.888
2025-05-24,wk inc flu hosp,2,2025-06-07,39,quantile,0.75,63.265
2025-05-24,wk inc flu hosp,2,2025-06-07,39,quantile,0.8,74.798
2025-05-24,wk inc flu hosp,2,2025-06-07,39,quantile,0.85,90.371
2025-05-24,wk inc flu hosp,2,2025-06-07,39,quantile,0.9,111.144
2025-05-24,wk inc flu hosp,2,2025-06-07,39,quantile,0.95,141.204
2025-05-24,wk inc flu hosp,2,2025-06-07,39,quantile,0.975,166.358
2025-05-24,wk inc flu hosp,2,2025-06-07,39,quantile,0.99,240.137
2025-05-24,wk inc flu hosp,3,2025-06-14,39,quantile,0.01,0.0
2025-05-24,wk inc flu hosp,3,2025-06-14,39,quantile,0.025,0.0
2025-05-24,wk inc flu hosp,3,2025-06-14,39,quantile,0.05,0.0
2025-05-24,wk inc flu hosp,3,2025-06-14,39,quantile,0.1,0.0
2025-05-24,wk inc flu hosp,3,2025-06-14,39,quantile,0.15,0.0
2025-05-24,wk inc flu hosp,3,2025-06-14,39,quantile,0.2,0.0
2025-05-24,wk inc flu hosp,3,2025-06-14,39,quantile,0.25,0.0
2025-05-24,wk inc flu hosp,3,2025-06-14,39,quantile,0.3,4.051
2025-05-24,wk inc flu hosp,3,2025-06-14,39,quantile,0.35,8.321
2025-05-24,wk inc flu hosp,3,2025-06-14,39,quantile,0.4,13.076
2025-05-24,wk inc flu hosp,3,2025-06-14,39,quantile,0.45,19.195
2025-05-24,wk inc flu hosp,3,2025-06-14,39,quantile,0.5,24.542
2025-05-24,wk inc flu hosp,3,2025-06-14,39,quantile,0.55,29.829
2025-05-24,wk inc flu hosp,3,2025-06-14,39,quantile,0.6,36.706
2025-05-24,wk inc flu hosp,3,2025-06-14,39,quantile,0.65,42.949
2025-05-24,wk inc flu hosp,3,2025-06-14,39,quantile,0.7,51.627
2025-05-24,wk inc flu hosp,3,2025-06-14,39,quantile,0.75,62.137
2025-05-24,wk inc flu hosp,3,2025-06-14,39,quantile,0.8,76.033
2025-05-24,wk inc flu hosp,3,2025-06-14,39,quantile,0.85,93.78
2025-05-24,wk inc flu hosp,3,2025-06-14,39,quantile,0.9,108.904
2025-05-24,wk inc flu hosp,3,2025-06-14,39,quantile,0.95,135.476
2025-05-24,wk inc flu hosp,3,2025-06-14,39,quantile,0.975,171.644
2025-05-24,wk inc flu hosp,3,2025-06-14,39,quantile,0.99,240.39
2025-05-24,wk inc flu hosp,0,2025-05-24,40,quantile,0.01,0.0
2025-05-24,wk inc flu hosp,0,2025-05-24,40,quantile,0.025,0.0
2025-05-24,wk inc flu hosp,0,2025-05-24,40,quantile,0.05,0.0
2025-05-24,wk inc flu hosp,0,2025-05-24,40,quantile,0.1,0.0
2025-05-24,wk inc flu hosp,0,2025-05-24,40,quantile,0.15,0.0
2025-05-24,wk inc flu hosp,0,2025-05-24,40,quantile,0.2,0.0
2025-05-24,wk inc flu hosp,0,2025-05-24,40,quantile,0.25,0.0
2025-05-24,wk inc flu hosp,0,2025-05-24,40,quantile,0.3,0.0
2025-05-24,wk inc flu hosp,0,2025-05-24,40,quantile,0.35,0.0
2025-05-24,wk inc flu hosp,0,2025-05-24,40,quantile,0.4,0.0
2025-05-24,wk inc flu hosp,0,2025-05-24,40,quantile,0.45,0.0
2025-05-24,wk inc flu hosp,0,2025-05-24,40,quantile,0.5,0.0
2025-05-24,wk inc flu hosp,0,2025-05-24,40,quantile,0.55,4.616
2025-05-24,wk inc flu hosp,0,2025-05-24,40,quantile,0.6,14.406
2025-05-24,wk inc flu hosp,0,2025-05-24,40,quantile,0.65,24.624
2025-05-24,wk inc flu hosp,0,2025-05-24,40,quantile,0.7,37.032
2025-05-24,wk inc flu hosp,0,2025-05-24,40,quantile,0.75,46.797
2025-05-24,wk inc flu hosp,0,2025-05-24,40,quantile,0.8,57.798
2025-05-24,wk inc flu hosp,0,2025-05-24,40,quantile,0.85,75.78
2025-05-24,wk inc flu hosp,0,2025-05-24,40,quantile,0.9,98.992
2025-05-24,wk inc flu hosp,0,2025-05-24,40,quantile,0.95,126.156
2025-05-24,wk inc flu hosp,0,2025-05-24,40,quantile,0.975,160.956
2025-05-24,wk inc flu hosp,0,2025-05-24,40,quantile,0.99,191.254
2025-05-24,wk inc flu hosp,1,2025-05-31,40,quantile,0.01,0.0
2025-05-24,wk inc flu hosp,1,2025-05-31,40,quantile,0.025,0.0
2025-05-24,wk inc flu hosp,1,2025-05-31,40,quantile,0.05,0.0
2025-05-24,wk inc flu hosp,1,2025-05-31,40,quantile,0.1,0.0
2025-05-24,wk inc flu hosp,1,2025-05-31,40,quantile,0.15,0.0
2025-05-24,wk inc flu hosp,1,2025-05-31,40,quantile,0.2,0.0
2025-05-24,wk inc flu hosp,1,2025-05-31,40,quantile,0.25,0.0
2025-05-24,wk inc flu hosp,1,2025-05-31,40,quantile,0.3,0.0
2025-05-24,wk inc flu hosp,1,2025-05-31,40,quantile,0.35,0.0
2025-05-24,wk inc flu hosp,1,2025-05-31,40,quantile,0.4,0.0
2025-05-24,wk inc flu hosp,1,2025-05-31,40,quantile,0.45,2.397
2025-05-24,wk inc flu hosp,1,2025-05-31,40,quantile,0.5,15.285
2025-05-24,wk inc flu hosp,1,2025-05-31,40,quantile,0.55,25.431
2025-05-24,wk inc flu hosp,1,2025-05-31,40,quantile,0.6,37.451
2025-05-24,wk inc flu hosp,1,2025-05-31,40,quantile,0.65,47.694
2025-05-24,wk inc flu hosp,1,2025-05-31,40,quantile,0.7,58.956
2025-05-24,wk inc flu hosp,1,2025-05-31,40,quantile,0.75,72.397
2025-05-24,wk inc flu hosp,1,2025-05-31,40,quantile,0.8,85.123
2025-05-24,wk inc flu hosp,1,2025-05-31,40,quantile,0.85,106.548
2025-05-24,wk inc flu hosp,1,2025-05-31,40,quantile,0.9,125.489
2025-05-24,wk inc flu hosp,1,2025-05-31,40,quantile,0.95,161.749
2025-05-24,wk inc flu hosp,1,2025-05-31,40,quantile,0.975,187.326
2025-05-24,wk inc flu hosp,1,2025-05-31,40,quantile,0.99,244.932
2025-05-24,wk inc flu hosp,2,2025-06-07,40,quantile,0.01,0.0
2025-05-24,wk inc flu hosp,2,2025-06-07,40,quantile,0.025,0.0
2025-05-24,wk inc flu hosp,2,2025-06-07,40,quantile,0.05,0.0
2025-05-24,wk inc flu hosp,2,2025-06-07,40,quantile,0.1,0.0
2025-05-24,wk inc flu hosp,2,2025-06-07,40,quantile,0.15,0.0
2025-05-24,wk inc flu hosp,2,2025-06-07,40,quantile,0.2,0.0
2025-05-24,wk inc flu hosp,2,2025-06-07,40,quantile,0.25,0.0
2025-05-24,wk inc flu hosp,2,2025-06-07,40,quantile,0.3,0.0
2025-05-24,wk inc flu hosp,2,2025-06-07,40,quantile,0.35,4.4
2025-05-24,wk inc flu hosp,2,2025-06-07,40,quantile,0.4,12.571
2025-05-24,wk inc flu hosp,2,2025-06-07,40,quantile,0.45,22.59
2025-05-24,wk inc flu hosp,2,2025-06-07,40,quantile,0.5,33.811
2025-05-24,wk inc flu hosp,2,2025-06-07,40,quantile,0.55,42.631
2025-05-24,wk inc flu hosp,2,2025-06-07,40,quantile,0.6,52.294
2025-05-24,wk inc flu hosp,2,2025-06-07,40,quantile,0.65,64.652
2025-05-24,wk inc flu hosp,2,2025-06-07,40,quantile,0.7,73.628
2025-05-24,wk inc flu hosp,2,2025-06-07,40,quantile,0.75,86.927
2025-05-24,wk inc flu hosp,2,2025-06-07,40,quantile,0.8,104.322
2025-05-24,wk inc flu hosp,2,2025-06-07,40,quantile,0.85,120.074
2025-05-24,wk inc flu hosp,2,2025-06-07,40,quantile,0.9,149.841
2025-05-24,wk inc flu hosp,2,2025-06-07,40,quantile,0.95,187.223
2025-05-24,wk inc flu hosp,2,2025-06-07,40,quantile,0.975,208.42
2025-05-24,wk inc flu hosp,2,2025-06-07,40,quantile,0.99,277.182
2025-05-24,wk inc flu hosp,3,2025-06-14,40,quantile,0.01,0.0
2025-05-24,wk inc flu hosp,3,2025-06-14,40,quantile,0.025,0.0
2025-05-24,wk inc flu hosp,3,2025-06-14,40,quantile,0.05,0.0
2025-05-24,wk inc flu hosp,3,2025-06-14,40,quantile,0.1,0.0
2025-05-24,wk inc flu hosp,3,2025-06-14,40,quantile,0.15,0.0
2025-05-24,wk inc flu hosp,3,2025-06-14,40,quantile,0.2,0.0
2025-05-24,wk inc flu hosp,3,2025-06-14,40,quantile,0.25,0.0
2025-05-24,wk inc flu hosp,3,2025-06-14,40,quantile,0.3,4.452
2025-05-24,wk inc flu hosp,3,2025-06-14,40,quantile,0.35,14.316
2025-05-24,wk inc flu hosp,3,2025-06-14,40,quantile,0.4,20.663
2025-05-24,wk inc flu hosp,3,2025-06-14,40,quantile,0.45,30.696
2025-05-24,wk inc flu hosp,3,2025-06-14,40,quantile,0.5,39.754
2025-05-24,wk inc flu hosp,3,2025-06-14,40,quantile,0.55,50.426
2025-05-24,wk inc flu hosp,3,2025-06-14,40,quantile,0.6,62.27
2025-05-24,wk inc flu hosp,3,2025-06-14,40,quantile,0.65,71.886
2025-05-24,wk inc flu hosp,3,2025-06-14,40,quantile,0.7,86.841
2025-05-24,wk inc flu hosp,3,2025-06-14,40,quantile,0.75,98.705
2025-05-24,wk inc flu hosp,3,2025-06-14,40,quantile,0.8,115.161
2025-05-24,wk inc flu hosp,3,2025-06-14,40,quantile,0.85,139.531
2025-05-24,wk inc flu hosp,3,2025-06-14,40,quantile,0.9,162.067
2025-05-24,wk inc flu hosp,3,2025-06-14,40,quantile,0.95,213.065
2025-05-24,wk inc flu hosp,3,2025-06-14,40,quantile,0.975,247.598
2025-05-24,wk inc flu hosp,3,2025-06-14,40,quantile,0.99,291.227
2025-05-24,wk inc flu hosp,0,2025-05-24,41,quantile,0.01,0.0
2025-05-24,wk inc flu hosp,0,2025-05-24,41,quantile,0.025,0.0
2025-05-24,wk inc flu hosp,0,2025-05-24,41,quantile,0.05,0.0
2025-05-24,wk inc flu hosp,0,2025-05-24,41,quantile,0.1,0.0
2025-05-24,wk inc flu hosp,0,2025-05-24,41,quantile,0.15,0.0
2025-05-24,wk inc flu hosp,0,2025-05-24,41,quantile,0.2,0.0
2025-05-24,wk inc flu hosp,0,2025-05-24,41,quantile,0.25,0.0
2025-05-24,wk inc flu hosp,0,2025-05-24,41,quantile,0.3,0.469
2025-05-24,wk inc flu hosp,0,2025-05-24,41,quantile,0.35,3.217
2025-05-24,wk inc flu hosp,0,2025-05-24,41,quantile,0.4,5.209
2025-05-24,wk inc flu hosp,0,2025-05-24,41,quantile,0.45,7.153
2025-05-24,wk inc flu hosp,0,2025-05-24,41,quantile,0.5,9.798
2025-05-24,wk inc flu hosp,0,2025-05-24,41,quantile,0.55,11.618
2025-05-24,wk inc flu hosp,0,2025-05-24,41,quantile,0.6,13.384
2025-05-24,wk inc flu hosp,0,2025-05-24,41,quantile,0.65,15.036
2025-05-24,wk inc flu hosp,0,2025-05-24,41,quantile,0.7,17.35
2025-05-24,wk inc flu hosp,0,2025-05-24,41,quantile,0.75,20.226
2025-05-24,wk inc flu hosp,0,2025-05-24,41,quantile,0.8,22.92
2025-05-24,wk inc flu hosp,0,2025-05-24,41,quantile,0.85,26.339
2025-05-24,wk inc flu hosp,0,2025-05-24,41,quantile,0.9,29.147
2025-05-24,wk inc flu hosp,0,2025-05-24,41,quantile,0.95,35.474
2025-05-24,wk inc flu hosp,0,2025-05-24,41,quantile,0.975,40.582
2025-05-24,wk inc flu hosp,0,2025-05-24,41,quantile,0.99,45.891
2025-05-24,wk inc flu hosp,1,2025-05-31,41,quantile,0.01,0.0
2025-05-24,wk inc flu hosp,1,2025-05-31,41,quantile,0.025,0.0
2025-05-24,wk inc flu hosp,1,2025-05-31,41,quantile,0.05,0.0
2025-05-24,wk inc flu hosp,1,2025-05-31,41,quantile,0.1,0.0
2025-05-24,wk inc flu hosp,1,2025-05-31,41,quantile,0.15,0.0
2025-05-24,wk inc flu hosp,1,2025-05-31,41,quantile,0.2,0.0
2025-05-24,wk inc flu hosp,1,2025-05-31,41,quantile,0.25,0.0
2025-05-24,wk inc flu hosp,1,2025-05-31,41,quantile,0.3,0.0
2025-05-24,wk inc flu hosp,1,2025-05-31,41,quantile,0.35,1.46
2025-05-24,wk inc flu hosp,1,2025-05-31,41,quantile,0.4,4.584
2025-05-24,wk inc flu hosp,1,2025-05-31,41,quantile,0.45,6.667
2025-05-24,wk inc flu hosp,1,2025-05-31,41,quantile,0.5,9.415
2025-05-24,wk inc flu hosp,1,2025-05-31,41,quantile,0.55,11.739
2025-05-24,wk inc flu hosp,1,2025-05-31,41,quantile,0.6,14.09
2025-05-24,wk inc flu hosp,1,2025-05-31,41,quantile,0.65,17.337
2025-05-24,wk inc flu hosp,1,2025-05-31,41,quantile,0.7,20.109
2025-05-24,wk inc flu hosp,1,2025-05-31,41,quantile,0.75,23.57
2025-05-24,wk inc flu hosp,1,2025-05-31,41,quantile,0.8,26.808
2025-05-24,wk inc flu hosp,1,2025-05-31,41,quantile,0.85,30.796
2025-05-24,wk inc flu hosp,1,2025-05-31,41,quantile,0.9,35.492
2025-05-24,wk inc flu hosp,1,2025-05-31,41,quantile,0.95,44.803
2025-05-24,wk inc flu hosp,1,2025-05-31,41,quantile,0.975,51.544
2025-05-24,wk inc flu hosp,1,2025-05-31,41,quantile,0.99,59.615
2025-05-24,wk inc flu hosp,2,2025-06-07,41,quantile,0.01,0.0
2025-05-24,wk inc flu hosp,2,2025-06-07,41,quantile,0.025,0.0
2025-05-24,wk inc flu hosp,2,2025-06-07,41,quantile,0.05,0.0
2025-05-24,wk inc flu hosp,2,2025-06-07,41,quantile,0.1,0.0
2025-05-24,wk inc flu hosp,2,2025-06-07,41,quantile,0.15,0.0
2025-05-24,wk inc flu hosp,2,2025-06-07,41,quantile,0.2,0.0
2025-05-24,wk inc flu hosp,2,2025-06-07,41,quantile,0.25,0.0
2025-05-24,wk inc flu hosp,2,2025-06-07,41,quantile,0.3,1.36
2025-05-24,wk inc flu hosp,2,2025-06-07,41,quantile,0.35,5.709
2025-05-24,wk inc flu hosp,2,2025-06-07,41,quantile,0.4,8.406
2025-05-24,wk inc flu hosp,2,2025-06-07,41,quantile,0.45,10.57
2025-05-24,wk inc flu hosp,2,2025-06-07,41,quantile,0.5,13.103
2025-05-24,wk inc flu hosp,2,2025-06-07,41,quantile,0.55,15.915
2025-05-24,wk inc flu hosp,2,2025-06-07,41,quantile,0.6,19.405
2025-05-24,wk inc flu hosp,2,2025-06-07,41,quantile,0.65,22.423
2025-05-24,wk inc flu hosp,2,2025-06-07,41,quantile,0.7,25.316
2025-05-24,wk inc flu hosp,2,2025-06-07,41,quantile,0.75,29.193
2025-05-24,wk inc flu hosp,2,2025-06-07,41,quantile,0.8,33.822
2025-05-24,wk inc flu hosp,2,2025-06-07,41,quantile,0.85,41.011
2025-05-24,wk inc flu hosp,2,2025-06-07,41,quantile,0.9,47.35
2025-05-24,wk inc flu hosp,2,2025-06-07,41,quantile,0.95,59.149
2025-05-24,wk inc flu hosp,2,2025-06-07,41,quantile,0.975,68.102
2025-05-24,wk inc flu hosp,2,2025-06-07,41,quantile,0.99,77.118
2025-05-24,wk inc flu hosp,3,2025-06-14,41,quantile,0.01,0.0
2025-05-24,wk inc flu hosp,3,2025-06-14,41,quantile,0.025,0.0
2025-05-24,wk inc flu hosp,3,2025-06-14,41,quantile,0.05,0.0
2025-05-24,wk inc flu hosp,3,2025-06-14,41,quantile,0.1,0.0
2025-05-24,wk inc flu hosp,3,2025-06-14,41,quantile,0.15,0.0
2025-05-24,wk inc flu hosp,3,2025-06-14,41,quantile,0.2,0.0
2025-05-24,wk inc flu hosp,3,2025-06-14,41,quantile,0.25,0.184
2025-05-24,wk inc flu hosp,3,2025-06-14,41,quantile,0.3,2.966
2025-05-24,wk inc flu hosp,3,2025-06-14,41,quantile,0.35,5.935
2025-05-24,wk inc flu hosp,3,2025-06-14,41,quantile,0.4,8.956
2025-05-24,wk inc flu hosp,3,2025-06-14,41,quantile,0.45,12.043
2025-05-24,wk inc flu hosp,3,2025-06-14,41,quantile,0.5,15.734
2025-05-24,wk inc flu hosp,3,2025-06-14,41,quantile,0.55,19.244
2025-05-24,wk inc flu hosp,3,2025-06-14,41,quantile,0.6,22.816
2025-05-24,wk inc flu hosp,3,2025-06-14,41,quantile,0.65,25.749
2025-05-24,wk inc flu hosp,3,2025-06-14,41,quantile,0.7,29.972
2025-05-24,wk inc flu hosp,3,2025-06-14,41,quantile,0.75,34.798
2025-05-24,wk inc flu hosp,3,2025-06-14,41,quantile,0.8,38.506
2025-05-24,wk inc flu hosp,3,2025-06-14,41,quantile,0.85,44.507
2025-05-24,wk inc flu hosp,3,2025-06-14,41,quantile,0.9,53.786
2025-05-24,wk inc flu hosp,3,2025-06-14,41,quantile,0.95,68.63
2025-05-24,wk inc flu hosp,3,2025-06-14,41,quantile,0.975,79.633
2025-05-24,wk inc flu hosp,3,2025-06-14,41,quantile,0.99,86.941
2025-05-24,wk inc flu hosp,0,2025-05-24,42,quantile,0.01,0.0
2025-05-24,wk inc flu hosp,0,2025-05-24,42,quantile,0.025,0.0
2025-05-24,wk inc flu hosp,0,2025-05-24,42,quantile,0.05,0.0
2025-05-24,wk inc flu hosp,0,2025-05-24,42,quantile,0.1,0.0
2025-05-24,wk inc flu hosp,0,2025-05-24,42,quantile,0.15,17.041
2025-05-24,wk inc flu hosp,0,2025-05-24,42,quantile,0.2,39.657
2025-05-24,wk inc flu hosp,0,2025-05-24,42,quantile,0.25,58.789
2025-05-24,wk inc flu hosp,0,2025-05-24,42,quantile,0.3,77.899
2025-05-24,wk inc flu hosp,0,2025-05-24,42,quantile,0.35,92.091
2025-05-24,wk inc flu hosp,0,2025-05-24,42,quantile,0.4,105.315
2025-05-24,wk inc flu hosp,0,2025-05-24,42,quantile,0.45,116.925
2025-05-24,wk inc flu hosp,0,2025-05-24,42,quantile,0.5,132.243
2025-05-24,wk inc flu hosp,0,2025-05-24,42,quantile,0.55,143.114
2025-05-24,wk inc flu hosp,0,2025-05-24,42,quantile,0.6,155.942
2025-05-24,wk inc flu hosp,0,2025-05-24,42,quantile,0.65,167.214
2025-05-24,wk inc flu hosp,0,2025-05-24,42,quantile,0.7,179.686
2025-05-24,wk inc flu hosp,0,2025-05-24,42,quantile,0.75,196.634
2025-05-24,wk inc flu hosp,0,2025-05-24,42,quantile,0.8,212.192
2025-05-24,wk inc flu hosp,0,2025-05-24,42,quantile,0.85,227.305
2025-05-24,wk inc flu hosp,0,2025-05-24,42,quantile,0.9,257.161
2025-05-24,wk inc flu hosp,0,2025-05-24,42,quantile,0.95,291.989
2025-05-24,wk inc flu hosp,0,2025-05-24,42,quantile,0.975,326.768
2025-05-24,wk inc flu hosp,0,2025-05-24,42,quantile,0.99,415.909
2025-05-24,wk inc flu hosp,1,2025-05-31,42,quantile,0.01,0.0
2025-05-24,wk inc flu hosp,1,2025-05-31,42,quantile,0.025,0.0
2025-05-24,wk inc flu hosp,1,2025-05-31,42,quantile,0.05,0.0
2025-05-24,wk inc flu hosp,1,2025-05-31,42,quantile,0.1,0.0
2025-05-24,wk inc flu hosp,1,2025-05-31,42,quantile,0.15,0.0
2025-05-24,wk inc flu hosp,1,2025-05-31,42,quantile,0.2,0.0
2025-05-24,wk inc flu hosp,1,2025-05-31,42,quantile,0.25,24.072
2025-05-24,wk inc flu hosp,1,2025-05-31,42,quantile,0.3,41.465
2025-05-24,wk inc flu hosp,1,2025-05-31,42,quantile,0.35,62.419
2025-05-24,wk inc flu hosp,1,2025-05-31,42,quantile,0.4,79.415
2025-05-24,wk inc flu hosp,1,2025-05-31,42,quantile,0.45,96.618
2025-05-24,wk inc flu hosp,1,2025-05-31,42,quantile,0.5,115.301
2025-05-24,wk inc flu hosp,1,2025-05-31,42,quantile,0.55,131.119
2025-05-24,wk inc flu hosp,1,2025-05-31,42,quantile,0.6,148.719
2025-05-24,wk inc flu hosp,1,2025-05-31,42,quantile,0.65,168.445
2025-05-24,wk inc flu hosp,1,2025-05-31,42,quantile,0.7,187.275
2025-05-24,wk inc flu hosp,1,2025-05-31,42,quantile,0.75,206.454
2025-05-24,wk inc flu hosp,1,2025-05-31,42,quantile,0.8,233.366
2025-05-24,wk inc flu hosp,1,2025-05-31,42,quantile,0.85,260.909
2025-05-24,wk inc flu hosp,1,2025-05-31,42,quantile,0.9,293.177
2025-05-24,wk inc flu hosp,1,2025-05-31,42,quantile,0.95,347.714
2025-05-24,wk inc flu hosp,1,2025-05-31,42,quantile,0.975,417.878
2025-05-24,wk inc flu hosp,1,2025-05-31,42,quantile,0.99,477.266
2025-05-24,wk inc flu hosp,2,2025-06-07,42,quantile,0.01,0.0
2025-05-24,wk inc flu hosp,2,2025-06-07,42,quantile,0.025,0.0
2025-05-24,wk inc flu hosp,2,2025-06-07,42,quantile,0.05,0.0
2025-05-24,wk inc flu hosp,2,2025-06-07,42,quantile,0.1,0.0
2025-05-24,wk inc flu hosp,2,2025-06-07,42,quantile,0.15,0.0
2025-05-24,wk inc flu hosp,2,2025-06-07,42,quantile,0.2,0.0
2025-05-24,wk inc flu hosp,2,2025-06-07,42,quantile,0.25,0.0
2025-05-24,wk inc flu hosp,2,2025-06-07,42,quantile,0.3,14.601
2025-05-24,wk inc flu hosp,2,2025-06-07,42,quantile,0.35,34.161
2025-05-24,wk inc flu hosp,2,2025-06-07,42,quantile,0.4,52.371
2025-05-24,wk inc flu hosp,2,2025-06-07,42,quantile,0.45,73.385
2025-05-24,wk inc flu hosp,2,2025-06-07,42,quantile,0.5,92.289
2025-05-24,wk inc flu hosp,2,2025-06-07,42,quantile,0.55,112.992
2025-05-24,wk inc flu hosp,2,2025-06-07,42,quantile,0.6,130.318
2025-05-24,wk inc flu hosp,2,2025-06-07,42,quantile,0.65,155.387
2025-05-24,wk inc flu hosp,2,2025-06-07,42,quantile,0.7,173.033
2025-05-24,wk inc flu hosp,2,2025-06-07,42,quantile,0.75,193.497
2025-05-24,wk inc flu hosp,2,2025-06-07,42,quantile,0.8,221.529
2025-05-24,wk inc flu hosp,2,2025-06-07,42,quantile,0.85,254.602
2025-05-24,wk inc flu hosp,2,2025-06-07,42,quantile,0.9,303.761
2025-05-24,wk inc flu hosp,2,2025-06-07,42,quantile,0.95,370.713
2025-05-24,wk inc flu hosp,2,2025-06-07,42,quantile,0.975,430.965
2025-05-24,wk inc flu hosp,2,2025-06-07,42,quantile,0.99,506.972
2025-05-24,wk inc flu hosp,3,2025-06-14,42,quantile,0.01,0.0
2025-05-24,wk inc flu hosp,3,2025-06-14,42,quantile,0.025,0.0
2025-05-24,wk inc flu hosp,3,2025-06-14,42,quantile,0.05,0.0
2025-05-24,wk inc flu hosp,3,2025-06-14,42,quantile,0.1,0.0
2025-05-24,wk inc flu hosp,3,2025-06-14,42,quantile,0.15,0.0
2025-05-24,wk inc flu hosp,3,2025-06-14,42,quantile,0.2,0.0
2025-05-24,wk inc flu hosp,3,2025-06-14,42,quantile,0.25,0.0
2025-05-24,wk inc flu hosp,3,2025-06-14,42,quantile,0.3,5.663
2025-05-24,wk inc flu hosp,3,2025-06-14,42,quantile,0.35,21.946
2025-05-24,wk inc flu hosp,3,2025-06-14,42,quantile,0.4,39.894
2025-05-24,wk inc flu hosp,3,2025-06-14,42,quantile,0.45,59.985
2025-05-24,wk inc flu hosp,3,2025-06-14,42,quantile,0.5,78.017
2025-05-24,wk inc flu hosp,3,2025-06-14,42,quantile,0.55,93.319
2025-05-24,wk inc flu hosp,3,2025-06-14,42,quantile,0.6,115.861
2025-05-24,wk inc flu hosp,3,2025-06-14,42,quantile,0.65,137.816
2025-05-24,wk inc flu hosp,3,2025-06-14,42,quantile,0.7,165.83
2025-05-24,wk inc flu hosp,3,2025-06-14,42,quantile,0.75,191.466
2025-05-24,wk inc flu hosp,3,2025-06-14,42,quantile,0.8,219.699
2025-05-24,wk inc flu hosp,3,2025-06-14,42,quantile,0.85,254.279
2025-05-24,wk inc flu hosp,3,2025-06-14,42,quantile,0.9,301.426
2025-05-24,wk inc flu hosp,3,2025-06-14,42,quantile,0.95,369.972
2025-05-24,wk inc flu hosp,3,2025-06-14,42,quantile,0.975,445.127
2025-05-24,wk inc flu hosp,3,2025-06-14,42,quantile,0.99,529.358
2025-05-24,wk inc flu hosp,0,2025-05-24,44,quantile,0.01,0.0
2025-05-24,wk inc flu hosp,0,2025-05-24,44,quantile,0.025,0.0
2025-05-24,wk inc flu hosp,0,2025-05-24,44,quantile,0.05,0.0
2025-05-24,wk inc flu hosp,0,2025-05-24,44,quantile,0.1,0.0
2025-05-24,wk inc flu hosp,0,2025-05-24,44,quantile,0.15,0.0
2025-05-24,wk inc flu hosp,0,2025-05-24,44,quantile,0.2,0.0
2025-05-24,wk inc flu hosp,0,2025-05-24,44,quantile,0.25,0.0
2025-05-24,wk inc flu hosp,0,2025-05-24,44,quantile,0.3,0.0
2025-05-24,wk inc flu hosp,0,2025-05-24,44,quantile,0.35,0.0
2025-05-24,wk inc flu hosp,0,2025-05-24,44,quantile,0.4,0.0
2025-05-24,wk inc flu hosp,0,2025-05-24,44,quantile,0.45,0.398
2025-05-24,wk inc flu hosp,0,2025-05-24,44,quantile,0.5,0.931
2025-05-24,wk inc flu hosp,0,2025-05-24,44,quantile,0.55,1.309
2025-05-24,wk inc flu hosp,0,2025-05-24,44,quantile,0.6,1.826
2025-05-24,wk inc flu hosp,0,2025-05-24,44,quantile,0.65,2.241
2025-05-24,wk inc flu hosp,0,2025-05-24,44,quantile,0.7,2.702
2025-05-24,wk inc flu hosp,0,2025-05-24,44,quantile,0.75,3.178
2025-05-24,wk inc flu hosp,0,2025-05-24,44,quantile,0.8,3.603
2025-05-24,wk inc flu hosp,0,2025-05-24,44,quantile,0.85,4.11
2025-05-24,wk inc flu hosp,0,2025-05-24,44,quantile,0.9,5.025
2025-05-24,wk inc flu hosp,0,2025-05-24,44,quantile,0.95,6.124
2025-05-24,wk inc flu hosp,0,2025-05-24,44,quantile,0.975,7.416
2025-05-24,wk inc flu hosp,0,2025-05-24,44,quantile,0.99,9.241
2025-05-24,wk inc flu hosp,1,2025-05-31,44,quantile,0.01,0.0
2025-05-24,wk inc flu hosp,1,2025-05-31,44,quantile,0.025,0.0
2025-05-24,wk inc flu hosp,1,2025-05-31,44,quantile,0.05,0.0
2025-05-24,wk inc flu hosp,1,2025-05-31,44,quantile,0.1,0.0
2025-05-24,wk inc flu hosp,1,2025-05-31,44,quantile,0.15,0.0
2025-05-24,wk inc flu hosp,1,2025-05-31,44,quantile,0.2,0.0
2025-05-24,wk inc flu hosp,1,2025-05-31,44,quantile,0.25,0.0
2025-05-24,wk inc flu hosp,1,2025-05-31,44,quantile,0.3,0.0
2025-05-24,wk inc flu hosp,1,2025-05-31,44,quantile,0.35,0.0
2025-05-24,wk inc flu hosp,1,2025-05-31,44,quantile,0.4,0.0
2025-05-24,wk inc flu hosp,1,2025-05-31,44,quantile,0.45,0.422
2025-05-24,wk inc flu hosp,1,2025-05-31,44,quantile,0.5,0.873
2025-05-24,wk inc flu hosp,1,2025-05-31,44,quantile,0.55,1.266
2025-05-24,wk inc flu hosp,1,2025-05-31,44,quantile,0.6,1.673
2025-05-24,wk inc flu hosp,1,2025-05-31,44,quantile,0.65,2.213
2025-05-24,wk inc flu hosp,1,2025-05-31,44,quantile,0.7,2.689
2025-05-24,wk inc flu hosp,1,2025-05-31,44,quantile,0.75,3.257
2025-05-24,wk inc flu hosp,1,2025-05-31,44,quantile,0.8,3.969
2025-05-24,wk inc flu hosp,1,2025-05-31,44,quantile,0.85,4.994
2025-05-24,wk inc flu hosp,1,2025-05-31,44,quantile,0.9,6.065
2025-05-24,wk inc flu hosp,1,2025-05-31,44,quantile,0.95,7.653
2025-05-24,wk inc flu hosp,1,2025-05-31,44,quantile,0.975,9.227
2025-05-24,wk inc flu hosp,1,2025-05-31,44,quantile,0.99,11.217
2025-05-24,wk inc flu hosp,2,2025-06-07,44,quantile,0.01,0.0
2025-05-24,wk inc flu hosp,2,2025-06-07,44,quantile,0.025,0.0
2025-05-24,wk inc flu hosp,2,2025-06-07,44,quantile,0.05,0.0
2025-05-24,wk inc flu hosp,2,2025-06-07,44,quantile,0.1,0.0
2025-05-24,wk inc flu hosp,2,2025-06-07,44,quantile,0.15,0.0
2025-05-24,wk inc flu hosp,2,2025-06-07,44,quantile,0.2,0.0
2025-05-24,wk inc flu hosp,2,2025-06-07,44,quantile,0.25,0.0
2025-05-24,wk inc flu hosp,2,2025-06-07,44,quantile,0.3,0.0
2025-05-24,wk inc flu hosp,2,2025-06-07,44,quantile,0.35,0.0
2025-05-24,wk inc flu hosp,2,2025-06-07,44,quantile,0.4,0.34
2025-05-24,wk inc flu hosp,2,2025-06-07,44,quantile,0.45,0.648
2025-05-24,wk inc flu hosp,2,2025-06-07,44,quantile,0.5,1.047
2025-05-24,wk inc flu hosp,2,2025-06-07,44,quantile,0.55,1.402
2025-05-24,wk inc flu hosp,2,2025-06-07,44,quantile,0.6,1.846
2025-05-24,wk inc flu hosp,2,2025-06-07,44,quantile,0.65,2.277
2025-05-24,wk inc flu hosp,2,2025-06-07,44,quantile,0.7,2.728
2025-05-24,wk inc flu hosp,2,2025-06-07,44,quantile,0.75,3.428
2025-05-24,wk inc flu hosp,2,2025-06-07,44,quantile,0.8,4.126
2025-05-24,wk inc flu hosp,2,2025-06-07,44,quantile,0.85,5.064
2025-05-24,wk inc flu hosp,2,2025-06-07,44,quantile,0.9,6.118
2025-05-24,wk inc flu hosp,2,2025-06-07,44,quantile,0.95,7.503
2025-05-24,wk inc flu hosp,2,2025-06-07,44,quantile,0.975,9.004
2025-05-24,wk inc flu hosp,2,2025-06-07,44,quantile,0.99,11.603
2025-05-24,wk inc flu hosp,3,2025-06-14,44,quantile,0.01,0.0
2025-05-24,wk inc flu hosp,3,2025-06-14,44,quantile,0.025,0.0
2025-05-24,wk inc flu hosp,3,2025-06-14,44,quantile,0.05,0.0
2025-05-24,wk inc flu hosp,3,2025-06-14,44,quantile,0.1,0.0
2025-05-24,wk inc flu hosp,3,2025-06-14,44,quantile,0.15,0.0
2025-05-24,wk inc flu hosp,3,2025-06-14,44,quantile,0.2,0.0
2025-05-24,wk inc flu hosp,3,2025-06-14,44,quantile,0.25,0.0
2025-05-24,wk inc flu hosp,3,2025-06-14,44,quantile,0.3,0.224
2025-05-24,wk inc flu hosp,3,2025-06-14,44,quantile,0.35,0.561
2025-05-24,wk inc flu hosp,3,2025-06-14,44,quantile,0.4,0.878
2025-05-24,wk inc flu hosp,3,2025-06-14,44,quantile,0.45,1.217
2025-05-24,wk inc flu hosp,3,2025-06-14,44,quantile,0.5,1.489
2025-05-24,wk inc flu hosp,3,2025-06-14,44,quantile,0.55,1.918
2025-05-24,wk inc flu hosp,3,2025-06-14,44,quantile,0.6,2.276
2025-05-24,wk inc flu hosp,3,2025-06-14,44,quantile,0.65,2.638
2025-05-24,wk inc flu hosp,3,2025-06-14,44,quantile,0.7,3.188
2025-05-24,wk inc flu hosp,3,2025-06-14,44,quantile,0.75,3.851
2025-05-24,wk inc flu hosp,3,2025-06-14,44,quantile,0.8,4.496
2025-05-24,wk inc flu hosp,3,2025-06-14,44,quantile,0.85,5.383
2025-05-24,wk inc flu hosp,3,2025-06-14,44,quantile,0.9,6.494
2025-05-24,wk inc flu hosp,3,2025-06-14,44,quantile,0.95,8.074
2025-05-24,wk inc flu hosp,3,2025-06-14,44,quantile,0.975,9.837
2025-05-24,wk inc flu hosp,3,2025-06-14,44,quantile,0.99,11.973
2025-05-24,wk inc flu hosp,0,2025-05-24,45,quantile,0.01,0.0
2025-05-24,wk inc flu hosp,0,2025-05-24,45,quantile,0.025,0.0
2025-05-24,wk inc flu hosp,0,2025-05-24,45,quantile,0.05,0.0
2025-05-24,wk inc flu hosp,0,2025-05-24,45,quantile,0.1,0.0
2025-05-24,wk inc flu hosp,0,2025-05-24,45,quantile,0.15,0.0
2025-05-24,wk inc flu hosp,0,2025-05-24,45,quantile,0.2,0.0
2025-05-24,wk inc flu hosp,0,2025-05-24,45,quantile,0.25,1.403
2025-05-24,wk inc flu hosp,0,2025-05-24,45,quantile,0.3,3.04
2025-05-24,wk inc flu hosp,0,2025-05-24,45,quantile,0.35,4.573
2025-05-24,wk inc flu hosp,0,2025-05-24,45,quantile,0.4,5.924
2025-05-24,wk inc flu hosp,0,2025-05-24,45,quantile,0.45,6.986
2025-05-24,wk inc flu hosp,0,2025-05-24,45,quantile,0.5,7.856
2025-05-24,wk inc flu hosp,0,2025-05-24,45,quantile,0.55,9.01
2025-05-24,wk inc flu hosp,0,2025-05-24,45,quantile,0.6,10.026
2025-05-24,wk inc flu hosp,0,2025-05-24,45,quantile,0.65,11.351
2025-05-24,wk inc flu hosp,0,2025-05-24,45,quantile,0.7,12.75
2025-05-24,wk inc flu hosp,0,2025-05-24,45,quantile,0.75,14.392
2025-05-24,wk inc flu hosp,0,2025-05-24,45,quantile,0.8,16.747
2025-05-24,wk inc flu hosp,0,2025-05-24,45,quantile,0.85,18.995
2025-05-24,wk inc flu hosp,0,2025-05-24,45,quantile,0.9,21.808
2025-05-24,wk inc flu hosp,0,2025-05-24,45,quantile,0.95,25.205
2025-05-24,wk inc flu hosp,0,2025-05-24,45,quantile,0.975,28.334
2025-05-24,wk inc flu hosp,0,2025-05-24,45,quantile,0.99,32.52
2025-05-24,wk inc flu hosp,1,2025-05-31,45,quantile,0.01,0.0
2025-05-24,wk inc flu hosp,1,2025-05-31,45,quantile,0.025,0.0
2025-05-24,wk inc flu hosp,1,2025-05-31,45,quantile,0.05,0.0
2025-05-24,wk inc flu hosp,1,2025-05-31,45,quantile,0.1,0.0
2025-05-24,wk inc flu hosp,1,2025-05-31,45,quantile,0.15,0.0
2025-05-24,wk inc flu hosp,1,2025-05-31,45,quantile,0.2,0.0
2025-05-24,wk inc flu hosp,1,2025-05-31,45,quantile,0.25,0.0
2025-05-24,wk inc flu hosp,1,2025-05-31,45,quantile,0.3,1.266
2025-05-24,wk inc flu hosp,1,2025-05-31,45,quantile,0.35,2.929
2025-05-24,wk inc flu hosp,1,2025-05-31,45,quantile,0.4,4.392
2025-05-24,wk inc flu hosp,1,2025-05-31,45,quantile,0.45,5.706
2025-05-24,wk inc flu hosp,1,2025-05-31,45,quantile,0.5,7.384
2025-05-24,wk inc flu hosp,1,2025-05-31,45,quantile,0.55,8.852
2025-05-24,wk inc flu hosp,1,2025-05-31,45,quantile,0.6,10.193
2025-05-24,wk inc flu hosp,1,2025-05-31,45,quantile,0.65,11.753
2025-05-24,wk inc flu hosp,1,2025-05-31,45,quantile,0.7,13.625
2025-05-24,wk inc flu hosp,1,2025-05-31,45,quantile,0.75,15.289
2025-05-24,wk inc flu hosp,1,2025-05-31,45,quantile,0.8,17.381
2025-05-24,wk inc flu hosp,1,2025-05-31,45,quantile,0.85,20.145
2025-05-24,wk inc flu hosp,1,2025-05-31,45,quantile,0.9,23.524
2025-05-24,wk inc flu hosp,1,2025-05-31,45,quantile,0.95,29.029
2025-05-24,wk inc flu hosp,1,2025-05-31,45,quantile,0.975,33.224
2025-05-24,wk inc flu hosp,1,2025-05-31,45,quantile,0.99,38.731
2025-05-24,wk inc flu hosp,2,2025-06-07,45,quantile,0.01,0.0
2025-05-24,wk inc flu hosp,2,2025-06-07,45,quantile,0.025,0.0
2025-05-24,wk inc flu hosp,2,2025-06-07,45,quantile,0.05,0.0
2025-05-24,wk inc flu hosp,2,2025-06-07,45,quantile,0.1,0.0
2025-05-24,wk inc flu hosp,2,2025-06-07,45,quantile,0.15,0.0
2025-05-24,wk inc flu hosp,2,2025-06-07,45,quantile,0.2,0.0
2025-05-24,wk inc flu hosp,2,2025-06-07,45,quantile,0.25,0.0
2025-05-24,wk inc flu hosp,2,2025-06-07,45,quantile,0.3,0.0
2025-05-24,wk inc flu hosp,2,2025-06-07,45,quantile,0.35,1.318
2025-05-24,wk inc flu hosp,2,2025-06-07,45,quantile,0.4,2.783
2025-05-24,wk inc flu hosp,2,2025-06-07,45,quantile,0.45,4.293
2025-05-24,wk inc flu hosp,2,2025-06-07,45,quantile,0.5,5.949
2025-05-24,wk inc flu hosp,2,2025-06-07,45,quantile,0.55,7.858
2025-05-24,wk inc flu hosp,2,2025-06-07,45,quantile,0.6,9.919
2025-05-24,wk inc flu hosp,2,2025-06-07,45,quantile,0.65,11.873
2025-05-24,wk inc flu hosp,2,2025-06-07,45,quantile,0.7,13.986
2025-05-24,wk inc flu hosp,2,2025-06-07,45,quantile,0.75,16.3
2025-05-24,wk inc flu hosp,2,2025-06-07,45,quantile,0.8,18.877
2025-05-24,wk inc flu hosp,2,2025-06-07,45,quantile,0.85,21.906
2025-05-24,wk inc flu hosp,2,2025-06-07,45,quantile,0.9,26.409
2025-05-24,wk inc flu hosp,2,2025-06-07,45,quantile,0.95,32.275
2025-05-24,wk inc flu hosp,2,2025-06-07,45,quantile,0.975,37.051
2025-05-24,wk inc flu hosp,2,2025-06-07,45,quantile,0.99,40.146
2025-05-24,wk inc flu hosp,3,2025-06-14,45,quantile,0.01,0.0
2025-05-24,wk inc flu hosp,3,2025-06-14,45,quantile,0.025,0.0
2025-05-24,wk inc flu hosp,3,2025-06-14,45,quantile,0.05,0.0
2025-05-24,wk inc flu hosp,3,2025-06-14,45,quantile,0.1,0.0
2025-05-24,wk inc flu hosp,3,2025-06-14,45,quantile,0.15,0.0
2025-05-24,wk inc flu hosp,3,2025-06-14,45,quantile,0.2,0.0
2025-05-24,wk inc flu hosp,3,2025-06-14,45,quantile,0.25,0.0
2025-05-24,wk inc flu hosp,3,2025-06-14,45,quantile,0.3,0.0
2025-05-24,wk inc flu hosp,3,2025-06-14,45,quantile,0.35,0.0
2025-05-24,wk inc flu hosp,3,2025-06-14,45,quantile,0.4,2.314
2025-05-24,wk inc flu hosp,3,2025-06-14,45,quantile,0.45,4.152
2025-05-24,wk inc flu hosp,3,2025-06-14,45,quantile,0.5,6.055
2025-05-24,wk inc flu hosp,3,2025-06-14,45,quantile,0.55,8.707
2025-05-24,wk inc flu hosp,3,2025-06-14,45,quantile,0.6,10.945
2025-05-24,wk inc flu hosp,3,2025-06-14,45,quantile,0.65,13.716
2025-05-24,wk inc flu hosp,3,2025-06-14,45,quantile,0.7,16.528
2025-05-24,wk inc flu hosp,3,2025-06-14,45,quantile,0.75,19.112
2025-05-24,wk inc flu hosp,3,2025-06-14,45,quantile,0.8,22.141
2025-05-24,wk inc flu hosp,3,2025-06-14,45,quantile,0.85,25.784
2025-05-24,wk inc flu hosp,3,2025-06-14,45,quantile,0.9,30.381
2025-05-24,wk inc flu hosp,3,2025-06-14,45,quantile,0.95,39.557
2025-05-24,wk inc flu hosp,3,2025-06-14,45,quantile,0.975,45.421
2025-05-24,wk inc flu hosp,3,2025-06-14,45,quantile,0.99,57.049
2025-05-24,wk inc flu hosp,0,2025-05-24,46,quantile,0.01,0.0
2025-05-24,wk inc flu hosp,0,2025-05-24,46,quantile,0.025,0.0
2025-05-24,wk inc flu hosp,0,2025-05-24,46,quantile,0.05,0.0
2025-05-24,wk inc flu hosp,0,2025-05-24,46,quantile,0.1,0.0
2025-05-24,wk inc flu hosp,0,2025-05-24,46,quantile,0.15,0.0
2025-05-24,wk inc flu hosp,0,2025-05-24,46,quantile,0.2,0.0
2025-05-24,wk inc flu hosp,0,2025-05-24,46,quantile,0.25,0.0
2025-05-24,wk inc flu hosp,0,2025-05-24,46,quantile,0.3,0.0
2025-05-24,wk inc flu hosp,0,2025-05-24,46,quantile,0.35,0.0
2025-05-24,wk inc flu hosp,0,2025-05-24,46,quantile,0.4,0.986
2025-05-24,wk inc flu hosp,0,2025-05-24,46,quantile,0.45,2.554
2025-05-24,wk inc flu hosp,0,2025-05-24,46,quantile,0.5,3.915
2025-05-24,wk inc flu hosp,0,2025-05-24,46,quantile,0.55,5.174
2025-05-24,wk inc flu hosp,0,2025-05-24,46,quantile,0.6,6.28
2025-05-24,wk inc flu hosp,0,2025-05-24,46,quantile,0.65,7.58
2025-05-24,wk inc flu hosp,0,2025-05-24,46,quantile,0.7,8.839
2025-05-24,wk inc flu hosp,0,2025-05-24,46,quantile,0.75,10.24
2025-05-24,wk inc flu hosp,0,2025-05-24,46,quantile,0.8,12.166
2025-05-24,wk inc flu hosp,0,2025-05-24,46,quantile,0.85,14.085
2025-05-24,wk inc flu hosp,0,2025-05-24,46,quantile,0.9,16.203
2025-05-24,wk inc flu hosp,0,2025-05-24,46,quantile,0.95,19.553
2025-05-24,wk inc flu hosp,0,2025-05-24,46,quantile,0.975,22.067
2025-05-24,wk inc flu hosp,0,2025-05-24,46,quantile,0.99,25.16
2025-05-24,wk inc flu hosp,1,2025-05-31,46,quantile,0.01,0.0
2025-05-24,wk inc flu hosp,1,2025-05-31,46,quantile,0.025,0.0
2025-05-24,wk inc flu hosp,1,2025-05-31,46,quantile,0.05,0.0
2025-05-24,wk inc flu hosp,1,2025-05-31,46,quantile,0.1,0.0
2025-05-24,wk inc flu hosp,1,2025-05-31,46,quantile,0.15,0.0
2025-05-24,wk inc flu hosp,1,2025-05-31,46,quantile,0.2,0.0
2025-05-24,wk inc flu hosp,1,2025-05-31,46,quantile,0.25,0.0
2025-05-24,wk inc flu hosp,1,2025-05-31,46,quantile,0.3,0.0
2025-05-24,wk inc flu hosp,1,2025-05-31,46,quantile,0.35,0.0
2025-05-24,wk inc flu hosp,1,2025-05-31,46,quantile,0.4,1.616
2025-05-24,wk inc flu hosp,1,2025-05-31,46,quantile,0.45,3.334
2025-05-24,wk inc flu hosp,1,2025-05-31,46,quantile,0.5,4.723
2025-05-24,wk inc flu hosp,1,2025-05-31,46,quantile,0.55,6.303
2025-05-24,wk inc flu hosp,1,2025-05-31,46,quantile,0.6,7.537
2025-05-24,wk inc flu hosp,1,2025-05-31,46,quantile,0.65,9.307
2025-05-24,wk inc flu hosp,1,2025-05-31,46,quantile,0.7,11.199
2025-05-24,wk inc flu hosp,1,2025-05-31,46,quantile,0.75,13.028
2025-05-24,wk inc flu hosp,1,2025-05-31,46,quantile,0.8,15.125
2025-05-24,wk inc flu hosp,1,2025-05-31,46,quantile,0.85,17.392
2025-05-24,wk inc flu hosp,1,2025-05-31,46,quantile,0.9,21.843
2025-05-24,wk inc flu hosp,1,2025-05-31,46,quantile,0.95,26.475
2025-05-24,wk inc flu hosp,1,2025-05-31,46,quantile,0.975,32.257
2025-05-24,wk inc flu hosp,1,2025-05-31,46,quantile,0.99,35.83
2025-05-24,wk inc flu hosp,2,2025-06-07,46,quantile,0.01,0.0
2025-05-24,wk inc flu hosp,2,2025-06-07,46,quantile,0.025,0.0
2025-05-24,wk inc flu hosp,2,2025-06-07,46,quantile,0.05,0.0
2025-05-24,wk inc flu hosp,2,2025-06-07,46,quantile,0.1,0.0
2025-05-24,wk inc flu hosp,2,2025-06-07,46,quantile,0.15,0.0
2025-05-24,wk inc flu hosp,2,2025-06-07,46,quantile,0.2,0.0
2025-05-24,wk inc flu hosp,2,2025-06-07,46,quantile,0.25,0.0
2025-05-24,wk inc flu hosp,2,2025-06-07,46,quantile,0.3,0.0
2025-05-24,wk inc flu hosp,2,2025-06-07,46,quantile,0.35,0.0
2025-05-24,wk inc flu hosp,2,2025-06-07,46,quantile,0.4,1.397
2025-05-24,wk inc flu hosp,2,2025-06-07,46,quantile,0.45,3.311
2025-05-24,wk inc flu hosp,2,2025-06-07,46,quantile,0.5,4.959
2025-05-24,wk inc flu hosp,2,2025-06-07,46,quantile,0.55,6.597
2025-05-24,wk inc flu hosp,2,2025-06-07,46,quantile,0.6,8.763
2025-05-24,wk inc flu hosp,2,2025-06-07,46,quantile,0.65,10.526
2025-05-24,wk inc flu hosp,2,2025-06-07,46,quantile,0.7,12.535
2025-05-24,wk inc flu hosp,2,2025-06-07,46,quantile,0.75,14.489
2025-05-24,wk inc flu hosp,2,2025-06-07,46,quantile,0.8,16.804
2025-05-24,wk inc flu hosp,2,2025-06-07,46,quantile,0.85,20.84
2025-05-24,wk inc flu hosp,2,2025-06-07,46,quantile,0.9,26.109
2025-05-24,wk inc flu hosp,2,2025-06-07,46,quantile,0.95,32.682
2025-05-24,wk inc flu hosp,2,2025-06-07,46,quantile,0.975,37.94
2025-05-24,wk inc flu hosp,2,2025-06-07,46,quantile,0.99,43.903
2025-05-24,wk inc flu hosp,3,2025-06-14,46,quantile,0.01,0.0
2025-05-24,wk inc flu hosp,3,2025-06-14,46,quantile,0.025,0.0
2025-05-24,wk inc flu hosp,3,2025-06-14,46,quantile,0.05,0.0
2025-05-24,wk inc flu hosp,3,2025-06-14,46,quantile,0.1,0.0
2025-05-24,wk inc flu hosp,3,2025-06-14,46,quantile,0.15,0.0
2025-05-24,wk inc flu hosp,3,2025-06-14,46,quantile,0.2,0.0
2025-05-24,wk inc flu hosp,3,2025-06-14,46,quantile,0.25,0.0
2025-05-24,wk inc flu hosp,3,2025-06-14,46,quantile,0.3,0.0
2025-05-24,wk inc flu hosp,3,2025-06-14,46,quantile,0.35,0.28
2025-05-24,wk inc flu hosp,3,2025-06-14,46,quantile,0.4,2.569
2025-05-24,wk inc flu hosp,3,2025-06-14,46,quantile,0.45,4.397
2025-05-24,wk inc flu hosp,3,2025-06-14,46,quantile,0.5,5.868
2025-05-24,wk inc flu hosp,3,2025-06-14,46,quantile,0.55,7.486
2025-05-24,wk inc flu hosp,3,2025-06-14,46,quantile,0.6,9.042
2025-05-24,wk inc flu hosp,3,2025-06-14,46,quantile,0.65,11.186
2025-05-24,wk inc flu hosp,3,2025-06-14,46,quantile,0.7,13.657
2025-05-24,wk inc flu hosp,3,2025-06-14,46,quantile,0.75,16.136
2025-05-24,wk inc flu hosp,3,2025-06-14,46,quantile,0.8,19.038
2025-05-24,wk inc flu hosp,3,2025-06-14,46,quantile,0.85,22.631
2025-05-24,wk inc flu hosp,3,2025-06-14,46,quantile,0.9,28.531
2025-05-24,wk inc flu hosp,3,2025-06-14,46,quantile,0.95,35.219
2025-05-24,wk inc flu hosp,3,2025-06-14,46,quantile,0.975,42.334
2025-05-24,wk inc flu hosp,3,2025-06-14,46,quantile,0.99,51.651
2025-05-24,wk inc flu hosp,0,2025-05-24,47,quantile,0.01,0.0
2025-05-24,wk inc flu hosp,0,2025-05-24,47,quantile,0.025,0.0
2025-05-24,wk inc flu hosp,0,2025-05-24,47,quantile,0.05,5.217
2025-05-24,wk inc flu hosp,0,2025-05-24,47,quantile,0.1,15.684
2025-05-24,wk inc flu hosp,0,2025-05-24,47,quantile,0.15,20.463
2025-05-24,wk inc flu hosp,0,2025-05-24,47,quantile,0.2,25.618
2025-05-24,wk inc flu hosp,0,2025-05-24,47,quantile,0.25,29.682
2025-05-24,wk inc flu hosp,0,2025-05-24,47,quantile,0.3,32.43
2025-05-24,wk inc flu hosp,0,2025-05-24,47,quantile,0.35,35.784
2025-05-24,wk inc flu hosp,0,2025-05-24,47,quantile,0.4,38.811
2025-05-24,wk inc flu hosp,0,2025-05-24,47,quantile,0.45,40.658
2025-05-24,wk inc flu hosp,0,2025-05-24,47,quantile,0.5,43.141
2025-05-24,wk inc flu hosp,0,2025-05-24,47,quantile,0.55,45.478
2025-05-24,wk inc flu hosp,0,2025-05-24,47,quantile,0.6,48.329
2025-05-24,wk inc flu hosp,0,2025-05-24,47,quantile,0.65,50.837
2025-05-24,wk inc flu hosp,0,2025-05-24,47,quantile,0.7,53.056
2025-05-24,wk inc flu hosp,0,2025-05-24,47,quantile,0.75,55.969
2025-05-24,wk inc flu hosp,0,2025-05-24,47,quantile,0.8,59.895
2025-05-24,wk inc flu hosp,0,2025-05-24,47,quantile,0.85,63.12
2025-05-24,wk inc flu hosp,0,2025-05-24,47,quantile,0.9,67.885
2025-05-24,wk inc flu hosp,0,2025-05-24,47,quantile,0.95,74.578
2025-05-24,wk inc flu hosp,0,2025-05-24,47,quantile,0.975,83.851
2025-05-24,wk inc flu hosp,0,2025-05-24,47,quantile,0.99,89.498
2025-05-24,wk inc flu hosp,1,2025-05-31,47,quantile,0.01,0.0
2025-05-24,wk inc flu hosp,1,2025-05-31,47,quantile,0.025,0.0
2025-05-24,wk inc flu hosp,1,2025-05-31,47,quantile,0.05,0.0
2025-05-24,wk inc flu hosp,1,2025-05-31,47,quantile,0.1,0.0
2025-05-24,wk inc flu hosp,1,2025-05-31,47,quantile,0.15,5.443
2025-05-24,wk inc flu hosp,1,2025-05-31,47,quantile,0.2,10.985
2025-05-24,wk inc flu hosp,1,2025-05-31,47,quantile,0.25,16.391
2025-05-24,wk inc flu hosp,1,2025-05-31,47,quantile,0.3,21.245
2025-05-24,wk inc flu hosp,1,2025-05-31,47,quantile,0.35,25.973
2025-05-24,wk inc flu hosp,1,2025-05-31,47,quantile,0.4,29.964
2025-05-24,wk inc flu hosp,1,2025-05-31,47,quantile,0.45,33.486
2025-05-24,wk inc flu hosp,1,2025-05-31,47,quantile,0.5,38.562
2025-05-24,wk inc flu hosp,1,2025-05-31,47,quantile,0.55,43.114
2025-05-24,wk inc flu hosp,1,2025-05-31,47,quantile,0.6,48.553
2025-05-24,wk inc flu hosp,1,2025-05-31,47,quantile,0.65,51.847
2025-05-24,wk inc flu hosp,1,2025-05-31,47,quantile,0.7,56.56
2025-05-24,wk inc flu hosp,1,2025-05-31,47,quantile,0.75,60.903
2025-05-24,wk inc flu hosp,1,2025-05-31,47,quantile,0.8,66.037
2025-05-24,wk inc flu hosp,1,2025-05-31,47,quantile,0.85,73.019
2025-05-24,wk inc flu hosp,1,2025-05-31,47,quantile,0.9,80.814
2025-05-24,wk inc flu hosp,1,2025-05-31,47,quantile,0.95,91.014
2025-05-24,wk inc flu hosp,1,2025-05-31,47,quantile,0.975,100.318
2025-05-24,wk inc flu hosp,1,2025-05-31,47,quantile,0.99,110.3
2025-05-24,wk inc flu hosp,2,2025-06-07,47,quantile,0.01,0.0
2025-05-24,wk inc flu hosp,2,2025-06-07,47,quantile,0.025,0.0
2025-05-24,wk inc flu hosp,2,2025-06-07,47,quantile,0.05,0.0
2025-05-24,wk inc flu hosp,2,2025-06-07,47,quantile,0.1,0.0
2025-05-24,wk inc flu hosp,2,2025-06-07,47,quantile,0.15,0.0
2025-05-24,wk inc flu hosp,2,2025-06-07,47,quantile,0.2,2.514
2025-05-24,wk inc flu hosp,2,2025-06-07,47,quantile,0.25,9.808
2025-05-24,wk inc flu hosp,2,2025-06-07,47,quantile,0.3,15.058
2025-05-24,wk inc flu hosp,2,2025-06-07,47,quantile,0.35,19.781
2025-05-24,wk inc flu hosp,2,2025-06-07,47,quantile,0.4,23.427
2025-05-24,wk inc flu hosp,2,2025-06-07,47,quantile,0.45,29.239
2025-05-24,wk inc flu hosp,2,2025-06-07,47,quantile,0.5,34.364
2025-05-24,wk inc flu hosp,2,2025-06-07,47,quantile,0.55,39.035
2025-05-24,wk inc flu hosp,2,2025-06-07,47,quantile,0.6,44.527
2025-05-24,wk inc flu hosp,2,2025-06-07,47,quantile,0.65,49.466
2025-05-24,wk inc flu hosp,2,2025-06-07,47,quantile,0.7,53.121
2025-05-24,wk inc flu hosp,2,2025-06-07,47,quantile,0.75,59.06
2025-05-24,wk inc flu hosp,2,2025-06-07,47,quantile,0.8,66.237
2025-05-24,wk inc flu hosp,2,2025-06-07,47,quantile,0.85,73.304
2025-05-24,wk inc flu hosp,2,2025-06-07,47,quantile,0.9,84.65
2025-05-24,wk inc flu hosp,2,2025-06-07,47,quantile,0.95,100.361
2025-05-24,wk inc flu hosp,2,2025-06-07,47,quantile,0.975,111.657
2025-05-24,wk inc flu hosp,2,2025-06-07,47,quantile,0.99,128.494
2025-05-24,wk inc flu hosp,3,2025-06-14,47,quantile,0.01,0.0
2025-05-24,wk inc flu hosp,3,2025-06-14,47,quantile,0.025,0.0
2025-05-24,wk inc flu hosp,3,2025-06-14,47,quantile,0.05,0.0
2025-05-24,wk inc flu hosp,3,2025-06-14,47,quantile,0.1,0.0
2025-05-24,wk inc flu hosp,3,2025-06-14,47,quantile,0.15,0.0
2025-05-24,wk inc flu hosp,3,2025-06-14,47,quantile,0.2,0.0
2025-05-24,wk inc flu hosp,3,2025-06-14,47,quantile,0.25,4.503
2025-05-24,wk inc flu hosp,3,2025-06-14,47,quantile,0.3,10.012
2025-05-24,wk inc flu hosp,3,2025-06-14,47,quantile,0.35,14.334
2025-05-24,wk inc flu hosp,3,2025-06-14,47,quantile,0.4,19.449
2025-05-24,wk inc flu hosp,3,2025-06-14,47,quantile,0.45,23.922
2025-05-24,wk inc flu hosp,3,2025-06-14,47,quantile,0.5,28.631
2025-05-24,wk inc flu hosp,3,2025-06-14,47,quantile,0.55,34.172
2025-05-24,wk inc flu hosp,3,2025-06-14,47,quantile,0.6,39.592
2025-05-24,wk inc flu hosp,3,2025-06-14,47,quantile,0.65,45.659
2025-05-24,wk inc flu hosp,3,2025-06-14,47,quantile,0.7,50.562
2025-05-24,wk inc flu hosp,3,2025-06-14,47,quantile,0.75,57.081
2025-05-24,wk inc flu hosp,3,2025-06-14,47,quantile,0.8,63.542
2025-05-24,wk inc flu hosp,3,2025-06-14,47,quantile,0.85,71.536
2025-05-24,wk inc flu hosp,3,2025-06-14,47,quantile,0.9,81.534
2025-05-24,wk inc flu hosp,3,2025-06-14,47,quantile,0.95,99.32
2025-05-24,wk inc flu hosp,3,2025-06-14,47,quantile,0.975,111.865
2025-05-24,wk inc flu hosp,3,2025-06-14,47,quantile,0.99,123.166
2025-05-24,wk inc flu hosp,0,2025-05-24,48,quantile,0.01,0.0
2025-05-24,wk inc flu hosp,0,2025-05-24,48,quantile,0.025,0.0
2025-05-24,wk inc flu hosp,0,2025-05-24,48,quantile,0.05,0.0
2025-05-24,wk inc flu hosp,0,2025-05-24,48,quantile,0.1,18.371
2025-05-24,wk inc flu hosp,0,2025-05-24,48,quantile,0.15,50.338
2025-05-24,wk inc flu hosp,0,2025-05-24,48,quantile,0.2,77.727
2025-05-24,wk inc flu hosp,0,2025-05-24,48,quantile,0.25,101.458
2025-05-24,wk inc flu hosp,0,2025-05-24,48,quantile,0.3,120.94
2025-05-24,wk inc flu hosp,0,2025-05-24,48,quantile,0.35,138.166
2025-05-24,wk inc flu hosp,0,2025-05-24,48,quantile,0.4,154.087
2025-05-24,wk inc flu hosp,0,2025-05-24,48,quantile,0.45,171.39
2025-05-24,wk inc flu hosp,0,2025-05-24,48,quantile,0.5,189.345
2025-05-24,wk inc flu hosp,0,2025-05-24,48,quantile,0.55,206.277
2025-05-24,wk inc flu hosp,0,2025-05-24,48,quantile,0.6,224.702
2025-05-24,wk inc flu hosp,0,2025-05-24,48,quantile,0.65,242.702
2025-05-24,wk inc flu hosp,0,2025-05-24,48,quantile,0.7,261.425
2025-05-24,wk inc flu hosp,0,2025-05-24,48,quantile,0.75,279.712
2025-05-24,wk inc flu hosp,0,2025-05-24,48,quantile,0.8,300.782
2025-05-24,wk inc flu hosp,0,2025-05-24,48,quantile,0.85,327.091
2025-05-24,wk inc flu hosp,0,2025-05-24,48,quantile,0.9,363.099
2025-05-24,wk inc flu hosp,0,2025-05-24,48,quantile,0.95,424.266
2025-05-24,wk inc flu hosp,0,2025-05-24,48,quantile,0.975,477.081
2025-05-24,wk inc flu hosp,0,2025-05-24,48,quantile,0.99,531.491
2025-05-24,wk inc flu hosp,1,2025-05-31,48,quantile,0.01,0.0
2025-05-24,wk inc flu hosp,1,2025-05-31,48,quantile,0.025,0.0
2025-05-24,wk inc flu hosp,1,2025-05-31,48,quantile,0.05,0.0
2025-05-24,wk inc flu hosp,1,2025-05-31,48,quantile,0.1,0.0
2025-05-24,wk inc flu hosp,1,2025-05-31,48,quantile,0.15,0.0
2025-05-24,wk inc flu hosp,1,2025-05-31,48,quantile,0.2,11.577
2025-05-24,wk inc flu hosp,1,2025-05-31,48,quantile,0.25,44.869
2025-05-24,wk inc flu hosp,1,2025-05-31,48,quantile,0.3,72.523
2025-05-24,wk inc flu hosp,1,2025-05-31,48,quantile,0.35,105.446
2025-05-24,wk inc flu hosp,1,2025-05-31,48,quantile,0.4,132.237
2025-05-24,wk inc flu hosp,1,2025-05-31,48,quantile,0.45,153.761
2025-05-24,wk inc flu hosp,1,2025-05-31,48,quantile,0.5,181.49
2025-05-24,wk inc flu hosp,1,2025-05-31,48,quantile,0.55,202.327
2025-05-24,wk inc flu hosp,1,2025-05-31,48,quantile,0.6,230.807
2025-05-24,wk inc flu hosp,1,2025-05-31,48,quantile,0.65,265.505
2025-05-24,wk inc flu hosp,1,2025-05-31,48,quantile,0.7,296.839
2025-05-24,wk inc flu hosp,1,2025-05-31,48,quantile,0.75,328.959
2025-05-24,wk inc flu hosp,1,2025-05-31,48,quantile,0.8,363.481
2025-05-24,wk inc flu hosp,1,2025-05-31,48,quantile,0.85,407.726
2025-05-24,wk inc flu hosp,1,2025-05-31,48,quantile,0.9,461.896
2025-05-24,wk inc flu hosp,1,2025-05-31,48,quantile,0.95,542.092
2025-05-24,wk inc flu hosp,1,2025-05-31,48,quantile,0.975,606.557
2025-05-24,wk inc flu hosp,1,2025-05-31,48,quantile,0.99,687.764
2025-05-24,wk inc flu hosp,2,2025-06-07,48,quantile,0.01,0.0
2025-05-24,wk inc flu hosp,2,2025-06-07,48,quantile,0.025,0.0
2025-05-24,wk inc flu hosp,2,2025-06-07,48,quantile,0.05,0.0
2025-05-24,wk inc flu hosp,2,2025-06-07,48,quantile,0.1,0.0
2025-05-24,wk inc flu hosp,2,2025-06-07,48,quantile,0.15,0.0
2025-05-24,wk inc flu hosp,2,2025-06-07,48,quantile,0.2,0.0
2025-05-24,wk inc flu hosp,2,2025-06-07,48,quantile,0.25,0.0
2025-05-24,wk inc flu hosp,2,2025-06-07,48,quantile,0.3,30.807
2025-05-24,wk inc flu hosp,2,2025-06-07,48,quantile,0.35,66.395
2025-05-24,wk inc flu hosp,2,2025-06-07,48,quantile,0.4,88.63
2025-05-24,wk inc flu hosp,2,2025-06-07,48,quantile,0.45,118.963
2025-05-24,wk inc flu hosp,2,2025-06-07,48,quantile,0.5,154.328
2025-05-24,wk inc flu hosp,2,2025-06-07,48,quantile,0.55,188.806
2025-05-24,wk inc flu hosp,2,2025-06-07,48,quantile,0.6,225.421
2025-05-24,wk inc flu hosp,2,2025-06-07,48,quantile,0.65,263.087
2025-05-24,wk inc flu hosp,2,2025-06-07,48,quantile,0.7,296.146
2025-05-24,wk inc flu hosp,2,2025-06-07,48,quantile,0.75,340.073
2025-05-24,wk inc flu hosp,2,2025-06-07,48,quantile,0.8,407.024
2025-05-24,wk inc flu hosp,2,2025-06-07,48,quantile,0.85,450.396
2025-05-24,wk inc flu hosp,2,2025-06-07,48,quantile,0.9,502.653
2025-05-24,wk inc flu hosp,2,2025-06-07,48,quantile,0.95,591.686
2025-05-24,wk inc flu hosp,2,2025-06-07,48,quantile,0.975,658.51
2025-05-24,wk inc flu hosp,2,2025-06-07,48,quantile,0.99,731.23
2025-05-24,wk inc flu hosp,3,2025-06-14,48,quantile,0.01,0.0
2025-05-24,wk inc flu hosp,3,2025-06-14,48,quantile,0.025,0.0
2025-05-24,wk inc flu hosp,3,2025-06-14,48,quantile,0.05,0.0
2025-05-24,wk inc flu hosp,3,2025-06-14,48,quantile,0.1,0.0
2025-05-24,wk inc flu hosp,3,2025-06-14,48,quantile,0.15,0.0
2025-05-24,wk inc flu hosp,3,2025-06-14,48,quantile,0.2,0.0
2025-05-24,wk inc flu hosp,3,2025-06-14,48,quantile,0.25,0.0
2025-05-24,wk inc flu hosp,3,2025-06-14,48,quantile,0.3,17.074
2025-05-24,wk inc flu hosp,3,2025-06-14,48,quantile,0.35,44.4
2025-05-24,wk inc flu hosp,3,2025-06-14,48,quantile,0.4,76.306
2025-05-24,wk inc flu hosp,3,2025-06-14,48,quantile,0.45,103.954
2025-05-24,wk inc flu hosp,3,2025-06-14,48,quantile,0.5,130.103
2025-05-24,wk inc flu hosp,3,2025-06-14,48,quantile,0.55,159.253
2025-05-24,wk inc flu hosp,3,2025-06-14,48,quantile,0.6,190.117
2025-05-24,wk inc flu hosp,3,2025-06-14,48,quantile,0.65,231.5
2025-05-24,wk inc flu hosp,3,2025-06-14,48,quantile,0.7,284.195
2025-05-24,wk inc flu hosp,3,2025-06-14,48,quantile,0.75,333.92
2025-05-24,wk inc flu hosp,3,2025-06-14,48,quantile,0.8,389.234
2025-05-24,wk inc flu hosp,3,2025-06-14,48,quantile,0.85,443.3
2025-05-24,wk inc flu hosp,3,2025-06-14,48,quantile,0.9,503.667
2025-05-24,wk inc flu hosp,3,2025-06-14,48,quantile,0.95,622.825
2025-05-24,wk inc flu hosp,3,2025-06-14,48,quantile,0.975,705.855
2025-05-24,wk inc flu hosp,3,2025-06-14,48,quantile,0.99,799.629
2025-05-24,wk inc flu hosp,0,2025-05-24,49,quantile,0.01,0.0
2025-05-24,wk inc flu hosp,0,2025-05-24,49,quantile,0.025,0.0
2025-05-24,wk inc flu hosp,0,2025-05-24,49,quantile,0.05,0.0
2025-05-24,wk inc flu hosp,0,2025-05-24,49,quantile,0.1,0.0
2025-05-24,wk inc flu hosp,0,2025-05-24,49,quantile,0.15,0.0
2025-05-24,wk inc flu hosp,0,2025-05-24,49,quantile,0.2,0.276
2025-05-24,wk inc flu hosp,0,2025-05-24,49,quantile,0.25,3.213
2025-05-24,wk inc flu hosp,0,2025-05-24,49,quantile,0.3,5.821
2025-05-24,wk inc flu hosp,0,2025-05-24,49,quantile,0.35,7.515
2025-05-24,wk inc flu hosp,0,2025-05-24,49,quantile,0.4,9.653
2025-05-24,wk inc flu hosp,0,2025-05-24,49,quantile,0.45,11.762
2025-05-24,wk inc flu hosp,0,2025-05-24,49,quantile,0.5,13.951
2025-05-24,wk inc flu hosp,0,2025-05-24,49,quantile,0.55,16.46
2025-05-24,wk inc flu hosp,0,2025-05-24,49,quantile,0.6,18.54
2025-05-24,wk inc flu hosp,0,2025-05-24,49,quantile,0.65,20.142
2025-05-24,wk inc flu hosp,0,2025-05-24,49,quantile,0.7,21.991
2025-05-24,wk inc flu hosp,0,2025-05-24,49,quantile,0.75,24.769
2025-05-24,wk inc flu hosp,0,2025-05-24,49,quantile,0.8,28.34
2025-05-24,wk inc flu hosp,0,2025-05-24,49,quantile,0.85,32.008
2025-05-24,wk inc flu hosp,0,2025-05-24,49,quantile,0.9,37.686
2025-05-24,wk inc flu hosp,0,2025-05-24,49,quantile,0.95,47.609
2025-05-24,wk inc flu hosp,0,2025-05-24,49,quantile,0.975,53.98
2025-05-24,wk inc flu hosp,0,2025-05-24,49,quantile,0.99,63.142
2025-05-24,wk inc flu hosp,1,2025-05-31,49,quantile,0.01,0.0
2025-05-24,wk inc flu hosp,1,2025-05-31,49,quantile,0.025,0.0
2025-05-24,wk inc flu hosp,1,2025-05-31,49,quantile,0.05,0.0
2025-05-24,wk inc flu hosp,1,2025-05-31,49,quantile,0.1,0.0
2025-05-24,wk inc flu hosp,1,2025-05-31,49,quantile,0.15,0.0
2025-05-24,wk inc flu hosp,1,2025-05-31,49,quantile,0.2,0.0
2025-05-24,wk inc flu hosp,1,2025-05-31,49,quantile,0.25,0.0
2025-05-24,wk inc flu hosp,1,2025-05-31,49,quantile,0.3,0.0
2025-05-24,wk inc flu hosp,1,2025-05-31,49,quantile,0.35,2.376
2025-05-24,wk inc flu hosp,1,2025-05-31,49,quantile,0.4,7.254
2025-05-24,wk inc flu hosp,1,2025-05-31,49,quantile,0.45,10.69
2025-05-24,wk inc flu hosp,1,2025-05-31,49,quantile,0.5,14.254
2025-05-24,wk inc flu hosp,1,2025-05-31,49,quantile,0.55,17.823
2025-05-24,wk inc flu hosp,1,2025-05-31,49,quantile,0.6,21.908
2025-05-24,wk inc flu hosp,1,2025-05-31,49,quantile,0.65,26.546
2025-05-24,wk inc flu hosp,1,2025-05-31,49,quantile,0.7,30.948
2025-05-24,wk inc flu hosp,1,2025-05-31,49,quantile,0.75,35.916
2025-05-24,wk inc flu hosp,1,2025-05-31,49,quantile,0.8,40.211
2025-05-24,wk inc flu hosp,1,2025-05-31,49,quantile,0.85,46.756
2025-05-24,wk inc flu hosp,1,2025-05-31,49,quantile,0.9,56.323
2025-05-24,wk inc flu hosp,1,2025-05-31,49,quantile,0.95,70.778
2025-05-24,wk inc flu hosp,1,2025-05-31,49,quantile,0.975,81.647
2025-05-24,wk inc flu hosp,1,2025-05-31,49,quantile,0.99,96.625
2025-05-24,wk inc flu hosp,2,2025-06-07,49,quantile,0.01,0.0
2025-05-24,wk inc flu hosp,2,2025-06-07,49,quantile,0.025,0.0
2025-05-24,wk inc flu hosp,2,2025-06-07,49,quantile,0.05,0.0
2025-05-24,wk inc flu hosp,2,2025-06-07,49,quantile,0.1,0.0
2025-05-24,wk inc flu hosp,2,2025-06-07,49,quantile,0.15,0.0
2025-05-24,wk inc flu hosp,2,2025-06-07,49,quantile,0.2,0.0
2025-05-24,wk inc flu hosp,2,2025-06-07,49,quantile,0.25,0.0
2025-05-24,wk inc flu hosp,2,2025-06-07,49,quantile,0.3,0.0
2025-05-24,wk inc flu hosp,2,2025-06-07,49,quantile,0.35,0.0
2025-05-24,wk inc flu hosp,2,2025-06-07,49,quantile,0.4,4.717
2025-05-24,wk inc flu hosp,2,2025-06-07,49,quantile,0.45,9.677
2025-05-24,wk inc flu hosp,2,2025-06-07,49,quantile,0.5,14.996
2025-05-24,wk inc flu hosp,2,2025-06-07,49,quantile,0.55,19.304
2025-05-24,wk inc flu hosp,2,2025-06-07,49,quantile,0.6,24.703
2025-05-24,wk inc flu hosp,2,2025-06-07,49,quantile,0.65,30.561
2025-05-24,wk inc flu hosp,2,2025-06-07,49,quantile,0.7,35.801
2025-05-24,wk inc flu hosp,2,2025-06-07,49,quantile,0.75,41.985
2025-05-24,wk inc flu hosp,2,2025-06-07,49,quantile,0.8,49.219
2025-05-24,wk inc flu hosp,2,2025-06-07,49,quantile,0.85,58.923
2025-05-24,wk inc flu hosp,2,2025-06-07,49,quantile,0.9,67.224
2025-05-24,wk inc flu hosp,2,2025-06-07,49,quantile,0.95,86.83
2025-05-24,wk inc flu hosp,2,2025-06-07,49,quantile,0.975,99.833
2025-05-24,wk inc flu hosp,2,2025-06-07,49,quantile,0.99,114.114
2025-05-24,wk inc flu hosp,3,2025-06-14,49,quantile,0.01,0.0
2025-05-24,wk inc flu hosp,3,2025-06-14,49,quantile,0.025,0.0
2025-05-24,wk inc flu hosp,3,2025-06-14,49,quantile,0.05,0.0
2025-05-24,wk inc flu hosp,3,2025-06-14,49,quantile,0.1,0.0
2025-05-24,wk inc flu hosp,3,2025-06-14,49,quantile,0.15,0.0
2025-05-24,wk inc flu hosp,3,2025-06-14,49,quantile,0.2,0.0
2025-05-24,wk inc flu hosp,3,2025-06-14,49,quantile,0.25,0.0
2025-05-24,wk inc flu hosp,3,2025-06-14,49,quantile,0.3,0.0
2025-05-24,wk inc flu hosp,3,2025-06-14,49,quantile,0.35,0.0
2025-05-24,wk inc flu hosp,3,2025-06-14,49,quantile,0.4,2.289
2025-05-24,wk inc flu hosp,3,2025-06-14,49,quantile,0.45,6.887
2025-05-24,wk inc flu hosp,3,2025-06-14,49,quantile,0.5,12.552
2025-05-24,wk inc flu hosp,3,2025-06-14,49,quantile,0.55,17.533
2025-05-24,wk inc flu hosp,3,2025-06-14,49,quantile,0.6,22.285
2025-05-24,wk inc flu hosp,3,2025-06-14,49,quantile,0.65,28.61
2025-05-24,wk inc flu hosp,3,2025-06-14,49,quantile,0.7,35.855
2025-05-24,wk inc flu hosp,3,2025-06-14,49,quantile,0.75,42.505
2025-05-24,wk inc flu hosp,3,2025-06-14,49,quantile,0.8,49.579
2025-05-24,wk inc flu hosp,3,2025-06-14,49,quantile,0.85,58.707
2025-05-24,wk inc flu hosp,3,2025-06-14,49,quantile,0.9,74.648
2025-05-24,wk inc flu hosp,3,2025-06-14,49,quantile,0.95,91.388
2025-05-24,wk inc flu hosp,3,2025-06-14,49,quantile,0.975,109.87
2025-05-24,wk inc flu hosp,3,2025-06-14,49,quantile,0.99,134.892
2025-05-24,wk inc flu hosp,0,2025-05-24,50,quantile,0.01,0.0
2025-05-24,wk inc flu hosp,0,2025-05-24,50,quantile,0.025,0.0
2025-05-24,wk inc flu hosp,0,2025-05-24,50,quantile,0.05,0.0
2025-05-24,wk inc flu hosp,0,2025-05-24,50,quantile,0.1,0.0
2025-05-24,wk inc flu hosp,0,2025-05-24,50,quantile,0.15,0.0
2025-05-24,wk inc flu hosp,0,2025-05-24,50,quantile,0.2,0.0
2025-05-24,wk inc flu hosp,0,2025-05-24,50,quantile,0.25,0.0
2025-05-24,wk inc flu hosp,0,2025-05-24,50,quantile,0.3,0.0
2025-05-24,wk inc flu hosp,0,2025-05-24,50,quantile,0.35,0.0
2025-05-24,wk inc flu hosp,0,2025-05-24,50,quantile,0.4,0.0
2025-05-24,wk inc flu hosp,0,2025-05-24,50,quantile,0.45,0.0
2025-05-24,wk inc flu hosp,0,2025-05-24,50,quantile,0.5,0.837
2025-05-24,wk inc flu hosp,0,2025-05-24,50,quantile,0.55,1.818
2025-05-24,wk inc flu hosp,0,2025-05-24,50,quantile,0.6,3.024
2025-05-24,wk inc flu hosp,0,2025-05-24,50,quantile,0.65,4.146
2025-05-24,wk inc flu hosp,0,2025-05-24,50,quantile,0.7,5.402
2025-05-24,wk inc flu hosp,0,2025-05-24,50,quantile,0.75,6.888
2025-05-24,wk inc flu hosp,0,2025-05-24,50,quantile,0.8,8.228
2025-05-24,wk inc flu hosp,0,2025-05-24,50,quantile,0.85,10.04
2025-05-24,wk inc flu hosp,0,2025-05-24,50,quantile,0.9,12.349
2025-05-24,wk inc flu hosp,0,2025-05-24,50,quantile,0.95,15.926
2025-05-24,wk inc flu hosp,0,2025-05-24,50,quantile,0.975,19.688
2025-05-24,wk inc flu hosp,0,2025-05-24,50,quantile,0.99,25.96
2025-05-24,wk inc flu hosp,1,2025-05-31,50,quantile,0.01,0.0
2025-05-24,wk inc flu hosp,1,2025-05-31,50,quantile,0.025,0.0
2025-05-24,wk inc flu hosp,1,2025-05-31,50,quantile,0.05,0.0
2025-05-24,wk inc flu hosp,1,2025-05-31,50,quantile,0.1,0.0
2025-05-24,wk inc flu hosp,1,2025-05-31,50,quantile,0.15,0.0
2025-05-24,wk inc flu hosp,1,2025-05-31,50,quantile,0.2,0.0
2025-05-24,wk inc flu hosp,1,2025-05-31,50,quantile,0.25,0.0
2025-05-24,wk inc flu hosp,1,2025-05-31,50,quantile,0.3,0.0
2025-05-24,wk inc flu hosp,1,2025-05-31,50,quantile,0.35,0.0
2025-05-24,wk inc flu hosp,1,2025-05-31,50,quantile,0.4,0.253
2025-05-24,wk inc flu hosp,1,2025-05-31,50,quantile,0.45,1.504
2025-05-24,wk inc flu hosp,1,2025-05-31,50,quantile,0.5,2.866
2025-05-24,wk inc flu hosp,1,2025-05-31,50,quantile,0.55,4.085
2025-05-24,wk inc flu hosp,1,2025-05-31,50,quantile,0.6,5.659
2025-05-24,wk inc flu hosp,1,2025-05-31,50,quantile,0.65,7.31
2025-05-24,wk inc flu hosp,1,2025-05-31,50,quantile,0.7,9.05
2025-05-24,wk inc flu hosp,1,2025-05-31,50,quantile,0.75,11.053
2025-05-24,wk inc flu hosp,1,2025-05-31,50,quantile,0.8,13.399
2025-05-24,wk inc flu hosp,1,2025-05-31,50,quantile,0.85,15.812
2025-05-24,wk inc flu hosp,1,2025-05-31,50,quantile,0.9,18.754
2025-05-24,wk inc flu hosp,1,2025-05-31,50,quantile,0.95,24.43
2025-05-24,wk inc flu hosp,1,2025-05-31,50,quantile,0.975,28.845
2025-05-24,wk inc flu hosp,1,2025-05-31,50,quantile,0.99,33.033
2025-05-24,wk inc flu hosp,2,2025-06-07,50,quantile,0.01,0.0
2025-05-24,wk inc flu hosp,2,2025-06-07,50,quantile,0.025,0.0
2025-05-24,wk inc flu hosp,2,2025-06-07,50,quantile,0.05,0.0
2025-05-24,wk inc flu hosp,2,2025-06-07,50,quantile,0.1,0.0
2025-05-24,wk inc flu hosp,2,2025-06-07,50,quantile,0.15,0.0
2025-05-24,wk inc flu hosp,2,2025-06-07,50,quantile,0.2,0.0
2025-05-24,wk inc flu hosp,2,2025-06-07,50,quantile,0.25,0.0
2025-05-24,wk inc flu hosp,2,2025-06-07,50,quantile,0.3,0.0
2025-05-24,wk inc flu hosp,2,2025-06-07,50,quantile,0.35,0.0
2025-05-24,wk inc flu hosp,2,2025-06-07,50,quantile,0.4,1.078
2025-05-24,wk inc flu hosp,2,2025-06-07,50,quantile,0.45,2.382
2025-05-24,wk inc flu hosp,2,2025-06-07,50,quantile,0.5,3.723
2025-05-24,wk inc flu hosp,2,2025-06-07,50,quantile,0.55,5.287
2025-05-24,wk inc flu hosp,2,2025-06-07,50,quantile,0.6,7.004
2025-05-24,wk inc flu hosp,2,2025-06-07,50,quantile,0.65,8.939
2025-05-24,wk inc flu hosp,2,2025-06-07,50,quantile,0.7,10.713
2025-05-24,wk inc flu hosp,2,2025-06-07,50,quantile,0.75,12.994
2025-05-24,wk inc flu hosp,2,2025-06-07,50,quantile,0.8,15.424
2025-05-24,wk inc flu hosp,2,2025-06-07,50,quantile,0.85,18.737
2025-05-24,wk inc flu hosp,2,2025-06-07,50,quantile,0.9,23.386
2025-05-24,wk inc flu hosp,2,2025-06-07,50,quantile,0.95,30.578
2025-05-24,wk inc flu hosp,2,2025-06-07,50,quantile,0.975,35.043
2025-05-24,wk inc flu hosp,2,2025-06-07,50,quantile,0.99,44.654
2025-05-24,wk inc flu hosp,3,2025-06-14,50,quantile,0.01,0.0
2025-05-24,wk inc flu hosp,3,2025-06-14,50,quantile,0.025,0.0
2025-05-24,wk inc flu hosp,3,2025-06-14,50,quantile,0.05,0.0
2025-05-24,wk inc flu hosp,3,2025-06-14,50,quantile,0.1,0.0
2025-05-24,wk inc flu hosp,3,2025-06-14,50,quantile,0.15,0.0
2025-05-24,wk inc flu hosp,3,2025-06-14,50,quantile,0.2,0.0
2025-05-24,wk inc flu hosp,3,2025-06-14,50,quantile,0.25,0.0
2025-05-24,wk inc flu hosp,3,2025-06-14,50,quantile,0.3,0.0
2025-05-24,wk inc flu hosp,3,2025-06-14,50,quantile,0.35,0.0
2025-05-24,wk inc flu hosp,3,2025-06-14,50,quantile,0.4,1.014
2025-05-24,wk inc flu hosp,3,2025-06-14,50,quantile,0.45,2.954
2025-05-24,wk inc flu hosp,3,2025-06-14,50,quantile,0.5,4.09
2025-05-24,wk inc flu hosp,3,2025-06-14,50,quantile,0.55,5.365
2025-05-24,wk inc flu hosp,3,2025-06-14,50,quantile,0.6,7.308
2025-05-24,wk inc flu hosp,3,2025-06-14,50,quantile,0.65,9.425
2025-05-24,wk inc flu hosp,3,2025-06-14,50,quantile,0.7,12.013
2025-05-24,wk inc flu hosp,3,2025-06-14,50,quantile,0.75,13.976
2025-05-24,wk inc flu hosp,3,2025-06-14,50,quantile,0.8,16.84
2025-05-24,wk inc flu hosp,3,2025-06-14,50,quantile,0.85,19.829
2025-05-24,wk inc flu hosp,3,2025-06-14,50,quantile,0.9,25.237
2025-05-24,wk inc flu hosp,3,2025-06-14,50,quantile,0.95,32.43
2025-05-24,wk inc flu hosp,3,2025-06-14,50,quantile,0.975,39.01
2025-05-24,wk inc flu hosp,3,2025-06-14,50,quantile,0.99,50.59
2025-05-24,wk inc flu hosp,0,2025-05-24,51,quantile,0.01,0.0
2025-05-24,wk inc flu hosp,0,2025-05-24,51,quantile,0.025,0.0
2025-05-24,wk inc flu hosp,0,2025-05-24,51,quantile,0.05,0.0
2025-05-24,wk inc flu hosp,0,2025-05-24,51,quantile,0.1,0.0
2025-05-24,wk inc flu hosp,0,2025-05-24,51,quantile,0.15,0.0
2025-05-24,wk inc flu hosp,0,2025-05-24,51,quantile,0.2,0.0
2025-05-24,wk inc flu hosp,0,2025-05-24,51,quantile,0.25,0.217
2025-05-24,wk inc flu hosp,0,2025-05-24,51,quantile,0.3,3.453
2025-05-24,wk inc flu hosp,0,2025-05-24,51,quantile,0.35,5.905
2025-05-24,wk inc flu hosp,0,2025-05-24,51,quantile,0.4,7.991
2025-05-24,wk inc flu hosp,0,2025-05-24,51,quantile,0.45,10.276
2025-05-24,wk inc flu hosp,0,2025-05-24,51,quantile,0.5,12.291
2025-05-24,wk inc flu hosp,0,2025-05-24,51,quantile,0.55,14.407
2025-05-24,wk inc flu hosp,0,2025-05-24,51,quantile,0.6,16.075
2025-05-24,wk inc flu hosp,0,2025-05-24,51,quantile,0.65,18.022
2025-05-24,wk inc flu hosp,0,2025-05-24,51,quantile,0.7,20.045
2025-05-24,wk inc flu hosp,0,2025-05-24,51,quantile,0.75,22.45
2025-05-24,wk inc flu hosp,0,2025-05-24,51,quantile,0.8,24.865
2025-05-24,wk inc flu hosp,0,2025-05-24,51,quantile,0.85,27.354
2025-05-24,wk inc flu hosp,0,2025-05-24,51,quantile,0.9,30.968
2025-05-24,wk inc flu hosp,0,2025-05-24,51,quantile,0.95,34.904
2025-05-24,wk inc flu hosp,0,2025-05-24,51,quantile,0.975,40.454
2025-05-24,wk inc flu hosp,0,2025-05-24,51,quantile,0.99,45.491
2025-05-24,wk inc flu hosp,1,2025-05-31,51,quantile,0.01,0.0
2025-05-24,wk inc flu hosp,1,2025-05-31,51,quantile,0.025,0.0
2025-05-24,wk inc flu hosp,1,2025-05-31,51,quantile,0.05,0.0
2025-05-24,wk inc flu hosp,1,2025-05-31,51,quantile,0.1,0.0
2025-05-24,wk inc flu hosp,1,2025-05-31,51,quantile,0.15,0.0
2025-05-24,wk inc flu hosp,1,2025-05-31,51,quantile,0.2,0.0
2025-05-24,wk inc flu hosp,1,2025-05-31,51,quantile,0.25,0.0
2025-05-24,wk inc flu hosp,1,2025-05-31,51,quantile,0.3,0.0
2025-05-24,wk inc flu hosp,1,2025-05-31,51,quantile,0.35,0.0
2025-05-24,wk inc flu hosp,1,2025-05-31,51,quantile,0.4,1.106
2025-05-24,wk inc flu hosp,1,2025-05-31,51,quantile,0.45,3.701
2025-05-24,wk inc flu hosp,1,2025-05-31,51,quantile,0.5,6.4
2025-05-24,wk inc flu hosp,1,2025-05-31,51,quantile,0.55,8.918
2025-05-24,wk inc flu hosp,1,2025-05-31,51,quantile,0.6,11.26
2025-05-24,wk inc flu hosp,1,2025-05-31,51,quantile,0.65,14.113
2025-05-24,wk inc flu hosp,1,2025-05-31,51,quantile,0.7,16.252
2025-05-24,wk inc flu hosp,1,2025-05-31,51,quantile,0.75,19.102
2025-05-24,wk inc flu hosp,1,2025-05-31,51,quantile,0.8,22.799
2025-05-24,wk inc flu hosp,1,2025-05-31,51,quantile,0.85,26.59
2025-05-24,wk inc flu hosp,1,2025-05-31,51,quantile,0.9,32.662
2025-05-24,wk inc flu hosp,1,2025-05-31,51,quantile,0.95,40.571
2025-05-24,wk inc flu hosp,1,2025-05-31,51,quantile,0.975,48.0
2025-05-24,wk inc flu hosp,1,2025-05-31,51,quantile,0.99,57.019
2025-05-24,wk inc flu hosp,2,2025-06-07,51,quantile,0.01,0.0
2025-05-24,wk inc flu hosp,2,2025-06-07,51,quantile,0.025,0.0
2025-05-24,wk inc flu hosp,2,2025-06-07,51,quantile,0.05,0.0
2025-05-24,wk inc flu hosp,2,2025-06-07,51,quantile,0.1,0.0
2025-05-24,wk inc flu hosp,2,2025-06-07,51,quantile,0.15,0.0
2025-05-24,wk inc flu hosp,2,2025-06-07,51,quantile,0.2,0.0
2025-05-24,wk inc flu hosp,2,2025-06-07,51,quantile,0.25,0.0
2025-05-24,wk inc flu hosp,2,2025-06-07,51,quantile,0.3,0.0
2025-05-24,wk inc flu hosp,2,2025-06-07,51,quantile,0.35,0.0
2025-05-24,wk inc flu hosp,2,2025-06-07,51,quantile,0.4,0.0
2025-05-24,wk inc flu hosp,2,2025-06-07,51,quantile,0.45,1.238
2025-05-24,wk inc flu hosp,2,2025-06-07,51,quantile,0.5,4.164
2025-05-24,wk inc flu hosp,2,2025-06-07,51,quantile,0.55,6.452
2025-05-24,wk inc flu hosp,2,2025-06-07,51,quantile,0.6,9.621
2025-05-24,wk inc flu hosp,2,2025-06-07,51,quantile,0.65,13.063
2025-05-24,wk inc flu hosp,2,2025-06-07,51,quantile,0.7,16.65
2025-05-24,wk inc flu hosp,2,2025-06-07,51,quantile,0.75,20.304
2025-05-24,wk inc flu hosp,2,2025-06-07,51,quantile,0.8,24.275
2025-05-24,wk inc flu hosp,2,2025-06-07,51,quantile,0.85,29.269
2025-05-24,wk inc flu hosp,2,2025-06-07,51,quantile,0.9,35.685
2025-05-24,wk inc flu hosp,2,2025-06-07,51,quantile,0.95,43.416
2025-05-24,wk inc flu hosp,2,2025-06-07,51,quantile,0.975,51.605
2025-05-24,wk inc flu hosp,2,2025-06-07,51,quantile,0.99,61.18
2025-05-24,wk inc flu hosp,3,2025-06-14,51,quantile,0.01,0.0
2025-05-24,wk inc flu hosp,3,2025-06-14,51,quantile,0.025,0.0
2025-05-24,wk inc flu hosp,3,2025-06-14,51,quantile,0.05,0.0
2025-05-24,wk inc flu hosp,3,2025-06-14,51,quantile,0.1,0.0
2025-05-24,wk inc flu hosp,3,2025-06-14,51,quantile,0.15,0.0
2025-05-24,wk inc flu hosp,3,2025-06-14,51,quantile,0.2,0.0
2025-05-24,wk inc flu hosp,3,2025-06-14,51,quantile,0.25,0.0
2025-05-24,wk inc flu hosp,3,2025-06-14,51,quantile,0.3,0.0
2025-05-24,wk inc flu hosp,3,2025-06-14,51,quantile,0.35,0.0
2025-05-24,wk inc flu hosp,3,2025-06-14,51,quantile,0.4,0.0
2025-05-24,wk inc flu hosp,3,2025-06-14,51,quantile,0.45,0.328
2025-05-24,wk inc flu hosp,3,2025-06-14,51,quantile,0.5,2.532
2025-05-24,wk inc flu hosp,3,2025-06-14,51,quantile,0.55,5.524
2025-05-24,wk inc flu hosp,3,2025-06-14,51,quantile,0.6,8.247
2025-05-24,wk inc flu hosp,3,2025-06-14,51,quantile,0.65,11.766
2025-05-24,wk inc flu hosp,3,2025-06-14,51,quantile,0.7,14.844
2025-05-24,wk inc flu hosp,3,2025-06-14,51,quantile,0.75,17.75
2025-05-24,wk inc flu hosp,3,2025-06-14,51,quantile,0.8,20.95
2025-05-24,wk inc flu hosp,3,2025-06-14,51,quantile,0.85,26.071
2025-05-24,wk inc flu hosp,3,2025-06-14,51,quantile,0.9,33.15
2025-05-24,wk inc flu hosp,3,2025-06-14,51,quantile,0.95,44.498
2025-05-24,wk inc flu hosp,3,2025-06-14,51,quantile,0.975,56.08
2025-05-24,wk inc flu hosp,3,2025-06-14,51,quantile,0.99,66.357
2025-05-24,wk inc flu hosp,0,2025-05-24,53,quantile,0.01,0.0
2025-05-24,wk inc flu hosp,0,2025-05-24,53,quantile,0.025,0.0
2025-05-24,wk inc flu hosp,0,2025-05-24,53,quantile,0.05,0.0
2025-05-24,wk inc flu hosp,0,2025-05-24,53,quantile,0.1,0.0
2025-05-24,wk inc flu hosp,0,2025-05-24,53,quantile,0.15,0.0
2025-05-24,wk inc flu hosp,0,2025-05-24,53,quantile,0.2,1.586
2025-05-24,wk inc flu hosp,0,2025-05-24,53,quantile,0.25,4.174
2025-05-24,wk inc flu hosp,0,2025-05-24,53,quantile,0.3,6.694
2025-05-24,wk inc flu hosp,0,2025-05-24,53,quantile,0.35,9.068
2025-05-24,wk inc flu hosp,0,2025-05-24,53,quantile,0.4,11.11
2025-05-24,wk inc flu hosp,0,2025-05-24,53,quantile,0.45,12.867
2025-05-24,wk inc flu hosp,0,2025-05-24,53,quantile,0.5,15.078
2025-05-24,wk inc flu hosp,0,2025-05-24,53,quantile,0.55,17.094
2025-05-24,wk inc flu hosp,0,2025-05-24,53,quantile,0.6,18.901
2025-05-24,wk inc flu hosp,0,2025-05-24,53,quantile,0.65,20.679
2025-05-24,wk inc flu hosp,0,2025-05-24,53,quantile,0.7,22.413
2025-05-24,wk inc flu hosp,0,2025-05-24,53,quantile,0.75,24.296
2025-05-24,wk inc flu hosp,0,2025-05-24,53,quantile,0.8,26.505
2025-05-24,wk inc flu hosp,0,2025-05-24,53,quantile,0.85,29.492
2025-05-24,wk inc flu hosp,0,2025-05-24,53,quantile,0.9,32.806
2025-05-24,wk inc flu hosp,0,2025-05-24,53,quantile,0.95,38.631
2025-05-24,wk inc flu hosp,0,2025-05-24,53,quantile,0.975,43.203
2025-05-24,wk inc flu hosp,0,2025-05-24,53,quantile,0.99,47.819
2025-05-24,wk inc flu hosp,1,2025-05-31,53,quantile,0.01,0.0
2025-05-24,wk inc flu hosp,1,2025-05-31,53,quantile,0.025,0.0
2025-05-24,wk inc flu hosp,1,2025-05-31,53,quantile,0.05,0.0
2025-05-24,wk inc flu hosp,1,2025-05-31,53,quantile,0.1,0.0
2025-05-24,wk inc flu hosp,1,2025-05-31,53,quantile,0.15,0.0
2025-05-24,wk inc flu hosp,1,2025-05-31,53,quantile,0.2,0.0
2025-05-24,wk inc flu hosp,1,2025-05-31,53,quantile,0.25,0.756
2025-05-24,wk inc flu hosp,1,2025-05-31,53,quantile,0.3,4.2
2025-05-24,wk inc flu hosp,1,2025-05-31,53,quantile,0.35,6.702
2025-05-24,wk inc flu hosp,1,2025-05-31,53,quantile,0.4,8.682
2025-05-24,wk inc flu hosp,1,2025-05-31,53,quantile,0.45,11.338
2025-05-24,wk inc flu hosp,1,2025-05-31,53,quantile,0.5,13.922
2025-05-24,wk inc flu hosp,1,2025-05-31,53,quantile,0.55,16.184
2025-05-24,wk inc flu hosp,1,2025-05-31,53,quantile,0.6,18.944
2025-05-24,wk inc flu hosp,1,2025-05-31,53,quantile,0.65,21.783
2025-05-24,wk inc flu hosp,1,2025-05-31,53,quantile,0.7,24.285
2025-05-24,wk inc flu hosp,1,2025-05-31,53,quantile,0.75,27.149
2025-05-24,wk inc flu hosp,1,2025-05-31,53,quantile,0.8,30.388
2025-05-24,wk inc flu hosp,1,2025-05-31,53,quantile,0.85,33.932
2025-05-24,wk inc flu hosp,1,2025-05-31,53,quantile,0.9,39.382
2025-05-24,wk inc flu hosp,1,2025-05-31,53,quantile,0.95,46.553
2025-05-24,wk inc flu hosp,1,2025-05-31,53,quantile,0.975,52.573
2025-05-24,wk inc flu hosp,1,2025-05-31,53,quantile,0.99,61.516
2025-05-24,wk inc flu hosp,2,2025-06-07,53,quantile,0.01,0.0
2025-05-24,wk inc flu hosp,2,2025-06-07,53,quantile,0.025,0.0
2025-05-24,wk inc flu hosp,2,2025-06-07,53,quantile,0.05,0.0
2025-05-24,wk inc flu hosp,2,2025-06-07,53,quantile,0.1,0.0
2025-05-24,wk inc flu hosp,2,2025-06-07,53,quantile,0.15,0.0
2025-05-24,wk inc flu hosp,2,2025-06-07,53,quantile,0.2,0.0
2025-05-24,wk inc flu hosp,2,2025-06-07,53,quantile,0.25,1.666
2025-05-24,wk inc flu hosp,2,2025-06-07,53,quantile,0.3,4.504
2025-05-24,wk inc flu hosp,2,2025-06-07,53,quantile,0.35,7.187
2025-05-24,wk inc flu hosp,2,2025-06-07,53,quantile,0.4,9.624
2025-05-24,wk inc flu hosp,2,2025-06-07,53,quantile,0.45,12.085
2025-05-24,wk inc flu hosp,2,2025-06-07,53,quantile,0.5,14.182
2025-05-24,wk inc flu hosp,2,2025-06-07,53,quantile,0.55,16.657
2025-05-24,wk inc flu hosp,2,2025-06-07,53,quantile,0.6,19.119
2025-05-24,wk inc flu hosp,2,2025-06-07,53,quantile,0.65,22.6
2025-05-24,wk inc flu hosp,2,2025-06-07,53,quantile,0.7,25.482
2025-05-24,wk inc flu hosp,2,2025-06-07,53,quantile,0.75,29.633
2025-05-24,wk inc flu hosp,2,2025-06-07,53,quantile,0.8,34.239
2025-05-24,wk inc flu hosp,2,2025-06-07,53,quantile,0.85,38.742
2025-05-24,wk inc flu hosp,2,2025-06-07,53,quantile,0.9,44.757
2025-05-24,wk inc flu hosp,2,2025-06-07,53,quantile,0.95,54.099
2025-05-24,wk inc flu hosp,2,2025-06-07,53,quantile,0.975,61.768
2025-05-24,wk inc flu hosp,2,2025-06-07,53,quantile,0.99,71.95
2025-05-24,wk inc flu hosp,3,2025-06-14,53,quantile,0.01,0.0
2025-05-24,wk inc flu hosp,3,2025-06-14,53,quantile,0.025,0.0
2025-05-24,wk inc flu hosp,3,2025-06-14,53,quantile,0.05,0.0
2025-05-24,wk inc flu hosp,3,2025-06-14,53,quantile,0.1,0.0
2025-05-24,wk inc flu hosp,3,2025-06-14,53,quantile,0.15,0.0
2025-05-24,wk inc flu hosp,3,2025-06-14,53,quantile,0.2,0.0
2025-05-24,wk inc flu hosp,3,2025-06-14,53,quantile,0.25,0.0
2025-05-24,wk inc flu hosp,3,2025-06-14,53,quantile,0.3,2.272
2025-05-24,wk inc flu hosp,3,2025-06-14,53,quantile,0.35,5.534
2025-05-24,wk inc flu hosp,3,2025-06-14,53,quantile,0.4,8.243
2025-05-24,wk inc flu hosp,3,2025-06-14,53,quantile,0.45,10.462
2025-05-24,wk inc flu hosp,3,2025-06-14,53,quantile,0.5,13.291
2025-05-24,wk inc flu hosp,3,2025-06-14,53,quantile,0.55,16.428
2025-05-24,wk inc flu hosp,3,2025-06-14,53,quantile,0.6,19.215
2025-05-24,wk inc flu hosp,3,2025-06-14,53,quantile,0.65,22.885
2025-05-24,wk inc flu hosp,3,2025-06-14,53,quantile,0.7,25.788
2025-05-24,wk inc flu hosp,3,2025-06-14,53,quantile,0.75,29.449
2025-05-24,wk inc flu hosp,3,2025-06-14,53,quantile,0.8,33.964
2025-05-24,wk inc flu hosp,3,2025-06-14,53,quantile,0.85,39.074
2025-05-24,wk inc flu hosp,3,2025-06-14,53,quantile,0.9,45.78
2025-05-24,wk inc flu hosp,3,2025-06-14,53,quantile,0.95,54.974
2025-05-24,wk inc flu hosp,3,2025-06-14,53,quantile,0.975,66.069
2025-05-24,wk inc flu hosp,3,2025-06-14,53,quantile,0.99,83.829
2025-05-24,wk inc flu hosp,0,2025-05-24,54,quantile,0.01,0.0
2025-05-24,wk inc flu hosp,0,2025-05-24,54,quantile,0.025,0.0
2025-05-24,wk inc flu hosp,0,2025-05-24,54,quantile,0.05,0.0
2025-05-24,wk inc flu hosp,0,2025-05-24,54,quantile,0.1,0.0
2025-05-24,wk inc flu hosp,0,2025-05-24,54,quantile,0.15,0.0
2025-05-24,wk inc flu hosp,0,2025-05-24,54,quantile,0.2,0.0
2025-05-24,wk inc flu hosp,0,2025-05-24,54,quantile,0.25,0.0
2025-05-24,wk inc flu hosp,0,2025-05-24,54,quantile,0.3,0.0
2025-05-24,wk inc flu hosp,0,2025-05-24,54,quantile,0.35,0.0
2025-05-24,wk inc flu hosp,0,2025-05-24,54,quantile,0.4,0.0
2025-05-24,wk inc flu hosp,0,2025-05-24,54,quantile,0.45,0.621
2025-05-24,wk inc flu hosp,0,2025-05-24,54,quantile,0.5,2.605
2025-05-24,wk inc flu hosp,0,2025-05-24,54,quantile,0.55,4.796
2025-05-24,wk inc flu hosp,0,2025-05-24,54,quantile,0.6,7.331
2025-05-24,wk inc flu hosp,0,2025-05-24,54,quantile,0.65,9.732
2025-05-24,wk inc flu hosp,0,2025-05-24,54,quantile,0.7,12.164
2025-05-24,wk inc flu hosp,0,2025-05-24,54,quantile,0.75,14.828
2025-05-24,wk inc flu hosp,0,2025-05-24,54,quantile,0.8,17.355
2025-05-24,wk inc flu hosp,0,2025-05-24,54,quantile,0.85,21.184
2025-05-24,wk inc flu hosp,0,2025-05-24,54,quantile,0.9,26.37
2025-05-24,wk inc flu hosp,0,2025-05-24,54,quantile,0.95,33.78
2025-05-24,wk inc flu hosp,0,2025-05-24,54,quantile,0.975,42.356
2025-05-24,wk inc flu hosp,0,2025-05-24,54,quantile,0.99,49.282
2025-05-24,wk inc flu hosp,1,2025-05-31,54,quantile,0.01,0.0
2025-05-24,wk inc flu hosp,1,2025-05-31,54,quantile,0.025,0.0
2025-05-24,wk inc flu hosp,1,2025-05-31,54,quantile,0.05,0.0
2025-05-24,wk inc flu hosp,1,2025-05-31,54,quantile,0.1,0.0
2025-05-24,wk inc flu hosp,1,2025-05-31,54,quantile,0.15,0.0
2025-05-24,wk inc flu hosp,1,2025-05-31,54,quantile,0.2,0.0
2025-05-24,wk inc flu hosp,1,2025-05-31,54,quantile,0.25,0.0
2025-05-24,wk inc flu hosp,1,2025-05-31,54,quantile,0.3,0.0
2025-05-24,wk inc flu hosp,1,2025-05-31,54,quantile,0.35,0.0
2025-05-24,wk inc flu hosp,1,2025-05-31,54,quantile,0.4,0.0
2025-05-24,wk inc flu hosp,1,2025-05-31,54,quantile,0.45,0.333
2025-05-24,wk inc flu hosp,1,2025-05-31,54,quantile,0.5,3.269
2025-05-24,wk inc flu hosp,1,2025-05-31,54,quantile,0.55,5.816
2025-05-24,wk inc flu hosp,1,2025-05-31,54,quantile,0.6,8.257
2025-05-24,wk inc flu hosp,1,2025-05-31,54,quantile,0.65,11.658
2025-05-24,wk inc flu hosp,1,2025-05-31,54,quantile,0.7,14.631
2025-05-24,wk inc flu hosp,1,2025-05-31,54,quantile,0.75,17.39
2025-05-24,wk inc flu hosp,1,2025-05-31,54,quantile,0.8,20.792
2025-05-24,wk inc flu hosp,1,2025-05-31,54,quantile,0.85,25.759
2025-05-24,wk inc flu hosp,1,2025-05-31,54,quantile,0.9,31.441
2025-05-24,wk inc flu hosp,1,2025-05-31,54,quantile,0.95,40.932
2025-05-24,wk inc flu hosp,1,2025-05-31,54,quantile,0.975,48.072
2025-05-24,wk inc flu hosp,1,2025-05-31,54,quantile,0.99,59.453
2025-05-24,wk inc flu hosp,2,2025-06-07,54,quantile,0.01,0.0
2025-05-24,wk inc flu hosp,2,2025-06-07,54,quantile,0.025,0.0
2025-05-24,wk inc flu hosp,2,2025-06-07,54,quantile,0.05,0.0
2025-05-24,wk inc flu hosp,2,2025-06-07,54,quantile,0.1,0.0
2025-05-24,wk inc flu hosp,2,2025-06-07,54,quantile,0.15,0.0
2025-05-24,wk inc flu hosp,2,2025-06-07,54,quantile,0.2,0.0
2025-05-24,wk inc flu hosp,2,2025-06-07,54,quantile,0.25,0.0
2025-05-24,wk inc flu hosp,2,2025-06-07,54,quantile,0.3,0.0
2025-05-24,wk inc flu hosp,2,2025-06-07,54,quantile,0.35,0.0
2025-05-24,wk inc flu hosp,2,2025-06-07,54,quantile,0.4,0.487
2025-05-24,wk inc flu hosp,2,2025-06-07,54,quantile,0.45,2.841
2025-05-24,wk inc flu hosp,2,2025-06-07,54,quantile,0.5,5.864
2025-05-24,wk inc flu hosp,2,2025-06-07,54,quantile,0.55,8.523
2025-05-24,wk inc flu hosp,2,2025-06-07,54,quantile,0.6,11.649
2025-05-24,wk inc flu hosp,2,2025-06-07,54,quantile,0.65,14.737
2025-05-24,wk inc flu hosp,2,2025-06-07,54,quantile,0.7,19.012
2025-05-24,wk inc flu hosp,2,2025-06-07,54,quantile,0.75,21.942
2025-05-24,wk inc flu hosp,2,2025-06-07,54,quantile,0.8,26.147
2025-05-24,wk inc flu hosp,2,2025-06-07,54,quantile,0.85,31.661
2025-05-24,wk inc flu hosp,2,2025-06-07,54,quantile,0.9,37.689
2025-05-24,wk inc flu hosp,2,2025-06-07,54,quantile,0.95,48.085
2025-05-24,wk inc flu hosp,2,2025-06-07,54,quantile,0.975,59.679
2025-05-24,wk inc flu hosp,2,2025-06-07,54,quantile,0.99,65.165
2025-05-24,wk inc flu hosp,3,2025-06-14,54,quantile,0.01,0.0
2025-05-24,wk inc flu hosp,3,2025-06-14,54,quantile,0.025,0.0
2025-05-24,wk inc flu hosp,3,2025-06-14,54,quantile,0.05,0.0
2025-05-24,wk inc flu hosp,3,2025-06-14,54,quantile,0.1,0.0
2025-05-24,wk inc flu hosp,3,2025-06-14,54,quantile,0.15,0.0
2025-05-24,wk inc flu hosp,3,2025-06-14,54,quantile,0.2,0.0
2025-05-24,wk inc flu hosp,3,2025-06-14,54,quantile,0.25,0.0
2025-05-24,wk inc flu hosp,3,2025-06-14,54,quantile,0.3,0.0
2025-05-24,wk inc flu hosp,3,2025-06-14,54,quantile,0.35,0.0
2025-05-24,wk inc flu hosp,3,2025-06-14,54,quantile,0.4,1.989
2025-05-24,wk inc flu hosp,3,2025-06-14,54,quantile,0.45,5.185
2025-05-24,wk inc flu hosp,3,2025-06-14,54,quantile,0.5,7.721
2025-05-24,wk inc flu hosp,3,2025-06-14,54,quantile,0.55,9.958
2025-05-24,wk inc flu hosp,3,2025-06-14,54,quantile,0.6,12.756
2025-05-24,wk inc flu hosp,3,2025-06-14,54,quantile,0.65,15.711
2025-05-24,wk inc flu hosp,3,2025-06-14,54,quantile,0.7,18.693
2025-05-24,wk inc flu hosp,3,2025-06-14,54,quantile,0.75,22.327
2025-05-24,wk inc flu hosp,3,2025-06-14,54,quantile,0.8,26.658
2025-05-24,wk inc flu hosp,3,2025-06-14,54,quantile,0.85,32.051
2025-05-24,wk inc flu hosp,3,2025-06-14,54,quantile,0.9,39.431
2025-05-24,wk inc flu hosp,3,2025-06-14,54,quantile,0.95,50.02
2025-05-24,wk inc flu hosp,3,2025-06-14,54,quantile,0.975,56.244
2025-05-24,wk inc flu hosp,3,2025-06-14,54,quantile,0.99,72.602
2025-05-24,wk inc flu hosp,0,2025-05-24,55,quantile,0.01,0.0
2025-05-24,wk inc flu hosp,0,2025-05-24,55,quantile,0.025,0.0
2025-05-24,wk inc flu hosp,0,2025-05-24,55,quantile,0.05,0.0
2025-05-24,wk inc flu hosp,0,2025-05-24,55,quantile,0.1,0.0
2025-05-24,wk inc flu hosp,0,2025-05-24,55,quantile,0.15,0.0
2025-05-24,wk inc flu hosp,0,2025-05-24,55,quantile,0.2,0.0
2025-05-24,wk inc flu hosp,0,2025-05-24,55,quantile,0.25,0.0
2025-05-24,wk inc flu hosp,0,2025-05-24,55,quantile,0.3,0.0
2025-05-24,wk inc flu hosp,0,2025-05-24,55,quantile,0.35,0.0
2025-05-24,wk inc flu hosp,0,2025-05-24,55,quantile,0.4,0.0
2025-05-24,wk inc flu hosp,0,2025-05-24,55,quantile,0.45,0.0
2025-05-24,wk inc flu hosp,0,2025-05-24,55,quantile,0.5,9.257
2025-05-24,wk inc flu hosp,0,2025-05-24,55,quantile,0.55,25.466
2025-05-24,wk inc flu hosp,0,2025-05-24,55,quantile,0.6,36.652
2025-05-24,wk inc flu hosp,0,2025-05-24,55,quantile,0.65,53.641
2025-05-24,wk inc flu hosp,0,2025-05-24,55,quantile,0.7,73.888
2025-05-24,wk inc flu hosp,0,2025-05-24,55,quantile,0.75,99.526
2025-05-24,wk inc flu hosp,0,2025-05-24,55,quantile,0.8,119.33
2025-05-24,wk inc flu hosp,0,2025-05-24,55,quantile,0.85,144.576
2025-05-24,wk inc flu hosp,0,2025-05-24,55,quantile,0.9,173.088
2025-05-24,wk inc flu hosp,0,2025-05-24,55,quantile,0.95,222.703
2025-05-24,wk inc flu hosp,0,2025-05-24,55,quantile,0.975,264.227
2025-05-24,wk inc flu hosp,0,2025-05-24,55,quantile,0.99,297.647
2025-05-24,wk inc flu hosp,1,2025-05-31,55,quantile,0.01,0.0
2025-05-24,wk inc flu hosp,1,2025-05-31,55,quantile,0.025,0.0
2025-05-24,wk inc flu hosp,1,2025-05-31,55,quantile,0.05,0.0
2025-05-24,wk inc flu hosp,1,2025-05-31,55,quantile,0.1,0.0
2025-05-24,wk inc flu hosp,1,2025-05-31,55,quantile,0.15,0.0
2025-05-24,wk inc flu hosp,1,2025-05-31,55,quantile,0.2,0.0
2025-05-24,wk inc flu hosp,1,2025-05-31,55,quantile,0.25,0.0
2025-05-24,wk inc flu hosp,1,2025-05-31,55,quantile,0.3,0.0
2025-05-24,wk inc flu hosp,1,2025-05-31,55,quantile,0.35,0.0
2025-05-24,wk inc flu hosp,1,2025-05-31,55,quantile,0.4,0.0
2025-05-24,wk inc flu hosp,1,2025-05-31,55,quantile,0.45,14.225
2025-05-24,wk inc flu hosp,1,2025-05-31,55,quantile,0.5,27.938
2025-05-24,wk inc flu hosp,1,2025-05-31,55,quantile,0.55,46.318
2025-05-24,wk inc flu hosp,1,2025-05-31,55,quantile,0.6,61.782
2025-05-24,wk inc flu hosp,1,2025-05-31,55,quantile,0.65,79.13
2025-05-24,wk inc flu hosp,1,2025-05-31,55,quantile,0.7,96.947
2025-05-24,wk inc flu hosp,1,2025-05-31,55,quantile,0.75,115.503
2025-05-24,wk inc flu hosp,1,2025-05-31,55,quantile,0.8,143.279
2025-05-24,wk inc flu hosp,1,2025-05-31,55,quantile,0.85,170.356
2025-05-24,wk inc flu hosp,1,2025-05-31,55,quantile,0.9,206.945
2025-05-24,wk inc flu hosp,1,2025-05-31,55,quantile,0.95,263.357
2025-05-24,wk inc flu hosp,1,2025-05-31,55,quantile,0.975,330.433
2025-05-24,wk inc flu hosp,1,2025-05-31,55,quantile,0.99,392.018
2025-05-24,wk inc flu hosp,2,2025-06-07,55,quantile,0.01,0.0
2025-05-24,wk inc flu hosp,2,2025-06-07,55,quantile,0.025,0.0
2025-05-24,wk inc flu hosp,2,2025-06-07,55,quantile,0.05,0.0
2025-05-24,wk inc flu hosp,2,2025-06-07,55,quantile,0.1,0.0
2025-05-24,wk inc flu hosp,2,2025-06-07,55,quantile,0.15,0.0
2025-05-24,wk inc flu hosp,2,2025-06-07,55,quantile,0.2,0.0
2025-05-24,wk inc flu hosp,2,2025-06-07,55,quantile,0.25,0.0
2025-05-24,wk inc flu hosp,2,2025-06-07,55,quantile,0.3,0.0
2025-05-24,wk inc flu hosp,2,2025-06-07,55,quantile,0.35,0.0
2025-05-24,wk inc flu hosp,2,2025-06-07,55,quantile,0.4,15.382
2025-05-24,wk inc flu hosp,2,2025-06-07,55,quantile,0.45,31.407
2025-05-24,wk inc flu hosp,2,2025-06-07,55,quantile,0.5,47.973
2025-05-24,wk inc flu hosp,2,2025-06-07,55,quantile,0.55,65.032
2025-05-24,wk inc flu hosp,2,2025-06-07,55,quantile,0.6,88.916
2025-05-24,wk inc flu hosp,2,2025-06-07,55,quantile,0.65,112.287
2025-05-24,wk inc flu hosp,2,2025-06-07,55,quantile,0.7,133.351
2025-05-24,wk inc flu hosp,2,2025-06-07,55,quantile,0.75,152.9
2025-05-24,wk inc flu hosp,2,2025-06-07,55,quantile,0.8,177.563
2025-05-24,wk inc flu hosp,2,2025-06-07,55,quantile,0.85,207.125
2025-05-24,wk inc flu hosp,2,2025-06-07,55,quantile,0.9,260.571
2025-05-24,wk inc flu hosp,2,2025-06-07,55,quantile,0.95,317.627
2025-05-24,wk inc flu hosp,2,2025-06-07,55,quantile,0.975,369.406
2025-05-24,wk inc flu hosp,2,2025-06-07,55,quantile,0.99,428.175
2025-05-24,wk inc flu hosp,3,2025-06-14,55,quantile,0.01,0.0
2025-05-24,wk inc flu hosp,3,2025-06-14,55,quantile,0.025,0.0
2025-05-24,wk inc flu hosp,3,2025-06-14,55,quantile,0.05,0.0
2025-05-24,wk inc flu hosp,3,2025-06-14,55,quantile,0.1,0.0
2025-05-24,wk inc flu hosp,3,2025-06-14,55,quantile,0.15,0.0
2025-05-24,wk inc flu hosp,3,2025-06-14,55,quantile,0.2,0.0
2025-05-24,wk inc flu hosp,3,2025-06-14,55,quantile,0.25,0.0
2025-05-24,wk inc flu hosp,3,2025-06-14,55,quantile,0.3,0.0
2025-05-24,wk inc flu hosp,3,2025-06-14,55,quantile,0.35,13.316
2025-05-24,wk inc flu hosp,3,2025-06-14,55,quantile,0.4,28.667
2025-05-24,wk inc flu hosp,3,2025-06-14,55,quantile,0.45,42.446
2025-05-24,wk inc flu hosp,3,2025-06-14,55,quantile,0.5,53.973
2025-05-24,wk inc flu hosp,3,2025-06-14,55,quantile,0.55,70.673
2025-05-24,wk inc flu hosp,3,2025-06-14,55,quantile,0.6,84.382
2025-05-24,wk inc flu hosp,3,2025-06-14,55,quantile,0.65,99.146
2025-05-24,wk inc flu hosp,3,2025-06-14,55,quantile,0.7,130.236
2025-05-24,wk inc flu hosp,3,2025-06-14,55,quantile,0.75,153.633
2025-05-24,wk inc flu hosp,3,2025-06-14,55,quantile,0.8,181.898
2025-05-24,wk inc flu hosp,3,2025-06-14,55,quantile,0.85,214.102
2025-05-24,wk inc flu hosp,3,2025-06-14,55,quantile,0.9,264.721
2025-05-24,wk inc flu hosp,3,2025-06-14,55,quantile,0.95,323.34
2025-05-24,wk inc flu hosp,3,2025-06-14,55,quantile,0.975,372.482
2025-05-24,wk inc flu hosp,3,2025-06-14,55,quantile,0.99,427.134
2025-05-24,wk inc flu hosp,0,2025-05-24,56,quantile,0.01,0.0
2025-05-24,wk inc flu hosp,0,2025-05-24,56,quantile,0.025,0.0
2025-05-24,wk inc flu hosp,0,2025-05-24,56,quantile,0.05,0.0
2025-05-24,wk inc flu hosp,0,2025-05-24,56,quantile,0.1,0.0
2025-05-24,wk inc flu hosp,0,2025-05-24,56,quantile,0.15,0.0
2025-05-24,wk inc flu hosp,0,2025-05-24,56,quantile,0.2,0.0
2025-05-24,wk inc flu hosp,0,2025-05-24,56,quantile,0.25,0.0
2025-05-24,wk inc flu hosp,0,2025-05-24,56,quantile,0.3,0.0
2025-05-24,wk inc flu hosp,0,2025-05-24,56,quantile,0.35,0.0
2025-05-24,wk inc flu hosp,0,2025-05-24,56,quantile,0.4,0.417
2025-05-24,wk inc flu hosp,0,2025-05-24,56,quantile,0.45,0.946
2025-05-24,wk inc flu hosp,0,2025-05-24,56,quantile,0.5,1.406
2025-05-24,wk inc flu hosp,0,2025-05-24,56,quantile,0.55,1.88
2025-05-24,wk inc flu hosp,0,2025-05-24,56,quantile,0.6,2.506
2025-05-24,wk inc flu hosp,0,2025-05-24,56,quantile,0.65,3.199
2025-05-24,wk inc flu hosp,0,2025-05-24,56,quantile,0.7,3.664
2025-05-24,wk inc flu hosp,0,2025-05-24,56,quantile,0.75,4.224
2025-05-24,wk inc flu hosp,0,2025-05-24,56,quantile,0.8,4.823
2025-05-24,wk inc flu hosp,0,2025-05-24,56,quantile,0.85,5.607
2025-05-24,wk inc flu hosp,0,2025-05-24,56,quantile,0.9,6.765
2025-05-24,wk inc flu hosp,0,2025-05-24,56,quantile,0.95,8.459
2025-05-24,wk inc flu hosp,0,2025-05-24,56,quantile,0.975,10.171
2025-05-24,wk inc flu hosp,0,2025-05-24,56,quantile,0.99,11.462
2025-05-24,wk inc flu hosp,1,2025-05-31,56,quantile,0.01,0.0
2025-05-24,wk inc flu hosp,1,2025-05-31,56,quantile,0.025,0.0
2025-05-24,wk inc flu hosp,1,2025-05-31,56,quantile,0.05,0.0
2025-05-24,wk inc flu hosp,1,2025-05-31,56,quantile,0.1,0.0
2025-05-24,wk inc flu hosp,1,2025-05-31,56,quantile,0.15,0.0
2025-05-24,wk inc flu hosp,1,2025-05-31,56,quantile,0.2,0.0
2025-05-24,wk inc flu hosp,1,2025-05-31,56,quantile,0.25,0.0
2025-05-24,wk inc flu hosp,1,2025-05-31,56,quantile,0.3,0.0
2025-05-24,wk inc flu hosp,1,2025-05-31,56,quantile,0.35,0.467
2025-05-24,wk inc flu hosp,1,2025-05-31,56,quantile,0.4,1.103
2025-05-24,wk inc flu hosp,1,2025-05-31,56,quantile,0.45,1.663
2025-05-24,wk inc flu hosp,1,2025-05-31,56,quantile,0.5,2.201
2025-05-24,wk inc flu hosp,1,2025-05-31,56,quantile,0.55,2.725
2025-05-24,wk inc flu hosp,1,2025-05-31,56,quantile,0.6,3.286
2025-05-24,wk inc flu hosp,1,2025-05-31,56,quantile,0.65,3.815
2025-05-24,wk inc flu hosp,1,2025-05-31,56,quantile,0.7,4.453
2025-05-24,wk inc flu hosp,1,2025-05-31,56,quantile,0.75,5.435
2025-05-24,wk inc flu hosp,1,2025-05-31,56,quantile,0.8,6.62
2025-05-24,wk inc flu hosp,1,2025-05-31,56,quantile,0.85,7.44
2025-05-24,wk inc flu hosp,1,2025-05-31,56,quantile,0.9,8.991
2025-05-24,wk inc flu hosp,1,2025-05-31,56,quantile,0.95,11.256
2025-05-24,wk inc flu hosp,1,2025-05-31,56,quantile,0.975,12.255
2025-05-24,wk inc flu hosp,1,2025-05-31,56,quantile,0.99,14.398
2025-05-24,wk inc flu hosp,2,2025-06-07,56,quantile,0.01,0.0
2025-05-24,wk inc flu hosp,2,2025-06-07,56,quantile,0.025,0.0
2025-05-24,wk inc flu hosp,2,2025-06-07,56,quantile,0.05,0.0
2025-05-24,wk inc flu hosp,2,2025-06-07,56,quantile,0.1,0.0
2025-05-24,wk inc flu hosp,2,2025-06-07,56,quantile,0.15,0.0
2025-05-24,wk inc flu hosp,2,2025-06-07,56,quantile,0.2,0.0
2025-05-24,wk inc flu hosp,2,2025-06-07,56,quantile,0.25,0.0
2025-05-24,wk inc flu hosp,2,2025-06-07,56,quantile,0.3,0.394
2025-05-24,wk inc flu hosp,2,2025-06-07,56,quantile,0.35,0.924
2025-05-24,wk inc flu hosp,2,2025-06-07,56,quantile,0.4,1.466
2025-05-24,wk inc flu hosp,2,2025-06-07,56,quantile,0.45,1.923
2025-05-24,wk inc flu hosp,2,2025-06-07,56,quantile,0.5,2.615
2025-05-24,wk inc flu hosp,2,2025-06-07,56,quantile,0.55,3.238
2025-05-24,wk inc flu hosp,2,2025-06-07,56,quantile,0.6,3.958
2025-05-24,wk inc flu hosp,2,2025-06-07,56,quantile,0.65,4.571
2025-05-24,wk inc flu hosp,2,2025-06-07,56,quantile,0.7,5.362
2025-05-24,wk inc flu hosp,2,2025-06-07,56,quantile,0.75,6.166
2025-05-24,wk inc flu hosp,2,2025-06-07,56,quantile,0.8,6.984
2025-05-24,wk inc flu hosp,2,2025-06-07,56,quantile,0.85,8.368
2025-05-24,wk inc flu hosp,2,2025-06-07,56,quantile,0.9,10.368
2025-05-24,wk inc flu hosp,2,2025-06-07,56,quantile,0.95,12.683
2025-05-24,wk inc flu hosp,2,2025-06-07,56,quantile,0.975,14.584
2025-05-24,wk inc flu hosp,2,2025-06-07,56,quantile,0.99,16.458
2025-05-24,wk inc flu hosp,3,2025-06-14,56,quantile,0.01,0.0
2025-05-24,wk inc flu hosp,3,2025-06-14,56,quantile,0.025,0.0
2025-05-24,wk inc flu hosp,3,2025-06-14,56,quantile,0.05,0.0
2025-05-24,wk inc flu hosp,3,2025-06-14,56,quantile,0.1,0.0
2025-05-24,wk inc flu hosp,3,2025-06-14,56,quantile,0.15,0.0
2025-05-24,wk inc flu hosp,3,2025-06-14,56,quantile,0.2,0.0
2025-05-24,wk inc flu hosp,3,2025-06-14,56,quantile,0.25,0.0
2025-05-24,wk inc flu hosp,3,2025-06-14,56,quantile,0.3,0.493
2025-05-24,wk inc flu hosp,3,2025-06-14,56,quantile,0.35,1.116
2025-05-24,wk inc flu hosp,3,2025-06-14,56,quantile,0.4,1.678
2025-05-24,wk inc flu hosp,3,2025-06-14,56,quantile,0.45,2.337
2025-05-24,wk inc flu hosp,3,2025-06-14,56,quantile,0.5,2.854
2025-05-24,wk inc flu hosp,3,2025-06-14,56,quantile,0.55,3.478
2025-05-24,wk inc flu hosp,3,2025-06-14,56,quantile,0.6,4.148
2025-05-24,wk inc flu hosp,3,2025-06-14,56,quantile,0.65,4.826
2025-05-24,wk inc flu hosp,3,2025-06-14,56,quantile,0.7,5.733
2025-05-24,wk inc flu hosp,3,2025-06-14,56,quantile,0.75,6.678
2025-05-24,wk inc flu hosp,3,2025-06-14,56,quantile,0.8,7.672
2025-05-24,wk inc flu hosp,3,2025-06-14,56,quantile,0.85,8.629
2025-05-24,wk inc flu hosp,3,2025-06-14,56,quantile,0.9,10.338
2025-05-24,wk inc flu hosp,3,2025-06-14,56,quantile,0.95,13.139
2025-05-24,wk inc flu hosp,3,2025-06-14,56,quantile,0.975,14.805
2025-05-24,wk inc flu hosp,3,2025-06-14,56,quantile,0.99,16.673
2025-05-24,wk inc flu hosp,0,2025-05-24,72,quantile,0.01,0.0
2025-05-24,wk inc flu hosp,0,2025-05-24,72,quantile,0.025,0.0
2025-05-24,wk inc flu hosp,0,2025-05-24,72,quantile,0.05,0.0
2025-05-24,wk inc flu hosp,0,2025-05-24,72,quantile,0.1,0.0
2025-05-24,wk inc flu hosp,0,2025-05-24,72,quantile,0.15,0.377
2025-05-24,wk inc flu hosp,0,2025-05-24,72,quantile,0.2,27.394
2025-05-24,wk inc flu hosp,0,2025-05-24,72,quantile,0.25,48.093
2025-05-24,wk inc flu hosp,0,2025-05-24,72,quantile,0.3,69.715
2025-05-24,wk inc flu hosp,0,2025-05-24,72,quantile,0.35,89.524
2025-05-24,wk inc flu hosp,0,2025-05-24,72,quantile,0.4,114.449
2025-05-24,wk inc flu hosp,0,2025-05-24,72,quantile,0.45,130.653
2025-05-24,wk inc flu hosp,0,2025-05-24,72,quantile,0.5,149.35
2025-05-24,wk inc flu hosp,0,2025-05-24,72,quantile,0.55,165.54
2025-05-24,wk inc flu hosp,0,2025-05-24,72,quantile,0.6,185.982
2025-05-24,wk inc flu hosp,0,2025-05-24,72,quantile,0.65,200.403
2025-05-24,wk inc flu hosp,0,2025-05-24,72,quantile,0.7,220.575
2025-05-24,wk inc flu hosp,0,2025-05-24,72,quantile,0.75,247.608
2025-05-24,wk inc flu hosp,0,2025-05-24,72,quantile,0.8,271.733
2025-05-24,wk inc flu hosp,0,2025-05-24,72,quantile,0.85,300.82
2025-05-24,wk inc flu hosp,0,2025-05-24,72,quantile,0.9,337.149
2025-05-24,wk inc flu hosp,0,2025-05-24,72,quantile,0.95,396.461
2025-05-24,wk inc flu hosp,0,2025-05-24,72,quantile,0.975,442.766
2025-05-24,wk inc flu hosp,0,2025-05-24,72,quantile,0.99,524.406
2025-05-24,wk inc flu hosp,1,2025-05-31,72,quantile,0.01,0.0
2025-05-24,wk inc flu hosp,1,2025-05-31,72,quantile,0.025,0.0
2025-05-24,wk inc flu hosp,1,2025-05-31,72,quantile,0.05,0.0
2025-05-24,wk inc flu hosp,1,2025-05-31,72,quantile,0.1,0.0
2025-05-24,wk inc flu hosp,1,2025-05-31,72,quantile,0.15,0.0
2025-05-24,wk inc flu hosp,1,2025-05-31,72,quantile,0.2,0.0
2025-05-24,wk inc flu hosp,1,2025-05-31,72,quantile,0.25,15.04
2025-05-24,wk inc flu hosp,1,2025-05-31,72,quantile,0.3,40.944
2025-05-24,wk inc flu hosp,1,2025-05-31,72,quantile,0.35,64.45
2025-05-24,wk inc flu hosp,1,2025-05-31,72,quantile,0.4,87.078
2025-05-24,wk inc flu hosp,1,2025-05-31,72,quantile,0.45,108.509
2025-05-24,wk inc flu hosp,1,2025-05-31,72,quantile,0.5,130.565
2025-05-24,wk inc flu hosp,1,2025-05-31,72,quantile,0.55,152.886
2025-05-24,wk inc flu hosp,1,2025-05-31,72,quantile,0.6,173.724
2025-05-24,wk inc flu hosp,1,2025-05-31,72,quantile,0.65,201.973
2025-05-24,wk inc flu hosp,1,2025-05-31,72,quantile,0.7,225.425
2025-05-24,wk inc flu hosp,1,2025-05-31,72,quantile,0.75,259.204
2025-05-24,wk inc flu hosp,1,2025-05-31,72,quantile,0.8,299.75
2025-05-24,wk inc flu hosp,1,2025-05-31,72,quantile,0.85,336.245
2025-05-24,wk inc flu hosp,1,2025-05-31,72,quantile,0.9,390.181
2025-05-24,wk inc flu hosp,1,2025-05-31,72,quantile,0.95,460.2
2025-05-24,wk inc flu hosp,1,2025-05-31,72,quantile,0.975,523.402
2025-05-24,wk inc flu hosp,1,2025-05-31,72,quantile,0.99,658.643
2025-05-24,wk inc flu hosp,2,2025-06-07,72,quantile,0.01,0.0
2025-05-24,wk inc flu hosp,2,2025-06-07,72,quantile,0.025,0.0
2025-05-24,wk inc flu hosp,2,2025-06-07,72,quantile,0.05,0.0
2025-05-24,wk inc flu hosp,2,2025-06-07,72,quantile,0.1,0.0
2025-05-24,wk inc flu hosp,2,2025-06-07,72,quantile,0.15,0.0
2025-05-24,wk inc flu hosp,2,2025-06-07,72,quantile,0.2,0.0
2025-05-24,wk inc flu hosp,2,2025-06-07,72,quantile,0.25,21.971
2025-05-24,wk inc flu hosp,2,2025-06-07,72,quantile,0.3,47.095
2025-05-24,wk inc flu hosp,2,2025-06-07,72,quantile,0.35,62.588
2025-05-24,wk inc flu hosp,2,2025-06-07,72,quantile,0.4,87.771
2025-05-24,wk inc flu hosp,2,2025-06-07,72,quantile,0.45,107.161
2025-05-24,wk inc flu hosp,2,2025-06-07,72,quantile,0.5,132.307
2025-05-24,wk inc flu hosp,2,2025-06-07,72,quantile,0.55,153.971
2025-05-24,wk inc flu hosp,2,2025-06-07,72,quantile,0.6,180.597
2025-05-24,wk inc flu hosp,2,2025-06-07,72,quantile,0.65,208.233
2025-05-24,wk inc flu hosp,2,2025-06-07,72,quantile,0.7,240.66
2025-05-24,wk inc flu hosp,2,2025-06-07,72,quantile,0.75,274.116
2025-05-24,wk inc flu hosp,2,2025-06-07,72,quantile,0.8,314.664
2025-05-24,wk inc flu hosp,2,2025-06-07,72,quantile,0.85,358.179
2025-05-24,wk inc flu hosp,2,2025-06-07,72,quantile,0.9,408.086
2025-05-24,wk inc flu hosp,2,2025-06-07,72,quantile,0.95,506.66
2025-05-24,wk inc flu hosp,2,2025-06-07,72,quantile,0.975,583.271
2025-05-24,wk inc flu hosp,2,2025-06-07,72,quantile,0.99,668.443
2025-05-24,wk inc flu hosp,3,2025-06-14,72,quantile,0.01,0.0
2025-05-24,wk inc flu hosp,3,2025-06-14,72,quantile,0.025,0.0
2025-05-24,wk inc flu hosp,3,2025-06-14,72,quantile,0.05,0.0
2025-05-24,wk inc flu hosp,3,2025-06-14,72,quantile,0.1,0.0
2025-05-24,wk inc flu hosp,3,2025-06-14,72,quantile,0.15,0.0
2025-05-24,wk inc flu hosp,3,2025-06-14,72,quantile,0.2,11.459
2025-05-24,wk inc flu hosp,3,2025-06-14,72,quantile,0.25,39.108
2025-05-24,wk inc flu hosp,3,2025-06-14,72,quantile,0.3,58.719
2025-05-24,wk inc flu hosp,3,2025-06-14,72,quantile,0.35,81.057
2025-05-24,wk inc flu hosp,3,2025-06-14,72,quantile,0.4,105.651
2025-05-24,wk inc flu hosp,3,2025-06-14,72,quantile,0.45,131.085
2025-05-24,wk inc flu hosp,3,2025-06-14,72,quantile,0.5,161.72
2025-05-24,wk inc flu hosp,3,2025-06-14,72,quantile,0.55,187.79
2025-05-24,wk inc flu hosp,3,2025-06-14,72,quantile,0.6,209.756
2025-05-24,wk inc flu hosp,3,2025-06-14,72,quantile,0.65,234.248
2025-05-24,wk inc flu hosp,3,2025-06-14,72,quantile,0.7,261.543
2025-05-24,wk inc flu hosp,3,2025-06-14,72,quantile,0.75,299.772
2025-05-24,wk inc flu hosp,3,2025-06-14,72,quantile,0.8,339.269
2025-05-24,wk inc flu hosp,3,2025-06-14,72,quantile,0.85,376.265
2025-05-24,wk inc flu hosp,3,2025-06-14,72,quantile,0.9,442.645
2025-05-24,wk inc flu hosp,3,2025-06-14,72,quantile,0.95,549.345
2025-05-24,wk inc flu hosp,3,2025-06-14,72,quantile,0.975,645.395
2025-05-24,wk inc flu hosp,3,2025-06-14,72,quantile,0.99,765.388
2025-05-24,wk inc flu hosp,0,2025-05-24,US,quantile,0.01,474.294
2025-05-24,wk inc flu hosp,0,2025-05-24,US,quantile,0.025,599.155
2025-05-24,wk inc flu hosp,0,2025-05-24,US,quantile,0.05,694.135
2025-05-24,wk inc flu hosp,0,2025-05-24,US,quantile,0.1,831.632
2025-05-24,wk inc flu hosp,0,2025-05-24,US,quantile,0.15,951.81
2025-05-24,wk inc flu hosp,0,2025-05-24,US,quantile,0.2,1073.31
2025-05-24,wk inc flu hosp,0,2025-05-24,US,quantile,0.25,1140.917
2025-05-24,wk inc flu hosp,0,2025-05-24,US,quantile,0.3,1219.99
2025-05-24,wk inc flu hosp,0,2025-05-24,US,quantile,0.35,1281.64
2025-05-24,wk inc flu hosp,0,2025-05-24,US,quantile,0.4,1327.978
2025-05-24,wk inc flu hosp,0,2025-05-24,US,quantile,0.45,1378.293
2025-05-24,wk inc flu hosp,0,2025-05-24,US,quantile,0.5,1445.88
2025-05-24,wk inc flu hosp,0,2025-05-24,US,quantile,0.55,1501.786
2025-05-24,wk inc flu hosp,0,2025-05-24,US,quantile,0.6,1566.043
2025-05-24,wk inc flu hosp,0,2025-05-24,US,quantile,0.65,1604.999
2025-05-24,wk inc flu hosp,0,2025-05-24,US,quantile,0.7,1675.967
2025-05-24,wk inc flu hosp,0,2025-05-24,US,quantile,0.75,1742.809
2025-05-24,wk inc flu hosp,0,2025-05-24,US,quantile,0.8,1826.996
2025-05-24,wk inc flu hosp,0,2025-05-24,US,quantile,0.85,1908.577
2025-05-24,wk inc flu hosp,0,2025-05-24,US,quantile,0.9,2015.224
2025-05-24,wk inc flu hosp,0,2025-05-24,US,quantile,0.95,2184.001
2025-05-24,wk inc flu hosp,0,2025-05-24,US,quantile,0.975,2359.832
2025-05-24,wk inc flu hosp,0,2025-05-24,US,quantile,0.99,2552.244
2025-05-24,wk inc flu hosp,1,2025-05-31,US,quantile,0.01,0.0
2025-05-24,wk inc flu hosp,1,2025-05-31,US,quantile,0.025,0.0
2025-05-24,wk inc flu hosp,1,2025-05-31,US,quantile,0.05,0.0
2025-05-24,wk inc flu hosp,1,2025-05-31,US,quantile,0.1,204.775
2025-05-24,wk inc flu hosp,1,2025-05-31,US,quantile,0.15,359.531
2025-05-24,wk inc flu hosp,1,2025-05-31,US,quantile,0.2,528.137
2025-05-24,wk inc flu hosp,1,2025-05-31,US,quantile,0.25,633.533
2025-05-24,wk inc flu hosp,1,2025-05-31,US,quantile,0.3,733.847
2025-05-24,wk inc flu hosp,1,2025-05-31,US,quantile,0.35,833.703
2025-05-24,wk inc flu hosp,1,2025-05-31,US,quantile,0.4,938.038
2025-05-24,wk inc flu hosp,1,2025-05-31,US,quantile,0.45,1048.608
2025-05-24,wk inc flu hosp,1,2025-05-31,US,quantile,0.5,1135.107
2025-05-24,wk inc flu hosp,1,2025-05-31,US,quantile,0.55,1212.006
2025-05-24,wk inc flu hosp,1,2025-05-31,US,quantile,0.6,1334.408
2025-05-24,wk inc flu hosp,1,2025-05-31,US,quantile,0.65,1430.173
2025-05-24,wk inc flu hosp,1,2025-05-31,US,quantile,0.7,1538.826
2025-05-24,wk inc flu hosp,1,2025-05-31,US,quantile,0.75,1628.34
2025-05-24,wk inc flu hosp,1,2025-05-31,US,quantile,0.8,1755.352
2025-05-24,wk inc flu hosp,1,2025-05-31,US,quantile,0.85,1874.599
2025-05-24,wk inc flu hosp,1,2025-05-31,US,quantile,0.9,2081.054
2025-05-24,wk inc flu hosp,1,2025-05-31,US,quantile,0.95,2286.439
2025-05-24,wk inc flu hosp,1,2025-05-31,US,quantile,0.975,2548.997
2025-05-24,wk inc flu hosp,1,2025-05-31,US,quantile,0.99,2890.843
2025-05-24,wk inc flu hosp,2,2025-06-07,US,quantile,0.01,0.0
2025-05-24,wk inc flu hosp,2,2025-06-07,US,quantile,0.025,0.0
2025-05-24,wk inc flu hosp,2,2025-06-07,US,quantile,0.05,0.0
2025-05-24,wk inc flu hosp,2,2025-06-07,US,quantile,0.1,0.0
2025-05-24,wk inc flu hosp,2,2025-06-07,US,quantile,0.15,0.0
2025-05-24,wk inc flu hosp,2,2025-06-07,US,quantile,0.2,34.734
2025-05-24,wk inc flu hosp,2,2025-06-07,US,quantile,0.25,189.623
2025-05-24,wk inc flu hosp,2,2025-06-07,US,quantile,0.3,319.36
2025-05-24,wk inc flu hosp,2,2025-06-07,US,quantile,0.35,456.884
2025-05-24,wk inc flu hosp,2,2025-06-07,US,quantile,0.4,591.78
2025-05-24,wk inc flu hosp,2,2025-06-07,US,quantile,0.45,707.736
2025-05-24,wk inc flu hosp,2,2025-06-07,US,quantile,0.5,834.257
2025-05-24,wk inc flu hosp,2,2025-06-07,US,quantile,0.55,925.718
2025-05-24,wk inc flu hosp,2,2025-06-07,US,quantile,0.6,1042.723
2025-05-24,wk inc flu hosp,2,2025-06-07,US,quantile,0.65,1171.092
2025-05-24,wk inc flu hosp,2,2025-06-07,US,quantile,0.7,1290.984
2025-05-24,wk inc flu hosp,2,2025-06-07,US,quantile,0.75,1388.137
2025-05-24,wk inc flu hosp,2,2025-06-07,US,quantile,0.8,1512.188
2025-05-24,wk inc flu hosp,2,2025-06-07,US,quantile,0.85,1699.371
2025-05-24,wk inc flu hosp,2,2025-06-07,US,quantile,0.9,1948.65
2025-05-24,wk inc flu hosp,2,2025-06-07,US,quantile,0.95,2353.594
2025-05-24,wk inc flu hosp,2,2025-06-07,US,quantile,0.975,2742.225
2025-05-24,wk inc flu hosp,2,2025-06-07,US,quantile,0.99,3219.089
2025-05-24,wk inc flu hosp,3,2025-06-14,US,quantile,0.01,0.0
2025-05-24,wk inc flu hosp,3,2025-06-14,US,quantile,0.025,0.0
2025-05-24,wk inc flu hosp,3,2025-06-14,US,quantile,0.05,0.0
2025-05-24,wk inc flu hosp,3,2025-06-14,US,quantile,0.1,0.0
2025-05-24,wk inc flu hosp,3,2025-06-14,US,quantile,0.15,0.0
2025-05-24,wk inc flu hosp,3,2025-06-14,US,quantile,0.2,0.0
2025-05-24,wk inc flu hosp,3,2025-06-14,US,quantile,0.25,0.0
2025-05-24,wk inc flu hosp,3,2025-06-14,US,quantile,0.3,19.895
2025-05-24,wk inc flu hosp,3,2025-06-14,US,quantile,0.35,127.015
2025-05-24,wk inc flu hosp,3,2025-06-14,US,quantile,0.4,251.493
2025-05-24,wk inc flu hosp,3,2025-06-14,US,quantile,0.45,376.84
2025-05-24,wk inc flu hosp,3,2025-06-14,US,quantile,0.5,486.673
2025-05-24,wk inc flu hosp,3,2025-06-14,US,quantile,0.55,609.855
2025-05-24,wk inc flu hosp,3,2025-06-14,US,quantile,0.6,735.33
2025-05-24,wk inc flu hosp,3,2025-06-14,US,quantile,0.65,854.037
2025-05-24,wk inc flu hosp,3,2025-06-14,US,quantile,0.7,991.076
2025-05-24,wk inc flu hosp,3,2025-06-14,US,quantile,0.75,1182.991
2025-05-24,wk inc flu hosp,3,2025-06-14,US,quantile,0.8,1349.414
2025-05-24,wk inc flu hosp,3,2025-06-14,US,quantile,0.85,1545.585
2025-05-24,wk inc flu hosp,3,2025-06-14,US,quantile,0.9,1757.448
2025-05-24,wk inc flu hosp,3,2025-06-14,US,quantile,0.95,2185.057
2025-05-24,wk inc flu hosp,3,2025-06-14,US,quantile,0.975,2540.33
2025-05-24,wk inc flu hosp,3,2025-06-14,US,quantile,0.99,3142.987
2025-05-24,wk flu hosp rate change,0,2025-05-24,01,pmf,stable,0.3630000000000001
2025-05-24,wk flu hosp rate change,0,2025-05-24,01,pmf,increase,0.254
2025-05-24,wk flu hosp rate change,0,2025-05-24,01,pmf,large_increase,0.006
2025-05-24,wk flu hosp rate change,0,2025-05-24,01,pmf,decrease,0.376
2025-05-24,wk flu hosp rate change,0,2025-05-24,01,pmf,large_decrease,0.001
2025-05-24,wk flu hosp rate change,1,2025-05-31,01,pmf,stable,0.45400000000000024
2025-05-24,wk flu hosp rate change,1,2025-05-31,01,pmf,increase,0.185
2025-05-24,wk flu hosp rate change,1,2025-05-31,01,pmf,large_increase,0.001
2025-05-24,wk flu hosp rate change,1,2025-05-31,01,pmf,decrease,0.359
2025-05-24,wk flu hosp rate change,1,2025-05-31,01,pmf,large_decrease,0.001
2025-05-24,wk flu hosp rate change,2,2025-06-07,01,pmf,stable,0.5910000000000002
2025-05-24,wk flu hosp rate change,2,2025-06-07,01,pmf,increase,0.129
2025-05-24,wk flu hosp rate change,2,2025-06-07,01,pmf,large_increase,0.001
2025-05-24,wk flu hosp rate change,2,2025-06-07,01,pmf,decrease,0.278
2025-05-24,wk flu hosp rate change,2,2025-06-07,01,pmf,large_decrease,0.001
2025-05-24,wk flu hosp rate change,3,2025-06-14,01,pmf,stable,0.8980000000000004
2025-05-24,wk flu hosp rate change,3,2025-06-14,01,pmf,increase,0.099
2025-05-24,wk flu hosp rate change,3,2025-06-14,01,pmf,large_increase,0.001
2025-05-24,wk flu hosp rate change,3,2025-06-14,01,pmf,decrease,0.001
2025-05-24,wk flu hosp rate change,3,2025-06-14,01,pmf,large_decrease,0.001
2025-05-24,wk flu hosp rate change,0,2025-05-24,02,pmf,stable,0.13200000000000012
2025-05-24,wk flu hosp rate change,0,2025-05-24,02,pmf,increase,0.232
2025-05-24,wk flu hosp rate change,0,2025-05-24,02,pmf,large_increase,0.178
2025-05-24,wk flu hosp rate change,0,2025-05-24,02,pmf,decrease,0.457
2025-05-24,wk flu hosp rate change,0,2025-05-24,02,pmf,large_decrease,0.001
2025-05-24,wk flu hosp rate change,1,2025-05-31,02,pmf,stable,0.18100000000000016
2025-05-24,wk flu hosp rate change,1,2025-05-31,02,pmf,increase,0.289
2025-05-24,wk flu hosp rate change,1,2025-05-31,02,pmf,large_increase,0.122
2025-05-24,wk flu hosp rate change,1,2025-05-31,02,pmf,decrease,0.407
2025-05-24,wk flu hosp rate change,1,2025-05-31,02,pmf,large_decrease,0.001
2025-05-24,wk flu hosp rate change,2,2025-06-07,02,pmf,stable,0.5740000000000001
2025-05-24,wk flu hosp rate change,2,2025-06-07,02,pmf,increase,0.328
2025-05-24,wk flu hosp rate change,2,2025-06-07,02,pmf,large_increase,0.096
2025-05-24,wk flu hosp rate change,2,2025-06-07,02,pmf,decrease,0.001
2025-05-24,wk flu hosp rate change,2,2025-06-07,02,pmf,large_decrease,0.001
2025-05-24,wk flu hosp rate change,3,2025-06-14,02,pmf,stable,0.5530000000000002
2025-05-24,wk flu hosp rate change,3,2025-06-14,02,pmf,increase,0.357
2025-05-24,wk flu hosp rate change,3,2025-06-14,02,pmf,large_increase,0.088
2025-05-24,wk flu hosp rate change,3,2025-06-14,02,pmf,decrease,0.001
2025-05-24,wk flu hosp rate change,3,2025-06-14,02,pmf,large_decrease,0.001
2025-05-24,wk flu hosp rate change,0,2025-05-24,04,pmf,stable,0.2040000000000001
2025-05-24,wk flu hosp rate change,0,2025-05-24,04,pmf,increase,0.242
2025-05-24,wk flu hosp rate change,0,2025-05-24,04,pmf,large_increase,0.052
2025-05-24,wk flu hosp rate change,0,2025-05-24,04,pmf,decrease,0.501
2025-05-24,wk flu hosp rate change,0,2025-05-24,04,pmf,large_decrease,0.001
2025-05-24,wk flu hosp rate change,1,2025-05-31,04,pmf,stable,0.2390000000000001
2025-05-24,wk flu hosp rate change,1,2025-05-31,04,pmf,increase,0.246
2025-05-24,wk flu hosp rate change,1,2025-05-31,04,pmf,large_increase,0.021
2025-05-24,wk flu hosp rate change,1,2025-05-31,04,pmf,decrease,0.493
2025-05-24,wk flu hosp rate change,1,2025-05-31,04,pmf,large_decrease,0.001
2025-05-24,wk flu hosp rate change,2,2025-06-07,04,pmf,stable,0.7300000000000002
2025-05-24,wk flu hosp rate change,2,2025-06-07,04,pmf,increase,0.257
2025-05-24,wk flu hosp rate change,2,2025-06-07,04,pmf,large_increase,0.011
2025-05-24,wk flu hosp rate change,2,2025-06-07,04,pmf,decrease,0.001
2025-05-24,wk flu hosp rate change,2,2025-06-07,04,pmf,large_decrease,0.001
2025-05-24,wk flu hosp rate change,3,2025-06-14,04,pmf,stable,0.7680000000000002
2025-05-24,wk flu hosp rate change,3,2025-06-14,04,pmf,increase,0.22
2025-05-24,wk flu hosp rate change,3,2025-06-14,04,pmf,large_increase,0.01
2025-05-24,wk flu hosp rate change,3,2025-06-14,04,pmf,decrease,0.001
2025-05-24,wk flu hosp rate change,3,2025-06-14,04,pmf,large_decrease,0.001
2025-05-24,wk flu hosp rate change,0,2025-05-24,05,pmf,stable,0.6770000000000002
2025-05-24,wk flu hosp rate change,0,2025-05-24,05,pmf,increase,0.275
2025-05-24,wk flu hosp rate change,0,2025-05-24,05,pmf,large_increase,0.046
2025-05-24,wk flu hosp rate change,0,2025-05-24,05,pmf,decrease,0.001
2025-05-24,wk flu hosp rate change,0,2025-05-24,05,pmf,large_decrease,0.001
2025-05-24,wk flu hosp rate change,1,2025-05-31,05,pmf,stable,0.6710000000000003
2025-05-24,wk flu hosp rate change,1,2025-05-31,05,pmf,increase,0.319
2025-05-24,wk flu hosp rate change,1,2025-05-31,05,pmf,large_increase,0.008
2025-05-24,wk flu hosp rate change,1,2025-05-31,05,pmf,decrease,0.001
2025-05-24,wk flu hosp rate change,1,2025-05-31,05,pmf,large_decrease,0.001
2025-05-24,wk flu hosp rate change,2,2025-06-07,05,pmf,stable,0.6850000000000003
2025-05-24,wk flu hosp rate change,2,2025-06-07,05,pmf,increase,0.312
2025-05-24,wk flu hosp rate change,2,2025-06-07,05,pmf,large_increase,0.001
2025-05-24,wk flu hosp rate change,2,2025-06-07,05,pmf,decrease,0.001
2025-05-24,wk flu hosp rate change,2,2025-06-07,05,pmf,large_decrease,0.001
2025-05-24,wk flu hosp rate change,3,2025-06-14,05,pmf,stable,0.7430000000000003
2025-05-24,wk flu hosp rate change,3,2025-06-14,05,pmf,increase,0.254
2025-05-24,wk flu hosp rate change,3,2025-06-14,05,pmf,large_increase,0.001
2025-05-24,wk flu hosp rate change,3,2025-06-14,05,pmf,decrease,0.001
2025-05-24,wk flu hosp rate change,3,2025-06-14,05,pmf,large_decrease,0.001
2025-05-24,wk flu hosp rate change,0,2025-05-24,06,pmf,stable,0.8430000000000002
2025-05-24,wk flu hosp rate change,0,2025-05-24,06,pmf,increase,0.095
2025-05-24,wk flu hosp rate change,0,2025-05-24,06,pmf,large_increase,0.001
2025-05-24,wk flu hosp rate change,0,2025-05-24,06,pmf,decrease,0.06
2025-05-24,wk flu hosp rate change,0,2025-05-24,06,pmf,large_decrease,0.001
2025-05-24,wk flu hosp rate change,1,2025-05-31,06,pmf,stable,0.9150000000000004
2025-05-24,wk flu hosp rate change,1,2025-05-31,06,pmf,increase,0.082
2025-05-24,wk flu hosp rate change,1,2025-05-31,06,pmf,large_increase,0.001
2025-05-24,wk flu hosp rate change,1,2025-05-31,06,pmf,decrease,0.001
2025-05-24,wk flu hosp rate change,1,2025-05-31,06,pmf,large_decrease,0.001
2025-05-24,wk flu hosp rate change,2,2025-06-07,06,pmf,stable,0.9560000000000003
2025-05-24,wk flu hosp rate change,2,2025-06-07,06,pmf,increase,0.041
2025-05-24,wk flu hosp rate change,2,2025-06-07,06,pmf,large_increase,0.001
2025-05-24,wk flu hosp rate change,2,2025-06-07,06,pmf,decrease,0.001
2025-05-24,wk flu hosp rate change,2,2025-06-07,06,pmf,large_decrease,0.001
2025-05-24,wk flu hosp rate change,3,2025-06-14,06,pmf,stable,0.9850000000000003
2025-05-24,wk flu hosp rate change,3,2025-06-14,06,pmf,increase,0.012
2025-05-24,wk flu hosp rate change,3,2025-06-14,06,pmf,large_increase,0.001
2025-05-24,wk flu hosp rate change,3,2025-06-14,06,pmf,decrease,0.001
2025-05-24,wk flu hosp rate change,3,2025-06-14,06,pmf,large_decrease,0.001
2025-05-24,wk flu hosp rate change,0,2025-05-24,08,pmf,stable,0.8620000000000003
2025-05-24,wk flu hosp rate change,0,2025-05-24,08,pmf,increase,0.135
2025-05-24,wk flu hosp rate change,0,2025-05-24,08,pmf,large_increase,0.001
2025-05-24,wk flu hosp rate change,0,2025-05-24,08,pmf,decrease,0.001
2025-05-24,wk flu hosp rate change,0,2025-05-24,08,pmf,large_decrease,0.001
2025-05-24,wk flu hosp rate change,1,2025-05-31,08,pmf,stable,0.9010000000000004
2025-05-24,wk flu hosp rate change,1,2025-05-31,08,pmf,increase,0.096
2025-05-24,wk flu hosp rate change,1,2025-05-31,08,pmf,large_increase,0.001
2025-05-24,wk flu hosp rate change,1,2025-05-31,08,pmf,decrease,0.001
2025-05-24,wk flu hosp rate change,1,2025-05-31,08,pmf,large_decrease,0.001
2025-05-24,wk flu hosp rate change,2,2025-06-07,08,pmf,stable,0.9360000000000003
2025-05-24,wk flu hosp rate change,2,2025-06-07,08,pmf,increase,0.061
2025-05-24,wk flu hosp rate change,2,2025-06-07,08,pmf,large_increase,0.001
2025-05-24,wk flu hosp rate change,2,2025-06-07,08,pmf,decrease,0.001
2025-05-24,wk flu hosp rate change,2,2025-06-07,08,pmf,large_decrease,0.001
2025-05-24,wk flu hosp rate change,3,2025-06-14,08,pmf,stable,0.9570000000000003
2025-05-24,wk flu hosp rate change,3,2025-06-14,08,pmf,increase,0.04
2025-05-24,wk flu hosp rate change,3,2025-06-14,08,pmf,large_increase,0.001
2025-05-24,wk flu hosp rate change,3,2025-06-14,08,pmf,decrease,0.001
2025-05-24,wk flu hosp rate change,3,2025-06-14,08,pmf,large_decrease,0.001
2025-05-24,wk flu hosp rate change,0,2025-05-24,09,pmf,stable,0.20100000000000012
2025-05-24,wk flu hosp rate change,0,2025-05-24,09,pmf,increase,0.273
2025-05-24,wk flu hosp rate change,0,2025-05-24,09,pmf,large_increase,0.063
2025-05-24,wk flu hosp rate change,0,2025-05-24,09,pmf,decrease,0.462
2025-05-24,wk flu hosp rate change,0,2025-05-24,09,pmf,large_decrease,0.001
2025-05-24,wk flu hosp rate change,1,2025-05-31,09,pmf,stable,0.6810000000000003
2025-05-24,wk flu hosp rate change,1,2025-05-31,09,pmf,increase,0.296
2025-05-24,wk flu hosp rate change,1,2025-05-31,09,pmf,large_increase,0.021
2025-05-24,wk flu hosp rate change,1,2025-05-31,09,pmf,decrease,0.001
2025-05-24,wk flu hosp rate change,1,2025-05-31,09,pmf,large_decrease,0.001
2025-05-24,wk flu hosp rate change,2,2025-06-07,09,pmf,stable,0.7240000000000002
2025-05-24,wk flu hosp rate change,2,2025-06-07,09,pmf,increase,0.267
2025-05-24,wk flu hosp rate change,2,2025-06-07,09,pmf,large_increase,0.007
2025-05-24,wk flu hosp rate change,2,2025-06-07,09,pmf,decrease,0.001
2025-05-24,wk flu hosp rate change,2,2025-06-07,09,pmf,large_decrease,0.001
2025-05-24,wk flu hosp rate change,3,2025-06-14,09,pmf,stable,0.7860000000000003
2025-05-24,wk flu hosp rate change,3,2025-06-14,09,pmf,increase,0.21
2025-05-24,wk flu hosp rate change,3,2025-06-14,09,pmf,large_increase,0.002
2025-05-24,wk flu hosp rate change,3,2025-06-14,09,pmf,decrease,0.001
2025-05-24,wk flu hosp rate change,3,2025-06-14,09,pmf,large_decrease,0.001
2025-05-24,wk flu hosp rate change,0,2025-05-24,10,pmf,stable,0.7190000000000003
2025-05-24,wk flu hosp rate change,0,2025-05-24,10,pmf,increase,0.278
2025-05-24,wk flu hosp rate change,0,2025-05-24,10,pmf,large_increase,0.001
2025-05-24,wk flu hosp rate change,0,2025-05-24,10,pmf,decrease,0.001
2025-05-24,wk flu hosp rate change,0,2025-05-24,10,pmf,large_decrease,0.001
2025-05-24,wk flu hosp rate change,1,2025-05-31,10,pmf,stable,0.7400000000000003
2025-05-24,wk flu hosp rate change,1,2025-05-31,10,pmf,increase,0.257
2025-05-24,wk flu hosp rate change,1,2025-05-31,10,pmf,large_increase,0.001
2025-05-24,wk flu hosp rate change,1,2025-05-31,10,pmf,decrease,0.001
2025-05-24,wk flu hosp rate change,1,2025-05-31,10,pmf,large_decrease,0.001
2025-05-24,wk flu hosp rate change,2,2025-06-07,10,pmf,stable,0.7040000000000003
2025-05-24,wk flu hosp rate change,2,2025-06-07,10,pmf,increase,0.293
2025-05-24,wk flu hosp rate change,2,2025-06-07,10,pmf,large_increase,0.001
2025-05-24,wk flu hosp rate change,2,2025-06-07,10,pmf,decrease,0.001
2025-05-24,wk flu hosp rate change,2,2025-06-07,10,pmf,large_decrease,0.001
2025-05-24,wk flu hosp rate change,3,2025-06-14,10,pmf,stable,0.7420000000000003
2025-05-24,wk flu hosp rate change,3,2025-06-14,10,pmf,increase,0.255
2025-05-24,wk flu hosp rate change,3,2025-06-14,10,pmf,large_increase,0.001
2025-05-24,wk flu hosp rate change,3,2025-06-14,10,pmf,decrease,0.001
2025-05-24,wk flu hosp rate change,3,2025-06-14,10,pmf,large_decrease,0.001
2025-05-24,wk flu hosp rate change,0,2025-05-24,11,pmf,stable,0.4780000000000001
2025-05-24,wk flu hosp rate change,0,2025-05-24,11,pmf,increase,0.157
2025-05-24,wk flu hosp rate change,0,2025-05-24,11,pmf,large_increase,0.363
2025-05-24,wk flu hosp rate change,0,2025-05-24,11,pmf,decrease,0.001
2025-05-24,wk flu hosp rate change,0,2025-05-24,11,pmf,large_decrease,0.001
2025-05-24,wk flu hosp rate change,1,2025-05-31,11,pmf,stable,0.39700000000000024
2025-05-24,wk flu hosp rate change,1,2025-05-31,11,pmf,increase,0.232
2025-05-24,wk flu hosp rate change,1,2025-05-31,11,pmf,large_increase,0.369
2025-05-24,wk flu hosp rate change,1,2025-05-31,11,pmf,decrease,0.001
2025-05-24,wk flu hosp rate change,1,2025-05-31,11,pmf,large_decrease,0.001
2025-05-24,wk flu hosp rate change,2,2025-06-07,11,pmf,stable,0.39400000000000035
2025-05-24,wk flu hosp rate change,2,2025-06-07,11,pmf,increase,0.293
2025-05-24,wk flu hosp rate change,2,2025-06-07,11,pmf,large_increase,0.311
2025-05-24,wk flu hosp rate change,2,2025-06-07,11,pmf,decrease,0.001
2025-05-24,wk flu hosp rate change,2,2025-06-07,11,pmf,large_decrease,0.001
2025-05-24,wk flu hosp rate change,3,2025-06-14,11,pmf,stable,0.38100000000000017
2025-05-24,wk flu hosp rate change,3,2025-06-14,11,pmf,increase,0.271
2025-05-24,wk flu hosp rate change,3,2025-06-14,11,pmf,large_increase,0.346
2025-05-24,wk flu hosp rate change,3,2025-06-14,11,pmf,decrease,0.001
2025-05-24,wk flu hosp rate change,3,2025-06-14,11,pmf,large_decrease,0.001
2025-05-24,wk flu hosp rate change,0,2025-05-24,12,pmf,stable,0.763
2025-05-24,wk flu hosp rate change,0,2025-05-24,12,pmf,increase,0.147
2025-05-24,wk flu hosp rate change,0,2025-05-24,12,pmf,large_increase,0.001
2025-05-24,wk flu hosp rate change,0,2025-05-24,12,pmf,decrease,0.088
2025-05-24,wk flu hosp rate change,0,2025-05-24,12,pmf,large_decrease,0.001
2025-05-24,wk flu hosp rate change,1,2025-05-31,12,pmf,stable,0.755
2025-05-24,wk flu hosp rate change,1,2025-05-31,12,pmf,increase,0.144
2025-05-24,wk flu hosp rate change,1,2025-05-31,12,pmf,large_increase,0.001
2025-05-24,wk flu hosp rate change,1,2025-05-31,12,pmf,decrease,0.099
2025-05-24,wk flu hosp rate change,1,2025-05-31,12,pmf,large_decrease,0.001
2025-05-24,wk flu hosp rate change,2,2025-06-07,12,pmf,stable,0.782
2025-05-24,wk flu hosp rate change,2,2025-06-07,12,pmf,increase,0.112
2025-05-24,wk flu hosp rate change,2,2025-06-07,12,pmf,large_increase,0.001
2025-05-24,wk flu hosp rate change,2,2025-06-07,12,pmf,decrease,0.104
2025-05-24,wk flu hosp rate change,2,2025-06-07,12,pmf,large_decrease,0.001
2025-05-24,wk flu hosp rate change,3,2025-06-14,12,pmf,stable,0.9360000000000003
2025-05-24,wk flu hosp rate change,3,2025-06-14,12,pmf,increase,0.061
2025-05-24,wk flu hosp rate change,3,2025-06-14,12,pmf,large_increase,0.001
2025-05-24,wk flu hosp rate change,3,2025-06-14,12,pmf,decrease,0.001
2025-05-24,wk flu hosp rate change,3,2025-06-14,12,pmf,large_decrease,0.001
2025-05-24,wk flu hosp rate change,0,2025-05-24,13,pmf,stable,0.9060000000000004
2025-05-24,wk flu hosp rate change,0,2025-05-24,13,pmf,increase,0.091
2025-05-24,wk flu hosp rate change,0,2025-05-24,13,pmf,large_increase,0.001
2025-05-24,wk flu hosp rate change,0,2025-05-24,13,pmf,decrease,0.001
2025-05-24,wk flu hosp rate change,0,2025-05-24,13,pmf,large_decrease,0.001
2025-05-24,wk flu hosp rate change,1,2025-05-31,13,pmf,stable,0.9220000000000004
2025-05-24,wk flu hosp rate change,1,2025-05-31,13,pmf,increase,0.075
2025-05-24,wk flu hosp rate change,1,2025-05-31,13,pmf,large_increase,0.001
2025-05-24,wk flu hosp rate change,1,2025-05-31,13,pmf,decrease,0.001
2025-05-24,wk flu hosp rate change,1,2025-05-31,13,pmf,large_decrease,0.001
2025-05-24,wk flu hosp rate change,2,2025-06-07,13,pmf,stable,0.9690000000000003
2025-05-24,wk flu hosp rate change,2,2025-06-07,13,pmf,increase,0.028
2025-05-24,wk flu hosp rate change,2,2025-06-07,13,pmf,large_increase,0.001
2025-05-24,wk flu hosp rate change,2,2025-06-07,13,pmf,decrease,0.001
2025-05-24,wk flu hosp rate change,2,2025-06-07,13,pmf,large_decrease,0.001
2025-05-24,wk flu hosp rate change,3,2025-06-14,13,pmf,stable,0.9880000000000003
2025-05-24,wk flu hosp rate change,3,2025-06-14,13,pmf,increase,0.009
2025-05-24,wk flu hosp rate change,3,2025-06-14,13,pmf,large_increase,0.001
2025-05-24,wk flu hosp rate change,3,2025-06-14,13,pmf,decrease,0.001
2025-05-24,wk flu hosp rate change,3,2025-06-14,13,pmf,large_decrease,0.001
2025-05-24,wk flu hosp rate change,0,2025-05-24,15,pmf,stable,0.22099999999999986
2025-05-24,wk flu hosp rate change,0,2025-05-24,15,pmf,increase,0.326
2025-05-24,wk flu hosp rate change,0,2025-05-24,15,pmf,large_increase,0.059
2025-05-24,wk flu hosp rate change,0,2025-05-24,15,pmf,decrease,0.324
2025-05-24,wk flu hosp rate change,0,2025-05-24,15,pmf,large_decrease,0.07
2025-05-24,wk flu hosp rate change,1,2025-05-31,15,pmf,stable,0.2190000000000002
2025-05-24,wk flu hosp rate change,1,2025-05-31,15,pmf,increase,0.312
2025-05-24,wk flu hosp rate change,1,2025-05-31,15,pmf,large_increase,0.038
2025-05-24,wk flu hosp rate change,1,2025-05-31,15,pmf,decrease,0.43
2025-05-24,wk flu hosp rate change,1,2025-05-31,15,pmf,large_decrease,0.001
2025-05-24,wk flu hosp rate change,2,2025-06-07,15,pmf,stable,0.2340000000000001
2025-05-24,wk flu hosp rate change,2,2025-06-07,15,pmf,increase,0.294
2025-05-24,wk flu hosp rate change,2,2025-06-07,15,pmf,large_increase,0.034
2025-05-24,wk flu hosp rate change,2,2025-06-07,15,pmf,decrease,0.437
2025-05-24,wk flu hosp rate change,2,2025-06-07,15,pmf,large_decrease,0.001
2025-05-24,wk flu hosp rate change,3,2025-06-14,15,pmf,stable,0.2880000000000001
2025-05-24,wk flu hosp rate change,3,2025-06-14,15,pmf,increase,0.261
2025-05-24,wk flu hosp rate change,3,2025-06-14,15,pmf,large_increase,0.033
2025-05-24,wk flu hosp rate change,3,2025-06-14,15,pmf,decrease,0.417
2025-05-24,wk flu hosp rate change,3,2025-06-14,15,pmf,large_decrease,0.001
2025-05-24,wk flu hosp rate change,0,2025-05-24,16,pmf,stable,0.5810000000000001
2025-05-24,wk flu hosp rate change,0,2025-05-24,16,pmf,increase,0.279
2025-05-24,wk flu hosp rate change,0,2025-05-24,16,pmf,large_increase,0.138
2025-05-24,wk flu hosp rate change,0,2025-05-24,16,pmf,decrease,0.001
2025-05-24,wk flu hosp rate change,0,2025-05-24,16,pmf,large_decrease,0.001
2025-05-24,wk flu hosp rate change,1,2025-05-31,16,pmf,stable,0.5430000000000001
2025-05-24,wk flu hosp rate change,1,2025-05-31,16,pmf,increase,0.363
2025-05-24,wk flu hosp rate change,1,2025-05-31,16,pmf,large_increase,0.092
2025-05-24,wk flu hosp rate change,1,2025-05-31,16,pmf,decrease,0.001
2025-05-24,wk flu hosp rate change,1,2025-05-31,16,pmf,large_decrease,0.001
2025-05-24,wk flu hosp rate change,2,2025-06-07,16,pmf,stable,0.5240000000000002
2025-05-24,wk flu hosp rate change,2,2025-06-07,16,pmf,increase,0.407
2025-05-24,wk flu hosp rate change,2,2025-06-07,16,pmf,large_increase,0.067
2025-05-24,wk flu hosp rate change,2,2025-06-07,16,pmf,decrease,0.001
2025-05-24,wk flu hosp rate change,2,2025-06-07,16,pmf,large_decrease,0.001
2025-05-24,wk flu hosp rate change,3,2025-06-14,16,pmf,stable,0.5870000000000002
2025-05-24,wk flu hosp rate change,3,2025-06-14,16,pmf,increase,0.37
2025-05-24,wk flu hosp rate change,3,2025-06-14,16,pmf,large_increase,0.041
2025-05-24,wk flu hosp rate change,3,2025-06-14,16,pmf,decrease,0.001
2025-05-24,wk flu hosp rate change,3,2025-06-14,16,pmf,large_decrease,0.001
2025-05-24,wk flu hosp rate change,0,2025-05-24,17,pmf,stable,0.4320000000000001
2025-05-24,wk flu hosp rate change,0,2025-05-24,17,pmf,increase,0.226
2025-05-24,wk flu hosp rate change,0,2025-05-24,17,pmf,large_increase,0.001
2025-05-24,wk flu hosp rate change,0,2025-05-24,17,pmf,decrease,0.34
2025-05-24,wk flu hosp rate change,0,2025-05-24,17,pmf,large_decrease,0.001
2025-05-24,wk flu hosp rate change,1,2025-05-31,17,pmf,stable,0.8410000000000003
2025-05-24,wk flu hosp rate change,1,2025-05-31,17,pmf,increase,0.156
2025-05-24,wk flu hosp rate change,1,2025-05-31,17,pmf,large_increase,0.001
2025-05-24,wk flu hosp rate change,1,2025-05-31,17,pmf,decrease,0.001
2025-05-24,wk flu hosp rate change,1,2025-05-31,17,pmf,large_decrease,0.001
2025-05-24,wk flu hosp rate change,2,2025-06-07,17,pmf,stable,0.8850000000000003
2025-05-24,wk flu hosp rate change,2,2025-06-07,17,pmf,increase,0.112
2025-05-24,wk flu hosp rate change,2,2025-06-07,17,pmf,large_increase,0.001
2025-05-24,wk flu hosp rate change,2,2025-06-07,17,pmf,decrease,0.001
2025-05-24,wk flu hosp rate change,2,2025-06-07,17,pmf,large_decrease,0.001
2025-05-24,wk flu hosp rate change,3,2025-06-14,17,pmf,stable,0.9450000000000003
2025-05-24,wk flu hosp rate change,3,2025-06-14,17,pmf,increase,0.052
2025-05-24,wk flu hosp rate change,3,2025-06-14,17,pmf,large_increase,0.001
2025-05-24,wk flu hosp rate change,3,2025-06-14,17,pmf,decrease,0.001
2025-05-24,wk flu hosp rate change,3,2025-06-14,17,pmf,large_decrease,0.001
2025-05-24,wk flu hosp rate change,0,2025-05-24,18,pmf,stable,0.3620000000000001
2025-05-24,wk flu hosp rate change,0,2025-05-24,18,pmf,increase,0.289
2025-05-24,wk flu hosp rate change,0,2025-05-24,18,pmf,large_increase,0.005
2025-05-24,wk flu hosp rate change,0,2025-05-24,18,pmf,decrease,0.343
2025-05-24,wk flu hosp rate change,0,2025-05-24,18,pmf,large_decrease,0.001
2025-05-24,wk flu hosp rate change,1,2025-05-31,18,pmf,stable,0.6990000000000002
2025-05-24,wk flu hosp rate change,1,2025-05-31,18,pmf,increase,0.298
2025-05-24,wk flu hosp rate change,1,2025-05-31,18,pmf,large_increase,0.001
2025-05-24,wk flu hosp rate change,1,2025-05-31,18,pmf,decrease,0.001
2025-05-24,wk flu hosp rate change,1,2025-05-31,18,pmf,large_decrease,0.001
2025-05-24,wk flu hosp rate change,2,2025-06-07,18,pmf,stable,0.6590000000000003
2025-05-24,wk flu hosp rate change,2,2025-06-07,18,pmf,increase,0.328
2025-05-24,wk flu hosp rate change,2,2025-06-07,18,pmf,large_increase,0.011
2025-05-24,wk flu hosp rate change,2,2025-06-07,18,pmf,decrease,0.001
2025-05-24,wk flu hosp rate change,2,2025-06-07,18,pmf,large_decrease,0.001
2025-05-24,wk flu hosp rate change,3,2025-06-14,18,pmf,stable,0.7010000000000002
2025-05-24,wk flu hosp rate change,3,2025-06-14,18,pmf,increase,0.292
2025-05-24,wk flu hosp rate change,3,2025-06-14,18,pmf,large_increase,0.005
2025-05-24,wk flu hosp rate change,3,2025-06-14,18,pmf,decrease,0.001
2025-05-24,wk flu hosp rate change,3,2025-06-14,18,pmf,large_decrease,0.001
2025-05-24,wk flu hosp rate change,0,2025-05-24,19,pmf,stable,0.9030000000000002
2025-05-24,wk flu hosp rate change,0,2025-05-24,19,pmf,increase,0.094
2025-05-24,wk flu hosp rate change,0,2025-05-24,19,pmf,large_increase,0.001
2025-05-24,wk flu hosp rate change,0,2025-05-24,19,pmf,decrease,0.001
2025-05-24,wk flu hosp rate change,0,2025-05-24,19,pmf,large_decrease,0.001
2025-05-24,wk flu hosp rate change,1,2025-05-31,19,pmf,stable,0.9180000000000004
2025-05-24,wk flu hosp rate change,1,2025-05-31,19,pmf,increase,0.079
2025-05-24,wk flu hosp rate change,1,2025-05-31,19,pmf,large_increase,0.001
2025-05-24,wk flu hosp rate change,1,2025-05-31,19,pmf,decrease,0.001
2025-05-24,wk flu hosp rate change,1,2025-05-31,19,pmf,large_decrease,0.001
2025-05-24,wk flu hosp rate change,2,2025-06-07,19,pmf,stable,0.9560000000000003
2025-05-24,wk flu hosp rate change,2,2025-06-07,19,pmf,increase,0.041
2025-05-24,wk flu hosp rate change,2,2025-06-07,19,pmf,large_increase,0.001
2025-05-24,wk flu hosp rate change,2,2025-06-07,19,pmf,decrease,0.001
2025-05-24,wk flu hosp rate change,2,2025-06-07,19,pmf,large_decrease,0.001
2025-05-24,wk flu hosp rate change,3,2025-06-14,19,pmf,stable,0.9660000000000003
2025-05-24,wk flu hosp rate change,3,2025-06-14,19,pmf,increase,0.031
2025-05-24,wk flu hosp rate change,3,2025-06-14,19,pmf,large_increase,0.001
2025-05-24,wk flu hosp rate change,3,2025-06-14,19,pmf,decrease,0.001
2025-05-24,wk flu hosp rate change,3,2025-06-14,19,pmf,large_decrease,0.001
2025-05-24,wk flu hosp rate change,0,2025-05-24,20,pmf,stable,0.7880000000000004
2025-05-24,wk flu hosp rate change,0,2025-05-24,20,pmf,increase,0.209
2025-05-24,wk flu hosp rate change,0,2025-05-24,20,pmf,large_increase,0.001
2025-05-24,wk flu hosp rate change,0,2025-05-24,20,pmf,decrease,0.001
2025-05-24,wk flu hosp rate change,0,2025-05-24,20,pmf,large_decrease,0.001
2025-05-24,wk flu hosp rate change,1,2025-05-31,20,pmf,stable,0.8470000000000003
2025-05-24,wk flu hosp rate change,1,2025-05-31,20,pmf,increase,0.15
2025-05-24,wk flu hosp rate change,1,2025-05-31,20,pmf,large_increase,0.001
2025-05-24,wk flu hosp rate change,1,2025-05-31,20,pmf,decrease,0.001
2025-05-24,wk flu hosp rate change,1,2025-05-31,20,pmf,large_decrease,0.001
2025-05-24,wk flu hosp rate change,2,2025-06-07,20,pmf,stable,0.9020000000000004
2025-05-24,wk flu hosp rate change,2,2025-06-07,20,pmf,increase,0.095
2025-05-24,wk flu hosp rate change,2,2025-06-07,20,pmf,large_increase,0.001
2025-05-24,wk flu hosp rate change,2,2025-06-07,20,pmf,decrease,0.001
2025-05-24,wk flu hosp rate change,2,2025-06-07,20,pmf,large_decrease,0.001
2025-05-24,wk flu hosp rate change,3,2025-06-14,20,pmf,stable,0.9490000000000003
2025-05-24,wk flu hosp rate change,3,2025-06-14,20,pmf,increase,0.048
2025-05-24,wk flu hosp rate change,3,2025-06-14,20,pmf,large_increase,0.001
2025-05-24,wk flu hosp rate change,3,2025-06-14,20,pmf,decrease,0.001
2025-05-24,wk flu hosp rate change,3,2025-06-14,20,pmf,large_decrease,0.001
2025-05-24,wk flu hosp rate change,0,2025-05-24,21,pmf,stable,0.8310000000000003
2025-05-24,wk flu hosp rate change,0,2025-05-24,21,pmf,increase,0.166
2025-05-24,wk flu hosp rate change,0,2025-05-24,21,pmf,large_increase,0.001
2025-05-24,wk flu hosp rate change,0,2025-05-24,21,pmf,decrease,0.001
2025-05-24,wk flu hosp rate change,0,2025-05-24,21,pmf,large_decrease,0.001
2025-05-24,wk flu hosp rate change,1,2025-05-31,21,pmf,stable,0.8490000000000003
2025-05-24,wk flu hosp rate change,1,2025-05-31,21,pmf,increase,0.148
2025-05-24,wk flu hosp rate change,1,2025-05-31,21,pmf,large_increase,0.001
2025-05-24,wk flu hosp rate change,1,2025-05-31,21,pmf,decrease,0.001
2025-05-24,wk flu hosp rate change,1,2025-05-31,21,pmf,large_decrease,0.001
2025-05-24,wk flu hosp rate change,2,2025-06-07,21,pmf,stable,0.8690000000000003
2025-05-24,wk flu hosp rate change,2,2025-06-07,21,pmf,increase,0.128
2025-05-24,wk flu hosp rate change,2,2025-06-07,21,pmf,large_increase,0.001
2025-05-24,wk flu hosp rate change,2,2025-06-07,21,pmf,decrease,0.001
2025-05-24,wk flu hosp rate change,2,2025-06-07,21,pmf,large_decrease,0.001
2025-05-24,wk flu hosp rate change,3,2025-06-14,21,pmf,stable,0.9300000000000004
2025-05-24,wk flu hosp rate change,3,2025-06-14,21,pmf,increase,0.067
2025-05-24,wk flu hosp rate change,3,2025-06-14,21,pmf,large_increase,0.001
2025-05-24,wk flu hosp rate change,3,2025-06-14,21,pmf,decrease,0.001
2025-05-24,wk flu hosp rate change,3,2025-06-14,21,pmf,large_decrease,0.001
2025-05-24,wk flu hosp rate change,0,2025-05-24,22,pmf,stable,0.865
2025-05-24,wk flu hosp rate change,0,2025-05-24,22,pmf,increase,0.033
2025-05-24,wk flu hosp rate change,0,2025-05-24,22,pmf,large_increase,0.001
2025-05-24,wk flu hosp rate change,0,2025-05-24,22,pmf,decrease,0.1
2025-05-24,wk flu hosp rate change,0,2025-05-24,22,pmf,large_decrease,0.001
2025-05-24,wk flu hosp rate change,1,2025-05-31,22,pmf,stable,0.888
2025-05-24,wk flu hosp rate change,1,2025-05-31,22,pmf,increase,0.016
2025-05-24,wk flu hosp rate change,1,2025-05-31,22,pmf,large_increase,0.001
2025-05-24,wk flu hosp rate change,1,2025-05-31,22,pmf,decrease,0.094
2025-05-24,wk flu hosp rate change,1,2025-05-31,22,pmf,large_decrease,0.001
2025-05-24,wk flu hosp rate change,2,2025-06-07,22,pmf,stable,0.905
2025-05-24,wk flu hosp rate change,2,2025-06-07,22,pmf,increase,0.008
2025-05-24,wk flu hosp rate change,2,2025-06-07,22,pmf,large_increase,0.001
2025-05-24,wk flu hosp rate change,2,2025-06-07,22,pmf,decrease,0.085
2025-05-24,wk flu hosp rate change,2,2025-06-07,22,pmf,large_decrease,0.001
2025-05-24,wk flu hosp rate change,3,2025-06-14,22,pmf,stable,0.9960000000000003
2025-05-24,wk flu hosp rate change,3,2025-06-14,22,pmf,increase,0.001
2025-05-24,wk flu hosp rate change,3,2025-06-14,22,pmf,large_increase,0.001
2025-05-24,wk flu hosp rate change,3,2025-06-14,22,pmf,decrease,0.001
2025-05-24,wk flu hosp rate change,3,2025-06-14,22,pmf,large_decrease,0.001
2025-05-24,wk flu hosp rate change,0,2025-05-24,23,pmf,stable,0.7500000000000004
2025-05-24,wk flu hosp rate change,0,2025-05-24,23,pmf,increase,0.247
2025-05-24,wk flu hosp rate change,0,2025-05-24,23,pmf,large_increase,0.001
2025-05-24,wk flu hosp rate change,0,2025-05-24,23,pmf,decrease,0.001
2025-05-24,wk flu hosp rate change,0,2025-05-24,23,pmf,large_decrease,0.001
2025-05-24,wk flu hosp rate change,1,2025-05-31,23,pmf,stable,0.7560000000000003
2025-05-24,wk flu hosp rate change,1,2025-05-31,23,pmf,increase,0.241
2025-05-24,wk flu hosp rate change,1,2025-05-31,23,pmf,large_increase,0.001
2025-05-24,wk flu hosp rate change,1,2025-05-31,23,pmf,decrease,0.001
2025-05-24,wk flu hosp rate change,1,2025-05-31,23,pmf,large_decrease,0.001
2025-05-24,wk flu hosp rate change,2,2025-06-07,23,pmf,stable,0.7770000000000004
2025-05-24,wk flu hosp rate change,2,2025-06-07,23,pmf,increase,0.22
2025-05-24,wk flu hosp rate change,2,2025-06-07,23,pmf,large_increase,0.001
2025-05-24,wk flu hosp rate change,2,2025-06-07,23,pmf,decrease,0.001
2025-05-24,wk flu hosp rate change,2,2025-06-07,23,pmf,large_decrease,0.001
2025-05-24,wk flu hosp rate change,3,2025-06-14,23,pmf,stable,0.8660000000000003
2025-05-24,wk flu hosp rate change,3,2025-06-14,23,pmf,increase,0.131
2025-05-24,wk flu hosp rate change,3,2025-06-14,23,pmf,large_increase,0.001
2025-05-24,wk flu hosp rate change,3,2025-06-14,23,pmf,decrease,0.001
2025-05-24,wk flu hosp rate change,3,2025-06-14,23,pmf,large_decrease,0.001
2025-05-24,wk flu hosp rate change,0,2025-05-24,24,pmf,stable,0.6390000000000002
2025-05-24,wk flu hosp rate change,0,2025-05-24,24,pmf,increase,0.302
2025-05-24,wk flu hosp rate change,0,2025-05-24,24,pmf,large_increase,0.057
2025-05-24,wk flu hosp rate change,0,2025-05-24,24,pmf,decrease,0.001
2025-05-24,wk flu hosp rate change,0,2025-05-24,24,pmf,large_decrease,0.001
2025-05-24,wk flu hosp rate change,1,2025-05-31,24,pmf,stable,0.5270000000000002
2025-05-24,wk flu hosp rate change,1,2025-05-31,24,pmf,increase,0.402
2025-05-24,wk flu hosp rate change,1,2025-05-31,24,pmf,large_increase,0.069
2025-05-24,wk flu hosp rate change,1,2025-05-31,24,pmf,decrease,0.001
2025-05-24,wk flu hosp rate change,1,2025-05-31,24,pmf,large_decrease,0.001
2025-05-24,wk flu hosp rate change,2,2025-06-07,24,pmf,stable,0.4880000000000002
2025-05-24,wk flu hosp rate change,2,2025-06-07,24,pmf,increase,0.404
2025-05-24,wk flu hosp rate change,2,2025-06-07,24,pmf,large_increase,0.106
2025-05-24,wk flu hosp rate change,2,2025-06-07,24,pmf,decrease,0.001
2025-05-24,wk flu hosp rate change,2,2025-06-07,24,pmf,large_decrease,0.001
2025-05-24,wk flu hosp rate change,3,2025-06-14,24,pmf,stable,0.4800000000000002
2025-05-24,wk flu hosp rate change,3,2025-06-14,24,pmf,increase,0.411
2025-05-24,wk flu hosp rate change,3,2025-06-14,24,pmf,large_increase,0.107
2025-05-24,wk flu hosp rate change,3,2025-06-14,24,pmf,decrease,0.001
2025-05-24,wk flu hosp rate change,3,2025-06-14,24,pmf,large_decrease,0.001
2025-05-24,wk flu hosp rate change,0,2025-05-24,25,pmf,stable,0.516
2025-05-24,wk flu hosp rate change,0,2025-05-24,25,pmf,increase,0.142
2025-05-24,wk flu hosp rate change,0,2025-05-24,25,pmf,large_increase,0.001
2025-05-24,wk flu hosp rate change,0,2025-05-24,25,pmf,decrease,0.34
2025-05-24,wk flu hosp rate change,0,2025-05-24,25,pmf,large_decrease,0.001
2025-05-24,wk flu hosp rate change,1,2025-05-31,25,pmf,stable,0.9100000000000004
2025-05-24,wk flu hosp rate change,1,2025-05-31,25,pmf,increase,0.087
2025-05-24,wk flu hosp rate change,1,2025-05-31,25,pmf,large_increase,0.001
2025-05-24,wk flu hosp rate change,1,2025-05-31,25,pmf,decrease,0.001
2025-05-24,wk flu hosp rate change,1,2025-05-31,25,pmf,large_decrease,0.001
2025-05-24,wk flu hosp rate change,2,2025-06-07,25,pmf,stable,0.9310000000000004
2025-05-24,wk flu hosp rate change,2,2025-06-07,25,pmf,increase,0.066
2025-05-24,wk flu hosp rate change,2,2025-06-07,25,pmf,large_increase,0.001
2025-05-24,wk flu hosp rate change,2,2025-06-07,25,pmf,decrease,0.001
2025-05-24,wk flu hosp rate change,2,2025-06-07,25,pmf,large_decrease,0.001
2025-05-24,wk flu hosp rate change,3,2025-06-14,25,pmf,stable,0.9800000000000003
2025-05-24,wk flu hosp rate change,3,2025-06-14,25,pmf,increase,0.017
2025-05-24,wk flu hosp rate change,3,2025-06-14,25,pmf,large_increase,0.001
2025-05-24,wk flu hosp rate change,3,2025-06-14,25,pmf,decrease,0.001
2025-05-24,wk flu hosp rate change,3,2025-06-14,25,pmf,large_decrease,0.001
2025-05-24,wk flu hosp rate change,0,2025-05-24,26,pmf,stable,0.4110000000000001
2025-05-24,wk flu hosp rate change,0,2025-05-24,26,pmf,increase,0.231
2025-05-24,wk flu hosp rate change,0,2025-05-24,26,pmf,large_increase,0.001
2025-05-24,wk flu hosp rate change,0,2025-05-24,26,pmf,decrease,0.356
2025-05-24,wk flu hosp rate change,0,2025-05-24,26,pmf,large_decrease,0.001
2025-05-24,wk flu hosp rate change,1,2025-05-31,26,pmf,stable,0.559
2025-05-24,wk flu hosp rate change,1,2025-05-31,26,pmf,increase,0.141
2025-05-24,wk flu hosp rate change,1,2025-05-31,26,pmf,large_increase,0.001
2025-05-24,wk flu hosp rate change,1,2025-05-31,26,pmf,decrease,0.298
2025-05-24,wk flu hosp rate change,1,2025-05-31,26,pmf,large_decrease,0.001
2025-05-24,wk flu hosp rate change,2,2025-06-07,26,pmf,stable,0.8970000000000004
2025-05-24,wk flu hosp rate change,2,2025-06-07,26,pmf,increase,0.1
2025-05-24,wk flu hosp rate change,2,2025-06-07,26,pmf,large_increase,0.001
2025-05-24,wk flu hosp rate change,2,2025-06-07,26,pmf,decrease,0.001
2025-05-24,wk flu hosp rate change,2,2025-06-07,26,pmf,large_decrease,0.001
2025-05-24,wk flu hosp rate change,3,2025-06-14,26,pmf,stable,0.9350000000000003
2025-05-24,wk flu hosp rate change,3,2025-06-14,26,pmf,increase,0.062
2025-05-24,wk flu hosp rate change,3,2025-06-14,26,pmf,large_increase,0.001
2025-05-24,wk flu hosp rate change,3,2025-06-14,26,pmf,decrease,0.001
2025-05-24,wk flu hosp rate change,3,2025-06-14,26,pmf,large_decrease,0.001
2025-05-24,wk flu hosp rate change,0,2025-05-24,27,pmf,stable,0.6880000000000002
2025-05-24,wk flu hosp rate change,0,2025-05-24,27,pmf,increase,0.276
2025-05-24,wk flu hosp rate change,0,2025-05-24,27,pmf,large_increase,0.034
2025-05-24,wk flu hosp rate change,0,2025-05-24,27,pmf,decrease,0.001
2025-05-24,wk flu hosp rate change,0,2025-05-24,27,pmf,large_decrease,0.001
2025-05-24,wk flu hosp rate change,1,2025-05-31,27,pmf,stable,0.6610000000000003
2025-05-24,wk flu hosp rate change,1,2025-05-31,27,pmf,increase,0.322
2025-05-24,wk flu hosp rate change,1,2025-05-31,27,pmf,large_increase,0.015
2025-05-24,wk flu hosp rate change,1,2025-05-31,27,pmf,decrease,0.001
2025-05-24,wk flu hosp rate change,1,2025-05-31,27,pmf,large_decrease,0.001
2025-05-24,wk flu hosp rate change,2,2025-06-07,27,pmf,stable,0.6710000000000003
2025-05-24,wk flu hosp rate change,2,2025-06-07,27,pmf,increase,0.324
2025-05-24,wk flu hosp rate change,2,2025-06-07,27,pmf,large_increase,0.003
2025-05-24,wk flu hosp rate change,2,2025-06-07,27,pmf,decrease,0.001
2025-05-24,wk flu hosp rate change,2,2025-06-07,27,pmf,large_decrease,0.001
2025-05-24,wk flu hosp rate change,3,2025-06-14,27,pmf,stable,0.7070000000000002
2025-05-24,wk flu hosp rate change,3,2025-06-14,27,pmf,increase,0.288
2025-05-24,wk flu hosp rate change,3,2025-06-14,27,pmf,large_increase,0.003
2025-05-24,wk flu hosp rate change,3,2025-06-14,27,pmf,decrease,0.001
2025-05-24,wk flu hosp rate change,3,2025-06-14,27,pmf,large_decrease,0.001
2025-05-24,wk flu hosp rate change,0,2025-05-24,28,pmf,stable,0.39100000000000007
2025-05-24,wk flu hosp rate change,0,2025-05-24,28,pmf,increase,0.28
2025-05-24,wk flu hosp rate change,0,2025-05-24,28,pmf,large_increase,0.001
2025-05-24,wk flu hosp rate change,0,2025-05-24,28,pmf,decrease,0.327
2025-05-24,wk flu hosp rate change,0,2025-05-24,28,pmf,large_decrease,0.001
2025-05-24,wk flu hosp rate change,1,2025-05-31,28,pmf,stable,0.8060000000000004
2025-05-24,wk flu hosp rate change,1,2025-05-31,28,pmf,increase,0.191
2025-05-24,wk flu hosp rate change,1,2025-05-31,28,pmf,large_increase,0.001
2025-05-24,wk flu hosp rate change,1,2025-05-31,28,pmf,decrease,0.001
2025-05-24,wk flu hosp rate change,1,2025-05-31,28,pmf,large_decrease,0.001
2025-05-24,wk flu hosp rate change,2,2025-06-07,28,pmf,stable,0.8250000000000003
2025-05-24,wk flu hosp rate change,2,2025-06-07,28,pmf,increase,0.172
2025-05-24,wk flu hosp rate change,2,2025-06-07,28,pmf,large_increase,0.001
2025-05-24,wk flu hosp rate change,2,2025-06-07,28,pmf,decrease,0.001
2025-05-24,wk flu hosp rate change,2,2025-06-07,28,pmf,large_decrease,0.001
2025-05-24,wk flu hosp rate change,3,2025-06-14,28,pmf,stable,0.8730000000000003
2025-05-24,wk flu hosp rate change,3,2025-06-14,28,pmf,increase,0.124
2025-05-24,wk flu hosp rate change,3,2025-06-14,28,pmf,large_increase,0.001
2025-05-24,wk flu hosp rate change,3,2025-06-14,28,pmf,decrease,0.001
2025-05-24,wk flu hosp rate change,3,2025-06-14,28,pmf,large_decrease,0.001
2025-05-24,wk flu hosp rate change,0,2025-05-24,29,pmf,stable,0.23200000000000012
2025-05-24,wk flu hosp rate change,0,2025-05-24,29,pmf,increase,0.264
2025-05-24,wk flu hosp rate change,0,2025-05-24,29,pmf,large_increase,0.03
2025-05-24,wk flu hosp rate change,0,2025-05-24,29,pmf,decrease,0.473
2025-05-24,wk flu hosp rate change,0,2025-05-24,29,pmf,large_decrease,0.001
2025-05-24,wk flu hosp rate change,1,2025-05-31,29,pmf,stable,0.7100000000000002
2025-05-24,wk flu hosp rate change,1,2025-05-31,29,pmf,increase,0.279
2025-05-24,wk flu hosp rate change,1,2025-05-31,29,pmf,large_increase,0.009
2025-05-24,wk flu hosp rate change,1,2025-05-31,29,pmf,decrease,0.001
2025-05-24,wk flu hosp rate change,1,2025-05-31,29,pmf,large_decrease,0.001
2025-05-24,wk flu hosp rate change,2,2025-06-07,29,pmf,stable,0.7240000000000002
2025-05-24,wk flu hosp rate change,2,2025-06-07,29,pmf,increase,0.262
2025-05-24,wk flu hosp rate change,2,2025-06-07,29,pmf,large_increase,0.012
2025-05-24,wk flu hosp rate change,2,2025-06-07,29,pmf,decrease,0.001
2025-05-24,wk flu hosp rate change,2,2025-06-07,29,pmf,large_decrease,0.001
2025-05-24,wk flu hosp rate change,3,2025-06-14,29,pmf,stable,0.7130000000000002
2025-05-24,wk flu hosp rate change,3,2025-06-14,29,pmf,increase,0.278
2025-05-24,wk flu hosp rate change,3,2025-06-14,29,pmf,large_increase,0.007
2025-05-24,wk flu hosp rate change,3,2025-06-14,29,pmf,decrease,0.001
2025-05-24,wk flu hosp rate change,3,2025-06-14,29,pmf,large_decrease,0.001
2025-05-24,wk flu hosp rate change,0,2025-05-24,30,pmf,stable,0.7720000000000004
2025-05-24,wk flu hosp rate change,0,2025-05-24,30,pmf,increase,0.225
2025-05-24,wk flu hosp rate change,0,2025-05-24,30,pmf,large_increase,0.001
2025-05-24,wk flu hosp rate change,0,2025-05-24,30,pmf,decrease,0.001
2025-05-24,wk flu hosp rate change,0,2025-05-24,30,pmf,large_decrease,0.001
2025-05-24,wk flu hosp rate change,1,2025-05-31,30,pmf,stable,0.7310000000000004
2025-05-24,wk flu hosp rate change,1,2025-05-31,30,pmf,increase,0.266
2025-05-24,wk flu hosp rate change,1,2025-05-31,30,pmf,large_increase,0.001
2025-05-24,wk flu hosp rate change,1,2025-05-31,30,pmf,decrease,0.001
2025-05-24,wk flu hosp rate change,1,2025-05-31,30,pmf,large_decrease,0.001
2025-05-24,wk flu hosp rate change,2,2025-06-07,30,pmf,stable,0.7330000000000002
2025-05-24,wk flu hosp rate change,2,2025-06-07,30,pmf,increase,0.264
2025-05-24,wk flu hosp rate change,2,2025-06-07,30,pmf,large_increase,0.001
2025-05-24,wk flu hosp rate change,2,2025-06-07,30,pmf,decrease,0.001
2025-05-24,wk flu hosp rate change,2,2025-06-07,30,pmf,large_decrease,0.001
2025-05-24,wk flu hosp rate change,3,2025-06-14,30,pmf,stable,0.7780000000000004
2025-05-24,wk flu hosp rate change,3,2025-06-14,30,pmf,increase,0.219
2025-05-24,wk flu hosp rate change,3,2025-06-14,30,pmf,large_increase,0.001
2025-05-24,wk flu hosp rate change,3,2025-06-14,30,pmf,decrease,0.001
2025-05-24,wk flu hosp rate change,3,2025-06-14,30,pmf,large_decrease,0.001
2025-05-24,wk flu hosp rate change,0,2025-05-24,31,pmf,stable,0.7100000000000003
2025-05-24,wk flu hosp rate change,0,2025-05-24,31,pmf,increase,0.287
2025-05-24,wk flu hosp rate change,0,2025-05-24,31,pmf,large_increase,0.001
2025-05-24,wk flu hosp rate change,0,2025-05-24,31,pmf,decrease,0.001
2025-05-24,wk flu hosp rate change,0,2025-05-24,31,pmf,large_decrease,0.001
2025-05-24,wk flu hosp rate change,1,2025-05-31,31,pmf,stable,0.7060000000000002
2025-05-24,wk flu hosp rate change,1,2025-05-31,31,pmf,increase,0.29
2025-05-24,wk flu hosp rate change,1,2025-05-31,31,pmf,large_increase,0.002
2025-05-24,wk flu hosp rate change,1,2025-05-31,31,pmf,decrease,0.001
2025-05-24,wk flu hosp rate change,1,2025-05-31,31,pmf,large_decrease,0.001
2025-05-24,wk flu hosp rate change,2,2025-06-07,31,pmf,stable,0.7350000000000002
2025-05-24,wk flu hosp rate change,2,2025-06-07,31,pmf,increase,0.26
2025-05-24,wk flu hosp rate change,2,2025-06-07,31,pmf,large_increase,0.003
2025-05-24,wk flu hosp rate change,2,2025-06-07,31,pmf,decrease,0.001
2025-05-24,wk flu hosp rate change,2,2025-06-07,31,pmf,large_decrease,0.001
2025-05-24,wk flu hosp rate change,3,2025-06-14,31,pmf,stable,0.7620000000000003
2025-05-24,wk flu hosp rate change,3,2025-06-14,31,pmf,increase,0.235
2025-05-24,wk flu hosp rate change,3,2025-06-14,31,pmf,large_increase,0.001
2025-05-24,wk flu hosp rate change,3,2025-06-14,31,pmf,decrease,0.001
2025-05-24,wk flu hosp rate change,3,2025-06-14,31,pmf,large_decrease,0.001
2025-05-24,wk flu hosp rate change,0,2025-05-24,32,pmf,stable,0.1790000000000001
2025-05-24,wk flu hosp rate change,0,2025-05-24,32,pmf,increase,0.333
2025-05-24,wk flu hosp rate change,0,2025-05-24,32,pmf,large_increase,0.105
2025-05-24,wk flu hosp rate change,0,2025-05-24,32,pmf,decrease,0.382
2025-05-24,wk flu hosp rate change,0,2025-05-24,32,pmf,large_decrease,0.001
2025-05-24,wk flu hosp rate change,1,2025-05-31,32,pmf,stable,0.5450000000000003
2025-05-24,wk flu hosp rate change,1,2025-05-31,32,pmf,increase,0.395
2025-05-24,wk flu hosp rate change,1,2025-05-31,32,pmf,large_increase,0.058
2025-05-24,wk flu hosp rate change,1,2025-05-31,32,pmf,decrease,0.001
2025-05-24,wk flu hosp rate change,1,2025-05-31,32,pmf,large_decrease,0.001
2025-05-24,wk flu hosp rate change,2,2025-06-07,32,pmf,stable,0.5350000000000003
2025-05-24,wk flu hosp rate change,2,2025-06-07,32,pmf,increase,0.427
2025-05-24,wk flu hosp rate change,2,2025-06-07,32,pmf,large_increase,0.036
2025-05-24,wk flu hosp rate change,2,2025-06-07,32,pmf,decrease,0.001
2025-05-24,wk flu hosp rate change,2,2025-06-07,32,pmf,large_decrease,0.001
2025-05-24,wk flu hosp rate change,3,2025-06-14,32,pmf,stable,0.5630000000000002
2025-05-24,wk flu hosp rate change,3,2025-06-14,32,pmf,increase,0.408
2025-05-24,wk flu hosp rate change,3,2025-06-14,32,pmf,large_increase,0.027
2025-05-24,wk flu hosp rate change,3,2025-06-14,32,pmf,decrease,0.001
2025-05-24,wk flu hosp rate change,3,2025-06-14,32,pmf,large_decrease,0.001
2025-05-24,wk flu hosp rate change,0,2025-05-24,33,pmf,stable,0.8420000000000004
2025-05-24,wk flu hosp rate change,0,2025-05-24,33,pmf,increase,0.155
2025-05-24,wk flu hosp rate change,0,2025-05-24,33,pmf,large_increase,0.001
2025-05-24,wk flu hosp rate change,0,2025-05-24,33,pmf,decrease,0.001
2025-05-24,wk flu hosp rate change,0,2025-05-24,33,pmf,large_decrease,0.001
2025-05-24,wk flu hosp rate change,1,2025-05-31,33,pmf,stable,0.8600000000000003
2025-05-24,wk flu hosp rate change,1,2025-05-31,33,pmf,increase,0.137
2025-05-24,wk flu hosp rate change,1,2025-05-31,33,pmf,large_increase,0.001
2025-05-24,wk flu hosp rate change,1,2025-05-31,33,pmf,decrease,0.001
2025-05-24,wk flu hosp rate change,1,2025-05-31,33,pmf,large_decrease,0.001
2025-05-24,wk flu hosp rate change,2,2025-06-07,33,pmf,stable,0.8740000000000003
2025-05-24,wk flu hosp rate change,2,2025-06-07,33,pmf,increase,0.123
2025-05-24,wk flu hosp rate change,2,2025-06-07,33,pmf,large_increase,0.001
2025-05-24,wk flu hosp rate change,2,2025-06-07,33,pmf,decrease,0.001
2025-05-24,wk flu hosp rate change,2,2025-06-07,33,pmf,large_decrease,0.001
2025-05-24,wk flu hosp rate change,3,2025-06-14,33,pmf,stable,0.8890000000000003
2025-05-24,wk flu hosp rate change,3,2025-06-14,33,pmf,increase,0.108
2025-05-24,wk flu hosp rate change,3,2025-06-14,33,pmf,large_increase,0.001
2025-05-24,wk flu hosp rate change,3,2025-06-14,33,pmf,decrease,0.001
2025-05-24,wk flu hosp rate change,3,2025-06-14,33,pmf,large_decrease,0.001
2025-05-24,wk flu hosp rate change,0,2025-05-24,34,pmf,stable,0.4300000000000001
2025-05-24,wk flu hosp rate change,0,2025-05-24,34,pmf,increase,0.206
2025-05-24,wk flu hosp rate change,0,2025-05-24,34,pmf,large_increase,0.002
2025-05-24,wk flu hosp rate change,0,2025-05-24,34,pmf,decrease,0.361
2025-05-24,wk flu hosp rate change,0,2025-05-24,34,pmf,large_decrease,0.001
2025-05-24,wk flu hosp rate change,1,2025-05-31,34,pmf,stable,0.8090000000000004
2025-05-24,wk flu hosp rate change,1,2025-05-31,34,pmf,increase,0.188
2025-05-24,wk flu hosp rate change,1,2025-05-31,34,pmf,large_increase,0.001
2025-05-24,wk flu hosp rate change,1,2025-05-31,34,pmf,decrease,0.001
2025-05-24,wk flu hosp rate change,1,2025-05-31,34,pmf,large_decrease,0.001
2025-05-24,wk flu hosp rate change,2,2025-06-07,34,pmf,stable,0.8210000000000003
2025-05-24,wk flu hosp rate change,2,2025-06-07,34,pmf,increase,0.176
2025-05-24,wk flu hosp rate change,2,2025-06-07,34,pmf,large_increase,0.001
2025-05-24,wk flu hosp rate change,2,2025-06-07,34,pmf,decrease,0.001
2025-05-24,wk flu hosp rate change,2,2025-06-07,34,pmf,large_decrease,0.001
2025-05-24,wk flu hosp rate change,3,2025-06-14,34,pmf,stable,0.8820000000000003
2025-05-24,wk flu hosp rate change,3,2025-06-14,34,pmf,increase,0.115
2025-05-24,wk flu hosp rate change,3,2025-06-14,34,pmf,large_increase,0.001
2025-05-24,wk flu hosp rate change,3,2025-06-14,34,pmf,decrease,0.001
2025-05-24,wk flu hosp rate change,3,2025-06-14,34,pmf,large_decrease,0.001
2025-05-24,wk flu hosp rate change,0,2025-05-24,35,pmf,stable,0.4610000000000001
2025-05-24,wk flu hosp rate change,0,2025-05-24,35,pmf,increase,0.219
2025-05-24,wk flu hosp rate change,0,2025-05-24,35,pmf,large_increase,0.001
2025-05-24,wk flu hosp rate change,0,2025-05-24,35,pmf,decrease,0.318
2025-05-24,wk flu hosp rate change,0,2025-05-24,35,pmf,large_decrease,0.001
2025-05-24,wk flu hosp rate change,1,2025-05-31,35,pmf,stable,0.465
2025-05-24,wk flu hosp rate change,1,2025-05-31,35,pmf,increase,0.2
2025-05-24,wk flu hosp rate change,1,2025-05-31,35,pmf,large_increase,0.001
2025-05-24,wk flu hosp rate change,1,2025-05-31,35,pmf,decrease,0.333
2025-05-24,wk flu hosp rate change,1,2025-05-31,35,pmf,large_decrease,0.001
2025-05-24,wk flu hosp rate change,2,2025-06-07,35,pmf,stable,0.8320000000000003
2025-05-24,wk flu hosp rate change,2,2025-06-07,35,pmf,increase,0.165
2025-05-24,wk flu hosp rate change,2,2025-06-07,35,pmf,large_increase,0.001
2025-05-24,wk flu hosp rate change,2,2025-06-07,35,pmf,decrease,0.001
2025-05-24,wk flu hosp rate change,2,2025-06-07,35,pmf,large_decrease,0.001
2025-05-24,wk flu hosp rate change,3,2025-06-14,35,pmf,stable,0.9050000000000004
2025-05-24,wk flu hosp rate change,3,2025-06-14,35,pmf,increase,0.092
2025-05-24,wk flu hosp rate change,3,2025-06-14,35,pmf,large_increase,0.001
2025-05-24,wk flu hosp rate change,3,2025-06-14,35,pmf,decrease,0.001
2025-05-24,wk flu hosp rate change,3,2025-06-14,35,pmf,large_decrease,0.001
2025-05-24,wk flu hosp rate change,0,2025-05-24,36,pmf,stable,0.9730000000000003
2025-05-24,wk flu hosp rate change,0,2025-05-24,36,pmf,increase,0.024
2025-05-24,wk flu hosp rate change,0,2025-05-24,36,pmf,large_increase,0.001
2025-05-24,wk flu hosp rate change,0,2025-05-24,36,pmf,decrease,0.001
2025-05-24,wk flu hosp rate change,0,2025-05-24,36,pmf,large_decrease,0.001
2025-05-24,wk flu hosp rate change,1,2025-05-31,36,pmf,stable,0.9910000000000003
2025-05-24,wk flu hosp rate change,1,2025-05-31,36,pmf,increase,0.006
2025-05-24,wk flu hosp rate change,1,2025-05-31,36,pmf,large_increase,0.001
2025-05-24,wk flu hosp rate change,1,2025-05-31,36,pmf,decrease,0.001
2025-05-24,wk flu hosp rate change,1,2025-05-31,36,pmf,large_decrease,0.001
2025-05-24,wk flu hosp rate change,2,2025-06-07,36,pmf,stable,0.9950000000000003
2025-05-24,wk flu hosp rate change,2,2025-06-07,36,pmf,increase,0.002
2025-05-24,wk flu hosp rate change,2,2025-06-07,36,pmf,large_increase,0.001
2025-05-24,wk flu hosp rate change,2,2025-06-07,36,pmf,decrease,0.001
2025-05-24,wk flu hosp rate change,2,2025-06-07,36,pmf,large_decrease,0.001
2025-05-24,wk flu hosp rate change,3,2025-06-14,36,pmf,stable,0.9960000000000004
2025-05-24,wk flu hosp rate change,3,2025-06-14,36,pmf,increase,0.001
2025-05-24,wk flu hosp rate change,3,2025-06-14,36,pmf,large_increase,0.001
2025-05-24,wk flu hosp rate change,3,2025-06-14,36,pmf,decrease,0.001
2025-05-24,wk flu hosp rate change,3,2025-06-14,36,pmf,large_decrease,0.001
2025-05-24,wk flu hosp rate change,0,2025-05-24,37,pmf,stable,0.7180000000000002
2025-05-24,wk flu hosp rate change,0,2025-05-24,37,pmf,increase,0.272
2025-05-24,wk flu hosp rate change,0,2025-05-24,37,pmf,large_increase,0.008
2025-05-24,wk flu hosp rate change,0,2025-05-24,37,pmf,decrease,0.001
2025-05-24,wk flu hosp rate change,0,2025-05-24,37,pmf,large_decrease,0.001
2025-05-24,wk flu hosp rate change,1,2025-05-31,37,pmf,stable,0.6810000000000004
2025-05-24,wk flu hosp rate change,1,2025-05-31,37,pmf,increase,0.316
2025-05-24,wk flu hosp rate change,1,2025-05-31,37,pmf,large_increase,0.001
2025-05-24,wk flu hosp rate change,1,2025-05-31,37,pmf,decrease,0.001
2025-05-24,wk flu hosp rate change,1,2025-05-31,37,pmf,large_decrease,0.001
2025-05-24,wk flu hosp rate change,2,2025-06-07,37,pmf,stable,0.7460000000000003
2025-05-24,wk flu hosp rate change,2,2025-06-07,37,pmf,increase,0.251
2025-05-24,wk flu hosp rate change,2,2025-06-07,37,pmf,large_increase,0.001
2025-05-24,wk flu hosp rate change,2,2025-06-07,37,pmf,decrease,0.001
2025-05-24,wk flu hosp rate change,2,2025-06-07,37,pmf,large_decrease,0.001
2025-05-24,wk flu hosp rate change,3,2025-06-14,37,pmf,stable,0.8010000000000004
2025-05-24,wk flu hosp rate change,3,2025-06-14,37,pmf,increase,0.196
2025-05-24,wk flu hosp rate change,3,2025-06-14,37,pmf,large_increase,0.001
2025-05-24,wk flu hosp rate change,3,2025-06-14,37,pmf,decrease,0.001
2025-05-24,wk flu hosp rate change,3,2025-06-14,37,pmf,large_decrease,0.001
2025-05-24,wk flu hosp rate change,0,2025-05-24,38,pmf,stable,0.2210000000000002
2025-05-24,wk flu hosp rate change,0,2025-05-24,38,pmf,increase,0.279
2025-05-24,wk flu hosp rate change,0,2025-05-24,38,pmf,large_increase,0.067
2025-05-24,wk flu hosp rate change,0,2025-05-24,38,pmf,decrease,0.432
2025-05-24,wk flu hosp rate change,0,2025-05-24,38,pmf,large_decrease,0.001
2025-05-24,wk flu hosp rate change,1,2025-05-31,38,pmf,stable,0.27200000000000024
2025-05-24,wk flu hosp rate change,1,2025-05-31,38,pmf,increase,0.311
2025-05-24,wk flu hosp rate change,1,2025-05-31,38,pmf,large_increase,0.039
2025-05-24,wk flu hosp rate change,1,2025-05-31,38,pmf,decrease,0.377
2025-05-24,wk flu hosp rate change,1,2025-05-31,38,pmf,large_decrease,0.001
2025-05-24,wk flu hosp rate change,2,2025-06-07,38,pmf,stable,0.3520000000000002
2025-05-24,wk flu hosp rate change,2,2025-06-07,38,pmf,increase,0.316
2025-05-24,wk flu hosp rate change,2,2025-06-07,38,pmf,large_increase,0.017
2025-05-24,wk flu hosp rate change,2,2025-06-07,38,pmf,decrease,0.314
2025-05-24,wk flu hosp rate change,2,2025-06-07,38,pmf,large_decrease,0.001
2025-05-24,wk flu hosp rate change,3,2025-06-14,38,pmf,stable,0.7010000000000004
2025-05-24,wk flu hosp rate change,3,2025-06-14,38,pmf,increase,0.282
2025-05-24,wk flu hosp rate change,3,2025-06-14,38,pmf,large_increase,0.015
2025-05-24,wk flu hosp rate change,3,2025-06-14,38,pmf,decrease,0.001
2025-05-24,wk flu hosp rate change,3,2025-06-14,38,pmf,large_decrease,0.001
2025-05-24,wk flu hosp rate change,0,2025-05-24,39,pmf,stable,0.7550000000000002
2025-05-24,wk flu hosp rate change,0,2025-05-24,39,pmf,increase,0.232
2025-05-24,wk flu hosp rate change,0,2025-05-24,39,pmf,large_increase,0.011
2025-05-24,wk flu hosp rate change,0,2025-05-24,39,pmf,decrease,0.001
2025-05-24,wk flu hosp rate change,0,2025-05-24,39,pmf,large_decrease,0.001
2025-05-24,wk flu hosp rate change,1,2025-05-31,39,pmf,stable,0.8300000000000002
2025-05-24,wk flu hosp rate change,1,2025-05-31,39,pmf,increase,0.167
2025-05-24,wk flu hosp rate change,1,2025-05-31,39,pmf,large_increase,0.001
2025-05-24,wk flu hosp rate change,1,2025-05-31,39,pmf,decrease,0.001
2025-05-24,wk flu hosp rate change,1,2025-05-31,39,pmf,large_decrease,0.001
2025-05-24,wk flu hosp rate change,2,2025-06-07,39,pmf,stable,0.8910000000000003
2025-05-24,wk flu hosp rate change,2,2025-06-07,39,pmf,increase,0.106
2025-05-24,wk flu hosp rate change,2,2025-06-07,39,pmf,large_increase,0.001
2025-05-24,wk flu hosp rate change,2,2025-06-07,39,pmf,decrease,0.001
2025-05-24,wk flu hosp rate change,2,2025-06-07,39,pmf,large_decrease,0.001
2025-05-24,wk flu hosp rate change,3,2025-06-14,39,pmf,stable,0.9520000000000003
2025-05-24,wk flu hosp rate change,3,2025-06-14,39,pmf,increase,0.045
2025-05-24,wk flu hosp rate change,3,2025-06-14,39,pmf,large_increase,0.001
2025-05-24,wk flu hosp rate change,3,2025-06-14,39,pmf,decrease,0.001
2025-05-24,wk flu hosp rate change,3,2025-06-14,39,pmf,large_decrease,0.001
2025-05-24,wk flu hosp rate change,0,2025-05-24,40,pmf,stable,0.1200000000000001
2025-05-24,wk flu hosp rate change,0,2025-05-24,40,pmf,increase,0.214
2025-05-24,wk flu hosp rate change,0,2025-05-24,40,pmf,large_increase,0.125
2025-05-24,wk flu hosp rate change,0,2025-05-24,40,pmf,decrease,0.54
2025-05-24,wk flu hosp rate change,0,2025-05-24,40,pmf,large_decrease,0.001
2025-05-24,wk flu hosp rate change,1,2025-05-31,40,pmf,stable,0.5880000000000002
2025-05-24,wk flu hosp rate change,1,2025-05-31,40,pmf,increase,0.327
2025-05-24,wk flu hosp rate change,1,2025-05-31,40,pmf,large_increase,0.083
2025-05-24,wk flu hosp rate change,1,2025-05-31,40,pmf,decrease,0.001
2025-05-24,wk flu hosp rate change,1,2025-05-31,40,pmf,large_decrease,0.001
2025-05-24,wk flu hosp rate change,2,2025-06-07,40,pmf,stable,0.5530000000000003
2025-05-24,wk flu hosp rate change,2,2025-06-07,40,pmf,increase,0.385
2025-05-24,wk flu hosp rate change,2,2025-06-07,40,pmf,large_increase,0.06
2025-05-24,wk flu hosp rate change,2,2025-06-07,40,pmf,decrease,0.001
2025-05-24,wk flu hosp rate change,2,2025-06-07,40,pmf,large_decrease,0.001
2025-05-24,wk flu hosp rate change,3,2025-06-14,40,pmf,stable,0.5660000000000002
2025-05-24,wk flu hosp rate change,3,2025-06-14,40,pmf,increase,0.387
2025-05-24,wk flu hosp rate change,3,2025-06-14,40,pmf,large_increase,0.045
2025-05-24,wk flu hosp rate change,3,2025-06-14,40,pmf,decrease,0.001
2025-05-24,wk flu hosp rate change,3,2025-06-14,40,pmf,large_decrease,0.001
2025-05-24,wk flu hosp rate change,0,2025-05-24,41,pmf,stable,0.545
2025-05-24,wk flu hosp rate change,0,2025-05-24,41,pmf,increase,0.156
2025-05-24,wk flu hosp rate change,0,2025-05-24,41,pmf,large_increase,0.001
2025-05-24,wk flu hosp rate change,0,2025-05-24,41,pmf,decrease,0.297
2025-05-24,wk flu hosp rate change,0,2025-05-24,41,pmf,large_decrease,0.001
2025-05-24,wk flu hosp rate change,1,2025-05-31,41,pmf,stable,0.8850000000000003
2025-05-24,wk flu hosp rate change,1,2025-05-31,41,pmf,increase,0.112
2025-05-24,wk flu hosp rate change,1,2025-05-31,41,pmf,large_increase,0.001
2025-05-24,wk flu hosp rate change,1,2025-05-31,41,pmf,decrease,0.001
2025-05-24,wk flu hosp rate change,1,2025-05-31,41,pmf,large_decrease,0.001
2025-05-24,wk flu hosp rate change,2,2025-06-07,41,pmf,stable,0.8610000000000003
2025-05-24,wk flu hosp rate change,2,2025-06-07,41,pmf,increase,0.136
2025-05-24,wk flu hosp rate change,2,2025-06-07,41,pmf,large_increase,0.001
2025-05-24,wk flu hosp rate change,2,2025-06-07,41,pmf,decrease,0.001
2025-05-24,wk flu hosp rate change,2,2025-06-07,41,pmf,large_decrease,0.001
2025-05-24,wk flu hosp rate change,3,2025-06-14,41,pmf,stable,0.9010000000000004
2025-05-24,wk flu hosp rate change,3,2025-06-14,41,pmf,increase,0.096
2025-05-24,wk flu hosp rate change,3,2025-06-14,41,pmf,large_increase,0.001
2025-05-24,wk flu hosp rate change,3,2025-06-14,41,pmf,decrease,0.001
2025-05-24,wk flu hosp rate change,3,2025-06-14,41,pmf,large_decrease,0.001
2025-05-24,wk flu hosp rate change,0,2025-05-24,42,pmf,stable,0.3040000000000001
2025-05-24,wk flu hosp rate change,0,2025-05-24,42,pmf,increase,0.258
2025-05-24,wk flu hosp rate change,0,2025-05-24,42,pmf,large_increase,0.019
2025-05-24,wk flu hosp rate change,0,2025-05-24,42,pmf,decrease,0.418
2025-05-24,wk flu hosp rate change,0,2025-05-24,42,pmf,large_decrease,0.001
2025-05-24,wk flu hosp rate change,1,2025-05-31,42,pmf,stable,0.3470000000000001
2025-05-24,wk flu hosp rate change,1,2025-05-31,42,pmf,increase,0.238
2025-05-24,wk flu hosp rate change,1,2025-05-31,42,pmf,large_increase,0.002
2025-05-24,wk flu hosp rate change,1,2025-05-31,42,pmf,decrease,0.412
2025-05-24,wk flu hosp rate change,1,2025-05-31,42,pmf,large_decrease,0.001
2025-05-24,wk flu hosp rate change,2,2025-06-07,42,pmf,stable,0.4150000000000002
2025-05-24,wk flu hosp rate change,2,2025-06-07,42,pmf,increase,0.175
2025-05-24,wk flu hosp rate change,2,2025-06-07,42,pmf,large_increase,0.001
2025-05-24,wk flu hosp rate change,2,2025-06-07,42,pmf,decrease,0.408
2025-05-24,wk flu hosp rate change,2,2025-06-07,42,pmf,large_decrease,0.001
2025-05-24,wk flu hosp rate change,3,2025-06-14,42,pmf,stable,0.532
2025-05-24,wk flu hosp rate change,3,2025-06-14,42,pmf,increase,0.129
2025-05-24,wk flu hosp rate change,3,2025-06-14,42,pmf,large_increase,0.001
2025-05-24,wk flu hosp rate change,3,2025-06-14,42,pmf,decrease,0.337
2025-05-24,wk flu hosp rate change,3,2025-06-14,42,pmf,large_decrease,0.001
2025-05-24,wk flu hosp rate change,0,2025-05-24,44,pmf,stable,0.9070000000000003
2025-05-24,wk flu hosp rate change,0,2025-05-24,44,pmf,increase,0.09
2025-05-24,wk flu hosp rate change,0,2025-05-24,44,pmf,large_increase,0.001
2025-05-24,wk flu hosp rate change,0,2025-05-24,44,pmf,decrease,0.001
2025-05-24,wk flu hosp rate change,0,2025-05-24,44,pmf,large_decrease,0.001
2025-05-24,wk flu hosp rate change,1,2025-05-31,44,pmf,stable,0.9410000000000004
2025-05-24,wk flu hosp rate change,1,2025-05-31,44,pmf,increase,0.056
2025-05-24,wk flu hosp rate change,1,2025-05-31,44,pmf,large_increase,0.001
2025-05-24,wk flu hosp rate change,1,2025-05-31,44,pmf,decrease,0.001
2025-05-24,wk flu hosp rate change,1,2025-05-31,44,pmf,large_decrease,0.001
2025-05-24,wk flu hosp rate change,2,2025-06-07,44,pmf,stable,0.9770000000000003
2025-05-24,wk flu hosp rate change,2,2025-06-07,44,pmf,increase,0.02
2025-05-24,wk flu hosp rate change,2,2025-06-07,44,pmf,large_increase,0.001
2025-05-24,wk flu hosp rate change,2,2025-06-07,44,pmf,decrease,0.001
2025-05-24,wk flu hosp rate change,2,2025-06-07,44,pmf,large_decrease,0.001
2025-05-24,wk flu hosp rate change,3,2025-06-14,44,pmf,stable,0.9910000000000003
2025-05-24,wk flu hosp rate change,3,2025-06-14,44,pmf,increase,0.006
2025-05-24,wk flu hosp rate change,3,2025-06-14,44,pmf,large_increase,0.001
2025-05-24,wk flu hosp rate change,3,2025-06-14,44,pmf,decrease,0.001
2025-05-24,wk flu hosp rate change,3,2025-06-14,44,pmf,large_decrease,0.001
2025-05-24,wk flu hosp rate change,0,2025-05-24,45,pmf,stable,0.9570000000000003
2025-05-24,wk flu hosp rate change,0,2025-05-24,45,pmf,increase,0.04
2025-05-24,wk flu hosp rate change,0,2025-05-24,45,pmf,large_increase,0.001
2025-05-24,wk flu hosp rate change,0,2025-05-24,45,pmf,decrease,0.001
2025-05-24,wk flu hosp rate change,0,2025-05-24,45,pmf,large_decrease,0.001
2025-05-24,wk flu hosp rate change,1,2025-05-31,45,pmf,stable,0.9800000000000003
2025-05-24,wk flu hosp rate change,1,2025-05-31,45,pmf,increase,0.017
2025-05-24,wk flu hosp rate change,1,2025-05-31,45,pmf,large_increase,0.001
2025-05-24,wk flu hosp rate change,1,2025-05-31,45,pmf,decrease,0.001
2025-05-24,wk flu hosp rate change,1,2025-05-31,45,pmf,large_decrease,0.001
2025-05-24,wk flu hosp rate change,2,2025-06-07,45,pmf,stable,0.9940000000000003
2025-05-24,wk flu hosp rate change,2,2025-06-07,45,pmf,increase,0.003
2025-05-24,wk flu hosp rate change,2,2025-06-07,45,pmf,large_increase,0.001
2025-05-24,wk flu hosp rate change,2,2025-06-07,45,pmf,decrease,0.001
2025-05-24,wk flu hosp rate change,2,2025-06-07,45,pmf,large_decrease,0.001
2025-05-24,wk flu hosp rate change,3,2025-06-14,45,pmf,stable,0.9930000000000003
2025-05-24,wk flu hosp rate change,3,2025-06-14,45,pmf,increase,0.004
2025-05-24,wk flu hosp rate change,3,2025-06-14,45,pmf,large_increase,0.001
2025-05-24,wk flu hosp rate change,3,2025-06-14,45,pmf,decrease,0.001
2025-05-24,wk flu hosp rate change,3,2025-06-14,45,pmf,large_decrease,0.001
2025-05-24,wk flu hosp rate change,0,2025-05-24,46,pmf,stable,0.21600000000000008
2025-05-24,wk flu hosp rate change,0,2025-05-24,46,pmf,increase,0.31
2025-05-24,wk flu hosp rate change,0,2025-05-24,46,pmf,large_increase,0.038
2025-05-24,wk flu hosp rate change,0,2025-05-24,46,pmf,decrease,0.435
2025-05-24,wk flu hosp rate change,0,2025-05-24,46,pmf,large_decrease,0.001
2025-05-24,wk flu hosp rate change,1,2025-05-31,46,pmf,stable,0.29100000000000037
2025-05-24,wk flu hosp rate change,1,2025-05-31,46,pmf,increase,0.325
2025-05-24,wk flu hosp rate change,1,2025-05-31,46,pmf,large_increase,0.023
2025-05-24,wk flu hosp rate change,1,2025-05-31,46,pmf,decrease,0.36
2025-05-24,wk flu hosp rate change,1,2025-05-31,46,pmf,large_decrease,0.001
2025-05-24,wk flu hosp rate change,2,2025-06-07,46,pmf,stable,0.6660000000000003
2025-05-24,wk flu hosp rate change,2,2025-06-07,46,pmf,increase,0.318
2025-05-24,wk flu hosp rate change,2,2025-06-07,46,pmf,large_increase,0.014
2025-05-24,wk flu hosp rate change,2,2025-06-07,46,pmf,decrease,0.001
2025-05-24,wk flu hosp rate change,2,2025-06-07,46,pmf,large_decrease,0.001
2025-05-24,wk flu hosp rate change,3,2025-06-14,46,pmf,stable,0.7070000000000001
2025-05-24,wk flu hosp rate change,3,2025-06-14,46,pmf,increase,0.279
2025-05-24,wk flu hosp rate change,3,2025-06-14,46,pmf,large_increase,0.012
2025-05-24,wk flu hosp rate change,3,2025-06-14,46,pmf,decrease,0.001
2025-05-24,wk flu hosp rate change,3,2025-06-14,46,pmf,large_decrease,0.001
2025-05-24,wk flu hosp rate change,0,2025-05-24,47,pmf,stable,0.7020000000000002
2025-05-24,wk flu hosp rate change,0,2025-05-24,47,pmf,increase,0.136
2025-05-24,wk flu hosp rate change,0,2025-05-24,47,pmf,large_increase,0.001
2025-05-24,wk flu hosp rate change,0,2025-05-24,47,pmf,decrease,0.16
2025-05-24,wk flu hosp rate change,0,2025-05-24,47,pmf,large_decrease,0.001
2025-05-24,wk flu hosp rate change,1,2025-05-31,47,pmf,stable,0.7270000000000002
2025-05-24,wk flu hosp rate change,1,2025-05-31,47,pmf,increase,0.11
2025-05-24,wk flu hosp rate change,1,2025-05-31,47,pmf,large_increase,0.001
2025-05-24,wk flu hosp rate change,1,2025-05-31,47,pmf,decrease,0.161
2025-05-24,wk flu hosp rate change,1,2025-05-31,47,pmf,large_decrease,0.001
2025-05-24,wk flu hosp rate change,2,2025-06-07,47,pmf,stable,0.9280000000000004
2025-05-24,wk flu hosp rate change,2,2025-06-07,47,pmf,increase,0.069
2025-05-24,wk flu hosp rate change,2,2025-06-07,47,pmf,large_increase,0.001
2025-05-24,wk flu hosp rate change,2,2025-06-07,47,pmf,decrease,0.001
2025-05-24,wk flu hosp rate change,2,2025-06-07,47,pmf,large_decrease,0.001
2025-05-24,wk flu hosp rate change,3,2025-06-14,47,pmf,stable,0.9730000000000003
2025-05-24,wk flu hosp rate change,3,2025-06-14,47,pmf,increase,0.024
2025-05-24,wk flu hosp rate change,3,2025-06-14,47,pmf,large_increase,0.001
2025-05-24,wk flu hosp rate change,3,2025-06-14,47,pmf,decrease,0.001
2025-05-24,wk flu hosp rate change,3,2025-06-14,47,pmf,large_decrease,0.001
2025-05-24,wk flu hosp rate change,0,2025-05-24,48,pmf,stable,0.5080000000000002
2025-05-24,wk flu hosp rate change,0,2025-05-24,48,pmf,increase,0.25
2025-05-24,wk flu hosp rate change,0,2025-05-24,48,pmf,large_increase,0.001
2025-05-24,wk flu hosp rate change,0,2025-05-24,48,pmf,decrease,0.24
2025-05-24,wk flu hosp rate change,0,2025-05-24,48,pmf,large_decrease,0.001
2025-05-24,wk flu hosp rate change,1,2025-05-31,48,pmf,stable,0.5170000000000002
2025-05-24,wk flu hosp rate change,1,2025-05-31,48,pmf,increase,0.24
2025-05-24,wk flu hosp rate change,1,2025-05-31,48,pmf,large_increase,0.001
2025-05-24,wk flu hosp rate change,1,2025-05-31,48,pmf,decrease,0.241
2025-05-24,wk flu hosp rate change,1,2025-05-31,48,pmf,large_decrease,0.001
2025-05-24,wk flu hosp rate change,2,2025-06-07,48,pmf,stable,0.7940000000000004
2025-05-24,wk flu hosp rate change,2,2025-06-07,48,pmf,increase,0.203
2025-05-24,wk flu hosp rate change,2,2025-06-07,48,pmf,large_increase,0.001
2025-05-24,wk flu hosp rate change,2,2025-06-07,48,pmf,decrease,0.001
2025-05-24,wk flu hosp rate change,2,2025-06-07,48,pmf,large_decrease,0.001
2025-05-24,wk flu hosp rate change,3,2025-06-14,48,pmf,stable,0.8890000000000003
2025-05-24,wk flu hosp rate change,3,2025-06-14,48,pmf,increase,0.108
2025-05-24,wk flu hosp rate change,3,2025-06-14,48,pmf,large_increase,0.001
2025-05-24,wk flu hosp rate change,3,2025-06-14,48,pmf,decrease,0.001
2025-05-24,wk flu hosp rate change,3,2025-06-14,48,pmf,large_decrease,0.001
2025-05-24,wk flu hosp rate change,0,2025-05-24,49,pmf,stable,0.4830000000000001
2025-05-24,wk flu hosp rate change,0,2025-05-24,49,pmf,increase,0.291
2025-05-24,wk flu hosp rate change,0,2025-05-24,49,pmf,large_increase,0.003
2025-05-24,wk flu hosp rate change,0,2025-05-24,49,pmf,decrease,0.222
2025-05-24,wk flu hosp rate change,0,2025-05-24,49,pmf,large_decrease,0.001
2025-05-24,wk flu hosp rate change,1,2025-05-31,49,pmf,stable,0.6800000000000003
2025-05-24,wk flu hosp rate change,1,2025-05-31,49,pmf,increase,0.314
2025-05-24,wk flu hosp rate change,1,2025-05-31,49,pmf,large_increase,0.004
2025-05-24,wk flu hosp rate change,1,2025-05-31,49,pmf,decrease,0.001
2025-05-24,wk flu hosp rate change,1,2025-05-31,49,pmf,large_decrease,0.001
2025-05-24,wk flu hosp rate change,2,2025-06-07,49,pmf,stable,0.7000000000000002
2025-05-24,wk flu hosp rate change,2,2025-06-07,49,pmf,increase,0.296
2025-05-24,wk flu hosp rate change,2,2025-06-07,49,pmf,large_increase,0.002
2025-05-24,wk flu hosp rate change,2,2025-06-07,49,pmf,decrease,0.001
2025-05-24,wk flu hosp rate change,2,2025-06-07,49,pmf,large_decrease,0.001
2025-05-24,wk flu hosp rate change,3,2025-06-14,49,pmf,stable,0.7750000000000004
2025-05-24,wk flu hosp rate change,3,2025-06-14,49,pmf,increase,0.222
2025-05-24,wk flu hosp rate change,3,2025-06-14,49,pmf,large_increase,0.001
2025-05-24,wk flu hosp rate change,3,2025-06-14,49,pmf,decrease,0.001
2025-05-24,wk flu hosp rate change,3,2025-06-14,49,pmf,large_decrease,0.001
2025-05-24,wk flu hosp rate change,0,2025-05-24,50,pmf,stable,0.17299999999999982
2025-05-24,wk flu hosp rate change,0,2025-05-24,50,pmf,increase,0.271
2025-05-24,wk flu hosp rate change,0,2025-05-24,50,pmf,large_increase,0.09
2025-05-24,wk flu hosp rate change,0,2025-05-24,50,pmf,decrease,0.465
2025-05-24,wk flu hosp rate change,0,2025-05-24,50,pmf,large_decrease,0.001
2025-05-24,wk flu hosp rate change,1,2025-05-31,50,pmf,stable,0.5830000000000002
2025-05-24,wk flu hosp rate change,1,2025-05-31,50,pmf,increase,0.342
2025-05-24,wk flu hosp rate change,1,2025-05-31,50,pmf,large_increase,0.073
2025-05-24,wk flu hosp rate change,1,2025-05-31,50,pmf,decrease,0.001
2025-05-24,wk flu hosp rate change,1,2025-05-31,50,pmf,large_decrease,0.001
2025-05-24,wk flu hosp rate change,2,2025-06-07,50,pmf,stable,0.5880000000000003
2025-05-24,wk flu hosp rate change,2,2025-06-07,50,pmf,increase,0.343
2025-05-24,wk flu hosp rate change,2,2025-06-07,50,pmf,large_increase,0.067
2025-05-24,wk flu hosp rate change,2,2025-06-07,50,pmf,decrease,0.001
2025-05-24,wk flu hosp rate change,2,2025-06-07,50,pmf,large_decrease,0.001
2025-05-24,wk flu hosp rate change,3,2025-06-14,50,pmf,stable,0.6270000000000002
2025-05-24,wk flu hosp rate change,3,2025-06-14,50,pmf,increase,0.333
2025-05-24,wk flu hosp rate change,3,2025-06-14,50,pmf,large_increase,0.038
2025-05-24,wk flu hosp rate change,3,2025-06-14,50,pmf,decrease,0.001
2025-05-24,wk flu hosp rate change,3,2025-06-14,50,pmf,large_decrease,0.001
2025-05-24,wk flu hosp rate change,0,2025-05-24,51,pmf,stable,0.9730000000000003
2025-05-24,wk flu hosp rate change,0,2025-05-24,51,pmf,increase,0.024
2025-05-24,wk flu hosp rate change,0,2025-05-24,51,pmf,large_increase,0.001
2025-05-24,wk flu hosp rate change,0,2025-05-24,51,pmf,decrease,0.001
2025-05-24,wk flu hosp rate change,0,2025-05-24,51,pmf,large_decrease,0.001
2025-05-24,wk flu hosp rate change,1,2025-05-31,51,pmf,stable,0.9880000000000003
2025-05-24,wk flu hosp rate change,1,2025-05-31,51,pmf,increase,0.009
2025-05-24,wk flu hosp rate change,1,2025-05-31,51,pmf,large_increase,0.001
2025-05-24,wk flu hosp rate change,1,2025-05-31,51,pmf,decrease,0.001
2025-05-24,wk flu hosp rate change,1,2025-05-31,51,pmf,large_decrease,0.001
2025-05-24,wk flu hosp rate change,2,2025-06-07,51,pmf,stable,0.9960000000000003
2025-05-24,wk flu hosp rate change,2,2025-06-07,51,pmf,increase,0.001
2025-05-24,wk flu hosp rate change,2,2025-06-07,51,pmf,large_increase,0.001
2025-05-24,wk flu hosp rate change,2,2025-06-07,51,pmf,decrease,0.001
2025-05-24,wk flu hosp rate change,2,2025-06-07,51,pmf,large_decrease,0.001
2025-05-24,wk flu hosp rate change,3,2025-06-14,51,pmf,stable,0.9960000000000004
2025-05-24,wk flu hosp rate change,3,2025-06-14,51,pmf,increase,0.001
2025-05-24,wk flu hosp rate change,3,2025-06-14,51,pmf,large_increase,0.001
2025-05-24,wk flu hosp rate change,3,2025-06-14,51,pmf,decrease,0.001
2025-05-24,wk flu hosp rate change,3,2025-06-14,51,pmf,large_decrease,0.001
2025-05-24,wk flu hosp rate change,0,2025-05-24,53,pmf,stable,0.9610000000000003
2025-05-24,wk flu hosp rate change,0,2025-05-24,53,pmf,increase,0.036
2025-05-24,wk flu hosp rate change,0,2025-05-24,53,pmf,large_increase,0.001
2025-05-24,wk flu hosp rate change,0,2025-05-24,53,pmf,decrease,0.001
2025-05-24,wk flu hosp rate change,0,2025-05-24,53,pmf,large_decrease,0.001
2025-05-24,wk flu hosp rate change,1,2025-05-31,53,pmf,stable,0.9790000000000003
2025-05-24,wk flu hosp rate change,1,2025-05-31,53,pmf,increase,0.018
2025-05-24,wk flu hosp rate change,1,2025-05-31,53,pmf,large_increase,0.001
2025-05-24,wk flu hosp rate change,1,2025-05-31,53,pmf,decrease,0.001
2025-05-24,wk flu hosp rate change,1,2025-05-31,53,pmf,large_decrease,0.001
2025-05-24,wk flu hosp rate change,2,2025-06-07,53,pmf,stable,0.9860000000000003
2025-05-24,wk flu hosp rate change,2,2025-06-07,53,pmf,increase,0.011
2025-05-24,wk flu hosp rate change,2,2025-06-07,53,pmf,large_increase,0.001
2025-05-24,wk flu hosp rate change,2,2025-06-07,53,pmf,decrease,0.001
2025-05-24,wk flu hosp rate change,2,2025-06-07,53,pmf,large_decrease,0.001
2025-05-24,wk flu hosp rate change,3,2025-06-14,53,pmf,stable,0.9930000000000003
2025-05-24,wk flu hosp rate change,3,2025-06-14,53,pmf,increase,0.004
2025-05-24,wk flu hosp rate change,3,2025-06-14,53,pmf,large_increase,0.001
2025-05-24,wk flu hosp rate change,3,2025-06-14,53,pmf,decrease,0.001
2025-05-24,wk flu hosp rate change,3,2025-06-14,53,pmf,large_decrease,0.001
2025-05-24,wk flu hosp rate change,0,2025-05-24,54,pmf,stable,0.6590000000000003
2025-05-24,wk flu hosp rate change,0,2025-05-24,54,pmf,increase,0.29
2025-05-24,wk flu hosp rate change,0,2025-05-24,54,pmf,large_increase,0.049
2025-05-24,wk flu hosp rate change,0,2025-05-24,54,pmf,decrease,0.001
2025-05-24,wk flu hosp rate change,0,2025-05-24,54,pmf,large_decrease,0.001
2025-05-24,wk flu hosp rate change,1,2025-05-31,54,pmf,stable,0.6880000000000002
2025-05-24,wk flu hosp rate change,1,2025-05-31,54,pmf,increase,0.298
2025-05-24,wk flu hosp rate change,1,2025-05-31,54,pmf,large_increase,0.012
2025-05-24,wk flu hosp rate change,1,2025-05-31,54,pmf,decrease,0.001
2025-05-24,wk flu hosp rate change,1,2025-05-31,54,pmf,large_decrease,0.001
2025-05-24,wk flu hosp rate change,2,2025-06-07,54,pmf,stable,0.6810000000000003
2025-05-24,wk flu hosp rate change,2,2025-06-07,54,pmf,increase,0.312
2025-05-24,wk flu hosp rate change,2,2025-06-07,54,pmf,large_increase,0.005
2025-05-24,wk flu hosp rate change,2,2025-06-07,54,pmf,decrease,0.001
2025-05-24,wk flu hosp rate change,2,2025-06-07,54,pmf,large_decrease,0.001
2025-05-24,wk flu hosp rate change,3,2025-06-14,54,pmf,stable,0.7580000000000002
2025-05-24,wk flu hosp rate change,3,2025-06-14,54,pmf,increase,0.239
2025-05-24,wk flu hosp rate change,3,2025-06-14,54,pmf,large_increase,0.001
2025-05-24,wk flu hosp rate change,3,2025-06-14,54,pmf,decrease,0.001
2025-05-24,wk flu hosp rate change,3,2025-06-14,54,pmf,large_decrease,0.001
2025-05-24,wk flu hosp rate change,0,2025-05-24,55,pmf,stable,0.5790000000000002
2025-05-24,wk flu hosp rate change,0,2025-05-24,55,pmf,increase,0.21
2025-05-24,wk flu hosp rate change,0,2025-05-24,55,pmf,large_increase,0.209
2025-05-24,wk flu hosp rate change,0,2025-05-24,55,pmf,decrease,0.001
2025-05-24,wk flu hosp rate change,0,2025-05-24,55,pmf,large_decrease,0.001
2025-05-24,wk flu hosp rate change,1,2025-05-31,55,pmf,stable,0.5450000000000003
2025-05-24,wk flu hosp rate change,1,2025-05-31,55,pmf,increase,0.332
2025-05-24,wk flu hosp rate change,1,2025-05-31,55,pmf,large_increase,0.121
2025-05-24,wk flu hosp rate change,1,2025-05-31,55,pmf,decrease,0.001
2025-05-24,wk flu hosp rate change,1,2025-05-31,55,pmf,large_decrease,0.001
2025-05-24,wk flu hosp rate change,2,2025-06-07,55,pmf,stable,0.5170000000000002
2025-05-24,wk flu hosp rate change,2,2025-06-07,55,pmf,increase,0.373
2025-05-24,wk flu hosp rate change,2,2025-06-07,55,pmf,large_increase,0.108
2025-05-24,wk flu hosp rate change,2,2025-06-07,55,pmf,decrease,0.001
2025-05-24,wk flu hosp rate change,2,2025-06-07,55,pmf,large_decrease,0.001
2025-05-24,wk flu hosp rate change,3,2025-06-14,55,pmf,stable,0.5680000000000002
2025-05-24,wk flu hosp rate change,3,2025-06-14,55,pmf,increase,0.371
2025-05-24,wk flu hosp rate change,3,2025-06-14,55,pmf,large_increase,0.059
2025-05-24,wk flu hosp rate change,3,2025-06-14,55,pmf,decrease,0.001
2025-05-24,wk flu hosp rate change,3,2025-06-14,55,pmf,large_decrease,0.001
2025-05-24,wk flu hosp rate change,0,2025-05-24,56,pmf,stable,0.3250000000000003
2025-05-24,wk flu hosp rate change,0,2025-05-24,56,pmf,increase,0.287
2025-05-24,wk flu hosp rate change,0,2025-05-24,56,pmf,large_increase,0.005
2025-05-24,wk flu hosp rate change,0,2025-05-24,56,pmf,decrease,0.382
2025-05-24,wk flu hosp rate change,0,2025-05-24,56,pmf,large_decrease,0.001
2025-05-24,wk flu hosp rate change,1,2025-05-31,56,pmf,stable,0.7200000000000004
2025-05-24,wk flu hosp rate change,1,2025-05-31,56,pmf,increase,0.277
2025-05-24,wk flu hosp rate change,1,2025-05-31,56,pmf,large_increase,0.001
2025-05-24,wk flu hosp rate change,1,2025-05-31,56,pmf,decrease,0.001
2025-05-24,wk flu hosp rate change,1,2025-05-31,56,pmf,large_decrease,0.001
2025-05-24,wk flu hosp rate change,2,2025-06-07,56,pmf,stable,0.7400000000000003
2025-05-24,wk flu hosp rate change,2,2025-06-07,56,pmf,increase,0.257
2025-05-24,wk flu hosp rate change,2,2025-06-07,56,pmf,large_increase,0.001
2025-05-24,wk flu hosp rate change,2,2025-06-07,56,pmf,decrease,0.001
2025-05-24,wk flu hosp rate change,2,2025-06-07,56,pmf,large_decrease,0.001
2025-05-24,wk flu hosp rate change,3,2025-06-14,56,pmf,stable,0.8040000000000004
2025-05-24,wk flu hosp rate change,3,2025-06-14,56,pmf,increase,0.193
2025-05-24,wk flu hosp rate change,3,2025-06-14,56,pmf,large_increase,0.001
2025-05-24,wk flu hosp rate change,3,2025-06-14,56,pmf,decrease,0.001
2025-05-24,wk flu hosp rate change,3,2025-06-14,56,pmf,large_decrease,0.001
2025-05-24,wk flu hosp rate change,0,2025-05-24,72,pmf,stable,0.0530000000000001
2025-05-24,wk flu hosp rate change,0,2025-05-24,72,pmf,increase,0.126
2025-05-24,wk flu hosp rate change,0,2025-05-24,72,pmf,large_increase,0.292
2025-05-24,wk flu hosp rate change,0,2025-05-24,72,pmf,decrease,0.129
2025-05-24,wk flu hosp rate change,0,2025-05-24,72,pmf,large_decrease,0.4
2025-05-24,wk flu hosp rate change,1,2025-05-31,72,pmf,stable,0.071
2025-05-24,wk flu hosp rate change,1,2025-05-31,72,pmf,increase,0.136
2025-05-24,wk flu hosp rate change,1,2025-05-31,72,pmf,large_increase,0.242
2025-05-24,wk flu hosp rate change,1,2025-05-31,72,pmf,decrease,0.186
2025-05-24,wk flu hosp rate change,1,2025-05-31,72,pmf,large_decrease,0.365
2025-05-24,wk flu hosp rate change,2,2025-06-07,72,pmf,stable,0.089
2025-05-24,wk flu hosp rate change,2,2025-06-07,72,pmf,increase,0.156
2025-05-24,wk flu hosp rate change,2,2025-06-07,72,pmf,large_increase,0.221
2025-05-24,wk flu hosp rate change,2,2025-06-07,72,pmf,decrease,0.248
2025-05-24,wk flu hosp rate change,2,2025-06-07,72,pmf,large_decrease,0.286
2025-05-24,wk flu hosp rate change,3,2025-06-14,72,pmf,stable,0.129
2025-05-24,wk flu hosp rate change,3,2025-06-14,72,pmf,increase,0.203
2025-05-24,wk flu hosp rate change,3,2025-06-14,72,pmf,large_increase,0.211
2025-05-24,wk flu hosp rate change,3,2025-06-14,72,pmf,decrease,0.26
2025-05-24,wk flu hosp rate change,3,2025-06-14,72,pmf,large_decrease,0.197
2025-05-24,wk flu hosp rate change,0,2025-05-24,US,pmf,stable,0.9590000000000002
2025-05-24,wk flu hosp rate change,0,2025-05-24,US,pmf,increase,0.007
2025-05-24,wk flu hosp rate change,0,2025-05-24,US,pmf,large_increase,0.001
2025-05-24,wk flu hosp rate change,0,2025-05-24,US,pmf,decrease,0.032
2025-05-24,wk flu hosp rate change,0,2025-05-24,US,pmf,large_decrease,0.001
2025-05-24,wk flu hosp rate change,1,2025-05-31,US,pmf,stable,0.9950000000000003
2025-05-24,wk flu hosp rate change,1,2025-05-31,US,pmf,increase,0.002
2025-05-24,wk flu hosp rate change,1,2025-05-31,US,pmf,large_increase,0.001
2025-05-24,wk flu hosp rate change,1,2025-05-31,US,pmf,decrease,0.001
2025-05-24,wk flu hosp rate change,1,2025-05-31,US,pmf,large_decrease,0.001
2025-05-24,wk flu hosp rate change,2,2025-06-07,US,pmf,stable,0.9950000000000003
2025-05-24,wk flu hosp rate change,2,2025-06-07,US,pmf,increase,0.002
2025-05-24,wk flu hosp rate change,2,2025-06-07,US,pmf,large_increase,0.001
2025-05-24,wk flu hosp rate change,2,2025-06-07,US,pmf,decrease,0.001
2025-05-24,wk flu hosp rate change,2,2025-06-07,US,pmf,large_decrease,0.001
2025-05-24,wk flu hosp rate change,3,2025-06-14,US,pmf,stable,0.9960000000000004
2025-05-24,wk flu hosp rate change,3,2025-06-14,US,pmf,increase,0.001
2025-05-24,wk flu hosp rate change,3,2025-06-14,US,pmf,large_increase,0.001
2025-05-24,wk flu hosp rate change,3,2025-06-14,US,pmf,decrease,0.001
2025-05-24,wk flu hosp rate change,3,2025-06-14,US,pmf,large_decrease,0.001
